5,32,63,28,31,36,43,13,25,41,37,59,42,17,54,27,38,10,30,44,48,9,1,51,21,12,46,26,33,47,20,2,62,52,11,7,56,16,61,6,3,24,39,14,55,49,60,45,40,35,29,15,50,19,8,4,18,0,53,22,23,58,34,57
33,57,0,22,39,45,1,23,56,60,15,17,43,34,48,8,62,31,11,37,40,6,5,9,3,16,28,50,24,55,61,41,30,44,18,38,25,13,42,36,20,2,12,52,35,4,54,58,26,59,46,14,7,21,29,63,49,10,53,32,27,47,19,51
6,24,60,46,37,45,32,27,59,35,41,48,50,52,57,8,31,47,42,38,34,17,44,54,5,15,43,18,16,11,62,58,19,10,20,9,0,61,23,55,49,22,63,4,12,25,51,39,29,30,33,2,56,1,21,3,28,53,13,40,14,26,36,7
11,2,43,0,55,28,15,14,34,21,54,62,13,50,10,41,7,30,23,37,5,8,12,57,22,63,36,40,17,48,52,49,59,46,38,9,25,47,39,26,29,58,61,56,53,19,24,31,6,35,44,33,32,4,51,3,18,20,60,16,1,27,45,42
52,0,9,17,4,6,10,12,49,32,25,2,24,13,7,39,34,60,5,55,51,41,46,20,48,42,3,56,11,53,50,63,30,29,45,19,62,38,1,57,27,35,16,14,15,26,37,22,59,33,23,36,43,31,44,8,21,54,18,61,47,40,58,28
53,60,56,14,52,9,40,36,46,28,4,3,39,33,44,7,27,41,10,45,58,13,61,11,48,18,29,25,47,15,1,38,54,62,51,31,34,23,20,35,6,22,17,63,8,42,12,55,37,2,24,59,50,30,57,26,5,21,19,32,0,49,16,43
2,8,31,29,56,7,40,35,44,26,20,25,45,33,57,39,6,63,55,21,15,5,50,53,48,19,42,61,1,4,34,62,16,60,36,51,12,52,22,32,47,14,13,30,3,59,27,54,43,24,38,17,23,58,0,37,9,18,28,11,10,41,46,49
48,14,42,9,21,54,61,35,8,22,49,24,56,33,43,63,28,7,12,37,4,15,40,46,6,31,17,30,25,16,50,38,55,44,20,10,11,5,2,23,36,26,51,52,45,29,41,39,18,32,53,60,62,19,58,27,3,47,0,13,1,57,59,34
42,11,50,31,36,16,3,9,24,1,5,6,28,12,27,22,4,51,52,23,48,25,15,26,41,18,47,13,54,46,34,49,45,35,58,21,37,55,53,60,39,2,56,44,59,14,57,29,10,40,0,20,62,17,30,7,19,33,63,32,38,61,43,8
49,26,36,28,22,48,6,8,59,3,32,57,21,47,15,45,4,13,34,9,63,52,18,27,30,5,38,56,31,43,44,19,61,62,10,12,54,23,40,24,35,53,29,7,41,60,58,51,42,39,2,14,1,11,25,0,55,33,16,46,17,37,20,50
25,11,45,63,5,31,30,43,14,20,57,51,34,23,12,53,59,3,60,21,6,49,19,2,44,38,42,36,13,37,58,27,61,62,33,15,9,10,50,55,24,22,17,26,40,48,16,18,41,28,0,7,8,39,32,54,47,46,52,29,35,56,4,1
41,33,42,38,24,16,15,18,45,6,22,44,25,59,51,55,53,39,54,58,26,4,34,27,11,47,2,35,20,13,36,46,57,50,28,21,40,30,17,19,9,62,52,10,48,60,12,14,63,61,0,7,23,3,1,29,8,43,56,31,5,32,49,37
48,31,51,13,44,23,7,21,33,54,24,32,6,18,22,37,58,29,5,11,46,50,59,30,16,34,53,12,14,40,1,41,3,25,19,57,15,61,63,2,27,56,60,38,42,45,52,49,47,43,55,26,28,20,4,0,35,9,17,10,62,8,39,36
30,55,11,43,41,26,47,61,16,60,57,6,8,7,4,0,9,46,40,19,27,2,31,44,45,62,63,3,29,21,38,49,15,23,59,58,5,53,37,33,12,10,36,28,42,39,56,22,14,52,54,18,17,24,51,35,32,13,20,48,25,50,1,34
30,35,26,63,25,32,7,46,53,61,31,27,9,50,51,37,24,43,2,22,39,12,13,23,15,33,36,40,4,14,45,57,59,8,44,62,28,34,20,5,11,0,6,48,16,10,38,60,18,29,1,19,56,47,58,41,42,49,3,55,21,54,17,52
47,52,29,30,49,45,37,53,32,50,44,24,13,26,1,51,58,31,15,42,18,12,41,20,3,63,0,6,62,35,11,54,46,48,40,2,38,10,55,5,60,36,4,33,61,43,16,34,23,56,22,27,8,7,59,28,14,21,19,39,17,57,9,25
59,50,48,37,5,20,27,41,0,12,4,36,42,2,56,29,3,38,6,9,34,43,21,54,13,44,22,57,18,49,23,51,45,8,7,31,30,1,52,10,17,25,53,60,14,15,33,55,61,39,62,46,24,26,63,40,58,35,47,19,16,11,32,28
9,17,20,57,44,51,58,55,63,21,7,0,15,36,40,12,4,32,24,53,1,8,11,45,18,48,6,50,39,54,34,31,52,16,25,22,19,60,43,5,2,37,46,13,3,42,33,30,27,35,29,62,41,23,38,10,47,26,49,56,28,59,61,14
13,53,0,49,33,36,40,31,12,34,26,29,47,22,63,30,2,42,56,28,57,59,38,44,3,35,6,51,46,62,58,14,4,23,10,20,32,21,45,17,16,19,50,54,39,7,43,24,25,52,9,5,37,55,18,61,41,27,1,11,60,8,15,48
4,22,58,55,2,12,46,8,25,51,37,52,44,35,61,5,23,0,47,11,53,21,29,31,60,27,6,18,24,54,43,63,39,17,33,28,16,34,15,36,19,32,48,62,50,9,42,40,45,30,13,10,14,1,26,3,38,56,7,57,41,49,20,59
36,22,27,63,6,58,53,16,20,44,15,41,21,7,0,46,34,5,23,40,42,8,50,26,25,28,37,13,62,9,30,1,4,18,60,3,32,61,24,48,19,52,56,49,11,14,43,51,17,29,10,2,45,31,47,33,38,54,39,59,35,57,12,55
4,45,54,5,30,14,0,44,36,6,51,55,35,1,63,24,9,11,32,57,19,17,40,10,59,21,49,20,58,7,56,41,16,52,8,2,13,26,39,43,33,42,3,61,46,18,60,29,28,34,37,12,62,22,25,48,27,38,31,47,50,15,23,53
60,21,41,49,10,12,0,4,24,36,11,58,32,42,25,33,34,5,8,57,14,50,63,35,13,59,17,43,28,26,51,2,52,55,39,31,15,19,3,48,29,18,47,61,9,7,22,46,54,6,40,1,23,37,27,62,20,16,38,44,30,45,56,53
17,10,32,47,31,35,6,52,4,16,24,39,51,29,20,30,15,18,62,56,9,14,1,50,34,63,46,23,33,58,13,48,40,27,3,7,19,0,2,28,57,5,45,21,61,37,12,43,38,54,60,36,44,41,49,8,11,22,26,53,42,25,59,55
12,13,0,29,30,21,7,56,22,54,4,31,43,15,44,41,37,55,62,17,42,60,45,32,23,53,39,8,61,25,18,36,20,34,9,52,48,24,1,5,10,46,28,2,51,50,40,19,14,33,11,47,63,49,35,26,58,38,59,6,57,27,16,3
63,50,6,27,25,0,62,30,32,57,16,9,19,60,33,34,15,49,3,12,20,28,44,58,40,7,41,23,4,52,56,26,11,10,59,55,46,51,14,35,61,31,29,13,39,38,8,17,54,36,24,48,47,45,18,37,53,22,42,1,5,43,2,21
46,6,57,40,43,28,3,8,54,1,42,30,55,36,32,22,31,48,15,45,58,50,53,34,27,7,14,26,29,33,39,63,51,4,2,5,62,13,0,38,10,35,9,44,56,25,59,18,12,24,41,52,23,47,60,49,21,11,37,20,61,17,19,16
12,4,7,29,50,34,33,31,1,17,20,9,60,3,63,62,0,15,27,41,48,32,8,36,2,11,53,10,19,49,54,57,18,16,51,35,6,47,45,59,42,37,52,24,14,39,55,44,58,26,22,23,61,46,21,40,5,38,56,25,43,13,28,30
33,12,32,9,43,40,45,15,44,34,61,28,22,42,55,31,24,13,57,16,5,59,0,27,46,53,56,19,47,48,62,39,36,2,21,3,37,17,29,30,49,23,1,52,63,8,60,7,54,4,38,26,20,51,6,50,11,41,58,18,14,25,10,35
47,35,50,52,7,40,12,31,56,4,17,20,48,53,9,21,22,30,2,25,33,59,54,1,3,60,19,37,43,63,23,29,42,57,61,32,16,10,55,36,18,58,39,28,6,51,46,26,41,14,15,44,38,0,45,11,8,27,62,24,34,13,5,49
58,9,19,59,46,55,0,21,50,36,54,18,37,33,2,44,52,13,38,12,32,40,27,43,49,23,29,5,20,24,4,45,62,6,56,57,42,1,47,25,61,16,8,30,22,34,10,39,31,26,17,11,63,60,48,15,53,28,3,41,35,7,14,51
3,4,25,9,7,24,50,35,55,63,43,18,54,34,62,56,48,14,41,16,49,30,15,20,42,40,2,38,39,58,45,32,60,17,8,5,46,12,1,13,33,6,19,23,61,26,28,52,0,11,47,51,37,27,29,10,31,57,53,22,36,59,44,21
19,25,54,62,28,46,39,29,5,2,37,49,48,24,40,23,63,51,22,60,52,59,30,7,10,34,31,21,50,58,38,36,43,18,33,57,27,26,15,61,9,3,0,32,12,16,47,6,4,41,56,20,44,55,13,1,45,11,42,8,53,14,35,17
48,25,55,10,17,15,5,9,20,2,39,26,13,46,24,3,47,11,28,33,59,1,44,18,14,29,6,57,32,62,31,58,52,63,40,30,23,0,12,27,36,49,35,50,41,16,54,4,43,61,19,45,22,21,42,60,53,56,7,8,34,37,38,51
7,5,45,37,55,20,51,52,60,58,14,33,6,21,9,34,3,44,22,62,41,27,31,28,24,63,15,59,12,0,50,39,35,38,56,16,49,18,29,10,17,61,57,4,36,8,53,47,30,43,42,25,32,11,48,46,23,13,19,54,1,2,26,40
44,24,19,1,27,61,32,54,2,39,55,5,37,34,41,22,21,47,3,13,25,36,60,26,51,59,11,29,58,38,45,42,40,48,8,20,62,49,31,12,35,56,53,33,43,28,7,14,18,30,6,0,17,9,23,63,10,50,46,16,57,52,4,15
28,9,14,50,12,15,59,25,1,51,58,31,18,19,11,60,36,26,16,5,17,20,22,32,48,40,23,24,27,29,35,41,37,63,2,55,8,7,0,38,53,42,61,43,21,54,3,30,4,52,57,33,62,56,10,46,39,47,34,49,6,45,13,44
5,12,4,44,45,38,18,24,10,48,49,3,60,34,54,14,61,43,36,63,19,9,56,17,20,55,32,0,22,7,16,8,26,29,58,27,39,52,40,53,51,35,47,33,15,37,6,42,57,31,28,46,21,50,62,25,2,13,1,41,59,11,23,30
38,50,45,0,1,62,24,59,61,5,29,42,35,25,14,31,27,33,15,49,43,11,48,23,6,34,12,26,54,30,47,28,39,51,58,44,9,21,32,4,60,22,17,40,63,18,52,57,20,16,19,53,7,46,56,3,41,2,13,37,36,8,55,10
57,14,44,12,20,36,29,16,58,52,47,5,13,53,6,41,51,10,59,17,8,21,61,46,28,43,35,30,38,56,0,33,45,32,48,50,19,2,23,9,37,24,34,18,15,60,62,4,54,1,39,27,63,42,49,11,3,7,40,26,55,31,22,25
54,60,39,15,62,29,61,56,18,47,59,46,38,22,21,12,24,33,9,49,1,6,5,2,19,0,7,27,20,28,11,63,30,16,17,55,25,43,31,42,32,10,35,14,51,13,50,52,34,53,57,44,37,45,40,8,36,4,48,26,41,23,58,3
27,13,17,50,35,0,29,52,20,22,33,21,47,2,23,6,12,53,19,55,59,28,61,26,63,25,5,43,51,38,8,41,1,48,14,24,39,32,62,34,36,37,7,40,11,45,54,56,18,31,57,58,42,60,49,16,30,3,46,44,4,10,9,15
43,34,25,23,41,31,53,26,46,12,29,47,51,44,45,8,42,61,62,27,28,1,39,10,2,0,56,4,6,40,3,7,38,60,35,21,20,11,32,19,52,15,33,30,9,59,55,57,37,48,18,63,54,13,49,17,58,24,22,16,36,50,5,14
62,38,53,54,10,45,51,28,36,60,1,22,58,15,44,5,37,33,30,6,61,39,24,19,14,47,63,42,55,50,21,18,11,34,3,32,56,40,12,4,49,35,29,13,31,9,0,41,26,52,48,20,43,2,8,46,16,23,57,59,27,17,7,25
12,36,60,35,2,41,39,17,51,58,57,62,29,14,47,3,33,42,34,28,30,48,63,6,50,32,24,52,25,27,23,53,1,11,21,61,10,55,31,26,46,22,0,40,9,4,54,15,19,16,45,5,7,37,18,8,38,13,56,20,59,43,49,44
7,44,63,35,33,17,56,40,55,27,16,25,18,21,2,61,58,15,8,13,51,46,47,6,14,59,22,11,60,20,9,10,43,54,31,5,0,42,38,53,28,52,23,4,12,29,62,37,19,48,26,30,50,32,24,36,1,3,45,41,39,49,34,57
10,27,38,56,17,4,26,51,34,5,49,12,32,1,0,14,31,6,62,3,60,20,50,36,19,2,24,59,13,28,30,41,37,40,43,61,45,25,18,47,33,58,39,9,21,55,52,7,29,46,35,22,15,48,44,54,23,42,16,8,53,57,11,63
41,15,17,42,28,51,13,50,2,44,12,29,8,9,4,18,27,11,6,31,25,37,38,43,7,63,16,54,23,56,52,5,0,1,19,26,40,10,35,21,36,3,39,32,33,22,55,53,14,46,45,47,57,34,49,62,59,48,58,61,24,60,30,20
18,13,26,11,37,19,51,17,45,39,5,59,27,20,10,25,21,63,61,55,4,24,38,28,16,46,58,36,54,60,47,29,62,44,15,23,12,14,31,34,33,43,32,22,35,6,57,7,30,49,41,0,8,3,1,53,42,40,52,2,48,50,56,9
36,19,57,2,29,45,11,9,41,8,50,3,52,44,27,14,23,35,51,53,31,59,10,40,28,1,49,0,15,46,20,21,42,58,62,47,22,56,17,38,7,54,26,24,16,43,12,37,33,5,39,63,18,48,32,4,30,61,25,60,6,55,34,13
41,57,9,59,20,13,53,23,43,61,36,24,2,5,50,28,29,38,32,42,22,49,27,7,37,55,19,54,25,45,11,16,18,40,17,60,8,26,35,0,48,46,58,6,15,62,52,56,47,4,63,51,44,33,1,12,31,10,34,21,39,30,14,3
18,59,7,51,10,15,46,20,38,33,35,12,16,1,42,36,47,30,62,11,26,9,45,25,53,21,8,58,19,39,29,24,41,48,54,22,2,52,55,4,0,6,32,13,27,61,43,31,57,34,40,23,44,5,63,14,56,17,60,28,49,50,37,3
23,52,55,53,40,31,46,54,48,12,22,44,20,47,9,13,45,28,21,41,33,42,59,50,7,24,51,26,34,38,29,62,35,3,27,32,57,10,56,0,4,63,6,61,58,43,16,2,30,19,60,39,36,18,15,8,5,37,25,49,11,17,1,14
29,4,17,43,60,34,39,63,48,13,35,24,38,11,31,16,41,46,37,53,2,14,47,21,22,45,27,36,57,30,54,0,6,42,18,10,26,1,51,59,5,61,62,58,20,32,28,19,7,23,50,33,8,52,12,15,9,55,40,25,49,3,56,44
22,13,52,16,63,17,62,31,1,20,12,42,51,2,61,6,43,56,11,49,35,60,54,5,10,57,21,33,45,46,41,47,53,15,32,0,7,36,9,26,24,50,3,23,55,29,14,19,37,18,30,27,48,25,44,28,8,4,59,38,58,34,40,39
8,36,55,24,59,47,6,9,35,60,20,62,63,0,58,38,7,12,42,21,39,52,13,40,27,4,51,61,50,18,16,37,32,30,41,43,29,33,56,25,57,17,49,2,19,3,54,28,1,15,10,11,23,26,44,46,34,48,22,31,53,45,14,5
58,47,28,43,61,44,62,8,49,27,4,46,10,5,7,24,57,29,14,63,12,15,9,25,1,39,13,2,33,18,23,22,60,16,34,52,53,19,35,31,20,45,50,6,37,3,42,48,36,38,11,17,26,51,21,30,59,40,56,32,41,55,54,0
6,52,20,19,37,30,14,36,50,0,32,31,39,48,49,15,57,1,56,23,11,42,54,28,16,40,44,47,29,61,35,13,10,60,63,8,9,24,45,55,46,17,12,27,51,7,53,4,21,33,58,18,43,2,38,3,34,41,25,26,22,59,62,5
34,5,59,33,35,8,62,42,56,23,14,38,13,11,7,27,49,60,26,63,10,46,21,57,0,53,48,50,52,40,18,39,2,9,43,30,16,45,1,6,36,3,31,28,4,24,55,20,61,25,32,37,58,19,17,47,51,29,15,22,44,12,41,54
20,33,34,53,61,40,59,5,63,11,54,13,32,51,12,28,3,22,45,14,16,8,25,58,46,24,1,60,47,49,29,18,17,36,6,52,57,44,10,35,26,50,56,0,38,15,7,37,43,48,55,4,21,30,62,42,2,31,19,23,39,9,41,27
42,59,11,29,54,43,22,13,63,44,52,40,35,39,21,53,19,32,8,1,18,28,4,38,58,3,57,10,14,50,47,15,31,20,36,37,25,61,17,46,0,34,27,5,55,2,49,51,33,45,24,30,48,60,9,23,41,56,62,26,16,12,7,6
32,8,61,0,56,25,37,10,17,29,58,12,51,19,48,59,54,63,38,39,13,23,41,15,9,49,46,2,57,35,42,45,40,14,24,4,33,16,53,20,7,28,26,5,44,18,21,62,3,36,31,52,43,47,27,50,22,6,1,34,30,60,11,55
48,55,53,6,59,10,52,39,20,28,33,40,56,7,16,21,36,49,11,54,46,34,30,12,5,3,1,63,37,15,24,50,4,13,25,51,27,29,62,22,31,23,9,0,14,41,47,44,32,42,8,17,18,2,43,45,26,58,38,19,61,60,35,57
47,9,0,14,44,18,10,21,22,41,60,2,36,42,50,13,49,61,46,28,24,11,8,40,6,25,33,55,26,34,39,16,3,20,7,4,43,54,17,48,15,62,1,52,23,57,63,5,32,29,38,35,59,37,30,51,56,58,45,27,53,12,19,31
40,59,1,46,51,63,41,19,42,49,54,4,11,32,33,34,55,23,31,12,60,53,8,2,13,25,35,50,26,37,7,61,16,20,27,43,38,56,3,24,52,14,0,5,15,44,21,30,6,10,62,17,22,58,47,9,28,29,57,39,48,18,36,45
40,53,47,31,28,60,59,51,11,52,43,26,54,22,33,9,25,13,63,35,36,8,45,5,32,57,0,6,48,42,61,19,56,1,27,15,14,62,58,2,44,3,55,10,16,18,7,49,24,46,30,29,17,39,38,21,23,37,4,20,41,12,50,34
16,51,21,55,53,30,50,18,11,41,25,28,54,6,39,1,7,0,4,60,36,20,8,59,15,45,12,63,43,9,32,34,58,13,17,48,2,40,22,33,52,56,42,10,61,44,3,47,27,5,31,46,57,35,19,38,24,23,37,62,26,14,29,49
61,44,21,37,5,55,28,62,60,63,25,20,8,16,19,6,35,51,46,34,56,0,42,39,26,2,32,40,45,9,41,31,22,13,15,29,54,49,57,33,36,27,47,50,17,23,30,11,24,12,10,38,14,3,53,7,4,58,18,1,48,59,43,52
58,11,37,4,7,43,45,59,25,17,46,2,19,21,32,52,31,10,27,35,44,50,33,39,8,55,63,22,1,47,16,34,9,14,54,24,40,30,28,6,36,23,48,62,15,38,12,42,20,56,18,53,57,5,51,41,13,29,49,0,3,26,61,60
7,55,8,19,45,5,14,32,40,48,34,6,2,46,13,57,17,23,50,59,21,62,18,1,41,58,30,63,38,28,26,11,3,35,33,54,31,16,42,20,0,47,61,9,37,56,25,4,39,44,60,24,29,49,52,43,27,15,51,53,12,10,36,22
48,46,23,14,39,63,9,8,13,55,59,28,52,1,16,41,38,50,19,6,0,27,49,62,21,4,42,54,53,29,2,36,15,56,30,20,26,51,35,18,43,31,25,7,11,32,58,60,47,37,24,12,34,57,44,5,45,3,33,40,61,10,22,17
56,38,9,59,24,47,50,43,63,29,17,23,1,27,2,7,18,54,41,4,20,45,46,25,5,3,22,58,10,0,34,12,28,37,36,16,51,62,32,42,33,13,61,6,19,31,39,49,57,35,14,48,26,52,30,11,44,40,21,60,53,8,55,15
8,6,46,30,10,49,58,60,57,35,51,1,12,7,48,31,62,13,21,5,19,61,54,9,42,52,56,15,55,53,36,33,44,17,29,63,25,4,50,20,27,32,11,3,18,23,39,2,45,59,43,47,34,16,24,22,40,14,28,37,38,41,26,0
40,54,4,11,12,47,5,32,24,19,45,43,8,37,17,49,7,52,57,36,13,62,16,22,46,29,2,56,51,20,27,15,39,33,41,50,53,48,10,23,55,14,1,0,9,6,26,21,25,18,59,61,35,44,63,34,3,42,31,38,28,58,60,30
43,2,32,28,60,45,21,41,22,3,11,53,15,44,47,40,12,6,17,58,55,0,26,51,27,46,8,37,63,59,4,1,10,57,36,5,56,18,33,52,14,29,25,48,50,34,39,20,16,23,49,42,19,9,24,13,7,54,31,61,62,38,35,30
42,19,51,10,4,57,3,39,44,52,59,13,22,58,20,33,25,48,23,8,15,54,5,11,47,7,2,17,37,46,43,1,38,16,55,30,53,34,62,41,24,40,63,9,60,50,35,49,61,32,26,21,14,45,6,31,0,29,12,56,27,18,36,28
59,17,25,9,38,33,26,63,32,55,30,44,16,18,13,60,49,48,46,20,37,12,1,43,28,4,35,53,39,58,36,29,57,0,11,34,5,42,3,15,52,50,21,27,61,24,2,54,31,6,19,7,10,23,62,45,40,41,47,56,22,14,51,8
58,37,6,22,48,53,34,17,40,59,35,33,41,16,21,45,7,38,23,3,54,20,47,28,36,15,9,12,46,49,8,26,55,56,32,19,42,57,5,51,2,43,18,27,31,60,10,29,44,11,4,1,14,30,13,52,63,24,50,61,62,39,25,0
42,37,47,22,17,35,59,12,23,0,58,40,25,4,20,50,28,14,15,16,56,41,1,60,39,2,44,54,9,3,11,62,48,34,13,29,5,36,19,6,10,38,49,33,51,45,31,21,46,24,53,55,61,32,52,63,57,27,30,43,26,7,18,8
39,21,62,14,16,8,63,33,13,59,36,27,25,61,3,53,35,9,11,17,52,43,1,57,49,31,56,18,10,30,12,23,20,26,6,28,34,37,5,40,24,4,19,22,50,32,41,38,42,48,58,29,46,15,45,51,44,60,2,54,47,55,0,7
9,11,15,53,62,41,49,36,18,52,44,33,20,38,27,25,24,2,39,14,28,21,31,5,54,45,42,47,22,26,50,35,4,40,1,8,19,29,59,7,34,51,17,55,57,58,10,23,6,43,13,12,0,30,37,60,63,46,16,3,48,32,61,56
57,32,12,14,53,16,7,22,6,43,46,26,9,63,2,36,24,47,33,8,39,31,42,34,61,30,23,20,19,59,56,28,4,51,41,55,29,17,50,37,62,13,35,15,3,18,21,0,58,54,40,60,38,45,49,1,44,52,5,48,10,27,11,25
32,4,35,21,30,59,9,60,50,3,19,16,13,62,25,56,24,2,28,51,22,8,23,7,43,17,41,49,31,0,61,18,33,48,42,38,45,54,15,44,20,11,63,1,52,29,55,53,47,12,36,57,40,6,39,34,10,58,14,26,27,37,46,5
33,57,54,22,62,37,14,1,48,45,32,44,34,41,16,60,17,11,36,59,5,24,20,15,26,61,6,51,21,8,39,18,63,47,38,58,30,29,23,10,55,4,31,50,0,25,35,49,28,7,3,46,52,2,56,12,43,9,19,40,13,42,27,53
29,19,33,15,50,51,23,58,47,60,10,62,17,34,61,32,43,26,39,54,18,35,38,13,52,53,2,44,4,3,25,36,16,0,1,28,5,55,11,46,48,21,14,42,22,45,9,41,31,12,30,57,63,20,8,40,49,27,7,24,37,56,59,6
26,38,61,28,29,44,14,36,33,3,37,8,31,21,39,2,17,40,59,23,53,1,27,45,63,24,30,15,51,6,0,34,10,25,18,55,52,42,4,9,47,48,11,54,13,22,57,56,46,50,5,58,16,12,7,43,35,41,62,49,20,19,32,60
14,46,52,18,61,27,54,32,7,37,23,39,26,56,30,59,11,43,12,62,44,29,20,53,25,48,3,47,0,19,36,45,13,28,16,35,31,17,15,58,10,63,34,24,51,49,42,41,55,9,5,4,6,50,22,38,1,2,33,40,57,21,8,60
26,32,41,61,56,39,53,0,22,20,38,27,3,15,31,7,2,24,6,8,63,25,40,37,52,28,35,48,14,23,60,10,21,36,54,46,16,43,30,47,17,50,34,13,42,51,11,57,45,44,19,9,33,58,55,1,5,59,62,29,49,4,18,12
13,47,37,44,3,34,5,2,15,36,54,16,56,11,63,20,18,22,12,55,52,50,57,53,61,32,24,17,25,9,0,43,41,35,10,59,58,31,60,42,8,38,62,51,49,27,19,26,29,39,4,6,33,45,46,28,30,14,21,1,7,23,40,48
32,12,24,51,59,61,15,8,63,28,13,58,54,26,62,21,43,42,23,9,19,25,48,34,38,16,35,27,10,20,36,3,2,37,4,22,33,41,53,6,1,17,44,40,56,14,5,60,11,47,30,57,55,39,29,0,52,31,45,7,50,49,46,18
6,28,21,35,58,44,26,31,1,14,33,16,30,3,0,50,62,20,23,37,13,10,40,41,47,27,60,11,52,57,25,2,36,42,51,43,34,39,8,56,45,55,15,38,63,9,59,12,53,18,24,5,54,22,46,48,17,19,61,29,32,4,49,7
2,6,46,59,31,23,42,44,61,24,50,48,63,57,3,40,0,58,26,52,39,54,33,28,47,14,8,4,15,41,20,34,7,38,13,45,16,49,17,11,36,60,62,10,30,22,56,29,35,32,18,19,5,27,25,12,1,51,9,21,53,55,37,43
17,34,19,0,28,56,13,14,33,63,46,2,50,20,16,12,49,54,22,23,30,53,57,6,26,62,4,21,38,24,3,42,59,48,32,18,40,29,44,10,51,35,36,58,52,39,31,41,8,27,25,47,55,43,5,7,15,11,45,37,9,60,1,61
43,0,29,23,35,40,44,49,22,59,31,52,47,8,5,2,51,9,18,11,26,46,16,13,34,56,48,1,53,27,63,54,45,24,38,20,3,7,6,15,36,25,17,55,42,14,12,10,30,32,39,57,21,41,4,61,28,37,58,33,60,50,62,19
44,17,63,11,57,26,8,21,42,29,16,54,62,50,12,27,32,43,41,52,60,25,53,35,19,47,39,46,37,55,31,13,36,18,10,22,6,30,49,38,20,56,9,28,5,59,23,4,15,3,7,24,58,48,45,34,14,51,1,2,33,40,61,0
42,48,0,11,49,55,56,43,44,30,9,32,7,25,33,58,5,14,47,57,13,45,20,27,50,19,36,34,59,24,18,17,28,21,51,16,3,22,8,61,53,62,15,54,12,1,38,4,60,29,10,26,2,63,35,46,41,52,6,37,40,31,23,39
15,20,17,3,1,10,40,55,59,41,60,28,53,5,33,45,21,8,13,24,47,57,9,26,12,43,48,50,62,36,37,23,51,34,52,38,44,22,7,19,42,39,27,32,0,61,56,29,30,46,25,16,18,4,6,11,58,49,14,31,63,2,54,35
31,19,52,0,40,33,51,26,28,56,49,27,22,15,13,29,8,6,1,55,46,62,10,45,5,16,12,39,20,24,42,30,32,23,21,4,11,48,34,58,61,57,17,14,36,44,63,37,41,2,25,60,38,3,47,9,59,43,35,54,53,7,18,50
14,47,51,34,22,9,58,49,36,13,21,44,0,45,31,10,41,2,43,19,48,40,3,55,1,11,15,4,30,5,32,17,29,42,28,25,52,6,20,12,61,18,46,7,26,54,38,27,56,16,8,50,57,53,24,60,62,35,39,59,63,37,33,23
0,18,53,52,46,2,24,56,23,58,32,26,62,35,38,34,49,27,17,59,40,25,7,31,30,21,63,11,19,41,36,51,55,45,29,4,47,60,15,1,44,57,50,28,22,54,37,33,39,42,8,43,61,48,10,14,12,6,20,5,3,16,13,9
62,30,46,39,4,26,36,50,29,0,14,15,35,49,31,24,27,10,6,54,12,8,63,48,37,32,18,34,25,17,13,43,58,55,51,11,1,47,38,45,53,52,20,9,7,33,28,40,23,16,59,21,42,61,19,44,57,41,22,2,3,56,5,60
60,4,54,45,25,42,31,11,30,12,33,27,47,19,20,51,61,46,16,22,55,58,8,49,62,18,37,2,63,6,53,17,57,39,34,52,10,7,23,14,15,24,28,26,5,56,3,35,44,43,36,1,38,48,50,13,41,29,32,59,0,9,21,40
46,39,26,17,51,48,2,25,50,58,21,40,5,32,43,59,27,35,55,13,15,30,63,18,6,19,53,4,3,0,29,7,1,33,14,38,54,34,41,60,52,31,9,11,12,47,22,36,23,24,10,56,44,57,49,62,8,45,42,37,61,16,20,28
5,15,48,29,13,7,42,2,43,11,57,62,56,12,52,9,31,61,16,38,36,8,39,10,46,0,1,18,59,51,55,24,37,63,20,30,4,28,44,6,60,33,35,53,54,26,3,50,32,34,41,25,47,21,23,22,40,45,19,17,27,14,58,49
55,54,20,13,18,47,33,49,34,9,32,11,41,8,60,37,57,38,43,19,4,62,1,0,28,58,35,63,53,52,26,44,40,12,56,3,5,51,29,2,42,45,31,7,27,10,22,16,25,48,17,50,39,24,61,21,23,6,46,15,59,30,14,36
29,38,20,60,4,57,55,12,61,44,40,35,3,0,22,47,26,49,10,63,16,24,27,13,58,30,56,14,19,52,2,17,46,21,7,59,6,51,11,54,1,9,62,50,41,36,33,43,5,39,42,25,18,34,15,32,8,23,53,37,28,31,48,45
39,12,61,33,24,20,16,44,14,3,34,28,5,15,48,23,41,43,6,63,31,13,45,50,52,62,17,7,18,54,29,2,58,10,26,19,47,51,53,4,60,8,46,30,0,32,11,22,56,27,55,25,1,35,36,9,42,40,59,49,37,57,21,38
62,37,10,63,52,0,3,59,11,39,34,27,16,58,55,24,5,29,45,60,19,26,4,43,56,21,49,35,44,54,17,46,51,50,25,18,30,28,53,14,47,32,31,33,42,22,40,15,48,9,38,13,20,8,57,12,6,61,41,2,36,1,7,23
22,21,6,16,40,53,12,5,44,3,48,45,51,24,61,33,20,0,18,42,4,52,13,54,29,49,14,19,58,36,56,32,7,55,37,47,11,23,41,30,1,63,2,60,34,57,17,31,26,38,27,62,15,39,35,50,25,9,28,8,43,10,46,59
22,42,10,33,39,17,52,4,11,61,41,58,3,43,0,51,38,44,6,34,2,60,30,7,54,27,9,19,15,24,45,49,12,50,25,63,23,59,40,14,56,1,31,16,55,13,29,46,21,53,5,36,18,62,20,26,57,32,37,35,8,47,48,28
26,59,12,18,40,6,38,52,53,21,10,57,24,5,27,4,30,55,47,60,19,11,9,54,32,48,25,33,15,17,41,44,34,42,50,51,49,62,2,56,23,35,3,39,7,1,8,46,28,43,20,36,58,0,13,16,22,31,63,14,37,61,45,29
11,54,8,2,5,41,16,28,46,33,31,52,63,44,15,27,7,51,38,30,25,40,23,22,39,60,14,10,55,45,53,59,29,32,56,24,18,42,0,9,26,20,1,50,34,37,17,49,6,19,48,12,57,13,58,36,4,62,21,35,47,61,3,43
32,17,37,39,21,2,43,52,4,33,22,26,61,29,12,47,35,14,41,11,24,15,60,36,42,48,44,30,28,8,34,13,5,56,50,53,9,51,45,27,54,3,19,40,38,59,49,23,25,58,10,57,16,55,46,62,31,7,6,63,18,1,20,0
55,33,62,1,26,32,54,46,41,52,38,25,3,17,4,43,21,53,48,56,35,49,0,9,27,57,2,24,63,22,7,51,44,6,40,20,8,12,60,15,37,5,39,31,11,23,61,58,29,14,13,18,34,47,42,45,30,28,36,19,16,59,50,10
18,32,46,8,54,17,22,16,45,47,39,12,55,44,2,1,26,19,5,41,23,10,33,62,59,7,25,63,42,43,35,52,60,3,27,37,0,28,29,11,36,53,6,50,21,61,49,14,9,4,51,34,58,31,56,40,20,30,48,24,57,38,15,13
26,10,7,14,54,43,61,50,45,23,28,15,13,5,40,21,47,35,4,53,33,39,22,31,44,8,42,2,63,49,20,38,9,6,24,16,17,37,12,46,57,18,56,0,51,19,11,48,1,36,41,60,55,34,62,3,58,59,30,52,25,32,27,29
61,19,36,43,58,20,50,0,56,31,35,6,53,26,18,15,38,32,27,1,28,42,14,23,46,40,34,25,17,41,22,8,60,2,29,21,49,16,11,7,9,51,63,44,30,37,5,33,47,24,57,4,48,45,52,39,13,62,10,54,55,3,59,12
54,4,33,59,51,40,52,27,57,42,58,7,44,6,23,35,3,32,62,55,19,12,39,49,21,36,41,11,9,15,46,18,2,0,5,25,38,47,53,50,17,31,1,48,37,16,22,34,45,61,43,29,26,8,13,20,10,28,60,24,14,56,30,63
35,50,63,2,6,26,1,52,49,39,7,34,60,27,47,4,30,14,57,22,8,46,15,51,37,29,56,12,17,24,38,44,5,62,53,9,3,23,48,28,11,58,0,20,18,19,61,40,21,42,45,41,55,32,10,13,16,43,33,59,31,54,36,25
63,45,19,3,23,57,35,25,18,28,39,10,17,30,22,13,38,1,32,61,50,20,33,29,53,14,6,47,34,42,44,0,31,46,41,24,52,11,55,8,2,43,51,40,54,48,7,15,58,60,26,37,5,62,9,27,21,49,59,56,16,12,36,4
56,0,12,36,54,14,28,5,4,16,23,37,31,40,45,51,6,29,24,60,11,20,9,15,53,63,22,19,52,47,7,38,13,41,55,48,8,3,44,17,21,43,62,35,26,34,2,58,10,49,59,32,25,27,30,57,61,33,1,46,18,50,39,42
34,62,22,44,36,4,50,27,3,54,58,11,57,25,51,37,33,26,46,56,49,0,6,14,23,24,32,19,61,21,7,53,30,17,9,63,47,43,31,35,12,10,20,40,29,16,42,2,13,45,18,5,59,15,28,52,60,55,48,39,1,8,38,41
53,48,34,9,38,40,1,27,12,45,46,37,22,57,2,61,44,42,56,0,14,4,49,5,6,21,18,36,39,28,11,55,41,58,33,63,31,24,26,17,3,62,30,35,13,51,52,8,32,20,23,19,59,47,29,15,16,43,10,50,54,7,25,60
36,54,53,38,20,63,14,47,25,62,28,0,27,32,19,43,6,26,40,9,23,29,37,51,48,61,13,56,24,5,33,11,34,15,58,10,49,52,57,8,45,50,17,18,59,22,7,42,46,44,41,39,12,1,21,31,35,30,4,60,16,55,2,3
29,22,59,7,52,55,8,36,23,44,53,48,40,33,62,42,9,6,47,15,51,31,35,1,37,5,16,63,13,49,19,54,30,32,38,18,4,27,10,45,2,20,28,34,50,39,25,26,58,57,41,14,43,11,0,17,61,21,46,12,60,56,24,3
41,24,46,36,49,43,44,33,23,28,61,11,37,0,35,3,60,17,48,14,25,45,63,56,34,18,29,5,4,6,58,55,10,42,38,19,54,32,13,21,62,57,9,12,39,52,1,20,50,30,40,53,8,16,51,26,47,22,2,59,7,15,27,31
54,11,14,48,59,28,50,33,2,49,53,12,32,22,63,43,19,41,34,29,62,10,38,55,46,35,40,25,52,15,60,17,44,13,61,47,37,18,31,23,36,58,7,27,51,21,6,9,26,45,42,20,30,39,8,24,1,57,16,5,56,4,3,0
15,54,31,61,53,41,23,30,50,9,36,57,59,62,17,20,35,58,46,29,6,19,33,28,56,27,40,55,12,52,38,22,48,51,13,47,0,7,44,32,24,26,45,34,4,37,49,43,25,63,60,5,16,39,42,14,3,18,8,2,11,10,21,1
31,24,61,9,25,43,23,54,39,42,16,35,34,21,56,52,27,33,13,53,55,2,62,30,32,29,58,57,15,63,5,36,38,26,47,50,48,40,7,45,20,4,12,6,3,11,14,1,10,41,8,18,49,28,37,51,19,60,22,17,44,0,59,46
25,26,7,52,39,18,10,30,32,58,56,17,3,53,45,1,11,36,5,19,57,12,50,43,16,29,41,14,31,59,23,38,46,21,54,8,9,34,28,33,61,48,13,55,60,0,47,6,62,51,42,63,20,37,35,4,27,15,49,40,2,22,24,44
7,60,32,4,43,56,44,58,45,2,21,40,13,16,17,50,63,54,46,6,47,11,61,10,19,14,34,24,53,39,15,5,3,51,25,37,48,28,22,29,52,33,20,36,26,12,27,41,8,42,0,57,9,23,30,35,38,1,49,62,18,55,31,59
47,59,23,6,42,63,29,33,20,46,56,37,53,62,16,8,15,51,57,25,39,49,58,24,5,4,13,27,38,21,18,3,14,48,44,19,45,22,52,40,55,28,11,1,35,30,12,32,61,9,54,34,43,10,31,41,50,17,60,7,36,0,2,26
32,37,57,42,24,60,56,12,50,29,35,15,20,9,52,0,46,38,13,1,45,28,5,14,58,27,10,26,62,49,19,59,61,31,44,11,53,16,30,47,48,51,2,8,18,25,40,36,54,23,7,39,63,17,34,4,6,33,22,55,3,41,43,21
21,56,15,54,9,29,7,57,24,25,47,42,33,41,19,8,20,55,36,27,1,16,63,2,6,62,43,61,23,52,39,13,12,4,14,59,35,11,51,37,28,26,34,3,10,46,5,48,17,40,53,50,32,44,22,30,0,60,38,58,45,49,18,31
34,51,50,14,25,17,45,1,49,46,57,11,32,31,8,3,59,58,26,43,42,4,60,29,54,7,35,10,18,63,53,12,9,38,19,0,36,40,20,37,16,47,24,27,55,41,13,2,39,30,22,56,33,28,62,5,15,21,6,23,52,48,61,44
62,45,51,4,44,43,40,34,47,6,23,53,56,38,12,32,15,3,57,31,37,60,41,54,24,1,5,33,25,30,39,55,50,59,8,61,21,2,63,13,29,28,46,9,17,42,19,16,26,27,10,36,58,7,18,0,35,48,11,52,14,49,22,20
49,15,57,37,32,51,34,6,9,35,42,40,52,61,12,19,55,21,18,58,25,20,3,59,1,50,10,14,8,4,56,39,44,11,0,63,17,33,29,7,60,45,53,28,41,26,48,5,24,23,27,46,31,16,47,43,30,22,13,38,54,62,2,36
16,17,24,53,63,4,13,1,59,22,3,6,36,41,61,42,56,33,44,7,14,39,29,55,18,48,51,34,21,40,52,9,23,62,26,45,27,58,20,5,15,37,2,57,12,19,54,10,50,32,11,30,47,38,28,60,0,46,31,49,43,8,25,35
11,31,10,33,50,0,4,46,18,22,20,56,49,35,42,26,51,13,27,57,8,63,9,2,29,61,43,39,19,14,25,36,52,3,58,54,44,12,28,60,62,21,47,45,24,41,34,17,7,15,38,6,32,53,5,48,59,23,37,55,16,40,30,1
50,48,12,11,26,58,59,42,20,56,5,45,35,49,41,39,43,47,31,51,25,19,44,61,27,57,9,13,3,14,8,60,1,6,2,32,53,36,17,23,22,0,54,21,52,37,34,28,62,24,4,38,55,46,7,30,33,16,40,18,15,63,10,29
36,52,13,35,32,44,50,41,27,7,42,26,16,56,18,17,49,62,63,10,8,47,28,51,5,45,6,25,20,46,2,1,38,33,58,60,57,12,59,43,21,15,37,54,19,61,31,22,4,40,48,24,3,30,29,14,53,11,23,0,34,9,55,39
60,20,9,52,5,44,6,57,58,50,39,29,25,3,19,37,62,34,30,4,38,63,54,7,56,42,36,33,23,31,27,22,24,49,0,13,16,35,12,43,26,28,47,41,45,55,48,59,46,51,15,32,40,61,18,14,11,8,17,2,21,10,53,1
48,61,4,56,8,19,54,50,34,0,27,47,30,5,25,45,55,9,43,16,46,20,24,23,58,39,52,18,41,14,6,10,40,1,2,42,22,7,12,63,53,59,21,13,28,57,44,37,60,51,49,36,62,33,3,15,29,35,11,32,26,31,17,38
38,23,37,0,34,16,26,6,20,47,25,32,11,28,13,22,36,19,60,17,41,49,56,29,44,1,45,14,31,50,51,3,10,4,52,57,63,42,59,33,55,30,46,5,27,39,62,15,61,7,2,8,9,40,21,54,35,12,48,53,24,18,43,58
53,52,39,16,60,63,2,22,27,7,11,44,26,48,29,56,17,54,23,0,55,31,13,8,1,15,3,34,35,46,14,30,47,20,12,19,43,50,33,41,4,25,37,10,28,57,49,42,21,59,9,5,32,36,58,61,40,62,24,45,38,18,51,6
55,32,50,29,24,35,3,9,22,31,21,57,60,28,13,34,44,5,49,61,11,18,23,1,39,43,27,51,47,7,48,17,4,37,15,12,41,25,42,0,6,19,14,52,62,16,2,53,20,54,59,10,58,30,45,36,63,38,56,40,8,33,26,46
4,3,46,18,52,50,40,37,25,45,56,8,1,51,19,62,15,61,21,39,33,6,31,9,10,49,53,12,13,7,35,24,38,60,20,17,43,2,41,34,63,30,16,54,32,28,59,29,14,22,26,11,48,23,36,58,27,47,55,0,57,5,42,44
62,20,29,1,4,14,52,58,47,21,10,0,39,12,15,18,43,8,45,35,36,50,28,25,33,34,31,49,3,7,56,24,57,17,9,6,37,13,38,59,48,44,51,54,46,55,32,53,26,11,23,16,5,22,40,27,60,2,30,63,61,42,19,41
6,45,34,22,44,46,56,49,41,12,26,21,54,32,43,39,47,24,13,27,60,48,5,4,28,20,3,51,7,30,62,36,59,11,10,63,38,19,33,17,61,52,55,16,9,0,2,42,53,40,58,23,31,8,35,25,50,57,15,29,1,37,18,14
51,4,48,26,6,42,20,38,29,44,8,49,22,21,32,34,45,41,55,35,27,13,63,3,1,12,52,37,61,54,9,43,56,11,23,57,31,36,40,5,39,24,15,25,19,14,47,62,17,60,10,18,59,16,2,7,30,0,28,53,33,50,58,46
38,35,34,9,57,22,6,19,49,36,54,44,28,20,40,43,1,4,63,42,56,3,33,25,23,10,48,60,41,8,0,29,21,55,31,32,59,11,52,39,14,5,62,46,18,50,61,37,26,17,53,45,51,58,24,15,30,47,16,12,27,2,13,7
42,21,23,20,27,25,41,31,60,10,38,28,45,17,32,54,57,30,15,4,24,8,59,14,6,16,46,34,52,11,56,40,29,22,36,61,2,5,13,39,49,18,1,43,51,48,55,35,33,53,26,3,58,9,47,7,0,62,37,12,44,63,50,19
36,51,39,30,32,60,54,15,63,37,1,31,41,11,9,47,52,42,33,28,24,14,35,55,10,29,38,17,22,43,27,50,6,12,53,49,13,25,57,56,48,45,2,61,3,20,46,34,4,16,0,8,59,26,21,23,19,58,7,5,40,18,62,44
30,63,36,48,6,40,5,59,10,49,11,62,56,20,55,27,61,22,45,1,50,29,41,18,46,44,53,3,4,58,38,33,9,51,24,54,31,23,32,28,26,57,52,12,0,17,47,37,16,14,15,2,21,13,8,39,43,35,19,25,60,42,34,7
37,29,6,8,53,49,44,14,16,56,9,43,33,31,23,47,40,10,30,28,13,51,50,57,46,45,3,4,7,19,36,26,1,61,35,17,59,41,20,2,27,34,60,63,52,38,39,11,22,5,32,58,12,42,0,48,25,55,24,62,54,15,21,18
5,46,43,59,61,23,54,34,13,20,3,8,31,55,9,39,63,48,36,49,30,7,15,52,26,62,35,47,12,40,16,28,44,11,22,2,56,10,60,33,27,14,29,53,51,6,57,38,58,21,41,45,32,4,50,24,1,17,42,37,18,19,0,25
5,31,15,32,50,55,41,53,3,12,29,26,4,56,54,21,40,38,16,34,59,9,60,37,46,19,0,11,14,25,7,51,30,13,2,17,22,52,35,42,62,18,28,10,36,61,58,27,6,44,24,23,20,63,45,57,47,39,48,43,33,8,49,1
63,31,58,17,25,27,38,4,7,46,24,6,1,23,47,11,54,8,45,26,20,50,16,55,36,21,48,3,2,19,12,13,32,30,39,33,42,49,52,28,41,43,51,40,34,35,0,62,29,5,60,57,9,44,53,56,10,61,22,59,15,18,37,14
62,37,35,16,60,29,32,1,23,33,15,9,4,52,21,61,28,53,10,46,22,49,27,0,38,57,25,20,14,51,13,55,59,26,45,47,18,56,24,11,41,12,7,43,48,44,54,30,5,34,40,63,39,3,17,6,2,31,36,19,8,58,50,42
18,55,61,54,42,57,16,30,53,25,17,52,24,8,39,58,29,27,23,35,10,44,59,20,38,48,60,2,47,49,11,62,1,3,22,63,51,34,0,37,41,4,50,13,6,14,12,19,56,45,9,36,15,26,28,31,32,40,33,5,21,7,43,46
18,33,23,25,28,54,20,52,16,17,9,44,27,24,55,14,40,21,31,7,62,59,41,29,57,51,22,26,61,15,42,50,8,4,5,49,12,47,10,38,53,56,30,37,19,39,34,36,32,45,43,0,60,58,35,63,11,1,2,3,13,6,46,48
55,48,54,13,17,1,46,5,42,16,50,18,36,33,31,12,11,21,14,2,49,4,63,38,45,35,10,22,60,47,44,6,58,62,3,27,24,40,19,30,52,28,20,39,56,59,23,15,34,32,41,61,57,43,26,37,9,25,0,53,7,51,29,8
19,50,3,14,21,16,56,0,4,23,39,43,20,2,44,24,38,42,61,12,33,22,54,34,60,5,17,10,47,8,59,57,37,58,29,15,1,28,52,27,53,45,49,62,48,32,63,11,35,30,9,6,26,31,46,7,41,55,13,40,36,18,51,25
13,39,5,42,47,20,44,30,18,58,26,23,46,22,25,59,31,21,53,36,49,38,29,52,63,41,45,60,17,9,12,56,24,57,16,51,35,28,0,55,32,11,19,61,1,14,50,7,54,4,10,3,40,15,27,62,37,6,34,33,2,43,48,8
32,53,31,59,34,37,10,57,1,45,58,23,19,16,2,46,30,8,25,56,42,13,26,3,62,51,44,24,9,54,60,35,52,12,7,61,0,38,6,29,48,5,22,40,39,20,63,4,11,18,41,28,33,27,21,43,47,36,17,49,14,50,55,15
33,16,62,7,30,9,53,12,14,34,6,56,2,60,29,52,3,24,49,22,47,48,32,63,28,40,46,17,15,8,38,57,42,13,41,5,39,4,31,21,19,35,55,10,27,37,61,11,50,1,59,18,58,23,44,26,0,20,51,43,54,36,25,45
55,30,61,59,37,50,33,49,47,34,26,15,29,63,56,13,3,6,32,27,18,31,42,24,46,23,35,16,20,48,45,7,36,62,22,53,0,40,21,5,28,54,51,12,17,57,10,9,8,52,2,25,44,4,39,41,19,11,60,38,43,58,1,14
9,33,34,24,20,55,22,29,30,42,41,2,60,50,44,1,46,8,54,14,47,3,4,40,45,23,13,16,49,12,48,0,58,28,43,15,53,26,7,17,56,63,32,35,38,57,62,31,52,39,10,27,61,5,25,19,11,59,51,37,36,21,6,18
6,13,1,3,15,48,54,43,21,18,27,4,50,12,63,44,8,28,49,34,37,57,61,39,20,17,56,9,24,60,40,47,2,58,46,45,41,53,22,23,36,59,29,5,0,62,52,26,19,30,16,32,51,33,38,31,11,7,55,10,25,35,14,42
17,23,57,15,29,26,60,40,14,34,37,58,35,53,11,51,62,39,28,9,24,3,45,16,33,52,42,7,36,8,18,12,49,27,21,55,47,43,25,0,13,48,1,10,19,31,30,6,38,46,41,59,2,22,32,50,63,54,5,61,56,44,20,4
26,25,59,40,37,42,43,12,27,35,28,7,44,30,34,22,31,11,51,53,29,24,58,16,39,23,2,9,63,45,52,0,8,55,18,15,10,32,54,1,57,49,61,6,13,20,47,60,46,4,36,48,62,50,21,17,3,38,19,14,5,41,56,33
21,32,11,25,40,59,41,33,16,44,22,39,17,35,42,5,62,29,49,56,12,10,48,55,26,20,45,60,2,13,43,1,23,9,14,18,50,15,53,27,0,24,36,3,7,58,57,28,8,46,31,6,51,47,54,19,34,52,38,4,37,63,61,30
45,28,34,11,43,13,60,26,33,39,20,55,40,3,59,30,29,48,1,23,63,54,16,36,41,0,2,50,38,27,58,37,10,24,25,61,32,4,52,6,19,15,18,56,9,21,22,46,5,62,14,51,8,12,47,7,44,57,53,49,35,17,31,42
46,34,30,8,39,43,26,7,35,22,56,37,51,55,63,16,20,21,54,47,17,44,19,3,27,12,2,10,36,5,24,6,4,25,14,18,42,60,13,32,0,58,52,11,41,31,23,50,40,48,38,33,59,9,28,49,15,57,61,1,29,53,45,62
26,37,20,3,46,34,28,43,18,54,33,61,53,24,52,19,55,40,32,5,7,11,47,15,22,51,21,12,62,58,29,30,8,17,57,10,27,48,42,49,59,16,60,1,41,9,14,45,35,44,13,39,0,63,56,38,23,31,2,4,25,36,6,50
61,7,44,57,1,5,40,38,27,62,15,50,13,54,56,53,41,20,51,22,42,33,47,35,37,29,55,21,28,59,19,23,24,32,11,30,3,39,17,45,60,9,8,58,6,10,4,49,46,0,26,43,63,18,52,31,16,2,25,36,34,48,14,12
63,10,52,15,37,44,47,50,4,56,43,2,6,46,31,34,11,60,13,20,16,38,14,24,35,29,23,49,32,19,18,21,39,17,5,3,41,40,53,1,58,28,62,51,42,61,25,36,57,27,59,30,45,8,54,0,26,48,7,55,9,12,22,33
37,30,61,22,16,14,23,13,51,31,52,36,55,43,8,21,63,34,9,11,24,28,50,5,45,48,54,3,41,60,17,57,25,35,46,38,27,33,62,47,58,10,49,1,44,18,59,12,39,32,15,53,56,40,42,26,20,29,19,2,6,0,7,4
46,4,30,20,17,21,52,36,54,48,25,62,9,18,56,60,15,49,29,31,3,57,26,37,5,34,47,32,33,6,13,24,11,23,12,8,63,39,28,14,1,53,19,45,55,40,42,16,43,35,7,0,2,38,41,59,50,51,58,44,61,27,22,10
52,42,13,45,2,57,26,5,39,32,21,28,61,14,35,23,56,30,44,62,53,10,22,40,55,37,15,16,47,9,49,54,12,36,60,4,19,20,1,50,8,11,34,6,3,27,46,33,29,48,17,0,31,24,58,59,41,38,25,7,63,51,18,43
26,32,11,1,2,55,44,22,9,40,8,62,45,25,7,51,36,0,50,34,31,52,24,42,4,58,14,19,3,28,18,21,39,57,37,53,29,60,13,6,15,30,49,10,35,56,27,5,59,61,33,16,54,41,12,48,63,38,20,43,23,17,46,47
19,53,44,40,46,39,41,56,35,32,60,12,1,48,22,37,2,33,62,5,25,54,15,6,58,59,24,27,50,28,9,8,3,38,36,45,20,0,55,52,29,31,63,30,34,51,47,61,17,4,13,42,23,26,14,43,7,11,16,18,10,49,21,57
0,47,41,44,43,13,54,11,10,56,28,57,63,34,49,53,39,20,38,19,1,55,40,60,52,9,48,58,29,42,23,59,50,21,24,8,36,62,30,16,2,12,51,22,5,35,32,15,37,25,6,7,27,61,3,31,45,33,4,18,17,46,26,14
51,55,18,12,22,53,14,4,28,8,31,59,23,21,62,42,56,61,40,45,19,11,60,15,46,17,41,37,7,33,36,25,39,9,44,10,13,3,20,0,30,2,63,6,57,49,48,26,43,35,54,24,34,52,16,5,27,50,47,38,1,32,29,58
36,54,3,63,29,23,42,18,8,46,33,44,6,35,49,0,25,27,13,61,60,58,53,39,41,52,7,16,47,22,59,11,15,56,32,12,38,40,45,28,17,2,43,50,19,62,24,55,21,31,10,5,26,48,34,51,37,4,14,9,1,20,30,57
53,45,0,4,36,58,22,59,26,12,25,29,49,57,24,32,3,54,27,55,63,47,38,19,44,9,8,42,40,6,46,51,11,37,15,18,5,50,1,13,17,39,60,7,14,2,33,61,35,31,23,16,10,34,41,20,62,56,30,43,21,28,48,52
22,49,25,27,46,48,4,13,0,41,34,7,15,55,18,16,26,58,47,62,37,5,60,57,35,44,9,17,20,45,56,30,33,31,43,23,6,32,29,51,8,1,63,59,10,14,12,39,21,2,42,61,52,50,28,38,19,54,3,11,40,24,36,53
16,61,32,47,38,43,57,44,59,48,63,27,0,37,6,33,14,29,20,7,2,35,21,26,9,31,36,50,24,25,11,53,34,15,8,4,39,12,62,52,13,49,40,51,18,17,1,22,30,41,19,28,46,10,60,55,54,3,56,42,5,23,45,58
47,40,56,7,32,28,59,20,29,25,23,4,55,43,50,49,46,53,19,34,54,38,9,33,58,11,17,30,63,15,14,51,12,5,16,42,41,21,31,44,52,18,48,6,39,3,35,22,13,61,8,24,37,36,57,62,10,45,26,0,27,60,2,1
47,5,33,35,60,36,43,14,24,16,59,54,38,11,53,27,62,49,19,30,29,41,48,51,2,9,0,46,21,17,52,6,18,63,4,56,44,28,31,39,12,50,23,22,13,26,55,15,25,61,40,20,7,1,58,8,32,45,42,57,34,10,37,3
7,63,8,4,30,10,39,35,33,42,18,43,52,57,38,27,51,25,62,3,19,29,48,6,53,55,16,59,60,56,11,61,0,36,58,13,1,34,37,22,31,15,44,46,20,41,17,12,47,9,45,50,28,21,49,23,2,5,40,32,26,54,24,14
48,17,37,0,41,5,61,28,38,62,44,57,58,49,11,10,60,59,54,9,27,25,7,18,36,43,31,50,56,1,35,40,53,21,42,55,20,3,51,30,2,45,8,39,6,14,15,46,32,12,34,22,33,47,16,13,63,24,52,23,4,26,29,19
21,62,37,8,6,40,7,47,12,35,45,52,36,28,20,9,33,54,14,18,15,4,58,51,34,44,30,23,3,55,25,22,1,32,38,2,10,42,41,56,48,27,53,11,19,49,39,24,57,60,16,0,43,29,59,31,46,63,61,17,26,13,50,5
55,14,56,58,54,18,2,40,45,47,24,11,5,7,31,25,37,43,53,52,49,36,46,33,63,57,0,3,44,13,34,4,21,1,29,6,8,22,17,60,48,19,23,50,59,27,28,41,42,38,35,30,26,62,10,51,9,15,16,39,32,12,61,20
63,52,9,16,60,33,18,5,23,55,45,17,24,14,50,59,41,56,35,36,6,61,8,57,4,25,42,46,49,28,1,38,0,58,31,27,40,10,39,13,29,43,19,21,11,15,37,12,62,2,22,3,53,26,47,7,30,44,54,32,48,20,51,34
38,8,42,57,26,10,16,7,49,59,44,22,34,45,18,20,48,4,51,11,61,12,47,23,63,46,2,55,62,33,1,13,31,54,19,30,52,32,35,14,56,40,41,15,9,29,58,24,39,60,25,3,0,27,43,36,6,50,28,53,5,17,37,21
2,58,31,19,11,57,49,52,35,14,62,37,28,10,33,6,54,39,50,0,26,45,59,63,47,44,60,46,7,4,1,34,24,3,61,13,51,22,12,30,21,42,17,20,48,9,55,16,18,32,41,23,15,29,36,38,5,8,27,56,43,25,40,53
34,36,59,14,61,10,4,9,32,27,5,62,17,41,40,49,24,35,11,47,7,37,44,43,18,60,45,26,13,63,56,6,2,57,46,55,48,54,23,22,3,19,16,31,39,1,29,8,12,33,20,53,25,52,28,38,42,50,21,0,51,30,58,15
53,29,38,30,16,39,35,1,40,58,47,18,26,12,13,5,9,52,7,54,17,45,20,15,49,0,36,48,6,57,21,8,63,42,32,31,27,23,44,24,43,4,10,46,33,61,62,59,22,19,3,11,37,41,25,51,55,50,14,34,60,28,2,56
50,60,62,41,58,54,18,13,11,3,16,17,43,56,31,37,49,6,19,39,36,33,45,21,1,55,61,42,47,25,26,24,15,63,12,9,20,32,2,29,52,57,22,59,23,35,46,34,0,27,28,38,14,7,40,48,44,51,5,30,10,8,4,53
52,24,37,30,16,23,57,61,13,9,10,58,17,3,55,48,6,29,63,62,51,7,45,43,50,5,28,59,44,21,32,35,14,38,27,36,22,1,8,54,12,18,25,34,26,19,40,31,46,15,42,56,2,53,41,47,39,20,33,49,0,4,60,11
27,36,57,21,52,29,62,63,37,4,54,53,43,20,22,41,34,18,50,60,46,19,28,44,13,2,33,11,6,12,8,35,30,31,10,42,45,23,55,38,24,15,5,48,3,14,9,47,40,16,0,51,7,1,61,32,56,17,25,49,58,39,26,59
22,24,6,32,33,17,3,15,23,20,26,14,8,7,46,11,0,27,39,59,34,54,52,53,28,55,21,18,41,40,58,37,36,31,48,57,62,10,30,51,49,43,35,45,12,42,63,2,44,5,47,60,61,9,19,38,29,50,13,56,1,4,16,25
52,42,41,12,37,46,34,62,49,6,38,54,47,2,19,40,51,59,24,31,18,53,50,29,39,58,15,61,3,14,28,60,30,33,25,5,11,1,8,20,27,13,32,63,9,4,10,44,43,7,56,22,26,55,36,17,35,45,48,0,16,23,21,57
18,42,37,17,43,29,31,56,15,0,14,32,8,62,48,51,28,13,59,4,20,12,22,53,39,6,25,38,30,3,44,27,40,63,58,54,19,45,36,16,57,34,5,33,60,52,11,24,41,2,35,1,61,50,9,46,23,55,47,7,21,10,49,26
0,60,27,11,20,2,17,28,33,35,58,30,12,24,59,8,10,50,38,1,57,9,4,31,26,18,19,61,36,54,37,48,56,32,22,7,40,46,52,53,47,63,23,49,41,42,55,39,3,62,15,34,44,14,45,6,5,51,21,25,16,13,29,43
63,36,62,9,61,47,39,14,8,25,56,60,57,1,55,27,10,50,29,23,24,35,32,41,30,44,26,40,17,18,11,20,34,0,51,53,58,46,15,12,33,54,38,13,49,43,22,2,42,37,59,21,45,28,5,3,4,19,6,52,48,31,7,16
42,40,21,41,63,9,59,60,61,46,16,47,52,8,51,62,3,34,11,36,1,15,5,49,57,19,23,32,39,25,29,53,37,2,48,14,13,17,44,20,12,31,6,33,58,50,27,18,26,28,38,24,0,30,43,10,55,22,56,45,4,7,54,35
16,9,34,12,29,35,63,3,1,15,51,32,31,43,59,45,21,19,0,61,42,11,57,4,6,5,26,40,37,62,49,23,41,20,28,30,50,27,52,2,33,7,60,38,8,58,55,39,46,44,54,14,25,10,36,22,53,47,56,24,17,18,13,48
63,13,44,17,3,40,49,55,50,1,37,23,53,16,7,29,31,59,61,36,20,34,21,19,28,48,5,11,54,35,15,33,30,46,6,38,60,45,10,58,18,26,52,51,57,12,8,42,9,27,47,62,14,39,25,24,4,0,32,2,41,43,22,56
15,6,50,5,32,10,36,49,56,38,41,7,9,54,62,18,53,44,28,46,12,51,55,13,17,24,37,47,2,30,19,31,27,42,61,1,33,26,21,35,63,25,14,52,23,34,0,3,39,11,45,8,60,59,20,57,43,29,4,16,48,58,22,40
29,21,17,35,40,27,63,28,18,46,33,5,32,55,24,41,59,42,15,0,30,58,38,13,62,53,61,25,54,3,19,9,48,22,56,31,60,37,4,16,20,8,47,2,7,26,11,49,57,23,10,14,50,12,51,6,52,39,36,43,45,44,34,1
46,58,40,17,2,44,41,26,22,36,63,45,8,1,7,38,25,42,59,15,4,57,53,13,56,50,19,12,16,31,48,34,51,43,29,28,52,23,20,6,14,54,35,0,47,27,10,18,3,30,62,55,33,32,61,9,5,24,39,60,21,37,11,49
15,58,25,36,63,21,9,6,49,34,2,4,7,20,19,10,29,23,18,45,13,12,52,60,50,38,37,55,8,54,43,28,33,51,27,24,57,17,40,1,35,31,32,56,26,14,3,61,59,22,0,53,30,39,11,5,42,44,16,41,47,46,62,48
28,30,48,7,6,15,27,54,62,47,58,36,26,31,0,52,49,10,14,11,57,8,22,20,19,45,53,44,17,61,2,16,32,4,35,41,51,21,43,34,25,18,37,46,40,5,50,3,23,1,55,59,24,13,33,38,39,42,9,56,12,63,29,60
55,14,20,32,36,27,41,44,58,49,7,19,59,22,10,5,28,46,42,4,13,50,35,18,6,54,11,57,43,56,45,51,48,26,12,1,60,61,38,3,39,8,0,2,47,31,15,9,33,63,34,62,40,23,24,53,17,37,21,25,30,16,52,29
61,38,12,56,30,16,27,1,43,22,6,26,14,54,37,46,45,7,11,36,13,35,41,28,15,2,53,63,59,19,17,50,33,5,9,32,24,51,34,8,18,25,44,48,62,0,31,20,42,47,39,4,60,3,21,55,40,52,10,49,23,58,57,29
10,47,13,25,51,60,36,54,23,9,43,28,30,15,46,31,20,1,27,3,53,34,6,38,33,16,41,58,52,37,19,18,0,2,5,29,63,8,62,55,48,57,45,14,4,12,35,32,21,7,17,44,11,42,24,39,22,59,61,50,40,26,56,49
33,32,5,35,59,22,16,52,54,14,2,56,31,63,24,23,29,28,6,49,20,21,36,45,19,10,26,11,53,42,37,46,40,57,30,51,60,43,39,15,34,0,44,18,55,47,8,25,4,48,1,13,41,38,62,50,3,17,27,58,12,9,61,7
53,56,28,25,63,60,46,58,4,22,21,54,10,5,55,62,52,49,27,37,36,18,57,15,16,38,50,44,31,48,11,20,34,59,41,6,51,17,32,24,40,13,12,0,42,26,39,43,47,7,2,19,8,45,23,35,14,30,1,3,29,9,33,61
16,1,51,6,7,59,10,34,49,29,54,63,35,44,36,19,15,53,57,43,60,56,61,47,55,21,58,24,0,37,50,9,22,32,40,25,18,33,23,4,12,38,42,30,17,28,52,8,62,45,3,31,5,27,20,13,39,14,48,41,11,46,2,26
49,55,5,59,6,58,44,62,0,9,57,3,16,22,17,40,50,31,46,53,10,38,25,1,19,30,11,32,42,51,39,24,45,33,26,21,28,2,47,18,48,56,37,20,4,41,7,14,8,43,63,36,52,23,61,29,60,27,35,34,12,13,15,54
3,22,27,52,61,25,5,46,58,38,44,17,12,30,36,63,42,28,0,34,9,21,45,32,33,15,18,29,1,19,16,7,48,37,50,20,31,51,14,47,4,40,43,49,60,24,53,8,59,39,6,55,11,56,57,41,35,10,23,13,62,26,54,2
45,62,39,44,16,49,3,13,48,23,47,57,36,52,17,54,56,24,0,11,31,10,19,42,51,29,4,61,5,21,8,14,1,15,22,7,60,33,50,28,55,2,40,58,37,35,43,27,34,59,41,6,32,63,25,38,20,9,12,18,30,26,46,53
2,8,27,62,49,63,22,52,35,59,55,10,19,56,37,45,50,12,25,17,44,34,58,29,18,38,3,41,31,6,23,4,13,39,26,42,54,33,5,47,9,15,40,11,46,57,43,24,32,1,20,51,36,16,0,60,14,48,30,21,28,7,61,53
24,39,46,57,2,10,56,41,16,6,4,37,3,61,22,0,48,20,45,21,15,7,5,54,17,23,38,60,59,27,13,33,12,55,49,40,34,58,47,30,35,31,19,14,25,63,51,44,1,32,50,29,8,9,43,42,26,53,52,11,18,62,28,36
6,50,19,57,54,23,8,43,60,5,56,47,9,41,31,55,51,37,27,1,38,12,22,2,7,33,45,42,16,3,46,25,52,4,48,39,18,10,32,34,13,20,29,63,21,28,14,36,26,17,11,53,49,15,61,24,0,30,40,58,44,62,59,35
16,35,25,53,4,44,12,21,5,9,50,40,33,13,34,0,8,6,31,1,52,27,30,19,59,46,48,39,26,57,3,14,61,63,29,32,10,23,7,37,45,60,15,42,38,28,62,51,18,11,54,2,41,36,17,22,58,43,55,47,49,56,20,24
13,27,33,59,30,9,5,17,11,1,56,51,29,12,46,24,38,62,52,18,53,2,39,36,44,54,19,26,35,8,48,63,15,40,32,25,60,14,22,10,61,3,6,37,23,58,41,45,34,55,28,21,42,4,7,0,57,16,49,31,50,20,47,43
49,7,56,39,13,54,19,51,43,0,41,8,31,11,23,52,26,12,35,6,59,2,53,34,22,33,25,10,57,18,48,30,27,58,21,1,55,42,44,45,24,20,38,32,15,4,40,62,46,3,60,50,63,36,47,9,5,28,14,61,17,16,37,29
10,27,6,22,20,33,56,2,11,1,49,32,55,39,29,24,5,28,36,61,17,37,18,41,52,14,25,60,13,21,31,40,38,46,47,50,58,12,3,34,15,54,44,7,9,42,48,43,8,51,59,53,23,45,63,16,0,35,57,26,62,4,19,30
25,2,56,22,62,37,23,39,44,0,9,54,42,41,43,17,59,5,49,40,32,61,10,27,45,34,35,21,58,28,50,33,24,7,18,11,26,31,30,8,19,3,47,16,46,6,1,4,48,36,20,38,51,52,14,13,12,63,15,53,57,55,60,29
27,47,59,45,17,18,60,25,35,63,15,33,49,29,6,41,44,62,48,55,58,30,5,21,0,23,61,37,39,40,4,26,16,24,20,31,7,46,42,52,19,22,3,1,10,56,50,53,2,51,13,57,36,34,38,12,11,54,43,8,28,9,14,32
47,53,59,61,62,35,41,52,44,63,27,9,34,18,28,6,13,39,55,1,15,36,49,42,57,0,33,20,30,7,2,24,8,38,19,32,21,17,26,48,40,54,46,23,25,43,5,16,50,12,37,4,31,60,56,45,3,10,22,51,11,29,14,58
36,32,48,52,27,34,39,56,6,10,61,15,1,59,41,40,50,62,54,43,12,31,63,51,16,13,20,35,26,9,38,49,8,2,60,47,3,33,17,29,57,4,18,28,11,19,53,7,14,46,44,37,30,21,22,0,5,25,55,24,23,45,42,58
7,36,42,53,55,21,31,17,37,16,39,60,6,35,28,59,63,57,46,12,23,62,27,0,25,54,1,40,43,10,18,52,44,4,49,48,26,13,29,20,33,14,19,3,22,2,61,15,45,41,47,11,34,5,9,30,50,58,51,24,56,32,8,38
2,34,47,41,13,19,44,50,61,32,36,8,6,12,1,48,39,54,30,33,17,20,10,21,51,15,16,23,59,35,22,18,26,60,53,24,4,43,25,63,55,27,56,28,57,3,45,52,58,42,7,38,37,0,40,49,5,9,29,14,62,31,46,11
50,12,58,22,30,29,44,60,2,4,20,55,42,7,35,39,19,28,13,47,24,37,56,59,57,11,3,51,33,6,9,26,31,17,63,38,0,45,21,41,10,23,49,1,43,61,32,40,15,18,25,27,36,62,5,52,54,53,48,8,46,14,16,34
61,48,63,12,57,58,29,60,6,43,50,54,22,2,14,56,28,31,17,4,27,18,34,19,59,23,11,30,62,37,45,20,3,15,38,46,5,53,40,10,33,26,36,8,44,32,25,9,21,41,1,47,49,42,39,35,24,55,0,7,51,13,16,52
59,32,35,55,27,38,60,39,53,1,8,46,11,16,34,29,54,0,21,17,58,40,63,47,61,10,25,33,57,50,28,26,37,5,15,2,18,4,6,43,36,51,3,52,7,24,44,23,20,49,13,41,30,9,42,14,12,48,19,22,31,45,56,62
60,23,55,59,48,28,58,38,53,61,40,30,0,51,17,22,6,27,4,41,33,63,43,29,34,46,32,24,13,54,2,15,36,7,20,9,37,26,50,44,1,45,16,52,10,49,56,12,19,25,21,8,31,11,39,47,62,57,35,42,3,18,5,14
41,1,49,20,34,16,17,43,7,50,10,40,26,44,56,28,2,6,23,55,32,8,25,57,22,19,0,38,47,36,11,30,59,58,61,35,53,51,39,37,33,29,31,48,5,54,12,21,52,60,14,46,24,42,27,9,13,3,62,45,63,18,4,15
56,20,0,4,21,31,39,1,19,45,3,42,26,2,51,43,15,60,37,18,13,14,27,35,34,58,38,32,63,22,53,40,52,30,47,46,10,12,6,29,54,8,28,9,24,7,17,11,49,57,36,55,16,23,5,33,50,41,61,48,44,62,59,25
29,49,18,2,35,34,11,27,37,13,7,3,56,21,57,54,0,10,61,25,20,28,24,50,44,40,32,26,62,4,12,8,60,22,1,6,46,63,23,16,59,52,55,58,30,36,53,17,48,15,33,38,19,31,47,39,43,51,42,45,14,9,41,5
48,13,11,5,61,32,58,21,2,56,44,52,55,10,27,15,45,42,38,53,19,34,36,7,28,31,9,60,51,20,4,46,33,57,59,62,43,30,63,25,14,35,37,3,39,12,8,26,18,16,17,47,1,29,41,22,54,6,50,23,24,0,49,40
40,6,19,31,42,61,15,33,36,23,59,22,2,49,55,29,62,57,63,34,18,58,13,41,17,10,11,45,3,0,16,54,20,56,52,43,14,25,7,50,47,44,37,48,4,8,30,60,5,32,9,46,39,35,27,1,28,24,26,21,51,12,53,38
5,9,11,22,53,4,37,14,39,16,47,58,30,32,46,40,27,2,52,20,6,19,33,28,17,50,36,18,24,41,57,25,8,62,48,45,3,42,29,54,60,10,56,38,59,34,13,26,7,21,31,63,12,0,61,51,23,43,1,55,44,35,15,49
45,63,22,15,57,0,30,20,46,32,27,25,5,26,51,6,16,1,38,56,24,14,21,18,36,28,4,47,40,55,42,9,44,50,7,52,48,29,53,13,49,61,8,17,60,12,19,33,11,41,43,39,23,2,62,10,35,34,54,59,58,31,37,3
14,43,57,13,60,36,11,33,6,15,29,10,22,4,51,35,26,27,54,58,61,46,63,24,23,34,38,31,52,3,45,18,59,19,0,37,9,41,28,21,47,40,16,30,25,17,55,2,62,42,39,53,8,20,32,1,48,44,12,56,7,49,50,5
30,9,21,51,57,26,47,22,18,31,46,58,6,29,28,16,25,13,62,61,37,38,2,52,19,20,23,4,27,14,34,49,36,0,1,11,15,10,50,43,59,17,42,45,41,35,12,33,39,56,32,40,60,48,8,7,63,54,53,5,44,55,3,24
50,56,52,25,35,19,13,16,44,2,49,55,1,11,21,34,27,7,39,43,6,48,58,36,23,63,14,4,30,24,42,59,15,57,53,46,33,26,0,12,41,29,17,18,31,5,47,20,62,3,45,40,37,32,38,51,28,8,60,10,9,61,54,22
36,35,24,61,5,47,21,30,59,53,45,10,43,54,31,6,9,46,1,3,55,2,62,33,37,14,52,20,41,44,49,40,48,19,15,25,26,51,11,4,27,56,0,50,60,34,63,28,8,7,23,22,29,18,32,39,57,16,38,12,17,58,13,42
43,38,33,24,59,5,54,2,6,20,30,21,44,60,57,15,23,39,22,9,27,49,18,58,42,7,61,37,45,36,53,47,51,41,32,16,12,13,62,11,52,48,17,25,26,28,31,35,10,63,46,56,0,34,19,55,8,40,4,3,14,29,50,1
49,55,53,27,33,48,51,23,35,21,31,12,61,43,47,54,26,40,60,25,16,57,38,5,34,44,17,20,9,30,15,13,11,41,18,28,8,2,3,7,10,29,62,19,45,0,1,56,59,50,46,24,52,4,37,42,22,14,39,63,6,36,32,58
48,27,31,37,11,28,22,2,34,43,12,46,52,58,44,29,17,18,13,14,54,63,6,23,45,49,55,16,1,56,15,60,19,3,20,51,26,35,36,57,5,59,41,42,4,38,9,10,40,53,33,25,39,21,50,30,32,62,7,8,61,0,24,47
58,22,41,24,25,10,52,6,13,47,40,60,23,9,39,12,11,48,27,17,4,54,16,56,19,1,14,61,5,44,31,32,42,20,59,53,62,29,0,37,2,34,21,35,43,57,26,50,15,30,8,46,55,63,7,36,38,49,3,33,18,45,51,28
34,37,18,52,38,2,61,41,62,17,36,58,3,60,19,26,31,5,43,59,57,63,15,50,30,9,49,48,13,39,7,6,10,25,56,23,1,54,33,11,12,35,14,42,27,44,4,32,21,53,29,8,45,47,28,51,46,24,55,22,0,16,40,20
31,4,7,52,48,44,9,59,60,36,33,29,47,51,21,3,46,49,6,34,56,41,62,12,14,17,53,30,58,57,11,15,28,26,32,42,5,38,39,54,61,22,55,8,1,18,35,63,50,37,10,0,2,19,13,27,43,24,40,16,23,25,20,45
56,38,6,16,29,2,27,18,11,10,33,39,45,26,48,7,37,47,46,57,49,36,19,12,58,5,51,28,59,52,53,25,15,14,31,23,24,35,40,32,62,9,0,54,20,1,55,42,41,8,30,61,13,34,44,21,3,63,43,22,60,50,4,17
41,36,7,35,62,14,46,5,39,0,60,24,11,29,25,59,10,4,53,49,8,55,63,43,26,9,47,45,52,37,17,56,6,58,12,61,27,31,2,28,50,54,44,21,20,30,16,19,40,34,57,18,1,48,23,32,38,3,42,15,33,51,13,22
40,16,42,53,55,52,17,48,46,7,54,22,32,3,62,59,58,60,35,30,37,13,8,29,51,11,21,57,23,25,4,41,47,63,34,6,5,56,43,10,0,61,39,19,49,2,18,12,27,31,50,9,38,15,33,26,14,45,36,28,20,44,24,1
62,19,61,39,34,26,45,46,20,15,1,54,22,59,37,27,8,51,29,24,3,10,41,49,0,38,25,35,32,36,57,9,17,11,52,5,23,53,31,16,30,58,63,13,43,40,28,56,2,44,50,18,4,6,55,14,42,48,47,33,60,12,21,7
31,39,20,3,45,34,35,18,56,16,10,27,59,61,11,29,48,54,58,38,25,40,24,5,30,4,37,28,52,57,42,17,6,53,44,36,49,19,60,26,12,51,7,8,14,63,43,32,22,47,41,33,15,62,0,1,50,55,23,46,21,13,9,2
46,38,1,27,58,57,49,36,44,55,33,63,41,29,60,15,61,32,7,42,52,48,39,23,12,9,24,26,30,47,56,28,45,6,37,22,19,5,54,14,51,25,43,16,13,35,34,50,40,11,0,31,8,17,18,53,59,10,62,4,21,20,3,2
6,32,19,42,3,33,18,56,9,17,61,49,39,5,58,12,41,52,1,44,47,30,59,0,13,57,29,2,40,63,26,60,7,31,8,38,14,45,25,35,20,62,16,15,24,37,27,50,55,28,51,23,4,34,21,22,54,11,10,36,53,43,46,48
35,48,15,44,16,5,20,36,63,51,26,30,1,57,27,17,45,3,19,62,34,32,12,23,21,18,42,10,14,33,49,41,40,55,31,0,8,25,58,28,37,61,6,56,39,4,13,50,53,11,38,52,24,7,46,59,22,47,60,2,9,54,29,43
15,8,44,57,22,30,42,45,9,59,28,53,2,6,36,0,46,20,49,11,23,35,18,61,7,14,48,21,56,31,10,26,54,60,39,34,63,38,12,50,58,29,62,27,13,16,33,47,24,19,3,32,37,5,4,25,52,41,43,1,17,55,40,51
19,30,24,63,45,55,56,39,14,26,53,21,41,4,10,59,37,5,20,57,33,11,40,6,38,58,49,3,36,46,13,42,0,44,9,17,2,32,8,23,12,47,48,51,22,62,54,34,60,29,28,35,1,43,15,16,61,50,18,25,7,27,52,31
43,38,7,39,47,30,45,8,20,55,59,35,27,22,61,6,50,48,37,16,51,63,1,33,42,25,56,40,19,4,9,18,57,60,26,14,44,36,13,24,52,17,54,5,58,41,28,34,10,11,53,29,21,3,2,12,46,23,62,32,49,0,31,15
18,23,32,22,9,59,56,60,2,35,41,1,54,57,17,16,27,43,38,45,29,24,49,48,37,25,0,42,31,33,51,6,26,7,61,11,3,58,28,44,30,13,53,12,63,47,5,14,36,8,40,20,39,34,21,10,50,55,4,46,62,15,52,19
51,10,43,27,31,52,9,50,13,53,28,62,16,29,8,12,23,38,49,7,59,6,45,19,42,30,5,25,46,14,32,17,48,11,61,21,22,41,18,0,26,58,56,2,3,37,47,39,15,36,54,40,44,34,4,33,20,1,63,24,57,35,55,60
13,3,14,61,32,28,9,42,55,52,5,60,46,50,57,8,23,41,24,35,38,15,36,12,59,37,26,1,56,10,7,27,31,34,25,39,21,2,48,62,33,0,49,4,30,44,51,11,43,18,16,45,17,22,53,54,63,40,58,19,47,20,6,29
11,16,34,33,1,58,7,21,14,10,27,42,24,52,18,2,39,19,12,60,36,35,13,44,46,54,40,57,22,37,59,29,53,30,0,51,50,6,62,47,20,43,45,31,25,32,26,63,38,17,28,55,49,4,41,56,15,5,3,48,8,9,23,61
61,29,58,16,23,42,25,33,39,59,57,32,50,24,27,12,43,14,5,26,38,63,11,45,4,17,28,21,53,48,3,35,37,41,34,20,51,8,36,46,60,44,9,18,1,7,10,22,49,0,15,55,6,30,62,13,52,40,56,31,54,47,2,19
50,25,51,54,20,56,62,13,41,27,11,45,0,28,16,31,2,42,7,29,10,33,37,17,61,48,35,55,39,24,19,21,44,47,38,3,1,18,60,49,53,12,8,36,59,52,6,4,58,23,9,63,34,5,22,32,15,26,30,46,43,14,40,57
5,32,41,23,6,38,45,18,24,46,51,30,34,22,2,37,25,39,61,48,19,16,29,63,27,3,17,40,9,21,55,7,15,14,1,36,57,60,33,35,28,20,47,62,12,59,43,10,52,42,53,50,56,0,54,13,58,4,11,8,31,26,49,44
7,9,63,37,45,39,8,42,58,2,46,31,54,35,22,21,0,53,13,49,18,36,15,60,11,33,24,34,29,10,56,23,12,26,19,1,59,48,25,50,41,4,14,5,27,38,6,55,3,16,52,44,20,28,40,32,57,30,47,62,43,51,61,17
35,19,52,4,16,56,60,30,23,39,45,27,0,8,13,62,37,34,43,49,41,9,22,2,10,26,5,50,44,17,15,36,7,11,59,24,61,58,33,32,1,47,12,55,40,18,46,63,6,21,53,3,29,20,28,57,31,54,25,42,51,48,38,14
3,14,5,59,34,24,25,62,32,50,13,60,55,58,53,46,2,16,26,35,47,33,10,57,8,63,4,20,18,19,41,40,44,1,21,22,12,51,28,30,9,52,49,0,38,29,43,17,15,45,31,42,61,48,39,56,36,23,7,54,37,6,11,27
57,48,51,15,25,12,14,60,21,45,13,61,29,8,38,46,52,53,56,9,35,22,44,42,30,17,11,41,34,0,26,32,47,20,37,62,49,4,24,39,10,27,40,1,36,7,16,59,18,28,2,58,50,3,19,33,5,23,54,43,6,55,63,31
26,19,43,23,9,60,5,17,41,53,24,57,38,13,2,39,3,48,10,52,0,6,32,46,51,44,8,14,21,31,1,33,45,63,4,22,35,34,18,42,29,55,62,58,11,37,49,54,12,61,7,28,25,36,27,47,40,30,20,50,16,56,59,15
24,21,53,50,6,28,29,13,51,9,62,14,44,54,59,55,58,15,46,0,40,30,38,25,36,4,26,19,17,16,22,48,10,2,60,37,12,49,61,8,41,47,31,56,39,20,45,11,1,7,34,57,27,23,52,63,32,42,35,3,5,18,43,33
56,5,21,39,12,17,29,23,30,62,11,49,38,18,44,55,13,3,2,26,34,16,46,35,14,20,6,31,61,9,4,22,40,19,7,1,48,0,27,32,59,28,53,45,36,37,57,54,50,10,24,47,51,60,42,15,63,52,33,41,58,43,8,25
47,31,16,23,14,58,24,39,17,44,61,25,34,37,19,53,6,10,0,27,51,8,12,52,57,43,11,1,2,15,35,55,18,45,26,36,13,30,32,50,9,46,33,60,21,20,40,59,63,62,7,49,5,4,48,22,54,28,29,56,41,3,38,42
23,43,61,9,47,54,21,57,49,3,5,12,17,22,26,39,25,13,28,55,38,45,0,63,19,24,46,44,52,30,7,8,10,6,4,51,29,31,18,37,60,56,36,48,53,35,59,42,16,41,62,34,27,58,50,40,33,11,20,14,32,2,1,15
16,26,4,14,28,7,21,31,27,25,41,1,51,38,37,55,12,61,9,5,42,8,58,32,35,54,18,20,59,36,15,56,24,43,22,53,60,17,13,33,10,46,19,48,6,30,2,52,63,39,45,49,40,34,29,47,3,50,23,11,62,57,44,0
63,51,46,21,15,14,43,58,31,3,2,32,11,6,59,35,52,16,25,29,20,49,38,1,8,45,13,22,42,7,60,44,23,26,47,12,55,40,9,54,18,17,37,27,62,10,5,41,28,61,56,57,36,30,33,39,24,50,48,53,0,34,19,4
53,22,61,39,60,50,63,55,2,16,10,3,26,33,58,44,6,38,23,45,31,12,24,14,32,11,30,17,48,56,35,40,28,7,13,51,1,42,37,34,47,20,59,54,36,49,19,9,15,5,29,25,8,4,21,62,43,57,0,52,41,27,46,18
20,42,13,27,59,30,29,53,0,46,15,37,7,44,5,22,14,24,62,26,56,41,36,55,51,54,43,8,47,1,10,32,50,11,63,6,45,18,28,21,40,9,3,4,19,2,60,35,12,58,38,17,16,61,31,23,52,57,49,39,25,34,33,48
5,47,0,42,35,1,17,38,6,22,27,60,34,10,16,13,12,11,9,21,53,59,39,30,7,8,3,46,2,55,49,52,54,25,19,51,14,45,26,43,57,24,62,41,33,44,50,56,15,31,18,4,29,36,58,61,32,20,28,63,23,40,37,48
42,2,3,1,46,22,34,5,62,49,17,57,44,14,39,23,13,24,63,59,40,45,9,28,18,26,29,32,38,10,48,27,33,12,61,58,15,4,53,20,51,43,60,56,7,19,21,37,55,30,11,52,41,35,6,25,47,54,31,50,16,36,0,8
63,48,1,62,57,42,0,2,41,15,37,38,8,50,26,28,30,51,54,47,3,56,23,61,13,24,60,27,53,29,6,58,44,49,16,31,18,52,19,4,32,11,25,46,39,59,12,43,17,21,7,22,55,10,45,14,5,40,20,36,9,35,34,33
47,16,56,59,23,29,42,60,15,2,21,10,53,61,9,19,43,58,46,12,52,34,1,44,39,41,20,49,18,63,31,11,55,33,3,28,36,57,24,5,35,30,4,32,26,51,48,54,7,6,27,0,22,13,50,62,25,40,45,38,17,8,14,37
60,58,15,13,27,46,47,40,32,0,41,20,18,4,62,35,30,42,22,59,9,54,43,5,39,17,37,52,51,7,8,3,36,38,53,48,49,26,6,61,10,56,28,2,57,55,29,24,45,11,21,25,14,1,23,12,44,34,50,33,31,63,19,16
49,7,41,53,2,11,44,42,27,5,12,55,39,24,4,43,37,59,28,19,14,31,32,16,25,8,6,46,22,20,58,36,30,47,10,23,33,26,60,40,15,3,52,61,17,9,21,48,1,0,63,56,54,62,29,38,45,57,51,34,13,18,35,50
57,62,2,46,9,45,1,56,50,12,8,36,30,38,32,60,16,26,39,58,55,54,14,41,7,51,40,49,23,35,21,19,24,59,17,20,42,22,33,18,52,5,61,31,4,53,28,47,37,29,34,13,11,27,25,48,43,44,3,15,10,6,0,63
53,58,31,9,36,19,6,2,51,20,59,45,10,56,40,13,11,43,23,32,47,26,63,61,55,49,48,30,52,7,12,14,8,25,42,39,0,21,4,38,62,35,1,29,41,3,57,16,27,50,15,37,44,60,5,17,34,28,46,24,22,33,54,18
35,3,13,6,20,7,50,31,33,47,58,43,2,36,19,17,15,22,23,52,1,11,59,45,34,5,9,32,4,25,48,10,55,8,41,18,24,27,49,46,37,39,21,60,29,0,26,16,54,42,61,30,53,51,38,56,28,14,63,44,40,62,57,12
24,49,33,1,36,35,8,47,42,63,25,55,17,41,27,34,38,18,19,12,50,43,39,54,44,32,28,61,26,23,15,11,46,60,37,62,58,4,0,16,52,5,20,53,9,57,7,59,13,51,45,21,29,48,30,22,10,40,6,31,2,3,14,56
16,35,8,53,48,37,57,29,21,62,63,19,30,23,55,59,9,33,24,0,6,49,22,12,45,20,4,61,7,60,51,42,11,10,14,27,52,32,41,46,3,17,40,2,54,25,5,31,47,18,34,38,1,13,43,44,15,26,56,39,28,50,36,58
56,16,60,3,4,13,29,9,25,6,5,33,10,24,19,14,54,61,43,34,42,47,53,21,41,59,37,12,26,57,8,58,40,23,55,49,44,15,1,32,35,28,45,52,50,38,27,18,0,2,20,63,62,36,46,48,17,51,11,7,22,30,31,39
15,19,34,7,51,3,59,10,2,27,55,58,60,4,33,21,52,22,14,16,56,42,44,38,6,0,31,13,30,35,36,25,40,39,41,62,47,8,26,63,9,24,43,53,23,48,45,20,28,32,37,1,12,50,57,5,61,29,17,11,18,49,46,54
35,26,30,62,3,59,16,50,54,49,22,31,27,19,47,12,4,56,58,18,33,34,13,45,10,7,43,23,9,14,36,39,28,48,40,42,41,17,51,21,0,32,6,60,57,1,2,61,11,55,46,15,44,53,52,63,5,25,8,29,38,24,20,37
8,63,11,28,30,12,9,23,5,35,26,25,1,60,31,62,32,49,44,41,15,53,17,19,27,14,50,4,33,29,47,39,54,43,24,55,61,37,42,46,40,6,13,2,22,0,38,10,48,20,58,21,56,3,7,52,57,59,18,34,51,36,45,16
2,44,31,15,23,56,28,52,0,24,22,37,46,41,63,1,26,43,34,47,29,42,62,32,14,33,38,5,58,3,51,20,55,60,36,25,40,17,30,7,8,6,16,39,13,11,53,35,54,9,50,27,19,59,61,57,12,49,21,48,18,10,45,4
10,58,35,52,38,13,45,8,41,9,53,5,7,26,54,16,14,15,39,4,33,0,30,18,27,3,21,12,47,31,28,61,48,29,25,44,2,36,37,11,20,46,19,50,57,43,60,34,62,56,63,59,49,51,55,24,22,23,42,6,40,17,32,1
12,7,2,44,40,39,30,31,24,15,41,52,43,47,55,22,45,42,59,25,8,34,4,53,16,0,60,19,58,27,17,35,13,54,38,36,48,11,51,6,37,18,20,28,26,61,10,1,49,9,21,23,57,62,5,46,56,63,50,3,32,14,33,29
36,61,10,63,20,41,14,23,13,57,46,59,35,42,9,6,50,30,43,17,2,16,51,33,21,44,47,56,31,1,7,0,26,24,40,15,5,28,22,32,45,18,19,62,60,29,37,39,38,27,34,48,25,54,58,8,4,55,12,3,11,53,49,52
47,17,58,48,54,59,42,0,13,63,60,19,41,10,57,50,28,16,55,33,3,35,23,8,5,29,36,45,44,39,51,6,21,24,20,32,25,34,61,11,40,2,43,46,62,27,49,26,12,15,38,31,7,9,22,14,56,18,1,52,53,37,30,4
39,52,36,15,44,7,22,20,25,50,60,26,27,11,5,62,14,1,6,21,40,0,10,24,8,58,17,49,4,31,33,43,12,29,48,37,28,34,3,35,13,32,41,47,23,55,19,56,18,59,51,57,53,45,30,2,54,38,63,16,61,9,46,42
32,35,56,44,47,6,54,63,0,57,10,21,1,27,28,19,34,52,58,22,55,31,42,20,14,25,53,48,46,60,5,18,29,49,33,36,17,62,12,7,38,51,61,41,16,39,13,4,26,9,11,37,15,43,8,3,24,2,30,45,23,50,59,40
18,8,61,15,16,6,31,27,62,41,51,34,1,49,26,37,45,55,48,43,0,29,33,52,59,35,13,2,3,11,21,58,22,32,23,25,19,47,24,17,54,10,7,5,9,57,28,44,56,42,14,20,46,30,12,53,40,4,38,63,36,50,39,60
41,52,4,1,18,17,30,21,11,26,48,63,27,9,29,39,32,61,19,10,47,40,34,16,31,0,33,20,13,42,28,35,56,14,23,43,15,60,57,3,12,38,59,5,49,55,6,50,2,51,46,25,36,54,8,24,37,53,62,7,45,58,44,22
61,37,53,3,34,26,30,14,13,0,42,19,43,28,23,33,25,15,58,16,52,36,47,41,62,1,40,18,7,6,38,57,35,2,4,56,9,48,22,29,20,46,50,54,32,59,51,21,24,8,5,45,17,31,27,55,60,63,10,44,49,12,11,39
18,48,50,11,34,53,5,6,58,23,12,37,61,38,15,32,31,16,49,8,21,9,17,36,10,54,59,7,3,20,25,45,60,47,33,29,43,2,39,40,62,52,0,57,24,35,13,46,28,30,55,42,19,51,22,44,14,27,56,63,26,41,4,1
54,48,43,16,36,22,2,62,46,13,17,15,49,42,14,10,19,44,9,6,58,41,33,34,56,23,63,55,11,4,47,45,37,27,61,21,3,51,40,0,52,8,59,30,38,57,32,50,29,39,20,7,12,24,1,35,31,5,60,18,26,25,53,28
17,6,35,47,24,0,16,33,44,13,29,32,8,36,21,15,42,52,19,28,61,56,5,48,39,4,41,58,2,38,20,53,22,51,1,11,25,59,18,60,40,43,31,30,45,7,50,3,49,23,37,63,62,27,55,14,46,34,10,12,9,54,57,26
63,9,39,58,30,5,15,1,32,23,62,26,35,8,28,31,25,42,61,45,40,50,29,46,18,52,0,16,13,47,7,19,11,34,48,2,22,6,43,57,49,59,27,60,55,37,44,17,10,38,3,36,51,14,53,56,24,4,33,20,41,54,21,12
48,55,2,21,37,35,38,18,41,53,56,30,15,61,17,31,58,3,27,46,43,33,0,10,32,9,50,24,19,63,25,16,5,40,49,4,54,12,28,60,13,14,45,34,29,11,1,6,8,44,39,22,36,59,47,26,42,52,62,57,20,51,7,23
63,61,4,40,2,59,22,44,19,54,15,1,13,48,31,10,43,30,23,38,62,57,46,60,17,6,49,52,37,32,8,42,5,45,58,24,34,18,35,29,14,27,39,20,3,53,55,25,26,9,36,12,56,11,7,51,21,50,16,28,0,41,47,33
41,29,42,45,47,20,1,26,33,46,60,55,63,56,37,18,62,54,21,0,48,16,35,44,4,3,22,8,39,9,15,28,19,58,13,25,30,36,53,59,52,17,14,27,50,57,31,12,7,43,6,38,51,32,10,24,40,34,61,2,23,11,5,49
35,27,33,2,47,21,40,0,43,8,57,28,50,23,29,22,60,17,48,53,46,31,11,32,54,4,45,24,39,26,10,5,14,63,42,25,34,16,44,59,37,38,7,20,56,12,36,49,13,3,51,19,1,15,6,18,41,55,9,52,58,62,61,30
28,16,52,39,63,32,27,8,41,55,48,42,33,7,14,54,40,13,21,61,6,9,57,17,0,47,23,49,15,58,19,38,1,51,46,5,36,37,34,35,20,60,11,53,2,31,59,24,18,56,25,22,50,3,43,45,30,12,10,4,44,62,26,29
46,63,44,56,25,21,57,23,9,1,11,19,42,17,60,58,29,15,7,26,0,39,30,2,3,45,35,40,12,51,18,27,31,16,54,52,20,48,41,33,59,38,8,28,14,6,24,55,13,37,53,43,49,50,4,22,34,61,62,10,47,36,5,32
1,12,9,35,29,22,36,60,45,27,58,30,11,51,55,46,33,28,32,13,34,47,17,39,25,21,20,54,16,7,3,6,23,48,5,52,42,24,43,10,53,40,37,38,56,18,15,59,62,49,14,2,44,61,26,31,41,0,4,8,63,19,50,57
4,23,28,30,5,1,25,60,12,31,39,18,11,58,34,27,7,32,19,8,24,9,63,20,16,43,3,36,48,57,49,47,61,33,35,53,44,40,13,56,41,37,22,26,62,59,45,50,46,38,54,29,21,14,17,10,51,2,6,52,55,15,42,0
35,20,25,50,8,60,23,62,57,52,36,40,49,31,26,41,51,27,1,33,47,22,54,48,34,46,63,53,9,44,4,28,21,7,19,13,18,30,24,38,10,59,58,56,6,37,45,5,12,16,42,39,15,11,43,32,61,2,14,17,3,55,0,29
38,22,8,7,17,55,20,41,50,23,56,37,36,13,42,51,29,30,49,60,61,62,53,2,18,9,59,6,16,15,32,39,33,0,48,21,12,43,45,24,19,47,27,11,52,4,40,31,34,54,14,35,1,57,3,44,63,25,5,10,28,26,46,58
31,54,46,59,35,47,42,32,10,38,50,37,40,43,26,18,8,39,16,7,11,57,60,36,22,9,5,62,41,53,0,27,61,48,58,12,45,4,28,55,13,19,33,23,1,24,15,20,21,34,51,25,63,30,17,52,49,2,56,14,6,44,29,3
63,42,20,52,0,43,49,25,22,29,60,55,57,6,38,7,10,21,50,2,11,14,59,17,4,18,61,24,27,46,35,26,5,16,36,30,31,33,62,1,48,19,39,32,28,56,40,34,8,3,23,13,15,58,54,41,51,37,12,45,47,9,44,53
20,21,1,18,36,14,4,23,41,37,31,3,58,38,59,47,12,40,63,49,52,48,10,45,60,11,2,46,34,56,27,30,55,7,28,25,29,0,19,61,42,51,22,54,62,8,57,15,35,44,39,33,16,6,13,5,24,9,17,26,32,43,53,50
35,53,6,3,9,56,46,25,45,7,31,58,55,16,20,27,11,62,44,18,48,37,19,10,15,43,30,8,29,14,32,36,23,40,28,34,26,60,21,0,51,57,59,17,61,39,47,41,4,38,63,24,49,5,42,33,54,12,52,2,50,1,13,22
35,11,60,39,50,28,45,47,41,30,51,62,5,6,54,38,48,27,42,59,7,53,37,29,13,19,1,17,22,8,63,0,40,61,16,12,21,43,9,36,4,46,58,24,44,15,2,3,10,14,55,31,32,18,20,25,23,26,57,56,52,34,33,49
3,20,51,24,16,49,52,34,15,9,8,48,31,21,32,53,6,39,33,37,7,12,62,60,57,4,45,44,14,19,35,47,42,55,41,0,26,10,56,29,27,11,17,61,43,58,18,1,63,25,13,22,59,2,36,54,5,30,38,46,28,23,50,40
14,22,41,34,7,25,12,46,8,6,52,48,50,13,47,49,61,10,39,42,43,16,1,24,63,56,9,28,36,58,35,30,37,44,60,62,54,53,4,38,32,29,19,20,21,18,33,2,40,27,59,15,5,45,17,11,31,51,57,26,0,3,55,23
61,45,3,63,19,34,16,37,26,46,43,56,30,6,11,9,28,50,60,27,42,35,29,25,17,18,13,24,23,44,7,47,54,33,21,36,40,49,38,2,58,59,1,55,31,52,14,22,20,4,57,10,12,51,39,53,8,15,0,62,32,5,41,48
49,15,12,45,16,56,13,57,25,32,29,35,4,6,55,18,39,33,51,36,58,3,28,9,11,19,1,61,5,17,22,53,0,54,43,46,40,42,34,48,50,7,47,41,37,63,24,2,30,62,60,44,52,27,38,14,8,20,26,23,21,10,31,59
7,9,36,58,14,47,40,41,24,33,45,55,46,13,29,57,35,27,62,31,43,38,17,32,20,39,0,18,19,52,49,34,48,59,30,1,37,2,28,56,25,5,11,3,42,16,63,61,22,12,51,10,21,23,4,15,8,6,60,26,53,50,54,44
18,25,27,60,50,51,32,48,63,28,6,36,13,0,56,41,53,31,21,33,34,3,42,20,52,26,12,54,47,59,30,4,58,17,8,1,9,5,37,15,62,43,24,55,46,57,14,11,19,35,16,7,49,39,38,10,61,40,44,2,23,45,22,29
4,45,20,2,22,60,10,32,18,17,49,47,58,52,34,1,54,30,51,27,43,6,61,14,63,24,29,5,53,21,40,50,13,41,35,19,9,36,42,59,55,26,28,46,15,23,39,16,3,38,8,62,0,56,7,25,31,37,57,48,44,33,12,11
40,20,24,45,19,27,56,28,58,39,9,36,4,25,30,42,57,29,38,13,21,7,23,49,14,43,31,6,62,12,16,10,51,37,34,33,17,47,26,2,55,18,8,60,3,1,32,0,48,44,53,35,11,41,63,50,54,59,22,5,15,52,61,46
37,56,32,15,2,3,45,43,4,6,16,18,20,10,61,49,48,14,28,39,63,24,8,44,1,30,38,40,13,31,46,27,41,42,50,53,54,26,51,62,25,21,22,0,9,7,17,60,59,52,34,12,55,33,47,58,23,36,19,11,5,35,57,29
41,48,52,55,30,6,1,16,13,60,45,63,53,42,14,43,62,29,32,0,59,8,34,40,51,18,2,56,11,46,35,36,23,38,4,39,37,19,5,7,31,28,22,15,49,24,9,50,47,26,54,57,20,10,58,25,17,3,27,12,44,61,21,33
22,25,9,31,40,27,62,43,10,17,52,41,13,45,11,38,55,63,4,6,60,28,56,26,37,20,58,21,39,14,8,49,54,16,47,23,42,5,24,57,44,32,48,36,12,19,33,18,30,51,35,34,50,0,61,2,53,46,3,29,59,1,15,7
28,0,6,36,44,40,62,30,43,47,16,25,32,20,24,60,59,5,58,41,35,33,45,38,29,31,2,56,57,23,8,13,55,1,9,37,54,11,17,3,39,10,15,48,4,51,63,52,22,14,53,12,7,26,18,50,61,19,49,42,27,34,46,21
44,38,54,4,43,55,56,49,28,48,11,46,17,36,30,50,40,47,59,57,26,10,62,9,14,45,35,33,58,34,20,15,51,19,41,5,53,8,24,42,32,21,63,13,25,3,1,7,16,12,22,39,0,18,2,27,31,52,29,6,37,23,61,60
27,37,1,34,45,48,26,43,12,35,62,19,51,0,49,46,32,18,61,55,39,21,9,3,58,17,31,7,60,4,57,63,28,30,22,53,15,36,14,10,40,16,50,52,41,29,38,44,5,11,59,20,33,54,2,56,13,24,42,8,6,25,23,47
54,31,2,42,33,34,49,7,26,17,52,13,47,19,20,60,23,5,0,63,10,57,32,45,27,41,44,43,36,9,14,29,11,21,28,22,53,56,12,46,40,8,6,62,58,51,55,15,1,16,4,50,25,30,37,61,39,38,48,59,18,35,24,3
38,20,42,16,49,44,55,59,47,21,31,8,46,41,13,63,30,28,22,19,18,24,61,29,32,2,5,37,58,11,1,33,57,23,3,56,35,36,40,43,62,48,39,12,17,60,26,45,6,9,15,53,52,54,51,10,14,50,7,34,0,4,25,27
44,42,54,27,13,46,3,31,25,2,45,8,20,14,61,12,56,23,11,22,55,1,41,62,19,57,18,30,7,40,63,35,34,36,21,26,51,15,28,60,5,16,47,9,32,6,10,43,37,33,39,53,17,48,58,29,49,59,52,50,24,38,0,4
63,61,50,30,23,11,43,18,29,34,54,16,38,42,28,59,53,6,41,12,7,55,10,24,33,52,36,27,46,21,62,40,48,4,45,19,0,39,47,3,22,37,60,32,49,2,56,57,13,31,14,9,25,51,35,5,15,26,1,44,17,8,20,58
30,35,61,17,9,40,3,58,46,15,1,41,55,53,18,32,14,54,31,26,39,12,8,34,19,21,52,16,7,28,60,45,50,59,44,0,20,33,57,24,56,11,29,43,38,27,13,51,36,5,4,2,47,37,48,23,6,25,63,49,62,42,22,10
41,20,43,42,51,63,34,9,38,40,46,5,44,62,12,58,17,16,50,13,37,14,57,4,32,45,6,48,52,56,53,27,61,39,29,19,0,49,15,21,36,24,60,11,2,47,7,54,28,30,25,18,35,23,31,10,3,26,55,8,1,59,22,33
28,17,40,22,18,31,14,29,32,27,52,63,51,58,50,56,21,55,37,2,7,48,43,46,12,42,44,61,25,23,20,19,24,30,54,41,59,57,9,47,13,15,16,53,6,36,3,0,10,8,4,45,5,33,60,49,35,39,34,62,11,1,38,26
32,0,59,4,11,1,17,6,53,24,27,7,61,2,46,20,10,36,45,49,31,26,18,58,39,56,52,5,41,55,40,60,47,16,57,12,14,54,19,38,43,51,28,35,9,42,62,21,25,37,44,63,29,34,50,8,3,30,48,13,33,15,23,22
27,18,29,35,14,1,41,63,30,17,34,37,25,23,57,3,19,52,54,48,56,31,62,47,11,5,13,46,43,53,59,36,49,33,61,42,4,51,7,21,50,2,45,8,12,32,55,26,38,22,15,9,0,40,24,28,44,39,16,6,10,20,60,58
34,32,4,28,3,30,23,51,54,6,45,9,19,38,48,24,50,52,29,55,61,58,12,11,37,57,59,1,14,33,47,0,40,16,2,15,20,18,46,22,42,56,39,10,13,26,60,25,35,17,49,8,27,43,41,21,62,44,31,36,53,5,63,7
45,31,4,44,21,51,13,14,8,61,49,50,60,24,22,27,28,52,18,55,39,34,42,12,48,23,20,25,17,53,16,59,5,26,0,6,37,62,7,40,38,58,29,43,15,33,19,35,63,57,47,32,9,3,54,41,30,10,11,36,2,1,46,56
12,52,30,13,17,40,15,29,53,37,19,24,18,46,62,22,60,9,45,56,58,44,47,33,0,59,10,35,42,8,11,16,48,3,41,57,25,26,27,39,6,49,23,14,28,21,4,36,32,5,63,31,61,51,50,34,2,38,20,1,55,43,7,54
50,21,10,14,44,59,39,22,60,3,2,42,56,0,29,49,8,32,38,26,47,41,63,54,17,34,23,51,31,28,53,58,33,27,35,45,37,12,19,4,57,36,11,20,40,16,6,13,62,48,55,9,61,30,5,15,7,24,43,18,1,25,52,46
1,21,36,33,6,52,20,45,60,34,13,27,38,62,58,19,23,5,31,59,44,32,16,18,28,25,15,24,29,7,53,41,11,2,37,61,40,0,54,4,46,56,30,47,8,63,39,9,3,12,49,22,48,35,50,57,42,17,55,51,14,26,43,10
39,7,43,30,20,51,29,63,19,17,41,32,44,16,24,35,8,25,14,40,45,42,61,31,5,6,15,2,47,3,18,4,28,37,55,26,11,12,60,34,23,56,22,57,58,10,49,62,21,0,1,46,9,52,53,59,36,27,13,48,54,38,50,33
38,22,54,33,16,24,47,31,46,56,20,32,6,40,5,27,62,35,18,42,44,43,4,59,13,55,52,41,8,49,34,57,17,29,37,28,9,12,60,23,48,3,39,1,7,10,21,36,2,15,30,63,25,53,61,58,26,14,51,19,45,0,11,50
22,11,23,54,42,21,51,62,41,10,48,39,32,9,30,52,34,40,0,37,53,31,56,8,18,2,15,38,58,5,24,60,28,4,50,57,6,7,16,26,12,3,44,1,61,47,43,36,25,45,33,20,29,19,14,59,17,49,55,46,35,63,13,27
19,41,42,14,34,32,21,5,60,44,47,15,20,37,39,51,10,2,3,28,9,25,54,43,6,23,59,26,22,0,48,52,7,33,24,36,61,11,56,17,29,4,30,16,53,55,50,46,40,38,45,57,63,31,62,1,12,18,35,49,13,58,8,27
43,11,49,56,29,54,5,21,39,8,23,32,27,34,28,2,37,12,47,61,0,9,31,48,19,24,4,57,13,50,63,22,20,14,62,58,18,51,52,35,10,3,60,17,26,16,40,30,44,55,42,41,36,25,53,38,7,59,46,6,1,45,33,15
15,25,52,49,37,50,24,22,13,18,32,45,5,62,48,36,12,51,6,57,46,31,33,10,0,34,35,54,17,2,30,28,40,19,38,63,44,27,3,1,7,29,60,53,61,9,59,23,26,56,4,43,58,11,14,41,47,8,42,39,20,16,21,55
38,15,37,4,63,43,30,41,56,1,35,61,58,20,18,50,19,28,48,3,34,53,60,12,45,31,10,23,8,22,36,2,7,57,59,52,9,46,26,47,40,6,11,51,24,39,13,55,54,29,42,33,5,25,21,32,16,14,0,17,27,62,44,49
27,34,6,51,9,0,5,39,57,62,15,42,24,20,61,35,19,10,48,37,56,17,59,12,45,52,47,2,55,25,41,18,7,21,49,8,46,63,31,28,50,22,53,29,3,54,11,58,32,38,40,14,23,36,44,26,16,43,60,1,4,33,30,13
61,52,37,44,8,16,55,39,13,30,62,2,57,32,49,19,29,42,17,28,27,11,47,46,14,7,60,38,24,10,54,41,26,5,50,25,18,23,1,4,59,56,40,33,58,12,35,63,53,21,20,48,36,43,9,15,3,6,31,0,45,34,51,22
38,59,29,55,58,42,13,17,51,43,56,48,35,41,22,30,47,9,7,6,45,16,3,53,33,18,1,11,34,62,54,21,32,37,60,15,57,14,25,10,12,44,23,28,40,52,31,0,19,61,50,2,49,4,20,8,36,5,46,27,39,24,63,26
48,25,61,22,11,49,10,47,24,35,54,45,4,38,5,58,33,53,19,32,0,15,37,13,18,55,9,30,23,14,26,50,40,60,63,12,51,57,3,17,59,8,52,39,20,27,29,16,21,43,31,36,34,1,44,62,42,7,46,28,56,2,41,6
37,0,60,14,51,26,3,55,28,56,43,17,40,5,11,57,44,33,53,15,31,62,48,32,49,47,58,46,54,36,59,30,22,7,38,24,13,25,23,21,52,20,18,27,41,10,2,42,9,8,45,12,1,35,39,29,19,61,50,4,34,63,16,6
63,12,45,4,34,8,13,3,42,26,28,1,31,56,2,23,39,19,0,9,7,35,11,59,24,25,50,48,20,44,10,49,18,5,30,41,47,57,29,61,36,51,60,27,54,55,43,40,14,32,62,15,17,6,46,53,38,21,58,16,37,33,22,52
49,31,19,4,11,51,39,46,23,26,38,7,18,47,1,29,43,15,59,54,33,10,13,55,45,60,27,16,32,50,48,63,34,6,42,21,44,62,3,35,53,14,17,9,61,56,5,28,8,36,22,40,12,20,52,25,57,24,2,41,30,37,58,0
27,57,54,59,11,58,36,56,34,32,55,17,25,53,28,43,16,3,44,13,49,0,40,14,21,19,52,22,45,8,35,9,61,23,48,1,24,5,39,41,7,50,63,37,12,47,38,51,62,2,60,26,46,33,15,6,20,18,4,42,10,30,29,31
20,13,33,34,42,37,52,15,44,23,58,41,4,43,27,9,8,25,0,17,49,38,39,16,55,10,2,6,12,62,32,24,46,22,56,35,40,36,45,61,14,18,57,48,31,47,11,60,30,7,3,53,59,54,29,19,28,50,63,5,51,21,26,1
59,41,13,38,45,31,25,52,47,33,10,36,37,54,6,8,19,32,63,29,7,53,35,26,46,49,42,21,24,50,18,12,40,61,9,16,17,27,57,3,5,22,44,55,56,58,20,23,14,34,60,62,28,30,4,39,0,51,48,2,43,1,11,15
14,1,24,18,48,29,36,20,62,38,13,16,19,43,30,25,12,56,2,52,58,37,8,63,45,7,51,28,55,40,10,59,9,35,54,47,60,34,32,23,50,0,57,41,6,53,27,15,17,3,26,33,39,44,31,46,49,61,21,5,42,22,11,4
40,18,7,0,9,60,26,59,36,54,1,15,37,55,51,12,38,34,39,46,19,3,21,22,56,49,5,4,29,27,32,20,17,30,61,35,47,14,11,6,24,31,13,52,57,58,42,62,63,50,53,44,45,16,48,2,23,41,33,43,10,25,8,28
43,58,24,53,3,30,39,26,13,44,60,45,32,48,52,5,38,18,63,41,50,55,47,15,51,49,34,19,57,27,16,22,14,4,2,17,0,59,37,7,35,28,33,54,12,40,31,6,10,9,21,25,36,61,1,29,11,23,42,56,62,46,8,20
12,45,17,11,4,25,54,51,26,0,32,56,33,19,57,27,22,10,2,5,28,49,53,46,39,42,30,35,59,41,60,18,6,7,38,40,3,36,14,1,29,52,20,37,55,61,24,31,34,44,48,47,23,16,21,58,9,43,63,8,62,15,50,13
54,35,40,17,55,48,63,1,44,10,53,26,16,9,25,5,20,62,38,13,24,18,11,32,41,58,8,36,61,2,29,49,31,27,4,47,56,21,30,45,57,6,0,23,60,50,3,52,14,59,46,42,43,34,22,39,28,12,51,7,19,33,15,37
30,36,19,58,55,24,29,44,3,2,54,7,38,11,8,6,63,51,40,50,35,12,23,53,61,39,60,0,56,1,46,16,48,17,52,32,10,41,42,9,25,5,14,28,15,45,21,62,49,59,34,18,4,33,26,43,20,47,13,27,37,22,31,57
5,26,44,61,59,14,52,9,0,15,28,8,42,38,23,49,29,33,43,46,27,40,11,24,4,3,37,48,51,19,6,18,35,60,31,58,22,16,34,2,39,20,54,47,30,36,21,55,13,56,12,41,32,17,7,25,57,10,50,45,53,62,1,63
12,29,30,25,21,15,53,51,44,61,60,26,43,56,23,50,57,40,33,8,62,11,31,9,2,63,36,39,46,22,41,17,47,7,55,35,20,13,24,14,27,48,16,34,58,19,32,49,4,37,10,52,18,5,1,45,59,3,28,38,54,42,0,6
9,47,6,22,10,51,62,24,34,4,1,18,52,39,57,29,2,45,53,32,20,55,44,49,7,14,42,27,50,28,60,30,21,48,16,26,31,63,59,25,43,23,17,13,58,41,3,8,37,38,19,40,54,36,56,33,5,11,15,35,46,61,12,0
43,4,41,52,37,11,57,59,21,42,23,8,2,13,30,46,24,29,58,39,63,60,44,25,7,19,20,10,15,50,22,54,45,35,48,61,56,47,9,17,31,0,40,12,3,49,5,14,32,36,38,16,1,6,34,18,26,62,28,55,53,33,27,51
48,9,8,2,14,43,59,58,36,63,23,62,45,56,61,38,31,15,22,46,17,0,50,49,25,1,19,26,35,37,57,5,33,44,20,40,12,7,10,34,52,13,60,32,41,55,42,4,54,16,47,51,53,30,29,6,28,18,3,21,39,27,24,11
30,22,28,18,7,17,35,32,57,27,43,3,33,11,44,38,6,61,56,12,59,5,14,34,25,15,63,36,29,45,55,58,10,19,51,31,47,2,60,23,50,9,40,62,52,54,13,16,4,21,26,46,20,37,24,39,48,49,1,53,42,0,41,8
51,20,28,56,13,48,16,15,59,31,6,26,38,58,63,29,5,9,0,52,22,46,11,19,35,54,32,60,23,1,61,39,36,24,41,7,44,42,43,33,21,27,10,2,3,55,47,14,45,4,18,40,25,12,62,30,49,8,37,50,17,57,34,53
7,36,2,62,38,20,16,61,37,44,9,47,1,54,21,23,56,18,53,34,55,48,58,26,19,15,11,42,13,10,27,8,39,5,3,57,33,24,22,30,14,49,17,46,60,50,59,0,52,51,40,35,25,31,6,12,41,32,43,45,4,29,28,63
56,14,46,55,45,59,18,17,57,52,26,61,43,36,21,54,5,63,53,51,1,38,8,12,49,25,24,2,40,20,19,62,34,47,31,32,58,33,0,44,60,27,30,37,13,10,11,6,3,4,16,48,39,23,42,50,29,28,15,7,9,22,35,41
62,47,3,22,52,29,25,18,60,1,48,20,50,61,17,13,7,42,16,30,23,33,34,40,43,10,63,38,35,49,24,55,45,57,19,15,11,27,0,8,26,28,41,9,54,4,56,14,36,5,12,59,37,31,39,6,44,21,58,2,32,46,53,51
29,35,24,19,39,42,3,15,52,23,47,56,54,49,55,20,9,60,27,5,10,46,57,53,13,11,12,7,37,63,30,38,14,40,51,2,62,6,18,44,26,1,16,21,36,31,58,41,22,25,50,33,4,0,59,34,43,17,48,32,61,45,28,8
13,48,57,6,31,20,14,27,12,33,49,2,56,52,55,38,23,40,21,24,26,43,15,7,16,59,22,9,62,41,61,28,30,29,35,11,44,10,36,4,39,1,19,0,32,25,46,17,63,60,51,42,37,3,45,5,58,18,8,47,54,50,34,53
52,62,33,22,49,45,9,42,27,4,48,15,13,14,43,3,63,47,51,28,1,16,57,53,18,7,34,20,56,46,2,17,60,54,50,12,24,37,0,21,39,29,36,55,58,35,32,61,59,19,30,8,44,23,31,38,6,41,5,40,26,11,25,10
55,56,2,48,34,14,38,13,26,32,60,31,7,63,35,42,6,62,51,18,52,28,37,12,20,43,49,47,22,25,16,46,1,41,53,54,10,40,19,50,58,30,29,3,44,21,4,8,24,36,11,0,9,39,61,23,45,33,17,15,27,59,5,57
33,21,6,59,24,25,49,44,27,60,10,56,37,31,1,58,57,20,26,5,9,38,43,45,29,62,14,40,15,12,22,55,8,7,51,23,11,3,52,47,54,30,32,28,4,61,19,13,42,50,46,18,53,36,39,41,35,34,63,16,2,0,48,17
11,56,46,27,25,2,57,12,9,22,13,59,60,3,15,49,8,34,35,55,37,21,30,1,39,51,14,28,48,58,16,50,44,31,53,7,38,43,18,61,41,4,54,20,52,0,63,42,33,6,10,45,36,29,32,23,19,5,17,62,40,47,26,24
0,30,13,53,50,49,20,26,8,14,58,47,51,10,19,44,25,3,16,24,31,41,22,6,63,17,4,35,38,27,56,5,23,28,32,40,59,15,39,62,12,33,7,2,37,46,55,21,45,1,9,42,36,43,18,60,48,52,11,61,34,57,29,54
21,4,47,29,13,35,54,15,10,60,30,40,8,11,61,59,18,20,50,26,48,16,7,55,25,37,52,62,24,51,23,33,39,17,31,42,46,27,12,22,32,44,1,3,28,41,63,38,0,2,9,56,36,49,45,6,34,5,58,19,53,57,43,14
37,22,35,0,50,13,21,60,2,36,3,57,59,7,45,43,33,34,46,28,24,15,6,27,47,55,9,56,48,31,10,51,30,63,62,40,12,1,44,53,41,38,4,32,25,20,52,17,11,49,61,19,23,54,16,14,58,26,5,39,8,42,29,18
30,6,53,9,38,19,47,27,15,20,33,40,44,63,8,56,21,43,0,3,5,39,26,42,10,57,16,23,4,17,61,59,58,13,31,55,34,25,45,54,46,48,18,14,11,36,51,52,49,28,1,29,41,50,37,24,12,60,35,2,32,22,62,7
26,34,47,46,28,22,29,38,32,50,11,10,6,59,21,12,23,33,41,4,0,5,2,18,30,48,43,57,56,42,7,19,36,25,24,1,52,20,60,27,40,13,31,54,44,51,49,39,37,15,3,61,9,62,14,58,63,8,35,53,45,55,16,17
1,49,46,29,17,24,61,37,35,50,44,13,57,5,2,45,22,8,42,36,60,39,21,18,43,63,0,3,4,19,41,48,62,27,11,30,52,10,32,16,34,23,26,51,12,31,47,38,59,28,56,7,53,6,58,25,54,15,33,9,14,20,55,40
33,29,56,30,5,57,51,13,36,45,16,59,26,9,58,4,32,35,48,46,50,41,52,7,62,6,18,25,2,43,47,60,42,11,37,8,0,17,49,15,34,20,14,53,10,1,24,39,27,55,28,12,63,38,54,31,23,44,40,21,19,61,22,3
46,54,61,51,55,6,53,25,9,16,12,59,38,10,22,43,41,20,0,60,50,35,11,29,39,13,5,28,3,19,1,45,58,31,36,44,42,24,52,40,26,30,2,47,32,23,49,27,4,57,37,34,33,21,7,18,14,48,15,8,17,63,62,56
52,38,16,59,45,0,43,13,23,14,51,26,12,33,6,36,60,32,29,5,34,40,54,44,46,2,63,7,41,25,27,39,17,47,22,50,15,48,3,10,58,11,8,53,20,55,31,37,42,21,62,35,57,9,4,18,28,49,1,19,56,61,24,30
10,33,61,29,49,24,22,37,20,4,31,5,0,25,42,30,11,34,12,1,63,6,9,62,13,38,44,17,46,3,60,51,57,50,16,14,28,54,8,32,36,18,15,47,39,48,21,27,52,58,40,35,7,55,19,59,41,26,43,45,53,2,56,23
35,60,13,48,14,62,18,52,9,31,32,10,2,30,6,42,58,21,11,59,22,63,25,7,38,0,8,55,15,54,53,19,50,61,43,28,12,17,57,44,47,4,36,27,16,3,20,51,46,33,1,26,41,23,56,40,24,37,49,45,34,39,5,29
63,51,55,40,38,48,9,10,56,11,37,20,54,16,30,61,18,6,17,5,1,8,39,28,43,12,47,49,14,2,26,7,4,0,32,42,19,44,57,15,62,24,36,60,46,22,53,50,3,34,23,13,33,59,25,29,21,35,41,52,58,27,45,31
63,15,5,33,17,35,42,49,21,6,58,18,53,45,48,24,4,43,54,22,10,25,40,44,38,39,20,9,62,47,7,50,1,0,41,31,11,59,28,13,57,27,14,29,51,16,23,3,26,12,52,2,61,56,32,60,19,34,8,36,30,46,37,55
30,7,9,13,4,14,54,53,3,35,52,57,24,33,41,47,56,58,6,39,46,16,11,18,51,19,29,59,27,60,31,48,63,12,1,44,32,45,0,36,5,49,20,22,26,15,50,8,34,37,23,61,10,28,62,25,2,55,17,43,42,38,21,40
44,1,59,4,3,0,27,56,17,19,28,6,26,13,60,40,22,38,35,57,7,29,16,21,18,30,53,46,5,32,20,8,37,9,55,49,31,12,63,48,15,51,50,47,24,11,23,25,58,39,43,42,36,2,34,62,10,52,61,33,54,14,45,41
44,8,3,6,30,16,7,18,31,38,17,46,54,58,60,42,0,10,52,9,55,49,1,28,62,33,4,22,43,14,51,59,61,5,35,20,36,39,47,26,40,21,12,56,29,34,37,25,57,53,23,19,27,32,50,48,41,24,11,63,15,45,13,2
2,5,54,49,24,8,44,42,34,36,40,23,7,18,25,14,33,55,1,31,38,39,15,0,32,9,48,16,52,20,12,46,3,43,29,53,22,30,63,21,26,13,19,28,6,37,60,41,27,57,51,56,35,61,59,45,62,10,50,47,17,11,58,4
23,55,40,49,50,36,58,22,24,47,28,53,46,38,4,25,9,12,33,27,2,5,11,59,20,37,39,51,30,29,54,43,21,35,14,1,6,7,18,34,42,15,60,13,56,19,41,16,52,8,26,63,32,3,44,45,17,57,48,10,31,62,0,61
6,2,3,29,22,62,13,28,59,8,18,53,30,27,46,23,63,21,52,47,12,57,10,34,35,1,4,43,31,11,58,39,32,24,61,48,56,25,0,20,16,51,50,45,26,19,5,60,42,49,41,38,40,14,7,54,15,9,17,44,55,37,33,36
5,38,3,15,18,40,56,25,34,2,1,62,36,44,59,7,52,50,49,11,54,53,32,16,42,13,20,12,61,10,9,28,39,58,21,17,41,0,26,31,48,46,37,6,23,47,63,22,35,33,30,27,60,55,19,4,14,51,57,8,29,24,43,45
51,4,62,13,12,1,49,8,59,11,29,5,35,36,22,48,40,39,23,50,7,14,26,61,47,46,53,15,57,42,45,20,54,19,34,21,6,25,30,41,16,32,31,33,27,0,43,52,18,9,2,17,58,44,56,63,3,60,55,28,38,24,37,10
2,27,45,26,30,18,34,63,49,32,28,57,61,40,54,46,21,31,42,9,37,6,56,22,47,33,7,1,36,11,15,55,29,39,48,16,23,24,60,44,4,10,14,8,25,59,12,3,51,41,13,43,35,20,50,0,52,38,53,62,19,5,58,17
53,49,19,33,58,5,46,24,23,47,31,21,10,17,15,30,51,16,25,34,29,0,40,20,37,8,22,28,57,42,7,61,11,44,4,6,38,9,48,59,60,43,52,26,50,2,35,55,32,62,3,54,39,18,45,56,12,1,13,36,14,41,27,63
52,39,58,7,14,43,42,55,17,33,49,41,47,26,30,44,60,35,57,6,3,8,59,50,31,11,15,24,13,37,36,56,38,27,45,2,32,48,9,29,0,28,1,20,18,63,40,12,21,19,22,10,61,53,51,46,25,4,54,5,16,23,62,34
51,21,35,58,16,6,1,25,54,3,61,18,8,45,34,41,10,37,38,42,32,57,62,9,29,48,12,20,31,59,28,5,4,22,27,50,56,53,11,52,55,17,46,40,47,7,24,2,30,33,0,13,36,19,39,44,26,15,43,23,63,49,14,60
60,31,3,50,48,24,43,32,16,26,23,15,61,55,54,45,53,39,56,33,63,19,35,25,13,7,11,58,29,51,27,36,49,18,4,37,34,22,5,20,2,41,14,21,46,42,38,62,12,1,40,57,10,30,59,52,44,6,9,8,17,47,28,0
25,36,27,7,9,44,38,40,23,30,11,58,5,4,21,14,55,39,37,46,57,13,60,53,59,26,31,51,56,54,3,22,52,47,41,19,62,0,10,50,15,49,35,24,1,48,17,32,63,45,16,42,33,8,20,2,29,12,34,6,18,61,28,43
15,23,62,33,17,48,51,7,18,53,40,14,1,27,52,50,16,63,35,9,10,12,32,3,44,56,4,47,55,0,5,61,26,24,11,42,22,41,57,19,60,28,6,13,58,54,21,49,20,59,30,37,8,46,2,45,36,29,25,34,38,31,39,43
39,61,30,46,45,28,36,21,16,10,50,49,25,56,26,3,37,8,34,0,51,18,42,35,20,52,53,43,19,29,4,60,7,17,12,24,48,55,32,38,63,6,57,31,11,1,22,14,5,33,23,62,41,54,9,2,40,27,59,15,58,47,44,13
63,49,48,57,53,31,0,28,11,13,44,45,12,34,47,21,5,16,2,26,42,19,9,30,3,10,20,40,7,35,6,25,43,29,52,51,56,62,46,18,32,41,33,36,38,23,55,54,15,27,58,14,24,4,61,1,50,39,22,59,37,60,17,8
16,57,51,38,30,62,36,60,2,43,40,26,31,41,5,33,25,11,61,56,63,4,17,59,46,49,19,14,21,8,28,10,55,18,7,34,44,23,20,45,27,24,13,1,53,58,0,48,54,32,35,3,12,6,47,39,29,9,15,37,22,52,42,50
38,2,11,54,17,12,34,30,19,39,26,14,52,62,63,48,41,1,18,33,21,50,53,4,35,42,44,45,60,24,49,3,43,31,59,61,7,28,23,20,6,25,15,40,57,10,51,8,55,58,29,5,56,16,47,27,0,13,46,32,9,36,37,22
34,3,45,39,59,11,43,8,20,55,19,13,31,63,21,23,15,62,53,38,14,26,6,1,16,33,7,18,28,30,56,35,27,58,50,12,25,51,54,17,44,49,42,24,40,48,41,32,2,60,57,47,4,5,46,0,36,29,61,22,10,52,9,37
15,59,2,45,40,3,31,51,38,11,52,28,0,25,48,56,14,9,63,61,44,1,37,26,13,21,24,5,10,36,22,54,41,46,57,55,16,6,43,19,60,34,4,58,35,27,62,42,32,30,20,33,53,39,17,50,49,8,18,7,12,23,29,47
11,52,18,49,55,26,39,50,12,38,51,23,41,13,19,60,29,40,25,42,62,33,44,57,15,53,4,3,20,6,56,37,61,35,10,21,32,63,30,5,46,7,27,36,14,43,45,28,48,22,24,34,47,8,17,0,58,1,31,59,2,9,54,16
11,36,47,40,7,51,58,9,26,22,0,42,62,8,23,63,29,32,59,5,4,24,17,34,49,53,16,37,38,3,39,60,45,13,52,43,54,50,46,31,30,55,57,25,56,41,19,18,20,35,48,27,21,10,61,44,28,12,33,14,2,15,6,1
30,40,14,43,11,17,8,51,31,21,9,63,54,50,28,32,61,35,48,2,62,7,36,12,47,23,4,3,18,13,1,39,34,26,53,10,16,27,6,24,59,0,37,19,56,55,25,45,41,38,49,29,57,60,15,22,20,5,46,44,33,52,42,58
1,56,31,55,11,22,14,0,27,52,3,58,7,57,9,4,5,34,2,46,50,51,8,32,40,45,25,33,28,44,10,26,43,21,13,60,37,16,12,35,49,54,18,29,6,62,42,53,24,19,41,48,63,39,61,59,20,17,47,15,30,23,38,36
61,0,40,9,53,33,49,25,46,63,54,51,15,38,20,8,52,34,41,4,59,27,50,19,26,39,18,21,60,45,22,36,58,13,31,10,28,37,14,62,2,29,55,6,3,56,57,32,47,12,24,23,44,35,16,1,42,5,30,7,43,11,17,48
9,63,52,42,53,34,6,58,17,25,8,14,16,40,15,49,43,51,5,59,18,22,35,55,29,12,44,45,62,20,24,21,28,3,31,11,33,39,54,41,26,10,13,56,60,0,47,7,32,1,23,50,36,61,4,19,38,2,48,27,30,37,46,57
26,23,0,7,9,19,46,18,11,59,58,37,47,25,10,20,38,4,34,12,1,43,45,30,21,16,63,28,40,52,5,39,22,8,61,56,17,36,2,44,50,27,55,31,15,53,14,24,29,62,57,51,3,41,32,33,54,13,60,6,48,49,42,35
12,43,52,24,23,39,15,17,25,51,16,53,44,37,30,5,63,20,9,8,31,41,7,29,26,36,62,57,6,40,47,38,49,27,35,13,19,59,56,28,22,4,3,55,42,34,11,45,46,58,21,18,10,54,2,1,50,32,61,48,14,0,33,60
3,18,23,11,33,41,35,6,30,7,34,37,29,0,53,9,21,20,26,61,58,62,4,42,17,39,28,32,38,44,8,25,52,2,50,43,12,36,59,15,47,40,57,24,14,27,48,19,49,22,63,54,1,60,46,10,55,31,5,45,16,51,13,56
1,17,35,12,51,56,60,41,31,24,50,42,39,22,53,0,5,37,11,55,3,49,44,19,8,48,2,57,25,36,63,15,38,40,13,46,43,16,7,23,9,45,47,26,20,21,61,32,62,30,59,34,14,54,4,6,18,33,28,27,10,58,52,29
37,51,52,0,23,42,14,31,28,21,48,25,35,10,2,40,5,50,30,13,16,55,7,63,43,29,18,3,1,44,26,6,34,60,54,39,32,12,20,33,61,56,41,19,38,59,9,11,24,22,58,17,62,46,15,49,27,47,45,4,8,57,53,36
47,63,44,1,20,45,6,15,62,9,33,46,57,7,48,34,60,2,58,8,14,55,16,41,36,29,28,42,5,56,23,10,31,30,32,59,54,51,50,52,17,19,13,24,37,22,18,53,25,26,0,49,11,27,4,40,39,38,21,12,61,35,3,43
57,60,55,56,33,30,13,62,47,2,42,59,51,0,21,37,9,43,53,12,24,61,17,1,35,44,40,29,19,32,50,27,25,36,45,26,23,11,39,41,14,63,10,4,3,52,31,16,28,15,7,34,48,8,58,38,49,6,18,20,46,54,5,22
11,62,15,17,32,60,3,19,4,1,56,31,53,21,25,37,55,51,63,18,0,36,50,54,41,23,59,39,6,28,33,34,30,16,47,44,48,38,61,5,46,8,7,22,35,20,45,52,12,2,57,13,42,24,49,29,10,26,40,58,14,43,27,9
44,60,59,16,26,37,15,61,35,23,24,55,34,36,18,29,49,7,25,63,62,31,1,28,21,17,41,53,54,20,47,19,9,14,11,8,38,45,33,13,5,4,22,30,48,42,40,32,39,3,12,56,57,50,2,46,52,51,0,27,43,58,10,6
33,11,6,36,0,19,54,59,57,60,52,58,16,45,12,32,15,24,2,23,25,63,7,53,31,48,39,30,34,27,21,55,50,17,22,56,40,18,20,8,37,61,26,35,42,29,9,49,46,41,3,43,38,10,5,47,28,44,14,4,1,51,62,13
22,52,49,56,63,15,35,53,3,58,44,38,7,23,2,61,32,20,0,9,34,62,41,12,30,39,50,57,13,51,48,11,28,14,46,25,42,1,43,60,26,45,8,31,5,21,6,10,24,18,59,17,4,40,54,16,27,37,33,47,36,19,29,55
22,26,9,20,15,5,21,13,23,18,1,11,43,24,47,31,35,39,33,44,40,28,25,19,41,29,61,38,58,12,48,8,16,37,57,52,53,45,63,17,6,34,7,27,10,62,51,42,0,30,46,55,32,60,3,4,2,49,50,36,59,54,56,14
34,58,40,29,19,54,7,62,2,63,20,11,38,33,5,18,56,35,42,43,53,57,10,16,13,0,12,44,60,36,23,4,24,51,61,6,27,45,1,25,17,15,9,26,50,14,21,49,59,30,22,48,8,37,52,32,47,31,3,46,28,55,41,39
24,48,46,9,0,23,56,57,19,29,15,55,58,43,25,6,27,13,18,16,49,54,21,47,22,50,33,12,26,63,17,40,45,3,20,11,30,4,35,62,2,7,51,53,39,8,34,42,41,10,38,28,44,61,31,14,52,32,59,1,36,5,60,37
5,35,17,62,25,43,3,52,55,15,54,61,28,21,19,22,9,6,11,0,45,16,8,50,7,41,47,2,4,34,31,1,24,53,37,49,13,32,40,58,20,14,18,46,39,36,27,26,57,12,59,51,48,38,63,29,60,56,30,44,10,42,33,23
53,1,39,59,52,2,29,61,40,24,55,17,10,7,50,26,34,45,36,48,14,23,13,22,15,44,43,33,25,28,19,63,0,8,38,49,3,27,16,6,46,18,57,32,4,31,62,58,51,56,5,20,21,42,47,41,60,9,30,37,12,54,11,35
15,50,29,17,2,18,38,13,16,62,22,26,0,42,58,31,12,36,37,28,19,47,1,33,21,53,27,6,8,41,7,43,35,44,56,54,49,52,11,23,39,14,45,55,3,10,40,60,5,57,59,32,34,30,48,20,4,24,46,63,9,25,61,51
12,48,26,44,63,9,55,23,32,40,53,2,11,51,18,49,52,45,39,42,28,33,24,57,22,41,20,50,37,5,59,1,13,3,31,0,4,36,29,35,6,27,60,54,8,34,43,38,61,15,46,14,7,47,25,30,10,19,17,56,58,16,62,21
11,63,23,60,6,7,16,30,13,33,28,47,51,31,18,59,3,5,52,1,10,55,9,40,58,62,2,57,17,0,54,34,56,27,53,41,24,49,42,20,21,46,4,35,39,15,37,22,29,12,8,50,25,45,48,32,14,19,26,36,43,61,38,44
28,27,41,33,1,17,7,25,37,16,31,30,61,57,40,60,11,6,49,2,5,4,55,22,19,52,54,34,56,23,43,21,10,63,9,39,44,29,58,3,36,53,0,18,48,38,15,12,24,50,20,62,35,45,14,47,59,51,46,32,42,26,8,13
22,37,58,59,43,49,60,4,32,26,8,5,56,1,13,62,14,3,20,44,48,34,47,12,9,40,46,39,23,7,24,28,57,21,2,50,19,16,10,31,55,18,33,41,61,27,29,30,6,35,38,53,51,36,54,52,17,11,45,63,25,0,42,15
56,53,19,2,54,16,12,32,60,22,30,38,24,40,55,36,51,15,43,37,25,50,27,58,47,18,44,49,23,10,8,1,3,35,42,28,62,61,13,14,9,57,39,4,7,33,26,41,11,46,0,48,45,20,31,34,6,29,5,59,17,21,52,63
20,62,26,33,3,48,27,15,10,51,12,21,17,6,39,56,54,37,24,59,7,19,63,22,61,5,32,35,55,31,40,43,38,8,36,58,25,23,4,1,53,2,0,45,50,29,47,13,41,34,44,46,52,18,11,49,16,9,14,28,30,57,60,42
59,1,50,26,24,31,35,48,4,7,51,17,40,44,8,63,49,2,32,19,43,13,56,61,57,18,54,14,36,37,60,10,6,55,62,16,3,47,15,33,23,41,25,22,27,52,0,11,21,46,45,12,38,30,39,9,29,28,5,20,42,58,34,53
54,55,36,49,63,38,45,27,22,44,6,60,61,29,53,41,26,17,56,11,4,39,43,13,59,19,1,2,34,33,40,31,62,57,48,58,3,18,32,9,0,47,7,37,51,20,23,5,24,10,30,16,42,46,25,28,8,50,21,14,15,35,12,52
31,1,19,6,44,21,43,22,34,4,15,0,61,8,32,63,11,49,37,13,5,52,16,18,53,59,20,45,47,7,50,60,14,55,3,46,29,57,58,41,51,23,39,35,27,38,10,2,42,40,48,24,28,25,30,26,17,12,56,33,54,36,9,62
43,0,32,17,37,47,31,34,49,3,52,27,58,13,44,15,14,56,30,4,59,53,1,16,48,55,6,7,40,25,36,5,50,42,21,33,28,18,24,57,10,60,62,54,41,2,9,12,51,19,39,8,23,63,26,45,11,22,38,20,35,29,61,46
19,30,60,63,22,47,36,45,13,61,42,56,54,25,58,21,15,55,53,39,33,7,57,24,59,20,1,11,9,14,26,38,2,48,8,3,49,17,4,34,32,23,50,51,31,5,10,28,43,0,18,6,62,41,37,40,35,16,44,12,27,29,46,52
20,17,44,26,9,38,41,5,48,1,59,46,32,0,4,15,39,8,24,12,47,60,31,33,19,62,7,27,55,30,35,34,61,57,29,43,40,28,37,3,14,25,2,10,42,11,22,6,23,16,58,21,52,63,54,13,49,45,56,51,50,53,36,18
56,57,11,5,33,7,1,30,31,55,2,6,34,41,20,13,16,21,50,39,45,47,52,36,46,51,22,27,60,37,48,23,26,62,42,25,54,14,61,32,4,18,49,19,24,3,29,28,53,15,44,63,8,17,9,35,43,59,38,58,40,0,10,12
60,49,38,16,50,5,56,28,27,18,39,12,13,14,1,36,6,15,4,41,8,35,31,51,26,33,9,42,32,46,52,62,2,43,10,23,22,40,53,57,44,55,48,63,61,59,17,0,3,19,11,58,47,7,25,29,37,54,21,30,34,45,20,24
16,30,32,35,40,7,8,11,41,46,18,24,31,62,38,9,17,63,29,33,19,44,36,47,42,48,54,34,10,58,53,13,0,23,5,49,12,26,55,21,37,1,52,56,45,22,39,61,2,3,27,51,20,57,25,43,15,6,50,28,4,60,59,14
52,50,54,60,5,10,25,40,47,37,34,59,61,39,12,44,4,41,8,26,28,49,21,57,45,55,1,24,18,46,14,38,43,15,9,27,6,30,20,63,33,23,3,0,51,22,32,13,16,11,58,2,7,53,48,62,56,42,31,36,17,19,35,29
56,53,33,8,61,2,3,23,52,7,38,0,5,15,46,11,59,26,25,27,57,42,6,22,28,16,20,24,10,44,4,62,34,55,31,51,43,60,9,54,49,1,13,37,47,21,29,18,50,30,41,12,48,35,36,45,17,32,58,39,19,63,40,14
62,37,7,15,42,58,10,26,33,36,23,48,28,11,56,13,2,1,31,6,59,61,34,3,60,44,35,39,49,50,18,0,40,9,12,4,22,55,8,43,53,54,25,45,19,32,57,21,38,41,5,46,52,29,63,24,47,51,16,30,27,17,14,20
36,23,20,43,10,45,30,5,50,27,11,51,48,18,2,34,3,7,15,47,17,42,60,59,4,28,1,54,56,16,49,35,63,6,0,33,24,14,39,13,53,40,8,29,26,12,55,37,52,61,21,41,44,19,9,46,25,38,58,22,32,57,62,31
57,45,47,15,46,59,54,55,19,26,21,48,34,51,12,24,8,13,62,40,58,60,37,27,11,14,36,5,53,43,50,56,35,41,20,49,16,31,29,63,28,33,17,4,6,44,3,38,0,23,18,1,39,25,9,61,10,30,52,7,22,42,2,32
55,19,63,53,23,17,13,11,39,6,2,60,47,4,61,58,49,29,18,59,42,48,50,1,10,36,62,46,0,33,31,14,51,52,22,41,30,16,37,43,35,38,21,7,32,27,57,45,3,15,26,25,24,40,20,44,5,28,9,56,8,12,54,34
53,61,44,29,3,27,37,11,0,31,35,47,41,40,20,10,15,9,30,21,63,24,17,19,56,39,8,32,48,58,50,59,26,62,13,5,43,42,7,12,55,49,16,18,14,23,54,2,51,45,52,33,38,57,36,34,4,1,60,22,46,6,25,28
37,58,45,21,27,3,4,52,13,17,41,16,56,0,39,14,53,33,11,22,44,28,63,1,5,7,10,60,43,32,12,50,29,19,48,30,2,49,15,35,6,42,61,62,20,36,57,46,31,38,9,34,51,55,18,59,25,47,23,54,8,40,24,26
59,43,63,26,0,19,50,11,22,56,16,57,62,28,8,32,49,1,30,9,60,24,51,61,39,17,46,38,3,34,2,29,58,5,44,10,6,20,45,7,41,27,12,40,14,35,48,54,42,47,52,37,4,36,31,21,25,53,15,13,55,23,18,33
62,5,48,38,60,52,40,17,11,8,54,35,6,28,51,56,29,41,31,0,37,55,18,26,25,16,46,13,53,34,4,9,21,49,10,30,1,12,27,23,50,19,33,47,59,43,63,15,61,2,3,36,58,44,20,32,7,24,22,45,57,14,39,42
57,23,59,3,8,53,0,27,47,6,63,7,33,37,55,46,16,52,4,34,9,15,29,44,10,35,14,58,49,60,61,41,32,50,43,20,24,42,40,12,31,11,26,48,21,5,17,19,54,30,18,28,25,13,56,38,36,51,2,39,1,45,22,62
17,57,46,12,44,32,25,20,33,45,6,52,37,56,54,22,35,41,29,49,3,50,30,61,28,43,8,36,26,11,5,24,47,27,14,18,60,31,51,13,2,7,58,15,62,16,55,0,9,48,4,23,59,10,39,42,40,21,63,1,34,19,53,38
14,4,24,34,27,51,18,47,40,12,16,50,5,15,2,54,1,52,61,11,49,62,41,38,9,32,53,17,3,29,48,26,37,20,8,39,30,36,21,33,59,42,43,46,13,56,23,10,60,57,19,6,25,22,55,44,35,31,45,0,28,7,63,58
28,50,3,34,38,7,39,20,25,15,62,40,21,0,57,10,31,33,61,53,6,41,56,36,43,18,30,12,42,48,22,4,23,24,59,35,32,1,11,8,54,37,47,55,60,63,51,52,44,19,46,26,17,16,27,9,13,14,5,2,29,45,58,49
62,40,58,5,25,15,3,53,43,24,63,11,14,44,9,54,33,38,21,31,27,17,42,4,8,49,16,37,30,60,39,46,36,41,35,51,47,34,20,29,19,22,0,45,61,28,23,12,56,26,1,10,7,18,52,55,32,6,59,48,13,57,2,50
57,32,16,6,1,52,9,56,62,60,42,27,33,4,31,14,48,59,36,54,23,21,13,2,8,10,35,63,43,5,0,39,24,26,28,51,38,44,18,30,55,47,19,61,7,29,34,45,20,53,11,3,41,17,49,15,37,22,40,46,58,25,12,50
16,4,28,63,35,32,21,47,50,62,8,39,55,45,27,17,41,36,14,42,18,54,37,24,60,61,29,30,13,22,10,26,51,15,20,46,19,3,52,34,2,12,56,58,59,1,48,0,57,5,43,31,40,6,33,7,9,25,49,38,23,44,53,11
35,60,51,38,48,54,26,31,8,11,19,22,18,5,36,21,16,6,3,15,52,45,49,14,29,61,39,28,40,34,41,2,33,9,27,4,23,0,1,44,30,24,59,46,25,56,17,13,32,53,47,20,62,12,58,10,7,42,37,63,50,43,55,57
56,39,12,3,8,25,60,24,38,53,61,28,13,31,59,63,19,10,27,15,46,58,37,0,22,43,21,17,40,51,32,44,45,14,30,41,57,1,49,62,55,7,23,34,42,4,50,5,16,36,52,33,35,18,20,54,11,2,48,47,9,26,29,6
37,46,51,14,3,26,48,52,42,45,19,34,27,13,31,28,25,15,20,6,30,16,10,59,4,5,57,49,56,24,55,1,53,22,21,50,11,43,29,7,0,2,17,63,47,33,44,60,58,32,40,38,12,61,18,36,41,8,62,35,54,39,9,23
23,34,7,18,0,46,12,25,51,55,9,48,10,22,16,47,45,14,37,26,29,50,35,32,19,39,28,62,54,58,53,15,52,38,41,43,3,56,61,6,17,8,49,40,4,36,20,57,1,31,30,33,24,13,2,44,11,60,63,5,27,21,59,42
46,41,47,56,18,37,58,20,33,43,35,30,48,61,1,17,32,63,39,45,24,44,21,13,42,0,23,6,5,40,31,55,36,14,34,29,12,59,11,9,7,38,22,53,51,2,62,49,26,3,15,19,50,52,60,25,28,8,10,4,16,27,54,57
24,44,60,30,5,48,29,41,28,39,16,4,50,18,59,27,54,26,57,12,42,0,49,61,36,15,7,38,37,53,45,22,55,3,52,35,62,47,23,11,40,58,9,20,46,2,32,13,21,19,31,33,14,8,17,1,43,63,56,25,10,34,6,51
29,59,50,47,17,18,10,44,36,43,56,52,51,6,31,2,35,3,40,41,54,58,57,37,42,62,4,9,1,11,21,49,22,16,33,15,23,12,60,8,0,19,13,63,27,39,7,55,48,28,61,45,5,14,30,38,26,25,46,24,34,20,32,53
60,18,2,17,43,27,24,16,0,14,45,39,20,19,32,36,59,8,55,44,6,49,35,54,56,37,52,50,47,48,34,31,46,51,57,61,15,28,58,7,41,4,53,62,33,10,30,3,9,23,11,38,42,40,63,5,26,13,29,12,22,1,21,25
59,57,0,27,61,24,11,32,46,47,39,28,62,19,13,51,37,44,23,29,42,5,43,1,22,9,12,55,40,2,54,8,52,14,41,21,60,35,18,58,25,20,33,7,49,34,10,50,56,63,15,30,38,26,4,31,17,6,36,3,16,45,53,48
11,8,18,33,52,42,40,56,28,1,48,44,38,17,55,26,35,59,6,19,32,60,53,7,34,58,57,24,23,36,39,2,22,15,10,50,49,25,31,0,21,29,27,14,16,41,9,20,30,13,37,45,62,4,51,61,63,5,46,12,47,54,43,3
38,30,40,7,4,42,60,33,26,5,25,19,2,31,28,58,41,20,3,48,63,15,59,54,23,35,50,57,9,27,49,52,45,55,24,32,46,29,22,6,44,12,11,36,14,1,21,18,37,39,53,51,56,10,47,8,17,16,43,13,61,62,34,0
4,22,26,58,57,12,19,47,59,40,50,39,38,2,51,34,16,27,56,32,41,60,46,45,61,25,42,9,14,11,44,52,6,18,33,23,7,49,24,17,21,29,54,31,5,53,37,35,30,0,8,15,20,13,3,43,55,28,1,36,62,63,48,10
50,60,43,23,41,52,18,25,44,53,22,33,39,7,51,6,56,58,46,11,47,12,61,31,2,45,3,20,32,15,36,62,0,40,48,63,13,9,38,26,34,19,16,37,17,35,27,30,55,21,59,42,14,10,8,28,29,49,54,24,5,57,4,1
27,19,40,51,26,62,16,1,31,25,6,10,30,11,29,38,63,7,50,2,21,4,15,5,57,32,54,17,33,44,61,49,46,3,23,34,59,45,56,58,13,28,37,42,0,60,9,14,36,48,47,8,24,18,43,22,41,53,52,39,20,12,55,35
24,47,44,57,28,54,10,58,11,30,4,45,53,40,9,38,51,46,37,3,32,7,16,0,2,39,33,15,42,35,62,22,52,60,63,5,25,48,27,61,17,18,8,14,6,36,34,56,29,41,49,59,12,19,31,26,50,43,20,21,1,13,23,55
22,49,41,23,3,36,13,54,8,38,4,5,20,9,52,6,29,30,27,35,40,43,51,63,56,44,55,18,0,34,26,19,7,15,14,10,32,37,42,45,21,53,57,11,60,33,2,16,1,25,17,28,24,31,58,50,39,47,48,12,59,46,62,61
47,44,39,46,54,24,35,6,11,7,56,3,2,61,5,63,60,28,19,31,27,4,50,57,16,43,8,36,37,55,25,41,15,53,48,29,26,18,45,0,20,49,22,51,33,42,30,21,17,14,34,32,12,58,40,59,52,13,10,1,23,9,62,38
29,18,42,21,30,36,46,10,25,24,26,54,34,35,48,23,4,11,40,58,59,33,13,50,55,41,39,60,17,5,22,2,28,16,52,9,12,51,57,19,6,20,45,3,14,43,56,63,15,27,38,7,62,37,31,49,61,47,53,1,8,0,44,32
1,21,59,33,7,44,8,26,4,52,10,12,16,56,43,57,63,17,39,42,50,32,18,22,47,0,14,54,3,40,19,20,2,48,30,31,13,38,55,37,34,61,5,45,6,24,35,49,9,51,11,15,29,53,36,27,60,41,46,62,28,25,58,23
61,44,25,8,38,58,0,63,17,40,53,12,60,52,27,29,59,56,49,13,39,41,57,15,45,51,32,47,62,26,6,14,42,24,10,19,7,21,11,55,36,5,34,28,35,18,22,2,30,3,54,43,16,33,48,31,37,4,50,1,23,46,9,20
13,29,24,48,36,14,32,38,20,57,54,42,56,49,53,5,12,16,9,58,46,17,25,50,45,10,2,6,55,23,44,26,43,19,63,11,33,4,40,18,51,28,39,35,47,7,21,27,1,41,30,62,60,37,34,31,15,8,61,3,52,0,59,22
59,16,13,40,49,42,26,15,21,20,22,61,30,28,1,2,41,37,39,44,6,4,56,24,11,46,14,29,33,7,32,60,35,48,58,0,9,31,12,50,3,47,52,54,23,17,43,34,36,10,62,45,5,18,57,27,51,19,55,25,8,53,63,38
32,14,33,48,34,42,63,29,15,28,37,57,6,17,61,53,7,30,54,25,3,51,56,9,60,59,41,36,62,4,31,10,38,52,21,27,47,16,1,55,49,5,2,26,23,19,0,40,13,22,35,20,50,8,18,44,43,58,46,39,24,12,11,45
32,27,54,29,59,24,18,30,6,53,46,39,1,2,49,17,52,4,36,19,55,40,61,11,35,21,33,50,25,26,42,31,62,34,10,12,57,28,13,8,58,15,20,14,45,3,44,51,16,23,0,63,7,56,37,9,41,60,48,38,5,22,47,43
46,50,30,11,38,42,9,5,58,63,14,29,61,62,3,49,36,2,19,17,16,47,32,8,45,34,37,60,4,24,59,53,48,1,31,40,52,56,26,39,33,57,0,10,43,25,20,28,54,27,12,15,51,6,41,13,23,21,35,7,22,18,44,55
22,50,12,4,8,29,57,7,16,58,56,36,38,35,25,20,60,48,37,24,28,51,53,52,62,23,5,0,27,6,45,11,47,32,15,63,41,19,40,54,49,10,17,9,43,18,1,39,42,14,21,61,34,59,46,30,31,3,33,55,2,13,26,44
21,57,56,50,24,51,42,2,55,19,37,47,33,48,8,1,17,13,23,60,30,4,10,62,26,5,29,18,58,59,36,9,16,0,53,34,49,11,32,39,28,27,25,20,61,3,52,54,12,31,63,43,15,6,35,40,44,14,38,45,41,22,46,7
28,21,25,20,62,12,58,49,5,37,8,29,47,4,44,16,14,48,36,42,27,19,3,26,30,59,22,35,50,32,7,0,60,52,9,11,61,24,2,41,55,23,10,17,33,38,53,13,1,15,34,31,54,63,56,18,40,46,6,45,39,57,51,43
58,45,47,13,52,26,34,3,0,4,18,60,50,16,59,39,1,24,56,10,12,53,25,28,48,29,49,20,30,35,38,63,21,8,54,61,6,40,55,2,19,31,44,36,41,22,9,43,51,42,17,57,11,27,62,32,5,46,33,23,7,15,37,14
58,42,60,2,57,53,21,54,48,38,9,52,55,3,6,51,35,63,59,33,26,4,43,39,5,31,46,50,37,30,28,40,7,18,41,56,23,10,29,17,45,15,16,19,25,20,14,11,32,12,0,24,47,27,36,44,13,8,1,34,61,62,49,22
22,7,31,35,12,62,32,13,29,38,30,18,24,44,45,60,23,26,58,36,46,47,43,52,17,27,0,37,55,56,63,20,19,41,48,21,5,61,9,25,14,49,40,2,10,16,51,3,42,53,11,34,4,59,1,28,33,15,39,50,8,57,6,54
30,62,58,13,0,63,20,38,40,14,22,28,33,55,59,50,32,10,52,47,45,23,36,61,9,27,21,11,37,8,18,48,53,41,16,42,24,1,6,25,57,29,51,2,56,31,54,35,3,49,17,7,19,15,34,43,5,4,46,60,44,12,39,26
53,52,55,7,15,30,33,22,6,38,10,61,11,14,19,28,21,43,57,63,48,41,45,27,2,9,46,44,12,54,35,3,13,25,29,31,42,50,5,39,62,56,49,59,23,17,60,26,20,51,0,16,32,58,18,34,8,4,24,1,47,37,36,40
39,11,16,20,47,15,13,2,41,12,53,58,17,5,9,33,62,26,46,10,22,6,49,34,27,51,30,21,0,60,63,14,50,32,19,48,24,59,42,7,43,1,52,55,40,36,54,23,45,28,25,35,37,61,3,4,31,8,44,56,29,57,38,18
25,35,4,51,32,28,56,31,3,58,6,55,49,54,44,20,8,22,7,41,45,62,47,10,29,21,46,1,5,18,9,26,42,36,13,27,0,63,2,15,59,17,23,30,19,37,61,12,34,50,52,16,11,38,53,40,33,57,43,14,60,48,24,39
37,6,47,15,5,10,55,22,20,49,53,42,1,34,23,16,59,45,35,30,18,4,28,32,62,56,19,17,12,27,13,52,60,51,7,25,8,40,48,29,63,38,9,11,31,0,2,57,39,61,33,36,58,41,43,21,26,46,24,44,14,50,3,54
7,51,8,25,10,0,63,36,13,11,50,15,24,17,55,9,49,19,53,39,23,61,48,44,4,32,42,27,14,6,59,30,58,45,41,35,54,2,46,34,33,37,18,5,29,12,47,40,56,57,62,20,21,60,28,1,3,16,38,31,43,26,22,52
34,50,26,41,62,55,14,59,11,10,16,5,3,17,53,12,60,23,63,54,25,38,6,21,0,49,29,36,43,32,40,35,30,4,18,52,19,58,37,61,47,33,48,15,31,27,1,28,13,2,20,39,56,51,22,44,57,7,46,9,45,24,42,8
40,12,8,0,47,44,45,46,10,63,5,18,13,32,62,39,34,41,14,55,28,26,6,11,57,43,17,38,60,29,15,1,20,3,9,19,58,52,30,48,23,33,21,22,50,27,16,51,59,4,7,36,53,61,24,35,37,56,54,42,31,25,2,49
29,21,43,14,4,58,2,61,27,50,33,32,53,60,10,56,37,16,49,6,26,57,45,13,52,22,30,41,31,0,3,55,17,36,42,15,25,47,40,8,5,23,62,19,51,48,20,54,59,11,1,34,44,63,28,7,39,38,12,46,24,18,9,35
56,20,15,30,14,46,34,43,57,35,33,54,27,40,7,52,31,18,0,50,5,48,28,53,42,13,3,23,19,25,45,37,21,55,9,29,16,41,6,39,10,38,1,2,11,8,44,32,58,47,60,26,22,12,4,59,63,17,51,62,49,61,24,36
39,18,54,56,47,20,28,50,17,12,63,10,51,49,14,4,6,29,59,46,38,15,61,45,53,26,9,25,30,57,32,60,21,33,3,1,16,35,37,52,19,8,48,31,13,5,34,62,11,40,23,2,43,58,55,41,27,0,24,44,22,42,7,36
58,14,40,22,61,33,59,53,42,32,44,43,63,20,13,2,0,10,7,3,62,46,23,17,27,15,36,30,57,54,24,60,49,55,11,28,38,19,5,48,39,34,21,45,31,35,56,1,29,8,37,50,25,16,12,41,4,52,47,9,6,51,26,18
38,61,48,54,1,12,49,60,63,20,11,32,22,41,31,53,4,55,40,30,62,16,24,8,14,29,43,47,50,37,7,23,36,51,52,18,5,28,58,3,56,34,27,15,17,33,21,45,44,35,10,39,19,25,13,59,46,2,57,26,6,42,9,0
63,2,53,27,40,45,6,0,26,58,28,23,36,17,21,12,38,32,7,37,56,1,55,11,35,39,9,8,30,19,14,13,62,15,5,3,24,46,44,25,57,10,16,54,20,48,51,52,41,42,22,29,18,4,31,47,60,59,49,33,61,34,43,50
3,62,1,7,50,14,54,6,33,5,36,40,27,42,60,39,25,32,18,12,20,4,56,28,48,8,52,2,11,37,51,46,58,15,19,55,17,24,59,26,57,10,13,45,31,49,29,44,41,53,35,30,34,23,22,9,21,47,43,16,0,61,38,63
5,40,24,3,29,54,4,52,36,62,11,16,19,51,34,0,27,33,21,41,32,56,1,47,28,53,20,6,7,59,63,43,60,44,55,61,48,2,46,35,10,58,22,37,18,25,9,26,50,14,17,38,15,12,42,23,8,45,13,31,30,57,39,49
58,14,47,44,25,10,22,4,6,59,2,50,30,35,49,17,9,20,37,15,16,48,39,36,61,11,8,42,32,19,13,3,57,55,63,0,40,29,33,24,62,5,41,27,56,31,52,46,21,23,26,60,51,38,54,7,28,1,53,12,43,34,45,18
0,8,35,22,20,6,2,39,11,40,18,31,63,27,25,43,3,59,62,37,23,46,34,50,54,36,1,9,17,14,29,44,61,49,51,41,16,60,48,57,52,47,38,42,55,13,15,33,21,28,7,53,45,58,24,32,30,26,56,10,4,19,5,12
14,2,39,31,47,61,13,24,22,40,52,30,59,16,34,8,57,37,1,32,11,36,27,15,45,41,4,38,53,58,26,60,6,42,43,29,28,10,55,23,50,7,0,9,19,20,49,62,17,5,63,44,51,18,54,35,48,25,12,21,3,33,46,56
59,53,5,31,41,54,42,1,2,12,34,20,50,35,39,44,49,23,3,47,15,58,26,45,24,0,40,25,62,21,43,6,27,30,9,19,33,37,14,29,56,32,8,55,10,46,48,61,36,28,4,18,57,51,16,38,7,13,22,17,63,60,52,11
49,20,32,16,47,29,13,25,39,17,27,15,6,56,48,33,0,2,31,41,12,22,61,53,18,35,45,8,3,21,10,1,59,63,37,4,7,42,57,46,43,52,23,58,28,55,14,51,62,9,60,30,34,38,40,24,11,54,5,36,44,50,26,19
46,62,39,58,63,54,26,27,12,24,2,52,21,15,36,23,16,29,18,45,34,4,50,14,1,49,20,22,48,61,40,17,51,44,30,47,57,8,38,7,10,59,35,28,55,11,6,31,5,32,37,25,33,19,13,53,0,9,42,60,43,56,3,41
26,2,3,59,12,34,25,18,0,60,54,30,17,61,52,43,9,62,39,58,44,51,56,15,49,11,27,57,4,28,6,13,14,41,40,20,7,38,35,45,23,22,29,8,50,33,36,37,24,32,21,42,63,47,48,53,10,16,46,31,5,1,19,55
49,46,32,56,4,42,25,2,57,16,17,34,59,52,5,51,30,45,41,58,29,38,19,1,47,50,14,60,15,11,44,55,61,37,43,10,9,54,24,48,33,20,53,39,12,63,35,22,0,40,3,62,6,8,23,28,27,31,13,36,21,7,26,18
33,36,19,55,25,51,5,59,53,35,49,39,11,31,8,21,13,7,14,29,4,9,6,60,44,26,57,41,37,16,18,17,50,2,34,48,58,24,3,45,0,56,32,20,46,62,61,30,54,10,42,22,52,40,1,38,15,63,12,23,28,43,27,47
27,15,13,5,9,14,16,26,52,31,35,49,33,19,50,6,3,2,61,54,55,11,62,53,47,32,42,8,10,0,20,63,34,38,44,36,59,22,18,45,37,12,51,29,1,58,25,39,40,21,23,57,60,4,7,46,28,41,30,43,17,24,48,56
23,37,13,54,50,26,60,25,24,33,52,57,31,36,47,30,20,49,21,44,0,41,22,28,4,14,43,9,55,53,11,18,6,51,42,40,29,5,17,34,8,63,19,59,12,27,10,56,39,2,46,38,58,15,16,48,3,35,62,45,1,32,7,61
49,30,61,37,52,51,16,22,20,29,14,63,34,47,26,60,36,1,13,19,18,41,27,31,8,59,48,56,25,57,45,5,44,0,32,23,40,21,3,4,35,33,24,9,17,42,15,53,2,50,10,7,43,11,38,54,55,6,58,62,39,28,46,12
13,62,33,21,36,30,16,47,37,42,61,52,31,27,43,40,28,6,34,7,24,56,58,11,22,8,44,46,9,26,48,0,15,41,53,19,25,10,20,12,55,32,3,57,18,45,17,54,63,4,29,14,5,50,2,60,49,35,1,51,38,59,23,39
49,61,29,55,41,54,42,37,39,40,31,13,11,22,50,7,53,35,17,56,24,8,51,21,16,6,2,14,34,18,58,26,36,12,0,44,48,52,23,43,46,4,28,33,9,62,1,27,38,45,10,63,15,19,3,25,30,32,57,47,59,20,60,5
15,40,27,50,61,58,16,24,63,35,14,41,11,3,18,28,20,54,53,26,57,1,38,60,47,29,45,56,51,5,19,0,10,31,42,62,37,33,44,36,48,59,39,52,25,46,23,55,49,7,22,21,9,12,43,8,17,4,6,30,2,34,32,13
11,21,58,16,8,30,60,40,43,50,63,15,46,39,48,4,33,54,24,1,5,44,20,42,51,35,61,12,29,45,34,26,36,52,7,0,13,37,22,3,17,9,27,28,2,56,18,49,41,57,25,32,31,38,47,59,6,23,10,14,19,55,53,62
59,39,9,3,22,47,17,55,23,1,20,35,8,50,21,40,13,34,28,0,52,57,44,30,63,10,41,51,61,16,29,33,48,26,36,6,4,27,12,43,25,42,54,24,19,37,49,2,18,7,60,45,15,46,38,58,62,14,56,32,31,11,53,5
21,19,28,57,55,38,29,37,40,24,34,9,16,5,27,3,59,63,8,31,20,61,54,26,60,33,14,13,52,47,17,22,39,56,58,25,0,62,45,53,49,42,23,10,11,4,1,46,12,48,32,50,43,7,18,51,35,41,2,36,44,15,6,30
54,34,29,18,59,0,24,4,55,57,52,62,10,26,37,51,36,7,41,35,8,44,49,31,23,28,38,17,11,27,40,63,16,32,58,20,39,5,6,30,25,46,61,21,19,9,2,48,33,42,45,14,60,15,13,3,50,43,56,47,12,1,53,22
49,3,45,8,35,24,58,33,18,25,15,57,13,6,47,9,52,21,2,36,51,38,41,10,4,59,53,50,42,56,11,46,63,37,30,1,28,20,17,16,61,55,5,44,22,40,31,60,7,29,0,54,14,27,34,12,19,23,26,39,43,48,32,62
17,58,41,32,63,59,34,55,31,21,16,40,18,4,35,3,43,47,13,1,11,61,22,46,24,51,53,50,26,60,42,20,7,54,12,37,48,23,28,25,9,49,6,19,52,62,15,56,45,14,39,30,10,44,27,0,57,2,36,33,38,29,5,8
42,43,18,24,40,37,63,6,2,19,31,11,49,38,29,1,9,32,10,34,61,47,14,20,0,23,62,25,7,52,51,16,39,55,44,27,5,21,35,50,8,4,26,33,22,36,56,3,48,12,60,15,41,58,59,30,45,17,57,46,53,13,54,28
37,25,36,59,20,63,34,43,61,15,24,31,28,52,6,60,21,41,48,17,8,30,42,35,23,54,56,49,13,3,1,47,53,19,38,9,22,14,27,32,33,50,55,4,46,45,39,11,12,0,57,51,62,26,18,16,40,44,7,5,58,2,29,10
32,50,44,57,4,59,13,38,51,49,0,8,20,11,23,15,40,43,33,34,54,27,37,2,10,6,62,5,53,21,42,36,31,22,24,26,18,52,39,16,29,1,55,56,30,3,45,48,19,9,47,46,17,41,12,25,35,61,7,14,28,63,60,58
61,27,47,14,16,0,20,26,12,58,54,34,28,51,31,6,60,56,41,59,46,50,57,53,24,10,35,19,33,2,32,13,49,36,62,7,17,4,40,25,63,8,37,43,3,48,52,23,39,29,55,22,44,15,5,45,42,30,11,38,18,1,21,9
9,43,48,54,39,44,18,61,12,29,17,37,47,4,23,1,3,7,20,28,26,30,46,2,52,6,49,55,22,15,34,25,42,40,36,8,13,57,63,56,50,45,24,19,62,16,51,14,60,31,5,53,41,32,27,58,38,0,33,35,21,59,11,10
18,2,42,51,56,55,61,48,49,33,50,24,8,10,11,26,54,45,14,34,16,27,41,46,62,6,29,1,12,60,31,53,17,52,35,7,36,63,25,32,28,15,40,38,4,58,22,23,21,3,9,20,39,0,30,5,59,57,43,19,44,37,47,13
34,44,54,53,63,27,25,29,6,38,43,55,39,37,61,57,9,60,45,24,46,22,26,35,5,14,51,62,47,1,41,48,2,50,4,30,23,21,59,49,40,28,52,0,58,17,20,16,7,42,33,56,15,8,32,3,11,10,31,13,12,18,36,19
50,28,11,2,53,4,31,46,21,61,19,5,43,27,26,7,39,10,40,8,16,49,6,32,14,48,3,44,62,52,20,59,29,63,17,0,42,35,60,18,47,54,38,33,25,23,30,24,58,15,1,55,56,12,13,57,51,9,36,37,22,41,34,45
57,14,27,53,40,58,22,2,16,15,38,28,47,30,61,56,24,39,32,17,9,63,13,0,62,59,6,37,46,26,4,36,3,55,18,51,50,35,25,1,44,52,19,48,12,11,8,54,21,20,23,31,60,29,5,34,43,10,49,41,42,7,45,33
32,27,15,55,29,21,10,62,47,58,24,18,14,0,42,37,2,8,46,39,5,17,48,4,60,45,33,12,34,31,23,43,51,11,38,25,54,13,49,26,52,59,9,63,36,19,1,53,22,61,57,20,56,44,41,16,30,50,3,7,28,35,6,40
23,39,45,21,1,7,43,0,30,4,57,44,34,5,33,17,3,55,56,49,62,12,52,15,28,8,42,25,63,19,47,46,61,53,58,35,18,31,16,9,29,22,6,32,38,10,48,50,13,60,14,27,11,54,37,2,51,36,40,24,20,59,26,41
62,31,54,36,58,10,14,23,15,43,42,21,18,63,37,7,12,24,44,49,39,32,51,13,16,19,22,17,35,53,33,2,34,48,47,60,56,27,1,50,20,40,6,0,11,25,30,59,26,38,5,28,57,45,9,41,8,52,55,3,61,4,46,29
11,2,32,35,34,50,47,41,8,19,27,29,12,43,59,21,61,18,52,46,6,53,39,7,37,62,58,4,23,44,10,55,56,38,42,24,49,16,45,26,9,5,1,48,0,36,63,54,31,51,13,30,17,60,14,20,40,15,33,3,22,25,28,57
48,42,57,44,17,6,47,46,26,54,59,32,5,60,13,15,24,16,31,39,38,49,12,33,58,23,0,25,62,9,19,27,35,1,4,45,56,61,2,40,18,36,52,21,55,29,28,43,11,51,22,53,10,41,3,63,14,20,8,7,30,50,34,37
33,61,47,49,36,44,20,30,38,3,62,1,32,26,42,40,16,34,18,6,25,7,56,11,24,35,37,54,46,9,39,43,14,41,17,0,10,27,12,8,15,22,29,28,13,21,5,51,55,48,45,23,60,53,52,2,63,59,50,19,58,4,57,31
0,10,58,43,1,19,54,22,6,33,44,57,2,9,27,45,59,50,15,53,29,62,38,28,41,46,48,36,13,24,17,21,8,12,61,34,18,11,23,47,20,55,4,37,30,40,56,5,51,14,39,26,25,7,49,31,35,3,52,32,60,63,16,42
4,62,41,54,63,49,38,43,57,30,15,3,31,33,18,1,7,2,50,52,28,13,53,6,45,36,48,46,35,17,29,23,47,12,26,59,37,22,25,61,32,14,8,51,39,21,20,10,40,19,27,34,55,24,44,0,56,16,5,58,9,42,11,60
20,15,17,5,57,19,38,16,45,42,44,54,36,6,30,41,3,56,48,28,31,55,49,25,50,8,33,34,39,46,2,47,4,10,51,18,29,21,60,0,58,11,7,53,14,43,1,52,26,24,27,63,35,32,13,22,12,37,61,9,62,59,40,23
19,53,40,36,6,52,41,60,29,17,37,24,57,46,31,9,26,32,39,0,27,8,33,63,1,50,14,5,54,28,25,61,58,30,49,62,56,18,10,12,59,2,22,7,34,48,45,15,4,20,35,42,11,38,55,16,51,21,23,47,43,44,13,3
62,7,34,53,37,23,38,9,46,20,59,42,14,43,58,29,13,1,44,48,16,17,5,11,28,55,27,15,54,2,8,32,56,12,3,63,22,57,10,21,61,41,35,18,19,31,6,60,30,50,25,0,45,47,24,36,4,39,49,51,40,33,26,52
45,31,17,25,13,8,3,37,59,15,14,23,16,9,44,50,29,1,22,5,47,63,58,32,21,4,38,20,61,43,42,40,28,52,48,51,7,26,33,27,11,35,19,49,34,60,2,62,12,39,18,55,0,46,57,24,10,54,36,56,30,41,6,53
9,11,2,59,38,21,51,47,7,33,28,12,60,39,26,46,32,57,42,8,43,55,35,52,31,58,22,63,6,34,1,19,23,48,18,61,36,25,20,49,40,17,45,24,30,41,16,4,56,13,62,27,44,10,29,0,3,5,50,37,15,53,54,14
4,22,25,0,28,41,23,6,24,53,3,11,60,31,13,34,8,38,47,51,33,10,17,1,62,5,52,44,40,46,61,29,35,54,27,48,42,56,14,15,63,55,49,36,59,50,7,30,19,18,16,58,2,45,12,57,39,32,21,9,37,43,20,26
6,24,30,48,20,15,56,28,4,36,11,38,8,31,54,44,3,53,51,12,40,13,33,47,2,7,39,57,17,18,37,62,41,52,32,43,1,26,42,49,22,14,55,21,23,19,46,34,9,59,50,45,60,10,61,27,5,58,25,63,35,16,29,0
59,58,28,1,60,2,62,39,52,13,19,55,38,35,53,49,56,15,22,50,41,12,40,26,30,0,31,24,51,37,5,21,63,47,44,16,34,3,14,33,57,6,29,8,61,32,42,10,45,7,20,46,25,9,43,54,48,36,11,4,27,23,18,17
17,12,57,38,6,43,27,21,26,25,54,22,61,4,62,14,31,5,51,2,36,34,44,32,28,52,29,50,45,3,42,16,48,1,46,56,11,10,19,63,47,49,20,58,23,13,30,39,8,41,35,18,55,60,9,7,15,37,33,0,24,53,40,59
31,36,6,4,1,9,43,3,22,55,45,58,42,50,20,10,37,24,16,63,38,23,28,48,60,35,32,44,33,0,5,61,46,11,12,14,27,53,15,49,51,19,40,8,2,7,57,39,41,47,52,13,34,62,25,29,26,54,21,17,30,56,59,18
12,10,33,27,24,59,23,15,53,16,56,25,55,58,48,60,8,14,38,42,18,4,7,63,41,6,1,47,44,17,0,34,2,35,50,21,31,40,29,49,46,52,26,28,19,22,43,39,57,37,32,5,11,61,13,9,30,20,62,51,45,54,36,3
36,56,47,14,1,18,42,54,30,38,16,23,60,24,45,43,8,13,63,17,57,50,25,40,10,32,62,11,46,5,21,26,48,61,6,51,9,44,59,15,55,0,39,31,22,3,2,28,35,37,7,19,52,29,20,12,33,53,4,27,49,41,58,34
9,23,62,3,56,11,47,15,24,2,7,1,28,31,25,21,36,14,53,33,57,13,12,8,5,60,37,42,45,51,4,0,54,63,26,39,61,10,58,18,35,49,30,59,50,48,41,40,6,52,27,29,19,55,46,32,20,34,16,22,43,38,17,44
62,33,14,22,7,60,17,25,38,28,23,20,24,58,63,41,43,3,21,11,8,44,61,56,46,55,19,53,29,36,32,49,27,54,47,18,4,50,6,51,42,2,16,48,0,40,34,52,9,30,57,13,39,15,59,1,35,45,10,26,37,5,12,31
23,50,13,37,7,60,33,47,17,0,20,44,59,1,11,52,27,19,28,36,16,40,35,57,29,25,51,63,43,39,41,45,53,22,58,32,55,5,14,49,42,2,46,12,30,8,4,24,10,31,21,38,15,18,26,3,6,48,54,61,62,9,34,56
30,55,36,28,54,31,49,45,42,41,21,34,46,13,35,2,10,5,53,47,48,24,12,59,18,14,8,19,32,6,0,61,25,3,50,37,23,29,7,11,57,17,27,16,15,62,38,33,20,1,4,26,40,9,56,60,52,44,22,39,43,51,63,58
43,26,15,59,48,21,61,55,12,29,14,62,30,58,63,38,24,54,22,50,28,10,52,13,2,27,19,9,47,51,23,33,1,25,46,45,16,39,5,18,31,40,56,20,3,17,11,35,34,44,37,57,42,60,49,53,4,8,6,41,36,0,7,32
54,34,42,10,33,36,5,31,14,16,26,7,41,8,4,24,27,23,21,62,3,45,22,63,35,53,18,61,50,57,6,55,11,1,56,15,0,49,32,51,52,39,9,38,46,29,2,17,19,44,28,25,37,40,48,12,59,20,30,13,58,60,47,43
60,41,10,36,45,1,32,34,0,29,2,3,38,15,18,5,9,57,37,43,11,51,48,56,6,63,8,14,39,42,25,31,47,46,16,23,26,21,30,35,58,20,40,13,59,22,52,61,7,28,49,62,4,33,55,27,44,12,50,19,54,24,53,17
6,37,21,35,62,54,41,4,55,50,0,49,63,17,43,38,24,60,1,42,20,25,18,8,5,23,51,13,36,9,34,2,30,14,44,40,7,3,15,28,47,33,12,10,45,32,39,27,53,31,61,56,29,11,58,57,19,48,26,46,16,22,52,59
20,36,40,29,9,62,57,61,52,50,39,19,53,31,35,18,22,27,32,14,55,10,26,51,49,6,2,34,17,30,41,23,1,47,46,58,43,24,13,5,0,44,4,16,45,60,12,42,56,8,15,28,48,59,7,11,63,21,54,33,3,38,25,37
28,27,3,22,17,25,33,15,34,0,31,32,11,7,1,30,6,56,14,42,46,57,41,23,13,58,40,53,35,45,61,43,18,9,63,38,8,55,2,21,59,52,16,44,48,20,29,10,62,47,51,19,26,49,36,4,50,60,54,12,5,37,24,39
63,1,52,13,20,31,36,55,59,26,6,54,41,10,2,45,51,48,9,50,43,25,49,61,18,21,33,58,60,17,22,16,28,12,62,3,24,14,8,27,23,42,57,19,37,56,34,38,44,35,0,30,39,29,40,4,46,5,53,47,11,32,15,7
27,8,33,37,43,31,13,12,41,7,17,10,57,59,20,24,29,49,53,62,23,25,11,18,61,1,19,38,34,48,47,45,16,40,46,35,22,14,9,32,26,56,36,0,15,58,55,63,2,39,42,52,5,60,30,21,51,4,3,54,50,6,28,44
32,31,25,2,61,21,17,19,26,63,22,54,37,38,56,52,36,44,50,48,53,60,40,34,59,47,18,46,12,7,5,20,9,24,13,43,16,0,45,49,58,14,39,10,8,28,30,29,51,33,4,27,41,35,15,57,55,1,3,11,42,6,23,62
42,60,48,59,25,49,5,37,6,34,45,46,61,53,41,31,3,35,8,27,50,19,12,29,14,28,58,63,22,2,0,44,17,52,21,10,9,15,7,33,51,56,4,47,16,54,57,43,24,38,39,36,1,18,62,30,26,32,20,23,40,13,55,11
42,46,23,9,53,10,14,55,15,4,38,47,12,25,33,43,39,6,63,50,2,0,8,58,51,54,34,5,36,48,22,49,44,31,41,37,1,26,17,7,57,16,60,11,20,35,18,3,32,27,21,28,59,62,40,52,30,56,19,61,29,45,13,24
30,45,59,53,44,43,2,46,31,35,7,58,60,5,49,25,37,34,10,29,51,1,0,4,56,8,14,26,33,11,50,24,32,6,54,19,27,55,23,12,61,21,63,20,9,38,36,57,18,52,42,16,41,13,3,47,48,15,17,22,39,62,40,28
23,9,11,17,26,31,30,62,22,37,41,52,14,10,21,6,51,5,2,0,25,58,61,59,53,7,28,15,43,19,42,39,50,12,49,33,16,55,60,36,54,27,20,29,24,38,3,45,44,57,32,40,46,34,47,56,1,48,35,8,4,18,13,63
26,54,30,34,3,45,58,60,0,32,61,43,49,5,25,28,13,38,15,31,40,23,7,36,39,14,11,51,12,19,48,41,2,21,35,42,50,22,20,63,16,24,52,56,59,57,62,37,17,53,29,55,1,9,27,46,4,6,10,47,44,33,8,18
37,49,33,20,29,57,50,43,32,44,53,28,15,5,8,56,9,19,1,47,17,63,25,61,23,4,58,46,42,12,45,21,39,3,16,22,35,52,55,48,40,34,7,0,26,31,36,41,59,54,27,10,24,13,11,38,6,51,14,60,62,2,30,18
37,12,20,40,11,47,36,50,13,0,60,33,3,49,51,22,38,23,19,4,55,17,15,46,61,45,39,14,26,28,52,32,48,57,6,2,10,21,63,62,31,24,56,5,29,30,41,58,8,35,59,53,34,25,54,42,9,44,43,27,18,7,1,16
38,59,18,27,47,19,24,4,56,31,57,0,52,1,46,61,15,49,8,48,12,53,45,37,10,60,41,30,2,21,25,14,20,13,51,3,22,5,63,62,40,44,42,29,17,28,16,6,58,7,26,55,23,33,39,35,11,50,36,34,43,32,9,54
33,20,30,39,44,27,13,60,28,15,26,7,63,24,18,48,22,8,54,4,23,49,62,6,11,16,50,21,52,35,56,9,51,58,32,0,5,25,43,19,53,59,37,10,2,45,41,42,36,14,55,40,31,1,38,34,47,3,17,12,57,61,29,46
55,16,29,47,12,11,46,38,3,63,23,25,21,24,0,41,57,60,1,53,30,34,31,18,8,32,58,26,15,33,2,42,20,59,44,19,28,5,7,17,62,37,52,36,9,40,6,49,27,4,22,45,51,56,14,35,54,43,13,50,10,48,39,61
13,60,59,55,6,47,63,36,3,8,16,46,21,61,38,0,39,5,14,27,45,54,26,44,37,57,4,48,40,23,25,28,34,17,19,56,11,58,51,1,31,62,10,12,15,30,20,43,50,32,7,41,9,52,24,53,22,42,29,18,35,33,2,49
29,24,4,63,41,53,21,60,20,37,51,25,34,14,43,39,55,45,26,42,0,1,35,22,38,62,5,50,10,54,58,3,6,36,23,49,44,61,12,40,15,19,56,17,11,52,30,27,47,16,9,59,32,8,2,46,31,57,18,48,28,33,7,13
20,54,12,19,62,1,11,8,44,43,0,2,13,10,26,46,14,41,49,33,39,22,25,60,37,17,5,30,55,48,51,18,59,53,35,31,57,24,9,32,52,63,50,58,6,29,28,15,7,34,27,16,42,36,4,40,23,3,21,47,38,61,45,56
16,19,47,0,42,41,29,40,46,50,59,11,39,27,21,13,38,56,25,53,57,1,23,34,30,45,49,5,9,28,12,14,35,6,15,58,55,26,36,51,4,43,54,7,61,60,22,62,37,3,31,24,63,18,52,33,2,32,8,44,10,17,20,48
34,46,7,50,45,35,54,10,18,23,55,51,5,19,48,63,49,61,36,40,26,41,33,39,52,4,11,9,47,57,28,20,27,42,25,44,22,32,3,21,62,8,6,30,16,37,14,58,2,12,43,17,53,38,31,60,59,13,24,15,29,1,56,0
40,39,50,1,45,56,32,24,35,4,26,15,10,41,0,53,63,54,21,3,5,58,60,57,37,20,59,51,14,43,28,17,11,16,18,46,49,36,9,2,52,55,8,48,42,38,30,19,61,6,44,33,47,12,25,27,34,7,29,13,22,31,23,62
63,39,40,54,31,1,33,22,43,47,15,45,3,2,59,44,25,7,5,61,18,17,35,36,0,34,14,62,48,21,53,58,9,57,27,11,52,41,8,6,26,42,10,23,12,46,24,51,50,60,28,19,20,32,16,30,56,29,4,55,49,13,37,38
38,24,13,54,4,42,56,60,59,3,18,5,37,2,52,0,39,49,1,55,34,35,11,47,15,21,28,44,61,9,8,62,45,58,46,30,53,19,12,31,17,32,50,40,29,27,14,41,20,26,6,36,23,22,7,51,63,57,16,43,25,10,48,33
13,14,43,21,46,44,58,11,61,35,7,20,12,45,23,39,3,40,19,16,26,18,24,9,25,0,30,36,59,42,47,31,15,38,2,54,22,6,1,34,4,60,48,53,33,37,63,8,28,57,41,62,32,56,55,52,29,49,50,17,10,5,27,51
14,29,27,51,26,31,1,28,61,44,23,19,56,21,39,11,5,15,41,47,57,43,45,42,54,16,30,20,49,62,13,36,4,10,55,60,59,48,63,46,2,3,22,24,8,40,33,32,37,38,17,6,34,12,50,52,0,58,7,25,53,18,9,35
63,56,15,26,13,14,1,10,61,42,2,9,54,39,5,60,23,32,50,34,48,52,8,25,22,49,12,41,44,58,31,16,43,62,24,38,18,11,59,0,46,47,28,57,29,6,35,37,20,19,30,3,17,27,7,51,40,21,4,55,45,36,53,33
37,5,16,40,43,36,24,27,47,31,18,51,45,10,58,1,42,7,55,12,35,25,17,46,53,48,29,54,38,41,4,30,9,57,26,60,33,56,34,20,62,21,23,28,52,0,11,2,49,50,61,8,22,63,3,15,44,13,39,6,32,19,59,14
40,30,20,35,17,42,10,53,49,44,59,60,14,51,38,26,29,62,7,41,8,0,5,16,11,33,47,57,45,18,34,58,21,36,2,31,39,15,37,56,61,9,32,46,23,24,1,6,25,63,48,13,27,43,54,12,50,3,52,55,19,4,28,22
23,15,22,3,53,45,24,1,35,49,32,2,46,31,26,19,12,56,48,9,54,59,63,41,29,58,33,37,4,6,38,34,11,25,39,42,13,7,47,43,28,8,30,51,20,0,55,44,57,21,61,40,14,17,52,50,5,36,16,18,10,62,60,27
51,25,17,2,1,57,39,50,63,12,4,38,45,20,21,33,30,22,8,41,24,47,15,59,61,14,3,35,58,0,43,62,42,44,13,36,37,31,34,9,19,29,52,56,32,27,26,7,5,18,6,55,28,46,23,48,10,54,53,49,40,16,11,60
30,57,29,39,22,14,55,41,42,45,60,31,2,51,56,13,23,62,59,9,37,44,48,27,54,35,46,18,8,52,11,20,1,0,34,25,53,32,5,16,17,47,28,58,43,63,49,7,3,6,40,36,4,12,38,24,50,33,61,10,21,19,26,15
36,28,40,43,52,25,19,3,61,38,4,45,23,48,57,9,56,24,7,27,34,20,5,0,31,6,21,39,44,33,49,15,32,22,30,50,54,17,18,62,47,26,2,58,13,8,37,41,59,51,10,46,53,12,42,11,60,14,16,55,29,1,35,63
13,47,10,50,23,11,60,57,28,31,21,19,15,38,34,51,44,35,37,7,49,30,2,5,56,36,55,59,42,6,46,22,40,39,32,16,33,48,9,53,41,58,43,24,62,54,45,20,17,63,3,12,25,1,61,14,18,26,27,29,52,8,4,0
3,26,30,48,12,38,51,4,6,52,33,22,49,16,13,29,39,11,46,41,47,23,14,45,53,1,32,34,17,2,28,36,37,55,43,21,61,35,10,54,9,18,5,42,7,27,19,60,25,15,0,56,58,20,62,50,57,8,40,63,24,44,31,59
38,36,46,10,7,49,41,25,33,4,5,26,18,45,28,44,15,50,24,55,58,47,16,8,34,48,17,52,35,53,51,11,0,39,61,6,29,9,62,60,3,59,27,63,12,20,31,32,30,13,42,54,23,43,37,2,14,40,56,19,1,57,21,22
43,22,10,11,45,60,6,36,39,31,19,53,26,38,37,59,3,35,30,50,51,32,48,52,56,14,18,46,44,33,57,25,7,24,28,13,54,58,41,61,12,1,8,34,40,9,21,29,15,42,47,23,49,20,16,63,4,5,2,55,27,0,17,62
25,45,39,7,16,9,27,10,17,60,51,52,36,30,42,55,63,8,24,4,15,48,58,31,28,5,26,44,12,34,49,61,35,6,1,53,18,20,21,46,54,29,43,2,22,62,14,57,38,41,50,11,40,33,59,0,37,23,32,47,19,3,13,56
25,37,28,33,8,18,61,48,31,3,45,11,54,30,15,35,42,57,51,47,46,40,22,10,44,55,41,4,12,29,49,13,50,1,56,36,21,5,23,59,27,9,53,16,0,20,38,6,63,19,17,7,58,43,62,52,60,14,34,26,39,2,32,24
0,50,45,6,2,1,26,57,18,44,55,25,39,61,32,42,38,27,49,12,17,9,16,3,24,28,20,15,36,35,19,62,4,58,22,5,34,29,56,41,40,47,48,21,13,33,63,60,23,52,51,10,53,54,59,31,30,46,37,14,7,11,43,8
32,60,39,63,54,30,13,45,43,19,6,28,16,31,40,24,56,25,2,41,3,62,20,18,44,34,51,33,15,22,36,4,12,57,14,29,37,5,47,46,8,59,27,11,9,38,21,35,49,52,48,50,10,42,7,53,23,17,1,0,58,61,55,26
63,1,54,51,37,30,11,57,13,41,15,16,10,55,34,7,0,39,8,43,35,56,14,4,24,58,49,59,60,40,48,20,45,27,5,25,17,12,50,62,6,47,31,2,61,3,23,28,29,18,21,22,44,46,52,53,42,32,9,38,36,26,33,19
42,1,17,36,50,11,3,59,63,12,8,43,28,51,10,2,19,22,9,32,29,53,4,44,61,34,41,26,15,21,38,13,14,37,35,55,25,27,5,48,24,49,31,7,58,62,30,16,23,45,0,33,40,60,46,52,6,39,57,20,18,47,54,56
3,29,49,57,46,33,11,56,41,6,13,9,8,27,62,52,42,20,39,32,14,58,0,40,25,28,7,15,26,22,17,35,61,44,4,50,38,18,21,19,54,10,45,30,5,55,48,60,43,47,34,36,59,63,23,31,24,37,53,1,12,51,16,2
58,3,20,48,13,2,24,1,62,27,14,49,31,4,9,53,38,16,15,12,37,11,54,55,59,39,41,23,21,6,56,19,10,28,51,30,29,26,61,34,32,43,22,52,50,5,33,47,45,8,46,36,35,0,17,44,18,25,57,7,63,42,60,40
12,29,33,23,16,46,1,48,39,27,34,25,6,62,35,7,32,31,13,54,60,59,21,53,20,55,4,14,40,2,63,36,10,49,47,45,18,28,38,41,56,61,0,50,17,58,44,19,51,37,5,22,15,52,24,57,11,42,43,3,9,8,26,30
45,1,41,17,31,5,26,2,43,16,50,58,27,46,30,38,23,57,20,42,15,60,47,35,51,19,54,13,34,14,61,10,24,48,37,52,12,25,11,6,56,59,8,39,4,29,7,0,28,53,49,18,40,32,22,3,21,63,36,44,9,33,55,62
56,40,21,39,53,44,29,10,12,11,31,43,61,52,6,13,47,5,0,60,32,46,50,37,54,23,2,63,15,18,62,16,30,45,17,36,49,26,58,41,33,35,4,48,38,9,24,3,7,51,28,57,22,42,20,27,59,14,55,1,25,34,8,19
63,25,29,17,30,18,2,60,21,22,53,54,20,6,27,48,39,7,1,58,33,51,47,26,9,43,35,37,8,42,3,45,19,49,55,16,12,62,44,4,24,14,59,0,46,61,34,23,52,11,10,31,50,13,28,38,56,15,40,41,5,57,36,32
39,45,7,8,3,0,59,49,48,47,11,21,10,1,4,2,62,5,22,40,57,35,12,14,15,37,36,46,18,30,42,58,52,19,32,23,54,33,43,61,31,56,51,27,55,60,24,20,38,13,9,26,50,34,25,53,6,29,17,41,16,28,44,63
44,12,54,36,3,7,11,60,57,22,51,2,28,52,15,14,59,61,24,9,23,58,35,43,32,6,30,56,26,29,40,48,33,37,20,4,16,19,55,53,34,63,25,18,8,50,38,27,45,31,41,21,46,10,1,0,5,47,17,42,62,49,39,13
36,31,25,54,43,33,35,38,12,56,34,14,0,45,62,6,57,48,1,15,5,24,29,7,39,10,51,55,37,42,63,52,8,4,11,49,16,27,41,59,40,47,3,18,28,22,9,61,13,26,32,53,17,20,2,19,21,50,44,23,60,30,58,46
55,3,10,56,31,22,25,37,51,48,52,14,36,5,26,17,24,39,27,30,23,11,50,57,43,63,42,49,54,12,0,33,16,9,7,21,32,45,62,29,8,13,15,19,61,41,28,53,60,18,1,35,47,20,6,38,59,2,40,4,58,46,44,34
37,4,45,1,57,56,61,10,13,36,53,24,31,0,17,28,52,39,19,34,63,23,49,58,46,6,21,40,60,33,8,3,35,16,5,41,9,27,11,51,50,26,18,59,43,30,32,48,62,22,55,38,29,47,14,54,25,12,7,15,20,2,44,42
6,50,12,60,55,48,21,28,25,63,8,3,54,52,40,19,16,51,37,18,13,0,14,53,11,26,35,2,1,24,46,41,15,58,42,43,30,57,56,39,27,32,17,29,20,22,34,38,59,44,61,62,10,47,33,5,4,23,36,9,7,45,31,49
56,3,29,32,28,1,23,40,4,45,57,30,44,13,21,0,22,53,5,6,35,54,49,59,16,12,26,8,24,20,31,27,11,36,47,7,41,14,43,33,52,58,46,39,51,2,60,63,25,55,18,34,10,37,61,42,15,48,19,62,9,38,17,50
2,38,36,60,48,28,45,17,13,61,20,27,16,5,32,39,6,44,42,25,15,30,10,22,4,29,7,34,31,43,24,33,54,52,40,55,37,62,47,23,53,59,0,51,56,9,12,21,18,41,1,58,8,46,63,50,57,26,35,49,19,14,11,3
10,33,45,15,21,43,20,58,19,4,40,31,46,24,38,16,37,42,39,59,3,22,2,55,14,28,5,47,49,18,13,17,34,0,8,56,50,61,29,23,1,36,51,7,25,53,63,35,44,60,6,41,30,12,9,52,11,54,62,27,48,32,57,26
48,46,12,20,16,42,41,18,35,44,24,43,60,61,30,9,13,31,54,22,52,40,56,38,1,37,15,23,17,39,7,27,55,29,50,62,34,57,8,49,33,53,10,21,4,2,3,36,45,19,14,47,63,6,5,0,26,25,51,32,28,11,58,59
1,15,4,59,6,49,11,24,53,42,31,37,9,18,38,23,32,48,30,33,14,39,34,43,22,17,62,50,8,46,61,0,28,13,51,40,60,2,41,7,52,3,57,58,10,35,44,19,29,25,5,16,26,63,55,56,20,36,21,12,54,47,45,27
43,40,47,42,28,61,54,19,8,39,55,50,6,21,3,34,51,25,49,16,24,53,56,30,32,59,27,44,52,5,1,13,10,62,63,58,31,7,60,9,4,29,45,17,18,14,46,22,20,48,57,23,26,38,0,41,12,11,37,36,35,2,33,15
16,41,60,33,6,25,20,31,4,26,57,21,3,50,27,61,55,5,35,59,17,10,29,30,34,47,32,15,22,9,56,19,46,8,53,37,39,23,13,12,62,40,42,2,48,1,38,24,14,45,58,28,52,7,49,51,43,11,63,44,0,18,36,54
36,45,48,0,38,40,13,59,10,21,58,37,55,53,50,54,46,31,34,29,52,17,49,42,8,28,7,18,2,20,16,61,33,15,11,27,32,41,63,51,25,4,26,47,57,22,1,23,5,19,24,35,14,3,12,30,62,56,60,39,6,44,9,43
22,56,15,60,32,17,20,63,3,51,19,21,54,26,42,48,18,9,55,34,43,27,30,49,1,6,14,47,38,61,62,39,29,16,40,52,36,11,4,28,24,46,59,8,44,0,23,2,13,25,37,12,7,33,58,35,45,5,41,57,53,10,50,31
38,51,39,33,32,31,0,16,13,18,3,55,43,34,7,45,37,54,9,1,50,2,26,10,5,30,62,60,27,19,22,40,21,58,44,46,53,11,28,14,24,12,56,20,48,29,6,57,49,63,17,52,4,36,47,42,25,23,35,15,61,8,59,41
10,11,8,15,30,62,27,34,58,28,16,48,39,45,57,1,53,18,17,50,22,43,19,25,26,41,63,14,47,24,23,35,31,36,21,20,52,32,46,56,42,13,44,61,49,60,4,5,3,6,7,12,2,0,51,33,38,37,29,40,54,59,9,55
17,32,63,53,36,14,58,50,39,46,47,24,6,56,60,16,13,10,25,18,21,1,0,12,48,20,52,11,29,54,22,26,34,38,8,23,30,51,9,5,4,41,2,35,61,37,57,3,28,42,15,43,33,44,40,59,27,19,55,62,31,45,7,49
51,56,20,53,32,4,0,8,45,58,22,44,50,1,42,27,7,61,37,60,26,2,9,59,46,5,57,28,21,31,6,41,36,23,25,52,63,34,3,49,15,39,33,55,38,62,12,30,13,19,40,17,48,11,47,35,14,29,16,24,43,54,18,10
49,14,44,62,53,37,6,3,52,21,24,26,29,20,17,55,9,59,63,22,38,28,19,27,41,31,23,13,1,4,54,11,30,7,51,0,2,33,8,56,36,48,45,60,35,43,57,15,50,12,47,39,16,40,58,32,25,46,34,42,61,18,10,5
56,8,3,15,42,7,34,14,45,36,20,11,60,5,57,12,27,1,63,0,31,53,50,25,10,21,48,54,62,18,24,59,58,55,26,47,23,61,39,38,19,46,32,41,43,29,4,33,37,13,28,35,40,52,49,17,30,51,9,6,44,16,2,22
7,63,45,16,37,53,19,51,3,4,0,5,47,18,9,12,58,40,55,61,43,36,38,26,21,62,44,6,24,54,29,15,8,60,34,17,10,28,56,41,49,57,11,52,30,39,14,20,27,31,48,32,59,25,22,50,23,33,35,2,46,13,42,1
44,32,50,36,3,11,24,14,58,1,35,9,27,52,49,60,54,57,61,15,28,16,7,42,31,39,41,30,51,8,56,0,33,53,21,55,34,2,12,18,26,17,13,62,46,19,4,25,6,47,22,45,37,10,59,63,38,43,48,5,20,29,40,23
47,63,33,54,23,44,5,0,3,62,58,46,7,42,31,30,11,22,9,43,18,24,14,49,60,27,15,48,25,12,45,28,29,21,40,37,2,36,13,19,10,53,1,51,61,59,4,16,8,20,56,34,50,55,32,26,35,57,6,41,17,52,39,38
61,63,59,26,54,53,5,9,2,13,3,19,52,47,18,20,16,6,41,33,8,46,58,4,55,34,25,27,14,35,43,12,10,30,22,37,42,45,60,1,39,38,51,23,56,21,44,62,15,57,17,29,0,48,36,31,50,32,28,40,11,49,24,7
2,28,35,33,32,9,31,43,46,45,3,38,57,37,20,40,30,19,42,22,53,55,23,24,60,44,21,34,63,8,4,54,49,51,61,59,15,13,16,17,41,48,52,62,39,5,0,25,26,1,58,50,12,11,27,10,56,18,14,29,7,36,47,6
62,58,37,17,44,20,9,63,33,3,35,43,31,48,34,27,0,51,21,41,26,6,18,53,14,36,60,39,42,4,5,57,45,55,29,15,47,52,1,59,22,19,11,2,10,12,28,56,49,38,40,30,50,23,61,8,16,25,46,13,54,32,7,24
40,29,57,18,5,33,41,49,47,37,13,46,26,51,48,30,54,21,62,23,44,27,50,53,15,61,16,63,38,14,7,6,32,8,19,20,55,28,10,58,22,3,31,60,34,4,42,56,1,39,25,11,24,59,43,52,35,2,9,36,45,17,12,0
25,50,34,28,59,52,2,12,48,51,47,23,60,55,58,15,29,9,61,22,37,43,30,8,26,42,24,18,11,46,3,35,62,32,5,19,41,49,14,38,56,33,40,20,6,39,53,45,21,63,17,1,10,31,36,27,7,4,0,16,57,13,54,44
19,40,7,56,18,42,47,34,2,17,62,21,20,23,49,28,44,22,9,55,5,45,54,31,24,1,51,27,35,25,63,12,46,39,36,48,15,8,29,33,6,10,16,43,11,57,4,0,60,38,41,30,59,53,26,61,13,3,50,37,32,14,58,52
42,17,16,46,24,61,49,7,20,33,0,48,51,52,28,8,62,22,30,41,53,44,4,56,58,21,34,10,19,29,23,6,54,47,40,55,43,31,50,11,32,60,27,15,13,2,9,57,18,1,3,37,39,12,45,63,59,14,35,5,38,36,26,25
25,58,21,47,42,38,18,19,3,45,36,5,0,55,15,54,53,31,28,20,7,13,16,37,63,43,34,9,10,27,23,48,61,46,4,33,26,57,56,14,30,51,11,40,39,60,8,41,52,59,17,49,50,29,24,22,12,1,2,6,44,62,32,35
63,16,42,46,17,15,39,14,27,48,40,41,33,6,54,28,29,20,5,11,45,18,8,51,57,7,47,13,2,37,44,53,49,34,32,62,59,24,58,56,36,4,52,9,0,10,50,12,35,25,30,1,22,38,19,23,26,61,31,55,3,21,60,43
26,0,28,5,18,9,62,1,38,41,14,36,54,6,20,21,59,15,32,51,61,44,8,24,29,33,7,52,50,43,63,40,16,35,17,19,34,49,60,45,37,39,57,23,13,22,2,30,58,56,12,27,10,4,47,42,25,3,48,53,31,11,55,46
23,31,11,1,7,62,52,42,38,18,28,45,34,19,61,12,43,9,15,49,21,48,29,39,51,27,3,47,40,10,53,5,60,13,14,50,22,55,46,6,32,57,30,20,33,41,63,26,2,44,59,58,36,56,25,37,8,16,17,4,0,24,54,35
22,9,27,62,25,17,39,8,12,48,46,20,50,59,52,3,47,11,32,38,41,26,29,23,18,49,35,14,10,7,15,37,4,55,24,0,60,21,33,42,43,6,63,34,31,13,1,45,19,30,40,51,53,28,36,61,58,44,54,5,16,2,57,56
41,54,43,60,25,2,53,32,24,6,40,33,52,62,63,19,50,59,48,47,1,7,56,23,37,34,29,36,12,55,27,0,15,5,26,45,28,39,10,35,58,46,16,21,18,57,30,61,31,20,11,3,13,44,49,51,38,8,17,4,22,9,42,14
61,53,10,50,27,55,16,18,46,60,15,42,37,43,48,45,21,8,38,33,36,3,41,1,26,4,17,19,12,13,14,24,54,63,28,0,47,39,11,56,62,51,22,5,7,9,6,20,35,2,34,44,49,31,30,57,58,25,23,40,29,59,32,52
28,60,53,49,61,9,13,62,1,48,6,51,22,43,17,5,52,35,46,39,25,40,41,3,45,58,8,10,23,21,42,56,57,38,4,14,16,34,63,24,32,12,19,27,2,30,15,18,47,29,11,36,59,0,26,31,55,33,20,54,37,7,44,50
2,36,12,5,40,21,52,38,24,28,3,16,45,18,0,1,30,33,59,49,63,19,57,53,39,27,8,23,32,62,14,11,13,58,4,10,35,61,50,54,44,56,37,41,43,48,22,55,31,29,20,47,9,15,60,42,34,26,6,46,17,7,25,51
59,19,61,53,47,28,13,55,27,0,62,43,9,36,23,17,21,15,39,25,26,8,20,10,32,58,46,30,38,34,18,57,3,33,11,49,45,14,56,29,24,60,44,7,4,40,42,5,51,22,37,54,1,48,35,31,12,52,6,16,63,2,50,41
56,57,61,5,13,60,29,49,11,27,10,52,28,15,14,39,12,20,33,32,36,48,41,44,19,53,21,30,35,43,51,59,55,40,2,16,23,31,24,22,17,3,1,58,0,46,54,45,8,26,6,63,34,38,4,47,50,62,25,7,42,9,18,37
19,29,36,63,22,17,16,53,12,37,5,24,21,1,3,41,18,2,61,0,26,10,25,42,58,14,57,31,56,46,54,11,49,50,30,43,51,38,62,28,52,32,39,7,15,4,59,9,6,35,55,8,20,34,13,47,40,44,48,27,23,60,45,33
4,10,1,39,53,56,6,58,17,48,7,52,33,49,55,54,3,11,30,47,15,50,46,27,44,60,23,57,40,21,13,63,61,62,38,25,42,24,18,59,51,34,16,9,22,5,0,12,14,31,26,45,8,43,20,28,32,29,36,41,2,35,37,19
41,59,6,63,24,51,5,7,62,29,36,30,18,14,16,37,15,19,56,34,21,11,44,22,55,9,0,45,49,43,3,10,48,38,4,31,42,32,53,2,52,26,1,33,23,17,47,60,8,25,57,61,12,35,46,27,20,50,39,54,58,13,40,28
25,39,43,52,58,14,34,42,24,11,10,61,53,44,19,62,2,47,8,0,29,30,27,48,60,23,37,6,17,57,18,3,32,45,4,49,20,28,12,41,46,54,63,21,33,51,56,5,36,35,9,55,40,38,7,50,26,31,1,59,22,15,13,16
40,55,46,49,21,8,3,18,34,51,53,48,31,5,4,7,58,59,22,35,17,15,32,12,25,62,16,36,44,39,43,47,52,30,38,2,33,41,27,19,61,42,1,37,13,23,11,6,54,50,20,57,10,28,14,26,24,29,63,56,60,9,45,0
5,58,54,61,12,56,60,0,30,53,6,63,4,15,20,41,40,49,25,2,18,9,28,46,44,27,3,35,7,57,26,11,24,47,29,17,23,16,13,38,19,62,50,22,39,55,52,45,1,32,51,31,36,14,59,33,48,8,10,37,43,34,42,21
44,18,38,8,35,57,5,63,1,45,49,26,25,52,28,10,3,62,16,15,43,31,23,19,13,61,14,20,7,2,53,24,37,51,0,12,29,60,17,33,40,11,21,39,27,54,4,50,32,42,41,36,59,56,47,34,9,46,22,6,30,58,48,55
15,40,33,8,62,14,1,41,54,39,37,22,19,17,30,5,3,27,38,7,11,49,20,43,32,16,36,4,53,55,6,23,57,50,44,0,47,35,26,25,61,56,12,10,34,18,2,24,31,51,48,45,60,9,59,42,29,21,63,52,13,58,28,46
23,26,5,56,31,54,62,38,17,15,34,24,55,27,28,50,45,35,14,25,37,19,63,49,16,60,1,57,0,43,44,42,59,61,40,21,30,4,52,22,3,29,58,51,47,6,36,39,20,12,8,53,10,13,2,48,33,7,18,32,46,9,11,41
39,23,16,63,13,36,49,40,19,30,45,9,54,46,38,44,35,60,21,27,33,25,29,59,42,43,37,56,62,61,20,52,51,53,22,8,50,55,41,1,58,14,24,5,47,17,4,3,10,7,15,0,31,11,18,34,26,6,2,32,57,48,28,12
49,1,31,32,47,10,63,61,20,62,25,8,52,28,21,34,16,26,14,37,46,33,59,42,51,19,11,4,54,38,57,30,35,39,12,53,45,44,36,40,13,22,6,55,7,5,56,2,43,23,48,29,24,3,17,18,58,50,27,41,9,15,60,0
36,9,5,55,37,17,54,58,12,25,51,56,42,44,53,15,59,8,6,1,30,11,27,41,22,0,49,7,34,39,21,16,46,32,43,61,10,50,60,3,40,26,4,14,45,52,62,63,47,23,33,48,28,2,18,20,29,24,38,35,19,13,31,57
15,49,12,58,43,30,27,3,7,16,14,62,34,33,60,18,32,39,53,37,10,2,52,19,4,8,20,6,13,24,38,50,54,57,55,61,35,5,41,21,9,1,59,29,42,48,0,17,44,47,46,11,31,45,56,51,23,26,28,25,22,63,36,40
63,17,19,48,53,6,9,57,33,50,8,16,25,10,43,42,1,60,15,31,58,41,44,54,21,23,45,4,47,5,34,39,11,18,46,55,36,2,28,56,32,22,20,29,62,35,40,51,12,3,52,14,7,38,27,24,59,0,37,30,13,61,49,26
40,37,50,39,49,36,52,25,57,10,62,20,5,51,29,48,3,7,63,45,16,32,8,6,23,14,28,53,21,31,33,60,44,4,38,30,43,46,13,26,47,0,22,41,17,42,15,54,2,11,35,24,34,9,19,27,1,18,59,56,12,58,61,55
31,43,50,48,1,41,47,13,42,2,34,33,23,20,3,59,53,61,7,62,25,29,36,30,28,11,44,40,19,18,8,24,58,51,46,49,55,45,38,4,26,10,63,37,56,60,52,15,16,22,14,0,21,27,17,5,39,35,12,57,54,6,32,9
59,26,14,12,15,54,8,0,30,61,60,19,6,44,22,3,7,57,5,9,21,23,53,33,4,24,16,51,47,48,20,63,56,41,13,50,42,25,52,31,46,58,43,28,27,11,29,45,1,49,32,10,36,37,35,38,55,34,2,18,17,62,40,39
5,30,60,25,10,13,44,53,39,8,47,52,54,16,36,57,12,3,6,21,61,58,33,20,9,50,29,26,59,49,43,1,40,32,38,27,46,48,42,11,45,22,19,34,18,2,23,35,37,51,4,55,63,7,17,14,24,0,31,41,56,15,28,62
1,28,37,41,43,25,12,24,52,6,38,17,22,58,5,36,30,0,21,32,27,18,60,13,9,57,50,48,47,19,59,49,55,42,34,2,33,45,63,16,15,54,44,11,53,46,14,26,29,39,40,31,51,20,8,62,61,7,10,3,35,4,56,23
49,52,5,22,19,58,57,34,53,50,41,3,40,9,46,29,32,33,31,63,42,39,24,56,27,55,25,15,2,47,54,62,38,10,51,48,43,13,60,1,16,28,59,6,30,17,14,20,7,35,18,0,45,61,37,23,12,11,4,8,36,21,44,26
26,11,48,59,29,39,9,16,49,33,52,51,15,20,3,34,14,23,17,63,42,45,40,43,6,55,50,12,10,41,56,60,31,44,18,61,13,25,62,53,2,54,24,30,7,38,57,28,36,19,37,4,1,46,32,21,8,5,58,27,47,35,22,0
43,41,53,6,25,20,4,35,14,39,44,13,55,50,54,3,45,16,26,48,27,18,24,62,1,9,58,63,47,12,29,2,36,11,23,28,51,8,59,0,10,31,56,5,46,40,49,60,32,19,7,15,37,22,57,17,30,61,38,42,52,34,21,33
3,41,0,36,50,48,30,52,43,19,28,46,49,58,42,32,59,21,55,34,4,39,27,31,24,53,60,51,6,13,44,7,2,8,29,38,14,16,1,25,45,20,11,37,33,57,10,17,54,23,18,63,40,12,62,35,47,15,5,26,61,22,9,56
6,4,35,23,16,32,45,14,51,39,24,46,28,19,56,43,15,63,2,48,29,11,33,38,17,0,55,42,1,58,22,7,3,54,8,34,41,49,62,40,21,18,52,37,36,10,44,13,30,25,57,27,9,31,60,47,12,5,20,53,50,26,61,59
24,44,22,15,49,8,5,58,43,9,54,14,2,29,42,39,1,55,32,59,38,12,37,48,17,35,33,31,3,13,10,23,56,6,7,34,20,46,61,47,45,41,52,51,50,62,57,53,28,11,0,36,26,40,27,16,4,19,21,60,25,63,18,30
46,19,33,27,42,18,21,2,35,54,32,29,9,41,17,49,31,6,4,52,38,0,51,62,26,56,50,37,1,59,14,28,25,3,43,15,58,63,61,30,39,55,44,60,8,47,53,20,22,10,12,45,11,34,57,7,13,48,40,16,5,24,36,23
9,1,28,25,60,53,15,32,59,57,12,18,4,45,16,39,21,62,27,55,14,13,24,52,43,0,31,20,50,29,38,19,11,61,46,23,36,54,34,6,40,33,37,42,48,47,44,8,30,41,58,5,26,51,22,56,49,7,2,63,17,3,35,10
7,21,31,54,4,36,25,44,26,17,55,38,5,24,9,3,53,51,62,39,37,28,63,10,40,13,8,32,47,33,49,15,12,61,30,56,23,6,42,48,2,14,0,1,16,20,60,18,29,41,46,11,27,57,19,45,58,34,35,50,52,59,22,43
54,32,16,45,25,24,41,4,7,40,21,14,58,56,39,19,5,26,27,0,44,2,63,13,49,22,34,28,18,51,42,6,35,29,1,36,55,30,43,31,46,57,20,48,33,9,47,60,53,8,11,38,17,15,59,12,37,61,50,62,10,52,23,3
15,7,14,51,20,22,48,5,40,43,33,19,13,39,49,62,27,59,8,44,12,6,57,60,41,10,46,28,42,0,21,45,4,16,52,50,9,3,23,61,53,18,63,54,11,25,36,30,31,17,32,24,58,1,47,55,2,38,34,26,56,29,37,35
61,18,57,25,42,59,22,26,10,41,38,16,63,47,11,9,8,40,30,51,56,55,14,39,53,21,28,15,29,36,52,31,37,13,44,2,45,34,35,6,12,62,0,49,33,43,54,50,27,60,1,24,32,46,48,17,58,5,4,19,3,7,20,23
34,5,11,16,10,8,28,60,35,25,56,7,4,1,29,58,2,48,17,22,21,14,12,45,62,6,20,39,50,15,46,44,54,42,13,19,3,27,9,38,55,26,52,63,53,31,41,32,36,61,30,0,24,33,57,47,18,40,37,59,23,43,49,51
56,25,50,38,35,54,63,31,42,49,58,37,9,11,47,61,18,13,45,22,51,32,43,17,28,39,36,1,60,15,48,46,0,30,29,34,14,4,57,7,41,53,23,2,16,20,55,59,24,62,27,8,12,3,5,26,33,44,52,6,19,10,40,21
25,13,26,39,18,38,8,41,28,50,32,4,15,11,10,37,61,12,20,62,35,29,57,45,43,53,36,23,49,2,46,19,5,51,27,3,14,42,48,34,40,16,24,44,17,56,33,31,52,6,7,9,58,22,63,60,0,55,30,47,21,54,59,1
43,22,29,13,60,10,9,51,54,37,17,59,18,8,27,30,20,41,56,45,24,6,38,46,5,3,1,55,39,16,23,19,58,14,35,48,7,44,33,61,21,47,12,49,2,40,57,25,52,36,31,53,34,0,62,15,42,32,63,26,50,4,11,28
11,17,14,39,49,0,40,12,47,30,7,61,28,19,59,60,35,38,58,15,50,27,24,48,31,57,62,34,4,26,9,2,6,10,33,56,53,16,52,54,63,29,32,25,43,20,41,18,5,42,1,37,51,44,22,21,55,23,8,46,3,36,13,45
29,33,22,31,50,62,53,19,51,14,37,8,25,23,7,42,41,1,16,43,58,27,48,39,4,13,30,49,11,21,17,46,60,34,36,15,35,3,63,44,24,0,10,5,18,52,2,55,54,40,6,59,61,20,45,9,38,57,32,56,12,47,26,28
43,60,16,9,38,19,44,20,41,27,14,48,61,49,24,4,34,58,39,10,55,13,1,51,42,37,52,25,2,33,15,12,21,29,18,54,0,31,23,63,5,11,30,6,35,40,17,47,56,36,59,28,26,45,3,7,62,32,22,50,8,46,57,53
42,11,46,2,28,55,61,62,59,45,0,54,1,53,29,52,57,4,37,36,48,18,60,7,47,27,24,16,22,51,5,50,23,17,14,13,15,10,26,21,8,58,9,39,31,43,41,30,40,20,38,34,33,44,56,63,35,3,6,19,49,12,32,25
63,6,56,5,9,26,48,3,42,20,32,0,17,40,27,16,46,33,49,12,51,35,22,4,45,8,62,14,43,18,34,41,55,52,24,57,47,60,28,31,23,10,25,29,59,13,15,11,1,54,44,19,30,58,38,21,36,37,50,53,39,2,7,61
62,45,39,35,43,44,11,48,30,9,61,18,41,14,27,49,59,34,5,17,1,19,37,21,0,26,58,60,16,8,33,46,20,24,57,7,47,38,42,12,15,25,2,22,54,23,10,31,3,13,51,29,63,32,28,40,53,50,4,6,56,36,55,52
13,11,58,21,36,49,28,47,19,54,25,43,18,26,63,60,41,24,6,5,10,2,0,16,34,9,12,37,57,20,51,8,62,44,32,1,53,52,17,31,4,56,7,45,40,23,33,3,39,59,27,30,46,55,48,14,61,35,15,22,38,50,29,42
59,32,53,3,57,11,55,20,37,49,58,10,5,41,13,29,43,26,4,40,35,52,27,33,18,38,12,30,17,56,7,45,16,44,61,24,36,14,9,63,62,46,1,15,39,48,31,50,2,25,54,42,34,47,60,28,22,6,19,8,23,21,51,0
6,34,44,19,62,47,18,2,26,3,55,60,29,39,51,36,40,61,21,46,33,16,24,17,13,9,58,56,7,63,31,48,11,12,4,42,38,28,20,14,8,30,27,54,43,59,10,37,45,0,32,5,15,57,23,41,50,25,35,52,22,53,1,49
48,42,36,61,0,3,13,23,27,31,40,2,43,56,1,59,6,28,11,57,49,44,35,18,53,32,55,33,19,22,58,16,30,38,14,9,60,26,39,10,41,4,47,37,29,52,54,20,5,21,17,15,45,7,25,63,24,34,62,50,51,46,8,12
39,40,44,30,55,27,6,12,47,14,54,3,17,48,42,18,31,49,0,50,15,24,32,51,41,23,62,20,13,35,33,7,5,1,53,60,38,28,26,25,59,22,52,61,9,11,19,45,43,63,2,58,4,57,37,21,8,29,10,36,46,34,56,16
51,9,41,46,16,18,20,49,2,17,15,12,14,63,55,21,10,28,53,54,48,26,57,61,56,34,62,52,3,44,47,19,32,37,13,45,59,25,39,40,0,36,27,31,7,50,8,60,35,1,58,43,22,42,5,30,11,23,38,6,29,4,33,24
12,17,54,24,32,45,23,28,13,40,9,47,1,58,50,10,61,52,3,35,22,57,48,38,44,46,56,29,34,62,0,41,11,33,36,6,53,31,8,59,39,37,20,16,51,5,30,26,55,60,4,42,18,27,2,43,25,7,49,21,15,14,19,63
26,1,8,49,39,11,36,60,28,12,32,20,53,51,13,30,22,41,34,21,37,6,3,50,38,35,40,18,29,44,0,14,59,42,2,10,56,57,23,9,17,54,5,45,19,16,63,43,15,4,46,61,52,48,33,25,31,24,62,27,55,47,7,58
35,50,27,4,30,61,43,56,28,21,54,17,19,37,32,8,13,1,20,48,16,39,49,5,2,11,38,47,6,40,41,55,58,45,52,34,31,63,18,14,29,10,46,3,26,23,53,44,7,22,24,60,15,0,42,9,33,59,51,57,36,12,25,62
51,4,23,47,20,39,22,8,56,52,25,54,29,37,50,24,30,58,53,43,38,1,40,45,26,59,31,35,63,27,0,46,16,48,28,7,21,32,5,60,6,55,44,33,34,13,2,15,41,19,11,57,36,3,18,9,61,12,42,62,17,10,49,14
36,0,33,31,35,27,48,3,61,34,32,17,1,40,39,57,41,25,60,58,23,56,11,18,14,26,42,50,8,10,45,37,54,20,22,44,7,9,47,4,52,28,63,38,2,5,53,13,59,49,46,6,29,15,43,19,55,30,24,12,51,62,21,16
39,44,47,53,8,15,55,41,6,49,31,21,50,36,60,19,43,7,34,4,16,37,1,54,62,29,52,42,40,35,11,2,22,14,51,48,0,24,27,20,18,17,61,63,12,13,9,25,58,28,30,3,56,5,23,46,57,26,38,59,32,10,45,33
36,4,2,42,34,56,55,23,63,48,30,18,5,19,14,46,37,52,51,3,24,9,39,21,1,40,31,8,38,35,61,25,49,13,26,11,43,10,53,20,17,45,12,0,15,32,33,7,58,44,59,54,50,16,57,27,62,47,60,6,22,29,28,41
13,47,28,8,31,39,57,30,41,58,16,1,62,36,18,27,46,37,56,7,45,15,43,34,10,32,24,12,59,2,60,4,63,26,14,40,29,21,50,61,44,38,25,33,22,35,42,55,5,11,17,3,53,23,19,48,6,52,0,9,51,49,20,54
12,61,16,59,35,28,6,27,46,4,17,58,2,5,51,44,43,24,10,25,21,31,26,37,9,53,7,48,63,33,56,40,1,3,34,36,0,32,57,13,20,11,47,8,38,29,54,19,49,23,18,60,50,15,39,42,41,22,14,45,62,55,52,30
28,13,59,36,48,5,11,7,61,32,46,29,35,12,58,20,27,43,60,57,22,30,4,62,45,49,2,19,9,40,52,56,23,34,47,24,54,18,51,31,21,1,63,8,15,53,14,37,16,25,44,10,17,55,3,33,6,50,26,41,39,38,0,42
16,58,62,42,5,14,11,3,10,13,59,45,54,55,19,22,53,37,56,0,36,24,41,47,35,6,1,51,46,39,18,34,9,38,4,8,28,15,49,50,20,44,63,30,52,33,60,57,48,25,29,17,23,61,26,31,32,7,12,27,21,40,2,43
62,42,19,12,43,61,54,6,39,45,36,44,58,51,40,30,29,48,3,0,15,21,9,16,1,59,8,47,57,11,23,55,53,24,28,14,37,22,31,63,5,2,7,32,56,27,20,52,38,41,33,46,13,25,18,26,35,4,49,17,50,34,60,10
16,40,42,23,39,56,57,30,59,11,32,53,10,28,4,29,7,17,26,15,52,20,38,13,25,24,6,27,0,12,45,46,54,58,36,5,3,21,33,22,47,49,14,55,43,44,35,48,61,34,2,51,63,9,62,18,50,1,37,60,31,41,8,19
25,52,58,50,55,3,11,32,40,0,57,62,23,44,34,60,42,53,24,6,18,31,1,27,12,9,35,41,28,16,63,43,14,21,22,17,61,7,2,30,39,49,20,59,36,38,8,4,47,46,54,51,13,19,10,5,33,15,45,56,48,26,29,37
31,0,14,47,1,50,8,36,49,20,58,52,61,4,18,43,12,23,37,10,9,56,6,32,57,11,63,29,38,53,26,35,27,62,54,30,40,17,3,41,16,34,15,48,33,28,42,51,55,24,13,19,59,44,60,46,21,39,7,45,2,25,5,22
15,29,4,9,31,25,12,20,50,21,49,27,40,6,26,60,8,47,34,48,37,33,28,54,1,38,22,43,39,16,11,35,10,56,44,52,7,30,5,58,32,62,3,23,51,61,55,63,24,14,18,0,13,17,53,46,19,36,42,2,45,57,41,59
8,14,23,44,43,55,12,34,18,42,50,45,60,11,4,22,39,47,35,40,31,46,56,41,10,61,62,48,30,0,37,7,26,63,28,27,2,58,9,38,36,13,19,1,25,16,52,24,49,20,51,5,17,54,15,32,3,53,57,29,21,59,33,6
4,16,22,49,1,38,55,9,12,14,30,47,3,6,45,36,60,7,17,53,44,33,50,41,61,26,31,20,28,18,8,57,23,62,29,34,63,0,10,19,48,58,52,43,24,32,2,51,59,15,56,13,35,21,27,42,5,40,11,54,37,25,39,46
18,6,12,2,62,52,51,49,7,63,56,36,15,8,13,25,35,32,3,33,45,57,60,34,40,43,39,47,20,42,41,14,9,31,29,46,54,28,58,24,61,10,27,1,59,44,19,11,53,5,0,38,22,50,26,21,48,55,30,4,23,16,17,37
51,23,34,62,31,63,46,39,32,28,57,55,52,54,4,10,25,27,7,33,18,17,48,47,43,3,19,5,16,22,29,59,42,60,50,1,49,2,15,24,6,9,26,36,20,40,12,35,30,0,53,8,38,44,45,14,13,56,11,21,37,58,41,61
38,47,20,12,35,36,44,40,59,21,34,28,43,3,60,51,16,4,6,17,10,32,53,9,14,7,29,0,11,2,23,37,15,42,56,62,48,25,58,55,61,63,57,50,5,39,41,24,13,31,27,8,52,30,45,46,19,49,18,33,54,26,1,22
60,48,23,52,13,3,30,26,5,22,41,33,61,62,32,10,51,16,17,2,19,47,55,6,34,25,14,46,57,21,9,42,28,1,37,53,58,29,50,40,15,56,43,12,20,39,38,18,59,44,45,36,54,27,35,49,7,63,24,31,11,4,0,8
17,49,57,32,58,15,36,11,22,47,27,16,50,45,53,63,48,56,41,54,26,39,24,52,51,60,10,46,7,4,61,3,13,37,6,2,35,5,9,21,0,30,20,8,29,40,59,1,38,25,33,14,34,31,23,18,19,42,62,44,43,28,12,55
27,19,26,32,41,45,61,0,12,54,18,16,50,44,10,31,38,60,51,56,63,43,13,49,48,36,46,53,47,30,3,6,28,15,24,5,35,52,14,33,40,9,17,23,22,57,8,29,39,11,25,7,37,62,58,59,1,21,34,2,4,20,42,55
37,7,39,60,9,51,62,18,36,21,28,8,53,4,13,24,11,6,26,34,43,5,3,0,29,19,58,56,1,14,44,41,31,54,52,35,45,23,20,59,55,16,48,33,30,42,61,15,12,46,40,22,27,50,38,25,49,17,47,2,10,63,57,32
11,7,34,37,36,39,22,42,8,35,52,24,48,38,10,4,31,19,17,16,56,60,50,32,14,13,23,40,58,28,45,9,62,55,26,21,61,0,18,41,6,63,12,1,20,59,29,46,51,3,57,54,53,30,44,25,43,5,2,49,47,27,33,15
7,37,63,46,60,32,10,25,8,35,51,27,15,38,4,6,9,29,55,47,52,19,21,0,62,28,3,12,1,26,58,56,31,24,33,16,5,54,2,45,11,40,18,44,34,59,48,50,36,22,42,17,39,41,14,53,49,43,23,20,30,13,57,61
29,11,14,30,0,60,25,18,47,41,16,19,51,22,39,56,31,9,48,63,52,55,58,7,27,36,40,45,61,20,38,21,5,43,13,8,23,26,59,50,32,4,53,34,24,17,10,2,54,62,33,28,35,49,44,46,37,57,42,3,6,15,12,1
37,16,30,28,62,25,31,52,27,38,58,63,40,24,5,17,36,12,11,33,32,53,61,8,23,9,54,42,57,20,47,7,0,26,21,4,46,2,49,41,22,15,56,6,44,19,50,48,18,39,35,59,13,45,29,51,14,55,34,10,3,43,1,60
42,23,16,11,40,57,22,51,56,46,19,47,61,34,20,25,10,63,41,62,14,45,7,27,5,13,52,38,29,50,26,31,43,32,30,48,54,39,21,0,35,59,6,33,36,24,9,4,55,17,3,58,12,1,49,28,2,37,8,18,44,53,15,60
3,2,26,42,60,30,57,17,29,55,54,62,19,49,9,16,38,18,7,11,1,25,27,58,61,10,44,46,35,20,63,37,34,59,40,39,56,41,53,22,48,36,5,32,31,50,0,14,23,24,21,6,4,51,33,15,47,52,43,8,13,28,45,12
17,50,25,41,26,62,0,9,56,8,55,20,45,11,27,53,47,2,7,6,36,28,60,57,12,16,59,40,3,32,10,58,14,44,24,35,30,4,63,54,19,34,31,49,22,39,48,51,21,42,23,1,29,46,15,43,18,38,5,61,33,52,13,37
17,29,25,5,32,10,19,36,59,24,20,55,0,40,48,26,21,18,3,12,28,35,27,54,1,11,61,45,41,47,44,52,16,9,8,46,13,43,53,38,7,50,39,15,4,58,23,37,31,34,22,14,56,51,30,2,49,33,63,57,42,62,60,6
40,16,3,62,9,56,61,15,27,32,17,24,44,21,33,23,47,45,5,41,29,1,43,8,57,18,7,11,36,59,10,52,13,22,53,46,14,35,2,60,51,30,38,34,19,31,58,26,49,37,4,39,12,50,28,55,25,63,6,54,0,20,48,42
4,17,18,55,56,11,63,29,47,5,54,36,60,13,62,31,38,53,59,6,35,44,1,49,43,39,8,10,0,20,42,27,2,58,15,23,28,37,61,24,32,3,46,48,30,40,22,16,34,57,26,21,52,45,19,7,41,12,14,33,9,25,51,50
5,55,59,56,14,37,60,6,22,46,34,43,24,25,11,21,26,40,12,50,44,35,17,8,33,16,31,57,7,32,49,36,4,39,48,0,41,15,19,30,45,27,3,61,38,28,18,52,62,42,9,54,1,2,63,29,53,47,20,51,10,13,58,23
10,16,9,35,17,33,41,57,51,58,26,48,56,54,7,37,28,32,23,30,15,20,6,8,31,42,24,62,18,1,3,50,22,43,61,46,4,38,45,12,2,25,27,13,63,53,52,19,11,59,44,29,5,55,0,14,60,49,34,39,47,36,40,21
13,10,29,17,30,18,40,49,33,2,6,52,56,32,51,42,5,59,31,35,46,25,43,0,11,14,50,45,22,3,44,39,19,47,57,12,26,7,63,41,28,54,4,53,61,60,9,8,37,55,48,34,23,38,21,24,27,16,58,15,1,36,20,62
27,54,17,12,15,3,24,55,18,38,46,13,37,58,11,16,47,14,25,1,41,2,7,0,59,53,5,26,62,32,19,23,52,33,44,4,49,21,29,6,40,42,50,10,61,35,39,34,20,60,36,57,8,22,56,30,63,28,48,43,9,51,31,45
57,0,20,19,49,41,58,7,62,38,60,14,45,40,3,4,53,31,15,25,34,9,28,24,8,6,5,16,51,29,13,2,37,36,61,43,55,10,1,12,33,42,48,47,59,17,23,50,46,39,22,26,52,56,54,32,44,35,11,63,27,18,21,30
35,44,55,2,52,6,43,31,27,42,50,61,15,45,53,4,0,33,3,14,56,58,48,21,28,5,37,11,7,39,36,10,26,46,32,57,17,51,30,38,19,9,23,16,18,13,34,24,22,1,60,8,62,63,40,12,54,47,49,20,41,59,25,29
57,38,32,12,39,24,14,52,31,58,55,29,26,61,22,28,4,53,25,3,45,21,13,54,15,7,36,46,8,44,51,11,40,48,9,0,56,17,35,41,18,43,5,62,16,19,34,23,20,42,59,27,63,60,30,1,2,49,10,6,50,37,47,33
4,22,47,25,26,2,46,49,58,44,36,50,53,17,56,30,23,34,15,63,41,59,3,42,45,9,24,31,55,0,27,38,43,35,7,13,1,51,54,61,6,21,29,32,16,39,20,48,18,12,52,28,5,8,19,57,10,40,14,11,33,37,60,62
5,32,62,45,56,38,10,17,59,24,26,20,28,2,7,48,47,41,40,54,12,58,50,37,33,22,42,53,35,9,30,36,43,0,39,18,15,44,31,6,51,4,13,11,63,1,46,23,27,49,16,57,61,19,21,60,34,14,29,8,25,52,3,55
58,42,24,38,1,36,18,23,31,7,25,20,0,9,12,16,8,4,45,15,53,35,14,33,19,61,6,60,22,26,10,47,30,11,59,51,43,54,52,2,46,27,41,40,50,44,55,17,63,48,62,49,3,37,56,32,13,57,21,39,28,5,29,34
57,51,0,27,45,52,9,56,53,63,41,46,37,36,32,21,43,4,61,8,55,24,2,29,5,42,23,25,10,6,13,15,7,33,30,60,31,35,54,59,16,12,18,62,17,26,39,49,34,19,1,48,38,14,3,47,40,28,44,58,22,20,50,11
55,38,36,52,14,17,3,10,15,1,0,50,11,54,57,41,58,12,31,16,4,27,46,21,49,2,26,42,28,9,30,7,13,6,43,22,25,8,32,18,53,33,29,59,23,37,47,40,5,45,62,51,44,20,34,61,19,60,24,63,35,39,48,56
39,15,23,63,53,29,43,17,2,24,35,1,62,11,0,61,21,28,54,19,20,49,52,22,13,38,34,5,40,25,18,44,31,42,37,16,56,30,27,32,12,36,9,58,26,60,14,50,57,8,3,48,51,46,4,55,7,47,10,33,41,6,59,45
47,31,8,44,22,25,49,46,34,20,36,53,54,40,30,39,26,9,45,12,4,11,62,37,14,38,33,41,10,23,60,57,42,35,13,3,7,58,59,5,27,1,51,28,18,48,55,43,0,32,2,29,56,17,50,61,16,63,6,21,15,19,24,52
23,49,33,22,38,4,31,63,48,18,27,46,43,14,15,54,1,55,57,36,37,32,21,19,56,5,11,7,17,53,45,6,16,30,24,28,50,62,13,42,58,3,10,52,44,12,61,8,60,34,59,47,25,9,39,0,35,29,26,40,51,2,20,41
10,5,35,25,11,33,40,15,55,30,17,57,47,41,29,60,38,44,19,14,21,26,36,58,50,45,43,53,59,6,52,62,37,24,0,63,39,32,22,46,12,9,49,51,34,31,42,1,13,18,54,3,61,20,28,7,27,2,8,56,48,23,4,16
11,52,19,33,36,1,21,40,7,45,20,39,10,9,63,14,0,41,62,53,58,57,5,35,30,25,22,44,42,60,27,13,38,49,12,51,8,3,54,6,55,56,28,23,18,47,4,29,34,32,59,15,37,46,43,50,48,24,31,2,26,17,16,61
40,57,45,51,6,31,9,8,36,63,52,23,37,49,39,16,1,50,17,55,28,47,22,53,14,20,3,2,12,60,44,15,38,18,48,29,46,4,41,58,59,33,54,21,27,26,0,32,35,24,25,10,34,62,42,13,5,61,56,30,7,19,11,43
11,36,48,43,18,23,38,47,33,50,32,12,27,10,4,37,54,39,63,34,46,1,49,9,61,20,25,28,2,55,29,17,13,62,15,7,31,8,22,41,14,45,53,24,44,57,40,6,42,58,52,26,19,16,59,0,51,56,5,3,30,60,21,35
10,38,51,50,41,47,18,37,44,0,5,33,24,61,7,13,56,29,39,23,26,14,43,34,4,36,22,57,63,45,8,11,59,16,46,55,6,40,19,20,54,48,12,25,27,62,9,35,42,1,15,53,49,32,21,31,60,2,28,58,52,3,17,30
38,18,57,13,36,39,44,16,24,34,21,28,8,25,42,50,5,32,0,54,40,61,14,52,53,17,15,33,3,31,30,20,22,63,4,10,47,12,23,11,26,29,43,56,46,45,58,48,60,7,19,6,59,41,1,62,37,9,27,2,55,49,35,51
18,57,34,1,37,4,61,52,6,5,33,7,11,32,10,59,48,43,62,55,9,40,28,21,35,23,0,49,19,50,12,25,53,58,56,39,44,30,41,2,60,29,42,63,24,46,38,8,16,47,17,3,27,31,20,22,26,15,36,14,45,13,51,54
58,53,3,31,9,6,45,7,25,41,21,17,59,52,40,32,51,28,56,5,63,37,46,42,38,55,26,20,57,12,13,54,50,35,49,10,4,47,27,18,48,61,30,1,24,23,60,34,44,43,11,8,2,62,36,19,0,15,29,22,14,16,39,33
35,27,12,25,48,41,29,53,40,23,8,3,32,21,55,6,57,43,4,11,34,31,2,59,18,63,1,14,9,49,44,38,20,58,42,22,19,61,28,16,46,37,51,26,10,52,0,56,30,17,33,62,45,15,60,13,54,5,50,24,39,7,47,36
45,23,18,19,13,30,61,40,1,5,42,31,16,55,56,25,63,17,22,34,37,20,50,62,26,38,35,33,32,60,21,57,2,10,24,58,51,44,27,46,53,59,14,11,9,52,39,54,47,15,8,7,0,6,36,28,12,4,3,29,49,43,41,48
5,33,20,13,7,61,56,37,8,55,57,54,25,41,45,14,1,58,60,42,27,51,18,9,59,16,47,63,0,53,21,17,30,4,38,49,29,11,48,3,24,50,62,15,39,40,10,32,43,46,28,12,31,35,52,19,26,36,22,34,6,44,23,2
60,47,50,63,1,39,53,42,41,18,38,8,62,28,29,52,48,7,13,27,51,40,21,5,25,43,3,9,10,26,0,36,35,32,54,34,4,17,6,2,30,20,61,56,23,33,24,11,15,22,59,57,37,49,19,12,14,55,31,16,44,45,46,58
12,19,18,0,14,29,63,2,26,23,53,13,48,11,10,1,57,46,25,42,49,8,3,39,6,31,62,47,9,5,21,36,61,40,38,15,34,17,4,22,58,33,35,50,51,16,60,27,37,30,54,56,44,32,24,55,59,52,7,41,45,28,20,43
18,42,7,61,30,16,3,50,24,10,46,17,52,40,37,39,58,36,55,0,21,48,63,23,19,11,43,28,22,41,33,1,2,34,14,31,25,51,49,5,32,8,29,44,53,38,57,4,26,35,45,56,60,62,20,12,54,59,27,9,47,15,13,6
35,50,36,21,27,13,26,43,23,11,16,14,9,30,28,7,40,44,37,39,8,32,24,19,33,41,54,31,60,55,52,4,46,20,57,0,56,62,5,47,18,10,34,61,42,48,59,6,1,58,22,49,63,51,3,12,29,53,38,15,25,2,17,45
34,40,23,33,54,4,51,12,11,24,9,38,43,61,47,28,16,6,45,13,63,7,15,41,5,26,62,8,46,48,35,31,2,37,56,50,42,30,0,22,44,14,10,55,17,32,19,57,60,27,21,3,18,29,25,39,59,20,52,49,36,1,58,53
29,20,31,0,45,51,53,26,46,33,5,63,9,40,8,16,58,19,10,22,27,1,11,36,42,23,34,49,52,41,32,18,12,6,4,62,44,30,3,48,14,38,43,21,61,60,25,54,13,57,50,2,55,56,39,24,59,17,7,47,15,28,35,37
63,49,32,47,29,7,34,6,10,46,22,13,57,31,61,60,5,37,11,59,26,15,40,53,28,14,18,44,27,0,50,19,43,56,41,23,1,54,45,9,17,20,30,21,48,4,55,24,39,36,51,35,38,52,33,12,8,25,3,42,2,58,16,62
6,35,26,45,25,48,55,2,43,13,46,29,63,15,59,40,28,41,44,52,31,20,54,4,50,49,33,56,53,0,9,34,5,18,21,7,1,12,58,39,60,8,32,10,42,16,3,38,47,22,14,57,17,19,36,51,61,37,27,11,23,62,30,24
9,31,15,19,8,13,42,50,2,49,39,45,38,14,56,58,54,34,53,16,59,6,28,12,35,32,24,57,20,51,4,52,41,7,62,63,27,17,29,33,3,61,36,48,23,18,22,37,46,21,40,11,25,47,26,5,43,44,10,1,60,0,55,30
59,48,42,16,34,31,6,21,2,11,38,53,57,4,54,18,43,26,40,7,5,14,50,32,1,30,23,58,41,12,8,39,45,33,9,28,19,62,29,0,61,37,20,13,10,17,56,22,24,63,36,49,52,25,44,46,55,3,60,47,15,27,35,51
59,34,22,5,57,20,51,50,54,35,43,19,60,10,62,3,15,2,37,27,41,7,45,29,16,55,49,32,23,11,38,24,0,1,48,31,26,44,17,42,39,33,8,30,52,47,14,13,21,40,9,4,58,46,56,61,53,18,36,6,25,12,28,63
38,45,49,34,13,63,18,31,15,10,51,16,35,3,50,4,43,48,40,2,46,11,5,60,21,24,9,12,56,55,59,57,17,62,53,61,27,36,42,39,32,37,25,33,22,28,26,30,41,52,23,58,47,44,14,54,7,0,6,20,29,19,1,8
15,38,22,47,20,4,16,62,13,25,58,23,29,26,51,14,1,17,33,61,45,24,48,56,52,28,43,19,36,39,12,2,57,18,50,34,9,30,11,0,46,41,42,8,5,60,21,10,37,31,3,32,6,53,54,59,63,55,40,44,27,35,49,7
30,2,49,35,3,25,45,23,56,55,33,51,29,27,8,15,24,7,10,6,43,22,63,52,20,1,60,5,38,50,46,53,40,59,9,57,31,28,21,34,62,32,0,42,36,61,37,47,58,16,18,4,54,11,41,39,26,19,12,44,13,48,17,14
23,55,8,30,53,48,12,2,60,47,62,16,34,1,28,32,51,10,42,27,24,9,14,43,41,5,15,25,31,44,21,39,46,22,45,3,36,57,63,52,0,38,19,40,49,17,13,54,37,4,7,50,61,20,56,33,18,59,29,6,58,11,26,35
1,51,34,21,36,54,52,5,46,38,30,26,9,53,58,61,47,0,32,20,4,29,49,2,43,62,39,16,63,25,27,40,48,56,24,41,22,37,17,55,44,12,50,6,15,10,57,19,18,59,13,7,8,45,31,14,42,33,60,23,11,28,3,35
44,49,63,14,45,18,26,35,31,62,40,56,42,58,53,1,10,30,4,52,41,25,12,60,28,61,36,57,46,5,38,50,33,9,17,11,29,15,21,6,7,59,19,39,23,3,47,8,43,55,22,16,13,27,24,54,0,34,32,51,20,37,48,2
47,29,20,35,30,10,41,8,4,6,7,44,28,48,1,31,62,21,56,0,50,15,25,34,2,11,26,39,19,53,40,45,13,33,23,52,22,18,37,59,32,57,38,58,61,49,54,46,3,43,51,17,42,9,14,55,60,16,27,36,24,63,5,12
47,29,18,30,38,4,1,32,62,16,28,55,61,51,49,56,20,42,9,43,2,0,23,25,17,63,11,31,7,10,22,58,41,5,60,21,15,39,59,37,12,24,35,46,52,13,54,53,40,3,34,44,57,6,48,19,26,36,14,8,27,33,50,45
28,4,37,36,60,27,1,3,26,61,33,8,15,17,32,2,5,50,11,42,52,7,31,35,48,0,56,53,45,40,57,38,49,6,23,41,39,29,55,20,12,25,10,19,30,22,16,14,51,46,44,63,47,59,13,34,21,62,54,24,18,9,43,58
21,30,31,13,57,34,20,29,55,51,6,15,47,24,11,8,9,7,4,45,38,36,41,40,62,56,61,46,52,19,23,12,18,39,54,25,22,26,60,50,37,49,2,42,33,27,10,53,5,1,14,28,43,63,0,58,17,16,32,35,3,59,44,48
19,35,25,43,2,6,63,53,20,11,47,52,31,48,59,29,57,45,21,54,5,16,27,23,17,38,15,51,60,34,49,41,36,26,50,0,55,37,40,24,32,8,28,30,22,14,1,61,3,13,7,10,56,39,12,62,9,4,46,42,33,44,58,18
54,59,62,11,48,15,4,0,39,55,19,37,31,1,51,49,28,27,63,8,60,21,10,14,17,12,42,24,61,57,25,38,34,2,13,7,29,58,53,46,20,41,16,9,32,40,52,50,56,47,18,26,35,44,3,45,6,36,33,23,22,5,30,43
45,7,2,23,25,4,30,32,61,48,40,50,62,14,56,59,36,27,42,12,20,54,16,47,55,49,5,31,11,39,19,6,58,41,37,38,35,1,52,44,60,24,34,17,63,33,22,10,13,43,0,21,28,15,9,46,26,51,57,53,3,8,18,29
22,11,58,27,62,51,39,14,59,41,6,30,12,8,55,26,10,63,56,25,33,37,53,60,47,18,44,23,35,52,1,36,50,31,2,16,61,49,9,54,42,3,28,46,0,48,43,17,34,40,38,57,4,15,32,20,19,13,29,21,45,24,7,5
34,10,22,35,2,53,21,5,55,18,41,27,47,61,4,43,1,57,60,38,31,62,14,11,26,39,46,20,33,50,17,58,42,15,36,40,19,52,3,49,25,6,59,63,13,37,7,24,28,54,32,56,16,29,12,51,45,0,44,48,8,9,23,30
51,50,10,37,40,35,30,38,25,46,2,14,27,39,60,23,32,16,52,7,18,20,48,19,26,49,63,44,13,53,15,29,56,28,55,31,0,8,5,34,12,43,58,36,21,1,4,61,62,9,6,22,42,54,17,45,57,33,47,3,41,24,11,59
60,44,48,18,9,14,12,46,7,58,47,32,50,13,54,61,2,15,52,1,6,29,51,63,39,17,43,34,20,24,23,0,26,8,49,62,42,11,57,22,41,33,38,16,45,36,10,59,21,53,27,37,56,28,40,25,19,30,3,31,35,4,5,55
22,43,4,57,49,19,63,60,36,44,24,32,3,41,62,1,38,7,55,23,16,5,9,26,12,53,35,54,25,31,6,58,42,46,34,52,20,47,61,39,51,10,0,30,15,50,11,59,14,33,17,29,28,21,56,37,8,40,48,2,13,45,18,27
26,37,21,60,36,10,27,33,8,4,54,15,39,20,58,59,2,14,44,56,38,57,61,13,6,47,29,51,41,5,50,52,48,24,62,40,49,28,31,17,55,63,35,9,12,43,1,53,34,0,46,16,30,3,42,7,22,18,19,11,45,25,23,32
43,11,8,46,34,41,37,40,4,17,6,16,20,63,53,5,61,1,32,24,13,60,12,7,23,38,2,45,27,49,15,56,62,9,21,35,0,14,28,51,42,54,47,55,57,52,59,58,30,50,48,10,39,44,29,18,19,3,26,25,36,22,31,33
31,62,49,47,22,27,56,40,18,23,41,58,30,0,51,11,54,16,55,35,57,1,13,36,29,15,9,61,46,12,45,19,24,43,32,53,52,42,2,10,6,39,25,33,26,28,21,34,59,5,48,17,50,7,14,8,20,63,3,38,44,37,60,4
53,20,31,9,12,40,0,6,52,62,18,32,10,59,14,41,46,56,58,44,43,33,45,42,2,3,38,35,23,1,61,39,57,5,63,48,60,49,21,51,28,27,36,24,22,4,30,8,26,11,7,15,47,37,55,13,54,25,19,50,16,17,34,29
57,60,54,10,2,55,28,6,36,19,37,52,5,59,18,34,16,24,45,8,40,1,27,17,49,53,12,33,11,4,38,51,62,14,9,41,20,63,13,31,35,22,26,25,43,23,3,42,46,56,47,21,48,0,15,39,29,61,58,44,32,30,7,50
29,24,16,0,13,19,55,30,51,41,6,36,7,18,21,47,10,34,15,9,5,44,17,8,11,60,25,35,39,56,52,26,12,3,46,58,22,27,43,1,50,63,57,62,59,32,54,37,33,31,28,53,23,49,61,40,20,14,4,2,38,48,42,45
31,55,6,56,45,57,41,33,29,49,20,7,23,12,35,53,9,44,27,26,19,51,4,8,0,50,37,25,22,10,63,60,24,1,36,17,46,15,58,52,40,34,13,18,38,30,43,47,42,61,16,39,28,59,11,21,3,48,54,2,32,62,5,14
42,61,12,7,54,2,28,20,27,26,58,40,51,39,52,19,34,59,5,41,6,63,10,44,56,24,60,50,22,25,3,47,13,45,53,48,15,33,57,55,30,11,8,16,23,0,29,32,38,31,37,62,49,46,17,21,9,1,35,18,4,14,36,43
13,11,36,55,52,27,15,40,22,16,25,32,29,61,3,53,51,10,18,49,20,31,23,2,63,1,34,38,56,6,39,48,59,4,24,9,17,58,45,7,41,21,28,37,50,57,5,26,60,8,46,44,14,19,33,43,54,35,0,30,12,47,62,42
34,20,29,44,15,51,56,63,6,47,1,48,26,8,9,52,50,49,3,0,62,17,13,55,41,28,21,59,43,40,18,24,39,31,22,30,2,5,23,12,7,38,60,10,25,45,32,37,54,61,14,53,19,58,36,4,42,57,11,27,35,46,16,33
60,54,14,47,19,11,37,9,27,23,45,12,34,40,25,17,32,43,8,10,36,59,63,56,15,4,35,7,49,21,58,30,51,0,16,41,55,53,1,26,22,38,42,28,20,5,18,2,62,50,61,6,29,31,3,57,39,46,33,44,13,48,52,24
7,22,61,11,37,15,36,20,46,54,25,59,51,41,16,38,52,23,3,18,28,49,24,13,6,53,17,63,57,27,5,12,40,39,60,21,33,47,31,9,14,62,2,0,1,19,50,43,34,8,10,4,26,45,55,48,32,56,30,35,44,42,58,29
40,28,42,61,41,58,13,7,32,23,3,17,53,21,31,25,62,24,0,56,16,48,36,51,26,44,60,6,54,20,18,30,39,22,63,47,27,1,19,50,11,49,35,57,5,8,15,34,59,9,46,38,45,14,55,43,37,52,12,4,29,10,33,2
35,1,45,32,43,20,50,34,46,17,56,0,16,6,59,44,3,63,47,10,33,2,12,15,38,61,41,11,31,57,60,18,5,7,49,42,21,39,23,62,52,26,30,27,55,13,51,37,58,4,29,14,9,40,28,53,54,22,36,8,24,19,25,48
23,42,19,45,12,53,52,17,13,47,24,2,11,20,33,63,1,43,21,60,48,10,41,6,0,22,5,26,58,7,51,55,46,32,30,9,4,3,8,54,49,29,57,62,56,36,61,44,25,38,37,14,35,39,28,40,34,15,31,50,59,16,18,27
53,26,27,13,3,2,41,52,60,15,5,6,16,20,33,12,8,29,31,58,37,55,38,25,63,40,35,9,57,30,22,54,46,42,19,32,23,21,10,45,39,47,61,56,62,59,11,1,28,43,18,44,0,49,34,48,51,4,14,24,50,7,36,17
45,41,55,44,9,23,36,18,51,30,46,10,39,19,37,29,27,31,24,3,17,54,35,7,47,1,21,6,49,22,15,60,40,2,50,38,34,58,61,56,48,14,42,62,11,59,33,28,16,5,43,12,52,13,53,57,4,25,0,26,20,63,32,8
17,11,37,28,57,63,44,47,22,23,26,12,50,60,61,58,10,52,59,1,20,38,34,5,46,8,19,33,45,30,62,6,13,4,40,14,51,43,16,29,53,21,49,42,36,27,9,41,18,0,3,7,48,32,15,56,39,24,35,25,2,31,54,55
28,47,22,18,29,52,44,11,0,35,16,36,51,63,56,62,50,26,31,58,54,7,2,61,59,42,37,15,33,13,8,6,20,1,27,19,23,38,5,43,10,55,14,39,4,21,24,46,12,32,17,34,48,45,57,25,49,40,3,41,60,30,53,9
7,3,58,27,10,22,52,31,6,38,4,36,24,2,41,55,9,54,16,61,20,33,59,23,11,28,0,39,34,45,15,57,12,37,19,47,50,56,17,25,35,29,8,1,18,43,14,30,40,62,53,63,60,51,13,49,32,46,21,44,26,42,5,48
1,0,3,12,30,61,20,58,37,18,55,19,24,7,38,63,13,31,59,17,56,43,40,36,10,44,50,15,60,5,4,47,8,39,53,49,33,16,11,54,22,57,27,34,48,23,42,46,14,62,21,6,41,52,26,9,29,28,35,25,51,45,32,2
16,51,44,43,46,15,48,42,60,61,18,40,7,23,57,50,14,45,1,47,28,19,5,41,39,52,4,24,21,29,11,49,9,58,56,2,54,34,31,35,22,13,30,3,12,37,26,38,33,62,6,8,59,25,27,32,0,17,53,36,55,20,10,63
48,11,1,4,28,18,6,44,29,56,23,45,52,7,58,24,19,20,12,51,27,14,25,9,36,35,22,15,0,43,41,26,42,5,39,2,16,8,34,55,31,3,33,57,17,38,53,50,47,46,37,10,49,40,60,32,63,30,59,61,62,54,13,21
25,10,31,29,47,62,49,35,16,41,45,33,0,46,39,57,36,38,24,59,44,8,27,60,5,20,34,7,19,9,18,63,1,54,40,3,52,26,58,56,28,50,15,37,48,2,6,23,14,4,12,42,13,55,43,51,53,30,17,11,21,32,61,22
37,53,3,33,6,27,63,47,45,38,18,21,43,51,54,10,32,39,60,36,42,40,8,49,44,59,34,55,25,58,46,13,7,20,23,24,19,2,48,15,5,16,29,14,31,4,41,50,30,9,17,1,35,61,28,56,22,52,62,12,11,0,57,26
28,24,18,23,34,50,30,21,59,31,63,3,8,38,16,35,52,51,62,57,41,25,1,22,56,37,40,39,43,11,54,9,15,14,17,6,45,36,46,5,55,58,47,2,44,29,27,26,33,32,7,0,48,4,10,60,13,53,61,12,49,19,20,42
15,24,10,25,6,41,0,11,23,48,22,53,54,20,55,60,58,29,43,28,18,42,14,47,19,2,8,62,31,44,12,5,37,49,3,38,4,32,7,33,36,59,45,35,50,13,51,56,30,17,1,16,39,27,21,34,57,52,9,61,63,40,26,46
26,37,54,2,50,59,0,17,52,5,14,27,15,22,16,38,57,42,3,6,8,7,10,48,24,12,47,39,30,60,18,9,19,49,53,31,20,51,40,46,55,43,34,13,4,29,32,61,25,44,1,45,62,58,33,28,41,35,56,63,11,36,21,23
54,12,16,29,17,36,53,6,60,61,21,55,11,38,14,15,50,58,4,49,57,33,8,7,42,13,48,0,39,34,59,19,10,28,20,37,47,5,27,43,3,51,40,63,1,62,2,26,52,32,46,35,23,30,25,31,56,24,41,9,45,18,44,22
60,19,6,9,54,40,25,21,48,14,44,24,15,53,52,37,11,16,22,56,29,32,55,4,63,50,31,36,7,10,46,35,62,51,30,61,8,3,57,42,59,58,13,28,18,43,39,45,23,26,27,33,34,49,0,5,1,12,17,41,20,2,47,38
52,32,0,2,61,12,34,48,25,27,53,38,5,63,41,8,23,45,60,59,9,49,26,13,50,36,57,4,3,14,1,28,51,18,42,20,46,44,10,15,58,31,30,19,6,29,35,7,54,22,17,39,21,37,62,33,16,43,47,11,55,40,24,56
47,57,61,45,2,38,49,0,3,46,13,44,6,23,58,20,5,21,29,50,33,60,40,17,32,26,41,11,39,62,27,16,52,1,24,18,54,42,56,15,30,25,36,7,22,28,63,19,35,9,31,4,55,12,53,34,14,37,59,51,43,10,8,48
24,41,39,32,6,15,34,59,40,4,1,44,56,19,63,60,47,21,38,52,8,28,27,11,49,46,53,55,18,35,50,25,20,51,13,33,17,43,61,45,58,57,62,54,7,48,42,30,3,31,14,36,29,22,26,5,2,0,12,37,10,9,23,16
17,54,33,1,55,61,44,7,47,36,42,3,15,24,14,10,13,46,5,31,56,23,49,0,59,21,45,60,38,6,4,20,28,53,16,32,52,37,39,63,41,2,8,18,26,35,50,40,51,43,27,12,57,62,22,58,19,48,34,9,29,30,25,11
54,36,18,9,61,37,10,49,29,2,59,56,46,40,13,3,0,22,20,38,43,47,42,11,6,57,33,27,32,53,16,35,34,7,25,52,55,1,30,58,31,8,28,5,62,14,19,50,45,12,24,15,26,48,63,39,51,4,60,17,41,44,23,21
6,27,31,8,33,54,10,28,9,62,12,52,43,39,63,34,35,2,16,41,30,24,23,60,0,25,40,50,29,44,21,26,45,15,20,22,56,13,38,42,46,55,32,17,1,49,11,59,61,5,47,14,18,51,36,37,58,7,53,48,57,19,4,3
20,43,40,15,7,6,8,12,63,26,48,38,33,46,55,59,57,51,47,37,41,60,21,32,16,4,5,42,31,2,0,45,54,56,25,53,13,17,27,29,23,30,24,9,61,36,50,58,22,28,11,62,34,44,10,49,1,52,18,39,19,3,14,35
38,33,12,20,37,22,8,63,62,15,45,43,55,13,18,2,60,48,29,36,47,10,32,58,9,23,5,6,3,7,26,50,17,49,34,16,40,61,41,0,39,30,54,24,35,11,56,59,44,4,53,19,1,28,21,25,51,42,31,52,27,14,46,57
35,3,16,40,41,15,33,22,59,2,36,5,60,34,57,8,43,46,51,29,44,12,55,9,54,61,28,1,25,50,31,4,17,52,27,62,6,26,0,20,58,11,42,19,48,30,21,37,39,53,56,23,47,14,49,18,63,24,45,38,13,7,32,10
1,60,8,40,53,63,42,43,5,62,14,26,48,36,41,13,9,49,39,32,46,51,44,31,25,17,35,3,55,47,0,24,21,29,33,34,15,11,54,30,4,10,45,38,61,20,16,37,7,59,19,6,50,57,12,27,56,22,52,23,58,18,28,2
45,17,3,36,22,50,12,7,18,39,0,59,25,57,54,13,33,52,58,4,48,63,35,51,31,32,6,42,61,47,21,29,34,11,62,30,20,28,23,9,37,38,8,41,16,60,10,55,2,27,53,14,1,5,49,44,40,46,43,19,26,24,15,56
25,53,57,26,37,29,15,33,17,35,32,24,39,7,9,8,30,41,54,36,34,12,28,23,63,14,3,6,31,20,58,59,55,1,18,51,21,47,45,4,38,61,50,46,48,44,5,27,13,40,19,52,56,62,10,43,16,22,60,2,49,42,0,11
58,35,46,21,39,53,14,47,30,59,40,51,62,37,19,60,11,49,27,15,7,55,16,25,3,48,10,45,34,18,8,24,54,57,61,23,28,2,33,42,26,0,4,9,32,43,20,56,17,12,22,44,6,63,29,38,5,1,13,36,52,31,50,41
49,35,24,2,30,16,12,48,46,23,21,63,44,28,20,37,26,52,53,50,56,47,59,43,58,13,6,15,41,62,57,55,11,17,36,40,45,33,19,51,0,38,61,22,7,34,9,39,5,25,4,31,8,32,10,27,54,18,14,3,29,60,1,42
41,26,30,44,34,47,63,54,37,5,48,50,15,14,27,42,59,21,10,9,55,58,29,11,36,33,22,46,49,60,25,20,23,62,28,32,13,38,53,16,57,7,45,35,43,24,52,0,17,18,2,51,56,31,4,6,61,12,40,3,19,8,1,39
23,43,39,7,31,9,61,50,48,2,0,20,16,38,57,40,37,47,42,51,18,63,53,59,26,22,14,27,46,3,19,52,45,24,8,54,44,36,35,34,10,17,11,15,25,58,55,30,21,13,62,33,49,32,12,6,28,41,5,56,60,4,1,29
32,53,11,30,19,37,2,16,45,50,62,54,9,46,15,1,0,10,55,39,7,20,28,48,60,59,33,36,61,3,47,21,38,40,49,4,26,63,56,17,35,42,51,29,24,8,22,14,6,13,43,31,12,5,57,41,23,34,18,25,52,27,44,58
9,62,34,23,33,46,15,7,17,48,31,20,13,14,30,47,10,43,39,4,41,1,26,8,22,11,27,40,25,54,49,44,5,29,24,21,55,60,2,16,37,35,38,45,51,52,53,12,0,36,19,28,57,3,32,50,42,18,59,6,58,61,56,63
61,52,17,32,27,37,21,30,54,8,34,45,25,55,51,42,12,48,58,29,3,24,41,40,1,62,19,56,36,13,5,50,20,23,6,22,2,38,39,33,4,59,44,26,10,0,43,28,18,35,53,46,49,11,60,31,57,47,16,14,15,7,9,63
53,26,62,59,41,3,21,15,37,9,58,36,11,47,6,19,16,63,29,17,54,27,0,56,2,39,57,51,7,32,14,34,4,25,30,22,24,10,40,18,48,43,5,50,35,49,60,20,44,38,52,1,42,31,61,23,46,28,45,8,13,55,33,12
38,12,25,43,44,61,1,15,14,2,23,29,57,28,13,27,55,7,48,50,51,42,18,47,39,59,63,46,11,4,20,19,56,53,34,54,16,52,58,32,21,45,8,40,33,31,5,41,17,62,0,22,49,24,60,35,36,30,3,37,9,10,6,26
41,56,55,19,26,59,22,14,1,0,47,50,38,31,12,62,58,42,36,51,7,11,15,44,10,9,20,63,30,48,18,13,46,60,52,37,54,23,49,25,8,53,6,33,32,39,5,40,34,16,2,28,43,29,35,45,17,3,4,24,27,21,57,61
37,8,9,14,27,0,40,15,7,58,44,1,60,29,28,13,63,53,48,39,3,16,55,22,42,17,46,34,19,35,24,10,61,6,45,49,21,12,54,18,62,38,50,57,26,59,47,33,5,43,32,52,23,20,51,25,36,4,30,41,56,11,31,2
4,9,27,44,40,30,23,39,20,33,59,6,21,60,41,24,25,61,37,48,62,51,43,5,38,53,17,29,46,57,7,0,55,2,56,3,58,8,54,31,18,10,36,22,16,52,63,47,13,19,1,35,28,34,45,42,26,49,15,11,12,14,50,32
27,34,31,55,56,17,46,43,11,53,32,39,42,16,26,21,10,54,3,33,50,61,23,29,63,35,36,19,48,40,18,9,8,12,25,37,45,24,15,38,1,62,52,59,57,20,49,4,28,2,13,60,44,22,0,14,7,30,58,41,51,47,5,6
28,2,59,24,51,46,43,18,38,32,25,44,60,8,53,54,9,37,62,26,20,16,61,56,21,10,1,45,0,39,17,30,50,41,55,34,52,4,29,22,40,7,63,58,27,31,14,35,47,5,42,23,15,6,57,36,3,19,11,33,48,12,13,49
21,61,1,43,6,26,35,34,58,3,44,4,12,15,11,62,9,54,48,33,14,38,37,40,42,17,24,18,50,29,8,36,45,52,46,57,27,51,20,28,31,53,23,60,22,5,10,39,47,13,16,19,55,7,0,41,25,63,56,30,32,59,49,2
63,10,32,18,51,24,1,48,20,34,61,2,23,62,25,54,52,0,28,35,36,11,16,9,17,31,56,45,49,3,8,40,19,5,30,15,58,41,55,60,27,21,14,39,38,50,59,57,33,53,6,29,4,42,22,44,26,12,46,37,7,43,13,47
49,61,50,8,20,35,27,28,29,37,1,52,40,63,47,30,2,11,31,60,4,51,48,33,7,46,42,59,41,17,16,62,24,18,22,57,26,9,23,14,10,13,43,36,58,55,15,53,21,56,6,45,32,3,19,5,54,34,44,38,25,39,12,0
33,2,9,32,62,30,10,29,20,25,3,38,44,61,27,58,45,6,46,1,31,56,18,57,41,7,55,47,15,36,8,49,12,59,48,52,14,39,5,35,42,11,40,23,13,34,16,51,19,24,28,54,0,17,21,43,63,22,53,37,26,60,4,50
43,9,44,62,17,52,27,1,16,30,42,50,58,37,32,59,20,38,6,35,51,24,5,40,10,8,3,49,48,41,55,22,26,45,56,57,4,36,25,63,31,47,19,61,18,29,0,2,7,60,11,28,53,54,13,14,46,15,23,21,33,39,34,12
47,2,50,25,56,52,63,61,30,28,57,35,10,9,8,19,6,12,36,51,27,60,45,20,5,15,55,22,29,7,48,32,59,16,0,11,18,44,21,13,53,4,58,62,54,24,46,23,14,1,37,40,26,42,3,31,33,34,17,38,49,41,43,39
39,42,13,54,4,17,6,8,0,63,58,56,60,48,3,49,50,57,20,18,32,41,11,7,16,33,10,30,24,5,47,62,35,59,27,55,29,15,19,53,51,38,1,40,9,45,2,23,25,22,28,52,34,61,46,26,43,21,37,31,14,36,12,44
28,25,33,6,14,10,59,22,30,51,12,24,29,19,56,46,31,53,9,49,44,26,54,45,11,39,7,18,1,2,5,34,40,41,38,20,37,62,32,61,43,21,63,27,17,4,3,23,0,48,58,60,8,55,13,52,35,15,42,16,47,57,50,36
47,61,50,15,19,45,18,32,31,36,60,53,40,52,5,38,29,2,42,30,10,0,58,21,7,27,43,24,33,34,51,59,16,23,46,56,55,63,8,39,14,9,41,26,11,25,57,37,22,1,20,44,28,12,13,48,3,4,62,17,6,35,49,54
31,36,8,35,11,3,6,30,27,16,46,2,41,57,47,0,14,4,60,34,32,7,42,49,50,15,24,62,9,10,22,56,43,51,26,13,5,54,61,17,12,21,45,28,29,58,1,40,20,39,37,25,19,18,53,23,55,38,63,44,48,52,59,33
47,61,23,55,21,3,10,0,8,18,32,12,20,53,11,31,59,58,6,34,43,24,46,5,44,45,13,56,51,57,35,15,1,9,52,19,36,17,40,33,22,60,42,16,63,29,2,38,25,49,28,27,14,4,30,7,41,54,50,37,62,39,26,48
29,54,38,3,39,21,55,63,23,26,51,50,28,6,19,24,44,45,1,14,62,36,25,16,11,31,52,35,48,9,10,30,17,57,58,12,61,4,34,22,60,2,41,56,46,8,27,59,47,33,7,32,53,40,20,49,37,0,18,43,5,13,42,15
23,25,61,36,10,30,50,51,12,37,45,38,49,52,32,44,46,13,59,43,35,53,40,8,5,3,63,28,24,55,9,4,2,20,26,47,11,58,33,34,60,19,0,22,41,56,48,1,62,15,27,17,21,14,39,54,31,57,42,18,29,7,16,6
53,21,39,48,40,56,49,6,51,34,38,58,13,12,20,11,31,28,22,47,3,23,27,0,19,14,43,5,62,61,37,7,57,54,18,30,17,44,59,36,63,42,33,60,35,9,32,45,46,2,29,15,1,41,24,50,4,26,52,55,8,10,16,25
11,27,55,43,58,1,17,60,44,48,23,22,14,32,28,46,56,41,30,19,4,6,45,10,20,57,13,50,15,5,53,18,26,59,37,63,7,35,42,9,62,38,40,0,2,8,54,36,33,51,61,21,31,12,49,29,39,34,52,3,16,47,25,24
41,47,59,31,52,13,48,62,58,61,14,9,10,55,25,43,34,39,12,53,32,60,45,20,6,0,44,63,24,28,19,50,33,2,54,30,17,8,46,11,51,57,22,36,49,16,18,29,3,1,23,42,56,40,35,26,27,7,15,5,21,37,38,4
12,26,48,6,40,45,61,44,29,32,7,15,17,53,25,36,20,49,9,35,56,51,27,59,60,50,58,5,34,54,10,28,31,57,8,18,11,4,13,22,1,63,55,16,30,33,38,23,46,47,2,43,0,37,39,52,24,19,3,42,62,14,21,41
43,25,58,27,11,46,39,1,49,18,51,7,42,54,59,4,8,24,56,52,21,45,17,14,28,33,63,2,36,61,32,12,31,40,55,50,37,41,35,60,48,34,38,20,15,19,23,53,6,47,5,10,16,22,30,0,62,9,44,26,57,29,3,13
47,39,2,49,14,32,22,24,7,43,11,62,17,63,4,18,45,28,55,6,42,52,23,10,51,48,46,25,58,59,36,31,12,40,33,37,29,3,13,8,9,5,27,26,50,20,57,44,60,15,21,16,41,56,38,30,0,19,53,35,54,34,1,61
6,4,52,13,26,32,30,59,27,5,55,28,24,29,19,0,9,45,41,61,23,21,8,18,12,62,3,51,36,38,44,58,37,56,60,53,39,2,33,10,15,63,49,14,46,22,25,48,20,57,1,7,43,42,54,17,35,40,31,16,50,47,11,34
10,47,21,14,2,63,56,7,58,51,55,17,1,32,18,6,35,31,11,37,29,25,45,43,54,24,34,52,50,26,30,62,3,12,23,9,4,38,22,36,42,60,19,39,16,40,15,0,44,59,13,20,8,27,46,49,57,5,41,33,53,28,48,61
60,43,10,45,54,31,14,33,41,17,59,9,16,53,24,8,48,56,6,12,3,62,63,37,28,40,2,4,18,20,23,58,52,29,11,50,0,32,27,7,39,30,42,21,36,19,25,55,38,26,34,44,1,15,5,49,57,13,35,61,47,22,46,51
0,3,52,23,25,39,24,13,4,62,47,21,42,7,37,14,61,45,8,10,49,27,17,19,5,50,48,38,40,20,29,22,53,32,57,31,33,60,15,12,1,41,16,43,63,2,46,34,55,9,11,58,35,30,28,54,56,51,59,44,6,18,26,36
27,23,32,33,57,6,13,7,52,24,48,16,62,55,36,14,4,53,30,20,50,58,21,1,47,9,34,17,18,3,19,28,8,12,59,56,60,2,54,43,37,40,45,49,35,46,63,41,26,42,0,39,10,61,29,25,5,44,51,38,15,22,31,11
55,20,57,41,60,19,28,26,2,23,45,18,4,58,40,52,34,32,11,22,30,43,9,54,21,14,37,13,38,29,17,49,0,8,24,44,27,36,3,31,48,7,12,63,62,5,56,1,47,51,33,35,15,25,39,61,10,16,6,53,50,59,42,46
0,48,40,41,27,37,32,19,49,1,26,3,63,61,4,42,16,36,39,46,20,17,24,8,62,13,11,44,21,10,9,14,12,43,47,34,35,38,2,6,54,23,33,5,7,25,50,57,55,52,53,60,59,15,51,28,31,58,56,30,18,29,45,22
35,5,43,41,3,22,48,58,61,47,42,13,36,51,6,34,37,30,63,40,38,45,14,29,33,32,25,7,59,50,26,9,57,52,31,46,28,11,15,2,10,23,39,18,56,4,17,16,0,44,20,21,62,60,8,19,12,55,24,27,53,49,1,54
44,29,49,41,19,42,15,33,4,62,8,22,12,1,56,60,43,36,37,52,24,34,31,9,39,21,11,25,57,26,5,50,48,14,20,17,30,28,27,47,2,55,40,0,13,59,16,54,6,51,7,32,18,63,35,53,58,61,23,45,38,10,3,46
27,55,52,24,10,30,33,14,20,63,11,18,37,2,50,32,61,26,35,5,47,6,57,16,49,42,56,28,17,58,53,7,0,15,3,29,25,12,60,22,21,40,31,44,59,8,39,46,4,36,38,62,23,54,41,34,13,45,51,1,48,19,9,43
23,2,7,51,41,52,11,35,13,34,53,5,28,63,43,15,9,55,37,48,31,44,0,36,19,10,54,33,3,38,17,61,8,45,47,27,12,57,26,20,6,4,60,59,32,58,40,18,16,22,49,29,50,30,1,46,14,42,24,21,25,56,62,39
53,16,5,63,28,13,20,41,51,1,18,30,50,8,29,0,54,23,43,37,61,32,9,34,11,45,62,58,27,21,4,33,24,52,2,35,44,26,15,57,39,42,38,56,48,7,40,55,22,3,36,14,49,60,47,19,46,17,10,31,59,6,25,12
11,53,47,38,9,14,55,51,8,63,30,36,35,58,61,18,52,12,22,48,20,39,10,60,2,59,17,32,15,33,56,16,24,23,29,37,57,41,49,27,54,1,21,19,62,0,40,5,43,31,26,44,28,7,3,6,34,25,45,13,4,46,50,42
37,56,28,30,13,34,18,42,5,62,57,31,22,51,55,11,21,2,63,15,41,35,16,54,23,45,14,39,3,32,25,59,24,40,36,50,47,52,43,27,33,10,17,26,4,53,48,60,29,20,0,12,6,8,49,19,44,38,7,1,61,9,46,58
56,52,11,2,1,20,19,31,25,60,49,40,39,34,16,55,54,17,53,4,24,14,61,22,23,50,9,41,12,13,59,45,35,36,43,48,63,44,32,10,58,38,18,42,33,47,8,29,5,27,37,51,26,30,62,15,57,7,0,3,46,21,6,28
0,37,41,38,20,54,57,49,50,31,21,12,9,29,55,48,27,24,46,34,25,32,22,26,33,36,52,28,63,4,18,15,5,17,44,56,1,51,40,3,6,7,14,60,16,47,39,61,19,58,62,23,2,43,8,11,30,13,10,53,59,45,42,35
8,34,45,35,54,57,10,32,36,26,30,51,21,48,50,42,13,16,58,46,20,22,0,24,11,14,29,40,37,63,5,9,19,12,44,59,25,17,62,23,39,55,60,4,31,2,49,56,52,41,18,43,61,3,1,28,7,33,38,6,47,53,27,15
61,55,31,25,51,63,43,20,19,50,5,2,54,58,34,42,56,9,11,7,59,40,4,30,27,41,22,37,26,12,1,0,13,53,60,6,62,38,47,52,8,10,39,23,17,32,3,49,35,14,28,18,15,57,36,45,24,46,44,29,21,33,16,48
42,61,0,3,35,4,34,28,30,5,1,7,36,15,11,32,39,33,18,22,14,48,23,40,52,24,63,51,26,41,25,47,56,45,20,43,38,49,27,60,13,54,58,55,8,10,59,17,31,29,19,46,37,9,57,53,12,44,62,16,2,6,21,50
27,47,53,6,55,45,39,3,12,32,20,57,2,33,8,22,43,10,1,52,9,23,37,54,46,17,56,63,21,29,58,44,16,61,42,28,11,59,36,13,30,34,50,31,19,7,26,15,25,40,14,24,41,5,4,49,62,0,38,48,18,60,35,51
49,17,50,60,44,61,18,3,12,5,20,6,33,11,4,22,59,9,30,39,56,13,0,31,42,45,52,7,48,46,54,23,51,36,40,63,19,25,15,34,2,43,38,8,26,21,1,10,41,28,24,62,55,27,32,47,35,53,37,58,29,16,14,57
14,49,23,6,56,58,51,24,53,5,21,47,25,45,40,42,18,34,17,27,20,60,54,10,50,13,7,19,4,33,63,26,30,39,43,9,48,35,62,59,31,61,1,0,37,36,29,2,41,57,11,28,38,32,3,52,8,44,22,15,12,55,46,16
51,30,59,38,58,4,17,56,60,55,20,33,22,16,53,46,25,41,39,27,19,47,37,9,6,44,8,57,43,45,35,2,7,36,23,62,3,21,28,54,0,13,14,1,49,15,32,11,52,24,18,10,12,42,50,40,63,5,29,48,31,34,26,61
40,25,28,38,10,63,55,61,45,6,39,44,62,7,15,50,14,43,35,34,5,56,31,57,17,46,8,11,30,54,23,52,9,36,42,18,22,19,2,4,53,16,33,0,12,41,21,37,59,48,1,29,20,26,32,51,27,60,24,49,13,3,47,58
51,29,44,60,11,35,8,56,1,15,23,46,0,47,49,13,21,41,30,24,22,5,14,17,27,62,9,52,18,63,39,48,28,34,53,38,37,31,6,42,55,4,36,33,26,40,61,32,57,20,25,45,54,59,2,7,19,43,58,50,10,12,16,3
33,4,17,42,52,28,3,49,5,61,21,43,6,24,0,1,36,50,16,31,48,54,11,22,15,34,35,37,8,14,10,63,32,12,60,45,9,7,53,20,38,27,39,18,26,47,51,62,58,25,55,29,2,13,46,19,56,23,41,59,44,30,40,57
39,2,46,37,23,29,26,53,15,58,49,61,14,3,28,6,27,8,5,21,0,1,62,56,25,20,42,57,59,32,52,51,7,12,60,36,40,34,16,45,54,43,55,9,31,38,50,24,22,33,35,13,11,44,41,63,10,19,4,30,18,48,47,17
29,27,22,52,14,62,50,33,37,18,34,5,39,56,43,6,46,10,61,3,11,59,41,30,15,13,28,26,55,63,20,40,4,44,47,45,12,2,58,54,25,53,16,48,1,7,19,51,23,17,8,24,32,57,9,35,42,0,31,60,21,36,38,49
5,12,1,48,17,29,9,4,51,0,34,46,45,61,32,62,18,13,24,43,28,30,38,35,39,58,25,49,52,21,40,14,36,2,47,57,3,27,20,44,31,19,37,33,56,16,22,55,7,60,42,59,63,15,10,54,8,23,41,6,50,26,53,11
56,4,12,17,42,57,28,62,22,2,58,59,13,31,49,30,34,55,40,23,1,21,60,29,19,53,16,6,63,38,15,48,14,3,39,44,8,50,7,52,46,33,26,45,27,25,37,61,11,41,9,51,20,47,35,10,36,54,24,43,5,32,18,0
19,17,24,56,29,10,50,1,60,12,3,11,47,45,33,13,7,5,27,61,43,37,44,9,38,34,52,2,30,53,20,49,23,4,28,15,46,26,35,25,36,18,0,32,57,63,22,51,48,42,21,39,54,41,31,14,6,40,55,58,16,8,59,62
59,44,3,36,23,27,22,25,48,50,32,7,47,51,8,4,34,56,41,62,20,15,17,54,39,1,60,58,5,9,16,0,6,38,46,37,52,61,53,31,63,26,10,55,45,29,43,33,28,11,12,18,24,42,21,35,30,2,49,40,13,14,57,19
4,46,9,49,11,20,3,26,35,38,55,29,27,42,47,30,32,24,21,28,58,10,56,60,53,23,22,34,14,40,48,41,25,33,62,52,39,15,12,8,51,19,2,0,7,44,1,16,17,13,36,5,31,37,61,54,43,63,18,59,57,6,50,45
3,32,38,16,47,9,10,25,51,63,26,41,7,56,60,15,2,40,54,43,19,6,22,33,62,57,12,24,58,14,35,42,8,23,55,44,61,59,17,28,49,1,48,36,20,34,45,50,18,37,5,4,21,46,29,13,11,30,53,27,31,52,0,39
63,13,38,17,49,19,34,30,6,50,8,33,41,61,9,42,56,52,18,31,24,3,53,15,7,60,39,47,43,55,28,45,35,4,25,5,48,10,57,12,1,16,14,51,20,23,44,36,22,32,27,54,11,59,62,29,46,2,58,0,21,40,37,26
23,9,17,8,1,33,28,12,21,22,41,19,55,53,15,34,54,30,20,7,45,35,58,63,14,27,49,29,26,48,37,25,10,0,6,61,42,13,60,31,16,39,38,47,50,32,62,36,43,5,11,57,59,56,44,24,2,51,18,4,46,3,40,52
59,57,12,61,23,4,28,11,60,8,39,17,32,52,41,51,46,1,31,24,56,50,43,15,48,18,20,62,55,0,25,14,7,47,33,22,34,44,35,45,63,38,49,10,40,19,2,36,30,53,13,54,29,6,42,58,37,26,9,3,21,5,16,27
18,23,25,56,52,6,22,44,41,46,10,31,13,24,35,61,59,43,45,34,58,11,19,12,1,29,21,47,36,55,15,53,48,5,28,9,26,40,50,0,39,3,27,4,7,54,57,63,32,38,17,51,16,8,62,37,42,33,20,14,49,2,30,60
40,14,60,41,38,27,59,30,3,62,36,23,5,9,24,22,25,48,42,4,51,21,46,53,19,52,8,54,6,43,31,32,50,49,28,15,17,10,2,0,55,13,16,7,47,29,11,39,26,45,35,18,1,33,34,61,20,58,57,44,37,63,12,56
22,39,17,43,2,8,59,0,3,57,7,41,48,47,53,60,37,23,54,44,29,58,21,34,25,15,32,45,5,36,40,10,19,38,31,6,26,52,46,55,50,35,33,56,27,62,13,20,18,28,4,12,16,42,14,63,61,49,30,9,51,24,11,1
0,48,16,43,36,33,31,9,42,5,27,26,44,24,35,39,4,29,8,14,22,60,23,52,6,34,45,11,49,61,56,57,46,58,18,41,13,10,20,25,47,15,40,7,38,59,32,17,63,3,28,1,50,2,12,51,37,55,19,62,54,30,21,53
34,21,43,50,47,63,56,38,58,60,51,46,44,61,15,13,29,23,49,57,1,30,54,25,31,62,39,55,9,59,40,24,53,3,48,12,14,37,6,26,28,11,7,4,45,8,17,5,36,22,41,16,18,52,2,33,35,42,27,10,19,32,0,20
61,19,29,24,41,47,40,60,11,45,49,2,63,51,56,42,58,4,12,28,33,8,48,53,52,16,57,9,27,5,7,20,1,31,18,39,44,15,13,46,62,36,30,10,21,26,25,59,38,34,0,55,50,6,37,23,14,32,22,3,17,54,35,43
22,61,25,49,1,39,46,38,21,18,54,33,59,47,53,37,44,19,8,2,32,43,15,41,3,17,20,35,56,7,30,27,29,6,36,5,34,60,42,57,26,24,16,50,31,40,13,23,63,12,62,28,48,52,9,55,0,4,10,14,11,58,45,51
31,42,40,53,4,13,12,52,9,34,30,54,35,39,2,46,38,57,56,17,27,21,25,59,58,22,11,41,19,15,49,23,6,28,7,8,55,45,43,20,33,36,10,50,0,3,32,61,14,24,47,1,37,48,60,51,29,44,5,18,62,26,16,63
56,52,24,59,63,58,28,14,45,35,10,19,12,53,17,7,61,38,27,57,48,6,47,43,0,34,36,37,31,4,9,16,54,51,33,5,26,3,44,32,50,23,20,25,8,60,42,62,22,55,1,11,15,39,30,49,18,40,13,46,41,2,29,21
35,15,22,16,62,63,48,1,2,36,14,45,10,34,43,33,20,17,50,7,54,19,55,58,40,5,52,13,51,47,53,12,9,11,26,57,44,3,4,61,30,8,49,56,24,21,39,28,6,31,29,25,18,42,37,23,38,32,27,59,60,0,41,46
4,32,52,1,25,51,22,24,46,57,40,36,26,63,45,9,61,37,35,60,55,33,18,49,7,27,39,43,21,38,23,56,34,30,11,54,12,6,41,31,62,20,17,13,10,50,48,2,59,53,5,15,47,0,42,44,19,28,29,16,8,14,3,58
30,29,23,45,27,61,8,48,6,28,38,41,18,33,40,42,36,49,55,17,58,14,2,25,37,59,12,32,11,39,46,4,60,22,0,35,52,54,31,13,26,5,20,57,53,47,16,1,62,24,9,21,43,15,56,19,7,3,50,63,10,44,34,51
52,35,49,32,21,11,47,41,56,33,44,54,7,55,24,43,5,0,4,20,45,36,27,15,13,1,59,3,37,30,53,26,6,57,23,2,34,58,14,25,29,28,18,40,31,51,12,62,42,9,60,48,39,46,19,17,16,63,50,38,10,22,61,8
25,50,29,5,27,2,24,48,62,21,53,22,49,28,13,33,6,19,40,9,54,55,8,36,51,18,46,3,45,37,15,38,23,26,43,41,1,57,4,7,58,12,59,39,52,30,11,63,10,17,44,60,31,61,42,20,47,34,32,35,14,16,0,56
11,14,22,49,38,30,19,60,35,37,34,50,2,4,63,62,36,42,6,3,16,32,21,46,52,15,53,24,43,33,57,12,9,31,41,1,13,61,56,7,58,59,17,23,8,40,10,28,20,48,45,29,0,54,26,27,25,47,55,5,18,39,51,44
10,22,58,56,36,57,48,6,9,7,11,16,53,33,52,29,4,27,20,47,13,34,31,55,40,24,46,3,54,23,17,32,0,19,2,12,49,42,45,37,62,41,14,61,60,30,5,28,35,15,26,21,63,18,39,1,38,50,25,51,8,43,59,44
51,5,24,47,7,19,2,39,54,63,41,22,57,58,15,50,26,11,28,27,44,0,52,33,56,14,34,3,29,45,6,38,37,59,8,36,18,23,25,12,62,1,16,32,46,48,60,40,9,13,53,31,17,43,4,61,20,30,10,42,21,35,55,49
41,5,39,40,46,60,28,20,0,29,25,2,51,61,26,52,27,54,7,30,1,50,16,59,45,43,58,57,55,18,34,24,15,14,22,44,38,9,42,17,63,36,13,4,11,19,10,47,3,37,33,62,35,32,56,8,31,6,49,48,23,12,53,21
51,61,48,43,7,6,15,21,59,5,12,53,1,32,45,44,0,49,35,27,4,8,56,57,19,20,18,22,10,63,16,14,11,46,3,13,9,47,50,2,23,39,42,29,54,37,24,58,34,28,33,17,60,62,55,36,40,30,38,41,52,31,25,26
34,11,31,22,39,54,53,41,42,12,35,23,6,56,4,7,16,18,47,32,28,5,29,36,30,26,48,19,59,61,52,24,3,10,46,17,60,38,40,51,43,27,20,63,58,57,15,25,55,2,62,14,45,8,33,37,49,0,44,13,1,9,50,21
3,57,43,11,36,60,30,40,55,50,1,45,38,27,7,61,20,5,31,16,4,15,46,22,18,49,8,51,10,24,26,2,35,48,63,41,6,44,52,19,47,14,0,53,56,58,25,32,13,59,39,62,23,34,12,37,21,17,42,29,54,9,33,28
44,13,2,34,12,36,62,33,60,5,51,23,48,42,11,29,14,25,40,0,31,53,15,20,43,50,41,10,52,39,6,38,16,30,58,46,27,59,7,47,17,3,45,61,22,24,21,57,8,49,26,19,4,35,54,28,32,1,37,55,63,9,56,18
55,24,6,27,26,36,42,63,7,12,10,61,14,9,1,37,31,32,43,44,38,29,52,50,62,33,34,25,2,18,39,58,41,5,59,51,8,21,3,53,56,23,15,45,30,48,4,22,54,20,46,28,47,57,49,11,19,0,40,35,13,60,17,16
56,7,24,60,58,35,8,29,39,37,6,40,11,47,36,32,9,62,44,2,41,13,19,10,4,52,27,57,14,42,46,45,49,23,20,34,12,15,51,63,3,43,59,54,0,18,17,53,16,21,38,25,31,33,55,5,50,28,1,22,61,48,30,26
37,48,46,49,59,18,26,38,8,35,0,23,60,34,42,41,5,39,61,32,17,7,29,13,22,44,10,28,51,27,21,63,31,57,6,2,36,50,14,20,52,30,4,11,45,25,56,24,53,55,33,47,19,43,62,58,15,40,3,16,12,9,1,54
59,30,17,36,5,11,57,26,51,58,38,44,48,33,13,0,52,34,27,29,18,12,45,25,41,53,9,3,49,32,20,56,46,15,35,31,14,19,63,37,61,16,7,47,10,54,50,39,40,4,28,62,22,2,6,42,43,60,23,8,55,1,24,21
25,63,62,45,19,37,14,59,2,9,29,57,11,58,28,16,36,6,12,15,20,42,27,4,1,38,5,24,50,56,17,33,0,31,7,18,51,22,44,34,43,52,3,35,48,46,32,53,23,21,41,8,30,49,26,61,40,60,10,55,47,54,39,13
34,25,17,27,9,6,42,33,57,21,0,8,38,14,30,10,31,59,56,46,29,47,20,61,58,50,45,32,18,37,16,12,11,49,60,53,3,5,35,44,39,4,7,15,41,28,2,23,51,36,22,63,52,43,55,13,19,48,62,54,40,1,24,26
30,28,53,47,36,3,29,43,18,10,1,26,56,37,42,12,50,62,2,25,19,55,46,63,45,17,61,21,24,11,33,41,16,32,39,6,52,7,23,8,13,0,49,58,14,51,57,4,40,44,38,15,31,27,20,60,48,22,5,54,9,59,35,34
2,22,47,49,12,4,14,9,21,35,28,41,48,34,26,45,23,32,19,55,29,52,39,8,16,46,6,7,36,27,31,59,61,51,25,30,13,58,53,11,0,1,17,57,63,62,44,50,38,15,18,5,10,56,3,20,60,33,43,54,42,40,24,37
15,62,40,25,7,16,12,53,43,60,48,30,13,54,21,17,11,23,27,56,14,24,44,1,3,4,46,55,20,52,32,61,51,47,8,57,18,38,31,0,37,50,63,41,49,22,26,39,36,9,45,59,5,19,6,58,2,29,34,33,28,10,35,42
48,45,34,13,4,47,26,54,43,27,52,38,50,41,36,53,3,57,51,2,55,59,31,30,11,32,40,29,21,17,12,63,39,10,22,49,16,6,23,14,58,19,18,33,61,1,28,60,0,37,24,8,46,5,62,56,15,25,35,44,20,7,42,9
34,5,57,0,12,8,14,39,30,19,17,47,22,20,23,32,49,46,25,37,16,50,21,24,10,53,54,62,51,45,59,2,4,60,56,36,15,6,48,55,13,31,61,42,41,63,18,29,7,58,3,44,26,11,27,43,38,1,52,33,9,40,28,35
63,21,34,2,20,12,22,3,48,52,40,49,37,0,42,38,55,17,58,6,59,60,56,8,1,43,31,45,5,32,57,53,29,26,11,25,35,47,27,9,51,54,36,50,24,39,61,23,41,19,14,46,33,18,7,28,13,15,4,16,44,62,30,10
24,46,38,34,44,47,19,14,35,59,40,42,50,52,0,23,9,33,16,17,30,12,31,15,37,21,2,13,53,28,22,56,63,54,4,3,51,43,1,55,36,62,8,57,27,6,32,45,58,5,41,29,61,18,48,26,20,39,10,49,60,25,11,7
38,43,10,56,21,26,20,63,60,49,50,41,48,7,36,16,14,37,27,28,25,46,58,62,40,59,0,61,53,44,9,17,22,52,31,39,2,51,3,1,15,35,45,30,5,32,11,8,4,24,42,18,55,12,13,54,23,34,57,29,6,33,19,47
23,57,14,50,19,10,53,6,51,3,16,45,38,63,15,12,17,35,49,9,62,26,0,11,56,2,27,29,44,22,36,59,32,43,48,42,61,4,31,55,20,25,41,7,54,5,1,46,58,8,28,13,33,52,60,30,39,21,24,40,18,37,34,47
8,1,20,30,16,21,24,15,43,13,29,42,26,53,63,4,36,54,59,32,49,7,18,38,9,28,33,48,6,52,0,17,31,35,39,22,56,57,51,19,41,3,25,60,10,27,40,50,12,58,37,45,55,62,46,47,5,14,44,61,34,11,23,2
46,32,16,18,34,27,38,17,36,8,3,1,50,31,49,25,9,60,51,56,21,37,23,11,62,12,39,52,19,6,5,45,42,58,43,63,59,4,48,2,33,41,30,61,22,35,20,29,54,0,24,15,44,47,57,40,7,14,13,53,26,10,28,55
58,44,19,38,6,32,13,11,9,18,27,60,29,17,15,49,54,3,55,42,21,20,63,41,2,31,26,39,50,10,23,30,5,47,37,35,59,34,28,51,45,25,7,0,40,16,61,48,57,36,12,56,53,46,62,4,43,52,14,8,33,1,22,24
59,19,32,9,3,60,37,52,45,43,50,17,39,41,44,6,11,42,30,29,15,58,23,38,8,14,49,47,55,16,5,1,7,34,18,51,22,13,40,53,63,26,36,2,20,57,61,31,10,28,35,48,24,21,25,56,4,54,27,33,0,62,12,46
0,11,31,15,6,51,8,56,53,5,39,29,24,50,48,41,45,46,36,16,49,30,19,1,21,62,18,37,52,4,42,27,23,58,12,17,7,40,10,26,47,34,44,54,35,3,43,20,28,33,25,2,38,57,9,61,60,22,63,32,59,55,13,14
60,8,16,59,42,41,57,25,38,44,51,7,21,48,55,56,32,27,18,28,26,45,12,13,19,24,54,20,53,5,17,14,63,33,47,39,37,4,9,23,62,15,11,6,34,10,36,35,52,1,58,40,49,30,29,61,3,31,50,46,2,22,0,43
6,26,8,23,14,22,16,41,25,18,13,34,53,44,3,46,62,58,17,61,2,20,50,7,59,51,24,39,45,35,54,30,40,0,19,4,15,63,49,12,9,37,28,56,38,60,48,29,10,1,43,32,57,5,11,47,36,21,52,31,42,27,55,33
51,8,54,20,37,63,32,34,1,40,53,33,16,18,29,56,50,59,57,39,23,13,46,55,35,14,12,27,22,24,15,25,58,19,7,61,5,60,17,21,2,28,62,47,42,30,4,10,44,38,26,45,36,52,48,9,11,6,0,41,31,49,3,43
15,56,33,14,45,9,10,52,34,54,30,5,17,25,29,31,16,1,4,55,19,57,2,58,60,23,61,32,26,53,44,7,13,42,27,35,6,0,59,21,36,22,49,28,37,8,41,40,38,39,51,3,47,62,11,46,20,12,43,18,50,48,24,63
13,17,27,55,42,9,40,29,10,4,39,16,50,60,0,19,14,35,28,37,45,23,36,6,63,49,8,31,58,32,26,11,46,53,62,59,21,33,5,7,34,51,56,2,30,47,54,20,61,22,48,52,18,43,44,1,41,38,15,3,12,25,24,57
3,20,45,11,48,63,1,38,54,60,19,13,34,40,33,17,62,21,8,41,57,15,14,53,29,28,44,42,7,46,47,27,51,23,18,56,49,9,12,35,4,30,25,0,39,36,32,26,55,2,22,5,31,58,59,24,10,37,50,52,6,43,16,61
61,14,36,43,40,4,53,33,9,6,54,1,8,7,58,3,51,16,25,26,27,34,28,50,56,12,37,60,39,47,21,38,32,59,49,57,52,42,63,5,22,24,2,17,0,10,41,13,44,15,11,48,62,31,45,46,35,30,18,19,23,55,20,29
46,11,9,5,61,10,12,53,55,0,34,24,44,39,22,21,38,59,25,7,54,45,49,52,33,18,2,1,62,43,20,32,58,42,37,13,35,3,14,50,8,63,57,56,48,31,41,29,60,16,47,51,30,28,26,27,17,19,23,6,40,15,36,4
29,16,51,7,52,61,44,40,14,46,2,39,31,34,49,15,47,25,59,48,20,8,6,23,36,37,55,58,17,60,11,26,42,38,32,22,62,3,13,9,19,18,35,12,1,33,56,43,53,63,5,41,0,54,10,28,24,21,57,27,4,50,30,45
32,6,52,37,4,22,57,35,14,45,55,16,54,13,7,25,53,8,15,11,33,5,19,60,20,39,46,3,31,10,2,9,0,30,58,42,43,50,61,18,28,47,34,26,1,62,41,12,48,56,29,27,49,63,21,17,36,23,40,59,51,24,38,44
0,5,32,36,23,27,57,35,33,52,50,61,42,20,30,38,48,54,46,37,28,58,31,4,51,12,19,2,15,63,44,49,62,34,13,59,47,11,17,3,29,10,9,22,45,41,18,53,21,24,26,8,39,16,56,25,1,14,43,40,60,7,6,55
34,13,10,32,17,59,47,15,8,41,28,5,4,44,52,39,31,21,49,14,18,29,22,51,42,11,23,54,35,45,27,24,3,9,20,40,19,50,60,16,1,58,7,43,30,38,56,55,57,33,48,63,61,62,36,46,6,25,12,53,0,26,37,2
43,16,51,56,53,5,44,14,39,62,55,31,1,49,27,30,32,45,58,46,38,12,28,61,41,0,50,2,36,15,54,24,7,6,57,22,33,26,42,9,19,10,13,59,20,35,48,37,25,40,3,8,52,11,47,63,21,18,4,60,23,29,34,17
20,23,43,52,41,55,8,13,17,46,9,36,24,7,31,38,56,58,22,39,2,59,50,18,4,28,53,30,54,27,19,33,49,45,5,47,62,29,32,6,34,10,48,3,40,51,37,44,0,1,35,57,26,25,16,42,15,60,61,11,12,63,14,21
27,56,50,61,9,48,0,26,29,37,15,13,1,45,33,59,43,47,17,53,41,52,21,38,31,44,62,55,6,20,16,39,35,32,23,34,4,24,51,10,25,46,49,7,14,5,57,28,36,58,60,54,30,42,8,18,11,2,12,3,19,40,63,22
60,46,51,10,19,3,33,45,47,20,55,62,34,36,43,16,17,23,21,59,56,40,39,31,4,53,2,29,1,48,12,38,14,18,32,49,61,8,35,7,58,6,37,63,26,11,52,28,44,30,15,0,42,5,13,9,41,24,27,57,50,54,25,22
46,42,16,62,34,18,20,41,43,58,3,28,10,21,9,12,30,5,55,36,61,6,49,24,56,2,50,32,57,7,15,14,51,31,19,44,40,35,39,22,11,27,54,47,52,37,29,4,13,59,53,60,8,17,26,38,25,0,1,45,33,63,48,23
15,20,57,8,32,50,3,56,43,30,58,29,63,38,48,6,5,22,54,52,39,12,60,28,17,2,44,35,23,34,7,18,46,47,25,62,37,14,19,49,11,4,27,36,33,59,42,61,26,53,21,10,16,45,0,13,41,31,9,51,40,24,1,55
34,11,8,15,22,51,29,20,24,60,55,35,6,0,48,38,54,1,46,57,16,17,44,14,59,63,26,30,56,28,45,2,42,39,37,3,10,50,41,12,53,62,36,32,13,4,40,19,43,18,58,25,27,31,61,5,47,9,52,7,23,21,33,49
51,28,31,55,38,62,25,2,21,11,56,61,50,15,47,26,37,29,42,16,24,49,63,54,40,0,52,43,10,5,36,41,4,48,59,32,30,34,22,45,33,14,18,3,12,20,46,1,27,13,58,57,39,44,8,17,60,19,53,7,23,6,35,9
23,32,10,4,20,24,45,35,41,53,61,46,19,38,13,63,33,22,60,11,30,29,9,51,7,43,5,12,1,3,6,8,26,37,28,17,50,55,15,2,52,40,44,36,18,49,0,59,42,56,62,14,16,47,21,57,27,54,34,39,25,48,58,31
17,42,23,6,16,4,59,63,19,62,57,25,46,35,27,2,28,45,39,9,48,22,30,33,12,52,56,38,24,50,10,47,11,32,3,44,61,37,13,40,58,14,21,43,7,8,5,60,15,31,49,41,36,55,51,53,20,29,54,18,34,1,26,0
2,58,24,54,61,57,17,34,21,29,18,11,36,22,51,53,46,25,39,52,41,55,8,14,12,33,38,23,45,59,47,6,10,0,62,28,43,44,48,30,19,32,15,37,27,40,63,42,1,3,50,49,35,20,7,31,9,13,5,56,16,60,4,26
27,36,55,51,28,3,23,11,6,22,9,57,19,10,37,38,31,49,40,16,17,62,20,0,18,39,25,54,2,35,45,44,58,29,33,46,5,12,42,4,56,41,24,63,53,26,30,60,61,43,32,21,14,13,50,47,59,48,8,34,52,15,7,1
40,2,57,1,0,52,43,60,13,28,16,6,54,27,7,24,47,50,32,23,59,14,12,20,41,61,9,4,29,37,10,8,18,46,51,62,5,34,31,58,48,22,15,63,55,38,11,17,25,21,49,56,44,45,42,35,30,19,36,53,3,26,39,33
19,13,28,25,35,17,40,53,31,36,24,9,2,46,45,34,39,27,47,7,14,18,43,48,54,32,50,60,5,52,56,8,20,33,1,63,11,57,29,12,55,61,4,10,3,23,41,15,49,6,26,16,0,58,59,42,44,37,22,62,30,21,51,38
60,45,8,34,35,6,59,14,21,17,32,0,63,28,53,22,38,39,61,9,18,23,16,41,19,51,42,56,62,52,58,47,3,46,57,2,12,7,10,33,11,30,37,50,48,25,44,29,55,27,49,36,31,1,43,26,40,13,5,54,24,20,4,15
29,12,17,36,48,9,20,53,24,4,34,10,51,60,13,44,47,32,27,14,30,18,26,55,57,23,21,5,8,28,11,40,19,33,2,39,59,58,52,16,31,56,49,46,15,3,7,0,37,42,54,61,38,45,25,22,41,62,1,63,43,35,50,6
47,21,45,32,5,4,63,40,55,7,30,61,34,8,33,15,18,42,50,28,2,19,29,31,25,41,59,62,39,48,17,60,27,35,37,23,0,14,52,12,13,57,51,36,26,44,49,56,24,1,38,20,53,22,46,6,54,11,16,3,43,10,58,9
62,8,21,29,40,11,24,2,54,41,51,49,28,19,39,13,34,63,43,20,16,12,46,6,3,15,38,59,31,17,22,9,35,36,55,0,14,33,53,44,61,60,48,18,57,5,10,50,58,25,37,27,32,42,7,45,1,4,30,23,56,26,47,52
21,23,52,27,12,54,25,44,10,50,53,55,19,63,3,32,42,36,13,4,60,46,24,31,30,51,8,35,18,29,26,33,43,62,57,1,49,9,38,14,16,5,34,58,61,48,17,28,59,40,2,45,37,7,56,39,47,0,6,20,22,41,15,11
36,22,59,21,16,51,48,34,41,40,56,6,12,18,25,33,38,44,24,61,19,35,11,39,14,2,58,45,57,20,42,3,60,63,31,8,54,7,46,47,37,15,9,30,27,29,0,49,55,1,43,17,26,13,50,32,62,23,5,53,10,4,28,52
36,47,33,44,24,52,4,2,53,0,49,32,19,18,14,1,41,50,23,21,30,9,29,11,60,16,43,6,7,39,55,62,48,63,15,54,40,56,51,27,34,28,8,45,61,3,13,5,38,46,12,31,20,22,37,10,57,17,42,35,26,59,58,25
2,23,53,41,32,4,59,33,20,7,14,1,0,29,16,6,13,51,49,39,10,52,26,18,17,12,5,58,34,62,42,60,36,54,46,47,44,43,57,9,63,61,56,38,31,3,27,28,45,55,35,30,21,37,11,24,40,15,48,8,25,19,22,50
51,16,3,38,56,8,49,41,39,20,7,29,44,33,19,10,48,15,30,35,63,55,57,36,24,17,53,34,31,6,50,5,25,1,27,46,13,12,45,60,59,32,42,26,18,21,0,4,61,54,52,47,40,14,37,2,62,22,11,58,43,9,28,23
41,12,34,14,47,13,20,51,16,46,25,6,49,15,48,63,57,19,36,27,37,28,0,17,21,59,38,10,24,2,8,61,45,29,40,32,31,50,56,55,9,58,33,62,43,30,4,18,42,7,3,11,53,39,35,44,5,26,60,23,1,54,52,22
14,63,11,16,0,39,21,59,28,51,42,7,8,58,38,27,2,47,49,45,53,44,31,1,6,50,32,48,37,25,60,9,5,30,34,56,24,29,46,54,35,52,40,18,55,33,26,15,61,62,3,23,57,19,41,4,43,36,13,22,12,10,17,20
26,2,15,5,12,13,9,41,49,61,46,59,25,63,47,58,23,48,45,21,34,44,42,57,55,8,52,56,51,3,39,54,40,19,22,7,43,6,0,1,29,28,50,33,35,11,62,10,24,53,32,20,37,14,4,30,16,18,60,38,27,17,31,36
30,10,2,47,31,12,50,1,41,13,27,29,20,21,16,11,4,36,43,34,7,42,26,5,37,60,45,46,24,62,54,23,9,57,32,52,19,28,14,61,33,59,22,56,51,63,15,55,35,18,53,38,17,6,39,40,48,44,49,3,25,8,0,58
37,30,42,36,44,63,24,7,45,61,53,57,16,0,43,2,9,17,41,60,38,12,59,21,54,18,50,4,48,1,20,23,26,55,52,14,8,27,15,46,31,34,47,40,51,49,19,39,33,3,25,58,10,29,22,13,6,5,35,32,11,56,28,62
26,14,59,62,58,16,48,11,49,17,51,32,34,40,53,52,39,41,61,30,56,12,35,44,46,7,60,6,57,4,33,21,55,0,38,22,29,19,47,8,28,2,10,27,5,37,18,25,50,54,15,1,9,20,24,36,31,42,43,63,13,23,45,3
30,59,14,7,37,36,9,55,13,57,35,27,60,4,19,31,52,50,24,38,5,3,54,33,45,20,18,51,26,17,49,29,22,63,8,2,15,6,21,0,39,34,1,16,25,28,43,10,62,11,41,47,48,42,46,58,23,32,56,12,53,40,44,61
11,14,63,39,24,55,27,56,47,17,33,25,57,36,38,58,51,49,59,16,41,62,23,4,48,43,42,1,37,13,0,10,26,35,54,46,20,31,6,53,50,60,8,29,12,30,15,32,40,3,45,9,22,34,5,52,28,18,44,2,21,7,19,61
53,61,20,5,63,18,24,56,43,8,12,49,33,34,52,62,27,25,44,57,32,41,0,4,55,42,39,46,31,48,60,7,17,10,30,21,6,45,59,40,47,16,1,54,58,13,36,37,3,23,38,15,2,35,29,28,51,9,26,50,14,22,19,11
21,43,56,51,52,55,49,40,22,60,35,48,57,3,42,33,59,47,61,10,58,27,4,18,63,39,46,31,14,36,54,0,45,53,28,5,29,44,41,11,2,23,13,12,15,8,16,32,30,9,6,17,24,7,25,38,37,50,26,19,62,1,34,20
13,54,48,24,8,59,60,33,61,11,21,49,20,5,16,26,22,50,62,34,0,28,39,15,9,63,43,4,35,17,41,57,56,23,31,29,47,52,45,42,7,1,3,53,51,58,55,2,14,18,37,19,46,40,27,36,30,44,12,6,25,38,10,32
0,40,41,51,54,16,10,8,19,6,34,39,23,47,9,56,48,62,55,32,26,42,37,46,59,14,63,12,61,43,2,49,13,50,7,60,17,44,15,45,20,57,33,30,29,4,53,1,28,35,3,25,11,38,5,22,31,27,58,18,21,52,36,24
12,35,2,11,13,61,20,39,59,38,16,19,43,42,5,22,1,45,63,21,49,50,46,14,17,44,8,10,9,27,57,24,33,6,56,40,4,53,52,3,31,48,34,25,15,28,23,47,37,41,29,32,30,7,26,54,58,0,18,55,62,60,51,36
22,38,27,56,19,42,36,6,8,3,49,17,59,62,20,12,9,34,28,43,14,39,5,15,47,54,25,2,46,51,45,58,13,29,18,60,37,63,31,0,57,21,26,61,52,23,33,44,50,11,48,24,30,4,32,35,53,40,10,7,16,41,55,1
7,22,11,41,4,36,47,25,3,26,52,51,54,48,24,9,28,40,16,8,33,37,18,63,38,6,43,57,50,44,14,55,42,13,46,1,34,21,20,56,45,23,5,2,27,10,19,49,29,61,62,0,35,60,53,17,59,58,32,39,30,15,31,12
63,2,61,3,30,28,17,12,21,26,58,55,44,46,11,23,14,29,10,24,25,42,1,15,0,52,31,36,22,20,8,9,43,51,27,35,18,45,54,6,5,16,13,7,47,62,4,34,53,40,38,19,41,50,32,37,48,60,49,39,57,59,56,33
28,57,11,44,51,49,31,40,30,19,35,6,20,56,16,38,18,23,14,62,3,17,42,54,58,32,2,9,47,5,7,13,50,59,34,29,24,27,60,43,39,1,0,21,12,45,53,52,33,63,46,61,4,55,15,41,36,26,22,37,48,25,8,10
1,15,25,49,12,19,41,43,31,38,40,18,6,42,11,24,17,3,0,58,45,9,32,52,30,62,50,46,16,20,61,5,22,37,26,29,21,44,10,60,34,35,57,2,39,4,13,48,33,59,56,47,23,53,51,8,63,36,55,7,28,54,14,27
51,28,63,23,50,36,53,34,31,24,42,20,8,0,46,15,27,11,19,49,47,3,6,57,43,48,59,58,60,55,56,22,41,62,12,33,5,9,7,30,17,44,52,21,1,38,4,16,39,29,26,37,25,40,2,61,32,18,35,14,10,54,13,45
29,22,27,14,0,6,32,12,28,51,40,54,2,19,25,41,9,23,63,21,44,35,36,57,24,45,58,26,13,31,34,17,1,48,3,10,46,47,15,61,30,53,16,39,7,42,50,33,4,37,8,52,38,55,11,49,56,18,60,59,62,5,43,20
30,55,32,26,58,5,25,42,17,48,45,37,63,15,3,40,43,35,9,41,49,33,44,34,12,16,20,47,22,51,19,7,28,24,2,56,4,54,62,36,46,57,31,39,6,38,8,10,29,52,27,60,13,50,14,0,21,1,18,61,53,23,11,59
59,56,19,44,5,26,24,43,36,4,14,10,57,41,47,33,11,61,62,8,29,42,3,48,0,15,16,63,38,27,17,21,50,9,6,32,13,23,1,37,60,52,35,34,7,45,55,28,31,46,12,30,18,51,49,53,58,2,54,40,25,22,39,20
39,8,10,61,16,30,5,15,54,53,17,41,50,1,23,60,32,40,56,28,46,6,7,49,43,42,12,21,20,36,57,35,38,59,33,24,9,37,34,26,58,3,4,13,11,48,45,2,55,19,27,63,47,18,52,51,31,0,62,14,22,29,25,44
1,61,11,3,47,54,50,37,9,0,39,63,18,52,19,60,48,38,45,15,27,46,6,40,26,28,17,29,8,23,32,4,44,58,12,41,16,35,25,43,59,10,2,20,21,30,62,5,56,42,51,31,34,14,53,36,49,22,24,55,13,33,57,7
42,10,46,32,45,2,58,27,15,48,35,23,39,8,55,38,21,5,51,20,60,26,24,12,44,1,31,25,9,57,59,13,54,33,40,17,52,7,29,16,37,11,63,0,4,56,53,61,28,34,30,49,14,36,50,62,22,19,6,3,18,43,47,41
57,9,27,17,35,30,31,22,49,44,52,56,48,45,38,24,7,19,62,10,5,43,33,4,0,36,20,47,61,18,54,3,63,39,28,15,46,40,11,26,21,13,29,25,53,51,1,50,41,59,16,6,58,37,14,2,32,42,34,23,55,8,12,60
6,58,12,51,2,60,1,28,59,48,33,13,9,62,46,20,57,15,21,37,22,14,4,38,35,10,43,47,7,40,41,52,27,24,56,17,11,5,34,39,29,8,42,55,0,45,50,53,18,54,49,23,44,30,26,25,61,3,31,19,16,36,32,63
58,0,41,53,21,11,31,43,5,52,50,18,47,63,32,17,7,8,55,49,62,38,13,9,28,56,19,33,60,51,27,29,61,35,23,46,34,20,6,57,37,40,45,36,2,59,22,1,26,24,12,4,25,16,44,30,42,10,15,39,14,54,48,3
21,51,50,9,44,35,63,7,24,22,8,49,25,12,33,1,32,52,28,5,30,46,54,37,18,59,14,45,61,29,56,39,60,6,43,57,40,53,48,34,17,15,2,42,11,16,55,13,58,26,10,3,47,27,23,41,36,19,20,62,0,31,38,4
47,54,15,63,58,29,19,59,4,36,56,10,12,24,51,43,45,8,25,27,55,14,57,26,62,11,49,38,5,2,52,60,3,41,31,44,17,40,53,48,9,33,37,35,20,32,30,22,23,61,6,1,0,28,21,13,34,46,50,16,42,18,39,7
19,49,55,10,30,3,11,41,44,26,53,15,61,4,51,39,38,9,7,54,37,17,23,0,45,50,58,21,8,1,6,12,14,31,32,59,24,2,29,42,43,34,47,16,57,40,35,33,52,5,28,27,48,18,22,20,46,56,62,13,36,63,60,25
60,55,11,51,1,35,37,46,62,54,39,21,5,18,49,45,34,41,32,15,4,59,22,50,27,19,13,8,10,26,47,29,12,53,28,42,36,25,16,17,14,30,40,7,23,48,58,9,38,0,43,2,63,52,33,31,24,56,6,61,44,20,3,57
33,27,43,53,55,41,5,56,13,42,60,12,38,22,16,10,14,0,11,6,39,36,17,46,51,35,50,9,47,4,34,7,15,20,63,54,59,40,61,45,57,32,62,18,49,30,3,19,21,26,2,48,31,1,25,44,23,29,24,52,8,58,28,37
20,45,35,10,44,51,52,37,59,39,42,15,57,16,50,36,41,32,13,0,11,38,17,1,19,62,6,31,46,4,21,12,47,34,3,58,49,9,25,63,56,29,8,14,33,26,60,24,61,30,43,55,54,53,48,5,28,23,18,7,2,40,27,22
48,54,35,13,43,40,27,61,22,14,39,18,36,31,63,37,50,62,45,47,1,57,30,42,44,10,32,15,25,19,9,28,0,29,23,55,51,53,59,52,4,58,34,5,20,56,2,6,24,7,38,8,26,46,33,17,49,41,21,3,16,12,11,60
25,11,47,59,55,34,3,5,36,57,48,21,4,8,31,61,16,53,58,2,54,45,23,19,1,15,10,17,6,22,63,0,40,9,32,20,7,28,18,49,51,13,50,24,46,60,26,29,42,41,37,38,56,33,27,62,52,43,30,35,39,12,14,44
55,60,52,14,42,2,28,35,18,22,11,58,8,13,51,61,41,20,26,33,48,38,47,27,46,37,6,5,17,0,53,23,59,21,16,57,1,45,15,34,63,12,40,7,50,25,43,24,9,30,3,32,29,44,54,19,36,56,62,49,39,10,31,4
55,56,32,61,63,36,16,24,60,37,19,17,1,42,48,34,35,59,25,53,45,5,49,26,39,41,7,54,57,23,4,33,46,44,20,31,18,11,30,3,10,38,51,52,2,14,8,13,22,43,58,47,9,40,15,28,0,12,6,62,21,50,27,29
55,52,47,2,5,40,8,59,36,39,58,3,12,34,57,31,35,62,32,56,37,0,15,17,21,16,38,29,33,46,30,61,23,14,26,53,48,20,42,10,60,11,4,9,19,18,13,54,28,24,43,25,1,41,6,22,63,7,45,50,27,49,44,51
48,52,41,6,58,7,50,37,3,4,30,10,5,15,51,17,36,18,61,26,0,55,13,23,31,2,63,40,38,14,62,22,20,27,28,60,33,57,43,56,1,46,16,29,35,59,25,19,53,45,8,32,47,39,54,24,42,21,34,9,11,49,12,44
27,62,43,21,19,49,52,30,60,57,33,36,31,51,39,3,47,20,23,24,28,56,29,58,37,46,2,5,55,12,13,14,18,44,53,40,7,61,26,59,45,42,50,16,9,10,54,4,63,38,6,41,35,1,34,48,11,15,25,32,8,22,0,17
33,57,15,48,40,36,5,39,41,62,28,3,54,23,18,50,24,61,20,2,26,43,38,45,32,6,37,22,30,47,10,21,7,16,1,51,46,42,11,27,29,14,44,4,52,25,34,13,8,53,56,17,63,31,60,9,58,19,59,0,49,35,12,55
33,19,50,42,46,11,32,5,51,20,24,22,52,9,25,56,8,57,62,44,53,3,1,4,12,10,6,45,39,29,16,15,48,18,27,59,7,34,43,41,40,0,21,60,37,38,17,58,49,36,23,14,35,13,26,31,61,54,63,2,47,30,28,55
0,57,61,29,49,52,5,31,60,8,24,22,11,46,15,34,42,6,2,23,38,30,58,51,43,47,25,10,12,21,4,13,53,62,55,9,54,20,32,7,48,26,28,27,16,56,39,33,18,36,41,45,50,19,44,63,1,14,3,40,17,59,35,37
11,63,52,5,4,12,17,38,30,40,22,6,0,53,41,48,42,1,8,43,56,37,21,10,45,36,25,16,60,59,14,32,9,33,34,2,15,23,26,27,49,35,39,19,7,55,24,18,44,29,58,20,31,62,51,54,3,46,28,47,57,13,50,61
13,50,19,55,58,32,36,49,4,21,39,1,20,23,38,7,48,17,22,28,24,47,27,2,53,18,62,56,35,9,5,31,11,37,25,59,34,61,30,33,60,10,52,16,12,51,44,57,29,40,45,26,6,42,3,54,0,63,14,46,15,8,41,43
60,30,5,12,58,47,6,22,41,49,0,61,24,21,44,31,54,43,11,38,32,62,1,36,23,14,52,8,45,25,63,35,37,55,29,16,48,50,39,10,28,4,53,15,19,13,26,34,57,59,51,46,33,56,40,9,42,18,2,3,27,7,20,17
35,41,32,19,57,2,59,54,63,13,53,28,3,20,30,22,48,17,51,12,34,10,43,8,16,36,61,0,24,47,40,29,50,6,38,49,15,27,4,62,7,46,26,39,60,9,5,25,56,37,1,42,33,45,58,52,44,18,23,55,11,14,21,31
36,53,28,41,24,1,61,48,18,57,55,43,8,58,62,30,21,52,34,63,47,35,4,56,9,59,44,29,49,54,33,27,38,19,14,50,7,40,0,11,13,15,2,22,5,25,20,23,45,3,31,37,51,17,46,32,12,39,10,26,42,6,60,16
37,14,13,44,5,8,50,29,52,43,12,53,30,27,45,15,17,20,18,40,34,4,41,3,6,51,55,28,21,24,35,59,10,11,31,22,48,32,25,23,26,62,57,39,38,58,33,49,47,0,63,16,19,2,46,42,36,60,56,1,54,7,9,61
50,47,22,6,8,62,55,4,28,60,54,42,51,20,12,63,19,14,38,17,30,44,13,52,16,9,3,41,29,1,23,49,59,56,61,24,25,39,57,18,37,11,10,7,34,27,48,31,36,33,5,26,15,58,21,35,32,43,0,46,45,40,53,2
2,10,36,13,20,56,45,22,8,41,26,0,15,34,32,21,7,29,54,42,6,60,40,31,33,18,25,58,62,16,63,9,49,51,59,38,11,48,5,47,23,46,24,37,3,14,52,53,57,61,17,39,4,55,35,19,44,50,1,12,28,43,30,27
47,12,16,10,55,6,44,30,5,60,53,46,0,48,36,63,38,32,19,14,51,40,49,50,1,54,24,29,22,7,61,56,37,17,43,57,27,4,26,28,3,13,58,8,59,20,33,11,21,9,31,18,42,35,41,23,25,34,45,52,15,62,39,2
18,42,43,0,4,17,1,11,14,49,54,10,63,22,50,28,57,16,39,53,46,60,5,3,61,8,27,36,19,52,2,6,47,37,59,41,9,21,33,7,58,40,12,20,45,13,48,23,31,56,44,55,30,26,15,51,32,34,35,38,29,25,24,62
24,35,30,54,23,3,14,29,41,6,9,42,32,12,63,2,40,20,19,16,45,38,36,55,39,51,47,4,52,33,25,15,56,48,8,17,61,60,18,46,28,31,22,34,59,53,10,57,49,7,44,27,58,13,26,43,1,62,5,50,0,11,37,21
32,45,7,47,10,52,33,53,57,60,55,41,54,63,14,6,0,59,28,15,3,30,13,36,12,58,44,40,21,62,51,22,17,61,56,27,4,25,24,37,43,29,11,8,31,35,23,9,39,20,38,18,48,5,19,2,42,34,26,16,49,50,46,1
60,17,57,48,53,22,13,20,16,33,44,11,32,1,58,10,29,21,45,40,47,54,43,3,19,18,56,0,24,9,35,61,52,28,2,51,49,63,25,37,42,34,8,41,46,15,55,50,62,27,39,26,5,14,7,30,38,31,23,36,4,12,6,59
28,22,48,38,12,51,5,59,26,13,11,6,42,45,56,9,57,43,35,15,50,0,44,52,32,16,20,24,53,55,27,8,62,40,39,47,58,14,10,41,1,60,23,49,21,7,30,29,2,36,3,61,54,4,19,18,34,17,63,37,25,31,46,33
21,49,9,12,43,22,25,8,34,1,28,24,17,52,54,60,30,16,50,31,37,20,33,45,47,14,19,23,42,39,27,4,51,41,57,58,32,53,38,44,2,29,36,7,13,6,5,26,56,18,15,3,0,55,46,61,62,11,40,48,35,10,59,63
3,26,6,58,9,46,19,62,15,44,45,60,14,22,7,34,53,27,12,21,63,20,49,31,5,29,52,59,32,61,17,47,39,11,28,18,56,23,2,30,48,37,10,55,50,13,51,0,25,43,33,41,8,35,57,54,36,1,24,40,42,38,4,16
27,6,34,60,36,12,29,4,9,10,37,56,25,58,1,55,15,16,24,62,2,48,31,35,11,14,46,50,22,59,19,61,0,13,8,41,20,49,21,33,5,44,52,47,40,7,39,51,43,30,23,17,45,3,53,32,54,57,28,42,63,26,18,38
63,17,33,51,12,36,10,19,2,50,11,6,3,61,29,38,4,46,27,9,32,20,37,28,5,62,31,40,21,39,25,30,43,35,59,49,53,41,34,7,15,24,55,52,18,0,8,60,16,26,58,42,14,23,45,48,1,47,13,44,56,54,22,57
45,37,15,50,52,59,53,12,47,8,32,40,60,43,51,2,55,14,25,29,57,34,18,3,0,48,13,49,20,6,63,38,1,31,44,7,11,27,46,5,62,30,23,9,54,35,10,58,39,56,26,36,4,22,24,21,61,28,33,16,17,19,41,42
55,49,8,3,39,1,57,31,27,15,44,59,63,17,11,36,40,10,21,28,37,47,32,56,24,30,9,7,52,42,26,25,34,43,18,22,16,5,51,50,20,61,14,62,53,58,6,45,60,0,35,48,33,38,12,41,46,54,2,13,23,29,4,19
36,18,31,47,51,21,62,61,63,56,7,39,33,2,46,9,5,60,40,41,17,13,25,20,1,30,4,19,52,26,50,8,11,6,24,29,23,35,14,0,59,32,44,15,28,42,3,38,10,57,12,27,54,37,53,45,58,49,55,43,48,16,34,22
27,46,56,6,8,45,28,22,43,41,21,32,16,20,36,33,29,23,57,5,55,44,31,19,4,18,49,35,34,39,48,13,51,37,11,1,10,60,12,54,53,52,0,24,47,40,61,26,38,25,14,58,17,3,9,7,2,50,15,30,42,59,63,62
49,57,2,41,51,60,56,54,5,43,45,31,15,46,26,18,53,62,40,12,33,21,55,44,4,14,59,7,42,52,28,47,38,36,1,11,34,39,29,17,20,22,10,27,8,19,6,35,30,0,50,3,13,16,61,58,24,37,23,63,9,48,32,25
9,31,53,30,38,54,23,1,25,13,3,20,33,55,2,27,36,46,60,34,58,51,49,21,57,59,56,0,26,6,52,35,14,10,16,43,17,50,8,5,37,48,22,11,7,61,40,44,19,39,63,12,41,24,15,32,47,45,18,42,62,29,28,4
17,53,8,24,44,3,20,36,9,61,2,55,0,34,33,47,32,28,21,5,42,31,50,29,52,18,59,22,4,23,38,26,16,12,19,10,15,46,1,6,57,48,56,41,37,62,63,39,7,13,30,14,60,11,35,58,25,27,43,54,40,51,49,45
17,39,20,29,3,19,27,9,44,47,25,16,7,48,11,14,57,12,59,53,51,1,32,43,56,37,50,42,33,5,58,52,26,61,49,40,46,24,10,18,54,45,15,13,63,62,2,38,0,23,60,21,8,31,6,41,22,36,4,28,30,34,35,55
39,60,5,15,24,52,19,22,30,48,14,46,38,50,12,36,20,47,61,56,27,32,43,54,1,34,21,62,58,13,53,51,44,40,28,16,26,37,8,35,2,55,45,33,0,59,11,57,10,63,41,9,7,31,42,4,25,29,3,6,49,18,23,17
59,36,44,1,40,54,2,30,28,46,0,47,17,27,35,57,53,51,45,34,6,23,11,26,39,24,25,14,21,49,22,19,62,50,12,15,63,8,10,55,20,18,56,37,3,16,60,52,38,7,13,9,32,48,31,5,43,42,29,58,41,4,61,33
11,35,6,47,21,10,27,5,32,20,57,23,54,39,1,59,37,60,41,31,9,53,4,50,2,43,45,25,29,61,36,26,12,40,0,46,42,19,18,14,17,34,63,24,3,56,28,7,55,44,22,48,33,58,15,16,13,38,8,30,49,51,52,62
48,40,24,53,7,56,59,37,25,29,30,47,19,43,2,4,50,15,28,17,11,0,49,39,1,63,60,52,14,32,3,22,34,45,5,54,20,62,46,16,9,55,31,23,35,18,10,41,58,13,57,36,8,51,26,12,38,33,6,44,61,42,27,21
22,13,7,23,37,49,11,32,30,53,31,15,29,61,34,60,5,25,46,2,19,16,27,3,63,51,28,18,1,59,40,48,58,56,38,17,55,45,26,36,9,14,44,57,0,6,4,20,43,41,35,12,33,42,8,62,54,52,10,24,47,50,21,39
41,58,34,29,49,32,25,7,46,42,0,31,47,63,23,44,35,3,52,33,24,51,40,14,11,54,57,59,18,8,9,48,13,5,36,20,2,28,27,4,37,19,39,12,43,22,56,26,61,10,6,50,62,16,21,53,1,55,30,60,17,38,45,15
3,54,4,7,56,36,21,29,48,9,6,57,33,34,5,28,1,8,61,15,45,37,12,25,0,17,62,14,30,46,39,63,52,41,24,10,11,55,32,44,38,19,13,22,2,60,43,18,40,42,59,35,16,51,49,31,47,26,23,53,50,20,58,27
3,16,17,62,45,33,10,9,0,51,60,29,7,63,22,18,49,4,46,6,53,12,5,28,39,61,2,41,50,40,32,34,37,52,55,42,59,27,13,54,14,23,24,15,35,36,57,19,47,1,43,11,30,48,44,8,31,25,26,38,58,20,56,21
61,33,6,35,15,53,23,12,2,14,7,17,11,51,52,44,54,31,62,28,22,25,48,58,21,63,24,9,50,32,43,40,47,3,29,5,27,8,1,13,38,34,42,57,60,19,10,0,55,18,49,41,36,39,20,59,30,45,46,56,26,4,37,16
63,29,22,36,15,9,14,50,49,20,26,58,34,53,45,57,55,43,44,48,28,19,60,52,47,39,1,16,46,54,6,31,41,23,21,8,18,37,35,17,24,42,32,51,30,0,59,12,33,38,7,62,10,40,27,13,25,5,56,2,61,4,11,3
37,10,41,11,1,46,25,49,63,44,19,48,7,51,54,20,35,14,26,34,22,18,61,15,60,24,39,56,12,16,31,50,9,2,5,30,40,13,32,45,62,3,0,38,36,28,6,29,47,27,59,21,53,23,57,55,52,58,43,17,8,4,33,42
52,10,55,22,60,28,54,6,47,24,37,45,21,35,25,50,31,9,14,27,12,46,7,59,19,51,16,61,15,57,63,34,42,5,4,29,56,11,23,18,2,38,17,26,0,40,1,53,44,33,41,8,32,36,48,49,43,39,62,3,13,20,30,58
49,57,10,14,52,33,24,28,25,46,6,17,48,38,43,37,13,42,62,44,39,8,31,9,54,27,20,53,50,7,34,0,26,30,36,23,35,51,2,22,58,59,4,18,32,1,61,29,63,12,15,11,21,19,47,45,3,40,55,60,41,16,56,5
15,47,32,54,7,19,24,5,29,40,48,51,49,63,53,4,11,44,36,33,27,52,0,26,62,41,39,20,37,6,14,42,56,13,55,16,10,9,18,1,34,43,25,35,45,17,28,21,23,38,57,46,58,60,30,61,31,50,3,12,59,2,22,8
18,12,51,28,22,62,19,11,8,27,38,9,36,49,35,31,23,47,6,39,41,30,61,15,44,57,10,26,13,58,55,14,1,25,7,33,0,2,3,52,4,48,50,40,54,17,53,20,16,45,60,42,34,21,37,5,43,29,24,63,56,59,46,32
56,34,36,8,16,38,29,46,14,42,50,45,9,3,31,52,4,62,53,48,5,58,35,51,17,7,26,23,57,43,63,15,41,20,49,33,13,18,27,32,24,22,6,54,12,1,21,25,37,44,39,47,61,11,28,2,59,40,60,10,30,19,55,0
57,18,15,29,3,55,12,13,0,48,54,8,31,22,59,35,38,20,1,7,33,4,37,5,6,21,25,43,24,28,58,44,34,23,42,17,19,60,27,46,51,52,11,61,26,56,40,14,49,39,41,36,2,30,63,45,32,10,50,47,62,9,16,53
58,13,34,56,45,50,11,9,23,39,38,53,31,15,55,33,40,43,20,47,24,22,36,6,19,49,1,44,21,16,52,25,46,17,5,63,4,26,29,27,51,12,62,28,57,41,37,7,30,42,60,18,54,14,61,48,59,32,2,35,8,3,0,10
2,10,56,35,43,53,6,27,58,41,51,19,38,3,54,48,1,32,11,46,16,22,9,15,63,55,25,49,57,4,13,7,59,52,31,18,30,28,42,50,24,37,34,39,23,36,62,5,20,14,40,29,12,21,0,44,26,47,45,61,17,8,60,33
12,44,15,8,60,33,37,29,39,0,43,6,25,41,20,47,16,54,14,30,10,13,28,51,23,9,56,32,57,63,50,52,11,34,2,46,17,40,26,59,58,27,55,4,42,21,31,49,24,3,36,45,48,5,53,7,18,19,38,62,22,61,1,35
29,41,31,60,18,32,28,63,7,23,4,52,20,6,48,40,51,39,10,43,11,5,13,38,12,16,57,21,1,37,8,56,0,59,47,53,25,50,36,34,33,58,30,54,46,17,19,45,42,22,35,62,27,55,49,26,61,2,24,9,15,3,14,44
21,24,6,37,15,23,10,0,50,38,31,34,20,53,5,51,17,26,52,11,43,39,58,55,47,27,18,22,56,30,13,61,46,29,35,8,19,33,2,32,3,14,54,42,1,44,40,48,9,63,36,59,62,16,45,4,7,60,41,57,28,25,12,49
61,10,45,29,62,11,23,17,32,2,3,22,37,16,0,1,19,5,58,52,7,54,49,34,33,47,8,4,63,15,59,20,26,30,35,41,44,56,40,25,24,28,42,39,18,9,57,55,43,6,53,27,12,48,21,14,36,31,38,50,13,46,51,60
51,6,9,60,20,31,50,0,5,55,11,33,22,23,16,62,48,4,14,49,15,61,41,58,18,30,8,36,59,24,42,35,39,26,53,52,37,57,29,1,38,25,28,3,46,2,47,17,7,63,34,43,45,54,27,44,32,56,13,21,19,12,40,10
18,15,62,21,16,4,5,46,58,27,54,60,50,29,39,40,22,20,2,8,19,10,9,44,0,57,25,12,7,53,61,30,52,1,31,34,17,3,13,47,38,43,23,26,37,6,48,36,32,59,56,14,51,28,49,45,41,33,35,63,11,42,24,55
58,23,27,52,22,55,63,38,45,11,29,37,60,59,50,8,53,47,2,40,56,14,31,18,19,12,41,10,17,6,21,44,46,7,32,30,1,36,3,13,15,48,39,24,42,61,28,43,49,16,4,25,9,35,51,26,54,20,34,62,0,33,5,57
34,26,57,31,47,42,7,9,60,41,23,58,10,1,55,12,61,53,24,63,49,13,5,0,59,27,54,62,36,14,6,56,48,8,35,30,21,4,20,50,39,18,15,28,2,40,38,43,19,16,46,29,45,32,37,51,22,33,25,17,52,11,44,3
60,21,15,0,40,59,51,7,26,42,24,47,37,20,46,35,41,31,29,23,50,36,13,45,55,43,14,12,25,62,6,4,61,54,34,9,19,57,38,11,8,39,16,58,27,53,63,52,56,28,18,22,1,5,33,48,30,10,32,3,17,49,44,2
6,48,13,25,3,36,5,17,41,24,23,39,59,11,50,33,12,27,54,18,57,44,21,52,58,42,38,47,29,35,4,55,53,61,0,43,14,60,28,49,10,31,1,46,30,45,37,40,63,16,26,15,56,7,32,8,20,51,34,9,19,2,62,22
16,19,63,27,47,44,39,15,53,38,25,20,60,59,48,52,11,40,41,58,22,33,46,12,54,3,37,35,0,34,49,6,10,43,17,62,29,23,30,13,8,57,26,56,50,32,9,24,14,21,51,7,28,45,31,55,5,2,18,42,36,4,1,61
57,32,4,39,37,29,43,44,45,38,34,52,18,58,54,10,1,9,59,47,51,62,0,27,26,30,11,41,33,7,21,23,61,2,55,28,25,36,53,20,16,35,12,56,40,13,48,49,50,8,46,31,6,5,60,63,15,14,42,3,22,19,17,24
56,37,20,39,48,23,38,25,50,51,32,30,29,34,47,42,19,58,22,54,9,36,31,26,16,18,11,46,13,6,12,44,61,60,33,45,3,52,4,49,21,14,40,10,62,24,57,27,0,35,17,41,1,2,43,55,15,63,28,53,8,5,7,59
5,29,55,54,18,32,48,10,34,27,7,14,62,3,57,52,21,59,50,17,6,19,35,56,37,28,23,9,44,26,51,49,60,39,40,20,47,53,8,0,13,1,2,42,38,43,45,61,11,36,46,58,33,31,4,25,22,41,16,30,12,63,15,24
8,1,42,24,53,62,52,35,14,49,51,17,63,30,34,44,56,5,23,55,58,2,37,13,31,10,19,4,16,26,20,22,59,61,29,38,9,39,32,12,54,45,36,27,18,21,28,33,40,11,25,0,43,7,57,15,47,46,48,6,50,41,3,60
42,0,10,61,26,19,12,27,53,58,63,11,50,7,38,22,59,6,21,16,31,44,28,57,5,52,20,56,29,46,49,43,54,23,62,55,51,30,4,33,34,18,8,24,15,1,45,25,35,17,48,37,41,32,40,47,9,39,13,2,60,14,36,3
61,51,18,13,55,34,53,36,33,24,4,1,37,21,29,28,20,38,57,32,22,11,12,8,16,27,48,17,46,19,7,54,15,0,49,14,56,47,31,58,30,50,23,39,42,45,5,43,9,41,63,52,6,40,26,60,59,2,62,44,25,10,3,35
52,61,7,23,60,33,32,62,16,49,34,37,0,10,1,50,30,51,43,3,29,8,27,25,15,9,38,55,28,54,44,22,31,47,42,4,39,6,46,20,12,56,45,11,53,48,5,13,57,24,18,59,21,35,58,36,14,40,41,2,17,26,63,19
11,48,22,5,57,63,62,14,45,29,12,47,49,2,24,0,9,53,54,25,37,8,17,61,43,10,38,60,40,21,23,36,51,27,46,7,42,31,55,50,13,18,26,32,1,6,34,30,20,19,41,59,56,44,3,16,58,28,4,39,52,33,15,35
7,43,22,57,38,19,28,23,39,33,41,14,0,15,6,62,31,5,24,12,44,17,52,47,59,51,9,42,26,1,4,37,48,36,58,8,20,55,2,49,34,50,32,11,18,40,3,10,46,63,25,45,16,53,61,35,27,30,60,21,13,29,54,56
47,0,24,9,12,15,57,40,43,3,61,1,20,48,63,49,54,34,35,17,53,27,11,14,13,42,38,26,62,18,51,31,22,7,8,28,58,25,41,23,52,33,44,16,5,46,56,59,19,60,36,29,39,55,10,32,50,6,30,37,45,4,2,21
32,10,33,41,12,39,59,49,46,18,6,47,24,3,25,45,43,35,54,38,8,42,50,17,53,61,48,1,21,5,9,16,31,15,20,37,51,4,11,13,27,0,26,23,30,36,58,7,14,2,29,19,63,22,52,44,62,40,60,57,56,34,28,55
26,50,42,19,52,63,39,1,38,45,29,11,34,37,62,14,17,43,24,25,57,46,12,49,33,47,54,48,23,8,28,21,20,56,55,9,30,27,35,10,59,7,53,51,15,44,40,16,3,0,61,58,6,2,41,31,60,4,13,36,5,18,22,32
1,32,58,14,50,10,55,4,54,49,45,20,35,38,33,36,16,18,53,56,9,59,39,5,25,19,28,2,60,6,12,46,62,13,26,7,44,63,40,8,22,21,29,41,42,37,61,47,23,34,43,31,24,3,30,0,51,57,17,15,11,48,52,27
37,38,29,32,36,48,11,54,20,22,61,8,18,46,43,47,26,34,25,0,6,44,59,17,42,21,51,1,4,57,24,15,13,62,19,55,3,45,31,63,53,30,49,33,10,41,23,58,60,14,35,2,5,7,16,52,56,39,12,28,27,40,9,50
38,30,20,36,61,60,22,4,24,42,12,13,50,23,10,33,9,19,53,56,5,32,2,29,25,46,48,14,17,49,39,27,16,0,44,21,54,37,28,7,1,52,51,18,63,26,59,43,31,45,62,11,15,6,8,35,55,41,3,58,34,40,57,47
18,1,31,34,62,4,20,3,15,47,6,53,8,39,57,51,56,21,7,29,40,63,9,43,26,17,35,0,37,19,44,24,5,49,59,33,61,45,42,27,36,2,30,25,22,50,16,23,12,32,54,60,38,58,46,41,11,13,48,55,28,52,10,14
13,15,46,34,43,9,3,42,17,16,33,63,28,5,39,35,51,59,60,24,7,26,12,58,1,30,23,37,11,2,55,20,32,29,25,57,18,62,0,50,52,19,38,6,4,61,47,21,45,40,31,36,48,10,56,27,49,41,22,44,8,14,54,53
5,61,39,30,21,8,58,60,56,1,14,25,48,12,0,36,2,28,55,27,42,23,49,57,19,13,37,32,44,63,40,46,43,7,38,51,50,29,47,22,34,4,33,41,17,54,24,18,3,16,11,31,20,26,62,9,45,15,10,53,52,35,6,59
46,5,63,24,52,35,34,36,7,26,15,48,22,2,21,44,11,58,38,33,60,62,47,40,30,20,29,8,45,13,28,0,16,1,51,31,39,6,43,10,49,59,37,23,61,18,55,12,14,27,57,53,50,9,54,17,56,4,41,42,25,19,32,3
32,3,16,27,14,62,37,42,59,4,11,1,13,39,56,52,63,46,17,18,51,44,54,24,45,9,60,55,23,30,22,31,7,5,28,47,8,15,12,29,0,10,34,33,6,48,53,20,2,21,25,57,35,36,41,49,43,50,26,58,61,19,40,38
42,5,57,27,9,58,59,29,36,37,43,53,60,3,15,48,41,10,46,45,44,39,20,32,21,30,61,52,56,51,12,38,34,19,8,0,23,25,62,35,4,55,14,50,16,33,1,26,28,2,49,11,63,40,18,13,24,22,6,54,47,17,7,31
31,17,16,39,49,27,51,9,5,56,19,0,8,20,35,54,47,41,48,34,59,40,42,62,36,3,37,55,14,45,25,29,23,44,22,63,24,12,38,2,43,61,53,33,32,57,58,26,18,15,30,7,10,13,46,28,4,52,50,6,1,60,21,11
63,5,17,36,14,48,25,24,2,26,21,1,12,44,32,47,9,40,46,62,35,18,11,19,28,13,41,27,60,7,43,53,38,57,4,16,20,61,33,15,51,3,45,50,58,42,0,56,6,52,34,59,54,49,23,39,10,8,29,30,22,31,37,55
50,11,39,4,6,27,14,35,36,38,25,10,57,19,48,13,9,37,49,29,45,16,61,46,23,3,58,26,51,55,5,17,62,52,32,47,2,43,24,30,53,1,56,54,0,21,20,59,18,15,7,31,22,42,63,8,12,28,34,40,60,41,33,44
13,25,21,54,50,19,15,26,20,51,8,58,45,62,38,33,27,3,46,5,35,36,47,4,11,61,1,16,30,17,28,29,12,57,0,43,53,44,59,22,32,48,39,2,63,40,31,41,52,7,23,56,14,9,18,6,55,42,10,49,34,37,60,24
58,1,48,43,34,61,53,10,63,9,17,55,45,14,15,0,29,62,16,6,4,26,32,25,42,44,49,39,38,19,12,46,50,28,23,7,22,59,33,11,40,36,52,20,51,54,41,30,31,57,24,35,47,13,37,2,27,18,3,8,21,60,5,56
21,5,31,44,60,22,54,55,59,10,50,57,39,11,34,19,17,36,32,46,3,1,0,18,37,45,7,48,15,29,33,24,43,2,8,38,28,25,16,40,56,61,58,27,35,53,30,51,52,23,26,47,6,42,13,4,14,9,12,20,49,63,41,62
6,51,30,49,17,54,35,3,62,46,53,40,2,7,63,56,21,47,58,38,24,42,11,13,39,4,55,8,59,12,27,16,22,61,25,29,10,18,1,15,45,32,33,41,0,9,28,23,60,14,43,36,52,37,31,50,20,48,44,5,26,57,19,34
37,60,54,21,42,8,14,13,31,34,46,17,40,30,48,23,5,59,39,41,15,61,18,32,58,52,51,9,45,38,27,7,49,26,3,0,24,50,63,6,33,53,44,36,19,56,12,4,1,55,43,2,29,11,20,28,62,16,22,10,35,47,25,57
7,44,19,10,45,36,24,21,22,23,13,29,38,32,14,52,27,2,4,34,58,62,42,47,35,0,57,54,40,15,61,41,6,56,11,28,12,59,48,9,63,16,5,49,1,37,25,55,8,51,20,26,3,39,43,46,17,18,53,60,31,33,30,50
55,57,33,37,23,39,40,49,46,43,61,31,27,52,26,6,25,58,22,10,51,7,0,14,50,11,5,41,63,8,54,18,48,16,21,4,30,35,29,13,45,38,36,60,32,44,1,2,20,59,12,17,24,62,47,3,34,15,42,56,53,19,9,28
41,32,29,56,62,43,23,31,11,15,37,2,34,28,51,48,42,47,18,33,24,10,58,60,55,35,27,53,22,8,61,3,14,46,45,49,63,39,9,54,1,44,36,16,4,19,57,17,59,40,30,26,20,7,5,0,13,52,50,21,25,6,38,12
13,28,59,39,9,25,27,17,47,52,51,55,20,32,19,46,1,61,57,56,41,42,12,45,34,54,30,2,37,62,63,29,7,40,8,50,48,4,31,44,26,14,35,60,23,18,22,33,49,16,58,15,10,0,6,21,3,38,53,24,36,43,11,5
33,54,34,12,35,1,57,6,40,38,55,22,3,0,19,24,60,10,18,25,13,45,39,28,27,36,20,7,50,23,47,56,2,4,59,63,32,26,29,49,31,48,42,17,52,9,21,46,30,53,58,11,15,44,61,37,41,8,43,51,14,16,62,5
54,19,58,34,36,59,9,41,39,44,7,31,16,32,60,56,17,10,15,53,3,6,23,35,26,43,63,48,27,5,21,20,22,11,47,33,50,29,55,18,12,49,0,40,8,14,25,1,51,28,57,24,4,38,42,61,45,62,52,30,46,13,2,37
21,28,25,2,40,62,29,27,55,19,11,14,30,7,18,41,10,31,26,54,56,53,47,42,38,32,58,51,39,17,8,22,33,5,36,20,4,3,37,48,63,23,35,59,45,44,13,50,15,24,34,16,43,57,12,52,0,60,49,61,9,1,6,46
60,50,24,62,36,11,40,14,41,17,23,54,19,37,63,9,47,21,12,18,31,10,0,35,57,58,39,51,32,59,49,42,29,3,53,30,55,13,56,61,48,46,25,38,7,43,16,27,52,4,20,2,28,8,33,34,44,1,15,45,22,26,6,5
21,17,31,13,9,11,62,58,27,30,0,43,51,1,26,48,28,61,16,5,59,41,7,44,33,52,4,8,18,55,53,42,36,63,56,6,57,37,45,38,49,20,35,50,19,14,12,24,40,29,25,39,34,2,23,22,46,15,32,54,3,60,10,47
56,5,46,60,20,44,8,50,22,59,19,16,41,51,14,36,43,42,34,35,62,21,18,3,1,63,32,26,47,6,58,49,40,17,55,9,13,30,7,25,53,0,24,28,48,4,23,38,29,2,15,27,33,45,52,37,39,57,61,54,10,11,31,12
43,6,4,61,34,46,55,50,8,58,14,39,7,36,10,21,13,59,30,9,5,63,26,57,62,23,52,44,0,27,15,20,12,3,24,54,51,19,37,25,53,38,49,29,45,48,22,33,40,17,31,60,41,18,42,28,16,11,47,32,56,1,2,35
13,40,44,17,33,15,48,54,59,46,31,52,19,16,63,35,23,8,7,26,6,4,53,34,5,38,45,11,60,62,20,3,42,27,18,28,57,43,10,24,14,0,50,29,36,32,49,12,58,47,37,21,55,41,56,9,2,51,25,61,30,22,1,39
41,50,62,38,14,9,52,24,20,49,25,2,40,58,7,18,16,51,46,19,59,44,15,10,37,17,48,30,8,12,33,47,42,11,45,23,4,57,21,0,29,6,31,60,22,55,1,3,26,32,27,34,54,13,28,61,56,63,53,36,43,5,39,35
39,62,33,0,63,20,17,2,9,10,7,46,41,43,45,22,37,6,21,5,16,31,30,36,8,58,18,57,13,3,12,23,19,25,1,27,50,15,49,51,61,14,32,54,35,44,40,11,34,4,29,60,42,28,55,24,59,38,47,52,56,53,48,26
49,60,24,28,39,21,8,25,33,2,41,62,50,1,59,17,13,56,11,15,34,42,37,29,36,40,6,26,5,43,63,4,10,51,35,7,22,44,27,52,20,31,58,3,45,30,47,14,55,23,54,48,19,32,57,16,46,53,9,61,38,18,12,0
42,24,61,15,39,25,29,46,60,26,47,56,2,34,54,32,27,9,52,62,49,59,31,22,18,57,44,58,63,35,6,28,5,33,14,17,11,37,36,45,51,38,48,10,3,13,23,7,12,8,40,20,43,53,16,55,30,41,4,50,1,19,21,0
25,53,39,1,33,51,6,4,3,35,58,62,29,49,36,17,32,8,45,19,5,18,37,12,15,48,20,61,63,28,14,9,40,42,11,23,54,2,22,38,57,21,47,30,46,16,44,27,26,60,0,7,55,13,56,59,34,52,41,10,31,43,50,24
9,46,36,3,11,50,48,16,24,5,22,1,57,30,0,41,15,32,51,10,52,60,12,17,34,44,63,55,61,7,38,29,43,31,49,40,56,47,28,26,37,18,33,25,35,6,53,23,42,8,4,27,59,20,13,2,21,19,54,14,45,39,58,62
41,48,25,4,15,45,50,33,5,44,22,8,59,55,23,20,2,47,60,57,14,27,58,17,51,46,6,29,3,63,1,49,9,53,42,37,19,16,26,10,38,11,61,39,43,21,12,34,56,35,36,18,32,54,31,0,52,30,28,40,62,24,13,7
42,34,56,0,35,33,41,21,49,2,20,46,61,7,44,10,57,4,30,12,3,58,40,17,27,55,43,28,15,52,39,9,59,11,47,13,50,51,38,22,1,31,6,32,62,54,18,45,26,23,14,53,60,19,5,48,29,24,37,16,25,36,8,63
25,15,61,53,4,13,21,20,38,11,3,34,51,5,24,60,18,57,40,10,8,45,28,62,48,46,44,49,58,6,39,43,30,32,29,55,12,42,50,41,63,1,31,2,14,9,59,37,17,19,22,33,56,23,27,7,35,16,54,52,0,36,47,26
33,44,13,49,58,23,8,19,18,61,54,5,20,43,24,40,1,30,34,46,11,45,36,0,50,56,62,9,37,4,32,52,31,27,25,26,35,42,21,15,16,47,14,6,7,63,41,38,53,59,57,55,48,17,2,60,39,10,12,28,29,51,3,22
30,48,26,13,58,27,60,4,41,56,2,24,1,19,15,61,54,42,10,17,59,28,53,31,25,9,22,32,50,57,3,51,37,7,63,0,34,62,47,16,46,5,40,21,12,23,45,11,36,43,6,29,39,8,49,35,44,55,33,14,20,18,52,38
14,28,62,7,54,26,19,33,59,41,38,9,60,10,40,47,24,5,36,20,63,55,57,22,30,43,31,25,12,13,21,34,49,16,6,56,44,39,52,50,4,48,17,53,46,18,23,42,61,0,27,3,11,1,32,37,2,35,58,29,15,51,8,45
54,41,62,53,42,11,45,23,26,46,52,0,57,50,34,35,19,38,48,58,37,3,16,32,21,27,15,1,2,13,20,63,60,12,30,9,10,17,6,31,56,55,7,8,22,33,47,59,24,40,14,44,29,25,39,49,36,18,43,4,28,61,5,51
58,14,31,30,19,43,45,25,27,5,11,13,61,37,1,41,48,7,49,17,12,56,47,26,38,28,62,2,8,57,42,0,44,33,53,59,15,6,18,24,51,10,21,23,36,54,3,52,60,50,32,46,39,16,35,4,22,29,20,34,9,55,63,40
56,29,21,32,16,17,55,42,19,31,50,39,8,53,2,28,6,52,3,14,47,48,49,45,36,12,13,23,51,59,35,1,0,54,34,5,43,37,27,22,11,58,10,33,7,4,26,30,18,20,61,9,63,60,44,62,25,40,41,15,38,57,24,46
18,46,62,40,59,42,12,33,0,36,61,22,60,56,38,15,26,11,29,19,5,39,14,21,63,47,23,49,52,44,58,54,17,27,51,43,10,13,37,50,4,45,34,48,3,1,7,57,31,28,41,55,24,16,32,53,9,25,2,6,20,35,8,30
22,18,16,63,49,62,19,41,46,25,2,29,50,57,59,36,47,48,35,54,11,4,14,38,30,56,42,44,12,17,55,27,52,24,58,61,9,21,26,39,1,34,13,8,10,37,45,33,0,43,40,15,23,31,6,28,20,32,5,60,53,3,51,7
48,5,54,24,14,31,18,50,1,32,13,39,41,9,59,53,56,61,21,45,27,43,52,35,46,28,33,63,3,29,42,38,0,7,12,16,51,11,30,4,36,23,62,44,60,57,8,19,47,6,17,25,10,49,20,58,26,15,55,37,2,40,34,22
44,7,63,40,21,10,45,30,22,55,54,6,1,35,12,58,8,28,4,43,46,17,37,9,26,62,18,39,60,49,33,34,20,38,23,50,32,11,52,48,19,59,56,25,61,29,5,41,51,36,53,47,0,3,24,27,57,16,2,15,14,42,13,31
42,44,12,37,63,45,13,50,25,54,59,58,62,22,17,60,23,49,7,33,1,19,16,35,4,56,53,46,38,2,32,40,55,5,43,28,26,57,34,21,27,11,48,30,39,52,24,6,9,20,36,8,29,31,47,51,10,18,41,14,15,3,61,0
54,14,46,10,1,55,41,3,51,4,30,63,21,16,33,37,57,22,42,61,49,11,47,48,0,12,60,20,36,18,58,13,35,27,59,8,7,38,9,6,45,62,24,56,26,50,5,17,39,25,29,43,23,53,44,15,40,34,28,2,19,32,52,31
35,11,0,45,55,40,32,31,21,43,17,8,14,34,38,39,56,3,51,41,15,10,36,61,44,28,57,6,29,5,47,62,33,12,7,50,25,16,42,58,2,27,63,24,53,18,1,22,37,26,19,30,20,9,48,59,46,23,54,13,49,4,60,52
58,5,41,6,44,2,0,11,8,16,36,15,45,17,28,60,57,29,31,35,49,34,9,19,1,22,53,33,37,21,61,30,27,59,12,50,14,7,3,32,23,4,55,48,54,63,26,51,24,13,40,56,25,39,18,38,62,20,52,42,46,43,10,47
51,60,13,9,20,37,19,46,28,49,56,57,43,2,53,14,16,1,35,62,54,10,25,5,40,30,23,26,32,7,42,27,36,61,38,11,18,29,3,63,41,48,12,34,58,47,44,45,22,55,4,15,33,52,39,17,0,8,31,50,24,6,21,59
51,23,14,57,43,22,38,21,41,39,27,52,2,60,4,37,45,24,49,53,26,56,9,33,34,8,12,46,59,62,32,44,31,63,29,19,3,48,61,35,50,0,28,1,54,30,16,25,6,11,47,13,10,7,42,20,17,55,40,36,18,15,58,5
9,12,38,33,8,57,20,10,43,0,39,24,51,2,58,53,36,30,46,35,1,54,52,48,25,23,45,37,27,22,40,3,56,31,60,32,26,17,42,47,4,19,5,7,28,55,29,14,6,44,11,13,16,15,49,63,62,61,59,41,34,21,50,18
37,16,5,43,21,53,52,39,12,17,3,35,58,1,57,29,9,60,18,59,42,13,48,8,11,49,51,30,34,46,24,26,33,2,14,45,32,28,25,10,55,56,62,63,23,38,20,36,27,47,19,41,61,44,54,15,22,6,50,31,0,4,7,40
22,11,21,0,32,54,34,28,53,8,2,33,46,42,47,20,59,45,4,44,13,57,63,52,3,27,50,25,18,7,36,58,35,1,40,19,9,23,62,56,41,38,14,43,6,31,26,12,10,51,48,55,37,49,61,24,5,29,60,39,30,17,15,16
7,29,10,12,60,39,3,5,61,23,17,36,47,37,57,6,43,59,62,31,33,25,32,35,19,41,14,55,53,34,18,0,1,16,27,40,44,50,54,28,56,51,58,24,11,13,21,8,15,52,26,22,2,20,38,49,42,30,9,63,45,4,48,46
18,22,60,23,38,33,12,17,5,10,52,43,58,21,27,63,32,28,34,46,20,29,16,4,57,15,25,7,45,24,53,14,49,8,39,51,56,1,30,54,26,3,36,6,2,59,11,61,50,13,62,41,9,44,42,37,55,47,19,40,0,35,48,31
2,39,15,27,36,11,16,45,62,46,37,60,34,61,29,10,35,5,59,13,63,41,9,18,56,26,38,55,28,12,51,4,48,24,25,54,22,58,3,7,17,1,20,44,53,40,19,21,50,14,49,0,47,6,33,42,31,30,8,32,57,43,23,52
55,20,28,36,44,45,54,39,59,57,60,2,18,34,56,9,10,35,50,41,4,47,43,12,40,51,63,16,19,3,11,23,62,32,25,48,24,0,22,38,6,30,17,21,13,7,46,5,37,1,29,61,58,49,15,8,52,33,53,26,14,31,27,42
38,50,41,48,53,57,32,4,10,12,55,51,1,18,11,44,59,14,45,37,29,0,49,52,30,9,54,31,26,58,42,28,21,33,5,22,34,62,15,24,16,39,3,63,35,46,7,25,43,36,2,17,23,47,19,6,56,60,20,61,40,27,13,8
14,39,17,35,42,24,22,38,40,62,54,47,10,32,59,56,30,4,12,16,43,45,52,57,37,60,36,61,25,46,18,0,53,7,41,8,50,44,1,2,21,29,23,48,51,15,55,63,28,34,58,13,31,33,27,5,26,3,20,49,9,6,11,19
2,38,20,16,46,7,11,14,22,61,15,51,60,13,34,8,47,17,6,42,18,19,58,28,23,31,1,56,59,44,41,26,35,37,52,55,4,57,63,9,5,62,24,54,40,36,12,48,29,43,0,21,10,3,33,53,45,49,27,30,32,25,50,39
35,9,43,49,60,47,18,39,6,20,21,3,27,59,25,2,28,13,61,8,58,14,11,12,42,46,19,24,50,5,48,52,29,10,36,32,23,57,56,33,22,55,53,40,16,31,1,0,30,15,37,17,62,7,4,38,63,34,54,41,44,45,26,51
9,15,7,5,28,50,3,34,45,53,29,25,11,10,23,31,19,41,38,8,48,24,52,51,35,27,14,1,33,58,22,56,21,32,49,46,16,37,40,20,0,36,57,6,54,17,59,43,39,61,42,12,63,30,2,13,44,60,62,47,26,55,18,4
23,37,17,4,51,59,26,60,8,24,31,39,20,47,3,2,53,27,29,61,62,44,45,57,28,50,18,63,58,5,12,52,22,19,42,32,35,34,25,41,48,33,15,30,14,21,55,10,38,43,56,13,46,9,16,36,49,11,1,40,6,7,54,0
39,19,18,5,44,20,46,9,29,60,30,12,11,40,3,16,0,14,21,28,6,22,31,8,37,55,26,36,57,24,42,48,4,53,13,2,50,59,27,41,23,34,49,15,38,1,10,52,58,54,17,47,45,56,25,62,51,7,61,63,35,33,43,32
28,60,6,7,4,55,20,0,23,37,14,48,27,38,46,39,42,45,12,13,63,2,30,24,49,33,62,21,17,25,1,10,52,32,57,8,29,47,59,3,40,54,50,9,5,44,31,56,11,58,19,26,15,16,22,61,53,18,41,43,35,51,36,34
52,20,56,30,58,8,59,48,12,63,36,49,53,5,44,35,38,40,1,50,45,42,26,24,15,43,3,6,55,7,10,18,19,0,21,54,62,27,51,25,13,31,60,34,17,28,57,2,37,41,14,33,39,61,11,29,47,22,46,32,23,16,4,9
58,18,45,8,23,25,47,13,55,42,49,15,2,26,7,33,48,44,27,19,35,38,57,34,51,52,1,24,41,63,9,50,53,6,3,22,37,17,16,32,61,14,31,28,54,36,0,62,21,43,20,4,59,30,29,10,39,46,40,56,11,60,5,12
45,55,44,30,36,19,7,11,39,51,14,8,15,56,1,17,20,29,12,13,21,61,43,52,24,37,47,9,0,38,31,48,28,23,26,49,34,32,25,54,57,5,40,6,16,59,27,63,41,50,53,22,46,10,33,62,3,42,4,18,60,2,58,35
61,3,16,44,20,17,29,9,18,28,15,59,25,10,30,39,43,50,40,26,62,47,27,63,57,8,35,37,42,13,11,21,7,58,49,56,31,22,52,33,23,4,45,6,1,54,41,12,48,46,0,60,19,38,5,55,36,51,53,14,32,34,2,24
62,10,53,50,56,47,37,11,30,3,22,38,2,20,49,4,61,36,25,34,15,63,58,26,43,27,41,29,48,59,0,16,19,23,17,12,57,24,28,1,44,5,32,7,13,51,33,9,54,52,35,55,8,6,60,42,39,46,21,31,40,18,45,14
37,50,14,58,15,22,6,49,8,63,2,59,44,12,39,24,16,10,9,25,23,54,28,52,3,19,41,33,30,56,60,7,36,31,51,1,13,26,47,17,0,11,35,61,18,40,29,32,62,21,42,38,5,55,27,48,4,20,57,34,53,46,45,43
14,1,9,45,7,41,51,10,47,61,48,57,12,42,16,4,62,60,56,0,37,54,21,55,30,33,63,59,19,38,29,52,46,11,27,24,15,22,28,49,13,3,26,8,50,31,35,5,32,23,40,6,2,18,20,43,53,39,36,17,58,44,25,34
57,30,29,15,14,28,52,8,60,35,2,0,25,33,53,50,46,45,51,39,17,3,49,9,42,63,55,41,24,61,26,32,48,13,62,10,21,43,56,58,27,18,20,44,31,40,6,54,37,5,47,7,16,1,34,23,12,36,19,38,4,22,11,59
4,0,18,45,25,23,55,31,1,8,36,50,10,58,33,6,49,24,2,9,11,15,20,48,34,21,40,61,41,46,16,53,35,19,32,13,12,52,60,43,22,38,57,14,62,63,5,44,39,27,7,26,56,47,30,54,3,29,59,42,17,51,28,37
31,8,14,20,16,56,54,62,17,23,2,5,39,22,46,30,55,60,50,24,45,6,33,59,58,15,48,7,57,42,3,37,49,4,29,38,11,28,26,47,41,34,21,0,25,53,1,61,43,36,52,13,35,51,44,32,18,12,9,63,10,40,27,19
59,24,29,5,25,10,6,63,48,32,2,18,40,23,33,28,41,8,35,58,34,36,47,49,46,37,13,15,45,60,62,21,7,39,44,57,12,52,56,27,20,22,1,55,9,26,50,16,14,51,3,42,19,38,53,0,4,43,31,11,30,61,54,17
1,49,22,27,13,43,44,30,11,37,33,55,18,31,54,36,0,58,3,53,47,56,35,42,24,5,2,26,16,8,29,7,19,12,17,60,15,32,59,52,25,48,39,38,21,6,34,28,45,41,14,63,10,23,20,46,51,40,9,4,62,57,50,61
49,36,7,5,11,33,43,18,31,45,20,6,17,3,57,40,60,59,46,16,26,13,56,8,30,38,19,23,63,39,28,27,35,22,37,58,47,32,15,29,24,53,10,21,14,25,61,44,54,48,9,1,42,34,62,0,55,4,12,51,41,52,2,50
51,13,1,54,34,63,43,57,27,29,59,12,18,61,37,26,58,7,21,36,16,60,9,50,25,49,35,47,28,24,55,41,23,0,39,11,3,40,22,56,30,4,19,45,14,20,48,38,44,33,6,2,5,17,8,46,52,31,32,10,42,15,53,62
53,38,3,50,36,41,34,21,30,10,28,9,48,31,17,2,23,15,24,44,25,57,51,1,56,42,35,61,8,47,13,26,19,52,60,32,12,14,49,45,20,40,33,6,0,27,22,54,29,58,62,39,37,18,16,7,5,43,55,4,11,46,63,59
51,5,42,11,45,15,19,12,16,1,8,24,22,38,3,9,7,60,21,62,47,13,27,14,26,34,32,57,30,10,61,41,31,17,40,49,53,48,29,63,25,43,0,54,37,35,58,52,55,56,2,20,59,18,23,33,4,28,50,6,46,36,39,44
34,32,52,54,53,59,47,4,3,30,40,61,12,21,55,43,25,39,5,18,36,37,23,16,6,50,20,17,56,9,31,15,46,44,48,41,1,29,19,11,13,57,38,27,58,45,8,33,49,28,14,42,26,2,62,35,63,60,7,24,22,0,10,51
42,23,31,3,21,32,34,9,14,53,55,25,54,40,52,39,7,38,46,44,2,60,0,59,57,11,20,49,61,47,62,15,58,63,48,19,28,4,8,33,43,27,45,6,29,13,24,51,41,50,22,1,35,26,17,16,37,10,56,12,30,36,18,5
57,35,43,7,33,4,21,28,23,62,30,12,45,14,34,38,9,17,27,52,48,15,44,20,60,11,26,39,19,13,51,32,2,24,49,1,55,40,25,47,3,8,58,46,53,37,50,42,0,29,16,56,61,18,54,36,10,63,6,59,41,5,31,22
13,63,10,25,0,62,33,27,18,56,54,14,32,51,22,23,37,34,47,59,58,9,55,15,49,16,1,8,43,52,2,36,29,53,44,48,61,38,28,11,12,40,7,60,3,45,41,30,19,20,35,39,21,42,24,46,6,5,4,26,17,50,57,31
43,59,29,21,60,6,23,17,62,53,20,34,37,30,45,4,40,38,56,31,8,49,3,41,39,0,58,15,50,42,52,19,48,35,1,14,2,33,9,36,47,61,63,55,51,54,27,57,16,24,7,26,12,5,44,11,32,10,22,28,13,46,25,18
16,0,55,60,52,50,19,56,18,2,10,1,27,38,13,42,11,61,45,9,15,17,44,22,35,28,20,48,29,5,53,24,4,47,3,41,31,59,46,57,26,33,32,51,14,62,23,6,40,30,12,8,49,54,36,34,21,58,37,39,25,7,43,63
12,10,34,3,15,2,28,32,29,4,6,60,25,48,23,42,61,38,1,24,19,37,44,17,27,51,49,43,46,14,26,9,21,35,56,47,18,57,36,52,41,53,63,22,16,50,5,11,40,45,39,31,20,58,8,62,59,33,55,7,0,13,54,30
57,15,45,12,8,32,22,28,11,53,37,44,47,46,49,36,0,61,35,29,24,41,2,13,31,48,56,59,43,23,4,39,60,38,6,34,18,54,21,40,3,62,27,16,26,52,42,10,5,7,50,30,19,63,1,9,33,20,14,51,17,25,58,55
11,8,63,5,33,36,51,61,18,39,9,28,16,22,6,10,41,57,53,4,42,54,44,50,35,47,15,27,38,29,13,59,1,23,32,52,46,20,12,34,0,62,45,49,14,2,3,43,30,25,26,55,56,31,24,7,37,19,60,21,40,17,58,48
43,45,17,40,53,7,33,38,55,9,14,6,18,11,42,24,34,31,8,26,59,49,22,28,57,41,13,2,29,27,56,39,23,21,4,5,1,50,30,32,44,54,51,35,52,15,10,36,19,12,47,62,61,60,63,58,0,37,48,20,25,46,3,16
57,50,38,51,35,15,23,45,37,47,8,43,24,26,54,12,13,29,61,28,39,36,16,58,2,1,60,27,25,62,4,53,32,30,17,22,21,3,46,5,48,63,19,31,7,6,11,33,44,0,14,10,42,49,55,18,41,9,56,34,52,59,40,20
38,9,47,54,10,25,49,19,15,50,61,60,44,57,37,13,23,20,26,48,59,4,21,34,24,16,52,27,31,45,35,58,56,2,28,55,42,32,14,63,53,36,0,30,11,17,5,62,18,40,33,22,46,29,1,12,8,43,7,39,3,6,41,51
45,59,11,33,12,20,4,39,24,5,48,61,8,41,35,19,54,18,23,53,44,6,36,57,56,60,22,63,15,10,16,46,30,51,49,2,25,21,26,37,9,32,28,31,14,62,50,42,13,34,47,38,29,55,52,7,27,1,58,0,17,40,3,43
39,10,37,33,36,44,48,14,8,32,19,57,13,9,61,40,16,23,50,49,46,12,21,60,5,62,53,28,52,31,25,1,27,58,45,18,11,56,55,42,47,20,59,17,30,35,38,63,43,41,51,24,54,6,34,3,15,7,29,4,2,22,26,0
12,40,23,29,42,19,10,60,49,27,51,13,34,3,56,59,21,54,38,48,28,45,53,43,30,31,37,57,2,1,17,63,44,47,18,4,25,61,8,0,52,32,16,22,33,50,26,39,20,11,6,41,9,15,24,14,58,62,55,46,35,7,36,5
32,35,21,17,12,29,43,61,28,7,46,55,5,60,16,45,30,31,23,6,27,25,1,48,14,52,47,20,2,41,11,13,56,38,58,59,57,4,40,9,63,19,36,39,33,44,37,34,42,62,49,22,24,53,8,51,18,3,54,26,10,15,0,50
29,52,21,14,19,46,31,2,40,6,34,50,12,16,59,5,13,11,7,38,42,3,44,47,9,15,0,32,37,48,39,36,28,22,55,23,58,41,10,53,4,33,17,18,57,1,61,20,56,63,35,27,62,60,54,43,30,45,25,24,8,51,26,49
61,35,37,30,31,62,63,18,41,47,29,58,57,50,20,60,27,51,22,1,2,14,10,19,46,44,56,39,12,11,7,54,48,32,0,43,49,5,42,16,55,40,25,36,3,9,38,26,17,59,45,23,24,6,8,15,33,13,21,28,53,34,4,52
53,58,24,38,19,15,12,48,23,13,10,27,47,22,49,25,0,5,18,3,63,51,44,56,20,39,60,14,41,28,21,4,37,40,57,61,52,6,30,1,17,2,59,7,33,50,45,42,36,11,9,35,8,34,29,62,26,32,46,43,31,16,54,55
32,16,43,28,23,58,7,61,8,57,19,20,59,13,4,18,0,48,15,33,63,41,24,47,60,2,46,42,40,53,3,22,10,1,34,5,35,26,37,39,14,54,55,30,45,49,36,27,62,29,9,17,52,38,25,21,11,12,51,50,31,44,6,56
24,0,35,40,46,43,39,28,19,45,25,52,16,55,29,32,53,7,21,9,17,14,26,10,57,56,23,12,47,41,44,60,34,33,38,42,8,18,13,30,61,27,22,63,3,54,36,58,2,20,50,6,49,4,11,37,1,51,15,59,48,62,31,5
23,6,15,51,1,28,41,30,50,46,37,3,62,63,18,45,13,44,10,31,49,4,27,20,39,8,57,60,9,26,35,32,2,7,47,22,52,34,54,59,25,0,29,48,43,17,19,21,14,12,42,53,11,24,33,16,5,40,56,61,55,58,38,36
46,6,48,58,41,23,16,55,60,43,12,1,15,59,13,27,19,32,9,21,39,29,5,37,42,45,50,51,53,35,0,26,30,52,31,10,62,11,22,17,38,3,56,14,33,40,20,36,47,7,18,24,63,28,54,4,49,44,34,25,57,2,61,8
39,19,43,18,8,41,38,25,10,22,56,5,36,32,51,57,28,29,17,54,14,21,2,59,9,15,6,42,34,58,16,13,63,50,7,61,3,53,62,40,1,48,26,52,35,0,44,27,11,23,30,37,47,49,33,24,60,12,20,45,31,55,46,4
34,60,14,47,26,42,2,59,40,6,24,3,48,32,46,29,20,27,38,44,62,18,15,36,10,16,35,5,0,61,41,57,63,19,23,9,58,25,53,45,43,8,55,52,12,56,50,22,54,39,30,49,1,33,37,13,17,21,4,11,7,51,31,28
18,16,14,48,8,2,5,6,11,46,52,32,29,9,17,47,45,60,53,39,12,13,20,30,55,36,1,22,19,28,34,33,63,15,44,25,61,62,37,50,57,41,31,21,3,51,10,27,54,26,35,4,38,42,40,59,24,56,7,0,43,49,58,23
26,24,6,60,41,30,8,46,40,59,3,19,2,55,52,54,5,0,18,28,21,7,38,31,12,51,17,37,29,47,22,50,32,56,45,61,42,62,39,16,11,27,20,1,58,13,15,43,36,14,48,63,44,35,25,10,57,49,23,53,34,9,4,33
3,18,42,38,54,46,8,11,63,61,34,15,13,32,51,6,31,19,48,5,29,52,43,4,1,17,47,12,23,55,21,56,49,26,0,60,39,57,40,9,14,41,45,35,53,58,44,62,7,37,50,10,2,27,25,28,16,20,59,30,36,24,33,22
29,54,41,17,59,18,63,31,25,10,47,35,23,9,27,1,30,24,0,40,46,49,58,62,7,8,5,55,48,38,14,4,2,45,50,22,61,39,26,51,34,16,53,32,15,57,33,28,60,12,21,20,43,3,36,37,44,11,19,56,42,52,6,13
23,44,7,1,21,4,33,0,19,5,8,49,32,59,46,53,42,63,20,27,45,16,48,55,25,28,22,54,30,58,62,13,14,18,37,52,15,57,61,9,56,43,6,12,26,34,3,17,36,11,47,10,60,51,24,31,50,2,41,29,38,39,35,40
16,28,13,37,42,60,49,31,11,58,15,12,55,34,59,23,30,41,22,61,50,0,32,51,54,9,56,43,2,33,3,47,39,14,40,53,52,46,21,5,4,20,8,35,48,25,26,63,45,36,38,27,24,10,57,19,29,6,17,1,18,62,44,7
28,32,47,63,59,49,43,34,10,39,26,37,51,56,18,46,35,24,14,3,2,50,11,25,44,16,45,61,9,38,41,23,55,6,29,17,58,22,52,19,31,53,21,0,60,4,57,20,48,42,8,33,30,13,62,40,27,12,54,7,36,5,1,15
61,54,15,42,35,28,10,2,58,12,38,32,45,23,59,19,48,49,56,60,50,8,9,33,6,3,30,11,57,4,21,26,43,17,40,34,46,39,52,5,14,37,0,20,24,27,36,22,55,51,1,53,31,29,63,44,41,47,25,7,13,18,62,16
26,8,58,40,11,37,61,19,32,47,38,50,22,34,39,41,43,49,14,4,55,24,54,59,53,36,5,21,13,28,0,15,23,2,3,10,52,18,62,12,31,27,16,42,35,44,25,7,51,17,29,56,20,48,46,1,45,9,6,63,57,30,33,60
36,34,54,59,3,51,17,58,63,11,60,6,22,25,31,39,15,5,43,42,28,14,2,50,9,52,18,1,47,13,62,61,55,46,21,24,29,53,23,32,4,49,10,44,56,26,38,40,30,57,0,48,20,8,19,35,12,45,7,41,33,16,27,37
39,24,14,18,33,42,58,19,29,8,60,50,32,45,4,36,31,47,21,12,43,48,27,25,6,17,54,61,11,23,49,57,9,44,5,41,15,30,13,7,34,22,2,26,62,40,16,38,20,0,55,3,59,63,10,52,28,46,53,37,56,35,1,51
8,43,29,3,18,41,4,11,62,46,49,25,48,42,24,47,33,54,31,38,10,40,5,52,36,16,34,9,0,1,7,57,58,19,21,56,30,53,20,6,26,39,27,50,15,51,23,12,14,63,22,44,59,61,17,32,28,37,55,2,13,45,35,60
20,8,22,33,37,61,59,7,16,32,1,46,60,31,40,21,52,9,49,55,15,25,23,38,18,62,24,13,27,14,29,63,6,58,44,41,42,28,30,53,12,45,56,0,48,3,50,11,2,17,34,51,19,47,4,10,35,57,43,5,36,39,54,26
26,48,30,12,29,2,19,57,47,6,49,16,28,43,34,0,52,51,42,32,13,56,60,4,35,37,8,7,23,1,10,41,21,20,61,46,15,39,24,3,36,31,33,9,58,55,17,44,59,27,63,22,53,18,25,11,14,40,38,45,62,54,50,5
12,39,48,10,18,8,29,4,51,13,16,52,25,43,11,60,30,17,34,38,63,1,14,35,36,45,3,23,47,62,40,37,31,49,6,24,0,58,50,2,26,28,33,44,9,55,7,21,42,32,5,61,41,56,53,19,59,27,15,20,57,22,54,46
17,55,11,51,29,16,60,50,43,27,36,63,21,31,14,13,37,48,45,19,54,41,39,20,52,53,0,58,24,25,2,38,33,59,7,35,61,47,56,40,28,8,57,62,15,22,44,10,12,34,18,5,6,42,26,3,1,9,49,30,4,32,46,23
60,18,47,10,14,4,31,53,43,19,0,27,40,39,55,8,45,32,34,36,52,21,28,16,58,61,6,26,30,22,42,7,37,46,5,63,56,24,59,33,44,17,12,54,25,15,23,49,11,3,35,9,2,38,48,1,29,41,50,20,57,51,13,62
57,50,8,60,25,13,53,59,5,1,55,21,24,33,28,9,36,48,2,17,22,23,35,46,29,26,40,14,31,20,6,10,27,32,58,61,37,54,4,0,15,12,39,19,56,51,63,49,44,16,42,47,52,62,45,3,7,41,18,34,11,43,38,30
50,62,40,9,39,26,28,57,58,42,36,37,29,20,13,5,48,41,7,3,10,4,2,6,32,11,14,25,16,0,27,38,52,18,8,19,60,15,46,1,61,56,21,31,63,23,43,33,30,44,55,53,49,22,51,35,59,34,17,12,54,47,24,45
54,21,38,62,41,17,10,32,33,51,4,30,7,15,22,34,55,46,48,1,24,13,37,49,14,3,59,58,52,53,35,11,47,19,39,8,6,40,29,57,44,28,5,12,0,16,43,45,20,9,56,23,25,63,42,27,31,36,2,18,60,26,50,61
63,31,8,54,6,46,39,51,36,5,20,13,12,61,52,48,11,45,34,26,58,17,44,38,55,9,43,24,33,16,1,29,3,59,10,4,15,22,41,53,30,49,42,18,0,62,23,37,50,25,2,60,57,21,47,7,35,14,27,56,40,19,32,28
38,36,25,55,40,54,5,60,15,28,44,23,29,49,20,3,4,13,43,50,57,7,42,53,2,27,33,30,35,21,19,48,63,1,41,12,10,61,9,37,31,6,34,47,59,32,45,39,8,58,22,18,16,24,11,0,56,17,46,26,62,14,52,51
12,15,60,6,33,52,29,27,32,30,41,25,22,56,5,50,39,18,38,23,45,16,42,17,3,46,48,4,59,26,61,10,54,31,34,13,63,58,20,53,7,47,21,36,55,35,2,37,57,1,14,51,8,28,24,40,11,43,49,9,0,62,19,44
11,55,52,41,43,54,16,48,33,12,63,29,46,18,4,2,50,28,49,39,58,0,10,44,25,59,30,57,47,21,38,42,45,24,36,3,6,53,22,19,37,26,32,35,60,27,9,20,61,56,13,7,40,23,14,15,34,5,1,51,31,8,17,62
2,17,58,18,11,48,32,6,35,53,14,39,29,21,30,37,31,40,20,52,23,13,51,34,8,60,7,10,15,28,1,4,24,59,41,25,45,22,63,42,44,33,62,47,61,55,49,12,27,26,36,9,46,57,54,19,50,3,43,38,56,0,5,16
15,48,10,50,54,25,11,3,62,20,14,24,22,39,43,42,17,59,35,7,55,41,2,16,6,56,32,21,0,61,29,28,38,49,63,18,1,26,58,30,9,27,47,45,46,36,33,51,5,44,52,8,23,34,57,13,40,37,31,53,4,12,60,19
10,41,8,5,33,24,58,18,0,45,57,53,28,38,17,14,23,34,42,62,29,9,2,6,27,12,60,20,11,40,16,63,46,48,36,54,43,7,21,47,35,39,52,22,50,51,59,32,4,56,55,31,30,49,61,25,44,37,15,3,13,19,26,1
34,28,45,47,41,19,62,44,42,31,11,54,15,0,17,33,60,21,63,52,58,23,26,46,10,12,55,36,38,30,48,8,14,32,4,22,29,56,53,20,9,50,27,57,61,51,35,40,1,37,25,18,43,24,6,7,13,2,3,16,5,39,49,59
38,20,10,50,8,29,6,36,52,5,24,61,1,25,0,48,11,28,3,46,32,54,58,26,18,27,41,53,30,63,57,31,13,59,23,47,22,40,15,43,16,12,60,2,33,51,19,44,42,34,49,7,17,14,35,39,4,37,21,55,9,56,62,45
63,50,15,3,46,2,6,55,45,59,31,47,32,35,29,20,41,5,28,25,34,1,58,11,60,49,42,43,16,53,44,13,8,7,33,54,23,24,26,9,40,10,62,19,61,21,12,27,17,37,56,52,0,39,18,30,48,14,38,22,36,57,4,51
34,24,60,47,4,54,61,45,48,6,52,38,8,23,37,2,20,3,40,41,43,31,12,14,0,39,5,36,13,57,17,22,62,59,30,7,21,28,53,44,9,1,55,46,58,32,10,42,51,25,35,27,63,29,11,56,33,49,26,50,16,15,19,18
32,15,52,41,3,39,35,30,60,9,5,58,17,23,56,8,4,20,16,28,31,0,53,12,14,11,2,45,40,50,33,13,44,48,21,10,51,49,47,54,37,6,27,38,36,34,42,46,22,1,7,59,26,18,57,43,25,63,29,24,55,61,19,62
61,41,53,37,8,29,7,20,48,5,34,26,49,18,9,14,39,56,10,60,12,2,6,24,1,52,0,16,23,35,17,46,28,38,59,25,22,62,19,63,50,40,11,4,42,15,44,36,30,54,43,33,21,32,58,27,55,3,51,13,31,45,57,47
20,46,11,25,51,5,8,59,4,17,24,50,38,10,15,54,7,58,13,3,29,35,0,40,41,23,22,9,21,34,52,39,31,60,47,53,6,49,45,26,32,56,43,48,30,16,36,57,42,33,18,12,61,55,28,14,19,2,27,1,37,62,63,44
17,13,27,47,36,22,63,53,51,41,20,2,35,39,7,8,54,0,19,48,15,56,42,29,23,5,10,31,26,32,9,49,57,55,18,58,21,30,44,50,62,52,3,24,6,33,37,1,60,25,11,16,43,12,40,61,14,34,45,59,38,4,28,46
19,63,33,24,7,59,20,35,38,43,25,57,40,2,50,17,26,47,5,61,1,51,31,21,34,41,9,10,44,49,15,3,28,8,6,58,0,55,37,52,36,13,60,54,27,14,23,62,4,48,29,16,56,53,22,46,30,18,39,42,32,11,45,12
27,21,62,36,46,41,40,57,7,50,9,51,52,53,45,59,15,11,16,5,22,30,8,35,6,13,31,23,63,61,17,10,18,4,26,3,48,56,49,19,25,2,20,14,42,39,12,32,29,34,28,33,37,55,58,38,44,60,0,47,43,1,54,24
7,49,15,59,48,8,58,26,6,62,34,13,47,46,5,23,40,16,42,1,31,36,9,4,25,32,60,54,56,38,41,28,14,10,22,30,27,17,24,37,35,11,19,52,0,12,55,51,20,21,53,57,50,45,29,63,2,61,43,44,33,39,18,3
19,62,35,33,63,44,49,52,59,40,9,1,15,58,38,6,37,42,34,11,0,17,8,28,20,56,57,51,53,41,30,61,32,60,12,47,50,43,54,5,3,10,39,24,4,7,46,27,26,18,16,25,21,55,22,31,36,2,48,29,13,14,45,23
8,2,21,24,44,56,57,11,10,60,32,17,58,43,20,52,4,30,49,55,39,3,59,25,34,54,62,40,18,15,51,22,33,28,35,42,46,6,14,48,50,41,7,26,23,1,12,0,38,19,5,13,36,45,37,16,27,47,9,53,63,29,31,61
30,49,23,52,50,7,10,3,13,61,56,22,58,54,20,27,0,35,43,21,39,4,44,5,1,41,59,16,46,12,38,55,48,51,2,36,18,40,28,63,9,37,25,26,33,19,29,62,45,60,31,34,6,11,17,15,14,57,8,42,53,32,24,47
62,46,35,59,32,15,61,28,33,60,31,11,36,48,22,6,43,38,25,19,21,26,37,58,7,47,56,18,14,4,63,49,50,52,45,10,53,9,41,42,57,3,16,34,8,24,17,55,12,13,54,39,27,44,29,23,2,40,5,1,51,20,0,30
3,17,59,27,20,28,16,61,38,29,49,35,31,10,15,39,13,58,36,34,8,33,32,4,7,22,60,55,5,41,23,6,26,47,42,43,2,18,19,51,57,25,44,12,53,46,48,63,30,1,24,37,52,50,62,40,56,21,45,54,9,14,11,0
31,19,1,4,58,41,9,47,28,18,24,55,50,10,32,16,7,40,5,48,30,33,44,0,53,63,38,56,60,54,27,23,42,14,6,57,59,52,11,22,3,17,12,15,26,46,37,62,13,51,34,29,35,36,20,39,8,61,49,43,21,2,45,25
7,27,47,35,28,30,54,17,52,5,4,45,51,18,11,46,0,19,49,15,1,20,63,42,33,41,50,61,36,31,53,57,6,12,39,32,22,24,10,58,44,21,13,34,60,59,37,55,23,43,48,26,16,40,62,14,29,56,25,9,8,3,38,2
39,43,19,60,12,36,13,18,5,37,9,41,27,62,21,33,38,35,32,2,20,3,16,54,51,63,61,28,50,4,15,23,42,57,1,10,26,47,52,58,0,56,48,49,24,44,17,11,53,7,22,55,40,30,14,46,31,29,6,25,34,59,45,8
53,27,0,7,21,33,19,41,44,37,9,40,45,52,4,20,48,58,18,34,11,29,43,13,24,5,17,57,16,36,22,14,39,28,35,1,59,32,60,42,12,38,50,55,47,3,49,61,2,30,25,23,63,26,46,15,51,6,31,8,62,10,56,54
37,42,39,14,53,30,13,6,55,18,3,60,8,29,9,61,15,32,24,48,59,10,22,11,12,2,5,28,27,44,47,57,17,4,54,40,25,0,35,38,43,56,7,33,49,21,63,26,36,46,20,62,51,19,45,41,34,16,50,23,31,58,52,1
3,9,24,15,28,41,39,49,62,22,60,21,61,53,33,37,34,23,52,40,14,6,5,44,30,51,13,25,57,55,12,1,50,29,18,31,26,58,38,59,45,36,63,16,48,8,10,11,19,0,42,43,46,17,47,20,4,2,27,54,7,32,56,35
16,24,23,21,56,4,14,20,39,60,37,43,42,28,47,54,36,11,0,49,44,19,8,2,55,3,62,26,58,10,48,7,18,41,34,57,51,29,40,15,31,52,22,25,9,50,38,30,63,6,17,61,5,53,46,59,33,27,35,1,12,32,45,13
39,55,50,14,20,63,27,42,8,37,23,40,0,44,52,1,34,35,16,60,30,15,13,5,21,18,43,2,58,31,61,10,6,51,41,11,22,32,17,47,54,24,3,12,59,46,4,7,57,56,33,45,38,36,28,19,53,49,26,25,48,9,62,29
12,4,54,0,56,28,60,19,49,63,31,38,50,36,8,39,11,16,62,14,59,6,21,15,48,1,42,25,57,52,37,20,43,24,51,45,30,23,18,44,22,47,53,58,13,61,46,7,40,26,10,32,3,41,29,2,35,5,17,55,27,33,9,34
4,16,33,43,1,6,29,42,39,54,18,31,13,58,9,14,51,48,12,25,38,40,11,36,3,52,57,32,47,61,44,34,55,46,41,45,30,62,22,20,28,26,8,56,24,37,27,2,21,15,10,0,5,63,19,49,53,35,17,7,23,60,59,50
27,43,16,54,38,4,21,34,7,45,22,24,59,44,28,39,26,5,19,8,55,1,10,32,25,17,2,35,6,46,29,3,49,53,62,9,41,60,52,57,48,63,50,40,30,36,56,47,51,58,13,14,33,15,11,37,61,12,31,20,23,18,42,0
31,3,40,10,9,32,59,48,57,52,21,38,60,0,61,2,15,53,35,41,12,26,4,34,1,23,17,47,43,49,8,18,33,19,36,24,37,13,28,22,39,54,14,27,6,5,16,58,46,30,55,51,20,45,50,62,29,7,11,63,25,44,42,56
52,40,12,61,39,56,37,2,47,27,35,55,15,58,51,16,44,49,50,59,36,22,57,60,24,48,5,53,20,8,19,42,41,33,25,13,62,29,34,38,1,3,11,45,43,54,18,6,63,31,17,9,4,21,30,23,0,14,28,10,7,26,32,46
36,14,11,6,17,51,29,53,0,59,44,50,24,48,34,1,60,2,31,15,22,61,54,63,57,12,4,52,46,26,28,56,8,30,19,25,20,21,16,10,27,42,3,32,49,38,55,41,5,47,18,33,13,39,43,45,35,7,9,23,37,40,58,62
51,43,18,29,45,5,28,36,35,49,27,10,3,42,40,0,54,52,55,2,50,53,39,19,48,62,44,11,46,38,34,20,59,16,61,8,25,6,1,14,24,15,13,12,9,4,33,56,37,41,32,47,7,17,63,22,31,23,60,26,21,57,58,30
44,31,10,19,46,47,1,30,14,45,26,8,54,12,24,37,21,13,6,58,25,16,57,5,59,55,48,63,38,18,42,49,53,60,34,2,35,7,3,36,56,40,52,17,43,33,61,51,4,20,41,39,28,29,9,32,62,22,27,23,15,0,50,11
5,4,45,18,27,11,29,56,32,33,10,41,8,59,23,60,22,54,46,42,47,53,31,61,13,0,24,48,37,3,62,57,50,35,55,26,51,20,19,15,9,6,25,28,7,38,14,2,44,34,17,52,1,36,39,30,63,16,21,58,49,43,12,40
39,2,27,16,51,53,59,49,47,35,40,62,12,4,33,38,5,15,18,42,29,26,3,52,23,45,21,19,11,54,0,63,46,6,20,13,30,61,44,34,48,8,24,41,9,17,14,32,25,28,37,36,31,22,1,60,56,43,7,57,58,50,10,55
49,43,62,13,48,32,26,24,27,15,2,19,41,8,44,21,58,46,1,54,31,35,5,57,14,55,11,34,25,47,18,52,4,3,45,42,28,17,7,0,20,29,51,59,61,30,10,60,37,6,22,63,12,53,16,23,40,33,50,56,9,38,39,36
30,41,61,63,62,36,17,39,14,54,57,29,19,55,27,23,10,49,7,2,11,56,3,44,6,34,33,12,31,38,35,4,16,58,28,9,48,42,46,53,52,26,15,24,47,13,21,59,8,43,45,60,51,5,20,18,25,32,50,22,40,1,0,37
8,12,63,33,60,16,32,58,15,57,22,46,24,31,10,43,54,27,59,34,29,56,3,20,0,13,6,35,25,30,9,61,5,51,50,21,55,52,62,17,1,37,39,42,23,44,40,19,26,2,11,48,45,18,4,41,53,7,28,36,14,49,47,38
12,54,55,17,56,57,20,60,6,25,52,37,48,49,0,16,34,14,19,9,42,26,28,59,41,8,38,1,4,10,43,51,39,18,50,40,7,29,36,22,30,44,5,58,27,35,62,31,11,33,15,53,23,46,13,45,63,24,21,2,3,61,47,32
19,13,1,48,29,15,18,11,61,35,42,49,51,40,45,5,59,38,54,24,41,23,46,12,32,52,58,22,27,4,21,20,8,3,39,17,44,7,60,63,28,9,55,53,62,50,36,2,25,6,14,47,16,43,26,10,0,30,34,57,33,56,31,37
14,7,35,55,22,24,6,12,9,1,38,26,54,48,16,41,62,52,33,34,2,21,10,31,60,5,42,13,29,0,56,53,8,43,58,40,36,50,25,15,45,11,47,27,3,4,32,44,49,51,37,39,57,61,46,63,17,23,18,19,59,20,30,28
25,53,20,7,43,23,29,26,61,2,0,3,17,62,5,15,28,57,39,37,13,35,58,40,8,30,34,46,14,31,60,63,55,36,18,45,24,6,19,11,56,50,21,47,32,41,10,49,4,12,22,59,27,16,33,38,42,48,51,44,9,52,1,54
62,13,2,51,56,22,28,19,63,4,18,10,15,58,17,27,57,45,14,5,35,21,31,38,26,50,24,53,46,0,36,55,29,54,9,47,61,40,44,49,25,7,23,52,1,30,42,20,33,16,34,12,37,43,32,3,60,8,6,11,59,41,48,39
14,30,52,37,27,42,62,49,35,20,51,7,17,58,8,57,50,1,2,60,29,10,36,0,28,63,47,21,43,46,23,41,4,40,18,53,6,25,5,39,34,24,38,22,48,31,3,45,16,11,59,13,9,32,44,19,33,55,15,12,26,61,54,56
42,38,53,9,15,23,37,35,3,62,45,20,26,46,19,33,17,48,5,49,8,6,31,44,7,2,54,58,16,14,51,63,24,36,40,25,4,10,11,22,61,32,29,59,13,28,21,1,41,0,57,12,50,39,43,34,18,56,30,27,47,55,52,60
47,26,44,59,32,33,60,9,16,43,6,48,52,0,24,58,46,37,61,42,35,62,56,50,19,55,63,41,17,45,13,12,11,53,27,15,7,1,28,29,39,20,8,10,18,21,36,54,38,3,34,30,5,22,25,14,51,57,49,23,40,4,2,31
63,35,32,8,60,62,58,38,44,29,3,23,2,50,57,39,21,6,59,54,45,56,52,61,16,5,13,33,37,53,27,47,20,49,9,12,30,43,7,24,18,0,42,46,1,55,28,4,40,19,25,22,11,31,41,51,15,26,17,48,14,36,34,10
15,63,28,62,37,31,48,16,20,50,17,52,26,54,25,43,55,61,0,6,4,57,27,41,11,59,46,19,18,34,21,7,30,2,53,45,58,42,24,12,32,47,38,8,49,3,51,5,29,22,9,40,13,33,60,23,10,36,56,1,14,39,35,44
25,61,43,20,6,19,12,16,39,60,41,29,33,17,34,44,48,49,58,59,8,28,3,35,7,51,45,11,24,21,31,0,55,40,50,62,54,18,2,26,30,10,1,5,13,4,32,47,27,14,22,9,63,52,36,42,37,46,56,15,23,53,38,57
3,41,38,53,15,50,22,36,61,39,59,26,45,23,9,6,32,55,16,34,46,51,63,31,56,28,44,11,43,5,21,0,30,13,19,2,49,40,17,24,20,35,60,62,47,48,37,12,57,10,29,25,4,58,14,33,18,54,42,8,7,1,52,27
29,63,6,28,5,11,47,25,46,57,38,23,41,4,51,52,43,42,21,37,26,19,7,18,22,54,3,32,2,0,24,34,27,45,39,61,36,31,59,8,9,53,62,33,16,60,50,17,13,12,56,10,20,48,40,58,14,35,1,15,44,30,49,55
52,0,21,61,56,32,22,30,33,3,9,6,31,17,35,10,38,14,24,29,55,53,43,47,60,54,26,7,45,2,15,40,50,36,42,44,11,25,5,27,34,37,51,41,13,48,8,49,1,62,23,63,46,18,57,28,39,4,16,19,59,20,12,58
49,27,56,42,55,2,59,41,45,39,9,19,13,26,50,46,4,57,38,30,34,12,29,63,15,0,18,54,52,35,8,3,5,22,33,7,28,20,58,14,31,10,1,21,43,44,48,32,6,36,16,51,24,53,37,47,23,62,25,11,17,61,40,60
27,40,3,50,47,51,37,54,32,21,20,15,1,35,57,6,34,41,30,55,8,43,31,61,5,60,62,18,4,28,63,52,11,13,48,23,59,49,53,58,56,12,29,17,26,22,38,14,2,39,0,7,33,19,46,45,10,24,44,9,36,16,25,42
31,4,63,24,38,23,15,39,16,55,30,25,40,0,9,37,11,51,54,1,48,7,10,20,52,3,26,35,61,62,29,28,18,22,19,50,60,45,49,2,34,46,33,21,27,41,58,44,56,5,57,47,42,36,17,43,14,12,6,53,32,59,13,8
49,15,23,39,60,13,18,40,7,31,28,20,0,12,35,44,26,34,6,8,61,25,16,43,53,63,54,45,21,10,55,24,46,36,47,29,48,33,56,17,27,41,14,19,4,5,52,59,9,50,11,58,38,32,3,22,1,62,30,51,2,37,57,42
49,60,4,0,33,58,46,57,55,15,62,10,61,51,54,40,26,14,47,19,18,52,2,44,16,37,41,13,50,27,30,59,3,24,9,53,22,21,17,28,38,23,42,8,34,1,36,29,11,39,12,31,63,5,32,35,7,48,6,45,20,25,43,56
53,39,14,30,16,38,48,3,5,40,6,60,37,24,19,23,34,35,1,56,12,42,54,7,20,33,8,18,2,9,36,29,28,51,22,59,21,44,10,32,49,15,27,46,43,52,57,25,47,55,0,17,50,31,4,61,11,41,13,45,62,58,26,63
34,17,49,42,13,0,35,39,12,44,27,50,32,38,47,48,55,23,9,28,2,10,40,59,24,57,30,18,29,26,41,7,46,6,19,8,51,25,43,21,63,54,60,52,61,56,20,22,37,14,58,3,53,31,36,33,11,62,16,4,45,15,1,5
26,27,57,53,60,37,40,24,52,8,44,49,51,1,7,59,56,12,9,63,31,42,34,18,14,13,43,10,36,30,5,21,28,2,35,29,6,0,58,47,50,25,23,32,16,20,33,11,46,55,61,62,19,48,17,38,15,4,3,39,41,54,22,45
29,5,12,51,37,19,60,59,25,56,18,15,24,14,54,41,6,42,61,7,8,38,31,23,44,33,30,9,34,50,26,53,13,27,47,20,39,11,46,40,10,17,57,43,35,16,63,3,36,22,32,58,52,48,21,0,45,4,28,62,1,49,2,55
44,53,33,56,17,12,34,25,35,16,13,21,5,19,32,23,2,47,14,62,9,54,55,57,36,10,7,1,60,15,8,30,18,50,24,31,45,40,49,4,52,38,46,58,0,6,43,48,51,28,3,22,61,29,11,39,27,59,37,20,63,41,42,26
5,59,57,31,54,45,13,18,3,47,19,50,16,6,7,63,17,11,25,41,34,0,27,35,23,46,30,38,1,2,8,51,28,42,48,52,29,58,22,21,39,56,55,40,12,20,26,44,24,60,14,9,10,15,37,36,33,62,4,49,53,43,32,61
8,42,53,14,39,12,48,27,54,0,31,49,59,4,5,60,50,51,7,28,19,22,25,40,11,52,21,33,34,46,36,1,38,16,57,45,23,9,56,29,24,15,10,3,18,47,37,55,58,17,13,2,30,20,63,62,32,35,43,6,44,61,41,26
59,7,50,56,62,9,6,55,23,26,47,20,48,41,40,51,54,34,58,10,0,24,38,25,27,16,36,15,39,29,31,8,49,60,2,35,12,32,63,1,45,43,33,14,46,17,3,57,19,21,44,42,22,52,5,28,30,13,53,61,18,11,4,37
32,7,34,62,3,29,11,42,38,16,54,9,40,10,19,61,59,23,46,41,48,45,60,36,52,39,26,21,6,24,30,47,63,58,4,14,18,57,51,0,53,43,33,27,31,15,44,56,50,17,8,2,13,49,20,5,35,55,37,22,1,12,28,25
16,35,40,30,38,36,41,14,50,62,2,9,55,17,11,60,29,5,32,45,26,3,18,28,7,39,6,0,54,47,20,59,56,15,43,44,27,24,23,49,31,53,51,52,46,37,58,42,22,63,21,57,8,34,1,61,33,48,12,25,13,10,4,19
11,49,51,29,34,58,18,16,36,45,22,44,1,38,37,12,50,19,24,5,14,32,42,62,48,2,3,43,8,4,53,28,46,56,0,23,33,55,6,31,57,47,25,41,9,10,13,60,39,20,27,15,52,30,35,61,26,63,59,21,7,40,17,54
19,53,15,26,16,32,56,42,12,38,1,60,52,49,21,39,57,55,59,25,51,62,10,6,36,8,45,17,7,3,30,40,22,11,41,34,20,28,29,37,54,23,5,24,63,2,14,13,50,44,58,35,27,4,33,31,0,47,61,18,46,43,9,48
1,54,11,20,3,5,7,53,4,30,46,50,35,15,37,44,8,31,56,6,14,52,0,32,18,45,25,48,27,38,12,24,23,47,60,17,55,42,29,16,63,51,39,36,28,22,41,43,33,40,26,2,13,61,57,49,34,62,58,59,9,21,10,19
17,6,53,8,38,1,24,20,30,42,11,9,61,36,55,32,60,5,40,35,23,63,34,57,50,10,15,51,56,12,4,58,25,26,31,44,37,33,21,22,16,18,62,27,14,54,41,46,3,43,39,52,29,0,47,2,19,45,49,59,13,7,28,48
56,4,51,39,59,57,63,36,55,13,33,20,42,1,21,12,22,40,53,11,61,3,30,31,25,28,29,43,17,26,18,19,62,32,2,37,7,24,9,5,8,52,16,14,45,15,50,35,60,58,23,34,46,54,41,38,6,47,49,27,10,0,44,48
29,17,5,54,46,21,16,37,6,7,31,3,0,4,24,58,47,9,32,42,1,34,50,59,43,30,62,20,13,19,26,51,39,56,2,28,44,63,49,40,12,52,57,25,45,27,60,11,53,14,8,22,48,33,38,36,41,61,10,18,23,15,35,55
29,14,51,20,60,59,28,36,3,54,37,30,50,49,10,41,61,2,16,25,39,13,15,46,33,42,44,38,56,17,19,57,24,31,23,27,62,0,52,55,63,21,35,7,40,12,48,47,58,8,9,11,32,18,6,5,34,45,1,26,4,43,53,22
33,40,18,19,14,16,26,63,43,53,34,37,24,58,17,32,60,2,0,4,21,52,42,28,7,13,55,6,45,8,54,62,41,31,27,10,12,29,20,49,36,3,5,44,59,57,11,61,38,50,56,46,47,22,9,15,39,25,1,51,23,48,30,35
44,17,61,37,42,21,51,2,49,11,24,16,53,48,33,8,36,26,13,59,43,5,34,20,28,54,14,30,31,39,4,22,15,18,60,3,6,62,57,50,52,32,56,40,25,12,9,1,63,27,29,7,23,47,41,55,19,46,10,0,58,35,45,38
40,63,37,51,43,38,3,49,54,28,46,47,42,29,16,56,20,41,1,36,61,7,6,27,21,50,12,23,26,31,17,44,35,5,45,32,58,2,13,48,18,33,22,30,34,19,52,39,0,62,57,15,8,60,55,24,9,10,59,11,4,14,25,53
30,10,31,33,32,25,17,60,34,50,3,8,47,27,48,29,6,61,63,55,59,49,51,22,7,2,19,39,35,21,40,28,0,20,24,62,26,37,23,52,12,16,44,36,56,9,43,14,18,13,46,1,11,58,45,53,42,5,4,38,54,57,15,41
61,13,7,51,58,47,19,25,9,27,4,41,37,23,56,43,31,11,39,5,52,38,10,62,54,63,20,50,40,0,30,2,21,3,45,42,12,60,29,17,59,53,24,14,15,32,49,48,36,35,57,26,33,22,6,8,34,16,28,44,18,46,55,1
29,16,27,60,44,6,10,37,32,56,0,41,2,7,43,49,47,11,58,30,28,39,45,22,26,34,1,23,12,55,18,20,54,9,5,31,33,40,46,62,25,17,53,35,21,50,63,24,13,19,38,52,57,15,48,42,4,3,36,14,51,61,59,8
24,33,37,20,27,16,55,43,26,34,36,53,0,41,9,54,6,48,21,29,40,44,49,5,32,58,15,42,52,46,50,56,4,63,11,35,31,61,17,19,60,8,1,18,47,13,10,51,25,30,39,14,22,28,45,2,59,57,3,23,7,12,62,38
27,7,54,14,60,61,37,57,33,58,47,41,10,16,15,38,48,17,31,28,2,8,52,34,59,9,56,19,30,18,43,4,45,5,22,51,32,63,24,13,3,44,35,46,12,11,25,49,1,36,26,55,6,21,39,0,53,50,62,23,40,42,29,20
3,38,2,46,48,41,42,33,10,7,36,52,9,54,28,35,5,1,59,37,26,8,40,39,0,18,56,61,49,13,17,21,60,29,24,45,20,55,19,4,50,43,51,6,22,23,34,16,14,57,47,12,11,25,62,63,32,27,53,15,58,44,31,30
42,48,43,40,47,59,60,46,45,41,15,38,29,26,53,6,23,55,11,14,16,0,39,27,35,57,52,22,37,2,63,13,7,5,36,21,4,18,31,20,10,1,8,24,30,54,33,9,61,12,51,32,58,25,44,56,3,19,49,62,17,34,50,28
11,36,16,39,18,2,3,55,52,61,29,53,22,54,26,15,4,56,8,62,21,47,60,48,44,38,17,31,33,7,24,59,41,5,9,6,40,0,34,51,37,25,57,13,27,28,19,63,20,49,42,35,32,1,58,43,46,23,45,50,14,10,30,12
52,16,42,39,43,24,8,35,62,4,59,58,7,19,28,5,29,9,21,17,53,6,0,54,40,25,15,2,48,33,23,22,34,18,44,11,45,3,13,31,56,49,10,1,27,57,30,20,47,50,61,14,36,46,60,51,41,26,63,38,12,37,32,55
17,33,40,38,9,62,52,5,7,55,43,23,47,58,39,10,56,36,2,48,42,44,26,20,35,27,34,8,14,4,1,13,59,15,31,6,0,19,3,28,25,12,21,16,60,50,29,51,49,53,32,46,22,61,45,63,11,54,30,18,57,24,41,37
9,11,8,33,3,52,36,13,56,12,63,62,20,22,26,57,49,39,30,45,24,51,1,5,34,55,41,14,60,7,58,2,42,38,37,29,27,50,19,17,31,61,59,6,47,0,18,16,21,44,54,40,23,25,53,48,15,4,32,10,35,43,28,46
1,12,5,6,56,40,60,15,8,62,19,0,4,42,29,35,37,53,51,39,22,28,2,9,11,25,34,33,45,36,55,48,21,24,61,58,26,7,14,13,32,10,59,43,38,50,23,30,46,44,47,31,20,54,18,57,41,16,27,3,52,49,63,17
58,29,45,37,40,35,3,55,61,52,7,16,28,43,47,24,27,6,20,50,5,19,46,49,63,15,53,41,60,42,14,31,0,8,4,10,22,39,57,48,30,13,56,59,26,54,17,21,12,18,36,62,51,23,32,33,2,25,9,44,1,34,38,11
21,24,14,56,5,47,52,48,55,50,36,19,63,39,9,1,10,11,15,34,18,37,54,28,35,25,29,43,31,8,61,46,3,4,59,20,33,27,2,41,17,57,16,26,40,49,30,32,0,44,6,60,62,58,53,23,22,7,38,45,42,13,51,12
4,3,2,39,38,49,8,1,34,25,19,62,28,53,61,51,13,12,5,48,16,56,30,21,32,22,9,35,41,27,31,24,36,57,6,44,42,0,37,20,17,15,26,23,54,55,10,58,50,33,45,14,63,18,60,7,59,40,52,29,11,46,47,43
16,56,30,55,25,9,31,26,7,46,35,11,36,45,22,24,27,17,39,19,40,13,18,57,33,60,21,34,6,32,61,12,44,42,1,20,2,4,29,48,50,58,59,41,51,38,37,47,63,8,10,53,15,23,43,3,52,54,0,14,62,28,49,5
46,29,41,24,7,0,1,21,15,56,5,20,50,2,54,61,58,6,47,44,27,51,35,31,18,52,30,10,49,39,59,40,16,37,9,13,25,28,38,53,4,33,34,48,57,11,36,8,14,43,62,22,3,42,60,32,12,23,17,45,19,55,26,63
13,29,32,31,56,58,44,25,26,50,18,22,57,41,24,51,46,8,39,10,38,61,63,52,48,36,40,0,3,20,30,1,19,14,37,42,5,23,28,34,11,60,9,16,6,59,45,12,27,21,35,4,55,43,2,53,49,17,47,15,7,54,62,33
19,34,47,59,40,5,57,28,49,37,21,52,12,50,61,29,16,15,53,44,2,55,42,35,31,48,18,60,41,63,33,14,27,8,6,25,39,58,11,54,10,36,23,38,0,4,62,24,20,3,45,1,17,30,46,13,43,32,22,26,51,7,9,56
13,34,55,37,33,56,1,12,23,17,45,32,44,52,20,15,27,24,39,60,0,8,16,25,53,62,41,2,18,47,50,30,14,29,28,49,26,38,6,31,40,58,35,5,54,4,46,63,42,11,22,43,57,9,59,3,21,10,19,7,51,36,48,61
43,32,21,52,54,10,42,60,14,57,44,35,33,27,49,7,40,31,29,15,16,8,19,37,26,47,46,17,18,6,39,50,55,59,53,25,51,4,13,23,5,63,12,58,3,0,45,62,61,34,28,24,20,56,30,41,22,48,38,1,2,36,9,11
36,9,45,49,14,31,30,21,0,51,40,46,50,26,1,41,11,42,58,48,37,3,33,6,27,25,55,24,19,4,38,12,29,5,18,2,23,60,15,44,20,57,54,59,39,61,53,28,10,34,17,35,47,13,62,8,52,22,43,7,16,32,63,56
56,32,35,44,24,53,25,55,41,19,9,13,7,12,47,14,45,40,46,23,60,4,18,29,38,33,42,37,48,21,30,11,0,16,2,27,54,6,20,26,15,57,8,31,49,28,3,34,58,10,1,52,63,61,36,59,51,5,43,39,22,17,62,50
49,28,42,61,21,2,23,22,36,46,5,41,13,24,52,11,57,12,58,10,31,1,15,9,60,26,53,48,4,55,25,14,47,30,29,32,63,19,40,50,17,38,6,16,34,44,51,35,45,33,27,20,18,56,7,39,43,8,62,37,59,0,54,3
48,34,38,58,57,12,24,10,54,21,39,27,41,23,1,44,61,30,47,59,45,31,11,49,4,53,17,56,20,51,29,35,33,13,28,52,18,36,0,2,40,14,60,15,32,8,16,42,50,6,37,5,55,46,63,19,43,62,22,26,9,25,7,3
13,62,15,53,52,19,50,63,48,56,18,8,47,22,10,5,34,3,30,54,0,41,29,2,49,58,36,33,46,27,20,31,6,57,37,1,39,24,21,45,11,44,42,51,9,59,32,38,23,25,35,55,61,26,14,7,60,4,28,17,43,16,12,40
61,39,11,9,53,14,57,42,51,54,60,43,17,36,30,22,63,32,35,25,58,23,62,18,37,8,10,27,46,31,52,3,44,20,16,40,2,13,45,41,48,49,33,6,38,0,29,1,4,15,21,50,12,47,28,5,19,56,55,34,26,24,59,7
20,25,57,13,23,16,48,28,0,31,63,55,61,5,38,2,53,52,42,21,12,10,54,51,39,46,18,8,49,27,58,22,33,43,7,34,41,6,35,37,19,15,24,11,14,45,30,44,17,26,59,9,1,40,47,60,62,29,50,4,36,56,32,3
20,9,26,45,34,42,36,35,17,21,37,63,33,5,24,54,47,2,10,53,15,44,58,19,4,18,16,49,23,3,13,6,62,56,40,57,28,43,39,31,59,22,50,1,27,52,11,61,32,38,25,12,41,55,0,14,46,7,30,48,8,29,51,60
1,54,23,34,51,35,31,41,61,7,17,10,44,45,0,13,53,19,26,49,27,39,24,20,6,60,21,57,50,25,29,37,3,2,33,18,55,8,43,52,46,5,62,59,28,9,22,42,48,32,47,14,63,15,12,58,16,11,30,36,4,56,40,38
55,34,61,36,18,44,15,39,54,42,5,14,52,6,32,4,47,33,3,21,12,53,59,22,51,38,0,16,9,23,11,27,41,56,25,29,50,17,49,43,35,13,30,62,48,45,8,24,40,31,26,20,28,58,1,57,2,19,10,7,46,37,63,60
39,32,55,13,17,56,37,0,9,23,43,47,22,52,38,31,24,40,57,33,48,25,51,49,28,34,7,19,12,45,8,16,3,11,15,1,14,29,58,63,35,10,59,61,30,26,18,53,4,5,41,60,6,44,50,54,20,46,42,2,36,62,27,21
11,17,61,43,42,32,5,62,51,63,28,59,14,10,35,13,36,41,0,30,49,50,4,58,1,60,3,24,8,38,29,54,21,27,56,37,15,33,26,39,48,46,31,53,40,25,23,45,52,16,34,47,2,12,19,44,9,55,6,20,57,7,22,18
19,2,54,61,22,21,12,24,23,56,10,30,42,50,45,11,14,13,63,31,40,25,43,4,9,35,27,51,59,62,46,33,6,57,20,48,0,7,60,37,26,16,53,52,8,17,28,58,44,18,3,34,49,1,41,15,29,32,47,39,36,5,38,55
62,30,39,53,57,0,54,17,11,52,34,58,23,13,26,63,16,29,44,55,9,2,60,33,28,46,45,40,15,19,24,51,12,48,38,1,6,59,18,14,4,10,7,61,37,21,25,5,3,22,32,41,20,56,35,50,31,47,8,43,36,42,49,27
21,54,43,33,17,20,41,32,40,5,55,59,52,31,11,29,3,50,35,42,4,14,27,15,24,37,18,7,45,26,10,22,53,28,1,58,12,62,60,61,9,51,13,49,56,25,63,19,46,48,39,57,36,6,2,34,44,23,38,8,47,30,0,16
1,31,39,22,56,41,37,13,59,32,20,49,10,8,46,54,61,3,6,62,0,4,12,38,9,63,50,17,2,48,34,30,14,55,29,57,27,7,47,19,11,5,44,51,58,42,40,53,18,33,60,16,36,43,24,28,25,21,45,52,15,35,23,26
43,37,38,16,58,33,59,25,27,4,15,8,24,22,9,63,44,55,2,41,7,30,14,18,50,49,12,53,29,40,54,6,62,20,17,36,10,47,52,28,45,11,60,0,5,3,19,26,34,56,51,42,23,13,21,1,48,39,32,57,35,46,61,31
3,45,41,57,55,24,17,51,21,47,32,9,5,35,8,20,37,1,38,42,34,27,31,29,49,12,61,10,56,33,0,52,19,53,15,40,23,18,36,26,59,28,58,6,7,30,48,44,62,54,4,39,14,60,13,46,16,11,2,22,50,43,63,25
53,38,20,41,62,16,27,50,51,29,0,48,31,58,52,34,44,7,54,60,61,35,47,40,37,4,3,23,55,1,24,19,9,32,36,17,57,45,26,18,46,14,6,22,59,2,43,63,28,56,33,42,13,5,25,12,8,10,49,15,21,11,30,39
39,38,9,6,5,42,50,18,21,44,23,58,37,53,45,35,2,57,30,48,51,12,7,36,47,28,49,55,31,40,1,59,4,46,62,15,20,61,32,56,13,14,19,10,34,8,52,27,0,16,33,54,24,3,25,26,11,43,60,41,17,22,63,29
60,8,13,6,42,47,56,18,26,34,31,38,36,17,30,27,50,5,43,39,19,25,58,9,14,32,48,22,57,53,7,51,4,16,21,24,54,12,28,20,33,23,49,1,29,2,35,3,10,59,62,15,11,41,0,52,45,63,44,46,61,40,37,55
34,2,17,56,26,11,43,55,25,41,57,62,36,45,18,60,53,7,30,49,22,20,21,37,54,5,51,23,39,46,50,61,10,28,40,31,1,47,35,3,0,19,13,16,59,48,52,8,33,14,42,32,63,6,4,24,9,29,38,58,44,15,27,12
13,31,46,9,14,17,18,2,62,50,5,58,15,33,60,44,53,45,26,63,11,3,7,37,28,51,54,1,12,34,57,29,35,16,22,25,52,49,10,61,20,59,24,27,8,42,4,56,6,0,32,41,21,38,30,19,48,36,47,39,23,55,40,43
7,43,60,5,15,34,37,35,30,16,27,52,18,46,17,22,54,61,63,2,40,23,47,12,28,11,25,6,49,9,31,44,19,39,4,3,33,1,21,10,56,24,14,58,20,42,51,36,13,38,62,41,48,55,32,8,59,0,57,53,26,45,29,50
43,25,19,35,34,22,28,41,53,1,29,58,54,55,9,38,50,39,24,42,40,2,20,60,14,62,26,27,61,48,52,63,45,0,36,4,56,17,5,49,18,21,23,37,44,15,12,57,11,47,31,16,3,8,10,6,7,51,30,59,13,32,33,46
33,9,37,28,46,0,36,50,17,4,61,13,54,34,29,63,38,57,21,26,31,53,39,8,30,59,14,25,10,52,24,58,1,2,51,23,43,45,18,44,32,27,41,42,3,6,48,19,7,12,5,16,35,47,11,60,22,56,49,20,62,40,15,55
23,55,1,34,62,46,51,58,21,49,63,31,43,15,47,9,59,5,50,35,11,41,16,33,12,38,22,36,48,26,54,29,13,30,52,32,25,6,4,10,42,0,17,24,56,20,53,28,2,39,37,3,40,27,19,8,57,18,61,14,7,44,60,45
8,27,47,34,19,2,15,7,23,31,42,52,18,20,39,30,28,13,45,55,56,35,11,36,40,16,6,17,5,4,9,1,0,60,10,32,51,38,14,53,33,24,61,57,54,63,12,49,29,58,48,37,3,26,41,25,62,21,22,44,50,43,46,59
62,41,8,56,27,23,54,17,48,10,3,38,58,1,24,2,11,14,40,15,34,33,42,26,60,13,22,7,44,50,55,43,12,18,46,21,9,36,32,16,5,6,30,20,52,35,51,61,59,28,39,45,63,31,19,4,47,53,0,37,25,57,29,49
27,23,18,21,17,38,39,63,48,40,22,5,43,44,6,45,1,42,12,53,46,8,16,58,14,51,32,47,15,56,7,57,37,4,31,49,36,11,3,62,24,50,34,20,54,52,25,2,13,9,55,35,29,59,61,33,10,28,26,41,30,19,60,0
27,6,25,13,44,10,55,38,9,17,18,47,48,31,0,46,16,40,37,29,51,43,59,62,14,34,12,3,20,32,45,42,54,19,36,50,2,60,63,8,5,33,28,15,23,30,56,26,58,21,4,1,7,35,24,11,39,53,57,49,61,41,52,22
9,22,8,25,18,57,38,37,7,61,44,13,52,5,12,49,16,32,23,24,55,56,0,51,59,2,45,15,63,33,35,4,10,30,31,28,21,34,47,46,11,62,60,39,27,53,43,29,58,41,3,20,26,48,36,50,19,17,42,40,54,14,1,6
39,61,58,36,22,0,1,4,50,42,28,18,27,14,7,26,43,8,54,40,34,25,37,33,5,56,2,29,10,59,60,24,49,45,41,12,20,17,47,52,63,19,11,13,6,21,38,55,9,16,57,44,32,53,15,3,35,31,48,46,30,51,62,23
35,51,23,10,11,44,28,2,46,34,7,59,41,61,53,12,43,8,21,60,50,6,20,48,3,26,29,25,22,31,16,0,9,47,45,19,62,14,42,54,37,5,58,18,1,49,57,17,52,27,4,33,15,30,63,39,40,36,55,13,38,56,24,32
42,40,33,41,25,63,54,61,49,13,23,34,60,18,11,6,12,58,55,22,47,53,14,21,31,19,8,62,20,57,39,45,9,16,51,48,7,59,4,28,2,37,36,5,27,30,38,17,15,44,56,52,1,26,35,24,43,0,50,46,10,3,32,29
2,60,32,28,14,27,57,12,42,30,50,33,6,53,39,20,43,18,62,35,40,13,59,5,52,0,22,24,9,3,49,10,44,63,4,8,38,31,47,56,58,34,41,37,45,55,36,16,17,7,54,61,23,29,26,21,11,25,51,48,15,1,46,19
38,3,20,8,21,4,55,6,36,11,52,7,25,31,5,14,45,57,54,29,12,40,19,0,50,24,41,28,62,59,18,44,30,58,22,56,53,17,16,13,51,2,60,10,26,47,35,23,33,9,15,48,37,43,34,39,1,61,46,42,49,32,27,63
11,27,30,4,58,31,12,46,9,10,5,2,33,49,55,18,52,51,37,19,38,13,59,25,29,60,1,41,16,56,26,62,17,8,53,34,15,22,24,3,39,47,35,57,32,6,50,14,63,40,54,21,42,36,7,61,43,23,48,20,0,45,44,28
54,20,21,40,58,63,39,56,61,17,48,1,38,22,14,55,57,5,49,50,46,29,35,60,8,41,11,2,10,59,52,32,43,7,23,51,19,24,37,33,12,4,0,15,30,45,28,16,31,27,36,34,26,9,6,47,62,53,25,13,18,44,42,3
58,35,60,37,11,38,59,27,3,33,25,16,53,15,8,12,19,22,10,40,34,63,4,56,32,50,46,24,41,23,48,14,49,0,29,45,54,20,5,1,42,28,13,21,61,18,6,17,52,31,7,39,47,55,30,51,26,62,43,9,44,2,57,36
54,34,40,8,58,6,9,51,15,35,43,33,10,36,3,48,46,62,2,56,59,26,11,5,47,57,23,29,60,4,37,63,52,49,14,44,30,7,18,45,53,28,13,12,32,41,17,50,24,31,0,27,61,42,21,19,22,55,20,25,16,39,1,38
15,41,19,50,10,18,14,7,33,8,13,56,55,44,34,27,49,31,37,22,6,17,54,48,62,3,58,11,9,45,24,1,21,60,4,52,39,30,61,2,46,5,36,35,38,16,32,29,43,20,23,59,25,12,40,42,63,28,53,57,47,0,26,51
27,19,36,44,26,3,56,33,17,49,11,37,43,46,1,0,25,2,50,39,52,30,61,18,62,38,55,58,15,35,6,45,20,57,34,22,51,13,14,31,7,10,47,12,60,48,32,54,40,5,24,9,23,29,53,41,63,21,4,28,16,59,8,42
41,33,3,50,0,26,5,59,49,31,36,51,35,15,23,55,18,10,42,60,13,52,47,62,21,28,38,6,57,12,24,2,61,17,43,1,25,11,53,56,54,45,46,7,37,22,4,40,16,58,39,44,14,63,19,20,9,29,34,8,48,30,32,27
11,13,50,0,3,16,32,59,17,37,55,18,47,22,26,43,58,56,60,38,24,39,7,63,29,5,14,35,42,10,21,33,28,23,49,41,8,2,52,25,9,1,57,54,61,40,12,30,34,51,45,62,36,4,19,31,44,15,48,27,53,20,6,46
48,23,25,32,45,28,20,50,58,37,40,5,47,14,15,51,22,3,30,39,38,49,53,26,56,63,4,1,52,54,55,8,34,62,33,2,17,29,43,35,7,18,16,9,31,0,19,12,61,59,6,36,10,57,42,24,27,46,60,44,13,11,21,41
57,44,30,10,53,55,60,47,24,48,5,16,36,2,14,37,19,26,63,46,7,23,59,62,27,12,0,20,49,6,52,54,1,58,13,33,56,28,21,43,3,39,32,17,41,8,9,31,38,40,34,51,35,4,18,61,22,25,45,42,11,15,50,29
23,9,34,42,63,8,52,27,29,39,10,18,21,51,6,44,11,16,24,60,57,54,1,4,35,47,25,20,62,46,38,45,3,30,50,48,28,43,19,58,41,15,56,26,59,17,31,55,12,32,53,61,2,22,37,36,5,33,14,7,49,0,13,40
10,5,53,40,35,44,47,26,43,58,33,36,32,59,3,49,8,45,60,21,0,34,63,9,18,31,46,51,61,7,25,16,22,52,30,19,15,54,28,1,24,13,11,62,42,39,2,55,17,38,14,37,23,12,4,29,50,57,48,20,27,6,56,41
34,59,23,28,22,57,5,24,61,11,37,30,54,46,51,20,58,48,0,52,15,41,27,32,17,38,47,44,12,7,33,43,62,13,2,45,14,19,53,36,4,40,26,3,50,25,31,56,35,29,21,42,10,49,1,60,8,18,39,6,16,9,55,63
55,60,63,46,9,40,30,32,12,34,51,2,20,8,16,18,28,49,56,11,4,52,24,58,35,45,39,29,44,53,19,36,59,50,21,33,5,43,37,13,17,14,15,26,57,0,7,27,6,62,48,25,47,1,22,23,61,3,31,38,54,10,42,41
56,21,48,61,2,34,7,60,35,24,19,55,14,45,4,11,25,41,50,53,39,18,37,12,20,33,9,29,38,44,13,17,3,59,27,22,58,32,15,51,36,49,43,26,6,63,16,23,42,54,1,47,40,62,57,46,30,28,0,52,31,8,5,10
38,44,24,26,6,40,28,45,17,23,25,10,56,53,43,19,47,15,62,49,63,30,12,7,4,52,55,31,51,57,18,50,48,14,59,27,32,2,37,8,9,20,54,33,58,13,60,39,1,5,16,36,11,21,41,34,46,22,42,35,61,29,3,0
9,36,0,35,24,50,42,18,54,38,44,45,7,25,5,3,62,4,13,60,32,19,31,47,51,58,22,49,63,17,6,37,10,55,15,53,33,29,39,59,52,1,11,46,12,43,26,40,30,8,56,57,16,23,21,48,27,20,28,14,61,2,41,34
60,2,61,42,21,39,34,62,48,38,43,33,3,11,37,16,10,15,45,32,20,1,35,13,23,4,17,46,28,44,31,8,57,47,26,63,6,29,41,50,12,56,5,30,49,9,58,19,36,14,52,7,18,22,51,55,0,24,25,54,27,40,53,59
52,62,47,11,51,21,7,63,59,19,42,58,15,60,40,9,16,43,41,12,10,14,4,50,23,49,18,53,3,29,32,25,28,26,57,37,55,1,35,13,46,33,45,34,56,61,0,30,54,17,6,24,2,39,8,5,22,31,48,44,38,27,20,36
40,8,63,58,1,54,7,28,27,44,33,62,41,56,2,61,48,13,34,30,17,47,15,31,29,9,11,51,49,50,5,38,6,60,21,53,43,59,18,25,22,14,39,16,45,3,10,57,46,52,32,55,12,20,19,0,26,36,24,37,35,4,23,42
10,45,18,41,57,28,11,60,51,26,39,9,38,56,1,43,30,33,40,62,20,6,50,54,36,59,19,35,48,52,7,3,21,27,29,0,37,14,47,32,31,49,63,53,61,5,8,25,55,2,13,12,44,58,34,42,15,16,24,22,46,17,23,4
50,3,35,36,16,4,19,26,34,57,7,6,41,15,54,11,38,0,14,13,24,29,45,18,48,42,52,8,40,63,55,43,23,30,58,62,17,20,32,39,49,33,10,22,61,59,27,2,60,47,1,5,56,12,51,9,46,53,37,21,28,25,31,44
62,61,28,29,60,11,33,5,31,18,27,36,32,51,10,2,59,43,8,14,42,40,47,54,1,44,22,55,38,25,20,39,3,57,58,26,4,45,30,46,13,41,17,7,23,0,53,12,50,9,34,21,24,52,48,19,6,15,49,63,56,35,37,16
20,44,3,40,34,19,50,6,62,47,52,22,0,41,59,57,43,63,8,11,16,1,4,33,29,49,35,38,27,55,18,2,56,48,51,54,60,28,12,32,37,46,13,15,61,24,26,53,45,42,17,14,7,21,36,58,30,9,25,10,39,31,5,23
11,21,1,58,26,31,27,60,13,18,8,24,54,37,56,22,51,59,16,46,20,15,53,30,19,35,12,57,0,17,4,48,6,62,63,40,3,10,33,43,25,47,42,14,50,7,29,49,23,39,36,28,38,2,44,61,55,52,5,34,32,9,41,45
14,5,17,63,18,42,24,12,36,11,28,37,22,19,1,62,27,8,31,56,21,38,45,6,32,10,25,58,34,4,49,23,46,40,16,41,15,59,53,30,39,54,33,35,0,47,29,48,3,50,57,55,52,60,2,7,13,9,26,51,43,20,61,44
29,30,13,23,9,3,41,51,4,19,62,11,63,31,58,20,18,61,44,49,24,28,50,21,47,39,14,17,16,48,33,35,55,22,6,26,10,0,12,2,25,1,57,5,56,15,27,60,46,36,32,37,54,34,45,53,7,42,43,59,52,38,40,8
55,41,50,42,44,46,38,45,58,52,35,1,0,24,54,18,15,28,62,17,33,60,34,12,30,36,32,49,4,11,21,8,43,37,27,53,48,9,23,22,25,19,13,63,29,61,3,7,16,5,47,57,51,26,10,59,20,2,31,40,56,14,6,39
53,56,41,50,54,9,17,22,57,29,0,19,42,51,21,34,24,47,11,27,15,52,35,46,45,6,3,44,18,5,2,38,31,61,37,63,4,28,62,30,25,48,1,8,13,55,33,36,49,20,23,16,7,60,10,39,59,32,14,58,43,12,40,26
44,59,16,50,49,42,62,24,17,35,41,6,43,60,52,14,18,27,7,38,31,11,48,34,29,13,25,45,54,19,36,3,30,46,55,8,21,53,23,2,39,12,10,47,22,20,37,4,61,0,58,33,51,32,57,28,5,26,9,40,1,63,15,56
9,33,50,16,51,20,63,4,28,46,31,29,62,58,26,27,53,37,19,1,44,10,17,12,8,32,60,14,43,49,38,23,61,41,5,56,57,45,2,3,35,6,42,22,59,52,24,30,48,11,40,47,39,7,21,25,55,34,18,15,13,0,36,54
58,24,8,43,14,46,52,29,62,11,4,30,20,1,38,28,40,63,37,18,17,49,2,0,44,33,56,55,19,50,13,21,48,15,60,3,42,59,35,5,61,26,31,7,39,9,41,51,45,6,22,36,34,10,32,57,47,23,25,12,54,27,16,53
23,42,3,0,22,37,56,59,24,62,38,17,29,28,11,47,4,26,14,12,5,16,63,54,34,10,15,21,31,39,30,50,36,13,61,57,43,6,20,25,60,19,46,53,49,8,48,51,44,1,41,18,33,52,32,55,40,58,27,2,35,7,45,9
40,18,9,3,11,19,25,60,59,46,52,5,48,6,15,33,2,12,27,62,21,10,63,4,45,49,38,32,34,0,7,16,53,58,17,57,13,20,30,26,23,44,43,31,51,14,54,1,47,39,42,22,36,55,41,8,28,29,61,37,24,56,35,50
58,49,34,48,45,25,3,54,53,57,15,17,5,21,14,13,7,32,31,50,61,28,51,2,38,22,35,44,60,40,30,19,46,63,20,36,41,43,23,52,1,4,56,8,6,11,55,33,59,42,12,62,37,29,24,0,26,39,18,16,9,27,10,47
51,8,55,10,42,6,19,14,29,7,58,2,56,17,35,57,18,25,60,62,33,12,30,40,1,13,43,26,36,23,3,41,0,47,48,54,24,45,44,31,9,5,32,16,49,37,21,53,50,34,39,46,22,38,4,15,59,52,61,28,63,11,20,27
32,8,11,51,29,40,53,33,24,18,12,5,46,47,62,55,28,22,3,15,35,13,17,26,44,60,30,50,6,36,9,59,19,20,39,27,4,37,45,38,25,2,58,7,31,61,43,10,16,14,0,49,48,23,54,57,41,56,21,63,1,42,52,34
21,18,5,46,52,17,48,35,4,54,0,39,22,10,29,60,27,58,44,53,8,12,13,26,6,15,9,62,14,37,55,41,57,59,38,23,36,3,50,24,45,33,25,42,30,28,34,19,2,1,43,7,32,47,56,63,40,20,61,31,16,11,49,51
39,28,34,29,20,11,33,56,26,45,40,44,55,42,17,60,41,7,47,3,30,63,23,62,5,36,27,52,24,61,48,51,8,38,16,2,35,59,18,31,46,54,0,50,6,9,12,21,15,19,1,57,25,10,43,4,22,53,32,14,58,37,49,13
14,3,13,36,56,10,21,18,54,50,0,43,62,57,5,25,1,60,15,4,20,41,44,63,53,29,51,2,49,58,30,19,16,24,26,9,45,42,40,47,27,34,61,28,7,37,32,46,35,22,11,23,12,39,31,48,17,8,52,33,59,38,55,6
9,22,49,58,50,35,3,47,1,29,57,13,40,10,53,4,0,55,38,41,6,2,63,51,15,60,31,37,27,44,42,24,14,28,32,36,62,12,8,16,20,7,11,21,48,18,34,5,23,54,33,17,61,39,30,19,46,59,56,43,52,25,45,26
31,4,21,63,60,16,51,14,10,45,54,28,34,30,36,41,1,40,25,7,62,29,6,22,15,27,9,42,32,24,47,55,43,17,46,0,53,26,56,19,20,2,52,12,57,44,11,39,50,35,37,49,8,58,61,59,48,23,18,13,5,33,38,3
17,58,7,28,34,59,47,43,63,24,33,37,6,56,44,4,29,41,57,16,15,20,13,18,10,12,55,25,61,3,46,14,54,2,9,62,53,26,19,30,11,42,21,60,22,50,39,49,1,45,32,38,23,35,36,5,51,0,52,48,40,27,8,31
5,44,34,35,46,7,33,57,13,56,29,17,53,11,58,47,38,14,20,21,50,24,52,49,48,39,28,45,62,27,54,51,37,30,25,1,10,3,61,19,22,12,4,36,0,2,63,55,8,9,16,42,6,40,43,60,26,18,41,59,31,15,23,32
38,12,39,25,47,58,30,54,45,13,37,52,9,17,15,41,10,19,24,63,57,7,27,35,62,42,21,50,11,2,4,53,44,31,6,40,28,20,3,29,33,46,32,0,14,18,48,5,49,56,51,16,22,8,60,1,55,34,26,43,61,59,36,23
6,11,28,52,1,40,44,48,34,21,42,20,4,60,19,56,29,31,50,46,59,61,14,25,30,10,8,58,57,49,32,62,53,35,15,0,12,54,5,13,38,43,24,2,26,16,17,27,33,3,47,45,7,18,39,41,23,36,51,55,9,22,63,37
47,11,8,17,26,25,40,5,16,24,27,32,34,30,46,3,1,54,12,56,38,18,60,43,36,42,29,37,53,23,57,0,51,10,15,31,22,63,2,7,59,44,13,20,28,48,33,41,55,49,6,52,19,35,61,39,45,62,9,50,14,21,4,58
25,33,6,15,37,18,22,63,5,53,54,49,42,29,47,58,1,21,23,45,3,44,57,12,56,2,24,48,10,28,38,61,35,52,14,39,43,27,11,0,50,13,32,51,9,16,26,31,55,19,20,46,7,40,59,36,60,30,4,34,41,8,17,62
15,3,35,33,57,18,23,24,14,25,36,27,55,29,1,39,53,30,6,8,32,5,0,4,43,47,46,40,62,22,31,63,26,10,61,52,34,50,19,7,11,12,59,16,54,60,2,13,21,17,58,41,51,42,20,45,49,48,28,37,56,44,9,38
53,12,33,52,56,45,10,17,31,36,47,27,11,1,3,37,62,14,22,55,59,34,18,24,20,15,23,30,16,39,26,0,50,41,51,60,21,8,48,5,13,43,63,46,42,4,49,32,25,35,29,2,58,6,19,54,7,9,61,38,28,44,57,40
59,30,49,36,19,7,12,32,50,41,44,52,5,6,37,35,63,14,38,27,58,26,60,2,21,33,46,22,20,29,62,18,1,34,43,13,23,17,45,3,24,4,10,28,42,54,11,57,56,0,8,31,9,48,16,47,51,53,39,15,40,25,55,61
12,28,41,36,17,49,21,46,60,55,45,38,43,58,35,54,29,5,19,40,62,37,31,0,25,26,44,57,14,32,47,16,24,8,63,2,48,56,11,39,13,42,1,23,27,22,15,52,51,6,53,4,34,10,61,18,3,33,20,7,50,9,30,59
4,25,56,7,13,34,54,44,6,15,35,31,50,46,9,39,10,52,14,33,1,36,62,24,3,5,53,51,40,12,42,58,22,20,48,41,55,19,27,37,63,32,21,8,29,18,38,16,2,47,11,17,28,23,0,43,49,45,30,26,61,60,57,59
63,38,35,51,56,2,8,54,61,28,25,16,33,41,22,19,46,24,45,3,62,34,21,17,7,43,49,48,50,15,40,30,20,55,58,37,60,39,47,57,59,42,52,44,0,23,9,27,14,6,4,31,11,29,32,5,1,36,18,26,12,53,10,13
49,27,40,31,24,53,4,3,7,29,10,45,18,39,35,2,59,36,17,13,28,20,21,48,54,60,15,1,63,9,38,8,58,57,56,55,25,47,26,52,32,33,34,43,6,0,61,12,11,16,14,41,5,44,62,23,51,22,37,30,19,42,46,50
19,52,50,11,7,4,35,25,28,20,36,44,41,63,3,47,31,62,0,21,1,15,46,9,58,16,39,22,59,54,55,40,45,6,37,17,60,56,12,38,27,18,26,30,8,2,5,24,34,57,42,51,43,13,14,49,10,23,48,33,29,53,61,32
62,17,11,24,39,50,8,14,52,1,4,16,13,12,7,27,45,49,0,26,57,40,10,59,46,2,48,42,30,19,37,15,33,32,18,61,51,23,58,29,28,43,41,35,54,36,9,63,53,55,44,3,60,6,20,38,25,56,47,31,21,34,22,5
53,46,27,37,12,8,3,50,4,23,43,45,41,1,5,32,21,0,44,49,7,42,11,33,25,9,40,62,36,54,24,47,48,57,55,16,61,63,39,58,13,17,28,15,14,52,30,51,31,22,20,26,34,19,18,59,38,56,2,10,6,35,60,29
59,42,19,52,4,32,40,23,44,43,3,33,36,26,55,2,38,30,14,20,50,62,39,18,46,31,10,9,37,0,13,60,6,15,17,61,56,41,24,49,57,47,7,51,16,35,1,8,29,58,11,22,53,34,27,48,12,5,28,54,63,21,45,25
15,11,14,61,44,58,10,21,39,2,25,0,31,60,62,8,38,13,52,19,12,27,47,5,45,40,54,51,63,50,17,33,37,49,3,6,36,30,28,34,4,16,57,32,55,42,22,24,43,41,18,20,29,53,7,46,56,59,9,1,26,23,48,35
7,62,21,32,41,8,16,55,10,26,48,45,1,12,38,22,20,18,43,39,27,46,23,13,14,50,28,58,53,36,25,57,15,54,40,30,35,42,0,47,3,37,29,44,33,63,2,11,51,9,59,49,56,19,17,52,31,4,60,34,61,6,24,5
6,3,16,36,7,9,49,46,58,30,38,17,20,54,41,33,13,15,14,47,27,40,59,8,60,31,45,29,32,10,19,62,12,21,26,5,22,39,24,23,50,34,2,25,43,42,18,1,48,52,37,28,57,35,0,51,11,56,63,53,55,44,4,61
55,52,8,24,54,9,57,38,15,29,16,22,1,31,14,46,42,3,51,20,23,48,60,7,32,39,21,2,37,49,58,18,62,63,13,5,19,43,30,56,44,12,47,17,26,11,45,36,4,50,27,28,40,25,0,41,33,6,35,59,53,61,10,34
47,12,40,3,36,43,20,32,10,28,14,62,18,15,26,13,7,57,33,21,49,59,38,58,6,16,17,19,61,63,9,48,42,60,4,1,2,27,53,25,5,51,29,0,35,22,31,39,23,55,11,54,34,41,50,30,8,44,52,46,45,56,24,37
33,11,5,59,25,26,29,21,4,54,23,43,57,24,56,58,52,45,48,39,27,2,6,50,17,31,46,32,35,3,15,22,47,16,13,20,63,37,36,44,51,60,49,7,41,18,28,19,55,8,12,0,61,10,30,38,53,40,1,62,9,42,14,34
13,5,14,22,10,34,40,47,19,0,43,8,44,31,35,27,16,46,59,6,42,36,17,9,41,15,50,7,21,20,11,63,53,57,48,56,12,45,38,58,49,3,4,61,30,33,37,29,32,2,26,39,28,1,25,52,23,62,60,51,55,24,54,18
18,23,37,1,13,5,40,34,51,50,32,6,61,31,17,58,27,0,30,63,3,48,60,57,33,38,29,21,20,42,59,56,53,28,46,15,11,44,25,9,2,43,47,45,41,36,52,22,62,4,14,12,55,19,16,7,35,54,24,26,10,49,39,8
63,47,41,5,50,57,43,55,59,18,16,62,39,40,60,21,52,19,15,10,8,49,12,23,29,24,38,36,3,0,27,54,44,13,35,34,33,46,9,6,14,17,11,37,48,22,4,32,20,56,2,42,7,51,31,61,58,1,28,25,53,26,45,30
5,40,59,25,48,33,29,46,55,52,2,42,44,30,41,13,37,15,47,4,57,60,31,56,18,28,35,34,51,43,12,20,50,26,8,9,62,53,7,16,19,27,23,45,6,36,58,1,49,14,11,0,32,38,63,17,54,21,24,3,61,10,22,39
38,11,33,54,51,49,5,37,1,35,14,12,23,8,29,28,43,20,45,7,19,40,59,9,6,48,58,39,24,31,17,60,0,15,56,63,10,55,25,61,44,4,50,26,21,57,18,30,62,16,22,27,53,34,41,47,52,46,42,2,36,32,13,3
6,26,31,14,3,56,63,49,39,7,53,28,22,1,46,59,21,51,18,61,37,43,47,34,57,19,62,23,0,32,13,8,4,55,16,45,24,41,44,33,27,11,25,17,15,36,10,9,60,30,58,52,2,54,40,38,20,50,42,29,5,12,48,35
28,30,7,12,58,56,39,57,27,61,0,52,41,18,40,34,45,25,62,1,43,4,20,24,13,6,19,26,60,10,11,16,46,5,38,14,47,59,3,22,54,37,55,48,31,51,36,17,42,33,44,49,53,35,9,29,23,2,8,15,50,63,21,32
41,59,39,38,14,61,42,55,53,33,44,12,1,16,6,29,37,24,45,63,17,48,7,11,46,26,23,56,13,2,47,8,49,34,60,22,15,3,50,5,36,4,30,32,58,62,18,52,21,51,40,35,28,10,20,43,27,57,19,9,31,25,0,54
48,49,44,21,57,45,53,2,36,29,60,25,24,3,4,51,10,40,11,5,28,61,37,12,58,7,22,17,18,23,0,34,1,32,16,27,52,55,15,62,6,20,50,41,14,56,35,33,46,54,38,31,59,63,26,42,19,43,47,8,13,9,30,39
3,15,25,24,19,18,5,40,46,32,20,2,27,42,30,61,14,12,33,52,54,6,16,51,31,4,45,50,56,49,37,8,7,58,28,63,60,0,38,55,59,35,10,23,13,48,36,1,34,57,44,53,17,41,43,47,21,22,9,29,62,11,26,39
52,0,8,36,45,40,23,37,25,21,34,15,29,62,42,12,32,56,18,53,9,61,31,22,59,57,7,33,3,50,20,60,63,35,51,16,58,26,28,54,43,11,6,39,41,1,46,17,2,19,48,38,24,49,10,44,13,47,5,14,55,27,30,4
35,39,24,15,54,47,50,45,17,11,0,3,41,53,52,6,43,23,33,30,13,44,12,34,2,1,49,25,63,46,58,16,32,36,29,37,60,55,56,14,31,48,18,20,40,62,19,28,5,51,21,26,4,10,38,22,61,9,7,42,8,27,57,59
13,24,17,32,8,5,40,18,20,45,14,55,19,31,38,36,43,25,60,27,26,41,56,54,44,9,30,16,35,57,42,47,52,48,37,1,58,2,63,39,34,6,29,62,49,7,11,12,59,33,0,21,3,4,46,10,53,50,15,51,23,22,28,61
10,44,35,21,1,9,13,18,16,11,7,31,27,39,38,30,4,48,59,53,24,50,57,2,22,43,55,61,34,46,49,3,33,26,40,29,56,25,17,47,6,12,63,51,23,0,14,8,36,28,62,37,45,32,20,5,19,15,41,60,58,42,52,54
48,34,47,42,49,2,16,62,63,11,57,8,25,15,27,41,18,21,33,17,54,56,20,4,55,9,10,3,46,44,23,0,35,59,36,5,28,51,31,58,12,14,1,37,22,53,50,43,24,45,30,32,60,39,7,38,6,52,19,13,26,29,40,61
3,16,44,27,13,2,61,33,21,38,25,62,32,29,54,60,24,4,7,35,5,11,47,37,1,55,20,12,6,36,53,0,28,51,56,39,18,40,41,58,34,42,23,45,19,14,50,15,43,26,30,52,63,8,9,31,22,57,10,17,59,49,48,46
17,9,23,44,11,53,25,41,29,33,37,45,58,19,16,10,56,48,46,40,35,18,61,20,63,26,15,0,6,27,50,1,47,5,13,57,52,22,60,32,14,59,54,39,38,34,4,62,55,2,31,43,49,28,21,42,24,7,51,3,12,30,36,8
46,39,17,27,35,24,30,57,50,52,14,9,11,62,0,61,7,10,38,60,3,15,41,18,53,22,25,59,44,49,26,28,5,16,2,33,19,31,20,48,1,42,6,8,36,51,34,40,63,32,45,56,13,47,12,21,58,4,23,55,29,54,37,43
10,59,57,44,43,1,40,46,20,9,29,32,49,14,12,52,58,22,56,16,33,3,38,17,31,8,34,54,39,50,19,47,45,61,24,48,6,55,7,37,62,25,28,11,35,36,0,2,23,30,41,60,51,42,21,63,18,26,5,15,27,13,4,53
37,41,26,34,47,11,63,7,19,56,42,15,16,61,36,4,39,2,44,22,14,31,55,53,13,9,35,38,17,5,18,58,30,21,28,6,8,24,25,57,62,29,52,3,60,10,12,59,51,40,20,49,33,45,23,32,0,50,54,1,48,46,27,43
47,42,45,60,29,63,37,57,21,23,8,51,3,44,4,15,59,43,1,34,40,7,52,2,61,6,32,55,41,53,33,28,39,62,30,27,19,12,54,26,16,46,14,25,49,11,5,56,24,13,58,31,0,20,17,36,48,35,10,22,9,18,50,38
44,37,30,5,52,24,41,42,29,17,28,16,21,34,57,3,55,56,58,6,18,31,35,54,25,15,0,27,20,48,63,22,12,8,53,11,40,49,13,36,39,14,50,1,19,45,46,61,59,60,47,62,10,26,2,23,9,7,43,38,51,4,32,33
10,9,3,57,33,26,30,18,62,8,50,61,34,39,47,43,31,11,32,41,36,60,53,55,0,15,13,59,54,1,56,38,45,44,37,2,63,48,21,5,28,7,6,42,19,22,40,17,25,52,29,24,20,14,49,23,16,58,12,4,51,35,46,27
56,60,32,47,20,45,29,3,9,33,41,7,57,54,40,19,4,5,34,24,1,10,49,46,0,28,58,21,6,51,18,43,31,37,53,2,27,22,16,26,12,52,11,61,8,30,42,38,15,55,48,63,50,14,59,39,62,17,13,44,35,36,25,23
4,16,3,14,58,19,44,45,2,55,51,20,15,56,13,57,49,35,8,48,31,62,27,46,26,59,9,1,30,50,6,29,42,41,12,22,43,53,60,17,28,61,32,23,54,24,34,11,33,5,0,18,38,40,47,10,21,25,37,7,52,39,36,63
50,10,0,57,54,60,21,34,13,19,51,12,41,2,43,42,29,7,4,28,22,40,58,5,62,32,8,35,55,31,56,63,44,47,52,39,59,15,11,26,16,49,46,20,9,6,33,25,17,18,61,36,1,53,23,48,24,3,38,30,37,27,14,45
18,12,11,7,9,32,4,15,43,17,26,44,3,38,46,28,27,47,61,16,42,31,63,13,0,10,41,1,25,2,59,30,62,8,21,45,48,19,29,53,6,49,51,35,36,23,39,5,24,37,20,40,60,52,14,22,57,56,54,58,34,50,33,55
44,3,56,5,32,53,62,36,42,19,60,23,63,47,29,57,18,0,22,34,30,43,9,54,20,35,25,61,7,58,26,14,1,49,11,52,2,37,4,12,50,41,38,33,45,8,16,17,10,51,59,48,21,24,55,39,27,13,40,28,6,31,46,15
62,54,57,37,52,42,27,53,5,19,59,6,38,20,29,21,0,44,13,10,34,39,36,14,22,48,18,40,26,30,25,47,33,11,60,55,56,15,16,8,51,61,50,49,12,2,31,32,24,17,1,28,46,35,45,4,3,58,9,7,63,41,23,43
20,10,32,26,45,13,39,21,0,25,54,34,15,47,61,36,60,11,51,27,14,31,29,30,40,6,53,16,49,46,3,63,7,5,44,38,17,23,58,35,33,50,19,22,56,55,2,1,52,57,59,4,24,43,48,12,8,42,28,37,41,9,18,62
62,27,22,25,6,10,28,53,60,52,26,55,43,18,37,19,16,42,21,30,50,45,35,61,34,33,48,56,47,5,46,14,57,31,38,40,32,54,4,2,39,51,15,20,7,29,12,9,23,11,49,59,13,17,63,24,44,1,36,0,41,8,3,58
5,12,28,38,47,60,21,52,41,25,15,30,51,32,39,58,59,33,63,34,54,37,17,55,2,7,18,9,29,43,16,26,46,3,4,14,6,53,19,35,13,31,49,24,8,36,20,10,62,23,40,1,44,0,27,45,22,57,61,50,56,42,48,11
60,61,63,13,29,25,1,41,2,37,59,43,58,31,49,46,24,27,57,18,10,5,36,11,54,38,9,52,53,28,22,35,26,62,21,6,51,20,3,44,40,39,33,14,34,19,42,30,23,47,12,16,15,17,45,55,56,50,4,32,8,48,7,0
62,22,11,2,40,15,29,54,34,44,41,56,10,57,47,21,7,14,27,17,19,30,23,26,58,43,48,46,32,49,18,51,28,16,39,59,31,3,9,45,13,52,4,1,20,37,6,5,0,12,55,8,50,24,25,60,38,53,42,35,36,33,63,61
21,52,26,1,48,3,61,46,28,11,60,15,36,33,56,53,54,47,23,18,63,32,4,2,13,19,37,55,12,31,40,39,10,49,50,38,42,29,24,7,16,62,0,17,58,14,5,22,34,51,57,20,8,44,35,59,30,45,6,27,41,43,9,25
53,12,33,27,43,45,44,47,5,55,60,50,29,10,15,38,48,30,9,32,13,61,16,57,2,26,6,20,42,18,23,63,35,49,4,28,25,8,40,34,36,31,56,54,37,51,62,1,52,22,24,3,7,46,19,14,41,21,39,0,58,59,11,17
38,53,10,24,56,27,13,7,15,35,2,52,44,57,30,32,43,50,4,39,3,22,62,45,51,5,16,29,48,14,23,37,55,21,34,42,17,12,59,47,49,33,46,28,54,9,25,31,6,61,20,60,36,11,58,1,40,0,26,41,8,63,19,18
38,16,3,62,51,8,17,41,26,37,57,27,5,2,40,22,42,55,61,23,20,18,46,14,35,4,29,60,12,45,7,0,6,48,43,13,59,47,9,24,30,52,49,19,1,15,53,63,32,25,50,33,34,39,10,11,28,31,36,58,56,54,44,21
42,20,40,29,15,39,4,31,47,33,41,22,54,24,26,9,12,56,52,11,37,48,8,46,10,59,53,5,51,1,25,60,6,43,7,44,50,34,58,61,36,55,19,27,49,13,38,32,57,3,62,14,18,28,0,63,35,16,30,45,21,23,2,17
45,48,3,18,51,50,56,32,2,39,27,16,28,23,54,33,21,47,24,12,20,14,6,60,19,4,30,34,22,46,61,26,63,53,25,1,29,10,0,35,52,9,59,31,5,55,11,36,62,15,44,58,42,40,8,43,17,49,41,13,37,7,38,57
20,60,26,13,15,10,61,36,22,29,54,25,19,1,8,9,6,33,31,47,0,34,7,63,28,32,5,12,4,55,27,58,57,14,43,24,3,39,40,35,49,30,46,45,42,16,21,50,38,37,48,51,23,18,52,11,53,17,44,62,56,41,59,2
7,40,61,55,32,28,44,51,9,48,60,59,23,57,16,13,27,42,56,46,47,33,14,54,62,12,37,22,21,41,8,29,11,35,17,50,15,6,63,26,30,49,19,45,5,31,2,0,4,43,52,10,53,39,36,20,18,1,58,24,34,25,38,3
22,50,46,5,29,0,52,38,23,53,12,15,32,48,44,19,47,16,57,62,21,60,39,9,49,59,24,4,42,20,7,35,30,54,41,14,36,34,61,13,28,58,18,11,55,17,37,1,8,27,31,10,3,6,40,2,56,43,51,26,33,45,63,25
10,56,19,42,5,15,51,61,38,43,49,1,13,7,11,39,22,59,41,48,33,28,57,0,8,60,50,45,55,44,20,63,2,58,3,25,14,35,6,9,29,17,16,21,62,32,30,4,12,24,18,27,53,31,36,34,40,23,52,37,47,26,46,54
20,16,55,62,12,51,7,60,18,61,45,29,40,22,9,15,35,63,21,56,24,43,26,32,33,0,39,34,36,37,31,19,30,6,42,2,54,5,53,59,14,23,48,27,28,44,46,13,25,4,58,8,47,38,41,50,11,1,52,49,10,57,3,17
14,51,8,23,19,25,1,12,48,39,21,34,24,31,3,52,15,4,10,54,36,9,32,33,5,47,18,11,22,7,42,55,0,63,50,56,61,17,28,27,13,59,49,26,62,44,57,60,37,29,20,43,2,6,38,45,41,16,30,58,53,35,40,46
34,7,49,6,2,47,25,43,54,35,31,26,11,48,20,51,37,12,1,53,4,28,56,61,45,23,44,42,14,40,38,33,57,39,46,27,52,36,58,24,55,62,15,30,21,8,5,0,16,3,13,29,17,18,22,32,41,19,9,59,10,50,60,63
36,11,9,44,8,35,47,16,24,53,29,15,40,61,20,25,13,50,14,52,62,10,1,58,41,19,49,26,45,21,27,33,42,54,38,5,28,30,46,48,12,63,0,55,57,3,18,56,43,22,34,7,4,2,59,32,37,23,31,51,6,39,17,60
10,52,51,48,16,20,24,6,1,38,40,47,43,30,7,61,28,19,27,0,5,22,2,60,31,25,46,54,4,44,58,29,63,18,35,56,8,33,39,42,26,53,50,49,23,32,3,34,45,14,36,17,59,55,13,57,41,11,62,21,12,9,37,15
38,0,59,40,33,36,61,62,51,18,45,11,23,1,8,10,39,19,22,37,12,35,5,3,44,24,29,49,26,6,57,63,15,46,41,32,13,28,4,17,47,52,53,50,21,31,27,34,2,25,42,48,7,43,56,54,60,16,9,58,30,20,55,14
39,7,9,34,44,38,8,23,15,37,47,30,43,58,50,56,24,13,60,63,42,40,45,48,46,19,54,17,35,25,16,55,11,22,20,0,21,28,32,14,52,5,10,41,18,62,3,61,51,36,6,29,31,49,33,59,57,27,26,53,4,1,12,2
60,0,16,49,17,55,35,1,62,63,47,46,40,30,56,11,23,2,3,25,38,33,42,44,14,29,41,6,36,28,48,21,57,9,7,27,53,20,43,32,54,22,24,39,18,58,61,59,37,5,10,26,15,19,13,12,51,50,34,52,45,8,31,4
47,5,24,57,16,52,39,7,18,43,34,23,11,1,48,36,28,10,25,37,22,4,17,46,51,33,54,20,30,9,15,14,60,56,61,59,3,26,50,8,49,62,42,41,2,63,13,45,0,32,31,29,38,19,12,35,58,27,44,40,6,55,53,21
18,32,20,42,56,25,16,28,61,37,11,38,40,10,50,63,22,39,60,34,17,6,21,36,9,26,52,31,53,41,19,29,14,44,57,15,8,7,51,49,4,24,48,1,2,47,54,12,46,23,35,30,33,45,43,27,55,5,59,0,3,62,13,58
50,1,55,24,3,26,0,8,32,38,49,31,12,25,52,63,33,41,61,6,5,10,28,14,7,44,18,35,56,23,4,42,9,29,45,59,22,54,43,19,51,13,57,58,60,48,37,62,40,46,30,16,53,47,17,2,27,21,20,34,39,11,15,36
12,49,14,34,36,21,22,44,33,40,32,24,48,10,35,53,37,7,41,45,56,46,11,61,26,58,52,30,57,2,17,27,31,4,8,28,42,54,51,55,25,29,62,20,38,18,60,63,39,13,19,3,9,47,15,6,1,0,43,59,5,16,50,23
59,46,40,41,58,7,28,8,6,56,10,36,60,13,55,51,11,42,27,63,52,4,2,54,49,62,37,12,19,17,34,29,48,16,5,50,3,47,35,57,24,32,1,22,43,23,26,14,30,61,15,25,44,18,20,9,45,31,33,53,39,21,0,38
52,55,46,20,21,30,19,9,56,25,63,29,7,0,17,39,22,59,15,60,49,8,31,54,23,3,44,38,27,37,50,16,40,18,57,5,48,1,13,2,45,12,58,34,43,11,42,32,26,33,28,62,53,41,24,10,14,51,36,61,6,47,4,35
56,2,15,54,42,11,43,36,28,33,40,63,38,14,4,32,52,1,34,10,31,44,16,37,55,53,41,6,21,29,3,46,13,57,48,19,24,30,0,47,61,20,39,22,23,8,12,45,59,51,35,18,62,25,49,50,58,9,17,5,26,27,60,7
8,3,29,9,28,42,53,26,18,37,61,15,48,6,13,43,56,32,46,59,41,0,60,45,11,39,23,24,22,30,5,49,63,21,44,10,58,33,17,19,54,38,35,62,2,50,36,34,57,55,1,16,51,4,52,25,20,40,12,31,7,47,27,14
9,45,34,25,20,7,16,4,6,11,41,29,5,38,19,24,54,59,12,35,46,0,30,17,62,53,26,39,33,23,21,61,55,58,8,27,18,3,52,36,57,50,47,49,10,44,13,1,31,15,14,48,2,22,42,51,32,56,43,37,63,40,60,28
38,1,61,29,63,33,47,3,0,28,13,60,35,41,39,16,19,32,22,12,4,6,27,42,5,7,11,40,49,34,58,2,55,43,31,51,8,45,15,62,26,52,48,44,46,23,24,57,50,25,18,54,37,14,59,17,9,10,30,20,21,56,36,53
27,19,56,44,8,21,24,39,62,23,22,35,16,32,17,37,3,61,20,45,25,5,29,28,31,47,50,36,54,12,7,14,33,10,41,18,53,63,58,0,34,13,59,6,52,51,57,30,48,46,4,42,26,11,60,40,55,2,49,38,1,43,9,15
44,57,55,2,30,27,41,35,9,51,50,12,15,45,34,48,0,61,25,59,33,26,22,42,28,21,23,36,3,29,37,6,43,63,38,20,24,46,5,53,31,11,39,14,18,58,40,54,10,8,47,16,56,17,19,62,60,7,4,1,13,52,32,49
22,43,9,32,41,25,55,7,34,8,47,23,33,20,45,59,14,16,37,0,27,10,62,30,36,12,56,42,40,17,38,50,28,52,48,4,21,54,63,39,15,13,60,2,3,29,19,31,61,18,57,51,46,49,44,5,26,6,24,58,35,11,1,53
4,14,59,53,0,21,8,23,31,29,56,11,5,45,41,33,16,43,28,32,42,44,35,62,9,10,15,30,26,50,36,27,7,48,37,40,49,46,61,20,60,18,3,47,54,2,13,17,6,22,1,51,38,34,39,52,25,12,24,19,55,63,58,57
54,3,60,29,24,31,22,40,28,16,43,19,56,1,32,46,12,20,23,9,8,62,44,37,49,58,45,15,38,18,5,13,26,48,51,50,57,11,0,27,41,14,59,7,34,10,61,35,63,2,52,6,17,33,25,53,4,39,42,30,47,55,21,36
43,39,28,31,10,32,41,53,60,20,62,45,1,40,61,47,59,5,36,52,4,58,6,57,54,46,33,15,38,25,12,50,2,55,63,19,49,37,51,44,56,11,3,22,27,13,29,23,35,42,26,7,14,17,34,8,16,30,24,21,18,9,0,48
16,51,57,13,15,17,41,14,44,38,23,31,55,50,49,60,29,37,46,25,54,45,58,53,19,11,52,39,18,22,9,8,20,47,6,42,7,59,43,36,32,62,48,10,34,5,0,4,28,35,33,26,3,24,56,21,27,30,40,63,61,1,2,12
21,56,58,20,1,61,19,62,10,14,24,48,50,32,53,47,40,18,42,22,46,60,2,38,54,43,16,49,34,33,59,8,23,55,63,45,39,4,5,44,35,3,11,25,13,52,6,7,28,26,51,0,17,36,57,31,9,12,15,30,27,37,29,41
32,60,54,40,16,63,6,50,62,10,34,30,38,22,31,48,41,2,24,37,11,52,12,15,5,1,9,39,3,18,51,28,35,23,47,45,19,36,14,20,25,42,56,33,61,55,8,58,43,0,17,21,13,4,44,27,29,49,57,53,7,26,46,59
25,59,24,42,39,48,2,14,9,51,63,20,6,49,4,53,28,37,19,57,41,26,60,62,22,5,47,58,16,54,7,33,43,21,23,56,40,34,46,13,12,52,17,3,61,1,50,18,8,10,45,0,27,55,36,11,30,15,29,44,35,38,31,32
41,25,54,2,20,49,42,21,33,53,8,38,24,22,35,4,43,50,31,44,0,58,48,28,47,62,17,23,63,15,59,10,60,32,14,55,46,52,13,16,9,61,29,56,39,37,3,6,12,57,1,27,5,30,19,26,18,40,51,36,7,34,11,45
7,42,21,31,2,48,19,49,28,35,27,36,1,29,9,23,14,20,17,43,51,41,30,25,24,8,33,59,5,18,54,39,10,47,32,50,12,15,22,45,26,6,55,60,3,62,63,46,37,11,56,13,0,44,61,52,34,38,58,53,40,16,4,57
37,14,12,8,43,47,34,38,56,22,46,54,15,4,36,29,2,5,0,28,30,55,48,31,6,3,27,49,57,40,17,32,60,23,52,25,51,7,19,44,41,62,1,35,24,59,16,61,53,18,45,13,58,42,9,39,10,20,63,50,11,33,26,21
57,39,12,51,30,61,13,38,55,20,56,11,59,23,18,8,35,53,25,49,9,42,41,7,6,15,45,1,34,47,14,44,27,36,0,19,3,26,37,31,54,52,62,4,32,17,29,63,2,33,21,40,10,16,5,46,58,50,43,48,28,22,60,24
15,20,18,55,12,45,33,41,22,44,53,46,43,8,4,50,32,30,40,23,2,49,48,21,47,57,63,26,16,37,7,58,62,9,29,17,1,60,14,54,27,38,34,51,0,35,28,52,31,10,59,11,24,36,61,42,25,39,3,56,13,6,19,5
47,41,52,42,36,34,30,45,35,56,29,31,58,43,9,23,37,0,28,22,51,21,10,62,33,26,60,11,12,61,16,39,6,2,17,49,53,1,7,57,14,3,46,55,13,18,50,40,5,38,25,4,27,32,44,24,48,59,8,20,15,63,19,54
16,32,14,35,50,24,1,22,30,8,27,26,59,21,39,55,33,29,2,63,43,62,34,48,36,51,18,20,6,7,40,42,31,13,56,28,5,17,4,53,52,25,49,45,15,60,9,44,38,12,37,47,23,10,57,3,19,54,58,41,61,0,46,11
24,10,47,31,18,28,44,48,41,38,33,26,39,49,63,58,37,27,22,7,56,21,6,40,5,25,50,34,51,46,61,0,43,29,45,12,16,4,53,2,57,35,36,1,8,30,42,14,55,54,17,3,9,59,19,15,32,62,20,13,60,23,11,52
14,23,62,63,28,50,58,6,17,13,5,51,59,52,8,48,41,15,2,53,29,42,7,22,45,47,61,57,3,34,60,18,35,20,32,21,19,49,9,24,39,27,54,36,38,4,31,40,10,25,1,30,0,12,26,56,43,44,37,16,55,33,11,46
36,12,61,51,0,17,53,33,11,46,10,34,35,40,1,48,57,18,15,21,27,59,50,56,41,14,44,58,6,16,19,2,37,52,7,49,29,54,63,25,47,22,23,20,13,62,3,26,8,60,28,30,5,38,45,32,55,4,42,31,9,24,43,39
18,6,34,30,55,58,41,54,19,21,46,36,9,52,3,12,7,28,13,48,25,16,49,51,43,8,11,31,57,63,23,2,26,10,5,15,33,32,61,14,39,35,27,38,62,24,59,53,60,0,40,44,37,22,50,29,47,4,56,1,45,17,20,42
11,54,62,39,63,17,7,57,28,49,36,40,16,46,50,8,12,25,60,35,31,47,23,21,52,4,59,3,41,48,33,18,1,44,56,22,45,6,2,14,26,20,10,38,29,15,27,37,61,53,51,43,34,32,5,0,24,30,42,58,13,19,9,55
58,30,35,48,54,41,44,7,16,56,14,36,34,55,62,21,6,27,63,51,26,38,11,57,19,49,33,47,50,9,15,42,31,59,40,8,32,23,28,46,18,20,53,1,5,12,29,43,0,52,24,3,39,25,4,2,17,13,37,10,22,45,60,61
32,38,50,39,3,26,28,22,14,13,21,57,20,44,36,5,52,61,2,43,51,24,41,7,11,47,6,27,12,9,54,15,30,55,19,42,29,16,48,17,34,49,58,18,62,33,1,0,63,4,31,8,37,60,46,53,45,25,59,10,35,56,40,23
3,18,44,34,17,46,40,62,60,11,37,48,23,12,13,61,63,16,41,33,59,32,36,21,42,58,38,39,4,29,20,7,47,35,25,43,14,22,31,10,26,15,2,0,52,53,49,27,24,45,51,56,1,57,19,55,8,6,5,50,30,28,9,54
57,51,15,31,7,37,17,3,47,29,30,6,42,38,2,52,19,44,12,63,8,20,0,11,48,13,39,24,59,25,27,9,33,23,28,58,10,45,46,26,16,18,35,54,40,41,50,4,49,21,56,22,36,32,61,55,43,60,5,14,62,34,1,53
1,12,57,22,26,39,14,15,10,42,25,23,9,49,19,51,11,34,29,37,17,40,16,30,41,36,59,38,52,56,0,62,27,2,18,43,31,45,46,35,60,4,50,8,20,63,21,44,53,3,33,58,24,7,13,6,54,5,47,55,32,61,48,28
39,42,26,57,24,29,63,40,35,9,12,20,62,8,18,6,15,55,4,30,27,7,48,33,31,56,34,49,2,10,32,44,59,11,36,21,37,16,5,14,17,53,47,22,45,61,60,25,43,23,50,52,19,1,41,3,38,46,28,51,54,13,58,0
1,24,6,26,41,59,48,36,34,51,20,61,29,15,56,62,42,63,47,57,38,28,40,12,43,7,25,16,23,58,55,49,18,60,44,14,13,27,3,10,4,22,33,17,52,19,54,46,35,5,21,8,45,31,2,9,32,53,11,30,0,50,39,37
53,42,3,23,55,40,17,29,56,43,57,31,36,12,8,14,11,21,24,30,15,39,28,44,35,18,16,48,38,27,37,9,2,1,54,10,59,61,52,46,26,45,58,19,34,62,50,60,25,13,32,51,4,41,7,22,47,20,6,5,49,0,63,33
7,0,20,2,60,8,38,46,55,57,23,36,63,48,28,45,51,50,25,30,42,15,62,35,3,32,18,26,59,4,24,34,10,13,29,5,43,41,16,12,58,52,6,31,33,53,40,14,61,19,17,56,1,47,11,39,37,22,9,27,21,44,54,49
50,10,59,46,30,13,4,38,24,7,35,5,61,43,2,19,32,18,31,54,23,8,29,48,57,55,26,22,34,63,60,33,52,1,17,51,44,21,42,11,15,49,62,39,40,0,3,53,27,16,20,6,45,56,58,9,14,28,25,47,41,37,36,12
57,38,21,36,6,16,17,2,15,32,4,60,55,56,29,39,37,63,18,50,35,3,58,59,11,28,61,33,13,42,8,5,31,40,53,10,41,23,46,0,44,30,54,26,27,45,51,12,43,7,49,24,1,22,25,62,14,19,52,20,34,48,47,9
59,52,7,24,1,55,56,6,0,15,10,25,58,60,61,62,53,17,48,51,34,14,37,43,50,20,26,9,38,5,30,54,63,42,35,16,19,44,40,41,49,27,31,13,23,57,21,39,36,47,32,11,45,3,29,28,18,12,4,22,46,33,2,8
8,33,24,63,47,34,62,61,56,11,46,45,51,43,2,13,0,12,3,40,37,36,19,27,1,21,6,42,52,14,31,48,57,50,59,60,5,28,44,16,4,58,7,22,17,53,20,55,49,9,23,39,25,41,18,30,26,38,29,10,54,35,15,32
30,43,47,2,5,15,0,16,59,19,18,25,44,17,39,54,3,42,4,13,49,41,46,63,51,11,8,20,40,56,10,61,14,7,52,35,34,48,53,22,28,31,24,6,33,9,37,50,60,1,38,27,36,58,12,23,29,62,57,32,55,21,45,26
61,52,49,18,34,14,10,1,22,31,27,45,12,11,19,51,56,9,21,43,4,63,54,50,32,59,37,62,36,3,16,25,47,8,26,24,48,28,60,0,42,38,5,20,53,44,2,30,39,15,33,57,13,29,7,40,58,17,23,6,55,35,41,46
37,12,28,61,20,21,48,23,43,16,39,63,6,55,36,3,33,22,62,30,31,49,51,15,1,42,24,8,57,53,52,25,60,27,32,54,41,9,5,10,38,18,46,19,13,59,2,47,56,11,4,29,58,26,35,44,34,45,0,50,40,7,14,17
42,36,11,57,41,19,60,27,20,46,25,12,6,10,4,9,14,39,2,53,24,51,22,13,52,44,28,61,37,33,16,1,58,48,47,23,15,35,62,38,40,7,18,21,45,50,17,3,5,43,59,31,30,32,63,0,8,54,29,56,49,34,55,26
3,28,54,48,11,58,25,0,1,9,37,49,43,44,53,36,60,38,5,51,57,12,62,24,40,10,46,47,8,18,15,50,34,21,29,13,2,42,45,31,59,39,16,30,61,55,23,27,14,63,20,56,41,22,26,35,19,6,4,52,7,17,33,32
9,46,48,47,44,18,63,35,17,31,39,62,2,25,57,42,4,51,54,52,41,37,19,49,22,61,20,55,10,50,15,8,43,16,23,45,0,24,28,27,59,36,11,40,29,58,34,7,12,33,6,14,21,60,13,38,53,3,26,32,1,56,30,5
62,27,63,60,44,8,47,22,36,42,9,11,40,37,53,43,38,28,33,46,50,31,20,51,30,18,19,4,25,21,2,29,13,57,61,6,59,58,41,24,56,54,39,34,7,17,23,45,12,5,55,3,15,35,0,16,32,49,1,26,14,10,48,52
60,4,9,45,13,14,12,0,11,39,57,56,49,31,42,16,7,23,34,5,21,41,48,29,19,50,37,36,32,55,59,43,1,61,20,8,62,46,44,18,33,25,17,3,51,58,26,15,24,54,10,30,27,2,40,28,6,53,52,38,22,63,35,47
41,45,30,48,27,46,2,49,22,6,37,11,14,9,21,7,50,40,17,33,55,57,52,12,25,61,13,51,0,8,44,60,39,24,19,47,42,38,28,32,23,53,35,16,15,63,20,59,54,4,26,3,5,58,43,36,1,10,18,29,34,56,31,62
30,12,34,31,55,61,29,39,22,59,52,40,24,41,0,6,1,63,51,35,28,42,32,53,2,45,62,43,4,37,17,27,25,50,7,11,18,49,48,58,16,13,9,33,3,46,60,36,26,15,19,57,14,56,8,47,38,54,23,20,21,10,5,44
19,3,23,13,32,33,6,38,47,26,27,55,62,59,54,35,20,12,45,16,0,56,49,25,11,5,17,29,53,52,7,50,9,36,51,2,28,61,58,18,14,43,57,40,37,31,48,4,8,15,10,1,63,39,42,44,46,24,34,22,41,60,30,21
33,2,41,8,58,44,40,28,17,60,50,1,43,22,45,49,30,61,53,15,27,9,5,46,14,4,54,29,51,47,56,20,34,16,55,31,52,24,38,37,62,12,0,23,11,63,13,32,3,26,21,19,10,7,48,35,6,59,36,39,18,25,57,42
12,61,27,36,16,20,34,2,39,4,47,7,18,55,58,42,56,30,3,35,53,10,19,37,33,8,54,57,38,21,25,14,50,43,9,1,52,45,29,31,51,13,44,63,32,26,5,60,23,17,49,46,15,62,6,59,24,40,0,48,41,28,22,11
41,15,16,59,50,47,2,55,39,52,54,53,10,9,32,60,22,6,11,49,46,34,13,61,23,17,21,37,28,20,0,51,8,45,7,38,57,25,63,29,3,4,35,58,24,33,56,31,36,30,62,42,48,44,18,1,5,26,14,19,12,43,40,27
55,31,1,52,34,35,47,50,10,24,16,9,32,36,0,38,13,61,12,62,28,4,18,60,59,40,14,39,29,46,45,15,54,37,20,7,3,17,48,30,53,41,26,19,27,8,22,23,43,21,58,5,2,63,51,57,25,49,56,6,44,42,11,33
6,14,60,0,30,54,55,1,11,61,7,35,25,36,47,48,8,5,16,13,32,21,63,17,15,53,50,3,49,31,38,42,45,26,41,62,44,4,18,57,23,9,52,56,22,59,46,10,33,34,51,2,27,19,28,20,37,43,12,40,29,39,24,58
41,28,18,23,48,15,52,2,42,54,63,16,57,8,9,35,61,27,55,25,20,37,31,12,38,60,32,36,58,62,56,17,21,10,1,11,45,59,47,19,7,39,4,3,40,26,46,44,5,30,33,34,29,49,24,51,53,43,22,13,0,14,50,6
34,52,13,46,60,45,35,16,50,29,24,0,6,28,39,18,12,48,19,37,8,7,32,1,14,57,49,62,47,5,41,31,59,44,61,42,43,40,36,21,53,11,51,30,2,3,17,63,58,55,25,56,27,15,26,22,23,10,38,33,20,9,4,54
50,48,5,18,11,16,0,56,30,53,10,9,61,27,14,23,22,12,15,41,34,36,26,1,8,19,31,21,42,37,63,39,43,54,49,25,24,20,7,62,52,17,6,38,45,44,59,28,55,40,46,35,51,60,47,33,57,13,29,2,3,32,4,58
53,31,61,37,8,0,36,55,63,49,44,18,28,14,40,51,16,27,19,43,23,2,32,50,33,54,30,56,45,52,47,7,46,10,48,4,34,26,39,13,3,12,11,41,58,60,59,35,21,1,38,5,22,6,42,9,20,15,17,25,24,62,57,29
34,1,4,59,31,56,2,32,22,16,51,35,48,9,5,19,13,6,42,46,24,14,41,12,49,62,60,44,61,54,63,3,53,17,18,30,38,43,10,37,47,27,55,20,15,28,45,40,8,23,29,57,0,36,21,25,33,50,52,58,39,26,7,11
28,27,12,3,4,57,49,20,59,32,33,36,35,34,2,30,21,43,42,19,26,39,31,54,60,7,53,40,41,50,52,9,61,63,17,1,14,10,58,13,25,6,15,48,23,38,37,29,47,24,45,18,8,44,11,22,46,0,56,16,5,55,62,51
55,7,27,47,59,54,8,38,63,0,51,20,60,58,5,1,21,4,46,23,42,53,30,10,35,29,25,6,28,45,52,13,24,40,48,31,9,56,44,2,33,15,37,16,62,14,61,18,11,22,49,32,57,39,17,12,36,3,26,50,43,34,19,41
25,2,55,43,62,1,16,39,54,32,41,34,5,21,7,30,44,20,3,58,8,4,27,50,48,37,15,45,53,42,13,49,61,36,17,35,38,9,10,60,33,59,18,0,12,22,56,28,23,11,31,19,63,40,14,6,51,46,57,26,29,47,24,52
29,35,58,25,14,1,47,0,34,37,52,53,17,27,33,2,59,13,9,30,51,36,26,20,39,63,56,16,40,6,50,24,49,8,32,23,62,7,31,22,38,43,61,45,48,10,19,21,54,41,55,42,60,5,44,15,4,11,28,46,18,12,57,3
51,7,14,62,29,38,15,21,37,32,57,53,19,54,46,60,39,31,4,59,12,13,44,23,61,34,1,40,63,52,41,43,24,0,25,18,27,6,47,49,22,2,8,56,50,5,16,9,26,58,33,20,45,30,42,28,55,10,11,36,17,48,3,35
60,4,11,23,57,48,9,39,13,3,24,6,53,22,58,15,26,55,18,2,14,61,59,7,49,42,27,20,35,31,63,54,45,51,19,62,52,32,38,28,16,25,30,29,46,33,34,56,43,21,36,44,40,0,47,17,12,1,41,8,37,10,5,50
58,61,28,15,23,38,48,50,44,49,34,35,30,10,57,26,8,45,3,1,63,5,56,21,20,2,47,52,0,9,7,41,59,12,55,42,40,25,29,53,60,62,11,39,13,31,32,16,54,22,6,27,46,36,19,14,17,4,33,18,43,37,51,24
49,10,41,59,61,23,8,60,38,42,32,20,34,1,15,43,0,54,28,50,58,22,12,14,4,24,27,47,18,17,19,63,25,6,35,55,30,57,21,62,45,39,36,5,11,7,29,48,56,16,40,46,53,2,9,26,3,52,33,13,51,31,44,37
14,41,39,9,8,31,57,50,1,11,20,45,43,23,10,49,40,16,21,3,28,24,63,33,4,51,42,7,25,52,15,32,26,30,54,37,18,17,13,62,44,55,53,38,61,27,6,47,34,5,35,19,0,2,48,12,58,56,36,29,46,59,22,60
7,45,43,59,40,1,32,46,33,16,48,54,24,31,55,38,10,35,17,2,52,62,15,8,63,61,44,23,37,57,6,29,14,4,51,49,12,9,11,30,58,18,60,13,47,20,53,0,36,42,3,19,28,25,27,50,21,22,5,39,41,26,56,34
60,1,25,59,8,19,30,58,32,15,4,24,0,18,55,42,53,56,10,46,28,17,16,54,48,23,39,31,50,61,49,57,63,27,52,22,7,41,43,33,62,3,9,20,6,14,35,51,45,44,11,26,34,5,12,38,40,21,47,2,29,36,13,37
63,13,51,40,61,6,16,33,18,8,43,9,62,42,26,23,12,53,50,29,60,54,0,39,59,24,36,38,28,7,55,4,37,56,5,30,21,25,22,1,34,31,19,45,27,14,49,47,44,52,11,32,46,3,57,20,15,48,58,10,17,35,2,41
17,36,12,9,40,55,4,45,29,62,11,1,42,21,5,30,18,38,60,63,44,31,48,23,0,61,3,34,19,46,54,41,8,6,56,43,50,47,2,37,10,26,16,13,57,59,7,58,53,27,25,35,39,28,20,24,32,14,52,22,15,51,33,49
34,13,36,7,61,50,46,47,56,54,53,60,41,39,52,33,26,17,3,15,0,63,25,49,57,51,58,28,18,20,48,37,62,30,1,29,2,35,11,27,55,10,19,44,8,32,21,40,38,45,22,9,5,16,42,43,14,31,4,24,59,6,12,23
9,12,63,8,0,11,24,23,52,28,17,38,5,47,4,14,41,25,57,34,32,21,48,27,16,49,58,37,46,6,1,10,7,15,62,55,40,43,29,61,59,13,20,42,33,19,56,22,3,39,26,45,54,30,60,44,36,18,35,51,53,2,31,50
48,50,34,49,36,4,35,44,14,25,6,18,45,29,21,39,32,61,52,3,16,56,51,62,27,19,1,20,2,12,55,5,10,11,57,42,58,0,40,24,31,53,43,63,28,37,9,13,60,22,7,8,23,41,38,47,17,59,46,15,33,30,26,54
21,17,4,10,25,35,34,5,45,49,42,7,9,62,18,12,3,19,36,44,51,50,24,16,43,23,29,47,46,40,55,8,52,56,59,27,63,22,20,13,54,0,30,2,41,61,11,57,1,48,15,39,60,58,33,6,26,14,37,53,32,31,28,38
63,30,38,35,13,49,6,25,2,16,45,59,12,62,24,5,39,18,56,44,15,34,52,40,23,9,60,55,20,29,1,58,14,28,8,32,33,51,42,48,7,57,3,31,17,47,11,0,61,54,19,36,46,53,37,26,21,43,4,22,50,27,41,10
54,49,22,29,3,63,9,59,36,33,8,44,62,19,21,18,2,6,48,25,5,57,52,51,12,11,40,15,14,38,7,10,39,35,42,32,37,4,24,0,34,30,13,60,46,53,20,16,56,1,45,28,61,50,26,23,41,27,58,43,55,31,47,17
21,22,24,18,61,59,6,58,41,43,46,7,11,13,42,44,26,32,60,31,45,63,28,1,14,57,2,8,33,5,50,39,4,36,37,30,35,25,3,52,27,38,23,0,16,49,20,17,40,12,34,55,54,53,19,48,51,10,15,9,56,29,62,47
7,17,32,1,8,5,56,61,62,0,41,30,31,43,47,25,13,16,38,29,22,35,46,3,11,10,54,26,48,21,50,63,36,42,14,24,19,4,39,53,44,34,15,60,40,2,58,59,18,12,52,57,9,37,49,45,55,20,27,23,6,28,33,51
40,20,14,42,41,36,22,12,56,47,0,17,34,48,43,9,57,54,28,55,6,44,18,30,63,52,32,26,45,16,37,38,23,15,35,21,5,58,33,19,7,10,24,51,50,46,59,29,25,4,3,31,8,2,39,49,27,60,13,11,61,1,53,62
18,3,49,27,38,47,0,13,15,58,45,54,32,63,19,39,22,30,28,24,2,26,37,9,36,48,50,29,60,56,55,23,41,6,40,20,7,12,11,43,44,10,62,42,57,53,61,35,17,21,16,14,46,4,33,5,8,59,25,34,31,52,51,1
27,4,36,47,39,10,60,12,42,32,14,26,48,7,8,38,55,58,49,61,25,15,18,41,44,37,50,22,20,29,52,16,9,35,0,34,46,63,2,30,1,5,6,24,57,19,54,21,31,28,17,45,51,40,53,11,13,23,3,43,62,33,59,56
23,28,53,58,39,3,34,60,12,6,13,24,44,49,32,14,0,46,59,5,10,30,15,29,56,63,26,61,55,40,54,35,57,8,45,38,17,31,22,16,1,11,41,2,25,51,43,52,7,36,42,9,48,18,27,62,21,4,47,50,20,37,19,33
44,11,21,41,45,29,55,56,42,16,57,61,23,54,39,18,58,19,0,20,59,50,38,22,36,32,52,8,12,17,51,49,48,28,30,37,53,1,60,9,40,35,63,33,14,7,47,34,10,43,27,13,2,15,3,26,62,25,24,5,46,4,31,6
41,5,45,39,16,49,17,32,50,28,25,63,30,15,4,21,51,24,14,2,12,48,61,27,54,29,44,23,46,19,34,11,3,18,55,13,40,20,52,59,1,35,56,0,36,42,9,6,10,26,57,62,22,60,37,53,38,8,58,43,47,33,31,7
49,57,0,30,19,9,22,26,40,24,35,2,11,62,12,25,52,53,46,63,33,43,27,1,13,37,21,15,45,29,18,50,8,60,7,31,17,5,44,47,54,56,41,58,10,38,59,16,3,51,42,34,4,14,55,23,6,36,32,39,20,61,28,48
4,5,61,52,43,55,25,56,59,18,36,48,22,62,33,26,35,49,50,8,30,1,32,6,37,45,46,38,15,19,21,7,27,42,9,0,23,34,47,60,20,51,53,63,57,39,14,58,17,28,10,16,24,40,31,29,44,12,2,11,54,3,13,41
1,11,46,5,4,47,45,57,20,56,42,19,38,18,62,55,2,21,44,41,29,33,25,43,26,58,24,39,32,37,36,23,13,54,27,28,60,63,17,30,0,51,50,12,59,31,35,9,15,53,34,10,49,14,3,52,61,48,6,40,16,7,22,8
48,50,25,33,36,31,16,7,19,43,39,45,53,58,23,1,60,9,29,38,18,63,6,27,52,10,3,61,24,26,4,35,40,8,11,51,47,21,59,28,42,49,13,0,54,32,44,20,37,2,17,5,57,22,12,34,15,41,46,30,55,56,14,62
25,57,40,34,28,19,62,37,18,41,33,44,51,24,48,17,59,20,15,2,58,35,11,9,0,32,7,61,30,23,46,49,42,45,56,31,5,50,1,60,21,29,53,4,3,43,54,13,12,27,52,47,22,55,6,26,38,14,39,16,63,8,10,36
37,19,61,11,49,60,40,2,48,24,56,21,30,7,50,17,6,42,44,23,31,4,33,16,20,43,38,29,59,1,57,12,18,8,14,58,9,0,55,34,41,26,22,32,35,46,62,15,28,36,39,13,51,27,45,63,25,10,5,47,52,54,3,53
7,49,61,53,56,41,52,0,36,15,1,44,27,45,62,9,29,48,21,57,11,46,38,13,17,4,55,54,63,8,31,39,20,14,26,47,50,30,6,40,10,3,43,34,33,16,12,2,32,24,23,5,22,28,19,35,18,37,60,42,25,58,59,51
0,40,16,55,32,5,49,25,22,37,8,34,38,17,47,29,51,50,27,15,33,3,4,57,54,60,30,44,26,14,2,46,13,18,9,61,43,36,62,23,24,48,45,52,63,28,1,39,20,59,53,11,41,21,7,12,6,10,56,19,42,35,31,58
39,9,7,43,50,20,1,35,15,24,46,28,53,52,27,62,48,59,41,31,51,63,21,22,13,61,0,4,55,2,60,42,29,30,56,25,33,57,26,44,37,45,18,6,16,8,36,12,3,49,58,10,34,19,38,23,32,17,14,40,54,47,5,11
33,63,4,25,10,17,5,30,51,11,56,0,16,36,23,3,12,44,22,8,7,43,46,39,55,1,32,59,34,19,29,47,14,53,13,50,20,57,9,41,42,45,27,48,61,38,35,21,49,15,37,2,31,60,58,52,18,24,54,28,6,26,62,40
16,45,51,37,21,63,43,56,22,28,41,55,19,32,52,38,8,57,40,48,18,61,31,29,33,34,10,50,24,39,0,62,7,2,46,4,60,6,44,54,35,1,59,9,13,14,47,27,53,49,42,36,11,23,20,25,5,26,30,17,58,3,15,12
13,10,32,56,21,45,20,25,8,55,36,33,16,11,7,15,23,38,44,18,63,52,61,49,39,48,58,1,2,22,40,12,62,17,29,5,54,19,37,46,41,26,30,31,43,53,47,51,59,57,6,35,4,24,42,0,34,27,3,14,9,50,28,60
35,9,50,60,48,15,59,27,26,52,14,53,61,21,56,10,12,33,16,38,45,41,40,28,2,4,3,23,13,57,0,42,37,46,39,31,63,43,22,29,62,54,11,1,24,7,8,49,25,47,36,44,30,34,51,6,20,19,32,5,55,17,58,18
0,29,38,11,63,21,3,39,14,59,42,44,31,34,25,20,23,8,26,57,49,47,61,12,5,60,18,55,7,58,56,6,48,45,16,50,13,9,36,53,2,4,15,62,40,37,43,46,27,19,17,52,22,30,28,54,32,41,10,33,24,1,51,35
27,55,61,29,18,24,23,5,22,6,0,13,35,49,40,47,21,28,16,17,44,39,11,37,15,57,25,4,50,46,45,48,32,62,41,52,19,58,7,26,56,14,31,1,51,53,34,20,43,42,59,12,30,9,8,38,63,2,10,54,60,3,36,33
6,41,51,50,3,36,17,57,15,33,30,45,54,0,13,46,52,7,31,10,37,25,44,9,55,18,4,12,14,21,47,42,39,34,22,58,8,20,29,27,35,43,56,48,16,40,62,24,1,63,19,23,32,53,61,38,11,2,5,59,26,60,28,49
62,38,42,63,10,33,29,13,2,21,23,6,47,52,30,34,20,7,11,14,58,40,8,49,1,24,53,12,4,28,46,27,22,16,19,57,15,36,3,48,41,25,32,61,59,9,18,55,51,39,0,43,37,17,31,35,44,50,5,56,26,60,45,54
33,56,26,41,31,60,46,51,34,55,40,16,61,44,63,43,58,17,38,35,59,42,62,47,28,5,2,3,52,18,39,6,57,25,27,53,21,37,12,11,19,45,49,13,23,9,50,32,29,30,14,48,22,10,24,15,54,20,8,36,7,4,0,1
47,28,46,27,6,39,19,56,33,18,24,31,59,58,50,22,51,40,32,37,41,13,38,54,61,44,34,30,3,17,8,57,42,2,4,26,60,63,52,7,55,12,29,36,14,62,16,15,10,11,48,45,21,9,20,0,23,1,35,43,53,5,25,49
46,50,32,4,13,60,62,9,38,28,21,53,0,22,42,12,24,5,58,40,57,51,3,18,25,31,59,61,43,8,2,48,17,37,35,29,49,30,14,27,19,11,44,26,33,6,36,7,41,45,16,54,47,55,20,34,63,52,23,1,39,10,15,56
8,62,4,40,45,33,41,9,44,56,54,61,17,29,48,28,63,47,31,11,38,35,20,32,26,13,3,36,5,22,49,37,25,10,55,53,16,46,15,14,60,18,30,19,42,39,27,58,0,6,12,24,34,21,2,57,43,23,52,59,51,50,7,1
60,35,38,0,20,55,32,15,27,33,16,8,30,56,40,28,9,3,14,11,61,34,49,58,36,59,29,13,48,26,31,41,24,21,12,22,1,39,37,7,45,52,62,50,17,19,42,10,53,46,23,18,63,6,47,57,51,2,4,43,5,25,44,54
47,25,33,53,58,52,9,55,54,61,24,3,56,29,8,59,49,36,45,30,28,23,51,48,12,34,14,19,0,41,40,39,11,2,60,5,10,63,37,38,7,43,31,35,62,57,17,13,18,15,50,44,6,32,20,27,26,4,46,42,22,21,1,16
4,27,1,53,44,61,58,7,13,54,34,24,20,8,19,14,26,10,56,21,35,47,37,17,43,28,59,25,11,15,30,0,48,40,62,51,9,29,50,42,22,36,63,39,32,49,57,12,33,18,31,23,3,5,2,60,45,6,38,16,55,46,52,41
42,3,41,24,37,49,18,7,48,25,10,8,33,46,4,20,62,39,55,56,60,40,12,27,21,28,63,47,6,5,53,23,61,1,11,36,2,43,57,13,0,17,9,30,59,32,29,15,31,38,45,22,34,51,58,19,52,44,50,54,26,14,35,16
5,53,52,30,17,48,11,37,14,8,47,44,10,40,16,2,15,23,7,26,0,9,60,18,43,21,35,56,54,45,38,3,34,62,12,24,41,13,39,28,57,63,55,42,46,31,6,51,32,22,25,36,1,59,19,33,49,50,4,58,61,27,29,20
11,7,57,5,34,8,36,23,9,54,58,55,21,43,37,35,50,53,16,41,38,51,33,2,13,63,0,31,27,30,3,60,49,14,44,62,15,40,59,28,18,17,61,26,24,46,45,1,10,20,19,52,39,47,29,4,32,6,42,22,12,48,56,25
34,32,44,35,20,63,18,5,24,48,61,31,6,60,55,9,21,45,14,13,54,56,62,36,23,3,58,25,29,0,15,51,57,37,12,22,8,28,47,27,4,33,38,1,52,39,46,53,41,59,30,2,49,10,11,40,42,17,26,50,16,43,19,7
28,35,52,63,20,26,41,58,0,7,25,32,16,17,1,31,13,62,47,19,61,43,53,39,10,4,8,44,48,60,15,56,50,29,27,14,5,45,2,11,59,23,51,54,57,33,55,6,36,21,34,3,9,24,22,49,30,18,37,40,38,12,46,42
59,18,24,34,60,9,31,3,50,42,51,8,28,37,63,26,25,38,10,53,54,49,17,0,47,11,22,32,5,23,35,20,27,55,12,52,16,30,6,36,58,57,19,48,29,56,40,46,13,45,33,14,62,41,44,43,2,7,61,4,1,15,39,21
30,42,26,2,10,31,61,12,11,28,45,52,33,51,20,57,25,55,24,41,4,23,35,46,5,50,14,40,43,48,21,39,38,3,63,56,47,37,34,6,15,27,22,13,62,53,0,1,49,7,29,17,44,32,54,16,60,58,9,18,36,8,59,19
36,62,43,16,9,52,20,59,14,47,60,17,44,46,22,31,23,53,25,39,11,35,49,32,6,19,0,55,51,1,28,21,63,18,56,37,48,42,26,8,3,54,45,40,41,38,34,57,13,5,29,2,7,30,10,50,61,58,33,4,24,27,15,12
47,4,35,21,16,0,46,53,32,7,51,9,6,43,17,60,40,58,48,26,57,54,3,61,25,12,52,34,45,19,56,14,30,15,10,38,18,42,62,63,2,20,13,44,29,55,5,49,1,37,8,11,33,24,36,22,28,41,23,50,31,59,27,39
10,57,51,19,7,54,23,43,13,37,40,12,34,56,35,6,53,59,21,42,47,52,15,16,26,32,41,60,17,58,38,25,44,5,29,28,0,49,33,31,61,62,36,30,3,48,39,45,1,50,4,14,18,2,27,20,22,46,8,55,24,63,11,9
15,7,50,52,37,45,3,33,39,56,36,62,11,30,29,46,24,12,51,19,63,26,25,57,18,35,55,38,53,21,47,58,32,40,17,2,22,6,60,27,28,59,61,9,20,23,8,42,49,44,1,4,34,54,14,16,31,41,5,10,43,13,48,0
58,7,13,34,50,41,63,62,19,53,44,11,33,47,28,59,0,31,15,37,6,5,43,56,14,46,42,9,16,1,29,52,18,27,26,8,4,10,3,30,60,54,40,21,49,25,36,24,61,17,23,32,48,22,51,2,45,20,55,35,57,39,38,12
8,60,37,15,49,11,1,31,41,28,52,24,0,18,29,43,48,27,61,12,19,17,59,30,58,45,35,21,20,54,4,13,26,25,2,46,36,23,32,55,47,56,57,40,38,42,44,62,51,33,34,22,53,3,7,9,10,5,16,6,39,50,63,14
52,57,63,16,3,56,34,42,55,5,29,31,30,33,19,48,62,0,58,46,14,39,32,4,22,44,49,25,8,10,1,27,17,59,47,11,43,26,20,51,35,18,28,61,45,15,53,41,6,21,24,36,12,60,2,40,9,54,7,37,50,38,23,13
18,11,61,27,53,49,28,32,17,31,58,33,8,4,14,6,40,10,15,16,26,57,37,34,24,48,43,3,52,56,13,50,20,36,25,41,38,47,5,21,44,22,59,12,2,29,46,35,60,1,45,51,30,42,62,19,0,9,23,55,39,63,54,7
44,41,25,28,2,8,4,40,23,6,43,31,49,46,32,12,58,29,5,3,47,51,39,60,45,27,55,14,10,63,52,15,24,21,22,36,7,35,0,13,20,62,53,34,26,54,9,37,33,1,61,42,18,57,11,30,19,59,50,17,16,48,56,38
13,28,41,50,56,30,15,21,58,27,17,16,12,33,3,42,54,36,48,20,39,19,61,7,5,47,63,40,2,51,11,49,14,53,24,4,43,35,45,23,29,59,52,31,46,8,44,55,26,34,62,22,25,32,60,0,18,57,37,6,9,38,10,1
11,50,25,6,58,47,38,27,52,14,54,46,18,35,37,53,34,4,20,29,12,17,39,22,0,5,63,61,43,28,3,57,16,49,41,45,7,2,40,23,21,48,59,55,44,31,24,60,19,32,33,26,42,13,15,30,1,10,56,51,62,9,8,36
36,51,62,31,44,23,40,33,47,11,25,39,59,53,18,42,22,6,56,41,21,16,38,24,8,19,32,58,49,30,60,26,5,14,28,29,9,35,17,37,63,46,43,61,48,55,15,27,20,0,10,2,54,50,13,3,7,34,45,57,52,1,4,12
58,0,37,23,1,33,44,52,61,39,17,24,26,60,59,32,6,53,62,55,16,56,4,28,12,5,20,25,2,3,40,51,31,34,14,42,48,49,30,15,29,38,19,7,8,36,54,9,63,47,18,45,50,41,22,43,11,46,13,10,27,21,57,35
31,11,16,29,9,2,34,50,36,32,37,26,15,48,6,60,10,57,21,54,23,8,22,30,35,58,52,51,14,59,38,27,62,33,53,24,28,46,40,7,25,19,3,13,49,12,39,17,56,45,5,61,41,4,0,47,44,1,43,63,55,20,18,42
23,17,18,25,21,2,47,33,53,11,29,61,59,10,55,54,45,36,12,41,24,62,1,0,46,20,27,58,49,4,57,50,51,31,40,16,32,22,13,63,34,5,3,8,35,56,30,28,14,26,7,15,42,60,48,38,43,37,39,52,44,6,19,9
61,42,15,25,37,32,13,18,17,21,60,62,55,58,9,35,33,45,31,43,38,36,28,56,48,52,26,7,49,10,3,34,41,11,19,59,47,63,14,44,8,16,0,30,1,40,6,2,23,46,57,51,54,20,4,24,39,12,53,22,50,27,5,29
19,18,30,34,37,45,56,17,7,21,53,16,27,3,42,58,10,59,14,44,39,11,6,28,49,35,15,38,43,54,48,12,52,5,40,20,8,32,62,51,25,57,4,22,47,2,60,31,36,55,0,50,41,61,29,46,63,26,33,13,23,1,24,9
6,8,63,3,36,17,15,41,20,44,31,34,12,21,9,37,4,58,42,59,29,55,26,22,47,13,46,61,51,25,27,56,62,24,57,28,33,32,11,19,10,7,14,50,5,16,43,1,0,30,2,23,53,40,18,52,45,39,49,35,48,38,54,60
41,19,42,21,35,58,51,27,54,38,18,22,59,14,5,47,4,26,23,12,40,7,56,52,24,48,15,29,20,37,44,63,53,55,61,39,1,60,36,25,46,43,34,6,10,49,9,17,0,45,62,57,32,31,16,33,28,11,50,2,8,30,3,13
36,56,0,61,40,62,15,14,11,43,21,22,16,12,46,45,33,4,2,20,3,32,59,50,53,47,54,41,19,31,17,24,28,34,52,8,6,27,63,57,38,30,9,60,13,7,44,51,1,10,55,49,37,39,25,29,58,48,26,23,5,35,42,18
3,22,31,45,17,32,57,8,33,30,1,39,38,46,12,52,40,13,25,16,7,2,53,4,61,41,28,9,43,47,6,26,36,56,29,5,27,58,63,44,37,11,35,21,18,51,55,20,15,42,59,24,49,50,62,60,54,48,19,14,0,10,23,34
29,26,53,37,58,63,10,61,55,21,11,2,20,41,30,3,4,51,38,54,28,19,45,46,33,13,44,25,27,49,5,0,6,24,52,34,35,31,7,40,48,42,60,57,47,43,9,36,39,50,12,15,62,32,22,18,23,17,8,56,59,1,14,16
42,41,8,25,48,11,18,1,53,24,51,56,63,20,32,59,13,47,16,39,43,46,61,36,33,52,21,30,17,60,31,44,26,0,27,35,57,7,19,28,38,5,54,55,22,45,6,4,9,15,34,3,49,29,10,62,14,12,58,37,50,2,23,40
32,16,7,14,3,13,26,49,44,12,6,15,21,22,10,1,45,48,11,20,28,39,38,23,8,60,0,33,9,56,55,50,47,57,40,41,2,58,5,24,53,36,62,27,4,59,37,34,29,17,61,46,43,19,31,52,18,63,42,54,51,35,30,25
47,29,11,12,15,27,5,53,13,16,0,45,59,63,1,54,9,50,21,28,35,48,55,39,7,3,61,34,22,60,38,33,10,8,44,4,52,14,23,6,24,40,56,19,58,49,43,25,36,41,18,37,51,2,57,46,62,20,30,42,32,26,31,17
45,14,5,29,63,25,42,18,53,2,41,55,60,12,23,46,33,20,0,35,9,21,59,22,51,6,31,61,28,58,13,49,48,38,39,15,17,50,11,57,43,10,47,4,26,24,34,27,7,30,1,16,56,37,44,62,52,54,40,3,32,8,36,19
59,53,49,17,55,40,26,21,14,32,42,2,24,30,33,58,1,36,25,62,56,0,9,27,22,34,15,39,35,28,48,8,16,52,3,54,45,61,11,10,13,5,29,6,63,60,41,57,12,51,23,20,47,4,50,43,44,7,19,37,38,46,18,31
7,10,14,36,42,57,12,52,0,55,9,44,33,31,30,63,18,37,28,4,43,1,2,6,20,62,29,56,8,51,49,59,38,13,39,58,3,54,17,23,16,5,45,47,27,46,40,15,41,61,24,11,50,25,34,26,53,19,32,21,35,60,48,22
20,42,29,61,16,37,48,22,62,55,6,4,25,59,12,46,39,5,45,36,44,32,27,51,19,43,49,30,15,50,10,26,57,13,60,40,31,21,63,9,38,47,56,28,1,2,53,14,8,54,41,34,17,58,24,0,7,23,52,3,11,18,35,33
44,15,48,0,29,41,4,32,22,10,37,43,49,19,42,2,28,54,13,24,25,39,31,60,7,12,18,35,62,56,33,36,23,46,8,40,26,50,57,38,61,58,45,59,20,3,17,63,16,6,55,30,1,5,14,47,27,51,52,53,9,11,34,21
46,3,57,43,42,18,8,39,51,31,33,34,9,4,59,52,60,17,10,7,38,1,49,36,26,32,22,29,35,0,23,53,12,20,16,5,6,11,30,14,15,24,44,61,56,63,50,27,19,54,55,58,47,13,48,40,2,25,45,41,37,28,62,21
20,10,7,39,59,47,60,3,50,54,37,22,34,49,12,17,45,51,16,44,26,24,25,62,23,21,41,32,1,29,4,27,58,15,35,8,55,56,0,13,11,61,46,63,43,40,5,31,52,33,53,36,48,18,30,2,9,6,19,38,28,42,14,57
5,27,35,44,40,26,43,45,56,13,49,55,8,25,2,50,33,29,63,3,38,19,4,54,16,62,24,12,42,15,14,17,52,41,39,60,18,28,61,1,11,10,37,30,21,20,47,51,57,53,6,0,32,9,46,36,34,58,23,48,22,31,7,59
23,41,20,53,62,60,56,10,29,6,50,11,43,13,37,27,58,15,52,57,39,8,24,44,31,12,51,1,63,17,42,21,18,54,0,61,47,33,5,3,28,26,45,9,34,7,16,30,36,22,2,38,55,46,48,32,25,4,19,59,49,40,14,35
29,31,52,46,20,45,9,21,41,61,39,35,42,19,55,57,23,26,40,58,49,25,18,13,34,51,54,32,16,36,63,27,3,1,15,44,5,56,4,37,12,33,7,17,38,48,22,59,62,0,47,14,10,50,30,43,2,28,11,24,53,8,60,6
20,32,9,12,63,39,1,30,48,40,10,49,59,44,50,35,55,61,37,16,43,25,60,34,47,53,46,29,45,21,7,28,22,11,58,0,42,62,14,38,23,52,15,27,18,24,5,51,54,36,3,17,57,19,33,8,4,26,13,31,2,6,56,41
27,25,1,2,30,5,21,54,49,20,45,43,19,53,35,4,16,23,61,46,3,63,14,6,10,11,52,48,38,15,62,12,51,39,47,28,24,29,32,57,37,17,7,58,33,41,13,42,50,26,18,60,44,34,40,8,55,9,0,59,56,31,36,22
15,53,34,14,28,43,46,57,27,10,0,29,23,21,6,19,62,47,51,25,41,7,33,40,24,5,11,3,54,58,45,22,36,4,30,63,39,59,18,49,56,9,60,2,12,42,52,37,17,8,55,44,61,31,26,32,1,20,13,35,16,38,50,48
42,27,7,49,35,28,15,25,20,31,17,0,21,40,62,54,58,57,43,59,14,60,16,39,12,32,36,19,53,47,63,11,48,61,22,56,9,23,51,4,33,13,30,24,29,18,45,8,6,34,3,5,50,46,2,37,55,10,44,52,38,26,41,1
57,5,21,8,35,30,28,18,43,55,4,23,60,9,6,50,32,12,39,3,19,0,53,31,38,13,46,10,42,15,49,54,36,2,44,26,63,52,56,33,17,24,61,51,59,45,37,29,41,20,7,27,1,40,58,11,48,62,34,22,47,25,16,14
41,38,45,58,21,47,2,54,55,51,57,62,16,19,52,43,40,3,61,26,24,37,31,14,63,49,50,34,13,25,8,46,17,39,23,1,30,6,48,53,11,33,36,28,44,4,18,32,60,27,0,7,59,15,5,35,9,29,42,10,22,56,20,12
55,27,3,48,15,19,2,29,23,40,54,46,5,17,32,58,28,36,22,57,47,52,4,45,25,6,63,24,43,26,60,42,59,33,53,16,30,50,39,38,21,0,56,18,34,10,14,37,31,61,9,7,13,41,11,35,44,8,20,12,51,49,1,62
17,23,44,54,51,47,48,61,11,59,30,4,52,25,45,15,62,63,26,28,32,12,9,20,31,5,6,2,50,42,56,0,41,39,60,3,49,18,37,19,14,24,53,21,27,33,16,43,55,35,38,7,58,1,8,34,57,40,29,22,36,10,13,46
32,9,22,17,37,3,57,10,55,21,31,27,36,39,48,16,1,20,11,56,26,60,24,15,29,12,40,33,35,13,0,54,23,8,28,34,52,38,53,41,51,58,62,25,5,44,49,45,47,19,59,63,30,50,61,14,4,46,42,18,7,2,6,43
35,37,6,41,18,58,40,42,10,3,39,52,26,1,13,5,30,56,20,33,32,62,54,9,29,12,46,27,53,22,61,25,36,55,28,7,59,60,15,0,49,21,4,31,57,47,44,45,38,34,24,63,14,11,2,50,16,19,51,23,48,17,43,8
41,60,42,55,40,15,9,62,33,19,43,27,29,51,30,57,59,49,14,4,39,11,63,54,12,8,21,34,50,26,2,47,13,61,31,45,46,25,24,16,3,38,17,58,23,52,44,0,1,53,22,35,20,18,7,6,10,32,5,56,28,37,36,48
48,18,10,31,7,54,15,25,13,37,60,3,57,6,63,8,17,58,24,47,29,23,59,41,32,0,40,19,12,34,14,11,2,28,55,53,62,30,39,27,35,5,49,9,45,4,61,51,52,56,20,44,26,42,21,33,1,36,38,43,22,50,16,46
56,33,24,44,52,3,48,43,22,30,29,36,53,50,54,46,21,42,39,12,49,51,0,41,58,60,10,28,38,16,13,61,19,25,59,37,62,55,6,45,26,17,1,40,11,63,9,27,15,5,32,7,4,8,31,47,23,35,14,2,57,20,34,18
44,40,17,57,30,36,49,7,23,50,24,25,28,3,32,15,37,55,53,12,61,9,10,41,33,2,51,38,46,34,22,48,58,11,5,27,43,1,6,52,35,14,16,29,0,31,47,13,4,62,18,26,21,19,63,56,8,60,20,45,39,54,42,59
58,22,54,15,44,38,50,24,60,29,26,16,27,11,47,55,33,63,6,43,35,41,1,32,39,25,18,59,3,5,45,9,20,7,57,40,4,10,30,52,14,61,28,34,56,37,36,19,51,46,31,49,62,23,17,48,0,42,13,2,8,12,21,53
62,61,49,10,15,46,0,45,9,35,5,13,56,39,11,58,2,32,26,16,29,52,44,59,51,8,23,33,6,36,43,48,12,27,14,28,63,7,47,50,55,34,21,22,37,57,25,53,38,18,60,3,24,40,54,1,4,20,17,41,31,19,30,42
36,49,55,54,60,29,15,9,44,61,14,33,46,34,3,63,37,7,24,11,35,28,45,18,16,1,8,19,21,56,10,62,23,27,30,42,20,38,25,31,12,5,22,40,48,43,26,0,13,59,52,57,32,58,4,41,47,6,39,2,17,51,50,53
44,52,62,28,47,12,24,32,29,46,49,3,60,40,15,59,0,55,53,8,21,37,36,33,14,42,54,38,41,13,61,63,18,34,35,26,48,2,1,45,17,6,23,50,27,5,56,39,9,25,57,30,58,31,7,19,4,16,51,43,20,22,10,11
22,41,20,50,35,9,30,34,56,31,5,10,63,58,39,32,47,40,1,28,13,6,43,12,59,14,25,8,51,4,53,61,57,23,19,0,42,52,33,17,7,37,24,62,11,46,3,18,29,27,15,16,60,54,55,2,48,38,21,26,45,49,36,44
12,13,62,10,17,25,8,14,48,36,47,44,20,39,53,27,1,56,31,7,45,15,43,9,41,60,38,2,0,11,23,33,61,19,4,6,40,34,63,24,50,54,28,37,49,51,46,21,42,55,16,26,58,3,22,35,52,32,29,5,18,57,30,59
1,15,3,62,21,58,47,54,28,34,25,19,11,31,53,23,8,55,24,41,2,27,4,33,44,17,46,36,30,39,6,50,60,42,13,18,0,7,45,26,48,51,12,22,10,20,32,14,35,38,57,9,59,52,61,56,16,37,63,5,40,29,49,43
0,18,33,17,58,16,8,40,61,29,11,43,15,38,1,5,39,9,55,42,32,3,4,35,53,27,21,56,54,60,25,41,22,57,13,59,23,7,52,45,10,28,49,46,19,37,31,30,50,44,24,6,63,2,48,20,14,36,51,26,34,47,12,62
26,22,28,18,4,6,47,5,61,60,29,55,17,27,2,34,36,50,16,42,31,43,37,25,54,63,11,57,41,21,1,39,0,15,49,13,48,23,44,52,14,51,59,45,8,58,24,35,10,62,53,46,32,9,40,56,12,19,7,30,3,20,33,38
50,63,10,48,34,53,7,56,21,32,29,26,58,51,47,30,52,23,61,16,17,1,60,59,13,43,35,54,36,27,2,40,11,25,62,8,3,20,33,22,31,49,19,37,4,5,28,55,41,24,12,57,44,46,9,14,18,45,15,6,38,42,0,39
24,3,40,17,52,45,9,61,27,1,53,26,44,0,38,29,60,16,63,10,36,57,7,39,32,23,47,12,46,48,37,31,59,54,22,41,49,34,56,25,15,58,33,14,50,11,43,62,51,30,18,5,13,2,21,8,20,4,19,28,42,35,6,55
49,36,40,62,26,29,58,37,25,52,59,54,60,34,11,13,51,41,47,57,19,3,17,38,6,53,7,15,35,1,50,42,20,30,63,12,8,10,23,39,2,14,4,43,18,33,56,46,0,16,9,32,61,5,48,24,21,44,28,27,45,55,31,22
25,16,5,19,35,34,7,4,56,55,42,24,8,9,14,20,29,22,45,50,41,62,60,2,6,59,43,58,21,39,0,49,32,52,37,27,17,44,18,11,3,57,46,12,51,47,1,23,48,26,61,36,53,40,13,31,15,33,10,54,38,63,28,30
32,11,42,23,54,1,13,59,33,43,28,63,2,22,25,31,21,55,37,46,34,60,5,58,36,0,57,16,47,24,50,20,7,49,61,4,52,38,45,29,44,27,12,9,39,35,14,17,48,8,18,41,15,30,51,6,53,19,56,40,26,10,3,62
25,54,39,41,55,8,21,45,7,20,0,32,50,19,42,16,27,47,37,36,17,3,6,44,35,22,5,62,26,18,1,33,12,2,63,4,43,56,10,29,48,60,24,30,51,34,53,23,46,31,13,57,28,61,9,58,38,11,49,59,40,15,14,52
8,48,37,29,4,42,61,1,39,5,59,15,32,53,10,11,58,16,56,52,20,31,23,21,7,45,50,46,55,22,33,25,51,30,34,19,12,27,41,35,28,2,54,62,57,43,60,3,44,40,18,17,13,9,0,14,24,38,26,63,36,49,6,47
39,17,35,13,59,19,51,36,29,58,27,41,37,62,56,48,52,25,5,20,10,6,46,47,50,4,32,2,28,18,60,11,34,49,16,30,9,43,53,31,57,12,63,23,45,40,1,33,42,54,3,22,15,26,44,55,38,14,21,24,8,0,7,61
19,18,39,61,58,42,25,45,34,47,30,27,6,63,54,12,24,57,49,10,40,59,60,1,20,16,21,2,33,31,32,51,38,28,8,35,50,26,22,13,7,44,37,15,23,11,55,56,41,29,52,9,48,14,17,5,53,4,43,46,0,36,62,3
53,4,52,59,28,63,13,55,3,27,5,0,24,8,14,49,60,56,25,1,39,18,15,61,47,48,40,7,35,21,12,20,26,50,19,57,6,33,31,46,45,62,51,43,17,38,9,23,42,29,30,32,2,16,54,10,37,36,22,34,41,11,44,58
26,20,38,24,42,37,19,53,51,31,36,6,56,16,44,59,8,49,3,43,13,22,11,48,7,27,62,25,29,15,32,55,10,57,33,14,46,2,9,63,1,50,34,28,54,39,21,45,18,60,23,5,47,0,58,35,17,12,30,4,61,40,52,41
15,31,8,21,42,10,6,36,17,62,16,44,53,59,49,5,23,39,26,56,13,57,61,12,43,14,46,38,32,50,63,1,18,58,20,28,9,41,27,29,3,30,47,55,19,37,25,60,11,33,2,40,48,0,34,51,45,54,24,35,52,22,4,7
57,13,37,30,12,8,58,38,47,39,52,31,61,45,26,46,6,28,16,27,25,62,14,20,17,44,11,42,15,19,24,41,2,34,40,10,5,35,29,43,23,60,36,49,0,3,18,22,54,55,33,63,7,51,4,21,32,53,56,50,59,1,9,48
35,30,57,22,20,43,51,52,8,9,1,37,34,39,29,54,18,53,50,36,17,47,7,33,59,46,0,12,23,45,62,25,44,56,5,14,21,58,40,13,26,19,41,49,61,11,38,4,15,10,55,31,27,2,16,60,6,48,3,63,28,32,24,42
59,38,45,39,61,16,1,42,55,31,12,50,14,53,27,33,60,17,8,34,49,63,19,32,25,37,9,44,11,58,28,52,36,0,4,56,18,30,21,22,5,54,48,40,35,2,13,57,46,24,29,3,10,47,23,7,51,41,6,20,62,26,43,15
38,56,2,23,61,41,59,29,13,25,37,48,50,52,34,53,5,49,26,31,4,63,15,58,0,27,40,33,18,8,1,45,43,57,47,22,20,19,6,35,62,3,11,9,55,7,51,39,10,60,32,14,12,44,16,46,54,24,30,21,17,42,28,36
24,50,25,22,20,60,55,28,27,59,4,16,43,62,47,46,52,61,23,40,14,13,36,3,12,1,17,29,10,42,9,5,41,51,7,26,19,18,57,8,56,2,0,48,34,45,30,58,31,39,37,6,44,53,54,21,15,35,38,32,33,49,11,63
19,12,39,40,0,42,20,36,34,45,62,53,30,14,26,27,29,48,13,5,50,55,61,43,24,3,58,57,17,32,56,41,1,31,21,44,18,37,23,15,46,49,47,7,28,6,9,51,16,4,38,52,2,8,54,22,11,25,59,10,60,63,33,35
1,57,27,33,49,14,36,42,39,21,38,43,41,31,9,10,40,47,28,46,3,58,55,26,53,30,62,54,56,13,23,51,5,59,50,61,52,0,18,11,63,45,44,6,19,16,25,32,2,60,34,12,20,29,7,35,24,8,15,37,22,17,4,48
15,0,56,19,40,1,23,50,6,59,24,60,53,54,55,13,52,8,2,11,42,51,27,30,48,47,34,33,10,4,45,3,5,41,61,38,44,28,63,35,36,18,29,7,39,57,21,46,62,17,12,16,22,9,37,43,49,25,14,58,26,32,31,20
47,62,60,48,17,11,56,0,8,1,16,58,27,61,38,19,42,34,40,28,45,20,21,9,43,44,39,32,30,50,23,37,15,12,36,3,55,14,24,6,7,35,49,4,18,53,57,54,63,51,52,22,26,29,5,2,46,25,10,13,31,33,59,41
4,46,37,5,8,7,31,33,62,36,19,10,27,12,54,24,49,18,34,23,0,17,58,1,22,38,39,63,56,21,16,6,61,50,35,26,25,3,32,51,29,48,30,43,45,28,41,15,55,57,53,42,59,11,44,47,13,20,9,14,60,2,40,52
39,11,46,40,6,15,4,18,1,3,10,24,12,58,23,30,57,55,19,34,53,59,42,44,47,17,60,43,2,54,26,33,7,50,28,37,31,56,14,20,41,25,21,45,62,16,63,51,35,49,32,38,36,9,29,0,61,48,13,8,5,52,27,22
21,16,63,34,61,51,37,3,11,32,58,12,25,55,46,59,44,31,41,24,62,22,10,1,45,35,40,42,27,48,19,52,0,26,13,6,4,20,56,30,28,53,33,38,57,49,7,2,36,18,14,47,43,50,15,39,8,29,5,60,17,54,23,9
3,24,16,48,45,13,30,22,2,38,39,11,17,41,53,9,57,55,5,33,12,40,8,43,44,42,59,46,37,47,25,10,21,61,23,34,36,20,32,14,51,15,6,18,60,19,62,49,35,28,0,31,54,26,58,63,52,50,29,4,27,7,1,56
28,26,2,36,50,18,10,13,57,59,61,56,19,5,39,16,8,62,4,12,33,42,29,17,54,44,24,49,20,25,31,43,14,40,45,11,60,23,48,9,7,0,1,15,6,27,37,51,34,58,30,41,3,38,52,32,35,46,53,55,22,47,21,63
9,27,18,6,17,7,28,19,59,10,51,4,44,43,3,32,40,22,47,39,53,25,0,33,35,63,26,46,56,38,8,12,2,42,62,55,31,36,16,54,49,34,50,1,5,24,61,58,20,60,45,14,13,41,48,11,21,57,23,37,52,15,30,29
36,57,41,61,50,20,11,24,39,62,58,4,63,3,51,19,14,5,40,22,49,23,55,6,28,16,34,21,44,32,46,52,47,2,42,53,43,17,12,26,13,31,38,33,35,7,30,10,29,15,27,59,25,18,9,0,56,48,37,45,1,60,54,8
49,20,25,13,16,28,38,35,55,10,37,44,4,58,34,7,24,29,33,22,53,56,45,0,6,50,17,46,54,43,41,32,19,23,27,57,60,47,63,5,40,51,62,30,2,1,59,15,9,31,39,42,11,3,14,18,12,36,52,48,61,8,21,26
8,16,11,49,44,9,52,41,14,10,33,61,58,2,45,25,1,31,27,26,7,55,50,39,56,32,13,30,36,47,23,54,0,42,59,46,17,19,35,57,5,29,48,20,28,24,15,4,18,12,34,63,3,37,22,38,60,6,43,53,40,62,21,51
59,22,36,25,8,30,51,60,53,58,20,45,5,17,10,13,40,7,50,18,23,46,55,32,11,48,6,33,16,3,12,15,47,42,61,14,63,39,43,49,54,35,62,27,38,37,57,29,24,56,21,19,2,52,41,1,31,44,34,9,28,0,4,26
20,2,29,52,53,49,13,15,14,62,57,32,58,35,27,41,60,38,16,40,21,1,18,26,24,44,10,4,50,45,46,23,39,7,34,51,3,56,12,33,5,0,61,31,9,54,19,55,63,42,25,11,48,36,22,6,30,43,47,28,59,8,17,37
0,46,45,48,22,58,57,30,49,15,17,40,20,26,25,63,56,36,60,23,14,24,2,11,21,42,16,62,43,33,10,41,9,28,47,35,52,27,31,37,8,29,13,44,19,32,54,34,4,3,39,5,7,61,59,53,38,18,1,51,50,12,6,55
28,32,0,25,43,26,24,59,61,48,23,38,13,8,41,17,44,53,6,2,4,54,18,46,30,31,33,9,63,35,12,50,45,14,57,3,42,36,1,49,37,60,51,58,11,39,7,40,5,10,27,15,21,34,55,16,52,62,29,56,19,22,20,47
25,11,18,27,33,12,51,2,15,3,17,53,22,14,0,7,34,43,58,39,21,32,37,48,60,9,20,16,50,45,4,49,36,24,31,40,46,44,5,30,6,8,52,1,47,57,10,62,23,59,54,63,29,38,28,19,13,35,55,26,41,56,42,61
53,24,62,30,27,45,5,28,6,44,4,7,41,43,12,59,14,36,19,25,1,31,58,11,16,42,32,38,60,21,48,47,20,13,3,15,63,2,9,37,23,56,29,54,18,39,22,40,51,26,49,17,0,52,8,55,34,35,33,46,57,61,10,50
61,26,34,49,41,18,45,51,19,4,6,59,42,7,15,21,46,63,20,60,50,27,12,53,40,23,13,54,16,33,11,32,14,10,29,47,2,35,44,22,25,52,58,43,28,57,62,5,37,1,9,55,48,39,31,17,3,24,56,38,30,0,8,36
21,26,3,20,17,11,55,16,61,5,22,40,1,14,10,43,38,49,4,27,25,54,6,60,30,42,23,59,19,56,50,35,7,37,52,18,9,62,48,41,8,44,2,32,29,46,24,12,57,28,63,51,33,58,31,39,13,45,53,36,15,34,0,47
6,52,53,2,21,58,50,26,56,44,8,35,57,34,54,20,60,24,36,3,45,37,62,33,40,9,29,16,15,28,1,59,38,4,63,41,47,55,12,39,18,7,32,43,61,25,11,10,49,14,48,19,51,17,0,13,5,46,22,23,31,27,30,42
11,2,27,50,46,5,56,0,24,43,19,17,3,25,58,55,45,62,39,10,18,41,20,13,36,12,44,26,47,32,63,54,59,16,7,49,40,28,8,35,15,34,51,57,21,33,52,60,38,31,14,30,6,9,1,48,22,42,23,4,53,61,37,29
59,52,48,62,61,39,41,42,9,55,20,30,2,23,17,54,50,31,18,22,29,25,7,63,34,33,5,14,32,58,13,45,12,36,60,10,8,57,47,11,49,27,56,46,15,19,51,53,43,6,37,38,4,40,21,28,26,0,44,3,1,24,16,35
35,22,24,48,45,28,16,21,25,62,47,34,39,5,18,29,33,6,1,50,52,49,4,42,40,19,0,3,7,26,15,12,31,63,58,38,8,57,14,55,20,27,10,54,51,2,43,32,37,41,13,56,44,59,23,46,36,53,11,30,17,60,61,9
60,14,54,20,3,1,45,25,36,34,9,30,6,21,51,31,15,42,28,59,35,52,63,13,58,48,5,53,41,23,47,2,22,57,16,17,43,39,7,38,49,12,37,29,24,55,18,8,19,0,10,33,40,62,50,46,26,32,56,27,11,44,4,61
7,15,1,21,25,62,27,33,48,30,11,54,45,29,34,10,49,24,4,32,43,3,6,63,53,20,57,61,52,22,56,16,46,41,58,47,17,36,13,14,5,28,12,8,60,31,59,18,9,38,0,50,39,26,23,55,40,19,51,42,35,37,44,2
31,62,39,3,19,35,17,36,63,12,26,18,59,21,43,15,48,11,45,24,0,1,61,42,47,60,30,34,53,49,23,5,58,4,28,7,13,8,38,54,32,40,25,14,50,46,41,2,44,10,56,9,51,52,55,33,6,29,22,27,57,16,37,20
7,5,23,33,14,38,41,54,57,11,13,32,49,53,51,42,58,21,63,16,15,6,36,8,9,60,28,10,26,50,40,45,18,61,30,52,56,37,62,20,48,34,27,46,4,39,19,55,2,3,1,59,44,31,25,29,47,43,0,35,22,17,12,24
17,41,47,54,60,12,14,5,32,16,30,6,26,53,50,24,59,44,35,46,8,4,3,9,23,27,1,13,11,45,40,0,52,20,15,29,56,2,55,42,31,28,49,7,58,19,10,37,63,18,34,39,25,48,22,62,38,57,43,21,61,33,51,36
18,10,33,21,0,39,38,13,36,40,43,12,58,57,47,22,32,25,3,51,60,2,56,63,55,50,62,20,19,11,41,35,29,52,27,6,7,49,1,9,37,44,53,61,4,28,24,8,23,14,54,16,48,17,30,15,46,34,26,45,5,59,42,31
41,62,51,17,58,24,52,59,1,57,53,11,63,6,37,21,42,44,9,27,7,12,43,38,15,40,46,14,55,2,30,29,60,28,33,25,50,54,45,8,18,0,39,48,26,13,19,16,32,3,61,22,56,10,4,34,49,36,5,31,23,47,20,35
56,42,21,28,55,32,20,3,63,25,48,7,11,26,41,13,40,10,36,15,62,27,22,52,17,46,19,57,29,16,50,24,60,1,34,61,54,0,12,59,58,45,9,18,5,14,6,43,53,37,33,30,39,4,51,23,47,2,38,35,44,31,49,8
22,25,26,14,33,63,58,62,23,34,9,49,48,53,39,37,3,52,0,4,27,11,35,18,1,45,38,44,59,56,2,13,54,19,12,20,47,51,31,55,32,36,40,41,5,7,61,10,50,60,8,21,15,57,17,24,42,16,6,30,29,28,46,43
46,24,31,8,47,63,52,23,45,15,34,4,17,53,7,29,5,20,11,28,6,50,51,48,27,54,9,36,12,57,14,35,62,25,26,33,55,10,61,38,44,2,30,18,56,59,39,3,32,1,58,41,42,37,13,40,21,49,22,0,19,16,43,60
61,36,11,62,27,37,6,57,52,3,51,22,14,56,41,1,60,13,39,9,15,21,25,2,43,23,33,47,46,53,30,45,10,54,26,42,48,29,12,59,20,7,40,58,19,44,38,18,50,34,28,49,31,0,5,32,17,8,35,16,4,63,24,55
13,15,12,22,50,55,28,25,38,32,19,60,30,0,39,59,34,2,11,27,35,3,26,9,36,31,53,58,7,10,23,61,48,6,57,4,54,44,49,17,20,14,47,8,16,5,33,42,63,24,56,52,62,43,21,46,18,1,41,29,45,51,40,37
54,24,37,25,59,50,3,21,60,6,32,61,41,34,18,5,56,52,45,22,51,39,10,19,40,58,20,46,30,62,17,15,26,48,63,29,28,38,53,2,4,14,57,7,9,16,35,27,47,13,42,12,55,31,36,11,44,1,0,49,23,8,43,33
8,1,37,50,22,15,2,52,7,26,28,16,57,35,4,54,45,39,27,3,23,5,61,47,51,49,33,55,48,25,36,42,62,17,41,59,34,9,60,31,19,6,56,46,10,43,0,20,29,58,24,32,63,53,21,40,44,11,30,38,14,13,18,12
12,10,52,23,25,24,55,30,13,42,38,26,9,15,8,63,51,19,39,57,43,6,48,50,33,3,35,21,31,47,32,7,60,0,41,17,5,40,2,49,59,29,58,61,27,54,34,16,20,45,36,37,11,4,28,1,46,22,56,53,14,62,44,18
45,5,2,44,38,47,35,25,3,24,16,9,0,58,14,59,40,32,53,11,57,12,29,41,43,37,1,56,18,60,17,54,28,42,36,26,49,34,62,30,48,27,23,52,50,6,61,10,33,19,31,55,7,4,39,13,21,63,8,22,15,20,51,46
35,36,27,61,8,49,20,39,5,6,1,13,59,10,19,43,3,2,15,30,23,17,40,54,41,47,51,37,26,34,22,33,42,24,18,60,31,50,32,58,12,56,55,63,44,4,7,16,29,57,48,46,9,53,45,52,28,14,11,21,0,25,62,38
32,36,30,37,35,19,57,27,51,54,10,13,52,46,15,5,47,7,29,45,22,61,6,24,31,41,2,33,1,14,17,4,62,40,26,21,0,63,34,16,39,25,20,50,55,12,59,56,8,43,9,38,23,44,48,53,28,42,58,18,49,60,3,11
45,50,58,60,6,15,5,52,53,36,59,37,20,1,51,38,47,12,56,24,10,55,41,43,14,30,63,13,17,7,11,16,39,62,2,8,9,19,40,57,4,3,23,28,32,46,25,49,44,29,27,31,26,0,22,18,21,34,33,42,54,35,48,61
44,4,3,43,2,11,49,38,6,56,40,13,19,55,50,35,28,9,27,31,47,45,23,22,16,62,33,60,61,37,15,46,36,53,41,63,32,7,52,34,42,21,0,54,14,59,57,18,48,20,24,26,25,51,5,10,30,29,39,8,12,17,58,1
6,57,53,54,5,27,39,1,11,35,33,3,25,45,0,32,17,38,40,41,21,31,26,2,24,28,8,13,18,14,7,60,22,30,58,10,36,16,61,46,49,51,59,42,37,56,20,19,55,23,62,34,29,48,15,9,47,52,4,12,50,63,44,43
59,31,53,7,50,46,9,21,18,62,4,32,41,33,63,13,2,27,17,12,49,19,54,39,23,15,52,55,16,36,14,40,34,48,1,37,38,44,42,24,25,61,43,11,0,28,29,58,60,56,47,51,10,3,8,22,20,30,5,35,26,45,6,57
59,30,17,16,9,23,57,38,40,20,44,22,48,0,27,25,50,58,3,43,52,42,11,32,62,60,24,19,37,61,12,21,51,55,46,56,10,54,6,2,14,47,63,41,31,53,36,8,34,33,39,4,13,35,26,45,29,1,28,49,5,15,18,7
4,43,61,36,6,17,46,62,22,48,63,3,28,14,5,52,20,42,50,19,38,56,10,2,37,34,55,53,60,32,15,47,59,31,51,44,39,58,13,12,8,29,41,9,57,0,25,49,27,21,30,24,1,26,35,11,54,23,45,16,18,40,33,7
3,14,55,31,58,43,35,22,11,19,4,10,28,59,41,5,8,49,24,42,36,37,25,23,34,63,29,39,52,2,7,45,62,54,0,53,20,46,6,9,60,61,1,26,51,17,27,47,30,56,21,57,38,15,33,40,18,44,32,48,12,13,16,50
47,5,16,25,40,42,49,35,32,38,36,33,8,3,53,4,2,30,27,58,41,18,23,43,48,20,14,15,56,28,0,7,63,37,26,22,17,11,51,21,6,54,29,1,24,62,45,44,10,19,50,57,55,9,34,13,52,59,12,61,31,46,39,60
36,57,4,46,16,23,41,56,38,59,9,19,55,10,24,1,3,12,15,33,2,22,34,18,7,32,62,50,39,37,61,26,51,5,45,8,21,20,14,49,47,54,13,0,6,35,60,30,53,48,11,28,42,29,25,63,52,43,27,58,40,44,17,31
23,47,49,45,44,9,42,50,12,29,1,17,57,2,52,39,60,40,28,27,20,3,51,46,48,31,30,21,25,36,4,55,22,53,13,61,16,33,11,14,62,35,19,6,5,34,43,56,18,63,0,26,54,37,7,15,10,41,58,32,24,8,38,59
59,44,39,46,33,14,10,38,28,1,21,32,2,25,3,63,22,56,62,58,17,40,27,8,13,43,9,7,47,52,36,50,60,53,37,57,41,26,4,54,29,5,19,34,51,42,30,31,12,11,16,24,48,18,61,35,49,20,15,0,45,6,23,55
60,8,30,54,26,20,31,36,33,49,41,61,63,51,57,42,23,32,58,24,48,46,12,56,52,3,53,44,18,39,25,9,34,0,22,43,37,35,17,27,55,14,50,19,4,28,11,7,6,10,2,1,13,21,16,29,59,45,40,15,62,5,47,38
36,33,27,25,20,48,43,4,63,52,56,5,10,54,55,30,46,40,7,14,2,11,15,9,19,0,41,50,8,16,45,42,32,37,59,12,26,3,47,51,58,31,39,6,17,23,24,34,18,49,22,53,29,13,28,1,21,60,57,62,44,61,35,38
2,40,26,44,35,55,42,36,46,15,49,25,53,34,19,9,22,57,7,13,17,12,31,10,20,47,8,58,43,5,62,59,14,21,32,4,29,38,27,63,54,6,11,23,48,30,3,52,50,16,24,33,28,61,51,41,39,0,1,60,18,37,56,45
12,52,29,41,62,19,25,63,16,8,57,17,23,28,18,38,26,55,14,60,6,13,1,4,53,11,7,3,15,0,48,2,45,61,36,47,44,33,51,43,42,54,30,22,49,46,27,21,5,58,40,9,37,50,35,39,20,31,56,59,24,34,10,32
13,15,45,22,35,54,23,31,30,40,36,41,14,18,60,47,19,38,56,42,58,11,27,24,17,59,28,9,5,4,3,0,48,46,52,53,61,37,6,1,26,33,8,32,55,49,51,63,62,21,34,16,29,57,7,25,20,50,2,10,44,43,12,39
14,58,55,16,44,57,28,0,24,48,18,61,38,63,31,23,8,35,53,9,22,7,52,6,5,34,29,56,20,40,37,51,41,26,46,39,36,12,2,32,15,50,30,62,19,54,21,45,11,49,59,4,25,1,3,27,42,47,10,43,17,33,60,13
37,36,18,7,58,44,8,41,43,53,39,35,26,2,55,4,22,52,29,17,48,5,16,25,0,56,33,42,14,11,23,45,62,47,10,50,27,20,6,30,15,63,54,57,59,12,19,21,49,38,1,32,51,24,61,60,40,9,31,13,34,28,3,46
14,5,47,53,27,30,58,63,60,11,51,7,43,40,39,24,13,17,35,8,56,48,31,42,54,62,57,10,16,45,2,9,61,38,49,32,37,50,52,20,12,46,28,1,22,25,18,26,33,19,6,41,55,34,21,36,44,4,29,0,3,23,15,59
33,5,34,39,41,7,51,16,58,35,12,48,19,8,0,45,11,62,3,40,28,10,56,17,52,53,25,13,57,26,50,31,36,14,38,22,29,59,55,42,46,1,9,6,60,21,47,15,27,43,23,24,49,37,4,54,63,61,20,2,30,44,18,32
60,15,23,36,11,37,10,61,12,1,58,48,42,38,28,13,52,2,59,24,3,26,21,22,44,56,57,17,41,46,29,4,33,5,40,0,20,45,53,9,63,19,7,49,31,54,47,8,30,39,43,6,34,50,25,32,16,55,18,35,27,51,62,14
12,5,46,11,57,48,39,59,4,3,32,31,0,23,1,34,19,47,27,51,42,26,7,54,22,16,53,60,9,15,45,40,8,61,43,18,33,49,35,20,10,24,56,29,58,17,52,63,14,37,30,21,41,13,6,36,62,25,55,2,38,44,50,28
25,33,48,34,58,44,53,24,2,37,21,50,30,11,20,59,15,3,14,51,16,43,0,47,1,60,13,40,61,5,35,32,23,27,38,42,57,9,17,7,54,4,41,45,26,31,36,56,6,39,63,12,29,19,18,22,46,49,55,8,52,62,10,28
46,4,8,18,43,31,53,33,30,52,48,59,38,45,36,61,24,15,60,19,20,6,49,50,62,28,57,25,58,39,16,35,32,29,56,14,3,42,1,22,5,63,27,54,44,41,10,9,34,51,55,21,0,7,12,47,26,17,23,40,11,37,2,13
50,32,6,46,0,19,59,4,7,2,36,12,23,26,30,34,18,15,28,14,60,25,42,58,24,11,39,62,53,54,33,55,1,5,27,13,63,57,31,21,43,45,40,29,20,47,49,37,52,17,38,41,9,51,10,35,3,22,44,56,61,8,48,16
34,0,17,20,28,13,55,19,54,9,33,62,11,47,53,58,45,18,27,48,51,25,30,6,5,8,1,35,61,52,56,31,24,50,36,2,7,21,40,43,12,3,16,38,41,29,49,10,59,32,39,26,60,15,37,57,14,46,22,63,42,23,44,4
55,28,9,13,52,8,31,7,30,4,29,22,40,24,34,43,58,54,33,3,14,35,32,0,17,5,53,60,36,21,46,2,44,25,38,51,57,56,10,15,20,48,12,11,49,45,26,16,50,1,27,41,37,59,19,18,39,23,62,47,6,63,61,42
20,43,1,49,12,61,38,56,35,11,7,27,24,15,59,60,47,25,52,58,8,18,2,62,16,32,31,28,21,5,39,0,44,50,33,30,40,55,63,54,22,41,57,19,4,14,45,3,29,17,37,34,42,9,10,48,23,13,51,53,26,36,6,46
59,53,23,22,13,50,31,51,42,19,0,43,10,30,18,16,39,15,63,8,33,3,57,11,60,56,34,58,61,7,54,45,21,47,27,20,46,41,2,55,35,9,6,14,44,29,62,5,4,36,25,32,26,49,24,28,37,1,48,52,38,17,40,12
36,21,28,29,39,44,11,61,4,40,38,19,56,48,43,3,53,62,10,20,33,8,5,2,30,57,24,41,60,14,54,42,59,0,12,35,55,7,63,49,51,50,22,17,1,13,16,32,27,23,25,46,37,58,26,45,34,15,31,9,52,18,47,6
35,48,42,55,31,41,4,33,3,57,26,46,60,52,34,13,27,0,36,19,53,45,1,50,39,30,38,49,23,62,15,9,2,12,21,40,47,25,58,61,6,51,59,11,16,37,18,28,63,22,5,14,10,24,29,32,20,56,7,17,8,43,54,44
39,33,27,11,10,15,20,13,19,32,58,60,38,59,50,52,0,1,3,54,35,5,37,41,14,53,7,40,56,47,44,51,21,24,48,6,25,36,23,61,9,46,12,4,57,49,26,18,63,16,42,55,31,45,30,28,8,17,62,29,2,34,43,22
45,6,26,11,14,7,32,60,63,41,57,37,40,55,46,52,43,49,54,48,1,35,8,30,58,16,56,29,22,20,12,39,24,19,17,33,25,5,50,34,18,44,15,59,61,53,42,21,38,36,28,27,10,3,47,62,0,4,31,51,9,13,2,23
10,51,59,55,18,38,46,52,4,45,0,40,36,21,33,1,6,15,3,8,22,48,2,25,37,20,62,28,50,14,5,63,19,57,9,31,26,56,35,30,58,23,27,49,39,11,16,29,47,12,54,42,34,44,24,13,17,60,41,7,53,61,43,32
33,43,62,14,5,10,12,41,24,9,54,37,59,13,57,17,39,32,50,29,63,60,21,51,26,2,28,42,15,55,1,36,18,34,38,45,20,61,53,8,46,44,27,0,31,49,58,23,7,25,22,19,11,56,40,52,48,16,4,3,6,47,30,35
25,9,35,0,5,53,46,34,37,18,45,11,6,15,44,58,48,57,38,24,43,40,13,26,61,63,7,49,60,21,56,28,52,23,50,1,30,41,54,2,55,4,62,8,14,3,39,42,12,31,59,36,10,33,29,17,32,19,47,20,16,27,51,22
8,22,47,46,6,31,12,11,24,35,48,10,57,23,50,63,13,30,29,4,41,55,56,40,52,17,38,39,42,5,15,60,59,53,44,61,3,19,51,16,43,14,1,62,34,26,9,0,27,36,54,49,21,28,32,33,58,45,7,2,18,20,25,37
47,57,11,44,41,50,14,9,46,6,35,27,30,1,52,37,5,23,16,0,54,12,31,56,2,53,33,60,39,22,17,58,7,43,34,25,19,15,8,38,18,59,45,24,13,42,48,55,49,28,20,36,32,21,10,51,29,3,61,26,63,40,62,4
52,47,25,49,12,27,2,44,50,19,36,9,42,59,26,0,5,28,63,8,60,4,20,38,40,1,46,41,34,13,16,43,33,11,10,61,6,24,48,53,31,62,45,21,3,22,15,7,37,30,58,14,18,57,17,39,35,54,56,51,29,55,32,23
55,60,61,3,16,19,57,2,62,13,58,33,0,14,12,37,45,47,50,6,26,41,21,1,43,48,53,49,59,29,32,56,63,40,4,54,11,35,10,17,30,38,52,27,34,24,20,51,42,7,8,44,39,36,9,25,22,28,23,15,46,18,5,31
37,22,10,41,43,47,15,63,0,44,49,34,5,45,57,18,53,13,12,16,38,50,60,23,4,39,31,6,33,14,36,62,30,35,61,52,19,59,32,58,24,48,27,51,25,7,20,17,55,56,2,21,42,9,54,26,40,8,1,29,46,3,11,28
15,23,37,53,58,46,60,50,44,41,26,47,42,2,49,24,51,36,40,18,34,7,52,14,21,9,38,32,33,31,1,29,39,62,25,17,3,57,54,56,6,35,0,10,20,59,45,28,48,12,63,5,27,8,13,43,19,4,22,61,16,55,11,30
32,11,10,16,41,33,63,43,0,17,31,44,8,38,15,23,56,45,3,34,6,53,18,5,58,49,7,54,2,42,55,57,26,27,12,51,47,29,20,14,28,35,39,62,1,36,48,60,37,52,22,19,4,9,21,61,59,25,50,30,24,40,46,13
12,8,62,54,41,28,36,43,5,9,4,49,32,15,55,20,19,60,3,10,48,30,16,56,6,53,37,61,1,17,58,27,44,25,0,29,11,57,47,21,35,14,46,59,13,22,31,40,18,50,33,38,52,2,42,23,51,26,7,45,24,63,39,34
14,30,18,6,13,31,22,20,25,50,34,12,63,62,3,9,29,59,54,52,23,44,24,21,10,60,43,5,37,51,49,19,33,35,55,40,11,42,15,1,36,2,17,53,7,16,61,28,8,4,39,26,32,38,57,48,41,0,27,47,45,58,46,56
56,28,24,46,27,58,11,30,44,5,33,37,21,23,16,60,29,34,9,48,61,57,55,42,63,40,8,43,59,6,39,54,18,50,14,25,49,22,3,31,41,51,15,10,1,2,12,47,52,7,19,53,4,20,36,13,0,32,35,17,62,38,26,45
6,59,50,22,56,12,29,10,4,58,46,21,36,53,1,34,31,23,44,27,40,13,33,45,32,52,17,39,61,28,43,15,8,5,60,20,48,18,19,7,2,24,47,16,49,54,51,3,37,38,0,62,9,25,57,14,41,11,42,30,35,26,63,55
50,20,47,27,32,13,10,19,3,55,1,41,44,21,58,17,40,38,48,37,23,18,33,51,24,0,2,62,6,12,63,56,46,52,45,53,9,8,59,61,49,14,28,29,60,22,39,11,30,43,31,36,34,5,35,57,54,4,26,16,42,25,15,7
8,15,55,40,54,33,22,44,1,20,29,45,43,16,24,57,7,10,9,49,51,23,46,32,52,19,42,56,5,59,6,14,63,61,25,27,39,26,62,41,30,47,4,3,28,18,50,12,13,11,60,31,48,0,21,37,2,34,58,35,38,36,53,17
32,29,4,40,15,38,16,63,6,24,10,8,20,62,23,41,1,21,25,7,5,34,14,47,56,26,57,31,28,11,3,50,37,51,36,39,27,58,60,35,45,13,0,54,61,17,19,53,59,42,9,33,46,22,55,49,44,18,52,30,43,12,48,2
57,25,7,52,14,20,47,23,48,9,51,22,13,30,26,32,33,46,53,19,15,4,44,38,16,29,50,5,63,42,59,49,10,40,61,60,39,45,2,55,58,41,12,1,0,11,62,56,3,36,21,24,27,28,34,31,18,43,37,6,54,35,17,8
2,23,42,27,37,47,55,9,21,18,11,6,39,59,58,10,43,22,52,50,0,60,38,49,33,34,15,14,61,16,45,30,29,44,46,63,56,20,17,1,3,24,51,19,4,40,31,25,5,32,54,35,7,8,41,12,57,13,48,28,36,26,62,53
22,34,7,55,62,42,21,52,6,37,29,9,28,41,47,26,5,49,39,0,61,12,46,27,51,13,45,32,17,33,35,50,58,53,20,31,8,18,40,57,44,19,16,36,25,14,10,43,48,30,11,4,2,60,1,38,23,3,15,63,59,54,56,24
6,19,13,52,7,33,21,54,58,16,43,44,29,5,32,39,56,37,9,46,26,63,47,61,30,31,18,38,36,1,35,42,23,22,45,20,41,34,59,14,28,8,4,0,24,40,60,48,49,53,57,15,62,51,2,3,27,17,10,11,25,50,12,55
47,61,50,55,57,54,49,30,34,20,4,11,53,41,23,5,56,38,45,9,42,14,13,59,10,1,26,36,32,51,60,44,18,52,39,3,31,27,33,29,58,24,7,46,25,28,12,8,17,43,35,15,62,6,48,22,0,19,40,2,16,37,63,21
44,9,1,33,56,36,5,57,40,39,59,19,13,29,52,42,35,2,10,54,23,11,63,53,61,3,16,7,47,31,60,8,0,34,4,55,27,46,25,30,14,45,38,18,58,51,20,17,26,37,43,12,15,24,32,6,22,50,21,49,48,28,41,62
27,43,5,51,33,10,21,58,6,19,34,40,2,45,59,55,62,52,37,42,9,56,31,30,12,1,32,3,41,16,35,14,11,60,47,63,61,36,49,22,28,24,4,20,46,8,17,29,18,26,48,15,7,38,50,54,44,57,13,25,23,39,53,0
9,59,42,28,11,48,34,46,8,15,32,52,33,13,6,0,22,60,18,31,53,5,62,27,10,14,23,4,35,12,21,45,24,63,40,47,39,7,20,1,19,43,25,49,58,38,56,29,26,54,37,61,17,50,55,16,36,2,41,30,57,44,3,51
18,1,26,33,0,61,42,40,6,20,4,3,44,17,38,34,22,58,60,37,47,36,41,63,10,55,50,49,8,51,39,43,29,9,53,48,19,23,13,25,57,35,30,5,28,7,11,2,31,16,32,59,56,14,54,12,45,21,15,27,62,46,24,52
17,27,11,53,1,57,41,25,37,5,56,32,10,22,51,29,24,8,6,49,36,50,14,2,30,60,44,58,21,13,45,16,23,47,42,54,63,39,0,33,20,61,34,26,15,38,43,19,28,62,4,9,52,31,3,55,35,46,18,40,59,48,7,12
35,5,40,0,42,55,8,59,52,9,57,10,30,49,47,46,63,31,3,1,26,15,37,48,7,4,25,51,62,23,28,6,24,61,22,41,34,17,36,43,54,44,27,58,32,38,18,60,29,11,12,56,21,19,16,14,50,33,53,20,45,13,39,2
54,17,36,20,39,40,2,60,10,7,8,55,4,63,11,41,24,42,59,22,26,16,19,15,27,0,25,3,33,58,13,57,51,21,9,12,50,37,62,14,34,30,52,46,29,47,1,38,48,44,6,28,5,23,31,35,45,43,53,18,56,49,32,61
22,35,30,27,7,53,56,0,20,4,15,19,51,49,13,52,41,9,50,39,32,14,47,37,26,62,17,57,61,31,46,5,63,48,45,2,28,3,42,44,58,25,16,21,10,38,8,33,6,24,34,12,23,43,29,60,1,40,55,54,59,36,18,11
29,62,36,2,37,33,28,13,59,15,22,32,27,8,55,17,63,41,12,23,50,51,54,24,47,11,57,45,61,42,25,26,43,30,9,40,21,46,39,48,56,16,49,5,20,58,31,4,34,53,19,60,44,0,10,14,18,38,6,52,7,35,3,1
5,36,29,47,61,49,32,2,53,18,24,13,23,51,60,10,7,26,38,6,16,1,62,20,44,56,54,15,4,59,14,31,52,25,55,21,40,28,30,35,63,37,57,42,50,33,46,41,48,22,11,43,8,17,9,19,34,39,58,0,3,45,12,27
62,60,16,40,53,6,7,21,27,3,45,5,18,35,26,17,22,30,48,2,24,11,36,33,57,23,46,8,15,49,56,52,50,59,20,4,29,58,39,28,38,32,25,44,12,55,37,47,13,0,10,9,19,43,1,61,41,14,51,31,34,54,42,63
11,60,61,12,47,56,22,48,42,17,29,53,55,41,1,46,37,44,59,40,62,0,20,32,19,7,21,18,52,49,10,51,8,45,33,14,24,43,2,15,6,50,38,31,9,58,35,30,16,3,27,25,57,4,23,63,39,13,36,54,28,26,34,5
13,25,41,58,38,14,24,59,43,6,63,21,60,9,46,3,22,42,12,16,53,32,36,10,20,5,54,7,62,30,51,28,35,37,0,4,26,56,44,40,31,17,29,19,50,1,45,55,48,49,18,34,47,33,27,61,2,52,8,11,57,15,23,39
62,27,57,58,28,48,34,21,24,40,26,59,15,2,1,61,16,20,50,0,55,38,14,35,25,13,37,52,47,56,6,5,30,46,49,39,18,7,32,43,22,9,53,23,41,29,12,36,11,8,3,42,19,51,45,63,54,60,10,17,33,4,44,31
52,37,23,19,9,34,14,5,32,39,50,28,3,59,10,4,18,44,24,8,47,25,49,61,13,51,48,46,63,45,21,33,22,0,60,2,26,56,42,38,58,11,30,15,43,17,20,6,27,40,7,1,16,36,31,12,41,62,55,53,54,29,57,35
60,47,59,41,21,27,58,37,1,29,40,26,16,50,28,55,48,38,42,3,7,46,11,44,4,18,45,33,49,13,24,22,5,39,20,36,53,17,2,8,56,25,19,10,63,35,14,6,54,52,61,57,23,43,12,62,30,15,9,31,32,0,34,51
38,24,32,46,21,2,11,0,15,41,22,30,19,56,20,42,28,59,27,37,62,55,50,9,58,45,51,63,13,1,29,48,16,47,4,49,23,18,34,60,31,35,61,52,3,44,17,39,53,57,26,43,36,10,12,7,40,33,14,54,25,5,8,6
31,49,58,38,1,48,2,14,33,40,7,34,12,47,44,28,26,59,51,22,63,37,45,3,35,61,57,17,18,16,53,27,42,54,50,15,52,9,60,6,4,62,0,10,29,23,20,43,21,25,36,32,39,56,5,55,8,11,24,41,30,46,13,19
15,53,48,58,34,12,59,45,40,24,41,57,9,30,54,50,19,55,49,2,6,56,13,32,18,7,61,62,25,44,8,47,17,38,29,35,26,63,3,21,39,31,51,5,4,23,28,60,10,22,11,42,27,20,1,33,37,52,46,0,14,43,16,36
60,36,51,48,30,4,54,6,50,17,7,55,34,32,24,18,38,63,20,0,5,44,56,59,26,27,40,25,58,52,13,1,57,61,3,37,19,12,31,9,2,49,42,21,41,16,53,28,62,35,43,29,33,15,45,11,23,14,46,8,39,10,22,47
14,6,19,59,29,41,60,38,45,50,0,5,4,30,39,57,9,16,49,62,23,31,18,48,58,2,17,8,12,35,43,7,56,28,27,37,33,22,32,1,52,51,21,25,26,20,40,53,46,54,36,10,63,3,47,15,42,55,11,61,24,13,44,34
50,2,15,11,59,49,34,35,19,26,14,29,25,6,45,52,1,42,24,7,53,55,28,36,27,63,13,17,22,51,46,39,44,60,10,3,57,48,32,23,37,41,61,4,40,43,21,18,20,16,58,56,33,8,38,62,31,0,12,9,5,30,47,54
62,46,9,47,21,26,11,35,34,49,20,27,54,58,22,38,8,14,19,36,30,5,53,63,4,44,13,55,28,18,43,37,2,25,15,12,57,61,23,60,39,7,59,52,29,33,16,0,48,32,24,6,31,10,42,51,45,56,41,3,50,1,40,17
52,15,46,6,44,62,29,42,38,56,8,3,47,45,55,7,41,49,20,34,48,33,18,4,40,36,32,60,10,24,13,11,58,1,2,50,59,30,57,37,0,16,12,31,25,54,9,5,14,23,22,35,53,63,28,27,21,61,19,26,51,17,39,43
34,40,7,53,28,13,51,1,29,50,58,25,20,35,46,49,55,38,19,8,62,24,61,31,33,39,56,44,60,36,37,9,21,63,27,42,0,32,18,52,48,54,22,10,4,47,23,43,5,6,26,3,2,41,57,15,59,12,45,30,14,16,11,17
43,50,13,47,9,51,2,11,29,61,33,63,45,46,26,17,23,6,15,54,22,10,30,19,25,31,12,35,14,62,55,8,59,32,28,27,3,18,0,58,38,34,52,4,37,5,20,40,53,48,39,56,1,44,24,49,41,57,60,21,36,7,42,16
55,12,9,48,11,33,1,56,51,61,4,32,57,46,39,58,7,52,0,35,30,34,50,19,47,27,8,25,2,54,40,62,44,13,16,5,37,53,18,21,59,31,41,43,42,24,6,17,60,14,10,36,15,20,23,63,49,45,28,3,26,22,29,38
47,30,45,25,51,53,1,26,44,37,32,61,12,63,27,15,62,36,59,16,52,57,56,8,2,50,20,40,55,18,21,35,42,43,46,31,6,24,14,11,3,29,4,7,33,38,23,49,41,19,39,5,17,48,58,54,13,9,28,22,34,60,0,10
9,8,35,5,1,37,4,41,21,25,15,55,39,33,6,29,53,26,11,43,24,47,7,46,48,63,30,2,54,27,58,17,62,3,20,42,38,19,10,60,28,59,50,56,44,51,32,57,49,14,40,61,36,18,34,16,45,31,52,13,23,12,22,0
55,27,36,35,12,4,11,41,9,57,29,15,42,58,38,44,49,52,13,1,8,21,20,26,60,46,25,22,10,37,32,51,54,19,14,56,62,30,34,7,31,0,5,53,40,23,33,18,17,16,3,2,59,61,47,39,48,24,43,28,63,6,50,45
13,59,47,10,8,60,55,11,34,16,51,42,40,24,19,29,35,5,1,57,14,18,37,9,4,52,58,50,20,15,61,48,6,39,21,54,46,23,2,28,36,27,33,43,12,17,22,53,41,38,31,25,30,44,32,63,0,26,45,56,49,62,3,7
30,26,11,2,53,0,51,32,44,36,16,12,58,24,22,33,60,13,10,63,4,59,40,54,42,48,15,21,57,31,52,62,9,50,34,23,41,5,49,37,7,19,17,55,39,35,43,20,18,28,14,3,47,38,46,25,61,27,56,6,8,29,1,45
34,58,48,50,43,17,26,36,63,61,22,8,33,41,2,62,37,59,31,12,11,35,16,27,39,57,18,38,24,32,42,25,60,28,4,51,6,10,46,56,23,20,1,0,3,7,19,44,5,9,53,47,13,14,54,30,49,40,45,52,15,55,29,21
32,3,59,35,56,55,44,11,12,40,10,42,4,27,29,43,46,33,22,53,62,19,24,63,18,60,28,50,61,39,57,41,26,49,0,20,54,9,1,5,2,45,25,48,6,36,17,51,31,38,37,58,14,34,21,13,52,16,30,15,23,8,47,7
53,5,21,8,62,3,34,57,44,32,4,33,28,12,1,26,14,51,63,2,50,60,55,20,19,24,43,52,7,17,48,46,23,18,16,0,27,30,40,35,6,9,42,41,22,37,39,36,15,38,29,13,61,49,47,56,10,25,31,58,45,54,11,59
3,38,52,16,13,33,6,40,2,28,45,63,57,7,4,54,47,37,60,36,20,62,51,26,21,56,53,17,31,14,46,49,10,48,9,25,44,29,34,59,0,8,55,5,32,15,18,58,39,43,22,30,50,27,35,23,61,41,12,24,19,11,1,42
20,12,41,8,28,38,49,42,34,55,47,10,61,59,16,26,17,29,62,14,32,40,60,6,11,21,23,39,53,33,31,0,52,13,22,9,30,56,36,2,43,15,45,44,57,48,54,37,50,4,3,25,18,5,35,58,51,7,24,27,19,1,63,46
3,30,58,0,24,46,8,34,56,10,62,59,6,19,27,22,44,21,33,7,49,20,17,29,52,28,32,11,31,26,25,61,2,63,55,5,50,4,54,1,42,35,23,60,48,9,14,40,39,13,45,18,37,15,43,36,51,47,38,41,12,57,53,16
10,16,35,13,24,6,43,50,54,23,18,27,39,33,62,52,2,40,12,9,19,46,14,38,30,20,37,26,17,25,29,47,56,58,61,63,57,36,55,42,28,41,53,3,60,31,44,45,11,4,22,5,1,8,51,0,48,34,7,32,49,15,21,59
62,18,25,29,3,28,63,50,5,49,10,4,21,38,45,23,9,22,55,31,14,43,17,44,27,46,1,34,40,26,56,48,42,59,7,6,47,54,41,39,53,37,61,19,33,35,0,20,2,11,24,57,8,58,15,16,32,30,13,12,52,36,51,60
32,27,43,37,39,38,50,1,2,30,48,47,4,9,52,34,61,59,20,55,31,11,45,49,12,40,44,41,19,22,16,8,14,57,62,3,23,25,21,46,35,5,7,10,29,15,0,58,63,53,28,13,6,24,36,26,60,56,33,51,42,18,17,54
5,45,29,2,14,37,11,43,57,30,40,32,24,39,16,7,53,15,12,51,9,28,44,25,10,49,56,0,18,41,50,33,46,17,42,23,48,47,3,1,26,38,52,62,22,54,27,6,58,36,61,4,35,59,8,13,34,55,63,20,21,60,31,19
15,28,62,58,57,0,21,7,14,4,43,27,18,30,46,61,17,53,37,3,5,22,25,59,44,1,45,42,6,19,8,26,36,55,33,16,38,2,63,32,52,56,34,51,9,60,20,13,31,35,12,41,24,23,29,48,47,40,49,10,39,54,50,11
37,14,32,18,43,31,11,33,22,4,49,3,53,40,52,12,47,35,34,58,39,45,15,6,26,60,8,57,9,61,23,19,27,44,2,13,21,5,42,24,41,29,16,55,0,25,30,36,28,46,50,17,48,51,7,62,63,54,56,38,59,1,20,10
30,4,62,22,51,15,0,17,56,44,53,61,33,5,55,29,27,20,40,63,34,60,50,39,42,31,46,32,16,23,11,35,49,3,54,26,48,9,6,21,12,58,45,8,18,7,25,59,38,43,28,10,57,47,1,41,36,24,2,52,13,37,19,14
1,48,57,12,49,24,23,43,31,41,54,32,22,38,36,29,2,26,8,59,33,42,10,39,19,20,56,50,6,7,63,0,58,28,11,30,14,27,5,3,35,61,25,55,16,17,45,34,51,44,37,47,53,52,60,62,46,15,13,21,9,18,4,40
19,60,0,17,34,15,11,53,52,37,5,43,6,9,29,18,59,8,36,2,1,21,41,24,25,57,38,35,45,50,4,10,39,7,47,42,56,3,48,55,54,31,13,51,20,28,32,14,22,30,40,16,27,46,33,12,23,44,58,62,63,61,26,49
20,21,50,1,40,57,29,26,46,39,35,43,37,8,9,31,7,45,18,25,27,30,14,60,61,58,24,36,22,38,55,63,17,54,5,62,53,59,52,33,34,44,16,6,3,47,19,11,10,4,41,12,56,32,2,48,15,42,0,23,49,28,51,13
32,27,18,19,46,55,52,34,58,59,39,10,8,29,62,44,47,25,13,4,15,20,30,51,28,7,36,21,49,40,35,16,26,0,17,38,56,60,12,3,63,54,42,31,22,14,5,23,33,48,2,11,41,1,43,9,50,61,37,57,53,24,45,6
43,28,20,53,31,12,30,42,4,56,62,38,7,17,54,0,10,37,44,33,13,63,52,27,3,11,60,45,2,58,15,36,26,55,59,57,22,21,1,6,23,50,16,24,40,32,5,29,14,9,61,41,35,34,18,46,48,47,49,39,19,8,51,25
56,22,27,62,55,54,5,45,1,63,41,20,38,37,31,50,43,32,19,25,4,13,6,58,23,16,11,59,24,61,36,30,34,12,46,48,7,3,21,52,8,2,42,18,10,51,14,57,26,60,15,0,33,28,53,40,29,39,49,17,9,44,35,47
32,60,29,53,21,38,35,20,2,18,13,15,10,52,44,7,61,24,0,5,46,23,30,39,41,6,63,49,42,36,47,4,59,56,9,50,62,40,48,28,57,8,25,43,51,16,33,19,27,34,55,11,45,26,3,58,1,37,22,31,54,17,12,14
30,38,31,29,48,36,47,49,56,54,23,34,11,27,7,52,1,12,21,25,35,15,0,3,22,20,57,24,45,8,60,50,16,13,4,63,33,32,2,43,62,10,53,19,6,58,41,14,59,17,46,61,40,37,44,51,18,5,42,55,39,9,26,28
6,1,38,11,2,40,39,27,29,20,8,13,0,49,30,16,26,15,62,56,10,57,37,4,47,63,41,55,48,51,23,25,54,59,60,46,18,61,7,5,28,44,35,19,45,53,58,36,33,42,9,52,22,24,34,12,32,21,31,14,50,3,43,17
49,43,16,51,13,52,3,8,10,50,28,53,29,20,21,57,14,1,58,23,39,19,40,41,26,2,59,4,0,12,31,9,34,63,32,55,62,45,42,38,36,33,5,15,25,46,44,54,27,35,30,6,48,56,60,24,17,37,47,18,11,7,61,22
48,52,24,37,35,11,40,45,41,4,17,36,42,44,50,59,0,29,7,10,2,31,57,1,61,16,30,13,23,32,43,49,22,56,18,55,25,20,47,15,19,46,9,27,6,39,58,62,12,60,3,28,5,33,63,38,51,21,26,8,14,34,53,54
36,27,24,4,30,58,17,9,39,31,35,13,45,18,59,34,23,32,2,55,53,7,11,41,56,47,16,21,33,44,10,28,60,8,6,46,25,0,61,63,1,15,3,57,22,48,20,49,43,19,52,38,40,5,50,37,54,51,12,62,42,14,29,26
30,26,5,44,21,55,10,31,13,12,6,20,51,9,45,2,56,42,60,22,37,4,27,47,17,35,43,46,33,34,16,1,53,18,7,14,32,36,8,59,11,15,49,38,48,3,58,23,29,61,54,57,40,19,0,50,39,24,62,41,28,52,63,25
32,59,18,47,11,22,9,16,61,41,46,2,28,44,0,51,26,43,24,3,40,63,31,56,62,13,57,20,38,55,54,33,21,35,10,36,25,50,6,29,5,19,37,4,34,53,15,14,27,1,7,42,17,45,49,12,39,30,48,52,60,58,8,23
9,26,15,40,3,34,48,18,50,7,44,37,57,4,1,13,51,28,10,43,54,20,23,6,8,33,0,55,2,12,30,5,60,61,31,39,21,63,56,36,42,19,29,49,11,52,24,22,41,25,27,46,47,59,14,45,32,17,58,16,62,53,35,38
10,53,13,9,22,15,41,48,4,14,40,34,28,8,26,27,7,31,6,32,59,63,43,16,21,44,23,57,46,49,60,61,50,37,3,56,39,11,55,0,42,36,24,17,58,18,33,52,25,51,35,1,5,2,29,62,19,20,38,47,30,54,45,12
33,48,8,14,23,55,16,12,37,10,13,38,62,20,53,24,5,25,43,54,21,17,46,2,31,18,22,61,27,15,9,42,29,28,3,59,0,4,47,51,36,50,35,63,34,52,41,45,30,19,1,26,11,40,60,39,57,7,32,44,6,58,49,56
52,13,57,4,6,32,58,19,43,47,1,3,11,34,28,17,36,61,12,41,37,49,62,0,35,42,16,54,29,50,45,51,38,8,2,24,31,26,23,5,9,7,60,21,55,53,10,14,27,48,15,22,30,40,44,46,18,20,56,63,39,33,59,25
27,44,56,12,5,40,38,18,17,32,30,55,62,7,14,63,33,37,26,46,43,29,10,1,35,13,9,58,34,28,59,4,36,53,22,2,42,0,6,49,19,52,24,39,15,51,31,11,21,61,16,60,20,50,48,47,41,57,54,8,25,23,45,3
52,29,38,42,18,46,53,51,0,63,59,4,1,28,23,48,11,45,35,60,58,50,33,44,2,15,62,41,34,26,21,27,49,25,56,16,8,55,12,5,36,14,31,32,9,6,30,22,24,10,47,17,43,19,7,13,37,57,54,20,61,3,40,39
4,6,23,12,61,58,41,57,25,0,49,45,22,52,3,38,60,39,11,8,59,20,33,18,40,1,54,5,47,36,27,26,29,19,30,46,28,63,21,17,53,15,50,9,55,24,34,16,43,48,32,13,37,35,7,44,56,31,42,62,10,2,14,51
6,54,38,58,28,41,9,30,17,56,35,46,51,45,43,48,13,33,12,44,23,40,37,21,32,8,15,25,60,4,1,27,61,50,36,31,47,24,14,19,34,59,26,49,63,3,39,29,10,53,5,22,55,18,42,52,7,62,20,16,2,57,11,0
41,34,23,49,39,43,59,63,6,47,54,10,26,13,35,46,19,61,16,1,18,3,38,12,8,14,5,30,36,32,42,45,9,51,15,58,44,27,48,17,20,21,50,29,11,28,52,22,31,2,7,4,57,62,37,53,25,24,33,40,55,60,0,56
16,49,8,33,23,56,59,44,19,30,42,13,7,14,50,48,37,2,12,3,52,10,63,1,38,9,58,18,6,17,47,26,41,51,28,4,22,61,34,43,25,15,55,60,54,5,27,62,21,40,35,46,53,36,31,45,57,11,39,20,0,29,24,32
63,52,24,9,35,13,21,62,20,54,10,38,18,48,25,37,43,16,11,57,26,30,6,7,56,27,53,36,29,61,31,1,34,39,41,44,8,17,42,58,28,19,0,2,46,15,60,23,5,47,40,55,50,32,22,51,33,14,4,45,12,49,59,3
48,21,54,28,17,62,13,58,8,36,26,50,19,41,1,32,40,37,51,47,59,4,16,24,61,14,22,27,3,30,38,63,46,44,29,9,6,23,39,35,55,52,42,15,34,43,12,10,60,18,45,49,56,20,33,25,7,31,0,2,11,57,5,53
11,24,60,57,14,38,8,37,45,36,41,16,22,15,0,5,59,39,46,42,54,62,50,31,63,49,26,9,19,34,47,23,29,4,55,30,28,33,32,20,35,53,17,61,56,48,25,13,1,58,18,7,10,6,21,43,27,52,2,40,51,3,12,44
32,34,17,10,9,45,43,6,63,42,40,8,62,37,4,58,48,18,53,14,50,49,61,19,54,15,28,35,36,1,57,21,2,47,30,27,39,12,46,60,51,59,52,3,44,41,38,24,11,25,0,22,13,26,29,55,16,7,23,56,33,20,5,31
0,29,61,36,55,38,40,19,37,24,11,12,30,54,22,8,14,50,58,10,1,2,15,53,3,35,42,49,13,56,23,52,33,48,21,51,18,39,9,7,26,16,28,46,25,41,44,32,45,59,5,17,6,20,43,47,57,34,4,62,31,60,63,27
34,30,28,1,22,47,62,48,44,21,14,63,46,4,25,61,15,16,13,49,45,37,6,27,55,7,3,29,0,10,52,31,11,42,57,58,40,12,36,50,5,54,33,53,23,56,18,24,59,17,2,32,43,26,35,39,19,9,38,41,20,51,8,60
23,4,47,51,53,38,34,21,48,49,16,35,29,0,54,12,14,36,17,43,37,58,10,3,42,52,25,27,55,8,19,32,61,33,46,28,62,6,13,39,40,22,5,20,9,44,18,1,57,56,50,7,41,59,60,30,63,24,45,15,2,31,11,26
20,5,2,9,19,6,27,60,37,62,53,8,33,13,55,57,43,58,39,10,23,17,0,26,44,48,29,4,46,3,38,41,45,12,7,52,18,28,56,1,51,54,15,47,63,31,14,61,16,50,24,49,30,35,21,22,11,59,25,42,32,40,34,36
49,46,9,3,41,61,53,47,56,57,28,8,19,27,55,13,43,25,38,31,62,30,60,29,48,34,6,7,39,11,59,17,40,24,5,14,12,2,35,0,4,44,32,18,21,36,26,33,45,15,54,58,1,42,10,63,50,52,20,16,22,51,23,37
43,28,1,22,63,0,2,39,50,62,9,12,31,52,18,51,33,30,27,57,7,61,47,11,35,55,38,48,10,59,32,54,44,36,56,3,21,17,46,8,5,58,26,4,24,25,60,16,20,49,19,53,45,37,29,34,13,40,41,23,15,14,6,42
50,22,34,2,40,14,5,62,4,19,37,48,12,23,18,28,15,6,13,55,60,52,17,57,16,25,47,36,63,53,42,56,27,59,10,33,30,32,0,8,54,49,31,44,41,26,46,11,7,58,9,38,21,43,20,51,45,24,39,3,35,1,61,29
19,42,25,29,38,44,9,57,10,31,56,54,7,11,17,41,27,22,49,46,30,28,45,8,60,32,62,14,21,52,43,15,40,20,18,26,59,58,50,61,51,55,5,13,0,2,1,36,24,4,47,16,63,37,53,48,35,23,12,39,34,3,6,33
41,26,16,35,50,11,7,28,49,58,62,44,43,59,20,14,52,5,27,25,39,56,23,3,57,2,4,19,31,54,42,15,60,55,9,38,6,47,46,34,63,21,22,40,32,53,48,13,33,24,8,37,0,12,30,45,61,36,17,29,51,1,18,10
43,19,60,53,23,25,61,52,47,40,28,59,46,42,8,63,50,7,41,57,18,4,9,12,36,45,49,24,44,10,14,48,55,1,38,27,39,3,32,54,21,22,29,31,17,62,51,2,33,37,11,34,6,26,35,5,58,16,20,30,56,15,0,13
23,21,14,15,58,9,13,24,45,6,1,62,46,48,41,63,39,0,54,53,12,57,52,61,50,56,20,33,35,49,19,36,18,29,31,40,8,51,4,28,11,42,34,10,5,43,37,32,22,16,17,38,2,3,55,27,30,59,25,44,60,26,47,7
35,3,28,60,48,15,59,40,57,24,44,58,5,49,45,12,53,7,33,23,43,39,9,0,55,41,14,42,8,34,46,26,63,11,1,50,6,13,29,37,17,4,19,25,31,21,62,47,30,18,61,56,27,38,36,51,2,22,52,20,54,16,10,32
37,47,59,24,33,27,56,50,42,20,6,45,62,23,2,12,43,3,57,63,19,53,21,40,4,5,17,60,30,34,14,8,36,44,46,51,25,16,9,18,15,1,35,7,29,49,28,54,41,55,52,11,38,22,13,61,48,31,0,10,39,58,32,26
42,22,36,60,37,19,25,62,51,27,34,31,9,18,45,44,53,15,23,52,58,14,5,40,17,55,4,16,11,21,3,56,48,12,41,63,28,43,7,13,24,57,26,50,54,2,32,10,30,47,39,33,35,59,61,20,1,0,29,6,38,46,49,8
52,31,1,26,8,48,21,33,16,55,50,37,42,56,63,30,11,32,51,39,34,36,35,58,47,10,45,22,0,3,9,44,4,27,23,5,57,17,28,24,43,14,15,29,38,40,19,59,49,60,6,18,61,2,12,62,25,20,41,53,54,7,46,13
36,1,6,31,56,42,12,62,22,60,4,13,39,14,37,48,63,0,11,45,47,52,27,9,61,23,28,17,3,57,33,40,10,24,55,35,19,51,7,41,59,8,43,21,29,53,44,20,15,25,54,18,50,34,2,30,32,26,16,38,5,49,58,46
34,3,44,53,60,39,41,56,54,20,31,38,4,50,52,35,49,7,61,40,23,1,37,58,22,16,30,51,19,15,47,62,14,59,57,28,17,9,8,27,24,2,10,6,48,43,33,63,42,26,5,25,13,12,55,36,21,11,46,45,18,0,32,29
22,57,6,53,17,8,46,9,19,13,3,20,16,14,54,38,12,36,49,35,56,31,45,59,7,39,47,1,40,25,52,61,30,48,43,33,23,26,0,18,50,11,34,27,21,4,58,51,10,29,55,62,42,60,32,24,28,41,37,63,15,2,5,44
57,9,27,1,26,50,16,46,36,60,49,56,55,24,14,43,20,5,3,15,45,51,10,54,37,48,29,58,4,40,44,0,12,61,11,33,41,23,42,34,30,47,35,19,39,22,8,53,52,31,25,62,21,6,7,18,32,2,38,63,59,13,17,28
52,39,4,40,46,2,45,20,29,56,47,35,32,5,37,15,48,26,12,41,38,60,51,24,53,9,23,43,22,1,10,62,55,54,49,33,17,57,8,34,36,59,18,31,13,27,25,3,30,44,0,21,50,16,61,28,14,6,19,42,63,58,7,11
63,18,13,61,8,5,34,58,35,57,53,17,20,23,52,16,22,60,7,19,26,40,32,21,62,0,55,24,37,1,39,11,10,33,51,49,41,48,4,44,12,9,43,59,14,30,15,2,50,25,38,31,6,27,45,46,29,36,54,47,56,42,3,28
14,26,31,21,63,9,47,56,43,45,51,30,53,27,0,19,41,61,11,16,62,15,17,54,59,18,58,4,24,39,20,37,8,42,29,2,28,60,6,35,40,34,22,48,10,32,5,57,49,23,33,38,50,12,1,25,52,13,7,36,44,3,46,55
11,43,24,17,61,1,44,15,10,8,40,30,5,27,9,19,36,63,51,54,52,2,32,47,12,50,31,29,13,25,49,53,14,48,0,42,56,22,55,20,62,38,6,26,41,33,18,60,57,23,35,45,28,59,7,21,4,16,37,46,3,58,39,34
59,53,34,29,45,56,5,51,50,46,3,27,55,6,60,13,21,61,15,42,32,47,26,1,36,44,30,52,48,62,49,31,28,23,33,4,10,19,8,63,35,9,17,43,40,7,38,54,16,57,0,24,39,22,14,20,11,25,18,12,37,58,41,2
52,47,62,46,27,48,43,42,22,35,18,36,44,7,13,1,5,29,11,20,12,45,14,6,28,26,17,23,33,34,19,37,38,50,41,15,3,57,30,49,56,25,0,60,24,10,21,58,61,8,16,39,40,32,9,2,63,4,55,31,59,54,51,53
54,31,20,10,50,45,9,63,57,24,7,47,19,58,6,52,11,0,21,55,36,40,26,49,59,43,56,60,13,62,35,25,2,41,48,14,27,51,12,5,3,37,15,32,34,23,33,44,53,38,28,42,39,30,18,22,16,46,8,29,61,1,4,17
29,0,10,42,7,44,51,4,59,32,16,23,47,49,52,55,50,38,57,15,37,39,17,26,33,21,14,36,1,22,5,24,3,12,2,41,11,13,28,18,25,43,46,45,30,53,48,54,58,60,56,20,19,34,8,35,9,40,6,63,61,27,31,62
8,35,38,62,56,55,0,57,58,4,36,59,5,20,61,1,14,34,54,50,25,53,48,21,9,12,63,41,46,44,52,30,6,32,26,19,3,42,28,39,27,2,10,51,13,7,40,11,60,45,37,33,31,15,23,49,22,17,43,16,18,47,24,29
28,14,27,34,45,2,39,1,59,60,31,24,44,57,56,61,49,54,40,13,35,26,7,6,52,16,19,48,21,11,30,42,43,8,38,25,41,53,62,10,37,36,5,63,15,3,46,47,9,23,50,33,4,51,58,22,17,29,0,18,20,55,12,32
57,18,61,39,50,31,23,13,0,36,35,6,47,49,11,56,14,10,48,30,62,22,24,26,5,40,1,38,41,27,58,28,45,63,3,4,44,34,2,15,53,7,32,37,16,21,59,33,20,55,46,54,60,17,9,19,25,12,8,51,43,52,29,42
38,40,3,32,52,15,47,48,17,22,31,25,9,61,5,14,44,54,20,53,18,43,24,51,63,10,58,39,11,6,27,7,42,34,28,23,55,8,0,46,57,45,1,33,56,13,50,19,16,59,29,26,30,2,35,37,62,60,41,21,12,49,36,4
10,19,56,51,61,11,20,43,44,13,0,18,42,47,38,21,31,52,45,6,50,27,54,40,29,15,62,14,9,46,24,60,36,53,1,34,55,7,2,59,17,28,22,8,58,48,3,57,41,12,23,16,35,37,49,32,4,39,63,30,26,33,25,5
37,17,61,49,46,5,34,33,19,47,32,52,50,3,15,6,12,42,11,54,56,63,26,59,13,38,22,57,10,60,2,58,9,43,1,30,45,8,31,0,53,24,18,28,25,39,36,29,55,62,16,20,14,40,7,41,4,27,23,44,21,48,51,35
24,17,35,43,54,3,26,63,53,25,39,28,34,49,15,11,44,4,30,56,5,23,14,58,10,21,48,29,9,59,20,7,8,50,55,61,40,12,38,32,2,31,22,27,52,0,36,46,45,60,37,6,13,16,41,57,1,18,42,33,47,62,51,19
62,26,41,1,56,38,6,28,57,12,9,27,59,49,54,21,35,45,0,25,39,18,52,60,36,30,29,51,53,13,24,2,31,8,33,23,10,5,14,43,48,3,50,19,37,22,55,17,32,44,11,16,61,34,15,40,4,63,7,58,47,46,20,42
59,28,20,21,63,7,47,36,3,4,9,30,43,40,24,31,37,18,0,34,49,44,52,23,12,51,35,62,13,45,14,1,32,2,33,41,5,54,58,55,6,25,56,53,26,17,8,61,10,39,11,60,57,15,46,48,19,22,50,38,27,16,42,29
0,48,9,33,3,51,4,61,57,12,21,26,28,55,16,30,39,49,25,15,43,22,53,63,27,42,13,45,40,32,31,58,11,46,44,19,37,62,38,23,5,14,6,7,50,56,1,10,52,41,54,34,35,20,60,8,17,18,36,47,2,29,59,24
52,30,60,16,2,59,47,63,13,19,58,49,0,44,43,40,42,62,8,46,3,27,51,20,41,55,28,37,39,53,31,5,48,7,57,1,15,23,45,33,11,22,9,4,34,35,10,32,6,24,18,29,50,61,12,25,38,21,17,54,36,56,14,26
19,16,24,48,13,34,4,35,0,40,42,22,58,59,63,62,55,10,25,51,23,39,26,30,17,14,20,45,41,29,37,38,44,31,15,60,5,28,50,47,57,18,1,53,3,49,36,9,6,43,61,54,21,52,12,46,2,33,7,56,11,8,32,27
20,10,35,49,31,27,12,8,23,6,46,48,24,15,36,25,38,58,13,4,0,50,52,53,34,55,54,7,5,16,41,18,63,61,3,9,29,2,21,43,28,14,45,17,22,60,39,32,30,56,47,40,1,33,59,19,44,11,62,57,26,51,42,37
63,12,35,61,9,18,25,46,52,40,6,10,36,59,37,54,41,57,55,16,0,22,60,19,49,33,62,27,45,56,28,53,43,42,39,4,14,15,8,1,23,2,26,13,3,5,30,47,20,24,31,11,21,38,51,34,50,48,29,7,32,44,58,17
44,40,6,11,35,31,4,62,59,50,14,17,26,7,43,8,53,20,1,21,42,58,10,51,52,12,38,57,2,13,36,3,0,24,30,49,60,19,47,27,39,34,55,37,15,46,22,29,33,5,25,63,56,32,41,28,23,45,54,61,16,9,18,48
17,44,57,39,61,43,0,35,8,36,9,6,28,33,4,40,62,15,7,50,20,18,56,3,63,31,2,29,11,14,32,27,37,34,24,16,45,52,38,47,59,10,1,58,54,12,55,26,51,42,21,48,60,23,19,30,22,41,46,5,53,49,13,25
15,24,35,22,60,50,0,10,57,13,45,49,46,39,29,7,41,2,53,8,21,51,61,25,30,52,31,34,36,44,63,14,48,28,62,40,1,16,17,6,4,58,12,20,43,56,27,3,18,32,33,59,26,19,47,55,9,11,38,23,5,42,37,54
0,21,18,41,9,24,32,46,48,47,7,2,4,49,26,39,22,56,13,30,55,52,44,3,60,19,23,6,35,25,58,57,40,1,27,10,29,11,33,15,59,37,36,51,12,20,42,17,14,5,31,54,34,50,62,8,45,53,16,43,28,61,38,63
40,10,36,34,11,60,19,23,16,35,51,21,1,46,2,59,24,63,5,3,41,57,30,8,52,18,12,62,28,43,6,61,37,20,32,0,49,15,27,25,9,45,39,14,53,4,7,44,26,38,48,42,56,55,47,58,22,54,29,17,31,33,13,50
1,27,9,48,43,55,45,44,40,32,59,8,3,21,30,35,28,34,49,42,17,4,2,51,38,62,50,7,52,29,31,60,15,46,11,23,19,58,54,12,10,22,26,47,33,39,14,25,57,5,63,24,0,36,16,6,20,61,18,56,41,53,13,37
23,7,57,45,42,29,9,12,60,8,43,53,35,25,30,38,18,54,15,17,31,4,20,58,2,37,34,21,46,24,10,44,32,1,51,41,28,5,40,6,22,11,52,33,16,36,61,50,63,47,0,3,56,39,27,14,19,62,55,13,48,49,26,59
18,16,57,12,51,17,47,55,3,5,38,6,0,29,14,21,43,32,37,10,44,27,30,7,4,8,53,28,13,40,49,62,52,60,46,22,39,42,56,20,11,61,59,2,23,63,36,15,1,31,45,48,54,58,19,33,41,35,26,9,24,25,34,50
30,42,40,5,0,34,20,39,25,24,10,23,45,12,35,55,9,18,54,59,56,31,16,3,50,61,27,63,60,15,21,28,8,4,33,26,36,44,29,11,19,62,38,51,57,22,17,2,48,32,47,13,6,43,37,52,14,41,49,7,46,58,53,1
17,16,6,33,51,57,7,41,54,44,29,12,53,38,18,62,32,47,63,50,15,52,13,28,55,9,39,10,56,30,58,2,49,43,61,21,5,45,42,20,34,46,59,19,3,36,48,22,11,8,14,35,27,23,60,26,31,1,25,24,0,4,37,40
34,13,17,4,60,9,58,29,35,45,47,16,2,54,42,26,59,41,46,25,49,23,31,43,36,27,51,33,52,20,14,50,19,3,40,15,57,28,10,61,18,12,8,62,53,38,56,44,21,22,39,37,32,11,48,1,7,5,0,30,24,55,63,6
3,36,27,43,49,19,11,16,17,63,24,7,13,61,56,21,20,2,45,18,22,37,38,32,5,10,6,62,58,28,12,46,51,42,15,52,23,57,59,48,8,60,9,33,47,29,0,39,31,25,26,14,34,41,55,44,40,50,54,4,35,1,30,53
30,1,53,38,31,42,14,6,19,46,0,26,41,40,5,52,45,13,22,28,50,61,12,15,54,2,57,63,44,39,8,9,10,60,25,18,3,17,21,11,7,27,35,47,51,4,37,23,33,20,16,58,43,29,48,56,36,55,34,59,49,62,32,24
11,46,62,31,22,63,15,25,2,0,6,43,40,30,45,34,3,9,39,12,56,37,10,38,35,51,17,55,8,57,36,5,13,60,7,61,29,23,33,20,42,59,50,54,32,21,52,18,26,19,53,49,41,28,16,58,48,4,24,14,1,47,27,44
46,32,23,53,47,55,34,18,25,58,4,19,1,0,60,22,27,45,37,59,43,2,3,40,35,29,42,52,11,41,12,36,16,8,5,44,15,38,33,24,13,51,26,48,14,17,57,49,28,39,62,21,30,6,9,7,50,10,63,56,20,31,54,61
41,12,52,54,11,58,19,48,61,38,16,63,42,37,31,0,33,26,45,46,34,35,30,40,5,50,4,10,3,55,6,43,59,36,32,9,23,29,1,14,8,21,7,49,25,56,28,60,13,20,17,27,53,47,2,15,18,51,24,22,44,39,57,62
26,34,1,37,62,51,10,60,33,24,12,49,53,63,52,25,59,41,19,40,6,5,58,31,29,0,13,30,14,61,15,8,9,28,2,46,4,56,36,21,55,35,7,11,44,16,17,57,3,23,32,38,22,42,18,45,48,47,50,20,27,43,39,54
32,58,62,8,1,28,57,50,12,20,11,49,25,31,42,21,60,53,7,10,19,18,9,38,59,45,61,44,37,33,22,24,41,4,3,36,27,30,43,56,0,40,14,5,23,51,26,16,34,55,17,47,46,2,52,6,13,29,15,54,63,39,48,35
39,9,14,10,60,34,26,19,32,5,50,56,4,53,62,43,48,3,49,23,27,24,11,22,16,21,55,54,46,41,59,15,40,37,30,18,42,0,6,12,28,31,45,2,17,38,8,35,52,13,63,58,29,47,44,61,1,57,33,36,25,51,7,20
7,37,54,39,28,61,20,5,56,25,59,0,34,55,18,38,35,11,14,21,50,15,17,52,22,27,19,13,40,63,32,51,58,42,3,49,36,1,45,43,57,41,16,30,46,2,53,62,6,12,24,44,9,29,8,26,10,23,31,48,33,60,47,4
17,34,43,35,27,44,22,55,48,61,53,7,30,12,33,41,29,11,40,50,60,56,51,26,20,10,8,42,18,39,62,21,25,14,58,38,63,54,0,5,47,49,19,9,28,3,52,37,2,1,36,23,6,45,24,46,13,59,31,57,4,15,32,16
26,5,61,28,59,56,10,17,39,48,52,30,54,33,42,1,37,34,22,11,45,55,43,7,27,18,8,15,4,20,24,60,41,40,63,3,2,23,6,38,62,44,16,13,51,0,31,21,25,47,36,58,32,49,14,46,9,53,57,50,35,29,12,19
38,7,21,62,6,13,15,37,18,61,39,14,22,8,19,43,3,24,58,26,11,59,2,54,52,63,48,29,31,0,44,46,30,45,55,16,25,40,20,28,41,33,1,57,34,27,12,50,51,23,42,60,35,56,17,4,47,49,36,10,53,9,32,5
54,56,53,39,7,46,52,34,42,18,11,49,38,2,3,62,60,21,5,50,33,61,51,20,26,45,16,36,40,8,22,29,41,37,10,6,30,57,44,14,9,63,4,59,24,27,1,25,35,13,47,58,31,12,19,32,15,55,43,28,23,0,48,17
51,29,30,38,20,41,42,54,52,0,17,61,63,34,39,15,49,57,46,47,12,45,4,1,25,44,35,55,13,8,11,7,21,56,5,53,14,18,37,28,27,32,40,26,60,19,24,10,2,6,22,9,43,59,33,3,48,16,62,36,31,50,23,58
51,44,55,27,16,36,62,38,39,15,42,6,14,12,33,1,28,63,17,2,59,45,5,26,30,47,13,52,24,49,48,23,11,31,20,29,7,34,58,4,37,35,22,18,21,46,19,56,25,53,43,61,57,60,0,3,32,50,40,8,54,9,10,41
35,14,22,20,11,39,47,49,18,7,36,8,41,12,50,31,44,43,28,0,45,29,54,13,60,17,4,23,57,40,24,19,58,33,62,2,26,42,56,6,10,37,5,3,9,48,25,55,52,1,34,59,53,51,30,15,63,46,61,38,27,32,16,21
30,23,45,54,33,35,12,37,13,59,46,42,9,16,5,10,3,7,1,21,4,19,29,20,22,28,48,62,50,55,39,41,8,49,14,58,38,57,25,32,40,2,24,34,53,17,47,44,11,27,26,52,61,15,51,36,6,31,18,43,0,60,63,56
44,30,4,27,22,31,26,15,52,57,10,32,12,51,49,60,7,16,8,58,24,63,53,21,6,25,13,14,18,11,48,56,45,5,0,59,28,33,19,39,17,42,20,35,36,62,38,9,37,3,55,2,50,34,1,43,41,29,54,46,40,47,23,61
13,52,55,7,31,63,14,51,34,47,62,24,59,9,15,50,38,11,53,43,3,1,30,26,25,23,22,5,56,32,60,17,33,20,49,37,27,16,35,42,8,58,39,18,48,19,61,36,46,2,10,4,0,45,12,44,40,41,6,29,57,21,54,28
29,37,23,58,2,16,45,30,35,51,18,42,13,27,28,9,54,44,48,59,10,49,24,4,53,39,63,26,20,25,60,21,0,34,46,41,33,52,6,17,47,38,32,11,50,61,40,36,1,12,22,55,19,14,5,8,56,3,15,31,62,43,57,7
23,26,49,51,57,35,39,38,8,13,58,56,41,60,29,52,59,9,5,48,18,47,10,43,32,45,61,50,15,40,25,42,4,30,19,16,55,28,17,11,31,63,6,14,37,27,44,7,53,21,22,24,34,54,12,46,3,20,2,36,1,0,33,62
20,60,42,5,43,40,51,63,34,23,18,38,6,53,2,36,7,28,41,19,10,11,17,14,24,21,56,37,30,25,15,32,27,58,4,54,8,35,52,26,46,62,49,13,33,0,44,1,31,55,61,9,59,12,57,29,50,45,3,39,16,47,22,48
15,0,52,31,3,5,14,48,40,62,45,59,11,44,37,27,57,24,60,7,34,4,17,28,12,55,8,43,18,46,16,29,19,25,54,39,26,51,6,33,63,13,53,2,58,23,9,20,22,41,50,30,1,10,61,49,47,35,56,36,21,42,32,38
59,25,11,8,21,55,45,51,56,19,28,20,15,13,3,39,60,10,52,38,40,35,47,36,24,23,62,1,14,63,7,31,26,18,54,22,48,41,9,44,37,61,46,34,6,17,49,53,42,4,57,29,2,0,50,12,30,33,27,32,5,16,58,43
13,31,10,46,17,63,27,19,28,2,55,38,40,22,14,56,62,0,59,9,50,57,30,8,39,54,11,33,51,49,35,4,24,42,6,34,12,47,37,3,45,1,58,15,32,25,7,26,43,44,36,29,20,52,18,41,48,53,23,60,61,16,5,21
35,40,25,37,19,0,41,1,33,50,10,61,31,56,58,5,49,17,45,36,47,22,26,24,34,7,4,38,60,63,42,23,8,59,2,48,39,28,32,3,11,57,18,43,55,12,15,13,51,62,20,21,53,30,44,14,52,9,6,27,16,54,29,46
35,57,42,40,6,8,7,5,48,52,50,28,32,25,1,34,27,56,20,16,29,62,59,12,38,31,19,3,15,2,60,9,21,41,45,49,13,14,44,23,53,24,58,11,43,33,39,10,4,36,47,18,61,51,55,54,37,22,46,63,26,30,17,0
58,10,33,47,63,14,27,29,49,50,1,12,8,5,44,40,42,16,48,28,52,35,38,53,20,4,30,54,7,37,21,43,41,62,11,15,45,24,23,13,46,6,9,18,36,31,61,19,56,60,22,2,59,32,17,25,51,39,55,3,34,26,0,57
31,7,55,0,25,20,17,14,56,27,59,5,16,60,2,21,37,8,6,13,58,63,42,57,15,11,52,12,41,10,47,34,9,23,40,39,33,26,48,22,49,4,44,24,28,38,29,3,36,19,51,45,18,32,50,53,43,35,46,54,62,61,1,30
49,12,47,14,48,52,59,51,24,60,9,3,11,28,43,55,42,63,16,27,5,54,18,57,23,19,6,20,56,0,26,30,2,46,40,17,39,33,36,50,41,7,1,29,13,58,45,37,61,38,8,4,35,62,21,53,31,25,34,44,15,22,10,32
7,12,63,58,38,31,43,4,36,59,21,47,45,33,51,42,29,57,46,28,48,39,15,60,34,25,49,24,17,37,26,1,5,52,55,56,41,13,30,61,10,9,3,54,14,23,35,53,11,50,27,32,40,0,22,18,6,16,44,2,62,20,19,8
21,53,12,7,20,26,56,5,13,37,14,47,15,51,38,50,58,16,34,23,62,8,10,59,44,63,42,25,1,52,31,40,30,57,2,43,0,46,4,32,39,55,22,36,48,19,17,54,35,27,11,49,61,45,6,3,41,24,28,60,9,18,29,33
40,48,49,24,44,2,43,25,10,50,21,11,8,34,7,26,63,23,54,47,3,38,53,12,13,17,61,29,28,1,39,22,4,31,60,14,32,56,16,5,36,51,41,42,58,46,20,0,30,37,55,15,6,33,35,59,45,18,62,19,52,9,27,57
13,23,56,12,46,22,21,63,51,18,1,61,45,11,58,33,8,17,24,57,19,59,54,50,16,3,40,31,9,5,52,27,10,37,28,29,43,32,35,30,7,2,14,38,15,47,6,34,53,39,44,48,0,4,55,42,26,62,41,60,20,36,25,49
9,53,12,58,30,45,29,37,39,46,59,26,18,11,61,55,38,24,14,23,57,15,1,7,19,56,43,8,0,33,41,34,48,60,44,49,63,47,4,3,17,22,35,54,16,50,10,36,20,2,5,32,40,51,6,27,28,62,25,31,42,21,52,13
4,37,18,60,40,10,8,26,2,49,34,35,31,54,21,43,63,48,41,25,32,50,22,51,52,13,56,0,19,12,15,36,59,17,28,29,30,23,1,55,46,24,6,61,3,16,47,53,58,62,57,9,44,5,39,7,38,11,14,20,45,42,33,27
37,63,54,8,5,44,6,19,51,61,46,2,40,39,1,62,29,41,20,60,47,33,17,25,12,26,53,0,48,34,59,23,32,18,24,57,4,11,7,10,9,28,42,55,56,58,49,15,52,3,14,13,30,35,21,45,50,22,31,38,27,43,36,16
49,34,47,55,42,53,59,20,51,24,27,1,45,11,54,4,7,16,28,46,43,32,14,6,17,61,29,57,48,21,36,33,31,35,18,8,10,19,9,25,62,56,52,39,12,40,58,63,5,38,60,0,22,37,26,13,50,15,23,3,30,44,41,2
8,20,5,1,38,50,52,21,40,63,56,31,0,59,2,43,11,23,37,6,35,32,41,9,62,12,3,34,22,15,25,49,45,26,54,33,51,14,30,53,7,60,19,39,61,27,17,10,4,29,36,24,16,55,47,46,42,44,18,48,57,58,13,28
50,35,32,9,63,23,2,14,45,28,16,58,46,24,25,0,19,34,56,37,51,4,21,8,22,7,61,5,59,60,43,10,62,48,6,3,54,27,29,55,39,57,15,17,13,38,40,31,20,36,26,11,1,42,33,47,18,12,52,30,49,44,53,41
53,29,15,32,18,2,7,51,25,49,13,33,38,36,17,1,60,58,59,24,4,57,8,11,35,31,52,42,27,20,19,39,9,48,12,22,47,5,40,37,44,43,26,62,14,55,63,16,50,41,30,61,46,45,21,23,56,3,28,34,10,54,6,0
26,50,13,25,11,14,62,22,31,40,1,49,16,18,33,3,47,59,54,17,51,37,10,58,2,57,46,4,30,29,5,34,63,39,55,8,0,32,27,28,53,21,15,60,38,24,48,19,6,45,41,35,56,42,20,23,52,43,61,7,44,9,36,12
40,43,39,63,59,9,17,13,58,25,1,31,12,61,50,0,48,16,27,52,37,26,56,47,14,42,19,10,22,6,20,49,62,21,54,41,55,38,23,34,28,33,45,15,57,4,44,2,11,60,5,24,35,32,30,8,46,7,36,53,3,18,29,51
59,55,17,8,10,14,6,49,41,42,31,62,48,50,46,33,24,13,38,3,34,30,4,23,9,7,15,27,58,28,36,5,44,26,2,47,63,29,54,25,20,0,11,21,60,52,53,35,12,43,57,61,1,39,56,51,37,45,22,32,19,40,18,16
37,44,60,12,20,25,59,30,6,39,55,50,26,52,45,9,2,10,13,63,53,8,22,28,40,42,11,31,14,49,19,57,47,7,54,62,24,5,35,0,17,27,15,32,16,58,21,38,33,4,61,36,46,1,23,34,48,43,56,3,51,18,41,29
1,11,22,5,48,42,61,8,52,57,34,53,58,3,26,44,59,33,31,63,51,15,28,13,14,54,20,16,60,56,6,23,7,38,19,21,41,32,24,0,30,62,12,45,37,46,43,36,25,9,50,18,35,10,55,49,47,39,17,40,4,2,27,29
35,61,22,14,62,23,29,60,34,42,56,18,63,53,28,0,47,37,10,45,2,25,3,36,54,16,27,41,9,20,17,50,24,46,44,59,7,13,32,5,6,19,49,12,31,55,33,8,30,38,58,4,48,26,21,51,43,11,40,57,39,15,1,52
15,37,47,53,8,12,18,38,0,59,31,27,20,25,48,34,3,60,11,16,62,33,50,43,52,29,57,10,1,36,40,55,30,35,41,14,24,46,44,51,21,2,23,54,42,19,63,28,39,26,32,45,22,49,61,56,17,5,6,7,58,9,13,4
40,35,44,31,25,55,12,57,5,19,0,28,56,16,47,52,48,17,49,6,51,7,54,61,18,29,15,4,27,11,43,1,60,8,23,36,63,37,22,32,46,53,9,3,33,50,13,20,10,62,45,2,34,24,30,38,41,21,42,58,26,59,39,14
37,0,12,22,33,48,27,31,20,59,18,30,57,51,35,5,54,19,16,14,24,4,1,11,56,40,45,3,50,39,41,9,13,44,62,32,63,25,34,26,47,61,36,2,49,7,17,23,60,15,52,43,58,10,42,28,46,55,6,29,21,8,38,53
29,33,6,17,5,2,20,51,45,13,16,1,31,25,37,46,24,18,3,48,12,0,21,34,44,41,8,28,62,58,53,59,50,63,52,39,47,27,57,14,38,35,9,22,54,30,10,36,32,4,60,61,56,23,40,43,42,26,7,19,15,11,49,55
42,19,36,10,1,30,2,40,46,4,37,35,8,39,59,47,49,32,20,61,24,11,6,34,15,31,57,55,12,58,26,29,54,3,7,27,53,51,9,63,0,60,18,41,28,52,5,22,50,25,56,44,62,43,14,17,21,23,33,38,13,45,48,16
5,34,54,33,27,28,21,7,44,19,63,42,0,16,62,29,15,48,45,40,13,24,46,18,47,17,10,12,20,51,61,32,4,14,37,3,57,36,23,39,53,59,1,25,56,43,38,22,50,41,60,58,31,9,49,52,26,8,30,2,55,35,11,6
17,50,19,41,23,13,12,10,15,54,27,14,16,39,5,7,34,37,6,46,21,55,43,51,40,11,30,62,44,9,48,58,18,42,47,32,31,38,60,36,28,24,25,53,3,1,63,57,29,8,59,52,22,45,0,61,2,26,4,49,35,56,20,33
57,43,0,37,24,44,22,63,11,9,3,32,61,26,55,29,14,40,53,15,51,2,17,21,35,46,10,33,58,18,28,7,6,59,4,56,30,52,23,8,16,36,42,48,12,25,54,50,20,47,31,13,39,27,41,19,38,62,1,34,49,5,45,60
35,62,36,10,11,27,26,24,0,25,56,5,48,37,45,34,49,23,39,54,41,9,43,21,8,40,42,58,4,52,59,31,19,12,20,3,2,29,61,46,63,7,15,47,57,38,28,32,53,13,18,50,33,60,55,1,6,30,16,22,51,14,17,44
57,32,3,11,29,22,9,53,41,40,44,21,35,37,8,50,16,6,59,31,62,19,38,47,49,23,61,1,26,27,56,52,45,28,58,51,15,12,46,13,39,14,36,0,60,55,24,10,42,7,43,30,54,17,33,4,25,2,34,48,63,18,20,5
30,21,5,44,12,47,25,50,52,59,32,9,19,39,31,55,1,2,8,33,27,53,58,10,0,6,26,62,17,61,34,29,43,11,24,40,37,15,16,20,4,63,46,60,36,18,13,23,41,14,38,57,45,7,54,28,35,22,3,48,56,42,49,51
34,46,11,54,61,38,62,57,59,28,40,58,60,2,47,50,44,55,22,0,37,27,36,19,51,24,21,53,63,39,7,33,9,16,23,17,32,52,48,15,5,14,56,43,13,30,25,42,20,35,10,18,31,3,26,49,4,12,41,45,8,1,6,29
38,14,22,43,54,42,21,51,30,47,15,49,1,63,4,27,61,60,28,37,52,53,16,13,23,8,24,7,46,0,39,44,56,9,36,18,6,25,55,31,50,3,19,40,12,34,35,59,62,26,58,33,10,2,41,45,20,29,11,5,32,48,57,17
32,58,63,38,37,25,28,51,14,31,0,12,52,46,34,49,8,24,48,13,36,7,4,23,11,3,54,17,15,26,35,19,21,9,29,27,44,53,2,45,41,18,57,56,55,20,16,43,39,40,6,10,59,5,62,22,47,30,33,1,42,60,50,61
13,10,34,62,58,63,46,35,43,27,26,19,56,52,42,2,38,8,31,1,3,41,22,7,59,29,53,20,50,32,47,14,55,39,36,33,23,21,5,9,17,61,37,49,45,60,40,0,57,16,30,28,25,4,11,54,48,12,51,6,18,44,15,24
8,29,57,59,43,40,5,19,10,52,11,7,44,27,54,41,61,24,38,36,31,56,6,53,48,18,49,0,35,60,33,20,1,21,37,4,14,22,17,15,30,12,55,62,42,16,34,25,51,3,47,26,32,23,28,9,45,58,50,39,46,2,13,63
46,58,0,9,23,17,32,45,7,42,55,13,25,14,40,35,8,54,36,51,3,33,21,43,34,61,15,60,56,26,41,27,49,62,52,20,11,22,24,2,12,37,29,44,47,18,30,48,50,1,38,4,6,31,63,28,16,57,53,39,10,19,5,59
20,62,1,60,39,53,38,9,7,4,25,13,42,63,48,32,15,29,0,61,34,22,17,54,16,52,11,23,28,35,37,19,10,44,41,21,24,14,2,40,36,55,49,12,6,57,18,43,45,59,50,30,27,47,58,33,31,56,46,26,8,5,51,3
14,54,19,50,59,47,37,2,13,7,61,10,39,29,44,21,36,20,32,1,46,17,27,49,31,4,56,35,15,28,55,22,24,12,9,3,43,23,45,26,33,34,52,6,60,0,11,30,38,40,48,51,58,18,5,8,25,62,63,57,16,53,42,41
55,19,27,18,9,48,6,4,28,0,40,23,5,17,20,31,13,45,12,1,16,25,7,46,51,37,22,59,56,58,52,54,43,15,63,41,61,33,60,49,50,29,42,57,8,36,26,35,39,44,24,34,32,14,30,38,10,47,3,2,21,11,53,62
31,25,36,52,1,4,57,43,38,17,60,34,54,10,44,22,61,39,59,30,63,19,0,37,9,53,2,8,21,14,56,23,40,41,33,51,16,45,18,20,27,46,24,7,11,15,48,28,58,35,42,62,29,49,50,32,55,13,5,47,12,3,6,26
