48,10,29,16,59,19,60,30,34,41,1,46,11,52,57,14,17,2,15,36,56,45,43,0,12,50,49,20,53,38,33,8,23,21,31,7,9,39,35,40,61,55,25,26,18,47,6,44,28,5,32,24,63,22,62,37,54,27,4,42,58,51,3,13
27,23,8,1,3,18,16,12,53,9,50,32,41,47,34,36,56,15,61,17,25,28,40,60,62,48,7,21,4,51,20,10,14,43,49,24,44,45,63,2,37,42,33,31,57,55,54,13,39,38,6,22,59,58,30,29,35,52,5,11,46,0,19,26
27,57,52,37,5,39,47,13,33,43,48,1,31,28,11,55,63,45,62,35,22,41,14,6,16,44,7,10,50,23,12,51,60,15,61,59,38,40,9,29,8,4,24,58,20,17,46,3,36,49,21,42,19,32,30,34,56,25,0,2,53,18,26,54
15,12,42,57,26,10,61,20,37,34,29,19,7,9,55,60,4,21,32,2,14,38,25,35,11,13,47,3,63,16,58,46,56,30,41,53,0,23,51,8,40,22,45,39,24,59,50,6,54,28,44,62,52,36,17,33,5,18,49,31,48,43,1,27
12,46,23,48,16,6,19,28,53,4,24,63,52,34,43,58,30,51,20,22,37,49,29,56,17,36,47,5,33,3,50,11,31,62,2,18,21,57,60,45,44,42,55,26,15,61,59,10,32,1,0,27,35,14,13,41,9,54,40,8,39,7,38,25
17,43,37,14,45,38,55,20,52,8,12,21,53,28,16,54,26,0,40,34,39,4,49,35,36,13,42,25,7,47,6,62,2,3,10,57,60,18,33,1,58,32,30,46,48,63,11,51,44,50,22,56,15,27,5,61,19,41,31,29,24,23,9,59
17,36,59,3,26,57,53,37,8,7,24,61,44,51,14,58,6,48,25,20,12,1,41,23,45,35,33,10,63,15,42,47,18,22,19,60,40,5,21,27,34,32,9,52,62,46,38,13,28,54,56,0,2,11,43,16,31,29,30,4,39,49,50,55
9,33,50,53,43,15,56,52,18,63,57,47,58,62,26,54,28,7,60,24,51,44,31,22,1,12,45,19,42,21,14,46,55,20,49,27,23,0,41,36,29,11,16,6,10,32,13,38,25,8,34,48,17,2,3,39,59,5,61,40,37,35,30,4
19,48,35,43,30,11,39,14,34,1,5,2,47,23,0,41,57,38,6,63,49,53,18,3,31,32,59,21,16,17,42,29,40,50,4,52,22,25,10,28,27,8,45,61,13,24,15,7,44,37,12,26,9,62,58,51,46,36,55,54,20,56,60,33
24,33,19,44,27,32,0,17,60,59,28,31,23,38,25,6,29,61,35,51,57,53,49,41,36,15,5,13,8,43,21,7,47,9,14,4,20,39,63,52,58,10,22,18,56,2,50,46,1,37,34,40,12,45,3,16,55,26,42,11,48,54,30,62
48,19,4,6,57,61,36,23,3,9,45,54,51,24,33,11,38,58,31,7,25,15,14,0,62,35,26,49,52,20,40,5,28,1,32,10,53,30,22,17,60,46,18,43,12,50,42,56,44,47,21,29,27,59,37,2,13,39,8,16,55,34,41,63
53,4,20,24,50,44,1,51,48,28,15,43,55,35,46,6,41,8,37,62,25,59,30,49,23,52,56,38,63,2,61,18,34,39,11,19,17,36,7,45,33,10,12,22,60,16,21,42,9,58,57,32,31,14,13,29,27,40,0,47,5,54,26,3
40,62,33,1,6,35,55,63,4,50,5,52,3,25,30,57,11,49,15,27,8,37,0,19,7,60,13,14,44,47,45,54,20,58,51,56,61,38,23,18,17,21,32,24,53,48,26,43,10,2,12,36,29,9,42,31,34,59,39,16,41,28,22,46
18,44,31,1,43,53,22,58,19,4,34,27,10,8,59,39,20,45,52,47,28,60,15,21,24,37,35,48,49,54,14,11,7,12,2,63,32,29,42,50,57,0,23,30,9,26,25,16,33,40,46,56,17,51,5,13,36,3,55,61,41,6,38,62
30,24,39,5,28,35,0,63,19,52,58,50,3,61,55,1,59,8,27,16,54,7,34,15,29,53,49,42,41,20,47,14,40,60,33,6,2,31,43,4,48,46,45,56,57,44,36,17,18,51,37,21,13,10,32,62,9,38,11,25,22,23,12,26
46,30,29,51,60,13,8,59,47,55,10,5,50,19,49,33,28,0,32,26,62,31,16,56,54,43,25,35,4,52,9,36,37,27,23,38,53,45,61,18,14,11,1,44,7,21,24,22,39,20,15,40,12,2,17,48,57,3,41,6,58,63,34,42
26,18,15,55,29,30,7,40,37,44,4,33,49,0,45,54,1,51,39,62,47,27,28,16,6,8,50,63,41,46,2,19,25,24,12,32,21,17,48,11,23,9,42,10,60,14,5,61,56,13,38,52,3,34,35,31,43,20,58,36,22,57,59,53
28,5,36,19,7,23,59,33,45,39,34,51,42,50,62,55,2,46,47,56,26,30,40,52,22,9,35,24,48,10,14,63,37,21,15,29,54,16,1,61,18,6,57,43,8,4,60,11,44,58,49,17,25,13,0,41,12,38,27,31,3,32,20,53
37,24,14,22,13,55,60,0,30,46,12,21,16,5,57,11,54,25,56,4,27,38,44,18,35,23,31,7,9,1,43,49,42,32,41,47,51,10,63,36,19,45,8,62,40,17,2,34,6,39,26,48,29,53,20,15,28,3,61,50,59,52,58,33
61,41,18,26,21,60,15,33,47,11,42,43,57,14,62,34,13,63,19,16,9,30,27,6,58,59,2,25,52,37,12,51,7,23,31,53,20,10,54,22,48,3,1,24,45,36,38,32,39,55,29,50,0,28,46,56,4,40,35,17,44,49,5,8
61,28,58,14,20,10,29,60,44,26,57,22,24,34,9,30,45,2,25,53,52,48,32,15,41,27,39,50,35,13,23,59,40,63,56,4,51,6,7,54,11,1,18,12,36,47,21,3,46,33,17,16,19,37,43,42,8,62,0,49,31,38,55,5
57,35,5,18,61,45,46,42,54,23,43,32,0,50,58,62,48,33,3,15,26,24,51,30,49,25,55,14,36,29,11,13,41,44,38,8,27,52,60,12,56,1,2,9,19,34,40,31,17,39,6,28,10,4,20,47,22,53,7,63,59,16,21,37
44,13,28,35,60,23,1,22,2,47,38,30,16,18,9,43,10,51,39,37,4,25,57,61,42,33,49,31,14,17,24,34,0,50,46,41,53,5,12,63,55,58,3,8,56,15,40,26,11,7,48,21,62,20,29,36,6,45,54,59,19,32,27,52
61,30,26,3,28,20,57,38,9,24,39,21,10,29,63,8,41,18,17,53,50,45,49,48,2,44,0,13,60,33,56,22,14,58,31,40,46,6,52,62,1,25,36,35,32,55,37,7,59,16,12,47,15,54,11,23,42,27,4,34,43,5,51,19
38,3,21,39,62,35,5,30,16,61,19,60,52,7,44,45,29,48,14,12,59,57,32,47,13,20,22,50,18,6,28,43,17,40,1,34,33,42,51,54,0,56,49,31,26,27,10,8,37,53,58,24,11,9,4,2,41,46,15,55,63,23,36,25
37,39,0,23,34,8,24,56,10,47,45,22,49,14,41,44,9,63,55,31,62,2,13,28,16,43,5,33,17,50,61,54,51,38,6,29,30,21,26,12,15,60,20,36,7,18,46,35,4,42,27,3,59,53,52,40,25,57,32,1,58,48,19,11
43,52,26,11,51,57,56,10,42,3,7,59,29,44,38,54,36,48,17,24,12,16,5,8,21,28,20,60,55,32,15,31,50,41,61,62,49,14,19,46,9,40,39,1,6,0,34,4,53,25,35,47,18,22,45,2,30,27,63,58,23,37,33,13
38,32,39,44,37,36,55,54,45,3,12,20,22,59,34,9,51,35,25,28,4,18,63,48,49,46,5,23,0,15,61,27,11,1,24,10,2,6,57,42,21,26,47,30,14,43,7,17,52,29,50,13,41,31,8,62,53,40,58,19,33,56,60,16
44,61,60,29,3,16,45,40,59,54,31,6,10,49,48,50,7,37,24,9,21,38,55,46,12,35,27,53,11,30,32,1,17,25,52,39,15,14,58,8,36,63,4,2,34,43,18,47,20,26,42,23,0,41,57,13,33,22,5,19,56,28,51,62
15,3,0,54,27,48,18,38,57,51,30,24,42,52,9,11,14,21,63,31,43,55,17,12,35,10,16,33,58,61,2,29,5,13,60,22,36,6,34,56,46,62,4,59,28,23,40,45,53,32,1,26,20,7,19,49,47,37,8,44,41,25,50,39
13,27,5,54,46,24,29,42,60,43,23,0,58,10,37,38,25,11,32,16,7,14,12,59,62,1,18,36,55,52,49,26,19,48,47,9,3,6,51,56,21,17,40,41,50,39,35,28,44,57,30,2,63,61,15,34,45,4,20,22,8,33,53,31
54,23,38,49,6,2,14,48,26,57,0,62,3,56,30,11,61,10,51,40,22,17,15,52,42,39,47,58,31,63,8,16,55,20,21,1,41,44,5,59,36,60,34,12,25,24,28,19,7,9,43,18,27,50,32,53,29,45,35,33,4,37,13,46
20,31,52,7,13,50,60,39,8,35,27,55,49,57,16,43,45,46,34,1,61,37,11,10,40,48,21,25,17,30,22,63,54,5,38,42,26,53,47,41,29,15,24,9,4,12,2,36,33,19,28,6,44,56,59,51,14,18,32,3,62,0,58,23
57,20,44,13,4,12,28,14,2,37,30,24,22,6,0,41,35,1,61,45,21,31,19,48,32,53,26,11,51,52,59,54,34,33,5,38,17,56,63,8,3,60,18,58,49,39,16,27,50,7,9,47,62,40,46,36,29,43,42,23,10,55,15,25
0,54,36,55,28,32,30,15,10,29,46,21,19,33,16,56,5,2,57,9,3,42,26,4,41,61,31,52,48,22,14,34,25,35,44,63,60,12,62,45,11,38,50,24,39,20,13,53,40,59,51,17,1,6,49,8,47,37,27,23,43,18,58,7
2,18,22,27,16,49,28,36,8,13,62,33,3,45,40,15,4,29,6,47,20,23,5,50,9,48,44,52,41,53,24,56,42,1,19,54,57,51,61,7,59,10,37,11,60,26,46,39,17,32,43,63,30,0,25,34,12,55,58,14,21,35,38,31
1,40,8,47,43,35,48,53,11,51,21,15,23,28,62,36,18,26,10,24,9,6,3,46,60,38,30,27,52,12,7,16,2,41,54,56,32,55,49,44,20,39,59,34,61,29,4,25,50,31,63,45,5,14,0,42,37,13,17,22,58,57,33,19
10,4,16,19,35,62,46,58,38,23,14,2,9,39,54,7,1,36,5,45,17,59,12,61,26,20,50,49,60,30,55,48,51,21,34,8,56,40,3,53,43,28,27,37,13,52,42,57,44,0,31,15,25,33,22,11,63,24,29,18,41,6,47,32
44,52,37,62,21,31,41,12,22,10,23,17,45,61,11,34,2,9,48,63,36,16,19,54,27,14,32,4,51,18,40,29,13,8,15,50,59,24,5,3,28,56,39,20,58,60,6,0,33,46,35,25,42,1,53,30,43,57,49,26,7,38,47,55
4,6,8,33,18,55,45,21,63,57,0,40,54,38,29,47,27,14,58,49,5,10,44,60,31,20,39,62,48,28,37,23,30,26,3,61,36,15,12,51,1,25,43,11,50,59,13,53,42,32,7,41,16,19,17,2,52,34,22,56,35,24,9,46
59,52,53,42,0,31,16,60,50,41,8,15,6,25,18,37,61,57,33,40,43,21,47,1,54,62,39,48,9,44,20,14,27,36,23,55,34,46,11,26,5,29,12,38,17,2,56,10,45,4,22,35,24,13,19,58,32,49,51,7,63,3,28,30
38,21,36,9,61,44,46,19,42,15,45,48,27,29,0,56,18,33,8,49,35,60,13,32,17,63,1,2,41,4,37,54,7,39,43,59,16,53,28,24,10,62,3,58,30,40,31,20,5,6,51,50,23,12,47,52,11,26,14,34,55,22,57,25
43,31,21,5,57,23,56,44,14,4,28,18,15,62,22,53,41,46,26,1,50,54,35,51,52,48,9,29,63,11,61,2,27,17,42,59,13,20,58,37,25,45,3,10,47,49,39,34,8,40,24,6,55,12,30,0,7,16,36,60,32,33,38,19
49,13,30,38,40,22,41,11,61,57,19,63,3,46,31,25,33,50,59,48,14,12,8,20,55,28,29,7,56,16,21,10,42,51,44,9,18,26,36,32,52,24,47,2,0,58,1,60,62,34,45,27,5,17,23,6,54,4,35,53,43,15,39,37
15,31,40,24,25,47,16,17,44,4,61,62,20,27,2,63,56,34,48,38,60,11,7,33,46,30,26,1,58,12,22,9,49,36,5,52,35,32,6,3,41,23,51,55,39,8,0,13,29,18,59,10,57,21,43,45,19,14,28,54,50,37,53,42
0,57,62,20,38,45,28,33,60,26,59,52,7,56,36,49,35,30,10,23,19,40,61,37,34,17,9,14,2,58,25,1,15,44,63,27,3,8,55,50,16,51,4,48,53,18,31,46,54,24,42,29,21,5,11,22,32,43,47,13,39,6,41,12
27,41,63,36,20,17,50,62,2,34,45,9,5,26,32,1,48,59,49,33,54,15,40,24,7,56,46,18,61,3,10,44,28,21,0,4,57,58,35,47,31,29,12,19,55,38,60,13,42,53,23,52,51,14,43,22,25,39,37,16,6,30,11,8
43,3,14,60,42,17,33,52,7,62,56,47,49,34,55,39,45,63,5,44,18,2,6,26,22,37,15,19,16,32,27,41,29,51,4,54,31,57,20,24,13,1,35,40,58,59,10,9,61,0,46,8,28,48,38,21,36,50,30,12,53,25,23,11
43,5,1,35,10,6,14,54,58,19,27,40,59,55,17,60,34,21,25,50,29,23,52,57,51,36,61,37,26,24,46,48,41,28,22,53,49,32,45,15,11,2,56,30,4,47,20,63,9,0,31,18,12,39,8,16,38,33,3,13,62,7,44,42
9,43,50,36,15,63,5,42,10,3,57,56,58,33,44,61,48,41,23,7,30,55,62,29,51,26,19,52,18,17,40,8,28,46,35,13,34,21,0,32,22,60,38,16,47,11,20,59,49,12,4,14,1,6,24,27,25,54,45,37,53,2,31,39
7,62,4,48,24,38,27,13,31,51,2,28,12,58,44,59,10,25,9,29,14,18,6,50,5,37,16,60,23,15,57,20,40,43,8,36,32,19,3,22,56,55,52,35,39,26,42,41,54,53,21,0,17,61,47,49,11,1,30,46,34,33,63,45
55,59,15,44,48,30,62,38,45,29,61,16,41,34,8,28,25,18,50,10,54,21,4,35,1,31,24,27,52,58,17,5,36,42,40,2,3,9,11,47,20,13,26,7,14,23,12,53,49,37,6,63,0,43,22,56,51,60,33,39,57,32,46,19
12,21,53,27,55,9,51,62,35,15,33,16,23,61,25,7,30,63,54,45,56,52,10,36,34,22,11,46,59,48,19,60,39,57,44,32,42,6,29,37,20,40,26,17,41,38,3,1,47,49,13,58,8,4,24,5,43,18,50,2,28,14,31,0
33,24,57,20,21,25,45,63,62,6,53,48,47,26,16,36,14,30,60,19,56,10,0,31,59,29,42,9,55,41,15,18,23,39,27,40,28,37,11,38,17,8,7,58,61,43,3,1,2,13,22,52,34,51,5,44,32,4,54,49,50,12,46,35
62,59,0,43,63,29,14,60,45,9,8,31,26,13,39,22,10,5,44,55,12,61,33,24,4,58,21,48,49,42,41,18,23,3,25,50,32,19,46,27,34,56,52,2,36,53,54,37,28,17,40,35,6,16,38,57,1,47,30,11,7,20,15,51
10,52,4,29,14,9,2,59,27,8,28,22,24,37,35,51,57,63,48,13,54,62,53,12,23,19,41,55,33,30,26,31,47,21,6,39,36,11,49,34,45,61,32,25,3,50,17,60,58,38,18,1,5,43,46,0,20,7,56,42,44,40,16,15
26,45,48,18,63,35,58,16,37,9,46,30,12,36,60,43,52,49,31,24,33,11,20,59,5,57,39,2,27,23,42,54,56,1,53,21,0,40,19,61,8,47,15,6,17,3,29,44,41,34,32,13,50,62,10,38,22,4,55,25,14,7,51,28
15,56,12,23,44,5,8,17,0,42,3,33,16,30,50,63,45,34,39,49,37,28,24,13,18,43,40,51,32,10,36,60,27,48,31,9,53,62,14,41,20,4,2,11,57,22,54,6,26,21,59,25,46,61,55,47,52,35,7,38,58,1,29,19
21,28,62,38,53,48,51,30,14,8,57,32,27,55,19,18,6,63,17,56,44,7,31,15,54,40,37,60,3,59,45,35,11,20,10,47,43,23,26,34,36,0,29,46,13,61,49,33,42,9,1,22,2,41,25,4,58,24,39,12,5,50,52,16
38,23,53,21,22,56,13,6,35,27,19,62,42,32,40,57,44,3,61,5,46,9,8,47,50,4,34,51,7,33,30,15,25,60,18,2,1,49,0,43,29,20,11,45,63,16,10,48,37,24,55,58,54,31,39,41,36,17,14,28,52,26,59,12
50,10,58,24,19,28,51,16,35,54,22,31,0,2,13,7,30,46,61,49,34,53,36,1,26,37,41,12,39,48,6,63,55,21,9,40,3,59,29,27,33,32,11,60,8,52,38,4,15,56,23,17,43,62,45,25,47,14,44,5,57,18,42,20
18,28,11,10,2,34,4,61,55,16,8,5,63,30,13,50,6,42,3,45,37,26,43,7,44,58,47,0,24,41,33,62,56,48,32,22,19,49,40,12,15,31,9,1,59,53,60,38,23,57,35,14,39,17,27,20,52,21,51,25,46,29,54,36
51,9,38,13,29,33,63,50,62,47,30,19,16,25,46,56,27,1,61,26,39,32,37,54,22,17,57,42,41,11,8,7,31,36,0,60,53,21,12,14,45,20,28,35,4,3,18,58,15,23,52,55,6,49,59,48,40,10,2,43,24,44,34,5
35,54,1,17,41,29,43,53,58,45,11,24,3,48,15,2,55,26,51,28,21,20,50,0,63,31,60,25,44,38,62,49,42,19,47,37,34,27,52,6,30,10,39,23,61,14,22,32,36,56,40,18,13,12,4,5,33,7,59,46,9,8,16,57
16,35,23,62,61,43,12,51,32,48,1,0,8,58,57,41,54,37,49,38,29,27,45,55,31,22,44,30,18,33,47,53,2,50,39,14,60,3,6,19,42,63,46,59,25,7,11,17,15,52,34,5,36,24,20,28,4,10,56,9,26,40,21,13
39,48,36,51,14,46,22,25,42,8,12,24,5,58,7,52,31,3,9,41,35,55,11,16,59,62,27,40,13,50,4,60,61,47,43,54,45,17,19,2,20,38,15,34,10,33,56,29,28,18,32,53,57,1,30,37,26,6,63,23,49,0,44,21
39,42,4,3,9,35,48,31,2,46,22,55,23,18,51,62,14,49,29,13,19,12,28,45,10,41,44,1,16,58,6,21,8,30,54,5,24,56,27,43,36,15,61,26,37,53,47,59,52,20,33,17,7,57,63,50,25,11,60,38,34,40,32,0
57,30,14,50,27,62,61,18,37,10,42,60,38,54,7,15,52,11,47,40,5,53,16,0,2,29,19,24,3,36,31,8,6,44,35,12,55,43,46,45,25,20,9,23,51,63,56,39,26,13,49,21,58,32,22,1,59,33,48,34,17,28,41,4
1,56,0,26,33,48,35,9,4,62,40,49,58,59,63,52,27,42,20,29,23,46,43,60,44,30,13,32,61,36,17,53,34,15,22,25,3,8,50,12,2,7,14,57,6,37,11,10,55,5,45,21,39,38,24,28,16,51,19,54,31,41,47,18
31,4,10,48,35,2,46,5,13,41,60,61,63,56,53,45,20,51,16,54,3,1,59,43,12,37,17,18,52,50,22,47,42,21,6,30,33,19,28,44,49,40,15,27,25,34,32,7,23,38,26,36,11,39,24,55,29,58,14,0,8,57,9,62
1,32,14,44,19,10,51,48,57,35,8,38,62,13,61,25,4,31,40,39,46,34,52,15,30,20,7,17,36,29,58,11,16,37,28,60,9,0,43,55,26,54,24,45,5,23,53,27,41,56,49,47,59,42,18,6,50,21,2,33,22,3,63,12
11,23,46,27,39,16,12,7,1,60,22,8,63,17,0,6,3,47,18,20,58,57,50,10,42,29,43,59,14,44,31,9,33,15,35,25,51,45,4,30,19,54,52,55,40,26,36,21,62,28,32,56,38,61,48,24,2,5,13,53,37,41,49,34
18,32,46,15,27,34,13,41,59,21,29,38,12,22,2,60,14,9,57,16,37,19,10,43,44,6,51,24,3,11,42,23,4,20,25,0,61,47,36,55,26,40,17,33,63,31,54,52,8,35,53,30,48,5,39,49,45,62,58,7,1,28,50,56
28,24,1,60,50,13,47,55,14,59,57,10,32,9,23,12,29,8,46,49,41,35,52,21,43,33,6,48,31,61,26,7,37,25,17,16,2,40,0,22,39,56,45,4,30,3,11,63,27,58,18,34,54,5,42,36,15,19,38,20,53,44,51,62
47,1,31,38,57,2,19,36,59,63,56,11,41,6,30,42,34,10,26,25,49,0,28,32,16,43,52,46,33,35,50,62,24,53,13,18,17,3,51,4,55,5,15,54,60,40,44,45,27,8,20,22,23,21,12,48,7,29,58,39,61,9,14,37
49,58,44,29,18,33,61,3,45,59,15,10,11,0,24,13,54,19,12,52,22,46,9,36,27,25,6,8,14,50,35,32,20,4,56,62,37,38,30,2,57,51,48,47,1,63,17,7,21,5,23,16,42,26,34,55,53,39,28,43,60,41,40,31
25,22,6,52,58,1,35,26,5,12,49,57,11,17,61,41,33,53,44,60,38,16,43,19,24,46,47,10,36,3,32,45,54,2,13,14,34,39,9,7,27,4,50,30,37,15,62,56,21,28,51,31,29,48,20,40,59,23,18,63,0,55,42,8
9,40,36,5,13,25,3,24,54,41,15,38,10,12,43,48,0,18,45,60,57,58,51,11,30,19,59,39,14,33,27,44,61,53,2,49,17,26,6,8,32,37,55,50,35,28,34,22,21,4,62,31,63,29,23,20,16,7,47,56,52,1,46,42
28,53,47,4,13,19,58,59,49,1,26,32,14,5,29,63,34,50,48,25,23,16,3,0,27,44,62,30,36,11,43,24,42,21,15,52,12,40,2,38,31,45,39,6,7,57,33,10,54,60,41,8,22,51,35,56,18,17,55,20,9,46,61,37
13,21,42,51,52,0,31,22,11,61,34,27,10,60,1,55,23,35,7,5,39,48,26,32,57,47,49,14,29,43,17,53,19,56,28,44,33,12,38,16,3,54,45,4,58,62,40,63,20,15,30,2,50,36,59,6,41,18,46,37,24,9,25,8
43,62,56,52,2,24,10,20,39,51,31,6,54,46,60,23,7,45,29,50,63,1,17,3,11,19,16,0,9,55,47,22,32,5,26,34,18,53,58,40,28,25,42,41,48,33,21,44,36,12,27,15,38,37,35,30,57,8,14,13,59,4,49,61
0,19,9,52,45,59,5,4,32,30,34,62,57,44,22,27,53,43,12,1,46,6,31,63,51,23,14,3,28,42,48,38,10,60,58,55,11,15,40,25,54,61,8,24,17,13,49,33,35,37,50,20,29,41,47,39,18,16,36,56,21,26,7,2
7,34,62,0,46,1,20,9,6,3,54,2,17,15,41,27,37,52,40,19,47,51,29,50,24,14,30,63,44,42,25,45,59,33,4,53,31,49,58,22,21,32,5,48,28,16,11,26,36,23,61,38,56,10,8,60,18,55,57,13,43,39,12,35
38,6,19,63,21,18,59,40,9,23,29,22,50,49,54,60,44,13,32,10,52,7,24,15,55,0,8,37,35,48,17,61,51,56,20,34,57,16,39,4,45,36,14,30,12,2,47,33,11,53,46,3,43,58,41,28,62,1,25,26,42,27,31,5
27,15,44,7,37,11,39,19,59,1,10,56,25,47,0,18,29,12,8,24,46,58,28,41,38,22,52,42,6,62,40,45,14,48,51,31,34,61,5,35,33,54,55,53,4,60,36,9,2,20,13,43,3,16,57,23,49,63,17,50,21,32,30,26
3,60,23,9,10,53,24,16,35,0,37,29,31,57,38,52,45,61,46,39,17,33,5,1,12,43,32,22,62,7,34,48,15,4,40,42,59,30,19,14,13,25,27,8,2,49,54,28,41,56,11,55,21,44,63,36,26,58,20,6,18,47,50,51
56,57,34,52,18,31,25,11,3,53,51,26,38,50,37,13,27,61,41,24,54,30,23,22,60,40,16,55,59,8,42,0,63,32,35,19,47,4,44,5,48,29,6,14,21,20,45,33,15,49,39,62,12,17,1,43,58,7,10,9,46,36,28,2
60,38,63,8,23,20,39,51,15,17,53,18,21,0,1,44,37,24,52,4,5,33,28,14,31,62,16,40,57,26,12,36,11,10,42,55,3,46,22,25,32,29,43,13,54,45,58,35,9,49,27,50,19,56,34,30,47,61,6,7,2,48,41,59
36,23,56,55,33,34,30,45,50,60,53,14,4,52,35,19,9,58,62,44,41,29,54,47,5,22,61,38,46,26,57,8,3,7,12,31,16,6,17,39,32,42,10,49,28,20,25,24,11,1,59,0,2,13,15,27,18,21,63,51,48,37,40,43
46,38,42,23,49,30,17,7,10,35,60,41,63,4,6,58,61,32,36,55,19,3,34,15,5,29,20,12,0,43,39,24,8,2,33,52,27,31,9,22,40,16,21,56,57,28,47,18,51,45,13,50,1,54,48,14,53,59,37,11,25,62,44,26
2,53,46,7,6,16,43,26,4,24,49,12,60,62,1,15,25,11,29,35,50,18,48,22,9,14,37,61,8,44,40,38,31,47,55,54,39,45,58,21,5,36,41,34,51,57,33,59,28,17,30,20,3,23,10,32,27,42,56,0,52,19,63,13
14,38,16,23,60,0,10,30,31,32,58,13,51,24,59,41,45,34,36,12,55,5,18,49,53,11,9,48,35,39,7,40,21,4,29,17,50,6,15,27,1,37,56,20,46,3,54,2,8,28,61,19,63,47,33,42,43,62,52,44,26,57,25,22
35,5,25,8,14,34,55,9,51,2,4,7,32,52,28,57,48,21,45,19,58,49,17,36,20,62,60,12,26,47,61,30,22,63,38,41,18,33,24,0,54,59,40,6,23,42,10,15,56,13,11,16,3,37,43,50,39,44,46,1,53,29,27,31
2,40,38,12,60,62,23,18,29,57,28,46,36,5,52,13,39,7,59,50,45,21,37,16,1,58,54,20,41,53,0,9,14,10,43,19,49,25,32,30,44,42,51,27,63,24,3,26,15,34,6,11,8,33,35,22,55,61,56,4,47,31,17,48
17,5,12,10,58,28,13,48,14,59,47,0,42,53,37,3,18,60,4,33,45,6,51,1,8,52,30,46,2,61,62,15,16,9,29,36,44,55,32,56,31,35,25,63,24,21,34,54,43,19,39,11,20,26,38,50,7,57,49,22,41,27,23,40
20,23,32,43,49,45,36,7,57,8,59,28,26,55,21,30,63,5,15,4,13,29,39,52,46,60,40,62,24,47,12,50,16,22,34,1,19,51,54,31,48,10,35,2,3,58,17,53,42,44,0,61,41,18,25,11,27,14,9,6,38,56,33,37
56,61,3,25,12,17,7,2,45,55,5,52,6,37,57,24,13,53,59,63,26,9,11,32,28,50,60,29,4,14,49,0,36,51,10,48,44,47,34,33,16,27,39,58,43,1,62,20,54,40,8,23,31,38,19,46,41,35,18,42,15,22,30,21
54,44,46,52,12,45,32,48,55,1,40,19,29,0,17,53,22,36,10,50,49,7,14,16,51,33,30,3,59,57,28,62,24,23,5,9,43,2,34,26,58,6,8,41,18,15,47,4,37,11,25,13,21,31,38,27,42,61,60,39,20,63,35,56
39,18,54,48,34,41,26,22,49,38,37,55,47,35,3,2,30,4,50,53,58,44,57,21,62,59,24,13,46,1,9,7,45,8,52,25,23,27,11,56,12,33,61,10,19,17,14,43,32,15,31,5,0,40,20,28,51,16,63,29,42,6,60,36
25,45,27,47,56,61,21,13,10,8,50,42,63,32,55,44,38,22,29,43,0,19,1,48,6,15,5,2,17,12,40,37,11,14,46,51,52,31,35,34,3,58,60,9,16,33,59,53,4,54,30,28,7,26,24,20,18,57,23,36,62,49,39,41
33,49,39,3,20,11,59,4,54,7,55,1,60,40,9,44,43,37,58,57,50,8,31,56,25,34,45,6,63,62,29,30,46,42,17,51,24,12,13,28,16,27,21,0,41,23,52,61,47,38,19,35,15,26,10,53,5,36,18,22,2,48,32,14
32,10,27,41,21,40,25,63,57,54,36,33,24,28,16,37,31,59,56,47,0,6,17,29,20,62,61,14,12,46,4,43,1,45,53,19,42,18,50,58,52,9,26,22,8,7,60,49,2,35,38,5,44,51,11,34,3,55,39,30,13,15,48,23
1,4,32,47,28,57,63,19,17,54,49,31,25,7,2,48,39,15,36,33,62,0,61,40,59,60,6,55,11,41,12,58,34,27,52,53,16,26,8,30,37,10,46,29,38,9,45,20,23,5,44,50,51,42,21,22,18,35,14,13,56,43,3,24
39,37,43,18,21,47,9,32,28,14,3,49,4,52,54,23,63,38,61,46,56,34,6,58,5,41,33,16,19,0,25,59,57,11,36,55,8,29,44,35,50,12,31,62,1,7,42,26,53,2,60,40,13,24,10,45,17,27,48,30,51,22,20,15
16,53,52,4,44,58,46,6,7,43,61,12,34,47,5,51,10,14,29,40,28,42,32,45,18,11,22,2,39,48,0,17,56,62,54,31,3,23,27,25,63,35,15,50,59,55,26,1,57,13,20,8,37,21,24,60,33,41,30,36,9,38,19,49
40,4,34,58,53,38,22,23,33,50,27,7,43,37,47,39,29,42,20,31,57,51,30,52,6,55,10,16,9,11,14,1,54,0,13,46,41,5,36,32,61,8,3,59,24,25,17,35,2,62,18,63,15,26,49,19,48,44,12,21,28,56,45,60
19,34,58,7,48,41,61,18,31,21,26,20,43,45,6,25,38,15,47,36,24,5,63,60,46,49,29,16,62,22,23,44,30,32,52,8,53,13,2,3,40,1,28,11,14,4,9,50,37,0,55,35,54,57,10,56,39,42,33,51,59,12,17,27
48,27,8,22,62,38,42,61,14,57,50,6,0,3,4,32,43,51,39,7,47,60,54,10,40,30,52,17,5,49,41,2,26,33,36,9,29,20,63,24,31,23,15,1,11,56,34,53,16,37,59,45,46,35,58,25,21,19,28,44,13,55,18,12
45,46,16,28,19,47,61,60,40,63,26,54,31,18,56,23,27,32,50,52,53,38,25,35,1,17,36,22,30,7,34,51,57,10,33,15,4,5,37,58,21,0,13,41,39,42,6,14,59,29,9,49,8,62,11,24,43,3,44,12,20,55,2,48
26,27,20,37,11,23,8,30,49,24,9,21,19,13,44,62,53,32,25,35,22,5,58,46,38,12,6,40,63,31,41,17,60,0,18,39,33,29,4,42,45,7,28,57,56,47,14,48,51,50,1,34,10,52,2,61,43,36,59,16,55,3,54,15
44,3,15,59,63,26,29,34,28,49,17,38,9,20,2,12,57,1,51,24,37,13,39,25,22,62,23,40,33,52,55,53,60,36,6,14,16,58,30,7,27,21,35,4,41,61,43,18,19,8,5,10,50,54,32,0,56,42,46,31,45,48,47,11
59,63,38,47,33,55,49,22,36,62,26,6,21,13,29,56,16,41,39,43,1,18,42,51,44,27,3,24,0,61,2,14,58,4,53,34,54,40,45,32,20,28,35,23,31,60,10,30,57,11,50,7,19,25,48,12,9,15,52,8,17,46,37,5
58,28,32,34,23,1,50,52,56,25,39,21,6,44,54,35,47,13,30,14,0,51,55,63,16,38,53,62,10,29,2,43,22,36,45,7,26,19,31,49,42,20,46,9,33,40,37,12,24,61,59,41,60,11,3,17,15,57,8,4,27,18,5,48
35,21,24,45,48,26,46,51,34,40,50,41,3,28,10,30,6,15,22,11,60,12,29,32,7,37,1,4,9,17,18,31,0,57,5,36,58,62,53,61,2,43,49,59,14,54,55,47,23,8,42,56,27,39,19,33,63,20,13,44,16,52,25,38
17,21,46,62,50,8,26,23,35,58,3,5,1,59,34,37,18,2,4,11,55,53,52,27,32,30,14,25,28,7,10,57,45,33,24,56,15,13,51,49,41,9,31,20,40,39,44,22,47,19,63,42,6,61,43,12,60,48,29,54,36,0,16,38
44,7,32,26,19,29,41,25,56,35,28,0,50,18,54,24,40,59,34,15,49,1,6,62,55,42,53,13,11,47,60,52,2,20,38,12,36,21,8,57,4,43,37,61,58,3,5,9,23,27,14,33,63,30,45,16,48,22,51,46,10,39,17,31
27,53,23,4,49,13,32,9,18,58,30,10,12,56,21,35,19,40,7,42,38,29,52,3,6,43,31,28,55,50,47,34,15,63,39,60,57,51,2,14,46,22,16,45,5,37,33,11,61,1,24,8,48,26,41,0,17,44,20,62,59,36,25,54
31,47,9,25,62,6,36,19,44,33,45,63,42,51,13,21,41,29,12,38,22,57,49,17,20,32,54,27,7,2,3,60,40,23,59,28,37,30,39,5,26,8,46,24,35,14,18,4,0,48,43,53,11,1,10,50,15,55,56,52,58,34,16,61
40,52,7,56,53,62,63,50,51,39,36,23,55,9,21,46,34,8,26,28,13,49,22,6,2,25,38,17,3,58,45,35,29,37,0,20,42,1,48,16,32,33,60,27,43,10,14,61,12,59,18,47,5,57,30,41,44,4,24,11,19,15,54,31
47,59,23,61,19,45,25,16,34,44,9,56,3,28,55,33,37,15,14,50,20,5,49,2,38,51,54,18,13,22,53,48,30,17,36,10,1,32,0,43,12,29,27,6,7,24,35,21,41,31,60,40,46,26,63,58,57,11,39,4,52,8,62,42
57,18,32,42,49,31,55,34,62,47,33,10,19,1,7,50,30,56,25,0,28,14,39,45,17,15,48,3,8,26,16,6,5,41,21,44,53,11,63,22,12,43,40,24,23,61,58,36,9,60,59,51,20,46,27,54,29,35,2,4,13,52,37,38
9,38,11,46,45,8,34,16,53,54,36,33,44,14,17,61,37,63,15,28,39,59,43,56,7,35,2,52,5,1,50,26,55,51,25,42,12,21,24,49,32,3,6,27,10,29,60,13,62,30,20,0,40,22,41,31,58,57,4,18,48,47,19,23
16,6,13,52,42,57,55,62,23,0,37,56,36,61,33,49,28,22,54,48,3,8,17,31,63,27,35,18,19,60,5,10,9,21,34,53,2,45,50,7,43,59,38,32,12,4,1,29,47,51,44,26,40,11,41,14,39,58,46,15,25,30,24,20
8,2,56,22,38,19,14,24,57,29,48,32,1,3,40,4,62,11,28,25,45,13,60,33,54,26,44,21,52,53,36,10,47,51,12,27,7,16,15,6,17,18,58,43,61,9,23,35,39,30,59,37,20,42,46,63,31,55,5,50,41,0,49,34
44,3,49,48,12,10,17,37,24,27,26,2,46,30,36,32,4,42,0,41,45,14,60,22,8,25,47,28,53,59,15,5,9,35,33,18,13,29,34,38,61,63,6,62,50,43,57,21,23,1,16,19,54,56,11,39,51,20,52,55,31,7,58,40
42,44,54,48,41,11,9,40,4,2,25,43,46,31,24,50,55,16,8,35,26,53,36,63,33,5,49,14,21,39,13,34,58,61,59,47,60,15,27,12,18,17,37,1,22,29,10,7,3,51,19,62,28,23,30,0,45,6,38,52,20,57,56,32
50,46,11,37,22,44,20,32,9,3,49,40,38,2,58,60,43,62,5,1,53,21,45,52,31,18,54,27,6,56,28,23,36,57,4,47,34,15,63,19,51,7,48,13,17,10,0,61,16,29,35,26,8,59,12,25,33,55,39,24,14,41,30,42
29,8,28,45,55,22,40,42,20,63,48,6,35,11,61,56,14,17,59,13,31,2,58,21,27,7,1,38,12,34,23,3,25,26,41,53,37,9,46,44,60,5,0,51,33,16,49,43,19,24,52,10,50,32,62,57,18,39,54,4,30,47,15,36
16,36,42,34,37,10,25,7,9,54,55,20,49,50,46,27,45,24,8,43,61,40,51,21,53,32,13,48,1,23,11,17,63,41,22,58,62,35,59,15,19,2,33,39,28,44,0,6,12,38,31,4,18,60,26,56,29,52,5,30,57,14,3,47
50,56,54,2,20,21,43,0,60,11,4,7,62,52,33,32,23,45,22,10,61,47,5,12,31,36,35,37,59,34,18,26,30,1,46,40,13,53,58,6,27,15,57,24,49,48,14,25,9,16,51,44,17,29,39,41,19,28,55,38,63,42,8,3
60,31,54,8,10,14,50,22,32,55,38,40,49,42,61,23,11,48,26,56,3,7,5,62,21,63,34,4,24,33,29,0,44,35,47,58,6,37,41,45,17,36,51,25,30,20,39,12,52,27,13,57,53,15,1,28,9,59,18,46,16,2,19,43
36,51,17,25,31,41,32,34,18,60,38,19,44,28,23,39,54,10,0,4,46,56,11,63,50,37,14,21,15,42,29,47,49,58,35,45,3,62,30,5,12,22,24,26,6,48,33,7,59,57,40,2,8,13,43,9,53,1,16,61,52,20,55,27
58,1,3,27,49,43,11,54,5,32,30,59,46,44,9,61,18,4,20,31,19,36,6,34,22,63,37,10,42,7,23,26,0,24,57,47,12,39,60,25,17,33,14,2,55,40,53,56,38,16,48,62,41,28,8,21,50,51,15,52,45,13,35,29
40,57,26,10,19,27,62,22,50,13,56,46,5,0,58,53,41,60,47,17,59,18,36,38,33,42,7,16,1,6,39,43,28,4,31,45,32,52,55,8,51,3,24,30,61,9,48,2,15,25,44,37,21,14,34,54,35,20,12,29,11,63,49,23
59,41,44,13,5,8,38,31,30,34,15,24,62,45,3,54,22,51,29,33,0,49,47,48,50,40,16,32,19,63,53,18,46,23,4,11,56,57,60,21,20,36,10,2,26,61,12,55,42,14,28,58,43,1,35,7,52,6,9,27,39,17,25,37
27,41,8,7,3,20,49,4,1,57,38,25,0,59,14,15,5,21,44,43,61,9,13,34,62,50,37,16,22,12,54,42,19,31,40,48,26,53,28,2,24,46,58,36,45,17,30,60,63,6,56,35,55,39,33,51,10,18,32,52,23,29,11,47
59,33,11,51,27,45,28,63,54,24,39,47,5,50,20,12,38,52,19,1,10,41,4,30,32,55,40,42,16,3,34,61,18,2,13,23,21,56,25,8,0,60,44,31,26,46,43,22,62,7,17,35,14,49,48,53,36,6,29,15,57,58,37,9
52,15,17,45,33,61,22,26,39,19,12,60,53,13,27,30,40,7,11,20,47,51,0,62,46,37,24,5,25,18,48,21,1,54,57,59,29,14,16,36,4,43,3,38,28,44,23,58,34,41,63,9,49,55,32,10,50,31,42,8,6,35,56,2
8,62,28,21,53,3,59,57,55,20,23,40,51,49,4,17,26,61,50,13,24,7,30,43,25,11,39,5,33,52,1,10,45,47,31,56,6,12,19,9,42,36,0,63,34,2,46,15,48,16,37,29,14,41,18,60,54,58,32,38,27,22,44,35
58,33,16,51,28,35,49,17,24,57,5,41,39,40,26,11,32,22,6,29,19,23,48,34,10,60,42,8,46,38,3,62,21,30,20,9,27,63,44,50,36,7,59,55,45,56,61,31,4,53,2,13,14,52,43,12,18,0,25,37,47,15,54,1
24,9,60,1,56,52,38,59,17,18,44,10,33,32,40,36,30,0,55,37,3,22,7,57,39,25,62,43,19,5,16,4,31,34,45,49,54,8,27,6,29,58,15,11,48,12,13,51,28,41,47,14,46,63,20,61,50,35,2,42,21,53,23,26
5,53,58,60,14,62,40,37,32,21,18,20,19,57,45,34,42,36,47,61,52,30,13,46,8,55,54,16,48,9,4,59,28,17,11,44,51,22,38,39,63,25,0,29,6,10,50,33,35,3,7,49,31,15,2,27,23,24,41,43,56,26,1,12
48,10,61,54,22,44,55,11,63,14,36,33,6,15,32,59,24,18,37,47,43,58,25,40,26,1,8,51,12,57,23,52,53,38,30,4,29,16,20,50,31,19,35,42,41,21,27,56,5,49,2,3,13,7,28,62,39,46,34,17,60,9,45,0
41,0,31,21,46,1,29,60,63,33,6,36,47,2,23,53,18,10,20,40,14,58,32,22,34,49,59,16,13,19,54,30,50,37,57,51,17,7,15,39,62,5,35,9,45,38,12,8,4,24,48,55,44,27,56,43,26,3,28,25,52,61,11,42
22,21,9,56,14,11,31,60,48,52,8,32,36,15,61,59,20,63,2,44,23,30,34,27,50,43,19,0,12,6,45,38,13,17,24,35,55,3,37,49,62,40,39,57,41,26,7,16,53,1,29,10,5,25,4,33,18,51,42,58,47,28,54,46
30,63,8,28,3,22,34,41,38,23,7,27,45,31,32,61,29,43,1,16,14,2,59,47,50,24,0,62,19,12,9,17,51,26,58,11,35,54,18,13,46,48,6,15,36,56,40,53,5,42,52,57,60,39,49,4,33,21,20,37,44,55,10,25
47,23,37,24,54,41,32,22,13,3,38,21,10,56,6,5,9,34,39,14,29,35,55,2,26,33,31,28,40,18,53,42,1,15,16,61,27,60,46,25,0,45,4,44,8,57,51,49,58,12,11,17,50,52,20,7,62,48,30,19,59,43,63,36
2,12,61,58,25,26,49,63,23,10,44,14,24,31,38,4,6,52,37,21,46,51,28,43,1,22,47,19,0,45,20,39,34,56,7,13,11,62,5,27,41,36,60,29,15,53,54,9,18,8,59,3,48,17,50,42,33,40,16,35,30,55,32,57
8,6,21,9,11,44,29,62,51,30,15,54,43,5,35,50,55,19,42,1,48,32,24,2,37,17,33,61,39,28,4,57,0,7,40,27,18,3,14,26,16,10,13,12,59,34,36,45,31,23,52,22,25,20,58,38,47,56,63,60,49,53,41,46
62,33,7,25,53,6,26,59,18,27,10,43,15,54,51,13,17,3,21,45,55,42,8,57,12,0,2,61,40,14,60,30,36,39,1,19,63,23,32,46,38,37,22,50,5,56,24,16,47,52,29,35,48,11,4,20,41,31,9,49,28,44,34,58
14,23,34,22,0,56,54,33,28,2,1,39,27,58,62,60,16,18,46,45,59,38,29,12,10,53,47,48,36,24,13,50,35,40,20,8,52,55,43,31,26,6,37,19,21,51,61,4,11,44,41,32,63,42,25,17,15,9,49,3,30,57,7,5
3,45,57,1,38,44,20,6,24,8,22,51,14,43,40,56,52,59,37,10,48,63,33,29,25,12,21,34,47,28,19,23,7,42,60,5,15,30,50,49,31,35,58,18,55,41,61,32,17,11,26,53,9,27,13,62,36,39,0,54,16,4,2,46
5,38,59,0,51,42,13,21,9,45,15,47,54,61,53,31,23,22,49,24,58,20,16,4,7,18,32,27,28,56,37,41,55,48,29,60,63,44,25,17,6,26,14,35,8,2,10,34,3,57,43,11,19,30,52,12,50,1,39,46,33,62,36,40
7,26,3,4,52,31,40,54,45,16,12,51,18,30,63,21,23,41,43,58,53,25,47,35,61,55,59,14,0,6,60,39,56,50,8,19,29,5,46,44,57,17,1,13,36,48,27,38,42,32,49,34,9,10,15,33,24,22,37,62,2,28,20,11
5,49,22,45,10,35,1,37,6,46,30,60,58,43,0,39,20,50,3,9,2,42,41,18,56,23,4,63,40,26,13,36,44,28,53,62,34,14,19,29,24,11,52,21,12,48,59,51,61,57,17,27,8,32,16,55,54,33,7,15,25,31,47,38
59,1,32,38,40,10,45,55,57,54,5,58,7,9,27,23,3,30,2,35,21,29,44,61,6,0,14,37,18,13,56,43,49,60,8,41,52,31,26,47,62,28,16,33,12,25,34,36,24,39,50,63,11,48,42,17,53,51,20,4,46,15,22,19
9,44,2,3,57,37,13,61,15,17,58,5,48,29,41,22,7,52,31,1,27,4,39,45,30,46,36,0,8,34,12,24,6,42,51,50,60,33,10,21,26,47,54,16,43,35,38,32,25,19,11,53,18,40,14,59,56,28,20,49,23,55,63,62
23,24,12,47,10,40,28,58,45,55,9,54,31,6,25,19,60,13,39,30,37,38,46,36,0,49,16,51,22,3,29,44,56,63,48,33,27,15,32,1,42,20,61,43,26,50,41,11,34,5,53,17,4,21,35,57,59,14,2,62,18,8,52,7
6,27,53,41,43,51,38,34,28,45,61,22,47,58,26,13,56,29,37,25,8,3,14,49,23,16,32,15,35,60,21,57,42,7,4,17,1,11,33,63,12,55,62,52,10,40,20,44,9,24,30,46,48,5,39,36,31,59,2,18,50,19,0,54
14,58,18,6,19,62,59,45,63,7,11,48,40,12,53,46,15,26,37,44,2,0,30,21,22,9,47,33,31,1,36,52,5,51,17,25,24,41,60,57,38,16,43,13,4,10,8,20,56,32,27,34,54,49,28,50,3,61,39,35,23,29,55,42
22,38,28,61,32,31,14,20,9,29,11,0,6,55,23,5,1,63,46,19,24,36,37,3,42,50,60,17,18,51,58,40,44,48,57,54,13,62,39,33,52,35,41,43,15,4,34,7,47,21,59,53,27,45,49,10,16,2,12,8,25,30,26,56
9,51,59,6,30,42,45,38,25,0,33,48,27,18,14,8,50,47,57,22,53,24,2,10,36,60,21,54,23,7,41,52,28,34,49,35,1,12,19,26,40,13,20,46,55,4,32,29,11,43,31,63,5,56,3,17,39,16,61,15,44,62,58,37
62,27,61,11,52,7,31,58,50,0,51,17,20,59,8,32,10,57,2,39,24,42,45,34,14,37,48,22,9,19,13,35,56,36,25,26,15,33,3,41,47,55,6,49,12,29,38,63,21,16,40,30,43,54,60,1,23,46,53,5,4,18,28,44
60,21,52,38,4,30,56,37,6,32,33,40,12,31,8,62,23,63,17,18,15,43,57,45,20,14,7,9,61,29,36,49,11,51,16,25,3,27,53,0,24,19,34,22,5,41,28,50,1,55,35,46,13,39,58,47,59,26,54,10,2,42,48,44
43,31,23,11,16,3,12,60,52,35,55,22,49,46,42,5,63,62,2,26,37,54,6,4,25,33,1,21,51,59,27,45,30,39,19,8,20,29,61,36,15,0,32,57,18,38,40,9,24,10,53,14,48,34,58,41,7,47,17,44,28,50,56,13
9,25,57,52,6,27,26,32,14,39,33,61,40,48,15,0,7,30,31,37,35,38,22,58,63,47,62,43,46,18,51,55,8,20,24,53,1,12,16,44,21,19,5,49,60,56,41,45,11,34,10,36,3,2,29,50,23,42,13,28,54,17,4,59
31,0,21,15,62,58,3,30,29,17,16,44,18,38,8,47,14,2,61,24,57,48,33,20,19,34,35,45,4,9,25,11,12,56,46,26,60,55,59,10,28,1,36,41,53,40,7,50,27,37,52,54,39,5,63,51,32,22,43,6,13,49,23,42
29,12,38,16,57,50,47,52,4,25,42,14,10,32,58,62,33,8,55,15,2,28,35,61,60,11,3,21,18,27,19,40,26,59,36,43,53,13,22,5,0,30,56,51,41,9,6,23,63,24,17,20,37,45,39,46,49,1,44,48,54,31,7,34
39,29,41,19,59,11,16,26,37,21,51,7,8,23,14,52,46,10,56,43,3,25,9,34,50,55,36,31,22,24,45,33,54,32,53,4,0,15,18,57,63,27,13,28,49,40,5,6,35,17,61,2,20,42,58,38,48,62,60,44,30,12,1,47
22,38,25,19,12,53,39,9,2,47,58,36,37,62,24,17,10,5,1,6,34,13,23,55,51,3,4,14,50,7,40,31,54,41,43,15,60,27,29,26,42,49,32,33,56,11,52,30,57,35,44,18,20,45,46,48,8,16,21,61,28,0,63,59
35,15,38,8,49,17,57,26,6,23,7,42,43,59,0,63,51,4,12,1,33,50,62,30,40,29,28,60,19,56,16,25,20,34,5,46,44,2,61,54,45,13,39,37,48,24,18,55,22,11,27,9,41,36,47,52,58,53,3,32,14,10,31,21
38,3,55,31,5,14,54,0,12,11,34,33,8,59,52,20,1,17,48,30,29,60,22,27,35,7,61,46,62,42,39,2,51,19,28,40,36,50,43,16,6,10,4,26,15,13,24,44,23,21,63,47,32,41,49,18,9,58,45,57,53,56,37,25
16,58,5,35,50,20,9,2,31,4,39,52,22,60,32,48,21,41,47,45,29,26,12,28,46,57,14,17,53,8,62,19,36,1,24,40,42,44,27,6,49,0,30,3,37,51,59,33,54,11,38,7,25,34,61,10,15,13,18,56,43,23,55,63
18,56,16,20,8,5,40,3,55,63,9,7,51,22,59,49,61,11,26,37,6,46,41,42,35,33,13,4,54,31,45,29,44,25,23,50,10,32,60,48,43,1,17,24,53,2,12,36,47,52,0,57,27,34,62,21,15,28,14,39,38,19,58,30
51,61,0,41,57,62,52,35,55,50,60,14,8,30,1,49,32,25,11,21,4,36,19,20,17,53,23,58,16,3,7,47,56,10,22,46,59,43,2,9,18,40,6,44,12,54,31,48,15,29,63,45,24,27,38,42,34,37,39,13,26,33,5,28
50,28,32,3,2,63,56,22,49,0,11,12,62,42,26,29,33,39,30,20,37,17,45,43,59,34,14,16,21,60,25,31,27,24,1,10,9,35,44,7,4,55,41,40,57,18,15,38,54,47,51,58,36,6,8,13,53,61,52,5,19,46,48,23
47,26,2,9,55,5,23,50,40,51,27,59,60,29,38,43,36,63,32,22,46,41,37,62,15,25,52,49,56,53,19,3,20,0,54,28,24,35,4,14,30,1,57,33,16,61,6,21,17,10,39,11,7,31,45,44,8,34,58,48,13,42,18,12
63,13,11,25,52,42,31,29,14,53,37,5,39,45,26,22,1,17,56,61,48,38,18,27,34,15,0,12,55,32,33,49,6,57,16,59,4,19,44,8,41,30,7,60,36,24,3,50,54,51,58,9,35,23,21,43,10,28,20,62,46,40,2,47
15,47,49,25,5,44,46,17,2,6,16,12,62,1,24,13,4,56,50,55,52,11,10,19,45,29,33,54,51,26,14,36,57,20,23,22,18,3,59,30,38,32,35,40,28,60,63,34,58,8,61,39,43,37,21,53,41,9,48,7,0,27,31,42
48,8,62,63,38,5,32,60,57,33,17,34,1,36,24,39,61,18,9,28,47,30,3,14,19,35,44,21,4,2,20,6,40,15,29,58,45,52,22,23,51,49,53,43,37,55,13,16,42,50,27,10,25,26,0,54,7,12,59,41,11,31,46,56
31,25,62,32,60,49,26,1,30,14,4,58,47,18,19,55,24,39,57,33,28,63,2,10,50,44,5,48,38,9,8,43,41,45,34,53,51,35,23,52,7,12,61,40,0,29,20,15,59,6,56,3,22,46,36,17,16,37,54,11,42,13,27,21
14,63,53,41,22,35,27,6,28,8,13,57,18,48,55,39,47,40,10,16,50,52,51,11,43,2,58,36,19,46,42,31,33,9,5,4,3,30,20,0,44,61,60,25,23,45,7,26,24,34,29,56,12,59,17,49,1,15,37,62,21,38,54,32
2,49,54,11,21,43,51,31,17,38,42,29,3,35,13,36,41,5,60,52,8,12,47,40,48,14,16,23,44,0,45,20,55,34,6,19,32,62,27,18,33,53,26,22,7,25,46,10,57,1,39,50,61,37,9,4,15,28,59,30,24,56,58,63
37,28,20,51,23,34,16,29,1,52,22,13,5,54,41,48,43,26,56,46,38,49,39,63,10,30,2,55,60,12,19,42,45,7,24,9,14,0,8,25,57,11,62,17,6,61,32,36,15,4,40,18,50,21,44,33,27,58,3,53,31,35,59,47
23,49,9,46,61,30,52,44,27,36,3,28,35,16,8,25,33,59,50,38,2,1,21,60,14,37,48,39,43,54,13,0,10,11,57,7,18,24,5,45,42,17,4,31,20,51,58,34,56,47,55,63,40,41,62,15,12,6,22,19,32,29,26,53
54,35,5,46,32,2,9,39,16,59,25,4,51,3,52,24,36,21,7,43,6,0,34,62,49,47,28,22,60,41,10,27,55,33,19,57,20,31,58,37,50,15,45,42,18,11,48,17,38,63,14,26,56,12,1,8,23,40,13,61,44,29,30,53
32,34,5,27,52,35,37,51,31,46,45,4,20,19,18,17,40,9,44,2,56,26,30,53,41,15,13,25,29,1,10,8,38,49,48,14,47,50,61,6,54,42,62,60,43,55,63,58,23,36,59,28,33,12,22,39,24,0,3,7,57,11,21,16
57,8,44,56,43,38,21,4,55,11,26,62,12,63,27,9,19,20,2,59,10,35,46,60,31,58,30,14,17,29,37,1,7,45,36,13,5,3,39,50,48,23,0,42,18,51,28,54,25,53,6,32,24,40,41,49,16,22,15,33,47,34,61,52
8,24,33,28,22,14,0,62,10,34,19,4,38,46,7,40,17,50,30,44,11,47,13,31,51,49,48,59,56,36,18,32,37,61,21,53,60,43,57,23,2,6,5,29,3,20,54,41,55,39,15,1,27,45,9,16,42,52,58,26,63,25,12,35
13,32,25,56,28,54,21,9,18,46,63,42,37,8,58,27,52,39,34,51,55,33,38,44,23,30,7,20,22,17,6,0,31,19,4,16,26,24,5,14,10,15,62,29,12,60,40,36,35,53,49,11,48,50,45,3,59,61,43,2,41,1,57,47
55,4,29,35,44,3,16,9,10,15,2,34,59,41,20,19,18,5,8,0,24,50,53,39,40,63,58,25,21,33,26,62,36,56,45,17,43,48,60,49,38,37,61,6,23,22,46,52,51,32,28,1,7,30,12,47,11,13,57,31,14,54,42,27
48,25,34,4,56,55,26,2,36,9,43,11,59,30,17,16,24,37,20,63,53,7,33,19,45,23,46,42,50,35,61,40,12,6,52,44,13,5,38,10,41,60,31,14,49,32,62,29,27,8,57,3,21,28,47,39,22,58,0,51,18,1,54,15
13,59,4,30,40,48,9,3,42,36,58,39,31,29,54,57,55,12,53,38,24,7,5,51,45,16,27,43,19,49,47,15,23,35,18,46,0,63,32,61,34,10,22,6,33,14,56,17,25,44,2,26,21,8,37,11,28,60,50,62,41,1,52,20
6,30,34,17,62,36,7,27,43,31,26,0,14,1,20,38,24,53,25,16,58,3,19,2,41,4,57,49,55,44,9,50,47,11,8,40,54,60,32,39,28,15,37,23,61,12,63,33,59,22,48,52,29,5,18,51,42,10,13,56,46,35,45,21
58,45,51,3,57,18,31,6,9,53,34,28,60,38,8,26,24,11,12,52,56,27,54,49,63,25,21,29,55,50,43,35,41,33,36,39,1,48,19,37,17,22,44,61,0,15,46,14,30,62,2,42,20,40,13,5,47,32,7,10,23,16,4,59
1,55,44,35,6,16,0,5,9,51,23,29,39,19,40,49,54,48,61,27,26,60,4,56,13,58,57,41,62,32,3,63,52,18,47,33,34,37,59,24,21,36,7,28,50,31,22,17,45,42,25,15,2,46,30,53,10,20,8,12,43,11,38,14
25,42,41,51,49,32,29,19,62,20,34,44,3,43,26,18,24,57,60,12,37,53,30,27,36,2,46,7,13,17,56,6,1,47,4,23,39,11,22,16,14,63,54,15,50,58,5,40,61,8,52,59,45,35,48,21,10,33,0,55,31,28,38,9
50,21,6,25,53,3,28,15,8,44,58,36,30,59,4,35,60,57,61,17,27,42,63,1,45,43,38,19,12,48,18,55,5,56,54,41,24,37,40,29,11,31,16,46,14,52,33,34,0,10,47,39,26,23,9,32,7,2,62,51,13,22,49,20
62,44,14,61,37,13,17,30,7,24,2,63,29,40,11,8,47,52,18,23,3,38,54,43,10,32,6,0,34,22,4,41,16,15,20,49,31,59,27,58,21,5,36,26,12,48,56,57,42,51,60,25,55,35,1,39,28,46,53,33,50,19,9,45
51,41,24,17,22,18,35,48,45,12,8,36,28,54,10,43,7,0,26,20,38,27,13,37,55,44,34,40,62,46,63,59,23,42,57,52,2,3,31,19,16,6,47,61,50,5,21,29,14,15,30,25,4,33,1,39,53,11,32,9,60,49,56,58
33,16,28,1,4,12,0,13,51,43,7,2,25,52,11,36,27,60,48,44,30,9,63,8,19,5,15,59,31,58,24,41,55,26,21,20,17,49,34,47,57,22,53,23,39,10,37,54,42,45,32,56,14,50,29,35,40,61,3,6,62,18,38,46
28,44,3,61,46,7,54,45,31,27,29,2,49,56,0,24,40,37,6,15,16,60,47,53,21,63,51,62,34,23,10,19,38,35,12,25,5,9,57,26,59,13,58,22,43,8,17,52,55,50,14,30,1,48,32,18,11,42,39,33,20,4,36,41
9,53,19,28,29,43,10,55,61,5,2,42,1,47,7,12,48,50,56,15,35,23,32,57,11,33,16,39,8,26,30,0,17,36,49,22,31,62,60,25,37,24,63,41,13,34,52,27,46,6,54,51,38,20,21,4,58,45,14,44,3,18,59,40
16,11,58,20,2,12,25,19,14,53,0,56,6,47,49,38,48,35,42,63,34,45,31,3,5,17,52,55,41,46,1,15,29,27,44,28,51,30,33,43,60,26,62,32,4,13,57,39,40,23,37,8,7,24,59,61,21,36,10,9,54,18,22,50
39,37,28,16,38,26,29,51,1,61,19,10,56,4,6,5,36,55,42,53,7,14,18,43,12,49,54,27,13,59,60,46,47,25,34,57,62,11,58,17,33,44,24,22,63,32,31,35,23,50,15,3,20,48,0,2,52,21,40,30,45,8,41,9
15,45,34,20,62,58,42,30,8,22,59,25,5,32,17,27,9,54,44,11,29,43,4,52,61,47,57,2,51,12,41,6,37,36,14,19,39,38,18,53,55,28,35,49,63,24,10,50,40,48,3,60,16,1,46,56,23,26,31,7,13,0,21,33
51,21,14,11,43,55,45,8,25,41,49,58,1,15,0,23,46,50,37,22,29,52,10,4,47,61,33,28,5,19,16,35,57,53,39,2,6,56,60,32,9,17,59,13,40,12,36,30,44,31,24,18,63,42,26,3,38,27,20,62,54,34,48,7
34,63,56,21,60,19,46,22,26,9,17,58,11,40,28,49,6,47,42,31,20,33,44,52,3,59,36,32,45,50,18,7,41,14,38,0,5,25,48,39,8,16,51,10,12,1,24,30,37,35,43,54,61,13,55,57,2,53,62,23,4,29,15,27
28,2,16,44,47,52,0,20,37,5,56,14,31,22,21,11,1,36,48,63,33,51,50,54,24,35,27,8,26,34,49,25,53,58,55,10,62,46,9,12,59,60,15,57,3,32,45,42,41,23,38,13,7,17,19,4,6,18,40,43,61,39,29,30
8,15,18,1,44,4,51,28,43,38,37,7,26,58,60,30,14,36,34,61,5,54,42,45,56,62,11,20,40,57,35,50,33,63,22,10,16,29,48,27,9,39,47,23,52,0,24,21,17,41,25,53,32,3,6,59,12,31,46,13,2,19,49,55
6,19,7,49,8,39,1,50,33,52,54,36,58,47,37,12,31,11,32,46,9,63,60,21,45,27,59,22,42,57,18,62,44,35,13,43,2,17,5,55,3,30,48,40,29,14,10,61,38,56,16,51,4,20,53,25,15,23,28,24,34,41,0,26
51,26,55,0,61,62,50,29,35,46,56,36,7,48,19,54,43,40,52,47,23,39,25,11,59,17,8,3,41,34,49,32,44,16,38,4,30,15,58,31,24,42,57,33,5,45,53,37,27,9,20,63,14,2,13,21,18,60,22,28,12,1,6,10
60,26,62,45,32,63,47,13,7,22,33,12,57,55,36,15,18,6,56,5,51,37,3,42,30,41,50,39,24,1,49,10,40,38,14,53,35,4,31,27,9,28,2,25,29,54,17,58,44,23,8,59,16,21,48,46,43,52,19,20,0,34,61,11
58,0,27,22,30,25,15,1,12,19,3,48,62,24,44,45,57,8,2,47,23,9,4,60,14,16,54,43,41,55,61,32,11,18,21,63,59,53,46,56,10,36,51,28,26,42,35,7,31,13,20,38,37,33,17,39,5,50,40,6,49,29,34,52
49,40,16,55,24,15,36,21,23,61,14,47,48,6,32,31,0,58,12,10,51,59,4,11,35,1,43,30,17,46,53,52,54,18,41,56,8,19,28,63,57,62,7,45,33,3,9,29,22,27,50,60,38,2,42,39,20,5,37,26,13,34,25,44
18,51,58,21,39,55,36,50,7,8,49,29,27,41,43,52,20,61,57,16,11,45,19,17,44,37,60,4,33,15,38,13,48,46,23,47,42,22,25,14,0,26,10,56,5,62,31,32,34,54,1,12,2,28,35,24,53,3,63,9,6,40,30,59
50,33,46,32,20,49,16,41,42,56,29,62,53,6,15,2,30,38,40,63,27,57,7,17,45,52,0,24,48,34,18,60,47,61,44,39,43,37,1,59,21,19,11,25,3,14,36,4,54,28,10,35,51,5,55,58,22,8,9,23,26,13,31,12
33,58,31,10,14,32,44,27,18,21,38,40,28,25,51,47,15,30,56,57,63,1,42,50,7,2,24,41,60,13,39,12,16,11,49,35,45,46,8,3,55,29,61,20,6,26,17,34,52,19,37,0,53,62,9,4,48,5,23,59,54,22,36,43
32,4,6,56,49,48,16,10,39,41,12,52,22,38,29,21,47,33,37,36,18,58,2,54,43,24,3,44,42,0,26,5,59,27,9,13,34,63,11,23,28,53,51,8,14,46,30,45,7,55,40,31,50,57,61,19,35,60,20,25,17,62,15,1
9,54,16,59,19,63,35,42,47,38,51,41,14,57,6,48,30,45,62,34,25,13,40,22,10,36,23,18,29,61,3,15,50,1,37,7,43,26,39,5,21,56,46,8,4,58,33,49,20,60,53,11,12,28,31,24,0,44,55,32,27,17,2,52
57,5,20,9,63,51,38,16,32,31,8,40,28,29,4,11,52,41,12,36,33,0,53,58,62,50,19,2,43,13,42,60,27,14,45,49,59,47,1,15,30,56,6,55,25,17,39,3,35,10,34,26,54,48,44,24,18,37,46,22,23,21,61,7
7,53,39,59,32,60,34,44,24,28,22,63,12,48,30,55,21,15,11,54,26,50,10,27,42,38,18,8,58,23,9,3,1,19,49,20,36,40,31,17,25,41,45,6,43,0,46,52,16,57,51,61,56,62,13,47,29,4,35,37,33,14,5,2
60,6,50,29,47,62,37,15,63,52,57,4,20,31,16,9,12,51,13,41,55,56,26,17,28,32,27,45,30,34,22,54,35,3,19,11,23,48,39,7,61,10,49,18,40,42,14,25,38,1,43,5,46,53,8,36,33,2,59,44,58,24,0,21
18,44,16,28,6,60,30,51,25,24,12,8,1,33,46,61,0,3,32,41,7,40,15,20,22,48,36,21,34,35,63,42,59,27,9,23,50,53,57,39,55,54,43,19,4,14,10,52,37,26,31,5,2,45,11,47,38,29,49,13,62,56,17,58
54,51,41,12,34,45,33,28,36,10,62,46,37,35,19,56,32,14,52,38,11,21,4,50,1,18,63,31,29,55,16,8,24,42,6,3,26,25,43,0,5,48,17,58,44,13,7,59,20,9,2,39,53,15,57,40,49,61,23,47,60,22,30,27
54,57,9,3,36,38,53,1,11,14,59,8,18,61,10,50,33,6,29,22,42,20,62,47,26,25,24,41,37,44,63,32,19,49,27,60,21,40,34,12,46,16,51,31,23,13,15,5,17,45,28,35,7,48,58,52,30,4,43,39,55,56,0,2
51,30,22,43,28,55,63,3,12,36,26,50,52,41,46,18,10,4,20,2,59,6,58,35,60,29,24,13,31,8,56,61,38,42,48,34,23,1,44,7,0,21,11,37,17,32,47,40,25,15,62,57,14,9,49,27,53,45,16,5,19,54,33,39
36,26,61,34,47,52,29,32,57,17,31,9,49,22,16,43,54,3,33,18,10,30,0,11,24,20,25,4,42,39,50,55,15,48,59,2,35,38,41,14,6,5,44,19,60,53,46,63,51,12,56,28,40,1,8,7,13,37,21,62,23,27,58,45
54,23,11,27,15,43,57,45,26,59,50,10,53,56,30,44,39,4,36,55,60,19,52,32,1,7,6,14,31,29,0,42,38,58,2,3,34,25,46,22,33,8,41,12,62,28,21,5,63,20,49,40,35,48,51,9,24,61,16,37,13,47,17,18
9,12,28,51,41,43,54,62,25,23,4,15,32,40,46,11,58,29,22,19,47,7,16,18,37,26,0,48,59,14,57,39,49,30,13,33,63,1,31,44,20,10,21,2,5,35,17,3,60,6,56,50,8,53,34,45,52,36,38,55,61,27,24,42
6,40,25,55,39,7,15,27,53,28,24,33,48,43,9,16,34,47,44,22,21,23,30,56,57,61,0,31,58,17,59,1,63,5,3,35,13,49,51,12,8,54,37,62,18,50,38,29,26,60,45,46,14,11,41,20,4,36,10,19,52,2,32,42
8,25,36,30,10,12,57,13,46,19,34,52,4,62,49,17,29,15,40,60,56,42,38,45,2,7,31,61,24,43,48,22,59,37,5,26,47,14,20,21,55,32,35,11,28,54,3,6,39,58,27,33,0,23,18,63,53,44,9,50,16,51,1,41
34,60,20,27,56,40,52,12,44,10,53,26,36,42,25,31,17,3,30,11,58,4,0,33,47,57,19,48,22,16,32,6,59,1,63,43,24,41,9,62,28,7,13,46,38,23,37,2,5,45,18,54,35,49,21,39,50,51,15,29,8,61,14,55
49,34,36,3,53,44,32,31,10,26,24,54,7,27,25,9,35,5,55,47,1,63,41,30,4,2,42,19,0,43,48,59,12,50,13,6,51,29,62,46,60,45,58,61,17,52,18,14,33,39,15,37,21,22,38,57,56,28,8,20,23,11,16,40
7,14,61,27,10,44,42,52,47,30,0,35,38,4,37,51,16,1,33,17,13,32,46,55,40,21,2,54,5,11,31,23,3,45,25,43,62,63,49,9,59,29,57,48,12,36,34,60,24,22,18,26,28,56,15,41,20,53,8,39,6,58,19,50
57,23,45,13,32,31,60,47,6,46,7,27,52,34,29,43,35,44,1,17,59,22,36,11,61,15,2,14,41,38,54,18,25,28,16,58,26,53,39,48,5,30,12,51,4,19,55,3,63,40,24,42,20,21,49,50,0,56,33,9,8,37,10,62
25,21,10,57,34,6,33,28,3,1,59,38,2,31,58,46,8,55,32,12,47,43,37,19,62,18,11,61,14,29,5,27,13,24,36,15,50,16,60,42,7,35,22,56,39,41,9,30,20,17,54,40,52,23,49,48,4,63,26,51,45,0,53,44
15,17,48,46,12,14,16,4,7,24,22,54,31,40,3,44,11,26,27,49,60,52,41,36,29,37,25,13,58,28,33,56,2,30,38,63,20,35,9,8,57,50,23,10,21,34,32,1,6,39,53,5,62,19,0,43,47,45,59,55,18,61,42,51
30,27,38,16,29,33,31,56,59,9,10,5,32,3,36,55,47,23,45,44,25,7,43,24,40,53,57,58,13,52,2,51,46,42,34,50,8,19,15,54,60,62,4,48,39,41,0,37,11,12,63,18,21,35,14,49,61,28,1,22,26,17,6,20
18,41,26,28,9,34,14,22,47,27,52,48,23,57,50,7,17,4,63,29,46,21,16,30,35,32,15,24,61,2,6,12,38,62,54,10,31,55,37,36,1,60,49,58,45,33,3,43,42,53,59,40,20,56,13,51,5,39,44,0,11,8,25,19
15,33,42,18,59,6,13,57,55,50,11,19,47,22,37,4,8,21,49,24,26,5,14,52,45,39,17,0,43,63,32,30,51,36,2,58,35,27,10,3,40,62,34,25,9,41,60,31,28,12,20,38,29,56,54,1,7,61,23,46,16,44,53,48
49,45,62,59,36,29,13,4,20,38,14,60,27,2,6,51,19,11,12,28,39,23,48,26,15,5,58,61,55,47,56,16,42,24,54,21,46,31,9,53,40,44,32,7,57,41,52,43,1,17,22,3,18,8,33,10,35,63,0,50,25,37,30,34
11,54,29,41,17,7,36,13,35,48,32,39,24,18,1,50,6,14,59,42,30,49,4,21,8,25,57,12,0,9,27,28,31,26,16,60,62,40,52,44,61,51,37,47,53,45,2,33,56,58,43,19,5,15,3,23,46,20,34,10,38,22,55,63
9,42,11,16,28,2,61,38,21,53,31,46,13,36,25,4,43,49,41,30,59,58,19,10,17,54,20,33,39,8,50,3,0,48,60,15,27,37,57,56,40,7,63,18,55,52,29,1,32,22,23,35,62,44,45,6,5,14,51,34,24,26,47,12
51,49,7,12,45,10,58,17,22,32,42,43,37,57,2,15,56,35,26,16,38,20,39,23,28,60,21,53,34,41,63,52,44,30,62,47,27,25,48,31,36,0,55,59,3,1,24,50,19,4,6,33,9,61,18,40,46,8,13,11,29,5,54,14
39,32,50,15,12,1,41,27,55,26,48,35,58,8,52,38,44,43,7,29,31,19,18,34,11,25,59,5,37,49,47,21,56,53,28,16,40,9,54,6,30,57,10,24,2,36,42,63,14,23,33,22,61,60,45,17,4,62,0,51,20,3,46,13
57,21,40,58,4,20,54,33,59,61,22,17,42,36,8,56,63,14,30,41,48,50,45,24,15,28,16,47,37,43,5,12,26,10,25,31,19,3,11,2,49,53,27,51,13,6,7,46,35,55,52,23,29,34,18,9,62,38,39,44,1,0,60,32
59,62,60,2,10,44,15,14,46,33,21,48,16,12,39,18,23,47,41,51,8,42,37,31,25,7,55,40,1,54,30,24,52,0,58,50,27,57,43,11,20,32,19,4,17,61,26,29,22,38,45,3,56,34,49,6,5,28,9,63,35,53,13,36
62,10,2,58,22,55,17,26,1,13,6,30,31,15,46,3,50,42,49,33,35,8,5,11,43,20,61,60,36,45,51,12,14,37,48,52,63,24,18,19,39,23,0,32,38,40,7,34,47,41,44,56,54,21,4,57,28,27,59,16,25,29,53,9
31,53,38,10,29,13,58,3,35,33,30,42,61,17,37,36,51,62,34,4,60,14,27,46,45,5,26,19,39,32,40,44,54,9,25,0,56,49,47,63,15,50,28,20,7,6,59,57,43,2,21,52,23,11,48,55,41,16,8,1,24,22,18,12
49,10,44,31,22,46,16,7,48,59,53,26,18,36,1,55,42,35,30,40,0,52,62,29,25,3,19,58,9,51,57,61,5,11,50,6,33,15,28,56,21,47,12,45,37,17,14,54,60,39,13,63,23,4,34,43,2,41,27,38,32,8,20,24
62,10,34,44,6,38,49,58,7,26,2,20,45,57,39,46,54,25,12,8,37,52,3,50,27,21,16,48,18,9,22,17,0,24,59,29,19,47,60,15,56,28,32,53,63,4,42,41,55,43,14,31,23,5,13,40,30,33,51,1,61,35,11,36
9,51,29,45,33,60,18,6,62,21,40,28,26,47,59,7,3,1,50,32,57,23,41,35,14,63,0,20,58,53,54,2,43,31,22,42,44,38,5,12,36,46,17,61,48,55,25,11,4,56,52,49,8,24,39,27,10,13,19,37,16,15,34,30
42,62,56,22,6,44,39,20,11,60,50,30,63,28,36,18,4,45,29,59,0,53,2,8,51,23,32,48,7,16,49,1,52,58,55,19,24,40,13,37,34,21,17,25,9,41,46,15,5,43,12,14,61,31,10,33,26,47,3,27,35,57,38,54
61,15,17,12,45,48,41,20,60,38,29,22,5,3,13,55,16,6,18,43,39,10,47,57,19,52,58,34,9,31,23,46,49,21,2,51,28,50,53,4,56,25,24,32,40,36,62,37,33,26,27,0,35,14,59,1,11,7,63,8,42,44,30,54
13,6,24,43,35,15,45,21,37,5,34,29,3,46,60,28,61,47,26,4,17,50,10,62,9,33,0,48,2,44,57,19,39,52,36,38,42,54,41,14,51,1,32,49,8,12,25,23,20,30,63,59,56,40,53,58,27,31,55,16,11,7,18,22
24,47,32,39,17,63,25,37,45,61,26,3,7,9,38,53,5,1,10,54,30,40,27,58,57,29,36,15,59,34,33,4,35,6,62,60,13,46,42,19,50,52,14,8,18,28,16,44,51,55,21,43,0,41,31,2,20,22,11,56,12,48,23,49
38,18,47,20,37,58,19,63,41,55,17,10,31,61,62,12,44,14,36,25,43,54,52,33,57,49,3,42,9,4,23,59,34,6,50,22,40,8,21,15,53,24,60,2,30,11,7,16,28,13,35,32,45,1,39,29,0,27,46,56,48,26,5,51
48,26,0,53,54,58,29,14,42,13,6,17,43,61,20,50,31,59,22,34,62,51,36,32,46,49,8,52,56,21,7,18,4,37,10,40,41,45,19,63,11,55,60,16,44,2,24,5,27,38,12,39,35,57,28,47,9,25,33,23,30,3,1,15
23,14,10,12,44,17,58,0,11,8,19,47,32,26,3,24,56,33,49,30,55,18,63,20,34,5,60,27,39,62,22,46,48,16,57,38,6,50,61,43,25,2,37,9,52,1,45,51,53,40,59,54,41,21,42,15,7,35,4,36,13,28,29,31
53,40,20,38,13,5,57,9,55,51,14,62,21,12,1,31,58,28,46,11,19,24,42,50,15,18,56,48,8,7,30,59,36,44,26,54,3,0,4,23,52,39,35,29,27,37,61,45,49,32,47,6,2,10,63,16,25,17,41,60,33,43,34,22
53,36,21,49,1,7,43,16,59,56,2,46,50,29,19,54,33,4,42,5,32,12,48,44,26,14,30,27,31,62,17,35,57,58,9,47,11,23,39,34,18,10,25,41,61,20,52,37,60,8,38,15,63,45,6,55,24,51,28,13,0,40,22,3
36,16,9,5,34,31,19,38,47,41,48,54,49,27,14,32,30,44,25,59,13,52,0,40,1,18,7,58,8,24,51,17,43,12,55,20,39,33,60,35,62,29,46,3,56,4,11,21,53,6,45,37,61,50,26,23,10,22,28,15,57,42,2,63
43,41,12,19,35,52,5,6,23,49,17,7,3,38,16,2,8,62,48,20,36,1,29,46,54,28,53,21,14,39,32,55,51,25,42,11,63,44,9,13,10,4,45,24,22,33,56,60,30,40,47,18,59,58,0,31,34,61,27,50,26,37,15,57
21,15,39,35,9,19,27,32,20,11,44,54,43,37,56,60,5,26,14,18,38,24,45,55,6,17,29,23,48,13,58,41,42,3,10,0,33,57,62,31,25,2,28,1,12,52,8,40,49,30,22,53,59,50,36,16,63,7,61,47,4,34,46,51
56,19,63,42,49,54,2,12,34,7,28,18,41,48,30,33,50,38,57,40,61,21,5,17,60,23,39,45,29,37,11,6,27,20,22,47,36,24,51,62,15,0,32,59,13,16,35,8,43,26,46,25,31,9,58,10,3,55,14,44,1,52,53,4
38,0,31,45,53,43,20,62,49,33,7,22,12,54,13,36,16,57,34,52,15,56,29,10,24,4,44,14,46,6,3,35,59,28,11,5,18,42,37,25,17,39,19,23,60,50,32,9,40,2,21,8,1,47,41,63,27,61,55,51,58,30,26,48
7,61,2,52,19,10,1,18,29,31,16,24,50,34,23,28,46,27,39,5,3,25,36,54,9,60,0,26,49,11,44,56,4,8,63,37,30,43,14,40,35,13,42,55,51,45,15,6,47,17,38,62,58,57,41,12,59,20,53,21,32,33,22,48
0,44,18,19,9,28,34,45,27,1,2,49,50,31,51,48,15,57,53,37,39,16,3,54,47,42,17,55,11,33,32,59,8,41,24,46,13,20,26,14,4,43,40,6,21,23,38,35,29,61,30,7,52,63,22,58,12,10,36,62,25,5,56,60
56,7,28,12,26,35,5,22,53,6,54,38,18,45,58,43,46,60,0,50,27,59,1,16,20,13,24,61,51,42,29,2,32,44,23,17,63,36,25,34,15,49,19,31,10,37,14,40,62,30,48,4,3,55,8,47,11,21,57,9,52,39,33,41
5,26,37,25,52,8,30,28,59,12,16,56,21,40,54,35,31,60,1,57,29,7,48,36,3,4,33,58,47,63,27,51,20,42,10,23,9,2,39,6,17,49,24,41,46,34,38,32,55,14,18,13,22,19,0,11,44,50,61,15,62,53,45,43
31,7,39,13,24,15,60,20,14,51,63,47,34,17,58,8,26,38,55,32,41,12,42,0,10,59,61,49,30,53,52,43,1,29,4,35,28,33,40,11,22,27,54,50,3,36,21,19,2,5,46,37,56,9,23,44,45,18,57,25,6,48,16,62
39,49,25,53,3,22,23,6,12,62,30,37,31,20,34,11,43,54,58,24,57,26,61,46,21,42,18,5,13,17,51,7,38,15,60,56,16,44,59,52,48,4,41,19,1,14,32,47,45,10,36,28,27,29,2,8,35,55,0,9,33,63,40,50
60,12,29,21,15,57,56,3,22,5,43,27,59,18,14,41,10,38,0,61,49,58,47,50,16,34,62,23,20,48,26,63,36,45,17,24,2,44,35,40,30,19,1,54,42,8,32,13,33,4,31,28,25,52,11,55,7,37,9,51,6,53,39,46
38,43,56,0,22,58,47,52,63,13,60,10,30,49,18,29,45,62,40,3,44,41,11,46,36,12,61,54,34,55,27,53,17,14,6,37,7,9,28,42,59,20,15,39,31,4,35,51,21,50,16,57,19,33,26,1,2,24,48,25,5,8,23,32
51,29,9,31,40,17,25,4,36,10,61,19,43,55,21,49,44,2,53,45,60,37,62,38,16,22,13,24,23,8,20,41,59,39,1,28,32,48,58,50,57,30,12,11,52,35,0,63,18,54,6,15,7,5,47,42,56,26,3,46,27,33,14,34
46,48,61,19,20,21,11,24,60,58,10,54,45,28,18,17,38,34,32,33,9,4,6,40,14,0,62,56,39,47,35,1,25,30,52,16,23,57,12,55,7,2,8,36,3,29,27,22,53,59,37,13,50,44,15,43,63,51,31,41,26,5,49,42
34,57,59,7,28,38,55,15,21,27,18,46,8,9,6,2,60,37,35,30,4,44,42,32,31,24,36,40,5,43,56,29,25,47,33,16,19,20,3,10,23,14,12,52,17,11,62,58,53,13,49,0,54,50,39,45,61,1,22,41,51,26,63,48
39,16,46,13,48,7,18,58,43,5,44,20,26,12,52,29,31,45,41,62,56,49,34,37,15,19,27,22,54,2,38,50,47,1,3,55,9,14,0,30,59,8,53,24,23,42,40,10,32,21,6,51,63,11,57,60,28,17,4,61,33,36,35,25
32,40,38,42,27,20,30,7,57,6,36,39,45,9,29,19,47,48,59,52,34,61,44,49,13,1,53,28,21,56,62,23,15,63,55,10,4,54,33,0,16,24,22,8,18,37,31,12,25,5,58,14,26,46,35,51,11,41,3,50,60,2,43,17
45,0,59,24,46,25,40,9,48,37,63,50,18,42,10,13,53,36,14,27,2,6,16,52,19,34,29,35,5,4,3,62,44,31,57,60,47,30,15,61,56,12,51,8,32,39,23,49,20,38,43,11,7,17,33,58,41,54,55,28,1,26,21,22
8,51,23,40,4,7,27,46,55,38,61,30,24,29,36,6,5,47,14,59,52,63,11,10,13,28,48,41,32,21,37,15,17,44,62,26,9,49,31,20,35,3,43,53,18,42,12,60,33,45,54,2,39,22,57,16,25,56,34,1,58,50,19,0
43,9,4,14,12,62,40,57,27,49,21,59,56,16,26,38,22,28,25,32,10,11,60,0,31,20,61,41,46,42,17,30,13,45,63,29,15,24,7,54,51,34,53,50,35,18,44,19,55,33,6,58,47,23,39,1,48,37,36,52,5,2,3,8
11,3,60,49,33,24,23,13,10,47,30,62,31,63,15,39,6,4,46,53,5,52,0,50,12,2,51,41,45,8,37,18,17,34,14,55,54,26,36,61,9,35,44,20,58,48,22,42,56,29,16,7,59,40,21,32,28,27,25,19,1,38,57,43
53,41,35,38,9,28,42,60,14,62,8,7,36,6,33,4,3,48,19,55,57,27,26,58,13,51,22,1,40,5,44,12,20,47,46,39,61,15,56,49,18,23,21,2,32,24,31,34,0,25,16,11,29,52,50,37,45,10,43,63,17,59,30,54
17,5,19,10,63,29,4,46,33,59,58,16,24,56,21,8,15,14,42,7,32,44,49,45,0,53,30,60,27,20,51,22,50,48,31,26,40,61,43,2,54,55,38,3,18,28,52,1,9,25,34,36,39,13,12,41,11,35,57,37,6,62,47,23
36,9,53,31,61,14,25,57,42,11,38,26,59,48,10,8,41,20,50,12,34,35,39,17,56,58,19,60,28,23,52,13,6,62,46,7,47,30,49,21,3,32,2,43,22,37,1,51,0,29,55,15,63,5,40,24,45,54,16,27,18,44,4,33
18,12,63,9,59,52,34,35,60,45,27,16,39,56,0,17,24,61,29,3,15,26,47,36,41,2,22,49,8,5,48,43,23,58,20,40,10,55,57,32,50,1,54,51,38,33,11,21,14,4,13,44,62,46,25,31,30,53,7,28,42,19,37,6
21,57,20,37,41,22,4,59,1,12,19,18,40,16,60,28,13,61,45,54,31,24,2,30,58,9,26,44,0,55,14,3,43,35,8,42,63,38,7,25,33,36,50,6,32,62,10,56,48,51,17,23,49,53,5,47,11,34,15,46,52,27,29,39
18,19,5,23,31,52,40,59,33,51,46,30,58,8,0,26,35,11,4,13,39,53,48,36,20,2,7,38,9,10,17,61,37,25,32,12,34,55,49,28,45,15,14,62,29,54,47,63,44,1,24,50,3,6,16,42,60,41,43,21,57,22,27,56
4,35,33,5,25,14,26,63,1,47,43,51,24,6,57,27,42,13,53,22,61,56,21,59,19,40,44,3,0,49,11,37,46,32,45,23,50,48,2,10,62,9,29,36,58,7,15,16,54,39,31,28,55,41,52,17,30,12,60,20,8,38,18,34
1,62,29,19,9,53,5,35,14,28,23,37,42,49,31,4,48,43,18,17,27,34,32,16,12,41,20,50,44,7,61,24,54,36,45,46,55,33,21,38,25,39,56,3,2,26,11,22,6,40,8,47,52,60,0,51,13,15,30,10,59,57,58,63
57,39,20,54,48,0,42,56,55,59,11,8,46,34,47,15,4,6,62,26,32,60,61,22,33,40,51,35,7,41,2,10,17,30,19,16,49,52,21,23,27,24,25,37,53,45,38,18,44,5,43,12,1,63,58,50,13,28,29,31,3,14,9,36
53,6,46,17,18,5,54,2,52,59,50,29,13,38,51,12,11,33,37,41,55,15,61,1,56,48,62,28,8,49,14,19,58,26,43,10,45,32,35,57,60,25,27,42,20,44,21,23,24,4,40,30,39,16,36,31,34,47,3,9,7,22,63,0
32,62,51,21,7,58,5,54,8,1,50,9,17,6,49,46,40,37,4,22,14,42,24,53,33,43,52,38,31,59,19,25,44,3,11,55,23,2,18,0,15,63,10,20,39,35,34,29,56,41,45,16,12,28,61,30,60,26,48,57,13,47,36,27
16,23,10,46,27,17,56,47,62,52,7,54,42,8,50,25,14,30,34,31,22,24,40,36,1,20,18,2,3,35,37,13,43,32,15,57,49,44,11,0,59,51,19,26,4,60,58,12,33,63,55,41,29,5,21,53,45,38,6,9,61,28,39,48
41,31,38,14,5,59,51,62,18,6,35,12,24,53,36,58,42,13,25,32,49,55,17,29,37,56,4,43,0,46,22,1,57,11,19,23,16,45,50,34,9,40,60,3,30,26,28,27,7,33,8,54,61,20,2,10,44,63,52,47,21,48,15,39
50,45,6,17,16,37,36,1,55,28,8,3,59,52,39,9,18,44,62,41,63,27,60,21,22,46,32,15,7,54,19,25,47,0,10,58,42,35,56,53,29,57,23,61,31,34,30,4,20,26,33,2,13,43,5,12,51,11,24,40,38,48,14,49
17,24,50,61,8,6,20,11,34,62,37,47,12,0,44,51,5,46,16,41,14,27,59,23,57,48,19,36,26,3,56,30,63,31,52,28,32,58,54,40,15,45,42,4,38,43,22,7,2,21,55,9,10,25,35,49,60,13,39,18,33,1,29,53
48,40,26,24,19,49,29,42,27,39,17,21,20,43,10,31,9,8,30,54,15,50,55,56,58,59,25,5,13,35,60,7,63,12,0,11,36,38,34,57,22,2,28,41,61,46,18,16,33,62,37,14,4,53,52,51,1,44,23,3,45,47,32,6
50,41,23,57,63,6,0,9,10,52,13,35,44,19,12,4,49,56,61,54,60,17,7,14,40,27,1,31,38,28,46,5,53,26,51,58,21,55,37,20,43,34,48,62,25,45,39,8,16,15,30,11,32,22,3,59,36,24,29,18,33,47,42,2
59,43,42,12,15,35,37,24,8,13,45,10,62,19,49,26,47,4,23,55,3,61,54,16,27,6,56,11,9,1,30,31,25,7,51,57,63,36,39,0,40,38,20,14,52,41,44,46,28,58,2,34,60,33,29,32,53,50,5,48,21,22,18,17
58,6,40,34,17,21,2,27,61,47,60,43,54,10,56,0,46,26,7,18,23,50,9,13,44,49,36,51,4,19,15,8,45,16,5,28,30,24,57,12,52,53,41,42,3,11,29,1,48,20,63,59,38,39,22,35,62,25,31,14,37,32,55,33
30,22,10,11,13,42,54,49,1,40,46,34,6,5,60,29,17,48,39,2,33,15,56,61,28,18,27,14,51,3,36,23,9,35,12,25,20,4,44,50,16,55,37,45,38,21,26,41,58,57,62,24,0,31,43,59,8,53,52,19,63,47,7,32
1,34,30,3,7,35,5,48,8,45,25,10,33,29,47,14,4,15,38,42,59,44,24,26,52,17,2,61,55,32,13,9,50,40,0,49,37,36,43,54,41,19,22,39,53,6,23,11,31,16,20,21,60,57,62,58,46,28,27,12,51,18,56,63
38,22,39,52,20,41,34,37,53,59,28,11,49,15,55,21,60,5,31,46,24,54,4,27,62,17,16,23,29,13,9,1,7,14,63,6,10,36,30,42,35,26,45,8,50,57,43,33,61,40,58,12,47,44,51,48,25,56,0,19,18,3,2,32
58,55,34,9,1,51,60,49,38,4,46,6,36,53,5,44,61,15,25,52,12,31,14,39,40,47,11,2,37,27,63,8,35,42,3,50,59,54,48,22,32,20,45,17,24,28,30,18,7,62,41,0,21,16,10,33,29,19,23,26,56,57,43,13
52,54,47,9,29,3,0,20,34,59,44,16,21,17,57,40,42,33,37,49,11,32,25,39,8,24,53,1,15,60,38,36,46,63,18,5,51,50,14,61,22,43,26,62,12,2,27,48,19,56,58,23,4,13,41,7,55,45,31,6,35,28,30,10
6,46,24,22,43,38,54,0,7,51,37,40,9,47,8,58,33,32,26,1,10,4,27,42,12,13,50,61,2,17,36,11,29,31,23,45,62,53,56,5,14,3,49,15,34,25,20,57,48,28,19,39,35,41,55,44,18,59,52,63,30,16,60,21
4,7,45,47,41,36,55,33,51,27,58,32,61,16,48,25,43,19,63,49,0,35,24,5,9,46,37,31,14,1,15,29,26,38,34,21,22,12,28,57,44,53,30,18,20,3,62,42,13,60,17,2,50,11,10,39,40,56,54,52,23,6,8,59
53,63,61,1,44,28,51,5,11,45,17,36,26,15,14,16,40,10,47,56,49,12,52,38,8,18,30,27,25,22,20,23,58,60,50,59,4,62,9,13,48,57,37,21,39,24,54,19,33,29,2,3,0,7,46,41,34,35,6,42,55,32,43,31
53,31,15,44,55,51,33,3,12,32,46,4,24,40,18,63,43,29,42,23,56,7,48,26,57,11,2,28,39,16,22,20,52,21,59,9,13,8,10,54,47,30,58,34,45,25,27,6,35,37,5,50,1,60,62,38,19,14,36,49,0,17,41,61
63,3,53,22,30,46,18,29,26,8,23,31,62,42,32,34,44,37,43,45,17,57,16,61,14,20,35,2,48,58,6,38,10,21,15,4,49,33,51,39,24,40,0,60,1,25,50,41,47,36,52,54,19,28,7,5,27,9,12,13,55,59,11,56
62,12,35,22,63,40,4,51,36,43,44,59,46,47,48,42,33,54,30,57,31,9,45,32,3,24,49,6,52,39,8,5,55,37,0,61,53,23,11,25,10,56,17,28,27,14,60,26,1,20,15,7,50,58,16,29,2,41,34,21,19,13,18,38
54,24,10,22,39,20,0,49,52,17,13,6,42,19,50,12,7,45,21,31,60,34,15,1,27,59,58,40,14,53,25,16,63,38,37,9,56,51,11,23,44,43,32,61,62,4,5,30,36,26,29,8,2,46,35,33,28,18,47,41,55,57,48,3
37,42,62,33,1,20,52,50,27,23,49,14,17,59,12,47,7,61,8,36,13,57,34,16,48,15,44,39,18,55,6,19,56,51,29,3,43,11,35,4,28,9,53,5,0,22,38,32,31,46,41,54,40,45,60,63,58,25,26,30,21,10,24,2
8,49,20,11,38,53,55,18,58,14,31,12,44,27,19,5,47,52,23,39,36,62,37,0,7,16,3,59,1,50,32,22,10,42,25,45,30,43,28,46,56,60,21,34,2,35,4,40,48,9,33,57,24,54,51,17,15,26,41,29,61,13,6,63
26,15,21,57,20,58,28,35,16,40,63,33,50,34,43,59,42,30,37,29,17,31,32,25,27,0,13,5,19,56,44,6,11,61,8,48,23,39,18,10,24,12,53,7,3,9,45,54,47,22,52,62,55,1,41,4,46,36,60,49,2,51,14,38
19,28,4,6,34,12,35,21,57,43,40,17,36,37,13,51,30,59,20,44,38,27,3,48,2,18,5,41,10,8,58,15,61,62,0,45,53,24,60,39,46,52,23,16,32,50,42,54,26,55,29,25,33,1,22,9,63,56,49,14,31,7,47,11
10,16,0,45,33,57,32,36,8,44,39,29,50,56,52,42,5,1,61,18,38,35,20,24,58,3,22,26,17,2,51,25,23,28,62,55,4,27,37,34,53,47,11,43,12,49,46,7,15,40,6,48,19,41,63,9,13,30,59,21,54,60,31,14
58,21,17,29,30,25,40,19,57,46,45,15,35,26,5,20,47,43,50,53,27,61,34,7,13,49,18,44,0,8,32,60,33,24,11,52,39,3,2,38,28,54,9,16,12,14,48,56,10,6,41,62,37,1,42,51,22,36,4,55,59,23,63,31
49,53,5,37,42,52,48,13,24,35,6,23,16,26,61,14,54,4,46,7,18,56,17,28,55,47,8,51,36,27,20,31,25,38,43,63,15,58,62,32,10,19,50,40,41,12,21,57,59,9,11,3,45,60,1,22,39,2,44,33,29,0,30,34
46,17,41,28,59,43,57,44,23,56,42,5,2,9,1,14,7,47,31,39,19,25,26,40,3,18,53,49,8,62,51,35,4,55,24,38,34,36,60,50,45,37,48,58,10,6,61,27,33,22,15,52,0,16,29,21,20,11,54,32,63,30,12,13
1,10,0,59,58,27,14,24,50,33,52,57,41,9,38,49,32,8,45,46,19,20,22,26,36,16,6,7,42,48,21,61,60,56,15,53,35,51,17,37,63,4,25,28,62,2,29,3,12,18,30,43,5,40,55,44,39,13,23,11,47,34,54,31
34,3,24,31,23,36,13,40,7,51,54,16,63,44,30,5,57,22,18,14,33,55,27,53,58,32,2,56,37,45,59,11,25,48,35,29,47,39,4,9,42,15,60,50,49,21,43,41,17,6,10,26,1,52,8,12,46,62,0,38,20,19,28,61
60,16,55,52,24,48,25,5,22,26,6,43,54,53,46,15,27,13,39,4,28,23,10,38,59,30,20,1,40,3,57,17,33,42,7,56,2,32,18,11,44,14,61,49,29,35,37,34,9,36,47,19,41,31,62,45,50,12,21,51,63,0,8,58
24,7,19,33,59,40,44,2,57,61,49,0,54,35,10,32,62,12,31,29,47,50,14,20,1,34,43,36,53,25,13,39,63,52,28,60,45,16,48,55,37,41,51,5,46,6,23,26,4,56,9,22,27,3,42,11,30,58,21,8,17,38,18,15
17,56,37,42,31,27,29,28,40,11,60,53,46,1,50,57,63,30,18,32,55,21,0,15,34,6,25,3,12,49,44,36,43,8,54,59,22,5,41,62,48,16,13,10,24,61,14,2,9,35,23,33,19,47,26,38,51,39,4,52,58,45,20,7
35,14,62,56,10,21,17,24,51,13,30,52,40,32,6,57,27,55,33,59,60,54,43,42,5,19,2,0,22,38,49,41,9,44,11,23,47,15,29,34,20,58,45,50,46,1,8,37,39,25,12,18,53,16,7,48,4,31,61,3,28,26,36,63
14,7,60,0,32,21,25,8,9,62,11,58,54,4,6,45,51,36,59,17,57,16,12,30,22,38,29,37,44,13,27,50,2,42,31,33,24,55,41,53,46,43,56,34,47,40,48,26,3,63,35,19,5,39,23,20,49,61,18,10,28,1,52,15
7,5,24,15,32,19,20,47,1,61,35,43,13,11,36,58,60,54,52,16,4,46,0,48,40,3,50,59,17,30,34,8,29,57,18,42,6,53,10,31,37,23,51,55,9,33,22,49,44,14,21,26,39,45,38,12,41,62,63,27,56,28,2,25
0,58,39,9,2,52,59,13,24,61,12,43,6,11,4,46,63,20,23,30,41,31,45,36,51,50,34,33,48,28,29,60,40,47,35,38,21,14,19,44,5,56,26,7,55,32,25,54,57,16,62,37,8,22,17,49,42,1,10,53,27,15,3,18
45,22,55,37,32,14,28,36,17,49,1,6,18,13,58,59,19,21,2,57,23,34,46,35,27,56,52,39,30,15,26,44,7,48,3,16,31,8,54,43,11,41,38,62,61,33,10,50,63,60,29,20,5,4,53,47,12,25,24,42,51,40,0,9
14,58,1,45,4,16,37,53,55,28,29,52,48,2,46,34,20,3,19,12,43,62,42,35,60,23,15,7,30,38,59,13,33,39,56,6,31,49,25,61,41,40,26,57,5,44,18,8,9,51,21,47,11,24,32,50,27,0,63,36,10,22,54,17
61,58,4,51,38,5,15,35,18,21,11,44,57,60,3,0,25,54,47,46,31,32,48,62,49,50,23,28,10,2,63,41,22,33,53,56,6,59,34,7,9,17,20,14,26,27,55,37,29,52,12,24,40,19,16,43,42,36,45,13,30,39,8,1
28,35,40,38,48,8,15,7,63,50,17,62,60,9,3,34,20,59,0,58,18,52,33,53,6,26,55,39,51,14,16,54,4,5,47,43,29,25,36,41,61,32,37,24,44,27,2,45,30,56,49,31,11,21,19,13,23,22,42,57,46,12,10,1
28,9,0,22,35,12,58,11,48,56,41,52,36,63,60,46,38,5,21,20,31,18,17,24,33,53,14,61,34,54,16,55,3,23,15,44,6,4,7,32,2,10,57,39,62,8,29,50,27,45,13,37,49,40,43,30,42,25,51,59,47,1,26,19
1,46,19,57,25,55,30,51,37,21,40,50,13,36,39,47,14,15,24,56,7,45,61,18,10,23,49,5,6,60,59,54,29,62,9,32,8,34,22,2,27,20,43,42,0,31,44,35,16,3,11,26,41,12,38,63,52,4,33,17,28,48,58,53
31,43,20,22,48,27,59,58,8,49,34,3,38,37,51,42,30,36,10,44,4,7,60,39,57,45,33,5,63,28,35,56,47,17,26,21,50,53,11,32,24,40,0,1,14,52,54,61,6,16,46,23,9,41,55,15,2,62,19,13,29,12,18,25
57,13,56,31,23,45,3,6,11,22,17,24,46,52,54,15,43,27,58,34,5,59,50,33,29,16,25,44,36,32,8,61,2,47,63,62,0,53,10,1,18,26,19,39,12,55,38,60,30,37,20,49,7,14,40,48,28,41,35,42,9,51,4,21
10,43,59,18,26,37,12,46,51,45,8,22,6,39,40,17,2,16,33,21,11,3,5,55,7,27,1,9,42,29,32,52,36,38,31,62,4,60,15,14,28,44,34,35,57,41,58,61,13,20,30,50,48,23,54,47,25,63,56,49,19,53,24,0
15,21,12,3,34,29,63,17,22,49,19,18,23,16,24,40,33,58,14,60,20,4,53,38,39,1,44,57,7,9,0,59,47,11,2,32,56,27,46,42,41,28,6,31,52,61,30,55,8,37,50,35,36,54,26,48,62,25,13,45,51,43,10,5
4,53,55,51,15,5,41,23,6,7,13,31,3,59,27,19,25,18,46,10,2,61,17,54,39,26,20,33,1,34,35,11,30,63,57,45,14,60,28,49,0,40,42,43,32,58,8,16,62,21,24,38,9,50,52,56,36,48,12,44,22,37,29,47
60,51,4,49,30,62,5,53,59,56,10,6,16,14,50,9,37,34,28,18,48,2,21,15,57,7,45,42,43,20,33,46,35,19,8,31,61,26,63,24,47,44,40,1,11,29,12,41,3,52,32,23,55,0,25,13,36,38,27,54,58,39,22,17
11,50,38,37,55,22,54,43,60,41,3,58,0,1,48,40,10,9,6,19,4,36,56,33,45,47,44,31,61,34,53,25,12,23,18,8,20,46,52,5,13,35,59,21,14,28,26,49,62,32,24,63,42,16,2,39,30,57,15,51,27,29,7,17
61,20,18,39,62,41,6,49,31,15,43,59,58,28,37,36,12,2,52,16,19,55,40,48,8,54,13,47,57,46,38,42,3,25,11,34,14,56,44,22,23,4,51,30,5,9,1,7,26,17,32,50,0,35,60,33,29,63,24,53,10,45,27,21
12,17,33,55,23,41,7,51,18,26,21,19,5,45,31,61,20,30,0,13,14,3,35,53,28,62,46,24,39,27,48,60,57,36,16,59,44,49,6,2,56,25,38,22,15,43,58,54,4,10,29,1,47,40,37,50,9,52,8,11,32,34,42,63
38,58,7,27,15,4,49,8,45,31,12,41,16,37,20,43,2,48,51,47,1,34,44,24,17,29,52,3,39,57,55,42,26,54,35,56,18,11,33,63,32,40,61,10,23,14,53,9,0,6,59,46,62,36,28,5,25,21,19,13,60,30,22,50
17,41,28,61,40,14,54,38,57,58,42,43,31,2,36,32,33,4,23,12,51,10,55,45,50,5,49,56,25,18,1,48,0,44,27,53,20,30,7,29,37,8,19,3,15,60,21,26,46,24,63,11,52,39,62,9,34,47,16,22,6,59,35,13
1,35,27,11,58,47,3,15,44,43,13,28,16,14,24,45,38,25,56,41,2,20,63,23,59,39,49,46,54,40,31,62,18,33,19,37,53,22,55,36,6,5,10,32,34,50,7,0,29,42,12,17,30,48,61,51,8,21,57,9,60,52,26,4
45,27,61,19,58,11,26,62,16,4,41,38,39,60,36,18,15,63,49,28,42,20,24,52,31,33,7,59,0,10,55,22,46,56,21,1,57,54,12,32,48,5,44,3,37,35,30,2,47,6,14,34,53,50,9,43,23,25,13,51,8,17,40,29
20,23,6,11,45,29,21,7,0,10,19,32,54,47,27,53,61,22,39,33,56,8,34,60,35,49,24,43,44,13,52,28,38,40,25,62,42,15,17,55,37,50,18,3,63,9,2,58,41,5,14,59,4,30,16,1,31,12,46,26,57,48,36,51
57,25,45,0,60,24,42,23,10,13,53,63,26,16,33,54,12,21,40,46,41,35,2,61,8,58,20,27,31,50,56,14,32,22,30,36,59,3,51,29,47,48,19,34,4,55,38,15,9,5,39,43,17,62,37,6,7,18,1,44,11,49,28,52
21,50,36,58,6,32,34,62,35,46,16,45,30,28,33,20,27,11,51,0,1,25,41,47,7,63,26,4,43,19,29,38,54,18,2,22,42,40,56,13,49,55,17,15,39,14,10,44,53,52,37,9,31,48,8,24,59,12,60,57,23,3,61,5
31,54,9,47,8,14,5,16,61,18,1,35,48,21,45,60,23,57,39,43,27,2,0,55,52,34,62,22,13,36,4,28,40,30,32,12,58,29,26,59,20,17,46,44,51,33,42,6,63,53,24,19,49,11,50,3,56,41,7,38,37,15,25,10
33,14,15,5,48,50,21,16,59,10,49,28,19,45,30,37,1,46,51,25,40,20,43,57,12,55,39,52,42,32,8,11,2,26,54,53,41,62,22,35,36,9,3,44,56,27,61,38,17,47,58,34,63,0,6,24,7,31,60,4,23,29,18,13
24,60,20,62,51,3,7,57,12,56,45,31,43,54,13,15,55,14,61,9,37,36,47,21,46,63,6,8,0,4,35,44,52,49,19,28,5,22,10,17,32,59,34,27,23,11,38,41,1,50,2,25,39,16,26,58,33,40,48,30,29,53,18,42
14,4,55,7,54,19,20,60,31,5,8,30,28,57,51,47,32,39,41,52,13,62,2,56,37,59,26,11,15,44,42,49,6,16,40,43,12,48,34,18,36,24,63,29,10,3,38,22,61,45,50,53,58,25,46,35,17,1,9,23,0,33,21,27
19,9,17,44,48,40,51,55,35,26,56,36,8,34,3,12,22,13,59,42,41,29,32,49,4,16,10,58,25,43,2,5,14,0,47,27,24,38,53,11,62,30,50,33,61,1,7,60,45,39,31,54,37,46,63,20,21,57,28,15,18,52,23,6
58,33,42,40,57,61,4,35,30,14,39,22,48,50,25,59,34,24,11,2,19,7,15,52,0,27,3,5,13,12,6,20,41,47,37,56,63,9,45,60,51,36,29,26,55,54,18,44,28,8,46,49,43,23,31,62,1,10,16,38,32,17,21,53
45,44,12,16,18,49,62,9,54,19,29,11,17,63,61,27,36,2,52,24,40,53,33,15,37,38,41,1,8,34,57,10,28,13,43,22,42,58,20,59,5,14,0,48,60,6,55,4,30,21,47,51,3,56,46,35,50,32,25,31,23,26,39,7
40,19,34,55,8,12,38,58,41,57,21,26,50,14,43,44,17,13,9,16,20,62,27,61,42,49,25,33,31,1,60,52,63,32,51,36,35,5,3,2,48,6,59,15,29,28,24,53,22,46,0,56,39,11,7,4,54,47,18,30,23,45,10,37
35,63,51,9,24,55,12,49,1,50,34,27,39,18,5,33,10,22,26,21,7,31,32,56,30,2,54,57,60,15,13,8,52,17,16,28,53,48,44,41,43,42,29,0,3,37,38,61,11,46,47,23,20,62,6,58,45,19,59,25,4,36,40,14
17,9,23,11,21,5,57,43,10,51,62,56,34,45,60,14,12,32,13,41,3,22,53,24,1,63,40,26,38,37,49,8,31,48,50,55,2,47,7,39,42,0,29,35,27,46,16,58,44,18,33,54,61,52,28,4,6,59,36,30,19,20,15,25
45,55,10,50,18,0,31,17,53,63,26,61,36,15,54,59,19,30,11,58,6,27,43,42,23,24,20,56,29,2,16,35,57,62,32,8,37,33,3,14,13,48,60,49,38,51,44,4,5,52,22,28,47,34,21,1,12,40,7,46,9,41,39,25
32,35,51,21,7,24,20,40,38,62,33,29,55,36,6,42,10,14,9,1,4,43,19,28,13,8,30,54,60,59,37,11,17,61,27,49,5,18,39,12,52,26,47,57,45,50,44,2,25,23,41,56,46,34,22,3,63,16,0,15,31,48,53,58
61,46,6,40,38,62,19,26,41,13,22,17,9,36,56,8,49,55,53,60,24,45,3,0,63,35,20,12,16,18,4,48,57,33,30,51,10,58,32,31,39,7,47,25,34,44,43,27,15,21,28,42,50,5,11,54,37,14,23,29,52,2,59,1
44,12,22,11,19,25,16,53,39,47,63,1,21,50,24,7,32,57,26,42,40,60,38,37,28,10,45,35,55,27,18,33,2,43,14,0,29,17,61,31,23,8,34,13,41,59,20,54,48,46,9,56,6,62,30,15,49,52,36,51,4,5,58,3
12,16,46,7,62,18,44,20,42,13,60,4,11,45,37,26,28,50,47,38,2,30,3,27,0,39,15,29,14,53,57,23,10,35,61,8,54,55,41,58,19,32,6,17,49,36,24,21,52,1,5,63,48,34,33,31,56,40,9,51,25,43,59,22
21,2,11,61,0,17,8,44,51,42,60,13,53,32,20,59,12,28,47,1,33,29,16,63,23,50,58,31,26,19,18,22,49,14,48,24,25,10,7,41,30,55,54,37,46,4,39,5,36,34,52,45,43,62,9,56,6,27,35,15,57,40,38,3
22,4,20,33,54,15,12,48,47,8,6,9,49,38,19,34,10,18,35,43,56,52,58,61,50,7,13,30,55,63,24,51,44,5,46,0,14,41,37,39,32,16,53,3,36,2,27,17,29,59,40,23,11,1,57,45,26,42,31,21,62,60,28,25
4,20,12,61,5,41,56,40,43,33,0,36,34,29,3,16,32,39,15,22,38,10,23,35,24,13,30,37,42,27,58,26,48,6,49,46,2,53,8,59,50,21,19,45,52,51,60,57,9,54,18,62,14,47,17,63,11,55,25,7,31,28,44,1
38,34,3,0,56,8,7,59,19,33,50,52,58,27,46,12,51,63,41,44,37,20,30,24,62,6,4,55,39,18,10,25,2,15,26,42,9,53,45,11,49,36,14,54,31,43,1,48,47,28,21,17,23,32,16,13,57,61,40,35,29,22,60,5
43,38,1,30,35,4,60,34,17,36,8,27,59,55,47,58,53,33,44,29,39,9,49,54,3,0,6,21,32,15,40,5,51,28,18,16,50,62,31,56,14,12,57,42,37,2,48,24,52,46,25,61,23,11,7,20,45,10,19,13,22,63,41,26
49,28,16,40,31,24,14,4,21,29,51,44,47,5,54,7,60,43,2,1,6,39,9,23,57,62,46,52,53,13,8,50,17,56,15,12,0,36,33,25,22,34,11,42,27,55,19,32,63,35,38,58,45,20,59,18,10,26,61,41,37,3,30,48
55,63,36,44,49,19,40,17,31,4,35,9,24,0,51,5,8,38,3,22,53,56,57,61,18,37,34,32,21,39,11,42,12,62,30,52,20,15,13,23,26,10,33,28,45,2,47,7,43,6,46,50,14,27,54,59,25,41,29,1,58,60,16,48
5,34,39,10,43,26,37,22,18,33,53,28,19,27,6,23,16,62,20,30,3,25,13,50,63,7,0,45,58,1,59,14,9,21,41,35,17,56,49,47,55,32,52,51,46,31,42,11,2,4,57,15,8,24,36,48,54,12,38,29,44,40,61,60
30,28,25,26,1,5,17,46,22,38,36,41,14,59,40,4,29,42,54,58,49,55,6,21,47,23,57,35,56,2,44,31,62,9,43,32,8,20,39,18,48,63,53,19,60,0,12,52,10,33,37,24,45,13,7,50,51,27,16,3,15,61,34,11
51,37,11,49,7,44,48,36,1,24,17,29,42,25,4,20,53,8,21,57,2,10,61,40,9,41,32,54,62,46,60,31,6,15,22,23,45,28,3,43,52,14,50,34,55,33,0,58,18,59,16,5,56,35,26,38,27,19,63,12,13,47,30,39
17,4,2,18,34,0,42,48,39,47,27,49,16,7,9,63,54,20,31,21,50,19,58,24,40,61,30,25,14,13,44,51,29,8,38,45,53,46,55,11,5,35,3,28,37,41,1,6,12,60,52,62,23,22,26,43,32,10,56,15,59,57,36,33
57,0,21,19,43,52,36,2,47,27,53,40,24,49,51,38,23,59,50,20,44,54,62,60,9,13,25,7,61,18,39,35,30,26,17,33,14,37,34,45,63,10,3,41,58,32,46,6,22,4,42,28,48,31,5,8,11,29,15,55,56,16,1,12
27,59,15,16,45,22,11,42,36,43,8,25,60,14,0,28,2,55,35,32,24,57,56,54,3,58,1,37,4,26,44,38,51,34,23,7,6,41,53,50,46,12,63,33,62,30,17,48,13,40,20,21,5,10,9,29,49,52,61,19,47,18,31,39
42,20,2,12,63,46,35,30,29,40,57,22,56,26,31,27,6,55,4,62,24,34,19,23,44,53,38,54,10,41,25,15,43,33,5,1,52,39,49,36,13,9,16,51,18,28,8,14,59,58,32,3,21,0,45,37,61,47,17,50,7,48,60,11
2,41,54,59,23,16,9,34,29,35,55,32,26,46,60,6,37,33,17,1,27,20,11,4,21,31,5,43,30,7,40,42,62,48,0,10,58,8,53,3,45,24,52,14,18,57,13,50,51,38,28,15,12,44,25,56,47,61,22,63,49,39,19,36
20,47,46,55,22,5,2,40,30,42,24,50,21,31,28,35,38,3,39,13,37,54,34,59,18,29,10,16,14,49,45,53,11,27,12,48,58,23,19,43,33,41,8,4,26,62,6,1,9,44,56,15,57,17,0,60,25,63,7,51,36,52,32,61
30,37,46,13,0,45,33,58,54,42,16,32,36,53,50,5,20,21,7,29,22,4,26,12,27,56,24,19,9,55,11,2,39,47,57,62,1,10,34,23,35,25,31,41,44,15,52,17,6,28,48,38,18,51,59,3,8,49,61,63,40,60,43,14
57,47,1,23,55,52,45,32,41,37,44,22,36,39,58,34,29,26,3,27,33,7,13,18,2,51,12,31,63,11,25,61,42,62,10,53,49,21,9,54,59,43,56,24,8,50,16,46,5,15,60,35,0,19,4,6,38,40,30,20,48,14,17,28
24,55,29,56,45,34,53,22,11,39,2,47,30,20,27,58,18,42,37,52,25,46,14,19,49,40,13,26,12,61,0,16,15,23,7,54,9,8,33,1,41,48,59,63,36,5,35,32,38,44,21,50,3,43,51,17,31,60,10,62,4,28,6,57
17,10,30,37,23,29,42,27,5,50,58,2,12,62,28,43,56,44,49,9,24,3,20,52,26,14,48,11,31,63,47,45,6,13,35,60,59,40,4,15,54,38,0,21,36,18,55,8,1,32,33,41,53,51,7,25,19,22,57,16,34,39,61,46
13,7,63,58,46,21,51,18,31,26,2,62,20,30,19,47,38,10,12,25,61,6,53,5,32,60,11,35,40,57,39,43,4,52,0,28,55,49,1,37,14,24,48,33,27,23,41,44,56,45,17,29,22,42,8,15,16,34,9,54,59,36,3,50
16,53,2,56,52,32,54,31,27,43,48,49,23,25,35,34,61,42,63,39,41,3,51,30,40,28,6,10,8,29,14,21,15,12,37,36,0,5,18,26,57,7,45,4,13,47,58,11,46,17,44,59,1,19,38,55,24,22,20,50,60,9,62,33
25,44,55,9,54,38,41,19,10,43,57,39,60,29,45,4,47,37,36,31,2,22,27,52,28,62,50,11,42,21,13,15,7,35,48,24,6,49,18,16,63,51,12,58,33,59,56,0,61,30,14,5,23,46,1,8,3,26,32,53,20,40,17,34
58,39,26,63,48,24,57,6,8,61,10,51,0,37,17,60,30,28,45,32,43,62,5,47,22,25,14,29,55,7,20,21,59,38,52,23,3,13,53,4,50,11,34,54,40,9,46,27,2,36,42,41,44,1,15,12,49,33,31,18,35,16,19,56
38,60,54,6,35,63,10,31,58,41,48,29,17,46,13,14,15,34,42,7,43,11,2,30,57,26,19,5,9,21,18,16,22,20,0,55,12,4,33,53,47,1,49,40,51,61,25,59,39,32,50,52,3,24,44,62,8,36,56,45,28,37,27,23
6,40,61,42,8,45,1,34,24,17,14,35,5,9,13,37,2,62,58,30,16,47,54,18,3,15,52,36,23,12,32,50,31,33,0,44,20,25,27,55,39,38,7,41,43,4,21,11,63,56,60,19,59,22,10,29,28,49,46,57,48,51,53,26
19,27,42,60,2,34,33,21,46,54,28,61,39,31,8,52,58,16,55,53,25,32,23,17,18,12,57,11,22,13,29,1,7,35,62,10,51,30,24,4,45,36,63,50,14,26,0,20,47,5,37,38,6,40,56,44,43,9,49,3,41,15,48,59
63,44,29,42,51,1,47,2,48,0,16,3,62,35,11,17,26,18,15,37,58,7,23,53,9,36,27,21,12,4,10,14,50,39,56,5,22,43,25,61,38,45,57,31,59,28,30,41,40,6,54,8,13,34,46,20,55,24,52,49,33,32,19,60
6,27,20,17,32,56,53,13,5,1,23,63,29,7,39,52,19,61,60,34,28,40,21,16,8,50,31,14,45,37,2,62,3,49,4,0,18,24,10,15,9,36,35,48,57,26,41,12,58,38,25,54,47,55,44,22,51,59,46,33,43,30,42,11
51,29,37,25,47,23,13,19,21,2,61,46,34,8,60,31,43,11,52,62,39,16,57,32,49,12,3,53,14,50,35,5,24,33,4,27,15,55,28,17,26,7,58,10,1,45,42,56,40,48,54,44,0,36,38,41,22,59,30,9,63,18,6,20
55,63,41,52,0,6,4,62,34,39,26,49,54,24,14,46,61,40,44,2,45,18,17,12,60,16,59,25,57,30,9,21,13,28,5,43,29,32,15,8,53,33,22,1,51,56,42,11,36,20,50,31,37,38,48,23,58,19,10,47,27,3,7,35
18,55,15,41,25,51,8,11,46,45,61,4,30,16,19,38,36,33,62,31,63,9,59,37,13,22,6,0,53,10,50,12,20,14,28,32,35,27,52,57,42,24,21,48,5,44,7,2,49,40,56,23,43,54,39,34,26,17,47,29,1,60,3,58
56,7,2,36,3,18,8,27,37,21,1,22,35,58,42,40,49,46,10,25,11,17,16,6,9,47,48,55,12,34,4,52,61,19,50,26,31,63,20,57,62,24,33,60,43,32,15,13,23,38,51,30,28,53,14,45,0,5,44,54,29,39,41,59
56,10,5,22,58,8,3,63,40,25,59,16,33,36,43,50,52,17,42,21,41,24,32,9,19,20,31,0,14,47,35,30,11,34,62,38,12,49,2,60,37,15,53,27,48,1,26,45,28,29,51,23,18,6,39,44,4,57,7,46,13,54,61,55
10,16,33,19,61,1,30,5,39,63,42,28,12,6,54,17,13,20,37,25,7,15,3,50,24,34,27,11,47,26,60,22,56,23,58,59,44,48,49,8,29,38,45,43,40,18,62,9,32,51,31,36,52,53,4,21,57,35,46,55,14,0,41,2
40,1,4,3,36,63,29,14,5,24,18,15,10,20,44,33,25,55,57,50,0,52,31,23,49,35,41,42,8,53,13,48,30,39,7,28,32,9,56,12,59,51,47,38,34,58,27,16,43,19,60,37,26,21,62,54,45,2,6,17,46,22,61,11
62,7,48,18,4,24,37,15,25,30,57,13,6,11,47,14,31,46,44,39,32,22,0,52,35,54,19,34,49,12,26,53,50,29,3,60,33,1,2,27,59,9,10,40,63,20,28,21,42,55,56,43,8,38,17,23,16,5,41,45,61,58,51,36
2,44,59,29,30,7,41,6,49,0,21,32,16,60,13,18,1,28,38,58,43,12,19,40,17,20,51,26,9,14,62,56,23,46,47,4,24,11,8,25,33,52,42,34,3,53,36,55,63,27,35,10,54,5,57,50,31,22,48,61,37,39,15,45
17,5,16,58,31,48,12,25,8,10,55,54,4,2,22,44,36,19,15,28,52,20,39,13,47,26,14,1,18,61,42,57,53,3,43,41,37,49,7,33,24,63,56,62,21,30,51,6,60,59,11,0,34,46,35,9,38,23,40,29,27,32,45,50
57,46,18,52,42,0,7,19,20,1,13,39,49,3,45,32,60,56,22,17,55,27,40,8,16,48,21,30,31,28,53,33,63,62,15,23,29,54,44,10,26,2,11,34,59,6,24,61,47,51,41,4,12,25,50,35,37,43,58,14,36,5,9,38
4,37,52,49,10,9,24,39,34,31,19,61,18,48,2,38,28,56,42,13,36,16,15,20,21,58,41,8,35,55,51,33,59,46,25,47,26,7,60,11,63,0,5,53,40,27,1,29,3,14,22,17,12,45,6,57,23,62,50,44,54,30,32,43
57,11,59,37,56,33,48,5,24,22,43,44,25,10,42,52,50,36,16,41,61,49,15,54,63,47,26,3,12,35,23,58,18,28,7,27,1,13,31,20,19,9,8,14,62,46,45,17,60,21,34,0,51,53,38,29,4,55,32,6,2,30,39,40
50,9,46,44,17,7,20,15,5,29,54,49,59,30,40,45,10,3,56,13,23,21,25,61,12,8,24,41,1,6,36,51,0,63,48,33,52,27,43,60,55,34,4,35,39,32,18,16,28,53,47,11,37,31,22,42,62,38,58,26,2,14,57,19
0,28,33,23,52,3,13,16,59,11,14,60,19,2,32,53,38,30,8,41,34,47,40,37,49,6,54,24,58,22,36,44,51,12,50,61,31,43,21,48,46,29,25,45,42,1,35,7,15,18,62,17,27,9,57,26,4,20,10,56,63,55,5,39
8,25,4,39,28,45,23,36,15,46,55,13,10,41,19,7,60,54,58,31,61,20,29,6,52,5,33,38,30,1,22,21,11,12,53,14,9,49,35,50,3,59,51,18,40,26,2,0,17,43,56,47,62,32,63,37,44,27,48,16,34,57,42,24
28,33,20,32,54,36,63,25,56,19,59,44,58,55,39,15,51,16,45,41,7,8,61,57,6,17,11,10,49,50,42,12,2,3,60,48,22,9,1,53,31,52,62,29,24,4,43,30,40,35,46,47,38,21,26,27,14,34,18,23,5,13,0,37
27,58,48,2,6,15,62,28,25,34,32,22,10,4,33,45,44,41,60,53,19,39,21,31,49,56,26,18,38,59,61,57,7,1,12,35,23,16,63,43,42,3,40,24,17,37,0,52,47,36,8,51,13,50,30,11,55,5,20,54,14,29,46,9
43,37,58,35,15,31,36,20,32,44,12,25,30,8,4,61,49,47,26,10,40,13,62,48,45,1,22,11,41,19,46,60,7,9,16,23,51,53,18,6,56,0,34,50,28,59,42,39,3,24,63,52,14,21,17,38,2,5,55,27,54,57,33,29
25,13,61,3,7,27,37,44,24,1,6,4,46,5,62,38,56,40,14,20,60,47,48,51,36,22,16,49,29,15,8,30,2,54,10,18,45,42,41,35,33,26,43,28,11,50,53,39,17,19,0,9,32,21,34,31,12,58,23,55,57,59,63,52
18,34,31,27,58,63,44,5,12,10,46,61,43,38,35,11,28,52,20,19,56,41,42,39,36,14,2,33,37,17,49,59,9,16,21,8,57,1,23,54,26,51,25,0,32,7,40,53,47,30,50,60,24,55,29,6,4,45,48,15,3,62,22,13
50,30,12,9,60,3,62,37,22,17,52,41,58,6,53,35,54,11,36,29,49,43,63,44,47,31,18,4,25,1,13,21,55,59,51,19,26,2,34,0,39,32,56,20,7,61,15,42,57,45,5,28,8,40,27,46,23,14,24,16,33,10,38,48
10,26,6,0,9,52,53,3,4,15,37,2,44,39,60,20,32,30,13,11,47,33,36,28,43,27,56,35,1,61,18,19,41,62,55,16,50,34,59,42,63,51,21,38,46,57,5,8,45,49,29,22,58,17,24,25,40,7,31,14,48,12,54,23
59,36,16,39,26,6,9,1,61,27,0,62,52,19,54,53,15,28,33,10,42,35,12,44,32,3,51,24,60,13,48,40,21,47,45,38,17,20,50,63,30,57,8,14,25,29,2,55,31,7,4,49,56,5,58,34,41,23,22,43,37,46,18,11
28,51,1,10,20,29,47,9,37,17,34,32,23,26,15,43,44,56,42,39,14,5,62,16,31,40,46,54,0,36,49,19,58,7,27,12,63,48,3,33,18,22,25,30,4,13,11,55,61,53,6,2,38,24,60,21,52,50,59,35,57,8,45,41
48,4,39,58,50,23,41,51,30,13,12,21,40,62,22,45,53,10,47,56,2,6,3,37,31,8,5,24,35,20,49,18,63,46,16,38,52,25,33,19,43,11,15,7,42,59,1,27,44,17,55,28,34,61,29,9,60,14,36,0,32,57,26,54
39,63,34,0,29,21,4,32,51,48,2,42,43,25,19,35,24,9,18,6,53,11,37,17,12,57,36,33,10,49,26,56,59,28,3,38,31,58,23,5,22,13,45,47,52,8,16,50,27,55,44,40,20,54,7,30,46,62,14,60,41,15,1,61
42,55,35,41,43,38,8,16,56,44,12,37,24,23,58,30,26,47,6,4,36,2,27,3,49,5,1,18,48,52,34,25,46,50,61,28,32,29,33,20,17,60,54,31,59,7,13,45,39,14,10,15,19,40,11,63,21,62,0,51,22,57,9,53
13,2,34,58,24,9,12,52,27,23,6,60,37,56,57,16,18,29,45,40,50,30,47,14,17,44,22,15,21,3,1,55,54,28,36,39,41,46,19,51,33,59,49,25,43,31,42,26,5,7,10,53,63,35,62,38,48,61,4,0,32,20,11,8
59,7,55,38,40,24,36,33,22,4,30,39,56,19,2,44,28,25,58,16,47,10,34,1,18,48,9,57,29,35,0,20,42,43,8,45,60,62,14,53,31,26,5,63,32,23,6,3,21,12,54,11,37,17,50,46,41,49,27,13,15,51,61,52
19,14,21,7,5,52,3,32,9,38,63,34,61,26,35,1,53,8,4,56,2,22,27,17,31,37,40,13,55,6,29,48,60,58,59,41,49,12,33,0,44,11,42,30,43,36,24,47,16,18,10,57,46,25,23,28,45,20,15,51,54,50,62,39
4,41,31,26,23,18,44,25,37,11,14,39,16,3,13,49,15,24,1,21,47,33,8,17,34,20,30,50,2,59,6,43,27,12,45,54,60,38,5,56,19,55,7,62,46,40,48,10,28,42,9,0,51,22,63,35,61,57,29,58,52,53,36,32
40,47,50,12,39,51,15,32,3,6,43,54,5,59,10,38,42,28,20,7,63,35,30,25,18,2,16,4,26,56,27,1,23,9,49,24,57,48,21,33,52,58,44,31,29,36,8,41,13,61,34,0,11,53,19,22,45,37,55,14,46,62,17,60
62,13,60,14,8,63,29,33,50,53,37,2,10,18,25,11,44,24,16,32,12,51,41,0,27,26,23,28,46,3,57,35,39,6,9,34,59,47,55,40,31,30,52,43,56,36,58,20,1,49,22,38,4,45,19,61,54,7,5,21,15,48,42,17
29,42,62,2,30,13,63,5,11,32,28,6,44,39,53,1,54,58,17,57,0,15,9,51,49,14,31,12,8,25,50,40,47,43,16,61,7,27,26,34,41,59,35,23,4,19,33,22,10,48,52,24,60,38,21,37,46,45,56,18,55,36,3,20
26,15,56,17,37,35,61,19,51,12,9,53,34,39,24,6,62,14,31,13,1,40,0,50,55,48,47,60,42,3,36,43,30,58,52,27,2,18,25,10,63,49,7,32,29,23,33,22,4,46,45,11,44,5,41,59,28,54,8,16,57,38,21,20
32,37,8,35,3,44,29,2,13,49,14,18,33,62,9,17,57,4,6,38,52,42,1,54,56,7,48,46,50,25,47,53,15,45,36,28,55,5,10,39,21,23,41,34,59,24,26,0,27,31,30,20,16,58,19,63,61,11,51,12,22,60,43,40
3,61,53,30,38,37,19,23,24,39,21,51,28,32,15,8,40,42,63,62,26,12,7,52,58,43,17,10,25,33,9,46,4,14,5,57,11,55,27,0,6,41,13,29,20,1,44,59,2,34,31,50,60,18,22,36,16,54,45,35,47,48,56,49
21,25,43,11,1,46,39,55,47,3,27,37,17,2,31,10,53,28,19,14,56,29,40,60,18,63,33,6,5,0,12,35,54,38,20,62,61,41,34,52,4,58,51,42,32,45,9,57,49,15,16,59,48,8,26,30,13,24,7,22,23,44,50,36
5,39,1,32,61,12,46,29,17,20,27,9,47,44,42,13,18,40,57,41,10,48,21,45,19,62,30,58,14,33,63,38,51,15,55,53,36,52,28,31,22,24,11,7,34,49,43,6,37,16,3,35,56,0,54,60,2,50,23,4,25,59,26,8
26,2,37,22,51,39,21,23,47,44,16,33,38,29,42,59,54,18,7,62,40,31,32,5,10,46,28,27,63,35,11,34,58,14,50,6,53,13,45,1,20,12,9,24,57,52,4,60,19,0,55,3,49,36,43,15,41,61,30,56,48,25,17,8
58,38,4,2,39,44,21,29,54,63,35,8,36,25,55,3,61,57,51,43,1,18,16,6,12,53,17,20,34,9,27,11,49,62,59,22,47,24,52,30,0,40,7,41,14,26,45,37,23,60,48,46,50,13,31,56,10,28,19,32,15,5,42,33
42,62,4,7,31,15,56,39,26,6,51,60,44,14,13,28,37,8,61,10,40,5,20,38,50,55,21,1,18,34,22,32,41,35,12,23,29,2,48,3,63,46,9,24,17,57,52,47,59,43,33,0,54,36,30,16,45,25,11,53,19,49,58,27
27,43,3,58,48,35,23,42,19,25,2,13,34,49,4,0,57,7,51,44,61,33,47,56,9,38,63,22,17,18,11,8,6,39,15,30,62,20,52,53,16,55,37,12,32,41,46,36,50,14,31,45,26,60,21,40,1,59,10,5,24,54,29,28
23,17,2,0,31,12,15,56,19,57,8,51,22,4,34,20,16,13,45,62,6,46,60,18,42,55,48,63,61,37,40,58,47,36,14,21,44,25,3,33,9,27,35,29,5,41,28,49,43,24,10,26,50,54,32,59,52,30,38,1,11,39,7,53
46,40,51,58,11,43,0,22,35,16,48,1,36,63,57,30,6,61,14,27,53,56,8,29,47,13,7,4,20,62,60,5,17,45,26,3,41,39,54,38,18,15,21,31,55,33,49,25,37,9,44,42,12,50,34,2,23,10,28,52,59,24,32,19
37,1,43,20,60,26,62,22,13,7,9,34,24,45,46,14,57,61,6,56,3,19,41,11,23,53,27,49,48,59,42,17,36,4,10,25,54,12,29,2,33,0,5,44,50,55,47,31,21,52,40,28,15,58,32,51,16,38,18,63,35,39,8,30
50,21,17,57,16,52,62,35,40,8,32,59,9,38,23,48,26,19,20,28,31,51,43,27,33,36,22,41,0,14,34,47,13,46,54,44,24,53,1,2,37,61,39,12,7,45,58,56,60,6,55,15,5,10,42,3,25,49,63,11,18,29,30,4
52,34,10,45,13,20,23,46,48,4,21,41,15,3,54,12,8,6,7,47,11,55,58,26,9,40,19,38,31,63,44,24,16,1,49,2,43,5,53,29,22,25,0,60,51,36,28,59,42,35,14,27,50,32,62,30,57,17,18,39,56,37,33,61
37,41,1,25,44,11,38,4,55,34,18,29,27,19,31,45,14,59,58,21,36,2,61,8,15,39,26,40,17,30,43,53,5,47,9,16,54,50,35,10,33,49,62,60,42,0,32,51,13,3,22,20,6,24,63,46,56,23,48,57,28,12,52,7
36,14,22,41,6,30,4,46,24,7,48,55,51,31,13,45,40,63,0,47,38,59,5,60,28,54,50,56,16,29,11,15,34,35,61,2,44,19,27,18,8,53,52,32,25,17,62,49,9,12,42,23,1,58,37,10,21,39,33,43,20,26,57,3
46,39,42,45,4,57,31,18,50,51,30,10,25,38,17,63,15,13,48,59,3,9,53,52,7,5,0,62,6,58,36,19,43,34,61,22,12,21,23,44,55,32,1,16,8,41,56,29,54,11,28,60,49,33,20,26,47,27,14,2,37,35,24,40
20,39,15,17,60,55,32,19,12,43,25,16,24,47,40,18,28,4,22,3,41,7,57,36,37,54,52,13,31,61,45,26,34,5,59,8,46,2,63,49,51,30,58,35,6,11,23,53,62,27,38,14,10,42,50,1,9,56,29,0,44,33,21,48
0,30,62,25,9,52,60,14,56,29,5,47,43,27,61,48,49,1,22,3,41,39,8,57,31,33,20,4,26,54,50,12,23,18,21,34,35,59,28,19,36,2,51,16,63,17,15,45,37,44,42,38,11,32,7,10,46,53,24,13,55,40,58,6
37,13,58,41,61,50,10,29,16,53,42,44,32,25,18,33,34,17,0,48,26,8,31,7,9,49,36,20,1,55,38,19,47,57,24,30,59,43,4,62,12,35,28,54,14,45,5,52,22,23,46,3,15,40,2,27,11,21,51,60,56,6,39,63
38,28,42,21,23,32,29,33,36,5,14,22,3,59,18,6,15,61,17,44,27,41,40,19,57,25,39,43,12,35,10,1,47,56,16,2,62,63,46,49,50,20,4,11,8,0,53,48,55,37,45,13,9,7,31,26,54,52,58,34,24,30,60,51
59,15,14,38,32,26,61,58,52,35,29,54,28,24,48,41,2,6,47,7,13,63,45,60,39,10,17,57,27,20,40,5,12,8,34,0,21,49,44,43,16,53,30,51,31,9,33,62,19,11,37,25,3,46,42,55,22,1,23,4,36,18,50,56
59,61,47,22,30,8,55,4,58,3,15,7,50,29,0,12,1,45,24,19,43,49,48,60,40,10,32,51,35,20,26,34,39,42,11,54,56,2,33,27,52,25,31,5,57,6,62,28,21,37,9,63,13,44,36,46,38,23,14,16,41,18,17,53
8,61,11,26,49,7,56,36,13,1,57,58,28,20,47,51,34,63,9,27,54,29,53,22,35,39,25,4,60,32,55,10,14,42,40,6,50,33,19,44,23,48,30,62,15,3,21,43,16,52,41,59,5,2,24,38,18,46,45,31,12,0,37,17
39,23,21,9,41,60,1,52,35,29,14,63,18,13,50,37,28,38,5,34,4,6,15,48,17,36,30,20,47,16,54,3,51,49,57,40,0,56,61,53,2,12,24,45,55,26,7,22,59,44,42,43,10,32,8,46,33,31,19,11,27,62,25,58
3,36,47,34,51,20,27,35,10,52,56,9,42,38,16,12,53,1,26,44,22,8,24,17,49,4,57,19,25,31,55,58,41,62,18,15,43,6,54,39,32,11,13,45,14,30,50,46,37,7,40,33,28,0,60,2,63,61,21,23,59,48,5,29
39,31,11,34,35,24,58,42,61,3,26,29,57,32,5,4,7,49,13,50,23,10,17,62,55,0,41,12,46,54,6,37,21,30,44,1,47,53,36,43,60,20,28,52,16,14,9,45,59,38,8,63,2,56,40,18,33,27,51,15,22,48,25,19
63,2,53,42,58,26,0,13,37,56,43,15,25,35,52,61,55,62,3,14,8,22,5,29,51,20,11,30,45,32,16,18,1,54,59,27,19,48,49,9,10,47,44,40,24,60,4,31,41,38,50,23,34,57,12,33,28,21,7,36,39,6,17,46
31,23,8,9,41,43,59,57,39,50,5,29,55,37,27,30,58,53,13,24,12,21,18,61,11,28,45,42,44,26,7,38,48,25,22,33,14,36,6,35,32,4,17,54,52,51,46,60,47,34,2,1,62,3,20,19,0,15,56,40,63,49,16,10
52,39,19,24,43,45,30,17,23,9,61,22,28,62,12,48,0,56,15,54,34,50,55,38,2,44,41,53,51,58,16,63,36,42,49,6,40,11,20,35,5,21,46,29,59,27,33,4,60,47,10,1,32,37,25,14,3,7,57,13,26,31,8,18
20,23,43,15,0,22,47,48,16,50,2,29,21,41,54,30,32,53,18,7,57,44,13,4,60,40,31,61,51,58,56,45,33,52,5,1,59,36,34,19,37,6,17,28,24,14,38,62,55,8,49,39,11,25,26,63,3,42,10,35,12,9,27,46
41,59,10,26,6,51,30,7,17,56,43,45,9,3,52,18,44,49,35,11,42,38,27,15,60,13,23,5,37,1,25,22,55,31,54,20,4,24,39,32,21,0,40,46,16,61,63,47,19,48,57,58,34,29,12,36,53,8,62,28,50,14,33,2
47,13,11,1,25,31,34,35,27,62,41,2,36,51,26,28,29,20,9,30,61,52,38,17,46,12,59,8,33,23,32,37,22,60,56,3,53,45,43,0,16,15,63,40,7,50,14,19,48,57,24,55,49,18,58,21,42,54,4,44,6,5,39,10
48,50,16,28,51,10,35,39,38,31,60,12,17,52,6,40,53,7,61,21,41,37,62,1,2,27,63,57,18,11,29,56,34,23,8,54,24,49,9,13,22,45,58,59,33,14,5,44,25,0,19,42,26,46,3,36,55,4,20,15,30,32,43,47
8,45,23,57,38,53,18,25,48,63,24,58,61,33,59,20,12,37,36,11,2,42,27,54,3,46,55,56,15,10,0,13,43,1,41,21,5,49,6,28,62,19,51,44,39,34,52,47,30,16,17,35,29,7,4,31,9,50,22,14,60,32,40,26
27,13,10,19,3,35,1,62,45,20,26,58,15,25,43,59,55,32,22,37,46,8,11,16,48,23,2,49,7,56,57,38,44,17,52,40,24,31,6,18,47,33,5,4,60,30,54,41,51,36,61,42,21,34,53,39,63,14,29,9,0,50,28,12
32,46,38,1,21,56,59,60,20,18,14,13,35,41,5,53,10,34,63,27,15,0,25,17,11,36,49,50,19,52,7,4,40,2,30,62,37,47,58,57,3,9,44,48,26,61,8,43,55,6,45,42,23,33,51,16,12,31,24,28,22,54,39,29
10,61,14,36,62,20,39,56,52,60,27,18,9,49,47,48,12,6,0,19,3,50,21,7,40,32,2,41,51,1,43,16,28,11,35,13,34,26,45,57,4,8,5,53,17,31,33,54,63,25,46,29,59,24,38,23,15,42,22,55,58,44,30,37
19,35,23,33,58,54,17,50,62,3,24,28,41,38,1,21,52,6,57,5,40,59,36,43,2,26,56,14,7,16,12,49,39,8,20,47,42,30,46,32,63,55,25,15,10,13,37,18,0,45,11,60,4,27,61,53,29,31,51,48,22,34,9,44
60,63,18,45,51,14,43,42,48,40,21,36,7,17,34,23,41,46,55,19,47,13,4,62,29,11,9,15,12,25,5,52,0,10,30,20,31,3,39,2,58,24,22,61,50,38,53,54,6,33,16,1,56,32,57,26,35,59,37,8,27,28,49,44
23,5,53,56,33,62,15,38,50,54,30,8,37,0,47,21,11,1,13,25,44,12,43,39,18,6,63,55,19,31,61,27,57,7,59,51,45,49,42,20,3,48,52,4,29,24,9,40,34,10,58,35,36,60,17,32,14,46,2,22,26,28,41,16
41,59,12,37,60,53,5,24,42,35,10,15,63,44,32,26,30,43,51,29,1,27,2,39,46,23,6,36,19,38,16,50,56,22,61,14,25,13,20,49,21,28,0,8,54,31,62,52,11,17,33,55,4,18,57,47,45,7,3,48,40,9,58,34
10,53,44,50,43,23,11,24,21,7,34,59,54,62,27,2,52,29,40,6,38,0,19,42,25,30,46,33,35,45,57,14,20,36,37,58,39,56,48,16,18,17,47,4,22,41,51,9,12,3,26,49,63,8,61,15,5,28,32,1,60,31,55,13
6,3,43,11,49,32,36,10,16,29,7,39,30,56,18,24,48,33,23,19,40,5,12,50,28,41,59,21,45,0,46,2,20,57,17,42,8,15,58,44,13,63,22,38,61,4,53,35,37,52,47,60,34,14,26,9,54,27,62,25,31,51,1,55
60,19,52,32,8,23,17,62,40,36,10,25,27,14,46,56,29,45,50,16,2,54,43,61,24,48,31,28,9,44,53,13,63,18,26,58,11,5,42,0,51,3,57,21,37,30,15,1,41,59,38,12,22,4,7,34,20,47,35,55,33,6,39,49
42,30,31,14,28,50,36,60,20,49,38,48,2,12,10,39,1,17,15,4,26,9,59,22,44,11,27,46,7,0,43,54,52,33,8,5,41,55,56,6,18,25,21,61,45,35,37,63,58,57,29,23,19,32,40,3,24,62,16,47,51,34,53,13
8,32,38,44,54,39,1,19,25,20,2,62,30,33,13,7,27,14,58,31,59,43,48,40,51,10,28,45,16,60,3,36,17,37,21,34,24,63,42,47,22,35,46,53,18,9,49,12,26,29,6,41,56,15,52,11,61,23,50,0,5,55,57,4
46,7,43,27,2,35,11,59,4,28,48,31,32,54,45,13,40,25,10,47,51,53,8,5,42,26,50,39,60,22,58,20,21,17,38,63,41,16,30,52,44,56,6,12,9,57,36,3,19,1,49,55,23,15,62,34,18,14,37,33,0,29,24,61
26,17,54,12,30,46,34,36,32,11,9,33,42,44,48,22,21,15,41,38,49,7,40,45,62,20,19,13,0,4,27,47,24,58,6,51,39,2,25,31,10,35,53,61,8,55,59,60,23,28,43,18,29,57,3,56,14,52,1,63,16,50,5,37
20,8,44,17,55,42,47,33,3,24,4,19,21,38,54,37,6,22,49,40,11,16,2,61,43,10,50,30,9,53,41,62,18,13,56,15,7,23,39,46,29,26,34,32,1,52,27,51,0,25,12,45,57,14,48,31,5,60,35,59,63,58,28,36
4,14,58,40,55,1,54,41,34,44,27,5,8,63,15,53,29,2,13,37,9,0,56,3,50,52,45,33,26,28,62,11,36,57,46,42,10,43,16,60,12,48,39,19,17,59,51,6,22,35,38,31,23,30,61,32,18,7,21,24,47,20,49,25
51,42,16,22,50,53,7,19,54,44,9,0,29,35,60,17,56,26,43,18,11,2,52,33,61,24,62,31,14,55,49,1,13,32,40,12,41,58,34,37,59,20,4,28,30,57,45,36,3,39,10,6,27,15,8,46,23,48,21,25,47,38,5,63
19,21,3,41,39,35,48,22,13,60,47,29,28,23,10,17,30,11,12,45,50,37,55,20,26,7,62,18,5,59,51,36,46,54,27,2,61,33,1,0,9,24,4,49,34,8,43,16,40,31,6,44,57,42,56,32,14,25,63,15,38,58,52,53
10,22,6,54,52,15,16,61,31,51,37,9,43,18,46,32,49,8,13,25,17,26,4,14,55,50,3,53,5,2,44,39,21,12,56,23,30,1,0,27,58,11,62,36,29,35,24,28,40,19,42,45,41,48,20,47,38,57,63,59,60,34,33,7
29,38,19,22,49,12,20,15,10,59,63,25,14,58,8,39,1,60,62,28,61,7,40,27,42,30,0,56,3,51,26,53,18,11,6,34,2,5,43,24,57,36,4,45,31,52,48,46,54,44,21,50,37,47,23,41,17,33,32,13,35,16,9,55
24,12,13,0,36,43,61,42,38,39,22,7,53,5,15,9,10,2,14,4,25,33,55,57,3,47,40,18,8,6,29,41,17,51,27,52,56,48,11,16,32,31,44,45,35,21,20,34,60,1,46,30,59,23,26,54,63,19,37,58,62,50,28,49
53,21,41,10,62,17,4,44,12,47,56,32,50,22,26,23,16,3,1,59,28,30,61,7,45,52,27,37,55,25,9,40,31,0,19,14,36,18,6,60,54,51,8,35,5,33,58,39,24,15,43,34,29,63,49,38,13,46,2,57,48,20,11,42
24,31,11,45,32,8,0,18,36,56,33,25,46,22,12,50,15,10,26,3,39,23,58,42,4,44,14,27,43,60,20,62,38,63,7,61,57,52,51,37,35,29,59,5,6,28,53,21,40,47,55,17,30,34,41,9,48,19,49,2,54,16,13,1
39,54,42,45,49,19,57,33,59,6,63,52,12,11,21,18,53,30,25,8,56,31,46,14,29,10,60,26,7,23,27,38,1,32,47,58,4,37,15,28,50,3,48,62,51,34,44,9,43,16,2,22,40,55,13,36,17,5,0,35,24,20,61,41
20,28,44,23,58,30,14,15,47,13,16,29,63,9,35,49,45,25,33,39,62,12,54,43,26,60,57,34,0,56,27,6,7,4,46,31,18,1,24,41,21,32,42,17,19,51,61,22,5,59,11,50,3,48,55,2,10,53,37,52,8,40,38,36
34,36,7,3,1,47,11,61,32,26,50,2,29,18,37,25,55,51,21,33,42,19,44,4,23,58,56,62,57,15,59,54,39,28,48,5,60,9,16,46,17,13,49,27,52,0,6,22,12,24,20,10,53,41,31,38,8,40,14,35,30,63,45,43
5,35,32,22,46,43,39,60,57,58,54,16,55,36,1,11,17,51,6,19,50,30,37,20,14,41,23,13,9,45,27,42,48,34,2,4,24,29,0,49,28,33,25,40,18,63,7,26,3,44,56,10,15,61,8,31,21,59,12,47,38,52,53,62
57,1,63,38,28,43,56,41,31,50,10,42,62,12,46,59,52,18,44,47,26,25,7,19,8,4,37,32,23,6,17,0,48,29,15,35,9,16,58,36,5,39,45,60,33,51,2,53,27,14,3,24,22,20,55,30,49,13,61,11,21,40,54,34
4,3,58,8,15,56,48,11,26,54,61,6,12,30,32,49,23,33,24,5,50,1,9,18,38,22,51,46,2,34,13,52,59,43,0,31,27,37,47,53,35,17,36,19,25,45,62,14,42,60,21,16,29,10,41,44,63,57,55,20,40,7,28,39
52,20,27,43,59,34,39,35,61,5,56,11,36,63,0,23,14,17,30,21,32,10,18,50,3,58,42,12,15,2,28,26,31,53,62,44,4,41,60,9,46,29,24,47,33,7,25,55,49,48,19,40,8,57,51,22,38,6,54,37,1,13,45,16
61,19,4,51,50,48,10,31,36,9,14,42,26,40,58,60,17,18,5,21,23,55,1,44,29,46,24,49,13,15,45,6,12,25,34,53,27,8,37,32,63,62,52,28,33,59,0,2,56,38,57,7,16,54,30,22,20,43,39,11,3,47,35,41
33,1,16,56,52,27,24,19,38,59,30,41,47,13,26,6,53,40,48,22,57,12,54,63,25,51,42,23,37,10,14,21,62,49,2,28,8,58,43,0,15,7,61,20,34,9,35,32,4,29,17,5,3,50,60,39,36,55,44,11,31,46,45,18
7,19,40,3,36,2,41,45,9,60,28,32,42,15,39,4,51,22,17,18,33,56,30,10,52,26,44,62,8,13,50,63,35,20,37,27,31,12,11,54,48,6,46,55,59,1,25,5,23,47,38,0,57,21,43,58,16,24,49,29,14,61,34,53
16,13,11,40,6,34,15,35,0,7,55,52,63,56,21,44,46,19,9,54,29,18,24,43,38,42,10,23,22,2,28,4,36,59,60,41,53,58,31,26,39,1,27,8,49,51,45,50,25,48,62,47,3,57,37,17,61,30,12,20,33,32,14,5
62,21,17,16,26,59,24,53,7,40,48,5,60,11,41,13,63,50,29,35,54,52,18,47,20,27,10,9,15,0,56,19,45,42,32,44,31,23,37,1,55,14,25,8,28,58,22,61,2,12,38,39,30,6,57,33,34,3,49,51,43,36,46,4
49,61,24,47,14,10,58,19,30,18,36,45,4,33,2,5,44,46,27,7,59,55,34,48,43,53,6,38,63,52,50,21,26,54,20,39,56,9,41,8,57,51,62,40,0,13,42,28,23,22,12,1,3,32,60,15,11,35,25,29,17,31,37,16
27,39,18,44,11,22,38,41,14,37,28,51,12,1,26,48,8,59,29,34,35,56,60,24,5,45,7,54,30,25,16,3,43,50,63,17,6,53,21,49,10,13,46,0,9,62,19,36,4,32,52,61,31,33,40,23,57,55,2,58,47,20,42,15
10,40,36,50,19,42,1,12,44,33,18,20,4,39,28,26,9,47,61,41,30,57,2,0,5,62,49,55,32,21,51,52,13,7,63,8,38,35,15,54,27,14,60,6,3,29,25,16,31,58,59,24,46,48,56,45,34,53,43,22,11,23,37,17
57,29,30,62,24,46,63,14,8,47,55,7,42,52,33,60,59,48,16,13,2,61,6,51,54,40,21,31,36,56,34,5,9,53,28,27,11,41,44,4,0,50,37,23,1,39,22,12,58,15,49,20,17,32,10,45,19,38,18,26,25,3,35,43
36,41,63,52,43,33,37,14,31,6,13,58,55,54,59,28,47,35,56,42,22,39,24,19,21,7,60,25,17,53,23,16,12,46,62,57,26,15,18,5,45,27,8,51,4,2,49,61,11,29,0,9,44,32,50,20,10,1,34,40,30,38,3,48
63,11,54,20,52,43,44,21,57,34,46,35,40,61,26,32,47,37,53,48,50,10,51,15,1,30,38,36,62,12,22,25,31,45,59,6,5,16,9,41,8,18,0,13,4,28,23,27,60,55,42,14,7,17,29,39,24,33,58,3,49,56,19,2
16,4,9,44,28,42,49,45,63,6,56,8,22,3,39,34,40,35,33,38,2,52,5,12,59,41,36,51,19,14,43,58,13,37,46,10,24,60,11,30,26,47,55,31,61,25,17,15,53,32,29,23,54,21,62,1,18,57,50,20,0,7,27,48
39,25,50,58,60,20,41,2,57,11,23,3,17,1,12,6,44,49,18,56,38,63,43,53,24,54,46,35,32,36,62,33,47,26,34,5,51,27,0,52,13,48,29,42,4,55,37,9,22,19,8,30,59,28,45,10,7,31,40,14,16,61,21,15
31,9,21,38,32,35,57,4,13,55,1,60,48,0,2,6,10,58,40,59,46,50,45,3,19,23,28,17,51,49,24,53,39,22,52,26,27,20,18,7,37,62,47,44,29,63,56,8,16,34,33,43,61,25,12,5,41,36,14,15,42,30,11,54
12,26,36,11,28,5,58,55,57,32,4,21,43,24,41,37,61,49,54,22,27,3,14,63,56,25,38,1,2,51,15,35,16,42,39,10,47,45,7,20,34,31,52,0,9,40,17,19,29,18,46,62,6,13,30,53,23,59,33,50,60,48,8,44
12,1,30,5,52,48,29,50,51,58,2,26,33,17,22,11,43,35,47,15,49,13,10,34,31,6,40,9,39,3,21,56,59,42,0,20,28,46,63,53,27,18,62,23,25,32,24,38,14,7,45,41,61,57,60,16,55,37,19,8,4,54,44,36
8,50,44,16,14,2,31,45,32,11,37,25,22,15,7,38,48,61,34,1,46,40,9,43,58,62,47,29,49,35,41,54,6,42,4,53,27,17,59,10,3,39,30,23,28,60,33,63,51,56,18,13,57,36,19,52,12,0,21,5,26,55,20,24
50,51,47,25,54,37,38,59,45,39,56,10,19,23,43,41,9,24,44,48,57,16,53,28,3,49,60,52,12,21,22,62,15,18,20,61,33,55,32,5,58,4,2,63,42,6,13,11,0,27,7,26,31,40,30,34,17,36,29,35,14,8,1,46
30,44,40,19,2,3,49,38,62,13,46,25,32,61,51,63,56,60,59,22,55,47,7,5,57,29,52,4,24,6,26,37,23,54,35,41,28,14,21,33,31,50,34,36,10,39,18,53,48,15,27,20,0,9,43,17,42,58,8,11,1,16,45,12
51,29,46,48,16,6,23,38,22,14,49,61,28,15,33,52,43,35,24,17,36,59,1,47,54,0,57,56,31,62,7,37,45,13,53,60,44,8,30,40,10,4,32,26,25,63,18,34,9,50,12,2,20,11,55,39,58,3,42,19,5,27,21,41
25,14,61,43,44,51,18,33,23,62,32,60,0,26,39,46,7,56,54,5,4,29,42,20,22,27,40,6,3,49,55,17,8,59,9,11,58,52,1,41,10,50,13,57,53,21,35,15,31,24,28,36,38,12,34,19,37,30,16,47,45,48,63,2
11,60,5,9,7,41,22,14,52,51,54,18,34,56,35,27,24,36,2,43,8,53,13,39,28,3,6,45,20,62,19,48,31,63,46,30,23,38,58,16,57,21,1,47,12,40,25,44,50,17,15,4,32,61,59,55,0,10,26,29,49,37,42,33
60,45,32,36,17,25,33,9,38,58,29,21,52,43,13,12,41,7,28,22,26,50,27,31,11,35,23,8,54,20,63,47,16,34,42,48,56,46,51,53,10,4,44,62,57,14,30,61,5,40,3,19,2,18,24,0,49,37,15,39,59,1,6,55
33,0,60,44,30,20,40,62,59,26,31,4,38,17,39,13,28,27,61,23,5,43,16,56,37,58,50,7,36,45,46,34,21,35,12,48,57,9,25,32,6,14,8,41,3,52,1,19,2,54,63,11,10,53,47,22,51,15,55,24,18,29,42,49
31,63,16,26,0,42,11,50,36,27,1,24,44,62,35,9,58,2,14,10,60,40,53,52,33,8,18,37,21,45,55,39,61,51,48,23,20,54,47,4,34,46,15,25,41,17,7,49,6,3,59,13,5,19,57,29,30,12,22,38,56,32,28,43
27,57,50,55,20,3,11,10,12,9,6,21,31,45,26,4,52,0,58,53,60,40,61,54,22,32,62,41,47,44,49,14,36,30,43,16,37,42,63,1,29,28,25,19,48,56,35,39,15,2,5,17,59,7,51,8,23,33,18,38,24,34,13,46
14,52,28,51,19,43,11,46,12,24,20,1,0,33,6,39,50,30,23,40,62,31,55,4,25,10,21,7,38,26,17,54,60,16,56,2,8,37,13,3,45,27,48,9,18,5,57,53,44,49,61,35,42,36,15,22,58,63,59,29,32,34,41,47
22,32,13,3,52,39,53,61,41,8,6,28,18,44,15,17,29,34,31,5,48,20,1,9,51,21,25,14,38,24,16,43,33,4,54,37,55,49,42,59,12,30,62,57,45,27,63,58,2,35,10,46,7,56,11,50,23,60,19,47,40,26,36,0
56,2,11,49,38,25,61,29,8,35,6,5,4,48,33,60,0,22,1,57,14,21,52,16,18,63,45,31,50,26,51,13,39,36,44,3,59,7,28,62,40,37,24,9,10,41,20,27,42,23,53,34,58,30,19,12,43,32,15,17,54,46,55,47
7,30,42,61,3,60,24,31,55,43,12,21,23,26,2,20,58,59,38,17,32,8,15,37,25,46,11,22,28,29,9,1,57,33,6,49,54,52,40,41,48,0,19,16,56,53,4,51,47,34,27,39,13,44,14,10,45,36,5,63,62,18,35,50
36,14,16,50,32,47,8,20,60,13,37,3,49,27,19,2,62,54,21,11,63,45,43,15,10,18,59,25,35,48,40,1,24,61,30,44,41,6,0,9,57,12,55,22,26,58,51,53,52,31,29,33,38,23,17,5,4,34,28,56,39,42,46,7
10,16,15,14,25,0,46,56,52,9,60,18,55,6,48,63,4,5,20,13,61,3,51,47,28,62,11,59,31,37,21,42,32,22,39,45,43,29,8,23,58,19,33,41,53,35,50,17,36,27,40,34,2,7,44,49,26,12,54,30,57,24,38,1
15,29,8,13,6,0,10,58,47,23,12,5,34,38,4,44,46,33,51,24,35,54,61,2,11,1,62,40,45,16,22,37,50,43,41,48,30,9,39,3,17,14,31,57,60,55,36,26,52,28,53,25,18,59,19,21,42,7,56,27,32,63,49,20
15,46,4,28,50,55,58,33,30,40,43,2,34,14,13,44,18,41,48,32,49,42,5,21,62,1,47,60,26,3,57,10,45,53,25,16,0,22,54,19,27,56,39,7,63,11,61,35,59,9,24,36,52,38,20,37,31,8,6,29,12,23,51,17
58,55,21,31,6,63,14,1,29,16,8,57,60,2,44,28,61,11,52,62,40,5,53,3,50,12,41,18,46,24,19,32,22,13,38,56,10,27,39,54,25,23,49,45,42,34,43,33,15,36,17,48,9,0,30,47,51,37,7,20,4,26,59,35
1,54,31,62,61,6,33,7,13,18,58,39,15,8,53,5,4,25,51,42,12,20,22,24,47,28,21,45,23,17,30,3,63,19,48,11,36,57,43,26,37,35,16,41,50,40,56,29,46,32,10,14,0,52,9,60,2,55,34,49,44,27,59,38
10,57,49,44,27,28,35,26,14,62,15,46,47,25,59,11,3,1,18,54,22,43,30,19,2,58,39,51,42,32,36,48,34,24,41,38,53,7,45,5,55,31,6,13,37,60,33,21,4,0,29,23,40,56,9,61,12,63,52,8,20,17,16,50
7,45,35,0,54,62,2,56,48,24,21,40,20,6,47,49,34,5,9,43,59,23,57,52,25,31,15,18,61,32,16,17,63,55,36,41,51,46,22,33,27,38,44,13,60,8,12,53,1,14,50,37,30,3,26,39,58,10,42,4,11,28,29,19
41,38,22,54,58,50,31,17,55,26,51,25,24,15,21,42,29,33,48,19,30,27,9,57,5,32,37,0,6,44,53,47,4,46,10,34,35,12,60,63,62,2,52,18,13,1,20,59,56,28,16,23,61,14,7,36,40,39,8,43,49,3,11,45
41,1,53,49,12,46,16,14,20,55,9,59,10,11,54,2,32,56,26,52,30,4,3,24,18,45,7,39,62,19,35,57,21,15,28,44,23,48,8,61,6,63,40,43,13,38,60,0,47,36,58,34,42,33,27,50,5,17,29,25,37,22,31,51
24,17,51,16,33,28,23,22,13,53,42,8,32,6,4,52,60,40,26,1,36,59,9,43,27,58,20,29,31,44,62,35,54,18,34,10,48,21,15,2,5,63,19,47,39,3,57,41,30,45,38,49,37,7,0,50,56,11,12,25,46,61,55,14
40,49,29,6,21,17,42,39,0,12,53,47,31,58,26,52,63,43,48,44,35,8,5,14,20,24,1,57,56,36,41,15,50,38,55,7,51,33,62,27,23,37,28,11,4,16,22,34,60,19,18,13,30,61,10,32,2,25,3,46,45,54,59,9
58,19,46,33,56,15,31,57,9,61,11,23,28,42,12,16,4,36,41,18,35,50,21,13,63,59,52,34,53,51,44,25,45,38,24,20,5,26,22,10,39,37,0,40,29,8,7,14,48,2,30,43,49,54,32,47,3,27,17,6,55,62,60,1
10,54,46,33,56,34,53,14,44,26,11,36,12,51,58,55,28,7,45,6,1,0,29,5,25,16,38,35,37,20,23,9,13,61,62,31,63,27,2,43,32,4,22,59,19,47,3,50,8,21,52,41,40,17,24,30,60,18,39,57,48,42,49,15
18,6,43,20,58,31,16,34,8,25,24,4,5,19,27,33,17,28,51,49,47,0,41,50,15,48,55,59,52,35,62,63,61,39,26,29,36,30,38,7,60,46,21,2,54,56,11,12,44,40,57,42,3,45,9,22,23,32,1,14,13,10,53,37
38,53,62,29,11,46,27,16,59,61,28,6,37,22,34,51,41,9,33,19,52,45,60,42,13,57,58,10,30,47,36,49,0,43,3,39,4,14,5,35,54,63,50,56,40,26,1,44,8,20,25,24,15,23,48,7,21,31,18,32,12,55,2,17
49,13,14,11,20,7,58,1,19,0,41,16,25,32,63,62,44,53,26,29,59,28,38,12,52,60,23,27,39,55,57,21,3,35,45,54,8,18,17,50,56,46,4,40,47,9,51,2,5,43,6,48,10,37,30,36,34,15,31,33,61,24,22,42
0,61,23,28,55,54,14,39,27,50,56,22,63,12,45,21,60,4,40,19,6,38,24,25,53,20,58,62,2,13,33,11,34,51,30,48,31,57,46,36,52,1,9,8,47,37,35,42,10,49,44,17,5,3,32,16,18,41,43,7,59,26,29,15
15,39,11,21,25,31,1,44,61,29,43,28,54,13,2,33,14,57,27,16,22,48,35,41,20,32,49,23,9,51,53,38,55,7,18,40,59,6,62,56,34,12,3,50,4,36,45,52,0,8,19,63,58,42,17,26,37,10,5,60,24,30,46,47
39,9,18,20,60,49,47,42,16,4,50,38,30,48,15,51,58,55,45,61,24,17,1,14,22,54,56,29,57,46,62,21,36,6,44,23,63,37,5,0,27,59,25,32,43,34,12,52,3,26,13,53,35,2,31,10,8,28,11,33,40,41,7,19
44,20,56,6,1,40,54,60,53,10,43,48,26,23,2,49,39,29,42,0,51,52,12,32,14,24,50,7,38,36,21,46,45,61,59,19,33,57,25,34,5,30,18,22,3,8,9,35,62,17,15,37,58,13,11,16,41,31,55,4,28,63,27,47
25,46,58,2,56,34,57,18,62,19,13,24,33,47,61,11,36,21,51,12,4,23,14,26,28,45,16,38,15,27,49,9,22,39,5,6,30,59,60,0,10,63,43,17,42,55,20,7,50,8,37,32,31,40,41,54,1,53,52,3,44,35,29,48
48,16,9,18,34,38,31,54,2,14,46,37,63,19,30,39,45,52,29,25,32,24,7,55,53,8,20,57,17,42,26,44,11,61,40,5,35,62,51,60,49,4,47,12,43,59,27,36,13,10,21,3,28,41,6,56,15,33,50,23,0,1,58,22
58,41,2,13,45,32,55,0,63,6,20,48,12,30,54,53,33,40,28,22,62,3,61,16,36,7,23,35,60,57,49,39,26,38,51,25,15,59,43,29,9,8,4,1,42,18,17,14,5,34,46,56,47,21,52,11,27,50,44,10,19,31,24,37
17,27,13,45,33,15,18,37,31,29,58,7,40,25,14,32,34,0,30,12,10,35,63,50,56,21,8,1,2,46,39,62,4,48,43,22,6,57,3,53,26,5,28,49,19,47,41,23,20,54,44,9,38,24,55,16,11,59,61,51,52,42,36,60
23,2,42,12,17,48,59,52,50,18,37,21,36,25,11,15,9,61,14,13,44,20,28,51,27,29,41,40,3,26,57,24,53,38,34,45,55,33,8,63,5,30,43,35,62,6,47,4,32,58,7,39,16,10,0,19,49,46,54,60,31,1,22,56
7,15,4,27,37,53,49,18,33,11,8,14,43,16,19,36,38,30,40,9,34,44,47,58,29,21,5,1,22,52,25,59,54,12,63,32,61,48,2,42,26,55,13,46,57,28,35,3,60,41,24,51,6,10,56,17,23,45,62,31,20,0,50,39
34,52,6,30,40,9,12,42,60,51,55,28,13,57,31,2,11,7,48,20,58,3,8,16,18,62,24,50,54,41,32,39,5,35,25,53,22,10,37,0,23,27,21,46,4,45,15,17,33,14,26,1,29,47,43,44,36,49,19,63,61,59,56,38
59,29,15,23,39,31,40,53,43,51,25,41,3,4,58,60,47,32,24,50,27,11,19,13,45,12,22,56,14,30,49,42,46,52,21,48,36,8,16,37,20,44,10,34,1,35,38,62,18,61,6,57,2,28,0,26,33,54,55,7,5,9,63,17
29,6,23,20,60,36,1,30,2,3,25,24,61,15,28,47,5,17,18,13,43,4,38,9,42,8,22,48,33,46,45,62,59,51,49,0,19,44,12,35,63,11,27,54,37,56,14,52,50,16,21,10,32,34,7,58,57,40,39,26,55,41,53,31
9,63,12,58,10,62,38,6,53,18,52,55,37,41,28,25,51,36,20,32,23,45,42,21,44,14,50,1,16,11,54,27,59,33,40,7,48,19,30,35,61,15,39,46,3,0,47,2,17,43,26,5,13,57,60,29,22,4,49,8,34,56,24,31
8,26,38,31,16,40,21,0,29,46,7,55,9,45,61,59,50,34,5,56,44,48,53,13,60,3,4,24,58,62,47,63,43,30,17,19,35,23,49,28,25,41,12,42,57,54,36,27,1,52,6,20,14,10,39,18,11,2,15,33,37,32,51,22
5,25,53,23,60,24,32,37,31,16,11,57,30,56,0,51,55,17,44,7,12,29,10,18,54,50,43,6,34,59,3,41,40,21,9,28,19,48,15,36,63,52,35,33,49,39,46,47,45,22,1,14,20,8,13,26,58,42,38,27,2,4,61,62
44,1,27,46,7,54,48,58,59,8,32,18,61,5,57,31,12,25,21,40,29,13,42,33,62,22,2,30,23,0,35,63,16,41,4,55,34,60,56,45,36,6,19,14,20,10,38,37,53,17,24,49,3,43,39,26,9,51,50,15,47,52,11,28
17,25,33,35,53,18,59,43,27,61,9,52,2,0,36,26,60,39,44,40,28,20,49,14,16,58,4,7,51,38,45,12,13,34,30,47,48,15,42,21,19,62,8,6,23,24,11,29,31,10,5,55,3,50,32,57,1,41,46,22,56,54,63,37
59,2,50,52,23,6,38,46,22,21,35,7,54,19,11,8,37,30,61,40,48,29,4,33,26,14,10,34,41,9,36,62,24,15,42,18,55,25,0,5,60,17,43,56,51,47,16,32,28,20,63,27,31,3,1,53,12,44,45,13,58,39,49,57
62,61,11,26,22,4,47,7,29,37,1,45,27,20,54,13,23,33,51,55,53,3,8,18,59,9,60,31,6,57,48,12,19,10,36,21,46,24,28,0,42,58,41,43,17,34,2,14,15,30,32,40,50,56,63,44,49,16,5,35,52,38,25,39
6,32,58,56,1,8,62,27,49,25,55,45,34,59,0,11,52,37,40,19,17,23,22,13,12,16,54,47,53,10,63,5,30,3,60,29,18,46,7,15,28,2,36,61,43,31,35,38,20,24,4,39,48,41,51,9,44,50,57,14,33,26,21,42
10,19,48,46,12,57,23,33,43,15,51,2,47,6,9,61,16,17,55,36,42,41,22,29,11,25,20,0,5,63,35,14,60,58,3,40,38,30,56,18,50,37,32,62,28,4,52,53,8,27,13,24,7,1,26,54,45,34,59,44,21,49,39,31
24,25,20,13,44,23,36,1,17,38,26,8,62,52,56,6,7,34,57,10,41,59,31,39,49,15,55,32,46,45,5,37,18,4,30,14,51,40,48,16,11,53,9,22,63,21,58,60,42,50,61,54,43,33,12,29,3,0,28,35,27,19,47,2
62,36,39,40,15,17,18,46,1,9,42,56,14,45,38,25,6,53,30,2,31,22,59,3,21,7,52,44,49,0,37,47,12,28,24,57,32,43,41,19,60,4,20,10,27,23,13,61,50,26,11,58,8,63,51,54,16,33,48,35,29,55,34,5
10,35,52,0,53,62,63,60,45,26,49,40,17,46,47,6,58,19,29,32,27,39,51,1,5,33,31,4,25,55,50,12,20,30,16,24,14,36,15,59,44,21,11,34,13,57,37,18,48,23,43,61,8,54,9,38,42,2,7,41,3,22,28,56
45,1,11,22,47,23,33,26,3,61,59,50,62,41,48,44,37,60,13,42,46,5,54,7,57,56,53,19,39,58,34,49,16,21,32,27,30,51,36,29,10,17,8,35,9,63,6,40,4,0,55,2,15,20,52,43,18,14,28,12,38,24,31,25
53,54,14,2,20,55,38,17,49,0,58,8,11,40,52,37,10,59,18,48,29,4,47,21,23,34,16,42,15,46,44,7,1,30,60,62,43,25,6,22,41,13,19,24,56,50,61,3,12,32,28,45,33,36,57,26,9,63,51,39,31,5,35,27
48,1,54,25,13,43,29,24,63,46,49,21,56,34,3,28,5,61,39,6,52,30,9,58,45,12,55,59,37,35,26,11,60,2,8,33,14,36,53,57,22,51,20,44,15,7,0,4,18,19,47,27,41,62,42,31,10,16,17,40,38,23,50,32
44,63,57,7,60,50,19,35,40,49,10,3,4,0,8,31,2,15,24,39,23,41,30,1,61,14,54,9,37,51,21,38,26,22,48,42,36,12,28,17,46,62,6,34,32,20,47,43,33,13,18,27,29,45,16,53,11,56,59,55,5,52,25,58
14,7,8,4,47,2,51,50,46,6,23,49,5,62,15,29,32,26,35,13,43,9,56,11,27,40,20,57,12,53,21,39,48,63,60,28,17,61,58,54,30,37,44,45,59,1,25,19,36,16,3,22,24,41,0,38,10,52,18,31,42,33,55,34
56,31,28,53,34,18,60,25,24,48,47,9,30,23,37,36,19,35,42,8,29,39,45,7,38,14,33,41,58,10,50,21,22,51,61,0,52,63,57,6,26,3,1,11,20,13,59,49,2,43,32,4,16,44,15,40,12,55,17,27,46,54,5,62
61,12,15,51,8,20,43,19,50,16,34,48,35,26,45,13,37,47,40,24,9,42,39,58,30,3,36,14,2,57,0,5,23,28,21,27,4,46,22,17,56,60,55,52,29,53,63,49,25,7,18,59,31,54,11,44,32,38,1,10,33,41,6,62
36,55,61,3,28,18,45,51,54,17,25,32,5,13,20,31,26,8,47,35,63,22,27,46,2,58,29,56,9,16,57,4,34,15,12,23,59,41,62,21,33,52,40,7,1,49,39,6,24,10,30,37,38,48,43,42,0,11,14,44,60,50,19,53
26,51,46,18,36,10,25,43,11,57,62,34,1,6,35,13,58,59,14,38,20,45,33,50,24,61,44,49,12,22,19,3,28,15,17,52,39,16,7,21,60,42,54,55,31,29,41,23,56,53,37,30,5,32,47,8,40,63,4,27,48,9,2,0
49,46,61,62,23,56,25,17,58,16,5,48,9,41,19,11,13,63,39,60,38,3,55,57,51,29,7,36,14,0,20,34,40,45,44,33,6,12,28,4,21,35,37,54,26,1,31,32,42,47,22,15,43,27,50,18,52,59,2,53,30,8,10,24
38,46,60,63,53,49,61,27,22,51,29,15,28,44,47,48,2,17,20,52,50,43,40,55,58,35,42,19,41,13,33,12,0,3,39,23,21,11,5,6,7,30,4,32,56,34,14,16,9,26,45,59,36,18,54,62,57,1,8,31,37,10,24,25
17,23,18,52,40,54,1,62,37,31,55,15,13,38,22,57,16,46,0,56,21,35,59,25,44,47,29,24,30,51,19,2,48,53,9,49,12,3,39,10,28,43,27,33,20,41,45,26,14,6,50,61,60,7,58,34,36,5,11,8,32,4,42,63
44,45,3,23,54,5,59,43,9,22,56,26,37,47,35,55,41,21,53,8,62,58,33,63,42,27,20,29,25,17,15,2,7,40,16,10,51,38,30,46,6,57,13,11,24,14,28,4,0,52,48,1,18,34,60,39,61,19,49,32,36,50,31,12
63,42,33,57,51,61,13,34,29,60,35,58,5,62,24,23,32,39,37,14,17,9,47,12,19,48,30,16,0,3,7,6,1,46,4,25,2,11,54,55,59,49,38,31,50,36,41,10,43,27,20,45,44,18,52,40,21,22,15,56,53,26,28,8
14,49,25,8,1,9,32,7,37,17,36,39,4,41,33,45,29,34,22,5,48,31,18,35,59,40,26,54,62,60,46,23,43,27,21,2,10,15,63,11,55,42,28,24,12,51,19,58,57,6,30,61,13,47,16,44,52,56,20,3,53,38,0,50
56,22,6,45,17,21,11,18,53,43,55,5,30,54,1,12,19,50,13,4,0,27,47,29,61,16,39,59,20,35,62,32,40,23,48,25,63,41,38,7,31,52,46,37,2,44,36,8,24,57,49,34,14,10,51,3,60,26,28,9,42,15,58,33
10,3,63,9,53,49,44,36,47,48,7,32,29,45,28,54,40,21,60,52,33,22,31,27,12,59,56,2,39,6,24,43,61,0,19,42,16,51,25,13,46,38,23,18,37,50,15,34,57,5,58,55,17,41,11,30,8,35,62,1,26,14,20,4
25,42,26,0,55,50,43,37,27,17,13,4,40,28,22,2,24,29,19,51,16,23,15,5,8,12,32,63,21,11,61,41,31,9,20,56,48,6,33,54,59,49,1,18,39,7,62,35,45,46,53,58,3,47,52,14,36,38,30,60,10,34,57,44
11,55,39,9,22,45,30,49,47,0,25,12,27,14,8,21,50,43,24,33,36,35,51,34,15,19,40,23,20,17,13,3,61,29,48,56,52,57,26,46,6,37,42,53,44,10,4,63,16,28,7,2,41,59,1,5,32,62,54,58,38,31,60,18
38,3,27,32,25,28,51,16,49,6,52,0,40,9,21,20,2,60,4,36,63,10,56,47,45,50,34,43,29,13,44,14,33,15,39,46,11,55,59,30,22,61,12,1,24,19,42,48,23,26,17,62,37,54,53,7,5,57,41,18,58,35,8,31
18,4,9,40,53,42,45,33,21,49,11,36,54,27,29,41,13,3,62,46,34,31,58,59,10,25,52,60,7,17,32,50,28,48,20,16,56,15,23,5,47,0,2,61,44,57,8,38,35,14,12,51,55,1,30,39,22,63,6,19,43,26,37,24
49,57,20,39,18,46,35,10,23,29,51,44,11,41,31,42,19,12,48,22,50,60,52,47,53,13,62,26,33,54,24,7,9,3,16,61,1,27,63,56,8,6,55,4,30,28,37,32,15,58,38,2,5,34,25,45,17,43,14,59,40,0,21,36
56,50,28,13,30,36,6,15,31,48,62,4,29,52,59,53,60,22,27,17,14,9,21,45,18,49,47,57,37,44,43,58,38,16,32,8,19,7,1,35,51,55,42,24,5,41,25,2,63,11,20,54,23,0,39,40,12,3,10,46,61,26,34,33
39,63,12,44,15,18,20,57,6,19,16,60,10,43,48,35,14,41,25,53,30,42,21,11,45,32,59,4,58,9,27,13,62,31,38,17,52,0,29,23,7,24,28,3,61,2,49,50,1,46,36,8,56,37,40,34,26,54,51,22,33,55,5,47
21,51,33,43,35,5,53,1,15,28,24,39,57,9,17,18,63,16,58,6,14,34,59,50,41,27,7,45,56,44,26,32,46,40,52,23,48,36,4,29,62,47,10,31,37,61,2,8,55,12,54,11,60,49,0,25,19,3,38,13,20,42,30,22
32,8,9,28,17,45,3,41,49,55,33,60,47,44,24,63,62,40,36,16,6,10,52,23,38,31,2,43,22,19,21,20,14,7,13,48,5,25,57,35,12,56,61,54,15,26,0,29,30,27,4,58,37,1,42,53,50,18,51,46,34,39,11,59
62,15,35,41,55,45,28,2,5,23,37,13,6,22,3,51,21,16,10,50,14,1,32,7,34,19,53,47,59,42,26,20,58,63,31,17,54,38,11,12,39,60,49,43,4,8,48,36,27,46,56,52,0,24,29,33,57,44,9,30,25,18,40,61
27,10,60,32,59,19,15,40,1,39,61,4,51,50,25,33,37,46,44,21,57,11,8,42,47,35,48,5,17,26,16,14,9,24,7,53,23,36,38,30,52,55,56,29,28,2,45,43,54,62,0,31,49,34,41,18,13,20,22,6,58,12,3,63
51,40,8,50,58,32,33,9,12,5,60,55,52,59,35,20,37,15,44,23,14,62,0,25,29,3,48,36,16,24,43,2,46,49,42,61,18,38,34,31,21,22,63,4,39,47,57,10,11,56,19,27,13,1,53,41,30,6,28,54,7,26,17,45
59,55,2,48,30,4,8,11,57,32,20,47,9,0,14,16,38,23,58,63,56,49,15,53,25,61,46,22,36,39,17,24,42,51,34,18,37,29,43,45,7,6,41,31,27,3,40,54,19,33,1,60,35,62,44,13,12,28,50,5,52,26,21,10
19,29,62,54,1,41,36,28,8,47,4,18,51,11,2,32,3,30,21,55,26,44,25,9,50,58,31,42,7,52,60,35,23,39,34,49,61,53,0,24,17,33,13,43,48,16,12,27,57,63,56,22,37,10,14,15,6,59,40,45,20,38,5,46
31,12,58,33,44,42,54,39,7,21,29,32,2,59,45,24,0,41,16,60,53,61,22,40,15,36,1,49,23,14,50,35,46,9,43,55,18,34,28,38,47,48,30,10,51,37,25,57,11,6,8,63,27,13,17,26,4,52,62,3,20,5,56,19
51,3,8,19,43,32,2,12,10,13,53,14,17,36,6,62,49,18,1,24,61,31,41,48,52,59,45,39,50,9,30,46,0,29,44,27,57,20,37,23,7,4,26,28,21,56,35,38,47,15,58,63,22,60,40,25,5,33,11,16,42,54,34,55
15,42,31,16,59,55,49,3,25,7,8,5,41,20,34,53,51,37,17,60,30,57,62,48,50,32,26,11,29,36,56,52,12,61,44,21,39,2,46,9,10,63,35,58,14,19,43,23,54,27,13,24,47,45,1,33,18,0,22,6,40,4,28,38
49,50,4,19,42,29,24,45,17,35,7,41,12,13,38,22,18,26,52,44,6,47,43,37,0,23,57,48,59,30,34,61,36,54,51,40,2,11,46,3,5,20,62,53,16,14,21,60,58,28,25,15,31,32,1,27,63,9,55,10,39,56,8,33
47,3,33,27,17,55,52,18,9,19,62,0,8,60,44,50,51,5,26,12,61,48,11,42,31,29,13,23,63,22,34,41,6,32,39,4,2,30,46,20,25,56,36,10,37,58,40,54,16,7,15,53,38,35,43,59,1,28,49,57,21,14,45,24
37,10,22,23,44,5,17,19,40,9,46,12,14,43,62,3,52,28,48,60,39,30,26,11,41,20,18,1,21,34,55,58,54,27,50,32,29,6,33,47,4,35,56,57,8,42,7,15,2,38,24,49,59,16,51,25,53,36,61,0,13,45,63,31
42,57,34,33,15,61,24,0,53,36,12,51,49,30,60,25,23,20,41,19,47,55,32,21,46,62,13,2,11,40,59,52,38,56,7,4,28,48,26,43,27,5,54,63,9,6,35,39,18,3,58,50,22,8,10,37,29,31,17,14,44,16,1,45
19,41,50,26,46,25,60,27,15,35,56,55,17,37,47,9,31,53,12,18,10,23,7,24,58,48,28,32,44,30,13,39,54,3,8,4,0,40,38,14,22,20,52,5,43,2,57,45,21,42,59,36,6,63,16,34,61,33,11,1,51,49,29,62
27,10,31,30,42,52,58,2,32,63,62,25,39,4,41,24,53,13,38,50,59,19,6,28,55,54,49,45,40,0,11,51,23,5,14,18,8,43,36,1,17,7,46,57,44,48,16,20,61,3,47,9,35,21,56,60,22,33,37,12,26,29,15,34
37,4,22,32,42,52,21,47,41,39,23,34,5,54,62,16,17,31,60,13,56,3,53,55,19,63,50,49,46,29,57,18,25,43,40,33,10,12,28,45,51,2,7,26,58,8,24,35,1,27,11,38,30,36,15,59,14,48,9,6,44,20,61,0
58,54,35,1,6,5,29,28,34,20,15,39,10,3,13,17,24,49,0,62,25,32,43,61,4,47,38,22,56,27,19,31,30,9,60,11,41,40,44,12,33,63,7,53,16,50,18,36,37,14,2,59,8,23,42,52,48,45,57,51,26,55,46,21
37,23,53,47,36,32,34,12,30,17,28,46,26,55,27,59,3,14,51,29,39,45,50,13,0,10,20,15,18,61,22,4,44,1,16,5,33,41,2,56,11,21,40,25,43,58,24,31,48,6,49,9,7,62,54,60,57,52,38,42,63,19,8,35
37,49,23,44,5,18,4,6,36,56,19,3,20,33,53,43,58,52,50,46,24,22,13,28,47,26,16,17,55,31,38,54,12,7,63,62,60,39,8,61,35,2,27,15,9,34,45,29,30,32,14,25,10,57,0,48,42,51,40,1,21,11,41,59
48,60,45,2,25,53,38,46,9,51,50,7,17,49,15,8,57,31,29,56,43,10,18,11,33,63,20,14,4,28,1,27,42,37,12,62,32,39,19,6,54,26,61,0,52,24,30,16,40,44,55,23,5,36,3,58,41,22,59,34,13,21,35,47
19,27,51,25,34,21,1,50,22,30,18,5,53,15,9,42,52,12,54,4,62,60,17,61,58,49,55,36,41,28,48,40,56,16,10,31,39,8,14,7,11,59,57,6,13,37,44,35,45,46,32,23,38,26,0,20,63,33,2,3,43,29,47,24
44,27,45,49,33,8,62,16,55,52,53,50,19,24,13,29,63,41,32,40,7,10,59,58,18,11,30,38,26,25,61,20,12,35,39,48,9,28,1,3,54,6,42,0,15,47,17,57,34,51,36,2,56,31,43,22,23,60,46,14,37,4,21,5
30,48,17,16,63,13,50,62,39,21,32,9,35,49,2,7,22,3,54,59,52,61,28,19,20,60,10,46,42,51,26,37,43,4,29,45,24,33,44,8,25,47,56,5,1,55,14,41,6,31,34,53,15,57,12,58,11,23,18,38,40,27,0,36
20,41,10,17,44,29,38,50,48,21,6,60,43,5,22,61,45,28,2,57,3,26,56,53,34,54,27,51,36,40,15,47,55,49,42,35,58,32,12,30,8,39,1,13,24,59,52,11,18,31,23,25,4,63,37,19,14,9,33,46,62,16,0,7
54,49,7,19,35,9,63,38,26,3,34,42,53,2,51,48,11,55,61,43,47,39,57,30,37,31,16,5,1,56,14,15,29,13,20,33,18,0,40,22,28,8,52,23,41,36,58,60,10,45,44,59,24,4,12,25,21,17,50,46,62,32,27,6
1,63,30,17,3,21,29,20,50,60,24,4,9,14,34,45,38,42,39,13,2,58,46,19,55,7,44,11,6,56,5,35,33,53,40,27,28,26,37,15,59,25,36,16,52,32,57,8,43,12,54,51,61,41,31,47,0,48,62,23,10,49,22,18
41,32,43,45,47,5,51,30,31,36,21,38,50,61,16,14,35,62,22,57,15,24,3,29,53,7,26,54,56,58,60,49,9,33,39,6,44,0,13,40,1,28,19,34,46,17,11,59,27,37,55,2,63,20,48,25,42,4,12,18,52,8,10,23
16,11,20,8,50,3,31,58,43,26,56,7,0,4,18,53,44,5,59,34,32,1,17,12,33,46,45,48,9,6,37,38,14,2,60,23,55,62,39,30,29,40,22,36,47,28,35,54,13,21,24,19,10,57,61,27,25,63,15,51,41,52,49,42
51,60,44,0,15,36,42,28,16,40,54,30,62,53,18,56,29,23,5,9,34,17,10,24,35,14,38,22,26,20,31,37,47,58,11,49,3,7,45,50,59,21,43,63,4,12,48,25,41,1,27,46,61,6,33,19,55,39,13,2,52,57,32,8
51,57,1,48,19,0,17,60,58,27,18,30,47,45,38,46,59,43,41,23,52,15,11,49,9,12,56,3,55,37,62,35,54,5,25,4,28,36,34,21,7,20,26,53,44,61,31,10,14,22,2,39,29,16,50,32,6,40,33,42,24,63,8,13
60,24,20,36,40,47,15,50,53,13,6,29,52,38,44,25,39,30,3,4,42,9,1,46,35,21,28,5,63,48,0,11,23,41,34,59,8,27,37,58,2,22,55,62,18,14,33,32,7,61,49,16,54,10,45,51,31,43,12,56,17,26,19,57
22,31,57,0,30,1,40,43,32,6,34,18,35,60,59,2,12,4,19,44,45,25,53,55,58,5,62,28,10,39,49,38,36,52,16,13,41,26,63,11,42,15,51,21,9,48,46,14,37,20,8,33,7,50,47,54,3,61,56,23,24,27,29,17
22,41,57,62,3,33,1,59,10,46,27,12,7,16,23,20,4,47,2,52,19,0,55,42,51,53,48,35,5,38,58,31,13,17,30,40,43,44,21,49,28,29,56,15,24,6,18,37,54,9,60,63,39,25,61,8,26,34,11,45,50,32,36,14
6,53,55,7,51,26,5,36,28,10,48,35,11,32,19,4,34,52,8,3,18,33,59,16,12,27,50,47,38,15,63,13,60,17,9,54,31,30,24,42,21,45,23,61,20,49,1,46,39,29,40,25,62,37,2,56,41,57,14,58,0,44,22,43
57,7,27,35,21,49,23,55,25,29,2,24,60,3,10,31,4,17,39,32,34,45,15,18,47,46,40,59,19,62,28,37,26,0,22,56,53,61,5,44,1,16,6,9,8,11,48,50,43,51,38,52,12,36,42,58,41,30,33,14,54,63,13,20
29,21,54,38,5,57,2,34,23,47,35,0,7,32,42,17,11,61,12,30,43,48,37,8,51,58,59,63,16,15,36,18,55,39,19,60,45,25,3,1,6,26,22,53,52,62,40,44,10,13,4,33,56,46,28,24,41,49,20,50,31,14,9,27
30,63,3,51,49,22,12,16,48,21,44,50,43,35,40,0,52,17,28,27,41,14,32,10,19,59,7,57,9,15,39,55,31,36,54,8,2,61,33,38,11,47,45,58,46,4,26,20,56,5,62,18,1,25,42,29,34,37,60,24,13,53,23,6
40,23,53,26,50,20,31,33,18,22,4,9,45,34,46,59,41,6,21,3,49,5,44,32,2,54,28,7,51,43,48,57,63,58,19,25,60,17,52,12,15,8,61,39,55,30,13,27,14,16,37,0,42,38,1,36,56,35,62,29,10,11,24,47
15,7,56,50,2,32,31,54,16,57,61,19,24,55,62,13,34,18,8,22,5,14,48,12,53,28,3,60,35,40,36,9,37,59,47,52,0,30,58,63,27,39,11,17,45,21,38,46,20,25,51,10,4,1,49,42,33,23,26,43,29,41,6,44
5,21,47,14,63,46,26,23,17,62,8,12,30,22,7,38,9,43,48,6,52,37,55,10,45,58,61,40,19,33,34,20,54,60,59,13,32,51,42,44,49,18,57,31,28,50,56,15,29,3,39,36,11,35,0,2,16,4,24,1,53,27,41,25
35,17,55,42,23,57,20,47,52,38,7,39,54,21,61,63,13,9,60,45,12,50,3,24,5,31,37,10,59,2,51,18,27,11,36,44,40,58,49,29,56,16,28,48,4,22,62,53,15,19,26,6,41,25,30,14,8,43,32,33,46,1,34,0
47,35,14,7,29,62,2,8,12,16,60,25,38,22,58,18,13,42,61,9,10,30,54,17,36,63,45,51,32,5,1,49,4,41,53,21,33,23,0,59,27,31,37,6,39,57,19,46,34,24,55,20,52,44,50,56,3,28,48,40,15,43,26,11
57,52,56,50,61,18,10,63,12,36,29,31,24,44,48,16,60,41,3,0,14,33,7,58,6,42,26,34,47,59,23,15,1,32,8,4,20,19,17,54,46,2,39,13,5,28,55,43,11,30,22,49,53,62,45,37,38,25,27,9,51,21,35,40
1,13,57,46,50,0,53,61,51,60,25,52,4,31,6,58,39,30,41,11,17,32,29,20,2,38,59,14,34,10,3,54,55,49,40,35,43,36,16,44,7,24,23,47,28,27,18,63,12,5,26,22,15,19,42,45,9,48,21,62,33,8,56,37
53,63,51,32,30,37,62,0,43,27,54,24,8,28,55,7,9,42,35,44,14,41,52,40,25,4,49,31,61,39,57,18,56,3,5,6,34,60,17,29,23,59,33,26,38,48,47,13,2,19,36,15,12,16,21,11,20,50,10,45,58,1,46,22
44,7,3,11,53,38,50,32,9,35,26,47,16,55,60,28,23,62,49,31,13,40,17,43,6,34,30,42,57,2,33,0,12,5,46,22,18,61,15,39,24,54,36,45,8,56,52,58,25,59,1,63,41,10,37,48,21,14,4,29,27,19,20,51
33,2,13,61,34,25,10,11,28,18,40,46,60,38,17,21,27,23,12,19,16,50,32,55,63,62,6,1,47,9,48,26,14,36,43,54,7,58,45,53,4,3,22,29,31,52,35,59,24,51,15,20,42,44,0,5,49,37,41,30,56,8,39,57
40,32,14,24,63,22,18,31,4,8,42,29,17,49,0,54,38,47,58,13,61,26,53,45,35,36,62,59,51,39,52,33,10,16,28,37,5,43,30,7,44,12,34,1,41,55,2,56,60,23,11,48,46,9,25,19,3,50,20,21,57,15,27,6
15,34,30,40,56,23,28,42,47,2,48,18,49,61,50,12,41,20,10,54,14,58,55,45,53,1,19,43,5,51,32,39,46,62,22,52,9,57,38,6,13,4,59,8,35,17,29,63,11,24,26,25,0,33,36,16,27,21,7,37,44,3,31,60
52,1,7,59,14,6,63,50,13,30,17,16,57,4,47,58,33,24,26,43,20,35,10,32,44,8,51,29,38,9,55,23,21,0,48,40,27,28,3,46,15,11,12,53,60,41,36,2,56,62,39,22,19,5,61,31,18,25,45,49,54,42,34,37
34,12,41,23,25,18,0,3,59,24,28,32,21,1,63,55,27,36,49,57,42,51,37,8,30,7,22,33,38,31,11,56,2,45,40,4,52,43,47,44,61,46,50,58,14,19,62,48,10,9,60,35,39,54,6,29,17,26,15,13,53,5,20,16
38,50,31,46,33,1,63,14,16,60,39,41,45,2,56,0,8,58,3,4,32,18,55,9,48,52,34,42,51,26,6,36,17,62,44,35,29,13,57,12,19,21,23,30,11,54,5,59,22,7,25,49,24,27,10,28,43,15,47,40,61,53,20,37
42,17,9,12,1,8,41,19,11,22,58,23,61,35,50,54,37,28,10,48,2,33,36,52,57,39,53,18,6,46,38,0,21,25,60,16,5,7,40,31,4,55,27,45,44,34,56,20,15,14,47,3,13,30,43,32,59,49,29,24,51,63,26,62
20,40,43,56,31,49,37,18,10,9,7,19,39,62,29,36,1,47,55,3,26,34,41,21,61,35,45,27,58,60,12,53,38,54,57,11,52,33,17,44,15,2,50,24,32,30,59,63,25,48,51,5,6,22,0,13,23,16,14,4,46,28,42,8
61,43,14,6,5,30,0,11,20,47,40,8,1,9,55,44,28,49,3,27,42,62,16,17,38,57,56,4,52,50,39,13,12,35,7,33,58,10,63,46,24,29,51,41,18,26,60,54,37,23,21,32,19,15,34,25,45,22,36,31,53,48,59,2
31,11,10,24,41,30,35,44,20,1,8,63,4,42,28,22,45,62,43,14,50,5,51,9,48,3,2,23,61,40,58,33,18,47,36,46,60,26,34,59,27,57,0,37,25,52,53,39,13,15,55,38,7,12,19,21,6,32,49,29,56,54,16,17
55,14,27,51,6,26,1,52,61,31,46,48,8,9,43,42,40,2,60,23,12,44,32,5,58,24,36,50,62,13,59,17,33,35,28,34,11,39,30,57,53,37,47,63,3,49,21,56,16,18,20,4,15,7,54,22,0,25,29,41,45,10,38,19
50,42,16,56,35,9,36,3,29,48,4,11,25,59,45,23,51,63,24,53,5,38,44,61,33,2,13,20,8,0,14,62,12,19,18,21,34,31,58,55,1,27,10,52,41,49,60,15,17,26,47,32,39,46,40,7,28,6,37,22,57,43,30,54
12,14,0,9,16,62,28,51,40,37,57,55,43,18,17,19,63,6,31,50,45,52,58,42,35,33,54,53,23,3,46,11,59,29,22,30,32,38,13,34,26,39,49,10,4,21,61,24,56,47,2,48,7,1,36,15,5,27,44,20,25,60,8,41
0,33,8,35,52,47,25,6,5,2,31,42,22,11,34,50,62,36,58,9,61,15,39,41,14,29,24,59,51,18,46,21,45,20,49,32,12,28,53,23,4,16,44,7,30,38,10,54,63,37,19,57,40,26,56,48,13,60,1,27,17,55,3,43
60,61,23,11,47,8,44,18,30,33,35,25,29,17,2,51,40,63,45,31,4,52,53,15,20,58,7,6,19,13,26,27,62,22,24,3,38,41,34,5,21,56,0,43,59,50,39,28,42,16,12,10,9,46,1,32,14,48,54,57,49,36,37,55
42,10,12,31,28,2,25,24,17,4,52,51,44,15,56,8,19,39,0,48,21,3,38,30,61,41,6,23,46,34,47,63,60,55,57,1,14,11,50,53,36,58,43,32,5,7,37,35,22,49,16,26,27,13,33,54,20,40,18,9,62,59,45,29
11,29,17,22,49,9,3,55,4,25,30,33,10,44,61,5,18,24,32,34,58,21,54,6,46,19,13,16,23,40,14,59,50,1,26,7,43,47,31,57,20,60,35,37,39,2,0,15,62,53,41,51,38,27,52,45,42,8,56,28,48,12,63,36
8,49,5,17,53,6,24,9,3,31,22,61,51,58,13,56,1,47,21,54,0,16,41,37,10,11,30,7,48,4,57,26,45,40,19,18,27,36,39,25,59,32,35,42,20,63,55,50,12,2,43,44,15,52,60,28,38,33,23,34,29,14,62,46
39,35,37,13,15,29,63,47,20,3,51,21,61,48,26,12,55,56,62,11,54,31,60,0,18,19,50,44,27,52,36,46,2,7,17,24,33,32,14,28,5,10,43,23,53,6,59,57,16,22,9,45,49,41,38,8,25,58,34,1,30,42,4,40
32,56,15,42,33,11,36,46,58,6,18,63,20,28,50,52,60,40,13,12,47,10,22,51,53,49,21,59,39,2,57,35,24,29,7,55,62,41,30,37,19,44,38,34,0,1,48,43,8,5,31,23,17,9,45,14,3,61,16,4,25,27,54,26
37,15,5,17,4,23,63,32,36,56,8,52,59,53,45,33,27,18,31,46,41,29,13,30,22,1,38,47,20,57,26,21,6,11,62,0,19,14,35,43,16,2,39,60,9,44,12,10,54,40,24,61,42,48,28,51,58,34,50,3,49,55,25,7
10,47,33,54,11,16,29,28,59,1,53,42,50,60,58,49,6,23,41,0,56,2,43,22,34,52,35,55,9,51,4,32,3,27,40,62,14,18,21,38,48,44,8,12,13,39,57,20,24,31,25,37,5,30,7,26,17,19,45,15,61,36,63,46
47,8,29,41,23,15,62,25,35,5,58,6,44,34,12,1,59,45,32,55,38,18,17,24,57,37,63,49,9,11,0,33,42,3,7,31,20,46,4,43,27,26,30,21,22,14,10,28,61,51,36,50,13,54,53,16,40,19,60,52,39,56,2,48
3,23,18,22,40,56,55,32,37,49,51,19,54,52,59,57,14,9,13,44,12,30,2,27,35,62,16,31,43,63,10,17,21,61,0,39,41,11,45,1,36,4,50,46,15,26,5,34,25,53,29,7,6,28,20,38,33,8,60,47,24,58,48,42
40,38,29,50,0,44,2,25,62,55,52,10,63,49,31,39,21,58,12,4,14,45,41,61,32,51,20,23,46,34,26,48,28,54,13,7,5,3,42,30,16,36,22,35,19,6,59,18,11,37,8,47,56,15,17,57,1,24,53,43,33,60,27,9
62,58,16,3,59,43,48,53,49,27,19,11,47,18,9,15,57,38,17,5,60,10,34,32,31,39,52,50,37,61,28,29,21,13,14,22,56,7,45,33,0,8,4,40,55,54,36,26,42,12,25,30,24,44,46,6,41,63,35,51,1,23,20,2
35,57,45,21,58,8,40,52,36,48,26,25,6,16,42,18,34,49,51,30,32,44,61,17,14,23,9,60,20,38,2,29,19,3,43,4,13,47,59,63,1,24,53,0,15,50,39,11,41,62,54,31,46,37,27,22,5,10,7,56,12,55,28,33
23,61,33,4,62,15,31,17,28,0,1,10,43,44,48,63,7,53,30,55,22,54,5,14,40,49,27,3,11,45,59,24,58,8,56,50,12,29,39,37,57,41,20,6,60,34,2,9,38,42,36,52,21,16,51,19,26,46,13,35,25,18,47,32
60,22,1,49,57,17,4,46,40,6,23,51,37,39,53,47,59,13,61,24,7,41,63,18,62,48,15,33,42,50,0,5,36,45,26,11,31,58,14,2,21,19,32,54,35,43,29,9,27,38,28,12,56,16,10,44,25,30,34,52,3,8,20,55
58,28,32,26,11,15,45,62,18,57,46,34,61,48,21,13,5,27,49,63,39,50,10,14,6,55,4,51,24,44,9,2,33,22,60,30,23,20,16,0,43,25,38,54,7,59,17,52,3,36,29,1,42,19,40,8,35,41,37,12,53,47,31,56
53,46,52,21,60,20,50,6,30,3,56,51,34,59,49,54,10,11,38,42,24,41,28,23,13,8,43,27,37,44,0,63,15,19,36,12,61,17,58,25,55,45,57,18,35,31,33,7,29,22,32,62,48,47,4,14,2,40,1,5,9,16,26,39
48,46,56,36,13,45,7,27,39,14,32,34,11,8,51,49,61,3,28,37,38,29,52,60,16,23,18,5,19,42,22,41,57,20,62,6,31,50,58,44,1,30,10,47,26,43,2,53,21,63,35,59,55,25,33,17,0,9,54,12,40,4,24,15
0,61,38,12,55,24,62,58,39,1,47,54,2,60,35,53,20,25,57,29,42,59,14,10,50,43,37,28,7,32,6,18,44,46,33,34,31,45,5,13,41,48,26,21,9,49,23,17,40,56,15,19,22,30,52,51,3,4,8,16,63,27,11,36
0,1,11,44,28,22,61,12,19,48,31,6,51,5,25,60,3,10,30,46,40,63,4,55,57,15,17,14,41,18,13,54,29,26,20,2,32,33,24,27,21,49,23,62,16,56,59,39,8,47,50,42,53,45,38,9,52,7,36,35,58,43,37,34
21,1,6,19,56,33,38,2,46,58,24,60,13,50,12,53,37,10,28,54,44,63,22,35,45,52,11,62,61,16,7,57,48,41,59,30,8,36,18,3,43,4,15,26,23,14,9,49,5,20,29,25,42,0,47,17,55,27,51,40,34,39,32,31
23,8,50,11,45,17,19,44,33,10,13,0,9,28,6,60,40,36,47,34,53,52,27,29,18,54,30,3,14,48,37,39,15,49,26,35,55,2,43,59,1,16,22,31,63,51,4,42,38,56,5,24,41,61,57,12,25,7,32,58,62,20,46,21
51,32,39,35,41,52,31,38,14,62,36,37,9,4,24,30,48,18,61,17,44,55,27,22,54,6,56,59,7,12,0,5,49,21,29,8,2,26,16,20,53,1,28,19,50,42,63,3,25,34,60,57,43,23,15,11,33,45,46,47,40,58,10,13
54,15,42,10,48,63,20,36,12,22,19,57,13,27,45,40,49,34,59,50,51,38,18,5,58,9,47,52,41,53,2,25,39,16,44,43,1,30,24,29,23,31,6,60,56,62,7,14,32,26,46,0,61,8,11,4,55,21,35,17,37,28,3,33
0,32,15,45,46,2,23,1,27,22,38,62,8,36,11,37,49,56,9,58,60,21,61,43,14,59,40,4,3,28,42,48,31,7,33,25,34,50,35,63,19,18,53,51,17,30,26,44,16,52,10,39,13,12,20,41,57,55,54,5,47,29,24,6
23,19,47,48,54,50,43,4,45,2,21,42,51,9,37,56,41,25,59,38,39,40,29,12,14,60,63,55,33,0,26,3,16,20,18,49,24,7,31,17,1,58,5,32,34,10,44,35,27,62,11,6,8,61,36,53,57,22,13,15,28,52,30,46
62,27,2,18,13,41,11,53,28,17,35,30,43,42,10,33,61,4,0,5,12,6,45,24,40,26,49,16,46,52,50,7,23,29,60,48,1,32,3,8,22,9,20,56,31,34,15,47,57,63,21,58,44,25,54,36,55,39,51,37,38,59,19,14
12,63,26,19,25,29,47,54,33,43,39,16,14,35,6,8,53,55,46,31,62,9,18,10,15,24,27,22,23,41,52,42,28,51,60,0,17,49,13,3,21,48,5,34,40,50,45,36,59,7,20,57,44,37,32,30,1,38,58,61,4,56,11,2
14,12,32,50,24,49,60,34,28,53,55,47,17,48,40,21,63,20,22,18,51,45,31,1,58,57,16,52,4,15,43,44,33,59,0,19,38,42,2,30,62,8,27,39,54,13,56,36,10,11,37,35,46,41,29,5,25,9,3,23,61,6,7,26
11,8,61,45,54,52,37,15,26,53,41,1,60,2,19,49,35,21,31,5,59,33,12,56,4,16,13,47,50,24,0,62,29,42,17,32,46,63,25,55,28,20,43,30,27,51,3,44,10,36,14,22,58,6,23,7,34,39,38,9,18,40,57,48
47,19,30,49,21,62,32,27,46,55,57,45,1,22,53,5,56,17,42,54,43,15,23,41,52,0,34,36,25,28,6,7,59,61,35,8,33,20,38,26,37,60,9,48,51,31,10,13,58,24,18,50,4,2,12,11,39,3,44,14,16,29,63,40
47,55,44,9,51,61,45,39,7,48,41,4,46,63,22,29,52,56,19,33,15,21,18,11,34,0,14,53,43,37,13,2,40,10,32,57,27,42,23,20,36,62,3,59,24,31,38,17,5,6,8,60,50,54,12,28,49,25,58,16,35,30,1,26
50,46,52,20,61,11,56,24,47,6,42,12,8,63,53,34,5,58,57,32,14,9,51,2,48,0,62,49,10,30,44,33,37,27,4,18,21,59,36,1,41,25,16,29,54,39,28,38,17,15,60,35,3,26,19,7,31,43,23,13,45,55,40,22
53,15,24,23,61,34,57,37,40,10,22,49,29,19,43,12,8,44,50,32,47,7,2,55,4,31,48,16,3,1,11,52,33,59,38,17,54,56,18,13,30,45,26,62,58,20,41,21,28,51,42,5,14,6,27,60,35,9,46,36,0,25,63,39
23,19,30,27,43,55,35,22,14,32,46,44,33,29,2,28,13,10,21,50,59,15,31,8,5,26,49,25,12,36,6,42,60,0,54,24,40,11,16,58,62,9,20,48,37,3,51,1,18,41,63,7,17,56,45,61,38,57,39,52,47,4,53,34
25,15,40,46,21,39,7,34,45,48,55,32,27,57,11,14,5,53,31,58,2,10,62,35,37,13,23,51,6,3,59,19,30,60,9,47,54,18,63,61,1,26,22,28,0,16,36,43,56,41,24,8,44,4,38,29,52,17,42,33,20,49,50,12
47,20,11,54,32,58,9,55,56,27,33,39,4,36,28,44,7,19,21,46,22,37,48,42,3,13,29,15,63,52,50,16,61,53,41,2,26,0,60,8,43,49,1,10,12,18,40,62,35,51,34,6,25,5,31,38,14,57,23,17,59,45,30,24
34,2,52,1,53,57,59,42,39,46,60,44,9,5,22,58,27,23,19,14,43,20,24,7,3,36,33,38,4,50,26,25,41,8,49,61,28,10,0,45,31,47,56,37,11,21,55,12,51,18,15,62,30,40,17,16,35,54,6,13,48,32,29,63
56,58,59,39,47,28,33,55,31,7,24,16,0,54,42,19,1,36,9,63,51,50,29,49,40,53,21,25,12,41,46,32,15,26,43,37,22,35,30,18,11,44,27,34,14,3,4,6,17,62,60,38,57,48,23,13,61,45,52,10,2,8,20,5
47,52,21,59,48,5,53,56,14,31,50,37,2,10,39,32,36,25,23,33,60,7,20,42,16,17,44,19,18,26,58,55,34,1,29,15,30,0,11,51,27,45,35,24,8,54,46,13,3,41,63,62,22,6,28,43,61,12,49,38,40,4,57,9
29,30,45,2,59,0,21,36,25,55,35,58,5,37,33,11,7,22,62,18,47,14,48,1,16,46,23,61,9,50,24,6,54,27,51,32,40,56,28,20,60,38,49,12,44,63,34,57,10,13,31,17,19,8,3,15,53,41,42,43,4,52,26,39
13,36,0,22,35,39,25,31,10,15,9,43,50,57,7,17,60,30,45,20,6,49,46,40,58,55,56,3,52,27,23,47,34,48,51,5,41,16,18,53,1,12,54,62,21,33,38,32,11,42,2,14,24,8,28,37,61,4,63,59,19,44,29,26
3,34,46,21,40,30,38,47,18,13,58,44,29,56,1,16,0,26,24,15,55,51,27,33,59,61,32,22,23,2,52,48,50,45,43,7,37,17,63,31,60,41,10,12,4,11,35,20,28,53,25,49,57,9,5,54,62,14,39,19,42,8,36,6
52,18,9,48,10,63,46,51,29,59,37,4,30,24,60,2,27,45,25,61,34,49,36,44,17,21,39,22,16,57,20,50,19,53,62,7,8,58,32,13,55,0,56,38,15,14,47,23,43,6,42,26,11,5,28,40,3,54,31,12,41,35,1,33
3,37,12,31,25,43,38,10,15,9,6,16,27,1,51,39,4,50,41,53,21,26,2,5,32,17,24,20,59,61,0,33,30,49,19,34,48,52,56,18,44,11,23,40,7,29,54,35,63,60,57,13,62,28,42,8,58,45,36,55,47,46,14,22
47,60,33,62,22,11,61,6,20,16,3,9,7,27,21,14,37,42,5,1,51,48,50,17,43,0,53,4,12,13,29,10,38,18,39,59,55,63,40,57,52,24,46,56,31,30,44,23,58,32,54,25,28,8,35,45,41,36,49,26,19,15,2,34
62,37,35,25,20,3,61,13,53,4,57,0,45,31,27,41,18,14,47,23,7,26,30,56,49,60,24,46,54,16,42,10,43,5,39,51,52,32,9,33,29,55,17,21,1,2,12,34,58,15,19,63,6,44,36,11,59,8,22,50,40,38,28,48
46,41,32,11,40,53,1,10,58,52,8,59,17,62,33,37,20,26,43,23,7,22,54,48,2,14,27,45,6,13,9,19,50,44,42,5,49,56,31,4,57,60,24,35,36,34,30,47,38,51,18,12,3,29,25,16,39,0,28,55,21,61,15,63
41,44,29,57,19,22,0,54,33,34,38,48,62,43,36,39,51,35,63,12,18,25,15,3,13,9,28,47,14,10,50,2,30,24,46,52,8,53,23,27,26,11,61,55,1,21,5,37,31,32,58,42,49,16,17,59,6,56,40,4,7,45,20,60
34,38,49,57,1,54,24,44,21,6,16,27,7,0,8,31,62,39,9,28,10,13,25,37,46,26,56,11,2,20,14,51,22,15,32,43,33,29,59,4,35,30,50,36,55,40,42,48,5,45,12,17,47,52,61,58,60,3,23,41,19,63,53,18
30,13,40,48,23,58,53,37,14,57,19,20,12,41,42,4,3,18,5,35,54,59,45,21,34,29,63,60,25,39,16,24,38,17,43,51,26,9,50,55,11,33,1,28,10,47,62,46,7,6,49,56,61,31,32,8,36,2,27,52,0,22,15,44
1,8,42,9,51,58,36,33,2,45,4,31,28,38,61,56,23,25,13,26,30,15,41,47,43,40,44,54,10,55,34,19,49,20,6,7,57,16,35,29,3,59,60,52,32,39,0,14,5,22,17,12,18,63,48,21,27,50,37,53,62,24,11,46
32,42,61,10,8,56,1,59,26,60,50,41,49,53,16,34,27,31,30,58,38,33,12,3,48,46,18,54,52,20,39,5,7,51,47,28,6,43,25,35,55,40,44,23,11,13,62,29,15,9,45,36,22,21,2,17,63,24,57,19,4,37,0,14
50,33,53,17,2,28,29,12,22,57,38,5,43,56,47,48,6,54,19,39,34,0,8,61,4,14,18,3,63,45,44,20,46,59,55,58,49,7,24,25,21,16,40,35,60,9,26,41,30,51,37,23,31,32,10,36,52,11,1,27,15,42,13,62
6,39,35,59,7,22,42,21,44,8,60,48,0,27,53,15,40,13,14,5,10,55,16,9,45,1,50,17,54,62,61,32,58,51,24,47,3,41,46,20,23,26,56,18,34,49,11,36,30,63,57,29,37,2,25,33,43,31,52,28,4,19,38,12
60,47,59,1,27,14,26,15,52,36,18,61,2,10,16,45,42,50,38,56,23,21,33,46,40,49,43,63,32,5,35,6,44,37,34,25,4,13,53,31,29,41,3,7,48,19,12,17,9,11,58,51,24,28,55,30,20,8,39,22,54,62,57,0
9,16,28,24,31,45,14,38,46,17,40,22,3,47,23,19,56,15,60,32,18,5,20,52,33,36,50,4,37,26,55,42,12,61,8,58,21,0,63,10,13,51,41,57,43,49,59,1,6,53,39,35,2,30,62,27,29,48,34,7,44,54,11,25
28,27,34,56,44,9,14,24,4,53,50,61,10,57,1,30,23,42,20,8,0,18,12,11,48,35,36,13,41,37,25,31,59,63,22,21,17,58,38,43,16,47,39,52,2,33,49,62,32,7,6,5,19,3,26,15,54,40,45,51,60,46,55,29
23,9,37,45,15,35,61,38,13,48,20,34,36,55,30,1,44,41,54,19,60,39,51,7,24,53,43,49,12,27,42,29,17,62,4,6,47,22,50,31,14,16,5,2,26,11,57,40,58,33,8,3,32,18,28,21,25,46,56,59,52,10,0,63
27,21,54,33,60,29,28,55,41,49,1,13,62,52,31,22,37,44,20,45,6,12,34,23,53,32,0,61,15,7,17,48,8,58,14,19,9,50,46,3,59,16,47,39,51,42,38,5,11,57,35,25,26,18,2,43,24,56,10,4,40,30,63,36
20,4,54,11,43,29,10,38,16,0,30,6,31,48,34,59,63,49,28,46,12,21,55,44,60,1,40,7,35,8,25,42,2,57,15,52,22,53,47,62,17,56,24,36,39,5,26,13,27,61,51,45,14,9,58,50,19,32,37,3,18,41,33,23
7,60,26,1,39,37,28,9,61,21,59,38,27,48,17,12,35,15,52,47,41,31,23,19,5,8,4,30,36,0,20,58,24,50,42,29,18,6,49,32,54,34,53,63,51,55,40,46,45,16,2,33,25,44,3,62,57,14,13,56,43,11,10,22
18,23,47,9,34,27,55,22,25,31,1,5,58,63,41,54,29,32,39,36,17,13,59,3,26,7,24,19,28,4,11,8,52,46,12,42,30,50,14,57,0,10,35,62,61,2,48,44,60,20,51,21,38,16,53,40,56,37,49,43,6,15,33,45
32,6,18,59,4,43,57,30,21,56,11,19,51,26,52,12,27,10,60,53,36,17,28,33,61,35,31,23,40,20,29,58,14,62,39,55,1,0,9,47,34,22,24,50,5,46,48,13,44,15,49,8,3,2,16,41,42,38,7,37,63,54,25,45
49,26,15,10,29,61,46,51,21,14,20,42,11,63,47,32,39,50,1,36,59,45,2,60,55,44,43,30,23,12,53,27,34,25,40,7,6,9,56,35,31,17,37,57,13,62,38,58,5,24,54,48,52,22,18,4,28,41,8,16,19,0,33,3
7,36,27,16,17,57,55,51,21,29,56,50,49,37,54,59,14,23,19,9,1,0,2,44,62,8,18,28,43,34,48,12,10,32,22,42,4,3,41,24,25,15,31,40,13,5,45,58,63,26,53,20,33,6,38,61,30,11,52,39,35,46,47,60
9,59,11,29,48,54,30,4,50,7,43,24,55,33,61,44,16,15,13,49,47,46,41,17,5,56,19,20,25,34,57,58,23,2,39,63,38,3,27,51,60,0,35,32,22,26,1,31,12,62,52,10,37,45,40,42,18,53,6,36,21,28,14,8
32,28,24,56,44,62,12,22,26,21,38,19,16,55,47,10,13,7,37,35,52,8,0,34,9,20,60,51,48,3,17,2,5,4,18,57,54,45,58,59,1,36,41,15,33,39,53,31,23,11,30,14,27,61,29,43,63,25,46,6,42,40,50,49
57,1,18,6,35,27,26,45,4,62,25,44,37,22,54,15,48,58,49,50,23,5,36,43,7,9,28,16,8,11,51,39,21,20,33,17,42,34,13,12,56,31,53,60,24,59,19,3,63,0,61,55,38,47,10,14,2,30,41,52,46,29,32,40
48,30,63,4,31,42,59,22,20,15,58,52,16,43,33,47,23,38,49,17,29,26,62,25,18,14,60,54,7,3,27,28,9,21,56,35,19,51,0,40,61,6,12,45,2,5,13,50,41,24,39,34,32,46,55,8,11,57,37,44,53,36,10,1
61,55,13,30,15,25,50,36,9,8,5,37,44,17,52,0,56,18,1,62,39,42,49,40,41,4,58,53,24,19,38,51,35,27,14,59,29,33,54,31,16,60,23,12,32,28,20,21,63,6,48,10,57,2,22,7,47,45,3,46,43,26,11,34
44,22,54,58,13,24,21,2,46,63,34,17,23,39,4,9,59,53,11,47,32,5,50,10,55,49,28,45,38,37,51,40,48,33,3,12,7,52,25,62,43,1,42,60,27,14,16,20,0,30,6,56,19,29,61,18,8,26,15,35,41,36,31,57
47,63,2,1,5,49,39,43,15,20,40,26,37,42,54,32,62,6,59,3,35,50,23,53,4,0,18,8,46,17,14,12,38,34,10,25,27,41,55,51,24,28,56,22,30,16,33,7,48,44,36,31,45,58,11,52,9,21,19,13,61,60,57,29
60,46,32,51,55,2,4,12,44,3,1,10,20,18,53,35,31,40,0,36,42,30,58,24,63,15,13,8,48,19,21,39,49,14,26,27,37,11,61,33,22,54,52,28,41,16,6,50,56,29,62,59,25,23,43,34,45,38,17,47,7,5,9,57
34,15,62,19,48,24,50,63,44,12,57,4,3,38,61,47,0,20,31,56,53,51,32,46,49,11,39,1,18,37,29,14,2,9,58,40,54,43,25,7,8,5,60,59,45,6,21,55,42,17,30,10,28,23,22,13,52,26,16,36,27,33,41,35
14,59,34,0,7,12,45,60,27,40,42,55,17,11,57,25,37,15,19,44,24,56,58,62,38,61,29,9,5,26,30,63,23,32,49,13,54,41,46,3,53,51,6,39,28,36,31,35,43,22,18,52,47,4,20,1,10,48,50,8,2,33,16,21
50,13,44,10,23,30,19,58,57,36,63,38,56,32,11,15,34,48,39,18,5,62,51,22,55,60,45,4,16,40,3,52,0,29,12,43,37,9,53,46,27,25,61,49,20,24,28,7,33,6,21,42,35,47,2,1,54,14,31,59,26,8,17,41
1,0,23,36,52,18,62,57,58,59,24,7,60,55,42,45,14,54,35,15,25,61,26,27,28,32,49,29,13,5,38,51,43,2,56,46,4,8,39,53,12,19,47,10,63,11,16,37,48,41,30,9,3,44,33,6,22,40,20,31,34,17,21,50
35,13,58,1,19,16,31,47,26,30,61,49,56,55,2,34,17,43,3,45,36,62,14,21,15,51,53,9,32,39,7,44,27,5,46,22,63,24,11,33,59,20,40,6,60,50,29,28,38,18,12,42,52,48,41,8,23,54,37,0,57,4,25,10
14,54,60,30,32,24,10,52,6,40,26,2,3,18,8,62,33,39,45,21,13,56,57,5,17,15,0,43,50,20,22,23,29,37,35,47,31,7,36,63,25,53,1,55,51,9,27,19,41,4,59,48,61,12,28,16,46,58,11,49,44,34,38,42
16,24,19,42,32,21,58,33,60,35,22,63,37,18,38,59,12,52,44,14,6,50,17,48,47,43,54,53,45,57,30,9,36,23,27,31,34,46,7,25,0,29,49,56,2,39,28,51,15,13,55,5,8,40,11,62,3,10,41,20,1,26,61,4
58,30,1,33,34,53,38,8,62,26,0,13,40,54,48,16,22,24,47,45,19,21,43,27,29,61,11,4,15,51,9,3,12,55,17,25,10,28,59,20,35,7,23,6,57,39,49,63,36,37,42,32,56,31,2,5,46,44,60,14,41,18,50,52
60,48,5,43,57,13,29,58,17,16,54,40,31,23,30,41,36,4,38,26,18,33,7,49,25,12,28,22,9,21,3,47,32,53,52,62,50,27,24,56,34,45,55,44,39,51,11,46,20,6,2,10,15,37,0,1,19,14,61,42,63,8,59,35
3,13,38,48,15,44,4,51,40,10,53,19,20,49,46,14,0,17,30,23,47,63,32,33,8,5,41,57,31,2,9,52,60,16,26,62,54,11,27,12,29,7,59,56,43,55,6,39,24,34,50,35,61,25,37,28,21,42,36,45,22,1,58,18
4,20,12,16,53,51,17,7,13,42,54,15,28,22,5,46,19,24,27,34,1,11,21,44,62,50,36,61,43,26,23,35,31,25,63,30,9,29,41,2,45,14,47,58,52,38,18,10,32,49,37,60,48,39,56,3,0,40,59,8,33,55,6,57
20,45,49,48,17,61,10,56,28,14,59,32,63,9,12,60,24,36,41,25,15,18,29,47,0,4,33,5,51,35,1,6,62,37,40,3,55,58,43,44,30,11,38,19,42,39,53,52,8,26,22,27,2,7,21,54,31,34,16,13,57,46,50,23
47,57,16,62,58,46,7,60,61,38,43,34,41,49,44,54,23,50,33,59,24,12,25,15,53,14,17,40,9,2,1,39,42,26,20,30,28,31,6,18,11,48,13,19,21,36,35,52,51,37,3,45,22,5,32,29,10,63,55,56,27,4,8,0
51,1,35,0,8,5,6,55,18,24,27,14,60,13,50,19,36,46,22,15,23,49,31,54,40,4,52,47,28,41,7,30,32,39,9,48,26,42,10,45,25,62,56,43,11,37,20,2,29,57,58,59,21,53,16,12,3,33,34,63,38,61,44,17
10,14,16,31,50,58,0,21,35,59,60,52,36,17,51,63,33,42,18,2,11,5,1,54,12,13,53,7,45,44,49,23,32,38,25,8,55,40,37,43,28,19,9,34,24,57,20,41,22,27,26,6,47,61,3,48,30,4,46,62,56,15,29,39
14,0,42,28,39,61,18,44,2,11,47,24,62,51,37,35,10,16,19,30,26,56,63,46,17,29,55,38,20,53,3,45,13,8,7,43,31,15,58,34,22,32,48,41,5,4,27,21,52,1,12,60,6,59,36,57,54,49,40,25,50,33,9,23
45,46,50,48,2,62,17,39,22,28,26,36,5,51,27,30,47,60,33,63,35,23,37,15,44,4,6,34,29,0,16,20,57,25,54,1,11,59,53,40,31,32,7,9,18,12,58,24,61,49,42,14,10,3,19,38,41,21,43,56,13,55,52,8
23,36,32,58,60,29,18,61,49,11,10,57,42,47,63,50,33,3,2,59,25,9,4,56,46,41,54,31,8,20,52,21,22,43,27,44,14,37,15,17,0,16,1,53,48,35,40,5,26,30,7,51,19,6,34,24,12,38,39,45,28,55,13,62
4,55,35,10,31,32,46,52,24,5,17,57,43,39,0,47,23,41,33,62,60,50,20,45,18,26,1,28,14,37,16,40,54,42,30,3,2,7,34,9,27,8,38,25,19,13,36,22,56,29,59,6,51,15,48,61,12,44,49,58,11,63,53,21
23,56,40,2,63,33,46,15,11,42,4,47,34,8,16,5,9,29,49,13,18,30,0,12,32,38,48,7,25,27,52,37,10,39,60,58,19,50,22,41,36,45,21,57,1,61,28,54,59,6,44,55,17,53,51,20,35,26,31,43,14,24,62,3
18,46,43,40,35,12,37,23,58,61,25,15,53,20,55,21,14,3,4,6,41,56,31,42,44,30,32,54,59,7,19,26,5,24,33,45,27,39,17,22,1,0,57,47,9,63,29,16,62,38,52,2,50,11,28,51,36,34,49,60,13,48,10,8
56,62,61,46,54,23,4,26,18,39,22,41,14,16,7,40,29,38,32,11,17,30,55,19,9,58,44,25,2,20,60,15,36,59,49,52,48,53,57,27,12,42,37,43,47,33,1,6,8,13,0,51,50,10,31,28,35,3,63,24,21,5,45,34
26,52,54,19,59,44,2,5,8,37,57,49,50,0,30,20,32,1,15,51,27,53,18,47,33,42,4,7,25,9,23,36,39,21,13,62,10,40,38,31,28,17,58,29,55,43,24,61,60,35,11,22,48,46,34,12,63,56,3,45,16,14,6,41
1,12,27,34,63,20,51,28,17,35,36,32,30,6,11,49,2,38,24,19,16,50,8,10,37,55,4,56,7,42,47,58,57,45,5,48,25,46,13,33,3,43,31,29,18,0,9,14,60,59,62,15,22,21,44,26,52,39,61,53,41,54,23,40
26,55,34,0,61,58,28,4,14,47,2,42,29,63,12,6,24,20,40,13,38,10,32,36,59,45,8,53,48,1,18,3,54,30,37,60,35,17,9,15,23,41,46,49,44,19,62,5,52,57,31,39,11,7,56,16,51,33,27,50,25,21,43,22
42,17,36,6,48,53,60,40,28,27,51,14,34,56,5,50,21,63,39,26,54,3,52,4,46,8,55,43,41,31,59,25,10,35,2,24,18,30,37,22,45,57,16,58,15,11,47,9,62,38,20,0,12,61,23,1,29,44,49,7,32,33,13,19
31,62,28,32,10,15,20,13,52,11,14,43,39,53,18,49,63,25,50,42,2,17,36,22,33,26,30,8,55,57,21,40,12,41,60,51,23,38,58,34,19,44,3,7,48,6,45,24,35,27,61,4,46,5,54,59,16,56,37,1,0,9,29,47
35,10,8,23,15,59,25,45,0,4,50,24,5,30,58,39,51,1,26,44,41,16,46,36,7,13,54,63,62,49,42,11,32,55,60,20,19,61,34,56,18,21,53,27,48,14,37,28,57,12,2,33,52,9,17,38,29,31,6,40,43,3,47,22
53,3,8,2,29,45,4,63,23,35,33,19,50,32,24,25,18,59,0,28,52,26,30,13,1,41,55,5,60,10,54,57,44,42,14,31,36,37,61,9,6,21,12,43,15,22,62,27,7,46,58,17,40,48,16,11,56,39,34,51,20,38,47,49
23,7,35,20,27,55,39,9,58,16,50,41,2,46,47,51,52,60,14,21,8,59,30,28,48,63,53,0,36,44,5,10,56,6,26,32,40,11,38,13,61,54,22,29,4,57,12,1,17,37,19,24,25,18,15,42,62,33,34,31,45,49,43,3
5,29,42,50,56,33,41,57,60,61,32,26,62,30,49,28,63,18,37,1,19,22,20,21,25,35,6,53,12,43,27,52,14,48,7,15,45,13,40,58,36,44,47,16,0,46,9,2,51,11,59,24,38,3,54,31,4,55,23,10,17,34,39,8
2,31,35,48,22,51,32,33,19,57,23,50,29,52,7,9,45,11,47,6,34,39,38,37,55,28,61,13,63,1,14,59,41,25,40,43,12,53,49,62,8,60,27,36,15,26,58,17,44,21,16,20,30,46,10,54,5,4,24,42,56,0,18,3
53,38,4,47,33,14,31,20,15,42,1,50,62,2,45,8,41,59,57,46,7,49,37,39,44,21,32,29,17,24,56,11,10,30,28,48,52,13,26,43,60,0,18,58,9,36,22,16,3,27,19,5,35,25,55,12,34,54,61,6,51,40,63,23
8,18,17,14,16,26,63,57,29,31,39,40,36,50,60,34,21,53,11,41,30,9,4,35,5,58,45,3,59,28,10,0,7,42,25,46,15,2,27,61,52,49,55,37,48,1,13,12,38,23,22,6,33,20,56,43,44,51,32,54,47,62,24,19
26,62,14,34,27,61,47,9,13,15,44,31,29,5,60,41,24,59,10,25,30,18,12,6,19,53,46,11,17,40,57,21,23,43,32,50,39,58,37,16,36,28,35,3,1,22,51,33,52,42,7,48,54,56,45,20,55,38,0,63,8,4,2,49
51,25,40,50,18,13,2,0,14,63,49,37,35,30,10,29,1,27,11,45,60,16,47,54,46,24,56,34,15,48,9,21,57,38,19,59,32,26,53,8,12,20,41,44,33,17,4,43,5,31,28,22,3,61,52,39,42,58,6,7,23,62,55,36
19,50,31,3,53,8,17,5,35,13,51,7,38,40,23,1,48,37,15,62,63,59,54,45,57,11,58,4,14,44,0,52,32,26,60,27,2,12,24,29,21,16,18,9,42,56,22,43,46,6,39,47,33,28,10,41,61,36,25,34,49,55,30,20
0,59,23,50,18,44,13,40,9,42,25,33,3,29,20,5,61,39,53,10,54,60,43,16,58,31,47,6,28,36,51,49,15,63,30,41,12,56,38,4,55,19,2,8,35,7,17,46,34,11,22,62,52,21,32,45,48,26,57,37,1,24,14,27
3,16,49,51,4,61,37,17,43,27,1,25,53,10,55,9,13,15,36,14,7,6,2,41,8,47,31,0,12,44,24,21,62,34,19,63,52,26,40,38,32,45,23,57,50,29,35,5,28,33,30,56,22,18,11,20,48,58,60,39,42,54,59,46
23,48,22,34,10,13,51,14,6,59,61,30,47,60,1,15,55,5,38,57,31,52,26,45,62,46,21,19,0,2,53,63,11,36,29,7,42,4,18,56,16,27,40,20,28,43,12,32,41,37,39,49,50,25,58,9,17,3,35,33,54,44,24,8
22,17,27,34,42,30,40,7,63,35,4,44,53,56,38,32,62,8,55,58,36,21,59,10,50,33,2,9,25,1,46,41,3,49,23,24,37,15,18,11,43,39,54,13,20,61,0,29,28,52,26,6,31,60,48,5,57,45,51,16,12,14,19,47
8,45,0,21,24,15,46,25,44,58,26,57,1,7,12,19,22,54,48,59,51,5,43,52,27,20,41,2,36,40,6,35,39,61,31,42,53,11,49,23,10,17,38,60,28,63,4,32,16,34,62,50,3,18,56,9,13,47,55,30,33,14,37,29
37,40,9,61,34,12,56,63,35,24,43,38,57,41,54,42,52,58,16,14,21,23,46,55,29,36,18,44,13,10,48,6,26,25,1,30,32,11,51,49,20,53,59,47,62,60,50,33,28,4,8,31,45,17,27,0,2,7,3,5,19,22,15,39
9,34,38,14,17,32,0,21,44,22,57,1,28,5,63,8,6,45,26,29,58,50,52,36,51,40,42,30,35,27,7,62,61,23,43,53,3,10,18,2,31,49,33,47,4,55,37,46,56,48,15,12,25,19,59,20,54,41,13,16,24,39,11,60
48,5,32,52,12,54,30,41,37,31,23,19,40,28,53,57,4,39,61,42,14,21,17,47,36,27,33,46,22,51,16,59,44,20,34,35,18,3,25,11,62,6,43,29,56,55,60,15,26,58,1,63,24,7,38,49,0,2,50,45,13,10,9,8
31,7,45,3,9,24,0,56,26,42,46,50,27,34,8,30,1,10,25,33,61,51,13,12,59,4,44,20,11,28,2,19,39,21,63,14,55,58,40,22,62,37,48,41,57,38,32,5,35,23,49,15,36,6,54,52,53,60,17,43,47,18,16,29
26,52,16,28,22,61,4,29,41,15,24,20,49,35,33,53,7,48,39,51,3,12,25,27,46,58,6,60,2,32,62,8,18,31,45,59,23,17,38,42,13,57,34,0,50,10,1,11,43,14,21,55,30,5,47,54,56,36,9,63,40,19,37,44
56,51,22,61,20,4,0,29,43,32,18,58,46,19,17,35,62,8,24,52,38,48,6,15,41,11,60,50,28,36,9,1,14,33,25,55,26,21,54,3,42,5,7,59,37,13,44,53,27,39,16,63,57,31,2,34,49,40,47,30,23,10,45,12
39,53,3,21,62,17,38,5,9,47,4,30,46,34,49,58,33,24,50,15,52,22,35,42,57,12,7,31,41,6,27,18,48,63,55,11,45,8,25,13,60,14,54,36,56,23,10,1,2,37,40,0,61,26,51,32,59,28,19,29,16,43,20,44
48,47,57,10,52,61,15,12,13,7,3,5,11,39,54,55,56,58,43,21,2,63,25,41,16,18,62,29,36,19,60,51,27,38,22,42,50,23,8,17,37,26,31,30,35,46,33,9,34,0,14,59,53,6,49,1,24,28,44,20,32,4,45,40
47,19,53,21,6,4,54,27,43,48,42,20,37,14,3,15,10,1,28,60,25,41,32,45,24,31,30,5,40,7,39,18,38,9,55,8,29,50,35,56,23,11,16,62,49,34,59,61,22,17,58,51,13,57,12,36,0,33,2,26,52,46,63,44
10,31,22,43,35,4,5,38,34,49,52,3,60,42,59,15,7,13,62,30,32,47,53,44,46,26,9,6,54,28,27,41,18,11,63,45,1,50,56,20,19,2,48,37,14,61,58,12,40,25,33,55,39,16,0,24,23,21,8,17,36,29,51,57
62,13,58,3,32,61,18,8,17,7,10,50,20,19,6,2,22,24,48,63,37,45,9,21,43,23,47,15,46,35,0,53,54,49,56,12,55,44,27,39,14,30,34,42,59,52,41,31,26,11,5,60,25,33,29,1,4,28,16,38,57,40,36,51
48,57,35,18,62,63,40,19,45,36,28,13,9,58,49,60,20,39,42,47,2,34,14,29,22,26,52,59,56,31,10,38,53,25,50,44,12,27,15,6,30,7,33,23,4,46,0,16,24,51,11,41,61,1,5,55,3,17,54,8,21,37,43,32
23,30,54,43,13,59,26,39,3,31,20,27,34,33,51,36,9,28,44,29,52,21,7,25,46,57,5,0,61,15,32,14,1,58,55,4,37,22,47,60,8,40,53,10,63,35,19,48,56,11,41,6,49,12,62,45,38,50,2,16,24,18,42,17
1,11,25,20,62,54,28,36,32,57,31,19,22,38,63,59,35,50,61,17,60,47,58,7,44,24,48,41,52,56,55,46,45,4,21,26,8,49,16,12,51,40,30,18,0,43,2,33,23,9,15,14,34,39,3,42,53,6,29,27,10,13,37,5
5,44,41,14,51,35,20,17,59,46,10,25,6,27,19,7,23,40,11,43,36,24,26,31,47,32,63,15,60,30,29,48,28,21,22,13,18,50,1,39,58,33,12,49,8,2,56,0,53,45,55,16,9,42,3,62,61,38,37,57,52,4,34,54
26,7,30,16,52,4,17,18,29,11,35,54,56,3,37,23,42,15,44,10,43,46,20,49,41,59,8,14,25,51,6,9,61,39,2,58,63,32,0,55,12,1,21,48,19,62,40,36,50,57,24,31,5,38,34,47,13,22,27,28,60,33,53,45
18,60,59,41,13,63,29,40,22,16,61,25,2,32,39,14,48,11,50,12,15,38,37,35,21,52,62,26,7,3,20,10,31,42,49,36,54,46,34,33,57,17,24,5,8,43,47,45,28,44,56,23,6,1,9,53,55,58,27,19,30,4,0,51
5,53,18,41,26,50,23,22,52,47,37,19,32,57,24,63,13,6,59,55,39,29,28,10,48,14,2,40,42,34,25,51,35,16,9,60,0,58,56,49,8,15,30,38,31,46,62,61,1,27,33,21,11,20,3,4,12,45,17,44,7,36,43,54
60,5,22,14,39,21,13,35,25,15,51,34,56,1,3,0,24,52,62,6,44,58,41,31,37,11,49,40,27,45,50,10,38,19,8,57,28,63,29,42,32,46,30,17,9,55,23,2,59,33,16,12,43,47,7,4,26,53,20,18,61,48,54,36
8,7,19,1,49,55,23,12,61,48,58,10,54,14,9,42,60,15,16,45,25,30,3,50,18,27,28,38,52,57,59,51,4,32,24,56,6,34,29,53,22,2,36,41,17,5,44,39,35,11,46,0,63,21,31,47,40,26,33,62,37,43,13,20
61,0,54,13,19,43,7,62,6,23,1,26,29,18,48,16,3,17,53,58,46,9,44,60,12,55,11,51,39,14,49,10,24,42,57,8,15,33,27,22,30,37,59,40,56,50,35,38,28,25,63,47,52,4,5,36,2,20,45,32,41,21,34,31
53,30,32,60,33,15,17,20,8,56,38,52,22,10,3,50,36,46,6,34,9,29,63,26,35,54,27,0,13,4,57,5,2,12,19,14,1,18,48,7,25,58,40,61,31,41,47,51,39,23,44,55,16,42,49,59,28,37,11,43,24,62,21,45
9,54,21,47,52,13,30,60,35,43,59,26,0,16,3,48,14,37,5,40,12,51,36,1,42,46,39,28,20,53,18,58,29,8,31,11,7,55,25,33,27,45,10,61,19,34,50,23,22,2,56,24,62,17,6,32,44,49,38,41,15,57,63,4
45,62,17,10,27,43,60,48,47,14,13,8,0,63,40,21,33,36,41,6,12,19,49,7,34,58,46,25,20,57,23,32,22,24,2,59,54,31,11,42,35,28,30,56,18,15,29,9,5,50,61,4,55,26,39,16,38,53,37,44,52,1,3,51
9,40,56,1,61,28,46,33,8,32,57,17,31,5,3,20,53,37,29,49,38,4,2,27,43,24,42,59,18,13,0,36,52,30,34,25,16,15,23,7,63,35,39,10,51,60,22,58,47,12,50,54,62,19,55,21,41,26,48,44,45,6,14,11
32,0,47,17,41,61,59,37,5,25,11,53,3,27,55,44,30,40,28,2,57,52,4,33,56,39,54,9,38,46,49,50,6,10,60,51,14,62,13,8,16,35,23,63,43,48,42,36,31,22,15,19,21,45,58,34,24,26,18,20,29,1,12,7
45,58,14,18,24,36,0,40,38,46,35,39,12,10,17,16,63,55,5,11,21,31,41,13,57,6,15,26,25,61,23,54,7,62,29,19,28,52,60,49,2,27,22,44,51,20,56,43,59,33,30,37,34,9,53,42,4,8,3,1,32,47,48,50
30,38,42,62,18,5,23,61,47,53,40,31,28,7,8,11,56,35,59,50,17,32,0,6,22,3,48,25,51,14,20,39,9,57,37,21,24,13,52,63,43,15,27,4,36,58,44,33,16,10,2,55,54,19,34,41,29,45,49,46,12,1,60,26
63,32,45,22,6,41,10,54,44,25,11,3,37,2,46,14,15,42,43,34,8,7,39,31,28,36,19,51,47,17,30,21,61,62,5,49,59,40,4,56,50,55,23,35,12,9,33,48,27,20,58,16,38,52,57,26,0,1,18,60,53,29,24,13
2,47,43,25,11,10,62,56,31,13,46,59,57,12,40,7,54,24,51,19,61,53,22,30,23,1,8,29,55,17,3,42,21,41,28,27,18,20,15,32,60,26,33,44,16,34,39,58,48,38,49,36,63,14,6,5,4,35,45,9,50,52,37,0
27,30,19,8,4,3,23,18,63,45,42,21,50,55,2,52,12,32,16,61,24,14,10,58,39,20,26,56,13,5,40,15,38,48,6,35,62,47,41,9,0,22,57,34,46,28,60,37,54,33,43,44,7,25,51,31,29,1,36,59,11,53,49,17
37,44,22,42,6,38,51,12,23,21,32,33,50,30,25,57,11,56,10,55,7,24,4,52,62,40,16,48,61,28,5,47,60,39,41,2,43,14,34,53,58,3,27,0,54,8,49,29,46,31,17,36,13,18,20,59,9,1,45,26,35,63,15,19
26,45,3,33,58,43,9,59,48,17,57,5,42,41,47,21,16,39,13,34,46,54,11,10,55,61,12,4,24,29,38,37,8,22,50,63,60,2,31,51,40,30,35,28,53,15,25,23,7,1,52,56,27,44,49,0,18,6,19,36,62,32,20,14
18,20,34,42,60,38,43,0,4,36,33,57,2,56,25,24,9,29,37,10,21,41,27,22,13,1,51,12,28,53,62,35,19,49,5,32,52,55,6,40,54,7,58,8,61,47,11,26,39,63,23,30,14,45,3,48,59,44,46,15,31,50,16,17
35,60,15,16,44,19,53,17,56,48,5,55,4,26,57,40,27,47,59,34,29,61,52,39,24,11,6,30,45,42,32,20,1,54,36,0,37,10,31,63,3,14,18,51,2,21,38,25,23,43,58,62,33,22,7,28,12,9,49,13,41,8,50,46
29,62,33,14,44,41,54,56,31,52,2,13,23,39,30,16,50,26,60,22,46,51,0,20,28,11,63,38,32,4,45,17,6,55,25,21,48,12,34,3,57,53,27,18,5,59,24,36,37,58,47,19,43,8,40,15,9,1,10,49,7,42,61,35
9,3,0,6,26,63,39,1,56,36,37,58,2,4,30,54,32,13,14,44,38,34,43,57,21,24,10,55,7,11,19,29,18,52,5,62,59,61,25,53,33,15,12,48,49,46,60,40,45,47,17,16,50,23,51,22,42,35,41,28,20,8,27,31
30,47,13,1,20,5,25,0,26,7,63,24,29,56,42,44,40,34,41,4,2,57,31,18,37,33,62,12,39,15,45,49,19,38,14,10,8,17,6,52,53,11,23,60,46,59,54,32,51,50,16,58,55,21,35,3,22,61,43,36,28,27,9,48
60,37,49,13,53,5,57,47,30,10,61,35,3,23,39,45,9,62,56,26,63,15,6,19,1,25,36,44,55,2,14,0,32,34,22,33,29,11,43,18,27,28,8,42,31,50,12,4,24,48,51,54,52,58,21,40,38,16,7,41,20,17,46,59
29,44,40,28,18,6,34,47,3,49,0,15,19,41,39,50,13,14,57,4,1,62,20,58,11,21,53,43,9,52,22,37,55,31,12,7,26,48,54,27,42,2,61,33,23,17,25,5,35,24,60,63,56,30,51,38,16,45,36,32,10,46,8,59
14,52,45,53,25,58,48,56,12,46,63,21,19,31,38,23,30,62,18,47,60,20,57,28,33,34,11,44,55,32,29,54,7,59,27,17,16,50,0,42,24,36,61,43,37,3,40,10,1,5,15,8,49,13,41,51,39,35,26,22,2,4,6,9
49,55,25,42,20,52,51,19,57,28,38,2,37,43,41,46,27,8,26,30,39,22,11,34,62,24,53,12,15,32,23,13,9,61,56,33,3,54,44,10,35,58,63,14,45,60,17,50,7,4,21,48,29,31,1,59,18,36,16,6,5,40,0,47
55,24,47,19,54,61,59,56,35,38,7,50,51,26,34,33,32,58,17,5,16,6,52,4,21,37,8,23,27,48,43,14,18,12,41,36,31,39,53,46,44,42,49,15,30,29,2,0,1,25,9,13,3,11,20,40,10,62,28,63,45,60,57,22
29,55,27,33,0,59,11,5,54,12,32,30,3,31,14,18,21,57,56,4,61,35,60,53,39,51,20,58,47,41,22,63,6,1,15,25,42,10,37,40,13,9,44,17,50,46,43,28,48,62,19,8,2,52,24,45,49,36,38,23,16,26,34,7
3,42,5,32,55,51,12,1,9,4,33,19,60,16,25,24,56,35,27,54,22,20,52,15,37,6,38,23,40,13,31,21,14,62,29,10,59,26,30,36,53,46,41,61,57,43,8,50,17,44,34,18,0,2,47,63,48,39,49,28,58,45,7,11
59,60,51,63,37,9,30,0,16,4,19,2,10,17,15,20,14,22,3,44,55,42,46,45,23,32,27,54,43,7,33,61,28,57,13,12,58,18,11,36,48,29,39,21,40,47,5,52,26,6,49,34,24,56,62,1,31,8,38,41,53,25,35,50
24,36,52,27,53,23,61,50,15,56,10,32,6,34,21,17,0,9,30,2,38,47,33,11,54,3,5,51,7,49,20,45,44,28,58,55,57,12,37,8,16,22,18,40,35,46,4,63,60,48,41,43,25,39,19,1,29,26,14,62,13,59,42,31
54,16,21,33,40,42,32,37,18,44,24,6,61,4,10,46,57,50,28,25,39,2,20,43,9,59,35,5,14,38,36,19,8,62,53,17,12,58,56,63,48,41,31,3,30,34,0,23,55,7,11,49,1,13,26,27,51,45,47,29,22,60,15,52
17,36,56,49,54,52,60,10,8,47,39,55,40,45,63,42,31,2,62,7,15,24,38,5,41,9,21,6,0,14,13,34,48,44,20,61,43,26,1,27,19,18,25,4,58,57,30,51,11,59,33,12,46,37,28,35,53,16,50,32,3,22,23,29
20,60,56,22,53,59,63,30,51,55,31,17,8,25,0,34,29,43,36,26,4,10,24,48,35,3,21,16,12,42,6,38,49,41,14,40,46,1,27,18,11,19,54,5,47,61,57,44,62,52,58,23,2,13,28,33,7,9,50,39,32,15,45,37
31,59,44,47,28,5,30,36,42,57,33,51,12,21,60,43,48,14,62,23,56,37,17,3,38,63,54,1,39,22,61,32,41,46,15,45,19,13,29,27,35,10,20,50,8,52,9,26,34,16,0,18,58,11,53,7,55,2,49,25,24,4,6,40
40,56,49,54,47,35,30,48,36,31,46,27,19,7,20,11,22,21,41,14,24,8,5,32,29,26,60,42,50,33,53,62,4,39,44,61,59,45,16,38,1,13,58,25,0,51,18,43,63,52,23,15,12,17,55,57,10,34,2,3,6,28,37,9
3,0,21,24,9,17,56,19,7,27,4,25,44,58,62,11,34,48,35,5,16,36,2,6,15,54,26,29,12,32,8,38,31,42,53,23,52,40,49,13,33,60,43,30,39,46,18,51,10,63,59,28,47,1,22,50,45,61,41,14,37,57,20,55
24,51,62,34,16,15,8,5,30,18,49,13,56,27,0,54,52,57,11,40,44,2,12,36,48,25,26,43,23,33,39,53,10,41,32,19,7,6,20,38,14,58,46,59,4,28,63,47,31,45,22,3,9,17,35,61,60,1,55,21,29,50,37,42
7,61,38,2,44,16,35,11,45,9,23,1,26,50,42,33,28,37,12,56,59,29,13,53,40,18,39,34,8,46,5,15,3,32,27,19,30,20,25,22,55,21,17,63,4,57,14,60,6,52,10,48,58,36,43,47,41,62,24,51,0,49,54,31
24,63,8,30,7,3,51,12,35,6,29,11,13,56,15,45,47,36,22,58,1,0,41,17,54,18,62,55,50,23,33,21,14,38,20,43,61,42,2,34,4,16,40,39,9,48,32,60,59,25,46,53,52,10,44,19,5,31,27,37,49,26,28,57
40,13,51,50,31,22,21,19,49,52,30,26,45,38,46,62,48,14,7,4,54,32,17,2,28,44,33,61,60,56,47,57,1,37,5,29,27,58,35,10,16,63,55,11,18,36,6,34,12,41,15,39,20,23,3,9,59,24,8,0,25,42,43,53
47,32,2,49,8,35,18,58,41,0,7,21,3,39,63,56,25,33,5,1,22,6,27,30,4,26,37,9,52,15,23,12,42,13,59,31,44,43,38,40,11,28,46,62,45,53,17,14,57,54,29,51,24,20,16,50,19,60,36,10,61,34,48,55
18,31,59,14,63,28,40,24,57,16,56,5,53,42,11,20,39,44,0,15,6,36,23,50,41,8,62,7,12,29,4,54,37,9,1,19,52,25,10,35,3,17,46,60,38,51,47,58,32,45,21,26,2,33,27,34,48,30,55,22,13,49,43,61
26,29,7,6,27,57,60,38,18,13,46,56,23,55,33,62,49,35,59,14,44,52,63,36,10,47,5,24,34,22,37,53,39,48,21,30,32,1,12,19,3,4,61,11,51,2,28,20,25,17,58,45,9,41,42,43,15,40,0,16,54,8,50,31
55,20,30,41,42,48,47,54,1,37,29,21,26,27,49,17,51,60,50,7,6,25,36,5,56,40,16,19,52,31,38,59,13,8,46,3,35,43,22,33,28,11,34,57,24,39,63,23,58,45,53,9,15,2,18,62,44,32,12,4,10,14,0,61
29,35,21,32,6,60,5,48,16,14,59,43,38,8,36,62,11,34,51,47,46,41,50,17,30,40,0,45,31,13,57,63,44,28,18,54,49,42,55,25,56,4,12,9,58,52,10,22,39,1,20,19,7,23,24,27,61,2,33,3,53,15,37,26
43,36,48,22,51,61,58,15,63,18,19,49,5,26,7,24,12,35,55,23,40,6,21,32,41,38,47,11,10,45,50,30,9,44,42,17,34,1,16,31,29,52,57,62,0,56,53,20,25,14,27,13,2,54,37,60,46,39,28,3,59,4,33,8
14,58,50,6,24,35,9,57,18,62,19,42,16,49,5,20,15,55,40,43,22,12,51,30,38,27,33,7,52,8,0,61,10,45,31,32,63,46,59,25,44,1,39,36,17,11,26,47,53,4,34,37,56,23,60,3,41,54,21,28,29,2,48,13
15,33,39,32,47,51,49,37,10,22,55,25,23,7,43,30,57,34,42,53,19,26,17,41,18,31,46,45,48,14,16,21,27,63,59,61,5,8,54,2,24,56,11,35,13,44,36,3,29,38,9,62,12,40,6,52,1,0,60,50,28,58,20,4
7,56,47,43,34,20,12,24,58,50,23,52,55,19,40,10,54,31,17,38,5,49,11,1,32,44,48,13,36,51,42,22,6,18,59,26,39,25,35,14,3,8,33,28,15,9,0,41,63,4,21,46,27,57,29,60,37,30,16,45,2,62,53,61
14,25,58,1,34,3,5,51,6,11,2,15,61,8,52,41,42,46,31,20,35,17,16,29,12,0,32,4,43,18,39,59,50,54,7,60,28,62,47,53,19,38,37,63,48,13,33,44,45,30,40,23,9,21,27,10,55,22,36,24,49,26,57,56
56,42,21,50,20,25,57,22,31,52,14,37,61,47,62,30,12,11,49,17,10,9,35,8,44,33,55,2,63,48,34,53,46,24,58,19,23,36,45,38,15,29,13,51,40,5,32,7,60,1,3,27,39,26,28,0,54,59,6,43,16,4,18,41
26,15,0,49,21,28,35,40,34,8,6,25,20,41,60,32,16,24,44,38,1,58,46,53,7,5,2,4,48,22,51,59,39,54,29,19,18,50,30,10,12,61,52,43,31,9,23,36,47,11,3,17,27,56,37,14,45,42,63,55,13,62,57,33
36,58,52,40,42,39,3,46,59,2,35,61,15,11,26,28,5,62,53,43,31,37,19,29,25,56,30,21,48,41,60,1,54,8,63,20,7,13,33,34,44,17,18,49,50,4,45,10,51,24,27,16,22,14,57,38,32,47,12,0,9,55,6,23
29,17,56,14,25,2,3,10,49,53,59,55,62,19,28,43,15,41,60,30,35,7,4,31,47,45,21,13,5,52,39,11,24,51,16,36,22,26,44,42,50,6,63,34,58,9,61,20,27,37,48,1,38,46,57,33,32,8,54,0,40,12,23,18
4,7,8,49,45,37,61,36,27,53,56,63,15,17,2,55,50,0,46,43,30,23,62,28,32,9,25,24,44,29,3,57,47,21,60,20,59,31,35,22,40,51,52,42,12,58,48,14,19,16,10,38,26,13,6,54,5,1,33,18,39,34,11,41
33,59,6,13,7,53,16,4,54,30,0,51,29,26,50,17,39,11,10,21,62,25,52,28,46,9,2,20,44,57,35,24,27,40,36,45,31,5,8,38,42,55,61,41,56,60,19,32,15,63,23,22,12,48,58,1,43,37,3,14,49,34,18,47
15,53,14,55,52,36,42,34,54,39,4,59,2,12,51,45,32,11,20,18,21,7,46,57,9,31,26,58,44,22,35,63,19,16,28,48,62,8,50,6,40,1,24,38,60,47,3,61,0,27,43,56,23,37,17,10,25,41,49,29,5,30,33,13
39,31,33,35,49,59,62,23,57,25,28,10,43,34,52,44,40,26,32,14,21,19,61,13,20,41,11,7,55,51,36,45,0,42,56,47,9,48,17,6,60,16,2,12,15,54,5,8,18,27,53,22,24,37,63,38,1,29,58,46,30,3,50,4
19,20,13,38,49,9,37,26,31,43,58,3,53,17,54,41,34,25,30,0,1,5,56,27,50,2,22,63,51,32,28,48,61,36,33,62,35,10,6,45,8,47,52,46,44,12,7,57,40,14,42,15,59,39,21,60,18,16,29,55,23,24,4,11
1,28,2,12,24,61,34,57,41,38,18,4,58,36,32,43,40,49,26,21,3,30,55,11,44,17,46,6,7,13,53,23,42,27,5,22,37,31,56,25,52,10,63,14,19,51,54,60,62,50,20,39,0,48,35,9,45,15,47,29,33,16,8,59
32,17,10,0,21,49,40,41,47,28,58,51,34,26,23,36,3,55,20,63,59,9,27,8,33,7,54,29,50,30,43,39,44,52,35,16,18,19,48,14,13,4,46,45,2,60,15,62,6,53,22,37,12,38,42,11,56,1,5,57,25,61,31,24
16,30,53,26,11,45,43,55,34,17,59,61,19,29,3,39,18,22,7,13,50,1,33,28,10,54,60,21,27,5,6,24,9,25,40,57,38,42,12,36,0,51,4,23,41,35,52,44,14,47,37,31,15,58,63,2,8,46,48,32,20,56,62,49
5,29,23,17,15,35,24,60,3,13,28,46,38,27,4,51,45,18,19,52,49,40,56,21,44,57,31,6,55,11,25,43,2,62,47,12,33,22,50,39,63,0,42,61,26,32,54,34,48,37,10,53,20,16,41,58,30,9,14,36,59,8,1,7
40,12,61,6,22,42,30,2,17,28,20,46,11,37,16,19,56,21,34,18,8,4,54,50,48,51,24,29,23,14,0,45,10,1,47,36,60,5,57,59,39,55,58,32,52,53,13,26,38,33,41,7,35,62,63,3,25,49,43,9,15,44,31,27
47,6,41,51,31,62,52,27,46,35,14,0,42,8,53,23,40,28,59,12,58,5,2,22,10,55,7,29,24,50,60,39,61,11,45,17,4,19,21,63,37,32,16,38,15,25,49,26,48,34,44,54,36,18,30,33,57,43,56,20,3,1,9,13
31,21,30,51,48,44,2,45,5,56,29,14,39,47,38,46,32,16,27,22,58,26,12,63,60,49,50,9,23,19,35,1,6,20,4,24,52,25,15,42,40,13,57,28,59,11,37,0,54,18,41,61,17,34,43,3,55,33,7,62,36,8,53,10
50,13,55,32,8,22,45,1,47,30,53,14,17,2,56,28,58,20,3,60,40,7,31,26,57,34,19,37,15,6,54,29,27,49,5,9,23,62,33,38,51,44,41,35,52,48,59,18,43,24,39,36,12,46,4,42,63,10,16,0,61,25,21,11
39,28,55,8,37,23,50,9,25,19,7,46,59,49,3,57,60,42,33,53,17,22,24,26,40,44,21,35,56,2,12,51,62,45,6,30,41,31,16,47,10,1,20,27,43,54,15,14,5,11,32,38,52,63,29,4,61,13,0,18,58,36,48,34
44,11,54,59,48,52,17,6,18,19,58,7,43,51,49,16,57,42,24,4,53,26,25,5,21,2,41,60,34,23,30,37,47,1,0,61,63,55,22,29,38,28,9,33,8,14,40,36,56,15,62,32,39,3,12,20,13,10,50,35,31,46,27,45
30,46,47,52,63,17,11,26,51,1,44,18,55,59,29,35,3,28,40,33,8,4,38,27,58,21,23,61,56,37,13,14,34,62,45,57,7,36,25,0,22,53,50,42,5,24,19,41,2,60,10,54,43,32,16,20,48,12,39,9,31,6,15,49
1,23,55,18,58,51,63,32,8,19,40,52,31,59,2,12,50,21,25,9,6,34,22,16,33,13,62,47,14,36,35,10,56,42,38,0,3,48,37,29,41,49,53,5,17,57,46,11,45,44,43,39,27,54,61,30,7,20,4,28,24,15,26,60
44,20,22,46,47,16,8,25,7,40,48,36,57,33,3,24,17,27,4,13,38,35,55,30,9,21,34,26,60,45,63,15,29,18,49,12,42,53,61,56,52,54,51,50,62,5,39,10,2,59,32,0,31,11,37,58,6,28,14,41,19,23,43,1
54,29,17,49,2,26,4,37,15,25,55,45,51,40,27,32,46,14,39,24,44,13,9,5,3,53,47,59,34,30,12,28,57,10,42,11,60,23,52,31,1,61,48,36,19,50,16,38,8,62,56,41,35,43,63,6,7,22,20,0,18,21,33,58
32,2,50,31,11,47,38,54,52,23,37,51,8,18,26,48,44,4,0,35,62,60,36,6,45,24,1,61,33,57,20,19,13,59,53,39,10,22,49,41,5,55,14,25,28,42,27,40,12,16,21,58,7,43,9,3,56,17,15,29,30,46,63,34
28,24,27,41,49,30,21,12,57,0,1,34,15,51,8,58,13,50,5,17,56,10,53,44,20,14,7,62,54,37,33,61,59,47,11,23,48,40,2,52,36,16,42,9,3,26,60,29,46,32,22,25,38,63,39,45,18,31,4,43,55,35,19,6
56,22,52,14,18,35,59,47,31,19,36,55,3,1,58,42,39,41,8,54,26,51,20,6,62,27,11,2,53,10,48,24,33,9,45,50,12,17,7,16,61,4,38,44,40,23,15,37,43,0,28,63,46,57,5,30,25,29,32,21,49,60,13,34
22,63,59,37,8,28,3,1,25,57,39,4,27,6,51,17,36,47,19,16,35,31,15,42,58,45,14,7,24,12,46,43,55,54,50,0,29,26,34,30,53,62,61,33,21,40,38,2,49,10,32,5,60,23,13,52,18,9,48,41,44,56,20,11
39,1,41,20,50,11,10,22,5,2,48,0,61,45,3,60,16,55,30,28,47,58,4,35,24,36,9,49,18,15,31,57,13,52,14,7,40,63,42,26,46,19,38,29,34,25,21,59,51,56,54,23,53,6,12,8,44,37,32,33,17,62,27,43
29,5,20,32,63,33,27,14,15,35,4,49,23,57,6,42,37,16,60,41,28,55,31,62,40,56,21,46,11,10,8,53,45,3,54,38,26,39,2,51,34,19,12,17,52,25,36,0,7,58,48,13,44,1,50,22,59,43,24,61,18,9,30,47
50,54,23,56,1,30,44,10,37,25,58,40,46,0,28,47,14,4,34,17,29,31,27,22,9,63,41,57,24,19,35,52,11,43,7,59,32,38,6,2,49,36,8,39,18,3,21,16,55,15,53,5,51,13,48,60,26,62,33,45,42,12,20,61
14,13,25,50,11,32,5,49,10,59,45,1,43,37,52,41,7,6,23,31,21,60,18,51,29,19,56,38,34,15,47,16,63,42,20,27,55,54,40,8,39,0,33,2,17,61,44,24,26,46,3,12,58,62,28,57,48,35,22,36,53,4,30,9
54,63,3,4,27,23,53,5,19,9,14,59,8,55,47,2,20,22,1,58,48,35,7,15,45,26,61,39,11,34,38,37,46,24,33,25,10,17,41,29,13,28,30,42,32,56,0,21,36,43,16,62,44,40,12,18,51,57,6,52,49,60,31,50
17,37,30,42,56,14,51,9,39,28,49,7,34,40,60,21,33,26,15,46,6,31,12,54,19,63,0,29,38,59,61,44,48,3,24,20,4,13,27,45,1,10,52,41,55,50,25,36,58,47,22,23,32,5,43,2,35,57,16,18,62,11,8,53
6,29,35,0,37,54,33,38,7,16,43,15,40,1,18,26,32,55,3,10,25,41,19,52,9,34,8,59,2,61,49,57,27,46,47,20,51,5,21,62,63,30,45,36,48,58,44,24,13,28,42,12,50,53,17,60,23,39,11,4,14,31,56,22
58,27,45,18,63,26,33,57,2,25,16,56,39,53,47,4,20,60,13,32,1,23,49,37,34,54,30,59,15,36,55,62,52,5,14,21,3,11,35,42,38,24,29,0,46,43,31,10,22,7,9,48,28,50,8,17,61,40,51,19,41,6,44,12
16,55,20,41,3,13,42,48,57,59,17,7,1,10,27,51,63,21,43,40,53,8,26,45,23,5,2,0,46,60,24,6,35,62,29,49,11,44,31,37,32,22,9,19,56,47,38,12,36,34,54,58,4,28,15,39,33,30,61,25,18,52,14,50
39,58,21,1,27,22,61,34,41,26,11,0,36,52,46,20,60,18,8,19,14,24,5,4,35,62,55,16,37,38,45,59,9,2,40,7,51,63,47,43,48,15,42,12,54,17,49,10,28,53,33,25,30,23,44,6,13,50,32,31,56,29,3,57
2,12,23,32,3,29,34,0,19,49,56,43,41,47,40,31,14,48,50,15,62,37,16,42,7,17,61,58,45,54,22,25,52,5,53,57,8,27,28,1,63,13,18,33,46,30,20,6,26,24,10,11,39,51,38,35,55,4,21,44,36,9,59,60
15,2,3,43,28,62,51,34,57,63,29,45,52,0,39,35,32,1,44,19,36,13,48,14,5,50,23,26,31,56,8,9,18,30,59,6,16,22,38,17,55,20,47,49,58,4,27,37,60,33,42,53,54,40,41,7,11,25,24,12,46,21,10,61
36,51,22,5,11,12,52,49,44,23,28,29,7,21,30,57,41,3,14,20,55,58,54,9,63,1,16,60,61,15,2,4,17,46,24,62,31,59,8,56,42,45,47,10,18,34,50,25,33,32,6,53,19,13,43,27,26,40,0,38,37,39,35,48
22,41,54,36,21,62,27,4,12,14,25,20,34,29,24,63,9,26,13,10,8,3,51,43,52,50,11,42,33,7,39,48,5,46,23,17,56,15,59,31,6,60,49,2,38,19,45,32,53,55,44,30,35,18,40,61,37,0,57,16,28,1,58,47
34,17,12,26,44,1,13,35,15,57,7,53,8,56,59,38,46,36,16,49,50,0,19,21,42,18,45,33,63,9,23,28,11,2,54,32,20,4,52,43,58,22,14,27,5,62,61,25,10,3,48,55,29,47,30,60,39,51,31,37,24,6,41,40
34,13,22,10,12,29,16,61,26,49,7,52,40,25,37,50,3,18,42,46,36,44,32,2,14,23,55,51,62,9,20,28,15,31,6,1,54,0,57,58,41,38,33,56,27,48,8,43,11,35,19,60,4,47,45,30,5,21,63,17,39,53,59,24
28,46,50,42,23,24,55,51,40,49,56,19,52,21,22,14,16,9,12,13,20,58,34,26,60,43,39,38,4,29,6,44,59,8,10,11,63,30,1,57,41,0,62,33,61,18,31,45,17,32,48,35,2,36,53,47,37,25,7,5,54,3,27,15
63,7,33,22,40,44,23,25,12,17,32,0,4,50,14,24,10,19,28,2,54,51,1,43,57,53,15,31,59,56,62,37,8,11,46,42,18,38,34,6,39,45,55,35,61,26,9,5,20,3,29,36,30,49,47,27,41,60,13,58,21,52,48,16
36,56,60,14,30,40,33,28,62,24,31,37,58,2,54,59,32,10,12,29,11,15,41,34,46,6,23,44,19,38,48,53,16,21,47,3,20,39,63,7,9,42,49,45,13,27,61,51,55,52,25,50,22,1,18,0,17,4,26,57,8,43,5,35
62,26,28,42,16,14,30,54,27,11,61,49,38,12,47,13,36,6,50,37,7,33,40,25,9,8,17,60,53,23,51,18,35,1,24,59,34,63,41,0,46,19,3,15,44,29,55,5,22,43,21,48,31,20,56,4,39,57,58,45,52,32,2,10
32,52,49,25,54,4,36,16,0,30,17,35,43,26,15,38,7,59,9,46,55,23,51,28,2,29,53,39,33,14,19,34,20,45,24,18,12,10,62,56,31,1,37,60,3,57,61,48,42,50,47,44,21,27,8,58,6,63,22,5,13,41,40,11
43,56,22,35,5,9,12,48,40,51,42,53,4,55,20,11,41,26,28,3,29,58,36,23,47,2,16,59,15,17,33,13,27,19,44,1,32,7,8,60,63,54,37,50,0,6,25,24,14,34,45,52,21,62,38,31,39,30,49,46,57,10,18,61
1,44,6,52,63,37,16,14,25,49,60,59,53,22,3,18,55,40,34,51,24,56,28,23,10,50,42,45,7,26,4,57,27,33,12,43,9,2,15,29,61,5,35,11,30,38,39,8,54,31,17,21,36,47,41,62,19,20,46,32,48,13,58,0
18,10,34,45,55,44,6,30,46,36,54,29,28,38,20,7,19,4,8,25,16,63,39,53,40,11,62,61,59,48,47,57,22,2,58,14,21,41,56,35,9,31,12,37,1,60,27,15,5,17,50,26,33,3,0,32,24,23,13,42,49,52,51,43
40,14,43,33,4,54,45,7,1,55,3,18,61,32,25,31,28,16,53,22,21,42,36,52,24,27,57,11,23,2,35,62,41,17,63,60,39,15,0,26,6,46,13,51,34,37,10,9,12,29,44,58,56,49,38,5,47,19,59,30,20,50,8,48
3,59,57,34,48,46,17,58,45,32,22,4,12,11,41,35,31,27,50,47,33,6,15,23,21,9,19,60,8,14,26,38,52,16,51,1,18,30,40,42,62,5,56,0,53,44,43,49,24,37,7,13,20,25,2,28,29,36,54,39,10,61,55,63
6,49,55,58,62,22,2,10,18,26,50,40,1,39,45,14,15,5,41,54,59,16,0,43,28,11,4,23,32,25,53,63,48,12,36,31,3,34,42,61,35,51,9,37,19,8,7,47,56,20,24,21,57,46,29,38,30,60,17,44,27,13,33,52
5,34,29,36,60,12,57,35,26,21,22,52,25,14,15,58,18,10,16,17,6,30,63,48,55,43,24,20,9,4,31,38,13,53,54,44,8,2,1,37,42,61,19,7,3,51,0,27,50,49,32,47,59,41,23,45,40,62,28,11,39,56,46,33
28,32,41,20,55,23,17,6,5,38,33,21,30,11,13,39,25,19,9,40,29,49,14,35,52,10,26,42,27,46,50,43,31,7,62,60,47,24,34,53,0,36,56,54,51,57,45,3,8,63,4,18,37,44,15,61,1,48,59,16,22,58,2,12
2,5,9,6,21,13,45,0,10,11,58,3,22,16,18,25,14,41,30,12,29,50,53,47,46,56,24,1,32,8,36,34,63,42,27,4,17,62,49,26,19,52,20,28,31,51,33,39,61,54,57,15,60,44,38,7,35,23,43,40,48,37,55,59
32,51,16,13,3,63,46,31,5,36,61,27,17,53,38,44,21,29,25,40,23,14,39,54,62,37,10,28,2,6,59,48,43,52,19,18,45,35,57,15,34,55,8,24,11,0,1,42,30,47,50,26,60,12,56,58,4,9,33,22,41,20,49,7
11,12,39,63,24,15,59,17,45,36,10,6,3,23,49,40,43,61,7,14,29,54,57,2,48,32,18,51,34,46,28,16,8,58,21,53,20,35,52,4,25,22,19,37,1,5,56,62,50,33,44,27,47,30,42,38,55,0,9,13,26,60,31,41
25,43,42,52,8,54,13,11,1,37,35,59,57,17,46,40,20,50,15,28,22,61,49,14,56,41,3,45,62,48,39,51,27,0,4,5,32,34,60,55,2,10,24,23,33,63,18,9,6,47,44,26,19,12,21,38,29,36,31,58,53,16,7,30
9,40,63,18,47,25,48,39,43,31,5,6,53,2,22,13,3,8,37,30,12,50,27,60,0,14,34,10,28,41,7,15,62,57,49,54,20,4,44,36,35,33,45,46,61,21,38,23,16,24,56,29,11,42,32,51,58,19,55,52,59,17,26,1
63,51,62,30,10,24,17,7,35,13,48,34,19,29,6,46,40,0,45,42,22,21,20,60,43,9,12,58,14,38,54,36,41,37,3,50,18,44,2,11,27,15,55,56,52,32,49,39,5,23,1,47,28,57,16,59,61,31,25,26,4,33,53,8
2,13,49,17,4,3,53,15,21,12,50,20,47,41,16,5,62,52,28,31,32,18,40,42,27,44,37,55,29,0,8,46,6,9,30,51,26,63,25,24,34,60,10,35,56,61,14,54,23,43,39,1,57,48,58,45,22,38,19,7,11,59,33,36
35,54,1,56,11,6,18,34,27,15,29,38,14,41,63,48,46,37,28,53,31,7,30,5,24,12,39,45,2,9,61,16,58,50,17,60,55,42,52,49,10,20,4,19,3,33,21,25,36,51,43,47,44,26,62,32,40,59,8,13,57,0,23,22
36,39,7,1,63,35,57,23,24,31,59,29,40,53,43,6,61,52,28,62,60,50,4,54,41,48,10,51,34,38,55,3,8,42,16,37,14,44,9,22,11,49,18,17,5,13,58,2,21,27,46,19,0,33,30,56,32,26,45,20,12,15,25,47
4,50,42,37,28,54,61,38,47,51,41,16,26,10,2,9,15,59,25,55,17,53,49,58,40,46,14,21,39,30,31,36,0,3,1,19,56,6,33,52,12,35,11,29,13,20,63,27,18,32,45,23,43,34,8,7,62,22,5,60,48,57,44,24
53,39,25,33,37,10,55,44,34,22,56,50,57,62,4,24,5,52,13,19,46,54,0,29,27,21,30,61,31,60,35,59,14,45,41,7,32,26,40,47,8,36,16,20,49,15,28,48,12,42,11,51,9,6,18,2,58,43,23,38,17,3,63,1
24,35,29,59,50,41,23,12,48,7,33,22,44,8,40,3,16,57,63,20,60,61,5,4,43,2,39,0,47,38,52,32,11,56,14,53,51,37,46,10,25,36,58,18,9,19,49,31,45,54,13,42,34,1,55,17,62,30,6,26,28,15,27,21
4,63,41,57,32,27,43,52,11,62,0,13,53,6,29,56,45,25,34,21,50,9,38,16,58,12,33,14,44,22,18,31,17,36,42,28,46,37,48,19,61,40,15,1,2,20,8,54,51,49,26,59,39,10,35,5,7,23,47,30,60,3,55,24
43,21,59,30,11,5,32,38,2,57,47,44,50,0,39,14,63,53,48,6,17,45,3,41,13,46,31,7,55,49,24,35,52,8,22,36,54,51,26,15,56,25,20,1,27,34,19,10,40,4,37,62,23,18,60,28,61,29,12,16,33,9,42,58
13,25,32,63,50,29,19,60,40,43,26,14,39,62,37,4,38,53,20,16,2,48,52,36,1,18,33,17,8,51,57,45,58,6,55,28,35,22,59,23,44,54,10,21,9,3,11,0,5,24,31,47,30,27,46,34,61,42,12,41,7,15,49,56
62,46,11,25,29,43,12,24,35,14,18,15,31,61,0,26,38,22,39,50,33,1,19,48,53,6,44,34,55,8,4,36,7,51,54,49,5,32,27,63,41,23,3,52,10,37,28,45,60,21,16,58,13,17,47,59,57,30,56,9,42,20,40,2
53,48,58,27,62,38,4,10,57,55,61,39,16,63,47,36,32,21,29,18,52,34,45,1,14,12,7,8,20,35,31,28,23,6,5,13,44,26,40,49,60,46,25,59,30,22,0,51,37,50,56,2,43,54,15,24,33,9,3,11,19,41,17,42
13,53,7,19,21,48,28,11,52,4,55,58,3,49,10,57,1,33,60,37,12,25,56,39,51,18,16,47,45,2,42,9,59,38,17,32,35,22,46,34,23,40,5,44,36,31,29,50,63,14,41,0,15,30,26,27,24,43,20,61,8,6,62,54
27,19,60,56,50,38,61,4,47,26,39,35,51,62,29,17,54,15,24,53,1,5,3,42,6,33,37,30,46,44,28,16,21,49,13,8,11,9,58,43,25,12,63,32,14,31,52,10,23,18,36,2,48,55,20,0,7,57,41,59,40,22,45,34
0,18,7,60,51,27,30,21,3,29,31,8,50,54,20,2,6,19,38,23,42,41,1,25,37,34,47,63,16,45,12,55,26,53,15,33,62,43,56,17,10,57,22,52,5,28,35,59,58,48,4,44,61,9,11,36,49,39,32,13,14,24,46,40
56,62,31,11,52,27,53,34,57,33,8,6,41,58,20,46,40,10,9,39,24,5,16,60,2,63,51,13,18,48,50,37,45,54,43,17,44,32,14,15,61,28,42,29,25,26,59,49,1,47,3,22,35,36,30,0,38,7,23,21,12,19,4,55
59,42,47,5,3,17,60,50,58,8,35,30,43,33,37,13,38,63,23,24,34,46,61,0,16,32,25,2,19,12,18,6,41,4,31,7,11,22,62,21,40,10,1,49,9,55,54,15,56,20,53,26,44,14,28,57,36,27,39,52,45,48,29,51
15,45,36,1,42,25,38,41,16,23,17,59,51,7,47,27,6,52,34,43,44,63,39,30,4,62,8,57,55,49,13,19,50,60,10,11,3,48,2,14,35,5,9,40,28,46,58,20,31,32,22,53,61,24,33,0,18,37,12,54,26,56,29,21
61,16,23,59,9,7,38,20,21,53,49,57,33,51,26,36,31,54,11,30,60,13,18,48,28,32,1,62,14,27,5,12,37,50,46,35,25,52,17,6,4,43,45,0,44,3,19,24,55,39,34,42,15,56,2,29,41,22,58,63,10,8,47,40
8,55,12,47,32,30,11,6,35,61,0,21,25,54,63,50,13,26,51,17,24,38,46,23,43,3,39,59,20,57,62,9,41,4,28,45,10,40,52,29,14,42,31,27,16,37,19,60,56,5,53,48,18,1,58,2,44,22,34,49,36,33,7,15
58,59,26,14,25,8,49,31,11,40,55,16,60,29,48,6,61,57,45,43,2,17,36,44,0,54,63,28,30,9,37,3,15,20,32,50,42,47,10,4,52,53,18,46,7,21,41,51,33,19,27,38,22,35,39,23,62,5,12,13,24,34,1,56
29,4,47,14,15,25,34,32,26,49,61,18,44,37,11,24,40,46,45,42,28,22,36,33,12,8,35,0,9,10,5,48,16,50,53,62,57,39,58,55,56,54,3,52,51,63,31,13,1,19,20,21,60,59,27,6,17,43,38,23,2,41,30,7
38,35,30,16,18,54,22,32,1,19,48,15,5,20,25,53,24,47,44,42,52,34,36,43,63,10,40,56,51,11,49,61,31,29,46,7,39,45,41,59,14,33,6,26,17,23,50,37,57,21,62,3,28,55,12,60,2,4,27,13,58,9,8,0
4,53,42,28,29,34,30,31,14,46,36,18,35,16,56,47,44,11,19,20,50,24,43,8,40,57,54,55,45,1,7,2,15,23,12,37,10,25,48,0,5,6,13,61,32,60,41,62,9,52,38,3,26,21,51,27,22,17,39,63,49,33,58,59
40,2,54,7,25,4,39,60,13,51,47,53,63,19,38,59,12,20,0,22,57,27,56,15,17,58,5,3,62,30,37,1,21,42,11,16,44,28,55,49,43,26,46,48,52,14,8,31,23,41,18,6,32,35,34,45,10,29,9,50,33,24,61,36
11,55,35,33,45,47,3,24,56,18,23,28,53,0,20,6,12,61,9,52,13,17,36,34,40,10,59,51,62,25,32,58,31,1,15,50,26,46,39,30,14,44,5,42,8,41,4,63,27,7,37,43,16,57,2,49,60,22,48,38,19,21,29,54
8,52,9,34,56,46,42,61,22,11,31,6,15,26,24,32,2,14,19,54,10,28,49,50,36,25,40,7,62,38,17,1,0,57,33,35,39,20,63,51,37,30,43,59,18,48,41,16,29,47,3,53,55,45,60,44,23,5,27,12,4,13,58,21
4,21,46,6,44,50,17,35,8,29,39,58,1,57,19,52,33,22,54,43,26,13,62,3,32,24,48,15,56,41,63,53,31,30,61,9,36,25,40,47,18,59,28,38,51,60,20,7,14,49,10,37,5,16,34,12,42,11,2,55,27,23,45,0
27,46,51,47,16,11,0,28,50,59,45,56,8,61,36,29,48,6,40,44,5,26,42,32,17,37,34,21,55,39,60,7,41,22,10,20,24,14,54,31,57,4,2,18,23,15,43,49,3,52,62,35,30,53,19,25,13,12,63,33,1,58,38,9
46,61,2,57,48,53,13,34,15,25,49,19,35,63,38,16,30,58,12,44,17,8,18,41,39,51,43,59,0,7,5,20,60,6,4,31,56,37,11,27,26,62,52,47,21,36,22,54,42,3,29,1,14,32,9,28,45,24,50,40,55,10,33,23
1,41,57,58,36,49,12,4,21,33,3,11,31,37,27,10,16,53,24,45,6,55,5,43,38,22,48,44,34,26,50,46,20,18,51,56,59,32,9,52,40,29,2,13,60,62,0,54,47,23,63,8,39,61,28,25,14,42,30,7,19,15,17,35
43,38,48,31,6,4,28,34,29,53,32,22,61,24,39,27,18,10,55,14,51,23,62,0,26,58,44,16,19,52,63,30,36,33,25,20,37,60,12,40,11,8,15,54,47,57,5,46,13,50,35,17,9,49,3,7,45,1,56,42,2,59,41,21
29,61,24,18,2,36,7,31,21,23,30,14,58,10,27,32,15,56,60,33,5,49,54,4,0,52,53,39,51,55,8,13,57,28,48,20,59,44,38,42,50,6,3,25,11,12,35,63,16,9,1,37,41,62,17,43,47,40,19,26,45,34,22,46
58,47,32,4,7,9,42,18,6,37,20,41,2,34,60,27,57,52,23,33,62,31,3,16,35,36,49,15,38,63,48,12,21,29,50,11,14,28,19,45,1,13,44,43,40,51,25,46,39,55,10,22,26,56,8,53,30,5,17,0,59,24,54,61
59,8,20,48,25,18,2,30,55,56,9,58,22,21,50,16,62,40,28,10,19,41,57,43,31,47,46,12,35,0,33,34,13,1,53,17,14,29,27,11,6,54,61,52,32,39,51,44,38,15,37,45,23,4,3,7,26,63,36,60,5,49,42,24
41,44,54,5,58,37,39,11,0,6,43,56,7,35,15,1,49,13,23,16,8,55,50,38,2,53,52,20,46,24,22,59,31,9,30,17,12,10,51,19,33,47,27,40,21,57,62,45,25,14,63,60,36,48,18,28,32,61,26,34,29,3,42,4
24,15,22,52,48,43,37,53,30,4,39,57,12,58,41,14,56,19,44,9,31,60,49,5,62,27,45,50,7,28,20,8,23,46,2,18,1,10,29,42,36,63,16,33,3,32,59,0,35,47,55,6,34,40,51,17,13,26,38,61,25,21,54,11
29,33,27,6,5,58,10,28,19,52,59,42,14,17,15,56,50,4,8,20,21,49,43,2,22,55,47,40,0,60,18,44,37,11,46,25,24,3,45,39,13,1,51,23,12,41,34,32,26,36,7,54,31,61,35,16,57,9,48,38,63,53,62,30
9,28,57,43,19,34,1,26,37,4,62,32,52,61,63,11,42,20,13,5,7,3,12,46,56,8,38,41,23,36,59,47,49,40,60,0,35,45,21,25,51,24,10,39,2,31,50,55,14,27,17,16,15,30,44,33,18,58,22,6,54,53,29,48
22,27,20,16,34,18,12,61,60,58,31,55,47,42,57,8,1,56,17,4,53,9,62,44,43,49,59,39,7,0,21,46,51,29,19,37,54,15,35,10,23,40,32,13,26,45,28,5,6,14,38,36,41,3,33,2,63,52,25,48,50,24,11,30
31,43,62,33,53,61,32,36,22,38,50,42,2,12,24,26,13,41,29,18,23,56,63,49,59,27,7,39,17,34,19,4,47,10,45,57,25,40,55,48,0,16,5,37,54,14,51,8,30,52,9,60,15,20,28,3,1,6,21,44,46,58,11,35
56,44,59,40,62,1,20,25,33,24,22,50,46,12,9,38,51,30,43,63,15,0,39,32,3,5,34,27,21,4,55,54,23,16,7,18,45,57,52,60,14,47,13,29,17,28,42,31,26,37,48,41,36,35,49,58,19,11,61,2,10,53,8,6
19,7,0,16,2,27,58,3,44,5,59,35,57,10,37,15,26,55,1,17,11,21,24,34,61,31,32,43,28,39,25,14,41,51,63,9,29,48,6,8,30,40,53,56,50,42,60,45,52,36,20,4,38,47,12,22,49,54,18,46,33,13,62,23
6,50,57,58,35,37,10,32,56,47,40,51,55,53,26,60,17,14,33,59,2,44,19,15,49,48,61,30,62,31,42,9,4,18,20,21,3,38,5,28,36,34,11,45,22,12,63,27,8,24,1,54,43,16,29,7,23,13,41,25,52,46,0,39
21,20,58,44,53,47,10,45,22,9,36,57,18,0,56,40,34,27,12,24,54,3,48,63,42,4,32,17,52,23,49,50,51,6,5,41,43,7,11,25,8,60,39,14,61,15,1,55,59,19,46,2,29,28,13,16,26,30,35,38,31,62,37,33
51,29,48,43,38,3,61,25,47,36,5,10,24,13,58,4,42,19,12,39,45,55,40,33,16,21,28,26,11,54,63,1,17,23,34,0,50,62,53,31,6,52,7,56,49,30,18,14,9,8,46,35,2,15,20,60,44,41,32,37,57,22,59,27
23,59,33,7,26,6,5,22,49,39,38,18,57,15,37,60,55,63,0,43,53,20,8,62,41,50,35,3,24,51,31,56,61,36,10,47,9,45,4,30,16,11,40,25,42,13,17,2,12,21,34,14,58,48,29,28,27,1,54,46,52,32,19,44
25,3,4,30,18,42,21,8,50,6,49,19,34,7,62,48,53,47,44,11,41,13,36,33,57,61,15,23,10,5,35,59,54,0,37,40,58,28,22,38,32,9,1,46,24,43,56,26,27,55,52,20,16,45,2,51,12,29,14,17,31,60,63,39
11,9,12,34,55,0,59,31,24,53,26,36,16,7,38,3,48,47,5,35,28,54,2,58,45,41,40,19,8,51,6,44,10,50,22,62,52,14,32,56,17,13,25,21,30,29,27,57,18,60,33,43,1,15,39,42,4,46,61,49,23,37,63,20
11,36,9,24,56,47,28,23,38,39,49,14,25,19,17,26,4,34,44,32,0,15,33,20,60,53,2,16,41,48,42,51,46,18,3,62,55,27,45,8,61,10,30,40,12,50,57,54,21,31,59,35,5,22,63,1,58,43,13,37,7,29,6,52
12,20,48,41,1,19,26,45,38,62,54,39,44,27,58,53,17,24,36,0,14,25,47,55,63,5,52,10,28,49,23,42,32,13,30,6,43,57,11,21,33,56,34,60,29,8,3,46,9,61,35,4,16,31,59,2,22,37,51,18,50,7,15,40
0,52,36,63,54,16,5,39,42,2,1,8,25,40,49,50,48,7,11,6,21,37,34,31,60,3,35,61,57,58,62,47,15,28,55,43,38,26,4,9,10,27,14,24,45,17,23,13,12,19,53,44,56,18,30,59,32,22,20,51,33,46,41,29
13,4,54,22,8,1,27,42,37,49,28,21,18,15,3,50,46,38,11,17,52,5,35,20,51,24,12,36,0,9,14,33,45,43,58,55,39,10,48,23,19,34,16,40,61,59,25,44,63,47,60,56,31,26,32,53,57,30,2,29,62,6,7,41
13,58,18,9,47,53,49,29,36,44,14,45,2,38,1,8,43,0,41,42,32,54,20,31,57,23,7,19,24,37,26,21,34,39,35,22,4,17,28,59,11,56,63,27,6,60,3,48,10,52,61,40,33,55,51,12,25,30,62,5,50,16,15,46
29,49,41,43,18,31,23,10,44,20,7,17,24,53,4,15,48,28,22,8,0,58,6,3,32,25,21,14,56,62,52,26,40,35,36,19,39,9,12,5,46,63,27,61,37,51,59,45,34,50,57,13,11,47,55,2,1,42,16,30,38,60,33,54
35,37,24,50,18,55,25,44,4,51,63,28,61,41,2,14,20,23,40,30,33,46,12,7,36,62,19,48,5,29,9,17,21,43,38,56,49,26,45,10,42,60,54,15,8,57,58,31,32,22,3,47,16,53,0,13,11,34,59,1,6,39,52,27
48,22,34,54,52,6,20,7,45,2,63,39,27,11,62,9,43,28,4,19,15,42,17,25,53,16,50,0,36,59,33,55,32,3,47,21,12,8,24,18,10,60,30,57,49,58,56,1,46,41,40,44,37,14,61,51,38,5,35,23,29,13,31,26
38,6,29,26,14,46,49,58,62,1,56,13,43,40,60,2,9,37,45,20,23,59,4,51,55,31,25,42,21,8,5,44,57,35,24,48,41,63,54,28,16,10,12,17,36,53,27,32,3,47,33,15,11,50,19,34,22,18,30,7,39,52,61,0
27,19,45,15,47,18,51,28,30,42,57,35,2,12,49,38,36,62,25,14,60,33,13,17,61,31,59,37,52,20,23,22,11,10,4,48,56,44,34,26,1,63,6,53,32,43,39,3,5,24,58,41,9,29,40,7,50,8,0,16,46,55,21,54
38,26,53,35,13,39,45,63,33,17,51,8,30,37,62,40,58,9,55,29,56,21,0,32,3,46,42,34,14,16,28,12,43,6,57,4,61,52,31,36,11,19,48,23,15,47,22,18,59,7,50,54,27,5,1,49,41,20,60,10,2,25,24,44
34,2,54,21,22,8,17,37,38,62,57,9,45,33,6,18,16,1,12,39,5,24,14,3,40,20,26,60,42,58,10,13,52,43,61,35,27,47,0,44,32,36,50,48,46,7,51,31,15,63,30,55,25,4,19,29,23,28,56,53,11,41,59,49
14,22,39,21,13,46,7,43,25,51,45,63,3,19,6,41,60,26,29,50,49,33,30,32,18,20,37,38,27,31,59,0,47,9,48,10,12,8,44,58,11,57,36,54,28,17,1,55,53,35,4,56,16,5,42,34,40,62,15,2,24,61,23,52
22,2,30,11,3,20,23,56,7,48,14,16,35,0,26,28,1,18,52,34,49,62,44,24,59,5,17,25,57,31,32,46,37,60,4,63,41,27,6,42,55,19,47,45,15,33,36,8,40,50,9,38,29,54,39,12,10,58,61,43,51,13,21,53
22,35,14,47,7,19,30,42,55,0,11,28,38,25,33,43,44,36,45,51,26,21,48,34,37,46,23,63,17,3,54,4,50,53,15,52,9,41,27,6,60,10,40,20,57,29,16,18,13,61,58,24,31,49,56,1,32,62,39,59,2,5,12,8
3,4,47,22,11,30,35,34,44,7,53,23,13,31,33,14,55,8,37,52,28,20,38,58,2,19,17,5,49,12,57,63,27,6,41,18,24,0,26,42,62,56,50,51,9,32,1,45,48,54,59,15,43,16,29,10,60,36,61,21,39,25,46,40
44,52,35,13,36,63,24,29,5,60,43,34,1,37,27,15,42,38,19,3,7,4,16,21,53,50,22,23,61,10,2,12,28,33,25,59,14,0,56,40,18,54,30,39,62,9,31,8,58,48,6,47,55,49,32,11,26,17,51,45,57,46,20,41
56,23,11,52,31,55,32,12,43,51,57,24,35,26,48,60,28,7,2,8,38,36,44,46,63,61,37,27,18,29,15,6,1,30,14,41,22,5,21,3,4,50,34,54,9,16,58,62,59,20,33,13,25,0,40,42,45,10,39,19,17,53,49,47
10,63,43,61,0,17,52,26,36,12,1,11,62,8,59,27,50,2,33,16,56,6,24,51,9,60,5,48,49,37,54,29,38,45,32,15,7,39,20,22,25,46,28,57,35,30,41,23,21,53,47,55,40,14,44,3,34,42,58,13,4,19,18,31
59,1,63,12,11,45,41,10,24,48,42,39,22,20,40,33,9,55,58,14,34,56,0,17,47,7,51,13,35,61,37,5,57,19,8,52,30,28,4,25,2,21,60,38,44,18,31,49,6,43,15,50,29,62,36,23,53,3,32,26,27,16,46,54
16,43,57,61,50,47,31,8,49,23,44,33,40,54,63,24,9,35,39,55,20,32,37,28,62,60,17,45,48,11,19,59,6,42,38,15,53,7,34,46,25,21,27,36,12,56,29,58,14,22,18,51,5,30,13,1,52,3,4,0,10,41,26,2
16,55,48,41,51,5,45,4,42,7,27,28,33,43,13,49,8,40,31,60,59,17,9,23,50,1,14,61,20,26,37,53,46,6,15,52,24,18,44,54,47,63,19,35,39,57,3,25,62,21,10,36,22,0,12,29,56,58,34,2,32,11,30,38
56,30,14,46,12,34,47,17,41,13,7,35,32,42,37,31,50,51,10,6,20,59,1,3,4,29,40,61,62,16,39,23,27,21,43,15,33,2,63,22,53,28,5,19,8,60,49,52,25,45,36,26,11,44,24,55,48,38,0,9,18,57,58,54
5,39,18,10,49,50,27,59,62,36,19,61,17,51,58,24,16,1,60,2,29,53,25,6,7,42,55,22,26,13,12,33,35,3,56,4,9,44,37,43,21,57,23,20,52,11,32,45,54,47,46,41,15,40,48,30,38,34,63,28,14,0,31,8
41,53,26,2,54,40,8,51,20,63,13,48,50,29,22,10,4,61,0,52,59,62,7,44,11,21,46,31,18,34,55,35,27,37,5,9,58,56,16,47,32,33,15,24,36,25,6,17,38,1,3,23,14,12,60,28,57,49,43,19,30,39,45,42
40,14,41,51,37,52,11,57,35,15,21,2,7,8,46,33,61,0,55,4,32,59,16,3,24,27,62,44,43,49,58,42,50,5,26,20,12,54,39,19,45,63,53,38,48,17,56,22,25,36,60,1,30,34,28,47,6,10,23,13,29,9,18,31
58,62,8,46,50,48,5,29,32,40,18,14,34,41,43,47,57,53,12,6,17,23,56,26,25,3,15,19,1,38,7,49,59,63,16,37,0,60,61,13,24,21,4,9,44,51,22,20,42,36,39,10,33,27,28,45,11,54,55,31,30,2,35,52
41,18,7,35,57,45,17,51,16,46,24,40,37,55,12,63,20,1,9,52,32,59,11,58,5,25,49,6,29,13,15,50,28,23,10,34,47,0,33,62,36,8,14,27,61,43,44,54,19,22,42,48,30,2,39,60,38,4,26,3,21,56,31,53
7,27,29,47,25,18,10,56,52,4,55,35,0,13,6,57,17,36,28,48,12,42,26,20,23,62,30,14,19,38,49,5,24,34,22,3,1,61,37,51,43,40,58,33,41,46,54,59,2,15,50,9,45,44,32,53,31,39,60,8,16,21,11,63
53,38,52,4,51,58,42,46,37,39,7,30,3,57,22,56,5,62,18,59,43,17,27,45,16,36,23,26,9,47,0,14,63,2,48,29,1,25,60,55,12,54,32,50,11,13,20,40,34,35,19,28,8,24,41,61,33,15,49,21,44,6,31,10
60,7,33,31,46,5,35,48,47,12,53,22,45,61,25,44,4,29,57,15,30,63,1,58,10,6,2,11,38,52,23,37,50,19,36,14,20,21,17,39,3,28,8,43,18,0,26,32,24,62,16,42,13,40,41,9,56,55,49,54,34,27,51,59
23,51,34,63,16,55,41,32,12,36,20,8,46,2,26,47,43,21,49,62,24,37,57,9,42,7,27,35,14,13,44,1,30,61,38,4,33,31,28,48,11,19,6,3,58,54,22,53,59,39,56,15,60,10,18,45,29,50,17,40,5,0,52,25
19,29,49,45,35,20,62,26,6,21,38,14,39,9,8,44,3,55,10,0,16,46,37,57,41,63,42,15,1,40,48,4,17,32,53,54,61,11,30,33,36,23,31,24,59,43,56,2,13,34,47,22,50,28,5,58,60,12,27,25,52,7,18,51
34,0,28,18,19,3,51,29,12,23,46,36,58,22,38,50,59,47,5,26,27,62,54,35,24,57,4,39,14,33,7,37,13,20,2,15,16,17,9,31,55,6,8,40,56,25,61,45,49,43,60,11,1,30,48,32,63,42,52,53,41,10,44,21
9,44,23,0,58,19,34,63,11,18,50,36,10,30,22,45,3,39,59,12,53,17,25,61,16,35,57,56,26,41,38,13,48,51,1,31,24,52,33,27,37,15,4,46,60,8,54,40,47,14,43,20,28,55,21,2,42,5,29,49,6,32,62,7
5,16,27,24,3,44,57,53,60,47,15,4,34,12,1,40,58,39,17,50,61,31,59,35,20,62,33,41,22,28,29,19,7,49,26,30,37,45,25,14,54,51,42,2,38,52,32,13,8,36,11,0,10,63,56,46,48,21,23,18,43,55,6,9
5,20,28,8,53,35,37,9,1,15,2,38,0,19,25,43,23,48,60,47,16,45,6,49,55,63,61,7,26,62,56,24,34,21,58,50,31,4,29,39,3,36,42,18,46,27,22,17,30,52,14,12,57,40,51,10,44,13,59,32,11,41,33,54
51,60,21,63,17,16,29,33,55,15,11,25,37,47,20,40,48,43,31,54,58,27,12,28,53,49,42,0,59,34,7,38,50,5,32,6,61,45,8,10,36,52,44,26,14,18,13,57,24,41,19,2,1,39,62,30,56,4,35,23,9,3,46,22
33,48,25,51,40,54,59,0,22,12,43,4,19,57,50,38,61,3,7,58,14,47,44,32,62,52,13,2,17,27,29,41,60,45,36,18,10,53,21,6,56,46,16,5,8,42,9,1,11,23,15,28,55,49,35,63,26,30,24,31,34,37,20,39
57,54,17,44,39,22,33,27,5,2,49,52,38,46,21,42,28,8,18,4,13,61,29,51,47,60,62,45,3,25,14,10,48,63,53,58,24,20,30,9,11,0,19,35,50,56,43,32,15,31,59,7,16,12,55,23,34,40,6,41,36,37,26,1
59,15,18,28,9,36,22,42,47,6,16,57,27,53,41,50,12,19,54,46,48,10,45,21,29,14,1,8,52,25,0,61,62,39,60,30,35,33,20,38,44,3,55,37,26,23,49,4,17,51,32,11,31,13,24,2,43,5,63,40,58,56,34,7
8,2,7,46,50,62,10,25,35,33,11,37,60,4,44,18,5,58,12,1,42,63,28,53,24,31,43,0,21,19,9,30,36,49,20,6,3,29,15,51,41,47,59,56,54,17,52,40,16,61,13,57,45,39,23,38,34,55,22,48,32,26,27,14
52,19,4,10,56,44,46,45,40,25,23,29,37,42,58,41,47,48,21,50,28,11,36,55,60,26,57,62,18,59,5,43,12,24,0,32,14,16,22,63,3,49,17,30,20,1,51,53,39,2,27,61,6,7,31,9,54,38,35,13,33,8,34,15
12,16,44,54,50,49,26,9,27,56,59,55,4,2,60,11,32,58,48,31,41,3,21,33,43,7,42,19,57,40,15,28,23,18,14,53,47,62,1,5,17,29,30,24,6,52,34,22,37,0,39,51,10,8,13,63,38,20,45,36,61,25,35,46
48,34,57,56,28,50,0,38,11,63,26,54,42,17,32,49,23,2,46,47,51,62,27,61,29,25,40,19,60,5,21,7,36,3,55,41,24,13,10,43,16,4,8,1,37,53,6,45,20,31,30,52,12,35,18,9,15,59,44,39,22,58,14,33
18,43,0,11,37,40,42,10,50,17,62,55,30,44,49,33,13,7,21,38,27,56,60,5,54,57,24,48,59,51,23,12,20,25,53,35,29,2,58,34,6,19,16,4,31,39,8,28,46,47,1,26,52,9,63,41,36,3,45,15,32,61,14,22
13,16,23,3,39,50,25,10,24,27,32,36,8,43,30,51,33,42,5,35,4,37,7,15,34,20,28,58,6,55,17,0,22,19,41,54,46,12,53,48,14,38,18,1,47,45,59,56,29,9,60,52,31,62,44,2,40,21,26,57,49,11,63,61
30,37,8,32,44,17,31,53,20,43,1,45,39,13,54,61,15,35,52,0,10,14,19,4,34,47,42,62,40,38,25,33,6,7,9,3,56,28,18,51,21,12,50,26,16,23,60,29,58,36,11,41,5,57,46,55,49,2,48,59,24,22,63,27
59,23,55,52,43,57,50,56,6,29,20,60,37,2,35,30,5,1,22,15,42,49,54,0,47,63,21,48,46,28,17,18,61,39,4,27,45,41,9,11,31,32,24,26,12,53,44,14,62,36,7,19,34,25,38,33,16,10,58,3,13,8,40,51
5,56,19,1,30,28,12,16,25,41,38,48,60,15,33,23,0,4,14,3,24,11,54,26,22,62,44,39,45,6,20,55,34,57,18,31,53,27,43,2,7,32,49,46,21,8,35,59,13,17,36,58,37,61,50,52,42,29,51,63,9,40,10,47
61,49,24,43,51,57,0,53,45,21,30,23,52,5,48,12,55,29,28,22,56,46,36,47,18,33,10,20,54,60,25,16,19,31,32,58,50,11,41,63,35,7,8,39,9,13,42,4,27,1,59,34,15,44,40,17,62,6,38,26,14,3,37,2
28,56,3,51,35,40,26,2,45,13,30,54,63,24,46,57,19,25,27,38,20,33,23,22,32,52,50,6,61,5,47,34,4,60,44,29,62,15,12,55,11,36,53,17,49,43,58,31,8,48,39,0,42,41,18,16,59,14,9,37,1,21,7,10
3,9,57,29,30,44,15,32,43,33,51,25,28,8,56,19,6,50,26,46,39,47,59,40,41,48,54,27,31,37,38,58,0,17,49,1,63,4,55,62,12,14,18,10,45,34,22,24,7,21,2,11,35,16,20,36,52,42,61,60,13,53,23,5
2,60,51,56,39,16,46,40,57,34,27,22,12,28,55,8,11,61,48,43,5,36,9,1,41,29,23,0,42,14,3,44,49,20,38,10,63,25,32,31,62,15,35,18,17,7,19,45,58,33,54,30,24,13,47,4,26,53,37,6,59,50,21,52
13,32,2,39,27,52,19,62,41,18,1,30,42,21,3,51,23,20,28,48,5,24,57,0,61,55,22,12,56,47,35,33,46,58,63,29,10,54,8,44,59,34,17,50,37,6,4,53,15,26,7,45,38,11,25,40,36,9,49,43,16,31,60,14
37,17,1,30,12,55,0,41,8,53,60,36,54,42,59,45,43,24,29,38,19,58,26,49,3,46,13,6,33,28,2,39,9,61,15,35,11,52,40,34,44,47,25,18,14,10,32,27,5,50,23,57,56,51,20,7,63,31,48,62,16,21,4,22
5,32,51,19,8,0,14,29,44,59,36,42,37,3,20,30,4,35,22,56,16,13,21,2,34,50,31,26,18,15,46,38,25,28,1,39,12,47,45,43,63,52,41,61,53,23,49,24,48,58,40,57,10,7,60,62,17,11,55,27,9,54,6,33
17,13,11,34,31,32,10,51,62,44,38,15,30,28,23,41,56,37,16,24,26,12,25,2,57,22,50,7,20,19,39,53,46,27,6,42,35,43,14,40,59,29,1,9,8,45,33,47,21,3,58,4,48,54,55,52,36,60,0,49,63,5,61,18
45,2,5,4,46,17,24,27,11,40,18,36,47,59,28,61,32,33,48,13,55,34,26,22,42,8,41,62,58,7,57,25,20,29,12,52,37,19,6,9,14,0,50,56,39,38,51,43,54,44,31,49,3,10,63,21,23,1,15,16,35,60,30,53
22,60,18,11,50,35,26,41,55,56,15,48,39,0,58,38,63,47,23,40,46,51,33,25,4,16,32,5,14,21,31,6,9,57,30,8,45,20,27,49,3,7,17,62,37,59,44,43,52,28,12,29,19,42,36,2,34,53,61,13,10,24,54,1
38,28,51,50,22,3,39,27,5,19,53,62,55,7,40,33,2,17,15,36,26,11,60,16,25,1,35,37,34,46,6,58,13,63,41,45,30,49,10,59,24,57,14,31,29,32,61,44,47,56,43,48,42,9,21,20,0,4,8,12,18,54,52,23
2,12,63,49,8,10,15,25,58,57,37,42,40,14,53,27,56,22,20,32,39,24,50,47,61,5,21,18,4,36,55,43,28,17,0,45,62,33,26,38,35,13,6,46,44,48,16,41,11,1,54,59,19,23,30,34,51,7,9,31,29,52,60,3
11,61,27,32,56,18,53,60,13,1,3,45,29,16,24,46,55,33,36,59,22,40,54,41,58,47,15,44,4,6,17,42,57,9,48,10,28,2,49,62,7,43,5,12,26,21,20,25,63,0,23,8,30,35,34,39,14,37,19,50,52,31,51,38
43,36,17,55,61,59,32,33,1,16,3,21,0,48,53,24,51,9,47,56,19,13,25,8,2,22,40,20,52,12,29,46,14,10,60,49,41,23,27,38,11,30,35,6,28,15,54,50,39,57,26,42,45,7,4,63,5,34,44,31,18,37,62,58
17,49,55,28,14,52,7,60,39,30,12,36,63,27,62,59,41,48,47,51,4,8,20,18,34,13,23,35,2,38,32,31,3,61,25,50,45,43,26,44,46,29,37,16,9,24,5,53,54,58,1,22,57,0,21,11,40,6,15,10,33,56,19,42
35,30,54,55,48,13,20,2,61,18,3,22,32,9,40,10,15,49,5,39,60,23,17,52,63,26,1,34,12,38,16,21,4,8,47,14,46,58,0,11,56,53,62,59,37,31,33,45,29,41,57,50,42,51,36,43,7,28,25,27,44,6,19,24
15,36,21,43,24,41,13,19,12,27,55,3,23,54,40,33,16,57,48,45,60,56,25,6,8,34,37,47,22,39,49,7,2,46,62,28,29,11,50,9,10,61,58,14,20,30,18,5,0,26,59,1,51,44,53,17,38,35,31,42,63,52,4,32
47,36,53,58,21,41,35,1,8,24,22,13,5,52,50,26,23,57,34,61,12,10,42,31,30,46,48,40,7,56,20,11,9,51,38,29,54,6,16,27,18,14,45,25,60,62,43,28,3,19,63,17,15,49,2,39,55,32,0,4,33,59,44,37
10,51,44,19,1,40,46,21,53,11,32,63,25,58,49,45,48,62,39,3,20,28,6,27,35,14,15,37,16,30,17,29,2,41,4,34,36,0,52,55,59,54,13,38,7,56,23,18,26,57,9,24,61,33,5,8,31,47,43,60,50,42,22,12
15,60,47,1,49,50,21,39,41,55,59,19,31,40,43,36,23,12,28,25,56,22,37,48,34,30,52,54,4,18,46,51,17,61,27,0,9,35,62,53,38,11,57,63,3,16,14,58,24,5,42,33,29,26,8,20,32,7,44,13,2,6,10,45
32,50,58,40,42,21,38,6,14,54,59,10,49,55,56,28,60,9,13,37,1,25,36,19,52,33,23,61,2,17,0,15,41,8,11,31,51,48,27,22,18,4,47,7,35,5,57,34,43,20,39,63,30,26,12,44,3,53,62,45,29,16,24,46
26,7,10,58,62,6,9,52,34,56,50,0,47,43,39,12,2,5,11,42,63,25,18,3,31,27,17,1,38,13,16,4,24,40,35,32,59,36,28,33,19,41,30,44,21,15,20,46,37,45,22,51,8,53,48,57,55,49,29,60,54,14,61,23
20,19,14,12,52,35,13,33,28,1,7,2,8,54,59,49,3,62,55,56,37,15,21,61,23,26,32,40,63,10,11,17,41,18,4,0,39,25,16,53,31,48,50,51,22,6,5,24,36,46,45,9,60,43,34,44,38,30,47,29,58,42,57,27
52,42,13,57,34,16,43,37,12,6,26,50,39,41,19,3,28,24,15,5,40,0,8,21,2,20,32,23,10,53,47,29,11,59,14,4,63,25,22,7,44,61,33,17,9,54,35,31,51,62,38,18,49,48,55,46,1,45,56,58,30,60,27,36
14,3,41,2,57,29,8,53,52,56,47,11,48,20,23,35,62,22,40,37,42,51,33,27,0,16,6,44,45,7,9,54,10,39,21,55,61,26,46,36,60,50,15,34,28,31,13,58,17,49,30,32,1,5,43,4,59,19,63,38,12,25,18,24
14,47,46,54,52,24,43,20,10,5,25,45,12,63,36,8,18,3,42,21,62,23,28,34,22,59,15,55,6,39,50,35,37,49,16,9,30,51,32,27,56,44,61,58,1,48,0,4,19,17,31,41,7,57,40,29,13,60,11,33,38,2,53,26
44,60,20,8,13,53,16,21,22,12,2,36,37,32,42,50,15,31,49,25,27,39,55,28,35,5,34,6,59,4,57,33,17,14,58,62,52,61,46,51,3,47,40,0,30,7,1,11,23,18,29,26,9,10,48,19,43,41,54,24,63,45,56,38
46,27,33,1,6,23,11,37,59,4,57,42,44,45,13,21,18,14,60,2,43,12,31,9,62,35,20,39,63,28,50,16,19,30,24,3,52,51,7,5,49,47,25,61,22,36,8,55,34,26,38,56,41,29,0,48,32,15,58,54,40,17,53,10
58,27,40,34,33,23,56,47,11,8,15,14,48,0,36,28,49,13,2,39,59,22,24,17,57,55,62,52,10,63,53,1,45,29,46,61,7,41,4,51,35,5,19,25,54,50,3,31,43,6,18,44,30,38,21,20,16,32,26,12,60,9,37,42
21,38,4,16,40,31,59,32,3,43,45,17,28,35,47,23,34,49,9,1,20,58,0,25,39,24,14,37,26,52,56,22,11,60,18,63,55,36,29,42,13,41,50,8,46,48,62,5,33,7,10,15,30,44,19,6,12,57,51,53,2,27,54,61
11,8,34,62,31,26,57,15,0,63,3,10,30,40,20,38,13,12,35,51,6,9,59,25,28,17,5,2,23,60,54,4,1,7,61,41,24,36,42,19,56,45,27,22,32,52,46,14,39,33,44,53,55,47,21,48,16,49,43,29,58,50,18,37
20,22,57,52,34,4,21,46,56,38,41,0,10,1,18,62,58,2,28,63,14,35,25,55,24,30,26,3,8,40,15,31,47,48,60,32,11,9,19,53,51,5,12,36,42,29,23,54,50,61,13,7,6,27,43,59,16,37,39,17,49,45,33,44
56,33,2,51,60,29,30,10,31,46,24,23,42,48,0,34,3,55,20,16,36,37,19,38,35,61,18,53,45,58,8,1,9,6,39,41,27,52,21,22,11,47,32,50,49,63,28,40,13,43,57,4,5,15,54,59,44,7,17,14,62,25,12,26
24,50,61,62,19,8,9,20,12,2,5,14,39,6,0,38,35,56,41,25,29,42,57,49,55,59,36,32,58,60,1,17,43,51,7,30,13,16,52,11,23,44,22,53,28,45,21,10,47,18,27,33,26,3,34,48,54,31,46,37,63,40,15,4
24,6,18,43,48,31,60,57,54,7,4,47,32,5,62,29,36,41,42,23,49,53,27,51,52,35,16,13,8,3,34,2,19,11,28,17,9,40,20,45,56,38,12,59,1,33,10,25,50,22,58,21,63,14,55,15,0,39,30,46,37,44,26,61
57,1,27,5,45,6,47,55,38,17,37,49,14,43,53,63,12,60,51,25,3,61,46,23,19,9,48,52,11,30,40,16,39,50,10,56,18,28,8,21,7,29,58,15,24,59,20,26,42,34,35,31,22,4,44,54,13,2,33,41,36,0,32,62
19,53,17,36,37,18,52,9,45,5,50,58,6,20,11,61,21,7,4,22,25,13,28,31,41,48,49,32,40,26,54,56,55,12,60,0,42,30,24,10,3,62,2,29,59,44,8,1,47,43,46,38,35,34,16,51,23,14,33,39,57,63,15,27
29,35,58,6,41,24,33,54,34,48,20,36,23,32,16,39,7,45,4,27,15,60,8,47,50,44,21,31,37,2,17,18,51,40,55,56,59,52,25,62,9,12,0,43,5,13,46,1,14,53,19,11,30,10,49,57,3,26,61,22,38,63,28,42
60,34,42,11,53,37,41,35,54,19,28,31,62,10,56,51,1,18,46,5,6,12,25,55,14,26,3,44,0,32,22,58,7,52,36,59,20,39,21,16,33,45,47,48,40,49,4,29,63,61,24,13,8,9,38,57,15,23,17,27,50,30,2,43
23,8,18,24,33,36,5,57,48,52,25,17,30,50,27,4,47,62,22,49,16,12,0,60,28,7,41,46,58,61,31,53,13,10,43,63,19,39,1,14,42,6,37,51,15,29,40,59,9,45,26,35,55,20,2,32,38,11,56,34,21,3,44,54
20,17,27,35,9,16,29,60,46,32,26,47,55,2,36,1,12,37,43,42,8,48,54,34,58,57,5,44,4,25,0,30,62,51,18,15,39,40,14,6,7,10,31,41,50,22,28,24,19,45,52,59,38,21,3,56,11,49,53,23,13,33,63,61
14,24,44,15,20,23,37,9,25,7,6,22,19,31,54,60,55,8,29,63,17,50,30,48,11,32,62,33,40,61,27,52,5,35,0,42,39,41,3,16,1,49,28,53,56,59,47,45,10,38,58,2,21,34,18,43,4,13,51,12,26,36,57,46
15,5,36,37,52,23,59,50,19,55,16,27,21,12,17,29,34,7,2,4,11,10,1,60,26,24,0,42,35,40,22,3,58,53,51,41,62,28,20,56,45,8,47,6,48,30,46,44,14,33,18,54,9,39,38,32,13,31,43,25,63,61,57,49
4,7,17,32,36,33,62,18,53,26,16,11,41,9,10,22,8,25,57,27,43,34,15,6,5,28,56,29,37,30,59,2,38,45,48,50,60,13,51,21,54,0,55,31,39,14,3,1,61,42,49,47,46,52,35,24,19,58,63,12,20,40,44,23
34,63,10,17,46,6,24,55,50,27,16,48,61,39,58,26,53,18,12,15,33,11,21,47,36,3,30,7,4,45,9,51,25,41,14,31,32,43,1,57,62,0,60,2,42,8,59,22,23,52,54,28,44,5,38,20,35,19,37,29,56,49,13,40
25,7,16,47,59,32,8,24,44,54,4,34,31,11,9,20,28,13,35,1,2,18,48,3,19,33,42,46,37,52,23,29,45,15,43,30,26,55,40,41,17,62,51,14,21,27,49,50,6,12,53,61,5,10,57,22,56,60,39,58,0,36,63,38
35,0,19,44,46,36,9,23,51,24,32,22,25,60,2,7,16,59,58,26,55,47,17,13,56,30,31,27,45,40,61,28,50,10,4,63,29,1,3,18,20,11,5,14,6,62,8,33,53,37,39,41,21,15,49,57,34,52,38,12,54,48,42,43
19,13,51,40,10,0,23,38,4,34,54,41,31,6,50,56,21,39,17,59,62,32,2,35,52,15,47,7,14,57,11,53,18,55,1,33,44,16,27,49,22,25,43,12,20,3,30,63,5,60,29,45,46,58,8,48,9,37,28,26,36,24,42,61
58,30,42,49,6,51,20,18,10,14,32,37,53,43,52,23,63,21,12,44,4,13,16,60,17,26,48,27,3,19,2,24,47,57,7,55,22,41,33,15,34,0,31,5,1,45,40,38,50,9,61,29,54,56,8,36,39,62,25,11,28,35,59,46
14,48,5,19,2,23,43,27,31,9,51,45,36,63,8,52,26,61,30,15,46,41,58,40,59,29,54,25,34,18,0,60,33,20,16,12,6,56,47,11,42,49,21,55,35,17,7,3,39,10,53,4,32,57,38,62,28,22,24,37,1,44,13,50
21,32,30,29,8,59,36,26,34,23,33,22,45,14,10,61,12,39,57,62,50,2,17,47,63,19,49,1,56,24,41,20,38,6,40,7,37,46,27,5,3,43,11,60,15,13,48,28,35,4,51,9,44,0,58,52,31,55,54,25,42,53,18,16
31,34,41,20,0,42,33,59,18,9,48,13,53,56,25,29,17,14,12,37,28,3,16,1,2,58,5,21,54,26,45,49,8,40,24,50,23,6,62,55,46,57,44,63,51,36,7,15,4,39,27,61,11,10,43,22,19,38,32,30,52,60,47,35
7,32,13,55,4,30,36,62,60,26,56,29,20,58,44,54,40,2,49,57,14,3,61,37,21,1,8,43,5,10,15,59,38,24,27,33,50,6,16,28,25,9,47,22,18,52,35,41,48,42,51,0,34,11,19,12,45,23,17,53,39,63,46,31
1,33,53,29,32,20,40,22,28,11,37,10,15,48,61,51,56,4,38,52,46,34,54,5,3,26,2,43,39,36,45,31,0,59,57,41,8,18,49,23,21,55,60,12,58,47,19,16,44,30,50,7,6,62,42,9,27,63,13,25,17,35,14,24
28,37,9,19,63,1,22,23,50,46,7,4,27,34,0,62,33,25,6,20,10,47,32,61,38,15,36,16,44,8,43,49,35,45,39,12,26,53,48,55,41,11,58,21,60,56,52,13,24,57,14,17,59,18,3,5,54,51,40,29,2,31,30,42
46,16,37,41,4,1,60,62,42,31,44,27,17,21,32,55,61,24,12,0,30,25,19,10,39,54,20,36,15,33,7,11,57,38,22,14,23,29,58,6,40,59,63,28,26,43,49,18,56,48,2,47,34,45,53,8,52,3,9,51,35,5,13,50
46,9,49,37,28,2,45,26,23,48,24,42,17,44,58,29,60,54,21,32,6,36,25,14,5,27,57,16,62,18,8,47,13,1,31,56,4,40,52,15,34,12,53,22,3,50,10,19,20,59,38,41,33,0,11,63,61,43,55,39,30,35,51,7
16,9,54,31,47,7,29,57,28,49,33,48,2,58,42,36,6,45,52,24,44,27,34,30,40,14,5,11,26,20,51,46,10,56,39,25,4,21,32,55,43,8,50,41,1,0,35,60,37,12,15,19,23,59,38,63,62,13,17,61,3,53,22,18
24,31,46,26,41,13,25,17,16,20,58,62,54,56,28,14,57,49,10,23,50,8,52,55,39,43,4,27,22,32,35,60,3,5,29,34,44,19,6,59,36,1,51,42,48,33,45,30,47,21,37,12,2,9,38,7,0,18,53,15,40,11,63,61
50,13,10,7,0,54,2,19,24,11,16,55,57,9,32,49,15,12,31,21,62,40,29,22,52,26,53,51,17,25,46,42,37,39,14,8,44,56,1,41,59,34,36,63,61,4,38,33,35,5,60,18,27,28,58,3,43,20,48,23,47,30,45,6
31,55,7,48,38,5,63,52,40,34,20,17,2,15,53,51,56,33,62,24,4,23,22,18,41,49,9,26,6,11,10,39,50,12,59,27,42,44,13,35,60,47,16,19,30,37,36,43,14,32,46,28,0,54,61,21,57,8,58,45,1,3,29,25
46,22,7,61,13,38,58,6,56,20,60,16,15,25,47,32,53,44,59,48,54,42,9,27,1,0,17,50,45,10,37,52,33,51,43,35,34,19,3,29,49,12,24,40,57,39,36,30,8,63,11,23,18,4,55,62,31,41,26,14,28,21,2,5
28,39,13,6,59,32,47,7,14,63,50,12,2,54,23,40,27,11,44,57,49,21,37,16,52,4,53,48,51,56,3,8,34,10,33,9,62,36,31,5,25,22,24,42,29,46,45,43,60,19,15,18,1,20,58,35,41,0,38,26,17,30,61,55
20,51,42,48,17,0,56,58,6,35,34,13,62,25,47,32,15,26,8,59,36,31,43,29,9,53,52,63,3,5,61,30,40,24,10,28,44,57,4,39,7,38,2,49,60,41,21,19,54,55,33,11,14,27,46,1,45,12,22,37,18,16,23,50
52,51,45,4,48,21,59,41,22,30,23,34,10,0,60,43,8,12,37,19,62,56,44,17,49,7,9,29,27,3,63,35,1,26,14,40,36,2,20,31,15,46,39,53,16,28,47,6,32,54,57,42,25,33,18,38,5,13,55,50,24,58,11,61
40,32,53,24,55,60,23,19,57,28,8,47,27,48,63,35,29,13,42,51,30,15,56,37,16,31,58,12,14,59,50,45,46,11,44,38,52,1,61,10,18,41,39,2,33,17,43,6,4,0,34,9,7,3,22,62,36,49,26,54,25,21,5,20
16,57,17,40,23,53,3,59,15,22,45,47,12,8,21,33,26,27,50,55,36,32,60,19,30,24,25,7,29,58,38,31,6,35,20,48,28,14,10,13,4,2,44,41,54,0,43,49,34,42,52,18,39,56,5,61,37,9,46,51,63,1,11,62
12,37,41,45,1,7,3,23,49,20,59,40,26,33,52,51,29,5,43,17,16,30,55,14,15,54,38,27,9,35,8,25,48,62,53,22,4,24,18,57,46,44,34,10,56,2,39,36,58,61,13,6,28,31,60,11,19,0,32,63,47,21,42,50
4,48,31,49,37,10,63,44,34,46,56,61,6,23,11,52,12,19,3,26,13,25,60,5,1,32,7,40,42,28,22,54,38,8,20,50,53,57,45,36,29,0,35,33,21,51,14,27,59,9,39,16,18,2,62,30,15,41,55,47,17,58,43,24
40,14,15,38,33,35,52,25,30,27,48,43,11,21,18,36,16,55,0,17,37,3,20,26,13,4,49,59,29,62,9,31,45,23,46,5,41,8,44,58,61,56,53,1,10,34,54,28,57,6,22,24,50,63,39,12,42,47,51,2,32,60,7,19
39,12,6,1,18,21,3,56,31,37,15,28,57,0,38,20,48,22,60,50,51,43,32,16,10,53,29,26,19,25,24,45,61,40,55,42,52,7,5,63,58,4,35,8,59,17,2,30,13,27,44,41,49,9,11,62,23,46,36,47,34,33,14,54
13,33,3,26,8,52,0,4,53,6,5,55,10,21,15,39,41,62,32,22,23,34,19,57,40,46,16,60,25,28,36,47,49,9,30,31,44,58,20,24,50,38,51,1,27,17,56,2,42,61,48,54,45,43,63,37,29,35,11,18,14,12,7,59
1,27,24,53,32,6,39,30,29,11,40,38,44,41,14,47,35,8,4,9,0,59,45,2,3,19,20,37,10,58,21,52,50,18,62,57,22,23,25,42,48,54,13,60,55,5,15,31,12,63,26,43,56,33,16,49,36,7,28,61,46,51,34,17
56,24,43,6,62,26,51,8,29,13,61,3,27,5,0,54,20,25,28,4,49,10,31,33,44,47,2,58,30,45,38,34,16,19,53,36,22,39,50,52,23,57,1,12,11,32,37,17,21,48,59,46,60,41,14,63,35,18,42,40,9,7,55,15
34,3,52,2,53,0,18,57,62,32,29,35,14,45,33,22,60,20,51,44,12,26,37,30,59,50,36,23,24,48,47,63,43,19,58,38,16,27,10,13,55,46,9,8,49,21,1,25,31,28,6,41,7,61,5,42,39,56,15,54,4,11,17,40
40,48,30,59,62,20,37,36,2,10,14,23,43,35,57,0,44,8,5,15,60,38,61,3,49,50,9,39,56,21,11,46,7,33,26,27,13,54,32,18,53,24,52,16,58,19,31,42,29,12,4,1,55,47,6,63,51,25,41,17,34,28,22,45
4,38,6,56,40,44,35,47,33,16,48,49,10,29,12,63,0,23,60,8,50,58,43,30,26,62,54,25,15,61,21,1,45,51,17,53,52,42,7,3,24,28,22,41,14,20,5,32,9,13,18,39,57,34,46,59,2,36,31,19,27,55,37,11
52,42,55,17,47,21,44,38,35,6,54,50,43,22,20,7,60,37,56,4,11,32,33,18,24,39,45,58,12,13,61,2,63,59,26,5,34,49,51,19,53,46,14,62,41,48,0,29,36,30,10,9,27,15,23,16,31,8,57,3,28,25,1,40
63,38,26,8,17,50,5,35,20,0,58,24,51,61,9,29,53,11,59,30,57,54,45,47,12,19,32,37,52,23,15,40,18,49,3,46,34,28,10,33,62,36,7,22,27,13,43,60,4,56,55,42,31,41,21,2,1,14,16,44,25,6,39,48
45,3,47,16,46,26,31,54,21,37,56,5,2,18,36,9,1,25,40,15,20,34,28,10,13,30,50,49,58,27,33,6,22,51,44,4,39,59,8,57,14,60,23,11,17,19,55,61,12,52,41,62,42,32,63,24,7,38,29,35,53,48,43,0
12,14,54,27,10,20,16,26,49,58,63,19,60,45,41,43,48,25,55,34,29,52,33,18,51,5,4,31,56,39,42,44,3,35,8,38,28,15,23,36,37,40,0,62,50,24,21,2,46,1,11,22,17,61,32,47,7,59,30,57,6,9,13,53
54,40,5,36,13,9,24,48,11,21,46,2,50,55,17,15,19,1,59,14,61,43,22,57,3,23,41,58,6,39,32,7,60,4,8,37,47,20,10,29,18,49,53,63,34,27,51,31,56,33,12,0,52,44,38,28,16,62,42,45,30,35,25,26
10,62,5,12,54,6,37,40,20,63,16,45,56,47,49,59,42,28,33,21,2,38,31,4,11,23,53,57,55,18,1,39,26,17,25,22,32,60,9,19,3,13,35,52,43,36,50,14,48,46,30,51,7,15,27,44,61,41,58,8,29,0,34,24
61,46,21,63,29,56,6,10,14,30,44,25,47,4,27,40,42,58,48,62,5,34,11,39,60,37,7,16,9,49,19,50,22,57,52,8,26,2,51,54,1,43,59,18,41,3,33,32,0,12,35,28,45,55,15,31,53,24,23,13,36,20,17,38
56,32,57,63,26,19,16,33,28,36,45,50,18,41,40,60,14,39,25,58,3,20,7,27,30,22,2,11,15,9,42,13,4,49,59,61,48,37,24,54,21,43,55,53,12,23,29,31,46,62,1,10,8,17,38,34,6,0,35,51,44,52,47,5
6,7,29,15,30,63,54,48,41,11,4,24,51,56,43,62,19,33,50,5,31,45,53,23,34,27,38,42,0,18,20,40,9,46,26,55,28,59,52,44,22,21,58,60,61,49,8,2,1,14,12,35,25,47,10,57,13,32,39,16,37,36,3,17
29,28,6,37,7,1,24,11,14,44,38,5,42,55,62,27,36,32,43,57,15,33,54,17,2,48,51,20,30,47,46,3,52,8,56,13,22,40,58,19,12,60,35,16,61,18,59,31,49,63,21,10,53,9,39,50,45,4,23,0,34,41,25,26
60,59,19,41,35,0,51,55,58,23,32,61,42,50,34,20,45,54,13,29,28,38,49,12,43,33,1,53,48,5,31,57,16,17,44,2,36,39,9,56,10,22,4,7,40,6,52,62,18,30,3,25,14,24,27,15,46,21,26,37,11,63,47,8
57,36,24,21,5,13,55,25,50,27,23,33,44,49,60,8,15,12,19,0,62,22,26,10,17,51,16,63,52,40,61,35,42,4,32,48,34,43,31,39,11,47,45,3,58,46,54,2,30,18,14,29,9,38,20,53,41,56,37,59,28,6,1,7
35,42,57,55,27,16,43,47,59,3,49,12,39,44,25,58,17,20,48,32,9,26,60,13,33,56,61,30,21,7,54,23,53,18,2,45,15,5,50,36,34,8,37,38,11,52,14,19,40,46,41,62,6,22,4,31,28,1,0,10,24,63,51,29
1,53,25,10,46,56,36,48,8,60,19,50,22,13,40,28,14,37,52,0,20,11,47,3,49,54,63,33,62,43,55,41,35,51,57,26,34,17,18,4,7,58,29,38,16,12,15,9,42,39,23,2,61,59,30,21,6,31,32,27,45,44,5,24
18,47,49,40,17,9,61,57,31,34,46,63,27,42,53,24,60,25,35,39,23,1,21,26,55,4,44,58,56,16,50,20,0,62,45,41,32,48,30,13,37,19,12,2,29,36,6,52,51,11,7,3,22,8,28,43,10,59,54,38,15,33,5,14
21,3,56,15,52,60,42,6,4,10,26,22,59,62,18,34,39,9,55,2,40,33,20,45,36,0,17,23,38,25,61,16,28,49,57,29,27,63,12,35,43,51,11,54,7,48,8,47,24,14,5,1,19,44,13,46,53,58,30,50,37,32,31,41
19,54,41,55,46,51,43,8,49,29,15,23,48,34,7,45,52,60,25,50,44,47,36,57,11,3,42,40,14,31,37,17,12,6,10,18,35,13,1,2,62,9,59,63,56,58,39,22,38,28,32,16,30,0,26,24,21,33,4,20,61,27,53,5
42,22,2,30,32,45,52,39,12,5,50,36,10,18,61,40,6,8,24,63,35,49,33,26,17,53,56,43,34,15,25,4,19,16,0,37,44,7,58,59,9,20,1,23,62,54,21,38,27,41,47,28,29,46,31,14,51,60,48,13,3,57,11,55
51,6,25,40,42,26,61,32,21,8,57,50,35,33,5,23,4,39,46,15,38,18,48,37,55,27,53,10,20,43,14,30,13,31,45,63,49,7,3,29,22,28,60,52,62,0,54,59,47,24,16,17,11,34,58,36,44,41,19,56,9,1,2,12
1,45,21,19,24,27,48,38,58,36,34,4,9,54,18,63,26,25,3,22,62,49,15,14,20,32,37,42,50,11,16,5,55,6,52,53,57,61,47,7,51,56,41,35,60,28,44,31,59,46,30,10,39,40,33,17,2,0,29,8,13,23,12,43
0,29,50,26,34,21,52,45,10,44,30,56,17,25,14,39,35,51,43,27,55,23,20,42,6,1,57,59,18,33,47,61,9,12,2,58,22,40,60,32,24,3,63,7,11,8,16,31,15,19,13,49,36,53,38,46,4,62,41,54,37,5,28,48
58,1,37,47,7,21,25,57,27,52,26,24,55,34,35,14,9,11,33,19,4,2,38,61,8,30,18,0,42,12,60,41,32,48,45,44,29,63,46,3,43,40,16,5,20,17,56,6,59,31,13,36,39,62,50,10,23,15,49,51,28,53,54,22
11,47,32,19,57,1,46,10,3,40,14,50,55,23,34,33,62,28,12,45,7,58,5,35,17,31,29,13,22,24,61,63,27,60,4,6,59,37,9,44,42,48,49,51,18,56,15,43,36,0,21,38,54,25,2,8,16,26,30,52,53,20,39,41
6,36,62,13,29,28,24,5,32,9,38,1,57,49,17,48,7,53,55,4,15,16,52,2,19,18,21,8,35,12,60,34,41,54,20,25,45,59,10,40,46,22,31,33,43,44,63,61,0,42,47,11,39,56,27,58,37,50,51,30,26,3,14,23
60,1,47,46,9,21,11,7,56,57,13,54,26,25,35,59,24,34,16,37,12,63,45,32,31,42,2,58,49,41,44,4,53,23,22,33,52,29,28,62,15,8,20,10,6,50,39,48,14,17,5,0,18,38,36,30,19,43,3,55,51,27,61,40
5,62,1,50,8,16,39,31,30,15,57,35,49,60,2,10,29,38,45,6,41,22,11,33,25,28,12,36,47,59,17,52,34,13,0,32,44,14,27,19,3,55,40,46,48,20,42,43,54,37,9,53,7,18,24,4,61,51,58,26,56,63,23,21
31,14,41,42,58,5,35,62,47,49,36,51,26,57,50,52,45,38,21,54,15,33,40,28,3,4,53,61,48,56,17,59,29,11,23,2,20,27,44,25,30,32,60,39,0,22,37,1,18,10,24,13,8,19,12,55,34,16,43,46,7,63,9,6
37,35,54,12,61,32,48,51,40,4,17,3,44,56,15,14,43,59,46,53,33,10,31,60,0,9,45,2,5,23,34,58,18,1,11,25,26,30,13,50,39,41,52,16,42,24,22,29,63,6,55,27,28,49,47,7,20,21,62,36,57,38,19,8
8,34,51,56,7,12,45,49,55,50,47,36,42,25,19,0,33,23,22,37,58,27,5,60,21,61,6,17,63,3,4,31,48,20,39,30,38,35,29,28,40,18,54,53,46,57,59,52,10,14,26,15,16,9,32,44,2,11,1,41,24,62,43,13
10,21,38,49,28,43,45,19,55,63,2,47,36,62,33,54,41,31,56,42,37,39,35,44,58,0,46,40,15,23,3,27,4,16,12,5,6,14,59,61,25,51,34,13,22,30,8,24,11,9,48,50,20,57,53,32,29,60,18,52,26,7,17,1
14,28,33,49,57,4,23,62,6,0,35,24,53,27,21,40,5,52,39,58,47,41,2,25,44,31,19,15,60,32,3,46,29,59,37,43,51,17,48,63,11,20,50,1,56,61,26,45,34,13,38,16,18,55,42,36,30,9,8,7,12,22,54,10
16,11,25,46,13,41,22,14,21,44,48,10,37,0,4,18,19,24,59,5,47,33,17,6,1,2,20,38,39,60,3,8,7,51,29,28,26,27,52,15,58,45,55,31,42,32,49,43,9,53,57,61,62,30,56,12,36,63,54,23,40,50,35,34
25,42,14,24,63,47,52,37,8,53,38,21,51,17,23,16,26,10,41,6,39,18,13,2,11,35,22,54,27,59,49,12,46,44,48,30,1,3,50,32,43,56,61,9,20,60,29,58,28,57,62,55,31,40,7,45,34,19,15,33,5,0,36,4
44,5,47,56,30,59,50,12,0,25,33,35,53,36,16,11,14,24,9,48,52,55,58,63,18,41,62,46,54,37,7,61,10,21,40,38,42,4,51,32,45,3,19,23,49,60,39,17,22,6,8,13,31,43,2,29,26,27,34,20,57,1,28,15
33,13,39,3,24,55,17,19,57,49,4,42,62,56,28,26,8,43,18,53,23,27,15,34,45,51,1,5,59,37,58,38,47,30,36,11,31,29,40,21,52,60,22,48,63,12,50,46,35,16,54,0,6,44,41,61,25,7,9,2,14,20,32,10
17,49,50,7,52,29,19,8,15,4,0,63,10,16,13,60,62,57,41,33,40,51,18,5,28,35,38,45,2,48,54,39,20,23,42,22,1,25,58,44,37,56,24,32,3,47,61,36,31,55,43,27,46,59,14,53,21,12,26,11,6,34,9,30
55,21,47,57,34,17,33,28,29,54,25,56,4,23,13,11,63,31,0,27,51,10,45,58,37,48,32,42,18,14,50,2,36,38,1,20,62,22,6,46,40,44,3,49,43,59,15,7,12,16,60,5,24,30,26,9,19,61,35,8,41,39,52,53
44,37,18,38,63,45,19,61,17,0,41,47,7,35,48,16,21,8,22,53,57,14,36,10,24,28,6,3,39,27,46,43,12,5,55,52,50,30,20,25,29,31,26,56,40,34,49,15,2,33,62,32,4,58,23,54,60,42,59,51,1,13,9,11
56,27,30,17,44,39,43,29,24,57,33,15,41,21,2,3,31,61,5,55,60,23,48,58,28,7,50,46,22,42,11,19,59,20,52,38,63,62,0,10,53,40,34,47,12,54,25,18,26,14,4,36,8,13,32,1,35,37,51,16,45,9,6,49
24,60,9,56,11,55,22,18,43,19,14,26,30,21,51,5,1,3,35,17,50,33,8,6,40,39,27,36,52,49,57,54,48,28,25,20,42,41,16,10,44,59,13,29,12,7,15,46,2,0,31,47,58,32,4,61,45,53,37,62,38,23,34,63
32,15,19,60,33,40,48,17,35,10,39,26,46,36,3,0,29,62,20,12,4,6,54,51,53,8,43,13,44,57,52,14,31,2,16,59,34,41,37,25,22,9,56,24,61,30,7,18,55,1,5,11,58,49,42,47,27,38,23,50,45,63,21,28
23,0,39,18,14,55,28,30,19,24,8,4,59,37,42,46,10,52,53,25,13,31,44,26,11,36,21,51,47,48,43,5,3,12,7,61,63,6,62,54,22,27,34,2,57,45,40,33,9,60,49,50,29,16,20,41,1,35,38,17,32,15,56,58
52,6,38,36,56,49,32,58,5,51,13,2,48,60,33,45,29,11,0,10,30,7,25,19,3,61,22,41,46,35,20,55,23,37,44,57,31,17,63,14,24,34,1,40,47,15,26,12,18,59,16,8,4,42,21,54,62,27,50,53,39,43,28,9
1,14,0,53,35,57,45,59,49,58,62,27,4,41,3,40,55,17,16,46,11,34,63,22,54,61,7,50,18,15,48,43,24,12,20,9,37,52,5,10,19,23,26,29,2,8,60,42,39,31,25,56,33,13,51,47,28,38,30,36,44,21,6,32
31,10,46,53,20,47,4,0,17,41,25,7,3,61,62,26,18,60,57,44,5,49,63,33,22,8,13,15,19,28,27,55,59,11,35,29,32,16,9,51,43,52,30,34,38,40,12,56,42,23,21,50,1,54,37,39,45,36,6,24,14,48,2,58
47,15,11,57,40,33,48,22,43,13,23,6,14,35,62,12,29,34,46,17,53,25,38,49,42,0,31,20,9,1,55,36,27,52,26,44,51,5,18,41,2,63,39,56,37,30,60,19,54,8,7,59,16,32,4,21,3,24,10,58,61,50,45,28
16,0,8,44,34,36,40,3,14,23,24,27,45,50,58,38,47,35,39,30,4,56,7,21,1,41,52,10,60,43,2,54,49,48,57,13,61,59,11,26,18,15,20,46,9,6,28,62,31,42,19,32,17,33,63,53,25,22,55,37,29,51,12,5
34,30,36,25,38,22,39,55,50,31,13,15,44,60,46,61,41,19,54,20,56,0,43,3,52,23,11,21,6,58,53,9,45,1,28,51,17,14,37,7,47,42,35,57,16,29,4,63,48,5,27,18,12,62,24,49,32,59,33,8,40,10,2,26
11,15,7,59,25,52,53,9,37,49,8,20,3,36,32,44,47,4,17,34,26,35,30,38,13,42,39,63,46,29,23,19,22,14,57,31,61,10,16,55,58,1,24,43,41,21,2,48,45,18,28,12,54,50,33,40,56,5,27,60,6,51,62,0
4,23,48,8,33,40,58,2,38,63,53,5,22,57,32,7,34,20,41,10,21,28,35,9,36,52,26,3,51,19,45,54,14,27,44,42,31,30,39,59,13,11,43,62,15,60,37,29,12,0,49,46,47,55,61,56,24,6,1,25,18,17,50,16
16,32,42,30,63,6,1,20,21,38,36,5,24,56,17,37,51,61,58,47,53,33,7,22,34,49,27,14,60,55,57,11,13,15,19,62,40,28,29,18,0,3,4,41,54,35,23,59,31,48,26,2,25,10,52,39,43,45,9,44,46,8,50,12
17,50,24,19,34,8,11,58,1,49,14,51,45,25,2,3,35,15,44,29,59,0,41,42,36,56,39,18,61,33,20,55,32,5,54,9,7,16,30,10,38,47,22,43,46,40,28,31,27,21,12,26,53,63,37,62,52,13,60,4,48,57,6,23
44,27,55,41,20,50,29,53,15,14,39,57,30,25,5,26,0,35,52,1,22,45,17,12,13,62,6,19,42,18,63,43,7,59,34,24,60,51,48,23,10,37,3,61,21,36,31,49,9,40,33,32,58,2,47,11,46,38,54,8,16,4,28,56
34,4,39,33,41,36,30,60,51,27,17,56,47,55,8,52,24,16,13,26,11,38,12,49,3,0,42,61,23,25,31,48,58,15,59,14,63,29,32,1,54,40,21,5,43,20,19,9,22,50,62,35,37,7,28,6,18,45,57,53,2,10,44,46
8,47,10,46,39,59,14,31,6,17,57,9,28,56,11,26,27,30,44,3,7,35,62,49,48,23,43,21,40,22,1,19,0,38,4,63,33,54,12,55,34,32,16,52,13,20,58,36,53,24,2,45,18,25,50,5,41,29,15,61,51,42,60,37
18,2,3,51,35,48,62,53,50,25,34,55,36,8,47,24,40,17,38,42,30,56,15,44,10,58,9,60,14,26,6,37,12,11,22,45,4,54,41,20,23,27,57,61,31,39,1,52,7,63,46,16,33,59,28,0,49,5,19,32,13,43,21,29
23,2,37,5,30,16,33,51,63,26,48,38,40,41,27,14,1,61,56,32,58,57,45,21,46,49,7,4,36,47,31,15,42,22,53,0,62,59,9,3,11,55,52,60,50,34,25,8,44,35,20,12,17,54,28,24,39,43,19,13,10,18,29,6
57,22,47,60,43,58,51,13,10,2,24,25,29,48,41,40,46,39,23,3,52,44,55,53,36,12,33,20,61,8,59,32,16,35,56,5,28,19,27,11,1,6,4,31,21,37,54,26,49,15,63,34,38,9,30,45,14,50,18,7,17,0,42,62
4,16,33,0,42,18,34,44,27,50,63,48,30,57,25,56,7,59,28,15,40,2,54,37,1,49,24,58,55,9,6,31,19,10,12,35,5,61,11,46,20,13,45,52,8,38,14,62,39,32,47,51,60,53,3,36,29,22,17,43,23,26,41,21
50,23,45,14,46,17,20,42,61,54,56,25,32,5,12,10,40,52,11,16,63,55,15,19,57,44,27,24,33,60,2,21,22,30,29,3,7,34,47,6,4,38,35,48,13,37,26,39,59,31,36,41,1,62,9,58,53,49,43,8,51,28,18,0
24,56,34,41,25,27,52,38,22,35,16,50,28,42,45,19,61,26,54,33,3,31,5,10,11,59,17,15,32,53,58,20,29,1,36,14,62,0,7,23,30,49,18,12,13,57,60,37,39,21,8,6,63,9,43,44,55,51,4,40,47,2,48,46
26,61,32,27,13,38,5,12,49,24,34,48,42,28,47,56,10,57,21,15,17,33,19,22,58,8,44,52,41,54,45,31,50,25,29,37,16,59,18,9,2,7,55,11,14,4,63,0,51,1,43,35,23,30,60,3,53,39,36,62,6,20,46,40
60,30,34,54,41,15,23,44,46,50,45,27,1,62,13,38,14,0,3,61,52,12,26,28,36,17,31,49,57,2,19,53,35,29,9,5,51,47,8,56,58,24,55,7,22,4,40,43,18,21,59,42,48,33,39,16,11,32,37,10,20,25,63,6
35,50,36,44,7,12,14,56,22,30,51,24,47,29,15,32,60,58,53,49,2,6,11,0,26,3,42,9,20,55,46,61,19,23,27,57,33,25,21,52,16,43,40,28,54,17,38,62,37,48,34,8,45,31,13,63,4,1,41,39,18,10,59,5
32,25,30,47,12,61,31,51,23,49,60,9,8,35,1,5,20,17,22,43,41,3,39,54,7,50,18,24,38,55,13,33,16,58,6,2,44,21,40,29,4,14,56,37,15,26,11,10,63,48,36,57,62,27,45,0,59,34,46,52,19,28,53,42
43,49,16,6,55,61,13,57,41,52,25,19,31,7,29,50,45,28,47,23,58,53,26,56,27,14,46,35,20,22,11,9,59,12,15,51,5,2,0,17,3,33,1,44,10,4,36,37,24,32,40,42,60,18,48,30,54,38,63,8,34,39,21,62
39,53,9,8,27,43,60,56,57,49,2,54,21,10,52,19,17,45,5,51,38,20,37,29,14,6,59,41,7,12,4,25,23,22,34,31,18,35,24,62,40,13,30,36,58,11,33,26,16,55,0,32,44,15,1,42,47,46,50,48,28,63,3,61
2,59,24,10,13,49,12,3,45,25,35,11,41,39,33,0,27,19,20,9,31,23,36,42,32,56,48,7,14,63,46,54,61,5,6,38,17,57,8,16,21,22,52,43,18,62,50,26,34,40,15,55,53,30,58,1,44,4,47,29,51,28,60,37
2,41,6,30,4,51,42,60,52,37,24,58,17,43,40,55,10,46,47,54,13,62,34,32,44,12,7,59,29,15,33,11,27,1,36,5,50,18,23,31,26,63,22,19,57,0,48,9,35,21,3,25,38,56,16,61,28,39,49,45,53,8,14,20
8,27,37,2,10,63,5,59,32,46,38,23,30,11,51,56,3,20,16,54,29,22,19,24,42,13,53,1,36,39,9,61,55,48,35,57,60,7,6,62,28,25,34,45,0,4,50,14,47,40,43,33,18,44,15,17,21,12,58,31,49,26,52,41
15,13,24,3,47,57,29,1,16,63,25,48,42,45,33,10,20,31,11,8,28,40,14,23,44,12,37,49,60,38,51,54,22,27,26,59,41,5,39,53,4,61,35,18,34,9,32,30,17,36,58,7,43,56,50,55,19,21,2,62,46,6,52,0
21,31,32,0,39,6,63,4,43,37,34,44,8,59,12,19,5,26,58,48,2,23,22,24,47,52,38,11,42,18,10,40,3,9,28,55,35,36,51,50,27,46,53,29,7,17,57,62,41,49,60,15,30,16,13,56,14,45,33,20,54,1,61,25
63,21,52,15,0,25,40,9,33,37,24,28,26,47,31,62,44,45,42,46,2,3,57,27,17,1,6,56,5,54,59,13,58,30,10,36,20,7,23,19,22,48,32,50,51,43,29,12,53,11,16,39,41,8,34,55,4,18,38,35,60,61,49,14
38,49,0,21,32,33,45,43,56,2,10,44,3,11,34,15,35,17,7,63,13,12,42,28,60,16,1,48,53,22,37,23,55,31,24,30,20,8,39,6,9,61,18,40,36,54,58,19,27,57,5,47,59,51,4,14,41,26,25,62,50,29,52,46
0,7,8,47,55,22,50,40,49,3,35,36,45,13,30,5,61,18,29,19,24,48,2,6,44,37,59,32,57,54,12,28,31,15,4,34,33,52,9,10,38,27,41,56,58,46,23,20,53,43,42,39,63,51,21,14,62,11,60,17,1,26,16,25
26,6,54,17,41,30,19,16,10,28,3,51,45,48,49,44,43,1,37,53,11,57,21,40,34,5,36,39,22,8,59,38,63,12,55,15,52,61,2,31,25,27,13,35,18,7,56,50,29,60,62,32,33,58,47,9,42,14,46,23,4,0,24,20
1,32,53,50,60,49,5,33,19,18,58,42,56,2,51,28,14,40,9,24,20,38,16,30,35,4,31,12,48,21,8,45,43,0,63,29,3,55,46,25,62,7,61,26,39,22,36,23,13,27,34,6,52,17,15,37,57,10,59,41,54,11,44,47
53,35,17,12,59,16,31,24,14,22,30,47,34,27,38,1,49,26,25,0,37,48,6,44,2,19,56,28,58,55,15,33,4,39,60,18,45,40,54,62,32,29,7,63,36,9,52,51,11,5,23,57,61,41,42,43,3,10,20,50,46,8,13,21
50,47,12,18,58,35,39,3,9,44,17,26,43,20,5,41,6,38,4,15,0,11,16,37,45,52,56,8,29,62,13,2,51,60,48,24,7,14,49,33,57,59,55,30,46,54,28,53,25,23,31,42,1,21,40,34,10,63,36,32,61,19,27,22
4,10,23,58,28,35,17,63,45,2,49,3,42,5,53,36,20,37,6,32,7,44,27,47,54,11,50,62,56,31,24,21,59,0,41,19,51,12,8,9,16,14,46,48,55,39,15,38,26,60,52,61,30,22,25,57,33,18,40,34,29,13,1,43
12,43,22,46,5,8,53,4,0,48,56,54,55,16,49,44,11,52,25,27,32,14,36,57,51,7,26,50,38,30,40,24,35,37,2,42,62,60,1,9,63,28,13,59,15,29,23,18,34,31,61,19,41,3,17,21,39,47,10,20,6,45,58,33
9,18,50,30,45,58,12,46,22,11,14,61,2,5,43,3,54,40,33,17,7,27,39,6,23,25,1,31,0,8,35,42,4,28,34,26,55,47,51,60,49,48,44,41,13,52,57,36,19,10,59,53,21,56,37,20,15,24,16,62,63,38,29,32
7,30,13,61,16,49,8,6,44,56,36,41,21,14,33,34,27,40,1,60,52,39,5,4,53,12,2,57,25,0,46,55,35,10,9,45,58,11,28,50,59,62,24,32,47,38,29,37,23,54,3,42,26,22,18,20,43,15,31,51,48,17,19,63
32,16,25,56,5,12,6,15,18,21,42,26,53,63,55,51,29,35,47,3,31,24,59,37,52,17,14,1,46,4,49,38,7,34,61,60,20,58,23,44,50,9,33,62,54,48,8,11,39,36,28,41,22,45,27,10,0,19,40,2,57,30,13,43
40,6,4,58,34,59,50,61,27,22,3,43,31,36,42,45,12,54,13,46,5,33,20,62,49,1,2,19,51,25,8,63,48,28,47,39,55,14,7,41,15,44,35,56,26,16,18,29,11,24,37,23,53,9,30,57,21,38,0,60,10,32,17,52
27,41,43,54,35,20,57,32,5,63,1,10,40,34,15,38,39,52,14,8,62,49,25,37,58,56,48,23,0,16,51,6,28,2,47,30,21,9,29,50,61,33,11,12,22,24,42,17,44,59,36,3,4,18,26,13,45,55,53,46,7,60,19,31
40,58,38,55,32,30,54,25,34,61,20,9,52,22,46,42,27,63,13,53,5,45,47,41,43,56,26,28,7,6,11,3,12,16,49,10,57,60,39,29,15,1,24,59,51,48,62,35,0,8,17,50,4,23,33,36,31,14,21,18,2,19,37,44
61,35,21,17,55,9,4,7,8,3,13,39,33,29,43,30,32,10,6,50,28,31,34,60,23,53,0,40,52,45,1,47,24,51,16,27,44,5,49,22,18,2,19,63,41,42,12,25,37,48,56,57,38,59,62,54,58,20,15,46,26,14,11,36
5,63,45,35,29,31,21,23,54,8,47,50,58,28,33,26,15,16,41,2,27,17,6,32,56,1,53,51,42,24,59,48,3,4,13,40,12,0,52,38,22,57,44,34,19,39,30,20,36,7,61,9,10,25,43,11,62,18,49,60,55,14,46,37
29,30,55,54,53,33,38,43,50,10,2,28,22,31,20,52,19,51,45,11,39,1,23,40,35,41,42,25,0,37,36,49,63,6,21,5,60,3,46,9,7,14,44,47,61,8,26,62,27,13,34,32,57,24,18,12,56,15,17,48,58,4,59,16
55,51,16,26,43,24,49,50,25,2,58,37,10,42,14,12,15,54,34,4,20,18,63,19,22,28,53,30,23,9,13,56,60,31,46,5,52,1,21,36,3,29,48,40,11,27,41,32,39,0,33,47,59,35,6,44,62,8,17,61,57,7,45,38
59,35,43,45,33,51,21,1,18,16,30,12,19,11,27,34,5,25,44,7,10,56,6,63,20,8,28,29,4,41,23,14,54,3,26,32,38,58,50,37,57,31,52,24,48,13,36,61,46,2,40,15,17,53,9,22,60,42,47,39,62,55,0,49
25,0,41,17,49,47,10,40,45,2,54,44,51,21,3,46,35,63,59,12,1,11,31,58,26,28,24,13,42,33,56,43,37,23,55,48,22,20,19,32,4,9,60,18,7,36,16,29,34,50,53,15,8,62,30,14,27,5,38,6,52,39,61,57
62,51,30,26,56,12,27,45,8,44,49,32,40,3,52,33,31,17,41,53,38,15,54,60,48,36,55,47,22,6,28,58,46,7,29,0,19,34,10,39,61,18,57,23,20,25,13,42,5,4,2,35,63,11,43,16,24,59,1,14,37,50,9,21
45,55,30,15,49,6,11,8,43,35,60,38,16,0,59,18,48,2,52,34,58,22,47,9,14,33,53,37,1,3,21,17,61,44,25,31,29,7,13,28,24,41,36,26,10,50,4,54,5,63,42,12,56,57,51,19,23,62,27,32,39,46,20,40
35,10,47,61,57,26,56,60,54,9,39,0,6,53,59,46,3,28,41,40,7,1,37,4,11,51,43,31,32,25,34,44,55,20,63,16,19,50,12,49,17,36,42,30,33,45,23,58,48,29,38,5,62,2,13,52,15,14,24,18,8,22,21,27
13,12,23,7,44,50,1,26,37,38,61,0,29,17,9,56,8,60,43,24,25,42,19,2,36,22,53,33,10,57,62,48,16,52,51,63,30,58,39,54,3,14,18,4,15,32,34,21,41,28,59,47,5,11,46,35,6,49,45,40,31,20,55,27
46,41,13,31,25,1,4,32,11,60,7,9,16,45,22,24,40,2,14,20,18,28,21,59,47,3,38,0,48,51,6,35,53,23,55,49,8,58,30,39,29,34,27,15,62,17,12,37,54,36,57,56,5,19,42,43,10,33,44,61,50,26,52,63
49,29,11,44,6,35,42,33,41,10,38,7,51,47,52,13,8,30,46,50,3,63,25,22,12,4,54,23,0,45,14,27,36,24,26,5,59,17,39,1,21,28,31,34,2,56,58,53,19,9,37,62,20,55,16,48,18,61,57,15,43,60,32,40
25,61,49,1,53,20,55,43,17,51,32,13,60,26,7,33,10,12,34,29,21,40,22,62,63,41,9,2,11,14,18,46,15,56,28,57,47,48,0,8,3,36,52,27,30,59,6,19,4,58,24,37,45,50,31,42,16,44,23,54,38,5,39,35
24,25,30,15,13,10,52,58,26,38,35,37,6,9,47,1,14,43,8,36,17,42,59,39,16,63,60,3,32,48,41,4,53,46,21,51,62,33,31,56,34,7,45,11,22,27,23,40,12,2,19,18,0,44,28,57,29,61,49,20,54,5,50,55
53,30,37,5,63,51,28,4,45,36,52,18,47,60,20,46,49,9,50,40,3,29,58,59,57,13,19,15,48,35,11,12,0,31,33,27,7,26,24,62,17,8,56,44,10,16,42,6,61,41,43,21,25,23,34,54,22,32,39,55,1,14,38,2
9,5,50,22,52,58,33,51,57,61,35,2,56,20,39,7,31,62,46,0,41,4,43,25,32,44,53,28,10,3,63,11,17,60,15,42,19,45,26,38,24,1,37,34,13,47,23,8,16,27,40,18,59,29,48,36,54,55,21,49,30,12,6,14
19,13,28,36,43,58,16,3,30,31,56,53,1,33,4,7,48,21,62,60,34,55,24,14,39,46,23,0,17,29,40,22,63,37,2,50,54,44,61,47,25,5,59,51,11,45,35,10,32,8,9,52,49,41,42,15,57,6,38,26,27,12,18,20
16,62,63,1,21,23,50,6,32,37,47,52,19,10,42,25,45,36,34,40,0,35,38,9,7,57,33,3,5,51,28,48,24,53,27,13,54,55,22,44,29,41,59,26,17,8,20,58,43,31,4,2,49,30,61,56,11,14,15,12,60,46,39,18
56,9,19,3,1,20,12,22,52,38,4,13,55,16,0,24,59,54,57,30,32,42,39,46,58,37,53,63,44,25,2,6,5,43,28,21,41,35,26,7,33,27,31,15,47,17,36,34,50,14,18,23,48,10,51,40,49,11,60,45,61,29,8,62
8,32,3,18,48,23,40,38,17,51,56,46,2,49,6,44,19,7,21,10,47,4,5,27,20,9,25,16,11,31,28,37,50,29,61,54,63,59,53,24,33,62,35,58,30,13,45,43,42,60,1,0,22,36,57,34,26,55,14,41,12,52,15,39
43,33,34,53,50,29,23,0,6,26,59,17,31,13,7,5,22,46,56,60,12,42,40,63,9,37,18,21,39,27,20,51,47,57,62,52,38,49,24,58,54,48,2,14,61,32,35,30,4,10,19,11,28,36,45,3,44,41,1,55,8,15,16,25
2,16,23,59,58,0,56,3,63,14,38,36,48,27,6,51,31,13,28,34,53,30,35,10,15,43,60,42,17,49,4,39,25,47,24,33,44,8,18,9,29,22,50,52,5,32,37,7,55,54,20,62,21,40,61,57,19,1,45,46,11,41,26,12
9,62,28,60,63,10,59,39,61,38,29,33,42,8,40,7,2,20,4,44,30,21,31,23,25,6,37,57,13,45,36,26,56,46,27,51,18,35,14,52,50,55,16,22,32,0,34,54,3,47,5,17,48,43,12,53,24,11,58,19,15,1,41,49
61,24,28,49,11,63,59,15,19,36,56,32,40,38,43,14,48,22,4,62,46,26,31,30,39,42,44,37,57,25,12,20,9,13,58,16,5,21,27,0,7,55,45,41,53,51,6,8,54,18,35,33,17,47,52,3,10,23,29,2,1,60,50,34
6,12,10,56,40,43,24,59,16,41,44,39,45,33,18,2,25,62,3,51,4,5,57,17,47,7,58,49,50,15,27,36,26,63,14,60,52,23,13,28,0,11,31,61,8,42,35,55,53,34,19,48,20,38,37,1,29,21,54,9,46,22,32,30
30,24,32,25,57,1,38,61,28,29,15,45,31,46,33,48,23,4,34,51,11,50,55,59,53,9,3,0,54,13,43,19,60,6,62,14,7,39,5,18,35,8,12,27,26,41,10,37,20,52,17,16,47,58,44,2,21,40,56,36,22,63,49,42
54,46,15,26,50,7,55,39,18,38,25,60,29,61,35,52,10,1,14,59,36,42,5,48,3,56,44,19,8,23,47,21,62,12,20,34,58,49,40,51,11,6,31,16,37,9,28,45,63,0,22,27,2,4,17,24,33,57,13,30,41,43,53,32
43,5,59,48,9,24,10,58,51,63,37,3,13,42,32,6,45,33,26,56,25,29,30,21,36,12,0,22,20,41,44,17,49,60,39,27,52,7,19,2,47,14,61,54,38,16,46,31,50,57,55,18,4,28,1,11,53,40,62,23,35,15,34,8
22,24,56,29,52,18,41,46,0,4,14,53,26,60,51,21,10,50,40,49,7,1,17,12,61,2,36,13,42,8,30,44,45,47,15,23,48,3,16,39,34,58,11,38,35,57,33,55,5,20,62,6,27,28,31,54,32,43,63,19,59,37,9,25
9,53,1,48,22,57,34,63,33,59,36,26,13,52,45,7,35,27,5,11,42,47,55,30,40,16,54,12,50,60,61,62,21,39,18,46,19,24,44,4,2,10,14,25,28,6,23,32,56,49,20,29,31,58,38,0,8,3,37,17,41,43,15,51
9,15,61,49,41,20,30,25,38,48,58,27,19,37,36,6,51,29,54,1,42,18,32,21,13,60,0,2,47,44,22,57,59,34,62,23,24,45,12,43,26,10,14,11,31,39,52,3,63,5,28,17,40,56,33,16,46,7,35,50,8,55,4,53
49,58,10,55,60,35,29,48,27,47,42,39,25,31,57,14,6,63,54,32,5,36,41,30,15,4,9,44,34,37,16,43,51,0,12,7,52,62,38,59,23,28,53,20,19,13,61,46,1,40,2,17,8,45,21,56,33,50,24,3,26,11,18,22
5,32,43,63,54,48,14,9,36,33,11,21,31,26,50,7,51,16,3,2,1,46,37,39,35,19,0,27,8,30,62,55,60,40,58,10,23,6,29,47,28,17,4,12,45,15,25,20,13,41,53,18,44,42,59,38,49,57,52,22,34,56,24,61
5,30,29,0,23,54,58,2,26,59,18,38,27,44,14,51,37,56,41,17,50,42,43,24,60,33,15,8,63,4,7,55,20,39,13,16,53,34,52,3,9,57,47,46,12,21,62,35,61,31,49,48,32,1,10,45,40,11,19,36,28,25,6,22
33,9,5,56,34,48,44,17,60,63,52,43,8,3,22,40,15,11,24,47,18,0,61,32,27,23,62,19,35,29,36,54,38,4,45,16,31,10,50,39,59,1,53,13,7,28,51,46,25,41,14,26,6,2,49,37,55,12,21,42,58,30,57,20
23,30,45,13,52,1,14,10,53,29,51,57,2,62,0,61,5,12,43,58,59,8,37,49,4,3,55,60,46,17,26,16,6,18,21,7,19,40,22,9,38,42,63,24,47,27,11,31,32,33,36,28,44,20,15,34,39,35,25,54,41,56,50,48
16,14,12,38,63,28,44,47,25,19,58,35,45,13,6,43,56,11,61,17,55,54,18,32,1,3,10,30,39,33,57,8,42,51,15,50,21,2,36,24,34,59,5,20,0,26,40,4,60,48,37,49,9,41,31,23,53,22,46,62,27,29,7,52
46,23,2,55,15,59,56,32,5,62,52,24,29,3,0,33,44,37,7,19,6,40,13,48,31,49,60,34,58,4,63,11,17,10,25,54,57,36,41,27,12,42,16,30,26,20,14,51,38,35,61,1,8,9,50,53,21,47,45,39,22,18,28,43
29,4,26,21,1,63,6,52,2,35,16,55,23,45,38,57,61,25,60,62,51,18,9,17,31,37,33,46,39,10,13,30,8,32,48,41,3,47,22,19,40,54,34,5,7,42,28,27,24,43,36,11,14,50,12,53,56,15,59,0,44,49,20,58
63,36,6,53,49,62,58,25,27,50,38,33,13,61,19,11,37,4,7,44,56,32,47,1,60,24,34,55,21,8,2,52,48,14,39,28,29,35,3,45,5,15,18,26,54,12,59,43,31,10,30,42,16,20,41,9,17,46,22,23,0,57,51,40
11,32,29,20,12,42,27,35,17,53,10,50,4,63,2,54,44,21,31,39,24,59,9,46,26,49,62,28,40,15,56,23,33,57,14,55,37,8,60,25,6,7,3,16,48,51,5,61,22,41,0,13,52,1,45,43,19,58,38,18,30,47,36,34
20,37,28,35,63,23,55,51,19,7,27,18,39,42,44,0,54,36,17,59,21,60,6,56,13,62,46,9,38,40,10,34,61,11,47,22,24,57,5,50,43,48,30,1,12,49,15,2,45,3,29,32,14,41,16,52,25,58,4,33,31,26,53,8
33,2,48,14,16,18,1,35,59,61,34,24,20,60,10,13,19,8,17,3,31,54,62,9,36,7,15,0,50,58,39,28,57,40,11,47,43,42,25,44,38,6,45,23,46,30,32,63,53,37,12,27,49,51,52,5,29,26,41,55,56,4,21,22
23,56,38,39,57,63,6,31,60,48,7,27,55,25,29,35,53,4,0,30,40,51,59,9,54,5,12,46,24,36,1,47,17,10,41,32,15,21,22,34,26,45,8,14,2,44,19,11,61,37,18,28,43,3,52,16,20,50,33,62,49,58,13,42
49,52,12,41,28,20,53,11,61,2,62,4,9,38,22,27,25,0,55,29,17,19,63,43,44,16,48,42,23,14,51,3,18,45,5,33,40,47,37,6,46,57,30,50,21,26,58,36,10,54,35,34,7,60,56,39,32,15,31,24,13,59,1,8
16,59,17,48,28,29,13,61,54,26,32,36,41,37,47,43,22,60,19,18,30,57,23,7,52,62,46,53,25,12,31,15,11,63,9,45,55,5,10,3,14,49,33,4,6,42,27,35,44,38,24,39,8,2,58,56,40,20,50,51,21,34,1,0
28,22,12,33,44,16,20,38,15,56,50,3,6,34,31,48,18,49,32,21,53,39,47,55,25,26,51,4,37,57,2,52,35,45,27,1,24,46,29,30,63,5,60,19,40,61,14,23,10,13,58,59,11,43,0,9,41,8,42,36,17,54,62,7
23,41,19,34,54,51,36,58,50,29,42,30,9,27,12,3,1,16,60,22,63,47,13,49,25,5,56,61,24,39,15,59,11,14,62,53,37,7,32,38,8,21,10,40,48,20,0,57,18,4,55,17,26,2,45,33,46,43,6,52,31,44,35,28
29,52,33,3,41,40,20,15,38,63,23,45,14,6,0,11,46,50,34,27,24,35,62,13,49,55,57,47,10,4,54,30,43,21,9,8,61,36,2,39,22,53,31,37,17,32,19,12,1,44,56,5,42,25,51,48,16,28,7,59,18,58,26,60
38,26,44,30,9,61,20,11,24,63,31,18,35,10,60,29,59,46,4,47,57,28,12,22,49,41,54,14,2,42,43,32,56,58,48,19,27,25,13,53,40,45,34,6,23,50,37,51,36,16,1,5,62,0,52,8,39,17,55,7,21,33,3,15
19,44,30,3,21,33,38,2,51,63,20,32,35,0,31,8,57,36,43,55,62,47,58,59,28,37,11,40,49,13,53,22,54,7,24,9,61,42,4,60,48,14,34,56,16,23,45,10,6,27,41,52,25,39,50,18,17,26,1,46,12,29,15,5
53,45,32,43,17,52,37,0,56,15,23,13,2,12,30,63,3,40,8,47,34,38,6,19,31,22,4,10,58,61,39,46,21,20,7,35,16,27,24,26,50,36,18,28,51,49,54,33,14,60,42,57,11,1,5,29,9,41,44,59,55,48,25,62
1,13,0,52,48,50,56,57,33,5,4,30,26,31,18,15,32,41,34,12,14,44,54,20,45,25,35,38,46,10,62,63,22,60,17,9,19,36,24,53,59,47,51,21,49,55,6,28,11,42,2,8,27,3,23,39,61,58,40,16,37,29,7,43
49,6,24,20,35,16,41,62,3,8,48,2,51,10,44,5,46,56,42,0,28,4,1,30,39,31,50,18,27,45,58,55,37,43,17,21,34,33,57,14,54,32,9,7,23,13,11,15,22,60,25,40,63,61,38,53,12,19,26,47,59,36,52,29
10,63,43,9,50,56,3,15,12,31,34,8,28,17,26,46,32,22,18,5,62,36,0,25,20,52,42,41,47,39,40,61,1,27,24,21,13,37,16,6,19,7,53,60,49,54,57,29,23,44,33,35,58,48,2,38,59,55,4,51,45,11,14,30
42,23,13,53,56,63,32,19,36,6,4,44,8,2,51,25,15,39,20,55,49,38,61,14,43,1,10,12,29,59,54,40,34,48,47,26,11,16,58,62,5,21,52,50,17,28,33,31,35,27,3,45,24,0,57,22,30,18,60,37,9,7,41,46
10,32,29,63,30,41,60,54,46,6,18,62,48,15,25,34,37,5,61,9,16,45,17,24,1,49,38,7,58,4,0,42,31,27,3,11,23,51,53,59,12,13,21,8,26,33,20,47,28,50,57,22,44,52,14,56,36,55,19,39,35,43,2,40
61,4,8,33,51,34,21,0,40,54,27,20,52,11,6,58,57,32,41,16,29,55,50,42,26,37,56,43,23,14,62,25,15,38,24,60,1,39,46,53,19,12,18,17,10,9,13,5,48,22,28,30,47,49,7,44,36,2,31,45,59,63,35,3
27,23,8,41,5,58,55,19,51,25,12,50,30,60,29,2,15,38,33,43,24,49,22,34,11,56,4,45,14,59,6,63,46,9,62,3,13,10,26,21,18,40,42,31,52,20,35,57,0,28,44,17,54,48,39,1,37,47,32,36,61,16,7,53
63,6,3,29,2,51,7,21,62,28,56,54,60,57,59,43,18,27,31,38,14,20,44,37,39,9,45,8,0,12,33,1,25,50,11,58,49,40,30,52,53,34,13,41,15,16,24,19,42,23,22,32,5,35,4,46,61,55,48,17,36,10,26,47
21,10,31,23,54,2,41,56,42,36,35,39,29,44,46,27,43,25,18,5,50,24,8,55,6,7,38,30,14,40,28,61,4,45,1,11,17,49,33,12,32,9,57,52,3,20,16,47,37,58,26,13,22,0,51,15,34,62,53,60,19,59,63,48
31,1,40,57,27,34,32,5,15,60,13,48,8,50,6,19,35,26,39,2,46,10,38,36,47,53,22,12,30,59,51,45,37,42,54,52,11,43,23,61,63,29,58,20,18,55,16,4,24,62,44,56,49,7,0,9,21,25,17,33,14,28,3,41
51,14,29,62,1,32,55,17,23,15,46,21,49,13,28,48,44,47,4,33,60,30,35,45,8,25,53,11,56,42,61,9,31,2,34,37,59,22,26,0,18,40,27,10,57,43,50,38,58,6,63,20,5,19,52,12,3,7,36,54,39,41,24,16
21,10,30,9,42,27,6,39,55,14,62,25,38,17,28,48,34,36,32,8,58,1,20,18,16,45,57,31,22,52,0,59,29,37,11,51,50,26,2,41,4,53,47,43,19,12,56,3,60,24,13,49,46,23,61,44,40,35,15,5,33,54,63,7
39,43,19,61,5,59,35,11,56,15,44,24,20,26,53,1,57,21,31,42,49,27,12,34,9,17,18,40,16,55,63,50,38,14,54,6,23,25,0,60,58,46,22,28,3,13,52,36,45,10,7,2,4,48,51,62,29,47,33,30,32,37,41,8
55,3,56,41,49,0,29,59,7,23,14,36,35,21,6,28,31,53,8,12,27,4,61,24,32,1,34,18,39,40,58,30,33,42,15,52,13,20,46,60,63,47,50,48,26,38,2,5,10,19,25,62,11,51,45,54,44,17,9,43,16,57,22,37
28,30,16,0,22,9,44,58,48,49,34,52,41,51,6,46,1,38,62,13,21,42,61,2,39,53,32,10,56,15,36,24,18,5,29,63,7,60,19,4,43,20,3,35,27,37,50,17,25,47,31,40,59,55,26,45,54,11,8,14,57,33,12,23
12,0,2,17,8,3,10,6,41,19,52,23,24,59,25,21,13,45,60,9,32,22,7,38,49,29,18,27,55,28,31,37,34,50,39,62,43,16,20,44,48,5,1,4,26,61,53,42,15,40,33,54,58,57,14,51,56,30,11,35,47,63,36,46
46,41,34,2,40,27,50,0,52,43,20,56,51,60,42,33,14,62,36,39,45,48,22,10,28,4,1,12,54,47,5,38,49,21,30,55,26,37,18,59,9,8,32,58,57,31,11,25,3,17,44,24,29,53,16,63,19,61,7,13,15,6,23,35
35,52,25,3,28,8,60,43,58,21,13,6,23,17,62,45,49,7,33,36,34,26,19,10,59,27,46,57,55,42,16,54,22,39,53,29,44,18,9,12,24,38,47,61,31,1,48,41,56,37,4,63,30,15,51,40,14,0,32,2,11,5,20,50
12,61,31,63,25,20,52,3,11,42,8,41,30,39,45,40,60,16,46,57,28,4,47,6,13,26,29,55,2,5,15,51,58,27,19,18,38,54,17,44,37,43,48,1,24,49,50,0,10,53,9,36,22,33,23,62,7,32,21,34,56,14,35,59
36,20,13,6,51,42,46,5,33,32,55,25,17,4,30,19,8,45,53,44,0,7,22,61,48,50,34,47,60,52,31,23,37,9,21,1,15,38,41,54,3,40,10,43,28,59,56,63,24,29,12,16,62,57,27,58,35,18,49,26,2,39,11,14
52,7,11,23,8,53,57,56,13,48,34,18,54,29,39,27,36,28,43,15,33,61,0,47,49,63,19,14,42,44,22,51,46,25,6,16,4,40,50,2,3,58,59,20,17,24,60,62,9,35,37,1,31,12,5,55,30,10,38,26,45,21,32,41
36,46,58,18,41,24,35,6,12,29,14,40,38,22,50,8,16,34,31,28,32,2,43,39,45,53,63,54,62,27,26,23,48,47,4,56,30,0,55,5,61,7,21,1,17,52,19,42,9,20,33,59,49,25,60,15,51,3,44,57,10,11,13,37
11,26,13,5,29,48,31,21,6,17,10,36,37,51,30,3,12,4,57,22,41,46,39,47,55,34,0,1,62,59,28,42,19,16,23,56,58,32,40,49,18,54,2,53,43,20,14,45,33,24,8,61,44,38,35,9,52,50,27,15,63,7,60,25
2,20,21,8,23,3,60,25,1,47,32,59,40,46,49,34,15,55,30,16,7,61,29,6,19,50,51,53,17,44,0,43,41,39,13,62,14,36,11,12,48,22,9,5,27,4,35,58,31,24,26,37,63,33,18,10,38,54,57,42,56,28,52,45
54,27,5,32,46,2,59,45,58,52,16,42,31,12,40,29,49,38,56,30,28,9,50,10,25,34,1,0,7,6,21,13,41,24,11,36,35,51,17,23,19,48,33,14,44,22,8,53,4,26,43,37,15,39,62,60,3,55,47,20,61,63,18,57
22,52,47,33,30,2,16,3,1,46,42,11,31,8,23,58,49,10,59,17,6,25,24,27,48,15,19,7,12,55,28,51,40,4,62,9,56,26,54,21,0,44,20,34,53,14,37,5,50,57,63,13,18,45,35,60,29,32,36,41,39,38,61,43
37,63,24,10,62,58,32,59,0,12,21,28,29,48,40,20,56,26,61,15,19,46,27,6,53,52,54,18,49,43,5,35,47,50,39,7,2,3,23,30,57,25,13,1,9,42,41,17,38,4,34,14,33,8,36,51,60,22,16,45,11,31,55,44
34,35,10,9,26,25,42,39,21,30,22,20,49,28,48,7,8,56,29,63,61,38,33,40,27,4,55,46,54,15,1,52,57,3,50,37,13,51,18,2,36,58,59,12,23,24,32,43,31,6,0,47,41,11,45,14,53,60,19,16,62,5,44,17
41,35,8,23,61,51,17,14,16,63,57,28,39,44,26,47,37,48,7,45,9,6,34,50,30,13,10,24,27,49,22,29,53,25,21,5,19,18,3,43,62,42,12,56,1,36,58,60,55,40,52,32,54,31,11,15,20,0,4,59,2,38,33,46
57,40,43,17,47,26,36,34,62,37,13,24,15,52,63,41,8,27,19,21,14,35,12,61,58,56,45,53,6,16,49,1,9,5,33,46,38,20,4,18,0,2,55,23,51,10,7,11,48,3,22,50,25,60,59,31,28,44,30,32,54,42,29,39
42,50,63,57,20,26,52,56,33,18,13,4,2,32,37,38,43,28,12,16,14,48,45,22,39,3,7,25,8,61,27,0,54,55,6,62,31,47,11,46,10,59,36,17,58,5,9,29,21,23,34,51,49,1,15,40,19,35,24,53,41,30,60,44
29,9,39,36,59,12,55,37,19,14,6,31,25,20,3,28,30,57,58,46,26,7,16,42,34,32,17,27,10,22,13,0,60,63,2,43,61,21,48,5,35,47,44,40,18,24,50,41,54,8,62,33,52,23,53,49,56,45,15,51,1,4,11,38
24,23,59,47,25,31,2,36,12,21,38,18,54,44,51,42,32,63,41,45,46,53,1,40,35,0,28,8,5,49,57,61,10,4,56,34,39,58,43,19,26,48,17,33,29,52,27,22,30,9,3,55,6,16,50,14,37,11,20,13,62,60,15,7
38,28,30,23,20,10,43,39,46,0,8,7,37,29,21,14,33,4,60,1,58,32,55,35,41,45,54,3,15,51,36,6,62,48,27,25,50,18,57,16,26,24,34,19,52,56,12,42,61,5,40,59,31,17,53,49,11,63,47,22,2,13,9,44
43,36,24,25,9,41,4,27,1,50,51,6,47,55,0,3,60,32,8,49,62,34,2,35,46,20,29,45,61,48,57,13,18,11,7,54,52,39,26,63,19,22,14,44,58,5,12,17,59,10,53,23,31,30,16,21,38,56,37,15,28,42,33,40
9,33,54,58,40,0,49,8,2,29,4,46,26,36,10,57,44,53,51,47,61,3,21,32,39,59,20,1,22,48,55,35,50,7,41,52,5,19,17,28,6,37,23,45,34,13,63,56,30,11,15,18,38,24,31,16,43,14,60,42,27,12,62,25
40,39,18,61,62,34,38,2,11,50,22,24,43,7,26,41,16,33,1,23,31,59,51,47,58,54,32,6,27,17,57,44,30,19,49,36,46,3,37,52,14,15,28,25,60,12,63,21,8,5,13,4,53,0,9,29,55,56,10,48,20,35,45,42
58,63,0,47,50,10,33,2,26,28,51,39,12,36,3,18,24,41,1,25,31,42,13,37,53,19,5,49,52,23,62,14,43,35,21,54,44,60,57,46,29,7,34,45,38,55,4,59,17,27,11,6,8,9,32,22,15,30,40,61,16,20,48,56
56,29,49,35,47,5,44,20,26,15,52,25,62,34,10,55,23,42,32,38,43,48,3,58,50,4,16,22,53,19,51,17,2,18,1,40,41,61,37,30,12,45,14,6,39,21,9,36,59,0,57,11,7,31,24,54,28,8,27,13,33,46,60,63
41,40,16,5,22,57,54,8,33,56,62,36,52,63,1,10,35,37,24,6,17,28,43,12,30,31,61,51,18,0,2,45,19,7,21,9,25,13,32,4,23,48,60,29,44,26,58,3,50,59,47,11,15,20,53,38,34,46,55,27,39,49,42,14
48,5,50,37,55,53,46,44,16,39,57,15,45,61,36,0,30,31,29,21,42,32,12,22,24,35,43,14,52,63,8,18,23,33,27,25,40,6,34,10,13,3,19,41,56,59,11,9,62,1,28,47,58,54,49,17,26,4,60,51,20,2,38,7
53,44,60,40,41,4,13,54,61,15,0,17,35,62,1,49,22,20,5,16,32,31,51,3,48,11,18,6,36,12,45,52,10,42,28,58,29,37,30,25,19,43,7,2,50,34,23,56,9,26,46,57,63,59,8,21,27,55,24,14,39,33,47,38
11,14,29,5,1,52,39,20,50,51,53,35,60,41,16,27,7,62,4,17,61,25,49,38,58,30,54,22,42,18,28,47,43,0,33,36,15,48,37,45,63,2,23,13,46,44,40,6,59,26,8,19,55,32,24,10,34,31,12,56,3,21,57,9
36,59,57,44,54,63,0,11,49,17,29,24,9,30,16,12,55,51,47,21,61,4,62,5,25,39,19,14,46,7,18,10,52,23,28,38,33,32,8,6,13,43,60,20,34,56,40,35,53,3,2,31,41,26,45,48,15,27,22,58,37,1,50,42
12,18,58,62,39,38,30,26,47,59,28,60,55,32,7,51,14,48,36,10,4,49,33,46,29,25,44,43,57,45,23,31,17,50,24,53,16,0,15,34,27,40,5,19,3,1,63,37,42,2,21,35,11,6,13,22,41,20,54,52,56,9,8,61
60,24,19,54,5,63,17,32,21,59,43,9,11,41,2,39,20,51,14,56,61,53,12,58,0,55,62,49,6,42,13,23,36,7,26,38,10,31,8,28,37,4,15,29,3,48,45,57,50,33,30,27,46,16,35,52,40,18,34,44,22,47,1,25
10,61,42,19,5,35,4,8,23,2,63,55,18,21,56,62,3,48,22,1,53,7,26,39,16,50,41,6,31,54,25,24,58,0,33,36,37,9,11,13,47,34,27,49,44,28,20,30,14,60,38,59,12,45,46,52,51,29,43,40,15,57,17,32
10,60,53,28,9,32,63,61,33,3,5,16,49,55,41,2,12,0,24,29,20,23,45,31,15,35,38,58,62,54,48,4,51,17,46,18,7,44,43,8,14,39,42,59,6,19,25,30,13,34,22,50,57,36,27,26,47,37,1,21,52,11,56,40
12,14,38,43,28,36,7,25,20,19,31,24,52,17,51,54,1,32,0,62,42,10,45,4,37,33,58,55,48,27,53,57,6,16,34,47,44,9,61,49,59,3,2,41,35,50,22,30,39,46,11,18,40,13,15,29,60,26,8,23,5,21,63,56
0,57,56,54,3,24,10,51,53,27,44,40,48,22,8,9,26,12,61,37,45,41,47,35,52,5,7,6,33,34,50,16,42,21,19,62,15,1,25,31,13,4,36,39,49,29,55,46,43,38,14,20,23,63,59,60,32,2,30,18,11,58,17,28
6,24,60,45,17,49,11,25,43,40,2,3,13,14,23,53,63,18,30,44,7,51,28,47,0,9,56,36,48,8,15,55,32,10,20,42,59,58,26,31,12,29,19,57,41,39,38,50,1,27,34,16,52,5,37,4,35,54,33,62,61,21,22,46
28,26,8,62,34,17,5,24,56,36,60,1,31,3,15,11,47,30,55,4,58,57,37,59,2,44,48,52,25,50,61,20,14,22,32,39,12,19,45,63,41,43,38,54,9,13,51,40,49,29,21,23,10,33,6,27,46,18,7,53,16,0,42,35
0,6,35,5,34,53,3,60,49,45,41,33,12,48,27,2,58,16,32,23,9,28,59,24,57,42,20,19,21,39,56,8,22,1,31,18,29,13,17,46,14,55,40,47,25,51,38,43,7,50,44,4,62,37,61,52,63,15,26,54,36,11,10,30
18,61,43,10,42,27,20,50,45,26,52,47,9,2,31,60,36,53,19,3,48,57,32,54,63,35,6,62,15,4,58,38,0,44,39,34,7,16,55,17,12,33,56,29,14,37,28,49,25,8,22,41,5,59,30,21,1,23,51,13,46,40,24,11
7,21,34,50,13,53,47,40,35,18,11,20,10,32,24,59,58,60,3,15,6,27,26,57,45,29,55,2,30,16,51,62,44,56,61,48,14,22,42,5,38,49,33,17,46,9,36,54,12,31,41,39,28,25,1,63,19,23,52,43,37,4,8,0
26,44,8,23,62,55,25,16,1,52,35,41,12,13,0,39,4,45,17,42,47,49,63,7,38,15,51,14,27,28,43,59,24,56,20,19,36,31,46,29,54,58,60,18,40,10,21,32,30,61,22,34,2,53,33,57,5,3,9,6,48,37,11,50
34,10,9,26,54,40,55,46,51,39,63,31,8,53,22,30,19,25,6,57,36,23,13,56,52,62,44,11,28,1,59,61,27,5,18,35,41,48,47,42,17,24,45,32,4,3,12,38,60,37,43,15,29,14,58,21,20,49,2,50,16,7,0,33
20,31,10,44,18,56,22,2,30,48,32,53,5,59,29,50,27,45,1,63,24,26,39,15,35,46,19,47,6,14,3,58,33,51,8,4,28,37,16,21,17,54,41,43,0,9,13,11,38,52,42,55,62,57,7,25,49,34,61,12,60,40,23,36
37,11,28,38,41,19,8,33,53,57,16,21,47,45,48,15,40,30,62,1,60,10,52,4,14,5,56,55,42,35,50,43,29,23,61,18,12,36,31,39,24,51,20,27,58,34,44,49,25,54,2,59,26,32,22,6,46,3,17,7,9,0,13,63
40,18,29,23,37,48,38,39,2,41,13,52,61,25,46,22,0,30,5,1,4,19,20,56,17,36,28,60,27,24,34,42,12,58,26,49,45,50,33,57,10,35,16,21,44,3,54,9,53,11,8,51,14,31,7,62,6,43,63,15,47,59,32,55
35,62,2,58,63,51,59,8,3,23,44,13,12,5,6,25,49,15,18,38,28,1,7,42,37,46,33,54,34,45,61,0,56,29,52,19,50,40,4,11,16,24,30,55,43,60,31,27,9,53,21,26,41,48,14,32,36,20,10,39,47,57,22,17
62,20,35,61,42,21,48,12,25,10,30,40,52,3,1,16,15,34,50,43,18,41,46,22,11,56,38,23,5,47,7,24,49,0,4,55,60,9,53,29,8,17,59,32,31,51,63,2,39,28,19,6,36,27,45,58,37,44,57,26,54,33,14,13
30,63,31,43,36,16,37,28,53,41,44,52,61,3,58,38,62,24,9,54,39,6,56,51,12,45,8,2,18,50,49,23,47,57,17,25,34,26,29,35,60,19,20,21,1,0,15,14,32,48,13,7,10,46,27,22,40,11,42,33,59,5,55,4
61,7,4,36,54,39,13,37,12,41,60,34,9,10,59,46,47,11,29,16,55,5,24,23,19,30,62,35,21,1,38,27,31,0,32,25,45,18,6,50,42,40,17,43,57,53,26,58,49,3,63,2,44,15,20,33,28,52,56,14,8,48,51,22
11,7,4,35,47,21,23,8,19,58,32,52,61,1,48,59,14,3,41,36,39,53,38,57,25,44,24,18,42,54,5,20,43,0,12,34,2,22,50,27,29,16,10,31,13,49,17,33,60,56,45,37,40,46,51,63,30,26,9,28,15,6,62,55
9,20,30,25,63,42,34,40,52,11,56,0,21,32,5,3,31,16,48,8,10,15,55,47,17,49,61,19,1,51,35,22,45,60,26,13,53,39,41,54,50,43,57,38,33,18,7,29,44,28,23,24,46,4,14,62,58,6,2,59,37,36,27,12
28,63,45,22,20,3,57,2,54,13,11,25,41,50,4,35,60,44,10,34,0,1,18,27,16,62,15,5,56,9,42,33,12,17,39,23,26,29,59,21,38,55,30,40,46,53,32,61,14,43,37,19,51,49,48,36,7,47,8,52,24,58,31,6
13,7,2,23,6,33,18,49,34,17,12,0,35,39,16,4,50,46,25,45,37,56,24,9,47,38,1,57,31,32,19,61,27,22,63,3,43,40,53,30,29,62,14,8,5,55,48,36,21,26,59,44,58,60,11,28,15,51,20,54,42,52,41,10
19,6,61,42,35,58,1,53,23,22,29,44,25,12,49,57,38,7,4,55,15,50,2,48,18,17,32,8,27,34,63,62,26,3,47,36,16,24,13,43,28,9,10,33,54,51,46,37,40,21,0,39,59,56,5,41,20,45,11,52,60,30,14,31
52,43,42,19,46,47,33,55,7,49,20,31,12,15,21,22,63,16,60,3,25,5,8,48,50,34,61,40,10,2,51,56,41,24,14,23,59,53,1,13,6,35,26,4,29,28,45,9,57,17,27,38,0,18,44,58,30,37,36,11,54,32,39,62
31,41,12,7,28,36,5,63,1,50,47,46,21,17,24,54,8,0,52,27,34,20,19,4,55,26,35,49,3,18,2,10,43,45,42,57,22,61,58,59,51,60,25,38,53,40,11,33,37,32,13,44,48,9,15,56,39,30,6,14,23,62,16,29
45,34,31,35,26,28,50,22,17,49,32,61,43,18,60,59,16,51,58,6,53,47,15,39,56,63,24,46,48,23,19,12,44,27,40,62,21,3,36,14,41,10,42,52,29,7,9,38,4,37,1,0,11,25,54,55,2,20,8,13,30,33,5,57
22,37,29,50,36,52,51,31,62,48,33,43,19,16,46,38,34,57,54,56,20,47,4,59,18,14,40,0,5,8,42,13,45,55,11,23,28,49,25,9,10,6,17,26,15,30,63,24,58,39,2,61,60,7,32,35,3,12,41,27,53,44,1,21
28,23,25,50,55,13,11,30,42,7,53,29,6,57,17,44,39,24,16,49,40,8,4,0,45,38,32,26,43,15,31,2,18,54,36,56,27,63,12,60,20,47,33,62,35,19,58,41,10,9,3,37,48,34,51,14,46,21,22,1,52,59,61,5
63,61,24,43,40,7,0,57,20,60,34,44,37,12,10,49,50,1,11,14,55,47,26,33,16,41,31,29,21,59,6,8,42,54,2,32,51,3,19,35,53,36,22,13,39,17,56,62,5,52,30,9,27,4,45,18,58,25,46,38,23,28,48,15
28,30,42,33,20,58,2,51,44,4,27,32,45,63,18,16,21,22,62,54,11,1,60,19,24,46,61,23,12,10,3,40,14,17,25,8,37,56,13,7,43,9,29,31,0,47,34,6,48,35,41,53,52,5,59,36,55,49,26,15,39,38,50,57
59,46,38,19,1,33,34,60,30,14,9,7,6,12,25,31,48,24,63,50,42,27,22,28,52,18,43,53,39,57,17,49,58,29,40,36,15,54,55,41,51,0,8,32,21,56,26,20,61,37,11,62,47,4,3,45,35,10,44,5,2,13,16,23
5,8,47,1,32,46,39,60,0,31,27,52,24,30,22,51,10,6,45,58,41,43,56,55,25,20,12,50,57,14,36,21,18,54,2,23,26,19,37,48,34,44,63,33,42,7,13,59,4,53,38,28,49,29,16,11,62,35,61,9,40,3,15,17
18,35,41,11,29,24,50,58,43,22,23,13,59,56,3,60,1,53,16,14,46,40,6,45,4,28,15,48,26,17,54,52,51,10,27,61,19,37,57,30,39,34,8,2,9,25,38,20,0,5,33,31,62,32,49,7,47,44,42,63,36,21,12,55
54,24,41,53,37,9,52,21,44,16,34,2,23,27,39,11,47,19,36,46,42,31,29,33,5,63,57,28,30,48,4,0,45,56,17,20,59,15,55,1,7,60,8,51,25,50,49,22,18,62,32,26,43,40,14,12,13,3,10,35,58,38,6,61
14,22,1,16,35,32,17,58,49,43,6,56,53,28,31,25,51,46,63,10,34,40,29,54,41,57,39,18,38,15,44,33,42,52,48,36,37,2,12,50,21,7,55,45,9,20,24,26,60,23,13,0,11,30,5,4,3,19,27,61,47,62,59,8
44,52,2,46,42,47,53,6,18,26,5,45,29,40,7,21,51,19,56,10,4,25,60,33,50,16,54,13,0,48,39,28,14,41,8,58,23,62,36,12,3,1,37,9,43,11,34,35,24,59,31,55,57,32,15,63,27,61,17,30,49,22,20,38
32,16,50,58,18,30,41,5,56,0,7,44,63,19,33,29,11,26,60,22,36,31,1,35,15,55,8,59,34,52,13,49,45,25,12,46,28,9,21,53,20,17,47,14,37,40,24,4,54,3,38,42,48,23,39,43,10,6,57,62,2,51,27,61
52,48,8,55,14,36,29,42,27,58,7,21,34,32,37,0,51,59,11,47,5,13,20,41,4,30,2,53,17,18,44,16,15,46,63,49,62,40,60,22,28,6,26,35,43,3,61,23,12,54,19,33,57,38,24,39,45,9,56,1,10,25,31,50
2,29,42,30,11,6,43,37,5,23,9,45,22,15,33,38,44,60,48,0,20,21,39,62,24,47,35,28,59,12,3,54,27,31,19,63,53,50,40,14,10,4,18,36,57,49,55,58,7,34,52,8,46,25,56,16,26,17,41,13,1,51,32,61
39,56,38,52,3,5,42,14,27,54,61,46,23,12,21,25,49,0,33,20,62,44,50,31,11,9,63,6,4,53,59,58,19,2,7,43,24,57,40,30,48,28,34,13,36,35,16,17,37,8,15,47,45,51,18,22,32,29,1,60,41,10,26,55
34,11,9,31,1,63,22,24,26,45,15,44,8,25,59,2,46,12,23,40,6,62,56,33,36,60,57,42,19,58,17,48,14,32,10,20,13,21,55,28,5,39,30,35,43,18,3,37,49,47,50,53,7,0,38,52,27,51,16,41,61,54,4,29
14,54,0,6,39,1,13,55,33,46,47,8,60,45,56,26,42,34,43,61,63,5,12,9,31,4,3,15,2,17,7,35,10,25,48,20,59,22,62,40,28,44,57,29,18,49,32,36,11,38,53,30,19,16,24,37,23,27,41,21,50,58,51,52
19,22,28,63,7,23,57,15,49,2,54,8,56,32,45,59,48,14,47,51,35,27,13,12,29,39,6,10,50,21,53,52,16,3,9,34,11,41,17,46,44,42,62,31,26,38,0,24,36,25,20,37,18,55,43,40,58,4,1,61,30,60,33,5
28,41,33,46,48,50,1,61,17,42,27,10,40,16,51,43,60,55,13,30,21,22,6,39,63,12,26,37,19,35,56,14,3,15,58,53,52,34,25,9,45,7,47,59,4,24,5,44,32,2,54,38,8,0,62,20,49,29,36,11,31,57,18,23
55,50,28,4,60,35,51,33,16,47,10,9,3,13,7,26,30,56,54,39,63,43,59,49,45,53,46,18,23,29,24,5,48,1,32,0,22,41,61,27,11,37,14,8,44,17,2,38,57,6,36,62,19,58,21,42,31,34,12,20,52,40,25,15
48,26,32,34,1,59,30,33,55,14,52,56,61,11,29,62,45,8,43,9,63,17,2,31,46,15,36,3,49,37,18,20,54,4,41,12,6,60,19,10,25,0,13,58,40,35,50,44,5,47,38,57,53,28,22,24,7,16,39,42,21,27,23,51
44,54,31,40,27,2,9,17,42,3,41,15,55,50,5,23,52,35,12,61,45,60,19,51,13,57,18,21,28,47,4,56,24,48,63,22,33,38,34,6,37,32,43,7,53,11,0,26,1,25,59,14,39,49,58,62,10,46,36,16,8,29,20,30
4,37,10,36,46,23,6,31,14,27,44,18,0,45,38,43,29,57,49,47,48,41,20,21,50,2,39,61,19,55,32,15,25,54,17,7,52,56,40,8,9,12,28,63,60,30,22,16,11,34,59,26,1,3,51,5,53,13,35,58,33,24,62,42
1,48,13,57,51,40,0,27,43,19,38,2,53,62,28,23,22,8,36,59,37,16,52,42,25,11,10,5,41,6,49,45,30,33,58,20,21,4,29,24,35,61,56,39,7,63,47,18,50,26,44,34,55,60,54,9,32,15,3,17,31,12,46,14
47,48,53,31,5,61,14,24,36,59,51,2,13,43,34,33,63,46,40,49,56,37,10,6,1,21,30,45,38,23,26,52,39,16,17,50,4,19,8,11,58,9,22,12,44,3,28,41,62,54,7,32,57,55,0,15,25,27,35,20,60,29,18,42
56,59,19,40,9,61,18,41,6,26,38,5,23,44,12,54,45,8,24,30,14,55,53,27,0,29,49,48,1,25,39,35,2,17,15,36,37,32,11,62,21,46,51,57,31,10,47,22,60,52,7,63,43,34,16,3,42,20,13,33,58,4,28,50
41,54,0,26,32,9,5,15,36,61,38,33,20,51,13,39,11,24,2,40,23,30,52,8,47,18,48,4,3,42,17,35,49,16,22,43,25,37,57,34,10,29,53,46,58,14,27,55,50,19,12,60,21,28,62,45,6,59,44,7,1,63,56,31
14,46,2,37,1,21,29,0,6,10,18,28,9,56,60,4,41,8,12,32,59,50,24,27,20,48,42,30,16,43,38,25,23,11,52,33,31,17,3,53,57,34,51,13,58,44,61,63,36,35,62,5,19,55,22,26,7,40,45,54,15,39,49,47
33,53,9,58,19,10,26,17,39,18,6,48,34,35,37,40,36,16,1,52,2,60,50,61,47,12,8,21,41,29,11,7,63,24,22,55,56,32,15,49,42,14,23,46,27,5,43,20,44,62,0,51,30,31,13,54,25,38,45,4,3,59,57,28
4,32,49,57,10,35,0,1,37,28,6,60,18,40,50,52,46,38,14,16,48,5,54,56,13,12,24,58,47,30,20,3,33,22,43,8,55,17,42,45,63,26,19,41,21,51,29,2,53,59,25,62,44,27,7,31,39,34,61,23,9,15,36,11
9,43,8,6,62,21,5,55,50,34,18,41,14,47,40,61,1,54,42,36,33,63,4,37,12,23,28,35,25,11,30,32,27,45,20,56,26,10,22,2,49,31,48,39,53,59,46,57,7,15,19,0,16,38,52,24,29,58,60,13,51,3,17,44
31,49,32,40,18,25,30,24,4,37,59,43,56,17,15,47,16,58,57,11,27,62,8,1,61,54,42,45,48,51,20,35,60,28,6,38,55,2,36,50,63,44,3,14,0,10,5,39,13,53,23,21,12,19,46,41,34,52,33,7,22,9,26,29
2,34,28,17,25,48,55,35,47,54,18,13,20,44,5,57,50,31,15,40,7,14,49,29,52,21,61,39,11,63,3,33,60,58,32,6,36,8,19,26,30,16,46,56,4,10,0,22,37,23,51,62,42,38,41,43,59,27,9,1,45,53,24,12
19,46,23,7,58,55,59,16,4,25,51,40,42,35,0,27,45,10,32,13,15,33,18,49,12,26,14,61,53,54,44,1,9,5,31,39,28,57,63,52,2,22,48,8,43,41,3,50,24,11,20,56,29,30,47,62,17,34,38,6,60,21,37,36
18,36,21,27,32,30,20,13,34,9,26,10,6,56,25,0,41,11,62,4,44,19,55,46,12,51,1,15,50,60,5,42,14,38,43,59,54,35,52,33,8,48,29,57,39,17,40,45,53,37,31,63,58,2,3,22,61,28,47,16,23,49,24,7
9,57,4,37,3,21,55,28,38,63,5,0,19,25,46,22,42,60,16,53,34,47,15,17,23,29,7,59,45,18,12,52,44,51,54,58,62,35,24,41,1,40,50,13,32,56,43,10,61,31,30,33,49,39,6,27,2,11,20,36,14,26,8,48
23,21,63,1,46,3,43,42,0,39,55,17,50,19,56,52,60,31,24,5,15,58,38,25,9,36,2,34,37,32,57,6,54,26,51,18,11,14,4,22,33,53,30,13,27,12,20,59,47,28,49,29,41,44,48,45,7,16,62,40,61,35,10,8
15,3,44,34,49,7,4,16,10,61,25,9,38,1,53,2,11,36,59,45,35,46,57,55,18,17,21,22,54,30,40,56,52,60,26,8,28,12,42,39,5,13,62,43,0,58,29,20,14,31,37,32,24,51,27,19,50,33,63,41,47,23,48,6
11,19,43,29,20,52,40,2,47,33,4,39,42,32,24,59,34,7,13,6,50,38,5,45,15,18,1,37,49,0,22,44,14,28,16,57,25,51,35,21,60,8,56,12,9,63,62,55,26,46,54,36,53,31,3,27,10,41,23,30,58,48,61,17
44,19,62,31,9,29,36,4,50,26,18,47,6,21,57,54,22,16,23,8,51,55,46,52,35,7,48,13,40,58,34,56,14,61,37,38,0,27,1,20,32,24,12,2,10,49,63,15,60,41,53,17,42,3,39,28,33,45,5,25,11,30,43,59
61,50,7,2,20,15,60,17,35,56,1,33,22,48,19,4,49,29,28,18,11,57,0,16,14,59,9,25,13,41,8,24,6,30,38,47,45,52,63,36,44,43,5,40,53,46,3,55,54,26,23,12,62,37,39,27,51,10,42,21,31,34,32,58
44,61,51,54,59,12,32,15,22,48,5,35,38,53,36,2,13,19,34,27,57,31,14,16,29,26,37,0,41,9,47,23,43,50,56,21,62,4,39,63,33,58,6,28,55,20,8,49,60,52,18,7,1,3,30,42,24,25,17,10,40,45,11,46
54,14,46,36,9,37,51,12,5,13,39,19,17,24,45,8,30,60,47,57,31,53,32,4,33,59,55,61,41,20,42,52,44,28,21,10,58,7,63,15,3,62,1,16,38,2,6,56,23,0,35,18,40,50,34,22,29,26,11,25,27,48,49,43
31,5,49,36,16,30,8,14,60,23,34,20,35,28,54,38,40,32,56,62,44,29,45,19,37,12,2,17,9,4,58,22,53,3,18,48,21,7,27,15,10,41,52,11,59,39,47,0,33,24,13,55,1,57,63,26,25,51,61,43,42,6,46,50
41,32,28,56,7,61,6,42,3,62,21,5,60,37,38,13,46,58,26,35,29,25,1,11,14,9,20,50,59,33,22,48,19,12,43,39,24,34,2,23,30,57,51,18,36,4,10,0,8,47,15,45,53,44,55,17,52,63,49,16,40,54,31,27
20,22,18,28,25,61,3,42,27,26,35,7,21,38,24,60,32,14,4,57,45,50,15,48,8,40,23,43,37,10,55,11,31,49,39,19,33,5,2,54,1,36,63,29,58,62,53,52,41,16,46,30,44,12,51,6,59,34,13,56,47,9,0,17
9,12,44,27,54,3,40,45,62,28,21,39,43,32,5,24,34,4,10,7,49,15,63,61,59,52,37,14,41,19,18,35,57,13,26,6,0,16,25,36,42,17,8,38,30,23,58,1,31,33,2,55,47,20,11,51,48,46,22,50,60,53,56,29
47,27,10,16,60,0,4,40,41,62,11,45,13,23,19,29,32,58,34,52,20,22,61,55,28,53,50,49,35,24,15,12,30,59,26,25,39,43,54,31,56,48,14,18,36,37,2,1,51,38,3,63,8,46,9,6,44,17,21,7,33,42,57,5
27,54,15,17,46,33,19,14,60,3,11,28,0,32,20,5,53,35,10,41,40,8,63,30,21,9,38,7,34,24,29,13,59,6,51,42,23,49,52,2,57,39,1,48,22,18,37,62,12,56,47,55,50,36,43,44,4,58,16,45,25,26,31,61
3,35,59,52,54,11,56,33,39,16,7,10,46,37,5,23,31,19,60,42,44,47,51,27,32,12,1,63,24,9,45,15,0,57,53,62,22,17,4,28,34,30,6,61,25,43,38,55,2,40,8,13,21,50,48,18,20,41,29,36,14,49,26,58
18,25,34,21,15,10,40,31,5,27,3,1,2,44,16,24,29,53,22,4,41,30,23,60,11,49,36,33,14,57,56,0,48,52,13,46,61,55,62,45,35,63,42,54,26,19,43,17,51,38,32,8,37,59,6,50,28,20,39,58,9,47,12,7
3,49,2,57,22,39,13,54,45,35,19,33,24,44,47,46,28,29,62,56,37,25,58,48,15,12,52,61,53,10,14,17,43,27,20,41,30,42,63,55,4,34,16,21,23,51,18,5,26,7,36,31,32,0,50,9,1,60,59,38,6,8,11,40
32,49,40,55,6,63,35,0,19,1,8,4,43,23,44,15,47,58,11,34,3,53,18,38,62,17,29,61,16,13,48,9,28,56,60,21,20,50,14,5,51,30,10,12,27,2,42,57,45,26,7,24,39,59,46,52,25,33,22,54,36,41,37,31
32,8,10,31,35,38,46,40,4,28,26,59,6,24,21,23,54,42,20,63,47,60,49,39,12,33,61,30,25,0,27,58,5,55,7,62,22,13,48,57,14,2,43,37,29,50,18,9,15,1,11,45,3,19,44,17,52,34,51,41,53,56,16,36
49,17,44,40,13,63,38,20,58,42,43,11,31,22,4,57,60,2,28,39,0,53,61,34,1,14,62,51,55,5,8,27,46,21,7,24,48,19,3,26,32,18,10,16,47,54,33,36,41,29,35,50,12,6,23,59,37,15,45,56,25,30,9,52
35,31,1,13,59,4,34,49,16,5,27,6,7,15,37,44,26,2,39,62,10,41,30,12,63,56,32,21,40,19,14,45,29,25,58,54,47,38,60,23,53,20,50,11,8,0,28,42,18,43,3,57,48,22,51,24,46,9,55,17,61,52,33,36
30,60,1,44,8,31,61,51,24,18,21,6,54,46,40,37,12,62,15,47,10,63,7,9,39,55,43,5,17,29,0,11,28,14,35,27,26,25,22,2,19,33,45,48,52,50,16,42,56,58,57,53,20,3,41,38,59,32,49,13,4,23,36,34
20,60,54,19,45,26,48,59,31,18,14,38,41,4,34,21,32,44,63,37,11,16,3,10,9,62,25,0,7,22,12,52,55,43,46,28,49,24,36,1,50,40,42,2,53,17,39,13,57,8,58,27,47,15,61,6,51,35,29,23,56,33,5,30
23,33,35,20,26,47,7,40,29,63,38,15,14,36,16,56,62,3,8,37,25,55,50,12,28,21,54,58,51,6,49,41,13,34,45,11,9,61,10,32,19,0,46,5,1,27,44,52,59,48,39,60,42,43,17,4,2,53,31,22,57,30,18,24
5,41,10,58,15,36,3,47,55,33,56,16,57,32,7,46,9,61,1,20,11,19,52,49,21,17,12,59,53,0,44,23,34,31,62,14,42,54,22,39,48,38,25,27,51,40,28,24,30,29,63,18,2,4,43,6,37,13,8,50,60,26,35,45
55,50,33,34,47,51,16,29,58,15,31,44,43,41,2,59,7,62,19,13,21,63,0,22,5,38,28,42,39,40,37,1,36,14,11,9,12,32,8,54,49,57,26,25,23,56,48,6,20,60,18,46,53,17,45,27,3,52,4,61,10,30,24,35
41,8,57,7,51,60,6,25,19,4,56,32,12,53,50,26,9,54,21,10,33,11,46,5,48,63,1,37,59,18,22,55,43,35,52,38,30,24,20,39,23,61,27,14,34,17,2,45,49,44,13,28,40,42,3,0,15,29,58,16,47,36,62,31
32,40,14,45,48,0,59,1,42,41,6,33,3,51,52,26,16,31,25,63,50,9,61,10,28,2,18,29,19,38,35,47,58,4,46,21,5,53,27,57,54,20,36,56,44,22,23,55,62,39,7,49,17,30,34,24,43,12,8,15,60,11,13,37
55,14,51,40,1,11,33,47,20,16,59,46,38,52,8,13,53,15,49,5,54,24,29,36,17,23,18,44,43,34,22,37,60,7,2,31,41,10,25,4,27,63,0,28,56,35,26,50,19,21,3,30,62,12,42,57,39,45,32,48,61,9,6,58
17,57,59,7,31,46,28,42,63,43,35,14,33,26,38,44,37,8,15,6,36,12,25,11,32,21,58,49,54,52,62,22,4,47,29,5,30,51,18,61,0,34,10,16,41,60,45,1,53,3,9,19,56,39,55,13,2,40,20,48,50,27,24,23
7,36,49,50,46,59,24,61,5,4,8,43,29,1,18,51,26,57,23,11,39,55,28,33,52,9,35,32,30,63,21,16,41,42,13,2,62,25,47,56,44,20,15,60,17,38,31,12,34,19,58,37,48,27,10,45,6,0,53,54,22,14,40,3
45,38,4,29,48,37,14,63,41,15,2,59,50,42,1,61,28,6,53,39,17,47,31,46,49,8,11,43,19,44,32,5,16,18,55,13,22,27,7,36,30,26,62,3,56,21,40,60,52,24,0,58,20,35,23,10,25,9,51,34,12,54,33,57
43,1,20,63,9,28,2,17,50,32,35,46,5,10,57,45,25,24,27,6,8,40,55,58,41,59,36,38,42,61,26,29,23,53,30,34,7,33,0,60,52,31,48,18,14,37,51,22,54,11,21,4,15,49,62,12,13,47,19,44,3,39,56,16
21,33,54,29,60,11,42,9,49,37,31,1,43,8,20,12,55,15,40,53,14,36,58,44,26,46,45,24,27,5,63,6,51,23,2,16,34,25,17,50,30,32,39,59,48,0,19,52,22,13,10,47,7,41,61,57,56,35,3,4,38,28,62,18
60,19,7,34,40,29,55,0,41,22,24,42,46,39,30,50,62,59,49,26,54,31,37,21,2,57,1,12,53,8,13,6,20,61,36,16,45,33,52,51,56,35,5,38,58,14,25,23,18,17,63,28,27,44,4,9,32,15,3,11,10,47,43,48
1,42,38,24,49,44,14,12,47,6,53,20,2,46,10,9,62,4,63,3,54,36,32,39,35,18,59,37,5,0,22,25,15,61,43,34,40,8,31,29,56,11,45,55,23,41,33,52,57,30,17,51,58,27,16,13,21,26,28,50,7,19,60,48
4,24,41,13,42,27,20,16,45,59,5,2,34,14,37,54,58,32,3,40,26,44,19,63,46,52,21,12,57,61,22,23,43,6,35,49,11,33,50,30,7,31,48,60,62,29,47,15,36,18,17,38,0,10,55,39,8,9,1,28,25,53,51,56
31,56,61,59,22,23,15,26,63,24,27,37,43,42,49,25,14,54,11,17,4,8,36,9,34,28,32,39,51,1,29,38,55,16,35,21,52,53,45,40,12,48,57,47,13,30,33,60,50,2,18,7,20,41,58,44,5,10,19,3,46,0,62,6
55,14,15,39,43,5,9,35,3,8,62,61,22,59,54,24,6,17,45,18,31,10,53,26,41,58,2,20,11,28,60,0,29,34,1,25,48,49,4,21,13,37,57,32,52,7,38,27,12,40,23,19,63,51,42,33,50,36,16,47,30,46,44,56
58,15,43,40,14,48,10,56,52,61,1,34,35,45,36,62,37,44,6,32,21,53,16,9,25,3,12,47,4,50,13,39,51,55,30,11,54,18,49,28,20,57,63,24,31,8,29,19,17,38,5,41,2,33,46,22,26,42,23,7,60,0,59,27
61,57,7,34,15,22,3,27,52,62,42,28,30,47,63,31,1,20,44,23,21,13,41,60,36,33,55,4,12,8,45,43,40,25,35,2,59,37,10,17,48,32,56,9,46,6,54,18,5,11,29,38,53,49,14,24,58,51,26,16,50,0,19,39
59,8,5,57,29,13,14,63,41,56,51,38,7,40,43,22,50,31,20,58,9,53,55,44,36,19,2,54,1,11,3,60,12,28,15,18,27,25,17,42,6,26,21,47,34,33,39,0,48,62,24,4,45,16,32,61,49,46,37,35,30,52,23,10
49,21,31,6,44,0,60,61,22,9,43,37,59,16,19,38,57,32,62,7,36,41,25,10,34,26,11,63,30,4,46,48,40,17,18,29,45,39,12,56,58,28,8,1,24,15,52,14,33,13,2,5,55,51,50,53,54,35,27,23,42,3,47,20
34,31,12,60,58,37,55,36,61,46,56,57,44,6,26,11,1,52,54,23,0,33,17,25,63,45,18,20,3,24,47,41,8,21,22,49,62,30,51,5,59,29,19,10,32,15,14,39,40,43,4,9,7,35,42,28,13,38,48,16,50,2,27,53
12,9,19,54,0,20,57,30,24,46,52,53,58,13,28,43,41,5,44,15,36,35,17,31,14,60,61,11,42,45,55,37,7,32,1,27,47,51,18,22,59,38,10,3,4,16,62,50,49,56,39,6,48,23,26,8,33,34,63,40,25,2,29,21
5,13,12,60,24,28,38,40,61,4,55,17,48,18,33,62,8,35,29,7,37,16,57,39,45,32,50,42,52,36,14,41,46,47,54,53,21,2,31,11,1,20,43,23,26,0,59,63,19,6,25,49,56,10,3,51,27,44,34,30,22,58,15,9
25,35,22,54,60,20,29,41,16,53,26,32,51,38,52,17,28,4,47,33,63,31,19,39,50,13,56,48,27,59,55,42,18,1,2,10,34,24,36,8,49,11,14,46,5,37,23,43,9,21,62,12,6,40,44,61,15,3,57,30,7,58,0,45
36,25,0,49,59,40,63,35,56,7,46,1,6,39,20,16,33,26,44,8,24,50,3,53,23,17,11,51,47,55,54,14,30,60,15,61,9,41,42,48,10,38,62,28,29,18,45,32,31,57,34,58,12,21,19,52,43,4,27,2,5,37,22,13
48,21,24,13,57,19,62,36,44,50,38,34,29,8,6,2,16,18,12,31,42,52,32,45,53,59,54,39,27,10,40,7,56,60,0,43,61,1,3,17,63,41,25,20,46,15,49,14,26,33,58,23,4,11,35,30,47,55,51,37,22,28,9,5
49,6,36,50,14,30,12,20,26,61,4,63,47,41,16,59,18,46,9,19,48,57,24,38,8,56,54,58,60,15,34,17,5,37,22,29,13,39,31,21,43,7,51,23,25,52,28,10,40,1,2,32,11,45,35,55,62,33,44,0,42,3,27,53
46,10,12,56,36,20,26,1,5,6,30,9,16,23,48,0,37,18,31,55,44,49,4,22,33,43,25,3,17,29,63,41,27,62,54,11,58,24,2,51,7,35,47,40,57,52,39,14,34,42,21,28,32,53,19,15,45,8,38,59,13,50,61,60
63,28,39,46,25,61,53,30,15,23,11,6,36,37,51,16,13,33,21,9,27,19,20,3,2,14,38,44,52,55,60,59,10,1,34,32,8,43,58,22,5,26,35,42,48,7,45,62,47,49,18,17,31,57,24,54,50,4,40,56,0,29,41,12
52,61,28,63,57,44,22,35,6,30,5,56,39,21,54,3,17,24,20,46,41,15,25,45,43,53,10,11,27,55,58,47,50,26,18,48,34,29,7,60,13,14,1,9,59,40,23,8,42,62,51,4,16,38,0,2,12,32,37,36,33,19,49,31
48,40,50,34,28,52,32,26,1,44,24,37,13,41,25,29,3,20,4,7,23,54,2,58,49,5,31,0,39,42,59,51,15,56,10,21,17,57,36,12,55,22,30,60,8,6,14,47,53,43,18,35,27,16,62,45,63,33,9,38,11,46,61,19
49,38,41,63,43,51,18,35,44,56,48,5,37,53,42,62,34,57,14,46,39,28,61,52,19,1,33,59,12,21,26,30,7,58,27,10,31,0,23,4,20,47,36,22,11,55,15,60,25,54,32,17,13,9,45,3,6,40,8,2,16,29,50,24
31,38,42,44,6,27,51,50,19,11,62,39,43,40,33,9,46,35,0,25,45,5,22,3,36,2,29,23,32,30,37,26,47,63,21,16,15,13,28,56,61,20,53,17,41,59,14,55,57,7,34,24,52,48,4,54,18,8,60,12,1,58,10,49
60,46,16,58,36,62,9,20,7,61,11,3,45,8,42,18,50,30,14,24,29,1,17,6,53,23,28,4,37,52,2,19,15,47,22,41,57,21,55,32,40,59,44,35,48,13,27,12,63,5,26,25,33,31,0,51,43,54,10,34,39,56,38,49
3,32,29,60,2,59,7,36,50,47,15,39,5,34,26,52,28,25,57,0,42,49,55,51,48,44,33,16,27,10,24,43,62,30,35,41,45,14,31,1,4,37,19,58,61,11,9,18,54,13,63,8,46,17,53,38,6,22,20,56,21,23,40,12
1,48,13,53,60,19,55,52,17,56,16,31,63,22,33,28,36,58,25,49,14,47,21,39,12,9,32,7,42,8,37,29,44,23,35,45,41,5,18,46,24,20,61,3,40,57,34,10,4,50,54,30,51,27,26,43,38,0,2,6,11,59,62,15
7,34,19,35,12,55,26,1,50,52,3,14,0,21,2,30,42,38,17,23,29,5,25,20,41,11,28,44,48,60,27,32,18,22,36,62,8,51,13,31,9,40,15,47,57,49,46,16,6,39,43,53,58,37,56,10,61,63,24,4,45,59,54,33
43,14,19,50,63,0,24,3,38,17,33,45,29,37,41,1,8,39,31,21,62,48,20,58,55,23,22,42,5,44,9,54,61,15,53,60,32,7,27,57,28,56,49,6,52,18,2,11,47,4,16,35,51,13,12,10,34,59,26,40,25,30,36,46
5,61,54,24,18,57,39,12,16,49,32,42,45,21,60,20,2,44,36,33,63,58,34,11,14,15,27,40,46,53,59,48,31,37,30,22,55,8,35,10,23,17,25,3,56,13,52,51,50,6,0,29,1,9,26,4,7,47,43,62,38,28,19,41
42,37,18,6,56,53,54,38,44,4,3,40,48,62,28,1,63,30,45,5,32,17,36,7,23,49,15,46,14,55,21,50,13,2,61,10,8,58,60,59,24,31,35,0,39,19,47,9,25,29,51,27,52,57,11,16,22,20,33,41,43,12,34,26
25,7,42,0,13,6,44,14,5,40,55,21,41,60,61,24,43,20,62,31,46,4,10,16,35,2,29,19,17,3,53,34,49,1,47,51,58,8,11,39,45,26,15,56,33,18,9,27,37,52,57,38,48,12,54,59,36,30,22,32,23,50,63,28
27,49,56,0,62,6,61,45,50,42,21,63,32,15,7,59,29,20,19,25,18,8,43,40,12,51,53,3,39,34,9,16,38,35,17,41,2,13,44,30,55,26,54,60,37,4,24,46,36,47,52,11,31,22,1,28,58,5,14,33,10,48,23,57
29,38,17,7,40,21,55,58,48,37,44,63,39,18,9,46,12,53,36,62,25,6,14,60,59,42,30,52,10,47,13,27,11,16,41,5,61,34,22,3,50,56,19,45,28,4,43,26,31,15,23,2,0,33,32,51,1,24,35,57,54,20,8,49
19,55,9,11,59,6,27,26,30,21,3,44,4,48,31,33,62,60,35,16,5,52,51,38,29,49,45,41,43,32,61,15,20,25,57,56,14,12,42,36,1,7,22,46,39,37,23,17,40,0,13,47,8,58,28,34,54,50,10,2,18,63,53,24
26,9,61,52,27,32,14,39,13,50,6,57,10,54,46,53,2,38,36,25,35,17,24,21,43,49,7,20,18,23,0,42,22,28,1,31,41,15,4,5,12,8,55,59,62,56,11,51,48,45,60,19,40,16,44,58,29,33,34,30,3,47,63,37
39,1,14,9,58,46,24,0,44,27,25,56,29,2,19,37,53,41,28,49,38,23,5,8,34,59,51,52,10,42,15,61,26,11,62,30,45,50,32,21,60,48,43,63,18,12,40,31,4,54,33,17,57,16,35,3,36,55,6,47,7,13,22,20
21,56,9,25,57,2,39,18,48,1,23,63,32,6,13,14,55,29,12,50,38,58,11,46,10,15,52,33,17,16,62,8,3,27,36,5,26,60,34,42,54,31,0,7,37,44,45,40,4,24,53,20,30,28,47,61,51,35,41,43,49,22,59,19
34,36,0,47,61,35,56,11,55,50,13,52,4,46,12,25,45,44,33,57,60,8,28,24,41,29,9,37,15,53,3,31,42,39,27,10,18,59,54,40,5,43,30,2,14,22,51,6,38,62,23,7,63,17,20,49,58,48,19,32,26,21,1,16
50,33,30,26,0,39,25,18,20,62,48,3,45,57,1,36,13,32,41,52,5,23,7,4,46,55,28,22,31,15,10,14,11,8,2,21,56,54,19,38,40,35,43,29,49,42,12,37,27,59,44,51,6,47,53,61,17,16,60,63,58,9,34,24
45,42,35,56,10,36,14,37,26,53,9,55,23,16,62,27,57,7,6,2,30,8,38,61,49,18,51,29,32,25,54,50,4,3,41,15,13,33,43,47,46,52,0,48,11,39,58,34,21,20,28,31,22,60,12,19,17,44,59,40,63,1,5,24
36,19,0,52,51,9,8,44,60,39,12,25,16,6,22,10,34,53,17,5,50,33,31,56,43,24,2,4,37,58,59,18,13,62,63,38,32,14,27,21,48,46,35,47,29,40,15,61,23,42,11,30,45,20,28,54,49,55,57,41,1,7,26,3
19,60,61,6,25,12,56,48,22,32,18,45,55,63,26,17,37,2,43,57,33,8,58,4,34,51,3,27,41,24,53,44,38,47,20,16,15,42,0,39,10,54,7,59,1,28,23,62,5,30,13,40,50,36,46,31,14,11,9,21,52,29,49,35
38,42,43,31,47,30,39,14,34,29,7,23,35,41,36,4,1,61,48,0,11,57,19,21,55,44,22,26,33,58,59,62,9,52,24,12,63,25,46,10,6,16,2,60,20,15,13,27,3,17,8,50,49,18,5,54,51,45,56,40,53,37,28,32
2,33,13,5,62,35,41,47,58,11,4,8,49,39,14,23,61,26,0,28,24,37,19,3,36,54,53,6,27,34,51,63,43,16,38,21,7,40,56,22,55,31,42,52,9,1,12,60,50,29,59,20,57,18,17,30,15,25,46,44,10,48,45,32
56,42,11,23,58,8,33,51,21,10,38,19,39,22,57,55,50,12,47,6,35,44,17,45,7,40,34,24,61,20,48,53,41,46,27,29,15,37,4,25,30,3,49,60,16,0,52,1,2,36,18,43,26,62,63,9,28,14,32,59,5,13,31,54
40,23,47,9,30,62,55,11,56,58,5,31,19,36,27,29,20,61,13,34,28,0,32,60,35,24,46,43,8,6,16,25,41,15,21,49,7,12,17,45,37,1,3,44,63,14,26,22,50,10,59,51,48,57,54,2,52,53,39,33,42,18,38,4
41,36,14,35,25,39,19,28,6,32,23,47,26,2,43,44,1,7,13,16,60,17,34,55,57,27,3,56,49,45,37,62,30,52,40,4,48,42,61,38,5,53,63,46,22,54,20,24,29,21,0,31,58,15,51,9,10,50,33,59,8,18,12,11
39,26,36,51,25,61,24,62,43,23,37,17,59,42,28,38,41,55,8,34,16,15,1,10,13,0,46,35,5,9,20,29,14,44,63,57,54,22,21,45,19,60,11,32,6,33,58,7,12,48,4,31,30,53,52,3,27,50,18,56,49,40,47,2
36,57,20,26,42,59,35,45,60,11,13,46,1,33,53,61,38,62,54,44,56,29,27,4,24,16,55,39,14,48,5,47,12,28,51,58,18,3,31,25,50,10,6,23,22,21,15,43,32,40,17,30,49,2,52,41,9,63,0,7,34,19,8,37
61,41,23,45,49,42,19,40,63,51,6,57,46,25,0,54,11,3,7,33,22,4,55,36,29,48,37,15,10,2,62,31,32,18,28,34,21,30,47,13,59,58,53,5,52,27,17,43,8,14,9,26,39,35,24,20,60,44,16,38,1,50,12,56
44,50,26,17,11,57,54,58,4,37,12,36,48,32,14,13,40,22,39,16,33,41,61,27,47,29,28,31,23,2,5,1,53,21,34,0,62,51,46,3,59,60,6,35,42,20,49,7,43,45,15,10,19,18,56,38,9,25,55,63,30,52,8,24
35,38,16,43,19,54,2,62,36,37,26,45,23,51,12,8,34,7,10,30,48,56,61,60,9,21,13,59,41,24,18,32,55,50,57,5,3,33,31,53,42,11,44,39,28,27,20,46,25,58,17,49,14,6,63,1,47,40,15,29,52,22,0,4
43,0,32,19,33,31,26,11,42,57,17,52,59,6,62,7,49,15,27,37,28,16,1,2,24,53,51,21,13,12,45,36,8,3,46,14,61,60,25,9,58,20,63,34,5,48,35,41,55,54,29,40,47,44,30,23,38,50,10,56,4,18,22,39
34,58,11,26,21,55,33,38,3,61,54,30,47,28,19,22,10,25,35,2,59,9,43,24,12,51,14,41,16,23,39,20,17,44,18,40,60,56,45,36,31,0,46,53,5,57,48,63,13,6,49,42,52,7,62,29,15,1,8,32,37,50,27,4
51,2,10,4,48,13,36,58,20,11,8,16,39,44,55,18,37,45,63,0,31,19,28,57,32,26,21,52,41,29,6,56,17,43,40,42,61,35,22,5,15,60,30,49,38,46,59,1,23,34,33,47,7,50,14,3,25,53,9,54,27,62,12,24
25,18,7,32,37,33,42,5,27,40,49,10,47,4,60,22,39,57,48,3,26,21,55,46,44,23,53,51,59,31,41,56,52,50,2,35,62,28,54,14,38,8,9,30,6,1,29,24,11,58,15,63,13,20,16,43,12,19,36,17,45,61,34,0
43,39,38,0,52,59,56,8,35,44,48,25,61,36,23,32,6,3,55,28,62,10,19,42,46,45,14,29,34,9,7,57,13,51,30,27,2,54,60,24,49,40,41,53,15,37,5,17,47,4,58,31,11,12,18,16,1,63,22,50,26,20,33,21
20,39,53,33,42,23,15,32,31,35,13,40,3,30,25,44,29,10,1,56,27,36,17,14,18,16,7,51,61,0,60,45,6,38,59,2,8,34,41,48,12,50,28,57,46,63,52,11,5,4,19,55,24,22,47,21,58,62,9,43,37,49,26,54
41,3,58,21,55,29,10,35,15,45,17,6,40,24,30,8,63,18,12,50,46,22,36,62,28,44,26,9,27,32,59,4,11,42,1,20,53,23,61,14,19,60,47,49,52,2,7,54,25,38,5,16,57,0,13,34,33,48,39,31,56,37,51,43
36,24,62,3,53,11,45,26,6,17,1,54,34,13,41,46,29,59,39,60,5,22,42,63,32,14,4,31,9,25,20,47,15,58,56,21,44,52,2,57,27,40,12,16,10,35,37,49,28,55,8,18,33,23,48,0,38,61,50,51,7,30,43,19
23,8,47,49,3,4,6,30,11,34,21,16,40,26,42,20,62,54,45,18,14,33,63,32,53,35,13,17,24,7,56,37,50,19,43,38,9,57,0,29,5,12,1,22,15,25,58,51,55,46,52,28,48,41,61,39,59,60,44,2,10,36,27,31
15,19,45,0,10,12,1,52,41,13,42,8,23,26,18,56,50,46,59,60,32,20,5,29,51,40,17,55,7,35,34,58,14,44,27,28,38,21,62,57,9,11,39,54,22,3,31,43,25,2,48,49,6,30,37,61,63,4,36,24,33,53,16,47
28,8,1,46,22,17,61,38,29,30,33,32,31,49,62,42,48,60,0,11,37,63,24,19,59,53,2,10,44,40,3,56,52,12,13,16,23,4,36,34,5,45,26,9,54,35,15,50,58,57,51,39,55,6,27,20,25,21,47,41,7,14,43,18
35,61,4,30,60,37,38,47,49,22,8,24,40,10,3,18,2,36,29,28,50,31,52,16,15,12,0,43,25,21,53,34,9,7,45,14,63,57,23,11,1,33,56,17,13,58,46,59,62,42,20,44,48,6,51,26,27,19,54,41,5,55,32,39
19,3,4,33,40,62,5,2,6,52,11,8,35,38,41,49,17,63,13,34,50,20,55,45,7,60,29,15,42,47,32,30,44,0,24,23,51,18,25,56,43,12,31,1,54,9,22,14,27,10,37,58,59,57,36,48,21,53,16,61,39,26,28,46
21,2,42,61,26,16,9,14,55,57,11,44,62,40,29,3,53,45,18,8,0,23,54,20,38,52,5,4,39,17,25,37,32,24,7,22,35,33,15,50,10,46,12,60,31,48,30,47,63,41,19,34,43,49,13,58,1,6,36,51,59,27,56,28
30,42,4,40,23,60,48,36,49,31,22,7,34,2,35,0,25,52,54,27,21,47,59,12,24,57,46,19,32,43,20,13,45,6,44,11,8,3,41,26,9,28,63,1,58,61,38,62,17,50,39,56,18,10,29,51,37,15,14,33,55,16,53,5
59,27,1,5,3,61,25,6,48,13,16,17,57,34,42,40,62,37,11,10,49,33,45,19,28,55,31,41,24,43,38,15,46,14,22,20,52,9,23,7,29,32,63,54,56,4,53,18,58,50,0,35,51,8,60,39,2,36,21,30,26,47,12,44
46,59,28,53,50,2,1,7,44,26,8,33,6,27,25,60,45,0,10,56,54,51,19,39,11,61,31,40,14,34,38,13,55,22,20,41,18,16,62,37,30,5,52,17,35,23,49,9,15,42,21,47,24,36,32,57,12,29,43,63,4,58,3,48
14,15,3,35,2,49,33,20,17,51,48,22,7,30,47,11,39,62,19,12,56,34,1,58,59,9,50,6,29,37,55,61,60,32,25,40,53,0,54,21,28,44,4,16,18,43,8,36,38,23,57,63,41,5,45,26,10,46,13,27,24,31,52,42
54,36,28,25,13,44,59,53,58,52,0,61,55,2,62,46,56,39,22,20,16,47,45,29,31,48,34,35,4,19,33,21,7,63,8,26,6,9,5,1,15,10,49,24,3,42,60,11,17,37,41,27,23,14,32,30,18,43,40,57,51,50,38,12
60,17,63,46,13,57,50,52,20,7,53,30,44,6,37,59,15,41,4,39,9,36,48,24,2,1,26,38,35,25,42,47,23,58,10,34,18,0,61,56,49,29,62,51,8,28,22,31,3,55,45,21,19,5,11,14,54,32,43,16,33,12,40,27
7,62,52,49,31,24,6,27,59,11,44,19,60,5,33,23,21,58,47,48,0,3,39,26,17,13,41,38,35,54,28,34,18,15,63,57,32,22,10,14,42,51,45,2,12,53,29,43,8,16,40,61,9,30,55,25,36,56,50,20,37,46,4,1
7,56,5,30,2,55,0,39,26,34,17,40,10,11,1,24,13,23,19,18,46,41,47,6,51,48,9,14,15,43,32,37,44,52,4,20,27,21,22,62,38,59,61,3,36,54,8,53,50,28,16,49,33,58,45,60,63,31,42,57,25,12,29,35
38,1,18,40,52,22,13,62,56,21,51,48,30,33,2,32,5,61,16,46,28,63,54,9,45,23,35,58,8,42,50,10,59,14,57,20,34,31,19,39,36,55,44,3,6,0,12,26,25,17,7,24,37,29,53,49,60,41,27,43,4,47,15,11
8,30,39,11,23,42,51,48,1,15,32,49,62,54,2,16,47,45,12,60,25,53,35,43,52,61,36,18,27,55,58,56,20,5,57,0,26,10,44,13,19,50,17,21,7,6,37,34,9,59,24,4,28,3,22,63,33,40,31,29,41,14,38,46
49,6,20,13,52,16,59,56,18,54,2,51,38,34,14,23,45,1,17,7,42,37,57,40,28,19,43,62,39,63,53,33,48,8,30,10,31,24,44,55,50,4,5,58,32,27,25,9,46,35,3,47,11,41,12,0,36,26,22,61,60,29,15,21
45,23,61,17,44,7,36,12,57,3,62,52,51,30,42,20,55,38,6,11,46,40,5,8,26,48,59,50,37,53,2,60,16,29,54,56,34,28,19,63,41,35,33,24,31,43,32,25,21,27,0,9,15,4,13,58,49,10,47,14,18,22,39,1
36,31,46,45,27,62,5,12,8,53,19,58,47,11,21,35,44,24,16,10,6,50,18,30,1,25,23,61,51,56,29,39,33,2,40,42,54,14,4,17,49,41,0,37,22,59,7,13,15,3,32,55,60,38,57,34,52,26,20,9,28,43,63,48
10,38,44,37,13,14,23,11,42,28,49,4,8,35,29,53,6,41,55,5,56,63,24,15,21,22,45,58,62,50,7,19,9,43,18,25,59,30,32,51,16,61,27,34,26,20,0,40,52,54,46,48,47,2,57,1,39,17,60,12,3,31,36,33
45,26,61,42,43,50,56,51,49,15,40,8,41,17,18,48,12,58,10,63,38,6,4,2,54,7,0,22,19,55,29,31,35,14,28,46,62,27,44,23,59,1,24,13,16,53,37,21,34,47,5,32,52,3,60,36,30,9,57,39,25,20,33,11
35,56,55,17,3,13,25,0,27,60,44,10,54,51,12,52,2,36,57,59,20,23,22,28,46,5,63,24,14,31,33,41,11,39,7,6,1,8,50,53,37,34,26,43,62,29,58,18,47,4,21,61,40,49,19,16,48,30,45,42,38,32,9,15
1,50,3,32,10,13,39,18,0,20,60,33,43,59,14,17,26,16,5,49,37,52,25,28,30,58,55,36,41,22,9,6,51,34,7,27,46,54,48,21,23,57,44,62,8,61,47,35,12,53,15,11,24,56,19,31,45,63,29,2,42,38,40,4
45,56,52,19,58,42,15,17,36,33,37,34,24,49,25,29,16,5,31,39,11,7,28,0,61,9,27,44,6,46,30,4,23,12,21,1,57,35,51,8,22,2,32,55,20,53,14,62,59,18,47,48,63,38,40,50,54,13,60,26,43,10,3,41
28,41,3,5,50,55,35,11,31,61,27,34,13,7,45,43,0,9,39,52,4,6,47,33,15,10,56,51,49,54,25,60,57,1,53,24,59,58,32,40,63,29,12,44,14,20,42,46,16,30,22,62,17,8,48,26,36,37,18,23,2,21,38,19
10,3,56,48,14,15,30,16,59,44,35,12,47,49,42,11,0,22,2,58,7,57,27,54,8,62,50,29,6,32,28,39,43,31,40,13,51,9,17,1,41,45,38,60,18,33,52,20,26,21,4,63,53,46,37,25,5,34,55,61,24,19,36,23
60,6,58,30,53,55,37,24,61,34,31,8,3,25,13,57,7,38,41,19,0,51,33,23,62,45,36,5,56,14,42,12,43,39,47,63,2,29,28,1,32,16,22,50,18,49,4,27,52,35,54,40,21,9,17,48,20,59,46,44,26,11,15,10
55,50,58,63,54,53,28,27,42,9,20,43,8,46,59,47,48,14,41,37,62,60,12,52,25,51,11,44,5,6,1,49,34,23,36,18,32,2,40,24,16,15,26,7,61,29,17,39,57,0,22,56,13,4,10,19,35,30,3,21,38,45,33,31
55,45,62,35,39,47,31,48,15,56,63,49,4,19,32,17,8,29,0,44,30,28,9,5,21,13,22,59,11,24,23,18,12,7,6,14,34,36,16,20,10,1,50,51,38,54,61,60,25,37,3,52,26,33,46,53,43,27,42,57,58,40,41,2
36,46,57,15,39,1,9,0,5,24,42,59,4,30,34,61,60,19,53,17,32,49,38,58,63,55,26,21,40,51,25,29,20,11,47,62,3,12,23,54,33,43,56,50,37,28,27,18,13,8,45,44,7,14,41,22,35,48,6,31,52,16,10,2
14,28,29,54,44,11,59,63,9,27,1,16,41,8,57,25,60,30,24,20,45,2,18,12,61,31,55,13,23,58,3,47,39,43,7,4,5,46,32,10,36,22,21,35,62,52,42,37,26,49,38,50,15,51,0,48,34,53,40,33,56,19,17,6
44,22,53,6,20,19,47,5,61,50,38,58,36,52,57,11,10,27,9,40,62,15,49,37,31,59,63,26,17,42,7,8,1,60,46,12,41,3,55,43,30,24,23,34,28,25,51,45,35,33,2,0,4,48,16,21,54,29,56,39,13,32,18,14
37,38,57,46,56,23,16,26,18,24,4,13,25,45,44,28,52,19,63,40,6,43,29,51,0,50,21,14,55,41,59,39,7,34,47,17,33,36,12,35,60,9,42,49,54,1,53,62,61,15,20,10,27,30,22,31,32,48,5,8,58,3,2,11
14,6,23,16,31,12,24,25,13,27,15,46,17,55,19,52,62,30,22,51,40,39,26,11,9,21,58,10,45,38,56,61,7,1,49,36,47,43,59,60,3,20,53,32,41,42,29,34,28,2,44,48,18,50,5,54,8,37,63,33,4,35,57,0
22,4,23,30,1,25,43,36,18,8,13,53,9,26,38,42,11,32,14,0,10,3,33,49,56,46,47,41,6,50,51,35,16,55,62,15,17,48,5,59,37,34,44,27,24,45,21,2,29,61,63,54,39,19,7,28,52,58,40,57,60,31,20,12
39,35,23,6,60,53,29,19,50,17,7,33,4,55,25,54,20,48,21,36,10,14,41,61,26,37,34,9,45,62,52,16,49,46,31,11,24,3,42,15,18,32,40,8,27,0,58,57,43,30,5,12,63,22,2,44,56,28,47,59,38,51,1,13
49,46,44,9,48,36,54,52,1,15,57,3,45,8,47,10,59,14,37,42,30,17,6,33,38,43,50,16,23,22,7,53,19,62,34,32,5,4,56,0,35,25,61,29,40,13,39,31,63,26,20,58,18,51,12,21,28,27,55,24,41,2,11,60
33,39,51,63,23,57,3,14,28,16,45,42,35,53,20,4,27,40,44,52,61,24,12,18,26,38,11,9,50,17,21,34,31,8,29,22,54,56,10,62,5,2,37,13,1,60,19,55,36,58,49,43,30,6,7,48,47,46,0,25,59,41,32,15
35,55,63,47,45,8,16,17,46,3,60,13,11,41,15,9,31,44,30,20,56,37,27,14,36,18,59,12,40,29,23,34,57,53,58,19,7,51,38,52,0,32,2,33,24,54,50,42,6,48,25,43,1,62,39,4,26,28,10,61,21,49,22,5
63,13,22,15,21,17,14,0,50,52,28,31,58,9,5,1,16,46,32,11,24,39,33,19,7,36,23,53,38,8,2,25,27,35,56,42,54,47,18,44,30,34,40,51,29,43,3,4,60,41,59,45,12,61,55,10,57,6,26,49,20,37,62,48
39,9,2,62,20,4,12,41,61,25,17,14,50,43,3,59,13,53,58,63,6,45,15,40,36,35,16,29,7,44,56,55,33,21,42,37,34,28,27,60,30,32,47,46,11,24,54,48,57,49,23,51,8,22,52,0,18,10,5,38,26,19,1,31
46,33,1,12,4,53,62,40,7,27,47,58,34,6,31,30,37,52,22,48,23,24,49,57,28,25,61,55,45,21,56,14,60,39,51,54,18,50,29,16,19,26,32,17,8,15,10,44,36,43,11,42,20,41,63,0,59,9,13,2,35,5,38,3
45,13,1,4,50,16,47,28,8,15,34,20,30,33,41,14,36,29,44,27,52,22,17,57,43,21,24,0,9,12,38,55,10,60,3,61,59,40,39,18,46,54,51,48,53,56,6,11,62,35,49,2,5,7,19,63,25,23,32,42,37,26,31,58
24,4,55,42,23,41,45,51,3,38,1,26,62,31,34,52,63,43,57,44,49,30,15,17,37,25,5,13,35,11,7,46,8,10,32,59,6,18,50,27,20,0,12,33,22,16,53,47,36,60,48,9,2,21,14,19,54,56,28,58,61,29,40,39
22,23,40,39,63,33,34,30,29,26,60,11,14,17,0,47,13,2,12,54,62,49,9,38,16,45,42,48,59,15,10,32,28,50,46,31,53,44,43,21,61,41,25,56,57,1,52,7,58,35,5,4,55,6,18,19,8,51,20,3,24,37,27,36
17,10,3,0,22,49,52,53,30,31,2,8,41,42,44,43,40,50,14,26,35,36,58,13,25,9,16,63,27,19,7,57,29,5,12,33,34,55,45,24,11,4,15,1,37,61,39,54,51,20,47,62,48,23,46,6,21,59,32,38,18,56,28,60
20,15,59,12,10,9,49,40,52,47,32,1,23,29,42,19,57,24,34,50,35,3,51,55,36,54,63,39,11,17,2,25,6,16,5,22,37,33,53,30,45,26,48,21,62,14,31,41,13,46,60,4,18,43,27,44,28,0,7,58,56,61,38,8
25,34,15,28,30,31,27,43,63,53,60,17,32,21,10,48,55,59,2,35,4,13,57,23,41,24,45,1,38,33,8,11,54,49,6,3,19,56,20,5,9,26,62,42,47,39,46,37,22,16,50,18,51,29,58,7,44,14,0,61,36,52,40,12
61,43,47,35,58,63,7,5,13,46,4,26,60,16,2,34,42,6,44,41,49,15,48,37,31,54,59,55,50,56,19,0,45,27,51,53,12,14,40,24,10,36,20,21,8,22,25,52,1,3,23,38,17,32,9,28,62,29,18,33,30,57,11,39
56,6,9,7,39,24,34,26,55,59,30,49,50,60,47,31,53,1,13,10,52,5,43,44,27,62,51,17,38,21,37,14,2,63,32,57,45,29,28,48,40,33,23,54,20,8,12,25,36,61,15,16,41,42,18,11,35,22,46,3,4,58,0,19
7,23,39,63,19,25,36,58,20,56,8,3,47,35,41,34,28,22,11,2,49,53,14,32,62,13,16,31,12,18,4,9,51,30,59,46,29,15,33,48,26,45,27,54,21,17,43,24,50,37,61,6,1,40,5,10,55,0,57,38,42,44,52,60
0,63,56,49,30,26,32,37,40,7,51,5,39,44,4,1,55,57,41,54,15,34,31,17,8,9,21,18,45,22,33,16,60,36,13,20,12,35,38,2,42,28,6,10,14,25,50,46,24,23,27,48,62,47,61,29,59,58,43,52,53,3,11,19
0,33,18,45,20,17,22,36,40,42,8,10,13,34,26,44,48,46,39,27,21,28,58,7,15,30,31,1,4,2,11,60,9,43,50,61,63,56,25,24,47,5,54,37,23,14,57,41,32,49,35,3,53,51,38,6,12,19,62,55,52,59,29,16
8,1,3,36,24,39,23,32,30,60,14,21,46,49,9,16,51,27,38,37,43,52,12,57,5,28,7,53,59,44,26,50,19,29,10,63,45,54,61,15,6,25,20,47,18,42,13,56,2,35,11,22,31,55,4,40,0,17,48,58,41,33,62,34
59,16,31,34,0,6,54,46,40,7,19,4,51,26,33,20,36,27,41,44,32,60,17,38,18,39,55,47,28,62,11,15,43,2,12,30,42,49,22,61,9,52,3,8,5,56,58,21,25,63,48,57,50,37,45,23,14,24,29,35,10,1,13,53
44,56,2,41,60,63,16,33,17,35,13,47,27,25,12,40,10,34,28,53,38,43,19,0,29,39,6,45,50,31,52,37,26,11,36,42,4,20,49,9,7,51,48,3,22,62,24,54,32,59,61,46,5,1,23,15,21,30,55,14,57,8,18,58
9,31,36,40,16,19,47,4,51,55,23,57,39,38,15,58,27,45,42,10,25,18,22,52,34,24,2,48,3,43,21,11,28,12,60,61,49,50,44,30,41,63,62,37,54,59,20,6,1,26,46,33,0,13,5,14,17,53,8,7,29,32,56,35
24,0,52,28,16,51,17,63,56,47,44,33,25,50,34,7,57,3,40,54,19,55,36,23,26,2,20,21,22,35,15,8,1,53,62,60,6,37,13,10,48,14,41,38,4,43,46,61,32,49,58,9,18,30,27,39,12,29,11,45,5,42,31,59
9,5,40,63,20,58,10,15,19,0,26,44,34,3,27,33,55,37,38,48,28,35,12,41,6,8,57,42,51,52,53,30,18,1,39,29,24,54,60,32,61,13,46,21,49,50,62,17,14,4,36,43,56,2,31,11,7,47,23,25,16,22,59,45
62,49,24,40,60,44,59,42,51,6,48,15,36,2,10,1,47,0,30,34,37,52,9,4,53,27,19,39,50,25,23,14,20,11,61,21,43,57,56,17,63,3,8,41,55,45,38,35,28,18,54,22,46,7,26,29,33,16,13,5,58,31,12,32
27,28,10,43,29,41,40,14,39,57,0,17,25,11,46,21,56,32,13,9,3,55,1,61,33,5,50,31,4,24,16,45,59,48,44,52,38,30,58,23,35,51,7,26,22,54,15,12,60,47,36,63,2,49,20,42,18,19,6,53,34,8,37,62
40,14,11,8,1,42,3,62,43,23,2,34,38,27,24,16,10,9,12,36,21,50,31,46,26,60,19,56,5,51,30,13,63,35,59,33,25,41,20,61,7,49,55,37,54,22,58,18,52,0,32,4,45,53,17,47,48,57,29,44,15,28,6,39
20,38,40,30,1,8,21,19,24,62,63,29,7,34,11,42,15,12,60,61,47,55,32,10,13,52,31,37,23,6,14,2,48,28,43,56,3,35,36,51,54,9,39,26,25,4,27,5,0,50,17,49,33,22,16,57,18,44,53,41,58,59,45,46
47,39,5,32,6,9,38,48,16,55,0,7,40,15,57,17,63,4,50,10,62,26,53,46,13,41,36,37,8,20,42,22,3,44,60,49,56,51,30,27,31,19,21,18,2,12,61,25,43,1,33,52,59,45,11,14,24,28,58,34,35,23,29,54
39,53,42,58,43,40,14,44,37,26,1,11,13,20,24,16,21,31,15,60,34,50,52,57,54,27,10,61,45,30,22,48,29,8,62,28,9,49,55,3,36,38,32,59,46,33,5,19,23,12,51,17,0,4,25,18,47,63,41,56,2,6,7,35
32,36,8,1,55,28,56,41,39,16,50,33,25,59,12,44,51,46,52,15,6,48,3,42,40,35,49,17,23,34,5,53,54,31,10,26,58,9,18,37,29,0,19,2,61,57,11,13,7,4,27,60,63,20,14,21,45,24,62,30,43,47,38,22
54,36,63,22,37,15,20,29,28,6,3,18,58,47,30,57,60,27,41,2,34,39,50,8,26,5,40,45,7,0,46,1,31,62,16,51,44,23,52,21,49,11,42,17,25,10,43,4,55,48,12,56,33,35,24,53,9,38,14,19,32,61,13,59
18,32,20,15,2,35,17,53,8,10,23,3,55,57,22,47,60,27,39,58,28,24,44,63,59,19,21,56,45,51,1,50,31,61,49,38,29,30,9,40,52,33,41,43,11,25,14,48,6,7,54,62,36,0,4,16,46,42,5,12,34,37,13,26
38,20,52,8,40,35,44,12,11,10,28,26,4,48,1,46,23,22,51,56,47,19,62,32,17,39,7,13,42,49,24,58,0,31,34,60,55,63,30,41,29,57,2,3,50,21,37,33,36,27,5,54,18,59,15,61,53,9,45,14,25,16,6,43
33,6,32,45,11,54,61,57,3,39,20,35,46,25,49,29,38,52,13,5,40,56,48,24,19,43,22,17,53,62,23,21,8,60,1,58,15,10,59,9,16,34,42,51,14,12,27,47,2,36,31,26,18,28,4,41,50,0,7,44,63,55,30,37
58,49,53,43,28,20,54,17,31,50,52,33,30,26,16,15,1,9,7,3,63,21,39,5,35,18,23,34,40,62,46,10,44,59,48,60,38,41,22,51,25,14,47,0,36,2,56,55,8,61,42,4,24,29,11,19,45,12,6,13,27,37,32,57
55,33,35,42,36,23,21,43,2,17,15,4,48,14,5,31,61,19,34,24,57,7,44,63,39,50,11,27,60,52,41,3,18,9,53,59,45,16,29,8,10,56,54,6,1,62,32,58,37,49,26,30,28,12,40,51,46,25,38,20,47,22,0,13
45,46,25,35,58,29,4,22,50,39,13,6,63,56,40,28,53,0,32,11,23,55,31,33,34,49,42,38,12,41,47,54,8,36,17,44,10,62,30,9,43,19,24,16,5,37,1,18,3,7,61,60,51,26,57,15,2,52,21,59,27,20,48,14
42,23,46,52,58,50,11,62,30,35,20,15,60,21,12,55,25,61,16,31,34,1,49,40,44,59,26,7,18,4,17,24,47,3,14,6,22,28,41,54,33,10,63,45,43,19,51,39,57,2,9,5,13,53,8,27,29,32,0,48,36,37,56,38
1,37,33,44,52,45,54,43,12,25,32,9,55,28,58,57,60,7,59,15,29,26,63,34,8,53,40,56,46,3,30,24,22,61,50,62,18,0,48,5,14,31,20,41,11,23,27,16,2,36,49,6,13,4,21,35,39,38,19,10,17,42,51,47
35,8,34,1,28,23,0,3,30,10,49,61,29,58,41,38,15,42,20,57,60,59,19,54,45,2,31,37,9,50,27,22,4,48,39,44,21,17,43,32,62,33,55,6,12,52,63,51,13,5,26,47,36,18,46,56,40,11,25,16,53,24,7,14
24,36,3,40,47,29,57,54,55,41,37,33,44,39,14,27,30,59,42,31,52,45,56,21,2,16,46,9,6,12,11,53,32,5,35,48,19,20,26,15,7,22,8,63,61,17,62,4,13,1,50,25,34,49,51,23,0,38,28,18,10,58,43,60
0,51,40,2,59,21,14,55,31,16,37,48,17,50,53,36,44,39,62,6,29,24,12,15,33,28,32,35,19,18,30,57,43,13,54,38,20,58,34,7,10,5,45,4,56,61,9,22,25,63,46,3,47,26,27,42,11,60,1,52,8,23,41,49
15,62,32,8,36,35,10,3,37,52,58,16,48,26,44,22,25,56,27,6,13,59,23,21,28,29,54,11,40,38,41,51,33,9,60,17,14,20,12,43,45,31,30,42,34,57,50,61,7,39,55,0,47,5,19,24,18,49,2,53,46,63,1,4
28,57,33,29,5,16,0,42,21,59,7,48,14,63,2,61,56,11,12,10,62,24,32,1,9,50,20,6,22,55,36,54,23,47,26,3,53,40,37,31,8,45,60,49,27,43,58,35,15,17,39,34,51,46,25,38,52,19,41,30,4,13,18,44
58,45,14,37,54,23,48,43,46,4,42,39,18,61,25,3,27,57,7,32,19,8,28,35,16,11,31,53,30,63,41,51,20,47,26,34,15,44,49,33,12,0,40,29,55,62,38,17,2,6,56,1,50,22,10,9,59,60,5,21,52,13,36,24
9,11,10,27,56,45,25,18,51,14,46,20,42,37,19,55,26,22,6,59,39,53,33,23,29,2,30,3,41,36,24,0,50,60,63,44,43,49,35,57,4,38,21,31,32,12,1,7,61,16,13,17,62,15,48,28,58,8,47,34,40,5,54,52
54,63,40,3,57,14,28,41,37,33,10,35,20,44,29,8,53,61,27,17,5,32,47,52,19,22,15,38,11,46,36,62,13,21,7,59,4,16,31,39,23,51,2,45,55,42,50,25,60,48,6,24,0,56,18,12,43,34,26,49,1,9,58,30
5,57,0,33,40,22,26,51,31,16,17,63,7,13,56,43,42,20,35,11,54,52,21,24,55,9,6,34,8,44,49,53,4,41,38,29,46,25,39,37,23,1,32,14,28,30,19,60,58,50,45,62,12,48,18,59,2,3,10,61,15,36,47,27
50,47,18,16,55,57,10,60,7,59,22,28,15,25,48,13,63,39,11,20,29,53,51,8,5,26,58,4,52,35,12,24,21,3,6,17,54,61,0,32,36,44,33,27,62,40,34,2,14,38,1,46,9,30,56,42,19,41,45,37,23,43,49,31
21,1,42,61,49,39,24,54,56,35,51,43,48,47,45,63,9,59,29,16,34,41,46,58,20,3,6,4,15,17,22,37,10,53,52,11,19,30,33,55,18,60,23,50,0,14,2,28,25,36,57,27,31,38,44,13,26,7,8,5,62,12,40,32
22,16,29,47,52,7,43,27,13,59,5,46,30,1,21,51,34,11,19,14,45,48,50,49,58,28,32,40,9,33,2,38,20,18,39,57,6,63,60,53,25,55,62,37,15,3,4,42,26,23,8,44,12,41,35,31,36,0,10,17,24,61,56,54
33,25,18,45,11,59,1,49,63,10,9,6,57,19,38,21,20,23,40,41,42,5,7,14,4,43,22,16,27,8,35,15,50,46,3,24,51,29,17,47,28,44,56,30,13,62,36,52,54,0,34,12,61,53,37,60,58,2,32,48,31,39,55,26
46,22,32,24,3,10,27,6,23,26,45,56,17,40,49,5,19,0,16,18,42,1,43,62,14,55,51,52,34,47,12,25,21,57,30,33,63,28,13,59,31,11,2,7,37,60,4,44,35,15,53,48,58,54,39,38,9,41,61,8,29,20,50,36
35,34,30,9,53,29,4,7,48,14,19,37,43,13,27,41,49,32,45,21,55,36,10,61,51,56,1,16,38,17,63,58,20,24,60,47,46,52,42,2,15,11,39,57,5,28,54,26,40,22,3,25,59,18,62,8,50,44,12,31,0,6,33,23
25,28,14,10,46,24,30,33,31,55,42,48,52,38,34,26,41,22,18,4,37,23,50,62,44,32,0,27,5,19,17,59,54,2,61,40,63,36,45,53,21,43,47,51,11,12,16,35,13,57,6,39,1,49,56,15,20,7,58,3,8,29,9,60
53,59,2,32,58,22,27,37,47,8,24,25,50,30,63,9,33,31,56,20,26,23,15,46,52,51,40,1,29,55,39,21,57,60,18,38,19,62,7,14,43,5,45,0,10,16,54,13,34,17,44,36,61,4,49,35,28,3,11,48,12,6,42,41
50,62,35,16,28,22,1,40,47,14,33,19,11,27,30,53,34,38,37,21,15,7,9,23,39,25,36,54,49,20,17,63,26,42,5,56,31,8,41,55,45,59,61,12,58,4,0,46,6,2,60,3,18,43,13,52,10,44,29,32,57,24,51,48
9,58,63,17,31,30,43,59,19,11,60,13,40,27,37,10,20,34,16,5,28,1,38,48,0,36,7,45,54,4,56,62,39,26,52,24,51,33,35,46,25,23,15,14,53,12,55,22,42,6,18,8,61,21,57,29,50,32,3,41,49,2,47,44
61,15,54,3,58,30,1,4,35,47,55,43,32,18,8,21,6,26,14,36,31,7,42,48,22,44,57,63,5,28,9,20,29,37,10,25,39,50,56,46,41,53,27,52,23,16,45,13,59,2,24,49,0,40,62,38,34,11,19,33,17,60,51,12
18,20,2,44,1,49,59,4,8,14,7,45,25,42,35,23,39,9,21,43,48,30,41,22,13,6,53,5,0,24,57,12,36,40,11,34,54,32,19,62,29,51,60,33,16,27,46,15,17,38,47,56,26,63,58,55,3,50,10,31,28,61,52,37
8,44,20,53,17,57,15,52,0,6,39,12,34,26,41,2,62,36,3,31,45,37,54,13,23,19,33,38,51,50,59,1,14,58,27,22,18,40,28,21,61,49,46,35,5,11,9,29,47,42,25,16,4,63,7,24,48,60,30,43,56,55,32,10
38,15,51,39,22,0,60,14,29,61,11,16,28,34,12,21,25,41,55,62,6,37,45,10,31,36,52,13,3,24,43,2,9,49,48,59,47,26,23,20,54,57,17,53,33,5,35,46,58,63,32,19,30,1,56,8,27,4,40,7,42,44,50,18
4,31,0,50,47,63,8,41,28,30,54,53,49,52,15,62,5,2,24,26,48,36,7,58,23,40,27,43,9,29,38,12,46,61,57,13,14,20,42,16,11,18,60,32,37,6,39,34,25,3,19,45,22,55,44,56,51,35,1,33,59,21,10,17
31,10,62,16,60,12,47,21,18,7,28,63,15,22,43,40,35,24,2,20,6,56,41,44,9,33,39,26,38,54,51,8,50,49,0,57,32,61,46,37,5,19,29,53,11,13,27,48,30,23,3,4,36,1,17,14,55,25,34,58,45,52,59,42
12,14,34,51,50,8,46,5,19,0,60,43,42,38,44,2,27,17,47,10,39,61,26,45,15,53,21,3,24,4,41,36,25,23,20,55,18,6,9,59,58,57,52,40,13,1,7,16,49,56,31,54,35,28,48,32,63,30,37,62,29,33,22,11
61,32,63,55,21,23,2,58,10,49,34,46,7,18,59,48,26,57,5,31,6,35,33,51,24,36,11,50,4,12,15,29,52,20,45,17,42,44,22,54,9,28,39,47,37,40,38,3,43,0,41,13,62,25,19,14,53,1,27,60,30,56,16,8
46,8,56,12,42,54,60,0,28,51,44,26,23,9,62,22,11,39,43,32,6,29,58,17,31,10,37,18,63,15,49,55,53,38,5,48,36,4,13,57,52,33,14,59,19,61,50,27,34,7,1,47,2,24,21,3,45,40,35,30,25,41,16,20
50,27,24,54,14,62,58,48,52,18,45,5,57,16,63,56,55,43,8,37,19,28,1,23,42,4,25,2,61,30,53,20,35,12,13,59,32,49,17,31,15,60,40,46,38,51,9,44,22,7,39,36,0,47,41,29,11,34,6,26,3,33,10,21
29,2,32,46,51,45,5,54,19,0,25,41,59,28,55,12,60,36,39,52,58,11,8,24,20,15,3,16,40,56,53,6,62,27,22,17,33,37,34,47,61,23,35,38,10,30,26,21,9,13,31,48,50,1,44,57,18,14,49,63,4,7,42,43
25,18,62,33,28,26,5,2,14,43,55,46,42,59,47,44,21,30,16,27,38,19,0,10,29,56,54,57,60,9,48,11,35,1,52,41,20,17,53,32,50,45,15,49,13,39,7,22,36,63,40,6,3,8,37,34,4,12,58,24,61,51,23,31
16,11,55,8,42,50,22,24,63,60,27,51,43,29,23,15,28,5,35,9,7,18,52,49,56,26,3,25,36,30,53,46,57,32,39,38,59,19,31,62,48,41,45,21,1,17,33,54,44,2,61,12,20,6,14,4,40,10,0,37,58,47,34,13
25,39,48,49,10,43,60,23,54,52,9,17,2,3,13,56,55,14,4,59,26,19,63,12,18,15,22,46,0,58,29,34,7,40,47,61,37,27,5,28,30,24,44,42,50,33,51,11,8,62,32,1,16,53,35,41,36,57,21,38,20,31,6,45
3,7,19,30,0,34,48,8,52,32,12,63,18,45,47,11,24,21,53,16,39,35,59,60,13,56,55,57,46,29,20,25,27,5,43,37,15,28,54,14,51,44,26,58,22,33,62,49,42,38,9,1,2,17,10,61,31,50,23,4,6,40,36,41
60,35,34,62,23,53,21,42,31,57,28,14,27,63,19,22,44,18,30,40,12,7,16,4,54,41,45,43,51,1,6,24,52,29,25,10,56,13,37,26,3,9,48,61,17,39,38,49,11,50,59,47,36,32,8,46,5,2,58,20,15,55,33,0
29,55,35,44,14,60,32,45,2,61,30,20,47,16,43,26,7,28,52,22,38,11,13,48,4,50,49,31,6,33,58,18,37,53,10,51,1,40,5,62,9,59,39,3,24,34,54,57,23,56,41,42,19,21,27,17,36,15,8,63,46,25,12,0
10,53,54,29,26,47,23,40,32,2,4,49,21,43,50,9,25,13,52,15,35,7,18,30,11,58,27,5,42,48,57,63,0,41,60,31,36,24,16,14,19,6,34,44,3,20,17,56,51,62,12,37,38,39,1,28,61,45,59,55,46,8,22,33
40,20,12,48,42,44,51,14,37,9,0,50,24,38,60,36,33,52,32,19,31,17,13,10,59,6,47,29,53,61,27,21,34,30,25,41,22,57,16,5,3,49,15,7,39,23,62,8,45,28,43,56,1,54,58,55,4,11,18,26,35,63,46,2
8,27,25,5,4,0,44,35,48,7,58,57,56,12,2,22,52,1,51,54,45,17,3,37,14,16,30,42,39,47,28,21,15,41,10,46,63,32,40,31,11,62,34,29,36,9,24,26,23,61,53,13,60,55,50,38,18,19,20,59,33,43,6,49
27,61,2,3,46,34,0,37,28,16,22,42,17,18,19,48,55,8,13,41,15,1,12,59,10,32,53,38,39,23,14,56,43,35,29,4,45,30,31,9,33,49,57,62,25,6,47,51,44,5,63,52,11,20,7,60,21,58,24,26,50,40,36,54
16,7,0,27,44,36,30,4,21,1,25,61,3,8,57,19,13,34,35,22,47,14,43,6,39,58,26,24,50,46,32,62,10,53,42,48,49,63,15,60,59,12,45,56,20,11,28,5,38,55,51,23,54,18,29,17,2,40,37,41,9,52,33,31
41,9,19,31,36,58,29,13,37,6,50,2,4,45,63,21,22,17,56,30,3,20,62,47,55,53,34,49,33,59,27,15,14,10,61,1,26,35,0,24,60,57,18,25,43,54,42,52,48,40,7,38,28,46,23,51,12,8,11,16,39,32,5,44
34,14,27,52,35,40,50,60,5,59,49,44,26,38,29,57,23,46,45,55,6,20,22,28,0,54,58,48,15,47,42,19,32,61,11,18,24,2,53,62,10,7,8,16,3,13,25,37,21,4,17,39,31,63,41,12,9,30,43,56,1,33,36,51
25,38,49,39,30,10,34,24,26,44,58,36,40,17,50,21,57,4,6,47,42,2,43,11,54,60,46,8,59,63,35,15,56,52,3,55,37,32,23,29,41,19,5,53,16,45,48,13,27,33,51,9,20,61,28,12,1,7,62,0,22,31,18,14
31,38,58,5,18,37,16,9,36,49,29,2,1,33,20,11,61,4,25,42,3,13,26,54,22,34,24,30,10,15,47,32,23,0,48,56,28,14,59,57,39,40,62,46,17,51,45,55,50,52,43,12,44,41,19,63,7,8,27,6,35,21,53,60
36,10,46,53,2,15,52,0,44,58,21,55,1,9,14,6,32,41,7,26,42,20,11,16,24,12,48,30,4,17,56,31,22,60,35,23,27,50,5,47,45,59,62,57,38,40,43,34,33,8,18,13,49,25,63,19,3,39,51,37,28,29,61,54
55,5,44,59,51,36,20,34,31,1,6,60,62,21,42,29,33,35,52,26,63,28,58,7,15,23,27,9,12,39,8,47,4,49,18,13,56,43,53,16,24,50,14,41,32,46,40,30,2,25,10,54,61,11,3,48,19,37,57,17,22,38,0,45
22,29,10,23,26,20,37,28,44,17,11,42,56,49,18,61,54,52,7,39,32,8,41,57,19,24,5,21,3,9,50,0,12,63,53,60,48,14,38,27,6,43,31,59,40,51,34,30,62,4,15,55,33,13,58,47,1,36,45,25,16,35,46,2
0,36,30,8,43,44,22,14,19,50,7,51,24,38,57,10,12,58,29,35,63,33,53,18,60,25,39,54,48,16,11,55,59,6,61,4,26,46,1,49,41,2,52,40,28,15,5,17,32,3,27,31,9,13,34,45,20,37,47,42,56,62,21,23
57,48,42,31,19,28,5,35,59,55,1,58,53,6,7,49,51,52,25,14,15,8,18,29,47,24,61,30,60,26,3,62,40,34,54,45,11,44,21,33,50,9,27,12,43,23,10,41,22,39,16,2,20,4,36,56,13,46,38,37,32,63,17,0
31,0,23,63,7,45,46,34,9,59,13,51,58,30,6,1,36,39,2,47,17,27,44,24,4,37,62,29,19,61,60,8,56,42,53,12,50,18,32,20,38,48,21,57,14,54,11,22,15,49,10,35,26,41,3,52,25,33,5,28,43,16,55,40
16,38,54,61,5,4,58,9,31,26,37,3,49,17,25,59,2,32,19,35,53,11,44,43,29,10,14,15,62,60,34,51,23,28,42,13,41,52,1,46,33,7,12,30,20,36,55,47,8,6,27,24,0,45,57,50,21,56,22,63,39,48,18,40
53,39,48,59,58,15,2,3,37,57,56,14,47,7,28,4,31,42,29,46,25,41,10,34,8,18,43,52,21,1,45,26,0,61,19,62,40,30,16,9,32,6,51,36,33,35,54,44,24,5,49,55,50,22,38,20,60,63,17,11,27,12,23,13
37,19,10,9,5,12,18,8,60,27,61,35,0,36,47,33,34,6,11,46,24,39,54,26,17,30,53,32,49,22,7,55,1,52,38,29,40,15,45,50,57,20,56,42,63,23,31,43,48,14,62,3,59,41,51,21,2,4,25,28,44,16,58,13
20,8,2,31,40,9,22,17,41,3,23,46,27,1,16,10,6,5,15,30,55,49,19,4,35,24,48,13,0,44,33,42,63,36,61,38,32,43,59,14,52,39,12,26,54,11,58,28,62,53,47,45,56,60,21,57,37,18,25,34,50,7,29,51
9,4,28,6,49,59,50,7,40,51,56,42,23,39,60,21,52,44,43,20,3,27,62,30,14,29,38,35,32,15,22,36,53,26,55,45,19,24,11,37,48,34,58,25,41,12,5,57,8,2,47,0,54,1,13,63,61,18,46,16,10,31,17,33
4,39,43,15,31,51,2,7,47,32,13,40,6,50,20,17,42,14,53,48,60,18,23,61,45,35,21,44,16,36,27,63,37,29,49,26,1,28,62,24,33,41,11,38,5,57,56,58,10,12,19,9,22,55,3,54,52,0,25,46,59,30,8,34
47,22,37,51,54,4,23,32,58,38,41,49,48,9,15,19,63,62,13,56,50,30,2,60,10,39,36,17,57,6,33,29,20,52,59,8,12,16,26,0,42,53,35,43,24,25,44,5,21,7,14,11,18,27,45,40,1,61,55,28,34,31,3,46
52,27,6,63,12,9,62,13,45,54,26,20,57,56,38,24,3,22,30,0,43,36,7,49,48,28,47,31,40,50,19,42,5,60,16,55,39,32,37,35,10,4,1,23,2,29,21,14,18,8,61,33,46,51,41,58,11,25,15,53,17,44,59,34
24,26,53,49,52,8,7,2,54,3,42,20,56,4,37,55,15,21,45,17,35,46,62,58,19,36,25,14,39,59,28,40,34,10,31,41,0,27,11,44,38,51,13,18,43,33,16,1,50,29,12,61,63,30,48,22,60,6,47,57,9,5,23,32
50,62,15,41,11,8,37,38,58,48,46,42,57,22,6,28,53,12,61,24,40,34,44,30,47,5,45,36,7,43,29,0,33,51,17,60,54,21,32,10,20,27,19,39,26,55,13,16,25,49,9,31,14,18,3,23,59,2,63,56,4,52,1,35
22,50,12,0,37,48,62,15,41,42,40,25,11,58,17,34,39,6,10,38,14,52,45,31,4,19,2,44,57,56,46,23,47,24,63,27,28,7,21,16,60,3,29,43,51,20,5,53,55,54,9,8,32,35,61,26,59,49,36,13,1,33,18,30
17,57,25,14,11,50,29,33,51,59,61,1,3,27,44,58,52,10,63,9,32,60,48,6,42,19,35,15,2,49,40,43,47,34,46,24,7,41,30,18,39,26,31,28,5,38,55,16,54,8,36,12,20,13,4,22,37,45,62,21,56,0,53,23
20,16,45,49,40,15,52,11,18,7,1,63,34,51,31,53,46,8,27,33,56,24,38,41,25,54,22,55,3,4,30,14,35,62,36,43,17,44,19,50,10,47,29,61,21,39,5,60,48,2,28,26,0,23,37,59,58,32,42,12,6,9,13,57
52,22,6,59,39,27,3,5,60,14,54,50,58,61,51,29,32,20,36,18,40,4,57,11,56,33,38,43,47,15,10,7,25,30,48,21,1,37,26,23,8,0,17,62,41,31,45,44,24,49,42,2,46,16,9,53,63,19,28,34,12,55,13,35
42,14,16,39,33,18,5,35,10,2,24,22,40,46,15,28,21,30,20,7,51,60,62,34,29,6,19,45,47,38,41,32,49,53,1,37,8,13,52,11,25,26,0,17,57,23,48,61,58,9,50,31,44,63,43,12,3,56,27,59,36,4,55,54
51,19,0,22,7,53,16,35,62,24,9,60,15,13,11,25,52,31,37,47,43,1,34,61,55,36,3,49,42,21,45,48,54,8,27,20,33,59,56,46,44,10,6,39,5,63,14,2,41,32,40,38,28,26,12,57,30,18,4,50,29,58,23,17
27,36,56,62,63,5,6,38,21,24,46,13,16,17,44,9,0,12,55,30,25,37,48,2,3,19,22,41,57,7,35,34,26,40,32,59,61,54,43,10,49,23,11,42,15,28,4,18,58,31,33,20,39,14,53,45,51,1,50,29,52,60,8,47
5,3,15,29,51,48,25,17,31,1,16,30,57,32,54,33,23,27,39,63,44,58,19,49,59,52,6,62,34,42,21,38,61,24,50,11,36,10,20,55,45,46,53,13,14,41,8,26,35,40,2,47,56,18,22,9,4,60,43,0,37,12,7,28
38,61,5,54,47,57,12,34,53,29,26,35,23,60,63,24,55,25,28,58,6,3,52,33,44,2,30,19,20,31,21,41,8,7,11,10,14,0,16,37,22,32,40,15,45,50,27,9,49,13,4,36,18,62,17,1,42,39,43,48,46,56,51,59
29,7,19,47,34,42,9,41,37,51,1,45,32,17,30,49,31,6,55,12,28,4,33,14,52,13,15,63,5,22,23,0,48,8,25,35,54,16,60,44,21,58,62,53,43,59,38,10,2,11,36,18,57,56,46,3,20,26,39,40,27,50,24,61
22,16,25,52,41,48,31,26,34,24,36,17,39,56,27,14,9,2,12,47,45,43,21,60,57,13,32,40,3,0,53,6,29,19,55,20,15,33,46,49,7,58,42,10,54,63,18,62,1,59,44,35,38,23,11,4,5,37,61,50,28,30,8,51
34,36,46,63,2,60,52,43,23,47,49,27,41,15,10,25,56,31,14,3,33,24,1,13,7,5,11,9,19,50,42,0,53,38,35,21,17,6,51,12,18,4,39,45,59,57,30,61,8,32,37,55,22,58,29,28,62,44,16,20,26,48,40,54
31,24,30,35,27,16,23,40,4,60,36,48,25,47,41,52,15,11,58,28,33,56,22,19,6,39,43,51,32,18,59,53,55,42,3,8,37,1,5,62,54,9,14,21,26,45,38,61,20,12,2,44,46,49,13,10,7,63,0,50,17,29,34,57
10,53,4,43,1,5,63,27,54,59,47,55,14,34,56,8,12,62,19,37,7,51,18,25,32,24,26,31,13,23,22,29,21,28,44,42,33,2,49,35,36,38,30,61,46,17,45,11,50,41,9,48,0,52,15,58,60,20,57,40,16,3,6,39
59,43,39,24,40,22,1,25,49,28,2,35,57,47,17,11,46,30,14,23,26,10,42,21,0,38,41,58,32,37,29,61,9,18,31,45,12,5,50,51,33,53,20,13,6,15,19,4,63,8,36,52,56,55,44,60,48,34,27,16,7,62,3,54
58,0,19,47,48,59,25,29,17,24,57,32,52,4,22,1,5,63,9,54,46,3,35,28,55,53,39,18,38,2,6,62,27,34,10,36,16,31,8,40,60,20,45,11,30,41,50,61,14,43,21,37,15,56,51,49,44,33,13,23,26,12,42,7
37,51,17,60,1,30,54,29,41,55,33,22,19,13,4,36,63,21,20,39,34,32,3,61,14,16,48,43,45,2,10,57,15,53,42,31,52,38,58,0,62,46,8,6,44,24,47,40,59,49,9,18,28,5,26,7,27,56,11,12,35,23,50,25
56,2,43,46,3,61,14,59,34,25,13,37,28,22,27,40,29,6,19,51,17,33,1,41,4,49,9,16,7,53,42,60,0,30,63,55,45,39,58,36,35,47,5,57,52,48,26,54,18,62,31,10,20,44,23,32,15,11,21,24,50,38,8,12
34,1,9,19,51,12,4,10,20,17,55,21,50,59,39,44,23,60,28,31,45,52,61,22,37,6,5,7,15,2,49,38,54,35,25,8,43,18,53,3,33,11,41,16,24,42,36,14,27,26,0,48,63,29,62,56,47,46,32,30,57,58,40,13
42,30,59,44,58,20,9,8,35,28,31,12,26,38,7,60,29,15,40,27,22,50,14,55,11,46,32,17,63,21,4,56,61,51,37,39,13,52,33,23,0,2,10,36,6,45,47,48,53,41,3,19,1,57,18,49,16,62,43,5,24,54,34,25
55,34,35,52,37,1,25,58,49,50,28,16,24,29,2,17,47,59,54,23,0,63,36,48,42,62,8,20,40,32,45,46,14,9,3,6,12,31,26,41,33,4,38,7,22,21,61,43,53,27,19,13,57,51,5,15,30,11,10,39,44,56,18,60
22,23,58,56,8,25,26,3,9,13,7,2,32,19,14,43,53,60,24,30,18,27,47,59,6,4,41,5,1,48,33,61,17,55,42,45,15,0,50,52,16,35,38,39,51,10,54,29,63,20,46,11,36,21,28,12,37,57,40,31,44,49,62,34
41,55,60,20,11,7,39,0,49,17,13,56,32,47,22,19,59,24,62,34,12,31,14,30,18,46,3,25,33,5,6,53,29,21,36,27,63,38,35,51,52,26,45,2,9,57,61,28,43,15,1,4,8,10,16,48,40,23,54,58,42,44,37,50
3,20,5,0,19,13,62,46,14,59,49,6,8,41,63,26,2,38,27,44,23,47,35,42,58,10,1,53,4,22,29,17,16,51,32,25,40,50,56,37,45,15,36,34,54,39,28,7,31,57,18,24,55,11,9,30,61,21,48,12,60,43,33,52
25,55,21,53,13,17,54,11,60,19,41,59,51,28,42,58,26,14,20,12,33,35,38,36,23,30,6,10,18,50,43,61,4,29,1,22,40,46,63,32,47,56,37,48,44,34,9,57,7,16,27,31,8,3,0,2,45,52,39,5,49,24,62,15
29,37,39,16,50,19,28,4,45,11,32,61,27,13,22,14,31,8,2,40,44,15,46,52,25,24,54,35,3,63,34,36,41,53,30,33,0,6,57,12,47,48,58,56,23,49,62,26,17,9,7,20,1,42,59,38,18,51,55,43,10,60,5,21
54,30,55,51,25,1,11,4,10,8,50,7,52,13,43,48,5,59,0,9,63,38,53,26,57,17,42,12,45,16,41,15,18,3,28,60,34,31,36,33,37,29,35,40,32,62,2,20,19,47,27,6,23,61,22,39,14,24,58,56,21,46,44,49
56,23,9,30,5,1,61,44,48,39,8,58,63,46,17,24,53,42,13,34,6,2,27,21,29,14,62,18,49,19,37,51,47,45,52,4,16,25,12,33,43,38,36,0,32,40,22,10,28,41,35,11,26,60,3,55,50,20,7,31,57,54,59,15
42,13,37,49,38,11,43,59,14,33,3,16,8,25,12,50,48,31,2,22,1,27,52,10,15,47,55,0,28,62,34,57,35,18,29,63,7,60,6,9,51,44,56,58,30,17,20,32,26,39,40,41,4,45,53,54,36,24,23,5,21,19,46,61
20,19,45,55,34,56,2,47,16,21,29,46,41,50,13,31,28,26,48,22,33,24,59,63,5,40,44,62,7,1,10,60,15,18,58,8,17,23,57,43,25,51,52,49,0,27,11,9,42,6,32,54,61,37,38,12,14,53,35,4,3,39,30,36
41,34,28,1,5,0,45,19,58,26,14,24,39,63,44,53,33,57,51,10,7,52,15,20,22,16,43,60,27,23,29,35,42,55,18,38,48,62,36,31,47,6,4,32,25,21,56,12,61,49,37,13,30,11,54,50,59,40,8,3,9,2,46,17
3,20,60,31,17,43,36,30,11,35,5,4,13,1,63,38,14,50,33,0,51,47,53,49,32,54,37,18,45,6,46,44,42,48,8,56,10,28,41,52,2,57,19,26,21,12,23,9,58,7,34,40,27,22,59,61,25,55,24,62,29,15,39,16
24,40,25,60,22,52,19,0,42,41,32,58,53,49,16,18,62,7,38,8,54,21,63,28,11,31,36,59,13,17,56,50,1,27,35,15,57,3,2,51,4,55,61,39,9,46,12,43,23,30,29,33,14,48,34,6,10,20,37,44,26,5,47,45
54,53,12,17,20,2,49,59,55,21,62,42,5,56,38,47,35,1,28,58,3,51,39,23,15,33,43,31,36,9,22,4,37,25,13,46,6,18,11,30,16,63,52,50,10,60,7,45,44,48,27,8,0,32,26,14,19,34,40,24,41,61,29,57
52,18,11,44,10,40,9,27,13,12,41,61,34,37,26,56,46,8,42,14,15,2,53,0,30,29,59,23,38,28,45,19,33,24,49,1,22,58,54,36,16,3,6,20,60,39,62,47,48,4,55,57,32,35,50,5,31,43,21,17,25,51,7,63
28,54,7,55,4,61,10,45,20,57,52,40,32,21,51,43,60,41,39,12,42,27,59,35,62,18,44,14,13,0,53,15,22,17,33,2,37,29,56,19,3,11,31,9,63,1,24,23,16,46,47,49,30,34,8,50,48,58,26,5,6,36,38,25
21,4,59,31,11,47,7,60,17,3,19,46,36,14,6,55,28,10,0,49,54,12,20,48,5,45,13,34,53,63,27,23,39,24,35,51,22,29,32,37,61,57,1,25,58,42,33,16,62,15,8,50,43,40,2,52,41,44,9,30,18,56,38,26
53,32,61,6,46,50,40,28,18,55,16,22,9,33,17,31,11,42,2,35,41,36,48,0,49,29,52,3,20,58,26,62,43,21,63,23,1,19,47,25,54,44,38,13,7,51,12,30,59,57,24,4,60,15,5,39,27,34,45,14,8,37,10,56
22,5,0,58,14,13,3,1,53,33,27,37,6,29,9,39,54,23,24,56,62,41,10,7,52,18,44,8,61,26,36,46,43,57,12,55,40,11,45,15,51,48,50,34,60,42,4,16,32,20,38,35,47,31,17,49,2,25,28,59,63,21,19,30
29,57,38,50,10,33,4,15,45,1,7,26,41,22,8,48,36,40,12,62,19,46,23,39,17,37,24,20,44,54,14,30,56,16,61,55,52,63,51,58,60,28,3,5,13,42,49,6,31,18,25,27,11,32,47,34,53,9,2,0,59,35,21,43
45,2,36,27,14,51,50,57,12,0,6,5,32,47,35,13,52,28,60,4,7,37,54,1,24,29,59,53,48,9,26,30,39,46,62,20,55,41,43,58,34,21,31,19,17,23,16,10,38,61,44,40,25,8,49,3,22,18,11,42,63,15,33,56
50,4,46,40,16,41,63,60,43,12,14,6,26,32,5,56,62,13,51,45,25,30,61,22,36,34,42,21,19,52,2,54,39,27,11,57,38,23,20,47,0,29,44,58,37,48,3,28,10,49,35,9,33,53,59,15,24,8,55,1,7,31,17,18
45,9,57,10,2,25,18,39,11,33,47,53,44,56,28,14,17,12,19,15,37,34,59,63,51,54,29,8,30,32,62,3,58,23,0,61,21,20,46,36,13,35,41,50,52,48,27,38,22,31,4,6,55,43,26,40,1,5,24,16,60,49,42,7
17,21,59,16,27,35,1,14,40,38,28,62,53,20,39,8,5,24,50,12,3,2,18,10,42,11,29,47,9,54,13,15,0,19,26,57,34,6,23,63,61,56,55,48,25,52,49,43,30,60,32,44,41,51,58,46,22,7,31,36,4,37,33,45
32,40,63,58,10,0,39,18,43,57,27,51,14,54,22,61,21,19,24,48,37,47,2,41,4,60,50,11,31,26,34,9,6,38,28,17,5,1,13,3,20,15,53,35,23,36,12,45,29,44,52,33,59,46,56,25,62,30,49,55,8,42,16,7
32,56,10,52,3,24,27,6,8,34,5,50,43,19,11,54,26,33,51,36,42,2,45,62,9,16,14,30,22,63,39,41,49,29,1,20,53,13,15,55,47,21,48,38,7,59,12,4,0,31,60,46,35,40,18,23,25,61,44,37,28,17,57,58
8,15,47,9,13,0,7,2,38,48,25,59,39,4,20,44,32,16,29,56,27,17,33,31,55,62,26,51,21,54,58,45,60,24,23,43,61,42,40,50,28,12,19,1,52,49,34,46,35,3,5,18,22,10,41,6,30,57,36,11,53,14,63,37
63,43,31,57,3,58,27,60,18,37,44,20,15,53,2,6,46,21,17,25,35,29,50,42,36,9,13,33,51,62,39,34,24,59,61,49,28,22,7,8,56,55,11,19,0,54,23,40,52,48,5,16,26,38,4,12,47,14,1,45,32,10,41,30
49,16,50,61,63,20,4,27,19,9,13,5,52,32,8,38,57,41,11,2,33,14,56,43,28,6,34,58,54,51,53,0,12,45,62,60,22,47,3,44,55,1,36,24,21,31,46,18,59,10,42,39,30,29,25,37,15,40,7,17,48,26,23,35
47,13,26,29,11,61,43,24,39,49,42,40,57,50,53,41,46,62,32,37,23,33,63,9,45,48,22,12,10,0,2,27,3,31,36,5,54,16,4,30,6,52,55,38,28,56,14,21,25,20,58,35,34,15,44,1,18,59,17,7,8,51,19,60
5,27,4,23,43,0,54,40,25,41,28,8,56,38,36,1,13,22,39,34,19,61,42,32,50,46,44,10,26,55,17,52,30,35,33,63,11,18,57,31,2,15,29,48,16,37,6,14,62,51,53,21,60,49,45,3,9,58,20,47,7,12,59,24
38,5,13,27,6,17,51,25,16,9,2,30,3,41,29,1,54,42,52,55,15,28,36,18,35,34,53,14,24,40,7,23,50,19,62,22,10,32,21,45,26,63,39,49,0,47,33,61,8,48,59,44,12,60,11,4,31,58,37,43,56,20,46,57
45,39,16,25,14,12,56,0,59,8,48,46,37,53,15,35,32,34,50,30,38,28,3,22,63,20,41,17,10,13,11,55,47,31,1,52,57,24,36,2,18,7,44,5,43,61,40,33,6,29,49,60,4,62,9,58,27,42,19,54,21,26,51,23
21,30,60,49,37,53,31,17,6,56,62,59,19,51,7,8,47,0,4,39,63,38,45,34,52,55,36,25,5,28,29,48,24,13,18,57,2,58,14,61,41,10,26,46,40,54,32,33,11,9,3,50,43,23,42,1,27,22,44,35,16,20,12,15
33,29,21,8,6,38,19,61,10,35,43,20,50,48,34,31,5,23,32,13,28,52,59,4,56,30,49,41,36,12,42,54,55,45,18,0,46,9,3,26,44,1,40,11,57,53,2,39,17,58,51,7,24,37,25,22,14,15,63,62,47,27,60,16
20,46,42,52,43,10,7,55,25,11,23,13,3,0,47,36,16,37,24,39,34,1,48,33,40,2,17,56,26,9,4,12,57,21,49,45,27,50,63,38,15,53,30,29,14,31,58,18,44,35,54,22,51,61,59,60,32,6,5,8,62,19,41,28
10,20,33,7,17,44,19,58,48,61,13,43,42,62,0,3,23,38,50,27,14,2,41,52,56,8,26,53,12,49,6,5,31,60,18,28,35,32,16,22,11,1,59,63,40,37,21,51,45,34,30,57,46,47,9,24,54,29,4,15,55,39,36,25
31,3,52,48,26,47,32,44,27,49,4,39,8,38,46,25,18,15,23,7,20,13,6,50,59,11,29,51,58,60,12,0,28,19,56,57,43,40,1,30,33,21,45,61,42,5,63,10,41,16,53,35,22,55,17,34,54,62,36,2,37,14,9,24
55,17,60,53,46,50,20,7,24,36,42,51,4,18,31,23,9,16,38,0,13,54,26,3,22,1,10,27,49,5,37,33,11,43,14,39,30,28,15,29,47,45,19,35,8,2,25,61,41,52,58,12,6,62,48,32,44,59,21,40,34,63,56,57
18,51,33,23,4,41,0,2,53,63,28,3,27,52,5,56,21,37,59,15,9,31,55,17,32,47,8,46,40,10,62,24,48,1,54,16,57,60,36,13,14,25,29,22,11,50,38,20,44,58,42,6,39,35,49,61,43,12,45,7,19,30,34,26
47,2,12,48,17,36,52,62,20,35,24,60,22,59,26,39,51,7,1,53,56,15,44,19,14,63,32,29,40,30,6,38,25,13,50,54,9,11,34,58,61,18,16,3,37,23,33,57,45,10,8,43,4,0,46,42,27,5,41,21,49,31,28,55
19,2,44,23,6,27,11,50,18,12,38,53,41,60,1,43,29,28,25,21,34,48,17,35,36,42,52,0,22,55,16,45,46,59,39,5,15,10,54,24,47,31,3,37,51,58,33,61,13,30,49,56,20,7,63,62,9,4,40,57,32,26,14,8
8,48,49,15,57,24,10,41,37,26,63,45,16,27,6,43,61,44,34,25,28,35,13,18,51,46,54,32,36,40,17,55,56,30,9,42,3,58,21,62,50,14,60,29,19,52,11,23,2,22,1,12,38,31,53,47,0,4,20,59,39,33,7,5
4,48,55,56,52,49,50,26,6,62,41,3,10,21,8,45,18,63,53,27,9,16,24,2,32,12,39,0,54,59,51,17,58,20,34,36,42,31,61,15,23,43,35,1,46,47,40,7,30,38,19,13,33,28,5,25,44,14,29,22,57,60,11,37
6,37,5,4,40,30,49,42,31,36,59,29,7,23,8,52,48,26,46,47,56,9,14,38,60,39,50,22,43,24,16,45,12,63,17,10,0,58,20,51,19,15,32,57,25,3,34,28,33,55,27,1,21,18,11,54,41,35,53,2,62,44,13,61
45,38,60,51,29,35,34,61,52,39,24,28,19,50,16,17,40,42,37,58,25,3,8,53,55,0,32,9,13,6,33,1,21,43,54,11,20,10,27,57,31,26,49,48,47,12,15,2,56,62,59,14,4,18,44,23,63,7,36,5,41,22,30,46
58,34,10,32,37,3,16,62,46,14,55,20,17,63,23,51,6,61,50,33,15,9,53,54,36,2,35,0,1,52,60,19,8,26,56,11,41,25,22,44,7,21,45,59,28,47,38,24,39,30,43,13,40,12,27,42,4,48,18,57,49,29,31,5
59,20,54,46,7,5,10,34,15,22,42,31,51,14,6,35,28,9,11,58,25,57,13,26,1,60,36,55,12,38,23,47,52,19,40,44,45,49,62,32,61,18,29,27,30,37,21,63,41,8,48,50,4,43,17,24,0,2,33,53,39,16,56,3
11,41,55,10,48,44,22,31,0,50,15,62,60,40,59,39,8,3,4,13,36,6,45,7,42,21,51,27,58,19,18,29,17,34,25,2,49,20,24,35,63,38,12,26,1,9,28,16,53,56,30,23,32,37,54,33,52,61,57,43,5,46,14,47
28,36,16,5,7,40,41,9,55,35,18,39,46,61,32,34,17,58,0,37,51,14,56,43,1,22,54,52,26,20,11,62,8,42,59,6,50,13,15,2,47,24,38,4,27,60,53,49,21,29,3,23,57,10,25,31,48,12,33,63,45,44,30,19
46,54,19,31,7,45,5,53,50,38,33,44,42,18,59,37,6,48,0,61,8,39,40,3,58,63,20,52,30,14,29,56,10,34,25,24,22,51,16,57,2,41,47,28,21,1,17,26,9,49,35,15,36,11,13,4,55,60,62,23,43,27,12,32
46,45,63,36,50,28,8,35,55,7,47,59,10,52,51,12,57,60,4,31,21,2,9,24,56,37,1,11,32,58,48,39,15,20,61,54,43,5,29,22,16,33,40,18,30,3,41,62,19,13,26,14,53,17,49,27,42,44,38,25,6,23,0,34
27,24,41,31,52,42,55,8,13,32,50,54,5,17,33,26,44,61,12,30,19,11,37,7,58,20,43,9,0,14,15,51,57,36,16,46,40,49,62,23,53,18,60,28,38,34,35,25,4,21,1,63,47,48,29,2,39,22,10,59,45,56,6,3
38,58,61,1,18,53,46,10,16,51,39,14,36,3,25,5,19,44,45,20,40,31,23,60,50,17,27,48,21,2,47,34,59,0,54,30,63,32,41,8,49,15,43,62,33,55,35,11,12,52,26,13,24,42,7,29,22,4,37,56,28,6,57,9
57,59,1,2,26,43,50,30,11,12,27,17,46,21,48,31,15,16,53,32,45,37,25,62,38,28,63,20,41,19,60,52,55,24,36,18,9,0,23,42,40,39,3,58,33,51,4,5,44,54,49,14,10,13,47,34,6,8,56,7,29,22,35,61
13,30,24,60,14,58,1,35,59,53,41,57,4,5,12,44,25,48,10,15,11,23,33,47,20,63,17,42,50,26,40,0,32,22,37,7,61,46,27,62,18,16,51,49,19,9,3,6,38,8,54,29,43,36,56,21,39,28,52,55,34,2,45,31
36,52,53,40,3,27,46,47,14,57,49,61,37,9,63,21,31,45,28,35,19,12,32,38,10,20,16,11,2,15,56,42,41,6,23,8,44,33,48,1,34,54,62,17,24,5,43,51,50,25,60,29,22,39,30,59,7,13,0,55,58,18,26,4
20,9,61,37,52,19,58,34,22,23,46,21,30,17,48,50,6,14,49,53,44,59,35,13,32,8,11,0,1,63,41,47,25,51,54,5,3,2,26,18,57,24,62,43,39,40,27,16,7,15,31,28,55,36,10,42,60,4,33,29,56,45,38,12
32,59,61,18,56,50,6,33,20,24,26,63,23,40,39,41,58,21,47,53,22,55,37,9,57,48,34,19,62,35,51,5,4,7,10,27,1,36,45,15,38,31,12,8,54,16,30,43,0,17,28,29,14,11,49,60,13,3,52,42,2,44,46,25
54,22,52,53,32,35,46,0,14,16,24,60,28,37,3,20,59,8,19,33,7,17,10,57,12,48,9,6,2,44,36,41,25,43,23,38,11,39,63,18,29,21,34,42,55,51,47,49,1,40,5,61,45,27,4,56,31,15,26,13,30,58,50,62
3,55,47,56,18,20,4,32,29,61,42,44,54,14,10,60,23,22,50,12,57,11,52,13,46,1,7,41,19,30,40,31,0,62,17,25,26,37,35,43,48,15,45,8,16,49,63,21,38,28,6,33,39,58,34,27,24,53,36,2,51,59,9,5
54,55,22,11,50,6,14,47,51,37,44,2,46,61,34,23,36,33,15,12,5,0,28,3,19,29,42,24,49,30,56,57,25,52,4,18,17,20,9,31,8,63,41,39,53,38,58,35,40,43,59,32,27,48,16,10,21,1,26,60,45,13,7,62
62,32,49,14,23,26,43,31,3,5,21,34,7,55,37,38,28,44,19,33,30,53,45,52,2,11,16,41,57,51,13,56,60,40,25,46,10,15,48,63,54,36,12,47,27,1,29,39,9,61,42,22,50,20,18,24,17,59,0,6,35,8,58,4
40,63,27,30,36,21,34,19,54,8,45,4,38,26,32,60,58,1,50,15,31,43,13,23,24,33,52,51,2,55,35,9,37,28,20,12,47,18,7,39,62,42,25,46,17,11,56,59,14,61,5,6,53,29,0,48,49,44,3,22,57,10,41,16
52,12,42,0,57,16,54,19,29,45,39,40,18,47,55,10,9,20,43,38,33,63,30,53,35,17,34,60,61,49,24,3,8,2,32,1,28,50,15,14,51,59,31,62,36,26,21,7,41,11,22,48,13,5,27,23,6,46,58,4,25,44,37,56
41,51,49,48,23,58,25,14,34,7,12,44,26,29,40,63,60,0,16,39,2,52,1,55,10,62,36,13,37,24,11,59,17,38,46,4,32,45,53,30,20,43,35,57,22,8,27,50,18,9,56,6,19,61,42,3,54,28,47,15,21,31,5,33
36,1,63,13,57,29,27,46,41,39,16,7,8,38,35,20,15,25,33,61,32,42,60,12,47,10,9,51,11,5,30,22,34,2,62,26,52,40,21,50,17,3,45,56,54,37,0,48,59,24,55,31,18,43,58,28,49,14,23,44,6,53,4,19
58,29,11,59,40,37,46,60,56,57,35,15,39,41,2,19,63,62,0,26,14,51,21,25,6,30,13,49,1,5,36,18,42,61,34,3,4,23,8,20,45,48,7,50,32,10,52,16,44,31,54,28,22,43,47,12,55,9,24,53,17,27,38,33
19,43,18,17,51,29,50,52,38,23,56,9,57,35,36,5,48,26,28,46,39,25,8,61,41,44,54,58,13,6,27,4,40,53,11,42,60,16,37,33,3,22,21,20,34,12,2,10,63,45,59,1,62,15,49,31,7,47,30,32,55,14,24,0
61,33,59,56,13,1,44,24,36,2,60,7,12,55,22,35,25,16,27,28,15,34,31,37,5,32,39,0,49,21,50,30,48,19,52,11,63,57,23,26,42,8,54,45,38,3,46,58,29,6,40,43,18,47,62,20,9,14,10,53,41,51,4,17
12,40,32,20,19,31,7,39,59,50,48,41,62,18,58,45,42,55,10,43,29,54,27,5,2,0,57,17,6,25,51,16,53,14,63,26,46,61,47,13,9,4,33,24,11,49,3,22,30,37,44,8,15,60,56,28,21,38,23,52,36,35,1,34
4,11,34,13,55,61,9,25,22,46,33,18,48,21,53,49,19,63,57,26,29,41,0,37,51,58,28,23,7,14,8,52,15,54,3,60,2,5,42,10,30,45,62,31,38,40,47,24,16,43,44,39,17,59,1,35,6,36,27,32,50,20,12,56
39,62,58,10,56,22,12,20,43,38,45,25,44,18,14,11,4,53,15,41,49,6,57,1,24,9,51,47,48,34,27,36,46,37,16,50,61,3,59,63,19,0,8,23,28,35,26,54,17,60,7,30,32,21,31,5,42,13,33,55,29,40,2,52
55,14,58,43,32,59,12,30,2,15,24,60,51,3,5,33,28,35,36,47,40,22,25,38,27,20,6,34,46,17,63,41,26,8,62,48,23,52,11,0,7,39,13,49,16,53,56,1,45,50,42,21,57,19,54,4,44,10,37,18,61,29,31,9
49,43,38,12,41,39,36,22,54,26,28,25,0,19,59,21,40,63,3,29,32,18,55,2,46,35,5,31,1,47,16,17,10,60,42,57,37,44,61,23,9,6,13,7,30,53,58,48,33,24,14,11,56,45,4,8,51,27,52,15,34,20,62,50
43,49,56,52,35,9,58,24,3,0,2,36,60,4,10,53,27,39,23,20,57,14,11,7,37,26,19,31,42,55,32,44,61,47,5,30,25,48,21,38,29,45,33,63,34,6,18,13,28,59,40,22,8,41,16,17,12,50,54,51,15,46,62,1
6,11,5,39,15,13,4,18,19,43,51,50,36,45,33,37,60,14,26,58,44,22,2,23,49,34,21,40,54,53,38,8,20,27,48,46,59,7,56,35,63,28,16,24,30,42,1,17,0,10,55,32,47,29,52,41,61,62,12,31,25,3,9,57
46,33,44,6,52,57,40,56,10,50,27,43,9,62,31,24,48,0,53,28,23,29,49,47,30,51,39,25,34,63,4,8,41,58,54,15,21,26,2,36,11,32,17,7,5,55,45,42,61,35,20,59,37,18,13,16,1,22,60,14,38,19,12,3
51,62,39,36,38,32,33,4,1,29,11,8,52,18,46,14,48,60,12,34,3,24,40,28,42,50,19,55,59,23,25,7,43,37,6,15,53,10,26,35,44,54,0,2,63,57,22,41,58,31,5,47,49,9,21,20,27,16,56,13,17,30,61,45
13,1,46,26,56,3,14,6,60,18,38,11,2,15,32,31,35,33,12,42,49,59,39,28,47,54,0,48,63,22,24,41,53,34,40,9,27,25,36,5,19,57,50,51,43,23,37,8,62,30,21,61,29,58,7,55,4,45,17,16,20,52,10,44
39,32,43,33,14,45,58,55,10,46,62,6,4,34,37,24,48,42,26,60,41,28,63,12,27,40,59,0,17,53,1,2,31,21,16,13,25,61,50,51,38,30,56,52,3,19,5,7,36,23,57,44,8,9,22,49,18,15,20,54,11,47,29,35
48,23,15,55,34,61,11,36,52,13,49,33,40,35,29,41,27,14,58,3,32,4,62,16,20,7,21,57,56,2,10,60,44,26,6,28,63,53,18,17,47,59,30,42,12,5,1,54,8,19,45,38,0,9,31,46,22,25,24,43,39,50,37,51
7,55,20,43,63,27,48,32,10,31,30,36,51,35,41,11,58,23,21,54,5,40,28,49,39,45,26,19,61,34,56,9,53,37,33,2,38,15,24,44,50,12,60,42,3,62,8,47,0,46,6,17,29,13,22,14,1,52,25,4,57,59,18,16
45,36,39,18,63,13,47,30,1,38,37,51,46,43,5,34,49,53,14,8,33,42,28,17,56,12,60,44,55,0,6,20,61,24,25,59,27,3,10,23,41,9,11,29,19,54,4,22,48,2,57,31,58,32,62,15,7,50,16,40,26,52,21,35
29,20,28,19,46,62,50,22,0,5,39,26,57,34,14,16,53,56,6,21,8,41,42,55,32,35,61,25,3,49,12,54,24,27,31,33,4,15,58,44,52,2,18,23,51,11,60,43,37,47,30,13,48,1,45,38,9,63,17,7,36,59,10,40
42,4,43,51,57,61,27,63,14,19,26,31,22,0,21,3,17,13,30,16,35,25,18,2,6,7,15,56,28,10,24,54,50,40,62,33,53,49,47,23,60,5,32,45,8,11,36,12,37,44,20,52,46,29,41,38,39,58,55,59,9,1,34,48
20,32,53,37,35,7,49,34,6,56,11,63,48,59,12,58,21,4,18,45,8,55,16,50,42,0,36,3,44,22,28,13,25,31,27,14,30,15,10,47,51,46,33,5,1,52,38,17,57,9,61,24,60,39,2,54,29,23,40,62,41,19,43,26
61,6,57,32,47,40,46,10,34,45,36,23,43,31,44,1,53,27,17,33,58,37,5,12,42,25,60,4,39,7,38,2,48,62,59,63,20,24,52,51,3,49,28,9,35,16,14,19,11,54,18,15,13,26,29,50,0,56,8,55,41,22,30,21
15,27,32,2,53,43,52,62,51,20,4,63,50,36,3,46,25,59,42,23,37,22,54,47,13,21,8,10,31,24,30,28,55,48,19,18,45,34,61,1,14,60,57,39,12,49,44,26,5,0,11,9,38,41,33,35,29,40,7,6,17,16,56,58
35,37,29,6,62,59,41,47,2,40,57,9,18,24,38,8,13,55,25,12,60,14,39,33,3,11,28,7,22,20,50,27,42,31,53,51,58,45,30,34,5,23,32,17,19,0,15,4,63,46,52,49,10,43,54,16,48,36,1,21,56,26,44,61
56,7,44,32,54,47,13,19,20,48,3,59,9,28,55,61,34,50,2,31,51,11,62,33,57,26,38,1,46,41,16,17,21,22,37,0,27,53,8,43,45,12,4,29,24,14,18,52,23,25,58,30,36,15,10,6,49,60,42,5,63,40,39,35
20,1,27,39,3,56,16,26,51,11,59,37,23,14,7,53,17,22,12,63,8,49,40,54,46,25,10,42,36,50,24,47,45,57,55,5,35,58,60,33,19,0,18,41,28,4,52,13,34,61,38,62,48,2,6,15,32,9,44,29,31,43,30,21
2,1,31,10,23,30,46,59,61,51,0,4,60,13,12,28,41,17,15,3,55,52,29,58,43,35,49,42,45,56,9,25,18,34,20,62,14,38,24,32,27,36,48,44,16,8,33,47,40,39,63,50,7,37,6,53,54,22,11,19,26,57,5,21
30,1,22,31,14,34,40,59,32,5,50,18,7,43,55,20,8,37,60,62,13,39,25,23,26,2,49,48,56,10,53,16,47,21,35,29,28,36,33,41,3,12,11,45,51,44,63,15,57,61,4,46,0,54,19,52,58,42,6,17,24,27,9,38
36,47,46,20,54,24,57,18,19,22,11,41,49,58,8,30,13,12,53,9,42,25,55,2,59,1,34,7,37,40,56,44,23,33,5,63,21,38,52,27,15,3,50,48,29,43,14,61,17,32,60,0,45,39,6,28,51,16,31,35,4,10,62,26
50,42,55,33,6,47,56,48,2,60,32,5,49,18,29,39,20,7,25,15,13,23,45,34,1,52,3,11,19,54,58,35,26,9,62,24,59,31,21,61,36,17,51,43,40,53,44,22,38,16,63,28,4,37,41,0,8,14,12,27,57,46,30,10
45,0,39,36,59,62,49,33,31,43,30,23,7,51,9,41,21,37,6,32,18,4,26,5,28,16,20,47,2,1,53,60,57,46,40,19,61,42,8,13,10,35,58,52,38,48,50,29,24,14,44,56,63,55,25,11,3,54,27,15,17,22,12,34
24,56,12,41,52,19,59,4,20,49,54,37,43,2,55,18,39,30,6,44,0,31,22,42,46,51,5,23,57,35,32,62,33,36,50,53,7,29,61,21,16,58,47,8,17,13,1,14,27,38,63,48,40,9,28,10,34,3,25,11,15,45,60,26
1,14,42,58,9,34,37,43,24,5,61,46,53,33,35,26,50,41,15,8,12,29,18,23,11,45,22,32,59,47,49,62,54,40,48,28,39,60,52,13,10,44,56,0,63,31,4,7,6,36,55,38,17,16,27,57,19,51,2,20,25,3,21,30
21,62,58,25,46,7,23,33,48,47,5,56,3,51,6,18,13,22,4,19,50,31,41,44,24,37,12,16,8,29,43,60,11,59,2,52,49,30,55,61,14,38,57,36,10,40,39,27,54,63,32,15,26,9,20,42,35,34,1,17,0,45,53,28
37,6,8,38,18,55,9,13,33,15,30,58,0,62,36,28,60,16,49,3,17,61,2,45,27,5,44,25,12,63,42,46,39,19,21,48,59,4,35,24,31,23,52,14,32,41,47,54,11,57,40,34,26,50,20,56,51,43,1,7,22,29,10,53
52,39,51,13,48,58,41,17,15,60,36,8,10,53,0,28,11,44,62,9,30,7,49,40,32,55,2,54,35,42,31,63,20,19,56,43,46,50,6,45,23,59,29,26,57,4,47,37,38,12,1,24,21,14,22,33,18,27,34,5,25,3,16,61
21,55,41,58,9,11,42,2,29,49,48,36,56,62,38,59,0,43,22,26,63,61,13,4,40,12,47,7,8,46,35,32,33,18,31,3,6,57,37,54,39,30,50,5,25,28,27,24,60,53,20,10,17,51,19,1,52,15,23,16,45,34,14,44
24,16,33,62,40,52,25,63,7,3,51,56,5,13,17,9,34,0,43,50,60,54,19,8,37,28,57,32,15,39,26,41,59,53,61,27,48,45,42,4,11,30,31,12,36,18,58,49,22,10,1,20,35,47,38,6,14,46,21,2,44,29,23,55
37,39,43,26,54,6,35,22,31,8,0,41,12,21,5,50,28,60,36,9,58,29,14,56,27,45,33,34,15,51,63,59,53,1,42,44,20,19,13,47,17,24,4,10,40,23,46,11,3,55,18,49,30,32,16,2,61,48,52,25,57,7,62,38
57,35,61,37,10,54,24,6,27,3,53,56,47,36,19,52,18,22,41,0,50,20,5,2,31,58,11,17,49,62,39,13,12,25,32,38,44,43,34,4,23,63,7,55,15,30,26,8,16,48,14,40,42,46,45,51,60,59,1,33,29,21,28,9
25,33,4,32,20,9,2,60,27,34,48,38,42,45,54,47,57,6,58,24,21,17,15,40,13,1,14,49,30,8,29,51,63,37,46,28,61,5,23,53,7,22,39,36,16,44,62,55,10,35,50,12,18,56,41,59,11,26,0,52,19,31,43,3
29,4,7,11,42,37,12,57,26,39,8,44,50,36,59,23,62,18,32,34,0,46,17,51,20,27,10,45,49,13,28,43,35,55,21,48,15,63,31,30,41,9,22,19,1,40,24,58,38,47,14,5,6,52,16,33,25,2,53,61,54,3,56,60
58,54,59,10,44,32,45,8,6,51,23,33,43,50,49,47,2,53,62,12,40,41,52,15,56,9,38,14,46,7,20,16,57,39,24,4,31,37,28,26,61,63,42,27,35,55,21,18,25,19,60,11,48,17,30,1,29,0,13,34,5,22,36,3
15,46,51,52,20,26,21,16,62,41,34,9,45,28,6,22,39,49,23,42,30,38,33,11,32,61,43,59,31,14,17,24,55,35,8,4,13,7,29,2,50,60,37,63,25,58,10,53,0,54,40,1,12,56,36,18,5,47,3,27,19,48,44,57
55,60,27,11,22,35,61,38,18,57,36,26,6,5,28,13,17,53,43,59,21,33,52,19,42,31,10,51,32,29,7,3,46,0,2,12,45,23,20,34,24,9,62,8,30,41,1,14,48,54,50,16,44,15,58,49,4,25,47,37,63,40,39,56
10,61,4,39,52,7,30,23,28,22,48,51,63,6,44,14,33,20,0,55,2,47,46,58,17,15,42,43,25,40,19,3,62,32,60,8,38,59,56,37,1,12,36,34,53,16,41,35,26,50,27,57,5,18,11,21,49,13,54,45,9,24,31,29
57,58,14,41,12,63,37,55,26,28,15,2,35,59,38,16,33,17,30,24,44,53,29,8,48,23,60,31,61,56,27,19,42,5,6,36,54,52,39,10,1,32,3,51,50,13,25,47,21,40,62,11,7,45,46,18,43,0,9,49,20,22,4,34
17,24,49,30,54,31,61,12,27,21,25,57,44,0,43,53,56,37,40,15,52,45,9,62,32,13,19,5,28,6,11,2,16,60,33,58,23,63,55,39,48,50,46,22,35,26,1,4,10,20,38,14,41,7,34,3,42,51,59,18,47,8,36,29
26,20,51,30,25,54,5,47,55,35,8,34,62,23,21,16,15,19,59,56,52,39,14,13,50,7,6,4,53,49,12,41,28,58,31,33,40,44,43,1,38,32,3,2,57,45,61,37,11,9,29,17,10,48,46,0,36,42,18,27,63,60,24,22
45,47,43,19,9,23,54,59,57,7,44,14,46,25,50,37,49,3,6,60,15,58,30,5,42,62,16,52,38,63,56,34,53,28,10,17,0,55,40,39,35,8,20,13,1,33,48,12,31,29,32,61,11,22,21,27,18,41,51,24,4,26,2,36
33,27,5,3,4,21,11,41,18,46,60,20,37,34,14,51,7,52,47,17,22,25,24,62,10,48,59,12,30,42,63,56,19,32,23,1,55,31,61,44,54,9,29,38,15,36,16,43,49,53,58,28,26,8,13,35,2,57,0,40,50,45,6,39
23,38,41,58,21,9,25,8,46,36,34,35,4,7,51,50,0,5,2,61,37,24,33,59,27,42,45,19,55,52,26,11,28,13,56,18,10,39,62,1,44,32,22,47,57,43,17,14,63,29,40,15,48,3,6,54,12,31,16,60,53,20,49,30
36,11,6,55,10,59,56,51,38,26,58,54,52,23,14,40,16,28,22,12,57,20,35,63,50,3,45,17,48,37,7,33,25,15,41,31,9,44,8,21,53,49,29,0,34,18,13,4,1,46,42,39,30,24,47,27,61,60,5,19,43,2,62,32
13,35,19,38,48,2,20,24,37,52,39,18,17,55,3,22,54,6,42,0,62,49,45,16,32,14,46,23,50,11,29,56,44,30,57,59,43,53,25,33,47,10,58,26,9,36,41,15,61,28,31,12,51,27,7,40,5,34,60,4,63,21,8,1
5,57,1,25,24,7,60,12,30,43,31,14,18,39,19,54,22,58,13,3,23,10,27,46,21,6,44,40,50,32,55,62,36,29,52,11,48,8,47,9,33,35,26,45,2,37,53,20,61,63,28,51,49,34,41,59,0,16,42,17,38,56,15,4
9,34,58,19,10,54,51,29,22,43,41,15,60,33,7,21,57,49,62,35,36,48,56,24,61,46,16,0,42,55,27,63,40,17,18,53,26,31,44,12,3,59,23,13,2,52,37,14,11,5,25,1,47,32,6,4,28,45,30,8,20,39,38,50
49,12,17,21,39,32,63,8,47,13,31,56,25,6,26,5,9,1,15,27,50,0,2,16,20,22,30,18,35,37,11,48,52,51,60,24,53,7,58,46,14,41,44,34,4,19,40,57,42,54,23,10,29,45,43,38,3,55,28,36,61,62,33,59
8,12,28,4,21,51,59,13,49,36,41,45,34,0,46,61,47,2,50,54,32,10,44,30,16,1,14,53,25,48,58,33,26,42,7,19,55,11,6,18,39,27,3,17,52,23,9,57,22,63,40,38,24,35,56,62,31,20,5,15,60,37,29,43
27,46,14,18,39,13,16,60,53,7,17,8,28,61,3,42,43,25,37,49,20,54,56,6,24,23,15,48,4,33,0,55,12,50,41,47,10,19,52,11,45,9,63,62,51,57,26,31,22,44,58,5,32,36,35,38,2,29,30,1,59,21,34,40
13,29,55,41,38,5,59,8,9,27,2,62,4,61,37,21,30,3,23,11,0,50,63,7,42,46,25,19,51,35,16,54,24,56,53,20,49,22,39,48,44,58,17,40,28,45,15,36,43,60,57,31,52,26,32,47,6,12,10,33,14,34,18,1
18,2,19,35,16,9,14,5,45,40,15,39,11,53,27,10,46,29,55,20,32,51,59,37,49,22,61,31,33,48,57,30,1,21,0,8,50,62,6,7,3,17,24,43,38,12,36,54,23,47,26,44,60,41,56,34,28,63,13,4,25,58,42,52
55,20,12,14,1,34,60,42,17,29,27,32,7,11,36,59,15,5,3,41,31,35,30,40,62,46,33,0,61,47,38,21,50,37,57,52,28,43,8,13,49,58,39,2,53,19,63,6,16,56,25,54,48,26,4,9,18,23,10,51,24,44,45,22
43,23,7,42,44,30,37,47,51,29,38,32,13,39,2,49,5,62,0,20,19,31,11,26,10,17,9,8,59,21,33,36,40,3,60,24,45,12,1,50,46,28,4,41,22,56,57,52,35,6,63,15,58,14,55,61,25,53,48,27,34,16,18,54
25,21,17,48,62,12,43,14,46,33,9,55,36,20,5,35,57,11,45,16,54,56,37,13,10,58,63,49,41,26,44,32,8,50,1,39,52,34,24,31,15,60,29,2,42,22,40,27,61,30,18,4,7,3,59,6,53,0,51,23,38,19,47,28
22,44,4,10,53,55,17,32,35,23,24,0,52,49,21,33,47,30,3,18,51,56,57,9,6,50,19,26,13,1,39,5,11,31,62,7,16,15,40,54,25,46,41,45,29,48,38,8,58,37,61,59,14,20,28,27,60,34,36,2,42,12,63,43
12,32,46,18,61,38,22,47,6,58,14,15,19,44,45,51,55,49,4,53,9,20,24,40,29,11,17,10,25,30,23,39,36,28,16,35,52,31,21,7,62,26,57,34,42,63,5,43,0,60,13,54,8,2,33,59,27,48,37,1,41,3,50,56
56,1,60,32,58,54,7,40,4,18,28,52,19,36,26,10,59,20,8,14,55,22,23,34,21,46,63,0,15,45,49,42,53,11,27,9,41,5,51,13,38,37,33,57,3,43,35,50,16,44,62,48,6,31,2,29,17,39,47,24,30,25,12,61
4,0,60,5,45,41,7,37,52,62,57,12,61,43,36,9,11,14,1,35,48,8,47,28,54,34,30,58,40,20,31,55,56,32,10,13,3,39,53,38,23,50,18,26,59,44,63,17,25,29,16,6,19,27,2,33,24,42,22,46,15,21,51,49
40,57,8,11,58,31,3,16,63,25,37,18,44,20,2,19,35,4,30,52,33,28,38,1,24,39,61,23,10,27,29,45,53,60,41,49,26,21,34,36,12,62,56,5,42,9,15,50,59,14,22,47,7,43,46,6,17,51,13,32,0,48,55,54
61,24,10,39,49,29,5,8,0,56,1,42,25,44,51,35,13,52,40,62,59,2,36,50,32,30,28,63,3,60,47,9,7,14,57,53,21,46,27,16,15,4,18,26,55,6,11,22,38,43,54,31,41,23,20,45,19,58,12,48,37,17,33,34
56,58,57,44,36,51,19,21,62,35,46,18,49,31,22,15,30,40,20,16,39,13,38,12,54,60,52,1,29,55,33,43,6,47,45,26,34,5,11,27,24,7,48,10,61,25,17,9,41,63,59,37,42,53,4,0,8,50,28,2,32,23,3,14
9,14,63,49,22,34,31,20,10,6,45,8,25,58,33,38,60,46,29,28,40,52,30,36,51,32,27,55,50,59,3,57,26,44,12,48,2,47,0,23,17,24,62,41,5,11,18,39,61,7,54,35,56,21,42,1,4,37,43,53,16,15,19,13
16,48,50,43,23,56,38,55,20,17,11,35,59,25,9,21,22,18,0,45,37,19,41,28,44,49,32,27,7,6,5,54,26,53,10,8,12,39,36,52,15,29,42,63,13,33,60,47,34,1,51,40,31,2,61,46,30,57,4,62,14,3,58,24
28,56,17,4,53,22,51,8,47,2,42,60,62,19,63,57,61,14,0,3,13,35,29,55,33,9,1,44,40,16,10,23,48,26,15,7,21,6,20,45,41,46,54,5,25,31,59,58,34,50,36,43,27,11,24,52,18,37,38,39,49,30,12,32
51,37,21,29,43,5,12,20,48,9,25,36,28,44,8,56,52,47,11,34,62,60,13,40,41,15,18,24,39,49,53,27,58,2,59,16,33,17,19,22,55,57,50,4,38,1,63,0,14,6,26,10,61,30,46,35,3,45,7,23,54,42,31,32
2,18,59,10,57,25,17,62,50,44,55,1,7,27,39,53,48,33,46,4,0,28,41,52,31,35,45,9,16,43,22,32,21,51,40,6,61,19,63,12,37,30,5,34,56,54,8,58,29,24,3,20,26,60,13,49,23,15,38,42,11,14,47,36
17,41,2,1,19,54,9,48,24,6,44,61,5,42,39,32,16,51,11,62,12,34,25,22,20,10,21,50,30,31,15,58,23,43,26,37,14,33,53,3,40,8,29,55,49,47,18,27,63,60,28,13,52,56,0,7,36,38,45,59,4,57,46,35
15,47,17,7,8,2,35,45,51,39,49,26,42,57,46,29,56,36,32,5,38,6,59,14,41,11,24,48,58,20,50,34,1,52,21,62,43,61,37,22,53,12,30,4,18,55,19,16,3,9,27,60,54,63,31,10,25,28,44,40,0,33,13,23
37,52,6,31,56,25,5,32,48,27,4,12,45,39,22,21,34,36,35,18,1,23,9,44,58,49,46,41,61,11,29,51,15,3,63,19,8,53,10,14,7,60,62,30,0,47,54,50,16,13,28,55,26,38,59,17,33,2,43,40,20,24,57,42
63,2,26,43,55,62,32,9,56,3,31,34,12,24,53,58,8,5,6,60,45,38,18,30,19,40,35,7,44,17,23,47,48,50,11,22,54,13,33,37,51,15,4,57,20,0,39,52,42,21,36,28,59,10,49,1,41,16,61,27,25,46,14,29
6,48,23,31,38,57,5,19,37,60,34,9,16,43,13,21,56,59,61,45,42,35,1,0,12,62,49,14,51,8,20,41,47,3,10,39,63,52,55,58,24,17,2,36,53,15,27,4,50,7,28,46,22,29,26,32,30,44,40,18,54,11,25,33
61,50,31,5,17,18,13,34,26,44,23,33,10,25,29,3,30,41,12,19,48,39,46,62,54,20,40,59,56,38,49,43,15,14,7,28,35,52,0,37,16,9,36,60,51,8,58,27,6,53,22,11,1,32,55,57,4,24,42,45,21,47,63,2
25,33,49,20,44,11,8,26,13,53,5,34,58,60,61,55,46,28,30,24,14,57,10,56,22,27,17,3,7,52,45,12,31,54,48,62,29,51,43,18,1,42,19,6,4,35,59,9,15,37,41,23,50,2,47,39,40,36,21,63,38,0,16,32
24,14,44,15,59,6,27,5,19,12,40,47,48,23,9,42,43,31,30,39,46,61,0,13,41,33,49,35,4,2,54,29,34,25,18,55,53,16,38,1,56,37,26,57,32,45,60,36,63,62,20,21,11,3,50,10,58,51,17,22,28,8,7,52
5,57,53,25,24,4,61,44,49,12,26,2,6,27,16,37,60,46,35,38,9,55,50,32,39,40,15,11,13,33,58,17,62,1,20,36,34,48,43,52,14,21,29,41,31,22,63,18,45,47,51,54,30,7,19,0,42,3,10,56,8,28,59,23
0,47,52,59,12,57,27,58,54,30,29,44,3,33,1,23,15,26,42,34,36,37,63,5,13,18,6,10,20,48,7,53,43,35,16,24,28,19,51,14,4,56,60,61,8,46,49,55,9,21,39,40,22,41,25,32,31,62,11,45,50,2,38,17
21,16,45,38,56,10,40,25,22,18,5,20,27,50,52,58,43,36,28,47,31,2,9,32,3,60,39,24,51,12,62,49,42,13,34,19,11,44,48,30,4,15,61,6,59,46,63,26,55,41,53,54,8,1,57,7,0,29,14,35,33,23,37,17
11,30,20,5,8,19,59,48,21,51,40,6,42,16,46,24,43,32,23,10,38,14,63,12,57,26,28,47,41,17,3,4,58,54,22,7,39,55,2,9,61,1,33,35,25,50,29,27,15,49,13,56,0,31,45,18,34,53,44,62,60,52,36,37
34,62,24,22,28,58,33,63,17,45,15,9,27,55,11,51,14,57,48,43,4,49,60,32,61,42,3,40,13,35,16,36,37,8,30,59,2,7,12,56,18,29,53,41,1,10,26,21,0,23,54,47,38,19,46,39,25,5,52,44,6,20,50,31
55,21,41,50,8,52,51,57,16,10,54,24,59,2,6,9,23,60,35,45,31,46,58,39,25,27,63,17,48,12,4,22,1,26,38,49,32,28,29,18,42,14,15,0,19,3,7,40,30,61,34,47,56,43,11,44,53,37,33,62,20,5,36,13
18,3,1,16,20,58,35,55,12,46,47,62,37,39,9,53,38,54,0,59,41,21,44,60,42,36,48,50,4,22,24,52,27,19,56,31,28,7,6,14,2,49,61,32,33,15,17,25,63,40,8,23,13,10,34,29,26,43,45,51,5,57,11,30
38,31,3,28,25,57,61,51,41,63,9,4,23,54,46,7,12,47,14,48,56,43,37,32,27,10,55,44,2,20,35,49,6,18,33,62,53,17,39,15,8,5,36,19,59,0,30,21,40,11,16,52,58,45,34,50,26,29,22,1,60,13,24,42
27,7,26,22,47,40,44,54,52,58,63,11,48,59,38,23,19,10,6,51,49,35,5,37,56,20,30,53,39,31,60,4,41,1,25,3,28,55,32,34,62,17,50,33,2,14,61,18,24,8,9,0,42,46,43,29,21,12,15,36,57,13,45,16
31,9,63,52,7,58,14,25,51,15,44,36,61,55,49,62,33,41,10,18,4,11,48,46,53,40,35,56,24,26,39,30,13,37,22,45,8,5,50,0,60,19,28,21,23,59,3,17,2,43,54,27,34,47,38,29,57,12,20,1,6,16,32,42
0,6,36,31,44,47,10,27,53,62,42,30,19,3,32,45,25,7,5,57,49,55,21,26,17,60,9,39,63,40,54,4,43,37,14,38,12,23,15,51,28,58,35,41,50,22,20,2,33,11,59,61,48,1,8,29,46,16,34,24,18,52,13,56
7,5,0,42,43,30,2,17,54,19,34,23,1,49,11,26,32,15,29,44,6,52,46,50,16,63,41,37,47,10,22,61,31,4,9,24,56,18,3,33,45,39,48,60,28,55,35,57,51,62,38,27,25,53,40,21,59,58,8,14,13,20,36,12
54,40,52,8,18,24,20,17,56,10,59,57,33,55,12,48,63,45,29,2,1,19,7,15,46,61,43,4,13,37,41,22,39,9,47,21,50,28,5,3,11,30,36,26,32,38,14,51,27,44,49,53,62,60,25,23,42,31,34,35,6,58,16,0
62,30,19,29,13,24,3,23,61,32,43,56,33,31,12,5,59,22,45,9,55,47,14,63,4,25,7,36,26,42,6,10,57,34,38,44,50,16,20,41,11,15,2,37,51,18,0,28,54,48,46,17,27,39,40,58,35,8,53,60,1,52,21,49
55,56,62,12,50,6,45,20,16,35,2,31,24,3,30,28,63,34,48,53,38,33,0,19,52,41,8,17,26,57,11,21,54,4,1,58,9,59,10,51,42,32,22,39,47,43,18,25,46,61,60,29,44,7,14,15,40,37,27,49,5,13,23,36
22,45,4,32,48,35,50,10,54,38,9,7,56,20,28,52,6,41,59,8,61,37,44,51,46,12,33,5,40,55,2,1,13,63,27,43,58,23,18,29,39,57,42,11,0,25,31,15,26,14,30,36,62,19,47,24,60,53,3,49,17,21,16,34
32,10,51,44,59,11,48,49,24,38,60,15,27,41,13,23,58,50,19,33,57,63,54,8,20,6,56,47,16,4,5,12,17,43,62,18,1,45,9,40,29,42,35,55,26,34,22,39,53,52,0,30,2,25,36,14,37,21,28,3,31,7,61,46
10,61,40,3,62,0,38,24,32,18,43,7,27,25,36,22,60,9,11,19,23,52,54,42,28,35,39,51,12,47,29,53,31,46,55,30,50,20,37,44,49,41,63,59,13,4,34,5,56,2,21,8,17,58,48,33,14,16,15,26,6,45,1,57
58,49,11,38,22,3,43,34,54,33,51,14,27,56,45,52,26,25,32,53,44,17,23,28,16,48,35,10,6,41,20,4,9,13,36,1,39,0,59,12,5,21,62,8,24,15,7,50,31,2,30,42,19,57,18,55,37,60,29,46,40,61,47,63
19,2,51,57,21,41,32,56,50,0,28,62,20,7,48,60,55,9,52,1,35,11,36,12,44,29,49,23,3,58,13,61,59,5,15,16,38,31,47,6,63,45,8,25,46,24,30,34,39,26,27,18,54,37,22,33,40,43,10,53,17,14,4,42
15,43,6,49,55,14,38,63,52,20,0,1,57,33,39,29,54,50,61,2,31,37,59,19,30,24,11,46,51,34,4,27,35,22,44,58,48,17,12,9,47,23,60,10,13,62,8,18,36,7,16,21,25,5,40,26,28,42,41,56,32,53,45,3
54,34,4,27,5,14,11,3,16,35,9,41,53,23,6,55,1,2,10,21,61,25,30,7,26,46,57,20,62,15,58,0,37,44,24,45,39,49,43,51,33,13,28,12,63,56,47,50,40,32,59,8,18,60,19,36,29,22,17,31,52,38,48,42
41,20,18,28,30,15,44,3,38,14,23,61,2,55,58,16,17,53,33,45,63,47,62,52,26,50,51,48,29,8,21,27,31,22,59,35,60,36,43,57,40,37,19,42,32,1,9,5,39,46,13,11,0,24,6,12,25,56,34,4,10,54,7,49
16,53,37,36,25,47,38,32,60,7,10,56,29,39,40,13,42,62,34,61,26,43,20,2,15,24,18,12,9,63,19,27,45,31,6,21,28,58,14,8,17,48,50,51,57,30,11,49,23,55,44,33,4,3,5,1,0,46,54,35,22,41,52,59
14,39,6,56,29,59,44,32,61,46,28,30,2,1,33,15,13,55,60,5,26,53,51,42,52,20,8,4,9,27,17,62,3,19,43,57,12,38,45,7,34,36,50,47,18,16,10,21,58,40,25,23,37,22,41,31,35,54,0,24,49,63,48,11
0,7,44,9,23,34,43,55,40,17,51,31,47,29,10,8,21,45,32,15,3,24,30,19,49,50,41,2,53,16,52,57,22,12,58,20,14,33,1,37,56,61,26,28,27,39,38,62,5,18,13,54,11,60,25,36,46,4,63,42,35,59,48,6
15,63,47,51,39,32,30,18,57,1,36,61,53,13,62,56,16,50,22,20,42,26,41,45,44,2,9,43,52,55,49,29,10,14,5,3,4,48,12,46,24,25,8,34,21,35,0,6,19,40,33,54,37,60,58,38,17,28,27,31,11,23,7,59
15,19,28,48,44,23,2,36,5,58,37,43,6,45,53,13,10,38,27,55,12,26,17,11,30,7,54,60,42,50,41,56,31,18,57,9,49,40,22,24,34,4,59,14,25,32,16,46,52,51,47,21,33,39,61,29,8,0,20,3,62,1,35,63
5,39,35,53,24,26,57,32,20,30,40,59,12,33,56,60,8,49,63,3,36,28,45,2,10,27,62,38,58,41,37,22,11,18,51,19,21,6,47,43,25,55,14,16,42,1,34,7,17,54,50,52,4,48,13,29,15,9,31,44,0,61,46,23
55,31,24,16,61,10,17,40,22,33,41,11,59,42,49,32,52,43,50,1,38,35,8,46,34,54,47,21,37,12,45,27,44,36,58,7,23,29,28,6,48,14,57,63,2,56,13,18,5,60,9,3,4,51,30,20,53,39,62,15,19,0,26,25
17,26,62,39,49,27,29,11,22,53,13,56,48,60,50,31,18,44,1,59,41,34,40,30,0,43,10,55,28,38,7,19,54,23,33,20,36,46,37,14,42,25,52,2,61,5,16,45,58,12,6,63,3,51,9,4,35,8,15,21,24,57,32,47
36,23,41,62,50,40,8,22,60,3,28,13,29,9,0,18,26,34,44,61,52,30,32,31,48,35,15,39,56,38,21,14,16,63,12,2,47,24,49,37,58,7,51,57,45,46,5,53,19,33,25,42,10,17,1,43,20,11,4,54,59,55,27,6
42,17,40,11,15,36,53,58,35,16,57,49,12,55,14,41,0,62,60,50,47,44,25,37,46,54,28,32,31,19,43,52,6,45,5,26,1,13,61,21,33,3,63,7,56,34,2,9,8,59,29,30,10,24,38,22,51,39,20,23,18,4,27,48
4,15,48,47,12,28,19,0,35,30,2,41,23,13,54,38,53,58,22,52,8,63,29,3,39,46,50,43,14,36,56,25,11,32,21,20,34,27,9,55,57,59,10,51,62,60,40,26,31,18,1,45,7,17,33,6,5,16,61,44,37,24,49,42
55,56,62,52,13,29,20,6,36,37,18,9,41,12,10,11,34,15,47,4,1,40,17,8,59,26,49,58,23,44,5,61,51,2,38,45,30,25,42,57,31,53,39,16,3,54,60,35,24,33,7,48,19,14,21,43,28,27,22,0,63,50,32,46
5,31,34,13,29,58,40,56,33,43,41,42,24,4,36,14,57,51,63,44,30,22,12,62,39,21,2,17,11,52,45,54,20,23,10,60,35,25,15,37,26,38,6,61,7,59,28,1,48,19,27,49,8,55,18,0,16,50,3,53,9,47,32,46
19,34,7,23,13,47,44,35,25,49,33,55,62,0,22,51,36,38,15,39,31,63,53,6,4,30,54,56,52,48,60,1,14,5,10,26,18,42,9,57,37,41,12,50,24,8,16,27,61,40,29,28,59,46,20,32,11,2,21,3,45,17,58,43
27,21,40,20,30,61,2,34,13,51,38,29,12,47,11,8,41,4,3,23,35,36,49,52,31,10,7,44,14,59,53,43,9,45,17,28,0,55,37,22,57,1,54,39,46,25,5,6,58,56,62,16,50,26,42,15,33,60,32,63,18,48,19,24
30,22,62,6,20,61,17,51,8,42,13,45,57,11,7,43,3,16,35,26,1,36,15,41,55,60,4,25,12,32,40,5,27,9,53,23,10,58,29,63,19,14,0,37,59,52,21,54,56,50,47,48,31,49,28,33,24,44,2,39,18,38,34,46
47,20,15,24,6,27,48,52,31,57,63,62,11,42,10,41,55,7,60,25,29,13,22,32,4,14,40,18,37,53,61,5,39,21,17,43,45,16,28,54,33,0,35,1,59,3,51,30,34,49,26,56,12,46,9,19,38,23,2,50,8,36,44,58
15,42,10,17,22,49,47,11,62,7,61,12,28,60,23,27,52,43,9,51,8,4,2,13,59,50,57,38,33,25,18,26,5,48,21,44,41,36,29,53,0,37,56,39,46,40,3,31,1,55,32,54,24,30,35,34,6,63,20,58,14,16,45,19
56,50,0,47,19,6,1,2,62,8,63,29,21,12,59,41,44,45,53,17,22,51,23,16,34,30,32,61,15,58,43,55,60,54,9,3,31,4,36,46,25,10,57,18,49,42,20,14,35,28,40,24,11,48,7,5,26,13,27,37,39,52,33,38
53,36,14,10,3,57,30,45,49,46,18,28,7,60,25,1,26,52,17,31,6,63,43,48,56,44,40,54,11,41,37,35,59,61,39,9,32,0,27,24,5,38,16,29,2,42,23,58,50,22,51,62,33,55,21,15,47,20,34,8,13,19,12,4
27,4,48,18,60,9,6,56,22,33,11,43,14,41,34,39,19,55,45,40,49,1,3,21,20,13,31,52,29,7,2,10,44,32,59,46,63,24,62,15,58,23,36,8,38,47,5,16,0,61,42,35,30,53,50,28,17,12,26,25,51,57,37,54
16,8,51,5,42,26,37,43,40,33,4,20,58,24,44,38,45,0,28,62,10,6,46,27,56,19,21,15,59,32,25,49,34,36,61,39,13,54,3,55,7,18,12,2,1,31,29,57,11,63,22,23,41,52,48,9,60,53,14,50,30,47,17,35
10,28,39,37,26,2,14,57,11,60,56,1,34,12,32,62,9,52,17,45,4,13,40,59,20,30,35,18,6,47,29,7,49,36,23,46,42,0,61,63,55,22,15,51,8,27,50,41,38,5,21,31,54,25,24,3,33,58,48,53,43,44,19,16
15,57,38,48,34,51,41,28,23,32,30,62,36,43,18,3,25,42,47,22,50,13,7,53,4,10,52,11,26,5,17,58,60,20,33,12,1,8,29,55,19,9,44,40,21,6,61,49,63,39,27,16,14,35,46,54,24,45,59,56,37,31,2,0
57,59,13,35,56,17,32,8,50,10,33,30,48,18,15,43,23,26,24,54,38,58,34,29,42,47,1,28,53,52,7,14,61,51,44,25,31,62,55,39,63,36,6,2,19,21,3,49,9,41,22,40,4,60,12,45,37,5,20,16,46,11,27,0
5,26,24,29,56,63,4,39,54,19,46,37,59,51,40,11,33,17,15,30,1,41,21,16,35,3,32,0,36,27,22,43,31,57,52,9,49,10,13,60,25,7,44,61,58,38,20,28,8,42,18,47,62,12,2,45,55,50,23,6,48,34,14,53
1,16,25,60,31,42,50,23,55,37,46,43,59,34,6,48,15,7,20,47,36,10,26,62,12,30,2,38,13,44,52,53,41,54,40,32,63,17,56,5,57,61,27,58,0,19,45,35,33,24,28,49,3,18,8,11,9,22,21,4,39,29,14,51
52,42,13,30,24,51,12,53,61,34,8,3,36,32,11,41,16,59,1,27,50,55,49,45,22,40,54,25,38,28,33,57,18,9,14,56,21,47,63,7,5,26,46,43,0,31,6,20,15,37,10,2,48,29,60,23,62,4,35,44,17,19,58,39
8,61,34,7,63,45,9,46,57,32,40,28,18,17,60,20,3,29,56,51,13,25,12,14,6,15,16,19,35,50,52,31,10,37,43,48,24,4,26,44,38,0,54,36,42,1,62,47,5,27,23,59,21,30,33,49,41,39,58,2,53,55,22,11
24,57,41,31,7,36,52,60,49,20,22,30,50,28,44,61,5,21,58,46,26,17,47,29,55,56,14,34,37,12,9,63,38,1,43,35,11,19,2,6,25,48,8,51,54,3,0,13,45,18,42,4,32,59,33,40,62,10,15,53,27,16,23,39
50,30,60,22,63,41,62,29,39,14,1,20,21,10,45,23,43,3,34,0,15,47,38,19,49,35,36,17,44,9,40,54,57,51,59,37,26,5,53,13,33,6,56,46,61,24,16,28,55,2,4,42,7,18,12,25,52,8,27,32,31,58,11,48
50,5,51,24,48,10,45,13,41,42,21,6,18,31,44,32,58,43,36,63,54,60,20,23,34,28,53,1,16,12,62,38,8,14,37,9,11,26,52,56,15,57,61,33,22,46,55,27,2,0,59,17,35,29,4,39,7,30,25,3,19,40,47,49
53,13,12,33,39,28,43,23,48,9,52,24,35,38,11,31,21,5,22,56,32,40,26,62,8,7,29,2,47,27,14,19,60,15,37,42,49,6,3,20,4,50,30,57,17,63,16,34,45,36,46,18,0,58,44,54,61,51,25,1,41,59,10,55
25,58,63,29,43,51,49,20,41,46,36,35,21,59,28,42,0,40,11,23,19,32,39,26,16,4,44,17,57,13,53,10,24,61,7,37,34,48,62,3,15,45,1,52,6,60,12,30,18,33,8,55,50,27,5,47,54,56,9,14,31,38,2,22
0,2,32,60,28,34,49,37,38,13,30,47,12,33,6,9,17,46,27,36,3,23,21,54,63,35,40,52,29,50,26,51,59,24,25,31,5,55,7,39,8,62,16,18,1,58,11,4,56,19,14,48,45,15,61,10,53,22,43,20,42,57,41,44
44,49,59,27,43,19,45,9,20,12,11,15,23,4,29,6,18,31,38,33,52,22,10,3,14,17,0,16,1,48,63,35,13,30,37,32,42,36,34,53,58,26,8,2,7,54,55,5,56,24,61,57,62,47,21,60,41,39,28,51,50,46,40,25
13,54,49,29,17,56,38,34,39,28,51,23,11,40,52,20,33,32,9,31,57,45,14,43,53,26,27,12,21,37,61,35,5,58,62,3,55,63,2,6,48,50,46,24,59,15,41,36,4,8,1,0,60,19,7,30,22,44,42,10,18,47,25,16
56,31,57,2,39,34,49,51,33,24,25,20,17,36,6,45,3,35,32,41,26,12,50,19,28,44,4,11,18,7,22,16,53,60,29,13,8,55,40,21,43,58,10,61,37,52,59,1,46,42,30,9,0,38,5,15,14,63,27,62,48,54,23,47
43,49,56,48,30,45,29,16,18,53,50,62,26,14,17,47,6,10,34,37,12,1,39,8,15,58,36,59,22,60,54,40,57,35,24,0,4,63,44,21,27,28,41,61,42,11,31,25,38,7,19,5,55,9,52,33,3,13,2,51,32,23,20,46
57,2,16,29,51,36,10,6,20,58,25,24,0,14,39,28,59,21,11,7,60,12,63,32,46,55,61,31,23,27,45,62,54,43,3,4,19,26,35,52,50,9,17,56,34,40,33,13,44,8,41,42,48,18,5,49,47,1,38,30,53,37,15,22
24,61,29,2,4,45,33,40,13,23,31,6,14,9,36,11,59,12,63,17,58,35,38,43,49,55,25,39,48,3,15,42,26,34,41,46,50,54,7,19,62,28,8,44,1,52,56,16,10,21,22,47,5,18,20,32,53,0,27,60,37,51,30,57
25,28,41,59,17,15,16,27,22,46,23,48,30,37,62,63,53,1,26,29,61,5,60,19,39,50,31,42,38,34,0,18,40,55,45,57,47,12,11,54,6,2,56,32,49,43,10,20,58,44,24,9,36,13,21,14,7,35,3,33,4,52,8,51
12,4,6,62,1,8,41,9,27,14,33,26,60,29,49,38,37,5,36,19,23,39,10,43,47,30,0,52,15,46,57,34,11,42,25,53,22,17,28,45,59,16,58,3,40,18,24,48,61,50,2,35,55,13,56,54,7,32,63,21,31,20,51,44
3,34,29,0,7,46,36,28,44,19,1,24,4,38,14,21,40,31,62,23,12,42,9,59,60,15,56,11,20,39,47,32,55,45,27,18,53,13,8,63,16,33,54,50,10,58,52,5,17,22,41,35,26,37,2,25,6,43,30,61,51,48,49,57
14,15,39,42,35,53,9,61,17,43,46,19,0,54,13,37,49,36,47,26,44,56,58,4,7,6,24,8,25,62,50,30,22,29,52,59,10,3,12,16,48,51,31,57,20,28,23,63,11,40,55,41,27,1,21,38,60,33,18,45,2,32,34,5
43,37,12,16,23,6,60,63,40,36,46,35,32,13,3,34,15,54,26,7,4,24,11,61,45,33,38,18,9,48,59,42,19,8,17,21,31,30,14,44,5,52,58,56,49,62,41,53,29,47,51,27,25,1,57,22,55,10,39,0,28,20,2,50
15,22,30,62,63,61,11,54,10,13,41,43,51,14,56,37,3,27,44,2,33,26,18,50,17,48,35,52,53,39,47,32,46,42,55,4,0,28,20,24,5,8,57,36,45,34,25,31,16,23,21,6,60,29,1,38,12,7,19,40,9,49,58,59
21,44,34,60,31,48,54,47,15,39,42,28,19,9,27,5,40,29,46,0,8,41,1,17,56,49,62,52,26,59,7,18,63,14,2,43,53,24,50,12,6,4,36,25,38,57,23,33,13,22,35,11,51,55,58,20,32,45,3,16,61,10,37,30
54,5,4,41,7,51,31,45,28,8,24,36,19,63,32,2,29,52,37,35,14,15,26,20,9,56,57,13,27,17,16,23,43,25,58,46,40,1,47,61,18,22,62,21,30,44,10,6,38,53,33,12,48,11,49,0,55,34,50,60,39,42,59,3
50,55,13,28,51,29,45,7,56,53,62,18,38,23,1,21,31,43,52,6,47,49,59,32,4,2,14,16,48,9,33,8,26,37,60,61,35,3,63,20,54,0,40,39,30,42,46,17,11,19,58,22,27,15,24,34,36,41,44,12,5,25,10,57
18,4,6,10,39,1,25,41,21,58,36,8,27,26,29,32,40,7,19,20,62,15,16,42,17,60,31,53,22,47,9,2,11,43,61,23,34,13,45,49,38,44,52,54,37,51,48,0,59,3,24,5,50,63,55,56,46,57,33,35,28,14,30,12
21,40,49,29,7,13,50,30,38,63,15,0,56,37,57,20,18,33,55,27,11,47,54,22,12,14,26,51,23,48,39,36,53,9,32,42,45,6,52,58,10,62,5,2,19,41,16,31,35,43,28,1,4,24,46,3,59,17,60,34,25,61,44,8
47,50,2,13,30,6,24,41,43,8,19,33,45,40,38,9,29,25,42,32,57,46,36,17,31,53,26,0,18,28,34,37,44,27,58,48,49,35,11,5,61,52,7,23,20,12,54,56,59,63,62,39,3,60,16,15,22,55,51,10,4,1,14,21
62,28,58,18,55,12,33,44,32,31,1,51,22,46,29,11,0,21,4,39,54,61,37,17,26,45,48,53,20,30,60,10,50,15,52,47,27,41,6,24,43,16,2,9,5,8,7,25,42,56,59,14,3,49,63,36,40,19,57,34,23,38,35,13
38,63,56,45,57,31,55,59,51,20,35,29,13,15,62,49,30,6,23,52,4,36,32,24,7,53,2,10,48,17,21,58,3,43,26,1,60,25,22,11,50,18,5,46,9,0,34,27,37,39,42,61,28,14,40,54,12,16,41,47,19,33,44,8
47,3,14,38,41,61,8,55,57,31,58,4,2,46,36,0,15,13,12,35,28,48,59,37,39,6,9,56,25,51,32,33,63,20,49,17,53,43,40,16,18,44,24,52,11,50,42,23,45,7,1,60,54,34,22,30,27,26,10,19,21,62,5,29
20,62,52,36,63,27,30,3,45,28,56,59,46,16,34,6,60,7,4,2,21,17,13,51,39,40,35,37,23,26,1,5,49,38,29,14,32,50,31,19,48,24,47,10,54,53,9,58,42,8,55,22,41,43,61,44,12,18,57,11,15,25,33,0
0,46,5,16,44,23,32,1,56,47,59,10,31,60,4,48,49,19,57,34,43,58,51,35,25,62,63,61,13,45,8,54,55,9,29,12,37,17,39,14,38,18,30,50,36,6,24,21,22,33,52,20,15,53,40,42,26,28,7,27,3,2,41,11
8,44,6,27,36,18,38,9,22,43,26,45,39,58,51,24,13,25,31,4,2,5,33,21,52,23,48,35,28,49,42,34,60,11,7,32,12,14,16,1,20,15,55,3,61,10,29,50,53,0,17,37,47,63,46,54,19,30,56,40,59,41,57,62
60,9,45,55,48,54,46,27,20,30,56,57,22,28,1,5,8,40,4,15,32,11,13,0,59,10,7,26,23,47,51,36,63,62,31,41,35,43,58,61,2,3,33,39,38,21,49,24,18,29,16,6,53,50,34,25,44,14,12,52,42,19,37,17
32,50,7,31,44,2,15,25,6,29,35,47,26,30,41,20,21,53,39,62,54,10,57,58,34,45,11,63,14,27,49,43,51,12,22,48,24,3,46,28,18,61,19,8,59,33,52,4,0,42,38,37,36,56,16,23,60,1,13,9,5,40,55,17
30,27,53,56,15,20,5,37,7,33,3,35,44,49,12,19,45,10,29,41,25,31,42,47,50,61,57,36,1,6,23,43,24,51,62,18,11,0,14,38,13,16,59,34,8,21,2,58,63,4,48,39,32,46,26,22,60,55,52,54,40,28,9,17
55,35,29,37,45,63,36,17,43,3,38,28,53,40,18,51,11,12,15,61,4,50,9,47,54,19,34,33,44,58,31,62,52,20,2,26,0,10,59,21,57,6,41,39,24,56,7,48,13,5,22,16,27,42,60,32,23,25,1,46,30,49,8,14
44,18,8,4,16,51,46,55,14,40,23,59,19,28,35,36,11,15,47,31,10,30,41,3,34,25,20,1,63,21,60,56,61,52,17,62,13,22,37,39,9,57,48,12,32,42,26,53,5,27,58,45,2,43,0,54,24,33,38,6,49,29,50,7
51,1,13,25,8,29,59,43,15,37,5,49,4,22,35,9,0,42,41,30,45,19,39,10,24,28,62,55,36,63,46,23,16,7,54,53,50,2,61,3,58,6,60,48,34,32,47,56,20,52,21,38,40,11,14,17,57,12,27,33,31,18,26,44
46,15,7,32,24,21,45,8,61,14,53,60,4,62,35,25,28,41,1,26,31,50,33,12,37,52,44,54,6,36,9,48,2,51,20,58,43,29,40,27,55,11,23,30,17,34,16,13,57,3,56,39,42,10,19,47,59,63,49,5,0,22,38,18
57,0,3,48,9,56,33,31,12,54,50,53,32,1,7,8,58,46,26,20,55,29,19,27,22,21,23,30,39,59,18,24,17,51,10,43,16,6,49,38,34,40,45,2,44,14,35,62,52,60,28,15,13,4,11,42,61,37,5,47,41,63,25,36
47,15,10,7,45,25,50,30,16,3,53,5,42,38,2,44,9,60,32,62,18,46,43,26,28,21,35,17,8,29,1,55,40,56,11,12,51,23,31,37,13,27,61,52,0,6,20,54,58,14,4,36,22,48,57,24,41,59,33,63,19,49,34,39
12,58,29,31,59,51,47,5,26,46,25,0,36,61,35,32,44,21,50,24,40,57,56,53,19,6,42,30,15,1,11,63,4,41,10,3,45,17,54,37,2,62,52,22,20,38,33,27,7,16,34,48,43,55,14,23,8,49,60,13,28,18,9,39
17,9,27,7,25,10,39,1,24,15,44,43,56,42,16,62,52,34,18,19,53,57,12,51,61,13,47,36,21,30,14,6,26,54,29,48,50,4,31,58,40,33,22,11,0,28,37,2,20,59,55,8,45,60,35,23,5,49,41,63,32,46,38,3
20,36,29,19,54,1,48,34,47,14,26,7,31,35,51,38,21,22,44,2,15,12,8,11,25,39,6,43,16,53,32,49,60,61,18,56,3,23,40,33,59,13,9,37,52,24,10,62,5,55,17,42,58,4,63,41,50,46,0,28,27,57,45,30
8,21,5,63,38,39,47,24,19,12,9,16,6,45,4,57,15,18,28,22,23,53,44,11,60,46,25,37,26,1,36,29,34,42,41,3,32,50,58,61,13,40,52,31,30,62,48,33,54,0,35,14,7,17,59,27,10,43,56,49,51,2,55,20
22,2,52,57,50,45,31,7,27,30,29,39,58,54,36,40,19,17,21,35,8,43,60,3,62,16,25,48,37,59,46,13,4,51,6,55,53,0,38,41,56,26,12,34,24,10,23,15,49,63,5,18,11,28,61,47,9,1,33,14,20,42,32,44
19,24,40,25,35,34,51,30,27,16,9,48,26,10,44,38,42,8,12,53,20,61,41,55,45,21,28,32,13,47,56,22,43,17,54,11,37,36,1,15,0,50,29,62,31,2,6,7,58,5,3,52,57,14,18,49,63,46,60,33,39,4,23,59
51,43,4,25,60,3,15,0,17,55,23,50,16,28,18,24,29,61,11,7,5,35,48,21,57,38,54,10,56,42,22,14,2,32,37,39,58,47,46,40,49,30,19,20,31,9,8,34,59,33,13,53,36,1,52,41,62,63,45,6,27,26,12,44
34,11,32,24,48,52,49,27,44,20,10,7,9,42,46,14,63,45,12,59,25,54,16,31,5,40,51,6,1,0,47,23,3,50,37,56,39,17,19,62,55,41,2,60,4,38,33,61,58,43,57,26,15,36,35,18,30,21,13,53,28,22,8,29
2,23,0,60,44,53,11,7,24,32,57,26,13,38,29,34,62,3,59,21,8,37,25,6,15,52,14,45,10,12,43,39,16,48,4,18,46,5,58,49,42,30,9,19,47,31,51,56,28,54,17,20,36,50,61,33,40,22,35,1,27,41,55,63
30,44,36,24,40,39,7,12,33,54,49,6,63,15,38,23,22,9,59,32,57,60,26,3,48,31,16,29,21,14,41,37,11,51,46,1,5,47,4,58,8,13,45,50,0,42,27,52,20,25,28,61,19,34,35,2,62,55,43,10,53,18,17,56
36,13,40,8,17,57,46,56,3,39,10,41,6,2,61,52,20,28,19,37,45,48,47,49,16,31,34,55,7,42,15,59,38,35,30,60,29,27,51,63,43,11,22,4,62,9,53,0,23,14,25,33,1,26,18,58,32,24,21,54,12,50,44,5
47,14,33,45,54,28,24,43,55,56,20,50,30,53,44,7,25,57,32,63,62,13,59,22,60,11,19,15,37,3,58,23,2,5,1,10,36,9,41,6,40,12,16,61,39,46,35,29,49,17,27,8,42,34,38,48,21,26,31,0,18,52,4,51
60,28,10,23,50,14,18,19,15,3,20,7,57,44,40,55,46,37,62,49,56,25,5,42,51,29,61,45,24,41,0,6,36,9,34,53,33,54,31,48,52,47,27,26,11,4,32,38,12,8,59,30,16,63,13,43,21,35,58,22,1,2,39,17
11,55,34,38,62,5,10,8,49,0,1,29,33,37,39,48,14,59,25,16,47,58,43,18,44,17,45,15,50,6,12,2,13,61,3,30,7,57,4,42,51,23,28,27,46,9,54,24,26,40,60,31,41,63,22,32,19,53,36,56,52,21,35,20
50,24,48,58,29,32,30,19,18,44,59,14,27,38,34,51,22,11,8,16,13,37,52,6,23,21,26,54,0,1,39,45,53,35,62,2,15,56,31,25,55,60,36,7,33,40,42,41,3,43,46,9,63,20,28,4,17,47,5,10,61,57,49,12
37,29,48,36,33,9,39,7,54,6,31,46,21,16,61,23,41,52,34,13,32,58,35,1,14,63,27,38,17,56,53,2,55,47,45,50,5,4,44,12,8,24,60,40,0,18,59,15,62,22,3,42,28,19,11,49,30,10,51,20,26,43,57,25
19,41,0,17,4,35,59,25,44,31,15,7,14,23,20,32,61,36,56,9,34,46,22,21,37,51,62,55,8,1,30,53,2,60,3,49,38,40,29,24,33,18,13,54,47,16,12,58,50,63,43,39,48,6,52,27,42,28,57,26,11,5,45,10
36,12,50,8,18,25,31,14,15,29,26,10,57,38,2,62,41,49,16,45,33,24,17,53,61,13,35,32,51,43,27,42,23,46,52,11,22,39,20,19,48,1,56,4,28,34,7,6,21,0,54,3,5,30,47,40,60,9,55,59,63,44,58,37
50,55,10,62,24,54,30,47,1,45,49,37,22,39,33,28,15,34,3,2,20,51,29,6,7,36,14,0,32,11,16,52,41,9,5,59,18,43,17,35,13,48,40,57,23,60,44,63,38,58,12,21,53,46,27,61,56,4,42,26,31,25,8,19
23,13,63,16,37,22,0,24,32,41,45,38,47,52,59,5,15,28,9,46,42,61,17,6,21,26,55,3,20,44,56,34,11,31,49,58,35,53,7,19,29,39,60,2,4,57,43,51,50,12,8,1,33,40,48,14,36,30,25,18,54,10,62,27
39,40,0,36,55,54,20,49,59,8,6,38,44,4,33,7,2,29,45,58,16,30,9,14,25,61,5,11,51,32,50,21,43,24,37,47,28,15,17,18,57,41,35,52,48,62,31,13,63,46,10,42,27,23,3,1,12,53,19,56,26,22,60,34
17,30,15,43,57,56,54,51,10,62,7,6,22,19,25,44,26,1,5,41,60,31,39,28,27,49,9,35,40,33,24,14,55,59,42,8,63,16,52,46,20,0,58,38,13,29,11,48,61,21,37,34,3,2,32,53,23,45,18,12,4,36,50,47
39,45,19,2,57,20,12,9,40,7,55,16,31,21,17,18,15,26,27,51,0,14,43,22,56,61,59,38,50,25,8,29,62,42,33,34,30,58,47,10,63,53,36,54,52,6,3,48,60,37,23,13,41,35,28,1,5,44,46,49,11,4,32,24
44,11,31,9,46,2,47,5,24,19,35,21,27,41,38,39,28,0,3,6,40,10,12,45,4,30,55,48,33,22,7,18,29,1,56,17,25,61,13,16,20,53,49,36,37,23,34,15,50,63,14,62,59,57,26,51,8,43,42,32,60,54,58,52
26,12,25,62,14,18,45,57,6,53,24,11,47,8,48,35,23,56,9,54,58,37,61,50,7,10,49,17,16,63,42,28,1,19,40,52,5,38,43,22,4,55,21,20,59,41,13,39,33,2,60,46,29,32,34,27,30,36,15,0,3,51,31,44
20,40,48,54,52,29,62,36,35,9,21,19,6,58,14,59,22,16,1,3,17,4,37,47,50,56,30,43,46,51,26,39,44,24,2,12,63,5,25,10,32,38,53,57,15,55,45,28,31,27,8,61,34,23,42,7,13,33,11,41,18,0,60,49
53,47,33,22,19,46,28,41,9,49,16,5,13,54,37,56,63,3,51,38,62,42,40,17,15,0,7,20,14,48,29,55,45,52,31,59,60,61,4,23,32,2,58,43,10,36,21,1,26,8,27,18,30,39,11,57,44,24,6,35,34,12,25,50
63,60,2,4,20,38,31,54,29,7,5,1,8,14,59,37,28,50,30,32,15,33,42,45,27,24,40,51,26,35,39,9,0,57,61,58,46,3,43,56,21,16,23,44,62,34,36,49,19,47,52,11,18,41,17,10,48,55,6,22,12,25,53,13
28,56,32,34,9,39,52,49,60,45,50,1,15,7,6,23,30,55,16,31,19,18,17,12,14,37,63,3,10,57,59,42,43,2,61,33,54,44,27,29,21,46,51,62,0,36,22,8,25,58,40,53,38,24,13,26,11,48,47,5,35,20,4,41
50,60,7,42,28,23,59,56,34,61,25,3,5,13,62,53,6,63,30,24,10,11,21,44,55,46,4,9,19,37,43,17,41,38,48,27,22,1,0,15,18,57,8,58,14,40,29,52,33,35,16,45,20,32,26,39,2,51,49,31,12,36,54,47
22,35,38,63,3,53,52,41,14,33,8,50,48,17,0,27,20,18,37,9,56,32,49,54,28,55,23,6,19,16,21,12,15,4,39,11,60,31,46,36,44,7,61,59,47,13,5,30,58,45,34,57,29,2,51,26,40,42,10,25,62,24,1,43
42,25,19,34,43,46,57,12,40,16,38,35,36,37,8,21,1,45,56,50,15,5,24,14,6,63,29,26,59,22,55,3,10,18,53,17,23,44,13,60,54,39,41,58,11,28,31,4,61,32,20,30,0,51,49,2,52,48,47,7,9,33,62,27
2,33,51,11,36,35,37,50,18,13,54,20,24,0,15,19,7,29,12,60,5,3,49,8,63,53,25,55,21,17,59,32,34,58,4,16,57,43,27,46,44,45,30,10,38,39,40,62,28,22,9,6,23,31,26,56,1,61,42,48,47,14,41,52
53,21,61,22,29,26,38,10,55,42,5,58,48,27,46,9,0,62,30,60,51,36,45,18,17,11,40,13,6,32,23,43,44,8,4,19,47,50,12,20,33,57,1,2,39,54,52,49,3,34,25,14,41,35,31,16,56,63,15,24,28,59,37,7
11,24,28,54,17,33,31,14,51,4,29,38,57,49,25,2,5,19,7,13,35,37,16,0,22,3,8,15,27,30,40,52,21,53,62,43,47,50,56,23,26,18,44,34,60,20,48,6,9,59,12,36,42,61,32,1,55,58,41,46,10,63,45,39
30,56,55,61,43,9,36,28,20,39,7,59,41,3,29,0,37,12,6,10,24,57,60,58,62,19,45,17,63,48,52,13,33,50,47,26,51,1,21,8,4,46,54,38,35,25,22,18,49,16,23,44,31,34,15,42,40,53,11,27,14,5,2,32
61,28,46,26,10,1,56,20,50,14,58,41,17,48,18,15,54,16,24,49,30,35,43,53,3,31,21,19,2,34,9,0,36,33,5,27,8,37,29,4,45,57,52,25,13,59,6,62,42,7,40,63,12,22,38,51,47,44,39,60,23,11,32,55
44,55,52,30,14,3,29,20,35,39,7,38,9,34,47,48,21,8,31,25,60,26,51,49,53,17,54,24,36,42,56,23,0,6,10,59,11,37,13,28,2,57,58,45,22,12,27,18,63,32,5,16,19,4,46,50,33,41,61,1,62,43,15,40
50,23,34,12,28,52,2,15,62,6,20,43,63,31,1,57,40,58,3,41,32,5,45,39,7,47,4,21,26,17,36,60,13,37,42,18,38,49,22,29,11,19,33,61,48,35,55,56,46,30,24,51,0,8,14,59,9,44,10,54,27,25,16,53
38,48,44,39,18,35,43,11,54,45,58,41,47,14,7,20,25,32,31,57,61,42,24,60,46,50,28,16,22,59,13,19,36,56,6,9,1,33,0,26,23,27,49,52,62,10,4,34,29,55,2,37,12,5,21,17,63,3,8,51,53,15,40,30
48,28,11,34,27,45,3,7,29,30,8,15,9,6,60,54,51,23,25,63,21,39,53,58,38,43,42,13,33,50,61,10,46,41,17,55,0,4,49,57,31,56,47,26,18,36,22,52,59,40,16,20,1,44,2,37,5,24,35,19,32,12,14,62
36,7,29,47,12,39,8,13,55,48,33,9,5,45,16,31,41,61,26,42,3,32,11,49,63,35,21,51,50,40,17,25,0,46,54,4,43,57,10,56,62,44,14,38,24,28,52,34,37,27,30,20,6,53,23,60,22,1,19,59,2,15,58,18
6,36,49,13,25,16,57,22,31,48,21,30,43,58,4,12,26,24,52,29,51,10,59,60,44,9,46,1,28,62,50,42,47,34,19,7,8,37,55,27,35,53,18,61,23,39,20,33,38,40,14,54,41,5,2,11,32,63,15,56,0,45,3,17
10,54,24,26,11,1,44,50,45,12,0,34,21,59,16,29,8,31,13,23,2,53,62,42,39,15,47,40,20,14,51,25,35,9,4,17,52,7,57,38,63,36,60,28,41,5,61,33,30,22,49,19,37,3,32,6,43,46,27,48,56,18,58,55
48,60,44,40,20,53,54,33,4,9,12,19,43,49,61,14,59,41,35,21,26,18,47,50,39,51,30,5,37,38,16,28,34,45,36,17,7,11,29,23,52,24,8,27,13,31,57,46,62,10,3,6,42,15,32,58,56,22,25,2,0,1,55,63
53,35,19,30,60,18,2,20,61,52,43,12,21,40,16,31,14,4,8,38,41,57,55,24,6,45,44,29,5,1,27,9,23,59,13,42,15,11,28,37,10,0,50,39,63,54,58,48,36,17,49,25,7,34,32,51,26,56,47,3,46,33,22,62
41,63,59,55,36,48,13,4,9,50,57,26,34,18,24,51,46,43,39,45,60,58,31,29,7,61,33,0,44,5,35,38,17,11,22,37,56,23,14,16,15,3,25,21,6,52,62,12,32,30,27,19,10,2,40,49,20,28,53,42,8,47,1,54
47,49,40,29,11,17,7,4,24,45,39,2,27,18,52,31,25,30,63,12,44,32,42,46,0,38,60,19,53,59,58,26,50,33,9,3,16,15,54,21,5,37,8,57,34,28,48,61,51,36,62,1,35,6,14,43,55,23,41,20,22,56,10,13
17,44,37,6,38,50,54,22,16,36,46,1,19,11,10,61,12,40,18,33,15,24,58,31,23,8,9,53,41,43,26,47,2,30,28,57,27,55,62,56,14,60,0,7,51,39,49,13,5,35,59,34,48,52,20,4,21,3,32,25,29,63,45,42
11,15,47,33,32,14,0,44,7,37,2,30,40,63,49,34,16,8,52,60,25,19,59,56,6,39,38,18,24,28,5,43,35,1,21,29,51,62,46,36,9,10,58,61,45,41,17,12,57,20,53,26,54,31,3,13,48,22,55,27,50,4,42,23
5,33,54,49,50,56,52,51,16,3,61,37,9,40,32,15,21,60,55,7,23,62,42,30,4,2,31,63,17,34,1,20,12,43,13,41,10,18,57,14,27,29,35,53,6,19,22,28,38,0,45,48,36,8,46,44,59,11,24,47,58,26,25,39
6,49,48,47,44,32,9,37,11,55,52,12,34,61,4,39,63,58,14,7,40,45,24,56,33,57,36,62,5,15,13,41,59,18,16,53,10,43,20,23,35,50,31,26,38,30,1,25,17,21,54,22,27,42,60,0,29,28,51,3,46,8,2,19
52,46,0,20,55,51,62,21,37,26,24,32,53,50,49,8,3,23,36,60,14,38,54,13,22,12,10,56,19,39,47,27,15,30,45,17,25,1,18,33,11,35,58,5,61,59,29,9,28,6,16,57,48,4,63,31,7,43,34,40,42,44,2,41
46,47,15,63,19,34,39,42,55,0,62,23,17,58,45,18,16,60,29,54,8,3,44,27,25,37,5,52,12,21,51,6,56,28,49,38,7,43,10,32,30,20,11,61,53,4,1,57,35,36,9,2,48,31,50,26,59,33,13,41,22,14,24,40
47,62,57,52,27,26,24,22,5,50,16,33,28,38,18,1,45,11,12,39,51,15,43,9,17,37,0,41,61,58,2,6,46,63,49,60,3,36,19,42,32,44,20,48,29,53,35,31,21,40,25,8,56,30,55,13,4,54,10,14,34,59,23,7
2,14,22,4,52,39,43,34,56,53,33,31,36,12,42,7,46,41,3,45,59,0,11,50,18,60,51,24,16,40,9,55,29,23,25,47,6,15,13,57,37,48,10,30,21,19,28,44,62,35,17,32,1,63,8,49,58,61,5,26,38,27,54,20
56,55,58,10,34,8,61,32,46,6,26,4,43,3,49,24,19,29,37,41,16,15,33,5,28,57,14,35,2,59,1,18,27,53,13,47,50,11,25,60,40,54,62,36,12,63,31,39,21,20,51,7,42,0,44,38,30,23,22,45,9,17,48,52
36,22,8,56,23,53,38,31,61,16,48,63,19,40,30,4,54,5,58,13,55,51,35,42,50,18,12,7,47,25,20,45,21,27,6,37,2,3,46,41,1,0,15,14,33,60,29,32,57,9,52,62,10,26,28,34,43,59,24,17,11,49,44,39
44,1,31,0,4,22,48,15,20,13,52,28,45,59,8,6,46,43,62,33,34,42,3,16,9,17,56,29,63,7,24,18,57,39,32,58,25,54,61,41,35,5,60,19,47,53,21,55,2,49,26,14,51,23,10,27,30,36,38,50,37,12,11,40
54,11,42,22,30,34,51,12,5,0,29,27,17,39,36,56,1,15,43,10,25,18,3,59,20,7,53,14,26,35,49,13,24,47,21,23,41,45,19,37,6,38,48,57,61,46,31,62,9,8,63,32,40,60,44,52,55,2,28,16,50,33,58,4
19,42,2,15,6,40,1,23,14,18,38,27,4,35,25,36,29,62,56,28,53,63,46,26,43,58,44,60,34,47,9,45,54,57,24,20,55,52,17,37,31,7,11,22,51,59,8,12,0,32,13,21,33,16,5,48,41,10,3,61,39,50,30,49
52,53,15,22,12,51,56,26,30,10,9,29,44,57,28,58,35,49,19,16,3,50,18,13,48,54,42,55,32,38,63,34,40,2,20,59,61,33,14,45,31,23,43,46,47,0,5,17,8,24,6,27,7,1,4,25,21,36,37,41,60,39,11,62
62,13,34,7,21,20,48,32,56,61,11,27,14,2,59,8,18,9,6,3,49,52,15,63,1,10,53,58,46,29,4,40,25,38,41,57,5,51,33,35,43,28,0,17,22,30,23,55,16,37,45,60,31,39,44,42,54,47,19,50,24,36,26,12
10,40,2,3,27,13,45,25,33,43,59,53,4,32,23,42,52,56,21,15,11,18,39,6,9,20,5,60,19,36,51,16,26,44,63,35,17,24,8,37,47,30,50,29,12,41,0,61,14,7,34,62,48,55,28,1,31,46,49,38,22,57,54,58
60,33,41,32,52,34,37,38,16,7,51,31,5,48,53,46,50,3,49,0,19,62,27,56,2,17,8,10,24,28,59,15,13,26,6,42,61,55,23,43,29,21,11,20,35,54,45,14,4,40,58,57,25,47,36,18,63,22,12,9,39,30,1,44
34,62,49,61,53,4,19,46,16,18,41,6,24,38,3,0,42,14,31,8,13,35,40,32,48,27,50,59,1,5,52,26,33,11,30,51,12,2,36,29,9,55,17,7,22,63,54,20,28,39,23,44,25,45,56,43,37,57,21,58,60,47,15,10
52,49,51,28,36,37,33,45,47,6,44,2,22,1,23,5,13,38,46,55,11,39,48,30,24,12,53,54,50,10,63,20,9,0,25,59,32,29,3,19,27,60,35,61,62,31,57,16,15,26,14,43,17,18,40,58,34,7,8,4,56,21,42,41
43,12,58,10,62,61,47,19,54,56,33,24,21,38,13,15,22,45,48,25,53,44,50,35,5,23,11,2,57,46,42,37,55,31,32,9,63,17,52,40,30,3,0,34,14,36,49,51,27,28,41,18,16,8,7,60,29,26,39,4,59,6,1,20
6,38,34,16,45,25,35,27,58,29,12,5,53,22,61,4,49,30,46,13,50,33,20,37,9,40,36,62,51,32,3,26,41,63,43,2,21,8,56,11,55,54,19,60,28,39,52,1,48,23,44,14,0,47,10,31,7,57,15,18,17,42,24,59
9,2,53,38,60,43,37,49,56,62,51,3,11,59,5,47,27,35,21,45,24,42,28,33,31,7,32,18,6,40,39,48,36,46,30,14,29,25,12,17,1,26,63,34,13,15,44,20,58,0,61,54,4,8,55,23,41,19,10,22,50,16,52,57
45,13,19,36,43,3,47,53,32,10,60,39,0,26,16,49,11,12,17,25,61,2,38,44,18,35,5,42,27,31,52,4,41,8,62,15,24,50,14,20,40,51,22,28,63,58,56,30,1,9,57,46,23,33,34,21,29,7,37,6,48,59,55,54
55,18,45,42,53,63,4,36,48,21,54,15,19,43,26,38,30,62,61,14,7,6,57,34,32,16,24,2,27,5,8,47,49,56,11,22,29,1,46,12,31,9,40,10,51,3,60,50,25,0,13,39,52,58,23,33,44,35,41,37,20,28,17,59
22,15,16,47,33,8,38,4,60,41,29,50,43,46,42,10,48,35,20,51,36,19,25,39,3,59,9,30,11,28,52,34,6,21,7,26,17,14,63,56,54,61,2,58,31,49,18,32,0,23,24,44,1,53,62,13,12,5,40,37,27,57,45,55
13,25,12,45,43,37,49,53,10,60,16,59,20,46,54,40,51,17,61,15,33,48,0,41,23,32,39,63,30,42,36,8,3,56,6,5,52,57,26,62,28,35,11,44,14,34,24,47,21,22,27,19,29,58,55,18,2,31,1,50,7,4,9,38
35,2,9,37,1,49,36,13,3,45,41,53,57,50,62,17,60,12,56,21,33,14,42,47,39,25,16,55,29,27,8,28,4,30,7,10,38,59,46,20,26,44,22,31,11,0,24,51,43,5,63,18,32,58,6,61,15,54,23,48,34,52,40,19
12,19,4,57,44,20,17,29,55,10,51,60,1,6,13,61,58,25,32,30,53,2,16,26,40,47,39,36,48,49,63,24,43,14,62,45,31,42,38,3,8,27,34,5,54,37,15,52,0,21,56,28,22,7,50,33,46,23,41,9,11,59,18,35
25,33,34,19,41,30,20,16,48,51,10,60,52,1,4,36,58,23,17,55,12,2,7,53,56,40,37,45,61,43,39,18,0,14,62,29,9,21,35,6,59,57,31,5,22,49,27,3,13,32,44,26,15,24,47,50,46,54,63,42,38,28,8,11
63,27,60,30,6,15,31,25,35,43,23,48,33,39,44,51,10,36,49,29,61,28,40,32,3,7,55,9,12,52,11,54,41,16,46,62,56,45,24,1,34,50,14,22,53,4,20,47,38,59,13,37,2,5,42,21,18,26,8,19,58,57,17,0
27,18,61,58,24,50,60,41,43,48,3,39,26,59,63,28,8,21,19,51,44,54,40,62,32,14,10,13,42,2,37,49,31,33,9,17,4,47,46,23,25,35,6,30,55,7,5,12,57,20,52,38,53,1,16,29,56,22,36,11,34,15,45,0
18,37,28,6,32,25,22,30,52,46,31,35,2,29,48,53,45,0,39,11,10,40,4,50,21,55,36,8,15,13,23,16,42,38,26,58,57,27,60,51,63,17,62,20,14,61,43,12,19,47,49,34,33,5,24,9,56,41,1,54,3,7,44,59
35,19,1,11,29,52,39,36,2,40,51,27,37,48,23,31,58,20,26,8,45,57,21,42,54,15,46,18,55,32,50,30,33,60,38,16,3,14,49,7,5,10,4,17,53,47,34,41,24,13,9,25,12,28,22,43,6,59,62,0,56,63,61,44
30,7,22,26,20,35,21,32,59,0,53,6,8,34,3,36,46,45,52,38,12,37,27,2,40,5,56,17,24,57,9,33,51,31,48,58,29,4,13,50,39,55,19,61,1,43,18,15,23,62,10,54,25,44,49,16,41,63,28,42,60,11,47,14
57,31,29,0,48,49,15,42,55,20,41,38,35,6,26,39,18,12,37,45,17,27,11,21,9,47,43,10,36,44,53,1,61,30,60,58,22,51,23,2,7,28,56,46,25,63,13,8,50,54,16,19,34,62,40,59,14,32,5,33,3,24,4,52
49,28,22,44,24,63,19,6,2,1,31,9,26,58,59,21,25,62,48,35,0,53,52,45,16,50,17,27,54,37,29,12,40,32,56,13,14,46,60,34,36,55,10,5,47,42,11,51,61,30,20,39,18,4,7,23,41,57,43,33,38,3,8,15
58,53,35,39,48,32,42,19,51,6,16,60,49,8,40,2,28,24,30,4,61,5,13,29,31,15,34,21,43,57,47,0,46,37,11,63,54,22,33,62,44,14,55,56,52,20,10,18,1,12,38,59,45,23,25,7,3,17,50,36,41,27,9,26
40,51,16,24,4,15,46,53,56,62,27,17,8,61,5,14,19,41,54,9,35,38,10,18,34,49,50,63,57,47,7,43,58,30,22,44,1,11,42,37,25,13,0,23,6,31,32,33,52,55,2,60,26,36,39,59,3,45,21,48,20,12,28,29
7,55,40,57,62,48,58,50,56,5,46,1,3,29,52,53,35,18,13,36,0,9,32,15,28,23,4,43,30,45,38,41,42,37,12,11,54,17,49,63,59,47,20,33,21,34,51,60,22,61,39,2,6,14,26,8,25,16,27,19,24,31,10,44
60,7,9,24,63,22,62,16,40,25,31,35,0,3,57,43,13,34,56,12,51,11,45,59,47,54,14,49,2,36,41,5,46,1,30,18,27,52,61,17,20,28,10,29,4,33,58,32,55,8,19,50,38,39,37,53,23,48,42,6,21,44,26,15
29,10,14,21,24,38,15,23,63,36,27,55,13,26,11,37,0,46,57,47,18,17,28,3,16,43,54,12,25,1,9,30,52,32,51,50,7,31,61,59,39,42,20,22,45,49,44,4,48,8,34,19,5,41,2,53,33,62,35,40,58,6,60,56
10,6,63,47,23,7,50,31,43,18,39,49,28,24,51,41,54,53,21,30,25,15,14,45,17,37,57,42,52,11,1,26,32,29,2,48,13,3,34,58,0,44,35,12,20,46,27,62,33,19,38,55,56,4,16,59,40,9,36,8,60,61,5,22
26,61,40,13,27,8,6,18,51,14,29,28,54,57,11,39,3,33,9,30,24,52,32,35,38,49,31,44,16,25,17,4,56,0,5,43,2,47,19,58,22,20,1,23,42,12,59,46,53,55,15,36,41,34,60,63,7,37,62,45,21,50,10,48
10,9,35,50,14,36,44,55,0,20,4,18,45,39,54,32,21,38,11,34,23,41,1,24,49,62,15,27,52,48,57,42,58,37,30,16,33,51,56,17,19,6,53,61,31,59,2,63,43,40,47,8,26,22,25,3,60,7,46,13,29,5,28,12
25,14,57,11,58,32,3,7,40,46,27,61,23,17,13,56,28,48,20,36,18,33,59,37,52,42,22,16,26,47,55,54,29,41,53,34,1,2,0,45,15,44,24,9,21,4,62,19,10,63,6,50,38,30,5,60,8,49,51,39,12,31,35,43
51,28,57,42,11,38,61,34,33,12,4,22,10,6,47,62,49,19,32,0,60,8,5,15,35,14,18,46,50,1,55,31,9,43,37,48,26,3,21,41,63,54,59,27,58,40,45,24,25,20,44,53,52,7,56,2,29,17,39,16,36,13,23,30
34,33,46,28,25,27,45,15,41,4,51,36,0,48,22,57,43,20,61,37,19,62,13,3,44,42,49,56,26,16,47,58,9,55,39,1,40,14,23,59,10,52,12,8,29,53,2,21,18,6,11,31,30,60,17,35,63,5,50,24,7,32,38,54
9,63,55,36,4,11,15,49,19,17,47,1,10,57,12,48,37,16,26,24,43,53,41,6,5,44,3,25,20,13,7,42,61,18,21,30,50,51,23,32,0,2,54,59,60,27,58,8,34,52,14,62,45,39,22,28,46,31,35,40,56,29,33,38
32,63,31,42,1,34,44,0,37,19,33,12,9,27,28,5,48,60,35,45,16,17,46,2,36,50,15,58,24,51,18,41,11,14,3,54,26,53,23,38,10,49,25,7,4,59,40,20,22,52,8,62,21,13,61,56,47,30,43,57,55,6,39,29
62,26,5,6,13,50,41,45,27,2,24,25,56,4,34,59,11,0,1,8,37,36,44,33,60,28,55,29,21,49,22,10,38,23,16,48,47,18,30,12,35,17,20,39,15,3,43,52,40,42,7,53,58,14,31,46,61,32,9,57,19,51,54,63
19,54,30,55,1,16,38,45,62,6,41,46,15,32,28,53,34,58,27,49,63,37,47,42,39,33,50,18,51,24,31,61,57,21,8,35,56,7,44,59,2,20,17,36,5,22,9,26,12,13,0,10,23,43,3,25,29,48,40,60,11,52,14,4
10,21,49,3,33,9,24,6,4,19,50,13,26,23,7,16,30,46,43,11,25,37,60,29,1,20,27,36,59,22,31,12,34,42,57,35,62,51,2,39,18,61,15,0,54,5,53,56,45,58,14,55,41,63,47,40,52,28,44,17,32,8,38,48
10,27,55,31,21,1,35,60,29,57,61,56,42,49,59,0,48,58,39,18,16,34,33,4,54,14,12,8,38,26,50,6,47,52,30,62,19,37,46,5,63,2,3,40,15,11,51,43,41,28,32,24,22,13,23,25,36,9,7,45,53,17,44,20
35,28,14,9,56,58,50,63,16,47,31,7,33,62,13,44,40,32,26,19,37,24,49,61,48,27,51,11,52,45,10,15,60,23,25,0,34,2,5,42,20,55,53,6,1,30,3,18,41,12,36,4,38,22,59,8,39,46,57,54,43,29,21,17
4,22,3,36,14,48,32,52,49,26,58,55,8,23,47,46,10,54,20,51,0,21,31,57,45,24,7,18,41,63,37,34,42,13,29,6,19,40,2,62,1,25,59,27,9,16,50,12,60,61,30,44,28,56,35,17,5,15,11,33,53,43,39,38
33,46,31,24,55,40,17,39,13,34,41,36,18,6,49,28,20,32,5,54,14,50,26,15,52,43,60,47,51,57,21,23,19,45,35,56,9,62,48,29,30,2,53,4,59,42,10,3,27,12,7,44,8,0,61,1,38,63,37,11,25,58,22,16
13,23,40,34,42,26,56,46,39,10,20,52,16,43,22,14,25,33,50,62,37,59,8,32,0,3,6,35,19,30,49,53,51,63,36,2,12,29,54,31,9,11,21,55,41,4,7,15,28,18,57,44,38,17,61,48,27,47,58,1,45,24,5,60
43,55,52,28,60,27,58,29,59,25,6,19,50,4,21,37,56,14,16,0,32,42,10,26,18,7,2,53,11,40,35,44,41,48,8,51,63,62,36,1,22,31,33,46,13,38,49,23,61,3,9,17,5,39,12,45,54,24,34,15,30,57,20,47
54,10,16,53,20,15,41,11,8,26,59,36,22,44,12,9,4,39,47,58,25,42,0,63,35,3,48,30,19,40,52,5,17,1,18,61,37,43,57,38,49,28,33,7,32,56,46,24,51,34,50,60,2,13,55,45,29,6,21,62,27,23,31,14
52,41,40,34,0,13,28,5,50,45,46,59,36,24,20,44,54,16,51,53,6,27,26,3,29,1,19,25,58,47,31,22,17,43,12,56,38,62,11,8,21,2,32,9,30,49,61,4,42,39,60,15,35,63,7,10,33,57,18,14,55,48,23,37
54,60,26,55,9,40,47,32,22,3,27,7,17,53,4,16,61,28,42,41,11,48,38,0,34,5,43,45,23,25,12,24,14,1,6,59,20,21,58,51,52,2,8,36,46,57,31,50,10,56,13,18,15,33,19,62,30,49,29,44,39,63,37,35
63,34,35,33,41,50,48,36,61,43,3,24,12,32,52,11,39,30,16,9,44,46,6,20,10,0,27,7,40,49,56,53,55,17,2,37,29,45,51,31,26,42,47,5,58,22,57,14,25,18,60,1,19,28,8,21,62,4,38,59,54,13,15,23
49,10,52,43,40,38,63,9,8,27,5,46,14,6,42,37,7,11,15,39,29,53,22,61,56,44,35,0,28,31,19,26,18,3,62,54,4,57,23,1,2,16,34,33,59,21,20,60,48,24,17,25,41,51,13,55,47,12,32,50,45,30,58,36
9,10,17,21,31,15,38,57,52,37,46,45,13,5,60,62,27,40,18,32,2,29,14,39,54,6,23,8,59,63,19,49,4,53,51,56,30,42,35,12,26,25,16,58,0,20,34,7,11,43,28,55,22,1,61,24,41,47,33,3,36,48,50,44
43,5,36,63,35,55,56,30,60,29,7,41,53,10,54,33,1,19,40,52,34,51,31,26,49,2,28,16,17,48,50,18,42,62,27,47,58,3,0,37,59,44,39,9,12,24,61,38,22,15,11,25,20,8,45,32,13,57,6,21,46,23,4,14
20,18,48,52,54,33,39,59,6,31,3,23,9,42,28,58,49,43,37,0,25,61,5,7,30,34,41,55,36,8,16,15,60,57,11,21,44,53,56,13,50,22,62,38,47,2,46,27,35,51,14,32,12,29,40,19,4,1,24,17,63,26,45,10
1,53,48,11,49,44,4,38,9,55,62,57,33,46,59,56,21,51,12,58,24,26,14,41,15,35,45,29,27,61,32,36,52,22,31,60,8,2,39,5,34,63,40,37,30,47,20,25,0,7,28,42,50,3,16,19,10,13,18,17,23,54,6,43
22,13,42,23,25,35,8,63,5,2,59,29,61,28,27,24,44,38,40,12,58,26,56,33,50,11,48,4,9,62,19,53,60,46,30,34,51,3,20,55,57,37,7,36,15,52,31,14,1,41,49,43,32,21,16,45,39,17,18,0,47,54,6,10
25,45,7,32,61,53,10,21,47,18,13,40,42,29,15,19,56,26,36,57,23,35,54,28,46,39,60,24,58,0,37,2,63,48,22,41,8,1,17,44,52,62,59,14,33,11,49,6,20,34,9,55,16,31,51,4,5,27,12,50,30,3,38,43
29,27,23,57,10,19,22,26,28,62,53,7,63,5,21,12,44,30,52,46,49,38,37,51,55,4,9,6,25,11,8,60,14,61,43,15,31,33,36,58,1,18,32,41,35,45,17,3,39,42,13,0,50,24,20,54,48,47,59,2,40,56,34,16
8,10,42,53,14,39,9,61,63,52,3,16,11,56,21,37,35,33,47,4,36,59,27,62,26,6,51,58,7,41,23,60,40,43,32,15,13,31,55,29,17,19,45,1,25,57,48,34,38,2,5,49,0,24,44,28,18,30,22,12,54,46,20,50
49,25,8,6,4,1,62,17,36,26,22,43,57,32,24,41,19,0,53,5,28,35,16,63,50,46,2,29,7,34,15,51,18,59,11,58,55,23,38,60,37,33,45,21,42,31,13,61,9,39,44,54,56,20,27,30,52,47,14,12,48,10,3,40
2,55,11,39,15,21,37,60,19,26,24,20,28,56,7,63,32,45,3,18,46,25,16,54,36,57,14,58,41,35,40,52,33,12,6,27,48,9,62,30,31,5,42,0,29,51,43,4,22,61,50,47,49,59,23,38,13,34,1,17,8,53,44,10
41,47,7,43,62,46,27,32,58,3,26,35,0,29,21,54,1,18,15,34,50,20,44,16,9,38,37,11,55,13,28,6,53,17,63,48,25,12,24,10,60,8,59,57,33,23,14,42,52,30,45,36,2,56,19,39,4,5,31,49,22,51,40,61
14,4,7,36,55,40,44,2,28,50,17,34,58,25,5,52,61,27,3,8,47,24,48,53,16,37,35,30,10,57,32,60,21,12,19,59,43,20,62,49,0,15,51,29,18,45,6,38,33,31,22,41,11,56,23,54,13,39,9,42,63,26,1,46
15,1,40,57,37,21,46,52,43,59,35,42,53,49,62,50,0,25,44,8,56,18,6,3,48,47,13,51,22,2,17,7,38,12,19,58,24,31,14,27,32,16,41,4,30,54,20,63,45,36,26,11,55,9,39,34,61,28,23,29,5,60,33,10
57,25,46,31,20,16,5,56,7,12,49,40,6,52,39,9,50,51,59,17,3,0,44,11,37,34,47,22,19,15,33,10,30,21,28,53,48,24,60,14,36,27,35,43,18,61,23,41,29,45,38,62,4,32,13,55,2,58,1,26,42,63,54,8
25,13,20,1,6,36,18,26,49,54,7,58,53,33,40,42,22,24,62,44,63,28,3,0,17,14,32,21,31,60,47,5,8,30,48,56,4,37,39,29,43,23,51,15,11,57,27,50,45,2,19,35,61,55,59,41,16,38,12,10,34,46,9,52
33,59,6,4,18,57,35,31,19,27,9,52,11,44,5,10,34,30,22,8,58,38,40,41,1,7,15,0,62,53,50,13,49,43,54,29,17,28,47,45,48,39,60,21,36,2,42,55,56,23,61,32,20,26,46,25,37,51,63,16,24,3,14,12
54,48,10,17,43,62,18,15,31,57,33,45,2,47,32,29,25,27,28,49,52,51,63,11,7,5,42,14,41,60,56,3,59,40,23,0,6,16,38,26,9,35,50,36,24,20,58,39,1,53,30,37,13,12,46,19,55,22,8,61,4,34,21,44
2,60,11,21,57,61,59,52,56,7,18,40,10,58,55,43,62,28,13,47,35,24,8,37,19,23,49,50,46,3,63,22,0,15,41,9,29,4,36,16,45,51,33,42,44,30,54,1,32,53,39,14,27,25,17,20,5,38,31,48,26,12,6,34
38,47,44,59,56,58,6,45,20,29,62,3,10,50,2,14,46,19,11,5,49,25,22,39,13,0,36,31,54,21,63,43,33,60,8,37,40,34,32,48,28,27,52,18,15,41,23,1,17,16,7,4,9,51,42,35,53,12,24,26,57,30,55,61
4,0,59,55,44,6,25,32,10,13,15,1,3,39,5,24,38,27,31,29,46,21,40,33,60,22,17,16,18,63,49,53,34,12,57,7,11,54,8,20,35,26,62,2,47,36,48,14,42,23,51,56,58,19,52,41,30,61,28,43,9,50,45,37
27,38,62,30,52,2,13,47,3,20,54,15,36,46,22,23,39,44,42,19,11,58,35,63,9,61,24,37,28,5,45,32,41,51,40,18,25,55,1,6,49,50,26,10,56,0,4,7,21,31,17,16,48,60,29,53,43,59,33,12,14,8,57,34
37,28,9,18,45,23,7,63,53,35,62,10,13,2,48,17,3,4,34,12,20,15,59,38,8,39,50,61,51,33,49,14,22,55,41,29,54,0,58,42,44,36,16,21,26,47,31,5,11,1,6,24,60,46,40,43,30,25,32,56,57,19,52,27
49,11,60,25,5,24,15,2,43,63,35,42,12,39,55,53,34,16,59,54,40,10,41,30,3,26,17,28,36,51,8,52,20,50,18,31,46,23,32,62,57,14,27,38,48,9,33,7,21,37,61,13,6,1,19,29,47,44,4,0,22,45,58,56
38,59,35,16,50,54,10,18,44,22,23,32,15,39,34,26,58,51,28,0,19,60,20,43,4,45,41,6,12,57,48,3,49,53,8,14,33,63,52,11,30,61,55,25,40,29,1,21,7,24,9,36,5,47,13,17,62,46,2,37,42,31,27,56
24,12,14,50,19,20,47,54,11,2,34,9,21,56,42,37,35,32,15,28,48,57,61,60,62,17,59,51,10,8,27,63,58,36,23,30,43,16,44,18,55,49,52,39,45,3,33,29,22,53,31,40,5,1,4,6,0,41,25,46,26,38,13,7
5,56,21,24,30,6,18,10,53,41,47,23,16,34,60,13,63,46,0,59,1,48,3,52,12,44,57,50,39,37,14,26,49,9,31,25,35,20,40,51,45,27,43,19,17,4,11,29,61,8,33,38,55,22,28,58,15,36,54,62,32,7,2,42
4,12,52,60,58,38,21,33,9,62,51,39,11,46,50,3,25,26,8,19,1,23,37,34,28,20,44,2,61,45,53,43,24,63,16,30,48,14,41,27,10,13,29,32,6,59,22,36,15,55,31,5,0,40,35,7,17,18,49,57,54,42,56,47
25,11,32,4,9,1,63,34,20,16,33,36,62,39,50,45,44,43,53,51,47,35,31,38,29,56,37,8,21,0,52,30,7,12,40,28,58,24,10,22,55,6,17,2,60,23,41,49,15,54,42,14,57,48,13,26,19,5,59,18,27,46,3,61
38,21,20,60,11,54,23,46,27,56,19,53,47,7,43,40,32,36,41,4,28,44,48,49,58,22,35,18,62,51,29,0,1,33,55,42,6,3,5,14,30,8,26,39,59,50,12,24,25,34,9,52,16,61,2,13,31,10,15,63,17,37,57,45
5,50,15,6,9,45,38,24,61,16,13,62,29,25,11,31,55,46,2,32,59,8,40,41,43,3,63,53,39,58,60,21,1,44,35,56,0,22,27,28,19,20,4,17,7,49,48,18,10,47,54,23,51,36,37,14,30,34,52,26,12,42,57,33
54,13,0,38,50,61,53,22,20,4,21,10,19,14,42,41,51,18,28,1,3,29,32,16,26,59,60,43,52,30,27,15,58,48,9,49,37,39,36,44,40,12,8,34,57,45,6,35,62,23,56,55,25,5,47,46,17,63,11,33,2,31,7,24
31,15,9,6,42,60,36,23,27,20,59,48,47,51,43,26,12,38,8,4,25,30,57,50,33,54,16,22,29,63,34,37,35,11,5,2,14,40,49,46,0,17,61,13,53,1,18,39,19,56,3,21,7,32,45,28,58,52,55,44,41,62,10,24
24,14,23,37,58,55,0,43,18,22,34,16,46,1,36,7,3,6,42,41,28,4,54,13,8,40,50,25,20,30,17,29,35,57,11,12,27,39,5,62,49,32,38,10,44,33,52,45,53,15,26,47,9,60,21,31,19,48,59,56,51,2,63,61
43,31,29,33,60,34,2,63,54,30,55,61,19,32,38,57,4,24,27,7,3,48,56,9,39,51,62,1,5,12,46,52,18,59,10,58,13,6,21,28,50,22,8,25,11,16,37,42,15,41,40,36,45,35,49,20,44,53,26,47,23,17,0,14
4,3,48,9,54,32,43,19,45,58,49,10,2,20,24,8,59,14,29,30,34,46,55,53,18,25,62,15,47,1,11,0,44,63,42,31,36,17,7,61,57,23,37,60,12,27,52,22,28,16,26,41,40,35,39,56,21,5,6,38,51,13,33,50
43,36,32,31,35,29,51,34,24,4,54,62,44,11,20,13,60,63,55,10,30,38,26,53,42,23,16,40,22,41,57,7,6,3,50,18,9,5,1,52,58,0,25,47,61,28,49,39,8,12,2,33,37,21,17,56,46,48,15,19,45,59,27,14
50,54,12,24,35,2,55,10,33,15,37,29,38,60,13,40,7,18,28,3,27,23,1,30,22,59,61,51,46,8,43,39,57,58,14,34,63,32,4,53,49,45,62,5,17,9,11,47,0,6,41,36,20,44,48,56,25,31,26,19,52,21,42,16
34,60,49,17,54,55,11,44,43,7,30,41,59,46,0,50,58,27,36,6,63,62,4,20,47,13,53,40,29,23,5,24,16,51,61,35,28,48,42,15,57,2,1,39,8,10,26,33,37,38,3,56,21,18,45,12,25,32,9,22,19,14,31,52
39,41,3,61,44,54,2,11,15,62,13,26,38,35,47,5,55,60,31,16,25,4,50,57,6,24,17,19,43,18,46,29,28,8,58,52,1,9,63,37,42,12,45,30,36,32,40,23,49,0,53,56,21,10,14,27,7,22,20,59,48,51,33,34
3,37,32,26,2,48,25,16,10,24,45,59,57,42,27,36,50,14,58,35,6,40,41,56,51,30,63,47,20,53,61,17,33,15,38,7,0,60,34,39,13,28,52,62,11,19,9,21,5,18,54,23,46,12,1,55,29,4,8,31,43,44,22,49
14,61,42,31,2,33,17,6,5,25,18,35,59,51,12,32,1,36,62,23,56,7,37,8,38,4,10,21,41,11,9,52,22,54,55,48,44,39,47,57,13,26,34,29,19,24,60,43,40,30,15,49,28,50,45,63,20,46,53,16,27,58,0,3
42,62,39,52,33,17,21,48,31,49,19,9,29,45,14,23,55,10,54,20,40,57,22,59,1,5,47,38,53,18,26,46,50,25,15,13,12,36,2,6,35,32,16,56,8,7,63,3,41,11,4,43,24,0,51,30,27,60,44,61,37,28,34,58
28,53,13,49,57,52,35,12,8,27,40,9,38,21,50,37,41,19,18,29,34,45,6,43,54,42,5,58,7,23,59,46,2,61,14,10,32,15,0,60,51,55,31,4,24,30,11,36,39,16,26,33,25,17,44,22,20,47,3,1,63,56,48,62
16,0,38,43,6,33,17,26,9,1,21,7,31,4,20,27,56,28,13,14,12,5,47,53,42,44,58,46,50,32,30,49,57,60,52,15,63,29,37,55,41,36,8,34,18,39,25,62,2,51,40,35,59,19,3,22,23,24,45,61,10,54,48,11
15,31,17,59,28,19,12,38,3,63,1,18,47,14,20,4,22,6,2,57,33,61,54,51,53,27,35,58,43,9,48,29,45,42,37,16,23,60,24,40,11,56,52,36,10,26,0,32,49,44,5,62,7,46,13,50,8,25,41,34,30,39,55,21
11,26,7,59,45,34,40,61,38,52,46,36,35,47,58,25,16,3,39,8,4,60,2,20,42,44,50,51,14,29,0,15,5,56,27,54,17,43,19,24,13,48,10,28,57,21,1,49,37,62,9,18,23,53,12,31,32,63,33,6,22,30,55,41
39,26,51,56,24,22,21,20,61,7,38,28,9,35,6,25,36,17,62,43,37,13,32,14,59,10,47,49,41,58,42,16,30,19,1,12,34,48,4,50,5,3,2,8,0,11,54,57,63,46,52,18,60,55,29,53,15,23,31,45,33,40,27,44
10,58,5,57,0,52,56,27,1,41,4,45,22,42,17,26,25,60,49,19,61,12,46,2,37,50,16,55,18,48,14,44,31,23,9,34,8,39,11,28,6,32,54,53,43,63,3,40,36,29,20,21,24,38,35,33,47,59,7,15,51,30,13,62
32,40,6,1,63,22,14,58,59,50,24,20,7,13,2,42,35,5,15,29,55,36,28,61,17,34,3,56,21,60,4,27,51,25,9,30,46,10,26,53,19,44,45,23,48,43,12,52,41,31,54,0,33,8,57,49,37,47,18,11,16,62,38,39
42,27,29,26,9,3,17,36,61,44,39,12,28,56,53,20,15,22,32,23,1,43,10,21,45,40,57,34,5,0,62,13,25,49,24,18,31,35,16,50,2,37,6,51,33,14,60,7,8,59,48,47,4,41,46,30,11,19,58,63,38,52,54,55
31,34,0,32,23,55,37,4,16,28,20,56,11,38,42,57,25,12,48,36,9,26,49,46,52,27,63,54,59,24,44,7,60,22,50,41,29,19,5,6,61,43,14,18,10,30,33,35,39,47,21,2,15,3,45,1,53,51,13,58,40,8,62,17
59,4,30,47,3,16,21,50,23,62,58,10,52,24,48,41,53,5,45,19,36,61,60,31,26,27,20,32,0,37,63,49,13,8,11,35,25,22,33,40,28,46,55,57,42,17,1,14,56,9,39,43,34,51,44,15,38,29,2,18,54,6,7,12
42,1,56,20,36,39,21,57,16,46,54,27,47,9,62,45,24,34,4,13,28,38,35,31,11,22,33,12,25,52,14,10,19,3,23,6,58,29,17,32,43,59,18,49,63,60,40,61,2,7,53,37,15,5,8,0,51,50,30,26,41,55,48,44
20,30,31,62,50,14,16,51,40,27,4,11,1,32,23,21,41,54,25,15,3,55,59,36,39,52,57,60,47,48,46,44,10,49,0,17,13,38,6,34,8,29,22,45,33,18,12,61,42,58,9,37,63,35,53,5,2,24,26,7,56,19,28,43
58,49,29,9,23,28,52,33,19,35,50,6,22,37,0,51,2,17,55,18,7,13,62,5,61,39,34,24,63,54,12,36,21,57,45,16,44,53,11,48,15,1,25,3,20,27,14,30,59,40,38,46,42,31,8,4,32,26,43,56,10,60,41,47
15,42,1,38,34,44,56,51,55,33,25,62,32,54,19,16,26,13,46,61,60,14,27,57,3,24,0,2,4,8,20,7,43,23,52,49,10,35,45,47,11,36,63,50,17,18,6,21,40,28,31,22,12,5,30,48,37,59,39,29,41,9,58,53
28,14,11,52,34,33,23,10,31,57,13,21,35,43,63,20,30,17,59,45,6,41,46,62,53,9,54,29,38,56,5,3,18,16,44,19,48,49,55,15,36,37,12,7,25,8,47,51,42,27,26,32,1,58,2,40,60,22,0,61,24,39,50,4
44,36,17,34,27,40,7,25,2,57,45,61,30,47,50,63,13,6,8,11,53,55,51,35,1,37,41,12,10,58,23,24,62,49,20,42,16,39,48,3,31,4,21,33,56,28,46,52,54,0,26,19,9,14,18,60,15,32,38,29,59,22,43,5
44,2,7,30,32,49,14,48,18,0,33,9,12,31,16,29,1,59,4,46,63,21,10,62,37,20,41,8,34,58,15,25,55,54,38,17,53,6,42,13,22,56,35,61,45,57,23,36,26,60,24,11,43,5,52,3,19,40,50,39,51,27,47,28
7,48,62,0,44,11,20,12,54,43,15,45,17,16,13,3,23,14,40,4,8,47,34,22,57,21,18,38,42,28,27,59,52,63,1,25,19,46,35,51,49,10,5,9,30,26,33,55,31,2,50,36,53,41,24,58,29,37,39,61,60,32,6,56
36,23,60,5,14,55,26,34,33,11,52,25,45,62,15,57,0,58,40,41,3,24,46,4,13,17,21,9,61,37,63,42,20,48,54,50,39,1,44,35,18,19,6,10,30,12,59,2,47,29,16,56,7,8,49,32,31,27,22,51,38,43,28,53
3,50,46,39,26,38,17,54,47,49,6,8,44,34,28,36,18,12,11,55,24,32,30,51,56,57,7,1,9,21,41,53,13,58,33,61,23,42,5,15,29,40,62,35,59,25,31,4,37,19,48,52,45,2,60,43,27,10,16,20,14,22,63,0
16,31,7,50,15,23,12,19,49,14,60,42,63,59,51,8,56,29,47,13,11,36,43,9,34,17,30,55,2,20,40,18,54,41,44,27,28,57,48,6,62,35,45,10,21,53,5,25,37,61,39,52,33,46,22,4,58,3,26,32,0,1,24,38
47,62,1,7,15,17,51,50,30,32,28,58,12,4,54,53,56,10,14,43,18,40,45,60,48,37,41,31,23,35,63,25,9,38,8,27,21,13,49,52,61,16,57,39,55,0,36,29,20,34,44,5,19,46,2,11,3,6,22,26,42,33,24,59
51,63,8,41,2,35,4,58,55,11,54,47,25,33,10,16,20,61,48,32,39,3,52,49,22,37,62,0,27,18,5,28,50,56,38,23,40,59,60,44,26,13,15,45,36,6,46,21,29,31,30,14,24,1,43,57,9,19,53,17,12,42,34,7
6,10,60,14,57,13,38,48,47,36,58,54,1,34,4,26,31,50,59,33,22,49,18,5,37,12,28,62,29,0,56,25,15,2,17,16,55,43,35,63,44,45,27,40,53,61,42,52,7,19,46,30,3,23,8,20,41,24,9,32,51,39,11,21
41,58,50,45,59,3,51,42,33,35,47,46,24,10,9,57,34,36,30,2,25,61,29,38,32,63,20,56,4,19,49,7,48,21,22,1,11,44,60,17,39,40,43,52,55,26,28,54,16,27,14,12,62,18,31,23,6,5,15,37,53,13,0,8
11,48,36,54,17,26,13,33,2,47,55,43,25,37,14,12,59,20,27,46,52,28,31,5,23,22,3,60,56,50,58,4,61,6,1,38,40,42,62,51,44,53,18,63,9,21,32,57,35,7,49,16,24,0,45,41,19,34,30,10,8,29,15,39
1,41,63,43,7,20,33,29,51,30,15,26,58,24,28,16,34,5,61,38,27,59,57,35,10,49,45,22,31,53,56,19,3,47,17,14,8,6,18,9,48,46,13,40,39,36,32,11,50,42,25,54,52,2,4,0,62,23,55,60,44,12,21,37
12,32,27,18,46,21,52,37,30,4,14,57,5,24,59,3,50,10,15,13,29,60,38,8,56,54,22,33,6,16,25,35,45,20,47,7,55,42,31,58,17,2,34,19,40,1,11,49,39,36,9,48,51,62,43,0,53,28,41,63,61,26,44,23
3,52,62,18,10,49,36,32,12,24,35,59,11,50,0,39,13,7,31,15,17,14,44,48,53,60,63,5,23,41,27,9,57,20,58,38,29,16,25,61,6,8,2,4,26,21,55,54,28,22,1,51,40,33,43,45,19,30,34,42,56,47,37,46
34,6,0,20,35,27,60,11,46,7,61,37,5,4,10,62,42,2,21,38,36,49,8,63,55,43,22,19,48,30,15,31,33,32,14,29,1,56,24,57,26,40,54,23,52,17,39,3,44,12,47,28,41,18,59,16,53,9,13,58,25,45,50,51
20,16,23,29,51,10,34,7,62,61,38,52,25,58,59,18,22,53,39,54,4,46,36,60,37,21,41,57,12,1,44,0,56,26,63,30,13,50,35,42,45,47,9,49,8,14,40,55,19,31,48,6,27,32,43,3,17,2,28,24,33,11,15,5
6,46,61,55,2,30,16,45,42,37,26,4,19,54,28,11,9,23,20,38,31,44,15,12,63,0,1,50,56,43,59,13,5,62,47,60,48,10,22,57,14,58,7,18,49,27,51,52,25,35,39,17,3,40,33,32,53,36,24,34,8,29,21,41
60,21,36,3,17,52,49,33,55,13,56,4,9,45,24,14,35,50,2,15,34,7,0,16,47,10,22,5,27,26,12,8,11,46,23,54,42,39,44,20,28,32,30,25,40,57,59,41,58,63,18,51,31,61,37,19,29,6,1,43,38,62,48,53
20,56,47,19,32,37,1,57,13,48,10,2,25,52,49,9,42,30,3,24,54,36,58,61,4,55,16,53,59,29,28,45,38,31,15,0,60,8,12,17,5,6,62,33,26,18,50,41,51,23,14,44,27,39,43,7,46,63,35,34,22,40,11,21
44,24,42,61,47,1,51,62,63,35,49,27,11,57,22,12,60,8,45,29,58,5,48,54,17,39,7,43,30,41,52,13,0,34,36,19,38,6,21,25,3,28,16,20,31,59,4,56,14,2,9,18,46,33,40,50,26,53,23,15,32,10,37,55
47,39,17,49,42,23,13,10,28,4,48,31,27,57,5,1,12,35,61,15,38,46,58,59,7,44,33,50,14,45,18,30,19,53,37,34,3,26,52,0,55,43,63,51,54,21,9,41,16,22,11,36,25,40,29,62,20,56,60,6,8,2,32,24
17,40,14,33,13,36,20,10,24,5,25,61,43,7,1,52,0,12,6,51,16,31,8,26,11,29,49,58,59,28,19,42,22,37,56,54,57,32,27,45,23,35,63,30,38,15,34,9,48,53,60,18,50,44,46,3,39,4,41,21,62,55,2,47
