11,10,18,16,32,62,61,53,1,15,59,31,29,28,46,40,9,54,57,47,26,21,14,50,23,5,22,19,41,27,34,51,43,45,6,12,33,30,52,2,58,38,37,4,7,44,60,63,24,42,8,20,25,55,48,39,0,36,17,49,35,13,56,3
0,57,1,35,32,31,23,9,18,55,61,16,47,46,34,20,62,33,52,30,56,38,22,53,63,45,5,17,11,13,50,4,60,36,21,2,42,48,24,15,51,8,14,43,49,41,26,6,29,44,7,10,40,39,54,58,12,3,25,27,28,59,19,37
12,61,33,50,19,34,41,39,51,40,9,53,26,18,13,24,25,54,4,35,48,27,20,52,11,1,0,23,45,3,28,21,46,6,5,36,15,44,37,2,62,59,38,17,7,56,58,49,55,31,10,22,32,57,43,47,14,42,29,30,63,8,60,16
29,56,17,43,31,22,62,36,4,55,48,46,47,18,52,25,38,23,21,1,6,44,30,11,35,7,57,34,39,20,26,5,13,3,24,61,63,28,14,10,2,42,54,19,27,37,60,32,45,51,9,50,12,0,59,15,33,58,41,40,16,8,53,49
45,53,49,24,31,26,60,6,61,46,25,47,32,54,20,62,22,33,1,29,52,14,37,42,23,58,0,2,3,19,48,38,36,40,35,27,17,4,63,9,7,21,15,57,34,8,56,5,18,28,44,41,12,50,59,13,16,51,30,43,39,10,11,55
34,8,50,38,61,51,57,11,27,31,9,49,4,60,20,56,1,32,12,29,26,40,16,47,18,14,21,13,46,55,0,28,58,39,62,5,15,35,3,2,33,48,63,36,59,52,43,30,37,24,19,7,6,44,17,23,53,25,10,54,45,42,41,22
12,61,46,29,2,51,7,8,53,25,22,40,41,42,6,3,13,9,58,17,10,18,56,35,55,16,60,32,62,45,0,15,19,36,59,26,54,34,33,39,20,30,1,27,49,24,47,43,63,44,57,38,48,4,31,52,23,21,37,11,14,28,5,50
13,21,4,2,12,38,11,59,7,34,37,49,46,44,24,58,0,16,23,45,54,20,19,8,48,31,26,36,35,61,32,29,22,62,1,42,43,39,14,25,17,18,33,30,57,40,53,15,47,10,5,63,51,9,52,3,56,41,6,28,55,50,27,60
17,14,15,38,36,0,18,6,57,51,37,50,35,40,42,1,47,13,62,29,34,20,25,23,31,63,53,41,32,39,28,9,21,49,45,22,8,24,19,44,56,3,27,2,52,46,10,4,26,11,48,16,61,54,12,60,58,7,43,59,5,30,33,55
22,46,15,14,40,32,9,55,16,12,23,39,43,13,6,42,61,4,1,8,36,10,63,41,21,3,47,62,18,37,28,53,48,0,2,54,60,11,27,51,59,52,33,17,57,20,24,44,26,30,34,45,29,7,49,31,35,38,19,5,25,58,50,56
7,6,44,17,36,20,56,41,1,34,8,0,22,5,61,2,29,37,13,10,46,31,38,53,28,51,9,39,59,43,16,54,3,18,11,42,15,62,57,21,48,52,40,33,63,19,49,35,58,50,14,26,55,47,32,45,60,25,12,4,30,24,27,23
41,9,38,57,26,35,21,49,54,63,43,51,22,55,8,56,7,61,27,18,23,46,11,47,37,6,36,50,39,19,34,45,30,1,10,20,25,5,2,32,52,15,12,60,28,59,31,29,48,3,0,16,4,24,53,58,62,17,33,42,44,14,13,40
33,23,18,14,37,8,34,2,47,28,7,35,24,38,43,4,44,39,56,50,3,48,53,10,11,46,12,58,42,60,55,57,59,63,54,16,51,49,31,5,19,30,26,9,41,52,1,25,6,22,27,36,32,62,29,45,17,40,15,21,20,13,61,0
35,28,18,55,61,58,52,5,38,41,20,39,29,33,25,50,13,9,12,3,54,7,27,14,26,46,43,24,15,40,57,60,1,6,8,62,51,32,2,56,48,44,17,11,22,47,4,49,36,16,42,30,21,34,19,53,31,45,37,59,23,10,0,63
59,2,44,42,63,49,48,38,11,9,37,12,31,23,5,54,50,0,36,10,46,24,47,53,45,62,16,29,15,18,25,51,56,27,7,34,39,28,57,22,35,32,14,1,61,26,43,20,41,60,52,3,55,17,33,6,8,40,21,4,13,58,30,19
7,57,53,9,39,12,45,55,62,2,60,10,51,36,17,52,18,24,59,20,3,48,1,30,44,28,27,6,41,56,15,26,19,50,31,47,0,46,42,63,33,8,11,13,54,61,25,4,21,29,49,16,38,23,22,43,37,5,35,32,40,34,58,14
31,48,1,12,54,10,40,19,29,3,56,8,35,13,15,37,28,9,17,55,62,59,42,51,30,20,44,16,0,58,6,7,46,38,50,2,18,43,32,61,4,22,24,63,14,27,33,34,60,36,52,57,5,21,11,26,45,41,47,25,53,49,23,39
30,35,40,58,49,1,26,43,56,53,51,46,44,16,3,60,2,8,15,23,55,24,25,12,13,10,38,57,11,4,63,52,20,29,37,62,7,41,34,45,27,47,6,21,17,9,39,42,48,28,50,0,18,61,5,32,19,22,31,36,54,59,14,33
61,20,19,56,42,60,21,31,24,6,43,35,40,27,13,4,57,33,2,5,41,3,53,38,18,59,39,14,0,45,62,44,30,10,7,49,34,29,36,22,58,48,63,50,9,12,52,15,11,1,51,26,32,16,8,25,54,28,47,46,37,55,23,17
51,12,46,20,18,8,6,47,7,50,22,27,21,55,13,48,15,25,43,2,5,32,44,52,30,63,53,34,9,28,23,4,54,26,56,0,38,57,1,61,11,16,36,31,33,45,60,37,35,3,40,58,14,10,24,59,39,17,29,62,41,49,19,42
62,11,35,25,46,10,12,19,56,1,37,5,60,41,14,34,8,52,20,26,45,3,15,32,42,0,57,17,39,4,36,16,55,2,30,61,18,24,22,27,33,7,51,48,49,13,21,29,50,9,43,47,59,54,23,28,53,40,31,58,44,38,6,63
19,36,10,33,40,22,56,63,17,46,27,47,4,32,51,3,12,5,2,8,54,11,21,42,34,28,29,60,43,49,35,23,57,52,37,62,41,53,6,38,26,61,58,1,55,15,9,31,30,0,50,16,48,45,39,14,13,18,7,25,59,20,44,24
10,58,48,21,32,18,13,39,59,4,7,55,42,22,1,35,23,30,27,62,33,0,29,41,6,25,56,60,14,31,12,28,34,44,52,20,61,2,40,16,38,50,36,11,46,15,5,19,49,37,43,26,45,63,24,54,17,53,3,57,47,51,8,9
56,6,38,57,22,15,61,32,41,19,1,39,13,48,5,7,42,26,34,21,59,46,4,33,55,62,53,23,14,63,24,0,51,50,58,54,31,49,10,52,2,47,16,8,40,30,29,20,28,43,60,11,44,45,3,37,9,12,36,17,27,35,18,25
15,11,58,33,31,17,39,51,28,37,18,36,41,1,57,21,38,54,16,61,49,20,8,5,29,47,30,42,14,7,56,46,9,53,23,52,24,10,63,22,27,2,3,35,43,55,40,6,12,26,62,19,45,25,59,0,48,13,32,44,50,4,34,60
37,39,51,62,58,50,6,54,55,57,43,38,17,44,20,24,15,48,47,60,21,49,28,53,7,2,0,29,26,5,14,9,61,34,3,10,45,12,25,36,40,13,4,16,30,63,23,8,31,52,11,18,19,35,33,41,46,27,56,59,32,22,42,1
16,14,0,20,4,41,7,48,40,1,23,39,54,15,19,32,21,61,27,37,28,29,24,56,63,55,22,36,10,9,59,46,38,2,34,26,3,12,51,43,6,11,25,44,47,53,62,35,8,60,18,52,50,33,49,57,17,42,45,5,13,31,58,30
40,49,45,2,47,21,52,60,39,29,35,4,59,26,38,15,14,3,22,16,31,18,53,32,28,19,43,61,9,36,55,17,58,25,44,41,27,20,30,0,13,33,48,23,12,46,11,62,56,10,5,37,51,63,50,1,57,42,8,24,6,34,7,54
58,56,62,48,15,14,63,41,18,43,61,28,42,53,52,26,29,36,11,10,2,60,33,13,3,25,27,39,7,5,44,50,51,31,35,17,38,20,40,23,34,49,32,12,54,30,47,4,19,45,46,8,24,55,57,37,22,16,1,9,6,21,0,59
26,9,46,5,19,3,12,0,35,55,33,21,61,2,48,50,58,39,7,16,22,60,30,28,62,8,56,57,18,43,31,36,10,54,25,20,63,41,59,13,4,44,11,23,1,40,37,27,15,32,47,17,51,45,38,42,6,29,52,53,49,34,14,24
57,8,45,28,13,3,24,16,23,44,4,48,12,17,35,55,54,29,33,40,15,53,41,25,22,36,39,1,5,51,46,14,26,42,6,56,9,38,20,19,18,61,60,27,2,34,47,30,50,59,63,0,43,21,31,58,49,11,7,37,52,32,10,62
57,44,22,38,58,32,55,63,21,3,43,16,34,48,14,54,13,46,61,62,45,12,33,1,28,18,8,5,47,35,39,49,20,29,31,53,37,10,26,25,51,50,17,6,60,56,36,9,23,24,30,2,15,0,4,27,42,40,52,7,59,19,11,41
50,1,52,27,17,4,15,40,0,39,33,60,35,48,46,36,19,5,18,6,29,8,38,14,57,51,44,20,3,25,47,32,41,28,62,10,24,16,37,11,56,54,43,49,55,2,63,23,7,12,53,21,58,42,9,45,13,22,30,26,59,34,61,31
56,62,26,38,54,44,3,45,1,12,14,16,43,31,53,23,9,40,34,25,18,48,17,55,6,51,50,22,29,24,47,8,39,32,46,19,2,15,60,36,10,49,27,52,5,61,35,7,33,28,37,13,4,59,0,20,63,30,57,41,21,58,11,42
28,13,62,63,45,15,20,51,8,6,24,16,27,61,46,2,42,23,12,55,54,26,36,39,60,14,1,30,40,0,43,50,52,33,47,29,21,9,34,17,18,37,53,44,19,22,57,7,5,31,56,48,59,10,38,32,3,35,25,49,41,58,4,11
1,6,56,19,32,0,54,18,22,45,20,53,58,55,14,28,3,16,42,60,21,59,47,15,62,25,43,51,41,24,30,39,17,38,49,23,33,35,44,5,9,50,12,37,34,63,46,61,4,7,8,27,13,10,36,26,48,31,2,40,52,57,29,11
16,5,19,0,13,8,42,6,25,20,59,27,49,58,43,57,3,52,46,26,10,18,14,1,50,51,28,47,15,60,23,31,37,11,24,36,38,17,30,55,45,54,4,56,29,39,35,44,9,41,21,32,33,63,22,53,12,48,2,62,40,7,34,61
42,34,41,54,12,62,25,39,23,46,33,50,27,15,13,63,9,55,1,57,19,52,6,40,14,31,17,49,48,36,53,61,22,18,43,16,28,47,30,4,24,59,58,5,38,44,37,7,11,0,35,60,10,56,20,51,45,3,29,32,8,21,26,2
33,28,5,61,41,53,52,24,38,54,19,30,13,29,7,20,36,1,44,14,60,32,45,63,26,31,3,18,25,48,21,34,2,43,16,27,35,55,57,6,8,62,59,15,51,10,40,37,49,46,50,17,11,42,58,0,39,9,12,47,4,23,56,22
35,25,55,31,30,46,33,4,6,57,22,42,9,37,16,60,11,61,24,40,21,34,14,5,43,10,41,45,0,18,38,59,1,32,44,12,48,13,54,19,62,47,26,3,52,7,49,17,50,63,8,27,15,20,28,39,2,56,36,23,58,53,29,51
23,36,3,13,30,6,5,25,2,59,10,45,43,16,14,39,51,27,29,61,11,48,22,20,38,62,9,63,12,17,32,19,0,50,53,41,57,47,15,18,21,44,35,4,34,52,31,55,58,33,28,60,56,42,24,40,54,37,46,7,26,1,49,8
25,2,48,15,47,27,35,20,6,11,12,32,3,16,34,7,30,21,57,55,39,49,50,54,29,24,13,8,0,45,14,60,9,18,19,41,63,59,62,26,43,58,4,28,61,36,23,31,10,33,46,44,22,37,53,42,38,51,5,40,56,1,52,17
24,25,56,4,14,63,54,40,30,10,17,36,39,21,35,60,50,41,42,15,22,32,12,46,48,33,51,59,34,49,1,9,55,53,45,20,31,11,0,23,38,47,2,3,58,7,44,28,29,27,26,6,16,52,5,13,8,37,18,62,43,19,57,61
56,9,12,54,6,46,36,29,62,38,35,55,2,32,4,37,42,11,7,43,15,31,26,58,52,22,61,8,34,63,27,49,50,16,40,47,20,45,60,18,21,59,57,44,24,53,41,13,23,33,51,3,1,5,19,48,0,17,10,25,30,39,14,28
20,60,31,3,45,7,10,56,15,53,47,30,14,6,8,41,32,55,52,46,5,61,21,26,13,42,48,63,34,24,19,0,9,22,35,62,2,40,49,50,43,59,37,4,38,57,54,25,16,1,39,36,29,18,12,44,33,11,27,23,17,28,58,51
10,19,15,39,38,23,5,13,36,27,7,53,26,34,52,46,51,41,24,22,45,17,54,25,43,12,21,35,60,42,47,14,49,8,1,57,16,37,56,2,0,50,28,44,29,4,11,3,40,33,20,55,48,6,61,30,18,58,32,59,9,63,31,62
45,57,20,60,52,43,51,50,61,28,19,31,41,8,23,5,22,13,38,62,11,17,35,39,0,12,4,30,16,32,34,37,1,33,14,15,29,54,10,59,2,26,7,9,21,58,18,49,3,44,48,53,25,63,24,56,47,27,46,55,36,40,42,6
45,25,5,36,6,43,7,61,14,54,16,50,29,62,48,20,30,28,21,42,41,59,32,40,47,60,35,17,52,56,22,24,51,27,37,4,10,55,26,15,53,63,18,19,57,31,13,23,12,38,46,9,34,33,0,2,58,44,8,1,3,49,39,11
22,50,40,36,55,16,14,51,38,19,9,46,2,21,59,13,61,15,10,7,41,33,23,4,1,62,48,57,29,45,25,28,53,56,63,30,39,35,49,3,18,20,5,52,6,34,42,26,17,12,43,11,47,58,44,0,31,32,54,27,60,37,8,24
9,33,61,60,54,62,35,31,12,39,50,42,18,59,49,10,52,16,57,24,15,53,0,3,37,14,11,41,8,47,55,45,13,63,7,46,56,20,22,32,38,26,2,34,19,5,43,17,48,6,21,29,40,44,27,1,4,51,58,28,25,36,30,23
42,53,18,36,62,25,17,28,13,31,32,63,6,33,23,40,35,57,12,46,4,45,55,24,34,26,51,19,48,20,54,38,52,15,11,60,58,29,3,2,5,39,21,41,0,14,49,16,30,8,37,1,47,44,61,27,43,50,59,10,56,7,9,22
22,5,60,57,30,4,44,24,58,27,49,28,25,38,16,14,35,12,42,53,15,13,52,6,3,37,19,59,7,62,48,29,46,39,11,40,41,33,43,31,61,9,36,45,34,20,23,56,32,54,21,2,51,1,10,55,18,50,47,0,26,63,8,17
40,60,54,27,34,5,56,32,23,36,21,22,50,8,13,57,48,49,6,30,45,44,18,58,25,53,15,16,24,38,63,43,37,11,46,61,29,26,20,0,59,7,19,41,2,10,35,1,17,42,3,51,14,31,12,33,39,9,4,52,62,28,55,47
59,50,35,41,26,31,48,19,53,57,43,46,58,7,28,51,55,8,24,20,6,1,27,42,40,29,32,36,33,21,18,54,49,2,14,34,13,9,23,60,25,0,39,61,4,63,47,44,17,12,56,52,15,62,11,16,45,3,22,37,30,5,38,10
21,36,52,2,43,27,18,9,60,8,1,13,44,45,51,38,54,47,61,5,4,11,33,56,40,16,58,46,30,34,50,62,23,22,55,29,17,3,26,20,49,59,28,63,37,12,6,7,19,39,0,24,35,10,15,32,14,31,25,42,53,41,48,57
6,7,10,8,32,61,62,2,29,11,38,57,45,55,28,51,19,25,30,46,27,36,24,18,13,15,41,22,16,4,60,56,63,48,20,14,3,39,17,5,33,35,54,58,59,42,9,26,52,44,21,37,50,31,47,0,43,1,40,53,49,12,34,23
7,26,20,13,19,8,41,5,54,14,35,32,62,29,1,16,40,42,30,23,49,3,48,59,50,28,44,15,47,4,25,33,22,56,31,37,17,45,24,61,57,12,34,51,63,52,58,21,10,46,6,11,53,39,18,27,36,55,38,60,9,0,2,43
41,7,18,29,14,47,46,3,30,56,38,26,19,32,54,35,27,21,36,22,62,13,52,49,48,51,25,43,12,44,31,1,28,57,55,9,50,5,61,34,15,11,40,6,8,24,10,63,0,23,17,37,2,33,39,60,45,42,4,20,53,59,58,16
33,37,57,39,18,7,40,53,48,26,25,61,55,12,16,23,0,14,43,54,46,13,38,51,8,9,28,5,56,49,22,47,4,31,50,29,32,21,10,45,42,15,36,44,60,17,11,27,34,41,30,35,19,20,63,62,58,1,59,2,24,6,3,52
49,4,34,14,7,13,55,56,19,28,1,26,51,50,23,32,20,11,41,2,27,17,42,38,16,25,45,24,63,35,52,39,40,21,12,22,5,9,33,60,6,47,53,37,0,8,10,15,44,59,48,62,3,36,61,54,18,29,31,46,30,58,43,57
12,36,54,37,55,47,3,31,52,44,56,62,2,22,38,25,7,1,29,28,41,9,11,15,16,4,32,0,34,18,10,59,51,45,30,8,42,26,61,27,24,23,57,35,19,13,6,5,48,49,14,63,46,17,43,33,39,58,60,50,21,20,40,53
55,39,26,29,8,5,53,35,41,59,25,46,7,40,21,58,30,33,17,11,51,62,14,52,63,60,47,18,12,32,50,20,42,57,44,54,23,31,24,3,28,6,36,48,4,13,16,1,61,43,37,56,49,34,10,9,15,0,27,38,22,19,45,2
8,50,6,51,1,58,48,47,11,49,9,34,10,17,39,3,40,60,35,22,24,19,14,62,57,28,53,27,54,26,41,7,5,44,23,45,13,2,30,31,12,29,42,59,37,63,25,21,56,52,4,0,16,20,38,61,33,32,55,15,18,46,36,43
45,61,37,8,26,48,54,51,55,14,53,52,1,10,6,30,23,7,18,27,62,4,38,0,59,36,39,24,9,12,17,2,56,44,50,49,42,60,31,43,58,35,46,3,5,13,34,41,32,19,11,25,29,57,63,15,20,47,40,28,22,33,16,21
32,48,36,3,45,56,15,57,7,16,40,52,6,43,13,44,27,33,5,34,41,10,53,11,60,28,59,0,51,9,42,14,18,26,1,17,23,8,35,30,19,20,37,54,2,24,46,21,49,61,50,58,62,55,47,38,22,4,12,31,29,39,25,63
46,48,13,61,15,41,35,53,37,34,29,44,7,40,30,59,18,16,24,39,63,6,27,33,42,10,50,11,32,49,38,25,0,60,56,17,1,5,9,21,55,2,57,20,51,14,19,52,47,26,54,62,45,12,3,36,31,8,43,28,23,58,4,22
8,24,55,63,18,20,54,11,26,25,34,37,2,52,19,58,32,23,60,57,14,4,30,7,35,15,36,39,3,5,51,48,29,22,13,0,33,59,6,61,9,49,44,16,47,56,40,62,41,53,17,12,27,46,1,50,21,10,28,31,43,45,38,42
1,22,35,24,49,62,27,61,20,59,60,32,40,15,33,19,55,0,53,34,29,11,28,41,36,21,23,30,38,14,63,47,52,44,10,45,16,17,25,37,56,54,2,13,57,58,42,39,6,48,26,7,46,5,50,43,51,18,4,3,12,31,8,9
4,62,40,41,56,53,42,1,32,35,51,43,30,18,61,26,38,6,2,58,9,8,28,36,7,37,22,5,39,34,59,11,46,14,21,60,25,52,45,3,48,23,0,27,57,16,13,17,63,29,31,15,24,33,12,20,19,10,47,50,49,54,55,44
62,12,0,37,63,41,46,44,51,31,22,47,20,49,38,35,58,3,43,53,45,1,23,54,15,59,60,8,13,32,5,26,10,9,21,18,29,36,61,33,16,52,40,19,48,27,30,25,11,6,28,56,39,7,14,34,55,4,24,2,17,57,50,42
49,63,61,56,36,29,3,16,38,24,42,8,13,23,17,46,28,54,18,15,7,41,14,51,50,48,27,9,47,37,25,34,40,10,45,32,12,6,62,30,20,43,4,21,52,39,1,35,0,53,58,5,2,31,33,57,19,26,60,22,55,59,11,44
22,37,18,16,14,25,20,61,21,58,51,60,44,2,63,35,50,8,10,27,45,42,54,19,3,34,13,15,5,24,26,31,30,55,33,57,38,49,32,36,29,12,9,40,47,6,1,17,39,11,4,43,48,7,23,28,0,46,41,52,59,62,56,53
40,56,29,37,8,13,1,39,49,19,11,10,5,27,7,42,14,30,24,22,21,35,62,60,26,12,16,34,59,15,53,17,28,54,41,45,58,3,2,63,55,47,20,31,32,0,4,46,44,48,50,18,51,43,61,23,36,52,6,33,25,38,9,57
46,39,27,43,20,52,25,57,51,44,41,59,34,38,45,15,26,33,35,29,53,17,7,42,22,2,62,58,21,24,28,10,32,31,19,63,1,54,60,16,0,50,8,11,48,40,56,36,5,13,18,23,6,30,61,55,12,9,4,49,37,47,3,14
28,39,18,44,37,19,58,10,30,55,26,32,40,17,20,54,45,12,5,0,15,50,23,8,63,2,49,9,35,1,60,62,61,13,34,11,21,56,52,25,59,14,41,29,48,33,43,57,31,47,3,24,22,36,38,16,7,4,46,27,6,51,53,42
12,2,32,20,22,28,59,16,13,21,27,56,8,11,40,4,18,38,0,36,43,6,31,60,46,61,55,33,9,14,39,53,10,47,3,17,57,48,29,35,42,25,1,45,26,44,5,49,54,37,41,19,62,63,51,24,15,52,50,58,7,30,23,34
55,17,60,6,45,12,43,15,14,20,54,29,46,1,16,27,26,2,34,3,23,44,57,42,5,50,37,51,21,30,32,41,35,13,52,4,63,24,62,22,8,53,47,11,7,56,31,38,33,19,49,28,25,36,18,10,59,9,58,61,48,39,40,0
43,39,30,44,41,32,62,14,13,25,9,42,52,2,46,3,17,0,37,40,12,18,28,33,22,63,60,47,57,50,6,36,21,29,10,1,26,34,48,11,56,8,5,31,4,38,23,51,27,54,59,16,35,15,45,7,24,58,19,53,20,55,49,61
61,4,23,10,52,32,47,24,7,13,42,27,20,8,17,46,6,31,0,28,49,19,36,57,29,33,2,50,58,18,39,11,5,14,59,56,40,38,26,43,3,15,12,37,60,48,25,1,16,55,53,21,22,51,30,41,54,62,45,9,63,35,44,34
10,0,45,53,1,42,18,11,3,24,63,23,2,31,6,12,41,25,28,60,54,39,20,46,58,47,50,29,35,36,13,30,52,26,7,59,22,40,49,61,15,62,5,37,33,57,56,55,16,38,27,9,19,43,51,4,34,48,32,14,21,17,44,8
20,22,48,13,60,55,19,21,4,16,56,29,36,43,24,10,5,62,38,26,0,42,40,23,50,7,2,35,12,17,49,30,8,25,53,54,28,41,45,3,39,31,59,11,18,44,52,57,1,9,58,47,14,15,63,37,51,46,61,34,32,33,6,27
54,24,31,43,27,22,63,16,45,23,35,20,40,0,57,59,6,7,41,60,38,34,25,50,61,17,39,14,44,46,3,12,62,9,15,37,51,5,26,29,42,52,8,53,49,10,4,47,55,19,28,18,11,48,36,58,30,21,2,1,33,32,13,56
56,3,28,21,57,49,50,43,2,1,46,26,42,18,55,25,53,36,38,7,62,14,39,47,61,12,15,33,6,20,22,23,17,0,63,4,31,54,35,10,16,11,32,34,19,13,58,27,51,9,48,44,5,60,59,40,29,37,52,8,24,41,45,30
42,33,15,0,5,41,49,18,11,8,27,63,25,35,16,60,13,10,46,51,9,28,34,50,31,53,38,29,19,37,59,55,39,58,44,7,40,21,2,24,6,62,30,43,12,45,36,4,32,47,14,20,52,17,1,57,26,22,3,56,23,48,54,61
9,25,5,14,17,63,53,33,49,40,44,27,0,31,4,28,57,62,16,46,51,34,26,61,45,41,8,38,30,18,11,43,52,24,36,42,56,21,7,12,35,58,2,6,23,59,54,39,50,47,37,29,15,60,55,22,19,3,10,48,20,1,13,32
42,10,12,31,44,6,24,28,34,53,7,49,17,18,9,39,37,14,30,61,0,48,33,51,62,32,59,45,47,4,52,60,1,46,29,16,40,23,43,26,54,25,15,55,50,35,8,57,5,56,13,58,3,11,21,38,41,19,27,2,36,63,22,20
4,19,17,57,43,23,35,3,11,25,22,41,51,52,29,56,58,10,16,38,7,1,50,46,42,2,21,18,33,54,37,20,30,44,39,31,26,62,6,63,28,14,15,47,8,60,32,53,45,12,0,24,34,9,40,36,59,13,55,5,49,48,61,27
48,42,25,59,57,26,45,32,3,38,17,46,20,29,37,34,16,13,23,49,55,54,51,30,35,5,44,33,19,10,8,36,2,24,18,58,63,7,1,11,61,4,28,14,60,0,31,6,43,40,15,53,39,47,9,50,12,56,52,22,62,41,27,21
50,18,53,28,29,49,15,58,33,3,25,63,0,19,12,56,11,16,1,21,6,4,47,37,60,9,35,22,62,41,26,30,39,42,13,31,46,40,38,34,20,27,14,5,44,55,45,61,23,2,43,36,32,59,7,48,8,24,51,52,57,10,54,17
48,18,20,39,17,5,27,13,53,58,12,54,43,49,62,30,24,59,11,33,1,10,51,40,14,26,15,16,57,2,47,23,41,31,19,50,42,38,34,36,61,63,44,6,32,60,8,56,4,55,25,9,21,28,52,7,45,46,29,35,37,0,22,3
2,63,56,32,4,14,28,39,19,9,48,23,0,60,50,38,59,46,47,1,25,10,53,41,45,58,12,15,7,26,49,51,37,18,33,43,35,30,5,17,34,29,13,36,54,27,52,3,57,22,55,61,44,11,42,21,8,20,31,6,16,40,24,62
58,28,50,53,25,7,43,17,11,52,38,24,3,49,15,59,13,0,62,36,37,40,46,30,33,9,19,23,39,20,44,8,14,61,63,34,4,21,10,60,12,29,18,42,47,35,5,1,41,56,2,51,6,55,45,54,26,57,31,22,32,16,27,48
63,23,1,47,34,57,53,46,28,20,11,4,44,15,55,12,62,40,36,8,33,19,26,14,60,61,58,54,31,24,52,3,30,39,37,49,56,48,22,10,41,25,59,43,32,18,17,45,9,35,7,2,6,38,5,16,50,51,27,13,42,29,0,21
28,1,63,29,7,38,25,41,3,18,15,54,13,12,32,4,33,55,26,43,44,2,30,6,46,11,34,21,50,23,16,57,61,59,40,20,56,14,19,0,5,9,27,35,52,62,48,58,36,8,42,45,47,51,39,24,22,31,37,17,10,53,49,60
56,38,36,23,53,14,21,46,20,17,4,50,54,25,57,37,10,40,33,19,42,49,44,15,39,16,28,8,2,32,62,51,5,11,6,63,61,24,9,45,29,7,30,41,52,58,27,59,34,3,0,1,18,12,43,22,60,55,13,47,31,35,26,48
44,53,29,41,51,34,28,4,49,0,26,23,17,16,32,61,42,63,54,21,11,38,46,9,2,13,58,56,3,55,6,36,37,31,52,43,15,18,59,5,7,8,22,20,25,39,33,50,47,45,35,62,10,40,1,24,27,12,60,14,19,57,30,48
7,43,48,53,25,51,60,14,38,29,58,54,15,61,17,57,40,23,12,63,32,8,37,62,4,33,9,10,45,3,44,22,34,27,2,52,13,46,56,50,0,39,35,11,6,31,36,28,1,55,26,5,21,41,49,18,47,42,30,20,24,59,19,16
46,63,58,17,16,52,6,28,7,25,53,5,12,0,29,62,41,47,42,20,8,9,19,23,1,36,59,22,60,30,57,61,18,13,44,48,11,2,4,32,55,27,50,33,21,49,54,43,39,51,35,31,40,14,15,26,34,38,37,56,24,3,45,10
11,38,50,40,37,51,13,6,34,28,58,54,0,8,16,18,17,53,22,32,7,19,23,25,52,5,30,31,12,42,48,1,35,27,55,45,10,59,21,49,56,4,20,2,24,63,60,36,39,46,61,26,14,29,33,62,9,3,47,15,44,43,41,57
19,47,30,5,38,16,35,58,3,4,46,59,51,7,9,31,11,0,43,34,8,62,24,15,23,39,10,2,37,49,6,45,40,20,1,44,61,41,18,36,29,22,55,12,13,21,42,54,27,14,25,28,56,53,33,50,60,17,63,48,32,57,52,26
24,16,61,33,14,47,31,0,5,32,63,4,49,57,58,7,45,21,15,38,36,29,8,43,9,50,53,3,23,34,48,42,6,25,10,35,44,46,20,52,39,22,60,18,1,26,13,12,11,17,27,59,2,55,28,30,40,37,51,19,54,62,41,56
31,43,33,11,51,49,4,41,9,30,0,50,34,7,46,24,28,40,18,8,23,38,14,29,25,48,57,3,59,53,26,10,12,27,16,62,15,36,55,20,21,13,58,47,2,5,45,63,37,52,17,6,54,22,1,42,32,19,60,61,39,56,35,44
39,37,42,32,10,19,13,8,57,28,61,41,53,22,9,2,4,26,40,17,7,49,59,24,46,23,60,15,58,51,5,48,43,55,12,33,63,47,11,38,0,50,36,21,44,18,27,6,52,3,56,25,14,16,62,34,45,20,1,54,30,35,31,29
30,44,36,8,28,23,11,59,17,37,5,33,50,18,24,55,21,0,16,42,57,39,15,22,47,63,52,4,3,48,20,19,58,10,46,31,9,34,62,12,26,43,41,13,51,6,25,40,29,2,14,54,45,35,38,27,61,7,1,60,49,56,53,32
61,49,24,13,23,38,48,8,57,31,0,55,52,47,19,54,53,30,11,45,7,18,46,33,6,35,39,2,40,16,29,43,12,22,41,4,36,56,5,21,10,27,63,25,32,59,20,17,14,28,51,9,58,44,3,34,42,60,62,50,26,1,37,15
37,1,52,22,26,14,62,24,7,48,5,51,35,11,55,8,25,2,45,15,63,57,28,40,21,16,59,18,0,47,41,10,4,54,17,49,36,12,46,58,39,44,20,33,19,50,27,56,9,3,61,42,6,32,34,29,13,30,23,31,60,38,43,53
30,11,49,26,41,17,51,46,35,7,19,5,27,10,56,14,8,31,9,43,37,18,38,54,1,23,28,57,2,47,60,24,25,58,3,16,42,33,15,22,13,39,40,44,45,32,48,50,59,34,6,21,12,20,63,62,61,53,55,36,0,29,4,52
12,21,7,23,13,25,19,3,35,1,8,36,42,4,58,63,30,57,59,34,52,45,28,6,51,11,48,38,22,49,0,16,26,9,53,39,62,27,40,20,10,5,14,43,15,24,60,32,54,56,31,44,46,55,50,41,18,61,47,29,33,2,37,17
28,23,27,42,7,49,55,63,17,19,36,25,9,18,0,38,15,12,35,40,53,54,4,58,45,48,51,52,14,16,32,22,41,44,20,57,56,62,31,39,50,47,43,24,34,61,21,33,60,2,46,5,10,13,37,1,30,29,8,59,26,6,3,11
10,23,6,2,53,27,26,21,24,60,63,54,18,49,33,55,50,52,40,20,17,29,19,32,51,41,3,37,57,42,4,61,47,13,44,43,14,59,25,45,36,15,62,12,39,30,56,11,7,1,38,46,5,34,48,8,31,58,35,0,9,22,16,28
9,51,55,61,4,46,58,57,20,43,45,63,15,60,49,26,28,17,27,18,44,37,1,30,41,2,48,5,34,52,11,29,14,0,10,54,19,24,6,42,32,47,8,16,21,22,25,23,40,39,50,56,38,36,53,13,62,7,3,31,35,33,12,59
53,56,32,54,25,15,10,51,59,63,8,33,35,60,46,52,62,44,58,1,28,2,49,39,37,0,12,13,61,3,11,48,40,17,57,20,18,55,38,22,29,31,14,4,47,9,42,30,41,23,21,6,34,19,5,43,26,24,50,36,16,7,27,45
24,13,61,59,18,43,58,14,47,39,0,2,7,33,31,63,37,41,49,6,53,17,16,22,28,11,48,55,4,40,46,44,27,30,1,45,57,35,23,29,15,62,3,26,51,50,21,54,20,19,25,5,12,60,52,34,42,38,10,36,56,32,9,8
43,18,2,22,24,41,14,44,19,29,63,4,26,33,57,52,6,46,50,15,61,12,47,55,54,58,37,53,34,35,32,0,11,17,25,28,13,49,42,16,30,27,23,21,9,10,45,5,62,3,56,51,38,20,1,31,39,59,48,60,7,36,8,40
30,42,41,7,13,28,0,51,35,11,63,59,62,9,37,23,31,3,54,6,5,52,1,27,25,48,14,10,47,61,33,57,24,56,16,8,18,12,45,46,29,4,36,15,19,32,17,60,49,26,58,39,40,55,22,2,53,38,44,20,50,43,21,34
57,40,35,55,19,16,18,11,3,49,41,62,32,42,61,22,10,26,33,56,20,7,59,14,54,27,0,2,24,63,48,8,15,38,6,50,39,44,30,52,12,31,23,17,45,37,5,60,28,51,29,46,9,1,13,53,58,36,34,43,4,21,25,47
22,26,5,51,14,43,2,16,20,31,53,4,56,17,57,32,50,28,38,42,36,6,34,12,60,62,49,11,47,10,61,37,1,24,15,29,52,8,54,63,0,39,7,35,13,44,55,25,18,45,3,40,27,59,33,23,41,46,30,58,48,19,21,9
8,49,52,55,22,47,63,33,4,23,46,12,53,16,54,1,25,24,34,30,28,10,17,32,42,35,21,36,15,51,58,41,14,9,59,26,31,62,5,20,13,18,45,38,0,43,3,39,7,44,19,57,56,50,29,6,61,60,40,48,2,11,37,27
57,31,51,41,42,35,55,4,0,21,29,18,53,26,25,6,47,61,43,7,48,54,22,1,23,46,13,5,60,56,11,15,17,24,40,63,12,9,30,3,44,49,14,33,45,52,19,16,62,39,37,27,28,58,32,38,10,20,8,36,2,50,59,34
57,9,17,42,2,15,52,11,51,39,4,38,12,55,27,53,62,30,23,33,10,3,34,13,56,47,59,44,48,61,37,43,41,32,58,20,49,8,35,22,28,54,7,24,29,5,14,45,21,25,16,46,19,1,6,0,60,40,50,63,31,18,36,26
59,28,22,2,36,32,5,54,18,6,12,37,19,43,8,42,27,4,58,14,15,0,35,21,51,63,60,55,31,47,38,29,44,17,9,20,7,50,56,16,48,24,62,3,33,49,40,13,10,25,52,45,1,46,11,26,53,61,41,57,30,34,23,39
59,12,50,56,36,27,63,24,4,35,2,13,46,61,44,62,16,20,38,52,1,29,49,34,18,51,22,32,37,11,10,43,5,33,23,7,47,19,60,21,25,58,42,9,45,53,41,15,57,31,40,26,8,54,30,48,28,0,55,3,6,39,17,14
11,63,30,16,2,14,8,44,42,32,1,61,4,38,46,10,52,55,18,49,58,19,47,21,20,25,28,3,29,50,9,40,39,0,27,31,41,26,59,24,57,35,7,37,22,33,12,56,36,17,13,6,62,51,5,48,15,60,23,43,34,53,54,45
26,57,62,28,54,21,0,24,45,27,5,25,30,42,50,7,60,61,32,46,56,53,15,10,37,44,17,63,43,59,9,39,3,34,40,35,36,2,55,14,48,22,12,51,18,11,6,52,8,19,58,23,33,20,29,31,49,1,13,38,47,4,16,41
44,46,42,22,29,55,12,24,51,58,36,39,14,52,5,1,54,11,57,48,47,45,53,33,26,62,35,10,49,8,4,63,61,19,56,18,16,30,0,40,43,13,25,31,50,41,23,15,2,34,9,38,32,60,28,21,7,17,59,20,3,37,6,27
53,31,27,43,44,8,61,25,35,24,52,60,59,10,49,42,12,3,21,36,6,37,18,48,34,39,62,50,22,11,41,14,1,17,45,29,26,54,46,56,32,2,58,51,15,5,0,55,19,7,28,4,38,47,20,63,33,13,9,23,30,57,40,16
16,6,36,37,48,2,29,1,63,33,55,12,26,20,32,60,56,27,49,18,53,22,3,41,50,9,54,17,25,28,38,10,58,46,24,61,5,35,62,34,4,47,40,42,13,52,15,0,8,14,31,30,21,11,19,45,44,39,51,23,59,7,43,57
54,45,23,53,17,47,42,31,52,36,15,34,48,61,56,41,51,62,3,63,21,16,18,26,38,10,33,4,50,40,43,25,19,2,32,39,59,20,11,60,9,6,5,8,46,14,0,28,58,22,27,30,49,1,24,44,12,57,37,13,35,55,29,7
6,49,52,43,33,54,21,28,56,14,17,30,24,18,59,47,22,62,34,48,13,35,27,58,25,8,7,39,37,36,60,44,63,57,61,55,23,12,46,4,1,38,32,19,20,26,11,42,45,15,41,16,50,29,2,3,0,51,5,40,9,10,31,53
28,53,30,55,42,62,35,32,51,7,11,9,49,48,16,14,31,23,37,1,44,59,4,6,36,0,40,33,47,21,10,15,54,22,57,43,45,46,41,3,38,56,63,25,27,26,13,39,19,20,50,2,8,52,29,60,18,61,5,34,58,17,24,12
14,58,23,56,47,63,19,38,55,54,49,17,57,11,8,1,33,15,39,27,0,26,3,61,35,22,60,41,2,25,6,12,37,9,30,16,32,40,21,52,50,10,24,45,53,29,44,51,46,18,20,42,62,4,28,36,59,5,31,13,43,7,48,34
53,9,35,57,58,15,4,28,24,56,32,20,0,45,29,5,8,12,33,2,50,3,19,30,60,49,40,11,46,10,48,14,43,63,54,31,23,39,55,34,47,1,6,44,25,26,36,16,27,41,13,59,17,18,52,51,42,7,22,62,61,21,38,37
9,63,48,59,32,41,21,5,52,34,58,51,0,27,30,15,53,56,55,35,39,45,49,40,47,33,7,17,2,29,10,20,36,4,19,26,24,61,16,1,62,43,6,18,22,46,50,28,60,3,42,38,13,8,23,14,12,37,57,11,25,54,31,44
33,52,5,51,16,38,31,17,28,43,15,0,3,25,1,57,12,27,23,9,6,14,56,39,45,7,54,62,41,47,22,60,8,48,34,10,61,11,35,55,19,29,46,13,18,53,20,26,37,2,44,50,63,36,49,40,59,24,58,4,32,42,21,30
55,6,53,18,14,60,57,50,26,33,51,27,3,31,7,16,37,28,9,38,12,21,17,5,13,35,41,47,24,30,0,4,58,39,48,59,61,45,8,11,40,23,56,42,46,22,32,1,25,19,10,52,2,49,62,44,29,63,15,43,36,34,54,20
6,42,14,37,15,3,63,35,12,55,17,0,47,43,48,27,24,16,13,8,4,10,57,49,18,1,45,25,20,60,36,7,62,54,9,11,2,34,46,58,23,44,40,59,56,22,28,51,26,5,53,31,52,19,33,38,61,50,41,29,32,21,30,39
35,37,36,16,11,19,54,34,56,21,51,30,23,44,49,20,46,57,5,0,45,48,39,2,33,7,17,43,27,50,59,38,26,52,10,13,24,40,6,41,32,3,60,55,12,42,47,18,14,25,28,1,8,22,53,29,62,63,61,15,4,31,58,9
59,35,28,62,53,4,33,10,45,21,52,1,14,11,31,7,46,43,3,44,0,42,50,17,47,41,29,12,2,23,49,8,16,38,26,34,55,56,51,58,19,25,48,5,15,9,27,57,60,63,61,30,24,18,36,54,39,37,13,22,6,40,32,20
51,39,20,31,22,41,46,63,25,40,11,18,43,1,2,5,24,61,19,32,29,48,4,33,0,27,16,49,12,54,37,13,28,7,52,38,34,53,44,57,17,58,15,59,6,26,30,3,42,9,47,60,50,35,23,56,36,21,14,10,45,62,55,8
14,37,20,51,17,30,19,7,9,49,16,63,54,22,43,11,27,42,40,15,26,55,59,6,10,61,5,31,57,24,28,48,33,0,21,52,56,2,32,23,36,39,3,41,58,35,62,13,4,46,8,38,29,34,44,18,12,47,1,25,50,45,60,53
47,30,23,7,25,37,4,17,20,58,24,35,29,61,42,8,1,0,3,46,44,56,11,22,15,12,18,55,40,16,41,5,27,32,57,2,38,43,50,60,59,62,28,34,51,54,31,19,14,6,10,33,9,63,52,13,48,21,36,45,53,26,49,39
44,14,17,58,52,7,12,38,2,45,9,18,54,53,55,24,56,31,15,60,8,42,11,26,25,50,23,47,4,43,19,33,63,0,28,41,1,36,27,10,62,30,51,57,21,40,6,49,35,34,5,16,29,22,61,37,32,46,59,48,39,13,20,3
53,60,13,16,58,63,34,46,23,31,29,20,55,22,39,49,33,35,40,18,1,37,12,24,43,9,62,38,57,36,25,15,42,30,27,61,17,10,4,50,44,7,2,45,48,5,11,14,54,6,0,28,47,8,51,56,32,19,21,26,41,3,59,52
4,32,42,2,41,43,29,30,31,16,33,1,61,19,48,21,34,39,36,47,55,52,0,3,10,62,7,35,5,63,23,40,27,6,58,12,25,49,54,51,53,60,17,13,11,46,38,24,14,44,57,56,28,59,9,15,37,45,22,26,8,50,20,18
62,42,29,6,37,38,40,5,0,34,35,7,19,21,54,17,45,8,10,27,52,61,58,30,60,43,39,57,55,36,1,41,33,11,51,44,25,18,23,53,63,28,20,32,31,56,14,46,59,22,3,9,26,13,49,48,4,16,24,50,47,2,12,15
35,47,57,16,1,41,24,23,2,29,31,49,8,4,37,42,7,52,22,27,12,40,5,3,45,0,9,26,63,15,55,32,58,62,6,33,36,59,46,48,56,39,20,51,14,10,34,18,54,60,53,25,19,17,43,50,11,38,13,61,30,28,21,44
8,36,9,7,57,5,47,33,48,35,13,43,11,50,60,28,49,32,17,26,31,18,37,42,14,20,45,30,38,40,2,55,46,1,63,10,24,34,44,51,15,61,52,41,22,54,25,29,53,16,4,6,27,0,21,62,3,12,19,58,39,56,59,23
47,48,3,63,34,13,5,11,51,33,56,39,40,38,54,43,57,28,55,25,7,4,21,10,22,6,29,45,52,62,24,44,36,2,41,19,35,42,61,9,12,1,30,18,60,17,26,49,0,14,53,23,15,8,46,32,20,59,16,27,37,58,50,31
0,2,21,50,18,37,13,45,36,31,30,3,15,5,22,35,57,7,24,28,10,38,23,6,4,58,32,43,55,41,17,14,63,47,56,1,53,33,26,16,25,59,11,8,9,19,39,34,29,61,27,42,52,46,60,62,40,48,20,54,51,12,49,44
55,16,13,63,37,15,20,34,0,8,1,51,27,11,54,24,49,25,4,9,47,61,45,32,2,10,42,41,12,39,53,23,21,56,3,29,26,57,52,44,22,58,19,60,62,30,50,31,38,28,46,14,18,17,6,59,5,33,43,48,7,35,36,40
33,16,23,26,38,25,17,10,2,1,35,14,6,3,46,60,53,28,34,56,20,24,61,13,51,55,11,41,32,54,12,44,39,22,57,29,52,30,27,63,5,4,43,58,62,31,21,47,42,0,45,15,48,9,7,8,40,59,36,37,49,18,19,50
54,8,49,20,21,55,14,5,60,33,44,3,9,13,28,7,38,40,34,12,6,47,32,46,4,45,58,56,24,57,59,27,63,30,43,1,17,26,52,22,18,41,15,53,61,23,48,29,11,31,62,51,0,39,35,25,50,42,2,10,36,16,19,37
49,57,12,4,56,19,50,63,55,44,59,41,62,51,58,1,18,60,28,2,26,45,14,35,38,39,40,3,0,5,8,9,27,21,31,52,6,20,15,46,17,33,54,42,47,16,24,30,43,32,48,29,34,53,22,13,61,10,23,11,36,25,7,37
5,37,38,9,1,42,6,26,8,51,45,18,13,40,7,53,27,46,59,48,30,11,10,34,62,19,58,25,52,44,31,55,47,16,50,2,60,14,36,23,61,39,56,29,22,24,12,32,63,21,43,49,0,41,57,4,3,20,54,35,28,33,15,17
47,19,12,7,0,37,18,8,60,55,27,34,50,54,13,20,53,29,57,17,22,11,63,38,48,31,28,21,3,25,6,52,14,59,33,49,1,2,41,61,43,26,40,45,39,58,36,30,9,4,42,16,44,5,56,10,24,51,23,62,15,46,35,32
56,5,38,45,34,12,32,0,25,30,28,11,49,60,7,14,18,23,36,21,20,4,55,50,26,59,58,46,17,57,43,62,31,24,3,63,2,33,37,48,35,47,53,8,27,1,51,13,15,9,44,6,40,54,19,22,41,42,39,52,10,16,29,61
5,37,16,14,39,2,60,45,29,46,54,6,56,41,20,22,59,19,38,63,52,33,7,21,51,10,23,4,36,24,30,31,26,1,18,47,53,40,15,8,13,48,9,12,61,28,57,17,32,55,58,11,42,44,43,62,27,49,34,50,0,3,35,25
55,34,22,62,15,10,24,41,40,9,21,63,13,14,7,11,20,5,35,29,44,33,49,3,16,30,56,28,18,19,32,50,47,45,48,4,51,1,39,26,60,37,17,58,36,12,31,42,6,61,0,57,46,59,53,2,8,38,25,52,27,43,23,54
59,50,36,48,1,12,29,40,22,9,44,62,3,57,20,31,53,33,42,25,41,8,23,28,32,0,16,26,6,56,63,27,5,4,13,52,38,58,37,45,35,47,7,14,18,49,2,55,15,11,60,21,43,10,30,34,54,24,19,61,17,46,39,51
29,8,1,59,51,22,48,11,57,24,62,19,60,33,32,26,58,45,36,31,52,34,16,6,46,39,0,25,54,3,10,37,27,2,5,41,14,23,43,17,30,49,15,18,42,28,12,38,7,61,56,13,35,4,53,55,44,9,50,20,63,47,40,21
36,47,9,8,43,2,55,28,6,32,5,61,18,14,29,11,23,15,44,42,21,25,39,60,45,59,33,19,22,34,58,35,57,3,4,12,10,56,48,54,24,62,53,16,46,17,51,38,1,49,0,26,13,27,31,63,41,50,40,7,20,37,52,30
28,10,24,62,5,37,59,55,19,27,43,8,25,4,26,33,52,47,0,9,29,42,23,35,60,3,14,57,56,30,44,36,17,20,6,21,31,51,15,63,7,41,54,18,46,45,48,58,34,11,22,49,38,16,40,53,13,61,1,39,32,50,12,2
23,25,37,14,53,34,1,10,32,15,31,52,48,54,60,61,19,26,24,9,57,6,20,4,55,2,16,45,8,43,21,41,38,30,13,29,49,7,11,59,62,42,58,33,63,47,18,0,40,50,51,3,5,12,28,22,36,44,56,17,35,27,46,39
62,43,60,0,35,48,20,11,16,15,56,5,49,10,9,32,46,61,55,14,59,12,29,58,3,22,50,41,52,57,27,33,47,42,4,8,26,36,28,13,21,51,17,30,25,40,63,6,37,1,18,39,34,2,23,38,31,54,19,45,24,44,53,7
23,24,33,41,4,12,35,56,31,30,46,28,20,6,58,18,8,10,27,7,16,32,49,14,42,9,62,51,57,40,19,3,47,50,43,13,37,34,53,2,52,0,44,11,5,39,45,54,21,61,63,25,26,48,36,38,15,17,1,60,55,22,29,59
37,34,61,49,31,30,9,60,2,16,44,22,17,26,15,54,19,52,63,25,58,1,39,10,45,48,53,33,56,21,24,4,42,20,12,0,7,32,3,43,38,62,50,29,40,51,23,11,35,41,57,28,55,47,5,59,8,6,36,14,27,18,46,13
25,21,4,59,46,40,23,26,3,62,48,58,5,56,8,52,32,20,41,37,2,42,30,17,33,28,38,43,12,50,6,11,39,44,36,14,34,15,63,9,16,57,45,13,55,54,53,35,1,47,19,7,51,31,60,29,27,61,49,22,10,24,18,0
61,63,17,1,59,31,8,25,23,3,24,47,41,13,16,18,50,52,14,11,19,49,33,7,51,37,29,9,2,10,38,46,39,55,26,48,45,36,54,60,12,34,15,4,35,43,0,21,30,27,20,57,22,28,5,62,56,32,44,42,6,58,53,40
0,10,53,47,3,9,44,23,13,20,57,56,18,31,29,52,45,42,36,61,38,63,25,62,24,58,17,11,49,37,2,28,27,12,55,19,16,14,51,41,46,60,7,30,5,1,21,59,54,32,22,50,40,26,48,4,6,8,35,33,39,15,43,34
52,3,26,21,6,62,48,43,29,30,9,40,46,25,54,53,58,60,47,14,41,0,44,1,18,34,49,28,23,19,8,63,31,55,15,17,57,24,11,10,4,13,59,42,36,39,12,27,22,35,7,2,51,20,37,32,56,33,45,50,16,38,5,61
42,20,21,4,51,60,44,29,38,25,10,9,2,41,34,35,56,63,8,45,12,37,18,49,13,36,47,40,62,16,32,19,50,6,26,46,33,54,28,43,17,39,3,14,27,23,59,52,53,61,0,5,58,55,57,24,30,48,7,11,1,31,22,15
52,34,8,12,28,17,11,48,27,23,13,16,54,63,3,39,44,61,10,37,2,30,24,22,26,32,51,42,33,9,40,7,21,49,46,50,4,58,20,59,31,43,60,56,5,15,45,18,0,1,38,62,6,19,55,41,36,14,57,25,35,47,29,53
38,39,11,9,5,29,40,42,17,47,8,43,53,63,13,31,14,6,51,37,1,35,50,57,4,33,62,24,58,25,20,21,23,26,2,18,12,54,49,55,36,27,52,48,15,34,59,28,30,22,10,44,45,61,16,0,46,3,7,60,41,32,19,56
46,50,16,10,14,20,18,34,48,13,23,38,7,47,25,6,8,33,56,15,11,5,54,24,58,41,9,12,42,63,21,30,60,43,0,51,59,2,61,32,27,31,36,1,57,44,55,26,39,53,17,62,22,35,40,4,28,29,19,45,37,52,3,49
38,50,33,35,7,46,37,34,12,15,4,45,10,29,55,23,40,21,25,9,48,3,17,5,24,52,63,16,26,54,47,57,1,43,59,41,32,58,49,39,62,19,51,27,30,36,44,2,28,20,61,42,18,31,0,11,8,6,22,14,13,56,60,53
25,19,5,47,32,0,31,26,49,61,54,3,51,53,40,4,18,16,13,24,22,12,8,7,60,29,38,39,41,37,46,27,20,2,23,43,9,10,56,48,17,62,11,50,59,33,34,45,6,55,15,42,58,21,52,1,57,44,14,36,35,63,30,28
20,51,42,50,27,37,1,0,17,46,14,38,18,34,62,13,39,12,61,57,49,11,6,53,26,63,29,28,3,52,33,43,30,44,24,9,19,59,16,45,8,32,4,15,56,23,40,55,21,36,25,41,35,54,58,10,31,47,7,60,5,2,22,48
3,47,36,14,24,42,7,49,46,54,15,61,18,2,21,48,63,25,26,30,34,55,13,51,57,4,8,1,59,52,17,43,12,20,6,33,10,62,45,27,22,19,39,44,28,0,9,37,31,32,23,11,5,16,35,41,38,50,40,58,60,29,56,53
20,2,45,19,26,27,55,61,7,24,44,48,42,36,58,59,18,13,41,39,0,12,32,25,9,29,22,4,1,50,49,31,35,30,5,6,43,38,53,62,52,15,46,10,23,21,60,34,56,40,51,54,28,17,33,47,63,3,16,37,14,57,11,8
19,38,59,32,15,42,25,13,0,48,47,56,53,35,10,36,14,44,60,29,49,28,24,34,4,31,8,63,16,23,51,17,50,61,26,6,54,46,7,58,40,21,39,41,2,12,45,57,43,27,33,1,11,20,52,3,9,62,55,22,37,5,18,30
40,32,6,5,8,27,13,42,26,14,49,48,3,53,19,0,25,46,43,58,60,4,7,44,56,51,41,24,62,55,17,16,21,9,59,35,37,61,22,23,33,20,31,38,2,12,39,1,30,10,18,52,36,47,28,29,34,63,54,15,11,50,45,57
24,57,28,36,49,55,62,42,6,4,22,63,26,2,32,9,7,38,41,17,3,12,48,11,30,46,35,25,53,29,52,51,59,20,19,44,15,61,10,0,47,43,21,31,8,1,37,54,39,45,58,27,34,33,5,23,18,40,14,50,16,56,60,13
58,46,57,21,19,37,5,1,32,51,14,7,16,39,49,41,55,42,53,40,6,43,50,22,17,54,59,10,2,38,30,0,24,56,28,3,60,31,27,48,34,33,45,44,13,23,35,62,12,29,61,15,25,18,9,36,63,20,52,26,11,8,47,4
55,28,23,46,13,42,27,2,14,29,3,1,38,26,35,5,32,31,17,24,30,15,36,57,12,63,16,53,19,56,59,22,44,20,54,62,49,45,37,52,40,25,60,21,50,8,18,58,6,10,41,0,7,11,51,9,43,48,34,61,33,47,39,4
5,43,14,48,49,44,28,60,41,31,40,54,7,35,63,56,33,6,16,37,10,11,47,15,51,58,50,25,1,32,26,18,38,20,22,21,52,59,19,2,39,9,45,53,55,36,24,23,13,4,46,57,12,3,30,29,0,8,17,34,42,27,61,62
28,8,7,14,62,48,24,11,55,27,3,35,2,33,9,36,40,47,23,61,49,42,53,30,12,31,45,63,34,18,25,1,5,52,39,22,43,37,54,21,29,26,38,50,51,13,0,16,4,59,6,60,20,15,57,19,32,17,58,10,56,44,46,41
34,55,43,58,26,13,45,15,39,53,9,4,29,40,21,63,62,6,47,50,8,33,28,19,10,59,27,60,42,44,57,51,12,20,32,0,25,3,11,46,16,7,38,5,31,49,35,18,2,37,48,36,41,61,1,14,24,22,52,30,56,54,23,17
23,30,40,60,19,52,33,47,11,1,15,46,17,21,38,25,63,42,58,61,7,20,9,37,24,51,5,36,28,50,57,56,22,49,48,34,8,14,6,12,10,13,27,39,18,43,35,54,53,16,26,55,62,44,31,32,45,4,3,0,41,59,29,2
52,31,0,14,8,47,5,59,7,49,18,62,17,41,16,63,29,10,22,4,25,43,42,1,23,45,32,28,37,53,51,33,54,39,46,6,26,2,57,36,13,34,44,30,12,35,50,19,58,38,20,61,24,55,9,21,27,48,3,15,11,60,40,56
8,6,33,18,51,46,3,15,4,36,21,1,42,12,40,11,34,61,27,62,13,7,29,25,50,16,48,14,45,37,35,49,41,44,60,59,19,23,17,9,28,55,54,52,10,22,5,38,43,58,26,56,24,63,47,0,39,30,31,20,32,57,2,53
6,22,28,7,54,49,11,2,13,55,12,14,38,53,59,58,44,60,3,1,10,37,27,21,19,8,51,56,0,33,30,29,20,32,50,15,31,23,5,46,42,25,45,18,24,17,9,41,4,40,61,39,57,36,26,43,34,35,52,47,62,16,48,63
42,23,45,7,52,14,30,2,17,46,53,5,60,51,48,4,31,36,22,56,37,13,27,38,19,47,55,34,63,58,6,32,28,16,21,9,26,61,41,59,43,29,50,40,10,44,15,39,57,24,25,33,1,54,0,49,35,20,18,11,3,12,62,8
2,9,28,57,47,49,54,24,48,12,52,3,36,18,29,46,40,35,59,16,13,14,4,7,51,31,42,23,43,50,11,32,26,56,38,17,0,60,33,27,21,37,55,41,45,6,39,61,22,44,58,25,1,63,5,8,15,20,19,30,34,53,10,62
30,55,42,12,63,41,51,36,9,6,48,56,3,29,26,43,32,47,16,24,19,5,18,22,4,37,59,1,25,60,35,45,8,52,38,58,31,13,46,11,61,40,23,57,39,49,62,33,2,17,54,44,20,21,34,14,27,10,28,50,15,7,0,53
22,28,36,43,35,53,52,16,48,14,6,42,12,21,9,37,50,20,18,7,58,54,3,26,59,47,30,2,0,29,34,15,45,23,11,19,5,55,32,63,62,27,44,13,56,51,8,46,38,10,40,39,24,61,1,41,49,4,25,57,60,33,31,17
43,60,27,28,10,14,22,23,42,63,19,15,32,4,54,58,18,0,2,51,59,50,37,57,46,35,40,61,9,53,44,31,6,55,16,56,12,52,41,11,24,17,36,48,7,25,3,30,49,34,29,39,5,21,45,20,13,62,26,1,38,33,8,47
40,50,38,5,53,7,58,22,19,15,18,2,25,6,63,11,0,12,62,4,46,39,36,47,32,17,49,33,61,34,42,59,55,13,28,3,41,9,16,54,8,10,56,35,29,31,26,27,30,60,52,44,21,45,51,48,1,24,20,14,57,23,43,37
36,14,45,11,5,61,43,55,54,7,34,20,51,49,32,22,46,33,17,19,59,2,15,13,60,8,12,48,28,25,9,52,35,40,10,3,24,18,23,56,50,21,31,27,42,47,1,30,26,4,58,16,41,37,0,44,6,57,53,62,29,63,39,38
15,28,10,40,56,38,20,62,4,49,24,16,59,42,25,23,29,0,8,37,7,57,55,54,53,44,52,22,51,19,30,60,17,35,26,34,13,61,50,63,6,18,47,21,45,43,1,48,33,27,2,36,3,39,12,46,41,31,14,32,9,11,5,58
10,16,57,35,4,37,2,22,62,25,8,32,60,3,5,54,30,39,15,58,47,26,6,59,56,63,45,0,61,17,50,24,27,36,34,41,44,49,29,42,31,28,11,43,53,21,55,13,14,40,51,23,1,12,7,38,52,48,46,33,18,20,9,19
23,22,31,40,48,57,5,12,4,61,62,3,47,56,35,21,33,34,25,24,46,0,17,30,52,63,36,54,50,8,42,60,32,10,38,27,20,18,14,28,53,59,41,55,39,29,43,9,58,11,2,45,15,6,26,19,1,49,44,37,51,16,7,13
62,60,58,0,5,31,18,52,61,55,63,4,9,38,51,50,47,39,25,44,48,23,45,1,24,30,37,6,8,33,57,54,35,28,11,40,29,19,42,34,41,27,46,36,53,15,12,3,13,14,32,20,49,2,22,26,59,43,16,21,7,17,10,56
30,43,7,50,8,56,13,36,9,51,54,29,14,15,59,12,18,6,16,47,37,1,33,49,40,62,4,5,60,34,61,32,11,35,52,63,31,24,25,10,0,28,26,58,42,45,53,27,23,41,48,3,22,17,20,46,57,55,2,21,19,38,44,39
55,57,29,59,43,8,54,0,49,23,28,40,53,13,5,34,62,19,16,6,42,14,3,50,21,1,58,48,24,32,60,11,38,45,22,17,15,9,10,41,46,35,61,7,25,30,63,33,51,36,39,4,12,2,26,18,47,37,44,56,31,20,52,27
33,22,4,40,41,23,14,12,17,28,13,7,36,8,21,24,2,11,60,3,42,62,32,63,55,5,50,25,9,15,39,47,59,16,35,43,37,57,19,27,1,49,51,58,20,0,30,52,46,6,18,26,34,48,61,29,56,10,38,45,53,31,54,44
29,12,32,30,1,13,38,48,36,45,5,8,58,31,15,56,35,54,25,52,59,2,0,40,7,21,3,11,57,27,16,42,19,39,43,62,34,61,10,49,60,28,53,44,46,17,55,22,63,24,6,41,23,9,18,50,51,26,20,37,4,47,33,14
57,53,1,18,38,50,49,44,48,19,21,7,20,8,33,22,62,0,15,12,29,47,36,58,56,42,45,16,63,40,10,5,17,39,6,24,30,51,31,60,28,25,43,2,4,23,9,11,52,59,34,3,27,32,54,41,13,55,26,35,61,37,14,46
33,58,26,62,0,54,11,53,45,27,47,31,41,55,39,34,16,13,56,48,59,15,63,30,29,8,32,10,51,57,5,46,18,19,22,24,52,6,60,61,1,21,12,49,25,3,7,50,2,44,42,4,35,17,23,43,37,36,14,28,9,40,38,20
44,2,55,8,50,32,7,51,33,15,24,58,28,20,53,4,10,43,35,25,45,21,1,17,34,18,12,48,29,41,63,46,26,47,40,31,13,27,37,49,0,6,39,30,16,5,52,59,23,36,9,11,38,61,22,62,57,19,60,56,14,42,54,3
62,21,35,28,59,56,60,58,26,27,3,53,18,11,10,20,23,44,42,50,24,41,51,31,8,19,61,13,38,47,25,33,0,22,52,1,2,63,17,37,48,32,45,34,54,40,15,14,30,4,39,12,5,9,49,7,6,43,36,29,55,46,16,57
43,28,11,6,29,8,31,13,34,3,15,0,4,1,32,61,7,2,53,54,22,14,33,49,55,48,50,60,25,24,26,47,52,51,42,16,45,19,57,20,17,27,30,41,44,39,12,36,38,9,10,23,62,37,56,58,21,35,46,40,5,59,63,18
6,24,57,38,58,61,28,41,22,50,59,44,48,53,31,60,16,19,56,42,8,3,0,55,35,23,63,47,46,32,5,15,11,20,1,45,10,21,13,40,43,36,2,29,27,7,30,51,18,26,54,39,17,62,52,4,37,25,33,49,12,9,14,34
3,22,53,17,16,5,43,44,35,45,37,0,30,12,26,42,13,51,14,34,25,1,11,39,50,48,59,7,28,36,10,24,54,49,58,57,19,60,63,61,38,52,21,47,40,56,2,55,20,32,15,31,4,41,23,18,6,27,46,62,9,29,33,8
27,8,45,42,25,19,2,9,20,4,24,57,17,63,11,48,56,40,0,60,10,50,23,47,29,52,37,26,44,46,22,1,33,12,7,16,49,6,31,59,3,58,30,32,34,54,53,14,13,39,21,18,28,36,43,15,62,35,38,51,55,61,41,5
46,56,20,58,44,53,50,11,23,10,34,37,63,38,62,4,40,55,3,25,51,12,26,47,30,14,22,57,0,1,43,39,54,45,59,24,35,60,27,29,52,21,2,17,7,33,19,41,6,28,61,48,9,42,16,32,15,36,13,5,18,31,8,49
22,36,54,61,11,21,3,8,19,55,56,33,32,40,59,31,10,48,28,17,37,18,14,43,46,42,13,12,45,63,34,49,30,52,29,5,27,58,24,16,39,1,25,38,26,2,9,4,41,50,60,0,57,53,47,51,23,20,44,35,62,6,7,15
19,23,11,22,59,53,2,36,50,12,37,10,34,61,5,58,17,62,13,60,38,18,45,16,57,8,42,31,54,20,55,3,1,27,28,0,14,41,40,15,4,35,7,52,9,29,44,39,32,43,26,63,49,6,24,30,47,46,33,21,51,56,25,48
24,36,13,50,27,17,55,40,14,11,59,29,19,8,60,34,63,39,46,49,18,33,26,62,41,44,53,37,52,6,43,10,23,57,47,21,35,61,51,3,38,30,48,45,15,28,7,2,12,20,32,0,56,42,54,1,31,4,16,22,9,58,25,5
49,50,8,6,27,12,28,15,13,56,10,47,53,9,31,21,46,33,43,3,35,63,36,37,22,32,19,14,34,60,40,0,7,5,54,42,59,55,30,16,17,51,4,38,29,41,58,48,11,23,61,44,62,1,25,2,39,20,57,52,24,45,18,26
36,16,53,34,1,21,5,32,19,45,2,44,17,62,42,13,7,37,40,63,12,33,43,27,28,60,29,22,31,50,10,0,3,11,26,48,18,38,8,57,20,49,56,23,25,9,54,58,30,39,47,55,6,51,24,46,4,61,35,15,41,59,14,52
62,47,31,54,21,13,55,4,60,49,5,7,50,16,37,12,46,35,10,34,9,0,2,53,15,19,11,25,56,14,61,27,17,44,41,45,59,52,8,3,32,28,29,30,36,48,43,26,38,23,6,24,40,20,33,57,58,18,42,1,22,39,51,63
33,46,61,36,20,26,27,10,18,52,44,25,63,30,55,3,35,49,45,54,4,39,0,28,57,60,58,42,51,59,31,38,7,48,53,17,2,40,15,32,47,41,9,16,34,6,24,11,37,50,12,13,23,56,14,1,22,5,29,43,21,19,8,62
57,60,13,11,47,21,38,26,15,1,54,62,44,6,20,31,51,22,7,30,46,23,0,27,63,50,52,34,16,41,8,33,12,49,39,19,5,3,59,40,29,28,25,9,37,58,42,35,53,10,55,45,43,56,18,24,14,17,61,2,48,4,32,36
13,11,25,63,30,1,35,16,7,14,42,62,61,2,43,5,57,53,4,6,23,20,12,54,27,47,58,33,8,59,46,55,29,3,31,21,38,9,32,48,40,56,17,51,19,36,34,39,50,18,41,15,10,44,24,26,0,22,37,60,49,45,52,28
12,25,14,34,23,52,45,32,50,19,43,13,54,29,26,49,9,63,35,40,57,10,53,33,62,46,7,8,30,3,41,38,39,6,48,60,36,58,44,55,17,56,11,59,42,16,18,37,0,15,1,47,31,27,5,21,22,4,24,2,28,51,20,61
39,60,4,9,14,38,36,47,1,16,54,19,29,2,50,13,25,55,61,40,12,45,10,24,21,52,41,27,31,22,8,18,15,42,17,58,5,30,63,37,62,7,32,6,20,33,0,23,3,49,11,46,48,26,44,43,53,35,51,59,56,28,34,57
17,14,25,1,27,37,4,7,31,49,13,44,43,16,60,41,30,38,8,12,58,55,48,0,63,5,62,50,24,2,34,46,22,11,40,45,56,36,59,3,54,15,47,19,52,57,18,26,35,23,21,39,29,32,53,9,6,28,51,42,10,20,33,61
50,48,28,24,34,62,44,41,25,16,21,22,60,0,53,54,45,7,20,63,6,38,47,9,43,51,46,2,23,57,49,42,58,26,10,19,37,11,17,55,8,33,14,31,52,13,30,29,5,40,3,27,35,15,59,39,56,1,61,18,36,12,32,4
23,3,38,60,21,54,62,26,49,61,63,41,58,2,9,4,30,12,46,42,36,39,57,10,32,47,50,37,8,19,52,13,51,0,33,18,28,25,59,55,22,44,56,6,16,29,27,35,40,48,43,7,31,24,20,17,11,5,45,34,53,1,15,14
7,55,15,13,11,52,41,34,58,54,6,28,14,40,56,50,4,33,31,1,29,62,25,36,22,60,61,9,45,46,38,24,44,26,53,30,0,43,42,47,20,32,12,49,23,39,17,10,37,8,51,57,5,19,3,59,27,2,63,35,16,48,18,21
61,0,2,44,22,15,25,20,55,49,59,58,11,27,50,53,42,16,6,36,46,39,7,52,35,57,38,48,54,24,33,32,17,60,40,10,34,37,28,5,4,21,3,30,29,14,31,56,18,19,43,51,41,63,23,12,1,45,8,26,13,47,9,62
62,32,0,43,36,20,38,28,30,53,29,25,13,51,40,56,7,52,3,33,26,34,57,9,10,39,42,46,8,45,47,1,2,18,4,61,14,21,55,59,27,60,63,17,12,44,58,50,6,15,19,35,41,54,16,37,48,31,24,11,23,5,49,22
36,23,39,47,44,12,4,37,34,53,7,20,33,54,26,52,8,32,48,13,21,11,10,14,22,25,19,41,62,18,27,45,6,3,46,17,56,57,55,16,24,0,2,59,60,38,35,29,42,40,9,58,30,49,15,63,61,51,5,31,1,43,28,50
63,36,1,57,22,33,4,50,32,45,62,23,47,40,58,17,6,44,14,55,3,13,5,29,61,42,43,31,38,28,16,39,26,19,52,18,12,53,30,0,2,11,37,24,41,7,9,56,25,15,60,49,27,8,59,35,46,21,54,48,34,20,51,10
50,39,9,0,25,24,41,3,13,2,29,53,22,51,62,1,48,26,20,44,54,37,52,12,42,5,30,8,61,23,58,47,59,6,27,46,34,4,36,11,16,33,56,43,28,18,49,14,45,38,40,32,31,7,21,10,35,17,63,19,60,57,15,55
6,3,27,28,25,30,53,38,42,0,48,26,46,35,43,29,10,34,47,13,62,49,56,31,36,4,1,11,40,9,51,21,15,32,14,12,8,44,22,58,5,50,57,63,17,16,23,60,41,45,2,7,19,37,59,20,33,61,39,18,24,54,55,52
60,58,3,56,17,50,33,38,18,8,24,52,46,27,1,22,57,37,25,15,63,30,51,54,41,47,31,40,32,23,5,9,42,16,19,20,34,36,11,45,39,21,43,0,53,6,28,13,44,10,61,7,62,12,35,2,48,59,4,14,26,49,29,55
40,39,54,18,0,53,7,43,60,5,24,47,31,42,2,14,30,27,52,35,15,50,10,62,1,3,48,56,13,51,38,55,41,6,17,37,19,32,58,12,34,26,4,59,49,21,28,63,9,16,61,44,11,45,25,46,8,23,22,57,20,33,36,29
51,38,13,1,31,11,41,32,36,22,19,18,8,44,58,5,55,34,2,16,63,59,9,15,45,12,29,25,0,30,14,53,60,42,10,40,26,35,43,57,49,24,21,52,27,23,47,48,7,20,37,33,6,56,17,39,46,62,54,28,50,3,4,61
24,38,28,26,39,0,59,29,52,5,37,2,57,40,1,15,3,23,44,63,42,17,60,47,8,9,32,4,62,25,54,12,55,56,7,11,19,33,50,43,46,6,18,34,31,13,49,35,51,22,14,58,41,21,36,16,10,61,45,20,48,53,27,30
48,8,57,12,7,4,47,61,51,28,36,21,20,22,37,17,59,45,30,23,18,11,33,54,6,3,5,62,13,32,26,53,35,43,58,63,0,56,38,19,34,15,40,44,1,46,50,2,9,39,55,25,41,49,10,42,24,60,52,16,14,27,31,29
24,36,35,17,51,46,0,30,60,48,5,43,22,41,61,2,57,58,31,19,8,39,29,6,42,53,15,37,11,9,50,44,52,10,47,4,18,28,38,63,40,45,23,7,21,13,56,27,55,62,14,54,12,25,20,59,3,16,33,34,32,26,1,49
40,54,59,26,35,30,24,21,10,52,32,16,57,34,2,28,63,56,38,58,23,60,39,51,14,17,13,29,20,44,62,11,43,45,0,49,61,46,27,48,37,42,50,15,1,5,41,31,25,8,55,33,22,19,4,7,3,9,36,6,12,47,18,53
2,31,9,10,51,36,53,33,39,46,40,29,60,58,44,21,26,18,11,4,43,30,24,25,57,45,41,49,47,1,54,61,56,13,34,0,5,48,12,15,32,37,8,42,23,52,7,22,28,38,50,55,27,19,35,17,20,63,16,59,14,3,6,62
54,2,40,11,60,18,24,36,15,30,38,62,55,9,22,59,31,45,13,37,42,39,53,49,52,20,6,10,3,26,34,46,5,16,29,27,0,57,14,51,48,8,35,19,58,25,47,21,56,28,1,23,61,33,44,50,63,41,7,43,17,12,4,32
39,21,46,47,33,60,10,32,36,34,40,11,0,37,52,51,5,12,41,55,43,8,23,58,61,24,35,13,53,49,62,27,38,30,59,1,63,16,19,44,3,15,57,20,31,45,28,54,50,42,14,17,7,56,25,22,48,2,9,29,26,18,4,6
52,34,53,25,13,35,38,14,23,11,31,63,58,15,49,54,55,0,59,2,39,26,8,16,60,45,41,62,32,50,5,42,24,37,4,33,27,61,57,44,22,6,19,1,28,29,20,47,48,17,21,51,3,7,46,43,30,40,56,10,36,12,9,18
63,2,43,20,51,58,4,24,54,46,12,61,60,10,15,48,1,57,56,32,37,25,49,62,28,6,9,11,16,53,21,47,40,50,42,31,22,52,19,27,30,23,0,34,39,45,14,7,33,59,36,3,41,5,29,38,44,8,55,18,13,17,26,35
44,19,49,17,31,45,53,48,11,10,26,9,37,15,35,22,47,21,56,13,60,59,32,41,28,40,12,0,30,24,54,42,58,18,3,8,23,50,2,1,38,16,29,7,27,43,62,36,34,52,39,4,63,46,6,20,61,33,55,57,14,5,25,51
10,52,48,2,57,31,45,47,42,1,13,39,12,5,30,41,54,62,24,15,0,36,27,40,19,6,16,25,37,22,11,38,59,51,53,55,18,23,61,49,46,44,58,28,50,35,60,26,21,17,43,56,14,63,20,8,29,34,32,7,3,9,4,33
39,62,25,28,12,33,57,30,51,36,55,47,53,29,46,40,22,10,59,20,18,32,31,13,54,6,49,23,4,16,8,50,56,9,15,45,37,5,2,35,3,63,24,48,34,44,1,38,52,61,17,41,43,26,21,27,0,42,19,11,7,60,14,58
55,31,27,38,10,15,6,25,13,39,60,43,28,48,26,56,52,37,36,2,47,18,17,30,0,9,32,54,62,46,50,40,1,59,61,63,35,20,29,8,53,14,22,21,24,11,4,49,33,23,7,34,58,41,5,19,12,57,44,3,42,45,51,16
51,60,49,13,50,36,54,55,46,33,16,28,1,15,22,34,3,30,6,2,18,5,4,37,43,53,0,26,12,31,32,9,58,11,10,61,25,8,41,62,7,57,63,27,39,47,24,44,48,14,42,38,29,21,23,20,56,40,19,52,35,17,59,45
63,3,53,52,6,58,31,43,54,33,7,38,32,34,0,11,48,60,5,17,10,27,30,49,50,8,62,21,35,47,42,29,16,13,59,22,61,2,12,26,57,40,24,44,46,1,37,55,23,20,14,18,41,56,36,15,25,9,4,28,19,45,51,39
41,33,10,58,3,0,2,24,62,16,35,47,48,26,37,15,61,18,55,21,17,38,63,28,13,49,46,31,34,12,42,4,39,30,20,40,1,52,60,19,50,9,56,27,32,51,5,14,22,6,59,54,53,7,36,57,45,43,44,23,29,8,25,11
12,45,60,36,11,7,26,53,44,25,17,62,46,52,61,16,63,31,41,47,3,1,42,27,43,33,37,38,14,49,19,29,23,21,39,24,30,5,32,10,57,20,2,22,0,40,8,15,56,35,28,18,13,48,9,4,54,51,50,59,58,55,34,6
16,23,63,31,22,5,4,47,40,2,45,10,21,12,51,50,0,38,60,49,43,17,6,61,26,18,20,14,34,13,11,53,41,57,56,8,48,42,19,37,29,25,39,1,15,35,28,54,7,36,27,59,32,33,44,46,30,58,55,3,62,52,9,24
6,42,43,58,32,15,22,31,16,14,56,11,2,52,39,3,54,17,57,33,23,28,44,27,18,36,4,59,34,1,0,53,12,62,51,10,8,55,38,61,26,46,50,37,25,24,41,19,63,30,7,35,49,29,13,40,48,9,47,60,5,21,20,45
47,59,60,41,46,30,26,8,16,9,38,44,21,4,19,0,29,58,63,55,13,28,31,24,17,7,56,5,3,51,34,54,11,10,43,2,20,23,18,22,37,48,32,36,40,6,53,42,33,49,57,15,27,52,39,12,14,61,45,50,35,25,1,62
52,41,45,62,13,14,32,15,18,22,43,61,51,21,12,17,10,46,28,35,30,47,37,24,36,56,11,34,2,3,5,40,54,7,16,29,44,55,33,39,23,27,6,25,50,57,42,20,38,63,4,59,31,53,19,0,1,58,60,49,48,26,8,9
36,4,35,53,3,19,2,24,9,56,60,46,43,33,12,38,30,15,40,42,52,23,10,7,27,20,8,22,34,31,5,61,16,48,6,58,49,41,37,18,45,57,17,28,14,55,1,44,62,63,47,51,32,54,13,29,39,0,59,50,26,21,11,25
17,54,27,50,53,20,63,22,32,61,56,25,30,52,23,14,4,58,59,15,34,33,37,12,62,36,28,55,46,13,0,3,2,60,43,24,9,42,18,21,48,39,45,16,10,49,7,47,35,57,5,8,19,40,26,11,44,29,6,51,38,31,41,1
22,16,38,12,24,4,3,52,59,36,28,39,15,46,47,5,26,40,1,19,30,11,50,31,21,27,25,32,17,62,37,45,29,53,44,20,58,35,48,6,8,9,14,54,61,13,43,49,33,42,55,51,7,23,2,10,41,57,18,0,56,34,63,60
18,63,0,17,4,15,12,52,19,33,14,13,5,59,40,62,46,25,1,30,38,7,61,36,48,56,53,22,10,60,32,9,34,54,51,31,41,29,57,6,8,58,55,11,37,35,2,45,42,43,44,3,21,50,20,27,47,23,24,16,39,28,49,26
49,23,59,28,18,21,17,14,1,25,35,2,43,39,61,58,51,36,10,47,26,37,20,45,50,46,8,13,12,32,22,62,19,27,44,38,0,63,41,3,24,42,29,30,15,4,55,11,6,60,40,9,48,33,31,54,53,7,56,34,5,57,16,52
45,54,19,38,1,17,15,12,42,6,61,29,49,63,24,5,4,30,27,3,41,47,58,22,10,2,53,8,37,46,20,39,33,34,13,7,21,26,32,11,50,18,14,31,62,9,40,28,44,43,25,59,52,36,35,23,48,16,55,57,56,51,60,0
45,1,49,34,5,38,30,43,17,6,54,23,51,31,22,42,40,63,20,53,36,62,3,14,0,21,58,7,35,8,27,52,46,57,56,47,48,25,55,28,41,19,16,11,18,13,50,60,15,26,33,9,10,32,24,37,59,4,39,12,44,61,2,29
61,46,63,42,3,19,58,20,54,39,6,53,36,59,13,56,17,32,1,7,22,51,8,35,50,43,31,14,37,60,47,34,9,30,25,45,18,57,15,28,0,26,16,29,23,49,27,52,41,5,44,55,40,48,24,38,4,12,2,62,11,33,10,21
43,24,62,49,0,3,46,21,7,52,16,57,6,23,12,58,63,1,41,44,51,35,28,33,10,5,56,27,18,36,42,9,38,25,22,34,11,59,19,29,40,8,30,61,48,47,53,13,54,15,14,39,2,20,31,32,37,26,60,4,55,50,17,45
22,36,35,13,28,8,21,58,10,55,30,44,60,33,47,1,34,0,53,26,57,37,31,6,46,25,7,17,63,45,3,32,4,56,52,61,50,9,59,27,19,5,54,48,62,51,12,39,43,29,18,42,15,14,16,23,49,11,20,40,24,2,41,38
39,47,38,42,15,12,62,10,56,35,30,37,4,44,25,41,43,29,32,23,60,28,48,33,1,55,51,53,19,50,9,40,58,17,8,36,2,22,0,54,46,45,59,3,6,57,27,61,31,5,21,52,13,20,34,11,49,26,63,24,14,16,7,18
23,17,55,61,63,39,44,4,8,10,35,45,28,7,3,20,34,47,37,19,2,27,30,15,6,50,0,56,31,57,9,13,43,58,18,33,51,11,14,53,21,38,5,40,1,36,26,24,25,60,29,59,49,46,42,12,32,41,62,16,48,22,52,54
15,52,7,51,2,10,48,54,25,34,13,36,4,27,40,39,1,9,11,55,19,17,43,57,6,38,56,8,5,53,63,30,14,58,35,16,62,44,0,3,32,24,22,21,49,31,20,37,50,61,23,41,33,45,59,26,46,29,28,47,18,12,42,60
63,45,50,34,44,58,38,59,35,60,3,31,32,54,40,47,1,8,56,62,18,25,24,49,33,11,4,19,6,22,14,43,36,53,61,20,42,21,27,39,17,0,7,57,30,37,12,29,13,46,26,52,16,9,55,10,51,2,48,41,23,15,5,28
34,56,12,58,20,54,35,37,39,11,44,2,41,43,22,47,61,31,57,28,55,30,51,7,46,19,32,14,21,3,52,63,40,49,10,5,6,38,13,50,27,33,45,25,53,42,48,4,62,8,60,0,23,16,36,17,59,18,24,1,9,29,26,15
14,1,25,19,8,13,29,31,56,42,45,55,40,12,0,37,60,16,7,32,28,33,21,34,5,44,9,63,11,47,52,2,4,50,36,59,18,46,30,6,17,61,15,23,38,10,49,3,48,22,24,26,51,20,27,41,43,57,62,53,54,39,35,58
32,51,27,33,36,2,59,21,34,49,61,25,17,10,6,19,62,3,14,57,55,43,8,22,44,35,38,41,4,39,12,11,46,20,37,48,42,5,45,23,16,1,0,56,63,13,7,24,18,9,30,26,40,28,60,53,29,31,50,54,15,52,47,58
54,23,36,3,8,7,32,30,33,20,24,38,63,60,41,26,31,45,46,21,44,51,12,10,50,43,34,16,42,58,39,52,37,17,27,0,55,56,48,49,61,18,19,15,13,40,9,25,29,57,22,6,11,59,14,35,2,53,4,1,5,62,28,47
11,34,12,40,62,24,4,52,13,18,30,47,42,55,8,29,6,41,61,1,45,28,33,58,37,53,60,56,9,44,21,5,46,15,35,39,57,63,27,0,2,49,31,36,43,14,17,48,59,19,23,16,51,26,50,54,7,10,20,3,22,38,25,32
15,62,19,35,33,40,60,16,52,45,48,7,53,20,3,50,5,38,22,30,61,55,37,44,24,39,11,4,6,29,46,47,0,54,59,42,28,17,41,13,26,36,10,31,18,49,14,23,25,32,51,2,43,12,57,58,34,8,21,1,56,9,27,63
28,30,5,33,50,1,45,6,22,27,32,29,42,62,0,38,43,34,21,59,19,14,41,3,53,39,56,15,20,47,57,10,13,63,24,52,51,36,61,18,54,31,2,17,7,11,12,55,58,23,60,4,37,44,26,16,48,40,8,46,35,9,49,25
44,41,53,4,52,9,10,43,40,14,18,32,37,29,48,61,54,5,39,23,30,63,57,22,19,25,15,16,56,36,26,42,12,47,6,11,8,51,17,55,62,3,38,31,45,49,35,7,24,33,28,27,58,13,21,34,2,0,20,50,1,59,46,60
0,8,12,60,63,39,57,7,62,19,2,41,34,32,14,52,20,18,5,53,22,30,24,15,27,1,28,54,56,36,44,23,48,16,43,35,9,31,13,46,37,29,40,4,42,47,33,55,61,17,6,58,45,10,26,11,51,3,49,38,59,21,50,25
33,49,53,59,15,48,31,41,2,61,46,42,56,13,30,60,1,50,40,10,55,27,54,37,62,34,3,0,20,6,35,39,26,17,43,36,25,57,23,9,11,14,4,51,28,63,44,58,12,22,45,47,38,8,32,21,24,29,52,16,19,5,7,18
52,1,19,14,20,26,50,10,0,22,51,48,32,54,21,33,12,34,25,42,18,2,5,43,41,45,6,9,16,15,40,63,24,7,46,27,55,35,62,31,8,39,47,23,60,56,4,11,30,28,44,3,57,17,61,53,29,36,59,49,37,58,38,13
18,38,58,4,53,27,7,54,0,39,62,9,24,50,52,30,47,44,40,10,59,1,23,60,34,46,61,22,28,17,45,56,41,63,13,26,36,16,14,8,49,43,15,55,20,29,12,51,31,35,6,11,21,37,57,3,19,48,2,42,25,32,33,5
55,57,30,32,4,46,28,39,7,42,14,59,50,40,12,49,11,36,29,22,41,54,2,20,34,44,18,26,62,5,60,53,56,9,27,52,0,13,8,1,10,33,19,43,23,37,45,25,38,47,58,35,21,6,24,15,48,17,3,16,31,63,51,61
11,6,41,0,52,34,35,24,37,57,2,56,50,15,29,32,23,7,20,5,47,18,55,53,63,51,10,25,14,9,46,30,58,4,13,33,36,61,54,26,48,28,22,31,42,44,60,40,1,27,16,45,38,17,21,59,8,19,49,39,62,3,43,12
38,41,61,13,47,56,60,20,40,39,10,28,43,33,31,2,1,15,4,22,25,29,17,48,3,55,54,14,21,63,34,26,50,9,23,52,53,19,46,8,6,58,44,57,16,27,35,32,49,42,0,18,51,62,5,59,37,36,45,11,30,12,7,24
18,44,34,28,30,7,5,53,31,37,57,8,46,17,54,27,16,29,14,10,35,25,6,39,61,23,41,20,62,22,1,42,26,33,2,63,40,59,47,21,36,60,48,50,12,56,24,4,58,0,32,52,15,13,51,9,49,55,38,19,45,3,43,11
45,63,43,61,50,2,30,6,9,37,47,52,49,19,55,24,31,12,36,16,20,32,53,41,34,14,17,33,26,42,39,29,25,15,28,18,8,54,56,27,5,4,35,13,11,0,21,22,48,62,58,59,51,10,23,46,38,40,7,60,57,3,1,44
25,51,15,45,33,57,29,26,19,48,40,7,2,62,50,30,37,44,1,9,11,14,59,22,4,41,47,5,34,58,39,52,56,38,27,24,32,17,8,42,10,0,13,55,46,3,36,60,35,53,61,63,28,31,49,6,12,21,18,23,54,43,20,16
6,56,34,40,50,33,59,21,52,61,63,58,7,48,53,20,41,11,17,18,36,43,60,23,15,14,39,51,38,37,3,2,4,10,32,35,46,31,22,57,16,1,9,25,0,45,44,42,12,8,62,26,54,19,5,29,55,28,27,49,30,24,47,13
31,26,33,5,35,57,62,22,30,46,50,52,7,36,11,29,28,53,16,2,58,8,18,3,60,39,9,45,0,42,13,10,37,38,34,44,21,59,47,48,14,12,17,6,27,43,54,32,19,4,55,24,23,49,63,56,1,25,51,41,61,20,15,40
47,53,13,3,45,63,54,62,48,46,7,38,11,28,32,30,39,36,19,35,57,55,29,44,51,17,21,61,18,2,6,42,5,37,22,1,14,10,0,15,4,20,26,43,16,60,49,12,8,58,50,31,27,59,52,33,40,23,25,34,56,41,9,24
38,55,61,37,10,2,31,58,26,16,27,25,39,53,17,46,51,20,60,62,9,18,1,63,57,59,0,50,19,22,47,12,32,29,4,56,11,41,24,42,30,54,43,49,48,7,34,14,6,8,21,44,33,13,52,45,3,5,28,40,15,36,23,35
20,18,61,43,19,23,4,21,52,24,53,13,62,5,30,0,48,55,9,6,59,28,57,35,10,40,3,15,25,49,42,1,41,7,2,45,32,60,11,26,50,12,14,37,58,22,27,29,39,17,47,31,54,8,34,63,16,51,33,46,36,56,44,38
23,52,56,53,2,22,10,47,29,25,17,13,24,32,37,0,35,38,34,7,8,36,54,30,40,20,44,1,19,28,9,27,45,15,60,12,59,51,63,49,48,5,57,46,61,39,43,21,3,62,4,55,33,11,50,16,41,31,18,14,6,42,26,58
8,36,9,26,12,61,7,56,29,37,15,53,1,0,19,50,11,47,58,30,59,41,28,49,62,20,51,43,48,21,4,35,3,2,57,5,27,32,14,45,31,38,42,60,18,13,44,10,24,55,33,39,22,34,23,40,16,6,52,54,63,46,25,17
57,36,14,18,5,23,27,61,53,6,30,7,32,10,58,26,1,12,0,51,3,56,37,44,40,17,63,59,11,31,42,28,2,25,43,52,49,29,62,22,13,4,50,35,24,34,41,9,60,46,19,15,47,54,33,55,21,48,16,39,38,45,8,20
7,4,25,11,60,20,42,59,49,16,31,34,3,9,46,51,37,18,10,8,24,0,29,56,53,33,2,50,47,39,14,19,22,26,54,15,44,57,52,1,32,58,61,41,6,63,38,21,27,30,5,36,12,45,23,13,40,28,43,48,17,55,62,35
63,7,59,48,9,29,54,24,40,47,18,21,56,17,42,33,52,55,43,5,50,38,19,62,20,51,23,1,57,30,61,10,12,60,25,36,3,0,34,26,41,14,39,49,44,31,4,35,37,8,58,46,28,11,32,13,22,2,15,27,6,45,16,53
58,9,5,35,17,48,53,40,24,32,4,38,56,33,45,46,34,42,8,26,1,3,52,51,63,41,22,6,31,55,61,37,23,16,14,43,60,20,10,57,39,47,54,28,12,21,13,50,49,62,15,2,18,0,29,30,27,44,25,59,11,7,36,19
39,60,3,9,26,13,28,18,53,41,20,56,7,54,52,12,49,40,22,38,19,51,50,24,0,45,47,48,59,5,31,57,42,4,11,14,8,61,63,16,29,43,34,58,44,35,10,32,55,17,33,23,46,1,6,15,2,27,30,25,36,21,62,37
43,33,62,38,21,18,32,34,1,35,6,61,36,57,39,54,5,20,56,37,31,47,9,3,17,8,16,41,25,51,19,29,10,14,26,2,55,59,15,45,44,22,30,40,24,27,49,63,48,12,28,7,13,23,46,42,11,52,50,4,58,60,0,53
56,53,24,30,31,16,13,22,35,6,18,46,3,2,20,43,23,8,29,39,19,14,48,26,51,54,52,4,42,28,10,44,27,32,47,45,0,7,50,17,58,1,36,57,33,37,59,11,21,40,9,61,25,38,5,41,34,55,12,62,49,15,63,60
9,55,27,15,59,0,3,53,60,56,25,44,51,16,12,62,33,32,23,8,50,4,14,10,18,26,28,61,45,6,57,35,41,52,19,42,37,20,36,43,58,21,34,38,40,29,13,2,7,47,5,63,49,48,39,31,24,30,17,1,54,46,22,11
4,49,17,22,47,45,1,60,14,50,24,34,61,41,62,20,53,18,30,27,8,54,40,6,36,31,43,33,11,48,39,55,3,0,7,21,2,42,25,32,56,19,28,52,59,35,12,13,29,38,16,10,46,57,5,51,26,23,9,37,58,15,63,44
10,56,14,26,53,49,23,18,44,24,12,27,2,60,1,45,28,63,54,31,21,5,39,4,3,52,15,41,11,20,51,9,7,30,37,29,58,57,33,8,61,34,17,46,59,25,36,42,48,55,0,6,50,35,22,38,62,16,47,40,13,19,43,32
41,37,29,15,46,53,50,40,55,26,4,33,54,23,34,45,49,7,12,31,22,38,3,56,39,5,57,42,28,24,14,1,32,0,10,62,25,6,48,16,36,51,13,8,61,19,47,60,44,58,63,18,11,20,43,9,52,59,27,21,2,30,35,17
47,48,37,42,11,43,15,4,62,63,27,44,40,17,34,57,6,41,54,36,23,28,22,25,46,50,20,33,2,18,7,13,45,61,8,38,19,59,49,1,51,53,30,24,14,16,32,12,26,52,21,0,58,10,60,31,5,56,35,3,29,55,39,9
53,60,63,14,6,36,17,1,22,5,24,16,9,18,62,7,46,20,52,34,2,27,37,13,0,29,48,19,49,21,38,58,11,12,44,35,50,39,30,41,4,59,51,33,55,15,54,43,3,26,32,56,23,57,10,8,40,61,31,45,47,28,25,42
20,10,54,7,50,34,42,0,38,28,19,13,2,62,44,17,4,39,37,11,8,46,14,47,40,26,41,59,6,25,23,32,16,31,12,24,55,61,45,33,18,22,35,36,15,43,60,30,29,21,57,9,5,58,56,3,48,53,63,51,49,1,27,52
2,53,33,24,39,3,47,50,41,45,63,10,4,44,59,56,60,25,12,27,14,51,5,61,38,28,18,6,16,58,40,1,35,43,22,13,31,30,57,52,36,49,62,54,21,34,48,20,32,11,17,9,7,26,46,42,29,8,19,55,0,37,23,15
34,47,27,35,21,26,6,56,52,29,12,11,36,59,24,16,58,32,39,9,15,25,43,20,49,2,57,40,45,28,61,30,42,10,4,48,1,38,63,51,5,60,17,55,46,23,33,62,18,53,37,8,44,19,41,14,7,13,31,50,3,0,22,54
9,29,16,30,19,22,50,25,56,23,35,41,63,60,4,54,43,31,37,34,21,48,10,61,51,27,57,49,59,32,7,14,0,11,55,44,42,39,1,15,6,40,33,58,52,24,17,36,18,38,46,13,28,20,5,26,3,53,62,8,47,45,2,12
7,3,32,24,60,27,41,4,48,13,35,46,21,55,8,54,17,30,45,53,36,62,28,42,39,16,1,2,14,49,10,26,38,58,44,22,33,57,12,37,19,43,61,31,25,5,6,59,51,29,11,15,18,20,47,0,40,9,50,56,63,23,52,34
6,35,31,53,59,15,57,55,51,61,43,13,60,10,48,7,2,16,22,44,18,27,8,37,14,24,21,50,19,39,3,9,4,56,58,46,28,30,52,0,23,5,12,34,25,62,63,49,1,33,17,20,26,32,38,11,29,54,36,41,42,45,47,40
16,38,27,36,52,3,23,19,7,9,2,12,6,63,51,42,56,22,21,59,30,48,45,10,57,58,28,46,44,0,1,25,31,53,55,43,34,24,33,11,4,54,20,17,26,13,29,32,35,47,18,39,41,40,8,15,49,61,62,5,14,50,60,37
40,48,39,5,51,3,43,45,41,27,28,8,55,6,63,61,60,7,35,18,30,9,16,42,26,54,36,10,38,21,24,37,34,46,2,59,14,52,53,47,33,11,44,22,17,29,57,0,31,1,49,58,19,32,25,12,4,13,23,56,50,20,15,62
21,40,11,62,39,49,44,59,47,63,57,17,58,34,51,22,54,23,38,28,19,20,0,7,46,42,30,43,6,35,55,1,50,56,45,25,61,31,48,14,60,9,29,52,37,13,15,16,12,36,4,26,33,5,18,32,27,2,41,3,53,8,10,24
50,45,34,27,14,0,43,41,30,19,38,26,24,62,32,8,15,63,23,37,4,51,59,40,11,58,2,22,5,12,42,29,56,9,54,18,61,6,28,36,46,44,13,48,17,57,35,20,49,10,39,7,21,25,60,1,52,55,16,47,3,53,31,33
32,21,40,42,39,3,48,24,18,31,5,12,43,59,2,11,20,4,38,23,58,9,56,52,34,53,49,33,26,60,8,29,17,25,28,16,30,1,41,55,54,0,15,19,13,50,46,47,45,36,35,62,44,51,6,27,7,61,37,22,10,14,57,63
35,39,19,41,27,36,8,21,50,31,56,24,0,26,11,49,45,15,33,4,29,16,14,37,3,20,61,54,17,60,30,44,55,25,48,38,51,34,58,1,62,57,9,46,13,52,18,5,63,28,6,2,23,10,53,47,43,12,7,42,22,40,59,32
1,3,40,49,56,20,58,55,21,17,54,15,22,38,28,57,46,7,48,37,9,12,36,44,31,8,34,5,45,26,51,2,59,6,13,43,29,35,33,14,18,24,60,62,19,47,39,25,53,23,11,32,16,61,50,63,27,10,52,0,30,41,4,42
37,56,10,59,26,33,6,47,63,55,11,61,25,29,35,48,60,51,62,38,40,1,54,57,49,2,45,18,0,7,16,3,53,43,27,32,19,36,20,44,9,14,28,17,46,24,34,12,15,52,5,50,41,23,13,4,39,21,30,31,42,22,58,8
44,34,38,8,62,5,63,36,9,19,23,37,47,35,40,1,20,18,48,42,39,60,51,33,16,56,49,11,27,32,6,45,57,17,7,50,52,2,31,54,4,0,28,41,59,3,21,15,55,24,26,25,22,14,46,53,61,43,12,58,10,13,30,29
30,53,25,22,55,46,29,21,27,23,4,8,36,47,24,33,16,31,44,17,59,50,12,38,6,35,18,63,20,9,61,57,39,52,7,5,15,11,3,28,45,13,2,42,32,1,34,10,48,54,40,37,58,62,51,60,56,0,41,26,14,19,43,49
44,28,33,12,50,11,38,30,26,54,63,57,18,15,3,49,39,7,48,23,32,19,42,21,10,6,16,52,59,61,31,45,25,46,29,14,53,47,41,27,35,40,51,8,17,55,13,0,1,62,43,37,4,9,58,56,60,24,5,20,34,2,22,36
2,43,49,0,32,45,61,54,52,4,53,29,19,10,3,5,35,38,56,51,25,28,1,23,39,6,36,55,9,62,63,7,16,46,21,13,41,27,14,37,20,33,40,50,47,59,22,31,12,8,17,60,26,11,42,58,30,48,24,44,34,18,57,15
61,23,11,37,28,42,2,4,13,36,58,34,54,30,60,29,18,1,59,50,55,26,63,47,17,46,6,31,24,8,33,40,51,14,53,16,25,5,35,9,48,3,21,56,0,22,57,20,32,27,62,39,44,7,45,15,19,49,10,41,38,43,52,12
15,4,32,62,43,12,14,44,25,37,57,54,17,18,21,13,10,31,40,1,63,16,19,24,47,41,36,50,5,52,49,30,38,2,26,3,6,22,33,23,58,39,45,42,61,29,60,48,27,28,51,20,46,55,9,35,53,59,11,7,56,34,8,0
27,16,24,2,25,11,22,14,36,51,35,3,6,59,50,56,12,5,40,33,54,39,18,9,4,21,17,48,41,28,19,10,7,23,57,32,63,37,49,29,43,34,30,38,13,58,0,44,31,1,46,15,52,55,20,60,61,26,42,53,45,62,47,8
20,51,15,30,9,8,45,5,24,1,48,43,17,19,42,63,49,41,52,60,12,11,40,2,58,3,44,57,46,31,32,29,54,35,18,47,61,53,28,55,13,0,7,21,23,22,33,38,34,27,6,36,14,39,37,16,10,59,56,25,26,4,50,62
49,3,44,46,12,54,39,41,17,0,6,40,13,1,18,26,4,45,27,50,51,32,31,62,23,38,48,25,14,52,58,57,19,60,7,55,35,43,8,42,11,63,29,30,2,33,28,47,61,20,10,22,24,21,56,9,34,15,16,5,59,37,36,53
46,63,51,62,15,55,1,24,21,32,60,34,61,8,2,43,33,3,9,7,26,53,56,49,6,39,5,30,42,41,0,50,57,31,37,35,14,23,10,28,20,18,25,19,54,59,47,13,52,11,16,27,38,17,58,29,36,4,44,45,40,22,48,12
33,0,51,49,20,9,12,8,41,11,3,29,34,16,47,17,46,30,42,50,2,62,24,7,61,58,60,32,22,21,18,27,36,26,37,56,38,14,10,15,45,28,52,31,19,39,1,4,55,59,25,44,54,23,40,48,53,13,6,63,57,35,43,5
0,12,44,2,52,58,29,28,6,4,33,54,47,10,20,11,35,36,38,53,45,23,31,17,60,15,8,59,5,42,55,46,18,22,61,51,25,13,41,19,63,1,34,37,14,48,49,43,3,32,26,16,7,30,40,56,9,21,50,39,62,27,57,24
42,35,47,18,13,30,12,7,20,25,10,39,56,37,44,27,33,54,60,26,23,0,46,52,58,53,16,4,34,31,8,14,29,62,43,32,36,1,38,45,3,40,57,63,59,19,6,51,41,50,61,48,55,11,2,17,21,22,24,28,9,15,49,5
7,41,28,54,12,14,20,56,19,62,48,42,6,26,5,35,50,16,2,60,3,13,36,63,10,45,43,17,29,24,39,34,30,51,47,31,55,37,23,11,18,8,4,21,61,59,32,44,52,49,0,22,27,33,38,58,9,53,46,15,57,40,1,25
37,5,11,23,4,55,41,22,15,35,28,46,50,36,33,44,27,51,19,29,43,7,48,10,9,24,39,31,34,14,1,38,25,58,40,3,54,8,62,18,45,53,60,0,57,32,63,47,21,61,26,12,2,17,42,16,20,49,6,52,13,59,56,30
39,62,38,53,26,27,29,5,42,44,59,17,61,19,51,10,54,49,20,12,58,35,9,45,21,25,24,18,41,52,6,15,56,34,50,11,31,4,22,46,8,60,40,43,23,2,13,57,0,1,32,55,63,37,3,7,36,14,16,28,47,33,48,30
56,5,2,24,16,26,10,21,8,37,19,43,55,47,53,27,49,39,4,13,52,33,9,14,41,51,38,61,0,3,45,11,62,20,46,23,34,22,18,6,35,31,30,17,12,1,58,42,60,32,28,48,29,7,50,54,57,15,63,44,36,40,25,59
45,57,3,62,53,2,12,21,55,58,19,0,33,50,46,30,43,37,26,22,44,54,9,25,18,16,36,6,7,34,63,39,56,11,1,32,13,31,15,8,14,35,38,23,29,20,4,10,40,60,41,48,61,47,27,42,52,24,17,59,5,51,28,49
32,10,16,30,4,13,18,58,54,2,48,57,56,5,49,1,39,21,33,35,55,37,52,26,19,27,34,17,40,36,44,51,31,29,63,46,53,50,60,59,47,3,12,42,38,7,23,8,11,25,9,62,61,45,41,20,24,14,43,22,28,6,0,15
47,60,61,0,31,5,36,53,21,2,29,33,28,56,25,24,59,39,20,26,42,10,63,18,23,14,54,12,40,62,41,45,43,51,46,3,1,9,6,37,16,7,38,22,4,30,57,48,19,58,27,8,15,50,35,32,49,55,34,44,11,13,52,17
51,38,48,53,11,23,58,54,43,40,27,30,45,1,7,59,61,14,26,35,34,3,33,52,49,4,47,5,29,32,39,42,16,62,25,41,8,46,9,50,10,20,60,19,15,18,2,37,57,28,21,56,13,12,24,63,55,22,17,36,0,31,6,44
29,55,25,33,12,24,27,32,26,6,63,41,8,52,60,42,54,14,57,47,61,46,35,53,50,19,7,11,45,13,16,56,59,40,36,0,37,31,48,43,20,39,22,18,28,17,10,9,23,1,38,44,2,58,4,21,51,30,34,15,5,49,62,3
50,54,30,57,60,12,17,33,44,28,10,29,22,61,31,1,32,56,45,3,52,48,42,24,43,6,35,53,40,14,16,8,7,38,49,26,51,34,2,19,55,62,59,25,39,4,9,58,15,11,46,20,63,21,23,37,13,27,36,5,0,47,41,18
16,31,42,9,30,21,28,27,18,35,34,54,0,52,19,7,33,11,40,44,49,17,45,5,15,56,1,12,57,13,2,10,59,26,50,24,62,46,55,61,29,43,4,25,60,51,41,48,47,8,38,63,14,32,37,3,39,22,23,53,6,20,58,36
58,36,57,20,32,48,24,1,42,30,49,43,16,21,38,5,61,31,22,63,26,45,50,8,13,2,29,35,3,56,41,52,27,6,51,37,7,11,54,34,9,46,25,19,17,55,39,53,14,10,33,28,18,0,40,12,4,59,23,60,44,47,15,62
24,57,19,50,61,54,20,15,38,62,9,43,10,1,8,11,60,55,35,48,12,25,6,36,59,21,14,26,23,0,27,49,16,53,63,3,22,44,52,58,2,30,46,32,37,56,5,7,42,4,13,17,45,51,41,33,28,47,29,34,40,31,18,39
42,34,51,37,54,36,6,56,62,10,4,43,47,15,25,52,57,14,29,55,49,44,3,18,22,60,5,33,35,38,9,28,19,0,53,50,12,24,41,32,26,31,48,13,40,45,2,20,61,30,27,58,1,59,39,7,23,63,46,21,16,11,17,8
38,56,60,53,9,33,6,23,62,14,22,48,28,59,15,32,5,39,20,10,1,8,37,2,16,7,34,30,21,24,47,58,52,25,27,46,19,3,0,44,63,31,55,26,41,35,18,13,51,29,61,42,4,17,40,49,54,12,43,36,57,45,50,11
3,32,57,23,9,2,52,42,21,40,29,41,35,14,7,25,5,11,31,38,62,37,58,51,60,10,46,47,59,26,18,63,13,39,28,15,33,17,43,1,22,20,4,24,8,50,61,0,48,27,16,45,53,6,49,36,19,44,55,34,12,56,54,30
53,25,63,47,23,8,40,1,3,38,4,36,31,14,17,10,48,2,26,22,55,11,60,20,24,12,54,9,37,21,44,19,39,52,62,46,33,15,43,29,45,51,28,16,35,7,5,13,6,27,32,18,56,34,59,42,61,49,57,41,58,30,0,50
22,33,32,5,53,55,7,59,14,45,42,48,26,31,10,28,46,60,30,3,62,47,15,13,8,63,56,17,43,24,25,12,35,6,58,27,38,2,16,36,9,51,44,21,57,39,49,18,41,1,40,34,61,29,19,37,4,54,50,0,52,20,11,23
44,58,6,25,46,2,23,40,16,36,56,54,60,0,53,18,39,48,38,21,37,29,30,62,45,28,41,42,55,52,12,9,10,31,3,7,17,32,63,4,11,51,5,33,47,15,22,35,61,34,13,1,14,27,19,49,43,24,50,26,59,20,8,57
43,31,2,25,23,61,7,60,12,1,62,59,58,16,50,26,37,63,53,24,28,3,8,32,49,30,47,40,6,35,19,46,56,33,11,10,18,57,17,20,0,15,55,29,42,13,54,21,34,9,27,5,36,52,45,22,38,51,39,4,14,41,44,48
44,46,32,1,51,15,58,48,59,3,63,13,12,26,18,36,37,45,4,21,16,7,54,49,47,30,40,35,61,24,50,33,31,53,23,22,11,39,10,60,52,56,41,57,2,6,17,19,5,42,29,43,55,0,8,20,28,34,62,25,9,38,27,14
50,36,10,11,12,45,46,13,22,25,48,49,41,19,17,53,62,0,56,16,59,4,27,26,37,24,9,18,31,55,28,61,47,52,33,14,34,30,15,35,6,7,8,57,1,2,42,20,21,40,38,32,5,23,63,39,43,29,54,51,3,58,60,44
42,28,55,21,46,54,2,56,22,34,20,4,60,15,3,49,6,31,45,19,18,47,61,32,41,33,37,23,10,63,13,1,35,16,12,40,26,30,57,24,38,27,50,9,52,14,43,53,11,29,0,36,59,5,7,44,39,17,58,51,8,48,62,25
18,33,29,51,11,49,40,47,48,31,53,17,60,52,55,22,0,24,43,38,57,3,9,27,14,12,59,19,10,20,28,39,36,45,34,37,42,41,63,6,5,16,23,46,4,13,56,7,8,30,25,44,26,50,15,32,21,58,54,2,62,61,35,1
39,56,6,44,23,38,33,20,53,59,13,1,41,58,0,34,22,17,37,43,57,50,11,63,18,42,26,28,35,40,9,52,25,16,46,19,32,49,27,12,21,62,10,30,3,36,5,14,24,2,15,51,45,54,31,60,55,8,29,61,7,47,48,4
59,2,34,10,53,12,8,13,60,4,56,27,21,63,7,24,55,57,14,33,6,46,42,19,17,39,5,45,52,1,11,47,48,49,36,18,61,40,38,22,31,28,32,51,0,20,58,30,54,44,50,15,37,23,43,9,35,29,3,25,41,16,26,62
42,33,59,41,26,14,51,10,58,38,61,28,50,19,8,37,45,44,18,22,9,21,62,56,17,43,29,0,6,40,47,1,55,11,49,54,63,46,30,12,4,57,32,39,7,5,20,48,3,24,34,2,27,60,36,35,31,16,52,13,53,23,25,15
24,63,60,5,44,4,57,42,22,62,1,26,47,20,50,61,31,55,2,15,23,9,19,43,34,8,13,18,32,45,28,40,3,35,11,38,27,52,6,51,39,30,56,58,59,33,14,0,29,7,54,41,37,12,48,36,49,25,46,17,10,21,16,53
25,32,23,28,5,6,1,26,34,62,14,56,17,51,39,60,49,13,24,9,54,44,61,47,63,18,27,30,21,58,19,57,45,20,4,36,55,12,29,48,41,15,8,22,33,53,16,11,0,7,38,43,35,46,2,31,50,52,10,40,3,59,37,42
7,60,46,41,3,39,15,45,23,59,11,13,22,32,55,5,38,61,8,25,4,57,30,36,27,10,37,35,62,54,56,26,24,1,51,20,50,40,63,9,34,49,33,28,29,44,6,12,48,17,14,42,52,19,53,21,43,47,31,58,2,18,16,0
56,13,57,24,36,2,42,7,10,47,8,60,20,11,35,59,17,19,33,15,6,45,28,9,26,49,46,21,22,32,62,51,44,12,37,31,41,29,30,25,27,48,50,52,4,53,16,54,23,38,55,61,34,58,43,1,0,39,40,63,18,5,3,14
49,10,40,20,63,42,47,35,38,12,22,13,30,55,4,1,16,32,36,60,31,53,6,7,26,62,41,45,29,50,25,14,44,11,3,9,8,5,61,56,51,52,39,24,37,15,2,28,46,19,0,18,21,43,58,59,48,34,57,33,54,17,27,23
4,37,22,60,29,3,26,40,9,17,27,63,12,15,7,31,19,59,56,18,42,49,53,55,6,32,58,41,50,23,33,61,0,45,1,48,10,2,5,21,54,44,30,38,34,11,35,52,14,16,62,20,8,24,13,43,25,51,28,57,36,39,47,46
9,30,55,13,4,6,18,39,7,36,56,23,38,22,10,54,1,42,48,40,63,24,43,37,26,59,28,45,31,29,44,16,19,61,15,35,32,5,25,11,58,14,46,20,3,8,12,2,52,21,49,53,33,62,50,51,17,34,27,47,57,60,41,0
54,63,51,33,7,13,26,45,9,28,27,32,8,50,23,48,53,52,35,2,42,57,40,49,62,34,11,44,24,6,43,47,16,37,5,0,12,17,59,4,41,30,3,56,61,31,14,22,29,58,10,55,46,39,25,18,19,38,60,36,1,20,15,21
42,15,28,23,24,57,20,14,61,52,1,48,49,16,43,53,31,27,39,10,60,55,47,6,4,25,45,34,17,63,30,33,35,18,56,22,26,58,8,54,40,13,44,32,0,62,7,2,37,21,11,29,41,19,3,36,12,5,9,46,50,38,51,59
29,34,3,7,37,41,62,56,21,0,13,30,31,52,24,10,26,42,6,15,27,12,25,45,38,55,36,58,5,57,16,2,51,44,40,19,50,48,39,11,35,17,22,33,20,43,8,32,59,4,53,49,54,14,63,60,1,46,28,23,61,47,18,9
38,32,6,4,2,3,30,61,63,47,8,0,29,12,13,58,9,40,14,16,60,15,59,36,41,1,10,20,21,48,5,35,11,7,27,54,45,34,17,26,23,53,22,56,50,37,42,25,28,52,18,31,44,19,39,46,57,49,62,55,33,51,24,43
32,38,0,33,56,9,12,16,27,52,2,42,14,6,59,30,1,22,54,17,18,35,36,41,13,10,28,48,5,49,47,43,19,15,51,3,60,57,4,50,21,40,62,39,20,26,24,37,53,55,61,44,45,7,23,25,31,46,8,63,29,58,11,34
32,35,18,1,23,27,62,44,21,5,29,54,6,3,63,60,41,0,55,56,24,9,52,10,11,39,51,22,33,40,45,30,50,26,47,13,14,43,17,42,36,49,16,38,34,2,7,61,59,20,12,4,53,25,46,8,28,15,19,58,57,48,31,37
39,10,42,7,48,63,1,16,54,26,14,9,2,23,5,0,46,57,3,6,41,19,27,17,44,40,55,25,49,58,33,52,15,8,21,43,11,30,18,13,22,32,56,50,61,37,60,36,34,12,38,20,4,35,62,45,28,29,31,53,51,59,24,47
58,12,56,33,36,52,7,32,11,19,31,44,35,1,18,57,60,3,25,59,61,38,27,50,51,21,62,20,46,63,17,6,4,14,10,43,9,54,41,48,53,28,40,0,22,30,13,23,39,45,5,49,55,29,26,2,47,34,37,42,15,16,8,24
15,14,42,29,16,62,24,52,13,53,35,12,40,2,54,46,20,23,34,6,50,47,3,43,11,31,26,45,39,28,21,36,0,55,51,38,56,17,10,22,5,1,4,18,57,58,60,33,48,61,41,44,27,8,25,32,37,7,9,49,19,30,59,63
54,24,38,62,60,15,51,20,9,4,63,18,17,3,13,40,5,26,31,50,48,29,56,21,58,42,10,34,23,7,11,47,36,61,55,43,19,28,33,0,53,39,45,1,52,32,27,44,41,6,35,22,37,14,49,16,30,12,59,2,57,8,46,25
52,58,47,37,59,2,56,42,8,7,62,31,35,61,3,53,44,32,49,28,24,15,63,14,22,10,55,18,30,6,36,45,11,41,33,17,43,34,27,13,57,39,9,16,48,54,5,60,25,21,26,50,38,4,40,1,20,29,0,12,23,19,51,46
52,22,46,3,6,54,38,30,49,25,50,32,28,5,62,48,53,47,4,39,63,26,35,23,0,17,29,11,41,45,37,24,9,57,40,12,44,60,51,55,42,36,19,8,16,61,15,59,13,27,2,20,7,14,58,1,31,10,43,56,21,18,34,33
45,16,0,48,40,20,23,10,29,3,47,4,42,38,24,26,52,44,33,61,57,46,6,21,63,58,39,5,59,11,13,19,56,41,34,32,43,54,8,7,2,17,12,30,22,55,60,49,36,37,15,1,9,51,53,35,18,25,27,14,28,50,62,31
12,8,49,32,38,5,26,61,41,59,21,14,46,15,43,63,30,33,23,62,31,9,57,11,3,17,36,7,0,58,10,19,18,55,25,2,28,56,16,44,35,50,53,60,27,6,52,45,1,54,24,51,40,48,13,34,39,47,29,42,20,4,37,22
50,30,10,32,13,3,62,33,39,61,20,29,51,16,52,19,48,47,5,45,18,43,27,60,57,36,24,2,37,38,9,34,41,28,15,54,4,46,25,22,14,23,17,26,56,7,0,31,63,42,55,8,59,44,12,1,40,6,58,21,49,53,11,35
45,33,24,44,50,46,21,35,36,9,16,6,63,60,5,18,32,27,30,20,51,62,11,55,49,14,58,31,7,43,29,37,57,54,48,26,38,52,61,28,59,12,13,41,56,34,53,3,1,40,0,10,23,2,4,42,8,22,19,17,15,39,25,47
19,40,61,9,28,55,6,47,35,58,11,22,2,24,42,27,3,38,39,13,59,53,30,34,51,52,43,23,56,62,29,63,12,41,31,1,48,16,18,36,32,60,45,4,25,17,44,21,10,5,20,0,50,15,54,14,46,49,37,7,8,33,26,57
18,14,41,24,17,34,55,35,9,22,8,0,56,1,19,5,52,36,13,29,21,37,28,50,23,6,49,46,20,51,48,11,12,54,2,60,61,44,62,63,39,15,59,53,45,32,31,57,27,4,47,33,40,42,7,26,58,38,10,43,25,16,3,30
58,54,51,38,61,8,26,34,7,48,29,56,18,28,57,50,59,41,42,12,60,13,3,6,35,20,30,24,21,32,19,23,49,47,46,63,31,14,0,17,27,52,25,53,40,1,9,5,36,43,10,45,37,62,2,44,33,55,16,11,39,15,22,4
47,11,35,42,54,29,52,20,62,28,4,44,12,39,3,36,31,17,22,26,59,10,40,58,27,32,55,46,34,15,5,51,38,57,19,23,16,41,53,60,2,6,50,63,1,25,7,37,61,49,33,9,0,56,30,43,45,48,24,8,21,18,14,13
25,43,28,15,20,37,55,45,47,46,8,56,34,6,60,48,41,4,7,5,19,12,24,63,59,50,32,14,29,21,27,54,40,52,35,36,22,0,9,16,11,53,3,1,2,33,62,38,57,42,44,17,51,23,30,13,61,18,10,31,49,58,39,26
22,10,9,41,36,25,58,46,53,4,30,55,26,13,48,44,63,6,42,50,27,37,62,29,38,8,43,17,16,39,18,51,35,15,11,52,12,5,33,19,23,32,54,1,59,47,56,2,3,60,57,21,61,28,31,34,45,0,14,24,49,20,40,7
35,3,48,36,23,14,17,28,53,29,30,7,4,22,39,33,46,6,26,63,37,50,57,9,56,61,0,60,8,32,34,18,10,2,15,41,59,47,42,62,24,40,19,12,16,27,43,20,44,58,5,31,51,1,21,13,25,54,38,55,52,11,49,45
53,31,28,32,54,17,29,0,63,39,1,45,37,6,10,5,56,52,40,44,2,48,61,34,51,43,50,36,41,24,26,19,58,25,9,55,11,60,12,59,35,16,18,21,13,15,27,62,38,33,30,23,3,46,57,49,20,8,14,22,42,47,7,4
40,28,60,56,48,29,35,47,4,16,61,20,25,49,24,39,18,13,9,37,10,42,62,2,58,23,30,36,31,63,26,6,32,52,1,33,17,19,55,43,3,0,8,12,34,5,54,51,15,45,41,21,57,59,53,44,11,7,27,38,14,22,50,46
62,6,26,10,7,52,58,20,22,48,57,40,25,8,46,45,43,37,56,47,61,35,29,49,54,28,50,30,9,41,13,63,38,16,51,4,55,5,18,15,44,60,21,33,24,12,59,19,23,2,32,53,17,42,1,11,39,31,0,34,14,3,27,36
23,3,36,56,20,42,31,33,63,54,38,60,59,9,12,6,4,11,35,48,5,25,51,43,39,18,13,37,34,61,62,58,45,40,30,26,8,46,50,53,32,28,24,0,27,49,10,19,41,7,16,17,57,47,29,55,22,21,52,1,44,2,14,15
18,7,57,51,34,16,10,8,14,53,50,3,21,46,6,17,0,62,60,9,49,26,15,63,41,52,20,12,40,1,37,19,39,11,55,22,44,58,54,5,45,4,23,32,36,56,61,31,48,27,35,38,59,43,33,24,29,42,2,47,13,25,28,30
6,48,12,22,33,49,47,58,14,8,15,28,59,2,38,54,60,19,41,44,61,24,9,7,35,13,42,26,5,46,50,39,31,32,62,23,37,1,45,18,0,55,34,36,63,52,29,51,40,10,20,21,11,30,53,3,17,27,4,16,57,56,43,25
18,37,36,29,12,39,14,34,55,1,59,49,0,4,48,15,16,10,9,20,45,30,35,22,5,3,6,62,56,42,27,53,31,46,52,44,21,17,7,33,28,47,8,50,51,11,41,60,26,32,40,61,54,13,23,19,2,25,24,38,58,57,43,63
51,30,3,17,44,10,8,26,11,7,55,24,13,50,2,34,28,18,61,58,0,29,53,19,40,9,46,42,48,4,5,20,38,15,54,35,22,39,33,56,32,59,49,57,16,27,25,14,41,45,23,47,62,21,43,12,6,37,1,31,36,63,52,60
59,55,54,63,11,17,60,23,27,48,35,56,43,0,44,57,38,26,32,53,20,12,50,30,36,7,9,39,25,6,46,8,37,33,31,10,13,14,22,34,18,51,24,15,19,2,1,52,3,49,16,47,28,29,40,41,45,62,42,4,61,58,5,21
52,44,11,26,48,46,21,35,3,61,1,27,7,29,50,42,10,34,37,45,63,33,38,12,4,19,58,54,5,18,62,31,28,13,6,40,57,59,43,49,51,0,30,55,25,15,20,39,9,22,47,8,53,14,60,56,23,24,41,17,16,36,32,2
27,46,11,0,39,16,19,13,43,10,44,49,23,2,21,31,60,55,29,14,1,38,33,4,5,51,41,50,20,58,45,7,25,52,35,36,32,40,56,61,54,53,57,9,15,26,30,34,22,42,59,28,48,47,18,17,12,37,3,8,63,24,6,62
61,38,42,36,17,63,34,60,20,18,47,29,51,24,9,6,28,41,7,53,31,52,48,39,45,32,23,19,43,11,37,3,44,30,40,59,33,27,21,14,0,57,58,49,22,8,55,62,4,46,1,12,10,13,35,50,56,2,15,5,26,16,54,25
8,50,18,39,37,21,9,29,41,58,11,40,38,30,45,49,16,43,17,51,33,19,27,20,54,23,1,7,53,61,0,13,26,52,28,15,42,63,47,22,24,5,34,62,60,46,12,10,48,6,14,3,35,44,4,32,55,31,36,59,25,57,2,56
34,3,0,16,9,46,56,52,10,14,40,5,22,7,33,55,6,36,18,25,51,28,2,38,13,61,47,59,35,19,1,32,11,27,24,43,58,23,12,4,54,57,26,21,39,44,37,15,63,8,30,48,60,49,17,31,42,62,41,50,29,53,45,20
6,57,38,30,52,21,4,12,13,17,44,54,50,29,56,26,63,46,7,53,5,35,20,43,39,60,49,55,0,27,40,45,14,34,15,47,11,19,31,18,36,42,48,22,2,61,58,32,62,9,10,23,25,8,37,16,41,51,24,1,28,59,3,33
39,17,22,2,34,38,55,41,31,1,37,35,3,23,47,6,43,42,0,32,7,33,61,40,58,44,56,21,28,62,25,11,53,50,20,30,8,45,27,60,59,29,52,16,36,46,18,5,13,48,49,24,15,54,14,51,4,12,10,26,57,19,9,63
31,15,57,23,22,12,1,49,16,25,0,40,56,52,53,32,9,18,27,30,7,17,4,41,38,60,13,19,51,44,2,29,47,55,21,58,48,50,35,11,61,33,59,46,28,45,6,5,34,39,37,8,62,10,24,43,63,20,26,42,36,14,3,54
61,43,37,44,40,7,50,1,22,25,51,57,35,2,58,59,60,8,33,0,47,48,4,3,42,38,5,55,45,27,29,10,62,30,49,20,16,53,13,24,56,23,6,63,14,52,32,39,12,17,46,11,9,54,19,41,18,21,34,26,28,36,15,31
53,46,27,57,32,23,2,38,60,20,43,4,42,59,31,41,51,25,1,19,3,40,10,30,58,18,15,33,44,24,0,56,16,6,21,26,39,34,17,9,36,12,54,47,8,52,45,13,35,61,5,48,29,55,11,37,50,62,28,63,49,14,22,7
56,51,60,1,11,2,27,28,43,33,58,32,37,61,14,46,59,18,55,54,49,4,41,53,9,38,35,21,8,30,26,36,48,7,47,31,12,44,3,62,16,45,50,0,57,13,52,23,34,22,24,10,25,39,40,17,15,19,42,29,63,20,5,6
13,43,22,21,31,48,38,35,39,62,44,41,27,7,8,42,37,11,55,15,51,45,9,10,12,4,47,18,30,61,19,58,3,56,2,49,16,57,59,53,28,52,50,20,54,0,63,60,1,26,17,46,33,32,24,14,36,6,25,34,29,5,23,40
34,61,8,47,40,63,32,62,51,9,26,12,23,56,2,1,29,15,0,31,44,4,54,43,7,39,25,11,53,30,5,20,18,16,50,6,38,60,14,24,27,46,13,45,35,36,21,3,58,17,22,55,48,52,42,19,28,57,41,10,33,49,59,37
16,51,35,38,21,1,61,12,33,13,31,56,43,0,49,29,58,9,19,46,18,22,28,53,24,11,62,14,54,30,10,57,42,59,34,23,3,39,48,36,15,52,5,17,20,60,25,41,45,6,44,40,2,8,26,55,27,37,63,47,32,7,50,4
56,53,63,46,2,43,15,27,7,52,6,35,36,34,12,42,44,40,60,5,41,16,32,10,25,45,30,29,55,37,38,14,49,17,3,61,54,9,18,50,62,8,21,1,19,39,47,57,4,26,51,0,33,59,22,31,20,13,23,11,58,48,24,28
38,29,18,49,12,42,20,13,7,56,43,22,58,32,61,50,3,48,14,30,62,4,60,52,16,54,57,36,45,11,37,27,15,25,55,63,46,26,23,53,10,0,40,33,59,31,41,34,8,19,47,5,39,28,21,17,1,44,35,51,2,6,9,24
30,2,63,0,25,49,57,4,56,28,40,29,19,8,61,10,38,54,62,20,45,51,15,13,58,1,12,35,18,3,17,22,60,48,53,14,55,26,59,37,31,33,11,16,39,5,42,32,50,52,7,23,27,41,47,34,9,6,43,44,24,46,21,36
17,4,24,5,26,3,29,53,51,40,61,11,18,49,47,27,25,23,14,48,36,22,12,54,55,35,21,9,59,10,50,42,37,34,1,58,20,44,43,2,56,57,63,15,62,16,31,0,6,30,46,52,19,7,45,60,33,28,32,38,13,39,41,8
58,33,13,30,1,26,0,28,16,57,54,37,35,4,2,25,17,43,52,24,19,49,22,46,7,48,9,8,10,47,42,12,34,18,5,21,45,55,63,53,29,32,60,20,40,31,51,36,50,39,6,15,11,3,56,59,61,41,23,14,44,27,62,38
51,55,7,48,47,45,8,4,27,59,44,50,56,15,19,46,36,22,30,0,11,61,63,20,2,31,34,25,38,54,18,28,10,26,35,37,33,39,32,57,52,5,53,41,23,40,29,3,60,49,12,17,14,13,62,6,42,9,16,21,43,58,1,24
55,60,26,35,23,21,6,14,44,52,33,42,3,62,4,45,29,13,58,28,39,46,48,12,5,57,15,38,43,47,16,19,36,54,18,0,31,11,9,8,63,22,10,61,24,20,49,17,32,1,40,37,56,2,50,41,25,27,34,51,53,59,30,7
58,56,19,21,24,57,20,60,48,42,5,32,13,9,26,15,17,22,54,34,40,1,12,53,3,62,14,10,29,52,59,55,23,27,33,50,35,44,6,47,2,36,37,28,30,18,0,51,46,61,7,41,39,45,31,25,8,16,11,49,4,63,43,38
56,10,58,62,21,39,28,26,12,59,34,30,38,19,16,42,24,57,2,29,32,18,6,27,46,48,23,55,51,13,4,47,9,5,17,50,49,25,8,31,43,63,45,44,22,41,1,15,11,14,53,33,40,54,3,60,20,36,35,7,0,52,61,37
23,3,7,59,44,63,55,41,50,1,19,31,20,40,22,35,37,29,60,18,34,8,58,4,42,61,54,15,11,57,9,28,62,0,56,36,5,17,2,52,47,27,38,16,6,46,51,13,48,12,33,10,53,43,21,26,14,24,45,49,32,25,39,30
40,44,63,55,38,37,26,58,62,29,52,32,1,35,15,41,2,51,10,47,23,33,18,0,16,7,28,24,36,14,34,17,57,50,19,13,6,59,42,60,45,30,25,21,5,46,39,8,12,54,43,3,22,61,48,4,27,49,53,31,11,56,20,9
18,14,42,39,9,7,17,24,54,47,36,63,46,22,55,61,33,11,44,2,13,49,23,4,1,56,21,53,34,28,45,26,48,10,30,59,50,31,38,5,51,52,6,3,0,19,37,32,62,8,60,40,58,27,35,15,20,25,43,16,57,41,29,12
24,16,46,18,14,42,23,17,1,13,39,6,41,61,63,22,0,11,59,40,48,30,43,29,38,58,32,45,26,28,60,10,21,52,8,5,62,4,36,57,31,12,53,33,54,19,7,34,25,20,44,2,37,3,56,47,55,50,35,15,9,51,27,49
17,5,59,25,54,16,44,0,2,31,49,63,60,14,7,23,35,27,56,36,58,40,12,38,8,4,19,57,50,42,39,1,28,30,51,29,10,43,61,62,6,48,26,15,9,53,18,21,13,33,46,45,37,11,22,34,47,3,24,55,52,41,20,32
9,37,26,27,7,15,33,60,61,63,2,34,17,46,53,31,56,24,39,12,44,0,52,8,40,41,19,58,29,36,11,54,32,21,3,22,20,10,28,16,43,1,42,5,49,48,18,55,57,6,51,4,45,62,23,25,35,30,50,47,14,59,13,38
54,38,1,24,40,18,60,30,57,58,14,46,51,33,13,42,52,61,15,7,4,22,28,47,48,34,62,45,2,53,26,56,50,6,55,19,21,43,49,25,37,0,39,29,36,59,27,31,10,44,3,9,41,63,17,12,11,23,35,5,32,20,16,8
34,38,24,12,49,53,35,59,46,54,6,45,2,32,9,15,18,7,25,8,10,47,13,21,60,16,27,26,55,63,33,44,51,57,0,36,22,4,20,23,19,5,29,3,48,1,14,41,31,40,42,28,52,43,58,17,37,62,56,61,50,39,30,11
7,26,16,42,41,11,32,18,36,24,45,57,23,29,60,53,14,19,12,43,30,10,28,48,62,47,46,21,59,15,8,20,13,61,38,56,35,34,6,22,33,0,63,4,31,5,9,37,49,44,58,39,27,40,3,2,51,50,55,1,52,25,17,54
56,53,51,62,17,33,30,7,41,47,26,50,32,16,54,24,31,48,25,18,55,49,14,11,22,58,46,13,27,8,1,45,43,20,57,2,40,44,4,52,61,39,28,29,0,36,23,37,60,5,35,3,15,63,10,34,42,19,12,21,9,38,59,6
44,56,51,54,10,16,57,5,21,60,13,32,40,6,48,38,9,33,2,26,45,35,17,8,24,42,27,59,7,50,1,28,37,61,4,49,15,55,53,39,14,18,41,3,25,34,19,62,12,47,29,36,63,11,46,31,20,22,43,0,23,58,30,52
50,28,63,55,14,22,18,58,42,5,29,51,15,27,39,60,17,2,13,21,41,26,37,30,3,36,40,31,61,47,20,9,35,54,62,11,38,33,10,0,32,48,44,43,19,23,1,46,45,56,59,24,8,12,6,16,34,7,4,57,25,53,49,52
53,33,24,23,14,45,36,61,21,7,54,30,56,17,10,38,50,20,51,26,44,47,1,13,37,62,5,2,29,22,34,42,19,43,60,57,11,15,8,28,58,48,49,12,4,32,59,27,0,39,3,16,9,18,6,46,55,35,41,63,40,25,31,52
4,21,28,36,5,26,56,9,14,25,13,46,2,53,43,47,3,29,59,15,52,40,37,18,19,27,1,54,22,30,16,48,45,49,55,44,50,57,38,39,33,35,51,11,6,12,10,60,7,23,8,32,61,34,62,17,31,20,0,24,42,63,58,41
55,32,40,23,18,44,11,6,15,63,50,27,30,8,37,4,24,10,33,42,22,46,54,31,0,38,34,14,57,56,41,21,25,43,19,1,29,7,26,62,51,17,20,45,59,58,53,3,9,28,39,52,49,48,61,12,5,2,47,16,60,35,13,36
32,19,49,5,50,27,29,36,11,42,33,21,39,2,53,12,26,4,17,8,44,3,37,9,57,54,63,31,13,41,61,34,25,56,7,46,28,16,22,62,59,23,1,24,48,60,51,0,55,20,35,58,43,52,47,38,15,6,10,14,40,45,30,18
17,47,51,26,15,32,55,8,45,4,62,49,30,52,5,16,61,42,33,53,9,43,14,48,7,54,41,39,29,34,37,50,36,63,11,22,1,24,3,19,0,21,35,23,28,60,27,6,2,31,40,13,25,10,18,20,57,56,59,46,12,58,38,44
27,53,49,26,48,23,44,17,18,58,20,8,59,16,47,52,63,37,62,43,60,5,3,61,39,57,24,30,1,38,33,42,22,35,54,0,36,4,31,46,12,11,19,2,7,21,9,15,14,56,10,50,6,40,41,28,55,29,45,34,32,51,13,25
56,50,20,39,8,61,34,1,6,26,3,22,9,52,51,25,60,33,24,62,5,57,43,27,13,41,4,36,54,29,63,17,14,40,2,16,15,0,21,48,58,47,18,55,38,42,23,49,32,10,19,53,7,12,28,45,59,31,44,37,35,11,30,46
31,14,57,61,22,37,32,6,25,54,18,52,26,58,13,11,23,1,51,44,12,16,41,4,28,62,0,2,21,3,60,55,34,15,9,36,38,39,7,42,35,33,47,48,10,40,19,5,27,20,63,46,17,56,50,8,45,53,29,43,49,30,59,24
38,53,23,41,30,8,9,45,39,48,31,28,55,59,19,43,14,37,4,17,15,11,42,12,6,10,32,35,56,22,21,18,1,24,29,27,25,61,58,54,44,49,3,46,40,20,7,5,34,51,33,16,13,63,60,50,26,52,2,0,47,62,57,36
24,49,8,39,58,15,19,46,30,18,55,16,31,13,26,47,45,21,42,28,14,12,35,0,34,60,56,38,1,50,9,51,52,43,27,3,20,23,59,29,22,10,4,11,25,7,32,62,33,53,37,48,5,63,2,40,6,44,61,54,41,17,57,36
32,50,45,58,37,28,12,36,42,44,46,30,21,43,5,47,22,31,6,4,53,41,27,20,14,11,19,25,54,9,26,56,13,33,39,15,49,23,57,16,63,7,0,51,17,52,18,3,59,8,40,61,35,24,2,29,34,62,10,48,55,60,1,38
21,8,61,39,30,26,57,47,7,41,58,19,14,34,36,27,48,52,11,24,53,59,42,17,37,23,13,15,63,5,18,0,20,9,1,22,49,25,55,44,3,60,4,54,40,16,32,50,33,43,38,28,6,2,46,12,62,56,45,51,31,29,10,35
51,39,42,10,23,9,44,31,58,29,28,1,2,48,15,57,45,36,24,4,43,40,54,5,14,21,53,12,18,61,34,26,46,17,6,62,56,8,63,11,37,16,47,55,13,25,38,33,35,59,19,50,52,30,22,3,32,7,20,41,0,49,60,27
59,5,31,62,41,10,27,60,17,47,3,7,49,58,30,29,42,48,9,63,0,25,18,19,20,52,22,39,14,56,4,28,8,57,40,45,12,46,44,55,54,37,21,2,50,35,34,23,36,38,6,13,1,15,24,43,26,61,11,16,53,32,51,33
26,23,44,24,57,40,37,21,36,46,13,52,63,18,4,16,19,20,29,55,41,10,9,47,49,42,38,58,28,35,45,53,1,12,7,14,6,3,48,54,32,8,60,2,39,34,15,62,56,22,50,59,43,31,51,27,5,17,25,0,61,11,33,30
41,61,5,21,9,27,8,40,7,51,32,55,49,18,62,56,46,24,12,22,50,63,20,4,10,2,30,17,52,28,15,29,35,58,16,11,45,54,0,13,39,25,19,36,31,59,37,43,38,34,48,44,1,57,23,47,26,42,3,60,33,53,14,6
35,63,13,47,58,49,40,12,16,54,59,61,27,8,19,15,53,22,21,50,14,38,46,0,41,4,18,24,5,29,32,28,25,30,43,1,52,3,39,33,57,45,23,44,10,60,51,6,2,20,37,42,9,11,55,34,62,31,36,26,17,7,48,56
0,23,46,39,9,4,24,12,25,1,20,32,37,55,45,16,52,60,31,30,28,2,48,59,49,56,53,8,41,11,35,38,27,63,26,43,57,47,7,3,44,13,21,40,42,22,61,6,17,19,15,51,58,29,5,33,34,18,14,50,36,62,54,10
46,58,30,53,38,45,20,3,49,48,43,12,4,29,63,31,17,6,25,35,60,32,44,37,61,14,33,18,21,27,23,42,10,26,40,1,7,54,41,8,15,47,24,36,51,0,22,62,57,28,52,19,13,11,34,55,50,39,56,9,16,5,2,59
17,54,53,57,9,28,0,31,61,3,8,30,14,15,35,56,22,19,12,41,48,29,63,58,5,46,34,36,52,43,20,42,16,44,40,49,62,55,47,32,1,59,11,38,45,51,37,21,50,25,33,13,6,4,2,39,23,60,24,10,26,27,18,7
35,37,45,4,58,24,18,25,51,10,43,5,13,55,23,48,52,36,62,3,47,9,54,56,30,22,63,28,11,49,44,41,7,46,33,16,14,59,50,21,40,2,29,31,17,38,39,27,6,8,1,53,42,15,34,32,61,0,60,26,57,12,19,20
62,26,5,1,47,63,60,12,61,57,55,39,52,49,44,40,13,35,32,23,30,10,51,37,4,0,8,14,56,24,25,21,9,48,45,11,50,28,17,22,15,42,46,36,2,38,43,53,59,34,18,16,29,6,31,7,58,3,54,41,27,33,19,20
36,15,29,25,21,44,50,30,42,57,18,3,43,9,12,31,16,8,63,58,55,28,1,2,39,27,38,41,6,48,62,24,10,37,51,59,52,13,45,19,53,49,14,22,61,4,60,20,23,0,35,54,26,47,56,34,5,33,11,17,40,32,7,46
22,9,34,19,55,20,3,32,2,28,0,24,21,31,57,59,27,13,41,8,26,37,38,30,10,44,7,6,51,5,46,35,18,15,12,4,53,63,42,49,48,17,40,1,16,58,43,14,45,39,60,50,47,56,29,11,52,61,36,54,62,23,33,25
43,22,9,62,21,35,44,63,57,19,36,17,28,29,8,16,58,23,59,60,25,56,5,12,47,7,46,52,39,26,1,30,32,24,49,55,31,10,3,50,2,42,14,40,0,34,11,18,27,4,38,51,61,15,41,13,33,53,37,54,45,48,20,6
56,28,9,32,54,38,41,48,62,31,1,21,33,25,13,2,63,10,46,12,17,22,14,24,42,23,57,7,53,35,45,50,51,60,20,58,11,5,26,16,6,30,52,36,47,37,55,49,15,19,4,43,59,18,27,61,34,8,39,3,0,44,40,29
32,29,14,43,44,51,19,57,24,4,62,28,3,36,40,27,25,46,58,17,59,49,39,63,47,13,60,20,6,55,7,21,12,31,0,50,33,8,52,26,23,54,11,30,1,53,41,35,48,61,37,18,10,38,34,15,42,22,45,16,9,2,56,5
30,1,41,43,19,54,3,51,45,40,37,20,58,10,15,21,5,4,36,12,57,61,29,55,38,48,14,33,7,27,47,60,23,59,31,39,13,8,50,26,9,16,52,63,25,0,18,42,6,17,22,35,44,28,46,11,2,24,49,34,32,53,62,56
50,34,8,19,21,54,29,23,61,7,10,41,20,11,57,15,4,62,17,14,18,36,32,47,53,63,48,45,43,27,35,40,22,46,2,49,13,31,0,38,58,5,6,25,56,55,52,33,39,42,26,12,60,3,37,24,16,30,28,9,1,59,51,44
14,44,34,46,40,57,35,4,5,27,10,38,48,62,9,41,17,33,7,42,43,61,15,0,36,37,47,23,19,53,49,24,12,51,30,32,59,16,31,28,56,13,63,2,26,8,58,6,60,21,18,3,50,55,39,54,25,52,1,22,20,29,11,45
22,13,19,31,42,18,9,26,29,53,61,59,12,58,54,34,10,48,33,35,14,44,2,52,40,6,15,25,47,50,39,7,37,38,0,4,49,28,32,20,3,55,16,36,8,27,63,43,24,46,5,62,17,11,23,51,56,1,45,41,57,21,30,60
26,37,56,10,24,28,6,0,12,23,25,32,45,61,15,58,50,16,59,4,2,41,7,34,47,42,5,30,38,49,40,39,19,31,20,21,36,44,3,62,17,57,53,51,22,29,1,55,54,63,43,18,60,13,33,46,48,14,11,52,35,9,27,8
44,32,31,8,38,34,42,25,16,20,41,26,61,0,54,24,14,29,4,63,11,57,28,1,47,7,6,22,13,55,2,40,59,52,46,37,27,35,60,30,18,56,36,45,50,49,39,23,58,33,17,62,53,5,10,51,43,9,21,3,15,19,12,48
60,10,19,20,39,50,11,56,6,43,47,36,23,7,37,16,26,52,61,38,32,1,55,22,33,25,62,44,28,42,9,31,15,57,5,30,49,46,14,21,63,40,51,18,34,59,53,3,35,58,54,41,4,17,12,8,45,2,0,48,29,13,27,24
23,8,28,2,52,45,46,47,34,31,42,53,24,19,11,12,1,26,57,13,30,33,18,22,62,32,15,35,4,27,21,55,5,37,38,17,6,56,50,9,25,41,49,16,48,51,59,29,54,63,43,40,20,39,61,58,14,0,44,3,10,60,7,36
48,22,31,58,1,54,21,16,5,12,45,47,37,56,17,60,36,53,62,23,41,50,33,24,57,4,49,63,20,59,40,10,55,2,29,28,18,43,0,30,9,34,27,19,14,13,8,44,15,46,35,3,11,26,38,39,6,42,52,7,51,32,25,61
32,63,59,55,17,46,51,5,2,24,14,29,41,10,39,61,36,40,6,33,38,13,0,42,30,53,56,28,20,31,27,7,47,43,57,62,25,26,16,52,35,3,49,34,54,58,45,8,23,11,22,18,19,12,9,15,4,48,44,1,21,37,50,60
23,63,26,12,59,61,32,50,57,5,11,47,6,39,3,45,1,19,60,49,8,43,36,46,30,53,20,7,38,40,62,4,56,2,24,15,37,44,14,17,54,0,55,51,10,22,31,16,25,58,21,9,42,48,41,35,52,34,18,33,27,28,29,13
56,52,33,48,35,24,11,62,61,49,27,47,55,54,10,44,41,59,30,1,9,7,60,5,8,58,38,26,50,37,32,36,3,0,29,46,16,2,4,43,57,6,53,18,22,14,31,28,12,51,42,45,25,17,63,19,34,21,39,13,20,40,23,15
36,30,63,21,40,10,43,52,23,31,20,60,4,39,27,11,59,16,51,42,37,5,28,38,53,49,57,1,19,7,26,35,3,47,41,32,17,2,18,34,14,9,6,58,24,55,15,54,62,61,29,50,0,13,45,44,33,48,22,8,56,12,46,25
5,36,61,22,26,7,15,49,19,18,3,55,43,1,57,46,48,53,17,35,2,54,6,32,62,58,63,60,24,51,16,42,12,4,44,41,38,40,13,9,20,14,52,0,21,27,31,45,23,56,10,47,11,39,50,30,37,25,28,8,59,34,29,33
1,23,6,48,16,47,57,5,45,58,52,30,19,35,50,12,61,26,11,14,29,2,17,37,21,43,38,49,24,63,20,40,4,15,46,39,27,60,9,54,51,59,31,28,62,33,32,8,36,10,44,18,55,56,25,7,3,41,22,13,0,53,34,42
41,51,3,33,18,13,28,4,40,50,9,7,19,20,22,2,0,49,14,42,12,43,61,23,34,29,57,48,60,26,24,63,11,31,8,6,44,37,62,38,55,32,5,16,47,35,54,58,15,27,10,53,36,21,1,30,17,45,59,39,52,46,56,25
43,23,52,31,17,42,49,8,39,27,18,40,12,50,61,24,62,56,7,20,36,58,6,55,14,0,16,54,60,45,3,2,5,10,13,4,22,30,57,44,47,53,15,29,32,25,37,9,34,26,21,48,46,19,28,11,41,63,51,35,38,59,1,33
24,7,25,36,63,21,43,32,15,60,10,30,47,54,52,23,48,8,35,58,26,18,40,13,57,31,41,19,20,12,16,4,44,34,56,46,38,6,62,17,42,27,22,61,5,37,39,29,9,33,1,55,0,45,2,50,28,59,3,11,51,53,14,49
42,7,37,24,38,9,5,44,36,3,26,4,47,10,11,63,41,56,22,55,8,28,58,15,12,21,45,29,20,46,40,23,53,54,50,62,27,60,32,6,51,31,2,1,14,48,57,13,18,0,43,16,52,33,59,19,61,34,25,39,17,49,35,30
46,54,49,20,30,17,9,44,16,51,18,31,6,36,29,3,25,32,0,57,7,47,62,10,61,59,42,12,21,4,60,27,50,14,26,28,23,52,39,41,22,11,55,56,35,24,45,19,8,63,13,40,43,38,1,53,2,15,58,37,5,48,34,33
45,39,62,41,59,56,22,7,25,3,58,10,48,17,51,28,33,44,2,36,43,32,1,61,54,49,38,9,0,55,37,63,4,57,11,29,8,23,16,15,19,21,60,18,5,40,27,13,26,52,34,31,53,46,20,35,30,42,14,50,24,6,47,12
11,23,27,15,56,40,42,57,30,26,18,10,61,0,17,41,47,31,44,55,43,63,8,1,21,9,28,4,60,24,25,14,58,13,51,19,7,46,39,32,20,35,37,3,34,49,54,38,59,48,16,33,12,36,62,52,50,2,6,22,53,5,29,45
45,11,41,19,16,35,29,36,52,49,20,58,10,53,3,62,1,17,30,9,48,61,33,7,34,44,22,25,28,50,27,56,4,12,31,15,8,21,23,55,14,38,26,5,46,47,2,42,59,51,39,60,54,32,63,0,18,37,24,40,13,43,6,57
0,34,48,13,9,7,19,37,31,59,36,62,12,30,14,60,28,6,18,52,2,54,11,49,8,32,20,39,47,35,23,43,29,45,46,15,5,51,26,50,1,42,40,21,41,24,27,61,17,57,38,53,63,55,10,4,44,3,58,22,56,33,25,16
11,47,19,21,58,2,40,43,49,54,46,26,10,39,44,6,55,45,41,59,28,48,7,53,38,1,5,17,9,13,29,51,57,12,36,20,23,60,31,24,0,15,52,62,61,37,4,42,14,8,56,32,25,22,50,30,27,3,35,34,33,18,63,16
12,23,47,19,44,50,56,1,28,13,46,40,31,16,34,7,15,63,24,32,22,8,33,9,6,17,37,48,53,30,52,21,0,3,60,45,11,42,35,59,29,43,20,55,14,4,39,36,5,49,51,62,25,2,54,27,61,26,38,10,57,58,18,41
35,34,48,10,1,40,5,11,31,61,14,60,6,9,54,36,27,4,19,58,29,17,26,53,41,8,45,63,52,23,43,18,32,57,16,44,0,30,59,25,12,38,47,7,22,62,21,3,50,49,39,15,2,28,55,24,13,51,56,46,20,33,42,37
33,23,0,4,61,53,31,55,13,29,5,7,14,22,34,16,20,60,48,36,63,37,50,28,57,54,19,17,9,6,41,15,44,49,32,58,62,10,46,2,30,26,42,51,21,43,52,56,18,39,8,3,47,45,35,27,25,40,24,38,11,12,59,1
26,42,51,14,54,3,49,39,22,24,19,46,29,45,23,15,32,11,59,34,27,1,48,6,38,55,36,62,63,4,61,41,44,50,37,9,10,5,7,28,40,57,8,20,31,35,53,18,16,33,52,25,56,0,2,30,13,17,47,12,60,43,21,58
55,37,42,36,34,59,35,30,28,63,44,26,38,5,46,23,58,14,54,29,62,39,45,50,27,9,49,48,41,4,25,21,10,18,16,13,6,12,43,57,1,52,60,7,56,33,40,51,11,31,2,0,32,17,19,24,61,15,53,20,8,3,47,22
14,10,18,33,4,60,26,27,45,40,21,25,12,59,24,2,32,42,61,56,39,23,57,6,5,43,29,48,0,51,28,31,52,17,15,47,44,7,46,41,3,62,20,8,58,30,38,16,13,9,1,53,54,50,37,35,36,11,34,63,55,49,19,22
5,6,22,16,10,26,45,20,46,55,36,11,63,24,54,59,3,9,8,27,14,35,62,17,53,31,29,41,42,21,30,50,38,1,28,18,15,12,44,13,60,25,57,47,52,56,33,37,34,32,43,49,4,48,39,58,40,7,61,2,23,51,19,0
20,25,60,58,26,24,0,48,53,50,22,40,56,14,47,54,55,3,12,62,11,45,8,10,44,38,37,2,42,46,29,5,16,28,31,33,6,41,9,17,15,63,7,61,18,34,39,13,30,35,36,32,52,51,59,19,21,43,23,49,57,27,4,1
47,1,16,18,50,49,44,37,10,15,6,63,29,35,24,4,27,12,41,62,36,40,33,55,60,28,32,17,48,26,39,58,2,45,51,19,53,14,0,21,34,31,57,8,25,61,20,7,52,54,46,3,5,9,42,56,13,23,11,38,30,43,22,59
32,45,62,16,52,5,49,39,3,48,42,24,41,57,19,28,22,35,54,56,15,1,9,0,4,29,7,58,47,50,8,59,21,14,51,18,53,12,33,55,2,61,10,6,27,20,13,44,30,11,63,25,60,37,17,23,36,43,38,40,31,26,46,34
41,4,40,31,18,1,3,60,59,22,10,42,29,53,16,2,23,62,24,20,58,49,7,43,8,44,12,9,6,38,48,57,45,46,36,56,61,30,25,52,21,32,28,17,51,47,27,33,63,37,19,11,26,34,5,55,35,14,50,13,39,15,0,54
60,25,61,42,31,40,51,48,11,27,44,6,59,52,53,54,50,47,41,34,29,55,16,37,21,20,46,5,26,38,7,15,19,3,43,49,0,28,9,17,57,39,36,30,23,32,18,10,45,62,2,8,12,33,63,58,56,4,14,22,35,13,1,24
40,54,11,55,37,6,35,3,43,53,27,24,17,8,16,45,0,10,28,7,56,15,25,41,49,48,52,60,4,59,31,9,13,63,47,57,50,39,46,22,18,51,34,38,30,32,36,29,23,19,61,44,42,5,20,62,33,26,21,14,1,58,12,2
48,59,9,43,52,28,35,27,8,50,57,17,7,58,42,41,63,51,14,38,61,47,36,6,45,15,11,10,29,12,16,25,19,62,54,32,40,20,23,1,21,37,5,30,24,2,26,3,22,4,49,56,31,60,34,46,18,44,53,55,33,39,0,13
0,21,6,35,23,39,14,3,46,51,2,1,13,57,25,49,7,20,34,42,56,47,54,41,43,31,37,60,61,9,58,10,50,28,63,22,15,59,53,17,5,29,19,26,55,8,27,48,11,62,4,30,18,38,45,16,33,40,12,52,36,24,32,44
14,31,15,48,54,1,23,0,58,4,62,26,51,3,46,35,56,20,2,7,63,30,16,27,36,41,52,11,47,49,37,55,61,9,5,18,45,21,34,22,17,38,29,24,33,43,32,8,50,25,28,57,44,19,60,42,59,6,40,13,10,39,53,12
31,0,4,27,63,13,12,32,49,60,54,41,42,55,35,18,1,34,20,3,52,36,16,50,44,6,7,2,22,29,48,61,46,58,43,56,26,47,30,40,28,14,37,17,23,59,15,45,38,19,5,25,33,9,53,62,10,51,8,39,11,24,57,21
37,44,1,61,21,40,34,4,13,26,32,30,11,42,24,27,43,25,29,28,31,35,46,56,15,9,17,49,41,20,45,8,0,16,55,7,33,6,48,5,38,60,19,10,14,50,22,2,53,51,23,59,18,63,36,62,3,54,39,57,58,52,12,47
38,41,0,39,5,46,44,24,8,13,2,7,63,30,3,43,57,10,37,18,29,22,11,55,20,31,58,25,51,32,61,12,6,45,33,27,15,26,62,56,48,35,50,28,14,40,54,49,52,4,21,1,42,59,36,9,17,34,16,23,60,19,47,53
31,21,55,49,17,15,9,37,53,38,14,46,18,45,27,42,41,57,6,61,48,10,24,5,32,12,56,59,16,25,29,20,54,47,44,13,60,0,50,19,39,22,35,58,1,51,7,26,2,23,40,43,3,11,8,33,62,63,52,34,30,36,28,4
48,9,18,43,20,57,47,1,13,55,53,3,51,59,60,61,2,52,16,62,0,23,27,38,30,15,32,10,33,39,63,40,37,35,11,8,54,28,7,6,21,31,45,50,17,25,29,58,34,46,41,42,36,14,19,5,22,4,24,12,44,26,56,49
7,39,32,52,54,55,15,47,57,40,25,14,46,11,58,44,12,8,29,4,9,20,60,17,3,22,0,31,13,51,49,53,61,56,5,21,63,35,26,27,36,28,30,43,18,37,19,6,38,41,23,48,34,10,2,45,24,50,1,62,33,42,16,59
6,3,23,4,35,9,43,51,24,63,26,14,55,53,60,41,49,54,0,37,32,7,12,28,36,25,59,50,44,42,30,18,17,39,34,62,58,57,15,20,47,48,40,31,45,38,52,46,61,27,10,16,33,56,1,2,21,5,8,11,29,13,22,19
30,23,1,39,42,28,6,14,59,12,52,45,60,50,53,20,5,54,58,10,44,55,49,4,13,57,36,51,17,15,62,19,32,33,9,7,48,31,2,11,61,37,40,18,35,47,16,43,34,38,0,27,29,25,8,56,21,22,63,24,41,46,26,3
7,1,38,0,52,41,42,3,51,48,4,40,25,50,62,15,24,19,27,11,54,12,37,30,45,5,35,8,49,46,18,39,2,36,43,63,21,32,34,22,14,44,33,6,55,9,23,31,47,28,61,20,59,56,58,26,10,53,16,13,29,57,60,17
51,39,35,46,5,55,4,59,49,9,22,41,42,23,3,63,16,30,56,0,43,25,32,47,8,28,29,58,19,61,31,62,34,60,54,27,45,20,11,14,52,1,13,15,18,6,50,48,17,12,44,2,33,36,10,40,24,26,53,38,21,7,37,57
10,14,40,61,8,31,49,26,29,58,18,53,35,34,5,33,38,28,48,19,47,63,0,7,60,39,22,27,17,2,37,1,36,32,30,21,55,16,42,9,44,41,25,52,54,51,11,57,24,6,13,56,45,15,23,50,4,62,3,20,46,43,12,59
3,29,30,19,15,2,31,41,6,46,4,28,14,22,24,55,16,7,38,35,36,47,10,57,5,32,20,59,42,0,27,62,40,45,21,25,34,58,37,44,23,33,11,50,54,8,26,60,51,49,63,53,1,61,43,39,48,13,18,9,12,52,17,56
54,46,3,38,28,1,19,55,47,56,53,33,51,45,40,8,12,42,5,34,36,49,21,25,52,22,39,32,35,57,7,30,59,63,14,44,16,2,4,50,31,58,17,6,18,41,11,48,13,15,29,43,0,27,26,24,20,10,60,23,62,37,9,61
9,26,45,57,40,55,34,46,63,7,62,52,36,43,39,3,51,27,11,5,12,38,13,16,50,37,24,33,29,59,60,19,8,15,56,1,2,49,4,42,41,23,20,17,22,44,54,6,30,35,0,28,61,53,32,14,25,58,10,31,47,18,48,21
2,14,51,32,22,6,37,27,57,20,30,62,23,0,4,36,9,1,29,38,40,15,54,28,25,7,60,35,18,19,46,11,55,39,53,47,16,12,44,61,49,13,42,41,21,48,8,31,24,34,43,33,52,3,58,45,26,50,17,59,63,5,10,56
55,45,13,24,33,63,19,22,52,36,60,4,15,46,32,59,8,9,43,30,17,58,31,21,51,11,26,7,48,27,10,37,1,56,40,39,0,25,42,41,50,62,12,57,34,16,61,38,3,47,20,44,14,28,35,5,6,29,54,18,2,49,23,53
61,7,3,58,4,53,39,13,56,12,28,15,25,62,41,24,42,32,17,16,5,35,20,60,2,38,57,50,33,10,27,23,21,36,0,34,59,9,30,49,63,18,6,47,1,19,26,31,54,14,44,29,52,51,43,8,45,37,55,40,11,48,22,46
61,47,21,15,38,44,28,49,26,12,1,62,48,60,41,51,29,13,40,45,3,25,32,34,52,27,19,6,20,37,63,36,5,24,58,7,35,22,53,43,42,4,18,55,16,59,39,31,9,57,56,8,23,17,50,2,0,11,33,46,30,14,10,54
30,48,47,33,50,39,23,14,8,37,7,25,36,59,42,45,28,56,17,22,55,16,31,9,20,3,6,61,12,53,57,1,19,24,63,32,26,54,18,35,51,58,15,0,29,10,13,40,2,52,60,43,5,49,44,41,34,21,62,4,11,46,38,27
36,39,0,62,59,52,49,41,18,33,7,5,21,13,37,25,60,11,43,40,54,12,44,10,23,50,16,57,8,34,46,61,4,30,55,31,42,38,56,9,63,27,26,53,28,20,45,22,24,19,48,51,58,15,17,29,35,6,3,47,14,2,32,1
34,10,15,29,18,60,31,0,26,43,54,16,8,1,40,62,51,45,13,63,22,48,35,27,52,17,38,47,11,19,44,9,21,14,59,37,32,24,46,56,28,25,42,12,50,2,5,20,23,41,39,58,6,3,36,61,55,30,53,49,7,33,4,57
15,36,35,46,6,49,23,43,55,37,16,5,60,12,42,1,21,62,56,47,39,58,9,0,11,45,51,61,31,20,10,63,57,38,18,50,2,27,41,19,25,30,33,14,44,53,4,59,52,8,32,48,29,13,28,7,26,22,17,24,34,40,3,54
39,56,62,60,40,15,24,3,30,14,25,48,0,8,36,41,37,46,2,33,16,12,42,13,26,31,45,47,49,11,50,44,57,28,32,21,10,38,59,9,35,5,27,17,52,34,20,43,19,23,63,51,6,58,54,22,29,7,18,1,61,53,4,55
19,36,52,2,35,16,49,61,47,1,3,39,62,51,18,0,50,7,33,22,37,5,13,57,41,25,26,23,30,4,56,31,29,63,32,40,9,59,53,10,48,20,28,54,17,45,55,21,14,11,38,12,34,8,43,46,6,44,60,58,27,42,15,24
48,50,28,25,22,53,49,14,9,43,36,21,44,32,34,0,51,41,30,13,18,3,39,56,46,63,27,57,15,11,62,1,10,35,7,31,12,61,24,29,26,33,2,37,60,40,17,6,54,52,20,45,19,4,42,8,38,55,23,16,59,47,58,5
20,5,27,19,2,56,44,26,43,57,0,45,25,42,4,59,23,16,15,37,55,11,47,14,52,39,34,36,29,28,22,53,9,7,41,58,1,60,38,6,46,48,32,12,50,3,31,35,10,30,40,33,51,24,54,62,13,17,18,63,8,21,61,49
56,31,22,52,16,55,4,59,57,7,63,35,9,54,60,23,58,41,62,49,0,48,2,33,27,42,61,28,38,24,50,17,36,44,32,10,45,40,6,1,14,5,39,21,25,51,12,37,46,18,20,30,13,26,3,47,53,15,19,11,43,8,29,34
6,21,56,54,57,29,15,48,47,43,35,20,40,38,25,41,2,33,16,62,9,60,55,28,39,1,0,17,45,59,10,19,22,23,34,27,26,58,53,3,12,18,8,52,51,4,44,13,5,30,32,49,37,63,11,7,31,42,50,24,61,36,46,14
60,57,43,19,20,61,38,42,34,56,50,2,5,14,45,33,55,25,54,17,27,18,44,28,7,48,47,32,10,63,6,62,12,15,51,22,21,4,36,1,0,46,30,8,59,53,49,16,40,39,9,23,37,13,26,24,11,35,41,58,3,52,29,31
40,51,37,9,19,44,23,8,54,17,36,11,25,2,7,24,22,46,20,5,59,12,41,35,39,58,4,32,38,63,27,21,28,56,52,13,14,31,50,43,29,61,42,47,6,0,15,49,1,33,48,53,34,26,62,16,45,18,60,57,10,3,55,30
37,49,63,25,50,48,59,31,51,57,11,5,34,61,44,38,7,20,21,22,56,6,58,42,18,39,40,0,9,55,13,30,52,14,4,16,62,45,46,60,8,27,47,43,19,33,12,54,36,23,10,3,29,35,15,32,24,1,26,2,17,41,53,28
5,2,45,3,63,0,18,59,6,43,31,12,47,62,17,20,36,58,40,50,29,21,25,32,26,54,23,13,14,46,27,28,44,56,9,52,8,51,24,10,33,49,42,4,61,57,41,22,55,39,48,1,53,37,15,7,35,34,11,60,19,30,16,38
25,23,57,50,19,38,53,8,46,35,29,6,3,22,37,24,48,56,0,63,2,20,28,49,10,31,47,60,18,54,27,51,52,36,41,4,39,14,34,40,5,59,17,15,33,61,55,26,32,30,42,43,62,45,7,12,13,21,44,9,16,1,58,11
29,37,1,25,49,5,18,9,10,39,28,51,19,42,22,16,31,13,32,35,3,17,56,58,12,47,38,23,36,46,34,62,60,41,44,53,24,27,61,14,11,0,48,20,43,15,21,55,30,50,7,63,52,54,6,40,33,2,59,4,8,57,45,26
25,28,1,44,31,27,34,50,60,54,48,23,3,26,40,14,35,53,61,63,18,49,45,51,30,4,9,55,19,2,52,32,43,56,21,42,13,59,46,5,36,62,8,33,7,17,15,11,37,57,58,12,16,24,10,20,39,6,29,38,41,22,0,47
59,13,1,57,36,8,9,26,49,29,21,25,18,37,47,24,54,23,12,56,62,52,28,39,44,60,31,10,45,38,43,3,4,40,14,51,2,30,16,53,58,63,15,11,41,32,46,6,35,20,55,22,48,0,17,42,34,50,19,27,7,5,33,61
49,55,22,2,38,61,37,29,33,39,20,43,27,59,19,30,6,10,4,56,26,9,31,42,12,3,21,44,7,63,51,34,53,24,46,18,8,45,0,32,17,41,50,60,11,15,23,48,35,52,14,25,13,40,5,36,57,16,62,1,58,28,47,54
55,36,1,4,28,41,10,20,56,30,42,2,59,13,9,49,7,60,0,31,39,48,27,24,21,3,43,26,16,53,25,63,58,62,47,35,17,45,46,40,32,57,19,8,15,12,23,50,33,44,61,37,38,5,6,54,51,29,52,18,22,34,14,11
59,30,5,24,28,37,1,38,14,51,6,40,54,44,2,58,55,21,10,50,31,41,25,9,52,34,48,4,23,26,17,20,29,45,33,35,63,0,57,49,61,12,46,16,15,27,13,56,18,19,43,8,32,7,62,47,60,3,22,42,53,39,36,11
63,26,58,14,48,1,27,41,61,30,11,3,19,46,53,47,22,2,43,6,7,42,49,37,0,9,59,45,24,57,5,35,34,50,54,40,56,10,21,32,55,18,60,16,44,51,33,25,38,39,13,29,15,52,8,28,12,23,4,62,17,31,36,20
3,46,62,7,25,60,52,58,48,36,32,63,11,17,10,43,22,0,21,9,51,55,1,41,53,45,50,35,40,12,8,56,20,34,13,24,19,59,4,42,39,37,57,27,61,49,14,54,31,44,28,18,5,15,47,30,26,16,33,23,2,38,29,6
9,35,36,54,62,20,44,18,2,47,52,48,43,25,24,29,57,27,5,15,40,53,10,3,16,22,12,11,33,19,6,34,1,14,17,61,38,13,7,63,59,30,4,58,46,31,37,0,60,51,32,50,41,26,21,8,45,39,55,42,56,28,49,23
40,63,35,59,4,62,20,31,50,43,37,56,60,53,21,12,54,39,8,57,47,44,19,52,2,32,58,49,23,41,1,33,29,28,22,6,7,51,38,24,26,5,10,36,61,18,9,0,14,30,55,16,48,46,27,45,42,13,15,17,25,34,11,3
17,45,62,38,4,31,54,14,29,19,47,36,60,37,39,8,46,6,56,9,7,49,28,50,33,23,57,40,30,15,26,58,51,43,52,27,53,48,55,3,13,22,35,59,0,10,63,12,61,24,42,18,32,41,44,11,21,34,16,20,5,1,2,25
44,52,13,24,35,16,30,11,22,63,12,39,0,6,8,51,60,21,37,34,46,43,55,32,49,10,41,27,31,62,33,50,56,3,57,53,15,28,1,40,23,42,29,25,36,61,48,45,58,38,47,2,9,18,4,14,5,26,59,17,19,54,20,7
27,59,12,63,62,58,19,29,38,11,36,6,5,28,15,55,50,21,49,16,31,20,1,52,3,24,41,34,35,2,54,26,40,46,37,23,57,53,44,8,10,60,13,30,22,45,48,47,39,51,32,0,4,43,14,7,18,25,33,61,9,42,56,17
42,41,27,51,57,58,11,50,23,18,17,55,48,36,31,9,62,20,15,46,52,56,37,32,6,3,12,53,45,5,28,47,16,29,30,0,2,10,4,54,44,8,59,43,1,22,19,35,26,38,60,40,61,34,33,49,21,13,7,63,39,14,25,24
34,53,62,49,25,20,32,37,9,12,31,19,14,39,35,42,10,61,60,4,58,8,27,18,30,22,15,36,63,46,26,38,21,56,51,48,3,23,0,40,7,47,13,41,17,52,29,57,33,2,6,54,5,45,28,1,55,24,43,50,16,59,11,44
45,42,56,4,49,19,7,58,34,26,16,14,55,62,30,59,47,8,40,15,36,9,54,38,50,43,35,31,23,20,63,11,1,25,32,6,10,52,51,12,5,57,28,2,22,61,13,46,24,27,18,44,3,39,21,29,48,41,0,37,53,17,33,60
6,5,61,2,12,4,63,8,33,48,15,54,29,42,10,40,32,26,3,18,16,37,39,1,45,17,30,27,14,23,38,28,0,25,21,49,20,52,36,35,47,13,58,57,9,60,43,59,44,51,56,55,53,50,41,46,34,24,7,62,22,11,31,19
26,51,46,62,8,50,48,22,35,2,33,53,18,60,12,10,40,44,1,24,30,23,37,17,34,29,11,21,20,28,45,47,56,32,54,61,25,52,13,15,55,41,27,36,57,0,9,3,43,5,59,38,4,58,63,42,19,7,14,31,49,39,6,16
26,31,10,9,1,3,62,16,50,52,56,51,36,21,30,28,32,19,8,23,63,14,22,60,17,38,45,41,33,0,53,40,25,6,55,12,13,5,11,2,44,4,46,54,29,61,37,7,27,24,58,48,35,43,47,42,49,34,59,39,57,18,20,15
10,13,23,18,57,6,42,19,15,1,51,12,59,4,9,39,47,7,53,60,14,5,58,0,45,3,61,27,17,22,28,40,46,11,43,56,26,8,35,33,52,38,63,20,24,29,50,25,30,41,34,31,36,32,2,62,16,37,48,54,55,44,49,21
51,19,17,49,44,26,16,40,7,14,31,41,23,59,22,61,30,6,50,55,0,56,21,48,47,10,3,33,13,29,24,58,37,20,38,57,12,52,60,53,63,27,54,18,34,32,25,8,28,45,39,15,36,43,1,35,42,2,5,9,46,11,62,4
40,12,62,55,45,54,25,60,41,5,53,35,13,42,44,17,7,61,11,6,63,57,56,48,21,27,14,2,34,32,36,49,24,23,38,47,15,22,19,28,20,4,31,52,26,30,29,8,50,33,51,1,43,3,10,58,46,59,18,9,37,16,0,39
31,6,48,43,21,28,9,58,8,24,23,56,11,51,27,47,54,33,36,20,35,59,18,12,41,1,34,2,10,37,14,22,39,60,19,0,29,13,61,57,52,50,32,26,44,16,30,3,40,46,38,25,4,5,49,45,42,15,55,62,63,17,53,7
0,23,34,32,30,56,25,31,13,59,15,19,45,27,39,50,20,47,3,40,17,28,14,54,36,12,57,16,46,61,26,4,37,60,1,21,41,58,43,35,24,55,5,33,44,7,49,18,11,48,38,29,42,63,51,9,53,62,52,10,6,22,2,8
38,34,63,45,25,5,17,13,11,8,7,61,33,59,49,24,39,16,43,3,55,48,0,29,42,41,23,22,47,28,26,40,18,58,37,31,56,35,20,60,46,12,10,57,21,44,9,54,14,2,53,4,27,50,32,15,52,30,1,62,51,36,19,6
57,10,49,3,27,25,39,22,0,16,21,14,61,30,28,32,2,18,12,5,44,19,47,7,4,6,34,51,29,9,41,60,33,53,11,1,17,35,48,37,43,50,31,13,55,20,8,62,63,26,56,36,42,45,59,46,40,24,23,52,15,58,54,38
11,61,49,26,22,40,53,18,7,57,9,48,62,28,13,4,41,54,56,51,60,58,43,17,27,15,45,36,6,12,16,33,55,21,34,59,1,35,52,63,0,37,3,23,5,42,10,25,2,19,39,31,47,44,50,46,14,20,32,24,8,30,38,29
11,63,25,13,19,55,61,38,49,20,41,18,60,5,34,2,7,6,33,47,4,54,37,48,59,44,36,52,29,30,42,1,21,8,56,57,9,51,53,50,58,22,27,31,0,23,26,14,10,28,12,43,17,16,46,45,62,39,15,32,35,24,3,40
15,43,32,11,35,52,24,42,40,50,51,48,30,59,58,2,37,49,10,33,55,27,47,25,16,63,53,19,62,18,41,29,31,4,23,8,60,61,39,5,36,3,22,45,57,0,56,17,13,28,12,20,26,46,1,7,54,44,6,34,9,21,38,14
39,60,13,31,38,3,45,37,50,40,62,48,41,16,28,1,54,27,11,59,49,23,18,0,25,15,42,47,21,61,26,36,53,46,10,8,9,55,43,29,2,20,56,63,4,17,35,44,34,22,51,58,19,14,30,7,12,52,24,5,33,6,32,57
35,4,56,27,21,55,61,53,26,3,41,29,45,52,2,38,33,60,19,46,28,8,0,63,34,17,42,16,40,59,15,25,58,11,57,22,62,6,37,7,5,50,31,36,30,51,1,44,24,13,32,54,23,10,47,9,39,20,48,43,18,49,14,12
49,44,5,24,25,43,6,41,22,55,19,9,51,46,50,63,30,47,4,38,0,20,37,54,36,26,2,33,16,60,17,61,58,11,45,1,28,10,15,35,34,12,39,8,52,56,27,29,62,48,32,13,40,59,42,7,23,57,21,31,18,14,3,53
0,50,52,5,27,47,20,6,35,28,63,12,49,40,38,42,1,19,53,46,3,22,14,44,34,56,54,41,21,30,55,7,32,51,9,29,61,43,16,39,10,37,4,2,13,11,24,59,8,23,36,62,25,31,45,18,48,15,17,33,57,60,58,26
7,54,45,43,16,2,44,61,4,1,18,49,34,59,0,52,31,13,50,56,10,58,39,12,6,28,14,41,38,33,11,19,62,22,21,17,48,8,29,63,35,30,5,20,23,3,37,51,24,47,42,57,60,46,9,40,15,25,32,27,53,36,55,26
27,46,43,52,18,15,26,13,53,1,3,20,0,4,47,44,28,34,51,21,45,41,58,12,37,33,2,31,6,32,60,17,39,36,7,30,55,16,56,5,48,63,35,8,49,9,59,19,61,42,22,10,24,38,40,23,50,62,57,29,11,54,25,14
20,36,18,46,1,56,33,47,0,58,50,51,24,57,8,54,14,7,29,63,12,45,30,62,9,49,42,22,53,21,26,27,10,48,25,31,41,43,17,15,5,6,23,59,38,60,11,61,2,32,35,55,44,3,28,16,52,4,13,39,19,37,40,34
49,42,36,57,39,35,33,0,29,34,11,46,44,56,52,47,10,8,13,4,7,21,24,22,48,12,45,2,20,54,15,62,19,6,31,30,53,28,50,17,18,23,59,38,37,55,25,9,43,41,1,51,61,60,40,5,58,32,26,14,3,16,27,63
56,61,4,20,19,51,14,31,63,9,26,8,60,41,23,16,15,48,32,25,17,11,59,35,5,10,0,22,24,18,28,2,37,13,57,45,62,46,34,33,52,12,36,53,50,54,7,27,38,55,39,29,47,21,58,44,40,49,6,30,3,43,1,42
6,23,33,18,38,45,30,39,28,9,47,2,54,8,11,15,24,31,20,50,13,0,35,49,36,57,41,62,22,25,56,61,29,21,5,53,46,3,16,19,32,52,42,34,27,63,12,59,40,60,43,37,1,17,7,55,10,48,58,14,4,26,51,44
34,22,16,8,15,63,42,6,38,17,9,27,4,55,35,1,43,57,37,23,3,19,52,47,46,20,62,53,39,14,21,10,54,60,51,40,36,48,61,24,58,26,44,49,5,50,41,13,29,33,56,18,31,32,45,28,30,12,11,2,59,7,0,25
22,31,15,5,59,27,33,3,55,20,21,40,12,30,19,36,25,38,63,56,37,62,29,44,57,13,28,23,8,0,7,46,54,47,51,35,17,14,58,26,6,48,45,1,11,9,39,42,16,34,24,53,4,43,49,32,61,50,18,2,52,60,10,41
32,0,20,63,1,11,26,52,44,12,54,36,62,55,19,5,13,28,27,18,59,46,37,53,10,40,21,51,15,60,45,38,9,25,57,49,29,30,58,4,42,2,56,41,22,48,61,16,8,39,24,7,31,17,35,6,50,23,43,33,34,47,14,3
35,47,5,15,9,23,13,31,11,36,28,49,24,29,39,2,54,45,4,10,34,53,26,46,17,41,25,55,51,56,40,30,60,37,14,16,6,44,1,12,50,7,52,33,18,38,57,48,22,59,62,3,63,0,27,21,19,61,43,20,42,8,32,58
16,20,9,34,48,26,39,15,22,21,46,18,45,28,51,58,27,40,42,62,29,37,17,12,13,32,55,43,2,38,11,14,10,0,35,6,33,54,57,5,3,44,1,30,23,31,50,49,60,4,63,59,61,7,8,47,24,56,25,41,36,53,19,52
12,31,58,1,30,27,35,50,2,40,60,7,17,14,23,18,36,54,26,57,20,45,62,61,39,3,33,29,41,48,9,42,22,5,19,51,8,52,63,15,28,4,13,56,37,44,53,38,43,21,34,47,10,32,49,16,55,25,46,11,24,0,59,6
0,35,46,33,49,43,24,1,6,9,16,37,52,34,18,14,36,31,48,21,8,42,15,29,26,30,13,56,3,58,38,2,63,61,7,28,59,55,40,10,57,5,41,53,44,19,60,27,32,12,17,11,50,23,51,25,62,54,47,45,39,4,22,20
56,1,24,15,8,47,27,38,52,62,0,54,16,17,7,9,14,35,31,59,44,29,43,21,40,34,63,61,53,13,45,5,19,10,3,20,22,4,30,36,2,6,42,51,37,50,60,58,32,18,49,12,55,57,11,25,26,28,39,33,46,41,23,48
18,2,41,53,17,10,33,26,40,28,36,11,8,35,52,55,60,13,29,34,31,5,58,43,47,7,59,15,0,12,27,51,45,57,42,16,50,48,62,6,56,9,37,4,21,32,49,63,38,22,39,46,61,19,54,20,30,25,3,24,14,23,1,44
53,19,23,58,18,59,57,22,39,41,46,29,62,17,35,0,10,4,47,48,42,34,7,9,43,26,61,13,31,55,12,14,30,25,28,32,33,27,36,51,16,38,50,6,52,40,11,5,49,1,56,20,24,60,37,63,54,3,45,15,44,2,21,8
40,31,14,3,57,48,25,52,19,56,58,27,35,50,20,4,62,44,39,49,60,12,37,9,23,24,28,53,15,7,38,26,21,43,5,63,30,11,42,46,33,55,29,1,8,51,2,45,6,34,18,32,47,36,17,0,54,10,61,59,13,41,16,22
37,9,18,2,4,29,26,19,39,8,45,15,46,33,63,42,31,30,0,13,60,22,32,24,25,27,10,14,43,44,62,41,38,40,59,5,12,49,21,61,28,54,51,20,57,48,35,6,34,56,47,36,7,50,55,11,3,53,23,1,16,52,58,17
49,9,27,25,56,13,37,30,2,36,60,53,4,50,29,15,47,5,31,62,57,43,8,33,63,52,23,44,61,32,58,16,14,20,24,38,3,51,18,28,41,1,45,17,12,0,46,10,11,7,40,19,39,26,35,55,21,54,48,59,34,22,6,42
34,21,18,13,27,61,1,50,12,42,54,28,33,55,58,2,9,48,60,53,3,40,29,59,35,5,11,16,52,57,41,36,32,37,17,15,25,20,45,51,56,0,19,31,22,14,30,38,8,49,26,46,63,10,39,6,47,44,23,7,24,62,43,4
57,30,11,10,47,5,8,35,34,13,45,38,37,21,9,14,53,42,16,2,7,32,19,50,46,17,58,0,12,41,56,15,48,20,51,28,33,39,22,63,27,1,18,52,54,29,25,59,60,23,44,40,61,3,43,49,55,31,62,36,6,26,4,24
46,25,45,2,17,19,53,11,54,50,52,29,32,4,28,20,9,18,22,58,0,34,43,30,39,23,38,62,47,7,26,31,12,14,56,51,40,59,35,15,55,13,21,63,57,37,49,42,44,5,27,24,10,33,48,3,16,8,6,1,36,60,41,61
51,60,32,10,1,61,47,30,43,17,37,5,0,55,18,12,46,25,50,49,53,62,20,29,28,31,38,4,16,27,9,35,56,21,22,34,36,45,48,58,41,54,44,7,8,6,15,19,23,39,24,3,11,40,33,2,57,14,59,52,13,63,42,26
44,20,50,22,26,29,60,41,24,7,51,25,58,31,12,48,62,47,23,3,27,1,53,19,63,56,34,54,45,11,28,33,61,8,9,35,36,52,46,39,0,10,16,2,59,42,57,15,6,49,40,5,14,13,18,30,32,43,17,38,21,4,55,37
60,4,23,18,33,14,53,57,36,15,62,22,6,59,30,47,51,20,26,16,63,8,11,17,28,44,54,21,5,27,12,24,2,45,61,38,3,52,19,31,56,50,40,9,25,29,46,41,35,55,34,32,42,48,43,0,13,58,39,7,1,37,10,49
14,56,37,34,40,62,20,48,42,55,23,17,27,5,19,4,8,53,38,43,26,6,36,7,32,58,1,29,25,3,61,18,9,15,35,46,16,47,13,33,49,63,51,28,31,2,11,59,44,50,60,22,57,12,41,0,30,39,10,54,45,24,21,52
24,25,41,42,0,8,61,48,38,22,13,45,18,35,40,57,14,46,12,59,21,43,63,58,37,54,5,62,32,17,39,47,15,6,4,34,60,3,1,44,9,56,50,16,29,30,53,55,49,10,52,28,33,11,36,26,31,27,51,7,19,23,2,20
22,61,5,36,0,58,50,25,35,59,14,8,7,44,29,56,63,6,41,42,62,47,57,38,11,30,9,28,48,49,1,20,18,55,39,45,53,31,46,17,27,10,51,15,34,13,40,19,33,24,26,12,3,2,21,60,43,32,4,37,16,23,52,54
39,35,33,49,28,41,48,16,0,55,29,62,63,40,57,22,13,10,37,6,54,24,52,43,27,2,18,1,53,12,20,61,9,23,47,59,11,32,17,38,51,44,15,58,34,60,56,26,21,31,8,3,4,30,5,45,25,19,50,42,46,14,36,7
18,8,30,49,26,48,1,41,28,39,50,46,32,19,44,5,43,35,2,47,15,33,38,40,37,20,62,24,61,60,10,7,53,29,11,4,12,58,16,59,52,25,21,6,55,0,56,36,13,42,27,45,14,9,3,22,54,57,17,23,51,34,31,63
11,45,58,32,56,35,13,63,27,3,42,40,18,10,16,37,54,9,43,19,25,41,28,0,48,31,55,44,38,26,49,60,59,1,6,53,34,46,52,62,51,4,17,57,61,2,36,24,21,5,23,29,20,33,14,7,22,50,47,12,30,39,8,15
48,3,12,8,27,9,60,56,14,13,45,46,17,1,37,54,43,35,30,55,25,22,38,32,62,15,50,0,61,11,59,58,57,18,36,21,10,5,44,29,41,34,16,28,53,7,51,49,33,23,20,39,2,6,52,24,19,47,4,26,31,40,63,42
18,17,63,55,30,13,47,46,2,42,3,6,43,16,48,51,29,40,7,14,52,27,12,45,24,25,39,22,20,21,53,50,59,41,33,49,56,44,31,11,60,10,15,19,5,61,54,36,0,57,62,38,58,32,8,35,1,23,9,4,28,26,34,37
13,53,42,56,33,4,54,3,29,14,25,8,27,32,20,24,2,45,49,36,17,28,23,15,31,7,18,37,50,43,9,12,22,40,26,6,63,5,47,1,55,10,35,60,30,16,11,62,52,48,61,21,57,41,34,39,44,19,58,38,51,59,46,0
21,57,14,47,53,15,2,34,13,38,17,26,19,60,31,45,5,22,24,54,33,30,49,40,32,59,27,10,43,12,50,16,9,55,18,25,46,48,29,35,37,36,42,6,39,41,8,23,51,7,1,56,63,0,62,58,44,28,4,61,11,52,20,3
32,55,62,46,3,24,36,60,13,22,61,40,28,49,1,56,43,7,53,47,12,44,20,33,41,63,23,21,42,29,48,16,30,52,14,8,4,26,15,58,27,25,11,39,54,38,51,9,5,0,18,50,31,2,37,57,10,45,17,6,35,19,59,34
15,26,30,25,57,33,11,43,54,12,7,63,38,42,53,39,58,45,49,4,22,3,2,23,24,55,31,48,21,47,36,46,35,5,1,13,56,62,6,37,8,17,20,14,28,19,18,60,52,51,44,0,29,9,61,50,41,34,32,10,16,40,27,59
20,1,52,11,29,32,57,25,4,36,33,24,54,15,38,49,37,26,3,40,61,23,14,22,21,63,18,47,13,8,34,7,45,56,51,17,46,60,55,0,30,19,39,42,5,58,12,44,43,10,28,50,27,35,41,62,53,6,16,48,9,2,59,31
38,42,32,26,27,54,22,60,56,48,43,52,58,8,44,34,51,45,19,59,41,33,30,7,14,47,4,57,62,15,37,3,21,49,5,25,28,1,29,2,36,17,53,13,18,61,0,16,35,11,23,12,40,24,63,31,46,6,50,10,9,20,39,55
50,18,44,46,56,12,17,61,51,58,60,30,19,29,23,39,49,34,52,41,47,13,27,35,8,14,28,3,42,15,55,21,48,0,45,59,53,22,1,40,43,54,32,38,4,62,36,2,33,6,63,26,16,11,57,7,31,20,9,37,25,10,24,5
2,58,53,6,56,39,25,18,41,63,45,46,14,48,51,4,34,49,20,59,60,38,29,24,15,42,17,22,11,31,19,10,7,16,57,43,40,33,12,52,0,61,36,47,3,9,44,26,28,8,21,13,32,50,54,35,30,5,55,37,27,1,23,62
44,52,19,2,42,50,40,62,10,15,6,51,5,17,16,61,30,1,26,37,9,41,63,38,47,3,39,59,33,57,60,45,46,4,29,8,0,32,35,13,53,7,54,20,21,11,25,14,27,18,34,22,36,55,23,56,48,31,12,49,58,43,28,24
43,39,12,18,10,34,26,21,14,20,45,53,38,13,37,29,28,63,31,17,30,42,8,23,9,2,19,49,56,15,1,52,32,11,41,58,25,40,55,57,62,4,22,6,16,27,7,33,61,36,59,24,46,0,51,60,48,47,44,5,3,50,54,35
42,20,1,57,54,23,22,6,18,41,5,52,0,40,29,55,33,56,62,26,3,31,50,47,44,36,53,7,15,61,8,39,34,32,24,4,37,17,51,43,10,59,48,30,46,63,27,14,19,38,12,25,60,2,58,49,28,45,35,9,21,13,16,11
27,47,12,26,41,42,54,34,18,11,4,49,17,23,3,10,16,19,31,1,39,14,24,9,30,21,28,15,43,8,62,35,59,5,25,32,56,46,50,61,0,51,38,2,33,44,53,58,29,20,37,60,55,45,48,7,6,52,57,40,13,63,22,36
12,22,56,39,57,6,3,54,34,63,47,2,10,32,27,7,25,19,9,52,5,17,49,38,13,18,43,36,29,30,53,8,24,55,31,58,21,60,41,48,20,26,14,33,50,37,15,59,42,61,45,46,51,40,62,35,11,28,0,16,4,23,1,44
12,48,8,22,24,1,32,46,51,52,30,13,53,57,28,56,23,43,54,21,38,6,40,62,34,4,3,59,15,39,25,19,60,26,37,18,0,20,45,7,16,44,31,55,42,9,50,47,49,5,36,58,29,17,63,14,27,41,61,11,35,2,33,10
17,62,48,38,44,2,50,46,39,51,58,35,15,8,21,40,60,30,31,54,32,41,28,23,0,18,24,14,47,9,19,5,57,53,20,4,37,6,55,56,27,12,43,13,36,25,22,59,63,34,1,3,52,29,26,42,45,10,7,49,61,16,11,33
53,42,12,4,10,29,63,8,56,13,34,21,16,39,26,62,41,46,50,47,35,61,51,5,30,6,55,45,27,0,38,49,19,36,9,59,3,54,1,40,18,31,23,52,58,25,57,11,2,28,33,20,48,60,22,15,43,7,37,17,32,24,14,44
27,37,55,10,57,16,40,20,3,29,7,51,33,2,38,18,53,49,6,41,59,19,24,28,1,9,5,60,0,12,56,50,23,63,14,32,39,25,52,8,48,22,11,61,4,42,34,21,30,43,17,46,62,44,15,26,54,13,45,36,35,47,31,58
45,27,48,36,55,22,19,42,21,53,57,2,59,49,61,15,43,39,30,12,8,13,38,62,23,20,17,35,7,6,0,24,26,44,32,1,29,41,34,33,28,3,14,54,63,4,40,46,9,10,51,60,16,5,31,18,58,25,50,47,11,37,52,56
14,8,40,44,26,61,29,55,34,56,7,49,43,13,63,15,50,51,47,0,53,31,21,59,9,58,19,11,10,16,22,60,37,36,17,25,48,1,39,2,28,24,33,38,5,27,42,54,45,6,57,46,4,20,62,30,32,23,41,3,35,52,12,18
54,56,10,28,7,40,33,15,17,6,58,52,45,1,60,18,50,26,5,61,27,8,2,0,57,35,63,4,36,49,34,3,31,20,37,12,22,55,21,29,53,62,14,16,51,38,32,30,9,11,13,41,44,43,19,47,39,25,46,42,23,59,24,48
30,1,32,29,7,48,27,22,20,60,57,43,12,4,58,26,34,56,11,52,15,36,54,40,37,51,2,3,17,14,9,35,46,42,33,21,47,53,44,13,6,49,28,38,50,24,10,5,18,16,41,19,0,62,31,25,45,39,61,8,23,63,55,59
45,33,31,11,0,46,19,35,20,10,47,23,30,1,8,37,18,3,12,60,32,17,15,43,57,27,56,42,49,7,21,52,34,53,38,62,28,63,6,5,36,16,13,48,9,59,51,54,55,2,50,4,39,44,40,41,25,58,14,26,29,24,22,61
16,0,58,13,6,38,14,9,34,47,48,52,5,43,22,33,24,57,59,17,41,4,61,51,11,36,44,26,35,19,49,37,3,63,53,60,8,40,56,54,62,27,20,29,50,2,25,10,39,46,7,15,12,30,32,1,45,23,55,21,18,31,28,42
34,32,36,63,55,41,3,57,37,42,5,19,60,43,16,28,11,59,33,20,26,50,13,18,27,48,44,45,24,14,7,30,62,1,29,51,39,2,61,4,9,38,10,53,17,6,0,35,15,47,40,8,21,12,56,49,52,54,25,46,22,58,31,23
42,33,11,47,22,7,53,27,4,17,15,21,19,5,52,16,6,25,18,20,23,46,34,35,49,63,24,51,9,1,38,36,8,50,57,28,58,2,43,0,13,26,39,12,44,30,55,10,29,31,40,62,41,32,45,56,54,60,37,59,3,61,14,48
25,26,13,62,54,9,47,56,29,51,57,39,21,49,24,17,8,18,45,38,28,40,31,60,12,6,7,1,4,36,16,3,22,37,48,53,32,27,5,44,63,0,30,61,42,41,52,20,35,58,23,15,33,55,19,34,14,11,43,10,59,46,2,50
44,52,59,37,26,31,10,19,33,47,6,38,21,36,4,8,40,9,34,62,58,12,3,27,50,32,11,15,48,16,0,60,24,54,18,1,30,5,2,22,20,13,41,28,46,45,35,25,63,51,61,29,23,14,49,43,42,7,57,56,39,53,55,17
36,45,8,54,10,41,26,47,11,43,61,9,49,22,16,13,29,57,6,56,59,1,15,60,42,28,55,25,53,24,33,58,37,20,7,40,35,63,19,18,17,2,3,12,50,0,14,23,62,52,31,4,46,21,51,34,38,44,27,32,5,48,39,30
39,3,16,0,26,52,43,33,34,11,6,41,38,5,61,48,30,2,44,50,62,29,40,32,13,17,36,56,53,8,37,12,10,7,58,35,45,19,9,57,1,47,24,14,27,18,42,25,54,51,28,60,22,59,4,63,15,20,55,31,46,21,49,23
26,61,7,14,62,51,44,40,2,33,32,30,9,46,27,36,23,55,24,49,56,21,45,52,42,22,39,25,34,10,47,53,17,29,0,54,4,31,50,18,28,20,5,57,48,6,19,16,37,11,12,35,59,58,41,3,1,8,38,63,13,60,15,43
8,60,19,38,16,30,11,20,4,37,63,47,39,21,32,33,61,5,3,62,17,40,27,43,26,22,34,45,35,13,48,56,9,15,50,57,58,7,2,36,41,53,51,46,29,55,28,14,12,1,24,18,10,52,23,42,49,54,0,59,31,25,6,44
44,47,26,42,10,3,40,52,2,21,30,18,24,46,43,48,7,17,13,56,8,9,1,45,49,57,51,32,20,0,29,62,31,41,12,36,50,60,37,4,53,22,28,55,33,58,54,25,6,34,59,5,61,11,23,35,38,14,63,39,19,16,27,15
49,41,52,48,17,44,16,32,57,24,61,60,58,40,46,25,14,8,37,9,27,36,19,51,4,20,47,3,21,33,6,0,5,12,2,42,39,10,35,11,63,26,7,53,43,22,56,38,62,18,50,13,31,55,29,28,15,23,45,54,30,1,34,59
30,60,23,29,0,35,27,48,19,11,1,62,10,26,37,45,42,12,59,43,38,33,52,40,21,4,41,15,49,39,28,31,5,2,32,50,44,54,53,3,34,14,7,47,16,8,55,13,24,20,57,36,18,58,51,25,61,6,46,63,9,22,17,56
33,42,62,53,31,56,7,41,39,52,26,16,54,4,58,43,17,21,23,0,35,48,47,46,51,8,27,59,34,30,44,28,10,14,3,5,50,22,2,18,32,37,20,38,60,29,6,40,49,25,1,24,55,61,12,11,15,57,45,9,19,63,36,13
9,1,34,4,5,51,25,54,10,18,38,2,55,36,8,14,31,21,49,15,26,40,37,17,35,16,57,24,62,12,61,47,41,32,42,46,28,6,27,58,13,53,22,52,63,45,59,23,30,3,43,19,20,29,7,44,39,0,48,33,50,60,11,56
2,55,22,44,13,52,34,43,15,50,8,60,9,12,62,6,18,40,23,25,39,47,63,36,51,48,5,28,38,53,58,14,26,29,17,3,61,35,45,4,21,33,42,31,19,56,1,59,20,54,7,49,10,32,0,16,11,27,24,57,41,37,30,46
26,6,49,39,41,18,35,34,56,31,1,51,17,37,38,0,3,55,46,19,7,15,45,50,32,57,61,59,28,60,8,13,24,36,11,29,47,14,22,25,52,44,12,62,33,30,58,27,43,16,63,21,5,23,42,48,4,10,40,9,53,20,2,54
49,39,6,10,52,33,23,56,29,47,25,1,14,40,9,16,48,19,18,59,32,51,22,62,41,17,31,44,53,30,37,0,55,43,54,8,36,7,57,24,3,11,4,2,28,20,13,27,12,21,38,5,50,63,45,46,34,26,60,61,15,35,58,42
50,43,42,63,8,27,31,12,26,55,30,53,62,13,38,44,1,61,24,20,15,36,23,18,45,49,16,51,3,41,32,2,25,58,19,33,56,47,35,4,11,17,54,39,37,59,48,7,57,46,10,9,0,14,52,40,6,28,34,22,29,21,5,60
42,2,12,32,47,52,28,18,30,0,9,55,58,60,20,4,51,23,13,22,15,7,35,21,46,54,56,27,8,62,25,10,39,1,6,50,63,16,43,53,57,11,45,48,5,49,29,26,19,31,41,17,33,44,24,37,34,38,3,40,36,61,14,59
4,22,40,58,46,37,2,59,33,26,36,10,38,27,32,8,51,16,56,41,29,54,0,34,52,1,49,12,5,15,45,53,24,14,30,25,21,42,19,11,63,9,13,28,48,18,39,44,6,31,47,35,23,7,3,50,57,55,20,43,61,60,62,17
60,25,32,51,33,48,39,16,20,12,38,31,42,7,14,40,63,23,22,45,1,3,36,50,57,55,2,44,10,52,18,59,35,47,56,28,21,27,46,26,54,15,61,13,49,30,53,5,24,0,6,8,11,17,43,58,29,34,62,19,4,37,9,41
20,53,63,62,17,10,1,49,57,9,7,29,23,59,28,32,21,16,58,30,25,5,4,13,34,43,54,55,18,33,41,8,42,47,15,52,2,3,19,35,46,31,24,45,38,12,48,14,22,27,37,60,50,40,44,11,39,26,51,61,0,6,36,56
14,50,18,32,41,58,33,44,1,63,42,57,20,37,39,52,21,54,4,0,23,48,17,25,6,60,3,12,9,27,16,45,47,7,28,19,22,55,51,5,15,56,11,38,10,31,24,30,26,40,35,59,46,49,8,62,34,53,61,13,43,2,36,29
44,60,36,5,63,62,23,10,59,51,22,48,45,40,26,56,25,43,19,32,57,49,2,54,39,34,29,16,35,20,46,8,4,13,38,58,9,37,53,0,1,33,41,12,24,17,18,7,61,14,21,31,3,52,42,6,27,50,55,28,30,47,11,15
0,22,52,33,20,1,7,48,61,62,43,59,44,40,25,42,55,12,10,19,41,31,29,14,2,37,6,16,13,21,39,50,46,15,3,47,53,8,5,27,32,56,51,4,57,45,23,49,34,9,17,38,11,54,18,58,60,63,26,28,35,30,24,36
26,19,28,13,49,14,56,35,54,10,37,50,47,34,3,45,40,59,22,51,48,31,44,15,6,52,7,9,58,16,60,29,11,32,25,24,0,23,43,63,39,55,62,5,20,42,8,18,61,36,33,41,57,53,27,1,30,17,46,4,2,21,38,12
26,20,3,49,47,7,31,37,39,61,27,48,36,32,4,2,58,11,28,15,8,45,62,1,25,22,18,13,50,35,12,42,43,17,57,16,23,56,19,10,40,63,30,29,9,6,46,33,0,24,52,59,41,51,60,54,5,21,44,55,34,38,53,14
48,13,15,34,2,44,45,23,31,20,53,29,25,5,57,43,56,54,35,32,40,51,39,7,18,9,14,36,10,21,16,62,0,41,19,61,6,17,27,26,1,8,38,55,22,42,60,59,46,63,11,3,12,37,47,49,30,58,50,33,24,52,4,28
14,16,53,38,34,1,63,32,50,15,11,58,30,41,29,21,59,20,57,28,35,37,45,33,54,19,8,17,46,31,13,22,44,7,55,2,61,52,27,47,62,56,9,25,40,0,42,23,10,12,24,26,43,48,18,60,39,4,51,36,49,3,5,6
34,61,20,39,42,26,24,46,58,21,60,3,62,56,55,11,49,54,48,17,38,63,6,16,28,15,52,22,33,35,51,37,44,13,19,32,2,4,1,5,12,53,45,41,47,0,59,7,23,36,27,9,8,10,30,29,50,57,40,18,14,43,25,31
37,3,47,56,7,61,16,48,1,27,11,14,0,41,57,35,21,63,25,51,26,12,33,53,9,42,44,46,34,17,19,5,49,54,38,31,59,28,8,55,39,60,4,10,50,20,2,18,43,23,29,62,36,15,45,6,30,24,13,52,32,22,40,58
49,40,19,57,13,7,16,55,24,61,59,35,37,47,22,17,15,63,38,27,53,30,60,51,9,1,0,46,48,39,34,50,10,54,14,2,21,42,29,6,58,3,45,32,23,52,36,4,20,31,8,43,56,41,18,33,28,62,5,25,11,44,12,26
8,62,10,52,59,28,11,5,12,58,3,37,53,9,43,44,45,47,49,4,0,18,34,2,46,48,39,32,38,16,19,29,7,54,14,36,26,30,15,24,21,60,25,50,22,42,1,61,57,17,27,33,55,40,63,6,13,23,41,31,51,20,35,56
25,41,20,43,1,63,48,13,37,58,10,39,30,6,59,7,16,60,14,51,2,27,54,11,50,9,57,53,55,22,21,28,45,44,23,8,62,56,0,34,17,38,36,47,42,52,5,15,49,35,18,46,24,29,32,12,61,3,19,26,31,40,4,33
8,39,22,63,44,55,4,40,18,32,30,58,10,60,51,5,59,13,7,54,17,53,57,31,34,48,11,19,26,42,25,2,46,62,14,36,45,16,41,35,29,50,43,3,9,12,23,28,21,15,6,49,24,20,1,33,38,52,61,27,37,0,56,47
58,15,27,47,29,60,19,25,0,35,14,50,18,46,37,7,21,4,59,34,9,16,48,57,23,39,49,2,28,31,22,13,3,51,30,24,10,12,54,5,55,56,36,6,33,32,20,41,1,38,61,44,53,40,17,11,8,52,43,63,45,62,42,26
0,39,26,56,49,25,35,1,22,55,12,57,61,23,45,17,41,59,36,3,63,50,53,19,33,15,40,30,28,44,54,62,29,34,18,9,37,8,32,4,14,2,47,6,51,31,21,24,20,5,7,38,48,10,13,42,27,11,46,43,58,60,52,16
20,12,10,38,4,11,56,16,40,49,0,30,17,36,37,35,13,26,18,22,48,7,60,41,21,32,9,3,1,63,8,62,15,59,54,34,25,24,46,39,27,51,43,52,55,58,50,2,5,57,19,33,28,44,6,47,29,31,14,23,53,42,61,45
22,58,59,12,20,8,54,1,14,38,29,6,10,39,30,61,19,45,44,23,28,40,16,27,49,48,51,7,55,47,31,60,5,63,62,4,37,52,56,2,33,17,43,18,42,36,34,24,9,32,25,50,57,21,53,15,0,11,46,41,3,26,13,35
53,24,44,11,62,19,61,17,35,15,56,34,38,3,21,28,14,25,12,43,52,16,10,48,5,29,4,51,26,40,55,0,39,2,37,46,20,18,9,31,50,7,6,33,23,30,47,42,1,8,57,36,60,59,49,41,13,27,32,22,45,58,54,63
12,36,4,61,62,31,52,46,17,43,35,49,39,53,44,29,58,2,51,13,6,0,3,1,47,40,33,63,9,15,54,60,20,42,23,57,37,5,56,14,19,27,50,38,8,30,10,32,26,55,34,16,25,59,24,28,48,45,18,7,22,21,41,11
3,47,42,14,23,0,13,29,62,37,48,21,16,17,51,18,11,58,12,15,33,60,25,22,24,49,39,31,36,7,38,6,63,35,53,9,54,41,5,52,8,46,19,55,2,1,59,57,40,28,27,10,20,34,43,4,44,50,61,56,32,30,26,45
54,15,0,53,30,59,49,37,8,56,22,29,3,46,24,35,55,5,57,6,27,31,52,2,1,50,63,51,17,26,7,32,4,13,47,18,25,10,9,39,42,60,36,40,19,34,43,48,38,33,12,14,28,58,11,16,45,41,62,21,20,44,23,61
24,13,55,37,47,32,34,11,46,27,10,9,30,60,35,50,16,19,17,48,33,45,58,59,29,53,25,4,39,14,41,15,63,57,44,38,49,43,6,51,61,52,22,0,1,20,36,12,7,26,3,62,28,21,2,18,8,5,23,40,31,42,56,54
19,55,2,45,39,48,27,50,10,9,38,28,37,32,61,35,36,46,30,41,44,47,58,0,5,62,43,60,11,54,40,13,25,17,8,49,42,26,14,51,23,21,29,1,22,34,4,24,6,7,63,16,31,53,20,33,56,52,57,12,15,3,18,59
30,29,51,63,38,57,1,37,32,13,48,18,35,25,53,2,17,42,52,60,7,22,41,43,26,16,9,39,5,14,36,8,23,12,21,11,34,40,24,20,45,19,47,55,3,27,31,56,44,46,50,6,10,28,15,61,54,62,0,59,49,33,4,58
17,53,8,5,41,3,52,48,25,12,21,31,19,37,23,62,59,1,45,4,38,42,44,58,40,46,29,63,32,51,43,16,61,22,28,18,47,30,35,0,15,56,49,24,55,33,34,7,26,36,11,57,10,60,39,13,2,14,9,6,27,50,54,20
1,33,41,21,35,62,12,31,36,25,16,43,58,37,11,27,8,55,5,15,40,61,13,42,63,52,38,48,18,29,6,10,54,39,28,50,59,20,3,47,9,23,46,56,53,0,57,22,7,45,14,4,2,44,32,26,30,51,24,49,60,19,34,17
60,15,58,2,10,46,19,61,59,13,12,32,55,39,1,51,36,8,62,63,21,17,29,33,3,27,48,49,0,31,11,23,56,38,7,9,53,52,44,14,54,22,50,25,20,26,57,30,47,45,5,24,40,6,28,18,41,35,16,4,34,37,42,43
31,56,1,57,48,26,9,28,24,36,52,33,13,7,8,38,55,45,53,50,27,5,18,21,41,32,34,11,37,3,12,16,61,10,47,62,39,14,4,2,51,43,54,60,20,35,46,49,22,30,6,0,40,44,19,25,42,58,63,15,59,17,23,29
35,63,38,40,53,1,17,15,31,41,42,52,22,24,37,8,30,13,20,5,59,54,11,23,56,19,0,36,47,45,18,27,55,44,50,4,62,6,57,33,28,48,7,60,25,51,21,26,39,43,46,3,12,32,58,49,34,2,61,10,29,9,16,14
14,38,60,56,63,2,45,46,33,19,12,27,58,53,61,21,13,54,39,6,8,0,25,52,51,15,1,43,22,42,10,4,26,18,9,20,24,44,48,59,7,47,34,23,55,40,30,57,32,31,36,17,50,3,5,11,28,16,37,62,41,29,35,49
52,48,63,31,18,8,26,29,6,47,42,3,35,58,59,16,50,44,39,24,60,55,4,28,56,22,37,7,10,43,51,19,41,40,0,45,11,49,32,2,30,14,53,5,12,54,36,61,9,62,21,46,13,15,17,20,23,57,34,1,33,27,38,25
9,38,27,29,10,48,15,28,36,30,55,21,2,20,61,47,19,44,60,31,43,50,57,41,3,11,25,5,33,0,26,23,24,12,46,58,1,32,6,40,4,39,7,37,52,56,45,42,18,62,22,35,16,34,53,54,49,51,13,59,14,63,8,17
30,24,63,6,56,59,1,2,18,52,57,36,19,45,51,50,13,37,15,60,11,44,54,27,58,17,47,8,46,5,32,14,16,29,28,42,39,61,10,26,25,40,4,62,22,43,7,53,23,55,20,9,38,34,35,31,0,21,41,48,33,49,12,3
58,35,25,1,15,38,21,17,48,50,31,9,27,32,44,53,28,16,54,12,6,45,8,29,5,22,18,39,4,10,7,55,52,51,41,59,34,43,19,11,13,26,24,2,42,3,33,62,14,56,20,60,36,0,57,40,47,61,46,23,37,30,49,63
9,38,3,44,42,32,10,36,4,54,62,49,45,11,21,39,12,53,41,40,20,28,47,29,18,61,56,52,59,31,6,57,33,16,1,17,30,5,60,19,25,0,14,37,26,7,2,27,23,34,46,58,13,48,43,22,51,35,63,8,24,50,55,15
24,29,33,3,30,36,39,63,34,38,61,0,37,14,59,47,53,23,58,40,17,50,21,27,4,16,9,10,6,41,48,7,5,25,45,26,11,60,62,43,2,42,8,55,35,31,19,46,56,13,1,32,54,57,28,51,12,52,18,44,15,20,49,22
57,32,43,17,5,40,2,29,39,28,34,8,61,1,53,58,9,63,25,14,7,13,36,46,51,26,42,30,18,60,16,49,48,45,31,4,3,50,37,47,10,54,12,52,19,21,20,35,23,22,56,27,38,11,33,41,24,62,55,59,0,44,15,6
32,30,38,44,24,17,48,29,61,20,5,45,15,21,54,3,35,22,9,51,58,56,18,7,10,47,52,25,8,2,23,60,28,59,53,39,26,55,13,33,31,63,46,0,12,40,50,62,19,27,16,34,1,43,14,4,57,42,49,36,37,11,41,6
51,29,16,53,52,56,4,8,10,22,15,17,62,46,45,5,27,12,34,38,55,63,20,33,31,18,11,25,14,47,35,2,59,0,41,60,32,23,44,3,28,1,19,9,61,6,13,49,24,21,7,57,50,36,42,48,30,58,39,54,43,40,26,37
18,41,4,44,21,28,40,14,59,20,29,10,5,58,49,56,55,43,19,13,51,50,62,38,48,16,35,8,6,42,53,26,39,11,22,36,34,23,15,2,33,60,7,47,3,9,61,31,12,27,57,25,0,63,30,17,1,52,32,46,37,24,54,45
54,8,28,2,31,23,45,59,33,43,25,1,39,50,18,57,26,10,62,36,29,41,32,58,47,49,38,6,11,22,16,19,24,4,63,37,61,27,20,46,13,48,55,17,40,12,30,3,53,56,15,42,51,21,34,0,9,52,60,14,44,35,7,5
1,54,51,16,28,41,57,18,60,31,44,48,21,14,45,9,34,5,11,6,2,59,8,37,10,35,3,7,25,56,27,17,43,47,13,55,40,29,62,12,61,50,32,33,19,24,52,23,49,42,26,58,20,53,63,22,36,38,0,46,39,4,30,15
30,15,34,62,0,55,37,12,40,61,25,35,26,4,14,18,16,59,57,11,23,21,20,53,9,19,17,31,60,47,54,45,36,51,3,58,8,7,10,52,22,41,29,2,50,63,5,13,1,24,48,39,44,27,38,6,33,32,56,49,28,42,43,46
36,60,52,50,38,26,2,30,31,39,17,20,34,42,9,6,35,57,19,14,33,24,5,15,40,1,49,62,32,27,21,13,25,7,23,48,55,41,47,51,56,3,63,46,16,28,29,61,44,43,22,45,54,4,8,59,53,58,0,10,11,12,18,37
55,54,35,17,13,59,48,3,40,42,50,11,45,44,38,18,9,26,2,4,24,51,36,1,61,37,62,31,30,52,57,6,14,56,33,10,7,22,46,25,15,0,28,29,47,21,19,53,8,12,23,49,20,43,60,5,58,16,32,27,63,41,34,39
45,2,54,61,41,0,33,10,63,3,62,58,38,55,60,15,46,32,57,29,36,34,21,39,52,24,5,25,50,59,7,26,8,19,31,30,17,22,6,35,37,48,49,13,42,51,27,1,53,14,47,12,23,44,11,20,28,4,16,43,18,56,40,9
52,61,39,17,10,20,9,14,12,57,30,59,45,24,40,2,15,56,28,44,18,1,46,55,7,63,35,22,41,37,34,53,54,3,11,58,49,42,33,29,43,31,19,32,38,16,48,60,0,25,47,26,8,51,62,23,21,6,4,50,36,27,5,13
59,13,42,15,28,26,63,58,56,8,39,17,1,33,54,22,36,7,14,24,35,18,10,45,49,3,37,48,19,30,62,44,51,50,21,23,5,32,31,52,29,60,47,46,27,0,61,16,38,2,12,41,34,9,40,25,57,6,55,11,53,4,43,20
63,58,17,1,56,49,43,25,10,45,13,50,0,28,12,11,15,23,37,4,31,29,2,62,59,22,39,26,38,33,32,16,9,3,46,48,34,51,7,55,27,54,35,60,18,57,36,8,21,53,30,47,14,6,61,20,24,44,41,40,42,19,52,5
16,45,36,22,34,4,42,5,60,14,55,9,25,3,49,6,61,21,32,7,41,63,35,23,29,46,19,48,58,38,24,0,59,26,47,50,1,20,40,30,18,15,33,10,28,51,39,17,52,54,13,56,44,12,31,43,27,11,2,57,53,62,37,8
25,55,39,0,34,45,7,47,51,52,10,24,37,48,14,16,38,40,36,21,26,30,18,2,59,12,57,23,60,29,17,33,54,20,5,46,32,61,43,49,44,50,56,4,35,22,28,13,6,9,8,15,1,11,27,63,41,31,62,19,42,53,58,3
56,18,42,10,61,21,2,11,52,30,36,0,33,39,25,50,53,55,59,7,19,8,23,4,44,62,6,13,46,27,16,49,9,51,14,35,47,38,60,40,32,34,20,28,26,43,15,29,3,1,37,45,22,24,12,41,31,48,5,58,17,54,63,57
8,24,16,41,31,56,44,13,46,58,19,50,52,40,60,57,11,55,62,22,34,21,3,26,27,18,47,53,28,43,2,23,35,45,63,59,7,30,12,9,15,33,20,48,42,51,25,4,37,5,61,0,10,54,49,38,39,1,14,32,29,17,6,36
39,2,37,57,40,48,43,13,51,12,14,47,8,18,3,11,5,62,24,45,30,53,6,27,1,9,41,63,23,55,17,10,61,19,29,20,16,38,35,4,15,46,49,7,52,0,34,32,60,42,26,58,50,59,36,54,22,44,21,28,31,25,56,33
46,49,45,53,63,43,3,55,14,29,41,13,26,40,31,32,24,52,47,11,59,62,25,23,12,50,36,39,38,60,28,15,10,27,42,44,30,6,4,57,34,17,9,56,16,1,48,18,21,35,5,37,54,51,7,19,20,33,2,0,58,8,61,22
29,47,22,26,58,9,12,15,14,63,11,55,40,2,8,10,37,34,27,48,33,5,56,35,38,28,16,19,60,18,50,61,57,0,62,39,59,17,53,1,36,3,30,25,6,49,46,21,32,4,20,45,52,7,42,44,13,43,23,54,24,51,31,41
37,59,54,51,63,38,47,9,48,32,16,61,3,34,23,45,24,25,40,2,5,0,11,49,39,6,50,43,12,20,19,56,10,62,8,31,30,33,4,14,22,27,29,7,21,13,26,42,55,36,28,60,44,1,17,52,53,35,18,58,41,46,15,57
6,55,17,16,11,24,62,42,44,21,31,59,25,2,0,23,43,30,52,8,45,13,4,1,38,36,33,48,10,49,51,15,61,7,14,54,29,60,50,57,58,20,9,41,37,35,26,32,28,12,63,3,22,56,53,40,27,47,18,5,34,46,19,39
62,44,25,42,53,60,14,43,18,16,28,55,52,2,38,37,30,4,23,6,51,8,29,57,15,35,21,31,36,40,7,11,54,17,49,61,47,22,26,12,48,33,45,20,0,50,27,41,19,1,5,24,3,13,10,58,46,56,34,63,9,39,59,32
4,54,8,26,58,50,12,44,63,49,16,25,48,33,23,42,10,52,5,43,11,17,41,18,2,21,34,35,32,0,36,9,60,13,59,55,53,46,29,28,47,1,7,14,19,22,24,31,30,57,40,15,45,20,3,27,62,39,38,37,6,51,61,56
45,52,18,60,32,36,17,16,37,59,26,19,12,62,49,63,43,8,34,29,46,35,44,27,56,21,1,10,3,40,54,20,41,39,2,24,33,0,38,47,6,11,23,22,55,28,5,15,53,31,51,4,61,42,30,14,57,9,13,25,58,7,48,50
17,18,36,62,16,60,31,10,28,44,26,41,59,55,63,50,39,54,9,23,1,29,11,6,5,22,27,45,20,40,34,56,0,47,38,52,8,33,35,24,25,32,2,46,12,37,3,49,58,13,19,51,48,14,43,57,61,7,53,4,21,30,42,15
12,52,27,19,23,48,24,44,58,34,42,61,49,28,2,33,45,7,13,0,25,37,1,47,26,20,22,59,3,62,5,10,53,38,31,29,11,15,14,50,18,8,36,16,55,60,32,35,39,41,4,56,54,51,57,17,21,40,6,43,30,46,9,63
9,47,38,10,3,12,53,7,26,32,40,15,52,25,31,58,36,24,43,2,14,0,55,11,37,50,59,46,48,33,35,18,63,23,21,6,27,45,57,8,29,30,19,4,44,20,61,34,17,54,16,13,5,49,51,1,60,56,39,62,28,22,42,41
10,20,5,14,45,56,36,22,2,4,11,31,24,63,15,50,57,3,30,60,51,49,32,46,62,41,0,27,52,48,40,26,35,43,38,53,1,34,19,47,25,13,28,29,6,17,21,16,55,7,61,58,42,23,33,59,37,44,8,54,18,39,12,9
26,39,61,17,31,1,10,16,24,27,6,30,35,45,13,32,18,50,38,9,49,7,60,56,29,40,14,36,20,34,0,3,51,57,58,37,43,12,28,55,8,21,47,25,2,5,59,62,53,52,41,63,44,22,4,48,15,33,46,23,54,42,19,11
1,63,54,60,49,12,37,9,14,6,45,8,41,7,50,46,25,52,17,19,62,26,47,23,35,48,18,2,16,11,59,4,3,51,13,29,55,44,27,22,56,57,40,24,36,31,0,58,42,61,10,20,34,32,15,43,39,28,30,21,38,33,5,53
48,29,4,23,22,6,12,19,1,49,8,45,24,60,11,53,43,9,41,15,35,36,40,57,2,3,21,14,20,10,38,25,18,56,28,30,54,50,42,39,47,13,34,59,5,32,61,52,16,46,27,44,7,55,26,62,51,31,0,63,33,58,37,17
14,20,51,4,6,38,29,28,11,8,63,52,62,54,10,18,56,13,7,42,16,17,61,48,24,40,58,23,30,59,46,2,37,50,35,41,19,22,49,3,57,0,32,36,44,45,21,25,34,55,27,53,39,43,26,15,5,1,12,9,33,31,60,47
15,48,37,63,33,36,50,9,59,56,7,60,6,40,41,38,5,4,52,49,43,27,17,0,51,3,42,53,24,18,46,12,19,30,32,34,39,58,23,57,13,55,1,20,25,14,35,47,45,61,28,44,10,54,11,22,16,31,2,62,26,29,21,8
44,26,51,40,38,47,8,1,16,58,14,55,49,12,0,63,13,56,28,33,50,30,4,35,24,7,36,61,23,20,11,45,19,5,39,2,21,18,17,46,29,59,31,15,22,52,34,62,60,53,41,42,3,10,54,57,43,37,48,27,32,6,25,9
4,13,3,12,22,15,52,49,5,21,62,34,45,60,61,26,25,14,42,1,55,24,29,27,51,47,17,9,19,33,35,53,11,36,32,56,38,37,63,18,23,31,30,54,48,58,40,8,44,0,57,43,2,7,28,41,6,39,59,46,16,10,50,20
15,45,20,44,34,48,53,24,17,49,59,13,57,52,10,29,37,4,11,7,42,28,18,2,19,23,9,60,25,47,5,35,50,39,36,38,21,43,0,33,27,26,56,51,14,62,40,31,3,6,30,54,55,22,12,8,41,63,46,32,61,1,58,16
20,52,9,41,38,46,24,59,8,47,48,43,36,28,33,31,7,39,58,26,0,11,30,63,55,56,4,60,10,3,22,35,13,34,27,15,16,51,12,45,44,57,61,25,14,5,32,29,19,21,2,23,50,42,40,53,49,1,62,18,54,6,37,17
5,13,18,25,34,36,28,24,39,58,29,32,60,16,27,33,55,38,15,30,0,1,61,49,2,20,9,11,50,62,45,46,4,56,57,23,14,41,53,52,3,17,22,59,26,54,51,44,43,48,12,37,35,6,21,31,63,40,10,19,8,47,7,42
27,28,44,14,31,63,46,59,5,41,19,2,17,53,54,36,3,9,52,48,13,8,62,25,35,21,33,29,37,61,50,1,16,45,20,6,15,22,0,18,56,11,32,12,51,49,60,58,4,38,39,43,7,10,23,55,24,34,26,57,42,47,30,40
35,43,10,4,49,38,51,22,62,0,54,9,34,23,60,2,40,37,45,11,25,24,47,32,17,36,5,31,39,50,13,8,28,53,16,41,18,14,58,29,59,12,57,55,21,19,20,61,7,44,63,46,15,1,33,3,42,6,52,56,26,30,27,48
51,40,6,48,58,24,38,23,9,1,12,16,2,21,34,15,27,8,56,41,4,33,63,36,37,50,46,29,55,17,52,60,59,62,19,20,14,22,10,7,42,28,39,61,45,0,43,35,49,57,18,32,47,44,30,25,53,54,31,3,11,13,26,5
39,61,53,54,62,0,20,2,31,48,36,25,21,1,27,6,7,14,8,42,52,15,33,26,38,3,46,56,57,37,24,59,45,13,40,32,44,5,30,60,55,11,34,28,63,23,10,22,47,16,9,51,4,50,58,29,49,12,41,17,19,18,43,35
4,42,26,21,11,63,31,3,12,46,37,18,2,35,25,22,9,52,1,33,55,13,36,51,56,50,47,27,6,57,8,58,43,5,34,40,62,60,7,38,39,23,28,16,14,17,61,48,0,53,49,59,24,29,10,44,41,20,54,15,45,19,32,30
45,32,27,33,35,9,18,30,11,19,5,13,40,14,15,31,57,50,8,26,52,34,59,62,42,56,48,38,44,36,4,49,39,1,28,6,55,43,29,22,16,7,58,63,24,20,3,21,51,46,12,53,61,54,37,47,25,41,2,10,60,17,23,0
21,55,7,13,63,30,24,57,3,45,18,35,4,31,29,38,19,6,44,47,10,43,9,41,50,5,27,25,15,42,12,36,1,28,33,61,34,48,46,11,59,62,14,8,20,16,60,17,26,23,51,22,37,32,58,54,49,56,52,40,0,53,39,2
63,22,7,42,48,60,53,19,29,33,24,8,13,1,12,40,41,6,34,16,30,50,49,52,31,45,18,59,43,25,9,36,32,55,61,26,57,44,20,3,47,17,51,11,56,10,4,35,15,37,58,23,46,2,21,5,28,62,0,27,14,39,54,38
31,27,4,2,18,29,61,57,42,15,37,60,24,53,38,63,51,10,16,33,8,19,56,14,26,50,36,44,23,49,6,25,30,34,1,11,48,46,28,41,32,62,45,13,21,55,5,0,22,40,52,7,39,59,12,17,35,54,58,9,20,43,47,3
61,21,40,44,53,60,33,48,52,51,31,17,2,13,37,4,63,9,10,54,16,6,62,8,46,30,57,25,27,7,47,22,35,28,1,12,3,39,43,18,36,23,29,55,5,32,41,0,14,59,38,42,11,45,19,49,20,26,50,15,58,24,56,34
9,55,33,60,63,24,10,56,23,22,34,50,25,37,48,35,29,49,3,51,59,13,38,58,7,4,54,0,44,42,57,32,52,15,47,30,62,17,6,14,18,8,12,5,43,2,53,20,45,61,11,1,21,36,26,31,16,28,40,19,39,46,27,41
59,57,58,18,16,48,13,27,6,23,42,62,35,63,50,17,45,10,52,36,19,14,54,41,12,51,2,4,28,37,61,38,3,53,20,39,8,40,11,21,15,33,30,29,47,26,49,5,34,60,25,22,24,56,55,9,31,32,44,43,7,0,46,1
33,49,37,7,16,11,42,23,20,53,12,55,18,57,35,15,6,4,2,48,46,22,60,43,30,58,41,51,62,61,0,56,50,34,40,19,47,26,3,5,14,25,45,59,32,8,44,13,17,54,10,1,36,27,9,21,38,52,24,29,28,39,63,31
27,34,29,38,24,51,19,13,57,18,40,21,11,47,2,54,10,9,26,25,7,35,14,42,31,12,48,30,1,39,50,44,6,16,36,45,60,52,17,0,49,23,61,41,55,56,20,28,5,53,43,4,22,8,37,62,15,32,59,33,46,63,58,3
45,46,43,21,0,62,57,13,49,50,5,15,52,29,61,54,32,23,8,24,20,31,55,63,60,26,53,48,28,42,34,4,44,37,22,16,9,11,19,10,47,27,41,30,39,36,35,2,33,40,56,6,3,17,1,58,7,12,14,59,51,25,38,18
11,49,15,16,60,20,41,30,63,31,62,18,42,25,54,3,1,58,36,46,10,27,0,45,48,56,14,26,32,17,8,5,23,29,51,4,37,47,7,35,21,2,53,19,39,52,50,38,28,61,24,9,6,13,33,57,22,12,55,34,40,43,44,59
51,62,56,14,48,2,60,23,25,47,8,61,31,12,17,44,53,45,43,24,7,16,22,34,58,63,40,6,15,46,33,9,26,11,21,13,27,52,3,1,49,28,38,10,57,30,32,36,0,41,42,54,29,5,37,50,20,35,18,55,4,19,59,39
0,38,33,12,45,36,1,6,62,28,9,17,52,30,18,3,20,55,49,35,51,41,13,46,48,23,8,59,61,24,34,19,4,10,57,44,63,56,21,15,16,25,54,50,39,60,31,7,11,40,22,32,37,42,27,43,53,29,26,2,5,47,58,14
3,10,5,38,20,46,62,4,45,39,7,33,11,21,31,44,53,36,63,27,60,16,19,52,37,40,9,12,47,61,29,30,0,13,43,35,49,25,1,32,34,56,24,41,57,42,15,18,23,48,55,2,59,28,54,50,6,8,17,14,58,22,26,51
60,50,15,6,40,19,5,4,52,37,42,53,22,56,23,29,41,2,1,33,58,14,25,54,44,24,36,16,18,3,10,28,35,38,9,57,39,21,26,30,32,11,46,51,49,43,47,27,55,61,8,59,63,34,31,17,13,62,0,12,45,7,48,20
27,19,12,62,41,11,51,52,44,31,26,16,50,4,23,54,40,2,55,20,53,9,33,37,8,24,14,25,6,38,28,34,5,18,45,30,49,57,7,21,39,36,61,56,13,43,35,60,48,59,22,29,0,46,3,42,1,58,17,15,32,47,10,63
43,62,8,12,17,42,0,28,20,63,11,52,27,13,44,7,21,34,5,10,22,6,16,59,36,60,15,40,45,9,19,33,51,39,37,18,46,29,57,2,56,49,1,61,55,14,23,32,58,48,41,38,31,47,4,3,54,24,53,30,26,50,25,35
58,19,44,43,1,32,11,13,20,17,50,62,48,15,14,42,39,30,33,63,53,41,8,47,5,46,6,35,31,56,52,40,26,22,24,25,55,10,21,59,36,3,29,2,4,7,0,37,60,28,27,45,49,34,51,23,57,18,38,9,16,12,61,54
3,47,13,28,55,49,61,6,59,52,48,34,41,14,12,46,10,40,58,15,21,31,20,37,5,11,51,27,25,42,18,45,17,56,19,36,22,54,43,62,29,39,57,23,4,2,63,0,8,32,26,30,60,44,9,16,38,53,50,33,24,1,7,35
37,30,28,38,39,14,48,45,49,41,19,42,40,53,52,51,1,47,59,32,34,21,23,63,9,22,16,44,62,0,58,24,2,33,29,26,36,4,56,5,7,3,25,27,50,54,60,43,8,31,55,17,13,46,6,20,57,15,35,61,11,18,12,10
11,46,43,45,4,40,57,14,25,62,34,38,42,31,6,58,19,53,15,27,24,47,9,52,16,30,48,17,54,60,26,2,41,59,61,3,12,8,35,23,10,20,1,63,5,29,7,36,13,33,18,55,21,49,32,37,50,44,39,51,22,0,56,28
0,3,18,33,53,56,34,60,37,48,26,44,51,4,14,5,31,29,38,6,39,61,54,30,13,62,40,24,45,42,19,58,20,57,10,2,16,1,27,55,49,46,25,32,21,8,43,35,36,7,12,50,17,41,23,59,9,11,47,22,52,63,28,15
62,12,29,7,61,31,50,10,60,34,58,14,24,19,21,3,45,20,51,49,41,9,15,11,8,26,1,48,59,36,43,17,46,63,52,18,2,37,30,22,6,57,55,4,47,32,53,0,39,27,42,23,28,40,44,56,35,54,38,33,25,13,16,5
51,54,34,25,3,11,7,0,56,23,4,57,60,46,36,26,13,44,17,43,32,48,18,29,53,37,14,8,12,40,2,63,19,22,52,45,21,35,59,10,61,15,42,39,33,9,50,41,62,58,24,31,20,16,30,28,1,47,38,27,55,6,5,49
53,15,39,27,52,0,3,45,21,26,31,8,38,41,7,59,42,10,35,24,63,1,4,33,9,23,17,32,46,50,29,5,40,54,48,28,44,11,37,36,2,12,16,55,56,20,18,25,19,30,60,34,51,47,49,43,22,6,57,62,14,61,58,13
52,18,5,22,19,3,31,63,44,58,41,34,49,60,23,42,4,13,14,2,40,56,17,61,54,48,24,12,26,29,36,53,33,47,43,37,51,27,38,35,16,1,32,45,50,21,62,8,46,30,59,10,0,39,7,25,20,9,11,15,28,55,57,6
43,0,17,23,59,26,46,4,47,52,9,10,19,2,41,8,3,37,57,21,40,33,61,62,42,50,31,44,1,15,56,34,20,39,38,24,53,60,35,30,18,13,25,54,63,29,5,16,51,36,32,49,27,22,28,7,55,58,12,11,45,48,6,14
45,34,43,2,22,31,7,0,57,11,5,55,28,6,29,48,54,19,42,4,51,9,39,16,58,13,15,49,44,32,62,14,18,38,24,50,59,40,63,10,26,37,56,60,1,36,27,30,46,41,52,25,3,23,8,12,35,47,33,53,17,21,20,61
37,62,27,11,2,47,40,24,8,33,10,61,21,9,32,31,38,5,42,1,51,56,34,28,0,55,7,45,16,41,25,12,53,19,23,63,49,3,4,30,15,14,58,48,29,44,50,18,13,17,36,35,22,59,52,60,6,26,57,20,46,39,43,54
30,50,6,36,7,60,13,19,34,1,46,10,3,14,35,51,41,9,15,5,29,27,45,55,62,56,43,44,4,49,31,42,32,37,24,16,21,26,28,48,12,40,53,0,54,20,22,59,61,23,17,8,38,58,33,18,11,2,39,52,25,57,47,63
0,25,51,18,10,8,38,5,53,3,35,40,41,14,27,26,29,39,21,23,55,56,31,43,57,1,44,58,28,13,36,20,49,9,30,37,48,11,52,2,34,16,47,15,22,19,12,42,63,62,61,6,54,24,4,32,7,50,45,17,59,33,46,60
9,23,37,0,30,61,16,7,45,32,1,53,63,33,41,3,28,60,42,57,55,10,40,43,19,39,54,11,6,13,29,4,36,21,2,31,34,49,56,46,12,50,59,8,47,38,17,26,62,48,14,27,24,5,35,25,22,18,58,52,44,51,20,15
22,2,5,48,1,4,34,46,41,9,17,57,14,33,3,45,26,13,42,53,60,16,44,23,62,38,61,30,49,7,11,25,54,59,36,50,31,40,27,37,6,58,0,18,56,10,12,28,39,19,32,43,8,63,51,47,24,21,15,29,55,52,35,20
40,50,48,27,19,60,58,33,9,1,56,38,37,55,28,16,18,22,24,13,63,51,7,59,15,3,17,54,57,4,6,2,14,21,31,32,35,39,61,34,44,45,46,23,49,25,52,41,43,12,8,42,36,53,10,62,20,30,47,5,26,29,11,0
23,53,55,20,59,32,52,51,19,34,21,14,22,49,13,30,6,1,28,38,18,2,3,10,56,26,44,42,25,7,11,50,35,41,63,46,33,16,0,4,62,17,24,39,5,60,45,37,61,27,43,31,54,15,57,47,58,48,9,36,40,12,8,29
50,54,29,58,21,10,56,27,57,30,4,17,12,16,11,22,8,53,38,14,15,18,33,28,6,13,35,43,61,24,47,52,23,44,60,55,42,5,2,3,40,34,46,20,32,45,63,31,48,41,37,25,0,36,19,39,62,9,7,49,59,51,26,1
0,4,52,12,37,59,13,11,14,18,10,40,20,21,33,29,48,19,22,50,53,62,35,5,32,57,63,43,30,26,55,17,8,61,31,34,42,49,24,36,45,46,9,41,6,3,25,56,28,15,2,1,7,47,27,51,44,16,54,58,39,60,23,38
6,42,59,21,46,8,47,31,27,24,40,14,53,54,51,57,30,12,16,15,56,58,9,19,41,23,48,2,62,45,5,36,26,61,38,28,20,3,37,29,49,10,32,39,44,4,0,25,43,1,7,52,22,17,13,55,18,34,35,63,50,60,33,11
7,20,17,29,39,44,42,48,32,34,15,56,19,6,63,49,60,28,55,23,36,40,21,54,25,22,58,62,41,0,18,2,30,4,33,45,43,10,26,51,35,50,5,11,47,37,14,59,9,24,8,53,61,31,3,27,38,12,16,1,52,46,57,13
5,18,51,21,28,19,27,7,14,55,60,35,42,29,8,33,20,0,49,47,17,11,59,1,46,50,58,12,9,24,10,62,41,40,26,4,38,48,23,53,13,30,44,63,31,34,2,45,25,61,36,56,32,22,54,39,15,37,52,57,43,3,6,16
14,1,56,47,6,57,25,16,17,62,32,22,46,0,35,48,20,33,31,36,53,27,58,5,26,4,39,9,45,21,13,34,12,49,51,30,23,29,59,28,10,61,18,40,44,24,52,8,2,60,50,7,3,55,41,43,38,19,37,54,11,63,15,42
35,41,34,51,32,0,43,61,15,28,58,14,48,22,6,26,44,57,53,3,62,47,10,17,4,2,12,50,37,19,56,5,20,16,13,8,46,60,55,27,23,40,30,24,33,45,39,49,36,25,29,38,11,21,54,7,42,9,59,18,52,63,31,1
19,17,40,58,56,39,43,44,22,11,18,34,15,20,27,59,3,37,32,8,47,63,45,33,62,35,41,61,60,57,54,50,13,42,0,25,10,30,53,28,29,21,4,24,36,7,51,12,38,5,31,2,1,48,6,52,23,55,16,46,49,26,9,14
46,53,41,52,6,19,38,8,31,43,22,37,56,18,39,58,11,17,23,2,57,55,13,40,9,0,24,48,44,10,62,36,12,32,4,7,47,5,15,25,16,30,20,33,29,27,14,60,34,26,50,42,3,51,1,49,54,61,28,63,45,35,59,21
48,59,38,9,54,1,51,46,5,28,42,24,19,16,0,36,47,31,14,35,15,45,63,2,53,34,58,23,50,18,56,33,32,43,8,37,62,30,7,60,52,39,3,29,49,4,26,40,11,27,25,20,13,61,12,57,17,21,44,10,22,6,55,41
10,36,18,31,28,17,27,15,55,45,51,25,40,22,9,11,13,43,30,14,41,1,7,50,12,20,56,2,35,39,63,44,4,48,59,37,29,49,58,0,6,33,19,42,26,8,21,52,46,57,32,34,62,38,3,54,24,61,60,53,16,5,47,23
33,26,41,14,34,57,18,38,49,1,50,58,43,27,25,32,3,52,16,20,7,28,8,9,15,13,37,39,44,30,0,2,17,23,62,63,35,29,47,22,5,53,4,61,11,19,36,24,21,48,59,42,51,40,31,45,60,6,54,55,10,46,12,56
9,51,26,39,41,32,16,47,43,53,40,23,54,4,28,6,14,17,15,8,18,5,61,19,49,56,63,3,62,59,27,10,2,48,20,44,45,11,13,34,46,36,25,1,52,30,31,7,37,12,21,29,42,22,57,24,35,50,58,38,33,0,60,55
46,50,15,63,42,5,21,61,0,35,59,28,1,55,49,8,3,44,52,31,47,17,45,36,23,60,13,37,7,26,2,19,18,39,24,40,32,62,34,12,22,20,48,4,14,6,58,9,27,33,54,38,51,11,56,29,53,43,16,41,10,30,57,25
36,60,26,57,20,55,38,41,35,18,28,51,52,24,54,43,3,44,46,17,4,62,61,29,19,7,13,37,42,31,39,49,32,15,33,27,53,21,45,0,63,34,50,30,59,58,56,1,9,47,5,2,16,12,22,40,8,10,11,25,6,48,14,23
12,21,49,15,55,10,26,53,61,27,17,59,0,41,20,56,9,8,33,2,51,3,24,57,43,42,34,28,58,32,29,60,14,38,35,47,13,36,25,48,52,31,40,19,11,1,39,30,62,5,50,54,6,18,63,46,7,45,22,16,37,23,4,44
60,55,10,6,53,3,19,8,41,48,50,51,7,20,17,58,18,38,43,57,9,16,5,22,23,28,1,21,35,61,54,31,12,24,13,33,27,37,46,26,49,30,36,39,45,34,29,11,25,47,14,44,52,32,59,40,56,62,63,4,0,2,42,15
31,23,5,38,3,4,18,22,49,26,58,63,40,8,62,27,11,53,44,16,46,29,51,39,61,15,20,42,60,7,47,6,14,19,32,56,43,1,52,54,10,13,57,41,55,25,24,30,12,36,0,37,28,21,50,35,48,45,33,59,17,34,2,9
12,16,57,6,11,54,14,59,40,48,61,38,47,20,34,53,49,62,25,45,58,22,41,23,2,21,39,27,60,37,24,50,13,1,4,10,19,28,56,26,55,29,46,0,42,17,8,3,31,36,5,52,32,43,7,18,15,63,33,30,35,44,51,9
56,49,38,33,40,17,34,7,61,13,52,47,48,63,53,36,12,23,55,62,54,46,39,8,3,27,29,6,20,10,26,14,0,50,2,25,4,30,45,35,1,11,21,28,44,24,51,41,16,58,43,57,22,59,37,32,42,18,60,31,9,19,5,15
50,16,35,8,61,31,36,38,7,23,42,20,44,24,51,53,19,55,47,37,26,2,27,11,4,56,14,58,59,34,25,32,3,28,39,48,33,62,49,46,21,41,18,6,29,60,15,30,54,40,1,17,45,10,43,63,5,22,57,13,9,52,12,0
62,23,8,22,13,18,36,46,60,0,53,61,17,6,39,55,28,26,35,25,20,10,24,9,32,11,21,16,42,4,51,2,15,59,54,49,27,31,41,56,3,38,37,33,7,52,12,45,48,29,5,57,34,47,1,50,63,40,43,19,30,14,58,44
14,28,59,41,47,42,5,51,34,26,36,53,7,0,62,63,52,48,50,6,33,58,31,60,18,45,15,24,43,19,35,49,21,23,1,32,46,38,29,56,4,44,3,54,39,40,12,61,25,37,55,57,20,2,30,10,22,13,27,16,11,8,17,9
33,59,21,41,7,22,16,29,27,55,28,6,45,36,47,11,15,12,44,54,19,43,23,39,8,24,9,61,25,38,18,3,48,37,51,13,4,57,35,0,14,26,52,46,50,2,49,42,60,20,53,63,5,17,62,40,1,56,10,30,58,31,32,34
63,55,17,43,1,51,16,30,39,58,6,61,3,56,38,45,7,20,62,2,4,23,25,29,21,0,35,15,26,33,22,11,46,19,5,28,49,41,50,34,13,52,24,42,44,57,36,9,54,60,8,47,12,32,14,31,18,59,10,53,40,27,37,48
32,57,54,27,20,59,33,53,1,11,60,9,5,4,43,6,42,7,16,12,25,52,22,14,29,31,19,40,26,37,44,18,17,58,21,30,48,61,23,63,38,50,56,41,49,55,62,51,34,36,39,45,28,35,15,47,0,24,10,13,8,3,2,46
59,41,35,30,24,0,40,46,32,49,26,22,8,57,36,37,62,47,14,10,1,21,15,18,38,54,61,34,27,58,33,51,11,5,2,29,45,43,25,50,55,9,16,17,39,53,56,60,44,52,13,19,48,4,31,6,28,42,12,23,3,7,63,20
48,46,13,17,21,43,56,14,6,42,20,45,54,28,31,40,3,47,30,23,29,34,41,39,5,18,25,58,27,24,11,53,8,15,16,49,59,10,44,57,32,19,0,38,62,52,7,61,22,12,55,51,50,33,63,26,4,2,36,35,37,9,60,1
12,42,59,36,61,20,62,54,9,23,38,7,40,10,35,24,33,34,63,13,30,22,1,41,32,21,52,45,15,53,55,17,26,27,37,19,18,58,16,49,46,47,57,0,44,51,14,31,11,8,5,25,50,56,6,4,48,28,3,60,29,43,2,39
7,13,5,31,6,50,38,34,41,58,18,12,52,22,55,45,61,4,56,30,24,19,43,63,28,35,11,26,47,15,10,1,14,44,20,49,16,33,3,46,53,29,2,54,21,37,17,32,27,23,60,42,0,48,39,40,25,36,59,62,9,8,57,51
61,49,57,56,53,42,6,8,63,34,28,33,22,44,1,51,40,29,32,2,3,23,35,14,16,13,37,18,39,4,11,19,10,15,48,62,59,46,47,50,5,55,12,45,30,41,54,60,31,27,36,43,7,9,20,24,26,21,17,0,58,25,52,38
33,5,29,51,11,24,23,25,59,52,39,0,26,8,44,55,4,57,19,60,22,27,49,20,46,54,7,56,17,21,30,9,13,28,62,38,37,31,48,1,32,14,10,35,2,45,16,58,61,12,41,53,43,36,18,3,50,34,15,40,63,47,42,6
13,26,16,61,34,1,35,7,36,28,22,10,42,47,29,44,31,19,33,23,0,48,56,15,63,5,60,27,49,6,8,3,53,58,4,59,2,21,24,50,11,40,25,18,52,57,20,38,37,55,9,39,41,45,12,43,14,46,32,62,54,30,17,51
48,30,61,10,46,37,7,31,9,3,16,56,2,0,42,57,60,14,51,8,50,47,29,34,4,15,45,17,41,59,33,58,32,18,40,22,44,21,24,23,55,38,27,62,54,20,63,36,11,13,39,12,6,52,25,19,28,26,43,35,49,53,1,5
8,37,32,35,43,38,6,57,26,42,9,61,59,48,40,13,31,60,14,7,50,19,18,10,5,20,2,39,49,4,45,23,15,58,33,34,16,36,52,11,3,41,63,54,46,24,28,12,22,51,30,56,62,21,0,17,53,44,25,47,55,1,27,29
56,38,32,60,35,24,28,52,13,11,26,61,53,8,31,17,43,9,57,62,14,18,49,7,21,37,45,55,42,46,48,40,41,51,50,20,2,6,16,58,59,23,27,15,1,19,29,34,3,22,47,30,54,39,63,12,36,25,0,4,10,5,44,33
1,45,18,53,4,37,63,62,28,47,61,12,49,22,39,58,31,10,6,8,46,41,30,27,34,35,57,19,40,48,29,43,33,44,25,11,14,21,26,7,17,51,24,36,2,42,52,59,56,38,15,9,16,13,55,0,54,3,5,50,23,60,32,20
9,48,41,50,31,7,18,60,62,28,4,30,37,32,20,14,22,49,39,3,58,19,26,51,15,17,29,63,16,43,61,46,1,6,59,44,24,55,35,40,57,33,53,10,0,34,47,45,27,13,38,11,8,12,2,21,36,42,23,5,52,25,56,54
5,18,37,63,31,27,30,62,9,6,7,16,1,34,44,19,47,60,41,4,32,42,14,8,2,36,58,28,3,29,59,49,57,33,54,39,11,40,38,56,52,17,51,12,53,24,55,10,35,25,50,13,26,46,21,43,45,48,20,23,15,0,61,22
41,53,40,20,62,19,63,37,13,26,21,39,27,36,35,31,44,29,58,16,59,38,34,45,8,50,22,0,6,42,54,14,48,57,2,28,46,30,24,1,11,12,4,60,23,49,32,51,17,9,3,61,47,7,55,5,18,33,25,52,43,15,56,10
58,9,44,48,19,20,50,23,57,47,12,7,31,60,37,63,30,13,8,4,39,21,40,11,1,15,36,43,2,51,56,27,28,55,38,52,17,49,42,3,54,0,14,45,5,6,62,22,59,32,41,24,25,53,46,35,16,10,26,18,34,33,29,61
23,5,24,30,53,8,20,9,19,17,39,56,59,43,49,0,57,37,35,25,3,55,7,18,41,63,32,54,36,2,14,44,58,34,13,28,62,22,6,61,42,47,1,48,46,16,51,31,4,29,27,10,60,52,45,40,38,26,21,15,33,50,11,12
5,0,18,54,28,42,35,29,15,10,60,51,47,3,12,1,45,25,40,48,31,53,4,17,49,44,9,46,37,57,52,14,27,24,32,56,61,55,39,50,23,13,11,6,19,20,59,21,33,30,2,26,58,38,63,7,16,8,43,62,22,41,34,36
62,47,6,63,23,22,5,28,53,59,34,40,48,7,13,54,18,12,9,8,4,16,3,55,1,45,10,49,27,15,35,19,50,36,25,2,26,61,44,46,20,33,11,58,51,60,52,41,21,24,29,14,37,30,31,32,39,56,17,57,0,43,38,42
15,47,30,6,35,45,8,13,23,25,38,62,18,2,27,40,5,53,14,26,29,42,37,50,61,17,22,54,24,28,56,49,39,32,41,34,9,1,10,44,4,46,7,3,21,11,55,57,0,12,19,43,31,36,60,51,52,58,16,59,63,48,20,33
12,10,5,32,28,9,6,11,26,59,39,41,44,35,60,62,14,53,48,18,20,57,16,50,31,24,30,33,52,51,2,37,8,3,19,38,29,43,1,0,4,54,58,56,25,23,13,63,15,36,42,45,22,55,49,61,21,34,46,17,27,7,47,40
34,27,63,31,8,50,36,1,25,21,5,44,28,58,62,38,19,55,49,47,32,6,11,54,45,59,24,17,37,46,22,2,48,0,16,4,30,56,42,61,43,15,10,41,39,13,60,57,26,53,3,33,52,7,40,12,29,51,18,35,23,14,9,20
3,17,5,40,41,10,35,57,34,38,22,2,49,1,15,56,20,31,13,7,50,36,23,27,39,24,61,32,54,14,59,9,28,19,60,30,52,4,47,63,26,42,25,6,44,53,43,0,33,12,58,16,37,55,46,11,18,8,62,45,21,48,51,29
14,13,30,29,16,50,51,31,5,54,21,28,1,24,19,12,37,7,11,23,47,25,53,17,43,41,49,4,6,3,33,32,8,60,61,46,36,15,40,55,34,44,57,48,22,45,2,18,9,35,38,58,52,63,59,27,39,20,62,26,10,0,42,56
59,3,17,20,38,16,24,62,32,52,60,13,33,37,5,39,40,12,31,43,58,30,36,41,6,0,29,21,45,4,53,47,44,48,8,26,56,18,9,50,49,28,54,42,14,35,19,11,1,27,2,15,25,46,61,63,51,34,55,57,23,22,7,10
20,8,5,44,26,31,38,40,30,50,17,9,29,33,62,55,10,3,32,13,57,42,21,4,49,7,63,18,6,35,22,61,27,12,45,23,47,59,15,52,60,56,0,1,51,53,36,58,28,43,11,25,48,2,16,54,41,19,34,37,14,39,24,46
36,51,25,9,23,11,13,40,26,7,42,21,10,14,52,37,5,17,63,55,29,4,2,12,6,3,62,22,48,34,41,47,58,32,39,46,38,61,35,49,44,45,33,1,53,43,16,28,31,18,56,54,24,19,57,15,59,8,50,30,60,20,27,0
19,43,56,12,27,0,10,41,57,8,7,25,26,1,5,39,42,4,53,38,21,49,18,23,61,30,31,55,20,44,22,50,36,48,32,6,29,28,13,59,45,34,14,35,52,24,2,47,16,46,62,3,58,63,11,9,60,51,15,54,33,40,17,37
62,9,39,47,7,60,45,35,55,48,27,51,63,31,38,42,11,14,40,17,21,37,34,46,25,26,1,10,16,29,30,59,43,44,3,52,36,22,24,41,61,20,4,50,13,8,28,2,53,58,5,0,19,6,18,12,15,32,57,54,49,23,33,56
3,58,60,6,22,39,21,8,14,18,4,61,45,40,29,9,56,59,43,48,36,30,51,34,32,15,54,35,19,5,41,38,47,17,2,53,23,55,46,28,7,10,52,37,11,33,31,13,0,12,1,50,44,20,57,25,49,27,63,26,24,42,62,16
51,58,45,22,0,55,40,38,63,31,9,52,3,53,30,32,12,8,13,25,37,47,23,7,18,2,16,48,27,19,41,44,4,35,28,49,17,11,24,34,42,39,10,60,26,21,43,36,29,15,50,1,54,5,46,6,62,56,59,61,57,33,14,20
48,45,32,25,34,52,51,36,60,28,63,20,13,8,4,35,12,46,33,54,62,16,41,44,49,29,38,11,39,19,58,40,59,1,23,57,0,24,9,2,42,6,14,30,22,5,15,21,10,37,61,7,56,26,17,3,27,53,18,31,43,50,47,55
34,33,22,50,17,48,58,51,54,49,18,3,45,20,0,7,38,31,53,6,36,32,19,41,12,37,39,63,43,62,52,29,61,44,28,59,56,42,26,14,40,9,4,27,25,60,35,23,11,5,21,55,30,8,15,47,46,10,24,57,16,13,2,1
25,43,63,0,6,39,41,42,33,13,38,2,61,55,9,54,31,40,37,22,28,59,7,44,50,14,36,16,24,58,18,49,34,46,51,29,1,45,21,3,32,4,19,48,17,10,30,60,53,23,8,52,15,11,62,47,20,5,57,56,26,12,27,35
13,26,4,58,5,59,45,44,43,2,62,53,29,32,15,50,39,51,9,61,24,55,38,46,25,42,22,17,31,36,8,37,16,60,27,30,56,34,48,49,21,10,0,14,57,18,52,40,7,23,63,28,35,20,33,11,41,6,47,54,1,19,12,3
12,25,4,3,36,43,32,39,35,63,31,50,11,58,15,55,34,8,42,13,1,53,57,20,14,2,38,60,9,51,56,19,62,45,7,18,59,44,41,22,54,61,49,28,40,47,52,46,29,6,21,48,33,16,17,37,24,26,0,5,30,10,23,27
24,31,13,0,8,32,61,5,60,10,29,16,26,19,41,38,34,14,4,39,33,62,17,55,56,12,6,48,52,3,51,54,36,43,21,47,44,46,59,28,58,22,20,7,18,50,30,27,25,63,11,15,40,1,42,49,45,35,2,37,9,53,57,23
6,49,7,28,39,19,11,35,26,0,9,60,21,12,56,46,55,31,34,24,37,18,36,17,53,47,51,58,41,43,22,59,16,20,30,8,52,5,3,2,42,50,10,57,61,63,48,33,29,38,13,27,1,23,54,44,62,32,40,45,15,14,25,4
18,5,3,39,59,57,29,6,42,25,23,20,7,32,14,13,4,0,53,17,33,46,52,35,41,48,2,55,28,26,40,24,49,51,10,22,19,9,27,43,31,44,62,45,61,21,56,30,37,38,15,34,11,50,54,60,1,36,63,8,16,12,47,58
21,4,8,3,47,29,2,48,46,27,15,42,45,18,1,57,50,23,55,28,34,40,35,53,54,0,44,36,49,39,9,43,30,32,38,12,60,25,11,63,24,41,26,31,19,62,20,14,5,59,13,17,61,56,51,16,33,52,22,7,58,37,10,6
53,4,57,36,18,20,27,42,9,58,25,2,8,3,32,17,1,5,15,50,60,55,61,28,35,44,48,33,12,54,24,52,13,40,21,16,37,51,41,63,34,10,38,19,62,6,59,49,0,39,31,56,11,14,26,46,45,23,43,22,30,29,7,47
59,14,57,25,19,29,28,10,27,46,12,62,39,17,35,22,3,5,47,45,6,32,36,58,9,33,2,24,38,16,34,8,31,53,4,20,43,7,54,60,26,41,15,56,18,49,50,21,48,55,51,42,61,63,13,44,30,23,37,1,11,40,0,52
11,4,59,47,23,52,51,0,26,49,33,3,19,25,61,5,54,43,17,46,20,44,56,27,50,36,13,7,15,6,58,29,63,30,24,21,53,60,40,14,37,55,42,18,45,41,2,32,10,57,1,12,34,38,35,48,62,39,9,28,16,31,8,22
22,16,31,55,13,60,51,24,50,25,33,40,46,12,10,27,36,7,20,26,19,21,56,18,8,62,17,61,34,58,32,57,48,4,45,9,6,39,44,52,53,54,35,43,42,14,41,11,3,1,37,23,59,30,49,15,63,47,0,28,2,38,5,29
50,15,43,55,24,61,33,7,11,63,29,36,41,35,23,0,5,6,3,22,56,28,10,51,57,4,42,34,48,37,16,53,59,1,46,20,54,8,21,26,39,19,13,32,49,62,47,2,14,40,25,12,9,58,44,60,27,45,18,52,31,17,30,38
33,35,37,11,36,6,57,1,9,24,26,27,61,19,23,8,3,56,2,16,50,25,62,34,55,38,12,44,49,21,46,13,42,14,10,41,53,4,51,58,0,59,31,60,28,45,5,32,22,17,63,20,48,18,29,40,54,43,52,7,39,15,30,47
34,32,8,61,45,27,22,6,20,15,63,50,51,43,54,41,44,18,53,37,57,23,55,35,49,40,3,60,56,28,4,1,47,33,0,62,46,26,10,7,17,14,13,38,16,9,59,11,31,21,30,24,42,12,36,48,2,58,39,29,19,5,25,52
50,26,44,42,1,57,0,58,17,16,61,8,47,25,22,32,40,53,39,52,13,55,11,23,37,30,10,63,54,20,5,12,59,35,51,27,46,48,29,34,2,33,28,60,14,9,49,38,6,24,3,31,7,21,45,56,36,19,15,18,4,62,43,41
48,46,7,1,31,15,45,33,26,29,54,35,13,28,4,21,34,43,22,6,57,50,8,61,0,62,3,19,39,16,60,51,38,59,24,37,55,14,58,42,27,25,2,63,53,41,20,17,40,32,11,23,36,49,52,9,56,18,44,47,10,30,12,5
28,58,38,32,39,9,56,43,15,25,31,5,51,44,18,34,42,4,63,49,37,61,29,20,35,8,53,30,48,2,14,26,46,21,16,13,3,45,52,50,24,33,47,10,6,23,22,17,57,36,55,54,59,27,60,41,62,40,7,0,19,1,12,11
55,34,62,14,42,60,11,49,4,35,52,13,51,6,39,53,9,2,10,7,23,63,31,12,38,44,28,8,37,16,32,58,15,40,33,61,46,27,50,0,56,36,45,29,18,24,48,20,21,57,59,3,17,47,1,43,25,26,30,19,54,22,41,5
4,20,55,21,61,16,40,0,30,2,25,42,45,48,26,28,15,51,3,39,12,17,31,14,8,7,59,6,50,1,41,33,58,34,38,10,5,56,22,23,37,35,57,63,46,44,54,49,27,11,47,24,53,36,32,62,60,9,18,29,13,43,52,19
9,18,30,14,5,12,46,25,3,31,63,53,8,60,33,15,39,49,20,32,55,38,35,57,41,23,27,19,28,11,0,1,21,42,44,13,4,56,7,24,34,45,43,52,6,62,48,58,22,61,59,51,26,36,10,54,37,16,17,40,2,47,50,29
51,28,9,27,45,34,4,6,12,21,24,42,38,49,16,47,5,46,52,30,33,7,10,15,60,31,39,1,43,36,25,56,50,29,26,63,59,53,18,22,37,41,44,8,20,54,13,55,2,11,35,3,0,14,62,40,23,58,57,17,61,19,32,48
9,17,57,18,37,22,25,19,58,3,24,43,8,5,27,36,49,21,48,10,12,54,20,47,32,15,31,45,56,1,38,28,53,2,6,51,35,55,33,11,44,59,50,61,60,46,29,34,30,39,0,13,63,16,4,7,23,26,14,42,52,41,40,62
15,16,49,4,23,38,59,55,29,63,19,36,54,12,56,35,57,0,31,5,62,53,44,50,8,45,61,13,2,1,14,32,3,28,18,41,46,27,51,58,34,7,39,17,47,24,6,9,37,60,21,30,42,48,10,22,40,11,43,20,52,33,25,26
26,25,42,45,11,37,32,61,2,55,13,44,9,53,21,7,30,41,31,17,27,51,5,10,22,38,6,23,54,49,50,39,18,43,40,34,59,57,48,35,60,15,46,16,33,8,58,12,28,29,36,20,62,63,4,14,52,56,0,24,1,3,47,19
51,9,2,46,19,25,31,43,21,47,50,28,5,48,60,20,8,30,26,0,4,10,35,63,59,22,29,14,12,34,52,24,17,62,15,3,41,7,37,1,61,16,36,6,32,11,49,23,58,54,18,39,53,45,33,57,44,27,56,13,38,42,40,55
1,39,27,26,23,10,22,0,29,45,20,42,49,14,50,40,2,63,58,36,4,53,3,44,8,35,61,25,62,52,56,34,59,51,55,12,54,24,18,7,41,5,48,21,47,17,57,16,38,31,30,33,32,15,37,11,28,46,60,43,9,6,13,19
49,20,42,31,0,61,4,40,54,58,43,11,59,33,2,26,34,35,12,14,45,62,23,50,36,22,51,39,46,47,17,25,57,32,24,16,48,13,5,52,1,8,63,27,15,18,44,19,21,60,6,28,37,30,38,9,29,41,3,7,53,10,56,55
53,0,30,24,63,32,39,2,3,38,54,26,42,12,29,5,34,61,15,58,45,28,33,40,62,48,35,47,4,20,10,23,6,1,50,51,25,55,9,21,56,52,60,46,43,16,18,31,14,8,17,19,57,59,7,41,22,11,49,37,13,44,27,36
26,12,14,46,24,61,59,35,15,42,58,47,51,19,21,45,18,6,36,55,60,62,1,52,3,7,27,23,32,25,29,33,11,37,30,0,53,31,39,17,4,40,13,44,43,41,38,10,8,54,5,63,16,22,50,48,34,20,56,9,28,2,49,57
1,6,9,46,39,57,5,3,23,60,33,18,54,41,25,45,43,30,63,31,24,37,12,20,61,14,29,13,28,56,0,15,55,17,22,50,40,21,19,2,35,38,59,48,34,52,27,11,10,8,42,26,51,53,58,32,36,16,49,4,44,7,62,47
38,9,14,13,1,28,48,18,4,12,23,39,19,58,41,17,59,54,44,63,11,34,24,43,22,2,51,26,16,57,49,46,3,27,29,53,7,25,32,36,30,60,20,8,35,6,5,55,62,47,15,10,45,42,37,21,56,33,61,0,50,31,52,40
11,33,31,14,43,40,53,1,21,55,61,45,38,27,51,26,20,57,17,23,44,4,50,15,2,47,18,30,3,7,62,24,19,39,8,0,36,46,16,48,56,41,28,37,34,42,60,58,63,29,22,10,49,25,59,5,9,32,6,35,52,54,12,13
44,14,40,11,22,18,24,53,17,55,36,43,3,63,62,15,58,7,61,21,47,41,20,13,10,23,0,51,12,16,45,19,31,46,28,4,57,27,56,59,37,42,50,60,8,5,33,52,38,49,54,6,25,2,9,26,29,39,34,30,32,35,48,1
3,4,52,46,60,10,38,0,55,45,2,7,16,50,18,20,29,48,30,13,53,31,6,56,43,54,63,34,21,58,25,42,27,12,14,47,15,59,17,40,32,62,22,61,37,1,8,33,24,19,44,57,39,41,51,49,35,9,26,23,36,5,11,28
28,32,7,29,33,60,24,47,15,31,4,9,56,38,25,45,35,44,40,51,18,21,62,49,27,59,0,20,41,19,50,36,14,52,12,17,1,61,2,46,23,58,48,63,37,13,57,55,42,8,54,53,26,43,6,11,39,16,10,22,30,5,3,34
28,36,32,41,27,4,31,37,9,59,55,22,39,33,35,11,1,23,38,12,15,13,30,43,5,24,48,19,44,29,0,2,54,47,40,51,63,49,58,6,14,25,50,26,60,7,53,62,10,8,45,20,34,17,21,57,3,52,16,61,18,46,56,42
10,18,31,60,5,41,8,24,17,62,34,32,59,6,43,2,3,45,38,37,27,44,54,47,19,35,0,51,9,48,29,1,56,52,49,11,33,28,21,30,4,58,55,25,20,53,46,16,61,63,22,40,42,7,14,50,15,26,12,23,13,36,39,57
55,48,10,44,26,49,28,11,6,8,7,34,40,42,3,59,52,19,24,5,46,57,13,21,22,56,51,2,16,54,30,60,58,29,39,0,23,50,63,31,53,36,62,32,37,35,9,15,25,18,61,41,1,38,14,27,43,20,12,45,17,33,47,4
12,56,40,24,0,50,36,29,11,19,47,28,9,14,46,34,21,6,43,39,52,58,51,16,48,55,45,1,38,7,37,61,54,60,18,49,23,33,20,8,26,35,4,30,2,5,31,57,63,3,22,13,10,53,32,41,62,27,17,59,15,42,25,44
42,36,15,23,6,25,37,18,58,19,50,57,24,9,26,62,22,52,43,5,54,30,17,21,29,4,45,12,60,34,1,51,41,2,59,28,8,11,14,46,10,61,13,55,56,48,16,39,49,27,40,20,63,3,35,0,53,7,44,38,31,32,33,47
63,27,49,52,2,0,56,23,6,60,50,62,43,37,24,9,5,21,54,22,12,47,46,61,14,31,17,19,8,36,13,16,41,59,1,51,53,42,7,18,58,3,25,40,33,35,28,26,30,29,20,34,4,55,44,39,57,32,38,15,10,11,45,48
12,61,28,39,8,25,42,15,18,55,45,44,7,37,4,56,13,26,32,53,19,21,0,63,43,57,33,10,54,5,6,36,34,35,14,38,27,40,29,31,22,24,60,46,9,58,51,41,2,17,11,3,30,23,1,47,48,52,16,50,59,49,20,62
15,49,11,19,47,4,54,63,43,28,57,23,51,41,46,12,17,44,20,2,60,6,16,53,52,22,38,42,24,5,36,30,7,8,50,26,31,35,21,25,32,56,45,48,61,40,59,29,14,13,9,37,27,62,10,3,1,39,0,34,18,33,55,58
56,19,21,35,29,63,34,20,50,43,59,51,42,17,11,1,15,9,5,12,27,54,0,6,22,4,23,32,3,55,45,33,25,62,14,30,58,61,44,28,10,40,39,7,38,47,13,16,24,8,2,52,18,26,57,41,48,37,36,31,49,60,46,53
50,2,6,20,36,62,22,45,14,58,59,11,52,37,63,41,33,31,28,5,21,23,38,56,54,17,29,1,32,0,18,30,35,42,26,3,15,39,12,7,8,34,47,27,61,10,25,16,48,55,46,60,49,13,9,43,57,51,24,44,19,40,53,4
24,4,56,3,54,48,0,36,30,42,20,13,26,43,45,18,59,60,61,22,41,2,44,49,23,40,25,29,58,14,46,7,39,5,10,52,17,11,28,38,62,57,50,31,15,51,55,63,21,9,33,32,47,34,6,12,27,8,16,35,19,53,1,37
49,36,43,27,26,19,28,39,56,59,48,13,1,10,50,41,0,44,21,34,24,45,57,47,20,60,38,62,53,7,61,9,16,37,14,46,63,51,4,29,8,52,31,32,5,22,3,40,58,18,42,6,23,55,25,17,35,11,2,15,33,54,12,30
47,22,38,36,59,40,35,52,26,9,62,53,34,33,2,3,56,41,54,16,58,0,4,32,23,57,21,45,46,49,37,27,8,43,12,44,1,63,6,19,13,20,28,48,14,42,31,61,50,25,60,10,29,55,11,18,15,24,30,39,17,5,51,7
5,56,48,26,33,49,8,3,51,29,25,22,58,32,43,62,16,46,11,39,15,23,7,45,1,6,47,35,18,30,17,12,34,13,4,40,50,59,31,54,10,36,20,44,61,0,37,60,38,53,52,14,55,21,27,42,2,63,19,24,57,28,9,41
24,35,23,49,3,4,28,11,15,33,9,57,60,5,44,25,53,39,48,19,61,8,1,63,21,17,26,13,31,22,40,59,42,18,16,6,54,45,52,58,2,55,47,34,32,30,38,41,29,36,0,10,51,37,56,62,20,43,12,27,14,7,50,46
16,60,28,44,50,34,14,46,15,13,54,48,8,24,23,0,22,33,37,41,20,63,42,58,47,31,49,30,57,51,38,1,17,21,32,29,4,10,11,12,5,36,62,45,59,40,35,6,25,2,55,3,61,7,39,27,19,26,9,18,53,56,52,43
63,11,18,34,5,38,2,45,36,0,58,8,42,49,43,37,51,53,54,55,60,46,33,28,30,32,3,19,26,52,62,59,1,6,56,48,21,61,12,39,13,41,9,47,44,16,7,15,22,23,20,35,29,31,14,25,4,27,50,40,10,17,24,57
47,37,6,1,42,31,57,33,29,61,53,15,7,21,25,16,28,54,35,23,56,17,24,11,51,59,62,52,43,0,12,49,26,46,38,60,9,50,8,19,5,22,55,2,10,36,34,4,39,20,13,30,14,48,41,63,18,3,32,27,40,58,45,44
43,48,21,14,28,32,11,6,31,34,55,16,18,0,49,62,40,3,2,10,29,22,1,4,23,52,9,42,59,51,17,24,54,56,50,57,15,25,53,27,36,30,12,33,58,60,5,20,61,8,45,47,46,7,44,38,41,35,26,37,39,19,63,13
33,39,18,31,51,1,40,59,41,10,37,48,60,43,47,58,4,11,44,7,19,30,6,5,16,13,54,55,56,52,38,3,8,62,21,57,53,9,45,46,35,50,2,34,25,29,26,12,22,36,27,24,42,15,49,20,28,0,14,61,23,32,63,17
28,59,14,53,42,25,22,43,24,31,55,56,9,4,11,37,29,1,36,39,10,35,3,33,51,57,5,16,20,13,52,30,15,2,60,50,12,7,49,54,34,8,27,41,19,47,23,62,44,0,48,38,21,45,58,46,17,18,26,40,61,6,32,63
3,6,44,15,23,28,12,39,60,18,61,47,48,62,5,53,33,40,52,58,22,2,36,57,16,35,11,41,56,46,24,45,9,19,20,42,38,29,49,50,25,21,7,31,0,8,37,55,51,13,27,26,1,10,17,32,14,54,43,4,30,34,63,59
55,54,53,61,63,52,45,48,51,3,9,12,40,42,14,31,0,60,30,1,4,29,57,16,49,58,56,18,21,5,19,41,38,27,8,32,7,10,59,37,25,36,44,26,47,39,50,28,15,6,62,20,11,35,2,46,34,17,22,23,13,33,24,43
45,24,49,60,58,2,15,18,11,23,47,29,1,46,56,27,43,41,59,51,34,4,44,48,28,40,33,12,8,63,35,17,26,42,3,54,16,37,36,19,31,50,6,61,52,0,30,14,39,38,62,7,21,32,9,57,20,5,22,55,25,53,13,10
9,49,10,38,20,43,36,62,27,33,52,41,5,12,57,11,59,7,34,17,28,50,44,22,47,37,21,54,55,24,8,42,18,2,6,58,13,63,23,16,19,40,32,35,15,4,3,45,0,29,39,14,56,1,53,48,61,26,51,46,60,30,25,31
63,49,34,56,0,24,21,6,43,25,42,57,36,40,7,55,2,48,62,17,30,23,27,8,51,12,45,52,18,9,38,3,14,44,58,46,41,50,33,1,26,11,28,39,19,59,35,13,32,16,37,54,53,47,5,10,31,4,15,20,60,22,29,61
55,25,42,24,41,44,57,11,30,22,32,3,59,58,15,36,54,13,31,0,26,7,18,33,56,2,12,38,61,49,23,45,52,28,62,10,29,37,60,6,50,46,20,1,35,47,16,43,48,53,5,19,4,9,63,51,17,40,21,34,39,27,14,8
53,45,63,43,42,28,14,36,12,51,23,20,29,56,3,0,26,15,34,32,22,31,6,48,25,5,62,19,54,61,38,8,33,10,50,55,60,24,47,27,9,59,49,13,44,46,58,1,30,21,7,39,16,11,57,37,52,2,35,4,18,17,40,41
63,8,7,56,42,41,43,36,11,50,46,2,19,44,49,45,16,34,15,33,52,22,54,47,35,14,10,3,59,4,38,31,39,24,60,18,61,28,1,51,20,29,27,26,55,13,48,21,6,30,40,25,53,9,57,37,58,23,0,32,5,17,12,62
38,28,24,46,55,11,62,3,25,0,48,49,12,18,32,5,6,63,60,41,20,43,52,1,9,61,51,15,27,8,21,13,54,7,47,45,10,53,29,57,34,16,39,40,36,23,17,58,19,26,31,2,35,37,56,42,14,50,59,44,33,4,30,22
17,8,6,3,36,1,31,59,60,2,35,30,42,40,13,43,52,16,61,48,51,44,63,62,56,38,47,33,12,5,10,29,27,54,25,26,58,57,34,19,37,7,45,9,22,50,49,24,32,20,55,15,21,41,0,4,46,39,53,11,28,23,14,18
25,0,44,18,4,23,11,5,28,56,38,10,62,20,29,43,3,8,15,39,35,22,48,21,54,46,51,7,41,9,53,42,50,37,45,57,47,32,52,30,58,55,59,14,12,63,13,31,1,2,33,27,24,17,26,40,60,6,36,19,16,61,49,34
56,28,2,0,14,59,52,29,13,20,4,23,53,21,39,32,51,43,50,46,18,58,45,7,30,6,11,36,22,47,34,49,61,35,33,10,42,62,26,63,37,15,54,40,1,25,55,57,31,8,60,41,17,19,27,5,38,48,44,3,9,12,24,16
5,15,48,8,30,45,34,54,39,11,32,12,4,20,63,2,59,28,31,35,21,10,61,3,26,53,16,42,33,1,51,40,62,7,43,46,14,36,41,49,17,25,22,60,29,58,52,57,55,44,23,50,38,18,37,13,27,47,9,6,24,19,0,56
10,23,42,21,3,34,58,60,33,54,16,51,36,31,46,0,43,44,18,1,6,11,48,24,22,61,38,39,15,2,25,56,7,28,35,17,4,52,59,41,14,53,50,12,57,29,40,63,20,13,9,37,55,19,62,26,30,32,45,47,27,8,49,5
22,17,32,15,60,30,63,25,37,57,58,51,35,11,61,21,18,13,9,43,24,39,3,28,12,33,34,36,27,5,41,7,46,8,62,29,48,10,14,38,2,19,50,59,26,1,40,4,42,55,53,45,47,54,23,6,31,0,56,44,52,16,49,20
12,46,43,62,41,36,31,13,3,11,32,17,63,55,37,1,39,49,60,29,44,58,21,56,50,24,51,33,45,0,34,35,38,25,28,42,8,10,22,61,30,9,26,18,48,19,47,59,53,20,27,4,52,7,14,16,5,57,40,15,2,6,23,54
47,56,3,58,52,1,11,13,17,7,43,44,63,4,59,53,48,32,30,0,20,25,42,8,19,41,14,26,2,62,15,34,60,45,5,24,27,31,22,12,9,57,33,51,50,16,29,40,46,21,39,38,54,55,28,23,37,49,36,10,18,61,35,6
60,27,52,48,4,58,13,53,26,20,31,18,8,25,56,5,39,29,38,22,43,2,6,34,41,1,33,30,24,15,37,42,63,36,10,9,55,11,40,14,7,51,17,47,19,49,45,44,23,12,32,59,28,61,0,54,3,21,62,16,35,50,46,57
11,25,37,35,40,29,9,34,0,60,20,41,2,31,58,53,54,44,52,51,1,59,57,56,19,55,13,23,7,62,5,27,46,3,45,63,48,6,21,61,10,12,14,36,4,24,49,50,17,16,47,38,33,22,39,26,30,43,8,28,42,15,18,32
52,42,11,39,46,60,61,8,56,31,30,35,24,63,38,57,36,4,5,14,16,25,44,12,43,9,58,19,37,17,23,7,28,33,15,59,55,62,20,1,10,21,41,0,53,18,22,45,40,50,34,27,6,29,48,2,32,47,49,51,13,26,3,54
3,26,27,33,21,52,41,31,14,54,6,19,48,56,53,8,51,30,18,13,59,40,47,11,2,50,25,57,12,28,43,15,37,32,44,4,55,7,20,62,61,0,23,45,46,34,60,38,16,58,42,36,22,29,24,9,5,35,1,17,39,49,63,10
15,7,12,38,43,1,25,59,26,22,54,34,30,5,55,44,31,40,41,9,63,49,18,11,14,3,6,37,32,46,58,36,16,17,0,20,51,27,53,21,23,61,29,47,57,33,24,28,8,60,48,39,13,35,42,10,4,52,56,62,2,19,45,50
22,51,6,28,63,9,18,60,8,14,38,48,47,57,23,5,24,3,29,35,26,61,11,36,19,30,4,62,49,54,17,46,44,53,33,7,39,50,20,40,25,21,37,41,52,13,32,43,59,55,15,27,56,45,1,16,31,12,10,2,42,58,34,0
47,45,2,15,49,24,5,53,7,59,32,35,10,58,28,57,30,11,50,27,51,43,37,36,18,22,9,34,41,23,14,56,1,19,48,26,52,29,12,20,8,21,13,31,54,61,33,39,25,17,38,55,3,4,46,16,44,63,0,40,42,6,62,60
58,57,11,34,33,47,56,59,55,22,20,13,42,37,39,31,17,4,28,25,30,61,26,16,5,46,27,63,12,2,0,40,35,3,10,38,8,23,36,1,6,29,32,19,43,51,54,21,48,45,18,62,49,14,44,7,53,60,52,41,50,24,15,9
28,54,1,4,3,45,37,49,9,29,63,59,41,14,18,44,31,25,38,26,27,50,40,43,22,32,6,46,62,48,16,13,21,51,57,19,7,39,17,35,12,8,2,36,53,5,47,10,11,24,55,30,56,42,58,34,0,20,15,61,33,52,60,23
22,9,54,40,48,32,25,24,45,19,51,15,30,7,57,53,47,27,50,42,28,17,37,23,18,12,10,36,26,2,56,4,61,21,55,8,14,38,3,20,16,31,60,62,39,46,5,41,59,0,34,29,52,11,6,43,58,1,44,63,49,33,35,13
57,51,31,62,20,56,34,22,19,8,16,39,24,17,6,9,45,58,37,43,42,27,61,59,36,10,1,0,13,14,49,12,55,50,52,7,46,30,23,26,63,41,32,21,53,15,47,28,4,40,35,38,5,2,60,54,33,25,11,48,18,3,29,44
27,32,1,51,62,4,2,5,39,45,44,10,47,49,63,41,20,50,23,31,18,19,8,0,42,43,22,7,38,56,26,25,16,54,21,58,59,52,15,40,35,14,17,61,3,11,28,6,60,46,37,57,34,33,30,53,12,13,24,55,48,9,29,36
15,1,11,17,34,55,63,28,60,43,16,62,14,37,18,2,51,25,8,54,40,26,38,35,31,47,6,7,48,10,30,4,58,33,41,20,12,5,49,13,0,42,27,23,22,56,19,36,57,53,9,21,29,52,59,44,3,39,32,45,61,50,46,24
23,22,26,8,35,55,59,0,51,43,44,56,61,46,9,39,41,21,30,31,49,62,40,50,24,42,14,5,13,60,34,54,37,27,29,57,28,18,32,12,45,10,38,63,15,17,3,4,2,11,36,47,1,33,52,16,53,20,25,7,58,6,19,48
0,38,57,2,50,40,39,54,9,32,63,7,52,56,26,43,15,45,6,14,23,34,35,59,48,62,22,44,60,4,10,58,51,42,24,31,33,30,27,46,61,18,53,16,55,41,5,8,25,12,1,21,17,11,36,3,19,29,20,13,28,49,37,47
23,36,24,17,45,4,52,47,35,12,13,55,37,33,56,10,49,11,40,8,7,44,9,27,51,58,20,57,61,60,59,28,50,43,30,14,21,16,34,41,32,3,63,31,46,6,48,62,22,26,39,0,19,53,1,38,29,42,15,2,18,54,25,5
29,25,6,46,41,57,18,39,5,34,2,3,52,58,15,14,55,48,21,53,36,22,47,31,10,19,27,56,44,62,42,23,38,51,43,24,4,26,50,37,32,35,7,63,8,1,49,0,45,33,30,60,40,11,17,12,28,54,16,20,61,59,13,9
27,41,60,63,8,50,22,45,62,29,7,38,18,58,26,47,1,28,5,35,48,4,12,46,2,42,13,15,32,21,57,19,17,61,39,14,40,6,20,10,23,3,59,33,25,30,24,31,9,0,43,53,37,44,54,34,51,11,55,56,49,16,52,36
61,5,50,57,55,8,13,23,24,38,18,17,30,12,27,35,4,11,60,2,46,63,15,33,22,39,29,36,42,62,51,34,58,43,37,10,19,59,52,25,26,31,7,1,6,47,3,53,20,0,56,48,28,14,49,9,41,40,44,32,16,21,54,45
60,55,17,11,42,10,39,45,8,61,53,54,30,23,26,27,3,13,29,36,24,34,40,16,32,12,44,38,50,31,6,57,52,43,4,14,51,25,2,46,35,62,20,59,15,9,22,58,41,49,33,56,48,18,21,19,63,1,37,47,0,5,28,7
35,61,42,53,56,25,30,7,48,63,31,11,16,10,52,60,0,33,14,6,27,51,43,32,29,23,37,8,5,12,3,15,49,2,9,55,17,19,18,47,1,26,36,13,24,54,39,45,58,20,50,46,38,62,28,4,59,34,41,21,40,22,57,44
48,58,37,25,53,16,35,36,4,50,19,27,3,9,55,41,63,40,45,28,61,56,34,62,1,20,42,5,31,11,49,13,46,59,38,18,10,26,22,29,24,47,17,33,54,32,23,52,60,21,8,39,57,7,14,51,12,15,0,6,30,2,43,44
30,35,11,23,34,2,57,25,3,19,59,20,37,4,31,61,16,39,42,38,18,15,48,9,41,6,5,10,55,28,58,53,14,22,56,40,43,0,62,36,1,21,60,7,63,49,47,51,44,17,54,52,33,45,8,12,50,27,26,13,29,32,46,24
6,50,32,47,19,40,9,46,14,21,30,18,1,34,33,44,41,10,11,54,12,42,43,57,7,60,5,28,51,4,15,0,49,2,24,8,16,17,55,22,39,23,53,25,13,56,45,27,63,35,62,61,31,37,38,29,59,58,26,20,3,48,52,36
27,20,9,21,45,51,35,56,3,15,7,14,43,32,49,13,23,17,2,53,1,44,55,50,16,62,18,6,11,58,5,52,26,54,59,31,19,28,34,46,8,12,39,4,60,36,61,47,0,57,29,37,63,22,25,48,24,42,10,30,41,38,33,40
2,61,20,3,22,53,15,23,57,25,24,55,49,39,62,40,36,11,51,58,21,7,12,56,63,43,18,32,60,8,42,16,47,41,14,50,28,38,37,9,5,13,17,48,54,59,45,35,31,6,33,4,27,1,52,0,29,26,46,44,10,19,34,30
17,52,24,12,36,5,22,23,35,43,48,6,56,13,4,16,3,10,21,33,59,45,63,14,53,20,46,26,15,28,27,60,50,54,61,18,49,2,55,11,9,62,38,40,57,44,51,37,32,30,31,42,7,25,39,8,41,29,34,0,1,19,58,47
51,63,10,16,41,39,32,0,30,19,46,34,62,53,8,21,31,42,61,15,56,45,59,22,23,4,11,27,60,49,57,43,52,29,13,14,48,37,25,55,54,36,20,26,1,18,50,7,12,6,28,58,17,2,47,35,38,5,24,33,40,44,9,3
13,33,31,27,4,20,57,38,5,9,14,60,49,24,11,25,29,28,56,39,23,6,17,30,2,0,45,51,55,54,43,18,58,1,22,46,3,50,42,19,37,63,26,32,61,52,16,35,21,34,15,10,7,59,62,44,53,12,41,40,8,36,48,47
27,12,56,19,47,8,26,23,63,5,42,52,22,45,41,28,15,6,9,33,44,20,30,25,18,37,38,43,3,13,29,60,7,57,62,0,34,48,51,46,55,50,32,35,2,39,49,1,24,53,36,61,11,14,17,10,4,58,59,31,21,54,16,40
5,29,28,55,15,25,57,50,16,43,51,17,13,11,59,32,10,30,31,19,3,1,42,33,48,56,54,60,0,49,18,12,34,27,35,46,36,58,53,52,26,61,40,45,23,47,7,4,39,41,20,63,8,62,24,38,44,21,22,37,6,14,2,9
44,8,13,62,52,15,61,35,60,29,51,7,48,28,9,63,12,14,31,43,0,57,45,6,2,33,32,37,23,27,36,3,10,4,39,18,38,49,46,55,53,41,56,58,34,22,54,1,19,11,20,21,17,40,42,30,5,47,24,59,50,16,25,26
33,17,13,36,44,52,28,46,26,63,53,57,27,10,15,12,20,61,31,1,9,56,25,3,2,18,62,7,50,24,43,39,4,22,40,23,14,37,51,34,19,55,42,48,35,30,59,11,47,60,16,29,5,8,0,32,49,41,45,54,6,58,21,38
38,43,23,16,1,17,28,10,62,50,40,30,51,22,13,12,60,58,49,45,21,33,8,5,47,7,35,11,41,29,56,59,6,48,31,39,20,32,15,46,18,14,26,54,24,2,34,25,55,44,36,37,52,0,4,63,53,27,9,42,3,19,57,61
56,50,37,28,46,9,53,15,62,14,61,33,8,48,7,25,36,26,40,63,44,4,6,22,51,47,35,41,31,24,27,52,43,13,45,55,59,11,57,49,39,3,1,30,58,32,60,10,16,34,23,0,38,21,12,17,5,18,29,54,2,20,42,19
16,14,58,2,24,60,19,10,52,17,34,51,3,46,27,33,15,44,59,4,35,22,50,13,37,18,1,49,63,7,30,42,41,6,31,8,23,55,57,20,48,12,56,26,62,39,11,0,38,47,53,9,21,5,54,28,61,43,29,25,40,36,32,45
19,9,23,39,34,59,35,45,0,58,11,49,55,53,6,14,41,3,62,40,44,61,10,15,42,37,26,20,54,56,63,50,12,2,13,17,36,4,21,52,5,57,29,7,18,47,22,8,33,32,48,38,25,16,24,31,46,1,27,43,28,60,51,30
49,47,45,31,24,43,55,17,56,23,62,39,53,37,27,10,12,1,36,58,34,61,35,33,5,6,46,4,8,2,18,44,54,40,48,26,60,20,16,59,0,29,38,13,22,51,63,57,19,21,11,15,28,32,14,50,9,30,42,7,52,41,3,25
33,11,28,52,2,8,14,44,10,46,6,30,7,49,18,43,45,31,16,1,0,19,53,3,63,47,5,25,13,34,38,32,54,37,61,17,21,59,4,58,29,62,42,48,22,20,24,55,12,9,56,50,23,15,27,51,57,60,36,39,40,41,35,26
37,15,7,10,61,57,59,36,22,2,14,24,0,43,50,63,42,18,3,52,16,28,54,21,56,9,26,30,53,11,48,6,29,4,33,35,60,58,31,13,20,8,17,46,62,5,32,40,44,39,23,41,47,55,12,38,34,27,45,19,25,1,49,51
3,2,22,63,17,61,40,23,29,30,24,58,57,21,54,48,33,37,1,56,45,39,50,32,38,16,13,26,31,11,19,14,60,5,12,62,47,59,34,43,53,10,36,20,55,15,41,9,8,7,25,51,0,46,52,44,18,35,27,42,28,6,49,4
45,18,6,25,4,26,42,30,8,21,12,48,11,32,19,56,37,51,60,46,34,41,31,61,14,15,57,58,7,22,39,50,10,3,43,2,62,49,5,17,40,35,13,28,54,36,27,63,0,23,52,33,29,53,44,1,16,47,24,9,38,20,55,59
19,5,60,11,61,22,46,55,24,49,59,39,28,8,13,7,27,33,23,30,63,25,4,44,62,14,36,54,51,18,15,47,17,58,21,57,52,10,3,29,20,16,50,45,40,37,2,31,38,9,35,53,56,12,41,1,26,34,0,43,32,42,48,6
45,42,5,26,58,56,33,38,25,4,55,47,60,40,59,35,7,1,41,17,12,36,34,31,14,18,49,20,8,57,9,10,63,39,24,37,53,11,22,46,3,16,50,13,2,0,32,15,29,61,48,54,44,27,52,6,19,62,21,23,28,43,30,51
51,18,14,15,34,54,11,32,8,28,53,7,36,45,41,40,17,20,26,5,48,52,43,27,22,61,37,29,21,19,16,31,46,63,2,56,33,35,57,23,38,25,55,6,62,3,10,0,12,30,58,1,47,39,59,13,24,42,9,4,44,49,50,60
28,38,6,12,55,24,8,32,15,52,2,47,17,18,57,60,25,13,7,35,21,61,45,41,54,14,50,20,34,22,3,0,53,39,49,29,1,27,62,26,23,4,42,51,9,19,16,5,11,10,30,36,44,56,63,48,40,46,33,59,37,43,31,58
42,53,3,1,52,6,28,17,58,38,63,16,48,7,9,61,22,14,36,34,10,55,57,11,60,47,54,49,23,13,40,59,35,51,44,33,50,45,15,31,24,8,41,43,20,25,30,29,2,0,19,26,27,32,5,46,56,21,4,18,12,37,62,39
23,28,6,16,34,10,1,53,47,20,5,22,12,2,44,11,36,24,18,29,55,26,0,49,9,39,25,40,8,33,35,45,32,15,21,60,43,7,38,51,54,37,46,19,3,30,52,56,17,58,13,42,41,50,4,59,48,31,14,57,63,27,62,61
45,33,7,12,3,2,29,44,53,35,38,63,26,62,61,58,50,24,8,34,6,49,40,4,47,30,32,11,27,22,54,55,59,0,39,14,57,15,60,20,5,37,52,41,31,56,48,25,36,19,17,16,18,1,9,21,42,23,28,51,10,43,13,46
62,55,17,49,47,9,19,8,45,26,13,15,23,12,58,46,38,32,44,56,43,53,27,41,6,20,60,42,31,37,34,52,59,25,54,30,11,18,50,21,14,51,7,16,2,3,61,10,29,35,40,36,28,22,63,0,1,48,24,5,33,57,4,39
13,48,47,17,45,37,6,24,62,56,12,27,19,52,39,57,55,22,43,54,32,35,25,1,30,63,21,36,51,42,29,9,4,59,26,31,46,18,7,58,60,14,33,11,38,8,49,53,20,16,50,23,0,3,34,2,44,28,5,40,61,41,15,10
48,30,46,51,63,28,39,52,62,8,20,21,16,37,58,22,23,19,50,55,27,17,33,24,13,57,5,9,60,42,15,3,41,11,25,38,0,29,26,47,56,49,1,34,45,36,6,31,43,44,53,4,35,54,14,32,10,59,40,61,12,7,18,2
28,38,8,44,20,52,21,23,49,26,14,5,63,54,39,24,10,11,31,57,51,59,19,0,62,43,47,4,35,25,34,17,16,29,13,58,45,53,6,46,12,18,55,15,1,22,50,61,30,56,33,60,27,36,41,2,42,32,7,3,37,48,9,40
29,2,0,28,37,33,61,31,11,35,23,8,6,15,55,22,19,47,26,17,24,42,56,58,46,38,10,48,49,53,30,63,52,45,13,16,59,41,62,40,3,54,36,7,27,21,50,12,44,51,9,32,1,25,4,18,60,57,14,5,34,39,43,20
5,1,46,41,7,55,56,36,62,63,27,8,49,10,48,42,3,9,44,2,53,21,24,32,17,0,25,19,23,40,51,43,47,14,12,11,45,54,57,52,16,50,4,37,39,33,13,6,59,58,61,18,15,38,26,20,34,31,60,35,28,22,30,29
52,3,7,35,11,58,56,45,26,19,29,55,48,37,12,51,40,61,13,6,53,5,18,32,23,62,14,39,42,8,43,34,57,21,60,2,24,36,10,1,59,25,54,4,28,47,9,41,33,20,46,0,38,30,63,22,16,50,15,49,44,31,27,17
31,25,59,57,4,21,23,11,7,62,15,3,55,8,56,0,13,34,29,10,9,61,53,27,38,49,32,50,36,54,60,46,63,14,39,6,30,28,24,16,20,42,51,58,48,44,19,1,41,52,22,43,5,17,37,33,12,2,47,35,26,40,18,45
63,6,49,42,10,33,51,14,56,25,45,16,7,57,43,12,32,55,48,50,18,52,54,23,34,60,4,44,19,38,26,39,46,58,41,30,35,9,15,2,8,40,24,47,61,27,31,59,20,21,36,62,13,1,22,29,17,53,5,0,11,3,37,28
42,27,24,52,54,58,39,31,8,38,17,0,40,5,9,43,62,16,57,13,2,1,26,10,7,25,4,50,37,29,19,22,49,63,15,45,51,30,21,23,46,18,59,35,41,47,53,28,12,14,48,44,6,61,60,32,3,55,34,20,33,56,11,36
11,1,34,33,30,23,52,37,28,56,8,16,24,31,50,18,53,2,20,54,39,7,60,13,6,25,57,63,45,5,43,46,35,42,14,12,55,58,4,29,3,48,32,62,36,51,17,26,15,22,0,10,38,41,27,9,19,61,49,44,21,47,59,40
40,16,4,46,20,51,43,6,33,47,37,60,1,59,58,45,7,24,63,39,13,11,30,8,35,5,54,31,3,49,32,26,2,28,12,19,15,62,53,61,25,23,34,52,36,27,57,0,22,55,41,17,10,9,38,56,50,44,42,18,48,21,29,14
59,1,62,23,38,19,44,3,35,52,48,32,55,31,6,39,28,51,24,14,63,42,0,18,57,10,25,20,26,7,13,9,12,15,54,30,8,29,27,33,21,56,45,4,5,2,17,50,60,41,58,47,43,36,37,49,16,40,34,46,61,22,11,53
14,39,56,57,44,1,21,59,26,45,49,6,32,37,52,61,18,11,16,23,46,27,54,34,2,35,51,30,42,3,15,55,31,22,0,29,25,33,48,20,43,28,7,10,4,36,17,40,5,50,9,63,12,8,13,19,58,60,41,24,38,62,53,47
43,23,9,45,19,37,15,60,40,42,54,6,51,24,47,13,38,57,25,50,33,62,29,17,53,30,41,8,14,49,46,63,7,18,28,2,52,55,10,4,3,34,27,44,56,61,59,26,48,36,12,32,21,16,5,35,22,20,11,31,1,58,0,39
34,17,53,5,31,62,13,40,37,10,49,16,23,20,12,1,38,14,29,60,52,45,32,2,36,9,58,63,8,57,15,6,51,28,42,11,48,27,39,56,44,30,35,55,46,4,54,33,7,43,3,25,47,24,59,19,41,61,22,50,0,21,18,26
49,4,46,51,8,26,27,61,52,34,14,33,43,6,50,42,37,12,44,23,2,53,39,28,38,13,19,55,11,1,36,54,47,59,58,56,29,45,57,60,35,0,21,5,40,18,31,24,22,16,30,62,3,63,20,41,7,25,48,15,9,17,10,32
56,52,10,51,24,34,47,31,29,5,59,58,23,3,12,30,46,63,26,17,8,4,25,2,55,43,41,50,39,42,38,53,19,45,62,36,49,21,22,28,27,13,7,11,20,35,14,57,61,9,1,37,32,44,18,15,40,6,60,33,16,54,0,48
24,37,55,40,31,59,25,32,10,57,22,1,50,20,41,62,46,33,56,8,45,58,44,30,3,16,18,9,2,47,53,7,17,27,48,26,49,15,54,52,0,11,43,51,34,35,13,29,63,14,36,6,28,12,39,61,21,5,60,23,38,4,19,42
62,59,63,44,41,27,28,1,34,19,7,5,15,52,26,35,54,51,37,21,46,55,43,6,8,48,14,4,58,31,13,57,38,29,18,22,11,33,50,24,17,2,30,56,16,47,3,23,32,0,61,12,49,25,39,9,60,53,20,45,10,40,42,36
41,59,7,31,39,44,60,9,62,24,15,35,32,49,19,61,33,3,23,28,22,45,29,20,52,12,50,18,1,25,51,0,42,63,36,46,26,56,30,40,47,14,17,34,6,54,38,16,5,21,8,48,13,11,53,4,10,27,57,37,58,55,2,43
44,21,55,6,32,28,50,47,8,24,58,31,19,18,40,35,23,9,1,15,43,56,53,20,14,25,4,38,49,0,7,29,41,37,30,5,45,60,63,26,11,57,42,46,12,13,27,16,59,17,36,39,54,51,52,10,34,22,3,2,61,48,62,33
60,20,50,57,12,33,21,54,39,46,56,37,9,13,2,4,63,47,43,49,32,61,6,55,62,18,44,29,3,41,16,51,15,48,52,28,10,58,22,8,19,24,45,11,1,5,35,31,27,14,42,59,38,17,23,0,36,26,30,34,40,25,7,53
48,57,56,12,46,7,1,13,63,31,32,16,36,39,11,19,20,4,49,51,5,0,34,35,40,29,42,21,33,10,61,54,27,59,9,44,18,55,60,8,15,50,6,41,43,24,38,2,17,37,30,26,28,52,47,53,22,3,62,45,14,58,23,25
19,4,58,52,22,49,36,27,31,47,56,61,13,39,20,1,11,63,16,50,42,32,59,12,21,45,7,41,28,26,3,24,25,54,30,46,14,57,33,15,10,6,9,62,29,38,48,17,18,53,51,23,0,40,43,34,8,2,55,35,5,37,60,44
40,44,5,14,62,28,45,50,23,2,36,57,47,42,3,52,8,58,63,16,38,59,21,17,11,39,41,20,29,19,55,7,37,53,61,30,51,24,25,13,33,35,18,22,56,60,12,54,31,0,4,34,49,27,32,6,10,9,1,48,46,26,43,15
31,55,51,7,57,23,54,62,37,60,41,46,8,21,33,22,35,28,52,16,59,49,24,34,19,4,43,27,25,56,53,15,58,48,50,9,17,18,63,38,14,12,45,32,20,3,10,26,2,29,0,47,1,42,5,36,30,40,61,11,39,13,44,6
46,6,39,53,38,56,35,41,8,43,59,21,27,31,23,9,11,26,63,47,19,60,14,36,20,40,54,28,42,44,32,13,30,7,62,29,1,48,52,33,5,25,55,10,18,2,12,34,24,15,4,16,58,51,45,61,50,57,22,17,0,37,49,3
29,14,33,26,9,36,58,6,48,53,7,46,12,37,32,50,27,44,57,23,5,34,11,25,63,60,31,21,28,4,61,35,39,43,24,40,0,10,59,30,3,2,15,54,55,49,17,51,62,45,20,19,1,22,52,38,18,41,8,13,47,16,56,42
5,35,29,34,38,7,20,47,56,61,49,44,3,18,21,36,58,17,9,41,30,40,19,45,8,6,14,22,11,42,37,24,13,62,12,43,46,2,25,16,1,60,51,23,48,59,33,52,26,15,53,32,55,57,28,50,63,27,39,31,0,10,54,4
61,21,24,51,55,10,49,39,11,43,7,28,18,20,53,22,58,54,23,32,17,14,33,0,44,42,5,29,36,31,47,12,6,63,27,15,34,48,3,25,9,26,57,8,1,52,41,19,30,37,16,40,46,50,13,62,38,45,56,2,59,4,35,60
56,43,47,31,54,0,41,45,20,7,19,25,24,11,61,17,40,58,26,4,12,10,1,59,2,62,55,60,63,42,38,23,29,13,21,36,57,9,32,16,46,51,5,28,3,37,52,50,27,18,14,6,53,22,49,33,15,8,39,48,30,44,35,34
5,45,28,35,1,36,51,11,27,43,14,10,8,19,63,42,60,21,4,54,22,44,18,41,32,3,6,46,25,55,40,38,0,48,39,15,7,12,34,33,58,49,31,53,29,59,37,56,26,57,62,47,24,17,2,61,30,13,50,23,20,52,9,16
24,15,43,60,33,1,62,10,50,57,21,29,22,47,38,28,6,12,17,46,36,61,11,42,0,63,26,41,39,37,34,5,32,52,27,53,25,35,56,18,48,58,55,44,30,51,13,7,40,59,9,23,19,8,54,14,16,4,45,3,2,31,20,49
1,20,35,9,37,17,15,25,3,21,52,55,19,48,57,50,14,33,39,10,60,18,40,32,53,63,22,61,58,47,12,4,44,49,54,5,13,6,59,28,45,38,2,16,7,0,23,36,56,46,42,29,24,8,51,30,31,62,41,26,34,27,11,43
49,59,54,32,11,50,51,38,33,58,21,48,25,55,3,1,60,44,41,57,7,2,20,45,24,63,22,19,23,37,30,40,62,9,6,36,53,61,31,15,47,27,10,12,16,52,26,34,17,46,13,39,5,14,43,42,28,0,56,8,29,35,18,4
42,26,13,8,18,21,56,54,52,37,43,4,12,57,34,51,33,22,2,48,45,30,46,9,32,53,40,29,60,15,14,17,0,59,36,1,16,6,10,27,38,25,31,3,44,49,41,63,5,58,11,39,20,61,28,7,19,47,50,35,55,23,62,24
8,34,61,63,19,4,53,58,43,7,3,57,29,38,40,6,24,54,18,21,13,36,14,62,59,12,11,52,20,15,5,32,39,47,50,0,27,51,26,46,31,41,9,60,55,33,48,10,2,42,23,28,30,16,56,25,45,49,44,35,37,17,22,1
31,21,42,57,33,11,9,60,15,43,13,6,23,19,5,22,0,14,4,29,16,24,37,61,52,39,25,53,36,12,48,8,17,54,27,7,34,18,2,47,59,30,63,46,1,32,20,3,44,56,51,10,38,49,62,35,55,28,26,50,40,58,45,41
2,54,17,6,14,28,56,63,42,51,40,44,4,47,26,50,53,57,38,29,45,43,37,13,16,1,62,8,10,33,39,9,22,21,5,35,3,36,18,31,58,11,30,23,20,27,34,19,60,15,25,55,41,24,49,61,0,52,59,46,48,7,12,32
39,35,32,16,5,19,61,55,63,46,26,57,54,56,59,41,31,47,22,17,40,21,2,58,44,4,9,24,10,1,30,7,15,0,62,25,33,49,37,3,60,29,28,36,12,13,34,20,8,18,45,53,43,11,50,38,27,52,23,51,42,48,6,14
61,39,9,11,10,51,35,50,27,48,62,7,36,46,24,55,54,19,20,30,12,42,4,2,56,25,3,63,0,17,33,26,32,47,38,13,18,6,29,59,34,31,40,16,37,14,15,49,45,44,43,1,41,23,5,58,57,53,22,52,21,28,8,60
17,24,23,43,18,22,25,5,19,56,15,40,11,30,33,9,53,59,42,8,14,20,50,54,41,34,32,31,61,38,63,49,48,2,46,58,37,36,35,1,12,45,16,57,6,27,13,3,52,62,39,47,51,10,28,60,7,44,4,55,0,26,29,21
50,44,37,56,4,8,26,34,43,13,33,19,60,0,48,36,6,1,27,45,55,15,29,32,46,18,42,25,59,39,62,49,21,47,40,54,24,11,30,3,7,61,31,58,16,53,41,17,28,12,22,14,23,5,20,10,63,2,52,51,9,38,35,57
56,60,34,8,7,10,54,17,52,55,12,23,38,13,0,49,36,1,46,42,48,57,19,39,3,5,16,43,59,26,2,40,20,15,14,29,50,63,9,22,58,11,30,4,28,6,37,61,51,45,44,41,33,27,24,18,21,32,53,62,25,35,31,47
38,18,30,31,20,13,0,23,46,19,24,28,2,50,40,53,39,61,45,8,34,22,10,7,6,42,11,16,56,25,37,4,3,36,60,35,12,14,58,21,54,5,1,49,17,47,62,27,43,26,9,29,48,52,55,32,41,44,57,63,51,15,33,59
13,21,9,47,11,23,45,51,44,7,49,32,19,36,30,37,6,24,59,54,55,38,40,31,8,10,27,61,0,16,53,15,17,22,34,58,2,60,1,33,56,46,62,43,41,52,35,57,42,39,25,14,26,3,29,12,4,50,63,20,5,28,48,18
30,7,10,22,58,26,0,52,16,25,13,60,28,53,34,43,38,18,61,45,42,32,27,57,6,62,47,51,40,5,56,48,17,8,1,2,54,4,24,19,15,12,44,11,37,20,14,59,41,21,3,31,23,39,50,46,36,35,33,9,49,63,29,55
2,38,56,42,43,9,3,4,19,46,29,16,63,0,34,5,10,39,48,17,50,15,31,33,59,40,60,25,32,28,11,12,7,49,41,21,52,27,51,1,18,55,36,22,37,62,26,20,57,23,45,54,44,53,24,6,61,14,13,30,47,8,58,35
38,46,15,48,19,14,56,50,41,24,3,47,31,58,43,57,34,12,2,40,9,32,21,42,0,25,44,29,26,52,17,61,27,4,36,60,10,51,18,13,22,23,35,37,16,8,33,55,53,62,54,6,59,45,7,20,30,49,1,11,63,39,5,28
56,52,42,63,48,2,30,58,47,35,37,26,34,44,51,1,53,9,6,10,0,21,54,55,16,61,14,43,38,40,23,18,57,8,29,5,32,17,46,33,27,3,25,39,45,13,22,41,7,28,15,59,50,20,60,11,62,4,36,19,12,31,24,49
52,8,25,15,39,27,17,10,37,58,45,30,46,0,7,6,24,41,35,47,59,43,62,3,61,40,9,44,34,60,5,54,31,53,56,12,13,42,18,51,11,2,23,38,50,14,1,26,57,32,63,33,16,55,28,29,22,36,49,48,4,20,19,21
27,35,47,23,18,60,22,48,4,43,58,5,45,53,59,54,29,25,24,57,61,39,15,28,12,34,40,44,20,8,63,50,10,9,11,14,56,17,62,46,7,2,3,16,37,30,1,38,33,52,51,41,42,26,0,21,36,6,55,32,31,13,49,19
58,36,50,23,47,30,2,27,39,7,33,42,37,35,0,12,9,56,46,52,48,8,28,57,31,63,29,14,22,44,17,13,55,25,20,59,4,60,32,15,21,43,10,16,6,26,24,19,62,51,11,5,34,41,53,49,18,61,45,38,40,3,1,54
58,8,63,56,59,6,31,3,62,38,13,51,34,35,5,10,24,48,25,60,7,19,41,55,43,45,36,16,23,61,21,46,47,15,50,52,0,12,11,57,40,20,14,42,53,4,26,22,37,29,1,49,27,32,2,39,28,30,9,33,18,44,54,17
41,11,22,19,34,14,63,47,40,24,20,29,49,3,38,1,54,53,13,30,10,36,8,18,15,17,58,52,39,62,9,61,2,44,6,27,48,7,4,50,32,0,25,59,26,12,28,45,57,16,33,31,23,43,51,37,56,55,21,5,60,42,35,46
51,14,41,12,57,37,28,5,49,29,21,1,55,60,9,44,45,19,18,13,24,8,16,38,30,35,59,3,61,2,6,46,48,63,25,27,4,10,40,26,34,22,17,11,36,54,53,7,42,32,50,47,52,58,20,43,15,31,56,62,33,23,0,39
57,60,49,32,12,38,1,50,19,27,40,63,36,47,34,4,6,22,21,62,51,30,28,42,37,17,61,26,58,23,10,29,45,35,7,0,11,13,8,56,3,25,14,46,53,52,43,18,16,24,9,54,41,33,20,31,2,15,39,48,55,44,59,5
41,45,2,62,5,25,55,30,63,53,36,35,33,59,34,43,42,3,58,40,37,8,26,10,60,15,32,31,27,49,39,57,56,21,52,50,23,20,7,47,0,11,38,29,16,19,17,18,61,4,51,46,14,6,13,9,1,54,44,22,12,48,24,28
13,45,50,63,40,41,2,32,39,26,16,11,37,17,19,58,46,42,54,57,59,18,25,60,21,8,14,44,28,61,52,48,12,49,51,1,5,6,29,20,10,0,47,4,34,7,3,55,23,35,33,15,53,36,30,31,24,56,62,22,38,9,43,27
10,19,29,36,22,12,8,1,32,47,48,54,7,51,21,26,18,41,14,24,57,40,20,55,25,6,52,43,5,27,2,35,4,53,45,50,58,49,11,46,37,63,39,61,38,13,3,34,30,59,56,15,60,16,31,0,9,33,62,17,44,23,42,28
62,38,36,10,16,7,47,23,44,25,2,55,3,48,63,42,39,50,46,18,60,26,21,22,17,11,31,58,32,19,20,54,35,27,49,34,52,43,29,24,40,12,1,9,59,8,28,37,61,30,33,41,56,57,6,13,51,14,4,45,53,0,5,15
24,3,63,20,51,32,13,46,19,44,1,15,7,62,2,8,35,9,27,49,38,25,47,57,12,0,30,55,52,18,5,11,40,43,58,48,6,42,59,50,4,60,36,41,29,53,61,33,34,17,56,37,26,31,23,16,28,39,21,10,22,45,54,14
27,24,48,2,53,23,33,32,29,36,57,6,43,59,9,50,35,52,39,19,31,54,51,3,34,55,40,37,16,5,18,61,46,60,17,8,25,1,7,28,0,62,30,10,4,20,44,21,26,11,42,14,12,38,22,49,47,13,45,41,15,58,56,63
36,24,48,39,52,56,15,59,23,32,0,10,63,35,18,42,33,41,8,22,5,58,54,60,27,51,47,62,13,61,4,1,55,16,43,19,26,20,50,38,34,37,7,14,25,30,29,53,17,12,28,57,9,11,2,45,6,49,3,21,46,31,40,44
15,25,50,8,53,29,31,10,56,43,41,11,35,24,45,40,60,61,23,42,47,39,19,16,51,1,5,33,3,21,18,44,57,28,48,9,32,46,22,62,52,12,59,13,58,27,0,38,26,34,14,7,49,37,54,63,6,2,20,17,36,30,55,4
60,54,34,9,4,37,55,47,26,53,49,52,40,36,27,7,10,43,20,56,22,1,3,39,19,44,11,38,51,59,5,15,30,28,45,42,46,0,63,14,25,57,2,48,6,32,16,17,41,29,18,58,35,50,24,13,62,61,12,33,31,8,23,21
9,14,52,20,59,60,31,1,48,46,55,7,62,15,32,47,58,49,42,2,25,45,29,16,19,24,41,37,28,17,43,13,35,36,12,3,51,50,27,44,22,21,5,10,4,33,18,8,40,38,30,54,53,11,6,34,26,63,56,57,0,23,39,61
58,63,22,13,12,56,43,24,51,46,55,60,38,18,3,52,20,45,37,26,33,42,10,6,47,39,5,57,59,54,48,49,30,21,19,50,14,44,7,61,0,36,32,53,2,27,17,8,15,62,31,40,28,41,4,35,34,29,9,11,1,25,23,16
25,37,57,56,46,51,0,31,16,39,14,26,55,49,17,34,50,15,45,62,7,3,23,53,29,21,22,40,44,59,32,63,19,38,61,30,35,10,12,48,60,43,33,47,24,1,36,28,52,6,42,18,41,54,13,8,2,58,4,5,9,20,27,11
42,55,27,63,12,57,21,18,44,37,51,19,43,20,24,54,48,49,53,13,2,58,29,59,11,14,41,1,62,34,60,10,56,25,0,32,61,4,31,16,7,9,5,46,47,8,39,26,36,28,30,3,35,38,45,33,40,23,15,6,52,22,17,50
23,55,4,30,53,27,13,44,40,54,45,20,48,10,28,32,25,36,16,22,61,31,62,17,41,50,59,47,6,57,12,39,38,2,43,5,11,24,0,37,56,58,18,33,1,42,34,9,35,60,63,8,26,51,3,52,14,7,15,29,46,49,21,19
33,21,30,18,41,49,59,16,40,28,13,60,22,34,3,37,46,5,53,17,25,19,7,36,47,31,2,62,14,11,63,54,23,26,42,57,15,4,52,24,8,51,45,6,27,55,48,39,44,0,32,12,56,20,61,43,35,1,38,9,58,10,29,50
62,57,38,8,41,14,51,6,24,23,17,21,54,20,22,58,52,26,61,18,49,46,30,45,9,35,31,36,44,56,27,48,1,11,37,63,43,15,50,40,34,16,7,39,53,13,32,25,60,12,4,10,0,42,55,3,2,29,47,59,5,19,33,28
24,21,13,48,50,44,14,49,2,4,35,57,8,46,12,0,15,22,20,55,45,41,31,61,6,1,17,34,3,54,25,60,63,39,9,53,10,5,47,32,38,33,43,28,27,16,58,56,37,18,59,51,11,26,23,19,40,30,7,42,36,29,52,62
11,31,6,1,12,53,0,54,50,60,4,2,30,5,57,25,24,46,62,48,43,27,39,32,44,15,17,45,7,35,52,36,14,13,9,10,3,47,41,55,21,38,16,51,56,20,34,26,19,29,23,61,42,18,49,59,58,22,37,8,33,28,40,63
20,42,5,13,0,32,16,33,36,55,27,2,40,46,14,19,45,38,22,12,26,4,35,8,15,57,50,56,63,7,28,54,52,3,62,44,43,21,18,60,49,61,23,59,58,31,17,24,39,41,25,34,47,1,37,53,29,48,11,51,30,6,9,10
3,15,43,57,63,50,34,40,28,11,5,26,31,46,53,29,44,49,14,62,1,32,55,17,35,25,22,41,12,9,54,23,30,61,6,56,59,42,16,7,36,18,19,24,33,51,2,38,20,37,60,52,0,8,10,58,13,4,48,47,39,45,21,27
13,54,10,30,26,7,40,1,60,9,18,17,45,43,61,12,52,19,41,28,44,36,39,14,35,3,31,38,11,25,34,56,24,2,23,21,47,50,29,46,16,51,63,37,0,58,55,32,49,8,5,59,20,4,62,53,22,42,33,57,48,15,27,6
31,34,38,27,14,22,39,36,49,40,54,0,16,53,44,33,37,5,58,46,17,19,20,9,28,47,60,41,13,26,50,61,43,57,52,32,45,51,29,2,15,21,3,48,7,63,55,23,1,59,62,25,56,24,30,12,8,35,4,11,10,18,42,6
32,0,36,60,19,63,31,34,24,54,1,53,49,41,20,46,59,38,10,18,37,21,22,43,58,9,26,8,33,62,48,28,14,51,57,29,12,47,35,42,44,39,4,17,2,30,45,27,6,11,5,13,56,52,15,7,25,40,50,55,16,61,23,3
50,49,51,43,32,13,54,16,31,1,7,36,62,17,44,15,55,8,40,35,5,6,9,10,33,45,57,60,12,41,4,53,56,59,30,61,28,37,18,42,22,21,38,47,19,29,23,0,48,26,3,34,25,58,2,52,63,14,24,27,20,39,46,11
45,55,36,3,24,10,8,14,4,46,33,40,30,63,35,16,31,57,38,22,9,58,60,62,20,48,56,49,41,21,61,54,0,17,47,11,26,1,39,50,29,53,28,37,2,52,18,7,59,25,44,32,13,5,34,19,43,15,51,12,23,42,6,27
48,13,9,19,44,29,61,39,52,32,56,60,26,34,24,33,50,1,25,15,8,36,21,5,40,6,11,10,31,38,12,35,63,4,53,23,20,59,45,58,2,41,17,16,0,54,18,22,62,14,57,3,55,28,37,7,30,49,27,47,51,43,42,46
37,23,19,52,59,45,41,46,28,10,8,13,15,27,11,12,3,49,4,2,6,60,25,51,20,21,44,5,38,43,18,62,56,34,47,16,31,33,24,54,9,53,1,57,39,29,36,50,63,58,35,32,61,7,0,22,17,26,48,55,42,30,40,14
17,63,20,31,12,21,42,43,3,52,28,19,8,6,36,59,7,56,15,14,51,26,44,13,23,54,29,5,22,11,0,24,16,58,48,35,47,30,4,1,50,53,25,41,61,27,34,49,10,37,46,39,38,18,2,60,9,57,55,40,45,33,32,62
50,56,14,46,45,60,26,4,5,24,39,6,40,47,34,41,52,28,12,31,43,62,44,57,21,16,30,29,49,54,23,38,20,42,9,22,36,51,8,61,27,33,55,3,17,48,15,18,25,35,63,59,13,58,32,53,7,37,11,19,2,1,10,0
39,17,1,8,61,36,34,3,27,26,60,4,2,45,40,25,55,44,15,14,54,37,53,47,0,62,12,23,56,59,52,19,6,20,9,29,43,11,41,22,21,28,49,7,42,58,18,30,63,16,31,13,35,33,10,32,24,46,38,51,50,57,5,48
48,30,16,29,19,50,46,39,24,44,31,42,20,43,13,27,49,25,26,53,8,52,9,56,47,40,5,12,38,4,15,36,2,54,28,18,6,33,14,41,21,34,37,1,61,60,23,35,32,11,62,63,51,7,59,17,45,22,10,3,55,57,58,0
39,37,45,6,47,14,61,3,2,25,60,4,35,9,26,55,27,32,59,57,29,7,53,15,38,13,23,1,8,50,10,18,52,62,58,16,40,31,30,42,49,56,11,12,22,46,33,19,20,43,0,51,5,28,34,54,41,48,36,24,44,63,17,21
60,3,33,31,45,47,4,39,36,44,5,56,20,55,51,22,53,35,18,12,26,50,49,58,23,38,61,63,15,57,59,7,6,30,11,14,24,25,21,37,27,43,42,28,1,62,48,34,29,10,54,13,0,2,9,8,46,41,16,32,17,52,40,19
26,4,17,10,58,56,31,12,20,25,13,33,15,24,29,46,16,34,38,5,28,54,14,61,3,44,53,27,35,1,8,37,57,40,19,22,41,62,30,6,59,43,60,45,11,0,48,7,47,52,9,39,51,2,18,36,55,21,49,63,23,32,50,42
22,53,35,62,55,49,54,29,47,34,20,61,52,12,44,10,40,1,23,16,15,4,42,2,27,39,38,14,28,18,11,5,17,3,59,32,21,8,48,0,63,19,30,60,46,51,45,9,37,50,26,41,36,57,58,25,6,7,24,43,13,56,31,33
33,62,19,46,41,42,63,24,26,13,30,39,60,29,21,45,17,35,40,49,34,28,54,7,36,22,9,12,37,15,59,4,50,11,1,48,57,3,16,32,27,43,18,38,6,14,31,0,52,5,23,10,56,61,51,53,58,25,20,2,47,8,44,55
49,61,28,4,22,41,39,47,53,33,43,15,56,23,30,0,40,57,50,24,10,55,32,21,51,34,12,63,45,58,9,3,42,13,16,48,38,54,11,1,44,62,17,5,7,46,2,60,18,59,29,20,14,26,31,8,37,25,6,27,36,35,52,19
1,22,27,62,43,44,21,60,18,48,25,6,4,14,15,35,5,47,32,33,8,57,26,59,46,23,45,13,39,49,38,50,40,28,36,31,24,12,55,51,3,34,9,42,0,37,20,2,19,10,58,17,11,41,16,29,54,30,61,63,52,53,56,7
45,53,50,32,59,47,30,3,8,20,44,4,9,38,11,21,5,63,56,31,37,17,24,28,26,18,12,23,25,7,1,13,57,39,19,60,15,6,34,29,0,51,41,55,54,16,52,43,35,62,22,48,36,14,58,61,40,27,2,10,42,49,33,46
27,33,40,35,24,0,26,58,41,45,12,60,34,10,51,15,16,37,21,3,32,17,56,28,46,47,48,59,4,61,9,23,55,38,30,36,29,50,22,13,57,54,5,18,8,52,14,20,44,62,11,25,43,42,7,2,63,31,19,53,1,49,39,6
35,43,11,17,37,39,49,33,58,38,2,3,51,48,36,6,0,61,29,21,62,56,5,45,9,54,10,16,22,40,32,52,46,23,1,13,42,15,63,44,26,8,41,53,50,30,60,59,20,18,4,28,57,47,55,34,25,31,27,19,7,14,12,24
49,50,53,25,61,10,16,46,24,27,44,54,43,8,17,4,9,13,21,41,1,31,15,26,3,37,48,57,59,63,39,47,52,22,33,7,56,2,36,28,30,42,45,55,14,51,5,19,0,18,60,35,29,23,32,20,6,58,38,34,11,40,62,12
32,2,8,6,23,63,31,49,24,25,19,46,47,59,34,11,39,30,1,20,7,27,61,50,58,45,41,35,17,52,38,14,18,29,12,62,43,57,55,16,28,51,4,26,37,60,33,56,44,48,22,9,53,0,10,42,5,36,3,21,40,54,13,15
61,31,6,50,11,32,12,63,52,30,28,41,22,20,18,40,43,42,25,56,36,33,48,62,51,2,3,23,44,45,57,39,4,1,46,24,58,55,35,0,47,49,7,59,38,37,17,10,53,54,21,16,5,29,19,15,34,27,8,9,60,26,13,14
6,35,3,40,0,58,33,28,47,44,50,4,25,60,7,45,10,59,8,5,30,43,36,48,17,52,38,14,49,16,53,9,46,2,54,22,19,1,20,13,42,62,57,55,29,26,34,56,61,18,41,39,12,11,27,21,23,31,51,63,37,24,32,15
46,40,55,53,2,7,51,28,49,14,59,43,45,1,13,37,6,60,5,57,0,38,52,10,25,3,30,39,54,23,20,19,36,16,11,58,12,18,61,27,34,9,50,15,35,32,17,8,41,42,44,33,47,48,26,24,29,21,56,63,22,62,31,4
8,38,12,31,7,46,0,30,59,5,27,2,61,21,18,42,36,32,15,19,50,24,3,57,4,34,51,40,20,54,9,52,17,49,58,62,45,25,28,37,33,43,41,55,53,23,26,22,39,44,13,60,48,1,35,47,56,11,6,63,29,10,16,14
14,55,54,21,62,52,0,49,6,60,31,24,9,50,13,46,19,22,12,3,11,40,17,59,4,29,44,33,61,2,63,23,56,7,43,10,8,20,57,32,34,35,26,15,47,25,5,18,42,28,16,30,58,45,41,53,1,37,38,27,36,51,48,39
29,22,32,1,52,53,37,19,24,33,35,44,17,14,36,46,15,57,16,50,3,49,63,51,55,9,39,42,25,26,58,56,47,41,34,59,13,45,12,6,31,0,48,30,43,21,54,62,10,38,27,40,18,2,8,4,60,28,20,11,7,23,5,61
25,29,8,19,51,6,3,18,12,53,1,35,32,43,39,13,49,7,5,56,41,15,27,63,34,0,38,23,52,42,36,10,47,9,2,31,58,4,17,61,54,26,55,22,45,57,11,28,21,30,59,46,16,48,14,40,50,24,60,44,20,33,62,37
40,1,55,56,30,15,50,49,48,38,46,24,59,37,23,47,25,42,8,60,53,31,3,26,45,43,44,63,5,4,41,10,7,14,52,61,12,62,29,19,21,9,58,57,51,33,32,16,27,20,39,54,22,34,28,13,36,17,0,2,6,18,11,35
52,26,47,55,34,32,62,59,1,7,35,63,57,27,22,25,39,53,12,10,23,11,43,16,14,17,13,60,61,56,19,20,31,54,3,6,40,8,37,2,36,46,45,24,42,51,30,21,48,50,49,18,4,15,41,38,44,33,58,9,28,29,5,0
61,38,44,54,27,49,56,47,11,43,42,13,37,24,1,52,40,23,58,62,31,35,7,14,55,8,57,50,45,10,9,19,3,36,34,17,26,5,21,53,16,29,28,2,32,18,59,15,33,22,4,41,30,39,6,60,20,25,51,12,48,63,46,0
19,4,18,7,10,60,41,31,11,8,50,47,9,6,3,32,45,62,61,55,38,14,24,1,43,57,34,56,39,17,52,36,44,12,53,26,23,33,0,54,49,2,63,25,37,51,40,59,35,21,22,29,48,15,13,5,46,27,58,30,42,20,28,16
3,39,0,49,23,42,13,11,18,57,5,26,58,63,10,50,41,14,22,27,54,33,55,16,24,45,4,21,19,28,43,61,52,12,60,2,8,1,51,31,35,53,32,7,17,38,36,6,30,56,20,29,9,40,25,47,59,44,15,34,37,48,62,46
48,9,23,58,30,62,18,39,16,15,22,10,4,37,25,31,7,21,54,3,38,14,29,28,24,60,40,19,34,49,44,26,13,47,52,63,5,17,35,36,41,50,11,20,33,1,12,51,61,0,55,8,27,45,32,42,53,46,43,2,56,57,6,59
26,20,22,6,61,40,10,28,5,23,21,59,56,27,48,4,11,42,36,12,34,39,35,60,58,14,46,38,30,50,8,2,24,43,32,41,49,1,18,54,44,15,7,63,25,47,52,0,16,29,19,45,53,55,17,51,9,57,3,62,33,31,37,13
4,47,61,52,30,54,27,59,63,2,33,24,48,43,60,35,57,55,0,12,49,3,15,40,38,58,11,62,37,19,20,13,26,53,46,10,41,22,18,21,45,50,42,56,51,16,31,34,14,17,25,6,23,32,9,29,5,39,44,1,8,28,7,36
45,10,60,19,3,11,59,5,24,49,21,26,35,22,7,55,44,50,39,2,9,61,15,57,62,40,54,25,20,29,46,12,1,18,47,4,23,36,14,42,28,37,63,52,0,8,6,53,13,51,31,34,48,56,58,38,30,32,27,17,33,41,16,43
53,13,1,18,17,46,52,47,4,35,33,56,43,25,49,62,63,59,41,37,24,51,50,14,61,26,15,34,27,28,39,30,3,54,22,7,2,0,58,32,21,42,57,40,19,9,12,55,36,5,48,29,45,44,10,60,16,23,11,6,38,31,8,20
17,63,49,55,28,60,41,44,2,35,32,3,51,5,6,37,46,45,52,26,13,31,22,38,40,19,56,4,48,57,10,42,7,50,0,11,9,39,61,30,18,14,25,21,20,59,33,34,53,29,16,23,58,8,12,43,62,27,1,47,54,15,36,24
40,19,24,53,38,9,48,59,23,50,26,52,45,41,27,13,31,3,58,39,28,5,20,6,63,10,60,16,37,0,21,12,35,43,2,7,22,29,11,55,42,4,56,62,51,32,8,15,30,36,61,1,49,18,25,14,34,47,33,44,17,46,54,57
37,55,16,62,18,29,32,8,6,0,23,5,46,26,28,59,11,51,41,7,44,54,49,22,42,10,33,2,27,31,30,52,1,36,3,19,14,60,63,56,15,43,13,21,34,57,45,50,40,9,25,61,35,58,20,47,17,4,24,38,39,12,53,48
51,25,4,10,22,43,32,28,0,7,15,9,31,40,53,36,47,50,18,1,2,60,45,58,13,8,38,27,20,12,11,6,33,59,23,42,46,24,48,55,17,5,16,35,63,56,44,37,39,61,21,54,29,30,41,26,3,52,57,62,34,19,14,49
29,23,20,13,21,17,46,48,14,58,22,16,25,5,2,61,0,33,41,42,34,9,52,59,62,31,15,18,4,1,8,40,51,38,45,56,54,63,57,6,30,37,32,36,44,53,35,10,50,55,3,27,24,12,7,26,19,43,11,39,60,49,28,47
38,16,49,55,41,21,45,35,30,23,54,58,24,37,32,19,39,56,14,42,22,60,29,1,28,53,12,25,18,17,15,7,43,44,51,59,63,10,0,6,3,62,36,40,5,31,61,48,33,52,9,8,11,50,34,2,13,27,4,47,20,46,57,26
16,29,25,7,45,21,55,35,26,2,14,28,52,15,31,24,9,19,58,63,8,37,62,11,33,41,30,43,57,51,12,20,4,56,49,1,17,34,18,46,54,5,44,3,38,53,40,60,0,10,6,39,36,61,48,47,22,32,27,42,59,50,23,13
7,46,10,56,30,34,19,4,59,61,14,55,38,60,5,29,42,11,18,25,39,22,48,12,2,49,36,37,27,8,51,44,16,53,50,26,9,62,35,33,3,47,13,43,1,40,58,52,63,15,17,45,23,31,28,0,20,54,32,6,41,57,24,21
4,43,22,48,58,15,17,33,26,13,56,2,11,57,55,32,14,25,9,27,39,30,54,45,37,8,28,38,21,41,42,10,3,5,7,1,59,61,31,63,47,51,0,53,19,18,12,20,23,16,24,52,46,44,34,36,6,29,50,35,60,62,49,40
31,18,46,3,22,4,20,40,34,62,2,45,28,5,32,25,38,29,44,39,0,58,61,15,12,8,59,36,54,7,13,63,33,53,42,60,52,37,49,56,47,11,57,51,19,50,9,17,24,21,23,16,10,55,27,6,14,35,1,26,41,48,43,30
53,30,44,31,49,14,3,11,13,17,42,35,58,55,48,28,43,32,41,47,26,12,39,0,10,38,63,7,33,45,57,2,36,56,5,50,16,1,52,20,29,21,40,9,8,19,61,15,51,62,34,4,59,23,54,37,6,22,18,25,46,60,27,24
21,25,58,40,44,36,6,39,62,48,28,8,12,27,24,51,52,16,1,29,2,31,45,3,33,13,9,42,54,34,32,59,4,14,11,41,38,17,61,18,15,35,46,19,49,57,53,10,56,30,22,47,0,5,23,43,26,20,60,63,37,7,50,55
16,21,3,35,5,11,7,18,41,60,43,23,54,34,2,38,62,33,61,10,20,13,28,48,0,9,36,56,47,45,29,22,42,55,57,15,30,63,12,49,19,40,52,8,25,6,1,17,32,14,37,27,44,51,39,59,50,31,58,46,26,24,4,53
28,31,39,49,23,34,25,41,35,40,44,45,52,7,33,24,30,37,6,19,47,54,8,18,13,46,9,43,2,60,20,10,29,12,42,58,56,21,11,57,26,51,36,22,63,27,55,1,38,16,3,62,53,4,48,5,15,14,59,50,17,0,61,32
43,14,9,28,50,20,30,60,48,38,47,1,34,31,59,6,23,36,53,41,63,16,46,55,25,61,39,54,45,18,7,58,40,21,22,35,49,15,33,13,10,62,5,56,11,0,37,12,2,17,8,52,51,29,4,19,26,44,32,3,24,42,57,27
30,20,32,15,39,2,12,59,34,17,11,25,24,50,63,9,49,38,62,46,56,6,16,29,53,13,1,37,31,33,47,58,44,0,3,42,61,54,51,21,5,55,48,10,57,27,43,23,40,60,4,19,26,52,35,14,22,7,8,41,45,18,28,36
40,38,9,16,33,37,20,30,31,21,54,2,53,5,34,57,56,44,42,7,0,48,52,4,25,32,41,63,26,55,13,23,22,12,58,45,29,1,18,39,46,3,10,17,51,11,36,50,28,43,19,14,47,59,35,27,62,61,49,15,24,8,6,60
38,10,19,5,50,42,28,59,52,25,32,29,34,35,47,20,37,15,60,1,3,45,62,58,30,40,63,8,49,55,12,54,0,7,22,39,48,21,9,11,33,43,61,56,6,14,31,23,51,2,17,53,46,26,41,24,27,18,4,13,36,57,44,16
29,28,56,36,15,24,59,20,55,40,44,21,18,62,4,3,46,42,43,37,23,10,38,34,48,50,57,30,41,51,35,49,9,0,60,53,17,22,1,54,26,31,8,6,13,27,16,52,14,32,63,11,33,45,25,5,19,58,39,7,2,12,47,61
36,28,58,23,10,62,63,57,60,34,51,54,27,21,11,56,5,7,46,32,13,41,61,33,35,39,45,26,25,22,9,53,55,19,15,49,30,18,40,6,20,0,38,12,52,59,43,2,29,44,42,48,3,24,31,16,8,37,1,4,47,17,50,14
41,44,39,13,38,20,9,31,12,14,22,63,61,7,30,55,48,42,28,18,56,17,6,27,36,54,8,0,45,53,35,29,3,4,23,26,5,19,50,16,34,25,52,47,57,49,15,37,1,24,43,51,2,60,32,40,58,33,46,11,10,59,62,21
2,20,41,29,33,43,61,14,50,9,45,6,54,21,22,62,57,35,31,32,36,10,16,28,4,47,23,11,3,40,51,34,13,0,1,38,42,27,15,26,63,60,48,39,53,25,17,5,56,19,49,44,24,12,30,58,55,8,59,37,18,46,52,7
42,48,22,17,63,57,39,2,62,21,23,52,43,51,7,3,46,54,26,36,27,18,59,8,4,49,16,44,14,56,41,13,15,38,40,28,20,60,12,47,10,11,50,29,37,45,58,34,61,32,5,1,24,33,53,19,9,55,30,35,25,31,0,6
53,20,5,8,19,41,4,25,29,35,28,54,47,39,15,60,59,16,43,33,48,52,36,23,31,10,32,3,42,63,17,13,50,46,34,21,6,51,58,56,27,55,44,9,24,11,1,62,61,7,26,12,57,2,30,18,45,40,0,22,49,38,37,14
53,0,55,43,33,11,46,15,22,42,6,49,59,23,47,39,35,5,34,12,38,52,37,50,27,18,40,28,31,32,56,17,57,45,16,9,51,61,44,1,36,4,63,48,10,7,25,8,58,60,3,20,13,54,41,14,21,30,24,29,19,26,2,62
34,21,31,40,59,60,17,45,30,18,36,27,52,3,16,62,50,10,24,25,1,44,35,13,6,61,28,57,5,8,32,0,54,7,12,33,58,41,22,38,37,26,47,46,9,11,56,29,19,20,42,63,49,43,53,4,51,48,14,55,23,39,15,2
12,61,17,31,42,58,36,46,4,49,8,10,0,6,1,23,60,41,9,11,39,26,50,13,5,54,2,28,57,59,32,62,55,3,48,22,56,52,25,37,34,7,27,63,18,16,21,15,43,44,51,20,38,35,24,40,30,19,33,53,29,45,47,14
40,35,51,17,14,57,16,37,9,47,61,7,15,49,10,34,2,6,59,38,60,24,29,26,48,44,33,18,45,23,62,5,11,19,53,63,25,46,13,56,3,0,54,22,50,30,21,55,28,42,32,52,4,1,43,20,31,12,58,27,8,41,36,39
54,39,61,55,18,10,26,38,59,43,13,25,40,33,0,44,36,23,14,28,46,49,4,3,37,1,27,58,32,22,2,15,50,52,56,6,31,47,51,12,19,17,16,63,29,20,24,45,8,62,53,9,41,60,35,34,11,5,21,42,57,48,7,30
53,11,20,47,34,17,57,36,1,44,26,60,62,56,48,14,16,49,22,8,43,7,9,27,52,13,2,37,28,32,51,63,42,46,41,6,45,12,55,58,54,10,33,5,31,18,50,39,15,38,19,35,0,40,29,25,61,21,59,24,23,3,4,30
12,8,58,30,15,33,63,27,37,45,24,57,52,56,54,23,17,0,55,34,39,51,41,3,49,25,18,62,61,16,22,9,26,11,35,7,32,40,28,48,21,46,29,42,13,50,38,36,44,19,59,20,6,10,1,31,14,2,53,4,43,60,5,47
47,48,43,15,63,30,37,62,7,6,31,40,41,58,38,35,20,36,9,28,12,32,61,49,23,56,59,17,55,60,29,45,26,53,14,19,51,27,44,3,0,33,21,16,5,57,25,2,8,34,54,11,39,22,24,46,1,10,18,4,50,13,52,42
9,23,3,47,53,24,20,61,12,49,40,63,11,37,31,18,28,59,34,32,52,62,22,41,13,26,29,36,39,44,8,6,1,14,45,27,43,25,51,42,0,10,21,50,30,5,57,56,38,16,19,60,48,55,15,58,2,17,7,35,54,4,33,46
18,26,20,10,22,27,5,19,49,40,0,44,57,13,8,51,17,56,14,15,39,4,2,11,46,53,25,21,61,48,34,43,12,35,63,60,16,58,29,52,33,45,59,30,3,28,6,24,54,9,32,23,62,38,50,42,55,41,7,36,37,47,31,1
51,0,31,39,37,5,52,32,18,27,55,48,36,9,42,29,33,14,60,57,1,53,11,58,61,41,30,17,21,3,43,23,2,6,8,35,7,54,20,44,22,47,62,19,40,45,49,16,38,50,59,46,13,56,4,25,28,26,10,15,24,63,12,34
35,6,60,20,26,39,33,19,44,45,37,28,29,31,2,54,17,25,51,42,1,11,53,47,56,12,40,21,59,3,15,62,63,16,41,5,46,43,4,8,48,27,32,36,9,61,13,7,0,30,23,24,34,10,18,38,57,58,55,22,52,14,50,49
39,3,42,46,61,62,48,2,33,52,34,49,12,40,31,17,24,10,26,14,29,20,36,51,13,35,5,53,8,18,57,15,25,0,22,28,38,44,30,63,6,55,45,7,16,54,60,27,41,19,9,50,47,4,32,43,59,37,56,23,11,58,1,21
3,10,21,12,15,58,56,59,54,49,18,13,44,48,2,63,8,19,27,52,0,7,42,34,61,6,32,37,23,35,26,53,29,22,17,50,45,25,47,40,46,38,31,14,51,16,39,55,24,41,5,57,20,9,60,11,36,33,43,4,1,30,62,28
26,27,30,38,59,51,24,55,21,48,56,29,36,40,25,13,54,34,60,57,7,45,61,18,22,49,41,23,33,5,2,9,1,52,31,0,4,53,11,12,39,62,50,47,8,3,19,14,20,17,35,6,43,28,42,63,58,32,10,44,16,46,15,37
37,63,10,8,35,25,45,42,0,18,11,62,32,41,16,13,1,27,44,7,20,54,28,30,39,51,43,38,56,59,26,19,46,55,21,29,58,50,24,33,17,9,5,23,34,36,47,31,4,48,14,52,3,6,53,15,60,57,12,49,61,22,2,40
9,1,14,15,36,56,13,45,34,18,49,43,41,57,53,50,32,58,39,52,59,5,3,7,19,10,25,60,55,16,35,24,2,17,30,23,11,61,20,27,4,62,21,40,38,42,33,47,31,51,54,29,22,46,48,63,0,6,26,44,8,28,12,37
2,35,47,51,31,57,42,37,60,19,12,44,48,45,38,14,25,62,46,24,32,21,16,52,41,17,59,11,5,53,22,23,9,1,50,34,30,49,20,15,7,18,6,3,8,58,61,29,54,13,55,27,28,4,26,36,10,39,63,40,0,43,56,33
20,4,34,31,62,13,21,58,8,50,2,11,45,61,46,52,27,63,55,22,14,47,38,28,19,24,41,0,49,53,17,33,32,60,29,23,56,44,42,54,18,40,16,7,43,36,48,1,37,25,9,57,59,51,30,39,15,26,5,6,3,10,35,12
40,62,49,63,11,42,43,41,24,25,36,0,9,60,51,58,59,18,55,4,45,22,7,44,27,19,30,46,38,14,17,35,31,61,1,28,29,12,23,47,6,53,32,16,50,21,15,13,57,52,33,48,8,10,3,54,5,2,37,34,20,26,56,39
5,17,28,21,29,13,43,41,36,38,51,46,32,50,15,31,39,4,59,0,52,54,40,9,57,14,63,48,16,37,3,47,6,22,44,8,56,62,27,18,35,20,7,25,55,58,1,53,10,2,11,49,60,61,30,42,33,24,34,23,19,45,26,12
34,41,16,60,52,54,37,23,45,8,22,27,36,33,43,17,0,20,53,14,57,38,50,42,19,28,12,15,35,47,48,62,39,30,46,11,51,32,58,59,24,9,13,7,4,25,29,49,40,6,44,3,21,1,5,63,61,18,10,2,56,31,26,55
30,1,29,0,19,8,25,35,62,56,34,5,61,21,59,60,4,53,55,12,49,63,27,3,48,23,54,58,36,7,42,20,11,9,26,57,44,22,14,39,40,46,28,2,33,10,15,17,51,52,16,18,45,50,32,43,38,6,47,41,13,24,31,37
61,11,52,0,44,1,16,27,30,53,46,38,7,59,43,39,19,32,24,6,14,13,60,23,35,36,62,63,49,33,12,2,25,3,50,29,48,58,41,17,37,8,18,42,45,47,26,51,21,22,31,5,20,4,54,34,10,55,28,40,56,57,9,15
25,5,40,50,27,39,56,13,8,16,61,19,52,15,43,31,10,6,30,12,42,60,46,3,53,37,17,57,0,32,48,14,23,47,18,55,34,62,2,44,26,45,29,28,54,24,49,41,7,11,51,20,35,21,33,63,58,38,59,36,1,22,9,4
37,36,23,12,42,51,2,1,9,5,54,16,40,47,18,52,14,10,30,35,57,34,29,62,58,8,41,50,59,31,0,22,44,26,61,15,24,55,13,6,32,27,21,39,38,49,3,7,53,43,28,17,56,63,25,19,48,60,20,4,45,33,46,11
36,51,61,18,29,9,52,53,34,22,42,24,27,25,40,43,30,45,54,6,63,10,16,41,2,59,0,50,47,20,28,8,58,12,49,5,37,48,62,33,7,11,57,15,17,56,35,14,44,23,4,26,13,60,38,21,3,19,46,39,55,31,1,32
50,53,62,59,2,7,45,17,10,35,18,13,25,4,8,11,39,41,61,42,21,43,23,54,60,16,27,15,29,28,37,3,51,31,19,12,24,34,36,9,32,14,26,5,40,1,48,0,46,6,49,63,44,47,56,55,57,58,52,20,30,33,22,38
49,38,31,16,6,53,30,46,61,32,29,4,2,33,27,23,58,34,57,59,50,5,22,19,3,24,9,62,8,18,14,45,60,51,52,0,63,17,41,54,10,26,37,42,12,1,48,15,35,11,13,55,28,47,39,7,20,36,43,40,25,44,21,56
31,26,15,0,4,6,52,27,41,59,1,2,13,21,43,22,36,5,56,39,58,23,16,60,47,10,54,42,50,63,35,12,24,20,29,57,7,62,3,49,18,25,61,53,46,8,48,40,44,33,11,37,9,38,30,14,45,28,34,51,55,19,32,17
20,4,13,41,33,31,34,3,32,45,39,60,47,27,16,25,9,36,0,10,46,21,51,59,6,53,1,42,7,38,11,49,22,54,52,62,29,12,43,30,58,57,44,2,40,35,24,17,55,61,26,15,8,56,28,23,63,5,18,50,14,19,37,48
38,35,7,62,52,63,9,56,14,59,3,61,31,2,13,24,37,4,50,54,39,44,40,43,34,41,57,23,5,47,28,42,60,17,58,32,36,12,26,10,25,16,15,53,48,45,8,18,20,19,55,49,0,46,22,33,29,1,30,6,21,11,27,51
38,5,19,29,28,51,1,13,2,42,46,22,37,62,48,35,40,21,61,43,52,23,56,32,26,9,24,31,20,15,53,0,36,10,8,58,4,59,63,11,14,60,41,34,57,49,47,55,12,27,39,3,6,33,25,54,16,45,50,17,18,7,30,44
1,32,59,46,15,56,38,60,45,31,53,2,37,5,63,54,16,40,33,4,42,48,11,44,28,30,8,52,3,51,19,29,13,49,9,62,43,25,14,21,55,27,22,39,7,26,12,6,10,0,47,57,41,23,24,58,17,36,50,18,34,61,20,35
29,2,40,12,21,16,63,27,49,30,45,31,55,0,35,25,6,46,60,39,50,58,34,15,8,43,11,57,47,7,28,4,61,9,51,19,38,52,22,41,48,42,62,56,18,36,53,10,1,37,23,13,24,5,54,26,14,3,33,20,32,17,44,59
6,19,27,15,2,7,18,44,56,39,48,10,43,55,42,24,28,61,0,47,26,16,51,1,34,59,36,5,45,30,54,50,9,32,38,25,53,17,57,41,58,46,33,29,23,62,11,49,14,21,8,37,63,52,4,40,35,3,22,13,12,20,60,31
46,26,54,62,43,51,30,13,10,52,4,24,44,42,16,5,17,31,9,63,61,22,1,8,32,11,55,53,33,39,20,50,40,38,34,45,25,6,28,18,57,35,48,60,49,41,0,23,29,3,19,36,37,15,7,27,59,12,21,58,14,47,56,2
22,53,54,48,43,40,41,33,51,16,10,47,34,31,49,8,63,59,29,36,15,60,0,19,2,38,20,14,61,4,52,46,9,24,56,7,13,21,37,58,32,26,25,23,28,1,39,57,3,18,17,35,5,44,62,50,45,6,12,11,27,42,30,55
55,28,22,40,24,47,58,23,37,63,0,42,31,32,5,59,45,39,20,56,17,2,35,11,14,36,29,15,7,21,18,57,4,12,61,60,33,50,9,48,62,54,38,13,25,43,10,46,19,49,41,26,1,6,16,27,44,52,51,8,3,53,34,30
9,15,63,2,35,20,37,18,57,43,14,45,46,52,10,31,38,53,8,24,26,50,36,41,17,49,23,11,7,22,25,59,16,60,21,29,12,33,40,39,28,42,1,6,61,19,0,55,54,27,32,5,4,62,3,34,48,13,56,30,58,51,47,44
32,5,34,39,46,2,58,25,62,28,7,26,40,42,61,1,24,41,9,44,3,54,30,19,35,47,8,16,10,15,59,4,63,43,18,38,51,31,60,6,56,11,48,50,13,21,14,27,0,17,33,45,55,22,37,23,52,49,12,57,36,53,29,20
2,54,63,35,28,8,51,47,3,34,5,21,56,39,43,17,55,45,12,60,31,58,32,49,38,4,1,16,46,0,25,50,44,41,23,48,26,20,19,53,18,59,10,37,29,36,6,9,27,14,62,33,40,24,61,52,22,11,57,15,7,30,13,42
44,29,16,50,19,41,12,42,1,62,45,54,43,26,25,24,2,15,47,49,18,20,17,40,30,63,0,27,58,52,3,11,6,59,51,13,46,55,36,28,8,4,38,14,60,5,56,57,48,61,39,21,35,53,31,22,9,23,10,37,34,7,33,32
1,47,48,38,17,41,34,51,7,4,39,49,14,40,11,62,57,22,55,5,21,33,16,8,45,3,31,29,9,42,18,59,10,54,2,6,32,27,13,52,20,58,60,44,63,43,19,25,46,12,30,36,23,35,50,53,28,61,37,15,26,0,24,56
9,20,19,48,4,18,1,13,63,61,17,28,21,30,60,54,32,26,55,27,36,15,23,39,44,16,59,58,50,6,57,3,25,46,42,56,33,41,43,14,62,24,12,29,11,8,0,22,45,7,52,40,38,31,53,49,34,47,35,37,51,2,5,10
53,61,57,44,31,58,15,19,39,3,49,52,45,16,6,25,12,10,42,41,59,23,11,13,38,40,22,0,28,34,14,37,54,60,30,20,62,51,29,26,18,56,50,9,47,33,21,24,46,63,27,36,55,5,7,1,17,32,2,35,48,8,43,4
52,3,39,42,57,36,32,63,28,62,37,41,24,0,43,21,51,5,13,38,47,34,40,12,14,56,45,26,50,31,10,4,44,11,29,8,18,35,30,61,2,59,19,46,22,53,60,25,9,16,54,1,27,17,49,55,20,23,6,58,7,15,33,48
5,29,61,58,62,46,13,2,52,50,28,43,44,14,53,49,48,60,10,55,12,27,40,45,32,20,8,16,39,30,47,21,36,63,38,34,59,15,42,57,6,33,18,22,1,3,35,4,26,23,0,37,51,17,54,24,31,56,11,41,25,9,7,19
8,15,62,12,37,32,4,11,50,47,58,5,63,28,44,35,40,21,27,51,10,23,41,29,0,24,3,48,60,59,16,52,34,54,14,45,33,6,20,56,38,19,25,7,18,2,42,22,53,39,61,13,31,1,9,55,57,36,26,46,17,43,49,30
63,18,31,41,30,24,28,62,32,27,23,49,59,0,40,47,2,45,20,10,56,25,61,16,35,51,19,13,7,6,58,34,55,33,48,17,22,9,21,3,52,44,37,1,5,12,11,46,54,15,38,4,29,60,14,42,8,26,50,36,43,53,39,57
50,41,61,22,51,33,44,3,43,5,32,15,10,31,11,7,6,40,56,19,12,0,62,54,35,53,29,23,38,17,8,48,28,52,20,59,27,16,57,39,63,21,60,26,13,47,45,2,42,46,30,36,4,18,25,58,49,37,24,55,9,1,14,34
12,42,59,20,50,60,51,58,33,26,43,29,16,48,32,31,7,52,55,3,28,40,8,5,37,0,14,11,13,10,57,9,34,30,21,63,18,36,41,49,35,25,23,15,61,38,22,44,47,46,39,53,27,2,62,6,54,56,19,24,4,1,45,17
8,49,37,20,23,27,28,38,47,11,19,39,63,14,54,43,59,18,50,42,4,45,30,53,44,52,24,12,32,61,34,46,3,31,13,55,33,2,25,58,17,57,62,41,5,48,22,9,0,56,6,36,15,40,26,10,21,29,7,35,51,60,1,16
32,27,26,52,33,31,17,5,10,6,35,30,60,1,38,48,23,50,62,7,3,16,2,11,18,4,37,41,55,57,12,59,54,44,49,25,36,0,8,53,47,58,9,42,22,15,29,13,56,21,46,39,34,40,43,19,24,61,51,63,28,14,45,20
41,4,7,2,50,59,12,34,13,8,30,16,47,39,31,46,35,52,15,63,18,6,54,25,49,32,11,36,28,23,57,60,24,26,19,17,53,0,51,21,40,33,61,20,48,14,43,27,10,1,58,45,56,42,22,62,3,29,9,55,5,38,44,37
47,62,31,8,42,40,7,35,55,9,34,58,46,11,25,18,54,59,19,53,17,16,50,15,57,30,37,23,49,13,21,10,63,1,43,39,51,56,28,38,12,6,41,22,36,3,20,44,0,24,60,27,14,26,5,32,2,33,4,61,29,52,45,48
8,34,55,4,0,28,29,41,1,7,43,42,39,33,38,35,9,56,46,52,48,53,6,54,22,31,30,37,57,32,11,50,3,27,23,16,63,44,20,25,51,58,10,61,24,17,19,13,15,18,21,14,40,62,5,26,2,60,59,47,45,36,49,12
57,0,5,29,34,54,1,45,21,38,14,60,58,35,59,31,51,49,7,63,43,20,15,44,16,62,28,12,32,36,18,48,6,56,25,23,24,27,50,53,52,61,13,40,2,8,17,39,42,26,11,37,3,4,33,41,10,9,47,55,22,46,30,19
4,5,15,46,39,51,8,7,43,47,59,19,29,2,18,42,62,54,9,3,32,10,38,55,48,27,6,17,33,13,28,24,60,49,11,58,44,37,23,26,35,56,22,25,40,63,50,12,36,53,0,31,16,57,45,52,34,20,14,21,41,30,1,61
33,32,4,43,54,8,30,0,31,3,23,38,21,45,46,58,41,2,20,39,53,24,22,14,16,19,6,42,47,15,29,13,18,61,9,49,10,52,55,1,50,63,60,11,27,34,17,37,57,62,51,7,35,25,5,28,44,48,40,59,36,56,12,26
18,30,47,20,43,10,28,59,52,54,31,34,3,61,14,48,57,42,23,8,56,9,33,36,29,22,1,17,0,63,25,55,62,50,58,41,35,6,27,2,16,7,12,45,13,60,49,39,44,38,11,51,40,15,37,19,26,32,24,53,5,4,46,21
26,22,35,19,43,60,5,28,1,29,49,6,15,20,12,44,57,41,25,61,2,17,18,34,8,38,31,63,16,30,54,42,46,21,9,3,13,59,27,11,10,14,45,33,52,37,40,7,51,39,55,32,36,23,47,50,48,56,24,62,53,0,58,4
9,15,42,6,2,49,58,54,34,7,48,18,27,28,60,47,52,4,30,11,5,63,12,3,55,36,38,41,29,33,16,8,31,56,59,44,40,1,14,13,17,0,45,37,21,35,10,26,61,25,19,39,53,50,62,22,43,23,57,51,32,20,24,46
55,21,8,16,32,23,60,29,31,58,63,0,51,4,62,48,49,12,57,42,52,30,41,39,13,5,37,47,59,6,14,54,3,33,7,40,18,2,61,45,44,35,28,15,26,34,46,22,38,56,24,50,20,43,19,25,9,11,27,17,53,10,1,36
52,25,11,61,14,57,4,41,29,37,3,18,48,23,28,20,1,15,0,2,63,53,60,26,44,39,35,40,56,46,51,30,55,45,24,5,10,54,33,27,49,13,62,21,43,47,50,9,16,8,31,32,36,12,6,38,59,42,34,17,58,22,19,7
40,43,1,53,46,27,6,60,45,47,10,8,44,4,51,33,58,28,22,63,41,24,5,21,39,30,37,35,49,62,3,12,59,31,9,20,50,57,32,29,0,23,2,48,36,11,34,7,19,42,14,55,13,26,18,25,54,15,16,38,52,61,17,56
11,47,45,9,0,22,24,25,46,41,49,6,16,1,27,40,62,44,34,56,39,12,19,18,15,13,5,61,4,32,58,3,54,53,52,57,29,38,14,63,8,42,50,23,36,20,30,28,26,60,31,17,7,2,59,43,10,48,21,55,51,35,33,37
38,45,23,24,39,0,49,4,58,26,41,46,31,30,25,56,1,19,40,21,5,15,3,27,42,43,8,48,16,9,63,36,29,12,28,62,32,54,18,57,14,34,37,20,2,10,59,44,61,53,11,47,6,35,51,52,55,7,50,33,60,22,13,17
61,29,42,5,10,26,3,2,52,14,16,33,11,20,18,37,60,39,22,30,6,32,21,25,17,36,0,9,50,45,55,7,40,49,31,44,57,48,24,46,47,59,19,35,23,12,27,63,38,28,4,13,41,54,53,43,34,62,56,51,1,15,58,8
36,42,56,40,39,17,1,43,35,28,27,18,50,2,15,7,14,21,5,31,38,51,59,45,8,25,57,58,52,13,48,47,61,55,26,41,19,29,12,37,62,60,30,0,9,53,11,3,32,49,33,63,44,22,16,46,34,4,54,23,6,10,24,20
32,27,49,46,42,39,6,31,36,4,18,14,3,44,8,21,35,0,57,54,52,55,63,50,1,26,41,13,25,17,10,23,33,43,24,11,56,47,59,45,5,51,60,30,37,22,34,58,9,28,61,7,29,62,40,38,48,12,2,19,16,20,53,15
4,60,1,0,40,27,53,43,21,58,35,59,56,61,42,3,45,30,14,41,11,7,5,54,49,17,63,13,23,39,15,26,52,62,20,34,16,55,36,25,46,19,47,9,22,38,48,50,31,57,33,6,44,24,29,32,51,28,2,12,18,10,8,37
12,2,48,49,13,3,30,58,62,37,53,40,51,50,21,59,22,25,54,20,52,56,29,47,16,28,55,39,0,27,6,44,43,41,32,9,38,19,35,63,31,45,61,23,60,8,34,42,5,46,11,1,15,26,14,33,17,36,10,24,18,57,7,4
50,20,57,59,10,30,58,46,29,53,0,25,13,38,47,49,6,42,41,32,7,27,36,24,39,63,16,23,4,19,43,62,2,3,54,26,15,40,55,33,61,5,18,34,44,9,11,31,35,56,21,17,60,48,51,45,1,22,52,14,37,28,8,12
57,15,32,54,3,20,0,41,61,12,11,45,25,21,17,19,37,63,60,40,4,51,33,38,23,35,27,39,8,30,22,43,9,62,2,42,1,59,18,56,24,16,53,13,46,7,36,55,28,48,52,50,34,5,47,14,29,26,6,10,49,58,31,44
58,39,21,53,6,22,17,0,44,12,55,27,30,19,10,3,48,60,62,2,7,16,4,1,31,33,51,23,46,14,37,20,49,41,50,8,24,40,13,42,52,36,35,38,57,5,29,32,18,56,63,11,34,25,26,15,9,45,28,54,61,47,59,43
12,19,59,39,8,58,18,29,35,6,0,5,41,47,51,38,21,7,36,14,50,63,56,40,20,61,49,15,62,37,2,48,23,16,9,4,34,57,44,13,45,27,22,42,17,1,53,30,31,32,46,33,60,25,24,55,43,28,3,11,10,52,54,26
59,37,33,12,63,22,10,11,40,62,26,1,30,57,39,34,7,20,16,48,42,13,21,17,29,49,50,47,9,23,8,6,51,61,41,19,25,28,54,44,0,18,43,56,5,35,4,15,32,27,38,45,53,24,14,31,2,60,46,3,36,52,55,58
42,1,56,19,24,30,33,3,5,25,32,37,17,18,4,48,7,50,58,57,27,54,51,49,21,29,53,34,60,47,62,63,28,41,45,13,39,40,14,44,31,9,20,43,15,8,16,22,10,55,11,12,2,61,36,59,46,38,52,0,6,35,23,26
1,57,53,59,6,27,14,3,8,50,36,12,38,24,61,33,22,55,54,58,47,15,51,32,28,10,0,52,2,43,26,45,56,35,44,20,60,18,25,23,9,4,13,63,40,41,62,46,39,19,29,34,11,21,5,7,31,30,16,17,49,48,37,42
23,26,22,1,45,62,58,3,4,47,10,25,9,41,14,17,52,63,21,53,54,16,34,60,49,11,59,46,32,61,18,15,50,30,28,35,48,42,51,37,5,19,33,29,44,57,40,12,39,38,55,0,24,43,20,7,8,13,27,31,6,56,36,2
60,43,3,12,52,35,49,47,20,5,18,10,39,33,62,17,56,50,19,13,51,30,57,46,14,23,54,41,28,6,44,36,55,59,45,4,2,9,0,58,15,24,34,22,16,27,25,29,7,63,26,53,40,21,38,11,8,42,48,32,1,31,37,61
7,8,50,58,57,41,46,55,40,21,48,5,59,47,54,1,0,43,60,23,2,49,18,31,63,62,32,52,4,33,45,34,12,26,27,28,9,53,42,25,14,24,19,17,35,29,30,3,13,36,11,6,22,20,38,56,51,16,39,44,37,10,61,15
27,52,41,14,7,22,32,29,59,57,42,4,63,5,51,1,18,25,39,34,36,11,13,31,0,16,35,24,47,58,9,50,55,43,19,61,46,2,30,17,60,28,26,23,33,62,12,20,48,45,44,53,54,21,3,6,38,56,8,37,40,15,10,49
0,3,56,7,49,27,20,41,63,28,10,23,33,22,11,16,32,18,45,44,43,17,9,30,53,51,14,1,31,58,2,46,48,36,6,13,47,24,29,57,39,37,19,40,21,61,62,42,8,38,4,5,35,26,25,34,12,52,55,54,59,60,50,15
50,61,3,14,0,1,10,53,31,8,59,35,15,25,42,5,55,30,29,7,2,34,56,63,20,13,62,60,18,23,27,11,19,22,21,36,17,33,32,41,26,57,43,44,46,4,51,52,38,45,58,40,39,9,16,48,6,49,28,12,54,24,47,37
27,62,60,46,52,24,53,18,32,55,28,42,0,40,45,38,14,15,16,43,41,8,7,47,34,39,63,2,56,58,5,35,37,19,25,44,17,9,6,33,20,10,3,61,59,26,21,31,11,49,22,50,12,36,51,13,29,30,23,48,1,57,54,4
3,54,10,27,20,57,50,2,30,56,15,47,60,7,48,32,39,63,42,17,46,34,9,6,45,52,16,61,0,58,18,37,43,38,23,8,26,40,11,44,14,13,31,35,1,24,59,33,28,4,51,55,62,53,36,49,19,29,5,25,21,41,12,22
21,12,51,38,13,45,55,46,28,15,39,9,41,17,59,4,18,62,42,49,61,53,5,50,22,30,40,31,27,8,35,56,7,3,25,23,2,36,57,16,44,63,6,52,43,37,60,10,11,58,26,33,14,24,48,19,29,20,0,47,1,34,54,32
37,25,35,6,58,50,38,17,26,22,16,27,0,13,59,60,42,31,12,9,33,61,32,8,21,45,29,62,54,51,14,2,34,55,15,20,47,1,3,56,63,10,52,24,5,18,43,28,19,48,39,57,7,30,36,41,4,40,44,11,23,46,49,53
6,48,38,33,62,24,40,41,37,15,49,57,54,36,27,46,11,26,45,3,34,13,0,2,20,8,23,29,19,35,16,25,42,47,22,32,4,7,21,51,50,30,61,14,63,10,52,53,9,5,39,17,59,28,56,31,55,44,43,60,12,1,58,18
4,19,28,25,44,59,52,10,34,33,29,40,38,30,2,5,57,1,22,8,47,18,54,55,3,15,21,27,36,6,0,50,7,16,51,32,58,63,39,46,13,14,42,37,62,60,61,26,49,12,35,45,24,23,41,56,11,17,53,43,31,48,9,20
52,60,33,42,61,59,47,26,5,57,29,2,51,32,36,28,10,39,9,38,43,35,41,3,4,15,6,23,44,1,34,48,27,62,13,46,56,16,17,31,11,14,22,55,18,0,40,54,63,20,24,37,8,21,53,25,50,45,7,19,12,58,49,30
23,45,15,25,28,21,24,44,22,3,10,56,17,11,18,34,37,0,13,35,41,40,60,16,30,20,4,43,39,32,47,31,7,52,19,53,58,27,57,38,62,48,29,2,36,5,51,63,33,12,8,42,1,46,59,6,61,54,49,9,55,50,14,26
46,38,18,37,19,17,63,41,58,27,20,22,42,36,57,15,35,26,55,2,62,13,50,8,53,4,60,16,61,31,1,47,0,48,39,33,7,12,10,14,9,40,3,6,54,5,34,56,30,44,52,43,23,28,51,11,59,45,49,21,25,29,32,24
17,12,59,18,43,55,20,46,3,63,31,14,9,4,44,60,30,0,32,39,2,56,1,61,13,6,54,19,5,8,48,51,41,45,49,26,10,11,50,62,7,47,15,35,29,58,40,34,23,52,38,42,25,36,24,27,21,16,37,53,57,28,22,33
38,29,17,42,57,27,34,50,10,25,5,54,52,51,30,7,28,4,49,2,41,21,23,35,55,60,24,39,0,22,6,45,48,16,31,11,14,36,32,8,43,18,20,33,3,56,58,62,1,19,53,47,9,44,40,15,12,26,63,13,61,59,37,46
56,18,46,23,55,40,51,31,26,2,32,42,15,58,43,30,41,50,44,48,37,6,49,47,34,14,62,61,29,9,12,16,24,54,36,22,0,17,4,11,25,35,63,57,19,60,27,53,10,21,1,13,20,8,28,3,5,52,39,38,7,33,45,59
14,3,53,61,34,51,22,60,2,33,41,52,7,23,6,59,16,12,21,45,62,13,48,28,37,17,24,58,18,35,44,19,29,31,49,5,46,26,27,11,47,38,8,54,9,40,50,56,4,15,25,57,36,43,32,0,39,63,42,20,1,55,30,10
42,2,46,44,16,21,63,57,18,56,20,40,19,53,3,38,33,11,29,48,22,43,60,47,8,7,24,39,50,27,55,31,14,34,5,36,30,17,28,0,13,51,37,59,32,26,9,61,49,15,35,58,4,25,6,62,41,1,12,45,23,54,52,10
46,51,49,56,7,18,47,43,10,35,48,34,54,58,17,13,22,53,28,63,60,9,23,41,25,29,20,2,40,19,44,5,27,1,36,31,38,21,16,59,12,8,24,0,14,37,11,4,61,45,32,52,57,39,62,26,50,15,33,6,30,3,42,55
32,36,11,8,14,62,58,42,41,47,29,25,28,48,38,18,50,9,0,31,26,24,53,12,33,55,17,10,57,46,3,5,27,13,56,51,35,30,44,54,4,45,23,22,52,61,2,49,43,15,40,59,60,37,6,21,1,19,7,34,63,16,20,39
33,15,10,12,42,6,5,62,63,20,4,43,31,50,14,61,7,47,26,32,11,16,35,27,55,25,1,36,49,54,46,13,21,51,39,45,2,34,8,58,0,23,18,19,53,30,29,44,48,59,28,3,17,60,40,38,24,9,37,57,52,56,22,41
4,13,24,21,23,0,3,27,32,47,37,35,52,56,63,33,43,20,34,55,17,50,53,16,25,57,15,1,22,29,10,5,2,42,9,12,36,38,54,14,58,18,51,40,61,6,7,31,60,11,48,44,41,62,59,30,39,19,26,45,49,8,28,46
33,37,52,11,13,27,61,46,7,22,41,49,42,12,21,16,44,53,56,18,17,39,26,23,50,34,36,38,29,47,57,14,4,15,55,58,63,20,35,9,62,31,43,0,45,25,1,8,10,40,24,30,28,2,59,48,3,5,6,54,51,19,60,32
55,25,49,23,48,11,9,58,27,21,63,41,0,10,28,18,62,33,12,52,19,61,8,38,6,51,24,40,3,46,2,53,30,59,45,26,39,36,57,56,13,34,54,14,60,50,17,5,7,20,47,31,22,15,37,29,43,44,42,1,16,35,32,4
43,13,22,0,26,44,7,59,33,16,9,27,15,56,36,10,11,53,24,21,19,61,23,58,38,3,12,5,8,2,17,47,57,34,41,40,60,28,20,18,45,50,29,48,1,14,32,39,49,54,46,52,62,35,31,63,42,51,55,4,25,30,6,37
32,28,7,8,6,56,18,43,39,36,60,63,59,1,13,41,50,11,58,55,40,54,19,53,15,10,24,57,16,3,37,62,20,29,21,26,33,30,34,0,9,2,44,51,46,38,47,49,31,35,5,52,45,23,22,12,25,48,17,4,42,61,27,14
27,41,20,6,17,23,15,55,3,63,61,44,30,47,34,29,1,50,58,57,37,59,33,8,39,0,25,10,40,11,28,31,45,56,32,42,43,14,5,35,13,46,4,26,54,51,62,16,36,7,48,52,38,53,49,24,19,9,2,21,22,12,60,18
38,43,48,62,18,41,63,37,61,11,25,56,22,10,8,32,29,59,24,7,30,19,20,55,13,27,5,34,4,42,57,14,21,47,12,33,46,2,60,36,28,3,31,6,0,52,9,23,53,51,1,50,49,54,44,16,39,17,35,58,40,26,15,45
13,50,34,5,36,22,2,45,39,53,49,9,56,42,7,54,51,62,14,31,8,55,0,28,21,58,29,19,26,40,43,63,48,20,6,23,32,17,15,16,52,57,1,46,4,37,25,47,59,38,44,60,33,30,10,24,12,61,41,18,27,35,11,3
17,36,58,5,22,18,13,61,3,62,9,51,44,4,24,39,57,21,63,46,16,6,34,20,8,54,48,10,32,26,60,43,23,55,40,53,56,15,37,50,33,41,11,28,42,52,19,31,45,47,1,0,29,2,59,27,25,38,49,7,30,35,14,12
9,45,13,34,5,8,21,39,4,3,54,41,53,63,24,32,31,60,18,19,58,61,49,50,59,38,56,62,40,35,10,6,23,1,0,12,28,33,20,2,57,46,16,17,27,42,14,52,25,7,36,15,44,30,47,51,29,43,11,26,22,55,37,48
16,45,2,55,60,63,4,50,5,47,17,21,19,34,9,27,42,0,29,54,41,14,58,13,39,61,32,37,8,6,36,35,52,33,51,18,59,7,44,57,25,38,28,31,15,40,30,24,46,20,26,10,22,43,23,49,48,12,1,53,56,3,11,62
7,33,0,15,5,60,1,36,9,31,3,41,4,10,22,46,14,11,8,38,21,12,37,53,28,54,2,52,44,59,57,29,25,30,16,51,43,34,39,49,42,45,50,18,19,17,40,26,20,55,32,62,27,35,58,56,13,61,24,6,48,63,23,47
20,11,6,41,17,13,38,60,34,47,55,14,19,59,27,12,2,8,26,52,3,54,30,25,62,42,9,28,22,23,29,44,46,50,43,53,32,37,40,58,57,15,45,63,16,1,7,51,24,4,0,61,35,39,56,33,21,31,18,48,5,36,49,10
33,0,20,22,54,24,12,4,3,9,46,1,57,17,49,50,15,42,35,2,51,7,10,11,34,61,23,27,18,6,47,19,52,56,43,45,62,30,48,41,8,63,21,14,59,36,29,32,40,26,39,44,58,55,16,38,25,60,53,5,13,37,31,28
58,25,27,55,6,60,47,17,52,8,24,51,20,4,19,48,42,30,35,5,57,33,59,0,61,31,41,2,3,14,40,29,62,11,56,45,13,43,23,63,18,1,10,21,28,38,37,44,32,22,53,9,36,50,46,49,7,12,54,34,26,16,39,15
26,40,4,41,36,27,63,13,57,47,38,48,16,35,37,8,23,58,0,1,44,49,15,10,52,24,25,60,2,31,30,59,61,42,9,45,55,21,62,18,19,53,3,17,5,22,46,32,14,39,43,29,51,33,20,7,56,54,28,11,34,12,6,50
29,48,16,31,41,15,30,26,24,52,6,54,43,9,0,23,39,40,2,5,7,50,61,47,20,45,35,12,59,21,56,51,19,3,57,28,18,8,4,27,22,58,25,37,49,11,63,14,62,53,60,1,34,32,42,55,13,36,46,33,44,38,10,17
24,31,61,63,33,4,13,41,22,62,9,60,54,57,51,49,35,17,52,6,7,11,3,56,10,37,26,32,48,45,19,30,28,15,44,58,25,0,39,43,53,2,34,18,47,12,16,59,29,20,5,46,14,42,1,8,40,55,23,36,21,38,50,27
48,7,52,44,16,4,23,42,38,20,36,46,12,40,27,26,50,1,37,24,31,29,9,28,56,30,60,59,54,41,2,5,14,57,17,25,62,61,47,11,51,13,49,32,6,63,19,58,3,55,43,18,39,8,35,15,33,45,10,34,22,0,53,21
37,57,22,32,51,5,10,2,44,25,24,11,4,16,26,46,60,41,56,50,0,20,17,61,15,47,39,35,18,45,33,62,13,40,6,21,8,59,29,9,55,53,38,54,19,63,7,52,3,43,42,23,12,36,31,58,48,49,28,30,27,34,14,1
59,39,12,1,17,56,18,31,45,29,42,62,46,40,53,7,47,27,13,54,25,6,61,44,32,48,2,33,37,28,34,26,63,15,41,20,21,35,8,50,5,23,4,3,58,38,30,43,51,22,36,24,10,14,11,52,0,9,16,60,49,55,19,57
11,24,58,25,43,51,54,35,33,23,38,2,26,62,57,28,59,20,12,63,61,13,40,18,50,41,22,44,39,1,36,16,60,46,48,15,8,31,9,7,42,0,19,10,37,3,56,6,21,32,34,14,49,52,47,55,4,29,17,5,53,30,27,45
15,13,45,18,53,59,21,62,23,5,26,25,30,28,6,14,38,55,20,42,52,56,35,4,46,43,24,36,47,12,19,1,11,0,8,3,50,51,34,22,41,48,31,9,37,32,44,10,27,60,2,39,58,40,54,33,63,61,7,17,49,57,16,29
43,5,6,50,46,3,0,32,28,19,2,63,14,52,27,61,16,51,44,33,56,15,17,18,40,12,29,1,57,41,48,11,59,38,30,24,58,8,20,34,26,42,55,22,10,31,9,36,13,35,60,21,54,37,45,25,39,47,49,7,23,53,4,62
9,19,60,10,11,34,58,63,43,24,50,2,53,21,42,29,30,36,61,51,32,16,31,20,14,28,15,27,57,1,12,38,26,17,47,22,6,0,62,52,25,40,13,7,48,55,4,56,41,35,18,39,37,45,49,46,8,33,54,3,59,44,23,5
7,29,3,52,27,57,13,49,31,54,15,20,46,17,8,58,6,19,0,56,28,10,59,26,40,37,38,9,5,47,33,34,23,11,36,32,44,30,42,48,12,18,41,60,24,62,50,39,1,35,63,45,51,53,61,2,55,21,22,16,25,4,14,43
16,52,30,43,38,31,42,60,44,11,45,22,28,56,0,26,23,57,33,41,25,18,50,8,13,62,46,35,63,6,40,10,3,54,15,53,59,4,21,37,19,34,27,39,24,49,9,47,17,12,7,61,29,5,48,20,55,32,2,1,14,36,58,51
53,61,46,44,19,25,24,14,2,27,49,7,58,15,1,5,13,50,26,40,11,45,39,10,31,52,35,63,0,62,4,12,23,17,57,56,47,21,30,41,60,6,34,43,22,36,9,54,38,51,55,32,48,28,16,20,37,8,3,18,59,29,42,33
37,3,55,31,6,36,19,41,16,32,63,47,50,22,38,10,42,5,8,4,51,14,62,20,21,58,1,39,57,48,7,9,26,60,61,2,33,35,59,12,24,43,17,0,30,40,29,44,11,54,53,34,25,46,28,13,15,56,27,45,49,23,18,52
24,14,13,46,1,56,53,29,25,38,31,33,22,7,61,32,47,2,42,9,39,16,36,3,8,63,17,19,26,49,27,62,55,40,0,48,28,44,23,15,43,10,12,54,45,34,37,35,6,59,52,4,18,5,58,41,51,20,21,57,11,60,50,30
8,49,0,55,54,42,4,33,50,46,2,35,10,16,45,37,14,17,9,36,38,6,19,58,59,29,56,44,27,30,20,7,15,18,5,40,48,24,53,3,11,22,39,63,12,51,60,32,13,26,34,31,62,41,25,52,43,47,57,28,61,23,21,1
44,26,8,29,32,15,46,43,1,35,49,34,2,10,0,9,18,40,28,57,31,55,60,20,45,42,37,63,7,39,12,38,5,33,62,25,6,50,59,21,53,41,30,22,27,51,54,47,23,36,58,24,48,3,13,4,16,56,52,14,11,61,17,19
54,56,52,33,20,32,22,42,8,14,16,11,40,4,25,1,36,6,0,9,47,31,19,34,18,35,61,37,53,39,24,55,57,48,12,3,13,23,5,44,7,29,10,49,46,26,63,38,21,30,41,58,27,15,43,62,59,17,50,51,2,28,45,60
45,20,46,25,39,36,59,47,37,22,63,26,18,48,9,4,54,41,58,51,0,2,3,8,38,27,50,29,61,57,11,10,55,30,40,23,52,53,56,44,31,49,24,5,28,34,43,33,60,21,6,17,14,15,1,42,32,12,16,19,35,13,62,7
33,32,9,0,37,16,36,24,10,7,35,23,51,46,28,50,31,57,43,19,38,59,47,44,13,42,2,34,63,55,1,3,12,40,8,45,5,49,54,11,29,27,18,4,6,21,60,41,62,20,17,25,53,30,15,52,39,56,22,26,48,14,58,61
15,31,29,57,11,2,17,8,0,7,5,37,63,61,46,14,24,45,32,54,19,20,50,12,23,48,56,28,51,22,40,3,16,41,42,38,36,4,13,25,52,9,58,59,6,10,26,55,49,43,30,39,21,53,62,1,18,35,47,44,60,27,34,33
49,33,0,40,21,9,54,15,28,36,37,53,3,32,35,47,20,11,59,26,13,19,42,17,29,34,62,51,58,41,14,25,10,46,38,44,60,22,7,52,31,2,5,61,50,24,18,43,23,4,12,63,1,55,57,48,56,6,8,30,45,16,39,27
37,18,34,44,53,35,61,31,23,52,30,4,15,1,5,50,40,26,51,29,36,42,24,48,2,9,41,21,6,8,60,27,55,38,32,39,17,45,59,20,16,10,57,11,49,13,28,63,7,33,0,56,12,62,58,19,46,43,25,14,47,22,3,54
31,56,62,6,58,59,17,41,36,52,57,14,38,15,7,9,16,53,35,8,2,21,47,39,30,51,32,26,19,37,43,48,44,3,20,1,50,54,46,63,22,29,13,4,0,49,11,55,23,34,45,60,18,25,24,27,10,28,61,40,5,42,12,33
27,46,24,22,21,58,26,63,45,50,35,57,54,23,29,36,10,28,30,15,13,61,48,1,41,47,25,59,40,12,18,34,43,16,44,9,19,62,31,0,8,39,42,53,49,32,6,17,14,55,60,51,56,38,7,20,4,5,3,52,2,33,37,11
38,4,49,63,55,45,37,40,61,28,27,26,60,62,41,0,44,13,46,47,30,16,36,5,56,31,58,10,3,52,48,1,2,59,18,54,33,15,32,12,23,35,21,19,43,57,6,51,14,34,7,9,11,8,24,25,50,29,53,20,17,39,42,22
11,63,36,58,19,27,48,16,43,30,51,1,61,45,60,49,46,37,42,3,29,20,22,0,35,39,18,2,7,23,13,15,10,34,9,40,14,44,26,56,6,31,38,4,62,54,41,32,8,17,33,25,53,12,50,52,55,21,5,24,57,28,47,59
52,48,44,8,49,11,23,56,33,21,7,41,38,36,50,18,26,40,13,29,37,45,17,4,57,32,28,22,10,43,58,3,19,6,25,1,35,5,16,12,55,63,24,51,9,20,14,0,62,47,54,53,61,34,15,42,30,60,59,27,2,46,39,31
41,57,8,34,7,14,6,39,26,29,46,4,11,12,5,58,2,49,3,20,33,24,28,15,30,16,32,10,52,21,45,60,40,0,27,18,1,54,63,23,55,38,56,61,53,19,17,22,9,36,59,37,13,50,51,35,44,25,62,47,42,48,43,31
8,37,17,44,55,31,25,28,63,10,36,42,19,6,22,41,24,33,5,52,30,20,2,53,14,12,54,38,21,9,29,49,43,39,40,11,57,35,1,61,46,26,13,48,59,16,58,3,50,32,51,60,47,7,56,34,62,45,0,15,27,4,18,23
18,25,6,53,23,37,29,12,59,47,56,19,58,35,28,24,13,63,41,31,3,48,39,40,55,52,17,7,44,50,15,27,9,26,22,62,14,0,2,33,10,11,45,38,36,5,20,57,60,8,51,32,16,34,42,21,49,43,30,46,1,4,61,54
56,46,23,14,61,41,36,53,33,16,30,55,32,12,25,18,62,37,24,59,51,45,49,6,52,63,34,9,8,10,54,38,42,29,48,28,35,44,58,1,60,5,57,0,26,17,40,50,39,19,27,15,3,43,2,11,21,7,20,22,4,31,47,13
62,20,49,50,32,12,53,41,30,63,37,6,3,38,15,7,25,0,61,22,34,18,2,27,58,51,33,43,11,48,35,28,17,31,46,19,52,13,24,26,14,45,21,8,39,56,40,4,44,54,36,42,59,23,47,5,10,29,1,16,60,57,9,55
54,12,63,50,3,22,42,16,61,37,27,25,7,34,40,26,4,57,0,41,8,38,18,20,43,53,39,15,29,48,17,47,31,35,58,13,24,59,46,9,23,21,51,45,10,28,30,56,49,1,55,60,44,36,33,6,62,14,52,5,2,19,32,11
53,62,7,22,5,35,49,41,17,34,60,54,29,20,48,3,63,33,56,40,10,4,2,11,25,61,14,43,9,15,6,23,52,51,55,39,36,31,28,44,32,18,45,26,13,50,38,8,1,46,57,21,42,37,12,58,0,59,24,47,27,16,30,19
47,11,5,6,0,21,37,34,43,8,39,27,7,63,40,2,60,48,35,30,23,61,16,55,42,45,19,17,49,28,51,62,4,31,52,29,33,57,24,15,20,38,13,25,32,26,18,54,22,58,44,50,12,41,59,53,36,9,3,1,14,56,46,10
10,38,52,34,50,21,23,54,42,4,24,20,45,25,6,37,30,29,47,41,33,0,18,17,28,8,60,63,22,40,36,9,26,5,57,15,58,59,32,1,12,2,16,39,19,56,55,49,44,43,27,62,14,7,51,48,13,3,53,11,61,31,46,35
38,1,14,60,28,13,58,19,46,49,9,27,16,34,18,41,5,21,30,44,4,33,17,32,26,43,6,7,2,47,22,52,10,20,50,61,54,24,37,62,0,11,56,42,51,31,63,36,45,59,35,12,53,40,29,8,57,23,15,25,55,3,39,48
53,2,32,21,12,62,50,19,55,26,36,54,27,56,9,8,5,10,43,38,40,44,33,7,58,25,60,47,13,24,20,6,63,11,46,52,22,15,31,45,28,39,0,48,42,49,57,16,18,35,17,30,59,29,14,37,34,41,1,51,23,61,3,4
59,30,3,14,37,54,56,46,13,49,23,21,17,16,15,9,47,28,1,52,32,7,45,22,39,57,20,10,26,34,6,31,35,4,19,5,44,42,27,55,63,58,60,62,2,11,48,0,36,24,61,12,38,50,40,41,18,53,29,8,25,33,43,51
9,5,47,43,11,1,18,17,37,3,6,27,0,4,22,51,46,29,20,60,49,45,31,24,61,48,16,35,7,25,32,38,40,53,58,41,23,30,63,34,42,26,59,39,36,8,13,54,52,15,19,21,14,12,10,33,62,2,55,44,28,57,50,56
8,1,27,13,22,25,24,35,6,7,48,2,10,26,41,50,60,54,52,55,20,18,49,44,39,57,46,29,45,12,4,14,3,61,23,11,53,36,34,40,33,38,32,5,19,43,15,17,28,59,31,9,0,37,63,62,16,56,42,30,47,58,21,51
19,4,50,42,44,13,48,40,2,15,47,5,38,21,9,0,63,58,3,55,49,39,33,32,11,54,53,60,61,12,36,52,14,51,6,25,31,57,56,62,41,7,34,23,35,8,17,20,26,45,10,43,24,22,29,46,37,1,30,18,59,16,27,28
34,2,4,33,29,51,12,56,55,44,50,27,21,24,15,63,10,20,0,57,62,8,16,36,40,30,35,31,54,39,26,28,32,18,38,52,47,23,13,49,9,37,6,3,14,22,11,42,17,41,5,45,43,60,1,53,48,46,19,7,61,25,58,59
40,32,8,63,41,1,21,47,31,62,2,36,51,39,35,22,18,44,26,17,61,25,34,54,58,20,48,12,7,37,10,19,0,13,38,11,33,55,60,43,50,52,5,16,59,14,53,27,28,49,6,23,3,46,30,56,15,4,42,45,29,57,9,24
41,17,15,56,5,50,60,43,35,26,6,24,8,39,36,1,31,9,54,47,32,13,52,2,18,62,14,29,19,12,42,16,25,37,27,7,28,46,58,3,20,22,51,23,53,33,61,55,21,48,10,0,57,49,34,11,30,59,63,4,44,38,45,40
15,18,1,48,51,26,41,49,55,22,30,20,7,63,62,47,32,10,36,35,54,53,58,31,57,38,5,2,37,14,50,56,12,8,45,59,25,46,19,24,21,0,4,61,60,6,23,43,44,34,13,33,9,16,39,17,3,52,11,40,27,42,28,29
61,23,20,10,55,38,58,25,49,35,47,56,42,36,41,17,30,52,21,12,1,19,29,26,4,9,51,11,2,37,5,14,59,6,15,40,16,3,28,48,50,22,43,46,39,8,32,7,33,34,63,0,31,54,57,45,62,27,18,53,24,13,44,60
47,40,10,43,53,55,1,60,4,3,44,19,11,62,32,22,8,34,14,15,63,52,23,26,51,30,24,42,57,17,48,16,6,41,37,54,7,45,2,33,21,13,12,36,59,58,25,9,0,5,31,46,28,56,20,29,18,61,49,39,27,50,38,35
48,40,13,1,31,55,24,2,60,23,12,33,0,18,58,54,27,26,59,14,22,47,57,15,42,4,16,8,9,46,29,36,52,19,38,35,41,32,53,11,6,20,45,21,61,3,34,5,25,63,51,37,62,39,17,7,50,10,30,49,28,43,56,44
16,40,57,5,12,36,53,13,39,8,17,46,62,63,3,10,7,33,2,20,56,0,21,23,31,52,49,26,1,47,6,14,25,15,50,43,58,42,37,60,41,61,45,51,55,59,4,27,35,29,30,54,44,48,11,22,32,38,24,28,18,19,34,9
22,27,34,3,43,52,1,62,5,18,25,19,41,54,16,6,47,35,50,10,2,46,53,9,49,48,37,23,56,32,40,14,11,39,26,15,12,58,57,28,33,29,61,31,20,44,21,55,24,59,42,36,13,60,45,63,38,30,17,51,0,8,7,4
57,61,54,19,59,63,27,11,23,2,33,20,10,47,40,56,34,51,58,30,48,6,28,44,38,22,39,8,18,14,17,53,1,49,29,52,35,42,36,24,43,45,13,0,37,25,5,46,3,32,26,9,15,7,12,31,50,62,55,16,21,41,60,4
51,44,22,30,17,52,62,24,36,13,26,32,59,2,38,10,29,25,40,28,58,39,31,12,0,5,63,53,41,47,15,43,21,35,3,60,61,45,8,19,1,34,33,37,14,18,55,49,48,16,46,54,6,23,56,11,27,50,7,20,4,57,42,9
27,29,5,30,20,51,63,56,42,31,52,44,23,47,62,1,49,57,9,55,50,41,18,33,2,10,26,46,22,6,13,32,21,15,8,38,17,4,37,59,19,11,0,45,12,35,16,54,61,48,24,7,39,43,40,36,25,14,60,53,3,28,58,34
19,63,33,55,38,51,23,34,26,5,25,9,44,4,57,37,52,56,45,60,49,53,8,11,13,15,14,32,28,10,21,29,30,39,16,48,7,12,50,42,0,1,40,3,6,61,41,22,31,54,58,35,36,46,2,47,24,59,20,43,17,62,18,27
52,57,49,59,28,31,63,19,29,18,39,42,53,60,8,41,44,1,9,62,14,43,38,37,5,50,25,7,13,27,21,51,24,47,2,61,54,22,30,35,40,55,11,3,23,45,10,33,4,36,15,46,17,12,0,32,20,58,48,26,34,16,56,6
11,10,28,22,46,23,14,40,4,51,60,20,37,5,3,45,36,47,42,12,61,21,31,55,39,8,62,16,43,38,35,19,56,41,24,1,50,26,27,30,57,49,7,6,58,17,15,32,44,52,18,25,48,53,9,34,33,63,59,2,13,0,29,54
20,25,7,41,8,2,46,50,34,57,19,0,6,38,58,9,31,36,61,43,40,10,39,4,12,27,56,11,24,14,42,26,17,52,1,23,28,60,32,47,33,45,18,13,3,59,53,48,63,51,30,37,62,44,55,35,5,16,29,22,49,15,54,21
3,41,51,0,38,17,33,7,13,36,4,10,40,5,37,39,34,42,27,16,44,20,61,47,45,8,24,53,52,18,63,12,30,28,59,32,22,2,25,1,23,6,43,48,46,56,49,19,50,35,54,58,11,15,26,14,9,55,29,31,60,57,21,62
17,44,46,28,59,29,58,35,12,34,60,8,26,33,16,21,7,11,5,19,47,31,41,57,23,30,52,3,55,32,6,61,53,43,15,51,0,63,27,13,10,38,49,18,1,45,39,14,4,2,56,62,22,37,54,40,42,20,48,9,36,25,24,50
46,5,47,30,0,53,13,20,16,4,10,62,51,59,9,40,48,52,19,26,22,49,25,45,18,33,42,28,29,61,32,39,38,15,7,41,24,12,1,58,37,8,3,63,23,31,57,56,50,14,11,43,55,21,27,36,35,34,2,44,6,54,60,17
17,44,26,22,11,36,54,6,31,49,50,4,1,32,12,56,60,59,25,5,10,41,13,33,37,0,61,39,8,46,7,19,34,18,45,14,38,16,43,28,3,62,23,15,63,27,58,52,2,24,21,47,20,42,48,55,29,53,35,57,40,30,9,51
13,14,28,49,8,24,7,47,3,48,46,32,39,21,58,6,40,35,31,59,52,54,20,9,33,56,60,41,55,63,16,1,22,44,4,0,18,27,51,2,29,26,30,37,17,25,38,50,34,53,43,57,36,11,45,61,5,62,12,23,19,15,42,10
10,49,29,41,28,30,50,52,62,36,14,1,63,38,9,33,27,32,43,60,53,18,22,39,17,24,51,34,56,58,54,45,46,61,13,55,44,31,26,12,3,25,35,59,42,4,0,37,6,47,21,16,7,11,20,23,40,2,5,48,57,19,15,8
23,29,3,2,61,28,62,32,22,58,1,27,11,39,55,54,42,46,13,17,5,40,4,14,6,20,25,52,43,53,37,47,18,63,26,33,31,10,59,36,60,24,49,35,57,41,0,12,56,19,7,48,44,15,50,38,21,9,16,8,34,45,30,51
63,2,7,20,43,54,40,47,3,10,59,39,34,26,21,44,29,1,33,58,30,9,13,11,42,52,61,24,60,50,27,56,4,36,6,18,38,14,12,22,48,8,25,17,15,19,28,45,37,53,0,51,62,46,49,31,32,57,16,35,23,41,5,55
20,26,18,10,7,49,42,60,14,0,27,47,13,52,51,44,33,54,17,39,21,37,9,56,55,34,43,57,62,28,3,41,1,8,50,40,53,36,2,45,58,25,24,15,29,32,22,12,30,19,61,63,59,38,31,35,23,11,6,16,5,48,4,46
14,55,7,34,11,37,19,47,50,12,1,49,0,10,6,43,3,58,8,59,21,44,23,31,62,54,53,28,52,20,25,2,42,35,45,16,61,22,63,9,13,38,24,40,51,56,26,15,33,36,41,18,39,4,27,17,57,46,48,5,32,60,30,29
25,11,12,56,20,49,3,31,46,37,54,61,13,26,1,57,35,29,48,32,60,51,17,55,59,41,43,9,0,24,14,58,30,47,53,8,7,45,39,63,18,44,21,28,36,19,23,16,5,42,40,6,52,62,10,50,34,27,4,38,33,15,2,22
19,46,43,10,39,24,26,52,11,17,57,12,14,9,60,61,30,63,31,42,59,40,47,54,35,32,21,2,3,33,41,18,5,48,1,13,50,45,8,44,6,7,51,27,62,15,49,16,25,22,38,55,34,28,4,29,23,58,36,53,0,37,20,56
22,37,38,15,42,41,48,54,39,30,7,10,62,17,46,19,26,25,12,47,53,32,63,43,14,34,24,31,8,49,55,21,44,60,59,56,0,35,40,1,6,4,2,33,50,28,3,13,18,61,9,29,45,5,57,20,11,16,51,36,58,27,52,23
53,18,52,38,46,61,12,56,32,28,19,42,5,36,43,44,39,9,25,22,33,13,48,40,41,27,17,59,14,55,58,34,47,45,7,37,4,8,49,30,6,26,21,63,0,51,10,20,2,54,24,11,1,50,35,62,29,3,60,16,15,57,23,31
35,27,10,32,49,59,57,7,14,15,39,25,5,54,48,3,45,6,21,42,58,23,41,9,11,43,53,12,16,62,31,63,8,18,1,52,33,55,36,20,50,38,47,37,51,44,0,24,40,46,30,17,19,34,28,61,26,22,2,56,4,29,60,13
60,53,14,33,45,19,28,46,16,63,39,47,6,38,7,30,59,9,62,29,20,55,1,11,58,54,32,18,15,5,44,12,52,3,35,40,24,13,10,25,0,41,4,51,23,34,2,61,27,8,48,37,26,22,31,43,50,36,17,42,49,21,56,57
57,3,29,10,4,60,6,5,27,54,19,42,24,45,22,18,55,15,39,63,11,21,2,23,41,38,9,36,61,49,35,20,62,16,59,56,7,8,13,37,51,32,40,1,52,17,12,14,28,26,48,0,30,33,50,53,25,31,43,47,46,58,34,44
56,58,60,48,30,37,15,51,33,24,31,19,59,6,11,45,61,46,4,25,5,39,47,14,7,29,50,26,32,43,18,17,3,28,52,16,38,20,8,40,22,62,21,55,57,41,23,35,54,1,49,44,9,34,63,10,0,42,36,2,12,53,27,13
41,60,59,30,55,53,11,31,19,34,9,20,29,7,10,58,54,44,1,46,47,24,4,61,26,16,27,57,36,43,48,52,8,35,17,45,25,15,22,5,2,38,56,33,40,6,39,37,13,23,63,0,14,42,18,32,28,12,3,21,51,62,50,49
23,45,52,48,50,16,59,58,11,41,1,8,36,2,30,33,43,39,44,10,46,38,5,12,27,25,22,61,4,35,40,47,62,42,15,60,37,13,56,31,32,49,18,57,29,19,26,6,7,55,9,51,28,21,0,17,20,24,63,34,54,14,53,3
42,1,45,22,51,61,19,59,40,3,8,50,25,44,62,46,28,9,33,4,49,35,6,41,0,26,55,17,27,7,20,21,48,37,38,2,47,30,16,57,14,23,34,43,32,31,12,36,53,52,15,18,56,13,60,58,29,63,54,11,24,39,5,10
28,15,27,53,31,7,59,10,60,40,13,56,44,52,33,5,16,2,18,45,35,0,32,30,25,24,43,63,58,23,48,9,19,50,6,36,4,61,49,1,8,21,39,55,34,41,47,46,11,51,29,22,38,17,12,37,54,26,3,14,20,57,42,62
61,15,52,24,42,20,12,44,1,22,32,0,31,39,47,25,43,58,57,35,4,50,9,34,17,19,46,16,63,2,11,62,36,54,38,21,45,26,49,6,48,53,33,5,28,7,29,3,30,8,41,56,55,23,40,37,13,10,18,59,14,60,51,27
56,60,51,48,18,54,19,36,41,62,52,46,15,12,5,63,30,22,33,11,55,42,23,13,50,3,7,59,44,61,4,37,24,43,31,38,40,28,32,35,10,26,6,47,17,14,53,39,57,34,58,29,1,2,9,8,0,20,16,27,25,21,45,49
27,1,8,0,26,44,24,41,58,36,21,43,51,13,50,34,5,4,54,40,47,30,17,15,7,49,38,48,42,3,9,37,35,52,55,56,11,63,61,12,10,2,46,23,39,62,16,33,57,60,53,31,20,19,32,28,14,18,6,25,59,45,29,22
10,46,19,3,37,4,8,28,9,56,60,49,7,58,44,30,23,22,42,27,24,52,48,39,26,53,6,47,59,45,17,16,25,31,50,41,63,35,34,12,2,13,15,54,57,61,11,38,51,0,29,18,36,21,33,14,43,62,5,55,20,40,1,32
38,10,48,42,26,0,27,19,56,47,60,24,39,2,37,62,20,43,5,29,25,12,59,28,41,30,44,45,4,8,17,61,63,34,32,14,54,33,22,36,16,6,7,23,18,35,31,52,49,51,50,40,1,15,58,9,53,3,11,21,57,46,13,55
6,42,30,57,37,63,9,43,50,0,14,41,7,53,17,19,25,33,29,44,49,56,23,38,48,61,36,60,13,40,20,15,55,24,35,59,34,45,8,22,10,26,31,5,1,21,2,58,62,12,28,3,27,18,46,51,52,54,11,47,16,39,4,32
13,6,63,54,59,46,41,32,42,37,29,5,2,35,14,51,0,15,44,11,18,22,55,23,19,48,27,21,10,39,33,34,40,45,3,57,8,12,49,7,26,53,16,4,9,60,24,43,61,30,25,52,1,58,62,47,38,31,36,28,20,17,50,56
60,13,43,18,48,2,9,63,34,26,35,10,16,28,11,1,7,45,32,23,51,12,6,42,17,55,21,41,25,5,52,57,4,49,61,20,50,0,37,54,27,56,62,40,31,14,59,46,44,19,8,39,38,15,22,53,33,36,3,29,58,24,30,47
53,7,3,49,15,56,48,30,4,38,20,21,29,12,36,16,63,40,54,22,11,39,61,57,59,35,51,23,28,8,25,60,19,33,42,2,58,55,13,47,6,10,27,37,43,46,26,44,52,14,34,1,9,32,18,0,31,41,5,50,24,62,45,17
33,62,23,54,55,42,61,34,45,1,57,13,40,49,25,30,59,14,4,31,17,9,2,18,0,19,7,12,44,47,32,53,5,26,46,28,20,48,56,60,38,63,16,52,8,35,6,37,50,39,11,3,15,10,22,29,36,41,27,58,51,21,43,24
48,14,13,8,63,49,50,1,54,20,51,60,40,32,30,4,5,36,16,10,61,43,59,19,9,12,24,28,17,31,58,2,37,35,57,11,46,22,26,38,21,52,27,23,15,33,44,62,56,6,34,3,39,7,47,41,25,29,0,42,18,53,45,55
12,36,17,38,35,40,33,43,29,55,63,53,47,46,8,20,2,6,30,13,3,50,49,31,19,41,60,58,7,1,56,37,5,62,14,27,48,61,28,18,54,4,21,32,44,52,34,45,26,9,51,16,0,25,22,39,15,57,10,11,59,23,42,24
0,31,30,52,27,22,25,20,23,28,43,47,18,11,16,32,48,36,61,4,63,41,40,59,7,15,57,50,51,8,53,46,9,12,37,33,24,39,54,29,35,38,34,60,44,56,55,14,45,10,13,19,17,5,3,2,21,1,6,62,42,58,49,26
62,35,5,8,55,28,38,51,7,63,42,45,23,27,33,34,16,13,21,30,57,20,0,24,56,14,48,18,44,2,19,4,29,17,54,36,11,12,1,37,41,31,39,26,15,52,50,3,22,61,32,46,9,53,43,58,40,47,10,59,49,6,60,25
14,33,26,62,8,61,11,12,6,27,21,35,55,5,37,19,2,13,32,30,28,10,31,43,20,57,38,24,58,60,22,36,17,47,23,63,52,7,15,41,59,39,54,29,48,56,51,53,1,46,9,16,4,40,3,25,50,44,45,42,18,49,0,34
54,25,48,2,32,39,53,28,61,8,49,19,40,37,27,58,17,47,5,63,4,13,34,43,36,52,15,9,35,45,55,57,26,23,51,1,21,29,31,30,24,42,50,6,12,14,16,3,62,0,46,44,18,33,10,22,56,38,59,41,11,7,60,20
47,61,23,6,26,11,37,53,52,50,4,20,59,16,22,54,5,19,39,27,13,18,14,21,17,43,0,32,55,25,60,51,2,31,28,36,63,45,29,9,34,8,24,15,46,12,42,44,35,7,48,58,57,10,1,40,38,56,62,41,30,3,33,49
42,56,33,35,47,62,58,15,40,9,14,57,26,31,30,54,10,36,19,21,38,24,49,13,61,23,63,32,22,60,43,51,41,39,11,46,27,50,37,18,6,3,45,17,7,20,4,53,12,29,52,5,55,28,1,44,16,2,48,25,34,59,8,0
43,2,7,0,22,18,52,61,16,32,30,48,10,55,5,35,29,12,36,34,59,19,21,26,37,41,24,1,31,57,49,51,6,56,58,40,53,9,42,15,54,28,14,60,17,4,39,50,33,47,38,62,45,11,23,3,27,63,44,8,20,25,46,13
43,15,9,60,6,8,57,41,25,31,1,0,29,37,24,58,13,40,10,49,34,17,2,56,59,27,30,7,51,19,35,5,26,46,23,38,28,55,33,45,39,62,50,42,12,18,54,20,14,3,11,4,22,53,48,52,21,47,44,36,16,61,63,32
41,11,50,19,1,13,24,37,21,44,59,7,54,28,63,4,12,60,17,6,16,23,30,20,34,5,51,22,43,61,8,32,0,36,47,29,56,48,42,55,52,57,33,27,26,62,3,18,2,35,9,14,49,38,46,39,15,45,58,40,25,31,53,10
8,14,27,49,28,40,43,19,24,47,2,59,61,26,50,20,33,34,17,21,6,30,23,62,13,15,0,9,10,56,18,46,53,32,38,22,37,1,39,52,7,45,35,63,57,55,12,16,51,54,11,25,31,48,36,42,5,4,60,58,44,29,3,41
6,19,14,21,40,43,60,13,5,17,44,56,42,29,8,52,59,11,33,36,12,46,48,3,0,39,63,53,47,58,15,24,34,1,20,10,57,16,37,30,18,54,25,23,31,50,9,28,51,27,49,26,45,2,61,55,62,38,7,41,32,35,22,4
26,20,52,29,17,14,16,21,11,37,58,46,25,48,1,23,43,33,35,63,32,19,22,38,31,10,41,59,15,6,51,47,44,39,24,34,53,2,0,60,50,54,56,8,30,57,5,28,36,9,7,61,49,45,18,27,62,12,55,13,3,40,42,4
5,12,20,19,15,25,48,51,14,36,16,54,33,35,31,61,49,62,17,44,4,63,59,34,22,60,52,41,43,2,21,39,32,29,11,53,1,24,7,58,40,6,3,18,23,13,38,37,27,0,56,28,50,10,9,8,46,55,45,26,47,57,30,42
38,4,61,45,60,28,2,23,9,50,48,27,10,32,18,41,36,22,34,21,56,8,54,63,12,19,40,42,29,0,6,17,20,37,51,53,1,11,30,49,59,14,31,3,47,26,43,44,57,13,35,33,5,25,24,39,52,58,15,62,7,46,55,16
28,41,44,39,6,12,60,38,61,57,42,55,9,62,37,19,63,50,31,10,34,13,52,18,27,3,47,48,54,56,53,20,4,5,2,49,26,33,14,24,15,51,58,30,17,16,22,36,0,59,40,35,21,29,1,23,8,25,46,7,43,45,11,32
37,9,57,21,45,53,24,61,6,38,14,48,40,51,47,41,12,39,19,50,5,34,7,46,2,13,43,42,1,52,62,55,36,35,33,11,54,32,59,15,16,26,4,18,27,22,10,25,60,31,56,28,20,44,0,30,8,58,17,29,63,23,49,3
17,1,43,14,52,37,20,55,24,13,8,47,21,58,11,5,32,46,19,38,39,63,30,45,22,40,34,7,25,4,12,50,35,42,36,18,23,62,6,51,48,59,3,44,53,60,33,26,15,54,28,56,0,29,61,57,27,10,41,49,31,2,9,16
47,3,59,41,7,33,39,54,15,13,6,53,12,14,29,36,2,30,35,50,10,40,21,31,26,61,55,16,32,44,4,37,19,45,11,1,17,52,56,24,57,46,63,34,48,9,62,8,0,58,49,43,51,18,22,27,25,28,23,60,38,5,20,42
6,34,55,7,46,56,38,50,18,41,39,37,14,11,32,33,2,52,47,16,51,22,35,19,44,30,28,24,31,59,1,26,63,40,49,15,60,8,54,62,0,61,5,29,20,12,58,10,23,48,43,42,45,57,53,3,4,21,9,17,27,13,36,25
42,50,53,47,27,29,54,22,1,45,39,62,59,14,17,13,20,52,18,37,31,32,7,26,12,48,49,15,33,21,61,56,55,23,9,63,6,36,41,5,24,40,25,43,35,34,60,0,51,8,46,16,3,2,11,4,19,28,38,30,57,58,44,10
42,33,14,7,16,23,8,49,55,25,11,61,41,45,62,24,6,57,20,36,38,0,58,18,54,19,60,35,39,34,63,1,59,10,15,52,17,31,44,2,51,26,32,56,46,21,43,37,22,47,28,50,13,12,29,53,27,40,9,3,4,5,30,48
45,24,62,61,39,1,30,34,4,5,52,15,7,2,11,21,19,20,48,49,47,8,27,60,13,29,50,14,6,31,35,38,57,40,59,18,51,0,25,63,56,16,28,23,54,37,9,32,41,22,42,36,3,12,58,43,53,55,26,17,10,46,33,44
44,32,35,38,40,33,54,15,51,2,61,36,14,8,12,43,21,49,34,56,23,3,25,13,59,9,48,7,30,29,22,46,5,47,50,6,20,31,17,24,53,45,62,16,18,4,10,11,28,27,19,39,55,42,58,52,63,1,26,41,0,60,57,37
6,57,61,15,10,38,31,30,49,27,45,42,0,46,44,29,7,43,21,53,41,59,17,14,23,26,3,60,12,24,28,1,9,34,55,32,4,8,58,25,62,20,35,39,36,54,51,13,52,22,11,19,63,18,16,37,2,50,56,48,33,47,40,5
19,28,25,60,59,31,33,14,44,23,4,5,11,58,0,6,29,45,47,1,3,2,53,63,38,40,26,41,37,18,30,34,36,55,21,17,9,49,42,57,48,46,52,12,35,27,51,54,39,13,16,62,22,7,50,8,32,20,61,43,56,15,24,10
38,7,12,62,56,44,14,0,5,36,51,61,21,54,31,48,2,41,37,42,63,30,32,49,45,33,35,19,59,29,11,34,3,39,47,17,50,53,23,20,60,22,46,28,40,25,18,43,16,8,26,9,1,52,24,27,15,57,4,10,13,58,55,6
4,22,26,33,15,48,60,41,0,43,31,37,23,27,45,21,18,24,29,9,40,7,56,36,32,20,19,30,57,44,1,58,50,53,63,17,13,2,62,12,34,55,54,5,59,16,25,42,6,8,51,46,39,38,11,14,52,3,10,35,49,28,47,61
3,47,56,38,51,27,25,28,6,35,8,55,53,61,24,0,43,45,49,50,26,30,15,20,13,42,23,62,14,4,40,9,41,1,21,48,59,58,36,19,11,32,39,22,33,46,44,2,12,18,34,17,29,63,7,60,37,31,10,57,16,52,5,54
57,28,55,53,25,0,33,3,8,14,48,63,9,17,35,5,37,39,24,22,46,26,47,23,51,31,19,13,1,59,54,7,52,44,15,21,6,62,4,58,11,42,43,61,60,16,40,56,32,30,20,50,45,2,41,38,10,34,29,49,18,12,27,36
58,1,59,28,15,14,6,10,0,57,62,54,35,52,18,13,36,40,44,30,42,16,2,39,19,3,53,24,51,47,25,5,37,45,17,49,12,20,31,63,22,7,32,61,26,46,9,60,27,38,50,48,33,55,4,56,43,21,11,23,8,41,29,34
54,32,46,9,51,8,53,27,17,21,4,40,50,34,10,24,63,13,6,41,58,35,30,7,20,38,37,0,45,31,3,29,62,5,16,55,36,25,12,44,18,28,56,47,19,39,57,1,61,48,43,2,49,11,60,42,59,22,52,14,33,15,26,23
60,16,61,33,42,45,12,56,46,15,59,51,3,27,50,38,0,58,26,28,53,32,52,24,55,22,13,23,47,49,62,57,44,41,54,1,18,11,35,31,5,34,9,14,37,39,6,43,20,30,36,21,48,10,63,4,40,2,19,29,25,17,8,7
12,33,62,29,6,13,34,51,31,37,63,28,5,52,20,11,30,26,22,47,8,10,38,27,0,44,39,41,4,18,61,57,56,23,49,14,21,15,60,17,16,42,59,54,7,24,48,43,25,50,19,3,46,2,40,55,36,35,1,9,45,32,53,58
38,48,30,55,42,39,59,53,46,11,20,17,1,28,40,60,3,58,43,23,4,33,5,29,62,0,57,34,31,37,50,18,9,61,63,8,41,7,15,32,51,54,19,44,16,49,10,6,22,21,25,26,36,13,56,2,45,35,12,24,14,47,52,27
45,60,5,44,63,38,54,56,30,9,26,16,33,42,34,22,18,2,57,6,29,32,11,10,50,48,8,61,53,36,17,59,31,58,55,51,23,7,13,21,14,27,49,1,35,24,19,15,4,37,3,41,39,28,40,25,47,20,62,52,0,43,12,46
21,43,29,48,20,24,56,0,13,7,16,58,27,8,49,9,47,37,14,11,10,55,57,25,31,38,34,44,39,61,50,63,30,59,22,1,12,42,40,3,45,28,51,33,19,2,18,26,6,4,23,60,35,15,62,41,32,52,54,17,36,53,5,46
42,33,63,38,26,34,43,23,27,10,20,50,45,24,58,32,13,51,2,47,6,55,54,4,60,48,7,21,52,28,8,19,61,1,44,16,35,11,36,46,59,37,9,12,0,49,31,14,62,17,39,22,15,3,56,25,41,29,30,57,53,5,18,40
62,23,32,54,50,21,15,2,35,53,4,14,26,30,45,10,5,13,27,24,29,36,12,60,39,49,9,48,40,37,47,0,51,56,46,8,42,3,17,58,25,38,22,33,7,16,52,6,44,34,18,19,41,43,31,57,63,59,20,28,11,61,1,55
43,32,38,42,37,11,58,25,21,26,33,49,61,5,44,36,3,59,22,24,63,60,6,18,20,8,23,9,7,48,46,12,35,17,28,2,10,0,4,40,50,29,56,51,45,57,14,27,41,16,1,13,53,55,34,47,31,54,15,39,62,19,30,52
34,20,28,53,61,5,29,22,49,19,16,51,7,50,27,47,42,36,24,40,31,18,4,58,54,39,1,55,14,17,63,11,2,6,26,43,44,33,60,41,32,8,3,56,21,62,25,30,9,52,0,48,23,57,10,13,15,59,38,35,46,37,12,45
36,54,61,4,25,16,14,49,39,17,3,9,32,57,23,22,60,53,44,42,50,0,47,19,34,33,1,37,51,12,5,40,31,43,21,46,56,59,15,10,55,20,58,63,38,24,18,35,27,26,28,45,11,41,2,7,62,13,29,6,30,48,8,52
62,39,61,36,1,63,31,11,49,15,21,34,33,58,56,6,23,32,38,50,43,19,17,37,28,59,44,40,42,52,29,8,26,9,30,55,60,10,22,4,53,27,46,7,20,13,45,47,0,3,18,5,35,14,54,41,2,51,16,12,25,57,24,48
4,23,41,36,20,22,28,60,61,39,47,13,11,6,49,27,12,24,32,9,18,56,31,48,63,38,15,10,19,2,8,44,53,0,57,14,30,45,51,16,35,54,37,1,52,26,62,25,21,42,40,34,7,59,50,17,29,5,3,46,58,43,33,55
42,5,45,8,25,54,10,55,15,48,24,57,51,23,14,43,34,27,60,38,6,12,26,59,63,31,39,21,18,61,56,17,35,53,41,47,40,33,32,29,20,30,4,13,49,46,11,2,58,52,9,37,22,19,0,44,3,16,28,50,62,1,36,7
39,52,49,40,25,16,45,63,14,27,50,35,2,21,3,36,4,13,17,23,11,34,60,47,61,59,51,42,5,20,56,9,24,48,7,55,38,30,41,31,29,1,6,15,10,43,28,37,18,58,46,33,0,12,44,32,53,26,8,22,54,62,19,57
5,49,53,2,38,61,40,42,3,19,31,59,6,35,27,43,0,29,55,20,46,8,57,15,52,56,4,54,44,26,17,32,39,18,41,10,23,12,34,9,24,58,47,45,7,33,37,30,1,60,16,28,14,22,36,51,21,63,11,62,13,50,25,48
16,17,60,61,52,10,58,19,43,27,44,48,15,14,38,42,22,0,6,33,51,55,45,2,57,63,5,20,26,50,13,35,21,46,3,1,4,29,11,41,56,25,54,47,49,62,8,24,53,39,32,18,7,36,59,30,12,37,28,31,9,34,23,40
56,11,45,33,2,20,0,36,46,22,17,21,55,39,5,32,27,25,41,4,42,18,13,24,6,54,1,57,61,8,14,26,23,40,59,60,50,30,58,63,34,12,53,10,38,44,47,52,9,29,37,51,28,31,7,35,49,19,62,48,3,15,16,43
28,36,43,29,62,35,46,12,22,49,30,27,16,26,11,6,41,34,10,31,9,42,59,33,63,23,24,18,38,21,56,17,20,3,39,50,13,32,1,0,7,58,47,54,60,8,53,44,48,45,4,37,52,5,55,25,61,2,51,15,19,14,57,40
27,4,0,3,37,18,53,32,41,55,22,47,39,8,14,40,52,36,5,13,49,21,23,63,16,33,11,6,42,2,44,62,29,25,17,43,61,56,9,20,34,19,26,54,12,45,24,57,10,46,1,7,28,51,30,50,35,31,15,38,59,60,58,48
26,2,34,28,4,5,40,13,58,50,22,45,62,59,43,25,49,57,51,48,20,31,44,16,46,38,23,15,39,37,1,10,11,36,27,55,6,0,8,60,30,42,52,17,14,41,35,7,24,32,63,53,61,9,47,29,12,54,19,33,18,21,3,56
21,58,59,13,27,28,40,16,22,42,47,44,23,61,20,60,12,34,0,56,10,41,4,51,9,8,52,19,7,6,62,43,39,18,55,46,29,38,3,15,2,1,14,11,5,48,57,54,63,26,30,33,49,37,53,32,24,17,36,50,35,45,31,25
42,40,35,54,46,11,32,58,19,13,28,62,0,59,56,6,26,23,60,2,37,33,24,36,43,14,29,38,39,4,55,44,48,5,3,34,25,17,63,53,49,18,41,22,1,30,47,20,51,12,15,8,10,9,21,57,45,27,50,7,31,16,52,61
3,17,27,21,22,63,59,26,32,43,34,13,20,35,60,23,16,55,28,51,30,58,53,38,2,18,47,8,9,29,1,24,36,41,46,6,0,61,5,42,37,25,15,12,44,49,33,50,48,31,7,62,56,45,52,10,57,40,14,54,4,19,11,39
5,54,38,2,42,18,17,37,25,48,31,21,57,44,36,33,8,20,22,60,52,56,11,30,13,49,62,15,3,24,26,58,51,47,40,14,59,9,41,7,23,35,29,53,45,4,27,43,39,55,12,1,16,46,19,28,50,63,6,32,0,61,10,34
56,41,6,35,58,16,5,12,48,55,14,23,4,42,63,53,61,26,9,33,7,62,38,47,11,44,59,8,24,2,36,37,17,22,21,19,3,29,28,10,46,1,40,52,54,51,45,31,43,30,57,32,20,18,34,25,27,0,50,49,60,15,13,39
20,25,5,7,58,41,24,46,62,26,21,51,18,3,49,32,22,56,8,38,53,29,19,39,36,59,28,10,31,1,40,42,0,34,11,30,50,61,16,23,15,47,57,63,17,35,27,48,2,14,43,55,12,13,54,44,37,6,9,33,60,4,45,52
37,46,58,8,40,57,54,22,28,47,14,61,43,50,31,7,9,27,2,62,5,11,17,4,12,49,16,39,38,24,18,55,23,0,44,48,59,36,60,33,3,15,30,19,41,51,25,34,45,6,53,26,56,29,13,42,21,1,63,32,20,10,52,35
0,42,47,26,4,53,39,44,12,56,29,46,17,43,13,48,7,11,41,45,33,52,30,6,61,24,21,31,40,10,36,27,50,23,8,9,38,18,15,55,32,20,59,57,19,25,14,58,62,3,49,1,22,2,28,5,35,60,37,63,34,51,16,54
8,56,28,40,48,3,16,55,15,53,1,19,26,54,27,32,20,36,23,13,30,61,63,14,50,37,7,57,51,11,2,58,22,33,10,39,12,59,44,17,4,29,25,21,60,52,43,41,62,42,9,49,38,47,24,45,46,34,5,0,35,31,6,18
51,3,0,19,59,20,47,31,22,42,5,48,18,29,44,8,1,39,43,63,24,36,57,45,60,56,33,53,13,55,62,61,34,17,49,46,54,7,21,52,58,35,37,50,14,23,4,9,16,15,10,41,25,38,27,26,28,2,32,30,40,6,12,11
56,61,59,57,27,2,9,13,62,46,8,12,60,51,25,14,63,37,10,1,50,11,44,42,54,18,48,23,55,39,45,38,16,17,31,21,43,4,32,6,36,41,20,28,22,0,24,3,26,47,52,58,53,34,33,15,29,35,5,19,40,30,7,49
4,36,34,11,7,2,6,29,25,9,1,19,15,50,37,13,28,46,16,48,43,62,53,3,22,52,35,49,23,58,32,63,30,39,12,21,26,51,40,42,56,17,20,27,14,0,45,61,24,8,55,18,5,54,31,47,59,44,57,10,33,60,41,38
22,55,18,12,27,49,13,40,19,53,14,32,24,28,29,51,9,21,41,63,0,34,26,60,30,25,6,1,52,17,43,15,23,59,38,5,16,11,20,4,47,44,8,3,37,56,2,48,31,7,10,39,46,50,57,54,36,62,45,42,35,33,58,61
11,58,5,40,53,37,46,49,1,14,17,51,13,8,35,54,31,20,12,57,22,26,9,3,36,60,23,50,7,43,15,62,21,41,30,52,29,55,61,16,25,32,44,45,38,4,2,34,59,24,19,47,10,56,63,28,33,18,27,39,48,42,0,6
60,53,5,63,48,43,4,61,58,62,24,50,35,36,14,41,39,26,49,1,42,40,0,17,3,22,44,34,15,21,16,7,19,29,33,13,37,38,46,56,54,2,31,51,11,59,25,30,8,9,18,57,6,45,28,52,20,47,32,23,55,12,27,10
4,29,49,52,48,35,32,33,9,14,6,51,62,28,22,21,57,26,44,2,41,17,30,7,39,47,8,1,63,24,61,34,23,15,60,55,38,59,54,58,37,43,19,42,40,5,12,13,45,46,11,31,0,27,25,50,53,56,20,36,10,16,3,18
39,40,18,13,26,54,38,41,50,45,59,32,61,25,47,24,34,27,37,60,57,5,44,21,3,11,33,2,62,35,10,6,46,58,52,20,22,29,0,9,28,42,36,55,49,30,16,63,12,8,23,15,51,14,31,43,53,17,56,1,4,19,7,48
43,47,22,4,60,45,48,13,30,55,63,25,15,2,29,19,23,11,56,16,0,27,21,26,51,28,62,36,53,59,40,12,31,6,39,32,20,42,61,52,24,3,8,9,46,58,14,35,54,7,10,1,57,17,5,38,33,41,49,18,34,50,37,44
14,20,23,11,0,54,37,9,10,48,13,43,62,15,61,51,26,53,38,28,49,31,24,42,22,25,45,5,41,33,16,57,12,4,35,6,52,50,32,60,7,39,56,34,63,21,30,2,8,59,46,55,3,19,40,1,17,44,27,36,18,47,29,58
48,42,28,40,30,63,44,52,13,46,14,24,22,16,11,23,8,54,10,19,45,1,39,61,15,29,17,34,53,55,21,38,2,50,5,32,60,56,26,58,43,57,33,12,25,4,49,37,51,27,3,47,6,36,7,35,59,41,31,18,0,62,20,9
53,32,17,24,36,12,40,7,51,21,25,63,41,27,43,54,50,48,18,49,16,14,4,30,39,61,47,22,31,28,20,59,1,57,42,56,38,34,13,44,35,15,33,2,8,3,26,23,0,11,5,45,9,46,37,62,6,55,52,60,58,19,10,29
62,17,41,4,43,24,31,45,48,12,19,42,52,0,10,8,53,27,28,58,40,15,54,18,56,61,60,3,30,63,5,29,6,38,57,35,34,50,32,22,21,49,13,2,36,14,26,7,55,39,33,37,1,25,9,23,47,11,44,59,20,46,51,16
25,62,4,0,8,57,11,49,26,42,19,1,10,53,32,55,20,45,36,35,56,17,3,28,30,52,12,13,14,9,63,33,22,58,40,50,23,18,60,51,46,6,27,54,34,7,39,37,44,29,59,38,48,43,21,61,31,47,15,2,16,41,24,5
45,48,13,62,47,35,61,7,37,10,39,60,15,57,20,54,23,8,17,42,38,29,53,5,44,40,56,31,6,41,12,46,32,55,27,21,25,43,50,52,34,59,58,0,24,36,11,3,16,30,18,26,19,33,14,49,2,63,4,28,51,1,9,22
18,45,58,11,5,40,48,51,16,22,15,39,44,35,12,37,2,52,19,7,24,47,32,13,62,4,63,30,8,57,23,46,33,31,54,28,61,0,38,53,14,60,20,3,6,1,27,42,34,9,59,55,29,25,10,41,36,26,50,56,17,43,21,49
13,59,41,37,52,0,60,53,23,18,29,9,40,5,17,39,45,27,3,51,34,14,15,28,36,63,61,54,4,35,1,11,55,25,33,58,2,42,32,50,56,30,43,26,47,19,48,38,57,20,22,8,44,24,16,7,62,10,46,21,12,31,6,49
46,53,9,24,62,23,28,16,42,14,32,1,19,25,55,5,51,38,27,8,54,13,43,29,35,26,0,2,11,39,22,20,49,31,30,7,48,17,37,50,18,21,52,15,59,58,12,60,57,4,6,63,56,47,44,41,33,36,45,34,40,10,61,3
14,6,23,9,4,54,11,43,61,35,29,1,13,16,63,21,53,32,27,22,18,59,28,31,49,51,39,34,30,15,10,12,36,47,42,0,46,26,60,62,57,44,25,19,37,5,20,3,7,52,38,2,50,24,48,56,17,33,41,8,40,55,45,58
23,45,30,40,55,33,37,62,29,14,43,36,5,26,52,58,38,56,35,11,15,34,21,50,18,25,2,42,41,46,12,49,32,16,19,8,17,28,7,39,27,51,57,10,24,1,59,44,9,13,0,20,3,4,53,22,60,61,54,6,47,31,63,48
60,62,12,50,49,2,17,33,19,13,26,51,61,35,57,27,15,14,1,37,21,38,9,10,32,7,59,28,48,40,20,53,22,47,46,6,45,36,43,16,63,30,34,31,3,58,24,55,41,39,25,5,42,52,54,29,23,56,4,44,18,11,8,0
35,50,22,6,59,18,4,13,2,16,28,38,52,12,39,23,45,44,48,17,58,30,19,0,61,20,1,29,32,34,26,24,60,46,8,43,49,5,51,9,21,15,54,25,56,63,47,36,40,31,33,55,62,10,27,7,37,53,57,3,11,41,42,14
2,27,33,24,47,13,62,44,6,48,61,50,40,15,17,37,12,34,53,23,22,14,26,60,35,5,41,8,49,7,9,32,29,58,19,0,36,20,21,3,57,63,11,4,52,59,28,43,42,55,16,54,25,30,46,45,1,18,38,10,51,56,39,31
5,3,23,43,54,47,2,62,59,44,32,55,12,63,10,16,61,42,48,13,33,34,4,6,58,38,19,18,28,25,11,21,29,20,8,60,15,51,45,36,9,39,26,41,31,30,17,52,57,27,49,24,53,22,40,46,0,14,50,7,1,56,35,37
63,44,57,34,37,42,26,13,62,32,11,48,28,12,39,49,31,52,56,46,43,58,41,15,17,60,59,27,38,19,10,61,18,47,55,45,3,36,21,50,24,14,22,2,40,53,16,33,4,35,20,0,8,51,9,23,30,25,7,29,5,6,1,54
39,37,61,35,19,31,13,29,33,6,15,36,3,16,56,46,24,28,54,41,43,14,11,2,58,60,34,42,17,59,38,27,26,55,45,4,40,52,57,44,21,30,49,1,18,8,51,5,0,9,22,23,7,50,63,12,20,48,32,53,62,25,10,47
7,62,58,54,55,17,44,45,32,49,20,43,2,6,53,60,31,63,37,10,42,50,35,5,46,18,38,8,61,27,29,30,56,25,11,16,15,24,40,34,1,36,59,0,21,9,14,23,28,33,48,26,22,39,51,41,57,12,52,4,3,13,19,47
60,53,27,41,46,33,14,18,16,12,3,15,2,32,43,47,20,63,52,42,7,9,36,55,25,23,61,39,19,58,8,22,24,56,57,30,50,37,34,31,4,49,38,26,28,35,48,51,54,0,62,5,21,40,29,45,59,44,11,10,6,13,17,1
23,35,49,2,6,19,52,9,36,46,43,31,47,29,60,10,55,54,45,14,50,3,33,57,42,34,63,48,40,44,8,61,27,7,20,12,0,30,11,25,4,5,56,26,58,53,37,22,18,21,38,62,51,28,16,15,1,59,24,41,13,17,39,32
33,35,61,7,1,37,32,10,53,47,58,11,5,19,54,20,39,27,8,9,22,63,59,42,60,2,52,0,38,55,3,13,62,56,44,16,50,18,36,6,29,34,40,26,24,57,51,31,23,17,48,25,43,45,15,21,4,41,46,12,28,30,49,14
14,48,21,60,51,61,38,27,34,41,54,37,62,0,22,24,18,31,53,39,30,8,19,57,28,9,2,59,20,50,56,55,49,45,3,43,35,13,40,16,6,32,10,44,47,29,46,58,42,7,1,26,4,63,36,15,5,52,12,11,23,33,17,25
60,42,50,19,11,3,56,46,48,54,34,49,43,62,33,6,53,31,39,4,25,20,41,9,7,13,52,27,14,22,63,15,40,5,55,12,8,18,21,37,51,32,26,36,29,2,38,57,23,61,44,0,24,28,47,10,58,16,35,30,45,59,17,1
8,36,63,22,11,30,17,46,23,31,60,54,4,26,9,40,49,44,19,25,27,16,42,2,45,58,47,28,12,37,48,13,7,61,56,20,29,39,55,62,18,50,3,0,6,10,41,57,1,53,52,59,21,38,5,51,24,34,35,33,14,43,32,15
9,62,19,39,24,61,48,2,5,21,51,14,4,17,41,63,11,46,6,27,29,15,58,12,16,26,60,30,32,50,57,38,20,3,44,0,33,10,56,22,18,25,28,43,42,31,45,13,36,8,52,47,7,55,37,35,49,53,23,34,59,1,54,40
30,51,0,25,32,60,5,37,61,4,14,40,52,62,34,45,2,11,63,38,15,31,17,48,56,47,33,42,35,46,3,28,27,55,6,44,24,39,57,36,23,8,18,10,19,16,43,7,59,50,41,58,1,12,53,21,22,20,49,9,29,54,13,26
18,56,51,15,57,2,41,62,12,61,25,39,1,49,40,24,58,50,22,38,17,26,42,60,13,45,23,10,30,48,53,43,21,47,55,20,9,44,6,59,63,0,28,37,52,32,29,4,14,8,34,27,54,19,33,31,36,7,3,35,46,11,5,16
25,7,57,49,29,32,26,28,48,0,14,11,3,1,35,5,18,30,8,33,20,19,54,58,12,38,60,59,42,45,55,53,34,24,62,41,16,39,47,13,36,56,23,46,4,17,50,51,31,21,15,61,10,2,63,37,43,52,6,27,9,22,44,40
29,47,48,30,40,11,23,54,0,8,34,20,15,21,28,31,19,17,1,26,42,41,58,45,59,63,33,49,39,4,3,9,27,24,60,22,50,14,37,6,32,35,55,13,46,56,12,62,25,10,51,7,2,43,38,61,18,5,36,44,16,52,57,53
32,52,20,25,29,42,2,17,12,49,9,51,43,37,19,21,10,48,33,36,26,22,56,23,1,38,15,8,0,28,57,6,41,5,60,13,7,54,46,63,30,16,59,61,24,40,62,58,35,27,39,31,11,14,55,44,53,45,3,34,18,50,4,47
21,37,25,33,41,28,12,50,15,62,43,52,17,42,4,18,24,55,11,16,26,20,40,27,14,56,7,45,39,48,47,54,0,10,32,30,60,38,49,51,59,2,3,5,35,23,44,19,63,58,61,36,1,34,57,53,8,6,13,31,46,29,22,9
60,11,41,24,48,31,54,42,47,39,33,63,3,2,19,43,8,6,7,23,13,28,22,34,61,5,10,30,1,9,49,21,58,59,0,29,56,35,16,14,53,20,57,37,12,15,36,46,26,25,32,52,40,50,62,18,55,45,51,4,17,38,27,44
43,21,48,42,3,4,25,59,22,2,5,47,34,11,63,40,1,23,16,14,49,24,37,12,54,32,10,26,30,45,56,18,55,27,19,36,31,15,57,52,0,62,41,46,60,20,8,28,44,9,13,61,39,17,29,35,58,51,7,53,6,38,50,33
22,5,46,54,21,27,39,14,42,59,25,30,53,16,58,56,55,57,38,9,35,0,50,33,7,11,12,34,62,40,26,13,41,8,28,15,3,60,10,49,61,23,29,43,47,20,32,6,18,36,44,63,17,19,24,2,51,52,1,37,4,45,31,48
11,45,37,57,2,22,62,16,15,49,39,18,8,38,31,5,42,50,63,56,47,46,21,44,53,17,58,54,0,61,9,1,30,59,23,43,29,32,6,12,7,36,60,51,13,52,4,26,33,28,48,25,35,41,24,14,3,10,55,20,40,34,19,27
49,36,54,33,57,7,10,1,9,17,60,30,46,0,35,27,48,31,23,25,44,63,58,62,50,22,53,15,47,18,29,26,40,45,21,55,11,3,61,41,28,4,24,32,52,19,39,20,5,51,12,6,42,2,56,38,34,37,43,8,13,14,16,59
11,22,53,26,28,23,21,2,10,13,15,37,43,36,32,48,47,58,20,24,51,14,18,45,8,3,29,39,30,35,60,46,50,19,54,31,41,42,55,40,12,0,9,17,63,7,33,1,52,62,49,57,5,16,27,38,61,56,25,6,4,59,44,34
33,24,23,0,29,54,19,17,21,55,34,2,46,18,26,28,4,51,8,39,6,14,25,16,53,47,40,62,59,43,12,11,31,44,58,48,7,10,13,45,32,50,27,15,30,41,37,35,22,5,3,52,63,57,20,38,56,49,9,36,1,61,42,60
61,56,29,20,3,0,11,19,57,1,63,8,36,45,34,21,28,51,33,16,31,5,46,42,12,27,41,22,32,26,23,4,18,13,39,6,52,15,37,54,47,25,40,49,35,50,10,43,48,38,58,30,60,24,9,55,2,53,17,14,59,7,62,44
47,62,39,22,8,48,18,60,0,6,44,52,34,55,16,58,33,4,20,53,59,30,54,61,63,29,27,43,13,14,7,28,42,17,45,38,5,9,46,3,1,24,31,36,11,26,32,49,51,50,57,25,21,19,40,37,35,41,12,15,10,2,56,23
15,34,57,48,53,62,0,45,4,13,24,16,6,8,39,56,38,9,10,51,33,27,43,28,42,58,25,59,23,17,12,61,5,37,50,60,30,32,1,19,55,63,41,21,20,52,49,22,40,47,26,11,3,54,31,29,18,35,14,7,2,44,46,36
14,8,19,13,17,56,62,4,7,18,29,49,0,50,24,44,34,15,36,25,55,10,5,6,52,61,58,1,30,40,26,38,32,33,59,35,39,11,54,48,53,31,9,45,12,51,63,37,2,41,20,16,43,22,60,42,27,47,21,28,46,23,3,57
6,62,40,52,61,28,43,13,38,31,32,4,60,17,44,24,25,37,36,7,63,54,48,59,18,19,53,42,3,26,8,14,45,35,46,11,1,15,34,30,50,23,55,21,10,0,33,16,5,39,49,57,47,51,27,41,2,12,58,20,56,22,9,29
58,3,23,19,37,56,43,31,24,18,6,11,14,17,38,15,48,59,46,12,41,61,26,5,0,16,39,27,22,35,7,36,4,40,28,50,47,20,30,8,2,25,63,55,54,49,13,62,60,42,32,9,21,44,34,1,10,57,53,51,45,33,52,29
34,15,9,22,62,41,47,25,5,33,52,43,38,2,37,26,55,54,39,11,32,4,59,42,36,50,14,16,20,49,48,23,28,63,57,19,46,35,51,29,40,58,8,60,1,17,6,31,53,56,21,61,30,0,12,3,24,45,13,27,10,18,44,7
44,56,22,25,29,42,40,26,43,39,55,3,2,15,23,31,0,19,27,38,57,32,4,1,61,54,24,16,28,11,41,37,62,21,5,10,30,14,13,52,7,47,58,53,48,34,50,12,8,6,35,17,59,20,33,49,51,18,46,63,60,9,36,45
61,33,58,23,8,1,42,46,56,41,60,39,11,24,22,44,57,62,59,35,45,16,51,52,27,4,7,3,14,34,18,48,50,43,15,63,9,0,21,12,10,20,17,53,47,31,40,55,19,49,29,54,28,26,37,38,30,13,2,5,36,32,25,6
28,52,18,62,35,11,4,9,7,23,44,0,48,53,6,57,12,25,19,5,49,34,56,38,39,45,17,29,37,14,24,8,1,47,16,58,21,59,41,40,63,36,2,33,61,51,10,20,32,30,13,31,42,22,15,46,55,54,26,50,3,60,27,43
21,52,5,25,63,20,27,12,48,17,47,60,26,16,62,55,35,50,36,58,43,24,30,38,3,9,13,49,4,42,39,10,41,6,14,7,19,61,23,54,34,46,40,37,29,1,2,22,0,57,59,15,32,8,18,44,53,51,33,28,45,31,56,11
27,10,62,42,11,41,2,50,39,31,47,0,53,6,20,57,33,37,35,51,56,15,59,13,54,26,30,49,46,8,43,44,55,25,3,58,1,5,34,36,45,9,16,17,32,4,29,21,60,18,61,28,38,48,63,14,7,19,40,23,52,12,22,24
0,21,53,26,3,9,49,6,4,30,17,48,50,10,38,31,12,36,44,55,23,60,42,62,39,19,2,27,40,43,45,34,13,51,37,46,56,29,47,7,41,18,1,16,14,63,59,61,57,20,35,8,33,25,15,54,58,32,22,28,11,5,24,52
48,57,22,17,5,34,30,6,7,37,52,62,35,9,11,53,12,26,15,54,1,41,51,23,60,16,49,46,59,45,20,43,2,24,27,19,56,42,50,47,8,3,58,25,38,0,61,32,33,13,63,31,10,29,21,4,36,55,39,44,28,18,40,14
25,9,18,62,58,56,8,48,57,17,54,24,27,26,37,36,13,14,33,10,19,45,30,40,35,0,3,63,15,21,59,31,60,51,20,29,4,44,32,50,46,34,52,41,16,39,22,61,42,38,23,12,47,11,53,55,49,43,1,6,2,7,5,28
1,61,57,29,60,9,22,47,15,27,52,11,28,0,19,59,31,35,8,12,58,51,45,34,5,21,23,63,55,44,7,43,48,49,14,3,41,39,33,50,54,20,24,4,6,56,62,18,13,38,32,40,17,16,10,53,46,2,37,42,26,25,36,30
16,58,0,23,41,18,36,47,20,24,57,45,2,44,53,55,37,61,5,27,48,63,13,33,35,56,40,32,38,60,7,25,17,9,12,49,30,6,22,46,11,19,51,62,15,26,28,8,10,31,21,1,39,29,52,43,50,42,3,59,34,54,14,4
56,29,24,20,30,4,31,46,45,58,5,14,62,8,2,21,42,50,1,13,36,57,27,37,53,11,6,19,15,48,12,7,61,9,35,33,16,26,34,51,39,43,59,0,41,55,40,28,22,54,32,3,23,60,47,38,44,10,49,52,25,17,63,18
37,52,6,16,9,10,15,0,41,17,36,40,47,35,34,3,56,19,22,21,48,60,8,54,32,7,30,12,39,33,5,28,24,53,1,63,61,13,26,42,14,31,29,44,11,2,59,25,62,46,51,49,27,43,50,20,45,57,55,18,38,58,23,4
38,63,14,62,23,10,39,32,43,27,34,31,45,41,19,36,11,60,4,52,33,49,8,46,2,59,20,40,58,28,21,44,61,9,1,7,3,26,22,50,48,16,5,53,56,0,57,29,47,42,24,17,15,30,25,37,54,13,35,6,51,55,18,12
44,23,45,29,34,53,4,39,19,25,3,24,55,35,13,33,38,8,36,28,62,7,14,60,20,46,16,27,56,37,63,9,17,32,57,26,58,54,61,41,30,11,6,51,1,31,15,5,40,22,42,43,59,52,10,12,48,0,18,2,50,47,21,49
7,62,10,53,2,47,39,41,15,30,13,44,55,18,6,54,46,59,21,11,8,0,63,34,49,24,23,42,38,20,43,3,26,48,32,4,51,5,60,12,33,22,19,17,52,45,28,61,35,37,27,25,56,29,58,36,16,40,9,50,31,1,57,14
35,12,29,61,0,40,1,57,54,58,2,23,48,31,59,16,7,33,4,52,21,63,56,49,20,27,3,26,37,28,11,60,36,53,19,45,51,8,5,17,24,46,44,10,34,30,15,50,43,22,14,47,62,6,32,39,42,55,25,18,38,9,13,41
17,41,42,33,59,34,19,51,43,30,55,10,4,47,44,35,28,62,14,48,45,49,39,24,53,26,15,60,52,23,6,8,0,27,36,2,29,37,57,20,31,50,54,11,63,13,5,9,21,56,58,25,32,38,22,61,40,1,3,16,18,46,7,12
4,24,27,30,26,8,53,28,17,21,59,42,14,50,60,36,29,49,20,15,18,57,3,51,19,5,63,12,1,62,31,13,2,9,43,23,7,56,61,45,46,55,41,38,11,25,44,47,22,0,34,52,35,39,37,33,58,32,48,10,54,16,40,6
41,0,45,1,36,20,8,6,29,37,50,5,53,11,48,27,42,39,62,55,19,63,60,21,33,4,32,35,13,18,15,2,52,25,7,22,51,26,9,24,31,3,17,16,23,43,12,46,54,40,28,59,30,44,61,57,34,58,14,10,56,47,49,38
9,12,40,16,53,48,31,1,54,32,24,33,29,5,62,56,45,34,8,50,49,46,13,30,22,27,20,44,57,52,43,21,39,59,41,42,35,26,28,55,11,60,6,2,25,58,47,10,4,18,7,37,23,14,51,19,63,3,38,15,36,0,61,17
52,11,49,42,33,63,18,25,2,51,10,54,58,55,53,38,39,19,0,57,9,50,46,17,60,44,40,27,8,3,62,23,16,29,59,37,47,43,35,41,7,31,36,45,13,1,30,20,24,14,28,6,61,15,32,34,12,22,56,5,21,4,48,26
27,12,45,7,36,46,29,20,60,16,3,1,4,24,34,18,44,61,13,33,52,58,63,51,28,49,55,50,54,22,0,41,11,15,5,32,37,19,57,31,30,59,62,42,23,10,26,8,35,38,39,14,6,25,9,56,40,21,17,2,47,43,48,53
55,40,59,7,51,37,0,60,43,21,41,16,56,11,42,3,62,57,20,48,4,25,12,30,38,6,15,8,2,31,28,5,19,10,36,63,26,39,14,50,27,29,9,58,47,53,17,61,46,24,22,18,49,52,45,32,35,54,23,1,44,34,33,13
13,27,14,21,28,35,8,50,26,47,11,62,12,5,48,40,31,52,55,46,2,58,43,41,60,7,59,9,22,56,16,54,42,57,19,33,25,45,15,10,6,49,24,51,44,61,4,53,39,23,38,29,1,3,20,36,34,17,30,18,37,32,0,63
7,17,45,12,53,32,47,8,11,15,21,16,10,0,49,39,52,19,50,33,41,14,28,1,54,9,63,29,27,5,34,55,42,31,30,23,43,58,13,38,59,4,35,40,56,61,48,20,37,57,36,25,62,24,3,44,46,18,2,6,60,26,51,22
60,41,37,32,25,26,57,30,50,40,47,19,28,7,29,10,53,20,15,36,11,52,42,8,16,45,49,12,31,58,63,13,55,59,0,21,23,46,51,34,1,43,9,48,38,62,35,27,33,17,2,56,44,61,5,24,3,6,18,22,4,14,54,39
34,27,49,42,12,58,33,37,23,43,14,54,50,18,32,3,6,13,0,29,11,57,55,44,26,36,60,21,25,19,47,38,52,35,1,63,31,46,20,9,48,51,17,56,4,8,41,62,16,10,28,2,61,30,15,59,53,45,5,7,22,24,39,40
8,46,3,21,56,19,38,37,22,28,63,4,48,42,44,47,41,58,31,29,18,43,52,45,51,23,55,15,60,62,14,30,16,54,5,32,27,10,13,53,24,17,34,1,12,6,39,25,49,2,36,7,59,40,20,35,50,26,57,33,11,0,61,9
26,54,29,9,1,6,46,40,5,32,58,7,31,18,63,2,42,10,59,28,16,0,56,14,52,17,12,3,27,39,57,21,15,45,55,20,30,51,25,44,8,23,36,47,24,13,60,38,33,37,49,48,50,61,43,41,35,19,53,22,4,11,34,62
55,19,23,47,35,59,53,17,6,4,60,57,11,15,34,41,40,9,21,58,8,24,18,20,25,38,12,54,14,30,28,56,49,63,51,27,61,37,43,36,42,62,16,31,26,45,52,33,5,10,39,50,13,7,2,44,29,46,3,32,1,0,22,48
50,2,21,42,37,63,61,11,45,47,51,8,5,16,10,18,53,41,49,4,28,27,39,23,24,46,0,22,57,56,54,44,19,32,58,36,6,43,13,33,55,17,48,60,35,52,12,26,62,9,14,7,40,25,3,59,20,29,15,1,30,34,31,38
35,43,26,40,56,15,46,24,8,12,3,27,62,5,21,1,19,9,63,30,34,44,48,58,37,11,45,55,31,28,13,23,51,2,42,33,57,25,20,41,6,4,18,22,61,53,39,50,14,54,36,47,16,10,17,52,60,59,29,38,49,0,7,32
57,14,61,16,32,1,37,22,26,21,17,20,43,33,50,46,10,3,24,18,39,30,35,12,59,15,40,44,9,31,58,13,62,23,28,48,63,34,0,49,56,36,47,53,51,55,38,25,8,7,4,54,11,2,5,42,41,60,27,29,6,19,52,45
7,56,12,61,3,26,13,47,27,41,54,11,28,53,4,46,34,29,58,48,5,35,36,31,43,25,6,30,60,24,19,17,2,0,21,14,1,23,59,63,37,38,55,52,15,32,8,9,20,62,50,49,44,16,22,57,42,39,40,51,45,33,18,10
34,36,35,11,16,1,53,62,13,59,43,21,46,15,31,37,27,32,57,18,49,7,50,23,2,19,20,56,5,9,28,10,4,25,40,38,12,47,41,54,63,6,26,48,58,45,51,8,22,14,44,55,24,3,52,61,39,29,42,60,30,33,0,17
0,43,2,49,32,11,12,45,42,4,22,57,16,6,13,29,61,54,15,62,21,27,36,26,34,30,31,58,38,17,46,1,5,28,44,8,19,63,56,52,47,40,55,3,50,23,10,18,14,48,25,35,60,20,53,51,59,37,24,9,39,7,33,41
63,41,44,15,54,14,19,38,56,58,40,28,13,18,9,21,0,43,6,26,32,53,1,8,25,46,7,48,30,47,24,34,49,20,50,29,10,2,42,16,37,59,55,57,52,60,36,27,62,3,11,51,5,35,4,61,39,17,23,31,33,22,12,45
62,35,29,56,19,8,11,57,41,14,44,48,37,53,49,1,15,31,20,51,36,52,18,5,26,47,33,3,21,10,23,7,63,40,45,13,38,30,32,61,24,54,42,50,4,22,27,59,17,60,28,55,0,2,43,58,25,9,12,16,39,6,34,46
53,42,12,45,41,54,56,14,61,22,55,0,30,50,16,13,40,5,39,29,26,31,48,33,32,23,35,43,8,6,47,11,52,20,57,34,37,9,2,27,44,19,51,46,58,28,24,3,36,63,60,1,18,17,4,7,59,10,21,62,38,15,25,49
33,20,12,9,54,41,46,10,15,48,11,52,59,4,25,32,29,27,36,56,35,57,18,45,60,63,6,16,7,55,51,24,19,5,17,3,8,43,49,26,38,58,14,30,40,31,62,42,34,61,50,53,44,1,23,39,13,21,37,47,0,22,28,2
56,47,52,3,16,60,27,46,17,8,59,23,6,24,39,25,29,62,50,18,34,11,61,26,14,28,9,19,7,51,2,31,15,13,58,43,35,41,1,49,5,36,4,22,38,55,21,57,12,40,20,63,10,30,32,33,53,0,42,45,44,48,54,37
57,9,36,8,48,3,16,56,24,19,31,17,53,21,26,33,35,15,49,62,4,28,44,10,39,51,2,40,32,29,14,25,6,11,52,63,34,38,54,0,45,30,59,41,23,1,55,37,12,47,42,60,5,27,46,58,43,18,61,50,22,20,13,7
44,31,55,22,5,54,33,16,47,62,2,53,43,61,15,57,32,10,1,51,34,21,9,50,36,23,40,7,41,52,11,4,27,38,49,14,59,35,8,42,29,26,39,13,19,0,46,24,30,56,60,58,63,12,45,28,6,37,25,20,3,48,18,17
11,53,43,0,21,37,36,52,44,12,60,51,20,47,39,55,2,5,16,32,7,17,45,50,4,8,38,13,63,23,30,48,25,46,33,40,1,59,56,6,14,41,9,26,54,19,29,24,10,61,27,22,62,35,34,57,15,18,49,31,42,3,28,58
54,40,48,22,35,3,51,13,36,53,15,46,34,0,24,28,5,23,7,4,26,42,32,17,16,45,58,20,21,37,33,19,31,44,59,38,6,25,9,63,2,55,11,27,30,41,56,29,1,62,50,18,57,60,12,52,47,39,10,8,49,14,43,61
18,45,25,19,31,62,47,6,11,8,52,42,15,44,61,14,55,38,49,2,41,9,1,59,35,3,32,13,20,57,16,54,46,10,63,26,43,33,0,28,39,40,23,17,36,21,51,34,5,60,27,22,53,50,37,7,4,29,24,48,12,30,56,58
8,42,21,54,38,50,37,0,49,55,10,43,9,47,40,18,14,16,44,25,3,56,36,35,32,6,12,4,58,19,45,61,27,33,7,15,57,39,1,52,34,5,41,20,26,24,60,13,11,62,51,59,31,46,28,53,22,48,29,30,2,63,23,17
48,26,21,45,30,13,0,2,46,18,19,53,17,23,39,62,20,57,27,47,8,50,31,54,61,10,37,9,63,43,35,15,42,5,7,44,3,60,34,41,1,51,55,16,56,49,29,4,59,25,28,14,38,58,24,6,40,11,22,12,33,36,52,32
2,51,28,22,54,42,37,45,23,61,17,3,58,48,43,8,19,18,0,38,40,5,50,4,16,55,15,52,11,10,29,14,33,57,47,46,25,20,13,62,26,39,34,59,35,44,53,24,63,60,31,32,12,1,21,9,41,36,49,7,56,30,6,27
26,48,28,18,63,60,29,39,32,25,45,50,52,21,12,38,7,15,6,43,31,37,27,14,61,0,8,17,5,56,59,16,2,23,10,36,44,35,20,9,47,41,1,46,22,58,4,34,54,49,3,33,62,30,24,40,51,19,11,53,57,42,13,55
33,41,62,27,2,54,14,45,4,46,59,16,7,63,13,61,37,43,1,25,39,32,24,49,12,29,22,48,11,42,35,56,8,26,44,58,36,55,10,9,31,52,21,28,17,5,3,38,40,50,20,53,30,23,51,0,47,60,19,34,57,6,18,15
54,52,43,17,8,42,34,4,37,57,55,36,33,18,46,51,20,2,49,6,27,44,21,60,48,56,26,41,28,14,12,32,38,50,47,35,23,9,40,15,58,10,24,11,5,62,63,1,13,19,59,53,45,61,29,25,7,39,30,3,16,0,31,22
41,53,28,44,0,3,8,2,52,43,38,33,12,18,51,11,9,34,25,22,13,39,30,62,40,63,14,6,7,48,27,5,45,24,50,59,15,20,4,54,32,23,1,17,61,55,19,47,10,56,42,36,49,29,37,35,57,26,31,16,60,21,46,58
63,38,58,49,30,31,56,29,61,27,47,12,59,42,21,36,13,28,60,46,62,53,33,39,48,37,51,9,54,50,15,6,43,32,44,5,3,11,14,2,25,26,52,45,18,0,22,20,19,1,40,10,24,16,57,4,34,41,7,55,8,17,23,35
61,49,43,8,14,59,7,28,24,50,26,35,54,12,42,41,47,19,39,16,52,17,4,63,11,37,32,51,5,9,18,25,13,30,48,27,6,53,58,60,56,10,0,62,31,44,15,55,33,46,34,21,23,1,29,20,22,3,57,45,2,36,40,38
33,50,24,25,5,21,48,17,7,46,0,41,19,22,36,62,13,16,6,63,29,1,4,15,8,59,37,26,49,58,20,23,9,39,40,61,34,10,55,54,52,2,43,31,30,32,3,60,53,42,38,47,56,27,44,28,11,57,45,35,18,51,12,14
3,35,42,55,28,15,59,30,36,17,7,48,49,20,0,1,31,61,25,39,12,21,8,22,44,34,27,10,40,29,26,46,4,14,32,19,18,41,23,6,47,56,11,5,58,2,60,45,53,52,43,63,51,54,50,62,38,13,33,57,24,37,9,16
12,37,59,18,58,26,36,28,13,25,24,17,27,51,9,32,60,19,5,43,40,63,42,56,55,16,8,14,35,4,34,23,38,39,29,49,46,50,61,62,54,7,6,3,57,31,48,52,15,44,11,47,53,41,10,22,21,33,1,45,30,2,20,0
53,4,48,33,57,62,12,58,60,11,54,44,46,25,34,19,5,8,10,30,42,39,59,1,3,26,32,13,20,17,7,15,55,24,27,51,18,37,47,16,0,56,31,36,9,23,49,50,6,38,28,21,29,35,43,63,61,2,14,52,45,40,22,41
24,5,8,3,48,22,40,53,57,46,49,55,32,37,4,18,13,0,25,56,2,20,36,41,6,11,42,26,39,50,14,10,9,47,38,34,51,30,19,43,1,59,28,17,63,35,27,31,61,45,7,21,12,60,16,44,54,33,62,52,29,58,23,15
35,23,14,21,25,6,38,11,40,0,1,46,2,29,63,50,62,3,9,7,17,58,49,51,26,43,52,30,41,5,13,20,28,60,12,55,31,56,61,4,37,18,19,57,10,36,34,44,54,8,59,48,22,33,16,15,47,42,45,24,32,53,27,39
53,38,48,29,15,16,11,55,40,25,4,54,8,45,32,62,39,63,10,50,36,58,3,52,27,24,2,12,5,47,61,37,0,43,41,60,34,14,26,31,21,9,42,18,6,49,28,19,35,33,1,30,57,22,7,20,46,51,59,56,17,44,23,13
57,31,59,18,49,32,5,24,33,62,38,40,36,22,44,43,35,14,15,53,28,48,27,51,12,2,10,39,4,34,19,60,13,46,11,23,63,26,9,0,61,42,30,25,20,52,7,16,17,41,3,29,47,58,54,21,56,55,37,50,8,45,1,6
9,20,13,56,46,53,21,61,25,4,14,2,49,22,39,44,18,29,34,10,28,36,30,17,40,62,35,0,37,33,52,60,19,11,27,32,24,31,54,15,38,59,45,48,5,58,3,6,42,57,51,23,43,55,47,41,7,8,63,26,50,12,16,1
12,20,59,13,28,3,60,14,1,52,49,30,23,26,32,54,48,17,34,46,5,40,55,37,27,4,44,24,58,62,10,42,47,33,57,56,16,53,22,35,41,8,25,45,61,2,43,11,19,9,21,63,18,36,51,31,38,39,6,7,0,29,15,50
22,12,26,32,31,23,36,29,27,38,5,49,35,53,18,25,57,54,10,45,19,47,52,46,30,39,62,13,43,44,20,3,59,21,15,37,58,1,56,50,60,61,42,8,7,33,6,28,17,2,40,41,24,34,63,16,14,11,48,4,55,9,51,0
25,12,44,28,29,4,24,17,49,1,23,10,37,22,3,6,26,0,18,56,52,38,47,41,58,57,43,50,46,60,35,2,21,5,34,7,13,16,53,42,54,36,8,20,32,45,61,15,31,9,33,48,14,40,11,59,19,63,39,30,27,55,62,51
12,16,14,30,61,26,25,49,11,52,20,37,1,59,55,48,46,7,3,43,53,21,32,35,27,62,41,18,56,36,42,50,19,22,60,24,2,28,34,58,29,44,0,39,4,15,45,31,51,40,8,47,63,9,33,10,38,5,54,6,23,13,17,57
58,55,52,3,20,9,57,49,46,10,23,29,51,24,38,16,13,42,39,17,53,4,62,36,41,25,7,40,32,34,48,12,47,11,5,33,50,28,54,15,19,63,2,45,18,14,22,6,26,61,0,37,21,56,8,31,43,44,27,60,59,1,30,35
11,53,7,30,24,52,47,12,34,57,18,41,21,48,39,29,62,9,35,55,15,46,51,37,42,49,5,17,43,13,6,10,2,16,58,22,27,56,50,33,61,8,32,0,63,23,25,59,28,60,31,3,40,26,36,20,44,19,38,14,45,54,1,4
11,54,37,19,15,62,6,42,49,33,5,53,27,39,23,51,29,12,36,41,8,26,0,16,31,32,25,52,24,35,13,7,4,61,21,44,9,57,58,55,2,22,46,17,38,14,1,34,18,63,28,20,3,59,60,56,45,30,43,47,40,10,48,50
21,48,25,57,16,14,56,32,26,4,17,6,5,8,38,3,13,7,58,35,9,1,44,20,63,45,50,52,18,19,10,34,33,28,43,40,27,47,0,29,60,30,42,31,55,46,36,24,53,49,59,37,15,39,54,22,12,51,11,41,23,62,61,2
39,4,3,24,36,29,62,16,56,15,21,40,8,60,27,28,25,48,47,51,14,19,7,43,63,44,54,59,46,57,55,2,34,10,50,30,22,45,20,38,26,49,5,58,31,12,23,35,41,11,17,13,9,37,33,1,42,18,6,61,52,32,0,53
63,42,25,26,37,39,19,11,31,54,16,1,40,38,46,55,23,17,27,6,33,34,30,47,28,52,3,0,21,8,5,49,51,61,7,13,56,18,59,43,14,58,50,12,53,41,62,57,32,35,45,29,44,22,4,2,24,60,10,20,15,36,9,48
33,14,59,21,20,28,47,32,1,55,2,26,49,36,6,11,34,24,42,45,31,17,27,54,60,15,43,8,12,58,61,41,22,25,18,3,0,52,30,16,19,7,57,48,62,4,44,9,39,10,38,50,63,53,51,29,35,13,23,5,37,46,56,40
60,13,20,16,63,10,39,53,46,2,62,5,4,45,15,52,47,18,59,61,28,55,3,57,38,43,41,54,1,25,29,23,14,8,35,58,51,48,22,42,19,24,7,0,9,30,17,21,49,32,56,34,33,31,6,40,12,44,50,11,26,37,36,27
46,7,22,1,17,56,8,12,33,62,49,25,4,51,32,59,26,39,24,48,53,37,47,52,11,43,9,44,20,5,55,40,60,50,58,23,34,18,3,27,38,31,0,13,6,19,21,29,28,54,15,63,57,36,42,14,61,45,41,2,16,30,10,35
48,24,17,9,13,42,18,21,20,63,11,29,56,33,6,62,36,44,37,46,28,45,3,26,12,22,16,47,25,32,50,58,23,14,57,61,34,8,52,59,15,38,54,55,41,5,53,43,4,30,2,31,49,51,27,10,0,39,40,1,60,35,19,7
49,2,60,23,10,63,52,7,0,20,31,39,9,3,8,12,11,15,50,59,38,42,32,29,53,24,27,46,43,45,37,54,19,18,1,21,6,36,55,62,25,57,51,35,58,47,41,30,33,26,61,22,28,4,16,40,48,13,56,14,34,5,44,17
10,35,18,62,22,51,43,56,53,29,40,26,50,25,15,58,44,16,14,61,34,36,38,42,55,59,45,3,48,49,60,4,8,37,54,7,5,52,63,13,9,46,21,32,30,1,11,47,24,2,28,20,0,27,31,19,12,23,57,39,17,6,41,33
6,20,19,17,32,35,41,60,55,16,1,36,63,56,12,23,48,24,44,26,53,61,38,31,25,18,11,4,51,7,45,2,57,0,27,54,13,47,39,40,5,49,22,14,10,34,46,28,21,37,50,29,58,30,52,3,8,62,33,59,42,15,43,9
61,40,63,47,38,14,41,34,1,35,49,39,18,46,36,33,30,52,60,6,26,11,42,51,50,28,20,44,56,4,17,13,21,24,19,37,27,57,2,0,23,32,16,15,8,55,59,7,53,22,9,45,3,43,48,62,10,54,25,31,29,58,5,12
20,35,51,62,2,60,34,30,57,37,31,50,28,4,15,41,13,49,7,43,29,23,6,33,3,21,58,1,54,27,25,59,38,63,12,61,55,5,40,18,17,24,22,44,32,8,56,42,36,45,39,46,10,9,47,48,14,53,19,52,0,26,16,11
27,2,48,0,38,20,54,6,30,49,52,15,25,62,21,9,50,18,33,59,39,53,8,16,55,11,34,14,23,46,1,7,5,19,58,57,36,40,28,13,44,37,41,12,47,35,3,22,32,45,60,42,24,61,51,29,17,63,56,4,10,31,26,43
1,22,35,2,36,23,32,46,54,52,56,11,63,43,39,59,44,25,16,51,19,7,9,0,55,57,18,60,24,4,53,41,30,21,14,15,34,40,28,12,62,50,42,26,29,37,20,3,6,17,48,8,38,27,61,33,58,31,10,47,49,13,5,45
28,5,29,41,36,21,24,43,35,32,61,23,33,40,27,9,37,55,22,50,30,52,62,12,18,6,20,26,38,59,45,1,42,39,13,8,0,49,19,34,15,48,31,60,4,17,54,7,14,51,44,3,25,10,58,46,57,47,11,63,16,53,56,2
12,51,19,36,39,54,28,18,60,37,14,44,62,38,8,63,20,0,17,29,3,43,30,40,23,47,34,24,22,27,32,4,21,7,33,13,5,25,16,61,9,52,46,49,2,58,42,41,56,57,59,6,48,1,31,15,26,55,45,53,35,11,50,10
50,23,48,27,44,6,2,20,42,35,58,57,12,1,38,31,62,10,8,46,21,47,32,28,25,26,61,16,14,37,52,17,33,36,53,55,7,63,13,5,19,39,41,15,59,22,56,24,60,18,40,49,9,11,3,34,30,0,45,29,54,4,51,43
53,28,35,39,60,6,45,33,2,19,20,32,17,12,41,51,56,44,38,16,3,40,49,42,4,7,24,27,63,61,9,25,29,50,14,57,1,43,10,26,58,18,22,54,11,0,59,8,46,31,15,62,21,47,23,36,30,13,37,34,48,52,55,5
50,60,31,42,20,34,7,43,28,52,38,11,59,48,33,23,21,18,35,25,19,49,41,56,14,15,32,63,10,40,26,45,2,16,53,4,12,39,29,37,22,62,44,0,54,8,13,1,55,30,9,24,36,27,61,51,47,58,6,17,5,3,57,46
14,29,17,44,10,54,27,22,3,4,12,35,9,24,61,63,39,46,1,15,2,47,56,8,20,62,23,16,7,50,53,30,13,25,58,18,26,59,57,41,33,40,49,21,38,52,51,28,36,0,11,43,45,5,31,55,6,32,42,34,19,37,48,60
25,31,15,45,29,30,12,9,44,19,17,59,54,0,60,43,5,2,51,35,42,58,50,48,57,32,41,26,18,34,21,39,20,47,13,52,38,33,1,55,53,24,6,37,36,14,27,11,7,8,16,3,28,56,62,49,40,46,23,63,10,4,22,61
20,47,6,23,18,40,57,58,1,42,27,3,12,48,2,34,54,61,35,0,41,38,51,33,7,11,55,60,36,39,44,25,21,43,56,45,22,4,15,10,28,8,5,14,13,63,32,31,19,50,46,37,52,59,29,62,17,26,9,49,53,30,16,24
41,10,7,62,30,12,26,23,1,5,19,2,32,8,56,21,24,37,60,4,16,57,20,27,15,0,40,48,63,11,28,6,55,43,47,49,31,17,53,52,33,50,34,51,18,36,3,61,59,35,25,44,22,39,58,29,45,38,46,9,14,42,54,13
7,61,57,32,3,9,2,48,45,21,24,46,23,20,60,56,28,43,14,11,8,29,6,26,18,34,30,5,4,54,55,63,35,38,59,52,15,12,16,39,49,36,58,1,51,17,13,37,41,31,33,47,42,44,19,62,50,0,27,10,22,25,53,40
42,46,52,59,16,5,32,36,2,48,28,43,35,14,58,49,15,57,54,47,63,8,12,50,9,60,1,62,39,3,18,10,53,51,22,61,41,11,20,44,55,24,26,56,19,45,37,40,21,17,7,6,38,31,23,4,30,29,0,25,33,34,27,13
15,37,31,2,42,6,56,57,52,4,55,48,33,8,3,47,40,58,53,36,12,14,23,41,17,18,21,11,10,54,61,22,63,7,26,27,59,35,5,49,44,9,50,28,39,51,30,1,24,46,45,29,25,20,16,43,62,34,0,32,13,38,19,60
58,6,51,61,20,23,56,25,29,11,34,55,4,52,38,10,7,15,0,22,30,40,57,13,18,33,32,42,36,9,50,53,49,62,41,3,63,8,21,16,60,45,17,43,48,5,24,28,31,47,14,2,54,37,35,26,19,46,12,59,39,1,44,27
53,18,12,30,0,6,58,57,59,10,4,62,37,52,25,17,40,47,38,19,42,8,23,16,63,20,29,5,50,36,2,45,34,9,32,3,7,41,21,1,56,43,15,51,48,13,49,11,22,28,31,55,39,33,44,61,54,27,60,26,14,46,35,24
22,7,42,63,49,28,0,55,58,40,20,9,18,46,61,45,15,54,47,32,38,17,5,43,12,52,59,8,37,3,19,34,56,35,33,30,6,62,25,11,48,51,44,2,41,23,4,13,1,16,27,57,36,60,50,10,53,29,24,31,39,26,14,21
21,23,49,61,16,18,33,30,45,29,32,15,31,6,56,36,53,12,58,26,54,37,19,63,47,14,52,35,34,51,46,27,60,22,42,43,5,7,2,50,4,8,10,44,24,20,39,1,57,55,17,40,59,9,13,48,0,38,62,3,28,41,25,11
42,16,47,43,27,36,0,39,20,4,58,37,29,38,25,24,3,57,15,44,53,35,52,63,60,30,34,6,51,28,40,11,33,48,5,31,12,49,17,61,46,9,23,54,45,8,22,50,55,10,56,26,21,32,59,1,18,62,2,41,13,14,7,19
53,44,32,56,2,51,31,59,15,26,47,35,3,37,22,23,7,57,63,19,52,48,24,62,21,54,58,5,11,45,39,18,6,13,27,36,28,14,25,8,10,4,34,9,29,49,1,43,38,33,20,55,0,42,17,46,50,61,41,60,16,30,40,12
33,20,7,37,36,29,18,26,32,5,60,28,56,61,40,3,23,34,12,22,16,39,9,14,27,53,49,45,2,43,59,15,0,47,63,54,4,41,8,57,21,31,62,10,55,48,1,38,58,35,46,11,44,52,51,6,25,24,50,42,19,13,17,30
18,30,53,16,36,24,46,14,17,61,60,31,28,42,57,49,23,50,55,62,15,9,12,1,43,52,59,3,29,41,7,45,48,54,44,8,10,38,58,0,21,5,40,63,26,32,56,20,11,51,2,22,4,27,35,47,34,25,37,39,19,6,33,13
25,41,23,21,54,50,5,34,37,39,62,4,38,6,63,1,59,49,8,11,19,35,22,3,18,13,56,33,43,61,47,44,28,26,52,51,46,55,10,14,32,17,42,16,58,40,24,2,45,9,20,30,53,7,36,27,31,57,12,48,60,29,0,15
36,22,3,19,15,13,55,41,0,29,27,38,59,9,62,7,34,30,11,43,58,24,54,10,14,4,8,1,21,49,33,51,18,31,28,25,48,57,63,60,47,2,53,52,26,6,37,61,42,46,39,44,50,40,23,32,56,17,45,5,35,12,16,20
42,45,56,29,17,37,28,16,13,53,55,18,4,30,11,27,33,10,0,58,19,40,38,15,32,59,12,60,51,54,63,2,52,41,24,25,20,36,61,35,48,22,39,47,6,5,62,57,50,49,8,46,31,9,23,44,14,3,26,1,43,7,21,34
15,25,24,3,34,48,11,28,9,63,8,27,57,21,58,32,52,61,42,0,62,55,31,20,59,60,13,30,41,19,14,54,10,5,16,45,44,12,18,26,1,29,4,39,22,2,46,36,43,56,47,35,23,38,40,37,6,50,33,17,51,7,49,53
5,17,9,38,16,41,22,11,46,18,45,6,35,54,57,48,56,2,62,55,10,36,42,47,53,39,14,26,52,58,19,12,34,44,63,60,8,3,20,27,31,21,49,50,32,25,33,40,43,37,4,29,61,28,24,13,51,30,7,1,0,59,23,15
58,60,57,41,19,35,49,29,40,2,28,34,61,32,62,11,53,7,3,31,5,45,36,63,50,0,43,51,33,48,39,47,38,25,44,9,42,16,6,10,13,30,15,17,1,18,23,59,22,14,24,27,4,8,46,37,26,20,12,21,52,54,55,56
16,35,61,8,26,5,10,2,52,32,28,9,21,12,62,43,51,25,56,36,59,18,13,33,50,49,34,3,15,37,58,7,63,14,39,17,11,48,45,30,20,29,53,57,23,6,0,31,46,44,19,40,27,41,60,22,42,47,4,38,54,55,24,1
21,40,17,3,55,25,23,9,60,15,7,13,43,50,8,18,10,11,4,62,2,57,24,63,61,38,12,26,20,19,0,30,22,42,1,14,16,47,54,56,28,37,58,39,46,32,6,35,36,59,52,29,41,49,53,51,5,27,44,34,48,31,33,45
6,47,9,14,12,63,19,50,36,58,27,7,20,18,1,51,15,24,48,52,26,11,22,32,60,2,56,39,44,62,57,5,43,35,46,55,53,30,8,33,34,38,42,13,29,16,40,49,21,0,41,25,3,59,37,23,45,17,10,31,4,28,54,61
48,54,8,39,9,7,11,1,4,6,43,51,58,16,31,53,14,13,56,18,57,0,32,23,46,52,44,19,45,24,29,30,3,59,22,28,61,36,35,37,62,25,21,2,47,15,42,60,12,34,49,41,27,5,10,33,40,55,17,38,63,20,50,26
62,0,51,12,42,6,17,43,32,48,53,24,61,11,3,45,34,18,27,57,20,50,63,35,4,39,21,9,37,30,44,2,5,46,16,56,8,29,59,31,1,52,40,22,60,19,25,26,58,49,10,7,47,41,38,36,54,13,55,28,14,33,23,15
34,23,25,15,30,4,52,55,10,20,40,44,17,54,48,5,56,62,42,43,36,0,58,53,63,11,32,8,6,33,19,35,31,7,2,16,61,1,49,46,28,47,38,3,57,41,22,39,59,29,21,26,13,12,51,50,60,45,27,18,9,24,14,37
46,61,62,54,57,63,35,24,31,40,17,52,28,43,47,13,38,27,58,19,30,25,4,59,6,22,10,3,41,18,12,14,42,37,1,33,7,15,0,20,44,51,36,8,34,55,49,11,9,53,21,50,60,48,39,2,26,29,23,16,45,5,32,56
8,13,33,21,31,16,30,26,38,57,63,5,27,23,42,40,15,62,39,7,58,53,29,50,44,19,20,59,52,12,46,28,47,22,0,51,1,35,45,55,11,6,32,17,34,24,49,37,36,10,14,48,2,25,41,56,3,61,43,4,9,18,54,60
59,16,35,29,23,38,47,41,12,49,56,3,6,4,63,52,1,44,22,8,18,61,53,37,5,13,25,51,9,58,33,27,15,10,0,31,45,28,17,48,34,11,24,43,46,62,26,57,32,40,42,2,30,7,60,14,55,19,20,39,50,21,54,36
29,16,51,63,49,5,6,40,23,60,52,12,8,17,15,47,33,4,1,50,55,36,42,7,59,30,57,0,28,54,22,20,43,45,44,9,32,46,3,2,18,39,19,26,58,13,27,25,56,35,53,48,41,11,14,34,61,24,38,62,10,31,21,37
43,61,17,45,22,57,54,3,32,51,7,10,6,31,62,11,5,44,25,20,21,63,47,48,49,2,34,38,19,0,23,39,30,28,15,36,8,26,33,9,58,4,56,50,18,41,35,13,27,24,14,37,46,16,42,59,1,53,29,12,55,40,52,60
5,15,1,30,48,14,27,13,22,42,47,23,12,50,38,7,45,58,18,20,36,10,33,8,9,56,4,34,17,11,16,35,52,32,28,39,61,25,51,41,31,53,40,57,29,55,2,6,63,46,49,37,26,59,0,24,54,43,21,44,3,19,62,60
9,7,47,62,25,6,22,3,12,56,14,46,26,20,55,34,49,37,27,10,40,30,16,48,44,23,18,8,61,11,52,13,33,5,63,51,2,24,4,43,42,60,31,57,36,45,21,54,39,15,38,1,29,59,19,35,53,17,41,28,50,58,32,0
38,19,10,29,37,62,5,22,35,16,61,42,2,59,14,53,50,31,63,11,1,8,26,52,28,55,32,57,18,27,39,49,45,33,60,24,3,46,40,43,0,21,25,6,9,7,47,41,15,56,54,23,13,51,58,17,12,36,34,4,44,30,20,48
1,39,35,11,60,62,3,50,45,9,57,6,38,19,40,58,25,15,55,13,61,51,41,18,14,56,27,63,32,44,0,46,36,21,54,12,43,7,8,16,31,26,5,4,52,30,49,17,37,33,20,2,59,29,23,47,53,22,34,28,10,48,24,42
45,34,13,27,12,57,10,60,21,41,3,2,49,58,25,63,56,53,46,54,24,35,30,5,9,38,16,48,31,62,15,42,19,29,52,0,7,40,20,61,23,44,22,6,50,37,51,43,33,39,59,17,36,26,28,4,1,47,14,32,18,8,55,11
44,56,15,0,1,4,23,33,49,52,34,21,9,12,40,11,30,47,7,5,61,29,32,20,28,36,37,41,58,8,17,3,51,13,25,38,54,16,53,50,26,46,2,60,35,59,43,18,27,6,19,63,10,22,48,24,14,62,55,42,45,31,57,39
53,16,10,9,17,0,21,19,46,13,12,5,50,61,41,30,6,18,52,57,33,28,56,4,29,44,15,11,2,3,32,45,49,43,60,34,1,55,39,8,40,7,48,23,36,22,26,31,42,59,35,54,58,63,25,20,47,38,24,62,27,51,37,14
61,0,8,24,5,36,23,10,49,37,35,15,56,9,30,4,45,17,19,6,60,40,51,31,1,16,34,41,58,33,3,62,54,27,22,46,39,50,44,63,11,47,7,59,13,26,25,20,28,18,53,38,42,2,21,29,14,43,32,57,12,52,48,55
34,20,5,60,35,42,44,30,12,36,17,14,26,23,39,18,6,48,11,8,43,47,4,49,56,37,40,10,7,53,27,16,25,63,38,3,0,41,54,24,29,28,59,32,15,2,13,57,52,62,50,1,46,22,45,51,31,58,9,33,61,19,21,55
23,13,17,9,51,22,56,8,38,53,18,3,26,49,40,33,14,7,5,39,24,4,31,54,30,45,11,19,48,34,32,41,55,15,44,37,20,28,36,1,16,10,59,43,60,0,27,62,57,50,61,63,21,52,2,25,29,12,42,35,6,58,46,47
38,5,19,59,4,13,46,0,42,63,57,6,24,21,48,17,36,22,35,16,23,60,40,44,31,58,7,51,43,50,47,14,1,27,26,8,61,28,3,53,45,55,25,52,41,2,56,12,9,54,49,34,20,18,10,32,37,29,11,39,62,15,33,30
44,14,0,26,33,21,43,12,40,1,32,59,51,55,47,50,63,2,49,3,53,42,62,61,10,58,23,13,34,24,4,8,18,38,30,27,9,60,31,45,57,15,6,54,29,5,56,16,36,28,25,19,39,17,46,52,20,35,48,22,7,11,37,41
52,41,47,30,32,20,37,57,29,26,43,18,59,53,49,46,16,63,0,8,11,45,44,36,9,28,19,33,17,34,54,56,48,51,21,4,60,27,15,13,50,5,61,22,42,31,7,23,35,24,10,38,55,58,6,62,25,12,14,39,3,2,40,1
14,43,2,23,6,4,55,31,20,21,52,54,9,27,61,40,0,36,37,58,8,45,50,25,26,60,24,47,34,29,63,7,59,49,48,33,1,22,30,62,56,12,44,53,41,35,57,51,15,13,10,11,18,5,32,38,19,42,39,28,46,17,16,3
41,59,51,19,53,23,17,1,25,7,45,49,12,63,16,2,47,8,46,34,26,38,52,10,35,39,22,27,0,55,37,5,40,31,42,24,3,21,33,9,57,30,50,43,18,4,29,36,28,20,60,44,11,54,48,13,56,62,58,61,6,32,14,15
34,17,1,28,45,53,16,40,41,50,36,49,15,43,51,7,46,61,44,58,23,35,52,56,8,24,32,25,3,60,62,6,21,63,19,18,9,47,29,11,30,2,59,26,12,5,0,42,27,55,31,22,4,48,33,14,39,54,10,38,57,20,37,13
53,28,50,35,52,8,6,38,17,25,44,61,3,40,33,49,34,31,16,27,47,30,11,23,51,1,21,7,41,42,9,10,24,36,13,37,18,29,62,63,57,14,2,48,56,45,55,22,12,15,20,46,4,19,32,54,59,0,39,5,43,58,60,26
60,3,15,35,2,5,51,4,12,42,6,21,41,59,52,55,43,7,8,32,29,49,39,62,36,25,11,31,34,57,56,37,48,0,26,1,54,18,61,40,50,47,10,9,22,17,33,24,44,28,30,63,23,19,46,53,58,27,38,13,20,16,45,14
31,9,33,61,48,11,13,49,46,18,41,32,30,23,43,15,22,54,29,12,28,45,24,57,1,59,7,42,14,6,53,37,8,2,56,34,26,25,60,62,0,4,16,47,19,44,52,51,40,36,63,50,3,21,17,55,35,27,58,20,10,5,38,39
26,56,33,19,43,49,63,51,41,36,8,48,0,47,4,45,21,13,9,60,34,24,14,29,57,52,28,17,54,46,2,25,6,44,18,59,1,55,31,40,62,39,11,30,53,5,20,42,16,12,38,37,7,32,58,22,27,23,15,61,50,10,35,3
8,26,3,9,23,21,46,56,14,54,33,45,11,10,38,20,16,1,0,43,58,30,51,49,37,42,63,52,24,40,31,4,13,19,15,22,28,12,29,41,7,18,61,5,17,35,53,47,36,48,55,27,32,2,6,25,62,44,39,50,34,59,60,57
33,3,42,34,13,16,19,23,58,15,27,21,62,10,5,28,38,11,53,29,14,32,54,30,4,37,0,20,47,40,35,56,48,7,46,45,6,2,39,36,22,59,25,26,41,1,50,63,18,55,60,44,49,9,12,51,17,8,31,52,61,24,43,57
49,19,23,43,40,7,25,15,6,24,30,28,2,27,55,5,39,12,61,35,1,36,8,18,57,31,22,37,14,26,53,54,45,44,33,21,32,62,60,41,46,56,17,47,11,34,52,59,51,50,48,4,10,38,13,16,20,58,63,9,29,42,3,0
43,39,31,54,51,28,26,2,5,11,42,24,30,7,17,37,48,60,53,40,59,8,18,21,63,46,47,38,33,20,27,41,0,35,36,19,9,22,25,62,3,49,23,6,44,14,57,56,16,10,32,13,58,15,50,61,12,34,4,55,1,29,45,52
21,56,35,42,7,63,31,23,57,37,11,25,53,30,8,59,6,46,24,62,18,50,49,32,58,12,52,48,55,19,28,54,15,45,38,13,39,61,43,34,22,16,0,41,60,33,26,14,10,1,36,20,29,4,47,5,17,51,3,2,44,40,9,27
53,8,31,56,61,49,24,36,33,28,21,14,17,57,6,45,4,20,55,50,2,37,35,47,1,62,0,52,30,29,59,5,32,48,44,19,3,7,18,9,46,40,60,27,63,38,26,16,39,23,22,10,43,15,41,58,34,12,11,42,51,25,13,54
18,21,63,17,61,59,15,7,6,49,20,37,2,11,25,42,0,3,40,5,16,52,1,23,44,22,55,28,32,57,14,4,12,46,60,24,45,47,35,48,39,62,26,38,10,13,36,54,41,30,58,50,8,27,34,29,53,31,33,43,9,19,51,56
32,48,36,7,39,50,60,29,45,47,27,30,18,63,57,21,0,28,24,9,56,23,1,34,5,46,41,44,59,4,22,52,61,43,33,8,11,38,17,53,14,25,26,12,58,40,54,62,31,42,20,2,19,51,15,6,35,3,16,37,49,13,10,55
40,49,16,4,55,15,42,36,34,18,31,27,50,22,26,56,63,35,13,28,6,47,20,52,62,54,0,19,10,51,5,43,57,41,24,32,1,44,12,3,38,25,59,46,7,48,30,61,33,39,11,8,53,21,9,23,17,14,29,45,60,2,37,58
26,21,46,9,7,42,20,31,18,22,38,11,12,39,34,16,3,61,19,36,32,30,10,33,15,37,56,62,60,27,63,4,54,1,2,35,40,8,58,5,48,6,44,43,13,49,23,25,29,52,14,51,17,47,45,57,55,50,24,53,59,41,28,0
48,20,28,2,17,59,50,39,30,6,35,31,61,29,21,3,52,15,54,33,53,60,58,25,24,42,23,4,37,7,26,47,16,44,49,40,8,27,34,43,32,41,45,5,0,46,36,19,14,56,18,13,11,51,62,10,22,12,9,1,38,55,63,57
9,46,10,61,48,16,53,28,63,18,57,19,11,60,37,3,14,62,30,1,25,40,35,13,21,15,7,42,58,54,36,26,32,2,43,5,41,56,12,44,55,47,24,59,34,6,0,49,31,50,52,45,4,20,22,38,51,8,17,29,23,33,39,27
23,33,63,35,41,19,49,50,0,26,59,3,14,27,53,11,46,16,24,47,9,58,1,54,5,10,52,44,55,43,39,28,6,57,15,61,62,56,4,48,22,34,51,38,31,21,8,17,13,37,30,42,60,2,45,7,18,20,32,36,29,40,25,12
4,8,1,50,61,45,26,29,37,41,57,24,38,35,46,2,39,58,28,0,14,11,55,25,17,62,40,34,48,59,36,15,51,5,56,19,54,63,47,13,7,21,52,16,43,60,32,33,31,27,6,12,20,23,49,10,22,53,9,3,42,30,18,44
3,0,10,34,8,59,17,38,58,48,60,35,31,56,11,42,39,43,54,19,40,29,47,7,41,63,52,50,28,1,23,14,33,49,9,18,62,32,2,30,20,46,22,15,37,26,57,21,27,5,12,55,36,53,16,45,61,13,24,6,51,4,25,44
2,31,9,7,55,27,17,46,43,28,30,59,45,39,41,54,58,16,60,8,21,48,33,4,50,12,57,32,26,49,5,29,44,6,52,1,22,14,13,38,15,10,37,11,3,23,25,34,40,36,56,0,62,53,19,18,42,20,47,51,61,63,35,24
33,49,27,36,56,9,5,62,47,53,25,43,17,15,46,61,31,12,32,0,20,59,2,34,1,23,19,8,52,18,3,4,21,48,10,26,28,44,41,57,22,60,54,6,38,58,35,37,14,51,42,11,29,39,30,40,13,45,63,50,24,55,7,16
20,1,8,48,42,9,36,41,45,11,62,24,5,34,22,6,28,15,60,0,56,40,37,63,53,54,50,17,30,10,33,19,59,26,47,55,12,7,46,2,31,61,13,51,38,29,49,44,25,14,58,43,18,3,23,16,39,21,32,27,4,57,52,35
44,26,57,37,22,12,55,1,39,36,58,49,21,56,29,43,33,35,6,50,13,61,0,27,23,45,59,60,15,52,2,30,63,9,14,46,3,24,17,48,51,11,42,18,54,38,16,62,47,19,40,5,28,20,31,7,41,53,34,32,4,10,8,25
9,8,23,22,34,48,25,47,56,53,43,15,57,40,16,7,27,13,4,59,20,3,0,44,52,46,14,33,11,32,62,30,35,18,31,12,10,2,39,5,37,55,63,29,42,17,26,51,24,45,60,19,49,38,41,54,61,28,1,36,6,50,58,21
58,11,3,43,53,25,21,6,9,28,24,20,50,2,36,18,40,44,10,34,45,41,14,1,29,47,31,60,38,16,0,8,26,39,33,59,12,57,52,56,7,4,55,23,61,54,63,22,32,15,13,49,5,48,30,35,19,46,27,62,51,17,37,42
3,51,15,62,41,19,47,42,8,26,43,56,18,34,23,28,31,36,10,25,50,24,39,52,0,40,7,2,33,58,61,45,55,5,27,54,32,46,30,59,38,21,4,9,22,20,12,48,37,44,11,6,14,57,13,49,1,17,60,16,29,63,35,53
46,6,17,0,12,62,4,23,28,16,51,13,10,47,50,33,22,26,20,27,3,58,37,18,42,40,19,57,48,7,61,15,14,11,34,39,36,53,44,52,43,63,56,31,5,38,29,49,41,2,30,35,21,32,45,55,8,9,59,25,54,60,1,24
4,29,46,12,62,43,18,42,50,16,61,19,0,6,38,27,37,56,30,63,10,60,7,11,5,34,48,58,49,54,28,15,45,26,51,13,39,1,31,52,40,55,36,47,14,3,59,20,24,44,35,53,21,32,41,17,22,8,33,2,25,57,9,23
40,43,29,62,49,42,24,63,55,59,57,13,17,58,21,47,35,18,50,19,44,25,23,32,26,39,36,45,28,56,37,14,6,5,60,27,53,8,20,31,41,46,7,16,12,11,10,15,51,54,9,34,1,30,2,22,4,61,38,3,52,0,33,48
18,53,2,25,57,12,47,45,34,8,24,23,31,49,3,33,15,60,56,17,37,28,62,9,16,30,46,38,5,32,43,51,41,27,35,40,52,50,21,26,44,4,10,61,0,20,14,48,29,54,13,39,22,1,59,11,58,36,7,19,55,6,63,42
26,63,46,33,59,12,37,0,55,11,5,57,34,48,43,40,45,53,60,62,27,10,4,7,39,9,21,52,22,1,23,56,54,15,6,50,17,16,24,8,38,58,25,41,14,18,32,42,3,49,28,13,36,31,51,44,35,19,61,47,29,2,30,20
9,46,43,11,29,33,53,51,40,50,44,62,41,60,36,45,49,52,57,28,59,4,30,8,42,27,13,58,55,56,26,15,5,61,23,1,47,54,6,22,31,24,21,32,39,25,35,38,14,19,16,17,12,34,18,7,0,37,63,20,3,48,10,2
60,51,48,34,33,57,44,13,23,54,62,4,7,20,52,58,56,22,47,40,1,53,46,15,29,41,3,43,50,32,6,10,18,39,35,42,49,21,30,38,37,26,36,11,24,63,9,14,27,55,17,45,0,25,12,5,16,59,28,2,61,19,31,8
53,48,5,14,22,16,0,32,7,17,4,34,58,44,60,41,55,24,39,12,36,28,45,47,50,62,38,2,54,40,21,42,49,3,15,57,31,27,30,37,9,13,11,20,63,52,1,26,56,61,8,25,59,29,43,33,46,10,6,23,51,18,35,19
37,61,13,42,25,0,57,56,24,27,35,19,10,2,29,4,3,9,48,58,50,28,31,32,59,1,8,45,26,49,33,62,63,17,15,44,51,52,41,18,22,38,30,55,60,36,16,5,34,20,7,47,54,23,21,40,53,39,46,14,12,6,43,11
25,4,19,16,33,60,53,45,1,47,61,34,15,39,35,52,36,46,2,8,30,54,44,55,40,9,32,48,22,63,20,24,21,50,3,14,38,43,41,12,62,13,57,26,11,27,7,29,0,17,49,37,18,5,59,58,51,10,56,28,23,31,42,6
63,7,15,9,33,6,53,0,5,46,19,36,21,43,35,54,57,14,20,18,62,37,42,1,27,12,60,26,23,2,40,59,38,39,45,34,58,55,16,44,13,25,41,29,28,11,10,8,24,17,61,30,4,49,48,50,56,52,31,3,47,32,22,51
17,36,42,37,46,48,58,5,8,0,30,49,13,10,23,53,61,21,20,55,43,33,29,59,60,27,15,52,19,18,28,38,26,63,32,6,12,7,11,31,2,50,1,22,4,51,14,57,24,44,34,25,54,56,39,41,62,47,40,9,35,45,3,16
27,40,63,2,47,32,3,6,38,37,25,1,44,45,55,61,5,14,57,21,30,50,8,33,48,4,54,7,17,22,16,51,12,35,59,34,28,58,56,11,60,24,20,62,23,41,29,10,43,19,15,52,18,9,26,46,0,13,31,49,53,36,39,42
19,36,7,8,29,35,38,34,59,46,37,43,47,16,54,57,53,49,6,44,50,14,12,55,39,61,0,25,40,31,17,24,27,32,42,20,26,52,28,45,48,18,3,21,5,56,58,22,4,15,10,30,51,23,2,41,9,63,11,60,13,1,33,62
50,43,49,24,38,44,20,29,46,3,17,40,53,41,27,9,0,32,25,58,7,26,37,61,22,54,31,55,6,33,21,13,59,30,14,5,34,19,45,11,48,2,1,56,60,39,42,4,57,8,63,62,18,15,23,47,12,36,10,16,51,35,28,52
31,35,40,29,5,38,62,42,33,34,39,48,13,37,41,28,56,9,21,44,16,22,1,58,47,20,0,8,61,50,18,55,24,14,57,32,43,6,59,36,45,63,23,7,49,15,46,25,30,60,10,2,53,12,19,52,54,11,51,26,3,27,4,17
0,58,30,41,53,47,43,16,24,29,15,26,13,8,55,5,34,61,38,3,11,62,63,51,21,54,25,2,10,46,22,6,49,42,45,44,60,59,23,4,32,56,50,12,48,40,31,39,14,7,36,20,35,57,1,28,18,27,9,37,52,17,19,33
1,38,0,6,48,50,41,44,55,37,29,11,19,7,5,25,27,42,62,18,13,40,9,20,22,35,8,57,3,28,46,61,39,4,30,56,26,43,2,16,24,31,15,32,17,12,52,21,34,54,14,63,23,33,45,10,51,53,59,49,58,36,47,60
32,54,60,26,17,33,10,47,40,48,39,43,30,21,5,61,59,28,27,41,63,45,23,12,58,9,25,18,0,15,50,29,6,20,37,31,56,13,11,57,53,34,42,35,36,4,19,7,52,2,38,46,16,49,22,62,3,14,8,44,1,51,24,55
62,4,19,11,17,40,6,34,53,43,3,16,46,47,52,1,57,61,5,31,9,2,39,59,50,10,60,45,30,27,23,48,58,13,56,33,51,49,44,15,35,29,36,41,63,28,0,37,8,21,38,24,42,20,7,32,25,14,26,54,12,22,18,55
41,52,29,23,62,28,58,55,32,38,5,14,2,56,61,51,6,3,1,22,48,44,35,16,31,42,7,43,40,45,9,15,30,57,26,27,54,46,20,11,33,47,13,39,63,17,50,53,4,18,12,37,36,24,0,19,34,60,21,25,49,10,8,59
19,2,53,1,6,10,59,48,45,39,37,56,34,40,44,50,41,36,12,11,17,58,24,30,60,61,13,27,28,0,16,15,20,38,32,26,31,33,43,14,29,7,5,3,51,62,25,22,35,8,55,46,47,57,21,18,63,52,49,9,42,4,54,23
35,15,30,43,19,21,39,25,2,48,63,40,9,58,7,24,4,57,22,33,8,52,61,45,14,0,20,23,26,11,31,16,50,47,27,53,1,51,59,62,56,32,34,17,41,38,36,5,13,6,46,55,10,18,28,37,49,12,29,42,44,60,3,54
23,63,16,60,42,8,15,51,1,31,6,9,62,18,12,41,28,54,34,20,40,11,61,49,39,10,59,7,5,19,33,21,58,50,35,44,17,52,55,56,24,0,53,46,36,43,30,4,48,57,14,25,45,3,32,37,29,26,38,22,13,47,2,27
26,0,18,55,16,14,21,31,58,3,35,5,39,11,28,62,8,33,6,29,4,25,24,56,45,17,7,41,59,40,9,1,23,2,42,60,15,34,27,53,50,22,19,12,51,36,20,57,43,52,44,54,13,47,46,63,10,38,37,48,30,49,61,32
55,41,12,61,22,24,47,50,57,7,56,49,32,14,34,19,45,17,46,1,35,38,10,53,13,11,42,26,18,27,4,3,31,48,6,0,5,9,59,60,20,58,2,44,36,52,16,21,39,28,29,33,25,62,30,23,51,37,40,43,63,8,15,54
57,13,20,19,18,3,52,34,14,16,23,24,58,53,50,55,29,15,39,54,30,60,63,10,2,47,61,7,49,26,35,59,22,38,48,8,9,12,46,36,56,32,31,45,5,51,40,33,25,6,44,11,27,42,62,28,21,17,41,37,4,43,0,1
7,31,22,61,0,19,38,8,21,43,35,6,45,18,29,49,10,57,48,3,46,25,30,34,51,11,33,50,27,26,41,59,39,20,2,23,15,44,12,62,28,37,1,9,60,24,4,47,40,13,56,42,54,52,58,63,55,32,36,16,17,53,5,14
5,13,60,7,53,3,4,44,57,29,38,55,27,50,42,32,11,15,49,1,39,52,12,14,2,31,54,6,19,26,28,45,24,35,61,41,40,33,10,62,21,18,22,17,34,16,30,25,43,48,23,63,58,8,37,46,59,36,47,51,9,20,56,0
2,36,13,59,50,45,11,7,61,49,35,24,4,46,51,54,26,56,19,32,37,6,3,44,31,25,34,60,22,16,62,8,1,30,47,42,52,48,9,15,40,38,55,33,5,10,27,39,23,41,58,63,14,57,18,0,21,43,29,20,53,12,17,28
44,0,45,49,26,5,13,62,54,42,31,40,35,61,23,59,7,20,24,6,11,25,37,14,46,48,19,57,28,63,8,3,9,27,30,60,53,36,33,16,38,10,51,43,34,39,17,29,15,18,21,22,32,50,56,1,52,55,4,2,41,12,58,47
16,4,24,0,52,13,21,9,30,43,31,23,33,62,1,46,47,49,20,15,50,29,27,10,14,3,51,60,8,56,7,57,54,39,53,28,5,36,41,45,55,32,58,59,19,40,63,17,48,6,25,44,11,35,22,2,26,12,34,37,18,38,61,42
55,4,7,16,9,43,52,34,20,60,6,39,36,38,40,53,17,35,61,21,10,51,33,58,62,26,23,24,45,2,28,3,11,31,22,0,47,13,41,50,18,15,44,30,29,46,57,54,48,25,37,12,56,5,49,1,14,42,63,59,19,27,32,8
51,5,6,15,30,33,9,12,4,48,46,44,24,31,22,56,25,20,23,37,55,42,18,2,61,29,35,54,57,19,21,36,63,26,45,50,60,16,7,58,14,59,3,0,62,8,43,10,49,53,34,11,1,52,27,41,38,13,17,40,32,28,47,39
18,52,20,22,50,54,21,60,34,46,48,38,36,44,7,59,1,53,30,3,2,56,26,58,17,10,11,42,40,19,27,33,61,63,12,15,9,23,35,41,49,45,8,28,51,39,31,14,5,13,57,29,25,47,55,37,24,62,43,0,4,6,32,16
8,7,62,11,4,41,54,53,32,6,43,59,57,33,40,3,38,52,48,63,36,28,42,26,58,56,19,29,9,16,18,55,47,37,35,46,5,44,2,24,21,60,0,17,23,12,22,27,61,14,50,13,39,30,1,15,51,34,10,20,45,25,31,49
47,27,6,50,60,20,58,3,22,34,25,48,29,5,13,24,63,59,62,7,38,30,37,32,53,52,51,35,31,21,39,46,0,4,36,8,19,40,56,41,23,18,9,44,17,2,43,26,16,11,61,28,14,45,12,49,10,57,1,42,15,55,54,33
40,37,56,7,6,51,14,2,63,31,20,21,44,25,50,0,41,23,45,26,17,11,54,27,24,35,62,22,53,38,57,36,29,32,59,30,19,60,43,13,46,1,42,58,16,9,3,34,52,55,28,48,39,4,12,18,5,8,33,47,49,61,10,15
15,29,5,12,18,41,30,46,48,54,4,44,1,47,62,61,59,27,24,17,22,35,43,49,32,6,8,53,50,56,42,10,36,25,26,21,45,40,13,60,38,19,52,2,20,14,51,57,58,63,55,7,23,37,16,28,11,0,34,31,9,39,3,33
57,35,33,30,51,41,22,47,39,54,6,59,19,21,25,52,3,31,40,28,10,34,46,29,63,36,4,27,8,61,23,56,20,53,12,45,55,7,17,37,26,14,48,62,43,32,18,50,13,15,49,1,24,2,58,5,38,16,0,11,60,44,9,42
49,38,21,35,24,8,22,55,48,26,27,63,14,57,13,23,1,34,19,11,32,47,45,25,29,9,10,41,44,2,18,0,7,30,53,6,42,15,36,61,5,12,62,59,54,50,3,33,4,16,40,52,31,39,51,17,46,58,60,20,56,28,43,37
57,10,32,26,5,59,33,29,18,21,58,28,27,45,46,8,35,42,54,41,9,12,31,17,4,47,13,51,48,22,2,15,11,1,14,43,16,49,37,60,7,25,39,20,62,52,56,6,61,0,44,30,23,3,36,50,55,24,19,53,63,38,34,40
24,52,56,47,50,49,57,13,29,22,40,37,10,41,45,21,31,17,62,58,28,12,6,34,44,60,48,42,46,20,15,16,30,36,59,61,14,2,38,33,23,63,32,8,1,35,19,55,25,53,3,11,0,4,54,27,43,9,7,51,18,5,39,26
34,20,14,52,37,6,23,46,38,10,31,32,43,2,21,55,51,0,24,30,22,5,41,56,61,1,44,9,7,39,4,29,50,36,19,27,28,35,18,47,11,57,25,49,48,62,53,45,60,54,15,26,63,12,58,3,40,16,13,33,59,17,8,42
38,31,7,50,8,33,57,58,59,13,1,60,28,56,63,15,6,26,27,3,0,53,21,30,61,52,39,9,14,62,44,17,45,47,40,37,5,23,49,32,2,55,29,10,16,48,25,42,22,12,36,35,19,34,51,18,20,54,41,4,46,24,43,11
28,6,38,61,56,23,24,13,58,15,34,45,21,40,33,12,29,51,44,39,0,43,47,4,20,60,17,31,19,30,22,42,50,55,7,62,14,18,48,37,53,35,63,3,8,11,46,59,52,49,9,26,54,36,57,32,27,2,10,41,25,1,16,5
49,23,35,33,55,52,2,7,47,36,50,10,53,39,58,62,43,21,4,0,14,25,48,15,31,17,40,24,3,61,18,16,12,57,8,11,5,13,59,27,6,20,30,41,9,26,60,44,22,56,19,32,46,37,54,38,29,28,51,42,1,34,45,63
15,16,18,62,9,12,61,28,35,2,30,25,57,31,23,63,22,3,50,21,24,51,27,44,45,26,54,14,58,39,47,17,60,40,20,11,38,5,53,56,48,0,41,1,10,46,13,32,36,43,37,42,55,34,59,49,7,29,52,33,8,6,4,19
10,44,17,31,33,20,29,50,23,61,49,2,19,51,60,32,54,57,1,22,62,13,53,12,14,8,9,21,25,16,34,37,59,45,63,36,28,48,4,46,5,3,26,35,38,58,6,52,47,24,56,39,27,30,41,42,0,11,43,7,15,40,18,55
8,11,9,54,25,23,35,34,43,17,36,16,59,46,26,50,27,58,0,21,48,19,57,18,42,60,2,51,15,55,31,10,63,30,13,12,52,5,45,39,14,3,32,44,7,49,53,38,62,37,1,61,56,47,22,24,4,6,28,20,40,33,41,29
15,47,0,13,35,28,59,14,38,45,25,32,33,16,62,3,5,22,4,23,41,8,1,60,42,44,2,34,20,61,50,29,49,55,58,30,39,48,52,10,51,63,57,37,53,21,26,27,54,9,40,46,11,43,36,6,17,12,31,19,18,24,7,56
19,59,10,30,4,16,14,25,34,60,52,56,46,20,15,21,58,35,62,55,63,53,38,40,37,47,29,51,3,12,27,48,7,39,23,1,42,44,31,32,57,33,17,49,50,36,8,6,28,45,5,0,41,2,13,54,43,26,22,18,9,61,11,24
53,25,29,21,58,59,27,30,62,36,26,54,24,23,44,14,11,49,31,45,61,38,2,34,57,51,33,16,8,22,5,40,52,50,0,63,3,10,1,60,9,46,41,4,32,39,55,15,48,6,17,35,47,7,18,43,37,19,13,12,56,28,42,20
51,6,50,1,39,36,37,8,48,12,28,2,24,5,23,62,45,20,27,14,18,33,10,58,29,21,43,19,49,22,16,4,34,40,47,55,60,38,63,31,9,3,46,17,52,30,0,44,56,35,41,7,11,15,25,42,54,13,59,57,32,26,61,53
58,45,56,22,8,54,31,61,57,1,27,14,10,28,24,35,40,20,52,44,48,47,29,23,32,12,42,16,21,3,4,18,59,53,34,19,33,60,49,0,15,41,50,25,26,11,43,2,30,5,46,7,6,37,38,17,62,36,9,51,13,63,39,55
40,62,46,52,7,17,25,13,29,0,24,33,38,63,27,2,58,22,10,9,4,60,42,18,45,6,26,3,14,32,57,34,21,30,48,41,44,8,35,55,36,23,50,43,1,61,5,16,20,15,19,12,39,31,49,53,56,11,37,51,28,59,54,47
53,54,26,29,15,25,11,27,19,2,8,20,24,4,7,47,59,42,63,21,6,33,43,38,14,36,3,55,23,62,34,57,37,12,58,16,51,35,45,1,61,17,50,13,44,39,31,0,41,46,56,18,5,10,22,49,32,30,48,40,60,52,9,28
6,17,1,30,37,54,48,25,31,19,42,26,27,49,11,40,18,50,53,51,61,16,60,32,22,34,62,5,12,29,59,3,14,38,41,45,36,47,52,39,55,46,20,2,15,21,13,63,35,9,23,58,44,4,24,57,8,33,28,43,0,7,10,56
63,4,62,1,27,7,47,8,32,28,48,0,38,25,23,13,9,45,36,24,30,49,17,56,40,46,20,51,44,29,58,15,11,31,54,19,50,43,59,3,37,35,5,53,33,26,6,2,22,61,60,12,52,34,55,16,10,57,41,18,21,39,14,42
14,36,26,63,7,49,45,54,27,25,60,6,55,15,41,11,28,4,59,50,16,47,39,21,20,30,23,52,31,24,35,42,38,46,44,62,17,13,29,18,40,57,37,9,1,0,53,33,56,51,32,43,19,34,61,10,58,2,8,5,3,48,12,22
19,16,46,37,4,62,51,29,57,17,1,48,40,24,63,52,14,15,9,49,11,3,30,50,27,0,12,20,25,55,10,44,5,47,42,34,56,41,13,45,53,58,43,33,6,54,23,38,36,21,2,18,60,8,22,61,7,26,59,31,32,39,28,35
62,9,35,17,10,49,34,28,1,41,61,54,42,3,56,51,13,53,18,12,47,39,31,40,45,63,50,7,48,16,23,43,29,30,24,55,19,46,4,6,27,36,15,57,52,33,22,38,11,25,60,5,37,58,0,44,21,32,59,2,14,8,20,26
37,32,6,13,40,2,63,56,52,49,20,29,30,23,35,26,18,5,15,1,12,42,62,4,10,61,58,51,8,16,3,22,9,54,25,45,59,14,55,44,57,27,34,46,41,53,31,36,24,47,48,33,50,19,17,28,43,38,39,21,7,60,0,11
49,36,40,50,28,17,43,57,48,41,21,39,55,62,59,27,23,53,63,30,26,46,19,3,45,52,0,47,35,14,15,9,37,8,58,18,6,34,4,51,25,60,32,56,61,16,33,10,38,12,24,1,54,20,2,7,44,22,29,42,5,11,13,31
32,56,28,6,49,7,42,45,2,5,60,36,21,37,54,13,30,15,17,44,46,8,12,52,39,51,43,48,50,27,14,58,16,4,35,26,40,29,23,24,3,55,1,20,34,22,53,18,57,41,10,0,59,62,47,31,33,19,38,63,61,11,9,25
49,58,15,42,36,14,52,4,31,55,12,11,5,43,6,19,48,21,3,45,0,33,1,54,35,28,57,9,62,20,2,22,47,38,26,29,13,32,8,17,50,24,59,63,41,39,37,34,25,7,18,16,56,53,46,60,61,44,30,51,23,40,10,27
32,56,0,8,5,37,26,3,45,33,59,23,50,63,15,18,6,49,9,62,35,7,42,28,24,41,48,52,2,36,54,10,29,4,25,17,38,16,30,53,58,19,21,55,61,22,39,13,40,57,44,20,46,34,60,12,31,47,27,43,51,14,11,1
62,5,51,30,33,32,11,53,56,60,43,48,57,9,1,40,13,0,61,18,38,2,63,15,16,24,6,29,10,36,8,49,45,7,20,35,25,28,14,37,27,47,3,26,34,39,54,41,4,44,42,52,50,17,12,46,31,21,58,23,22,19,59,55
46,29,27,23,49,54,24,0,50,1,21,16,48,52,14,32,20,11,30,39,5,33,8,56,28,57,35,63,22,60,6,25,18,58,2,40,47,42,7,3,53,31,9,61,59,55,51,38,12,13,62,37,10,15,19,17,43,45,4,36,41,26,34,44
2,60,16,14,28,24,12,47,40,61,21,22,17,49,48,34,20,63,42,44,11,59,39,32,0,41,53,31,62,36,38,45,30,15,18,43,3,5,4,9,29,54,57,6,37,1,56,33,55,58,25,19,13,23,26,27,52,10,51,46,7,50,8,35
30,29,4,5,7,21,16,39,24,0,20,54,41,10,60,32,34,48,31,8,35,44,12,61,47,50,6,15,19,45,52,43,62,56,55,51,11,46,2,22,27,58,33,23,42,38,37,14,28,53,49,1,3,9,17,26,40,59,63,57,18,13,25,36
13,57,16,51,43,15,44,7,20,37,62,56,10,23,59,6,18,12,31,5,0,2,36,4,47,11,35,55,34,3,27,61,42,21,30,8,17,63,58,24,40,33,52,53,9,54,41,28,50,14,29,38,19,32,26,48,49,60,45,1,39,46,22,25
48,5,19,25,26,55,15,35,1,13,9,14,40,42,2,0,51,44,10,11,4,47,16,37,20,43,38,17,12,18,22,50,33,6,31,53,59,30,62,34,29,27,57,46,58,54,63,7,39,23,24,45,28,36,56,61,60,41,21,52,49,3,8,32
4,46,38,9,45,22,58,32,31,62,49,7,34,40,25,35,17,14,24,54,5,19,12,1,36,21,16,41,50,47,15,42,51,55,23,26,39,8,30,43,56,11,18,29,37,52,60,33,57,59,48,63,44,53,3,61,20,2,28,10,6,13,27,0
5,41,32,52,15,54,46,13,27,36,6,16,48,14,21,23,26,53,47,0,18,43,8,40,62,57,44,29,12,49,63,37,39,60,42,2,31,9,55,59,20,19,25,28,33,51,34,4,30,61,38,56,35,45,1,11,7,17,50,22,10,3,58,24
30,47,37,45,57,63,44,34,8,27,60,12,36,35,40,2,41,28,24,20,3,14,0,4,53,15,16,46,7,10,19,29,59,32,9,48,18,31,58,13,25,55,50,61,11,1,52,38,42,6,26,49,51,21,23,33,43,17,56,62,22,5,39,54
58,60,26,0,47,56,5,36,45,46,9,27,49,21,32,22,61,44,39,28,34,33,18,40,4,42,48,50,25,24,38,19,16,55,11,30,12,8,13,35,1,51,43,63,37,57,52,31,15,6,54,53,41,29,17,2,20,3,62,23,14,59,10,7
2,9,43,49,40,45,50,62,17,46,1,34,51,56,61,11,28,21,37,58,53,8,38,12,20,48,31,30,35,47,0,60,39,25,10,44,4,59,32,13,19,54,29,41,14,18,36,63,52,27,22,55,5,16,3,24,26,7,57,6,33,15,42,23
21,1,10,63,34,58,5,9,31,12,2,54,22,30,40,7,11,38,44,60,37,8,61,33,36,6,27,52,3,43,41,25,16,0,62,56,35,45,46,15,17,50,29,32,57,42,14,18,49,19,51,59,24,4,53,39,28,47,48,23,13,55,20,26
2,52,47,28,31,34,24,36,16,21,48,11,29,55,40,42,17,49,54,59,8,39,23,9,13,22,6,12,3,32,35,63,19,45,44,60,5,33,38,25,15,53,20,61,26,46,14,41,18,27,37,51,62,56,10,57,4,50,1,0,43,58,30,7
8,37,19,0,36,43,20,27,42,32,33,22,16,59,48,12,44,55,6,57,40,26,34,1,61,58,50,17,10,35,25,46,51,11,52,24,31,28,56,21,39,63,49,60,47,29,62,3,14,45,30,7,18,2,15,54,13,5,4,41,38,53,9,23
11,61,22,52,4,29,5,26,23,62,31,13,37,25,60,57,58,8,16,15,34,20,32,6,43,49,14,47,24,7,0,42,41,1,19,44,35,17,18,63,27,33,9,21,55,54,56,36,50,38,2,46,45,30,40,59,39,48,51,3,53,12,28,10
17,61,32,43,5,35,21,24,30,40,46,44,49,52,1,2,45,7,19,29,36,50,42,41,11,4,10,55,12,62,20,48,6,53,13,38,57,22,33,59,27,56,54,58,14,25,8,16,15,63,0,34,47,39,3,28,51,31,37,18,23,60,26,9
5,60,43,32,35,52,55,19,46,15,23,31,14,7,54,2,51,29,33,3,41,0,53,27,61,24,10,40,36,6,20,26,4,38,28,49,63,1,47,16,59,12,56,13,57,44,18,39,22,62,8,11,21,9,58,37,34,30,48,50,17,42,45,25
1,24,2,47,9,45,34,28,59,14,54,46,8,26,15,10,60,61,30,51,57,52,18,25,12,31,62,58,32,7,38,40,21,4,53,41,16,29,23,17,39,11,35,37,33,56,42,48,13,6,63,50,36,0,19,44,43,22,27,5,3,49,55,20
34,25,35,55,1,27,62,51,8,0,60,46,9,6,61,4,7,17,19,41,15,44,14,13,40,43,26,59,56,3,28,16,58,22,47,45,21,42,49,33,2,24,29,32,54,31,11,36,20,30,48,10,5,39,38,63,50,57,52,23,12,37,53,18
15,9,62,22,58,41,27,42,11,2,32,29,25,24,38,40,61,33,6,50,46,18,63,35,12,0,36,56,57,30,23,51,21,26,14,44,20,54,1,16,59,13,10,37,45,47,19,5,49,52,60,3,28,48,31,55,34,17,4,43,39,53,7,8
22,13,2,9,52,15,21,24,58,46,12,62,33,50,29,27,19,44,26,49,32,61,1,38,59,14,31,47,37,34,48,18,8,39,7,51,36,54,60,11,5,53,17,63,55,0,20,42,41,10,23,3,45,30,4,43,35,25,16,6,40,28,56,57
46,47,2,45,56,37,14,20,34,31,4,1,51,25,42,53,3,52,13,41,10,18,39,23,9,32,40,0,43,6,15,60,63,7,55,44,38,22,26,24,36,5,17,19,35,28,11,33,29,61,62,54,21,8,50,58,48,57,59,27,49,12,30,16
30,9,8,4,53,34,33,27,13,61,21,39,15,16,55,49,36,25,50,56,52,46,19,60,47,45,43,48,22,58,1,41,32,18,2,12,38,24,62,63,20,6,57,31,0,5,28,44,54,35,51,3,7,23,37,59,10,17,26,14,29,40,11,42
32,11,22,1,10,27,26,63,35,28,55,51,59,19,8,42,12,40,16,18,5,29,14,50,38,23,13,52,6,24,2,48,39,61,46,7,25,60,43,49,9,37,0,31,17,41,30,36,53,15,34,54,33,44,56,58,4,57,20,47,3,21,45,62
60,50,46,39,33,62,48,57,38,2,6,35,3,25,16,30,56,59,36,43,9,10,0,17,7,23,37,54,22,40,21,45,27,53,34,14,20,11,12,61,42,51,19,18,31,4,24,28,55,41,8,29,52,5,63,26,44,1,47,15,32,13,58,49
58,0,14,33,43,21,28,47,31,40,16,49,25,39,12,8,32,3,7,4,9,48,30,60,56,15,54,42,13,5,18,2,52,11,57,36,59,35,1,61,44,24,19,53,41,50,27,45,29,62,6,23,51,26,37,63,34,46,22,38,17,10,20,55
18,24,38,50,22,26,3,31,62,6,45,41,16,32,53,23,61,57,63,56,25,4,2,52,15,47,12,28,58,20,36,33,55,21,1,46,42,10,0,11,39,40,29,34,54,49,51,43,8,48,27,37,17,44,30,59,35,60,5,13,9,19,14,7
13,47,26,40,53,37,33,12,24,17,5,39,51,41,48,38,20,56,29,35,7,55,27,15,9,59,61,50,21,6,1,2,42,62,52,49,60,63,19,30,16,43,23,54,14,34,32,44,4,18,31,22,3,0,36,25,11,57,28,46,10,45,8,58
7,39,45,22,28,20,34,24,32,11,10,21,27,43,29,36,33,25,19,61,17,14,50,18,41,8,13,57,46,38,51,26,30,23,2,4,42,40,60,16,35,6,9,55,37,62,48,58,5,47,15,63,53,3,31,12,54,49,0,44,1,56,52,59
13,12,15,61,37,57,46,1,43,0,38,27,35,51,45,24,58,56,55,53,3,44,17,14,28,18,10,16,59,20,9,60,26,2,31,54,19,8,29,62,36,21,41,42,47,39,25,11,34,23,63,30,7,32,48,6,4,33,5,22,49,40,52,50
29,9,58,21,13,43,4,28,0,26,5,59,34,47,15,38,16,20,1,51,46,2,37,53,62,60,7,3,35,32,52,56,10,17,6,33,48,57,23,63,41,45,30,24,18,22,54,50,27,8,39,42,25,11,44,49,12,14,55,31,36,61,40,19
6,16,61,60,49,21,55,15,37,9,7,18,24,4,35,34,27,46,62,0,30,41,31,23,29,38,39,8,3,33,50,36,28,32,40,42,12,56,1,54,11,10,52,5,17,57,53,45,14,58,43,19,26,2,51,13,25,20,59,22,47,44,63,48
1,33,18,28,29,56,41,52,3,19,16,2,58,50,43,12,48,24,34,63,62,45,17,38,11,5,21,13,44,39,0,14,7,37,26,60,47,32,4,22,57,46,59,51,20,15,42,25,54,10,6,55,23,61,40,31,30,49,9,36,53,27,35,8
51,16,44,35,3,13,45,46,11,49,50,37,55,57,39,26,17,24,52,9,30,25,6,40,33,41,54,22,1,28,61,15,5,19,34,42,20,12,53,7,48,59,47,10,14,36,38,21,43,56,8,29,58,27,60,2,63,4,0,32,23,18,31,62
51,57,17,1,50,22,25,8,21,56,20,9,49,45,31,13,10,7,5,58,27,63,35,43,36,19,47,24,16,14,40,44,30,41,60,42,2,33,18,29,12,53,62,61,32,46,4,52,34,28,26,48,39,59,38,0,11,3,23,55,54,37,15,6
62,21,49,34,61,26,45,22,60,11,32,46,4,8,56,36,17,50,13,3,35,30,18,39,31,5,20,15,58,16,24,1,44,2,38,7,19,41,57,42,63,53,0,14,10,28,48,43,12,27,37,52,55,29,33,54,25,47,40,59,6,23,51,9
56,41,31,5,32,45,51,22,47,52,34,38,23,57,42,40,30,27,44,53,33,8,59,6,48,17,0,28,16,35,9,46,15,58,39,1,18,29,11,50,13,21,10,54,24,12,14,60,43,63,4,2,7,55,25,62,26,37,20,61,19,3,36,49
16,15,55,31,58,1,63,47,42,34,23,41,24,13,45,44,37,21,43,3,12,56,5,40,9,17,28,18,35,29,33,20,30,61,57,22,39,50,19,49,4,36,11,60,52,25,53,0,10,14,27,32,6,38,51,2,59,62,8,46,48,7,54,26
33,29,28,42,35,15,63,14,21,40,37,53,22,39,25,9,10,26,32,50,2,41,8,46,48,52,36,58,34,31,57,62,3,60,56,16,19,38,27,44,43,1,18,59,12,5,4,24,61,49,17,47,11,23,45,55,7,13,0,20,54,51,6,30
42,53,39,13,15,7,3,12,54,58,50,22,33,34,0,28,40,9,4,49,43,21,17,60,8,47,19,29,18,14,11,52,27,38,30,24,26,55,10,2,5,20,48,6,32,31,36,45,41,1,57,62,16,56,25,51,23,35,44,37,46,61,63,59
33,34,39,5,36,37,27,43,3,13,6,49,61,60,47,52,7,25,54,53,14,26,30,21,10,48,9,23,4,58,1,41,16,11,20,42,50,32,24,2,44,15,51,17,59,0,22,19,28,46,55,57,56,35,62,38,45,40,8,29,63,31,18,12
23,47,56,8,27,52,55,16,60,10,51,12,38,14,11,2,62,19,63,18,42,1,4,3,33,21,6,24,15,39,49,41,46,53,45,40,32,0,13,37,59,34,25,44,36,35,28,43,20,9,54,7,26,22,58,61,29,17,5,48,57,50,31,30
56,30,40,33,38,20,31,4,43,62,48,12,39,22,35,9,7,58,1,23,46,25,42,5,13,16,63,24,59,15,6,18,0,57,61,49,51,3,32,41,34,17,50,53,8,10,27,55,54,60,28,19,21,2,26,45,47,36,29,11,52,37,14,44
62,25,44,46,19,31,37,59,18,49,27,11,13,17,12,14,56,50,33,26,0,29,58,9,21,60,40,45,42,63,20,48,28,43,2,32,61,57,5,22,36,8,6,4,38,1,34,53,47,30,35,10,23,51,54,15,41,55,16,39,52,7,3,24
61,14,7,37,36,28,12,45,59,33,41,17,52,5,18,25,40,20,46,2,4,58,63,31,60,8,39,27,42,6,43,26,0,13,50,38,51,44,35,16,1,24,54,48,11,9,47,53,15,22,49,23,56,57,30,34,10,32,19,62,55,29,3,21
17,11,30,37,27,7,23,4,21,50,47,53,63,20,39,52,6,48,46,40,59,60,12,22,16,42,28,44,56,45,55,32,51,43,62,36,9,19,25,29,54,5,3,58,41,35,18,8,24,34,33,1,0,31,13,15,49,2,38,14,10,61,57,26
16,3,27,31,56,4,62,55,44,10,17,28,63,37,32,0,25,14,36,19,2,13,57,39,34,50,43,46,38,21,35,41,49,52,29,53,51,8,15,5,45,22,60,33,40,24,11,59,47,54,48,42,30,1,58,7,23,26,9,61,12,6,20,18
58,62,57,4,33,60,11,12,20,50,23,37,3,25,51,63,18,9,32,14,38,26,44,56,54,48,8,40,1,15,29,13,34,22,27,19,47,35,16,46,36,0,39,6,45,17,30,43,61,55,2,28,10,5,49,59,52,31,53,21,7,24,42,41
47,54,39,57,24,5,51,14,4,63,49,12,41,44,17,50,59,42,2,45,53,48,8,0,13,52,23,62,26,3,16,36,19,61,31,46,25,55,21,11,7,27,37,34,56,35,60,15,18,10,43,30,22,20,33,9,28,1,32,40,58,29,6,38
15,5,6,1,43,21,46,61,11,12,23,53,14,16,19,38,39,59,52,9,55,20,58,33,27,37,45,49,17,2,62,29,63,24,54,4,57,34,35,42,30,0,60,18,41,48,25,40,13,50,31,44,47,10,28,3,7,26,8,32,51,36,56,22
52,59,21,40,43,37,45,12,44,41,0,15,56,17,8,7,62,25,28,9,32,11,31,46,33,16,57,60,14,34,23,53,2,6,18,27,1,19,61,47,51,30,22,49,38,5,36,48,58,29,20,54,10,24,13,42,3,39,55,26,35,50,4,63
56,29,39,3,18,42,31,15,46,53,50,8,58,40,54,23,30,34,59,49,51,63,9,43,32,2,10,4,17,55,47,0,25,6,57,11,22,20,27,60,38,41,5,48,37,24,19,16,12,1,44,21,14,33,45,52,28,26,35,61,7,13,62,36
49,4,10,29,7,37,15,43,45,19,31,54,44,25,47,56,36,57,32,27,16,50,20,42,11,61,55,28,59,2,3,46,6,62,52,63,33,34,9,14,48,21,51,26,24,1,0,23,17,22,13,58,12,35,18,39,40,8,53,41,38,5,60,30
41,59,48,44,43,25,39,16,3,0,1,45,23,53,47,57,42,14,9,58,19,60,49,32,20,17,35,52,37,61,13,31,54,28,4,15,62,55,34,50,63,29,12,7,18,10,26,2,8,22,51,33,6,38,46,21,24,56,30,40,27,36,11,5
27,29,40,11,59,45,31,34,60,26,61,30,57,20,25,2,58,51,18,8,35,63,43,42,33,36,17,28,9,19,49,13,5,16,22,54,41,44,46,1,4,10,3,15,38,21,23,53,62,39,50,6,56,14,47,48,24,37,0,32,12,7,55,52
3,47,30,61,56,33,55,63,1,39,4,44,25,42,11,14,35,20,6,12,43,58,38,32,60,34,18,27,29,2,21,13,9,7,59,0,31,15,48,40,28,49,23,52,36,17,5,24,54,57,41,37,53,51,22,46,62,45,26,50,19,16,8,10
40,13,21,22,14,5,58,12,16,44,50,57,60,56,63,6,15,37,8,27,9,41,7,62,20,1,61,29,35,3,59,25,17,26,31,36,28,2,24,43,10,53,42,34,39,55,54,46,4,18,48,0,23,30,47,11,38,33,32,49,45,19,51,52
27,22,63,41,35,30,24,17,52,3,55,0,37,29,51,13,61,12,43,6,10,57,33,54,28,60,53,62,38,56,21,50,8,48,18,49,44,11,15,34,32,40,20,7,1,2,36,39,16,59,42,4,5,26,58,14,47,46,45,23,9,31,19,25
19,29,41,42,14,26,10,4,7,52,11,44,60,23,37,63,53,51,27,31,49,18,39,17,59,45,30,28,25,33,9,56,1,62,24,38,2,6,21,36,34,22,40,3,58,46,35,47,13,16,61,54,32,8,55,57,12,50,15,20,0,48,43,5
42,49,56,17,33,12,47,8,9,29,13,23,52,27,44,4,25,20,62,24,50,46,36,59,61,10,16,53,57,19,48,11,32,22,41,51,31,58,34,28,60,18,21,38,2,30,35,40,26,15,39,55,3,6,43,37,54,63,7,0,14,1,45,5
45,13,42,50,54,56,48,15,5,35,62,25,27,55,29,53,23,57,40,11,19,26,49,8,18,44,1,9,63,37,60,28,43,24,17,34,33,21,30,36,3,31,22,61,0,52,32,10,16,47,20,7,41,4,38,59,46,6,2,51,12,58,39,14
19,53,34,7,3,27,33,57,56,14,60,16,55,1,47,0,37,15,10,54,25,17,20,36,40,46,52,4,51,63,50,9,44,28,26,48,38,35,62,23,12,58,21,22,6,45,42,61,30,39,31,11,24,32,41,2,29,49,43,5,59,13,8,18
15,47,0,44,36,25,8,48,39,23,43,62,27,34,54,60,37,52,50,30,3,55,7,45,61,28,51,53,49,10,2,33,42,63,19,26,11,56,14,13,4,16,31,6,20,18,22,58,59,40,29,24,46,41,9,21,1,12,32,38,35,17,57,5
10,45,0,57,49,54,1,13,48,51,63,39,4,43,50,21,55,7,27,61,5,9,40,24,37,16,30,47,25,32,17,2,6,20,52,46,35,23,14,18,58,19,22,56,38,8,11,26,42,28,59,60,41,44,53,12,33,15,31,36,29,34,3,62
19,46,61,36,31,51,44,7,62,25,0,10,48,50,34,38,6,52,3,21,14,54,28,57,55,17,8,60,30,59,2,13,53,41,11,33,18,43,40,1,24,49,39,35,22,26,5,58,12,42,63,32,4,37,20,27,29,23,47,9,15,56,16,45
21,5,8,55,31,47,60,45,1,58,37,32,49,46,50,24,17,36,27,44,34,35,0,33,40,10,13,28,14,63,7,61,19,20,25,23,26,51,2,30,48,56,22,57,62,52,3,43,18,6,53,38,16,41,4,59,42,29,11,54,15,39,12,9
36,45,19,8,55,60,0,26,24,33,27,42,53,49,44,9,6,56,20,63,50,1,13,34,10,39,32,57,30,3,17,28,7,40,12,15,11,59,23,58,31,43,22,48,4,54,61,38,2,41,62,52,47,46,18,21,14,35,29,25,5,51,37,16
62,44,42,45,52,38,54,10,34,63,19,26,15,1,29,4,7,57,60,51,46,59,36,16,48,61,24,25,0,5,39,35,53,49,20,12,8,9,28,56,18,21,23,3,40,32,33,41,30,2,22,27,14,31,17,37,6,11,47,50,58,55,13,43
53,32,47,40,6,52,15,27,51,33,20,46,19,61,13,23,41,42,35,22,58,12,1,17,39,8,38,50,26,28,62,44,2,49,56,63,5,34,57,54,4,7,9,25,29,59,10,11,36,31,14,60,30,48,43,21,55,37,24,0,45,3,16,18
30,59,26,1,46,25,19,8,28,51,27,12,33,22,63,54,15,21,44,31,40,61,11,60,42,58,20,13,35,14,16,4,2,0,29,32,18,56,52,5,10,34,23,24,7,48,49,36,50,43,55,62,17,37,6,53,41,47,9,57,38,39,3,45
31,21,15,28,0,47,4,43,3,26,27,58,14,41,56,1,25,40,49,30,46,62,20,11,51,2,12,57,42,52,22,61,9,63,10,38,29,37,44,60,5,32,34,13,19,36,8,39,45,48,35,50,53,59,18,17,16,7,24,33,6,23,55,54
33,51,42,26,44,29,61,9,8,5,52,45,40,57,58,6,63,17,46,54,32,48,34,59,4,11,31,23,7,60,25,0,18,36,41,37,10,15,13,43,35,62,16,30,50,24,21,53,27,39,19,20,2,56,1,38,47,28,55,14,12,3,49,22
15,42,16,9,27,60,57,41,31,28,7,3,52,47,62,17,25,18,53,14,33,20,51,10,24,4,32,39,8,19,2,38,22,45,63,21,56,58,43,50,46,44,1,6,30,36,59,34,29,37,35,13,40,49,48,61,11,26,54,12,0,23,5,55
36,35,59,38,55,22,16,12,26,31,32,21,11,24,41,5,37,13,52,28,62,49,4,43,20,51,57,10,58,0,7,6,15,42,23,46,45,53,30,19,39,25,17,8,34,47,18,54,14,44,63,29,1,3,60,61,2,48,33,27,9,50,56,40
14,23,7,1,57,3,39,27,32,16,47,52,55,59,15,61,24,45,43,54,12,21,38,48,26,35,34,46,0,25,56,5,13,62,40,28,37,33,8,17,2,41,29,9,19,63,60,53,58,51,42,36,20,44,6,11,50,31,4,10,30,18,49,22
48,12,16,46,41,29,53,42,5,13,0,47,35,59,18,50,24,6,39,2,15,10,1,49,34,43,7,51,19,54,8,58,44,61,33,23,36,22,60,21,26,40,62,4,17,14,25,37,38,30,31,27,28,32,55,52,63,57,9,20,11,56,3,45
42,36,9,27,7,5,14,1,12,40,13,62,19,47,31,26,44,50,33,58,10,20,32,3,59,45,16,54,18,29,41,63,17,15,39,23,2,11,56,55,30,52,61,0,21,48,8,6,22,25,28,53,38,60,34,51,43,4,49,46,37,24,57,35
12,13,51,31,29,18,9,61,42,50,14,62,25,21,35,45,2,54,46,4,57,43,56,38,32,63,8,60,58,6,37,19,10,53,48,17,36,52,7,16,1,3,5,59,55,15,0,22,33,34,26,41,11,23,49,47,44,39,20,24,27,28,30,40
0,34,6,50,22,13,52,30,16,40,28,9,60,47,5,12,8,58,25,14,1,15,57,17,23,54,3,38,26,20,45,51,4,35,7,2,32,43,10,27,61,55,44,48,21,36,18,49,11,56,42,63,24,19,31,41,37,62,53,39,29,46,59,33
4,29,58,20,38,41,52,39,21,63,62,43,61,10,32,15,55,54,13,7,19,56,18,49,48,5,3,1,46,14,60,17,45,0,50,12,25,36,27,30,24,31,42,59,28,16,40,23,37,35,8,26,34,44,6,53,47,33,9,2,11,22,51,57
18,36,28,40,10,35,26,38,48,0,41,47,39,57,33,59,29,20,1,12,62,60,31,3,49,13,44,32,45,8,11,37,22,17,34,46,5,58,9,7,19,30,23,61,43,2,21,56,24,6,55,53,51,25,15,27,4,63,42,52,50,54,16,14
19,33,6,0,52,32,42,12,45,17,31,16,54,63,20,23,38,15,10,51,13,8,41,48,11,29,21,18,14,53,22,62,61,50,4,9,1,40,55,60,7,57,2,36,26,46,30,34,49,56,44,37,25,59,39,27,58,43,5,47,28,3,24,35
44,13,1,39,46,17,34,41,20,24,3,10,25,40,2,49,7,6,57,11,8,33,59,15,56,21,51,27,45,5,54,53,30,9,38,48,42,4,19,22,29,62,28,61,35,58,43,50,36,14,26,18,0,60,23,63,52,37,55,12,16,32,47,31
6,54,4,47,43,14,45,51,28,10,8,22,35,48,0,31,58,15,13,34,9,53,23,25,7,3,55,5,50,49,29,62,1,21,20,61,38,24,26,42,36,37,44,12,2,40,39,18,57,30,17,19,46,27,60,41,56,33,52,16,63,32,59,11
52,61,54,47,55,4,38,12,25,16,40,30,11,14,17,13,27,9,32,10,24,63,7,53,48,29,57,23,50,35,3,36,18,26,51,45,22,44,8,6,49,41,42,62,19,58,28,46,56,21,15,34,31,60,39,43,33,59,20,2,1,37,0,5
27,58,21,19,36,62,50,22,7,35,33,13,11,45,1,28,25,32,54,52,44,59,47,34,37,41,24,26,48,42,17,39,49,53,60,14,57,4,29,16,56,61,46,8,30,6,38,63,0,12,9,31,40,2,43,5,20,55,15,18,3,51,10,23
28,20,38,25,19,6,3,49,63,50,2,46,34,31,30,13,53,33,42,9,37,35,15,52,62,60,10,47,45,54,8,16,23,59,61,26,5,4,12,18,32,44,43,39,40,1,27,0,14,29,41,24,55,48,58,21,17,22,7,51,56,57,36,11
24,47,2,42,32,56,36,50,43,19,62,58,38,31,7,60,30,12,18,54,1,39,20,6,16,37,41,22,52,11,33,4,45,26,3,57,46,8,44,14,0,34,9,15,29,21,17,59,5,25,35,61,55,27,49,28,13,48,40,10,63,51,23,53
3,52,50,35,41,51,10,38,58,2,21,20,40,30,39,26,57,33,48,61,13,53,18,42,1,43,45,11,47,49,55,60,34,46,6,27,37,28,56,0,31,16,44,59,5,36,15,62,19,12,25,23,4,7,54,17,9,63,29,22,32,8,14,24
47,62,6,3,12,9,58,15,59,33,53,7,51,46,5,48,29,1,45,24,2,4,10,8,32,44,35,60,43,54,36,55,11,13,52,20,57,16,14,31,19,42,21,34,26,50,39,63,41,25,40,22,0,61,56,38,18,27,30,37,49,28,17,23
6,47,1,18,4,52,49,27,0,60,28,7,42,19,43,20,2,5,30,15,45,62,46,3,51,9,13,41,40,54,24,48,16,31,59,34,25,35,44,61,56,33,63,36,37,12,26,14,11,10,22,8,32,17,39,23,57,50,55,38,58,29,53,21
8,25,2,11,44,40,18,20,13,48,36,10,3,61,0,60,17,27,58,59,45,50,24,21,38,35,37,9,49,54,57,4,41,14,23,7,62,15,19,43,42,22,63,31,26,34,6,46,30,51,55,52,56,32,16,29,12,5,28,53,39,47,33,1
43,60,61,0,1,42,26,22,54,40,56,30,4,27,29,5,34,18,24,44,15,25,51,38,58,55,46,39,45,52,31,28,6,48,12,57,10,35,21,49,19,2,63,20,36,32,47,14,13,8,9,17,3,37,33,59,11,16,53,7,50,41,23,62
14,52,56,60,17,42,8,33,44,41,7,13,53,37,39,38,3,22,34,24,61,5,57,19,62,25,12,49,0,9,27,47,6,29,63,11,21,4,59,58,36,28,10,35,40,2,46,23,43,55,16,30,50,51,32,31,54,15,45,1,48,18,26,20
36,1,0,13,16,50,25,18,62,59,10,46,28,60,42,47,49,3,31,24,55,56,40,26,15,9,27,6,51,21,11,30,38,12,7,2,20,52,39,5,29,58,53,37,35,61,32,34,22,17,43,44,41,45,8,33,57,14,4,23,19,54,63,48
48,31,58,61,44,8,54,46,27,13,11,30,22,50,56,33,7,59,39,37,29,24,38,40,21,16,63,3,14,62,1,5,41,43,20,45,53,35,47,18,55,32,57,49,17,42,26,6,9,28,52,25,2,51,10,36,0,34,60,12,23,15,19,4
33,24,7,48,11,59,37,28,56,16,15,17,2,49,20,38,63,18,19,29,36,6,9,45,1,58,51,47,46,25,34,39,23,4,26,10,27,62,0,55,21,61,22,50,3,35,30,8,5,57,60,42,32,13,41,12,43,14,44,54,53,52,31,40
5,22,27,21,12,33,34,47,26,28,52,59,37,17,43,10,13,9,45,50,54,7,23,38,25,55,14,46,3,57,31,62,2,36,56,40,42,58,19,61,24,15,60,8,35,16,0,29,30,39,49,20,1,4,18,44,53,6,32,48,63,41,11,51
37,51,54,47,56,27,44,62,21,20,32,33,60,14,2,31,0,26,36,25,48,35,59,53,30,13,41,8,11,43,16,50,61,58,12,28,63,39,38,40,23,49,7,10,42,18,46,9,55,3,57,17,1,15,34,29,45,19,5,52,6,4,24,22
44,29,33,27,49,12,35,59,50,17,52,53,3,14,58,41,61,28,18,60,56,6,32,57,13,26,9,40,36,23,4,0,39,31,1,55,45,48,11,47,16,7,20,15,54,5,38,24,42,2,19,30,51,37,46,63,43,21,10,22,8,34,25,62
5,13,49,14,43,31,15,51,28,35,34,2,22,12,59,58,8,45,50,1,33,6,60,32,29,0,27,18,48,39,30,46,11,57,52,4,3,17,9,25,21,55,19,23,54,36,42,26,10,24,47,7,44,40,41,20,63,62,37,53,56,61,38,16
9,44,27,63,56,23,12,61,2,35,37,43,6,29,19,49,60,24,50,36,21,57,58,45,51,25,33,16,55,48,7,20,30,47,59,54,34,46,15,32,4,40,26,22,53,17,8,42,39,1,41,3,28,11,0,10,14,31,13,18,38,52,62,5
11,7,16,24,17,9,5,61,41,10,43,1,59,33,29,44,3,62,19,23,48,34,22,36,31,30,13,0,55,26,15,12,50,54,52,35,63,47,2,18,58,51,37,53,45,6,40,8,27,56,21,60,32,42,28,14,49,20,4,46,38,25,57,39
39,60,63,3,35,16,7,52,15,28,23,6,0,48,17,12,59,41,24,34,36,1,9,42,44,2,61,58,57,8,21,25,22,18,62,46,29,56,31,50,47,37,45,53,33,49,54,4,19,32,11,20,27,51,43,10,13,5,40,55,30,26,38,14
15,32,21,20,10,31,63,1,38,12,23,62,22,58,60,36,43,25,26,44,54,16,30,50,53,61,35,24,2,48,34,4,41,59,18,56,33,7,42,13,29,0,40,5,11,14,55,37,27,47,9,51,46,3,39,49,19,17,45,28,6,57,52,8
28,43,26,30,55,20,39,58,53,22,10,5,52,57,16,33,14,49,56,0,24,36,62,17,25,8,6,48,44,46,3,19,1,18,38,54,34,15,21,51,12,27,41,61,7,31,2,29,40,63,13,42,60,11,23,37,50,35,4,59,45,47,32,9
29,34,45,12,53,33,14,0,54,50,32,63,48,20,44,7,6,42,31,60,61,22,23,49,4,8,28,19,21,55,46,1,36,15,9,38,56,37,16,10,18,27,47,24,3,57,40,2,51,26,59,39,30,43,13,41,52,58,11,35,5,17,25,62
23,26,38,53,39,0,57,14,58,54,42,56,17,49,25,55,45,20,18,40,21,4,8,51,12,3,9,32,22,34,33,37,1,46,15,60,27,16,50,47,10,5,28,29,36,48,6,2,7,44,24,41,35,52,61,62,63,11,43,30,59,19,31,13
24,62,27,43,35,13,20,34,11,33,10,54,21,39,56,61,44,15,16,46,49,42,63,12,26,38,25,55,14,23,53,7,45,51,48,37,8,19,31,40,29,9,59,18,36,4,57,58,52,17,30,47,1,6,0,28,3,50,22,32,60,2,5,41
15,61,38,48,7,46,32,54,16,0,1,21,5,62,14,29,57,31,11,52,18,43,55,47,56,35,13,28,40,39,6,49,12,44,51,20,26,41,17,53,34,4,2,3,60,19,22,33,42,8,23,58,24,37,50,30,25,63,9,10,59,45,27,36
29,34,16,17,57,3,14,10,33,55,18,21,51,52,28,44,13,38,6,43,42,11,59,32,15,48,30,49,60,5,20,27,50,56,2,45,8,24,40,26,35,47,23,46,61,25,12,39,31,22,37,7,62,36,41,4,63,9,1,54,0,53,19,58
49,44,39,34,17,22,53,55,14,15,28,33,27,59,58,0,1,5,52,20,9,61,16,25,19,26,3,31,40,29,11,13,50,60,36,38,10,63,2,23,43,6,8,48,42,24,47,21,54,57,45,56,18,35,51,4,46,32,7,30,41,12,37,62
24,5,19,32,35,25,29,4,54,31,1,63,47,13,30,58,57,18,3,45,7,51,59,41,6,10,21,28,38,0,34,52,22,9,53,11,43,56,62,12,20,14,44,48,26,16,55,50,23,36,15,37,60,40,61,46,39,33,49,27,8,17,2,42
39,14,63,46,34,13,8,7,24,59,23,33,9,6,57,49,44,27,35,41,2,50,37,18,56,22,58,26,53,11,55,54,5,42,19,30,61,32,3,52,10,62,20,51,29,12,31,28,43,1,38,17,36,4,40,45,60,15,16,47,25,21,48,0
56,25,16,43,27,47,15,19,7,62,31,10,48,50,17,55,11,60,13,44,9,29,6,2,63,32,35,39,46,58,42,41,54,1,23,40,26,21,59,33,45,20,22,3,49,30,53,38,12,24,18,34,37,28,57,51,4,36,52,0,61,8,5,14
43,34,47,38,33,8,49,18,55,46,58,17,31,42,60,22,9,2,19,39,27,53,40,10,4,29,7,24,3,13,12,37,26,45,44,23,52,5,51,20,50,57,61,0,41,32,59,63,15,62,1,6,25,36,14,30,35,28,16,48,56,11,21,54
6,50,25,41,32,23,45,55,3,9,43,51,4,46,29,18,7,13,52,22,37,38,8,31,20,39,59,19,40,47,61,27,63,36,24,17,53,56,62,58,34,54,5,48,14,60,35,26,0,49,15,16,42,28,30,44,57,33,21,11,1,12,2,10
25,62,15,5,53,42,3,63,29,12,36,8,50,55,22,16,33,9,17,31,46,28,59,61,23,40,13,41,14,1,26,57,10,11,51,44,47,6,19,60,27,20,24,58,45,18,37,7,56,49,2,52,38,30,32,21,48,4,35,0,43,34,54,39
2,16,50,45,24,9,37,26,7,6,25,57,15,38,29,27,5,32,12,0,18,35,1,36,39,51,55,43,47,8,44,56,22,31,13,34,61,23,30,19,62,28,54,59,4,11,10,60,52,53,49,48,3,63,46,42,17,33,40,14,58,21,41,20
56,58,14,51,62,17,24,30,11,33,26,18,35,10,49,52,37,2,22,42,53,34,7,38,3,40,5,45,50,19,43,47,6,59,13,46,25,29,21,1,31,54,55,48,32,39,60,41,12,8,9,0,36,61,15,28,23,27,63,20,16,44,57,4
4,33,2,9,55,36,13,26,52,45,24,30,37,0,15,31,12,42,21,48,35,27,7,40,8,47,3,25,46,43,23,58,20,17,54,18,60,63,34,50,59,1,29,62,14,53,44,56,28,5,19,51,22,38,32,61,11,41,57,6,16,49,39,10
44,62,29,33,46,6,10,47,34,54,30,25,7,58,14,1,31,15,16,24,56,53,41,18,32,38,60,40,39,17,13,9,2,5,63,45,26,43,48,59,0,11,19,42,3,23,37,4,52,35,20,49,36,61,12,21,27,28,8,55,22,57,50,51
32,37,28,9,52,49,55,20,39,62,2,21,41,10,17,26,29,36,38,42,22,31,33,27,18,47,45,1,60,59,12,30,0,54,63,58,57,53,25,61,40,4,56,23,19,8,50,44,6,14,34,48,15,5,16,43,51,13,3,46,7,35,11,24
10,20,47,4,13,12,0,49,42,46,62,8,58,26,9,28,15,11,14,24,35,60,50,30,48,56,31,61,22,44,45,25,51,52,54,21,6,63,55,27,59,57,37,29,40,5,19,36,33,34,2,39,38,17,16,41,1,23,18,3,53,7,32,43
25,17,60,14,27,40,33,4,22,44,1,53,19,29,51,16,5,2,61,39,35,0,41,42,63,9,6,13,58,48,50,20,18,56,62,59,12,7,43,8,49,10,47,11,24,46,26,31,15,38,28,21,36,32,55,57,37,52,23,54,3,30,45,34
7,36,45,26,0,31,39,35,4,53,22,50,21,13,61,8,6,27,47,33,55,3,38,58,19,17,28,41,18,2,10,5,62,1,46,52,37,34,11,51,63,14,16,40,44,24,20,29,49,60,9,54,32,12,25,15,42,59,57,48,56,43,23,30
2,24,35,36,53,13,26,32,27,16,39,17,15,4,51,50,57,37,1,59,44,52,3,18,28,5,8,58,7,62,12,60,45,38,63,29,22,20,33,6,49,41,56,47,61,42,40,46,30,14,11,21,34,48,43,10,0,23,54,25,9,19,55,31
41,5,53,63,60,45,55,15,24,12,0,36,48,20,35,61,9,50,3,29,13,59,8,54,18,17,47,33,2,43,23,7,32,6,31,46,44,1,37,49,26,38,42,30,58,14,28,40,11,22,39,16,51,19,57,4,52,56,21,27,25,34,62,10
24,49,2,11,55,47,7,54,25,42,61,63,57,30,43,52,14,16,59,23,48,45,37,53,35,32,8,27,29,15,6,12,1,19,46,38,26,56,10,31,33,28,0,22,39,17,34,13,20,60,5,4,40,51,50,9,44,21,62,18,3,36,58,41
3,27,52,20,13,4,23,61,41,58,31,22,17,30,36,16,51,12,57,24,29,35,50,28,44,46,39,9,49,18,55,60,54,32,62,59,15,0,11,1,33,5,42,47,14,25,38,48,53,6,45,7,43,26,56,10,63,8,2,21,19,40,37,34
7,61,51,48,45,12,29,63,25,50,6,47,4,39,8,56,9,42,0,23,46,5,58,15,54,60,38,37,11,52,34,10,62,32,44,22,16,1,43,2,33,21,24,19,17,35,53,13,31,28,27,3,18,41,36,20,49,26,14,59,55,57,40,30
56,46,14,3,13,10,9,24,52,41,31,17,57,42,11,20,19,62,48,45,33,18,32,58,7,34,29,12,43,0,51,5,60,2,38,61,53,35,37,16,54,63,27,39,6,28,15,30,1,47,4,40,25,26,22,44,8,36,55,23,59,21,50,49
4,52,23,19,14,17,62,6,12,25,9,46,8,37,16,5,43,13,29,36,35,54,49,32,60,57,55,63,21,7,48,45,18,27,40,20,22,3,41,34,59,0,1,44,33,50,42,31,30,39,61,51,15,56,10,47,38,53,28,24,11,2,58,26
44,50,1,18,8,31,17,12,15,7,45,28,43,34,35,37,51,30,47,27,63,57,56,33,38,59,9,58,32,61,25,41,42,55,22,29,6,36,23,26,52,60,21,48,46,0,11,62,3,24,39,16,19,54,10,13,14,2,49,20,5,53,4,40
7,30,50,2,1,40,31,0,19,27,61,37,35,34,62,32,38,25,16,43,45,23,18,8,26,11,44,20,15,52,10,39,58,47,51,49,9,24,54,60,46,3,14,53,55,59,48,57,21,5,29,22,41,28,56,33,36,4,42,63,13,12,6,17
23,41,5,6,32,54,13,17,24,60,44,26,11,53,39,20,40,62,15,49,27,33,45,52,3,55,51,1,56,29,63,14,42,7,37,57,43,4,25,21,9,36,28,2,59,58,31,34,50,35,22,46,8,30,38,61,18,12,10,0,19,16,48,47
35,59,17,54,53,58,18,39,56,40,52,31,0,28,29,1,23,20,27,62,8,2,15,63,45,22,42,57,60,46,24,4,33,13,26,12,41,30,25,34,43,19,44,21,14,10,5,36,11,51,16,9,47,32,49,48,6,37,61,7,3,38,50,55
27,1,3,10,38,2,57,35,39,60,47,14,49,20,29,54,45,9,34,48,63,23,6,8,53,5,43,19,58,17,61,13,0,51,46,18,16,28,12,32,41,52,59,42,26,50,30,44,56,21,62,24,31,55,33,4,40,15,11,25,7,36,37,22
48,49,47,30,9,15,3,12,27,37,6,21,14,33,44,51,45,13,16,57,46,42,1,63,35,19,11,58,61,53,23,60,17,18,31,34,4,56,38,20,29,59,52,24,39,25,2,8,36,55,41,7,54,50,22,26,43,62,28,32,40,0,5,10
28,0,37,23,20,43,34,63,47,39,5,32,2,62,7,44,6,56,29,18,46,61,52,36,40,24,12,54,22,57,13,53,27,59,41,55,35,1,33,48,21,42,3,16,51,9,8,58,31,19,4,25,26,15,17,45,10,30,60,38,49,14,11,50
63,10,28,33,56,40,27,2,21,37,31,42,58,13,61,24,32,29,60,43,16,55,54,1,57,46,17,45,11,49,4,38,15,6,8,18,20,14,23,36,35,53,3,9,7,26,48,52,19,12,44,22,39,0,50,41,5,30,47,51,59,62,34,25
26,42,52,30,17,46,36,18,7,3,38,28,2,60,61,9,44,53,4,45,1,15,16,43,34,32,41,59,49,39,21,6,63,14,27,40,13,22,58,33,56,35,31,50,54,0,57,8,20,51,62,10,5,12,29,23,48,37,25,47,24,11,55,19
55,24,49,22,32,6,41,43,38,63,1,14,28,62,47,61,36,3,45,48,27,0,31,60,17,11,4,8,21,50,40,56,25,20,7,19,10,37,29,15,5,57,35,39,30,59,44,13,42,18,54,16,51,12,2,23,34,33,53,52,46,58,26,9
20,7,63,37,53,52,46,50,44,34,18,58,10,62,38,51,28,55,0,54,19,13,60,49,48,12,40,61,43,56,9,31,45,32,25,14,29,26,17,35,57,23,1,47,27,22,11,21,8,3,6,5,4,30,15,16,36,24,59,39,33,42,2,41
28,39,19,33,14,16,46,57,51,7,54,49,13,63,53,3,56,9,4,52,59,35,8,12,23,25,36,50,48,61,24,20,22,43,44,15,30,6,40,11,10,29,47,1,21,45,26,17,2,31,34,0,18,58,60,5,32,42,27,37,62,38,55,41
10,38,11,42,59,9,31,0,20,12,18,21,4,61,32,52,1,51,46,62,30,5,54,29,40,7,23,55,50,24,36,58,48,14,35,26,37,56,16,22,34,33,15,43,13,45,39,49,60,3,2,53,41,44,63,57,28,19,25,27,47,17,8,6
52,13,0,56,33,57,32,44,18,27,29,61,25,23,37,39,16,21,22,6,34,58,15,9,30,5,35,11,50,28,10,63,40,62,19,45,20,51,60,46,14,36,43,31,59,7,48,55,41,38,42,2,17,26,4,49,12,53,8,3,54,47,24,1
39,41,9,33,12,61,25,35,42,56,37,15,7,34,1,3,26,29,50,24,27,40,0,17,58,53,36,16,38,55,46,20,2,48,57,21,28,18,13,44,59,31,5,19,43,6,62,30,54,63,60,10,23,11,22,47,51,8,49,52,14,45,4,32
52,36,44,56,57,24,40,42,60,46,1,33,4,53,11,27,28,6,35,32,48,10,18,3,2,45,62,21,13,59,43,63,8,25,17,26,14,9,22,34,37,61,15,16,58,39,54,5,20,31,41,51,7,49,47,38,30,29,0,23,12,19,50,55
33,12,59,47,37,57,14,52,30,50,38,48,25,54,60,26,24,34,9,3,4,35,1,0,8,23,45,16,58,2,62,49,42,17,55,46,44,31,56,19,22,32,7,53,21,20,29,18,13,36,61,10,5,27,15,11,51,41,6,63,40,39,28,43
47,17,10,56,46,13,38,19,14,8,44,40,9,33,0,18,24,36,11,55,1,21,4,12,39,27,31,53,57,63,7,25,32,59,29,35,22,15,51,42,61,23,28,5,45,20,52,6,43,30,41,37,26,60,34,48,62,2,58,49,50,16,3,54
18,19,59,43,61,0,5,31,40,48,38,54,47,6,27,51,34,63,20,13,15,33,12,52,3,17,2,60,45,46,32,55,7,49,25,29,22,4,39,8,36,57,56,1,42,44,35,50,14,16,58,53,11,41,37,26,9,21,10,24,30,28,62,23
38,28,12,11,1,43,8,37,56,53,61,55,30,33,0,46,52,18,14,47,57,60,42,15,63,9,32,4,54,31,62,48,41,19,6,2,35,34,45,22,44,49,7,17,50,36,29,5,23,13,3,10,59,21,26,27,16,58,51,24,25,40,39,20
61,43,62,3,37,57,33,14,51,2,54,4,29,15,48,36,23,46,1,41,49,55,30,0,28,40,7,27,50,47,13,18,20,11,38,19,42,17,63,58,10,56,21,35,24,52,59,32,44,16,25,34,60,22,12,53,26,9,5,6,45,31,39,8
6,45,26,14,54,5,52,42,44,24,34,12,49,21,61,57,43,38,53,50,13,47,2,33,30,20,63,17,8,19,48,56,41,11,35,16,3,9,22,37,27,55,32,51,7,59,0,39,25,15,31,4,36,40,60,29,18,10,58,1,28,46,23,62
2,42,51,4,49,53,20,40,62,0,41,8,12,3,39,43,54,19,23,55,63,18,13,30,27,46,29,58,47,57,34,38,6,56,5,37,15,52,26,32,14,60,31,1,11,36,45,44,28,22,50,48,25,10,9,35,59,61,33,21,17,16,7,24
55,29,2,27,35,38,50,1,56,33,59,63,20,49,41,39,28,40,53,32,42,62,9,8,47,10,12,60,4,22,43,18,45,25,54,3,5,34,61,6,51,17,57,0,58,15,13,23,26,24,21,44,52,30,46,7,14,11,37,19,36,16,31,48
61,54,57,56,25,48,59,20,10,58,63,38,23,29,4,62,49,24,35,14,7,2,36,39,1,5,60,51,31,37,45,53,32,3,26,52,16,42,17,21,13,8,46,9,12,40,22,6,27,19,0,41,30,28,15,43,11,44,47,33,18,50,55,34
23,14,59,7,3,49,6,50,34,52,22,48,46,33,28,0,35,44,56,13,4,39,31,21,24,30,61,25,9,60,36,20,16,41,47,27,43,19,11,26,62,5,45,54,1,18,51,57,29,37,40,53,8,63,42,10,2,15,38,58,17,12,32,55
54,7,10,32,22,12,21,23,63,3,39,27,16,37,36,48,60,53,42,44,6,62,14,1,0,19,51,28,8,20,4,29,26,57,45,50,38,17,43,34,33,49,52,2,25,46,58,47,9,13,31,18,40,35,5,11,41,30,61,24,56,55,59,15
36,6,23,33,61,47,20,51,14,4,59,54,49,37,24,32,30,8,40,3,53,25,62,35,42,50,34,55,58,7,45,19,0,10,31,63,5,17,15,57,44,28,43,39,48,27,12,26,29,56,2,16,21,46,9,41,52,38,18,22,13,60,1,11
24,29,21,9,63,6,10,56,54,7,1,59,20,45,23,5,44,43,4,51,55,60,19,53,14,12,3,13,16,42,57,8,18,46,39,34,58,47,32,40,17,36,52,50,0,27,15,30,26,37,31,49,61,28,62,25,33,35,48,22,11,38,2,41
58,61,32,31,39,18,35,40,53,38,1,24,37,3,54,5,36,16,29,44,56,6,15,10,52,0,17,55,63,7,59,9,23,28,57,50,47,46,4,14,12,62,41,33,21,19,26,34,42,51,20,43,22,11,25,45,13,2,8,27,48,49,30,60
42,36,10,54,25,9,24,52,35,47,30,60,0,26,3,46,14,53,4,11,32,8,49,7,50,5,59,13,23,38,62,19,44,43,57,20,48,61,18,2,33,56,37,45,63,41,21,55,51,1,34,15,22,28,39,6,12,31,29,27,16,58,40,17
63,46,51,62,32,1,12,6,43,47,13,34,49,60,33,0,55,15,8,28,61,14,31,10,25,58,17,29,27,36,53,37,40,23,18,44,20,11,50,16,21,3,39,24,19,35,4,26,54,2,59,7,48,45,5,56,41,57,30,52,38,22,42,9
36,57,44,1,10,3,18,0,62,41,25,15,8,55,34,42,47,12,31,45,63,30,40,53,35,26,17,60,16,2,48,49,19,61,43,4,50,56,28,9,32,59,58,14,51,11,6,24,33,20,54,52,21,13,7,22,23,37,5,29,46,39,38,27
13,50,34,1,60,56,42,20,27,23,57,41,21,62,22,14,16,48,52,26,38,44,53,25,45,61,15,8,47,40,35,46,2,24,30,3,4,49,29,58,12,55,37,19,54,59,39,28,0,10,43,31,6,33,5,32,7,18,36,17,51,9,63,11
22,42,49,38,18,41,6,23,5,21,0,55,26,1,50,51,61,32,16,39,34,29,58,25,47,31,14,8,37,19,7,12,20,10,59,46,2,53,43,9,11,60,24,28,27,3,30,45,52,13,57,33,36,17,15,48,35,63,40,62,4,44,56,54
46,5,50,2,30,45,15,13,19,16,59,14,18,8,35,56,37,52,49,20,1,26,48,55,58,22,23,34,21,3,41,57,12,7,39,25,32,27,28,51,11,10,0,40,29,54,60,42,17,4,24,6,38,31,61,43,33,44,9,53,36,47,63,62
9,17,20,39,48,22,32,27,40,54,4,44,31,30,5,23,63,10,36,1,58,43,41,52,37,24,60,50,3,21,55,6,33,18,19,13,51,56,2,26,62,7,29,15,0,8,34,46,61,42,47,25,59,38,11,45,16,53,49,14,28,57,12,35
31,28,44,42,59,26,27,40,45,8,15,4,52,22,21,41,33,25,55,57,54,14,49,19,18,6,46,0,47,51,62,58,24,1,50,37,7,16,48,29,12,60,32,23,30,56,11,34,35,43,2,5,17,13,3,63,53,10,39,9,20,36,61,38
42,31,29,26,54,50,8,20,57,28,14,30,37,21,51,15,35,34,39,25,18,10,53,60,17,52,1,46,9,44,58,56,38,63,61,5,62,2,43,48,7,13,36,59,16,49,4,11,27,12,6,40,0,32,23,41,45,24,33,55,22,47,3,19
24,51,17,29,44,32,27,7,11,2,38,5,60,48,41,36,26,37,31,58,28,25,50,8,52,16,18,62,12,49,1,35,9,56,47,45,21,22,23,53,63,54,15,59,42,3,46,39,43,6,40,55,34,10,4,0,33,20,19,14,61,13,57,30
37,22,34,7,13,14,45,49,1,55,28,2,57,35,4,44,25,8,27,46,51,17,20,30,29,5,0,19,21,56,60,59,26,9,31,16,50,58,38,32,53,6,54,33,23,47,15,12,41,40,48,52,63,61,3,10,39,18,11,42,36,24,62,43
49,19,37,55,10,48,33,30,24,59,28,11,61,42,14,4,2,20,25,5,53,35,44,29,52,58,12,15,22,39,57,56,7,26,6,40,3,27,47,0,43,16,18,34,38,41,45,31,54,46,63,51,32,17,23,21,9,8,36,13,60,62,50,1
4,5,50,9,48,31,23,8,26,59,33,40,14,58,49,24,0,63,1,34,29,47,54,57,30,13,22,10,28,56,20,46,15,27,16,17,42,36,60,41,53,21,35,45,3,2,12,25,37,18,32,61,7,51,39,52,43,19,11,44,38,62,55,6
50,20,45,37,47,6,12,7,57,5,0,3,58,32,19,41,60,52,38,11,15,42,51,9,4,21,34,63,53,43,16,2,48,17,31,30,55,29,13,61,23,27,28,59,10,8,26,1,62,36,56,44,35,40,25,22,18,54,46,14,49,24,33,39
7,45,3,51,1,10,40,62,58,0,59,16,38,23,12,37,54,27,21,49,48,42,9,26,18,28,63,60,25,30,50,8,46,43,4,2,32,44,61,55,11,19,24,29,34,17,14,13,57,35,39,33,41,22,6,15,52,47,31,53,20,5,36,56
29,32,28,37,27,43,26,12,63,4,24,20,51,40,59,11,16,1,46,22,2,58,42,18,17,44,34,61,0,39,52,19,45,23,7,3,47,10,35,33,50,8,48,25,38,31,36,15,62,49,60,5,56,53,14,21,55,54,9,13,6,57,30,41
12,25,20,36,3,1,11,8,62,18,7,63,5,59,0,51,21,22,16,23,26,37,2,49,35,61,56,13,34,45,9,31,19,4,32,10,43,44,47,55,42,15,30,60,41,53,28,27,6,46,52,39,24,54,50,29,17,48,40,33,38,58,57,14
52,40,7,31,13,56,16,2,51,1,47,22,42,18,54,53,21,28,29,5,33,57,49,25,44,48,41,46,55,19,59,34,39,38,9,8,10,11,12,26,17,50,60,45,27,23,36,37,14,24,30,6,62,20,3,15,58,0,32,61,43,63,35,4
3,33,29,60,58,35,4,0,51,12,53,21,19,32,10,22,34,46,20,45,40,15,26,14,37,36,24,39,54,13,61,8,41,17,57,43,23,55,49,18,59,5,47,38,2,48,56,27,63,16,11,44,42,30,7,52,25,1,50,6,9,62,28,31
45,13,0,3,40,57,59,37,1,60,41,21,10,4,50,49,54,55,52,61,48,56,19,31,20,15,32,44,24,34,17,14,27,38,63,42,7,16,36,12,26,33,29,9,53,18,47,22,25,11,8,2,28,46,23,30,58,39,43,51,5,35,6,62
5,45,43,3,37,52,15,51,36,22,57,44,13,1,63,59,29,28,30,56,31,49,19,48,53,9,7,55,39,10,58,4,41,47,33,26,50,60,23,32,24,11,40,20,46,21,16,27,2,25,35,12,18,54,14,0,8,62,6,38,61,42,34,17
19,22,37,54,27,32,7,33,5,56,25,47,35,53,2,4,43,3,62,0,61,42,36,21,18,9,34,31,51,8,39,16,15,23,38,28,24,1,10,14,52,26,13,12,17,45,6,50,41,63,40,57,46,49,29,44,59,58,20,11,55,30,48,60
12,59,35,29,18,22,14,47,20,61,57,21,4,1,30,7,34,44,39,50,17,46,13,56,41,55,0,6,60,11,27,33,62,54,16,24,8,42,25,19,10,38,45,43,37,51,49,52,63,5,53,2,9,32,48,26,15,3,31,58,23,28,40,36
60,8,40,9,25,44,23,56,55,13,30,36,45,35,4,33,62,48,31,28,20,29,47,43,49,26,27,61,1,19,52,51,6,41,57,0,15,39,10,11,58,38,50,16,5,32,21,24,17,46,7,34,53,18,22,3,12,2,37,59,42,63,54,14
58,45,25,24,51,43,62,23,54,26,14,17,55,35,3,22,56,19,29,48,47,28,31,21,38,13,12,27,44,16,61,9,63,60,52,18,0,50,8,42,57,49,36,2,40,15,46,53,5,1,6,59,34,20,4,33,39,10,37,41,30,7,32,11
38,24,58,27,36,42,1,50,19,45,61,6,43,8,54,33,18,52,34,4,57,40,7,0,47,23,25,15,44,5,37,46,39,2,22,35,13,51,16,29,12,9,17,30,56,14,26,48,21,32,28,20,60,63,10,41,49,59,3,11,53,62,31,55
56,51,14,4,12,2,33,43,38,17,44,53,55,9,60,57,19,54,40,50,34,7,20,47,42,5,11,58,36,10,62,13,46,30,23,31,48,21,6,35,41,25,37,29,1,39,61,28,22,45,16,0,15,59,3,52,32,49,63,24,8,26,18,27
59,43,38,58,0,33,19,45,20,30,32,48,28,39,26,63,49,40,41,53,51,4,27,29,8,12,22,36,55,54,2,47,56,13,62,44,46,42,57,11,23,34,17,16,31,14,50,21,18,52,60,3,1,35,7,5,24,25,61,6,37,15,10,9
48,20,41,36,6,3,27,52,32,30,25,60,42,59,57,18,28,31,38,43,26,15,56,40,10,51,16,58,23,19,0,39,49,21,8,24,44,53,4,11,2,46,63,34,9,33,5,14,35,12,45,17,62,1,22,13,7,50,55,29,37,54,61,47
52,63,12,58,59,11,16,40,45,18,31,28,32,15,20,9,48,1,22,56,60,53,3,10,8,6,30,25,29,50,62,34,39,57,36,55,7,43,44,4,38,37,19,21,47,13,35,23,49,51,0,54,2,33,5,46,24,26,17,27,61,41,42,14
25,36,60,22,14,59,61,56,20,37,48,47,35,58,16,26,23,63,30,44,21,12,31,4,15,51,7,62,8,17,54,10,0,52,40,11,42,24,19,1,55,28,43,46,45,38,49,5,39,33,34,53,41,18,50,27,2,6,13,9,3,57,32,29
47,16,12,52,30,25,34,18,20,37,43,60,58,5,8,2,0,21,61,14,3,46,62,32,50,44,7,35,45,51,22,38,24,1,57,29,10,48,39,42,26,63,11,6,56,54,40,31,28,13,33,53,19,36,49,4,27,9,59,15,55,17,23,41
6,37,48,57,2,60,33,47,53,10,49,58,45,12,9,24,59,28,16,3,50,21,44,46,14,4,35,11,7,26,1,18,63,30,52,54,15,56,62,27,25,43,51,17,40,34,42,23,29,22,8,31,0,38,5,32,20,36,13,41,19,61,39,55
33,8,54,9,58,28,62,14,47,7,55,38,13,18,31,48,57,50,46,56,52,39,59,26,29,41,1,17,34,45,43,63,25,23,21,53,37,42,19,16,0,51,5,40,20,35,10,27,49,61,36,6,12,2,11,44,60,22,32,30,4,3,24,15
21,62,47,63,15,2,55,52,8,59,29,22,3,57,43,27,58,49,50,16,11,61,23,28,42,20,53,5,54,46,32,35,9,39,56,41,48,34,18,25,12,7,13,4,44,1,33,14,6,0,38,60,31,10,17,45,30,40,51,36,19,37,24,26
43,59,23,2,24,3,47,8,1,25,60,37,42,16,0,13,28,50,22,49,29,32,10,26,55,56,21,35,54,4,45,18,41,30,61,17,6,27,9,5,53,57,14,44,58,12,33,36,51,19,63,11,39,62,7,38,48,15,52,20,46,31,40,34
53,48,44,35,24,31,15,19,0,29,37,10,62,50,6,32,2,12,25,40,11,60,38,36,18,59,21,22,39,58,43,52,28,9,56,61,14,47,57,13,7,20,33,46,34,49,54,55,17,23,63,27,41,4,3,51,45,8,1,42,5,16,30,26
13,51,5,2,44,27,57,60,19,25,41,46,39,26,62,53,8,30,59,22,20,4,63,29,49,54,11,50,47,58,3,18,55,61,12,7,9,36,6,23,31,28,34,40,45,15,17,38,0,16,32,14,42,37,24,21,43,48,35,1,56,10,52,33
30,37,13,18,5,7,38,49,26,53,36,22,55,39,33,21,42,58,4,62,25,50,57,41,8,14,32,15,46,20,6,29,12,63,11,2,48,56,17,44,16,54,19,1,10,40,3,9,51,61,60,23,45,27,28,43,59,34,47,31,24,0,35,52
2,52,38,50,45,8,33,24,43,23,60,14,26,13,62,46,20,0,32,7,28,47,1,61,59,54,49,36,53,34,12,10,4,3,17,56,21,41,30,31,25,57,40,9,42,63,37,29,15,44,22,55,51,48,19,6,27,35,18,39,11,16,58,5
26,52,25,30,45,50,31,10,18,60,46,51,17,55,58,27,7,37,44,41,62,32,14,61,23,9,38,57,0,21,16,39,56,54,53,20,43,8,11,6,63,22,12,5,3,28,36,59,40,2,49,4,19,47,42,1,29,15,35,33,34,13,24,48
59,27,26,43,57,58,44,19,38,8,22,13,34,1,36,50,0,63,25,18,53,16,31,55,28,17,11,10,14,3,49,33,54,47,24,45,12,21,46,23,32,29,20,52,37,42,6,61,9,48,30,4,56,39,51,35,41,15,2,40,62,7,60,5
34,8,59,10,63,29,50,28,49,47,30,44,24,20,7,35,4,58,12,54,3,0,39,43,31,6,48,42,51,1,17,41,9,19,38,23,62,2,52,45,57,21,32,40,46,36,61,33,26,5,56,22,53,55,13,18,60,37,14,27,25,11,16,15
16,26,36,46,15,18,19,48,58,17,0,4,33,51,29,28,7,63,23,3,54,40,20,43,57,38,10,35,52,31,45,9,39,37,53,5,24,32,62,55,1,60,30,11,27,42,13,56,61,8,44,59,25,6,34,47,22,12,21,49,50,41,2,14
33,22,49,62,40,50,30,29,60,63,21,37,36,61,14,23,0,31,8,16,28,52,13,3,24,1,9,34,19,55,41,5,15,25,45,39,42,32,26,6,7,2,51,43,44,38,11,53,18,35,46,10,12,54,58,27,59,56,47,57,4,17,48,20
20,12,29,62,53,15,19,13,51,18,48,10,25,23,27,21,32,44,6,43,58,11,9,7,41,55,56,45,4,30,42,50,47,49,14,3,33,38,46,61,37,40,26,63,8,34,24,36,1,5,52,28,17,35,2,16,39,31,22,0,59,57,60,54
29,14,22,33,0,47,32,25,1,6,59,7,37,26,46,58,51,8,5,30,24,20,11,34,44,53,10,43,18,61,49,27,45,60,40,57,35,15,56,12,13,54,48,39,23,50,16,31,2,28,3,19,63,4,52,41,38,9,55,21,62,42,17,36
39,53,1,26,16,46,17,62,47,33,49,24,23,15,31,6,44,32,42,59,54,11,27,21,36,30,22,2,13,50,52,43,40,45,56,41,58,57,8,61,20,4,12,60,51,9,7,63,14,29,28,35,19,3,5,37,18,0,10,55,34,38,48,25
20,40,59,2,43,44,52,63,46,26,53,12,41,7,18,50,48,6,28,34,22,47,45,4,38,15,31,8,13,61,51,14,19,17,49,9,23,32,56,60,54,1,58,36,5,57,35,11,42,55,30,27,16,24,25,3,10,0,37,39,21,62,33,29
3,1,55,59,38,58,0,13,18,16,8,12,40,32,24,4,7,49,48,9,35,11,46,54,17,10,22,44,56,2,5,28,14,19,29,53,15,25,52,39,23,45,50,20,31,60,57,21,47,63,43,36,34,33,61,30,6,51,62,37,27,42,41,26
27,63,5,54,36,50,52,35,22,51,15,24,60,40,62,11,20,8,61,39,29,49,46,59,26,45,9,18,6,14,55,32,43,48,58,25,57,1,53,7,42,0,34,23,13,31,17,4,37,56,28,19,10,12,3,47,2,33,21,30,44,38,41,16
18,61,7,36,14,19,17,33,20,8,5,60,0,45,44,56,10,29,62,28,23,15,49,34,43,37,11,39,27,13,2,52,24,46,1,41,31,54,58,6,35,53,12,42,30,22,50,57,25,55,26,16,47,21,38,4,63,59,32,51,48,9,40,3
33,0,58,53,63,4,15,49,50,41,55,38,6,52,8,21,36,28,22,24,39,45,56,9,46,12,29,16,3,47,48,43,17,25,14,10,18,62,35,51,1,60,57,54,13,42,34,19,30,37,5,44,7,27,26,40,2,61,31,20,23,59,11,32
55,41,47,52,12,5,44,34,49,19,30,20,46,32,59,36,0,61,40,35,63,37,28,42,6,62,54,2,17,48,11,56,21,13,1,60,18,38,23,7,50,51,33,39,53,3,14,15,29,16,24,26,31,57,9,43,25,27,4,45,58,8,10,22
30,54,41,48,49,17,24,42,22,55,51,25,58,31,20,1,10,60,8,53,43,36,33,59,62,15,38,47,0,16,34,44,50,57,11,37,39,27,5,13,46,61,52,32,6,63,26,23,45,7,29,4,21,19,3,35,2,14,56,18,12,28,40,9
19,52,61,62,45,44,31,20,29,34,30,8,0,15,46,38,13,63,56,35,2,1,59,17,10,43,47,12,41,33,60,57,54,27,6,42,18,23,16,40,53,48,58,25,3,26,37,24,4,28,32,50,9,55,11,5,22,36,39,51,49,21,14,7
38,30,8,60,53,29,48,1,13,43,47,39,5,63,56,9,22,61,54,23,17,2,55,46,59,52,20,36,28,50,41,37,7,24,21,45,49,40,25,35,14,4,0,15,42,33,31,19,51,12,34,58,18,3,32,10,26,27,62,57,6,16,11,44
41,49,61,36,14,59,4,28,0,24,7,23,48,32,40,1,45,21,10,2,25,11,39,31,6,34,51,53,3,54,20,60,13,16,42,58,33,19,26,8,50,27,17,47,63,15,29,9,18,37,5,43,38,22,12,62,55,52,35,44,57,46,56,30
12,29,15,32,38,44,53,11,56,62,30,54,6,45,0,20,28,26,58,21,1,57,40,36,48,4,37,55,49,61,17,59,18,42,51,5,34,19,16,24,25,13,41,35,31,46,33,27,43,8,2,50,7,9,60,3,52,22,63,47,39,23,14,10
1,2,8,49,35,63,31,27,25,46,57,28,48,16,34,41,4,21,18,53,62,15,38,13,40,52,54,10,26,9,29,22,51,44,60,61,47,39,42,7,43,19,14,24,33,50,55,23,6,56,32,37,20,17,11,45,3,12,59,30,58,0,36,5
35,48,51,57,32,62,23,60,59,6,20,54,24,31,5,39,37,13,45,17,38,53,15,46,21,40,11,50,16,34,56,55,42,19,25,9,41,1,61,2,8,47,29,12,27,63,28,43,14,58,26,30,7,0,4,3,22,44,52,33,10,36,49,18
58,28,1,3,25,5,22,45,60,46,26,12,55,37,50,53,39,18,13,44,61,52,62,57,21,40,0,20,33,17,41,43,54,23,7,4,6,15,9,24,31,59,36,2,48,38,10,14,47,49,29,11,27,8,16,30,63,19,51,35,34,32,56,42
55,58,52,36,9,31,12,42,63,4,22,8,48,35,7,40,59,1,18,19,26,13,51,57,34,61,60,6,53,2,46,33,25,38,43,39,10,20,23,50,49,15,62,17,5,41,54,21,0,30,24,3,11,45,37,16,29,47,44,27,56,28,14,32
26,37,55,59,22,34,51,38,17,43,14,5,32,25,28,4,44,56,40,46,16,20,18,9,30,13,29,11,45,0,31,52,41,36,62,19,12,21,54,57,48,24,60,27,8,58,2,35,33,47,39,7,23,50,42,15,63,10,53,6,61,49,3,1
23,45,12,52,9,58,60,55,33,28,31,36,61,19,34,49,42,20,50,54,63,41,30,24,6,48,27,8,56,25,10,47,5,32,38,46,44,17,4,3,16,15,0,13,18,14,26,2,37,43,39,53,57,21,29,35,40,7,62,11,59,1,51,22
40,34,7,42,61,31,24,12,30,54,25,5,35,13,11,38,23,8,39,4,26,43,32,28,52,49,10,0,22,21,47,41,57,33,18,20,62,36,59,29,16,45,50,55,6,17,19,9,46,51,1,63,48,2,53,15,58,27,14,3,60,37,44,56
15,30,13,58,63,9,1,55,42,48,17,0,32,29,10,12,50,49,34,39,45,11,37,38,46,20,33,61,26,7,56,4,19,35,60,57,24,18,23,25,6,51,31,52,3,36,27,43,47,22,44,28,8,5,53,2,54,41,21,62,16,14,59,40
7,51,6,45,37,19,24,22,50,43,12,2,8,32,52,42,54,55,0,35,26,40,1,39,21,23,48,20,59,25,62,15,61,63,33,47,31,58,46,17,14,28,9,16,13,10,57,36,44,27,11,5,18,30,29,38,3,34,49,56,53,4,41,60
10,56,57,58,21,9,18,26,48,5,37,24,31,50,55,8,38,14,34,52,19,60,45,40,16,33,2,59,13,36,62,49,46,20,11,15,28,35,7,47,6,3,39,32,22,63,1,54,27,41,30,61,43,25,12,0,17,4,44,53,29,51,42,23
61,32,48,46,44,24,53,11,6,15,35,12,20,21,9,43,4,0,31,37,42,25,22,10,40,51,57,13,62,19,14,5,45,47,41,28,59,63,54,38,7,34,27,50,17,36,3,23,55,58,2,16,33,8,26,18,52,1,39,49,56,29,30,60
23,7,9,61,58,3,36,33,29,56,28,53,59,60,26,4,27,5,44,12,30,32,51,43,18,40,50,37,19,52,2,49,55,21,6,14,10,16,57,25,54,11,63,47,42,46,24,20,31,17,48,1,35,34,45,38,39,22,13,8,0,15,41,62
54,15,57,12,33,26,1,52,8,37,42,46,43,6,50,23,18,19,0,48,29,4,49,28,20,44,10,24,27,60,58,59,35,61,62,41,38,25,45,11,53,17,21,22,47,36,55,16,7,31,14,3,51,56,13,2,40,9,32,39,5,30,34,63
14,50,46,0,59,40,44,5,6,7,10,19,16,12,25,37,53,32,55,2,56,57,15,45,20,61,30,63,48,38,1,9,11,8,41,29,34,36,47,39,42,23,13,62,60,22,35,3,17,21,43,51,28,31,27,58,4,49,33,18,54,52,24,26
46,56,2,12,63,47,54,26,40,19,49,22,39,27,20,24,37,31,36,45,25,41,8,23,18,4,17,57,1,52,51,7,33,3,32,58,48,53,13,9,43,50,38,30,29,16,34,59,11,21,6,28,61,10,62,5,42,60,35,55,14,15,0,44
63,33,55,44,41,53,46,23,56,28,48,34,22,50,43,9,0,38,12,2,20,17,14,24,15,30,8,5,62,18,7,19,27,59,51,16,11,13,49,40,25,54,42,29,6,35,39,61,3,31,21,58,36,37,45,32,60,1,26,4,47,57,52,10
58,34,63,37,56,59,7,40,3,4,1,18,45,21,43,47,22,57,42,31,35,2,36,23,30,20,61,16,5,49,19,33,55,15,29,38,17,62,46,44,12,48,14,41,27,24,50,39,32,0,60,52,51,25,11,9,54,13,28,6,53,8,26,10
50,32,12,22,29,31,61,45,0,28,63,17,8,57,26,35,4,27,5,51,15,14,21,24,3,46,53,19,30,38,49,39,44,37,10,52,42,55,48,34,40,9,23,58,47,62,16,7,11,36,41,6,54,59,33,43,13,18,25,1,56,2,20,60
13,32,39,9,53,4,44,19,15,45,1,12,6,46,5,28,38,60,59,23,17,27,62,41,25,36,33,2,16,51,30,54,26,40,47,61,11,63,43,14,56,42,52,58,29,50,3,18,21,34,35,7,20,55,57,8,10,24,0,22,31,37,49,48
13,55,41,51,2,58,29,17,59,48,7,24,4,22,11,28,33,44,35,61,1,27,52,50,42,63,25,34,12,30,5,46,53,36,3,47,10,56,6,39,8,20,14,43,40,49,62,54,60,32,26,19,18,23,31,21,9,15,16,0,38,45,37,57
7,42,14,26,57,48,23,51,63,53,21,31,22,56,40,3,41,34,18,33,1,49,10,62,24,35,43,32,59,39,16,44,8,58,61,28,0,12,46,55,36,29,6,27,9,47,13,4,52,20,50,54,15,25,2,19,17,5,38,60,11,45,30,37
27,56,12,30,54,16,21,29,37,33,38,6,11,17,61,63,41,1,18,53,13,20,59,31,55,2,57,42,3,5,48,62,60,32,24,10,44,58,52,50,9,47,28,8,34,26,40,46,35,0,25,22,36,51,14,19,7,45,23,49,15,43,39,4
1,35,54,37,27,10,42,34,57,38,44,63,7,55,2,11,52,45,26,8,56,16,5,13,9,53,15,62,6,24,23,48,25,0,50,20,39,61,43,49,51,18,40,14,59,46,31,4,19,30,29,22,36,60,47,17,58,41,33,32,28,21,3,12
5,25,48,16,14,7,50,37,19,18,12,8,29,33,11,58,57,27,36,59,53,43,35,24,45,52,41,15,63,60,49,1,34,9,4,10,6,22,54,51,21,31,42,0,40,46,26,39,56,61,13,32,28,23,20,3,44,2,55,17,38,30,47,62
25,40,27,38,47,28,45,42,39,49,12,16,26,5,11,46,33,52,54,60,4,6,41,30,22,34,56,21,61,1,29,35,24,3,20,23,7,44,9,50,57,2,13,17,31,14,19,0,37,55,59,36,32,51,10,62,58,15,18,53,8,63,43,48
49,62,57,36,41,7,26,39,40,4,46,59,23,50,11,28,30,56,58,17,32,29,15,35,53,12,10,42,60,14,47,54,33,19,21,5,48,16,38,45,31,22,37,18,0,13,27,55,3,61,25,20,44,43,34,1,24,2,8,6,9,51,63,52
36,28,34,27,52,24,41,45,54,47,12,29,63,61,53,4,59,57,5,20,49,44,46,37,6,43,40,35,17,32,39,42,30,23,10,58,33,19,50,13,55,22,14,31,51,56,26,9,11,25,1,62,16,38,8,18,0,48,60,3,2,15,7,21
3,8,36,21,39,49,18,63,60,34,0,42,57,46,35,38,48,29,9,1,20,15,24,45,54,33,51,28,61,13,27,52,62,55,32,58,31,19,37,41,53,4,10,22,43,47,56,7,50,17,16,25,26,23,11,6,5,59,2,14,44,30,12,40
63,39,58,49,7,54,43,35,29,25,60,8,53,1,4,41,42,5,40,14,3,6,33,0,61,16,30,37,44,50,32,52,59,36,20,31,11,56,21,48,9,51,17,34,19,28,38,13,26,27,45,12,24,15,55,23,57,2,62,22,10,47,18,46
36,51,62,34,20,63,26,42,28,30,10,5,43,40,46,6,39,2,15,9,56,7,32,49,4,12,58,14,22,59,54,45,24,37,13,35,55,11,33,61,18,44,38,16,21,19,50,48,60,8,1,53,0,47,41,3,17,25,29,23,57,52,31,27
45,50,38,42,58,11,63,31,44,30,12,33,3,49,21,39,46,2,47,23,18,14,8,34,41,24,53,36,27,52,13,20,29,43,62,16,9,5,17,26,48,25,59,57,22,28,35,61,32,10,4,60,37,7,54,19,15,55,6,0,1,51,40,56
32,19,12,16,52,44,0,61,3,56,60,30,21,49,17,43,59,42,48,22,33,63,27,1,47,31,37,4,58,11,18,6,5,23,14,54,38,50,46,7,45,55,35,24,25,13,51,34,28,10,53,9,8,40,20,26,39,2,57,41,15,36,29,62
0,40,42,24,39,45,62,35,15,54,27,14,55,48,25,52,18,23,33,29,19,9,36,11,51,21,5,46,58,50,56,43,7,13,53,30,20,28,44,10,1,59,4,57,61,63,2,6,60,3,49,8,37,31,47,12,32,16,17,41,26,34,22,38
21,58,45,39,26,27,51,59,14,49,34,9,62,46,19,13,17,47,40,3,57,6,12,15,52,55,18,20,32,28,5,11,23,44,48,53,50,56,43,31,42,38,4,24,41,7,63,25,60,36,29,22,35,30,37,1,61,10,33,8,54,0,16,2
10,5,51,39,43,30,38,54,37,1,9,0,34,57,63,33,24,55,44,15,16,6,40,62,32,14,11,20,58,28,26,46,56,7,17,41,47,31,21,25,53,19,42,60,13,50,59,35,2,3,27,45,18,49,12,22,52,48,23,61,8,36,4,29
15,28,41,5,18,59,62,54,17,19,26,0,42,44,4,63,23,47,24,51,25,3,50,6,36,10,48,38,61,35,43,29,14,39,58,22,56,13,16,12,2,9,34,33,55,31,40,1,52,20,11,30,46,57,53,49,60,7,27,37,21,32,45,8
58,36,46,45,61,4,14,48,56,55,10,24,62,30,41,33,12,43,26,63,54,28,11,42,32,21,27,13,19,40,3,18,37,51,44,59,9,22,60,35,50,53,23,17,38,52,25,39,29,47,31,2,6,0,7,15,16,57,20,8,1,49,34,5
10,38,51,18,12,15,29,30,17,42,16,4,0,3,2,24,37,52,43,53,47,28,11,45,49,59,36,26,50,48,34,1,19,63,60,40,41,32,27,46,31,13,44,62,56,6,54,35,14,5,8,39,57,21,58,23,61,22,7,25,20,55,33,9
36,56,59,55,61,15,44,25,24,12,0,19,60,31,50,17,29,21,57,1,22,34,37,8,47,63,13,4,32,30,11,52,23,46,20,10,42,51,6,40,62,38,2,27,48,7,54,3,43,58,14,28,41,9,35,33,5,18,16,26,53,49,39,45
6,15,29,47,55,31,7,43,0,18,19,36,62,20,49,11,32,39,58,50,57,48,40,21,45,8,63,2,9,53,3,30,35,10,25,4,12,27,60,44,54,14,5,33,37,34,1,56,24,17,61,42,46,16,38,28,51,22,52,23,13,26,41,59
2,34,47,45,10,52,31,44,55,27,25,38,5,51,11,32,9,50,49,18,48,29,53,39,28,46,59,12,43,1,30,23,7,57,14,22,58,42,24,8,35,16,37,21,26,36,63,4,20,62,0,3,13,56,17,41,61,6,40,15,19,33,54,60
47,36,18,26,31,42,50,49,6,33,48,45,12,24,35,21,38,29,10,40,57,60,19,61,27,58,11,62,46,41,25,28,34,39,20,2,3,43,23,15,17,52,51,63,14,16,59,53,55,9,4,13,22,0,56,1,32,44,5,7,8,30,54,37
55,39,28,53,17,58,22,48,32,43,23,9,46,16,34,29,40,12,52,7,2,6,8,37,25,5,38,47,42,41,35,60,57,62,26,11,33,31,49,45,54,51,50,59,30,19,24,0,27,63,14,20,36,4,56,61,15,10,44,3,1,18,21,13
32,61,7,24,4,19,31,37,16,28,13,5,12,25,39,26,47,29,56,54,14,2,52,53,27,40,0,35,59,20,9,36,48,62,41,15,6,38,1,50,63,18,17,57,49,58,45,22,34,51,55,33,23,46,30,42,11,60,21,8,10,44,43,3
29,16,36,19,55,26,59,24,25,60,57,41,9,3,58,53,21,10,22,12,13,48,30,5,8,37,23,63,45,4,32,52,50,17,51,56,49,42,34,28,15,35,6,2,0,11,27,61,20,40,43,47,33,18,1,39,62,14,54,44,38,46,31,7
35,41,37,27,17,29,10,43,58,11,36,0,5,53,20,49,42,32,56,63,16,6,8,26,44,55,61,3,51,57,2,46,9,50,4,62,31,48,39,25,59,1,54,52,34,23,19,24,13,60,40,33,14,47,45,21,18,22,38,12,30,28,15,7
44,4,40,56,48,31,28,62,22,47,15,24,46,61,33,39,52,58,54,35,12,6,1,2,16,43,3,49,60,23,11,27,20,37,30,38,13,50,17,29,55,41,7,45,0,14,63,32,59,34,9,53,19,8,57,42,18,10,26,5,36,51,25,21
18,21,29,55,42,44,28,23,49,48,56,50,5,43,24,58,46,11,54,13,36,41,25,20,52,30,9,61,47,38,6,4,35,2,32,26,63,15,14,53,27,7,12,37,8,17,1,60,51,3,22,59,57,16,40,39,45,31,10,34,33,19,62,0
31,21,12,54,3,36,24,57,41,22,25,48,8,44,14,50,33,2,13,18,45,16,60,30,6,58,56,34,40,61,23,5,10,49,53,9,29,55,28,52,46,20,51,47,43,62,4,63,38,39,19,35,15,11,32,27,42,17,7,1,0,26,37,59
36,12,19,33,18,9,44,60,40,34,58,5,27,41,43,0,1,10,6,20,28,4,22,30,29,57,8,47,23,13,35,7,45,16,61,54,53,50,56,42,46,55,11,51,32,25,38,2,31,3,17,63,15,49,14,26,48,62,37,21,52,24,59,39
47,28,29,7,41,40,35,46,63,49,14,6,13,38,58,53,32,50,3,62,60,8,59,36,9,1,56,34,57,33,52,45,51,19,22,37,0,42,24,21,43,55,18,27,23,10,20,12,54,17,44,30,15,61,5,11,25,4,31,48,2,26,16,39
47,36,55,52,45,17,46,34,53,28,15,22,14,26,3,41,37,4,31,39,33,60,12,2,58,0,29,9,7,30,35,20,16,57,8,1,40,61,54,23,5,38,42,50,6,51,13,24,19,56,44,32,63,11,48,49,10,21,18,59,27,62,43,25
41,47,37,21,57,44,18,52,15,28,26,31,5,6,55,32,54,61,17,62,7,39,4,34,38,0,30,13,29,59,20,49,53,48,22,36,16,10,9,63,58,2,1,51,27,35,25,56,60,23,24,46,40,43,12,50,45,3,11,33,19,8,42,14
52,29,56,35,8,6,25,41,23,30,60,45,34,27,63,58,2,51,38,1,18,40,62,15,54,37,21,53,5,22,26,4,55,31,36,12,7,16,39,57,20,13,49,43,32,28,47,59,9,11,14,46,42,33,44,19,61,10,3,24,50,48,0,17
42,56,29,35,57,12,46,41,9,30,37,39,47,10,22,11,0,20,38,24,51,50,34,61,15,53,58,54,60,48,43,13,40,31,19,1,52,17,4,55,23,49,36,16,3,28,21,14,25,26,62,8,32,27,7,18,2,33,6,63,44,5,45,59
52,43,10,58,40,25,62,50,48,13,44,1,15,26,22,24,53,46,34,51,9,0,14,63,7,56,17,11,57,6,49,8,16,30,21,55,33,35,5,47,20,27,32,37,31,39,29,59,18,45,28,41,2,42,61,54,4,60,19,36,3,23,12,38
44,20,46,49,50,30,6,24,17,26,15,55,38,37,3,29,53,62,56,48,19,25,45,11,10,0,63,35,47,59,5,36,23,54,32,60,51,61,31,40,43,22,21,12,57,9,2,34,42,1,41,52,14,27,7,13,4,58,39,28,33,16,18,8
23,46,47,37,59,44,36,49,28,61,48,35,11,16,53,22,51,32,38,15,2,0,20,26,60,63,50,45,4,10,8,21,58,6,18,29,62,19,56,14,33,30,3,13,9,12,31,7,54,17,25,57,40,24,1,34,41,43,27,55,39,5,52,42
51,28,50,40,26,43,60,57,35,5,24,12,1,59,0,45,3,8,32,9,13,36,10,52,54,23,42,37,31,11,22,44,61,49,48,20,55,34,15,6,39,14,38,19,30,41,2,56,47,46,53,27,33,25,4,17,63,18,21,29,7,62,16,58
10,21,30,16,50,6,51,13,55,2,17,20,57,8,54,18,22,47,4,35,34,52,45,24,40,37,27,41,49,15,5,44,25,7,3,63,12,56,23,1,14,33,19,39,43,53,59,31,32,38,46,9,11,62,60,42,0,28,58,48,36,29,61,26
24,15,59,10,3,4,29,48,20,50,14,26,12,0,1,16,5,54,45,19,30,56,63,52,8,7,39,31,42,18,2,27,37,23,55,33,36,32,34,35,11,25,53,43,9,28,51,58,17,22,21,44,6,46,38,13,57,47,40,41,61,60,62,49
28,42,13,14,17,58,36,33,60,40,61,29,12,26,34,37,9,20,46,18,31,50,27,32,8,0,55,38,53,35,49,5,52,51,41,7,3,45,47,11,56,21,25,16,2,10,39,1,19,59,4,30,23,24,54,22,44,63,15,57,43,62,6,48
38,57,19,47,18,53,5,45,41,6,34,36,16,32,2,58,33,28,15,26,54,21,60,24,11,56,46,14,0,52,39,44,61,29,31,13,27,1,10,25,22,43,20,55,37,62,30,59,17,9,49,35,8,4,51,50,63,23,12,7,48,42,40,3
14,16,7,54,2,21,59,51,40,35,10,17,6,38,3,19,30,33,29,60,63,20,36,8,43,37,5,26,39,23,24,41,15,42,9,49,47,28,4,32,0,31,11,25,27,56,46,18,45,44,48,57,55,13,1,58,62,12,50,52,61,34,22,53
60,31,35,47,38,14,42,61,57,22,11,12,10,32,58,55,20,52,18,53,6,59,3,23,49,26,48,30,5,4,39,43,24,34,8,63,17,25,45,1,2,37,15,21,44,54,7,27,29,9,13,33,16,36,19,40,0,56,50,41,46,62,51,28
30,33,37,45,20,11,42,48,15,62,4,5,18,10,53,24,29,54,57,19,14,16,52,31,1,46,39,26,13,32,22,51,41,36,9,40,59,58,34,63,61,38,17,6,60,43,21,50,47,2,25,55,3,27,35,7,56,8,12,28,49,23,44,0
21,52,48,30,8,20,51,41,2,42,61,36,3,11,55,12,25,6,35,44,10,31,4,46,49,26,29,40,47,27,58,50,57,15,19,0,56,38,63,1,59,62,9,39,13,53,17,24,34,23,60,5,28,14,45,33,32,37,22,43,54,7,18,16
43,19,8,49,11,59,5,25,45,13,1,7,2,28,10,4,29,40,30,0,41,58,61,60,37,14,24,38,18,36,17,46,20,3,12,44,55,52,56,33,6,16,31,57,9,42,15,34,47,32,35,53,26,21,50,39,27,54,48,51,22,23,62,63
56,24,53,38,40,42,12,25,39,10,36,59,45,61,17,26,9,16,4,22,63,51,1,37,7,0,11,35,32,20,2,57,55,54,21,23,27,5,62,18,58,19,49,33,29,47,28,3,43,31,34,14,6,48,46,41,15,50,30,13,44,60,52,8
20,57,15,48,4,42,54,44,12,37,39,33,1,51,11,41,28,55,61,49,36,29,60,27,35,43,14,30,45,22,53,34,18,50,31,52,58,38,13,21,0,19,9,46,7,24,56,40,62,10,25,26,59,23,2,3,47,8,63,16,32,17,6,5
13,49,39,0,63,45,59,9,15,10,33,60,24,29,3,18,54,8,50,53,35,42,14,34,38,41,51,30,58,28,25,23,52,2,31,27,48,1,7,20,6,4,26,22,44,17,61,46,43,19,32,56,37,55,11,21,62,57,5,47,16,36,12,40
29,45,22,3,28,54,38,15,13,19,23,36,53,11,0,4,2,40,50,30,59,6,20,9,44,37,10,41,5,24,39,1,56,58,27,33,25,52,57,32,49,51,46,17,55,60,47,43,18,26,12,35,34,62,63,7,14,48,21,61,16,8,42,31
34,18,45,58,31,13,22,7,63,51,62,10,57,14,30,17,50,47,41,37,52,27,1,3,4,42,60,36,6,11,5,55,38,26,46,48,20,61,33,28,21,43,40,8,2,56,49,16,39,35,59,19,12,9,25,54,0,53,44,32,29,23,24,15
41,53,37,19,10,3,45,46,27,25,43,52,40,26,58,44,6,57,33,63,18,50,14,32,51,34,22,4,9,23,5,7,49,61,35,17,0,48,56,29,30,28,47,8,1,39,62,21,24,16,38,36,55,15,2,42,31,54,20,11,13,12,60,59
18,41,47,17,55,61,10,28,9,21,16,39,63,51,14,13,0,8,38,44,32,24,12,3,40,26,36,31,23,1,19,49,42,5,58,53,50,20,56,37,54,15,4,25,57,30,6,43,11,29,34,27,48,59,7,62,35,52,22,46,33,45,2,60
8,53,7,38,60,13,23,29,4,14,62,46,27,33,12,51,31,0,36,28,43,11,2,56,63,47,18,25,20,3,61,49,55,10,32,54,9,50,35,52,40,44,21,15,26,24,16,41,48,19,37,45,5,39,30,59,6,22,42,57,58,1,34,17
59,8,47,3,16,60,10,57,39,36,5,9,41,1,25,19,2,62,58,52,22,55,13,21,40,45,15,14,63,44,33,4,28,42,23,54,31,48,46,26,0,29,35,20,43,7,38,37,18,30,51,61,49,11,24,17,6,32,34,27,12,53,56,50
14,45,36,40,30,46,22,5,49,55,28,60,59,34,24,7,26,63,51,2,39,10,8,56,58,53,33,41,23,52,37,35,62,43,61,17,47,0,38,44,54,3,18,1,32,42,31,21,57,27,15,48,13,9,16,11,20,4,50,25,6,12,19,29
38,55,49,20,44,60,26,46,5,62,37,13,4,32,8,9,54,56,28,48,43,6,25,14,10,16,40,41,24,3,52,31,59,50,12,11,63,61,0,33,21,22,27,45,36,29,35,51,7,58,15,18,57,1,53,39,23,30,2,34,19,42,17,47
2,40,7,11,29,61,49,4,27,32,41,34,10,59,42,36,6,5,12,30,50,13,23,37,9,39,58,51,38,57,16,20,17,24,31,54,14,0,19,26,56,8,63,35,47,33,43,45,18,15,21,25,1,28,60,46,22,53,52,44,62,48,3,55
27,45,56,9,28,13,59,48,5,1,17,15,29,12,37,26,3,41,60,46,18,31,4,61,52,42,40,62,44,57,55,38,24,10,51,30,20,21,16,50,23,39,33,19,54,7,6,35,53,58,14,0,63,8,36,47,22,34,49,2,25,32,11,43
47,36,0,23,31,27,39,43,58,62,59,6,42,60,5,10,33,38,8,29,56,57,3,25,48,30,37,18,2,19,44,34,50,45,1,61,22,26,21,40,49,32,4,41,16,63,55,28,7,35,52,20,12,14,24,46,15,17,51,13,9,53,11,54
5,23,1,45,31,13,11,27,26,34,32,18,49,40,61,54,33,51,8,14,21,52,3,62,57,56,12,10,58,38,43,25,60,16,4,9,7,53,39,47,35,42,0,30,29,44,55,59,41,46,17,22,2,28,19,36,37,20,6,24,50,15,63,48
31,50,33,60,25,58,57,23,62,45,44,11,55,38,61,18,46,14,63,32,12,28,19,27,8,26,7,47,39,15,10,53,41,4,48,49,37,35,36,42,24,9,40,13,22,34,59,3,5,0,2,56,52,16,21,51,20,43,54,1,30,6,17,29
54,57,63,25,16,22,2,12,49,17,58,50,13,31,0,48,15,37,7,18,60,34,19,8,10,45,53,4,3,6,55,11,9,24,56,27,36,26,28,61,39,35,23,46,59,42,38,21,52,40,1,29,14,32,51,5,47,33,43,20,62,30,41,44
10,14,25,60,41,19,3,16,63,7,36,42,58,53,18,8,54,22,28,4,59,21,61,50,27,56,48,2,30,44,33,46,11,38,40,51,52,62,32,45,57,31,29,39,35,13,55,34,23,37,5,49,0,9,26,24,12,20,17,15,43,1,6,47
7,5,12,2,60,56,8,26,55,14,36,38,58,10,32,63,30,53,45,11,21,48,20,54,61,4,62,33,25,51,43,44,57,0,1,6,47,52,50,28,37,46,49,59,34,16,19,3,40,22,27,17,13,15,41,35,23,39,42,29,31,9,18,24
22,63,17,47,15,12,54,4,9,42,10,25,5,16,45,8,62,13,1,36,48,52,44,41,18,49,26,20,61,59,23,33,7,19,35,27,46,24,40,37,3,57,0,50,56,14,39,55,43,2,11,28,51,38,53,31,32,34,30,29,6,60,21,58
62,54,33,37,3,49,41,42,22,45,29,26,51,48,55,52,36,28,17,35,10,27,32,8,15,46,1,39,34,40,24,21,56,47,50,13,30,4,61,63,53,16,43,11,38,20,58,31,12,25,57,7,44,18,5,0,2,9,6,23,60,19,59,14
22,19,56,45,61,6,4,18,59,27,58,1,8,54,33,2,49,51,38,15,23,55,53,44,60,34,47,25,16,52,12,29,40,20,46,32,57,37,3,7,28,43,26,31,50,48,42,10,17,0,11,35,5,21,63,41,36,24,13,30,39,14,62,9
56,9,49,41,62,35,32,31,54,60,25,48,2,14,19,0,36,12,15,33,13,47,43,11,63,5,16,24,28,4,34,45,57,20,23,55,39,18,17,38,7,58,53,21,61,6,46,51,44,52,42,26,59,40,30,37,22,29,1,27,10,50,3,8
22,34,19,3,47,2,62,4,24,6,37,8,53,12,21,15,60,32,54,13,38,41,49,9,50,46,0,10,44,48,43,27,5,7,55,58,16,59,30,20,29,28,63,18,33,17,26,45,56,11,23,25,51,57,35,31,52,36,61,40,14,39,42,1
50,26,8,37,0,1,13,59,21,31,14,40,6,46,27,4,16,24,48,43,29,57,58,19,42,12,9,47,23,56,63,39,38,52,22,18,20,32,49,60,53,11,10,35,5,51,33,15,61,2,3,36,34,28,62,45,25,54,44,30,17,41,55,7
11,62,48,47,63,43,37,60,51,13,23,21,54,28,14,38,20,42,53,15,9,29,55,36,10,44,25,45,26,7,1,16,2,3,58,50,22,40,17,41,39,32,35,31,0,61,49,59,5,57,56,52,12,19,8,6,18,33,27,34,4,24,46,30
25,12,23,45,53,18,54,28,26,0,52,14,42,55,46,58,1,16,20,8,7,38,32,27,43,40,19,61,63,9,56,57,31,3,59,36,10,17,11,29,33,37,50,39,13,6,41,24,22,44,49,5,62,30,34,21,60,47,51,48,4,15,2,35
28,13,62,24,40,35,27,23,49,18,45,63,16,31,3,37,42,55,14,36,38,8,57,26,20,9,25,61,5,60,46,48,39,15,51,33,52,10,56,43,44,12,6,1,41,54,47,2,29,7,34,4,59,50,22,0,19,17,21,30,58,32,53,11
47,17,0,37,52,18,56,14,59,7,22,13,51,34,55,54,40,12,58,31,44,50,25,63,24,41,35,11,42,5,61,30,6,43,16,23,19,62,4,45,27,1,33,38,21,48,3,9,60,49,29,28,15,57,2,26,20,32,36,8,39,46,53,10
27,18,52,21,34,35,45,0,44,61,46,41,24,31,17,42,47,6,33,25,40,30,38,32,55,20,12,10,8,54,5,29,11,7,60,1,16,39,50,23,49,62,4,15,36,22,9,58,28,51,3,57,63,56,13,53,26,19,43,59,2,14,48,37
16,29,56,27,57,28,34,2,30,18,60,9,5,4,54,33,38,35,48,61,46,19,41,51,44,63,17,25,10,45,21,42,24,36,58,55,52,53,7,1,12,11,13,15,32,50,22,40,47,26,0,39,23,20,59,31,62,14,8,43,37,6,3,49
53,7,50,60,61,57,21,55,1,51,15,52,35,2,43,47,29,34,3,63,12,5,58,10,9,6,41,19,11,62,32,23,30,54,39,31,42,17,4,40,22,18,20,56,25,0,38,33,16,46,27,24,28,59,13,44,37,8,36,14,45,49,26,48
58,14,47,18,32,48,6,23,41,62,51,52,60,50,0,3,15,46,57,20,4,61,27,34,56,49,7,26,11,54,2,25,21,9,44,1,30,31,8,19,55,40,36,63,53,33,43,17,37,59,5,35,42,22,16,29,24,45,38,28,10,12,13,39
53,15,45,26,6,33,23,35,52,36,9,13,42,27,41,17,19,55,51,44,18,49,20,34,56,22,11,31,10,48,8,54,21,16,43,4,47,59,46,58,62,32,60,37,63,39,7,57,12,5,38,1,30,2,25,40,61,24,28,50,3,14,29,0
8,4,42,9,26,51,15,49,25,35,46,58,44,29,55,59,16,6,13,14,28,45,24,32,50,12,54,27,19,31,21,18,36,11,38,52,40,62,20,37,2,17,30,47,57,7,53,33,5,41,10,56,48,0,3,34,22,1,63,23,39,60,61,43
63,51,23,39,12,59,47,4,28,16,17,15,11,7,55,19,27,34,46,42,24,9,49,14,33,50,60,29,48,43,26,31,1,25,45,35,40,6,61,52,54,53,57,58,32,30,13,2,21,5,56,62,38,41,22,18,10,37,0,44,20,36,8,3
61,62,52,1,51,22,17,27,11,45,25,63,10,5,23,44,14,50,24,59,32,31,15,3,55,53,42,43,38,0,4,13,6,57,56,47,30,46,21,20,19,35,58,37,18,26,2,40,36,49,60,28,54,7,33,9,29,48,34,8,16,41,12,39
21,44,55,56,8,36,45,24,26,19,25,39,14,61,50,32,59,11,48,9,62,3,20,60,12,37,4,42,35,58,0,5,57,13,2,38,15,41,43,54,23,63,27,28,49,16,18,34,31,46,30,22,29,53,40,52,17,33,6,1,51,10,47,7
52,40,42,61,20,16,58,44,7,9,30,12,43,55,29,21,14,11,25,34,54,13,28,19,49,41,5,15,27,10,31,6,35,56,53,33,45,50,36,23,63,8,3,37,2,24,48,26,32,17,39,59,0,38,18,1,22,47,60,51,4,57,62,46
6,18,48,27,62,49,52,59,35,61,19,53,42,60,13,17,37,51,0,12,46,44,3,10,24,54,30,47,22,21,43,56,23,20,38,25,33,57,15,16,58,28,55,5,32,1,9,39,40,50,26,7,36,14,29,41,4,8,34,11,63,45,2,31
51,15,16,24,27,2,37,62,60,12,21,47,20,32,35,7,55,34,10,45,17,14,11,23,29,6,50,54,61,57,1,49,44,56,8,31,38,39,0,59,53,46,58,26,18,36,9,33,42,3,52,43,63,5,13,48,25,4,22,19,28,41,30,40
45,38,37,15,19,63,51,55,34,36,35,10,2,43,5,52,4,3,47,23,12,40,28,57,20,50,11,42,29,16,59,17,1,26,61,56,33,21,49,9,30,53,27,8,46,18,60,6,13,22,48,24,32,58,54,25,41,14,39,31,62,7,0,44
19,1,2,54,63,53,47,41,7,42,52,14,50,58,26,57,43,37,6,34,11,59,56,40,49,31,46,29,5,30,23,21,39,0,12,20,15,61,44,55,8,10,45,13,62,35,33,38,17,25,27,3,16,32,24,48,18,9,60,51,22,4,36,28
5,19,41,33,27,1,39,21,35,13,54,57,58,22,4,59,23,37,43,28,63,8,48,42,2,14,45,20,10,56,32,15,25,31,60,0,34,47,49,16,50,17,36,6,38,55,51,53,26,11,7,9,30,29,24,44,40,18,62,3,12,46,61,52
33,44,18,3,50,11,43,40,62,4,58,29,38,49,52,59,2,51,9,5,19,6,57,25,27,32,36,37,35,48,23,61,26,22,45,46,41,42,54,56,14,12,10,47,55,63,7,24,31,28,60,8,53,20,1,15,39,17,13,0,30,16,34,21
29,52,53,39,61,54,47,16,13,35,19,41,23,27,59,21,33,56,3,34,31,63,60,10,26,44,32,58,4,57,38,15,24,51,1,8,14,22,0,2,20,50,48,30,36,12,6,37,5,43,11,62,40,28,42,17,7,9,45,49,55,25,18,46
8,20,32,58,52,18,22,3,38,25,27,47,54,50,2,49,59,10,5,13,35,17,29,62,36,53,39,57,14,45,34,40,46,56,9,7,0,42,12,33,61,51,48,24,31,21,19,63,41,60,4,43,37,44,6,15,26,30,28,55,16,11,23,1
38,21,23,37,10,57,61,52,34,41,17,24,42,22,7,16,54,30,18,58,35,0,4,63,26,40,45,2,49,6,27,55,51,12,59,36,46,32,29,43,20,44,25,15,60,28,56,47,3,13,8,62,14,11,33,19,50,31,48,1,9,53,5,39
6,30,57,32,24,33,35,13,38,46,23,10,48,62,5,17,27,22,12,56,28,14,43,37,0,60,47,4,50,42,29,45,19,3,26,51,1,53,18,15,41,36,11,58,2,16,52,25,40,63,59,9,7,44,8,31,49,39,55,61,34,54,20,21
11,50,26,60,30,4,37,35,3,40,22,39,1,49,12,15,13,2,59,10,53,9,47,44,21,18,45,55,27,32,19,54,17,20,23,34,58,28,52,8,38,6,29,16,31,51,5,57,63,56,24,62,61,43,48,41,0,7,36,46,42,25,33,14
43,4,28,14,61,51,58,20,15,27,10,54,50,16,25,13,23,62,34,60,42,49,19,36,44,47,63,48,7,6,0,46,1,57,31,33,8,52,45,40,32,12,56,38,55,35,59,26,5,41,53,21,11,24,30,37,18,22,39,2,9,29,17,3
50,23,16,52,46,0,43,56,10,32,14,55,62,6,9,18,63,22,15,40,41,24,2,42,1,35,39,38,11,47,34,8,48,59,26,31,37,57,49,19,58,20,4,44,3,12,54,27,53,29,17,33,13,28,60,5,45,36,21,25,61,51,7,30
50,9,43,45,42,62,44,60,49,6,38,11,13,32,8,34,31,37,0,59,47,23,16,12,24,26,3,56,46,15,39,54,2,14,19,55,4,30,35,51,40,48,21,1,33,52,10,28,53,29,63,25,7,61,57,27,58,18,5,20,36,22,17,41
44,25,63,46,47,55,22,35,15,2,10,45,29,51,41,0,52,21,28,37,17,19,6,62,31,50,3,1,38,23,16,20,24,4,42,53,49,61,39,26,32,56,60,18,36,13,5,9,54,14,7,57,40,34,11,59,33,58,12,27,48,43,30,8
40,31,18,30,43,22,14,5,57,11,24,61,37,32,53,54,19,45,60,36,48,17,59,41,9,0,21,27,25,51,16,49,23,56,33,12,42,38,39,3,6,28,44,29,47,55,58,50,34,52,20,1,26,63,7,62,8,35,46,13,15,10,4,2
33,51,40,13,26,38,15,29,27,32,60,37,4,19,9,5,0,34,63,7,36,35,14,61,53,49,54,57,11,20,17,43,1,50,59,25,46,42,44,18,6,22,58,55,23,12,45,41,16,39,28,56,47,30,21,10,3,8,2,48,24,62,31,52
61,30,22,5,32,52,19,29,51,43,3,14,50,41,15,0,57,11,6,7,35,45,31,23,54,44,26,34,55,48,33,46,49,28,39,27,36,47,38,24,42,40,18,60,9,56,1,58,16,37,2,17,62,10,53,59,8,25,20,4,21,13,12,63
49,51,39,42,6,16,29,7,56,15,62,60,52,53,50,25,19,58,43,34,3,44,11,61,9,54,45,41,47,55,10,57,20,40,48,30,24,12,2,8,36,18,0,46,38,28,37,27,59,33,63,35,32,31,5,13,14,23,22,26,17,4,21,1
31,46,44,55,12,34,53,29,35,47,54,49,14,4,61,36,21,39,26,42,33,50,7,51,59,8,5,6,43,56,32,60,28,62,9,40,30,52,16,0,57,3,27,37,2,17,15,1,25,45,63,38,20,41,22,13,48,18,10,11,23,24,19,58
55,3,34,5,63,17,16,15,8,9,47,12,28,24,51,39,33,49,60,2,31,58,61,22,30,48,32,4,1,7,52,25,35,11,23,21,29,6,20,27,26,40,45,36,53,37,50,0,41,18,19,13,43,57,38,62,44,10,14,54,59,56,46,42
9,55,6,26,29,34,50,51,14,30,25,0,57,27,35,23,63,19,62,56,32,15,54,58,28,10,53,3,49,47,61,33,22,37,2,5,18,24,17,60,4,59,8,41,21,16,12,38,52,44,20,11,39,40,13,36,45,48,7,46,42,1,31,43
38,25,59,10,48,34,1,49,54,14,55,24,4,8,58,21,53,5,18,6,60,40,50,15,33,28,3,7,20,52,31,35,44,39,61,9,62,2,23,63,12,16,19,51,41,29,47,45,43,22,17,11,56,36,37,27,57,32,30,26,13,42,46,0
15,55,7,36,30,10,1,63,23,27,8,39,51,37,50,40,17,52,22,60,38,20,6,42,53,2,9,56,35,32,43,58,16,5,4,49,45,14,34,33,21,57,24,25,13,41,11,28,31,54,47,3,59,44,62,12,29,48,46,26,0,61,18,19
35,39,61,24,1,8,19,2,62,47,50,60,44,0,11,12,51,36,42,22,59,26,33,16,10,15,23,48,18,17,31,54,56,5,55,63,3,27,46,7,43,4,20,40,9,41,14,58,25,29,28,57,53,6,38,49,13,52,37,32,34,21,30,45
62,49,10,47,4,61,55,63,50,16,41,32,22,30,54,45,58,14,56,59,17,27,57,28,37,44,11,3,15,8,46,5,39,23,35,13,53,12,40,36,9,20,21,33,43,31,25,7,18,48,29,42,0,6,26,38,19,34,52,60,51,2,1,24
21,33,5,3,14,6,54,37,19,52,49,23,46,44,8,42,29,50,58,17,13,39,62,34,47,1,56,16,24,0,61,35,41,7,32,28,9,20,27,51,48,26,45,11,36,31,38,15,4,22,18,10,53,59,57,2,60,30,25,40,63,43,55,12
