50,25,62,43,61,8,58,34,11,53,5,40,59,55,44,3,35,19,33,13,12,7,63,27,14,48,47,23,46,0,45,9,22,21,37,38,1,32,54,28,20,36,4,30,56,60,29,16,31,17,39,2,18,57,15,26,52,51,41,10,6,49,24,42
15,54,34,58,19,22,36,39,28,12,0,33,40,1,55,23,2,4,47,7,45,62,52,20,29,37,24,5,11,16,51,49,6,43,35,3,56,14,13,53,44,32,57,41,46,27,21,9,30,18,26,17,10,25,38,31,60,50,59,48,61,63,8,42
53,33,27,54,1,59,31,45,22,46,9,44,58,43,13,57,23,37,12,16,21,18,38,0,49,36,61,32,4,56,11,60,47,2,26,6,62,55,51,50,30,25,41,24,5,63,39,17,48,3,20,42,10,34,29,8,15,19,35,28,14,7,52,40
3,60,38,8,18,55,29,11,41,28,61,53,56,17,46,19,63,34,2,24,50,45,25,20,37,36,58,48,15,0,35,39,5,42,57,10,9,51,62,33,40,1,30,23,59,6,47,44,49,54,14,27,12,31,43,32,21,16,7,26,4,13,22,52
33,30,4,3,32,57,16,52,28,17,35,6,42,56,54,46,12,11,18,34,15,55,61,43,26,38,24,2,8,49,21,60,13,22,10,25,59,50,51,40,0,48,47,1,27,53,7,41,5,63,19,62,14,31,45,20,39,58,36,9,23,29,44,37
52,13,46,16,20,7,21,23,45,49,56,30,57,60,28,59,48,9,4,47,33,10,31,55,6,17,42,39,24,29,50,36,14,26,25,43,62,41,3,35,34,58,18,22,8,38,1,27,37,61,63,0,44,15,40,5,54,53,51,11,19,2,12,32
5,20,21,16,53,11,38,22,17,34,60,1,3,6,46,36,57,52,28,37,8,40,19,27,12,9,43,63,31,49,61,50,56,24,44,41,39,58,2,47,10,25,48,13,14,26,4,29,45,7,42,32,62,55,15,33,35,59,51,30,23,54,18,0
62,60,25,26,33,48,34,38,13,59,58,24,40,27,22,23,36,19,63,52,12,1,35,29,20,28,2,39,32,50,30,9,45,46,56,61,31,41,16,0,15,42,3,10,49,21,53,47,18,43,5,6,14,54,55,51,7,8,57,11,17,44,37,4
12,8,34,50,58,15,14,52,5,21,49,23,44,39,6,36,48,51,55,62,11,20,29,1,26,57,16,4,41,40,43,63,60,38,45,28,61,13,7,18,35,2,31,3,46,30,0,24,42,32,27,37,9,19,25,22,10,59,56,33,17,53,47,54
38,6,2,52,61,24,44,5,1,20,36,9,54,37,27,53,40,33,13,57,50,0,55,30,11,23,12,31,58,59,45,21,51,42,26,19,43,35,62,39,28,16,8,48,32,47,46,60,4,18,14,15,17,29,25,41,7,22,10,56,34,63,3,49
36,60,33,53,29,24,57,11,16,40,3,37,19,13,34,25,9,18,39,20,46,8,32,28,63,17,41,30,31,12,26,61,59,23,49,54,2,14,55,0,48,10,43,15,22,7,52,42,44,47,4,56,1,27,62,58,6,35,5,51,45,50,21,38
27,6,45,11,46,3,28,18,35,44,58,7,55,31,22,54,19,25,43,50,37,8,39,60,0,40,30,52,21,47,2,26,16,20,12,42,48,32,53,49,61,63,33,24,17,41,1,57,9,5,51,15,56,29,4,13,14,62,10,23,34,59,38,36
49,53,35,18,16,63,9,59,3,10,12,50,8,15,24,61,1,22,48,29,23,42,13,52,11,4,26,6,45,30,20,25,37,5,43,31,39,41,28,56,54,36,33,47,14,0,7,60,57,21,2,44,40,32,27,38,17,58,62,34,51,19,55,46
30,24,61,23,29,35,58,42,60,20,49,17,37,32,0,54,52,21,13,3,43,9,11,41,18,6,38,39,2,34,10,16,1,56,5,14,36,7,33,28,15,26,50,48,46,40,47,51,22,31,12,63,45,55,57,62,59,25,27,8,19,44,4,53
24,1,59,63,61,49,20,48,46,41,25,17,27,38,11,12,52,39,3,36,42,56,16,43,2,50,37,57,7,30,44,6,40,23,28,13,31,33,19,53,0,15,54,29,18,10,55,60,35,47,62,8,58,5,4,22,32,14,45,9,21,26,51,34
49,50,35,62,7,47,46,63,39,22,52,0,29,30,9,2,36,51,59,45,42,8,13,1,26,10,6,37,34,33,16,21,57,17,19,61,15,54,40,25,23,14,11,58,60,53,5,18,4,55,38,12,31,32,28,27,56,44,20,3,24,48,43,41
46,57,17,14,25,18,54,55,35,2,41,38,59,45,34,62,24,40,13,63,36,30,27,22,28,61,44,11,23,3,6,49,50,60,39,51,9,33,52,31,29,4,58,47,8,43,7,0,53,10,19,42,12,20,37,48,5,26,32,1,15,16,21,56
22,28,40,21,55,58,41,4,35,63,33,52,0,44,54,30,2,47,31,32,8,43,34,56,11,48,53,18,12,26,45,23,9,36,3,51,62,19,38,49,25,17,15,16,50,10,42,37,57,13,27,24,5,6,14,59,46,29,1,20,7,61,60,39
36,11,2,17,14,45,41,22,55,34,19,43,35,62,4,21,3,8,28,27,26,13,23,10,48,29,53,51,58,60,25,46,33,59,16,12,1,32,56,63,40,50,24,5,37,42,44,52,15,6,61,18,54,38,30,39,20,31,9,49,57,7,47,0
4,52,35,56,32,10,49,5,36,11,53,16,21,37,18,7,14,42,33,51,57,1,59,50,19,38,9,62,41,22,40,15,61,60,58,12,48,44,26,20,28,55,46,29,3,6,63,13,17,27,25,54,2,23,31,34,8,47,30,45,39,0,43,24
9,31,40,27,61,45,24,39,0,63,20,57,37,59,34,3,21,60,52,53,49,10,5,12,48,11,4,7,28,36,58,43,13,56,44,1,14,2,54,8,35,25,15,62,33,38,46,22,6,29,42,50,16,47,23,19,32,18,26,17,55,51,41,30
45,23,51,48,16,22,55,42,4,9,38,63,49,34,44,3,25,24,7,36,41,33,26,5,39,43,58,0,40,20,62,15,13,18,56,6,30,1,50,31,28,11,32,10,29,60,57,47,8,61,14,17,37,59,54,2,35,27,21,53,12,46,19,52
22,11,4,28,48,63,16,62,42,21,9,55,43,6,44,7,58,25,29,50,15,35,32,47,36,52,26,31,14,60,8,19,33,2,34,30,23,59,53,57,37,18,41,0,10,56,45,12,46,38,27,49,24,13,61,40,5,17,3,54,20,1,39,51
8,4,36,49,41,60,21,26,42,23,40,38,14,1,63,43,5,33,35,28,29,53,37,6,30,51,24,12,10,61,2,7,17,47,57,0,46,13,59,45,39,18,32,3,44,27,25,16,62,11,22,50,52,58,20,55,31,54,19,9,15,56,34,48
11,16,5,1,12,26,29,18,9,14,55,4,23,15,24,57,39,46,51,59,40,22,19,48,49,28,10,62,2,0,7,53,54,56,45,32,27,41,52,34,63,60,20,58,43,44,42,37,30,50,61,8,38,35,36,33,13,3,25,21,17,47,6,31
51,18,20,55,13,31,0,2,46,26,43,61,56,23,30,40,12,49,57,5,3,39,50,7,28,33,24,1,52,32,53,58,17,10,47,9,27,36,25,21,54,14,41,29,19,62,4,45,63,6,22,34,37,35,8,59,15,11,48,38,60,44,42,16
55,42,43,38,47,53,18,1,44,23,27,48,32,33,3,9,8,46,25,6,35,52,2,51,60,11,26,62,22,58,30,17,39,14,34,20,0,54,16,56,19,45,40,49,13,63,12,36,59,50,61,24,15,5,29,7,37,31,4,41,21,10,57,28
50,49,38,13,39,4,23,56,33,25,32,61,22,41,14,17,24,7,37,34,44,45,52,53,60,15,57,31,1,55,43,27,46,20,16,26,48,47,42,40,8,54,21,51,30,19,62,29,36,6,63,0,3,12,11,2,35,28,9,10,59,58,5,18
61,4,30,36,54,41,2,11,6,7,49,18,5,0,9,45,1,32,42,3,50,51,25,38,35,24,59,63,40,27,39,16,21,48,17,22,52,44,31,57,29,55,20,19,26,47,12,10,37,14,62,13,60,34,33,28,58,53,46,43,23,15,8,56
1,36,24,48,42,45,57,5,41,16,22,29,51,7,26,35,3,37,62,50,59,20,52,58,44,0,27,13,53,43,8,63,46,39,4,30,14,33,21,2,10,23,11,56,12,9,6,47,49,61,31,19,28,25,34,55,38,60,15,54,18,32,17,40
31,8,63,38,57,33,11,16,27,42,40,28,50,14,21,15,47,48,51,19,34,7,37,10,32,58,61,6,52,46,13,12,44,54,18,2,59,56,29,55,23,26,30,53,1,39,36,20,4,24,17,49,0,41,43,22,45,25,62,35,3,60,9,5
21,7,29,44,0,32,9,35,59,26,43,16,54,17,51,5,62,60,18,47,14,27,1,28,39,40,56,46,22,55,30,50,11,61,12,37,4,49,6,45,23,25,31,3,13,15,36,58,34,19,2,24,42,38,8,41,57,53,48,10,20,52,33,63
21,22,10,53,3,46,51,48,40,14,32,47,29,38,39,11,30,54,62,17,55,18,23,13,60,1,63,36,8,42,20,2,24,34,37,50,56,5,61,4,59,35,26,25,57,19,43,49,0,41,28,58,7,52,9,12,44,45,33,16,15,31,27,6
28,48,30,3,37,44,52,59,63,4,6,5,13,47,8,32,31,42,53,17,39,45,51,16,11,34,29,21,20,36,22,9,18,27,61,54,25,38,7,19,0,24,23,12,35,56,14,33,41,58,15,49,50,60,1,2,40,57,10,26,62,43,46,55
25,51,63,32,4,48,21,18,45,6,49,52,61,15,1,13,35,38,57,47,42,22,59,30,9,34,16,19,17,41,12,46,10,20,58,56,14,7,36,60,5,26,43,8,37,27,53,11,40,28,0,39,3,31,54,2,24,23,50,62,44,29,55,33
30,1,40,26,10,5,19,16,41,12,22,14,37,7,63,47,53,59,34,42,43,28,33,0,36,20,46,9,44,50,52,15,55,21,24,51,48,35,39,62,27,23,29,2,61,11,54,25,18,31,45,8,60,6,57,4,56,13,32,58,3,49,17,38
54,49,18,13,15,53,50,38,56,48,25,28,52,26,4,33,29,41,20,7,19,16,1,57,11,46,12,45,61,43,34,62,6,24,44,30,35,40,63,0,32,60,58,37,2,59,17,27,3,39,31,9,23,47,14,21,22,36,10,8,55,51,5,42
63,30,49,45,39,26,33,44,36,31,40,17,20,56,52,7,35,22,48,29,19,27,53,38,18,6,60,43,21,32,16,28,11,5,59,34,62,55,4,54,42,3,25,9,41,2,58,50,14,37,1,10,15,46,57,13,47,12,24,0,8,51,23,61
24,56,18,20,30,43,40,39,23,58,46,1,59,22,35,33,28,37,15,0,4,50,13,44,10,62,14,36,12,11,5,45,48,25,26,52,21,57,51,31,2,34,42,53,61,17,60,38,27,19,29,16,7,32,41,8,47,63,6,3,55,54,49,9
47,62,50,10,39,30,29,59,11,53,45,42,44,9,35,20,43,23,54,24,14,51,25,6,48,36,12,37,31,38,17,8,52,5,7,22,63,21,56,60,18,49,13,27,4,19,40,3,26,28,2,33,16,41,58,1,57,0,46,34,55,32,61,15
62,55,59,36,12,38,26,1,54,53,4,11,28,58,8,33,0,14,16,42,15,9,35,61,51,13,47,41,19,20,29,2,27,49,63,23,50,43,39,30,6,10,31,48,60,52,18,22,21,17,34,37,32,57,5,7,56,25,45,44,3,46,40,24
2,60,42,3,32,54,1,47,6,48,40,35,29,7,43,41,31,62,49,33,55,17,23,51,26,53,9,10,11,59,34,36,37,45,18,39,27,52,44,38,61,16,56,8,19,22,63,13,28,58,50,14,30,12,5,21,57,46,4,20,24,25,15,0
20,57,34,7,47,1,58,55,51,5,15,16,13,24,10,56,21,53,40,35,11,42,2,62,46,26,49,39,63,54,29,52,22,12,32,44,3,25,33,27,6,48,4,14,0,28,61,59,8,60,41,45,36,19,38,31,50,9,18,43,17,23,30,37
59,40,53,60,34,44,15,19,26,3,8,46,5,43,48,30,28,51,18,62,47,20,32,45,21,31,27,14,41,29,35,61,55,49,54,17,25,0,23,58,24,36,39,57,22,9,52,56,4,6,50,38,63,16,37,1,42,7,11,2,33,10,13,12
30,23,4,40,37,56,32,39,63,33,3,44,11,43,48,7,16,2,5,50,8,17,58,41,34,47,10,13,42,15,9,45,1,61,57,26,51,24,55,49,38,53,0,22,36,25,29,28,35,12,62,46,18,31,59,52,20,14,6,27,60,19,54,21
26,55,21,52,15,49,10,2,0,39,7,63,22,53,9,42,50,46,19,54,11,62,58,17,41,24,35,32,23,13,44,25,43,47,8,36,61,29,38,20,3,56,28,16,18,27,60,51,6,1,57,37,4,40,48,12,14,5,45,34,33,31,30,59
55,54,46,15,11,9,6,26,47,24,0,10,53,30,61,28,12,50,39,51,5,18,29,56,19,49,43,62,45,1,4,57,14,35,37,40,38,63,60,17,8,34,13,2,27,25,33,52,16,7,23,20,58,32,31,22,3,48,59,41,21,44,42,36
25,1,63,12,18,50,40,37,32,62,34,48,11,38,22,20,43,45,0,5,19,3,8,26,61,42,23,2,54,15,47,58,39,60,51,7,6,49,13,59,16,44,53,24,57,28,21,31,10,14,55,4,30,56,29,35,36,9,41,46,52,27,17,33
21,40,39,37,8,53,46,60,34,16,45,1,19,61,38,49,0,17,9,33,5,57,42,32,2,25,48,56,29,50,23,44,4,3,7,28,12,62,30,59,52,55,13,63,26,24,18,41,58,27,35,54,20,47,22,10,31,11,14,51,15,43,36,6
4,24,17,35,39,21,48,61,20,34,26,63,42,28,52,16,10,40,44,15,27,8,51,9,32,58,53,43,50,12,18,0,33,59,25,13,19,30,38,46,31,62,11,7,57,49,5,45,55,6,29,41,1,36,23,3,22,60,14,56,47,2,54,37
9,23,62,37,2,30,41,35,6,60,1,7,51,40,50,15,54,45,28,11,12,59,20,58,31,10,38,55,63,16,56,18,61,53,26,25,48,27,57,21,22,13,39,34,19,3,44,46,52,24,47,49,5,42,0,17,43,32,36,29,33,4,8,14
0,19,29,22,33,35,36,3,9,25,50,7,61,4,28,40,37,14,45,18,21,27,39,26,6,62,20,46,51,55,48,44,42,49,15,59,47,17,10,8,12,63,43,32,58,2,16,38,41,13,30,52,57,11,31,34,56,5,60,53,24,1,54,23
3,62,61,16,41,63,5,8,48,55,45,4,47,30,25,50,0,56,24,40,20,28,54,36,51,10,60,37,15,39,2,26,57,53,9,22,12,42,21,18,1,31,27,6,33,46,23,52,29,43,35,13,49,32,19,11,34,38,58,14,7,59,17,44
9,13,20,37,6,18,49,51,59,22,60,4,63,39,35,53,17,45,29,19,57,48,42,32,58,34,5,10,61,50,21,3,24,28,41,26,16,55,1,33,62,38,36,47,30,7,12,23,15,14,0,40,44,25,31,8,52,27,2,46,56,11,43,54
32,63,49,22,10,52,57,27,45,2,30,60,5,35,25,8,54,44,12,21,56,0,24,50,43,42,11,41,9,40,48,33,4,62,28,14,19,53,37,29,31,15,59,7,18,55,47,20,58,3,23,13,1,16,17,38,46,51,36,61,34,26,6,39
17,29,32,59,6,52,33,43,35,61,20,39,27,4,12,55,49,60,15,28,0,1,38,9,11,30,42,51,7,46,41,31,18,47,22,57,25,21,63,48,62,44,56,54,50,19,53,10,26,37,8,2,34,40,24,58,45,36,14,13,3,23,16,5
57,35,6,53,43,27,49,20,48,13,60,28,15,50,11,22,18,38,47,32,61,31,25,54,56,37,36,62,1,33,39,40,3,21,59,55,19,2,9,29,52,17,46,41,5,42,58,26,44,8,12,4,0,7,30,16,23,63,51,45,14,24,10,34
29,30,16,31,17,7,37,62,57,60,51,25,42,43,9,46,32,11,41,13,2,28,23,0,4,54,39,12,27,63,33,6,18,15,38,53,36,40,49,8,26,61,50,59,10,35,34,19,45,3,24,5,58,14,21,1,20,55,44,52,48,47,22,56
4,50,18,44,57,0,59,61,42,2,33,24,38,7,19,17,12,16,8,5,25,9,52,49,63,48,30,47,29,6,39,54,32,62,36,1,41,55,51,45,26,43,22,28,35,20,34,46,40,60,13,15,27,31,14,56,10,3,37,58,23,53,11,21
29,6,62,5,32,33,9,30,2,14,61,13,57,49,44,58,19,37,4,43,24,22,42,54,48,3,47,52,16,18,10,26,21,0,38,36,45,8,20,60,55,41,23,15,63,46,40,1,56,39,17,28,12,35,7,25,11,51,50,34,31,53,27,59
39,10,61,1,12,20,32,8,62,56,0,63,19,44,46,41,55,51,28,40,48,27,42,59,60,26,16,17,54,45,49,37,50,31,3,36,34,30,5,9,33,24,22,52,15,2,11,14,35,23,47,7,58,57,6,53,18,25,43,29,21,38,4,13
40,23,30,21,3,15,29,25,57,32,44,48,5,10,52,43,33,47,13,62,24,0,51,38,49,28,17,55,6,2,11,54,14,45,53,46,39,12,20,61,59,16,1,34,27,37,18,63,4,7,9,26,22,56,35,60,8,31,36,41,19,42,58,50
37,57,33,5,61,25,43,31,1,47,63,42,13,14,10,9,16,39,41,30,34,36,58,2,60,23,15,49,51,40,53,32,29,24,54,27,22,12,44,55,62,0,17,52,45,20,56,38,19,59,8,7,4,6,50,21,18,35,46,48,28,3,11,26
11,55,18,10,58,52,27,8,1,42,13,44,51,12,37,24,45,21,29,63,60,54,20,41,28,49,47,43,38,59,15,50,35,4,53,25,0,3,61,33,14,30,23,22,2,6,7,40,31,9,34,56,48,57,36,26,46,16,17,32,19,39,5,62
2,11,5,6,20,57,53,52,4,39,49,27,47,61,15,50,54,51,43,24,44,45,36,9,30,18,22,55,21,0,23,14,46,10,41,28,1,60,12,40,58,34,33,25,8,32,48,29,16,31,42,7,17,59,35,63,56,38,19,37,62,3,13,26
51,38,43,20,6,0,45,31,14,19,44,7,32,39,25,1,36,10,49,9,58,11,48,15,29,3,59,62,21,52,56,63,34,16,50,46,61,33,55,47,35,26,40,27,37,18,5,4,54,42,57,8,22,41,28,60,30,53,23,13,12,2,17,24
38,10,3,51,4,63,31,30,12,0,55,8,43,21,45,59,61,50,44,62,1,11,20,25,46,52,49,34,36,35,48,16,58,6,7,54,40,39,53,26,23,18,2,32,14,27,24,42,29,13,5,28,56,15,19,37,22,41,60,33,57,47,9,17
11,47,57,61,39,20,10,31,37,48,54,56,30,1,43,49,59,63,32,21,5,6,45,60,35,18,51,14,29,2,9,34,19,13,36,7,16,15,0,58,44,4,24,38,12,26,50,40,55,33,62,53,25,42,27,41,23,52,28,17,8,22,46,3
1,45,30,26,59,60,55,35,34,27,12,52,11,5,15,16,58,39,36,4,9,54,61,41,19,28,0,37,24,51,2,25,20,7,47,44,21,46,3,33,40,8,48,6,43,18,56,13,63,10,31,62,17,42,38,49,57,53,50,23,32,29,14,22
28,63,53,10,44,34,19,12,46,61,13,60,4,59,15,41,7,37,17,45,55,14,2,9,49,38,8,32,39,25,29,48,16,3,62,56,27,36,11,1,57,21,33,35,23,42,43,51,20,52,5,40,24,31,30,6,0,54,58,47,22,18,50,26
45,8,46,0,60,38,35,55,58,28,54,24,50,14,61,51,47,20,33,27,13,36,63,56,17,16,30,10,15,19,42,7,32,26,23,44,11,57,12,21,62,4,39,49,40,5,1,48,43,3,37,18,22,2,53,25,6,31,34,52,9,41,29,59
52,41,23,10,32,18,42,24,15,6,29,53,0,61,9,44,7,47,56,40,1,21,38,49,8,43,54,2,28,36,48,58,4,37,25,63,46,30,45,13,26,62,33,12,35,16,14,59,19,50,31,22,3,39,5,17,51,20,60,57,34,11,55,27
26,61,41,49,55,29,19,31,50,17,11,44,60,43,52,39,48,57,56,18,12,38,35,3,10,25,42,54,1,4,27,45,23,62,33,14,9,20,34,6,16,47,63,15,0,53,21,7,22,46,59,2,24,5,51,40,36,32,28,30,58,37,13,8
35,3,34,41,6,47,19,8,16,60,54,51,56,37,22,55,45,44,49,39,53,52,57,15,50,31,21,2,26,7,40,12,24,4,33,62,27,14,29,43,63,20,1,42,59,48,30,58,61,11,46,25,13,28,10,18,17,23,36,32,5,9,0,38
35,22,13,56,44,41,46,28,18,54,45,14,16,47,34,40,27,37,62,53,12,38,57,3,32,8,2,43,42,25,48,7,11,30,26,29,21,19,55,61,23,39,58,20,36,9,49,17,0,50,51,33,1,63,31,24,15,59,52,5,4,6,10,60
43,49,52,33,11,51,56,58,46,4,38,13,44,45,15,5,26,39,57,34,60,25,62,18,20,0,22,21,7,42,1,48,50,12,19,37,41,24,31,29,63,27,28,14,55,35,23,2,9,6,61,16,10,17,54,36,53,32,3,40,47,30,59,8
15,42,36,14,0,54,39,57,58,61,33,16,53,1,22,13,56,25,5,49,44,6,21,47,19,31,51,9,55,8,45,59,37,3,23,28,20,18,2,4,29,11,41,43,30,38,50,35,17,48,24,32,40,60,12,10,7,27,26,46,63,62,52,34
14,48,38,41,51,17,60,45,0,50,59,19,61,20,29,9,12,10,27,22,58,33,43,8,53,40,56,15,11,34,1,7,52,55,5,46,18,39,57,63,36,13,31,25,3,42,30,62,16,49,2,26,47,24,21,44,54,32,28,35,4,37,6,23
51,23,42,25,45,0,33,15,27,49,21,18,22,6,1,16,39,12,34,60,10,8,50,14,3,37,36,56,40,35,13,44,41,19,38,43,58,52,29,55,4,57,26,62,11,54,31,17,2,7,48,46,28,20,47,59,61,30,63,53,24,32,9,5
16,61,38,6,17,22,42,43,11,62,51,20,28,7,25,44,48,9,13,1,32,4,39,41,58,30,37,52,47,34,59,46,15,60,3,27,56,21,45,0,18,31,26,53,63,40,2,36,10,5,14,19,55,29,50,8,57,54,23,35,33,24,12,49
42,38,11,18,26,49,54,45,30,32,5,12,7,21,9,0,13,56,22,60,29,17,35,24,41,61,15,63,52,55,43,62,4,2,59,20,23,57,33,8,39,27,48,51,40,47,28,50,46,25,34,6,36,58,14,19,37,44,16,10,1,3,31,53
34,31,49,63,50,29,46,51,30,59,7,4,56,38,52,53,37,5,35,24,26,41,45,17,57,47,6,2,0,33,36,14,61,55,40,16,44,22,20,21,23,32,9,1,3,28,18,19,10,15,8,39,58,42,60,25,62,13,54,43,27,11,48,12
25,46,21,22,58,8,50,0,32,57,33,54,41,40,45,62,61,42,56,26,6,11,10,1,23,3,9,36,53,19,20,15,7,44,4,17,52,5,13,63,47,18,51,34,27,2,38,29,48,28,43,37,60,24,35,16,39,30,14,12,31,49,55,59
9,41,12,1,19,38,17,58,15,26,3,18,7,46,34,0,56,51,8,54,48,39,21,11,30,61,45,59,25,5,27,53,40,43,35,13,31,2,57,23,14,33,37,10,32,49,16,28,42,52,44,47,63,22,60,24,20,4,6,36,55,62,29,50
26,57,62,4,63,54,33,29,18,23,19,40,36,5,8,28,12,14,21,35,17,2,30,16,20,37,13,53,1,39,61,10,27,25,46,3,47,58,49,24,6,51,55,52,44,32,59,56,15,60,11,43,31,42,38,50,9,41,34,22,48,7,45,0
30,57,6,37,52,27,54,32,46,17,59,7,55,63,31,34,11,19,62,61,1,18,22,14,16,44,24,10,56,60,39,29,47,58,12,28,23,35,13,21,43,33,48,5,9,0,2,42,4,8,36,41,51,53,38,26,25,49,3,50,45,15,40,20
52,19,53,35,47,23,3,57,21,15,6,44,27,56,25,7,54,58,40,37,34,31,59,13,45,46,5,26,48,20,30,62,63,43,1,50,16,39,42,24,60,12,22,41,10,2,17,38,28,51,9,49,0,61,4,36,18,14,11,29,32,33,8,55
56,58,36,38,13,50,29,6,51,24,20,55,45,42,61,35,22,9,25,32,7,30,53,21,46,34,43,27,26,48,62,8,59,63,41,47,49,17,3,19,28,16,2,52,57,40,10,0,60,44,5,4,31,1,15,54,18,33,11,23,14,39,37,12
2,10,55,51,50,12,1,54,37,52,61,4,26,31,5,17,8,18,15,40,53,34,13,46,42,39,62,49,47,9,21,19,23,48,56,11,38,59,0,57,43,22,32,29,14,6,7,63,20,58,3,45,35,60,41,27,28,30,33,44,16,24,36,25
0,13,6,61,9,29,11,27,42,41,49,37,14,47,52,22,10,12,44,60,20,31,51,17,2,50,56,43,46,24,55,30,18,3,59,23,19,7,28,32,25,45,26,1,39,4,38,63,57,21,34,15,40,53,35,62,58,36,16,48,8,54,5,33
32,33,49,25,44,27,11,24,5,37,51,21,38,43,6,12,61,17,39,45,23,28,4,57,63,52,9,62,34,19,7,10,42,3,53,56,29,60,22,16,0,36,48,55,13,47,46,14,26,35,50,2,15,30,20,1,31,54,8,40,41,18,58,59
34,37,62,30,20,56,24,48,33,47,42,60,53,10,12,40,46,14,21,29,57,26,50,36,44,17,63,43,58,8,55,28,22,51,16,1,18,25,61,9,45,31,2,13,3,5,7,23,11,19,15,39,59,32,41,38,0,49,54,6,27,35,4,52
0,58,54,45,50,29,40,4,24,33,51,22,21,27,35,16,57,8,14,9,18,59,39,62,12,25,1,52,15,28,43,23,36,46,10,2,34,63,41,61,49,31,6,11,37,19,26,60,7,44,30,56,48,3,5,47,38,42,55,17,32,13,53,20
30,60,21,45,17,53,24,28,20,2,63,38,0,13,18,26,25,31,15,61,49,32,3,51,12,37,34,4,47,44,48,16,54,10,6,52,50,59,36,56,23,9,33,46,8,5,35,58,14,39,11,22,1,57,27,29,55,62,19,7,43,41,42,40
3,46,63,41,37,43,54,30,57,13,51,10,11,53,56,14,52,5,32,21,17,48,26,61,55,60,35,28,2,4,25,23,0,38,42,29,6,1,44,7,40,22,16,33,18,31,50,15,59,39,12,20,58,36,24,34,8,49,27,62,45,47,9,19
43,32,7,45,37,26,61,63,52,9,55,4,14,19,46,42,58,50,57,6,11,29,15,59,30,1,18,31,16,8,44,60,51,22,23,35,5,41,33,21,38,17,25,13,56,28,20,24,10,2,27,36,48,0,12,62,40,53,34,49,47,54,39,3
18,60,15,33,53,46,52,10,51,59,6,16,48,11,3,45,8,25,20,22,28,40,27,56,23,38,2,12,41,5,29,35,34,57,9,50,55,24,37,1,63,13,62,17,21,47,14,19,49,39,61,26,42,7,58,44,36,54,4,43,0,31,30,32
12,48,20,3,28,23,36,9,35,18,14,2,30,41,4,46,51,21,63,43,15,52,45,19,1,7,22,11,59,32,17,56,25,0,38,62,60,29,55,42,10,8,5,37,6,13,26,50,24,54,40,58,31,57,61,39,49,33,27,34,47,16,44,53
10,16,26,23,34,41,4,31,37,12,1,0,7,44,38,22,54,6,55,18,21,2,61,36,62,51,56,24,43,46,17,39,53,50,5,3,15,9,48,11,35,32,63,45,8,28,49,40,60,29,14,20,33,52,27,57,30,13,47,25,42,59,58,19
33,15,47,62,42,49,17,52,59,14,37,51,50,46,27,2,3,29,54,32,58,41,48,36,53,19,7,10,60,6,35,43,28,1,45,44,39,18,25,57,0,26,61,31,55,13,38,30,11,24,9,63,56,40,12,16,23,34,21,5,4,8,22,20
10,45,42,55,7,11,24,63,58,14,35,39,62,18,44,53,2,15,0,4,27,8,38,40,28,47,49,20,12,56,33,26,43,9,41,57,23,29,16,6,52,1,54,3,5,50,36,32,30,19,25,46,22,37,48,59,60,31,21,51,17,61,13,34
52,58,43,37,10,3,35,63,29,40,23,9,22,16,41,17,28,12,39,21,38,54,19,18,36,13,45,24,7,48,11,34,30,42,49,56,2,31,27,25,8,50,6,46,5,4,55,14,60,59,32,53,20,51,57,44,33,61,0,15,47,26,1,62
7,40,14,22,38,24,54,36,35,27,11,39,51,44,1,3,16,45,18,34,28,20,53,41,62,50,29,8,4,31,37,33,19,32,9,23,13,61,60,17,56,58,42,48,52,6,59,10,5,0,47,30,55,46,63,25,43,15,12,26,21,2,57,49
63,45,14,55,30,58,27,2,53,49,18,1,25,36,32,47,42,0,26,50,16,51,44,5,13,40,43,34,52,8,56,60,20,19,17,59,29,4,48,10,61,24,54,41,62,21,7,15,12,33,23,39,3,35,57,38,11,22,31,37,28,46,9,6
26,37,21,53,5,31,58,51,1,11,56,47,16,57,39,42,8,9,34,7,62,3,15,60,2,28,46,18,40,23,13,12,0,38,45,54,48,30,32,35,44,17,59,61,19,49,63,27,25,52,29,36,4,22,50,43,20,41,33,24,14,6,55,10
14,58,53,49,47,52,57,29,42,3,16,7,26,46,11,2,6,5,48,33,18,20,35,56,38,8,55,34,41,30,23,50,9,13,63,39,37,25,43,0,15,19,1,27,60,31,4,17,10,28,32,12,21,22,44,24,45,62,51,54,40,61,59,36
43,41,36,38,57,53,18,49,21,19,33,27,37,34,15,22,62,47,35,11,2,54,55,26,6,30,42,25,0,44,28,4,40,29,16,5,7,61,58,52,12,13,50,1,60,39,14,9,59,56,24,10,46,51,45,32,23,17,3,48,31,20,63,8
63,51,23,58,37,61,53,19,43,14,41,34,2,38,29,56,18,62,16,26,9,57,11,32,4,46,44,60,24,22,6,30,39,8,0,36,45,49,27,55,10,28,13,48,31,7,20,50,17,47,35,12,59,21,3,1,15,42,25,5,33,54,40,52
23,32,47,10,50,56,40,51,1,17,62,11,58,43,54,16,53,52,24,59,39,36,34,6,63,26,0,12,4,48,5,35,7,45,46,8,29,42,28,41,25,21,20,49,14,38,9,57,3,13,37,60,27,31,22,55,18,30,61,33,19,2,15,44
56,58,45,33,47,17,1,16,46,53,9,59,20,29,27,63,54,39,4,36,3,49,18,7,30,44,37,23,14,55,13,21,38,10,19,43,22,25,0,12,48,26,62,42,15,28,41,8,11,24,57,50,31,35,52,34,2,40,51,6,32,61,5,60
15,63,62,53,7,18,47,5,32,27,11,54,22,0,40,42,48,14,26,1,50,30,58,41,19,57,6,20,60,21,36,39,25,34,43,9,55,16,52,61,12,13,45,8,49,46,29,44,4,35,33,59,51,37,38,2,23,17,10,28,3,24,31,56
49,34,19,32,37,24,60,6,2,56,27,5,61,16,22,51,36,11,25,23,15,44,0,30,48,33,10,62,29,12,53,18,7,42,57,4,59,55,38,52,46,9,45,8,40,26,17,3,54,43,39,14,31,20,63,21,41,50,47,58,28,13,35,1
18,28,13,60,29,32,44,61,31,39,6,11,37,10,1,17,62,43,2,53,16,24,20,56,63,21,30,52,48,7,51,46,33,19,12,58,36,38,59,55,0,40,5,50,14,57,9,41,47,27,3,42,8,15,54,26,49,34,35,4,45,25,23,22
53,35,42,56,9,19,1,61,20,39,51,5,25,47,23,59,7,12,21,40,24,0,3,36,6,8,22,38,32,14,50,45,44,60,55,26,11,41,15,37,33,4,28,58,49,18,43,16,17,2,13,30,10,29,63,31,54,34,52,46,62,27,57,48
21,22,49,9,7,44,2,10,4,15,59,52,63,58,56,36,12,29,33,8,47,14,11,48,53,40,19,46,61,31,42,18,54,0,17,28,41,1,5,20,24,60,39,35,45,32,23,38,26,51,25,30,16,13,57,27,62,3,55,50,43,37,6,34
51,11,17,5,14,9,32,39,12,49,10,61,18,8,43,56,59,21,44,35,46,28,62,22,53,60,38,41,7,26,40,55,37,63,54,45,52,13,33,47,15,24,3,34,29,0,6,42,16,58,23,31,19,20,30,1,27,57,36,50,4,48,2,25
10,48,27,55,42,1,60,61,8,52,0,25,22,63,23,51,36,12,34,15,7,57,49,31,40,53,9,45,35,33,58,50,6,56,28,59,39,29,2,11,19,32,46,18,20,44,5,14,38,54,41,4,43,24,30,3,37,16,62,47,13,21,26,17
45,30,59,20,60,63,56,43,33,14,47,9,46,50,42,54,48,4,8,36,61,32,19,40,44,3,21,39,26,2,41,1,51,62,10,29,11,22,5,24,55,16,57,0,12,52,7,37,23,28,34,13,18,6,38,17,58,53,27,25,31,35,49,15
52,36,33,18,4,50,57,21,13,12,5,45,25,38,46,26,60,31,14,56,15,49,6,28,23,8,48,40,30,58,59,11,44,53,47,51,22,3,63,55,39,2,1,61,54,35,37,34,62,9,20,16,41,19,17,29,10,32,0,42,7,24,27,43
8,52,41,23,13,49,5,60,19,25,16,2,7,31,59,38,37,39,17,46,28,0,15,18,20,35,62,42,43,36,4,61,63,32,56,9,30,12,58,55,1,53,57,3,24,44,29,34,21,26,10,40,47,33,22,54,48,6,11,45,51,14,50,27
42,4,24,28,19,23,46,57,51,56,14,44,32,8,47,26,50,55,63,20,34,18,36,31,30,38,40,7,37,33,59,54,6,43,15,11,5,60,17,3,62,1,39,22,10,48,49,0,9,16,35,41,58,52,13,27,2,29,12,53,45,25,61,21
32,26,53,37,6,9,44,56,19,27,4,33,35,24,11,5,51,12,15,57,20,14,49,60,48,59,39,38,55,34,36,63,1,40,18,61,22,50,21,2,23,47,31,52,30,45,54,0,17,29,42,25,28,13,16,46,10,7,62,8,43,3,41,58
28,22,47,54,20,26,4,52,3,33,48,16,39,63,13,15,2,41,50,59,9,10,27,31,49,61,60,24,8,34,0,19,57,56,58,62,53,32,37,36,44,5,45,42,12,18,14,1,51,7,40,46,21,55,25,43,17,38,29,11,30,35,6,23
24,44,25,18,1,20,61,29,11,17,50,45,28,60,63,9,22,33,36,46,13,53,52,3,16,55,31,49,59,37,48,51,5,21,10,43,23,54,14,42,32,34,40,62,58,41,57,4,30,6,15,8,47,19,0,12,7,35,39,2,27,38,26,56
9,55,51,28,10,18,1,63,56,16,61,54,62,32,20,33,29,35,7,36,52,41,21,26,58,15,6,11,23,22,12,19,38,46,42,0,53,34,44,48,5,60,47,13,24,25,57,4,27,17,37,49,14,43,3,59,50,31,39,30,40,45,8,2
27,18,44,9,6,14,8,29,45,35,2,56,55,34,33,54,12,31,47,53,57,58,22,0,50,48,39,63,23,21,36,52,42,20,13,24,4,19,10,38,41,30,15,51,17,61,16,43,25,3,26,46,40,28,11,7,37,62,59,5,32,1,60,49
5,58,34,24,47,8,53,28,52,61,41,25,44,12,50,15,46,48,1,37,40,43,45,54,55,60,4,19,51,39,35,29,0,3,32,20,21,11,6,26,22,30,62,17,56,16,10,38,33,57,63,49,2,27,31,36,23,9,14,59,7,42,18,13
62,46,21,17,32,0,3,45,24,49,54,31,40,20,59,29,39,19,26,18,30,48,4,63,50,6,47,10,25,61,16,53,43,15,27,8,13,14,12,34,38,58,44,1,42,52,9,56,41,11,51,28,55,36,35,60,5,22,57,2,33,7,23,37
40,24,7,14,52,51,34,28,4,49,22,9,29,57,2,3,25,47,32,45,62,33,27,16,43,18,12,1,55,39,19,50,59,30,63,54,58,61,42,35,0,37,23,17,38,44,6,5,11,20,31,13,10,46,36,60,8,21,41,56,53,48,26,15
51,49,10,4,61,24,59,17,20,2,56,31,9,12,60,34,16,62,46,63,22,7,25,32,3,18,33,42,21,19,47,55,13,35,38,57,30,52,50,37,40,27,45,11,1,28,44,41,39,26,14,53,43,0,5,36,48,15,8,58,54,29,6,23
47,5,11,37,14,52,0,24,34,44,6,53,23,40,58,8,3,59,25,43,63,9,2,45,13,32,56,38,33,48,22,12,57,36,39,35,55,15,21,1,16,27,28,29,17,7,62,46,51,61,4,19,10,42,41,31,60,20,54,18,50,26,49,30
13,32,40,26,18,22,50,34,57,54,61,28,36,1,21,11,25,30,45,52,12,6,41,37,20,23,0,19,53,39,31,35,46,15,9,2,42,33,44,16,5,59,8,48,38,10,49,14,55,56,60,24,27,43,3,58,29,62,7,51,47,63,17,4
43,6,17,48,1,51,53,9,56,38,62,4,33,57,47,31,19,5,29,40,28,58,50,12,13,30,41,26,52,44,0,23,22,14,59,45,35,37,2,61,15,8,32,42,16,25,20,7,10,24,27,46,49,21,18,55,63,3,34,11,60,39,36,54
48,15,21,43,44,42,14,3,23,56,52,12,41,49,1,31,54,17,5,62,58,35,63,32,34,29,53,10,24,30,18,40,0,28,38,57,4,16,46,19,36,47,39,51,60,13,6,50,9,7,8,61,26,27,22,11,59,45,37,2,55,33,25,20
63,1,44,23,52,15,62,6,42,55,36,27,18,61,14,5,56,21,12,33,37,48,34,16,10,8,4,30,45,41,32,7,59,43,57,38,53,2,9,29,47,39,58,54,40,49,31,24,51,22,28,60,20,11,0,35,26,13,46,3,25,50,17,19
35,32,23,11,56,59,33,19,36,8,37,24,62,28,29,43,51,63,21,39,7,4,1,48,25,53,9,3,27,52,45,58,55,34,0,46,26,31,12,49,41,47,44,42,13,20,60,10,57,14,6,22,30,61,54,16,50,2,40,18,17,38,15,5
17,28,22,5,56,15,12,58,31,53,44,48,39,46,9,37,3,26,4,33,54,2,55,24,43,21,18,14,60,34,62,27,47,52,32,11,61,0,57,13,36,7,19,25,20,1,8,29,49,51,16,10,50,45,63,23,35,40,6,59,41,30,42,38
7,62,40,4,11,52,24,31,55,38,1,19,18,39,63,32,3,53,20,44,23,22,29,26,5,56,61,49,16,9,59,12,13,60,34,51,36,2,28,42,54,0,27,21,14,50,15,48,10,43,47,6,37,30,45,57,58,17,46,8,35,25,41,33
34,42,45,51,53,60,22,20,48,10,56,13,41,11,27,50,39,57,58,35,23,18,1,3,15,52,8,31,30,6,19,32,33,21,24,63,49,47,44,0,55,5,40,43,17,54,9,12,2,46,16,61,28,26,4,62,29,36,14,38,59,37,7,25
61,37,3,43,36,53,21,16,29,26,40,25,49,47,13,0,60,27,15,35,23,52,6,10,4,51,22,50,42,41,34,56,1,9,12,63,46,39,55,31,20,58,44,54,2,24,62,38,59,11,45,28,57,30,14,17,19,5,7,48,33,32,18,8
40,50,15,48,8,60,29,52,47,58,43,34,26,19,12,57,4,42,23,31,63,11,59,51,38,46,32,28,9,39,0,25,49,18,35,16,30,62,44,1,41,24,3,17,37,33,27,61,56,21,45,6,2,54,22,7,20,36,53,13,5,14,10,55
4,30,41,39,63,43,57,27,22,14,31,8,50,2,46,3,23,55,51,19,17,26,7,25,34,9,16,38,61,49,28,36,21,20,1,5,29,10,58,15,18,53,40,56,24,42,45,52,35,33,59,44,32,60,11,6,47,37,62,13,0,48,12,54
22,46,52,21,53,34,39,25,17,9,57,48,62,58,13,2,27,36,37,32,60,30,1,29,59,51,16,15,56,33,26,31,20,4,19,3,42,14,24,6,10,44,45,5,23,61,49,40,18,41,35,63,47,43,12,7,38,50,0,55,54,8,11,28
35,28,27,16,7,5,62,59,8,15,26,13,24,51,2,30,55,43,58,17,48,6,52,4,9,34,1,14,37,49,3,25,60,10,33,11,23,44,46,22,57,38,54,36,12,41,20,31,40,53,45,32,21,63,50,56,61,0,39,29,19,47,18,42
30,43,15,27,18,28,5,8,10,20,35,46,61,0,3,39,49,53,40,37,62,23,44,16,6,33,57,19,17,50,55,9,29,24,60,59,47,26,21,36,63,56,4,54,58,34,31,14,22,7,32,51,45,52,13,48,38,2,1,41,25,11,12,42
30,13,62,35,10,18,46,54,29,43,37,52,55,5,57,33,23,40,31,11,63,26,4,14,39,0,60,27,16,34,6,47,36,15,20,25,1,58,49,3,28,12,61,32,53,8,48,44,56,50,59,21,24,17,19,51,41,42,2,9,22,38,45,7
28,45,61,44,42,50,43,46,15,8,4,41,47,0,37,14,17,57,7,54,18,6,56,33,36,24,48,13,25,19,1,2,26,51,3,11,32,39,12,20,34,30,29,10,52,38,49,22,23,16,53,58,31,62,60,35,21,55,9,27,59,40,63,5
55,35,61,10,26,3,58,6,8,44,27,37,12,14,57,30,60,22,11,52,42,15,48,41,13,23,7,50,25,31,54,1,17,47,45,62,9,20,53,43,56,40,38,63,0,59,36,49,2,28,16,32,51,46,24,34,19,29,33,5,18,21,4,39
28,18,13,4,7,14,58,9,12,8,55,24,10,2,63,27,3,1,22,43,45,51,61,33,30,0,40,46,59,26,5,35,48,42,20,39,17,44,31,54,15,60,49,57,25,36,52,56,38,53,11,41,62,16,32,23,34,19,6,29,37,50,21,47
35,49,57,11,27,63,56,30,34,1,42,5,7,17,0,43,60,4,25,53,31,38,26,47,23,19,36,44,10,59,3,16,9,45,22,32,40,33,21,41,61,55,37,12,8,51,52,13,29,58,2,20,14,50,15,62,48,46,24,28,18,54,6,39
20,25,0,49,13,47,39,40,6,54,32,30,37,14,29,45,17,38,57,7,50,58,31,24,21,3,19,8,12,16,15,52,48,60,41,63,2,62,26,59,34,46,53,44,42,4,33,51,22,1,36,18,56,28,11,35,5,10,23,27,9,55,43,61
14,54,61,56,33,20,22,44,7,59,57,49,17,19,60,34,3,27,42,1,51,39,9,16,38,40,30,41,4,5,58,25,21,23,15,62,31,50,63,53,37,0,36,26,18,28,6,10,46,8,35,12,2,45,47,32,11,43,13,29,48,24,55,52
34,59,28,36,3,11,20,1,14,32,37,61,19,38,44,9,55,60,39,29,15,7,33,10,49,45,13,21,12,50,48,23,57,52,47,63,58,40,18,8,5,35,2,4,54,31,43,51,41,17,0,25,42,16,46,62,24,22,56,27,53,26,6,30
29,51,57,26,30,28,34,25,23,60,38,24,39,52,54,63,12,14,6,5,3,56,1,61,17,37,46,22,58,15,4,7,31,19,32,11,53,35,8,43,48,9,59,42,21,62,13,36,55,49,50,18,27,2,0,41,16,44,33,47,10,20,40,45
36,27,52,14,25,32,42,26,45,41,60,62,11,9,2,29,12,8,50,43,24,30,22,55,20,47,34,61,63,4,21,58,13,18,5,23,35,38,51,40,3,15,37,59,16,10,53,44,6,56,54,57,17,46,0,48,1,7,28,19,49,31,39,33
61,30,5,40,21,6,33,0,27,35,1,24,59,9,14,48,43,50,37,12,55,45,15,58,8,42,19,41,13,29,20,36,4,56,60,34,31,52,18,53,39,44,47,2,22,7,46,49,28,62,38,63,51,17,54,57,11,16,25,3,23,32,10,26
4,24,1,43,30,11,14,48,27,39,32,8,33,12,60,16,36,25,49,3,10,46,58,38,28,5,21,41,19,61,9,47,34,22,2,23,29,0,50,54,62,26,15,40,45,17,35,37,7,63,56,42,52,13,53,20,55,57,44,18,59,6,51,31
25,47,57,12,46,8,3,26,5,48,1,40,14,27,33,10,55,30,62,63,4,41,53,31,50,9,43,58,37,2,45,54,23,17,52,7,49,11,42,6,15,28,20,16,44,56,0,21,59,29,19,13,60,32,18,51,39,61,24,34,38,22,36,35
53,52,7,28,24,54,49,12,33,5,60,2,36,37,0,26,20,61,58,48,63,4,42,57,43,17,13,9,47,6,21,32,39,41,38,62,59,27,56,25,29,8,19,15,30,3,1,31,18,51,34,22,11,23,46,40,55,14,16,44,45,50,10,35
24,49,46,60,8,30,57,52,16,17,25,23,26,51,45,18,21,44,59,19,35,13,3,41,0,58,38,4,55,54,7,32,47,50,29,6,61,39,14,48,11,33,31,42,9,34,43,10,63,53,28,5,37,12,40,56,2,27,1,20,22,36,15,62
26,2,62,59,30,23,7,34,12,39,8,33,16,31,56,5,63,0,61,45,60,44,21,46,15,4,37,47,10,25,35,17,49,58,18,6,28,14,32,41,22,40,3,11,20,55,42,54,9,1,57,53,29,27,50,13,36,51,24,52,38,48,43,19
26,42,3,51,32,41,7,48,31,15,60,58,30,6,38,13,44,9,49,47,37,27,36,59,33,8,2,10,11,5,61,4,1,46,63,54,34,17,57,39,19,43,16,62,29,55,12,52,40,50,56,0,20,14,45,18,35,23,21,22,24,25,53,28
3,62,42,11,50,41,21,6,46,29,1,0,27,15,28,47,10,54,33,59,38,25,58,52,13,24,32,31,2,7,5,23,56,37,39,53,26,60,4,16,19,57,63,34,20,17,9,8,12,48,45,61,55,43,14,35,18,51,44,30,22,49,36,40
24,58,59,37,16,14,35,43,6,0,25,40,26,60,55,46,1,50,17,13,8,33,56,23,44,19,41,61,57,11,39,48,45,32,5,18,31,28,10,52,51,27,54,2,53,38,15,29,7,42,3,22,21,49,12,62,34,4,63,9,36,20,47,30
53,2,9,23,24,7,6,59,1,34,49,55,57,54,43,13,3,62,33,39,20,26,17,15,19,28,40,32,4,18,51,5,46,52,31,22,29,38,0,50,21,47,48,45,41,27,12,25,61,10,44,63,11,16,8,35,37,58,30,36,14,56,42,60
29,22,12,8,48,43,35,40,24,1,18,17,42,23,37,21,59,57,60,41,5,51,10,33,6,19,55,28,58,44,38,32,45,16,39,4,46,2,11,62,31,54,30,14,26,47,9,50,49,15,61,3,52,0,20,13,34,63,56,27,7,53,36,25
41,35,1,26,45,50,46,5,12,51,2,61,33,52,55,62,43,49,20,31,44,57,37,8,19,25,38,17,0,24,28,34,27,4,32,53,56,21,60,29,18,7,47,11,48,3,13,22,14,16,23,15,9,30,10,36,39,63,6,42,54,58,40,59
6,57,50,39,33,22,36,61,34,9,47,8,1,27,53,62,15,48,3,41,51,28,37,58,40,25,19,42,24,13,17,30,63,4,32,45,0,18,23,46,20,52,11,59,7,56,49,21,38,26,44,29,2,10,60,31,35,55,5,14,12,43,16,54
46,5,14,4,60,8,3,43,36,26,63,34,38,15,57,62,18,47,28,61,25,21,33,50,40,6,31,59,27,56,30,16,52,24,51,12,17,39,13,37,19,22,41,35,58,0,29,55,11,1,23,48,44,45,20,9,7,42,49,32,10,53,2,54
61,10,39,32,24,35,29,36,21,19,50,62,26,33,13,44,0,9,11,46,25,30,51,53,14,63,56,58,31,28,17,43,4,38,22,16,60,45,59,55,8,34,1,47,27,42,40,23,7,12,52,41,48,49,54,57,2,15,5,6,3,20,37,18
53,10,12,41,52,26,21,13,44,54,36,24,28,35,15,20,2,40,49,7,30,17,3,0,37,48,62,55,25,22,58,32,42,19,39,45,46,50,56,6,60,23,11,9,34,16,59,4,47,63,18,5,43,57,8,27,1,29,14,51,31,33,61,38
62,18,2,0,28,51,23,7,29,24,22,60,41,37,45,13,53,17,12,34,4,19,27,9,42,33,10,44,58,63,30,40,5,57,39,32,52,8,54,47,59,46,56,26,20,38,35,50,14,3,31,25,11,21,49,55,15,16,43,36,61,48,1,6
62,18,24,50,46,56,38,41,17,13,32,3,9,57,33,29,44,39,53,23,60,45,1,19,36,22,43,7,47,27,42,54,8,31,12,4,15,51,16,11,2,49,0,34,48,61,21,14,63,52,30,40,59,58,37,28,6,10,35,20,26,25,55,5
18,1,38,57,37,55,5,25,27,31,26,53,8,6,49,50,62,58,51,7,35,41,54,16,39,32,33,59,14,47,20,60,36,63,28,48,2,3,12,23,13,45,56,11,29,17,10,0,22,24,46,15,4,40,61,34,44,9,42,43,19,21,30,52
19,20,9,1,28,62,61,47,18,43,8,4,6,7,31,49,34,54,11,53,33,42,39,12,37,15,5,58,59,46,57,60,13,14,48,0,29,24,45,26,27,3,16,17,52,38,51,32,40,23,50,63,56,41,10,55,36,44,2,30,25,22,35,21
0,2,42,16,44,11,1,28,48,38,43,49,34,57,7,37,50,24,20,39,36,6,61,14,35,3,8,29,21,59,63,18,31,30,13,9,51,17,52,19,4,56,32,10,26,53,55,40,54,23,60,22,58,25,33,45,41,15,47,62,12,5,27,46
32,10,34,49,37,42,26,41,23,33,63,14,46,1,30,7,61,16,35,47,13,29,21,38,19,3,5,22,4,59,28,62,54,24,53,44,60,58,40,51,57,11,6,12,50,8,31,43,56,52,17,2,25,55,48,9,36,27,39,45,15,0,18,20
21,60,63,61,9,3,15,34,31,11,53,8,30,1,47,14,20,28,32,54,17,57,39,6,5,23,49,24,43,7,38,62,26,4,50,52,40,0,37,22,41,25,59,58,46,44,35,42,2,10,18,19,36,33,56,29,27,51,12,16,13,45,55,48
42,34,23,14,19,37,10,55,5,31,15,30,27,21,13,41,61,53,25,8,43,35,24,16,11,0,38,52,57,6,4,7,44,48,3,28,18,22,54,45,60,62,39,9,20,2,59,51,56,46,50,17,49,12,63,33,26,40,32,58,47,1,29,36
53,26,21,17,49,18,33,57,59,51,3,46,1,22,6,56,62,16,34,13,45,55,32,29,38,20,28,4,35,31,43,39,60,24,9,36,42,8,2,25,10,14,19,44,58,27,52,7,0,12,50,61,54,63,23,30,41,48,47,40,15,37,5,11
17,31,29,11,39,60,62,35,55,25,49,24,42,41,22,57,48,46,7,34,1,14,30,59,44,56,26,58,12,38,3,8,2,13,61,19,0,54,51,5,63,4,43,45,6,36,15,16,40,47,27,32,21,53,20,33,50,18,52,28,9,23,10,37
14,41,24,45,4,27,15,35,44,3,42,53,21,61,46,18,32,19,54,20,13,28,52,37,9,50,25,7,1,2,40,58,55,49,38,22,43,17,31,51,30,8,57,29,56,16,62,11,0,59,5,48,63,10,34,36,6,39,12,33,23,26,47,60
54,42,39,4,17,28,49,18,62,27,29,7,15,51,32,57,33,8,46,25,1,0,38,60,36,35,45,22,14,12,40,50,10,20,19,41,5,44,11,30,61,26,6,9,47,16,37,2,13,34,48,59,55,58,56,63,52,23,21,43,53,24,31,3
10,20,8,17,39,18,34,19,27,58,14,56,52,43,31,23,59,44,6,51,3,28,12,5,4,1,25,38,45,60,57,29,35,54,42,49,33,41,53,62,22,32,9,61,55,50,36,63,40,24,13,16,37,15,11,30,0,47,26,7,21,48,46,2
56,34,13,42,28,19,33,38,58,37,17,25,44,16,53,23,8,50,1,62,31,20,26,0,39,48,32,61,29,18,41,49,43,4,24,9,46,6,55,22,3,57,11,27,40,63,47,54,30,14,52,21,2,45,59,36,12,51,60,10,7,15,5,35
55,54,17,12,31,46,5,6,57,25,59,29,63,39,26,43,42,53,9,10,20,18,58,44,4,11,61,45,27,50,1,23,62,8,40,0,56,48,24,51,37,47,41,7,30,49,52,33,21,14,38,60,16,32,2,34,28,3,22,15,35,36,13,19
37,21,23,30,40,42,26,44,14,17,55,61,60,35,29,12,47,5,8,2,48,45,22,52,50,31,46,24,20,57,51,19,39,41,7,32,63,10,58,59,11,4,27,6,28,34,13,16,53,1,25,43,36,33,9,62,3,54,15,56,49,0,38,18
23,48,47,59,7,19,24,38,57,63,50,5,44,0,8,6,27,60,52,11,21,29,54,37,39,16,58,9,61,25,10,55,3,40,32,14,34,35,15,12,30,33,46,36,2,13,51,43,53,49,56,26,18,31,28,4,42,62,17,41,1,45,22,20
14,0,49,40,60,16,47,8,59,34,55,29,20,3,31,61,28,6,27,25,21,39,33,10,13,12,5,57,23,37,30,54,11,35,18,42,19,58,26,56,45,4,53,9,43,1,24,63,17,52,15,62,51,36,50,22,38,32,46,7,48,44,2,41
38,41,45,17,11,12,2,47,51,46,30,6,25,52,15,10,54,27,33,0,16,4,22,7,13,26,8,18,42,40,28,14,44,49,48,50,61,32,1,59,21,58,56,36,19,62,23,63,5,24,31,34,43,29,57,55,60,9,20,35,53,3,37,39
9,61,51,53,55,0,32,63,35,56,29,58,52,16,15,12,33,60,18,7,19,59,11,23,50,10,30,28,44,62,27,6,47,54,4,20,40,49,42,21,3,5,24,43,39,13,22,17,14,36,48,41,25,34,1,57,26,37,38,46,31,2,45,8
55,5,4,59,15,24,41,48,30,56,27,14,29,2,53,36,42,50,60,10,21,12,35,63,34,6,54,46,58,52,26,44,0,39,28,47,33,37,38,43,57,16,13,17,8,62,18,9,11,20,25,23,51,1,45,31,49,40,32,22,19,61,7,3
51,41,14,8,19,11,60,3,59,53,42,7,46,43,58,55,4,15,10,23,25,30,17,22,20,31,21,37,49,44,32,18,36,2,28,24,45,12,61,63,1,5,50,52,29,38,54,13,56,6,9,57,27,62,39,16,0,35,26,48,33,34,47,40
34,25,13,20,33,61,29,30,24,55,15,42,14,63,0,9,18,46,16,62,51,36,17,21,37,47,59,2,10,44,28,11,22,35,39,53,7,56,3,49,12,26,38,31,1,6,54,23,32,57,45,52,58,19,41,43,50,5,40,4,48,27,60,8
21,50,38,49,36,11,9,63,43,8,15,35,55,45,29,31,61,26,12,19,39,20,62,0,4,23,16,33,24,52,13,56,58,5,48,27,59,47,53,6,18,2,37,22,1,54,7,44,57,42,10,60,30,34,3,40,46,32,14,17,51,25,41,28
41,19,55,2,35,48,40,62,27,18,33,22,30,58,45,39,14,50,6,20,60,24,43,31,59,49,3,21,32,17,13,52,10,36,34,56,8,46,53,7,28,61,63,0,4,12,15,37,11,25,38,51,47,5,26,44,29,9,57,16,54,23,42,1
9,58,55,31,41,52,37,19,40,18,39,46,63,25,57,16,56,29,6,44,26,60,0,5,21,13,20,11,14,24,10,53,7,47,43,4,36,28,35,15,49,38,2,8,59,1,62,23,30,42,50,22,54,45,12,32,61,34,27,51,48,3,33,17
15,39,53,19,20,8,36,54,18,7,49,44,5,10,2,50,29,48,16,30,56,61,3,27,23,12,22,52,21,31,43,63,33,9,38,14,11,47,0,37,51,58,59,60,42,24,57,34,13,4,40,25,35,26,46,17,41,32,1,28,45,55,6,62
44,23,39,40,8,14,35,11,38,56,33,36,30,58,25,57,62,34,20,37,27,59,21,53,55,51,19,9,29,7,2,61,41,5,28,46,50,45,26,47,13,18,42,10,63,22,3,4,15,48,24,17,54,16,1,32,6,0,43,52,12,49,60,31
12,20,40,31,36,63,3,38,14,47,55,28,43,25,49,17,46,26,13,58,22,32,45,62,44,9,29,1,11,8,33,30,52,61,18,19,27,39,60,42,50,6,15,5,59,21,24,35,57,34,16,41,54,37,51,48,7,0,56,23,2,10,4,53
39,33,8,15,18,40,43,52,55,60,48,11,57,61,36,9,13,12,4,53,2,47,41,29,54,22,35,0,56,23,58,44,7,42,21,37,19,24,6,17,30,34,62,16,27,46,49,63,59,3,1,26,45,5,10,28,51,32,14,50,25,31,20,38
10,40,46,3,4,51,17,20,59,53,38,57,18,22,13,23,7,37,15,61,14,58,55,43,49,54,26,41,62,28,36,9,52,60,12,29,1,24,11,44,39,56,45,6,21,47,42,48,19,50,25,33,8,0,63,31,34,35,5,2,30,27,16,32
0,63,61,32,20,9,58,27,16,14,43,13,31,17,18,38,28,40,45,4,36,48,44,26,22,41,1,21,12,6,29,34,24,51,19,55,35,53,54,37,46,59,2,10,42,60,11,30,3,56,50,33,8,23,47,49,7,15,5,52,39,57,62,25
36,24,22,7,56,42,9,16,39,4,40,5,10,18,63,35,52,27,44,43,61,49,48,3,33,28,31,55,17,20,11,38,46,21,30,8,12,50,47,54,60,58,23,59,15,14,57,1,0,19,51,37,62,45,26,41,6,13,53,34,25,32,2,29
41,47,4,28,38,16,60,15,43,42,30,25,61,2,35,5,34,29,13,51,37,22,58,19,32,44,14,21,23,26,62,63,59,39,11,3,7,31,36,48,1,53,45,27,8,0,52,6,57,9,10,50,46,40,49,55,20,24,12,56,18,54,17,33
33,26,28,46,58,20,61,18,14,25,21,29,5,15,42,39,43,17,44,38,13,4,30,8,63,36,45,55,41,22,6,1,27,51,62,54,12,3,34,52,53,49,24,32,50,7,37,47,35,40,9,48,19,2,31,10,0,11,56,57,23,60,59,16
24,52,31,14,41,26,54,18,8,49,32,4,53,12,36,13,55,34,3,56,51,40,9,45,5,39,38,62,59,21,57,19,60,15,28,43,42,27,23,7,48,58,2,10,61,37,11,25,44,1,50,46,29,20,47,30,0,22,6,17,35,16,63,33
40,7,59,13,30,48,56,27,33,16,53,2,55,25,8,49,43,5,38,34,45,36,4,12,37,0,57,22,60,31,42,28,51,19,63,26,39,35,20,47,52,41,6,24,62,32,50,1,44,18,10,11,9,46,15,61,23,14,17,58,21,29,54,3
39,56,44,25,58,42,34,23,0,13,28,40,3,47,9,29,11,45,2,43,24,48,49,7,22,31,60,32,46,53,37,19,61,30,35,20,51,52,26,63,38,5,27,14,54,17,18,12,55,59,33,8,62,6,16,36,50,15,1,4,10,41,21,57
43,62,54,44,38,36,39,49,42,4,2,30,41,0,15,17,61,14,22,21,10,28,3,63,53,60,16,33,32,11,34,23,20,24,27,37,40,19,8,25,29,46,52,58,31,48,26,59,50,13,6,56,7,47,57,5,1,9,12,45,51,18,35,55
6,53,47,13,21,35,63,14,59,5,46,50,26,40,11,33,3,19,49,52,31,27,29,34,0,61,36,44,60,37,42,32,48,57,45,10,23,12,54,20,22,38,9,17,39,55,7,41,8,56,2,16,1,58,30,15,28,4,62,51,24,25,43,18
8,1,30,25,10,44,4,45,41,55,61,34,9,3,35,21,13,37,48,28,42,11,23,0,40,17,60,5,43,49,63,58,62,12,14,39,19,22,46,53,31,20,56,16,38,29,7,47,32,52,36,24,33,6,57,15,2,51,26,18,27,59,54,50
2,5,0,61,55,11,12,43,58,20,38,33,15,39,26,57,34,46,52,30,27,51,48,63,45,41,54,7,25,18,56,23,14,35,13,42,59,36,60,19,24,4,3,28,53,8,17,47,1,49,31,32,44,40,10,6,22,62,21,50,29,16,9,37
59,20,13,54,6,42,49,62,2,52,29,9,56,12,14,37,8,36,50,41,30,48,17,46,28,19,44,22,25,7,26,31,55,61,4,3,0,47,57,18,45,32,58,34,27,51,23,63,40,11,21,39,15,60,10,43,38,5,35,24,33,1,16,53
46,12,56,4,0,18,27,40,52,48,60,29,13,41,58,17,50,6,23,38,62,43,24,54,36,8,15,35,28,49,55,31,39,20,3,53,42,25,37,5,59,11,47,61,51,32,10,19,9,7,2,30,16,63,26,57,44,34,14,22,45,33,21,1
45,48,21,53,27,44,25,23,47,11,16,3,63,14,54,43,33,49,18,9,57,41,2,20,17,60,34,12,7,1,46,6,32,58,5,62,10,37,4,39,56,31,50,28,42,26,59,35,29,24,55,36,40,61,8,38,52,19,22,13,0,30,15,51
63,33,15,60,1,6,56,21,54,14,43,29,57,30,35,4,3,25,49,44,24,62,13,53,50,55,20,42,38,12,11,46,26,7,40,8,61,41,32,37,16,17,34,19,0,52,22,58,9,18,47,36,2,5,59,27,31,39,10,45,48,23,28,51
37,48,23,58,54,27,46,14,62,51,2,22,53,20,57,61,17,24,45,11,3,50,21,60,44,10,36,55,56,39,8,63,13,42,32,35,6,12,1,26,34,28,9,25,40,29,38,18,19,31,41,49,7,16,59,5,0,15,43,47,33,52,4,30
36,27,22,30,12,13,60,46,0,19,33,25,47,21,31,49,55,37,3,42,23,59,17,28,18,8,56,57,7,54,10,34,5,29,38,6,63,16,24,40,11,15,43,1,41,44,2,61,58,62,52,14,26,39,51,32,35,50,9,4,53,45,48,20
31,20,10,24,48,56,13,33,15,53,18,3,14,1,52,25,55,45,63,32,61,37,54,39,9,6,0,59,58,7,29,40,62,30,44,36,11,60,12,50,19,2,46,23,8,49,5,35,43,21,41,22,27,51,26,17,57,42,28,16,47,4,38,34
61,49,26,6,31,52,15,40,51,46,44,24,16,5,62,57,0,1,58,29,63,25,12,53,55,59,43,56,3,34,23,42,35,36,11,45,38,39,37,22,7,47,4,17,32,10,8,13,41,54,28,48,2,9,19,14,50,30,27,20,21,18,33,60
38,11,9,59,16,46,41,24,63,6,2,49,42,7,31,50,3,17,13,48,39,0,21,44,28,43,40,8,36,52,18,53,61,12,15,1,25,57,26,5,22,10,54,27,56,29,47,4,20,62,55,58,14,23,34,19,33,35,45,37,32,30,51,60
18,13,11,42,30,62,52,28,31,9,2,41,57,48,25,14,29,16,54,27,7,22,40,60,53,12,46,33,59,21,10,45,56,63,20,58,32,36,3,39,50,51,5,0,38,15,17,6,47,1,37,44,23,19,26,8,34,4,35,55,24,49,43,61
19,28,12,11,22,5,7,52,35,37,33,42,47,24,46,23,55,41,26,59,58,13,27,61,9,30,44,54,50,14,29,60,39,15,16,0,38,43,36,40,18,3,21,62,49,56,32,25,17,31,6,10,20,57,34,45,53,4,48,1,51,63,2,8
26,33,10,11,1,57,52,58,36,16,29,40,6,23,51,12,55,39,56,30,9,5,20,18,13,63,21,45,25,46,7,17,2,24,53,61,0,3,49,34,14,41,42,19,22,32,48,47,4,28,50,44,15,27,43,37,38,62,59,35,60,54,31,8
10,35,22,45,56,32,42,21,43,8,9,54,17,3,61,1,51,62,37,53,47,5,23,50,20,38,63,31,30,46,24,25,14,19,48,41,34,36,6,15,12,18,33,29,44,39,28,0,11,4,16,59,58,57,55,60,2,26,49,13,7,52,27,40
20,8,58,11,53,24,50,18,12,26,1,56,2,47,14,42,35,28,27,21,16,10,54,22,41,25,61,33,48,44,45,7,60,36,17,15,40,4,37,55,34,63,43,9,5,13,32,19,46,49,23,31,39,0,29,62,59,52,6,51,30,57,3,38
51,19,17,30,52,28,39,60,26,42,32,21,13,54,20,31,59,14,36,24,48,0,62,61,3,29,27,45,7,18,10,25,53,46,56,38,9,33,11,43,16,57,2,63,1,58,22,37,8,41,44,23,6,35,49,47,40,15,55,34,5,4,12,50
47,62,8,19,59,58,60,16,25,31,30,15,24,49,32,63,21,41,39,34,46,7,51,52,28,57,26,0,3,54,50,55,20,18,5,17,1,48,10,11,27,14,6,40,44,9,12,22,42,45,36,56,29,35,43,13,38,23,4,53,33,2,61,37
9,16,23,25,44,39,53,61,14,19,51,50,18,49,43,41,30,32,2,37,1,3,29,47,6,58,63,36,11,59,26,34,56,31,10,52,45,27,55,57,22,21,62,0,5,15,33,46,17,7,20,35,8,28,48,42,40,13,4,24,38,12,60,54
30,50,25,6,61,31,17,60,9,43,58,54,12,15,8,38,34,27,39,63,53,28,40,1,35,13,26,18,52,55,10,49,56,4,29,48,19,11,46,16,36,57,7,21,47,24,59,23,14,45,44,22,41,3,62,5,2,0,42,33,20,51,32,37
36,33,52,23,20,8,45,1,9,55,17,16,58,6,46,49,34,19,47,37,60,30,48,5,7,53,41,40,15,18,27,44,29,50,12,39,35,57,25,26,54,31,42,56,32,28,63,13,22,59,38,4,3,24,61,2,14,51,10,62,43,0,21,11
6,42,21,8,51,29,32,53,55,27,14,46,54,13,44,12,41,28,35,23,40,47,37,49,18,19,7,60,26,58,56,43,16,48,59,17,52,1,31,61,62,33,20,15,25,5,3,39,34,22,9,57,10,63,38,30,50,24,0,36,45,4,11,2
25,13,41,10,45,37,4,39,51,48,52,3,46,12,57,54,59,58,23,50,40,21,18,17,8,36,20,11,38,14,35,30,29,6,44,26,63,34,56,19,42,9,61,43,47,60,7,32,55,15,33,62,0,24,22,31,5,53,27,28,16,2,1,49
6,7,22,27,15,41,25,44,51,56,62,17,48,40,2,13,60,50,42,37,8,59,35,1,29,26,21,36,39,9,45,10,28,43,52,31,33,14,57,58,18,3,34,11,12,19,16,63,53,4,49,24,46,32,54,55,5,38,23,61,20,0,47,30
1,10,43,55,62,51,59,37,36,61,58,57,54,14,27,15,38,29,47,20,16,7,50,63,35,4,25,49,2,17,28,6,0,32,12,53,31,33,45,34,11,40,19,46,18,56,48,60,44,13,5,3,41,39,22,24,42,23,9,26,52,8,30,21
5,2,53,51,22,58,15,32,23,20,8,17,33,45,25,12,40,41,9,28,27,24,34,6,48,63,0,11,29,47,18,49,7,1,44,4,46,38,57,37,21,14,39,54,36,50,3,55,13,52,10,62,42,61,16,43,26,35,19,30,59,60,56,31
61,8,54,10,13,53,2,51,15,12,19,6,23,16,17,18,27,42,1,59,35,40,56,62,9,11,39,50,60,46,36,43,25,44,31,3,24,7,49,29,4,0,45,48,21,58,28,22,38,57,55,34,14,47,52,33,20,37,63,26,30,5,41,32
20,43,42,54,49,3,51,1,45,33,61,19,8,35,44,23,59,21,18,47,36,37,17,27,25,4,53,28,13,46,6,2,50,31,26,40,9,30,10,0,58,38,63,55,5,39,12,62,7,56,41,48,32,52,14,11,60,34,15,16,29,22,24,57
13,62,50,55,4,61,18,10,51,0,27,29,52,19,34,57,38,59,32,28,44,6,1,48,9,53,12,33,2,23,20,56,39,40,49,31,22,45,42,43,17,60,46,54,37,3,24,47,16,41,15,7,21,36,8,11,35,5,63,58,26,30,25,14
19,51,30,39,53,27,49,63,41,55,7,5,45,18,2,25,42,38,44,4,47,37,59,40,62,57,0,24,15,11,20,58,36,34,8,54,22,61,23,21,17,1,10,31,33,3,14,48,50,12,26,52,28,13,9,29,16,43,46,6,56,60,35,32
57,29,3,38,55,41,8,27,5,52,23,2,56,10,24,60,11,49,43,48,9,30,51,21,18,1,40,22,58,16,31,32,62,26,6,35,63,39,4,34,46,59,19,7,13,12,20,45,44,47,33,17,28,14,0,54,61,50,37,53,25,36,15,42
15,40,7,63,50,19,29,54,34,36,11,3,49,52,46,61,41,60,39,58,62,21,55,17,42,20,35,23,27,6,59,33,14,8,4,37,10,57,56,24,43,53,12,28,26,25,18,2,13,47,30,32,16,1,45,22,51,31,48,0,5,9,44,38
49,24,55,17,37,26,46,33,7,58,63,47,40,15,35,4,11,2,9,45,13,10,28,25,20,3,54,1,5,34,14,53,36,61,39,38,62,41,18,32,22,50,23,60,16,43,12,42,8,48,59,44,30,57,21,19,6,52,56,29,51,31,27,0
16,0,24,4,60,15,11,29,14,30,20,28,32,52,39,2,40,17,26,62,9,51,48,42,43,27,7,47,50,63,13,8,46,6,19,18,10,41,25,58,38,49,45,56,61,37,57,22,35,21,5,33,34,3,36,55,23,12,53,59,31,1,44,54
10,25,58,32,14,60,56,4,11,53,55,57,48,9,3,49,52,41,62,20,24,44,5,63,16,0,26,61,35,15,47,33,23,28,21,18,51,22,12,7,13,39,37,29,34,42,46,54,27,50,8,19,1,30,17,40,6,36,45,59,38,43,2,31
3,46,24,41,20,54,48,17,0,6,52,29,13,14,39,21,15,37,38,25,16,10,50,28,45,8,33,18,22,43,51,56,32,40,5,58,2,27,12,35,1,47,26,30,49,55,19,44,61,31,59,63,23,34,42,9,57,11,36,62,4,60,7,53
28,45,34,10,6,5,40,38,27,57,52,35,22,11,61,17,49,23,30,55,14,16,15,62,19,39,32,3,29,9,48,42,20,41,2,63,25,36,0,12,47,4,26,50,31,18,21,60,24,46,58,37,56,51,54,33,7,1,44,13,59,8,53,43
3,26,46,0,20,57,2,45,17,24,1,42,51,59,15,30,25,23,21,6,18,16,63,32,10,13,60,19,52,29,33,55,53,41,56,34,7,4,40,14,62,49,11,58,36,5,35,44,28,48,12,43,8,61,22,50,39,27,37,47,9,31,54,38
21,27,13,43,46,49,24,16,29,57,61,55,31,32,39,20,54,56,3,7,62,53,19,11,33,17,1,10,59,23,5,42,35,2,0,50,30,26,58,37,63,18,28,44,6,60,48,9,47,4,8,41,15,51,14,45,12,22,38,40,52,25,34,36
56,30,37,19,28,60,34,45,52,32,1,13,7,38,14,62,61,6,4,22,39,2,29,26,50,53,43,23,0,20,35,63,48,51,33,42,12,25,17,21,40,47,3,11,36,55,54,57,31,8,41,5,49,27,10,18,59,9,44,24,15,16,46,58
39,43,9,31,8,25,27,40,18,49,24,58,1,60,12,35,55,26,32,29,4,62,28,37,11,21,0,14,53,22,17,42,15,38,46,19,16,44,41,13,52,34,3,45,5,7,2,63,56,57,33,10,23,6,20,54,51,48,50,59,30,47,61,36
46,51,17,19,16,48,25,62,34,38,43,2,61,5,4,14,33,15,37,13,36,9,54,53,3,47,26,30,57,52,29,23,50,49,35,31,40,0,24,32,11,56,44,21,63,22,28,39,55,20,8,59,12,45,27,58,42,1,10,7,18,6,60,41
44,40,3,51,8,13,18,28,49,63,25,54,62,43,21,41,17,42,14,23,35,59,34,16,52,48,2,55,7,58,29,11,10,4,39,24,1,57,45,50,47,36,56,0,27,38,15,60,6,30,19,5,53,22,26,12,20,37,33,31,61,46,9,32
17,44,5,40,0,53,13,9,52,14,62,54,2,8,34,7,31,3,45,19,10,48,22,57,24,15,63,18,58,56,41,6,42,51,36,39,21,61,11,59,35,27,23,20,60,30,33,43,4,37,12,16,46,26,1,38,55,32,28,50,25,29,49,47
36,11,13,51,14,48,9,35,7,43,25,18,20,32,12,54,52,60,40,33,6,21,58,24,62,61,38,53,63,16,59,34,39,47,41,30,46,55,17,44,8,1,28,50,0,10,5,15,42,29,27,3,26,19,57,49,22,2,37,56,4,45,23,31
45,60,29,5,35,25,54,52,4,48,46,62,16,53,7,10,28,19,31,59,20,47,26,50,3,6,42,57,37,63,23,9,33,56,34,14,1,36,38,18,0,61,21,27,30,51,24,39,17,13,2,58,43,15,12,44,32,22,55,8,11,49,41,40
16,37,42,53,59,4,15,18,28,63,41,46,7,5,39,13,48,1,58,51,20,50,23,14,11,55,40,3,49,52,27,26,43,33,29,61,9,57,8,31,35,56,38,6,24,44,45,21,25,17,19,62,60,30,34,0,36,10,47,54,12,22,2,32
30,29,18,9,58,49,21,11,56,7,34,61,37,48,41,19,27,60,40,28,39,17,16,1,35,46,62,63,31,15,42,3,38,50,6,43,45,8,57,55,44,2,20,32,24,23,4,26,12,0,51,52,14,22,10,13,5,33,54,53,25,47,36,59
44,17,62,20,1,16,47,54,41,53,24,27,36,46,51,42,59,40,63,2,0,38,45,55,5,33,22,49,30,26,32,43,19,31,4,14,52,58,29,15,35,50,48,21,6,25,10,12,11,13,7,34,57,61,37,23,9,18,56,3,28,8,60,39
30,46,28,54,36,2,17,24,34,4,58,11,12,50,49,56,60,5,45,8,3,26,9,15,14,59,55,23,25,20,38,10,53,31,39,16,63,32,40,57,43,42,1,7,21,41,48,47,0,61,13,44,18,6,27,37,33,35,19,52,29,51,62,22
0,5,51,53,12,29,15,34,38,33,9,11,54,62,58,17,28,22,61,2,46,37,52,27,49,25,43,45,16,55,4,18,48,57,24,59,6,60,8,30,50,56,21,32,1,26,44,10,39,35,19,3,36,7,31,41,14,23,63,47,13,40,42,20
57,12,27,19,24,22,26,6,20,11,53,60,40,9,39,43,50,58,41,28,32,36,42,47,45,63,33,29,46,38,0,44,62,5,61,3,15,14,35,17,34,54,1,4,56,2,31,23,59,51,48,7,8,30,55,18,13,37,49,25,52,10,16,21
14,57,56,18,1,45,33,42,41,59,54,26,4,8,23,43,30,50,38,11,25,24,37,36,21,0,15,49,13,10,9,46,16,52,35,5,22,19,51,48,12,55,27,34,6,40,39,20,17,58,28,31,60,32,53,44,62,61,3,63,7,29,47,2
32,62,36,63,11,34,5,57,58,26,12,6,41,40,10,28,49,15,47,56,14,50,3,52,9,44,61,7,4,17,53,23,20,37,22,0,29,60,51,54,21,16,48,8,33,59,35,46,27,31,18,45,24,30,19,39,13,2,43,1,25,42,55,38
30,59,60,40,23,24,4,54,57,2,47,27,38,13,43,26,12,51,58,61,32,15,25,39,20,45,34,19,29,18,56,14,3,16,22,42,52,5,50,6,11,49,36,33,9,46,17,1,35,37,62,44,8,31,10,63,28,41,21,55,7,53,48,0
24,59,55,37,62,4,27,46,61,35,30,31,1,44,29,42,6,3,34,43,57,25,26,23,20,21,8,63,45,0,17,53,10,39,52,7,22,50,33,49,9,41,36,13,54,18,5,19,28,40,60,16,51,14,38,32,11,2,48,47,15,56,58,12
17,51,63,9,60,35,53,16,19,57,2,47,13,14,43,54,62,30,37,42,8,56,0,7,6,24,52,50,33,11,21,26,18,3,38,39,22,31,61,45,27,46,5,4,15,59,20,25,29,28,58,55,44,1,36,32,41,40,48,49,34,12,23,10
57,8,13,43,54,30,63,59,35,20,39,45,11,25,49,27,10,22,55,21,23,36,1,14,33,42,12,16,18,40,3,5,19,47,51,26,56,61,34,32,52,58,44,60,6,38,41,50,2,46,0,15,48,62,31,28,53,29,24,37,7,9,4,17
21,3,22,7,29,33,61,13,46,18,10,20,6,16,57,63,39,43,34,30,44,9,36,41,15,60,53,24,32,11,54,2,25,17,48,59,51,19,37,45,1,26,35,5,40,0,58,62,52,31,28,12,47,42,56,55,38,4,14,8,50,27,49,23
45,38,33,26,9,1,6,15,27,52,42,17,51,25,37,14,21,46,11,28,49,41,39,48,0,32,47,59,60,2,43,23,24,31,53,63,44,61,50,34,22,58,10,13,20,16,40,30,29,7,12,57,55,54,56,36,4,18,62,3,8,35,19,5
44,36,30,20,48,54,7,28,60,12,2,24,5,0,61,4,21,41,63,17,58,59,8,37,23,25,32,29,42,3,43,52,55,1,46,11,34,16,62,45,33,10,18,22,27,57,6,50,14,19,56,39,9,31,49,38,13,40,51,15,35,26,47,53
59,43,35,51,8,15,37,14,52,7,12,5,57,61,21,48,32,18,27,24,22,31,38,19,55,36,13,50,0,54,45,53,34,33,4,30,17,23,56,47,2,60,9,41,39,40,20,25,28,62,1,6,16,58,3,44,42,46,11,63,26,49,29,10
33,34,10,22,45,36,11,55,14,8,58,19,63,21,42,48,18,7,46,47,24,32,53,1,20,49,57,4,59,29,6,28,15,2,26,41,51,43,9,40,62,30,52,3,54,13,35,25,31,5,60,23,44,16,50,17,37,61,39,56,12,27,38,0
46,8,20,61,52,2,40,63,42,7,30,32,50,15,37,5,3,34,54,9,62,12,4,26,49,57,29,56,10,55,24,43,19,11,27,36,58,53,33,60,25,45,28,1,6,47,18,16,51,39,0,13,44,14,35,21,48,38,17,23,31,59,22,41
9,60,48,3,0,61,58,5,42,24,10,23,63,56,46,27,32,35,31,4,16,25,20,33,11,49,51,13,38,8,1,45,6,43,21,15,59,34,37,2,39,17,36,53,50,28,40,22,52,55,62,29,18,26,44,57,19,12,14,54,47,7,41,30
30,48,13,23,49,1,26,62,10,4,32,31,35,42,44,55,50,20,2,53,56,14,60,25,61,27,5,36,54,33,59,7,34,57,0,63,28,52,40,29,41,46,22,3,9,11,17,16,43,19,24,21,47,12,39,15,45,18,6,58,37,51,8,38
44,6,10,24,2,45,9,3,51,42,18,20,48,52,26,23,58,54,60,15,30,16,40,4,29,33,19,11,7,27,14,22,0,34,5,46,53,50,1,28,43,63,56,21,49,17,35,25,55,37,59,57,41,36,39,61,38,13,62,8,32,31,12,47
4,60,52,28,23,42,63,41,46,2,22,11,44,56,31,59,18,62,10,29,32,35,12,15,50,0,3,9,54,34,40,45,57,51,13,30,7,27,61,1,8,43,26,19,6,47,58,25,55,33,38,37,24,39,48,5,53,36,14,20,17,21,16,49
12,47,52,11,26,59,24,31,51,25,35,54,38,49,42,58,56,61,55,30,62,22,8,16,39,9,1,5,46,57,29,13,3,41,44,27,23,40,20,37,32,48,10,45,7,43,21,60,17,34,0,19,14,50,36,28,18,63,4,2,53,33,15,6
58,7,11,50,57,33,49,8,54,13,6,24,26,35,22,60,9,17,62,45,2,28,41,44,12,46,55,61,48,19,4,47,40,63,37,15,59,42,1,20,16,34,29,21,32,30,14,56,25,39,31,27,5,3,51,0,10,38,36,18,43,23,52,53
28,22,60,4,3,6,24,56,43,37,63,38,20,25,44,9,13,55,41,18,53,45,11,35,48,15,23,39,12,36,61,14,40,51,34,10,59,30,50,54,2,16,19,57,62,32,42,0,1,27,8,49,47,17,58,26,7,33,5,21,31,52,29,46
5,57,41,40,45,30,14,27,47,38,33,58,29,55,31,56,35,28,23,53,36,32,61,44,60,17,10,51,42,37,11,52,2,43,8,7,3,62,54,19,0,21,1,6,26,25,49,63,59,18,22,50,12,9,24,13,39,4,34,20,16,15,46,48
58,52,55,39,38,59,54,6,49,63,40,50,2,30,47,17,44,43,29,3,41,15,27,34,11,53,7,26,24,8,57,21,20,0,28,16,42,46,33,32,37,31,56,5,10,61,19,51,9,45,4,1,36,25,23,14,12,35,18,60,62,22,13,48
16,41,45,36,62,28,52,44,61,57,3,13,59,47,1,48,49,25,20,53,35,17,50,21,2,23,26,40,34,55,10,56,5,43,11,6,30,32,63,31,46,39,54,19,29,14,0,18,27,38,37,58,22,60,12,9,51,8,15,42,33,7,4,24
16,56,42,23,38,9,7,13,4,10,54,20,8,57,2,46,12,58,24,61,51,22,63,6,19,49,50,30,3,41,53,21,37,32,48,55,59,40,28,43,52,44,15,35,5,36,60,47,1,27,34,33,31,14,29,62,11,17,25,39,45,18,26,0
43,63,57,18,39,12,31,28,48,5,32,11,60,23,7,61,2,38,4,62,35,40,29,52,10,3,33,37,44,24,59,17,47,51,49,16,36,27,41,53,1,55,26,25,14,22,54,0,50,30,34,20,21,46,56,15,58,8,6,19,9,45,42,13
3,5,14,18,12,42,37,8,0,51,1,35,17,59,7,31,9,32,33,49,20,44,4,41,2,23,61,36,53,57,28,63,39,10,45,30,16,15,56,22,50,25,47,58,46,62,60,38,40,24,11,6,19,54,29,21,43,34,26,52,55,13,48,27
12,34,59,0,42,39,37,6,24,25,40,2,7,30,49,38,4,21,54,27,26,32,48,44,45,53,52,18,9,33,51,22,46,47,55,57,17,50,20,62,13,8,28,63,3,36,11,41,31,35,14,10,16,29,15,60,43,56,19,1,5,58,61,23
46,41,45,24,31,32,54,23,39,25,14,62,51,58,42,11,37,48,55,10,21,57,36,27,40,47,20,9,30,4,13,49,6,59,5,18,60,63,56,50,22,35,1,12,7,3,16,19,26,38,33,17,8,43,53,0,15,2,52,29,28,34,44,61
15,26,49,60,44,28,16,31,63,47,48,56,37,13,54,12,27,34,11,23,19,22,61,30,9,46,0,36,5,4,51,50,43,42,59,14,24,21,52,39,6,55,25,53,38,2,29,17,41,3,7,58,20,32,33,62,10,8,35,18,1,57,45,40
34,27,44,51,16,24,45,6,30,36,42,50,17,1,56,40,15,55,52,29,31,23,60,43,58,33,0,20,11,18,53,61,10,49,26,12,8,22,7,25,38,37,54,9,63,59,57,19,47,32,41,62,35,46,39,5,48,4,14,13,2,21,28,3
40,53,59,29,46,58,4,54,13,43,61,12,30,49,15,20,51,25,24,44,28,37,32,63,60,7,6,18,42,10,35,21,39,16,36,55,57,3,26,19,38,22,9,17,23,5,33,47,11,31,45,41,62,8,2,34,0,56,27,50,14,1,52,48
30,32,38,54,17,49,23,55,13,7,35,63,11,14,19,9,57,31,18,39,29,5,0,48,2,27,41,16,25,45,62,26,40,6,60,20,28,15,61,50,34,42,46,51,52,8,22,47,44,36,10,37,53,12,4,56,1,43,58,33,59,3,24,21
9,48,2,50,45,23,54,22,63,34,18,11,38,58,40,57,10,13,15,25,19,5,62,47,36,6,37,49,60,41,17,51,4,1,21,3,53,7,56,55,33,52,20,46,39,0,14,30,28,61,44,27,35,24,16,42,43,29,31,26,59,12,32,8
33,32,17,34,12,57,10,6,41,27,26,22,36,20,0,30,14,54,53,16,31,59,11,4,8,50,24,1,55,21,19,2,63,15,58,9,46,52,25,13,47,61,37,40,35,62,43,45,49,38,23,39,18,48,51,60,28,56,44,29,42,7,3,5
43,59,22,4,5,36,16,19,3,39,34,40,23,38,14,41,7,61,17,63,2,46,42,26,53,58,57,62,15,30,32,31,49,33,0,54,55,6,56,10,18,28,29,35,52,27,21,8,9,48,51,47,50,25,37,1,45,60,12,11,44,24,13,20
5,42,19,18,21,46,63,2,54,3,30,1,15,51,58,41,49,61,13,44,6,38,29,35,43,20,57,32,23,59,31,4,11,16,12,34,10,9,27,33,8,56,47,14,36,28,7,60,22,37,24,53,40,62,48,45,26,17,50,0,25,39,52,55
62,21,23,0,42,20,15,2,35,50,49,39,30,37,55,61,63,56,54,45,11,53,13,9,16,17,22,51,32,58,10,40,44,18,27,59,1,19,46,24,26,52,29,14,60,28,8,12,38,33,48,36,3,43,7,41,6,5,25,47,34,31,57,4
31,44,21,59,40,56,41,3,24,35,18,29,1,38,22,32,0,36,12,5,37,33,14,4,49,9,42,2,60,47,54,50,43,39,11,27,53,62,51,48,10,15,8,55,17,58,23,6,25,52,19,30,61,20,13,46,57,63,45,16,28,7,34,26
5,36,60,16,54,7,28,31,48,39,9,24,35,19,59,8,22,53,6,17,21,18,0,10,13,4,50,32,63,62,51,20,37,58,41,1,11,34,14,56,33,40,46,43,61,55,47,38,29,57,25,52,42,23,3,26,27,45,49,2,15,12,44,30
62,23,58,29,50,7,63,41,40,16,35,3,14,36,47,51,13,18,15,39,46,12,33,49,28,9,4,5,8,11,56,38,57,32,17,19,31,42,54,34,0,10,6,53,45,61,2,30,21,55,60,27,1,26,59,43,44,48,24,25,37,20,22,52
12,5,30,50,44,16,49,27,31,54,51,61,22,32,43,25,42,3,11,37,0,34,40,14,63,53,23,36,56,35,57,33,60,10,62,7,28,55,39,45,6,4,2,17,8,21,26,52,47,38,46,1,58,20,59,41,9,24,13,48,19,18,15,29
28,2,21,19,47,48,45,13,62,59,44,57,25,30,24,49,53,23,8,50,39,38,22,61,54,16,31,33,58,36,60,20,52,56,41,4,34,42,14,9,11,6,43,40,0,46,7,35,63,26,32,1,51,37,12,17,10,27,29,18,5,3,15,55
41,12,14,17,42,45,32,34,6,46,44,40,26,47,25,59,62,43,63,19,50,2,38,9,20,33,51,52,48,13,29,27,53,49,28,4,36,3,39,55,56,31,18,15,61,8,60,5,21,37,24,35,7,0,22,11,30,10,54,23,16,57,1,58
2,32,28,40,23,26,43,36,50,44,49,1,3,19,45,51,22,59,33,16,48,14,18,56,52,30,29,12,37,7,10,25,46,20,21,58,57,53,34,13,63,38,5,6,41,9,54,27,55,42,61,0,62,35,31,8,47,17,15,39,4,24,60,11
19,55,46,42,3,25,56,20,50,54,47,40,62,63,23,12,1,6,8,57,45,16,10,18,26,52,24,53,7,35,44,34,43,33,9,58,27,30,36,4,51,22,14,21,15,41,5,0,38,48,29,60,2,37,39,13,49,17,31,28,11,61,59,32
39,25,35,46,0,56,31,62,10,29,16,13,18,30,61,60,38,1,34,49,9,63,28,11,2,8,55,17,3,52,41,44,22,53,5,4,51,27,58,20,12,57,59,7,33,50,21,40,24,42,32,14,19,45,36,47,37,48,26,6,54,15,43,23
16,9,23,12,45,24,43,47,28,36,50,48,58,54,61,29,42,30,25,56,26,46,10,4,11,27,6,1,13,21,37,19,22,44,18,17,20,40,39,60,53,15,49,57,14,38,5,33,55,7,52,41,51,63,3,34,32,0,8,59,62,2,35,31
6,2,4,51,59,47,57,42,19,7,17,36,20,1,56,37,22,21,60,29,14,13,55,63,5,16,53,61,48,49,11,46,34,52,62,10,30,8,50,58,23,0,32,35,45,31,24,40,3,18,38,15,12,26,54,25,43,33,44,9,28,27,39,41
23,46,52,56,21,13,60,42,61,26,14,4,19,27,63,35,53,29,43,5,32,57,10,8,45,0,20,24,36,30,6,15,9,12,54,3,25,41,44,1,55,47,37,62,40,39,33,50,7,51,58,59,11,49,48,16,38,31,28,34,2,17,22,18
10,12,21,25,45,30,27,1,20,58,24,51,23,34,3,62,31,47,52,56,39,18,6,29,22,35,46,17,11,41,48,2,54,63,44,33,5,37,49,9,60,38,0,26,28,57,14,61,59,19,7,40,15,42,43,50,13,53,4,16,32,8,36,55
17,35,18,22,52,33,36,25,38,56,23,6,39,54,58,14,7,51,60,19,5,9,45,4,26,21,1,34,0,61,16,2,10,29,50,24,48,63,57,28,44,55,37,13,47,42,32,15,30,53,20,31,62,40,3,46,11,49,12,43,27,59,8,41
10,17,20,43,25,44,36,61,21,16,1,9,14,28,0,54,35,12,62,6,55,3,26,11,2,53,30,23,40,29,37,46,27,47,34,33,38,51,49,63,60,13,42,31,56,39,15,8,5,59,50,22,4,52,19,24,7,18,57,32,58,41,48,45
26,16,31,8,51,42,15,18,41,33,56,1,54,20,38,9,4,2,14,35,5,48,40,55,32,24,19,21,62,37,61,11,39,3,25,44,47,58,46,13,22,43,34,49,52,17,6,60,57,12,30,45,23,63,53,27,59,0,50,29,7,28,36,10
42,35,0,9,30,44,39,40,57,15,36,12,18,51,47,43,45,55,10,2,23,17,53,22,59,46,11,3,50,26,7,19,41,58,52,14,37,54,31,63,29,49,5,24,4,25,28,21,60,32,6,38,61,8,48,56,16,34,1,62,13,33,20,27
35,11,43,18,5,42,14,15,60,16,10,46,24,59,25,29,52,51,1,34,33,53,22,58,17,47,28,45,6,40,36,54,49,2,23,27,7,41,26,39,3,21,12,0,50,9,48,38,32,20,31,19,61,13,62,63,44,57,56,30,55,37,8,4
61,32,11,51,2,1,25,39,6,43,44,19,42,31,27,55,33,47,0,38,41,48,40,62,7,24,8,53,54,63,18,59,29,14,23,46,36,57,12,5,60,56,49,58,21,9,22,16,28,4,45,30,13,26,3,37,52,34,35,20,50,15,17,10
25,24,17,0,29,60,43,1,23,61,2,50,35,7,49,6,33,55,57,32,52,46,18,39,63,48,40,26,22,19,16,28,62,58,53,47,41,34,38,56,5,30,13,44,36,20,9,42,10,31,14,12,51,15,4,8,54,11,21,45,59,27,37,3
35,43,37,7,52,58,60,0,3,46,16,57,44,53,13,21,1,36,6,55,42,2,31,32,45,26,34,25,15,23,9,30,48,50,61,63,39,49,62,5,8,28,4,10,56,11,33,12,19,20,41,18,29,22,59,54,51,24,40,17,47,27,38,14
6,21,60,17,35,18,57,47,0,54,55,19,40,14,36,59,63,42,41,39,27,29,28,31,58,16,13,49,38,46,3,50,45,34,32,9,25,7,11,20,61,12,62,15,44,23,43,56,30,8,22,52,4,26,10,1,5,24,53,2,33,37,48,51
22,4,19,51,6,48,26,9,41,12,47,30,15,0,29,36,14,52,18,56,53,58,16,3,62,10,7,33,50,21,60,46,40,35,32,1,20,37,31,42,34,45,63,59,43,2,28,17,27,5,54,55,8,13,49,11,61,38,44,24,23,57,39,25
3,30,14,5,0,2,16,45,28,6,43,39,53,59,29,63,23,35,55,33,27,21,31,48,19,10,36,13,12,38,22,8,62,51,40,11,32,44,15,24,18,47,41,4,37,25,56,60,26,50,20,61,58,17,7,34,49,1,9,46,54,52,57,42
29,24,4,49,1,44,23,33,42,39,12,7,46,53,50,43,15,8,34,26,45,54,52,0,63,28,51,30,60,25,20,61,22,19,48,18,40,35,31,9,56,32,36,3,41,5,2,10,13,11,27,58,55,14,6,16,57,17,38,37,62,47,59,21
37,51,40,14,13,24,23,55,21,5,30,60,35,41,8,36,50,29,4,32,61,15,45,52,62,11,42,16,34,0,63,28,20,59,7,9,54,25,1,12,6,39,49,57,17,47,53,44,46,58,2,48,10,19,33,3,27,26,43,22,56,18,31,38
11,10,50,46,25,40,53,58,42,63,33,21,38,19,62,22,26,17,1,30,29,0,13,56,24,57,3,54,2,51,59,27,18,7,32,36,15,52,39,37,34,61,44,41,20,9,16,28,23,45,31,43,12,8,60,49,55,5,6,14,47,48,4,35
56,15,35,48,18,62,5,51,4,39,22,60,30,24,38,21,41,47,49,20,8,63,42,59,23,50,7,45,14,53,9,34,19,10,43,54,3,17,28,37,32,57,33,13,55,16,31,27,40,29,61,26,25,52,44,58,6,0,12,11,2,1,36,46
13,18,10,31,55,42,28,19,51,27,16,60,59,57,9,23,54,40,48,17,11,5,63,62,33,61,43,15,58,30,2,53,36,25,46,32,12,1,24,22,34,26,29,35,14,8,21,0,6,44,49,7,37,20,52,50,38,56,41,4,45,3,47,39
50,51,20,31,3,45,18,1,16,56,52,38,24,58,30,40,48,49,32,0,44,47,23,5,26,60,22,61,34,17,25,33,62,29,37,46,35,13,59,21,6,4,15,11,42,36,8,63,43,12,2,9,19,14,55,41,7,57,39,53,54,27,10,28
15,31,56,12,4,18,8,23,2,37,54,0,43,13,42,52,14,36,38,41,24,10,35,19,21,34,30,29,55,57,39,5,45,25,28,63,22,32,40,46,50,44,47,61,3,9,27,49,60,26,16,53,7,62,6,51,58,48,20,59,17,1,11,33
38,51,19,14,33,40,3,16,32,62,46,20,24,4,39,55,57,43,58,59,0,34,54,7,18,35,63,27,8,15,52,61,31,2,5,21,13,1,36,60,48,28,11,53,30,47,12,23,26,49,9,45,42,6,50,37,56,41,17,25,10,22,44,29
39,3,16,25,28,15,21,33,48,36,2,29,47,14,22,38,57,5,41,7,13,60,23,62,50,32,6,45,26,53,49,19,61,12,63,34,42,0,43,9,59,20,17,8,18,37,10,56,54,51,4,55,46,40,30,1,58,44,31,52,27,24,11,35
60,50,9,2,41,58,6,10,12,29,3,33,27,17,15,59,21,40,8,23,4,44,62,20,35,46,7,52,18,31,30,24,63,42,5,25,47,54,32,14,37,16,55,38,22,49,0,1,39,36,56,48,45,34,28,53,57,19,51,26,11,43,61,13
23,43,34,46,53,30,3,51,56,61,59,32,44,35,45,25,26,42,31,54,2,62,38,19,14,47,36,1,60,39,10,55,7,13,29,18,6,16,48,33,15,63,49,17,21,41,9,11,58,40,52,27,37,50,24,8,22,12,20,28,4,5,57,0
20,47,24,53,25,38,33,52,42,10,59,15,63,36,2,28,40,17,13,58,55,48,41,3,14,56,61,29,27,57,30,62,11,34,26,37,35,49,1,21,16,4,31,23,6,5,7,18,8,60,50,54,32,12,44,19,43,39,22,9,51,0,45,46
43,58,52,61,11,38,18,40,29,34,41,50,24,0,14,13,46,22,1,42,47,45,57,10,19,35,2,48,9,21,30,27,33,16,53,3,20,6,8,12,59,23,49,39,26,36,51,4,28,31,5,55,63,56,32,7,15,54,37,60,25,17,62,44
18,43,22,25,28,17,49,41,53,59,4,1,60,7,26,5,48,30,9,0,3,2,46,45,23,27,57,10,52,16,62,6,33,35,15,19,12,56,11,20,39,24,38,14,37,31,50,42,54,55,21,58,63,61,29,34,47,13,32,40,51,8,44,36
39,44,38,12,46,49,34,11,33,63,55,61,6,7,36,25,51,40,42,48,8,5,13,57,45,60,27,23,43,21,31,19,50,54,14,30,47,15,18,22,59,2,16,35,32,26,56,24,62,29,17,3,0,41,10,28,20,58,53,9,4,52,1,37
52,26,59,55,27,37,56,47,2,53,28,11,54,34,45,62,14,51,58,9,24,22,38,31,16,35,0,42,1,41,43,30,61,50,33,4,29,40,5,13,21,49,23,36,57,63,19,15,6,46,44,25,3,7,17,60,39,8,18,20,32,48,12,10
26,41,38,62,43,44,63,35,46,39,31,6,23,9,52,22,20,51,3,32,16,11,58,59,1,40,7,49,27,50,2,55,42,33,56,12,37,10,4,48,0,29,25,60,30,45,53,34,28,8,57,14,24,36,61,21,54,15,17,13,19,18,5,47
14,32,12,39,58,47,7,8,0,17,31,26,37,20,2,60,46,19,23,51,13,5,22,50,53,40,34,25,48,55,63,30,43,10,35,16,54,56,59,44,52,21,29,4,45,49,11,15,62,9,36,61,6,38,28,27,57,18,33,24,3,41,1,42
25,40,16,38,52,50,57,11,20,44,30,54,29,34,6,46,14,15,23,51,33,2,47,62,26,35,3,45,36,18,28,55,27,13,63,4,8,12,41,58,37,43,9,42,0,60,7,61,1,10,24,19,56,39,22,32,17,21,31,53,48,5,49,59
3,42,1,9,16,38,56,20,52,54,2,0,10,28,26,25,51,13,45,15,55,41,50,46,47,12,44,53,61,24,35,30,17,36,22,62,63,40,43,39,5,11,18,23,58,4,33,59,19,27,14,6,31,29,32,8,34,48,7,57,49,21,37,60
39,63,13,36,59,28,31,12,5,62,46,48,4,27,41,35,7,6,55,1,44,10,22,29,42,26,50,25,57,19,14,37,56,2,60,58,32,52,54,11,49,30,15,17,33,23,21,3,16,45,0,18,34,24,20,38,43,61,8,9,51,40,53,47
2,47,62,9,27,25,50,57,45,42,29,54,24,3,19,0,18,46,32,55,20,7,31,33,40,15,30,21,6,39,10,49,38,35,14,63,4,58,17,5,1,48,34,11,60,44,61,13,26,36,23,28,12,53,22,52,56,37,59,16,8,43,51,41
4,54,60,55,48,32,26,17,42,7,21,33,41,12,40,62,61,15,0,18,59,46,39,38,19,45,10,11,27,23,34,8,37,16,29,51,56,43,3,14,44,25,58,1,22,24,50,47,6,31,28,35,52,20,30,13,49,53,36,57,63,9,5,2
19,4,42,52,9,39,36,6,30,60,21,12,57,28,3,8,0,31,62,51,55,58,13,47,56,16,37,22,41,25,34,49,54,32,20,44,14,7,10,18,63,11,40,1,26,29,46,38,17,45,48,24,61,43,50,23,5,59,27,2,35,33,15,53
62,45,34,22,50,14,13,7,60,44,38,53,51,31,20,29,55,19,21,16,25,11,3,27,57,17,15,10,23,63,58,26,1,18,49,43,40,47,33,35,41,32,36,6,28,46,39,30,24,8,56,12,59,4,48,5,0,2,61,54,42,9,37,52
4,25,2,43,14,0,57,55,24,26,7,5,62,59,28,13,27,30,42,54,33,44,6,47,36,39,19,56,48,20,46,49,10,9,45,1,18,29,38,8,32,35,53,16,63,50,61,60,58,3,34,11,21,51,23,17,40,37,15,12,52,31,22,41
37,29,61,42,2,59,56,43,21,51,16,60,1,58,0,8,50,3,11,45,24,32,15,63,40,28,27,25,23,44,33,12,5,31,46,52,53,4,55,7,19,26,9,18,57,49,10,34,17,48,6,36,30,38,20,35,39,47,14,62,22,41,13,54
42,21,28,3,1,36,47,20,51,34,14,63,62,24,17,0,4,2,43,59,60,52,7,23,31,5,53,12,55,25,48,6,22,18,45,35,19,61,37,33,58,50,10,40,54,49,32,56,57,15,46,30,27,13,16,11,41,29,38,44,9,26,39,8
60,63,18,12,24,27,39,52,36,33,44,41,28,58,59,29,61,50,53,51,1,2,23,49,17,56,16,10,57,22,15,37,19,31,54,38,8,25,35,45,42,26,20,40,0,47,5,11,9,14,21,32,62,13,3,4,43,34,48,55,30,46,7,6
25,40,15,2,43,8,16,22,35,6,48,36,54,52,5,23,49,3,45,58,29,42,51,32,47,21,11,50,44,41,10,1,27,38,12,14,31,26,9,61,4,60,18,30,34,33,17,20,57,46,13,28,62,24,37,59,63,0,39,19,56,55,7,53
61,0,57,32,13,43,11,59,18,44,30,15,1,3,52,22,35,45,28,37,56,12,41,24,46,10,23,8,50,63,2,5,54,38,33,51,39,16,53,42,17,31,7,25,27,9,36,19,29,60,55,48,49,6,58,47,4,14,26,20,21,40,34,62
61,60,24,47,59,28,41,31,5,37,2,34,6,46,55,43,1,15,51,56,49,30,40,3,13,57,63,10,23,35,21,54,22,14,8,62,7,0,4,53,52,9,50,44,19,27,17,58,42,32,25,18,11,20,48,26,12,36,45,39,33,38,16,29
28,52,34,46,45,25,2,11,44,63,24,53,20,38,30,43,51,13,14,15,7,17,50,59,29,5,16,19,48,23,0,12,54,9,10,47,42,21,58,60,27,33,6,39,62,56,35,1,18,41,22,49,32,40,61,3,37,26,4,57,8,36,55,31
58,36,50,39,11,53,18,56,0,23,22,62,40,6,47,29,1,14,16,17,51,37,48,4,54,25,8,34,13,30,21,38,41,32,57,19,9,63,45,31,44,24,3,5,46,15,2,10,33,59,60,26,7,55,61,43,12,35,52,20,42,28,49,27
37,18,50,48,17,13,31,45,5,6,10,25,26,60,11,42,30,53,41,51,43,16,55,8,59,33,23,54,21,38,12,4,19,0,20,40,14,29,15,22,32,52,2,58,34,61,27,7,49,46,1,39,24,47,57,9,36,56,44,63,3,35,62,28
9,22,54,10,42,24,50,46,0,2,27,25,40,3,39,30,21,60,7,62,35,49,58,33,1,34,16,41,6,31,15,29,63,52,44,19,43,28,5,53,59,17,8,20,45,23,47,48,14,56,36,4,32,18,55,37,61,57,12,11,51,13,26,38
26,48,63,58,20,12,16,50,14,10,31,1,29,15,53,60,2,19,54,59,41,39,6,51,33,17,28,5,4,43,35,57,52,23,32,3,38,55,8,24,25,44,56,36,0,62,34,37,22,7,61,9,42,49,40,18,13,45,21,30,27,47,46,11
22,2,18,41,25,20,58,11,51,29,23,60,56,28,39,40,52,35,27,10,45,55,63,50,42,61,31,47,21,30,44,15,16,32,3,6,24,57,62,33,53,43,17,59,49,0,46,8,48,26,9,5,1,4,36,34,14,13,37,7,38,12,19,54
9,28,29,57,23,33,52,35,59,21,5,0,39,45,60,54,25,15,63,51,62,19,2,41,36,27,44,55,1,20,4,3,32,42,6,26,43,49,46,31,58,53,13,40,30,24,17,56,48,22,12,16,18,10,34,61,47,37,14,38,7,8,50,11
5,18,52,37,42,24,4,34,49,0,45,20,46,62,29,38,9,55,14,22,43,56,2,3,11,31,25,10,1,57,59,15,53,17,44,35,23,40,6,30,19,54,36,50,26,27,63,48,61,8,12,58,16,47,32,51,13,7,41,33,28,39,60,21
53,24,58,20,37,11,7,18,39,41,51,55,1,19,62,49,23,34,14,42,48,26,17,25,63,22,43,9,12,4,44,0,31,30,36,32,50,33,2,28,57,54,10,47,60,5,16,3,6,38,29,13,27,45,52,21,8,59,35,40,15,46,61,56
48,35,21,43,53,62,58,36,17,29,46,49,40,42,28,47,41,18,20,55,30,11,63,16,39,44,60,54,24,15,10,31,0,5,6,1,33,22,23,37,25,38,45,26,57,61,34,9,19,12,7,13,50,14,2,56,59,4,51,3,52,27,32,8
13,56,46,6,31,0,41,25,48,11,19,36,47,59,50,52,26,21,32,8,4,24,34,63,54,17,12,37,29,49,30,22,5,28,62,55,3,60,7,14,9,51,57,27,18,43,38,15,61,53,35,40,44,33,23,20,42,58,45,2,10,39,1,16
24,43,30,31,22,19,28,46,25,23,8,58,42,33,15,44,48,12,27,36,37,60,18,21,5,40,51,62,17,52,45,20,39,38,47,13,34,35,29,11,7,55,0,16,4,26,54,49,1,9,61,59,50,53,32,10,6,2,3,41,56,14,57,63
38,2,33,54,51,22,26,40,0,46,4,5,1,25,35,8,29,60,30,21,63,3,50,41,17,20,6,49,57,28,47,53,9,62,36,19,56,48,14,52,31,59,24,37,43,11,18,27,7,39,45,34,58,23,42,44,61,12,32,16,15,10,55,13
6,33,27,12,47,13,62,32,28,54,18,8,22,38,19,10,46,44,39,53,14,50,36,58,23,48,17,49,25,37,52,63,40,35,42,41,51,0,16,61,60,4,1,26,20,2,45,55,34,3,30,9,59,29,21,57,24,56,43,7,5,11,15,31
3,34,21,51,61,1,58,55,37,28,59,10,24,48,42,44,47,14,9,27,40,16,35,23,11,32,41,38,18,39,36,49,26,17,43,50,0,53,12,45,54,52,63,4,57,62,7,2,8,33,31,15,22,46,13,56,20,5,30,60,29,25,6,19
27,44,22,46,10,53,0,57,34,3,5,56,17,48,59,47,8,23,41,45,49,39,35,37,14,31,55,26,29,36,62,42,16,40,6,38,33,54,51,30,43,7,1,60,2,4,11,58,19,9,28,15,52,61,18,32,12,24,50,21,63,20,25,13
40,23,34,24,59,3,58,60,50,19,20,54,16,36,44,4,22,2,48,12,10,37,43,30,62,61,33,52,56,51,14,47,46,5,15,63,53,21,11,45,55,13,9,7,29,25,39,38,27,17,28,35,42,41,31,6,32,1,49,0,8,18,57,26
47,30,53,4,60,36,16,12,13,62,26,18,43,17,35,61,63,38,3,5,19,56,27,46,24,6,0,20,14,8,23,1,40,11,28,7,15,29,9,50,25,34,49,54,45,44,10,41,39,52,31,51,42,37,59,57,55,2,48,22,58,32,33,21
44,3,27,1,63,42,60,15,61,50,56,2,48,26,53,33,34,62,40,13,43,4,19,52,20,58,51,35,8,57,18,5,10,14,25,28,49,38,12,7,21,17,0,29,41,54,45,24,36,6,47,32,55,23,30,39,31,11,37,16,46,22,59,9
63,55,50,22,42,30,59,26,35,15,56,51,43,61,25,8,49,0,33,24,19,53,40,46,39,32,34,9,3,38,45,29,60,23,7,5,1,18,2,31,11,36,57,12,13,44,16,47,54,6,37,14,27,21,62,41,28,52,4,10,48,20,58,17
56,24,41,37,31,14,46,62,2,3,48,42,16,36,21,23,27,7,55,35,63,38,44,1,52,47,19,9,54,22,57,12,29,51,28,11,13,17,50,53,34,59,10,32,15,5,49,20,26,8,18,25,4,6,58,61,45,60,0,43,40,33,39,30
19,44,43,54,35,30,21,58,13,42,47,14,53,16,34,52,31,4,39,15,50,55,3,59,36,11,49,48,56,27,61,29,2,17,45,8,40,62,28,18,26,57,6,51,5,37,10,38,41,24,33,20,22,9,23,32,25,60,12,1,0,7,46,63
18,30,61,35,12,4,62,45,22,0,3,17,9,36,13,32,29,34,54,14,52,19,59,28,21,15,41,60,6,33,8,42,23,10,40,38,53,37,27,55,24,43,57,31,47,11,49,58,7,16,44,5,56,26,39,51,2,20,46,25,1,63,50,48
44,18,5,58,13,50,59,57,19,39,56,37,3,54,61,16,31,41,52,23,36,60,8,1,4,34,30,11,20,24,46,27,49,22,29,10,51,14,9,38,42,43,17,33,62,55,0,15,32,2,48,40,47,6,28,25,45,35,53,12,7,21,63,26
31,9,56,3,32,38,11,21,27,40,46,35,57,51,13,55,17,43,2,49,62,63,20,36,24,59,1,14,61,12,54,52,34,7,45,26,37,33,29,18,10,58,28,6,48,23,25,0,8,30,22,39,15,16,4,47,42,5,53,44,50,60,19,41
19,4,8,16,24,11,6,51,45,58,9,25,30,2,47,15,0,55,17,36,52,3,49,59,40,34,46,18,42,1,43,26,28,62,32,54,31,27,56,39,21,12,63,38,61,44,13,5,10,41,33,35,50,29,48,20,23,53,14,7,60,37,57,22
6,5,24,34,33,30,57,4,16,9,13,39,25,2,15,32,44,56,0,10,19,45,54,59,29,21,7,26,46,12,22,17,48,63,27,38,8,41,1,52,62,28,40,61,11,18,3,35,42,53,49,60,23,55,36,20,50,58,14,51,43,37,47,31
42,44,23,47,6,60,50,13,57,59,62,40,32,4,38,55,43,0,17,10,20,18,51,28,31,1,34,58,25,48,30,53,2,19,9,56,21,8,27,14,46,12,11,15,45,24,26,63,33,22,29,35,7,41,37,39,36,49,54,61,3,52,16,5
35,40,24,56,14,37,34,47,36,4,49,50,45,22,3,18,9,43,20,0,53,42,28,13,33,19,44,12,61,11,63,27,41,8,25,62,51,32,21,16,38,15,1,39,30,5,7,59,2,29,55,57,54,48,23,6,46,60,10,17,58,52,31,26
16,29,34,17,63,8,45,24,33,61,12,44,1,51,50,32,19,62,54,56,31,53,42,30,10,36,60,7,6,46,38,40,57,52,14,49,11,55,2,5,22,9,58,0,21,59,28,37,35,25,43,26,27,4,3,20,47,48,13,15,18,41,39,23
14,21,55,51,28,49,4,40,7,36,62,45,47,56,32,38,33,39,44,1,50,3,9,16,10,46,26,11,27,31,23,37,52,20,41,29,63,15,54,18,48,13,58,59,57,6,12,35,5,24,43,25,30,34,19,53,42,22,61,2,8,60,0,17
12,29,61,41,39,20,22,15,2,10,23,8,46,6,43,4,57,62,38,44,45,19,56,52,5,51,9,33,59,24,55,21,27,37,14,3,25,18,26,7,36,49,40,32,13,34,31,58,0,11,17,28,42,60,50,1,54,53,16,48,63,30,35,47
4,3,52,5,53,45,27,19,8,30,22,55,21,42,36,26,9,20,0,2,58,48,57,16,28,23,61,59,17,63,62,56,51,38,25,24,34,7,14,39,44,46,41,11,10,49,40,50,1,47,12,31,60,43,33,37,32,13,18,35,15,54,6,29
4,54,27,28,41,11,19,24,52,18,49,53,23,46,3,12,8,21,61,51,63,9,44,15,40,29,50,57,59,25,13,56,32,33,36,39,60,20,58,31,30,62,45,17,43,55,26,38,37,22,14,48,16,35,2,42,7,34,47,1,0,6,5,10
6,36,19,55,37,11,30,7,39,16,56,59,57,18,32,58,4,22,8,43,12,1,2,50,28,51,44,3,24,35,42,23,60,9,13,61,20,25,49,47,14,31,10,26,52,62,27,15,38,17,63,46,34,21,48,40,29,53,45,5,54,33,41,0
55,53,1,12,25,62,63,59,52,27,23,16,8,32,45,13,34,38,47,21,61,18,54,5,48,49,22,15,19,31,42,29,3,11,58,35,41,36,7,43,4,56,6,30,9,39,2,24,14,28,37,20,10,44,51,40,60,26,33,50,17,57,0,46
32,55,29,49,7,13,41,3,63,50,10,57,42,6,45,15,9,8,12,47,30,36,39,23,53,59,60,58,62,27,1,44,4,52,31,37,22,48,11,54,34,33,61,21,56,19,46,28,2,20,16,35,25,24,51,5,14,43,38,26,18,17,40,0
42,44,61,39,46,49,63,51,53,31,14,60,59,55,6,30,58,43,37,4,27,16,26,33,8,12,24,50,11,35,20,17,7,9,45,29,48,10,5,38,28,34,40,1,22,23,57,0,47,56,15,54,36,32,52,62,25,2,18,13,21,19,3,41
23,43,25,18,63,57,34,27,6,1,0,20,19,42,5,9,40,60,8,2,58,24,49,26,29,62,30,45,22,33,17,36,35,4,31,59,13,11,21,3,47,50,56,39,52,14,41,44,53,12,38,46,61,48,51,15,55,7,32,37,16,28,10,54
47,62,52,35,16,54,4,19,59,24,7,18,3,42,33,29,21,10,5,17,40,36,39,26,25,9,57,1,34,30,28,56,63,46,14,20,32,61,60,0,38,49,55,48,13,37,58,22,50,44,45,43,51,31,6,2,15,23,11,12,27,8,53,41
18,7,2,30,21,32,45,12,48,35,20,60,43,10,26,50,31,59,33,24,13,62,23,6,25,54,58,14,51,0,16,27,61,11,53,39,56,63,49,3,5,52,15,44,36,46,22,8,40,47,29,57,37,17,28,34,55,4,19,42,38,9,41,1
13,60,14,20,46,15,1,56,6,4,57,51,58,38,25,48,29,36,22,27,9,12,50,52,33,19,39,35,61,24,43,11,47,2,54,0,44,30,63,28,7,21,31,8,5,45,53,55,41,18,62,23,37,10,42,59,40,49,3,17,34,16,26,32
11,23,41,38,34,19,22,33,51,37,7,59,44,53,2,50,18,3,5,55,24,60,49,48,43,9,4,62,35,57,8,63,16,21,12,10,56,17,54,15,6,45,31,0,20,39,52,46,26,13,25,27,42,30,28,40,1,47,61,36,14,29,32,58
35,15,44,7,26,19,45,41,63,10,40,21,55,23,53,56,4,36,29,22,59,62,51,38,13,30,6,8,47,43,39,34,11,46,17,12,3,52,32,57,50,33,42,16,20,60,48,54,37,5,28,1,24,2,14,31,27,58,25,18,49,0,61,9
28,8,3,23,19,12,57,7,36,25,53,24,15,46,22,62,17,20,59,37,61,13,5,48,38,2,11,45,39,1,18,0,40,30,14,35,51,4,60,21,52,58,31,42,44,56,27,33,43,41,10,55,47,26,34,29,63,9,54,49,16,32,6,50
25,32,56,28,3,22,5,46,13,37,11,44,41,14,2,45,54,47,19,51,4,10,49,33,62,0,7,60,61,27,30,6,12,36,31,50,23,40,48,21,35,17,29,18,1,8,26,9,59,15,34,55,39,42,57,43,16,53,52,20,38,24,63,58
48,10,30,62,40,55,52,26,21,16,19,5,31,17,0,20,22,44,45,57,43,6,25,63,14,9,24,2,59,47,56,58,42,11,37,60,1,15,23,51,54,12,27,32,7,13,18,38,39,8,41,49,28,36,53,33,35,50,61,29,3,46,34,4
28,3,15,62,38,21,36,59,39,16,12,37,10,52,63,7,45,55,17,11,26,53,6,44,43,9,61,51,57,23,34,18,56,24,20,25,4,50,29,31,35,47,58,13,30,22,49,46,40,32,54,48,42,41,60,19,1,27,8,5,0,14,2,33
47,11,61,35,20,42,3,57,19,9,55,16,40,60,28,7,58,12,51,36,22,26,13,41,49,53,50,8,17,54,0,4,10,2,52,56,21,63,48,23,6,59,43,37,18,34,45,24,1,27,39,62,32,33,44,31,15,38,29,30,46,25,14,5
13,10,32,46,30,63,9,44,62,40,17,11,2,58,36,37,0,59,51,7,54,43,39,28,45,57,31,61,33,34,23,41,42,16,18,8,53,26,49,25,38,14,1,56,12,22,20,47,55,4,15,35,29,48,5,21,3,27,24,50,6,60,52,19
26,48,60,1,44,29,61,40,41,14,55,42,35,56,27,0,16,49,8,10,4,25,59,32,37,47,53,13,30,39,63,7,28,21,6,23,11,19,36,43,5,17,38,52,50,33,51,12,24,34,22,54,45,2,9,18,46,57,58,15,20,62,31,3
33,58,59,30,41,5,55,3,21,27,17,11,24,40,63,43,4,52,14,26,23,18,37,32,42,61,35,34,62,60,29,36,1,51,48,45,10,31,57,9,0,53,49,6,54,15,25,44,50,38,19,13,46,28,20,8,56,22,39,16,47,12,7,2
62,3,61,40,39,60,49,24,23,47,51,43,19,57,63,9,17,26,44,58,46,56,14,37,6,15,12,55,8,35,7,33,13,11,42,31,4,1,30,10,50,21,38,54,20,5,28,25,16,34,2,36,29,22,52,27,18,45,59,32,53,0,41,48
6,25,29,58,49,37,28,40,31,21,55,10,18,33,32,54,36,41,57,46,52,8,39,56,47,62,2,43,27,34,30,5,15,4,17,7,16,24,63,59,60,38,50,13,12,14,51,48,23,0,9,53,3,35,26,22,42,61,1,20,44,45,19,11
22,40,47,9,2,53,60,51,32,44,20,5,54,27,31,1,42,63,56,26,6,45,12,34,49,16,43,41,35,0,36,58,23,46,48,11,19,50,39,57,52,30,37,38,29,55,21,13,61,14,7,17,8,15,10,28,24,4,33,62,25,59,18,3
14,44,7,53,33,22,59,41,30,11,61,43,19,23,3,48,25,56,8,20,52,62,45,49,38,0,31,17,37,10,57,16,28,27,42,26,4,36,51,40,21,9,5,60,6,32,34,29,46,12,58,63,13,2,39,15,47,54,55,24,1,35,50,18
39,46,14,27,56,38,43,62,5,0,33,63,40,50,10,49,34,32,9,47,26,16,54,6,20,15,8,31,19,60,29,3,58,17,25,13,21,4,36,41,37,35,53,45,44,23,59,28,57,24,12,11,42,52,18,51,55,61,7,22,2,48,1,30
8,56,39,18,43,5,48,29,62,38,31,32,50,37,53,41,12,19,45,30,59,60,25,34,0,47,7,26,10,57,55,40,28,52,51,11,2,46,33,35,27,54,58,24,21,16,61,13,17,36,4,22,15,44,9,23,63,3,6,42,20,1,14,49
36,6,9,56,10,43,0,42,59,5,37,20,47,2,48,32,1,52,24,57,60,13,25,55,53,15,63,50,12,39,17,4,31,33,51,26,23,41,28,38,8,30,62,14,46,22,44,54,49,16,40,21,45,18,61,29,11,58,35,3,27,7,19,34
51,53,15,31,1,14,9,5,32,33,58,10,4,16,59,30,23,50,49,55,40,29,28,12,7,19,11,37,44,3,47,56,60,25,54,20,38,45,6,57,8,39,61,24,22,2,62,34,26,41,43,21,17,42,35,48,36,27,13,46,63,52,18,0
17,61,62,10,48,58,34,11,8,45,46,44,63,49,52,30,39,12,59,6,13,27,5,2,53,15,24,36,41,38,55,35,14,23,29,25,9,51,22,37,4,3,47,33,21,18,50,0,32,40,7,31,26,57,54,42,20,43,56,19,16,28,60,1
40,34,28,61,59,47,16,8,13,24,49,29,32,45,15,14,57,52,31,30,12,25,55,11,60,10,22,56,53,62,21,51,3,44,39,41,48,7,6,19,1,46,36,37,50,27,4,9,42,35,18,20,54,43,2,0,38,17,33,5,58,63,26,23
57,14,30,2,45,35,32,12,31,21,47,53,5,27,33,18,62,50,28,23,24,13,52,20,38,34,6,58,51,42,63,61,1,44,16,8,60,59,3,41,55,0,48,15,19,37,29,4,7,54,9,56,43,26,11,39,40,10,22,49,25,36,46,17
15,37,59,29,60,54,3,58,17,16,57,18,12,19,20,7,47,1,46,31,5,41,50,21,56,2,22,63,43,28,26,25,0,62,14,13,9,36,42,48,52,11,39,49,24,61,8,34,32,30,10,40,4,53,55,6,33,51,44,45,23,38,35,27
38,53,5,34,61,41,57,58,6,31,19,1,39,43,15,18,20,36,49,11,32,14,4,30,48,21,56,47,3,12,7,26,63,24,29,44,60,23,51,22,2,27,8,52,28,50,37,55,62,46,16,13,42,0,40,59,25,9,35,17,54,33,10,45
7,18,35,29,57,21,31,11,54,2,33,45,20,26,28,14,61,9,39,5,16,19,12,53,36,4,41,30,47,1,52,59,38,62,50,24,13,49,23,27,51,46,37,58,55,44,60,34,15,3,6,32,42,17,10,0,48,40,56,63,22,8,25,43
12,47,48,24,18,56,29,10,52,4,34,46,13,45,33,23,35,63,16,17,59,37,8,41,11,14,39,60,55,0,32,42,36,28,22,19,26,53,57,25,27,40,44,61,54,7,30,50,49,6,3,51,20,21,9,58,2,43,5,31,1,62,15,38
59,6,7,9,39,29,21,61,56,37,28,12,62,54,58,17,60,36,14,2,40,31,57,26,49,38,32,24,55,27,50,3,53,22,34,25,30,52,0,46,15,35,10,48,23,43,20,63,44,47,33,11,8,16,13,18,51,4,1,19,41,5,42,45
13,51,22,38,41,9,25,19,62,3,45,23,37,20,14,50,54,10,60,57,43,56,29,58,63,48,11,6,2,30,55,34,46,61,4,1,36,32,44,12,47,21,31,59,0,24,35,49,15,28,5,27,33,40,7,8,26,42,16,53,17,18,52,39
35,39,62,33,47,28,30,63,53,32,14,21,23,25,20,38,19,58,18,29,15,34,26,24,51,11,36,61,8,17,49,43,55,12,22,27,37,13,1,16,52,54,46,56,2,60,31,6,57,7,48,44,9,40,50,0,42,45,59,10,3,41,5,4
13,17,58,18,55,47,42,59,36,3,32,63,26,39,30,61,29,2,44,20,23,14,4,60,46,8,45,51,0,56,27,28,53,22,35,52,41,19,31,9,21,37,54,43,50,57,33,16,48,38,49,62,40,6,10,15,34,25,5,1,11,12,24,7
42,14,8,25,4,54,57,26,1,35,3,51,16,36,46,21,53,39,60,5,44,55,7,48,11,19,49,45,29,33,10,30,17,62,52,61,18,12,63,0,23,20,9,40,27,59,56,37,6,32,31,24,34,50,43,15,2,13,22,41,58,38,47,28
29,22,10,45,57,60,23,17,27,28,31,38,20,43,18,46,50,14,1,47,49,42,12,11,33,5,62,59,35,2,54,52,0,4,16,56,61,15,3,25,8,51,24,26,37,63,30,55,53,39,41,13,40,32,48,58,36,21,19,6,34,7,9,44
53,48,28,4,47,0,61,44,22,58,21,39,2,13,52,59,10,34,42,9,62,15,31,18,29,25,51,20,26,30,60,12,6,40,50,7,46,49,27,36,16,56,37,38,35,1,3,54,33,24,43,8,5,17,19,14,32,57,23,11,41,63,55,45
0,25,17,42,12,61,15,26,7,30,2,33,6,51,8,59,45,39,4,54,55,53,28,14,50,47,62,18,27,63,29,38,36,35,3,10,24,5,20,1,19,16,13,49,46,48,9,40,60,43,32,31,11,44,41,56,21,58,23,22,57,34,52,37
52,5,42,30,60,59,29,23,10,24,51,32,15,6,61,54,19,20,50,0,37,41,14,43,63,62,7,34,40,9,18,13,56,25,1,48,47,39,26,36,21,53,28,16,22,12,58,4,44,33,49,46,45,8,55,17,27,38,57,11,31,3,2,35
9,25,16,26,35,41,23,6,59,34,31,39,49,10,52,50,56,15,3,60,17,58,30,4,42,63,32,28,47,1,40,37,0,13,46,36,21,55,11,45,29,57,48,38,54,8,18,62,33,20,27,44,22,53,24,43,51,2,19,14,7,61,5,12
15,4,12,54,19,51,7,50,47,59,10,6,27,32,42,56,8,20,11,24,63,18,43,49,14,33,52,5,58,39,17,25,55,44,40,30,1,38,37,3,23,48,13,29,35,9,60,31,41,62,36,34,21,0,2,16,61,26,22,57,45,53,46,28
40,14,25,32,15,0,16,4,36,33,26,62,8,50,56,34,61,24,48,17,59,27,54,30,58,63,6,46,3,5,10,45,23,7,47,1,60,57,28,41,21,43,51,39,19,18,13,29,35,12,55,22,49,31,38,2,20,53,52,44,9,11,42,37
15,23,40,12,26,8,38,56,53,19,6,30,52,63,31,54,29,2,22,5,34,60,3,1,55,14,39,20,36,58,45,37,61,9,21,32,33,25,10,7,13,50,18,62,16,48,43,17,51,11,27,35,59,57,42,49,46,47,44,24,41,28,4,0
49,34,40,31,21,10,25,33,30,44,46,48,41,54,24,32,28,47,20,18,37,51,16,22,39,61,38,14,12,45,11,2,27,1,60,36,42,13,15,57,17,43,35,7,55,19,62,29,9,56,53,0,5,52,63,50,58,23,3,4,26,59,8,6
4,58,27,56,38,8,32,3,43,25,5,44,17,48,9,15,41,57,45,55,53,7,31,2,52,23,59,18,36,22,50,26,29,33,47,51,28,0,1,63,21,40,35,30,10,19,12,24,62,54,14,20,16,13,46,61,37,49,6,34,11,39,42,60
33,32,50,10,24,63,23,49,11,54,25,29,57,1,39,28,60,13,6,9,46,44,2,51,61,36,16,62,43,58,38,14,19,42,0,20,18,34,12,48,40,47,22,4,21,56,45,5,41,53,15,26,27,35,17,55,59,37,52,7,30,3,31,8
15,21,13,20,5,38,22,61,37,57,23,26,56,58,60,14,9,45,35,17,10,19,25,36,46,31,1,39,6,62,2,4,29,18,32,53,27,47,7,55,33,8,48,50,12,28,16,30,42,0,11,51,54,3,44,63,52,24,43,49,59,41,34,40
33,18,35,44,61,27,43,19,20,2,30,3,10,63,55,0,25,40,23,42,14,29,39,57,26,46,54,49,22,17,31,56,6,59,9,11,16,1,7,38,15,24,45,52,8,32,47,36,51,4,34,53,13,28,21,12,5,37,62,50,60,48,41,58
54,60,4,16,51,27,59,2,30,35,28,5,39,17,11,1,22,18,24,40,0,53,33,26,56,55,21,34,3,62,23,49,36,52,46,45,48,19,57,9,6,25,14,43,50,38,37,29,42,41,13,44,7,47,58,12,32,31,61,10,8,20,63,15
31,19,61,6,42,50,49,35,47,22,32,58,18,15,44,45,2,43,54,3,24,27,9,52,14,37,56,51,57,41,36,0,34,28,21,29,1,33,23,40,7,48,17,8,10,5,13,12,59,26,39,62,20,53,46,4,38,30,25,16,55,11,60,63
17,6,18,21,33,59,19,48,32,53,40,2,24,31,22,42,55,44,23,50,63,8,41,52,4,43,3,58,14,27,13,51,60,15,5,45,0,20,57,36,28,16,9,49,1,54,47,35,61,38,39,25,12,29,26,37,10,7,30,34,56,62,11,46
24,48,45,32,63,52,31,25,59,7,17,34,47,20,49,0,27,42,14,41,2,6,44,11,54,9,12,33,15,40,28,53,21,51,10,16,38,5,8,35,56,4,1,39,36,60,58,26,22,55,30,3,61,19,29,13,23,37,62,43,57,46,18,50
29,23,58,41,50,6,14,3,1,2,59,5,42,18,56,26,37,32,45,46,40,28,54,48,7,57,4,30,11,0,9,17,62,36,63,38,47,13,52,20,16,31,60,53,22,44,21,49,12,34,8,55,33,27,51,25,35,43,19,24,15,10,39,61
19,49,8,18,63,26,36,28,14,15,54,48,46,22,39,55,13,43,60,42,44,24,57,40,17,1,27,6,38,41,59,29,16,0,51,4,21,37,56,20,34,11,3,58,30,53,32,35,61,23,31,33,50,25,12,10,5,9,62,45,52,2,7,47
11,52,53,32,22,27,25,26,49,61,30,45,56,5,31,63,12,14,55,0,35,21,39,47,62,58,19,51,38,8,44,15,60,23,6,36,50,34,24,16,59,9,13,43,42,10,54,20,7,41,33,48,46,18,1,40,3,4,29,28,57,37,2,17
13,7,23,21,37,27,53,24,48,59,42,58,22,31,40,57,26,35,36,10,0,47,55,63,29,33,43,6,62,39,11,49,1,17,54,60,4,52,9,20,50,51,34,41,32,45,19,28,30,44,38,5,12,25,56,3,61,16,2,46,14,18,15,8
36,21,1,24,2,52,16,56,39,14,37,30,40,15,35,13,6,63,51,5,20,23,10,28,19,33,12,59,3,8,31,44,22,45,11,32,49,4,17,25,7,55,9,0,62,48,18,38,50,53,29,34,43,57,26,27,58,47,60,46,61,54,41,42
48,23,22,10,30,36,11,12,13,24,29,15,19,50,8,21,43,31,59,25,26,55,35,61,28,4,60,16,27,46,62,9,45,7,37,32,49,38,56,40,17,6,51,53,14,2,0,57,54,34,52,42,63,33,39,3,5,20,58,47,18,44,1,41
61,59,42,0,29,17,4,57,7,41,19,32,22,3,6,38,54,9,40,24,35,20,26,48,15,10,31,50,11,51,8,45,60,23,28,14,18,5,52,34,27,49,36,16,53,2,44,63,1,21,12,62,47,25,46,43,55,58,33,39,56,30,13,37
9,44,28,35,21,14,23,27,10,46,16,51,43,17,47,32,39,2,18,62,59,33,52,49,3,36,53,0,60,56,54,45,6,5,19,29,63,57,13,55,38,7,15,11,20,4,61,48,1,24,30,26,31,22,12,40,50,41,37,8,42,34,25,58
35,22,51,38,23,43,16,49,21,57,0,1,5,32,33,59,36,55,30,2,24,26,15,20,61,8,29,39,40,53,62,56,17,28,4,13,10,27,46,48,44,19,6,11,37,12,42,3,41,31,14,63,50,58,60,52,47,25,54,45,7,9,34,18
63,52,0,47,37,59,36,13,5,31,50,1,33,4,61,7,16,56,30,9,49,22,26,19,54,10,44,25,57,45,35,12,27,46,41,14,11,60,38,23,55,18,3,2,48,39,15,40,62,53,34,28,24,51,20,29,6,32,21,17,58,42,8,43
15,38,23,32,24,56,50,34,30,27,63,36,47,8,46,48,3,55,59,13,5,4,51,26,0,43,14,39,18,1,22,44,35,45,57,9,20,52,54,25,62,7,2,33,11,49,42,41,16,17,29,61,19,53,28,12,58,31,60,10,37,6,40,21
11,62,38,0,14,43,18,4,28,8,44,24,7,16,25,39,51,23,5,42,49,57,54,63,53,41,59,60,52,17,27,31,50,12,15,29,32,58,2,30,10,21,40,36,20,37,55,45,6,26,56,46,35,34,61,22,3,19,47,9,13,1,48,33
17,46,57,12,59,43,28,13,41,52,8,47,32,22,51,6,16,21,33,50,60,34,36,25,44,61,14,24,48,39,54,3,4,63,35,0,9,7,11,37,38,5,62,30,18,29,1,53,49,40,31,27,56,2,20,10,55,19,42,26,45,15,58,23
26,48,38,7,24,17,44,23,22,3,45,16,20,21,11,1,59,27,12,5,53,0,61,34,4,32,9,49,33,2,18,37,42,6,62,40,13,41,31,54,47,55,57,51,15,8,58,10,63,43,35,60,36,29,39,50,30,56,46,19,28,14,52,25
53,12,8,26,39,13,14,57,11,56,58,59,9,3,44,21,10,37,20,35,45,50,15,62,4,42,49,17,32,38,30,2,54,36,61,25,60,0,48,52,34,40,6,33,5,27,43,63,1,41,46,24,31,55,19,23,51,47,22,18,7,29,16,28
55,13,0,44,30,62,20,8,43,16,33,11,3,63,35,21,50,56,2,6,49,15,58,40,57,25,48,47,54,12,14,22,4,36,32,5,61,26,59,28,1,34,9,29,60,53,19,18,42,10,52,7,38,39,23,41,51,37,31,17,45,46,27,24
42,34,1,57,12,28,44,29,63,30,39,59,31,23,32,2,62,16,60,36,19,10,20,33,0,40,26,6,48,43,55,41,21,7,24,15,3,56,9,18,5,17,38,47,45,27,22,4,13,35,61,11,14,37,25,58,54,49,53,52,50,8,51,46
47,3,23,61,26,24,19,29,15,1,4,22,35,25,56,20,18,8,38,0,31,57,27,2,59,36,5,51,54,9,55,28,49,48,42,41,13,14,50,52,17,39,44,30,10,45,32,60,12,21,33,11,53,46,34,43,16,58,7,62,63,40,6,37
10,47,46,36,1,38,55,40,25,33,58,30,20,27,50,62,18,60,56,15,48,9,29,63,6,19,57,35,24,12,8,23,45,52,21,31,61,51,32,28,53,3,16,13,54,5,34,42,41,59,44,11,14,2,37,0,39,22,17,26,49,7,4,43
2,15,32,18,36,25,45,8,9,51,35,22,57,39,23,5,44,34,21,63,14,40,60,7,46,49,59,61,50,27,6,20,28,0,42,38,13,19,62,33,55,26,43,54,58,10,37,48,16,3,53,12,31,30,56,1,24,17,29,41,11,4,47,52
32,52,56,14,3,42,17,19,7,11,30,12,18,60,10,0,23,6,16,35,33,13,24,8,38,62,28,61,34,4,5,40,51,25,47,27,26,45,58,15,36,29,20,53,59,57,49,54,2,63,48,43,50,41,1,37,46,31,21,9,55,22,39,44
3,17,48,34,20,15,22,40,50,44,6,0,54,46,59,30,19,45,62,12,9,49,29,41,57,1,5,39,43,25,16,11,53,37,2,10,4,8,24,56,32,23,58,63,60,21,51,55,18,31,26,47,14,28,42,33,27,52,35,13,61,36,38,7
42,43,31,10,52,3,33,5,51,60,59,12,61,4,57,45,49,53,0,27,54,19,56,55,24,26,23,35,9,8,39,62,6,48,47,30,14,34,38,36,58,32,17,44,7,37,20,63,50,29,18,13,11,2,21,46,41,16,40,28,15,22,1,25
43,6,50,35,32,0,23,51,18,42,63,52,3,29,24,10,48,46,25,58,17,54,19,11,4,44,38,41,62,36,49,34,55,47,59,37,31,21,61,26,45,12,27,28,33,60,5,1,57,14,16,20,39,13,53,15,7,9,30,22,56,40,2,8
40,8,51,26,54,44,5,49,52,27,41,18,11,45,47,35,4,42,6,7,13,21,25,19,2,1,46,15,59,60,10,63,34,36,23,57,38,24,61,58,22,37,31,50,9,0,20,16,17,39,3,55,30,32,62,43,33,56,29,48,14,28,12,53
63,21,35,5,62,13,26,3,61,50,8,59,33,12,20,31,29,9,22,48,37,57,24,34,54,47,52,7,15,42,30,41,58,18,45,14,38,25,46,60,39,36,27,55,11,10,4,32,2,16,56,43,17,28,0,19,1,49,51,23,44,53,40,6
3,40,4,18,58,41,30,36,23,21,39,61,47,8,45,46,60,20,7,55,5,11,22,15,34,6,16,63,10,59,38,14,62,35,13,32,56,25,19,57,50,26,48,37,49,53,42,12,9,33,29,43,24,31,28,2,54,44,0,51,17,27,52,1
31,53,63,36,49,56,9,28,30,33,24,38,35,45,18,21,54,46,58,57,27,39,26,29,62,51,16,4,52,41,20,12,8,32,40,34,60,55,14,1,42,37,6,22,10,7,50,43,13,11,47,23,59,3,48,2,44,5,19,15,0,25,61,17
22,35,52,5,58,18,44,0,23,6,50,14,9,42,60,12,27,57,32,13,37,20,25,28,33,8,1,43,21,63,55,40,49,16,62,53,7,36,29,59,24,10,17,54,30,51,46,48,19,47,11,39,15,2,41,56,4,38,3,34,45,61,31,26
5,54,8,3,52,43,27,35,36,9,37,38,33,19,51,18,34,30,42,47,20,55,4,1,25,46,39,6,31,13,10,32,60,16,49,23,57,56,58,11,59,48,7,44,29,50,63,28,14,61,15,21,40,53,24,41,12,2,26,17,22,0,62,45
22,1,27,30,21,8,11,42,61,0,37,35,2,62,3,15,10,60,63,19,45,51,55,41,36,12,49,59,7,6,23,17,46,43,20,50,54,31,56,16,48,57,29,5,28,26,24,13,25,34,39,9,4,38,32,33,53,14,44,52,47,18,40,58
31,21,55,54,33,47,52,16,0,10,29,45,11,50,18,13,44,62,30,17,39,26,40,8,38,42,7,34,12,46,35,48,5,28,20,14,22,27,23,59,57,19,61,24,49,41,32,1,4,58,6,43,56,37,9,60,63,2,25,36,3,53,51,15
53,59,57,12,14,54,27,50,55,38,41,13,9,0,32,6,15,40,62,39,24,34,46,8,7,29,52,19,37,11,30,31,2,28,18,36,56,23,26,48,45,44,4,22,5,16,20,42,58,47,61,17,10,21,49,1,43,3,33,35,63,51,25,60
10,34,8,51,30,54,21,19,47,42,28,17,48,41,22,24,20,49,33,12,36,57,59,55,38,4,35,56,46,63,26,11,50,27,15,25,23,45,31,18,62,29,43,7,16,13,39,0,53,52,37,44,61,5,58,40,3,14,60,2,1,6,9,32
55,20,23,29,11,35,19,38,33,4,24,60,13,25,54,7,26,1,32,47,44,0,8,46,31,62,39,41,45,2,34,12,59,30,14,42,63,52,43,21,18,16,17,50,49,48,27,53,15,51,40,3,9,6,28,61,37,56,36,22,5,57,58,10
59,63,45,16,31,24,55,25,52,60,33,56,30,3,38,48,13,4,9,49,35,43,54,8,18,12,11,6,10,26,20,14,51,23,28,2,58,37,46,34,39,50,27,1,19,21,0,17,29,22,61,62,32,53,42,40,47,5,36,15,57,41,44,7
17,10,0,11,40,50,5,13,23,42,7,37,31,4,36,1,41,38,59,32,16,29,55,21,8,28,20,19,47,62,52,22,26,60,6,49,57,9,53,44,34,14,63,12,61,48,15,2,30,33,54,24,45,39,3,35,58,51,56,46,18,25,27,43
5,13,50,47,52,32,8,43,7,48,54,49,26,42,25,35,24,41,60,40,56,19,33,45,61,34,59,62,12,53,38,30,46,22,14,31,20,3,17,57,1,21,16,6,44,9,55,11,36,2,29,27,63,23,39,15,4,28,18,10,37,58,0,51
28,49,5,43,46,44,53,55,26,41,32,60,13,25,2,14,22,54,12,23,19,30,31,52,37,8,42,29,18,0,11,1,16,48,35,62,21,36,63,27,38,9,51,56,20,57,15,50,61,39,3,7,59,47,4,6,58,24,33,17,34,40,45,10
2,33,1,21,36,5,62,59,49,13,12,32,25,43,23,47,9,26,46,19,38,29,50,0,48,57,42,52,15,6,14,37,60,54,53,44,31,4,17,58,10,18,39,63,61,27,22,34,20,28,51,40,45,35,56,3,8,7,30,41,55,24,11,16
34,2,52,26,53,32,18,49,29,24,5,36,14,7,44,60,41,50,35,23,51,30,57,4,63,1,59,8,28,46,27,3,20,19,10,48,9,43,40,21,11,56,58,38,15,25,47,0,45,22,17,6,55,33,16,13,54,12,37,42,62,61,31,39
55,3,26,45,11,53,36,6,42,18,41,49,29,34,40,59,20,23,1,54,14,12,37,61,52,4,62,5,35,2,27,25,63,38,22,33,16,30,44,28,58,0,32,56,21,60,31,39,19,10,8,50,48,51,57,15,46,24,43,47,9,13,7,17
5,32,52,17,18,39,49,55,27,34,57,43,46,48,16,35,0,12,42,59,2,7,1,47,63,3,9,19,4,8,38,22,41,50,28,30,6,56,25,60,40,37,24,26,13,33,58,29,61,54,21,53,10,14,20,23,51,15,44,62,45,36,11,31
53,32,56,7,22,36,13,57,8,16,10,29,49,60,11,18,41,0,59,17,9,48,28,50,31,12,45,6,27,54,21,14,20,15,58,46,33,3,62,37,25,39,44,40,1,47,38,35,52,19,5,55,24,34,51,42,63,4,30,26,23,43,2,61
11,58,61,62,12,15,37,43,41,50,31,46,4,2,30,7,20,60,19,17,49,26,10,36,39,21,54,22,5,8,9,13,27,35,45,42,23,33,14,53,3,25,6,16,34,55,0,57,29,44,47,63,48,40,18,56,38,28,32,51,1,24,59,52
58,25,13,18,27,15,12,34,45,0,21,23,40,5,16,33,41,22,62,44,59,20,4,43,48,1,24,29,31,55,39,3,6,11,61,57,2,26,63,36,60,53,10,37,17,50,9,38,32,46,28,52,42,47,49,54,14,35,56,8,30,51,7,19
11,2,31,32,47,20,29,39,28,56,59,49,25,61,48,40,15,16,62,41,50,42,10,3,5,33,37,30,51,12,23,24,8,9,22,7,43,63,34,13,46,27,4,36,18,0,57,35,52,1,17,6,53,54,26,21,14,58,55,19,38,45,44,60
8,11,5,55,4,29,61,44,19,58,47,10,31,17,35,43,46,0,63,27,30,34,20,28,40,9,59,56,13,51,54,62,39,15,37,45,41,38,60,26,32,48,52,42,49,50,3,7,33,23,6,36,25,2,14,1,24,53,22,57,21,16,12,18
35,13,41,22,58,4,34,31,9,43,16,40,27,17,24,61,14,44,3,11,28,21,56,46,51,59,7,47,55,37,45,10,23,36,62,15,53,19,42,39,1,50,30,48,38,20,26,0,25,57,52,2,6,12,49,8,32,5,18,54,29,33,60,63
43,63,37,39,14,48,19,31,34,50,54,11,47,33,16,58,25,26,46,30,56,7,38,60,55,3,57,5,45,1,61,6,59,29,62,28,36,49,12,2,40,52,8,44,51,18,42,0,24,32,21,22,23,53,35,20,17,4,13,27,9,10,15,41
10,44,37,2,58,36,39,12,32,20,11,29,40,47,41,43,51,28,5,7,59,17,18,0,31,16,35,14,50,34,22,55,6,38,1,54,33,27,60,24,9,53,42,52,56,30,13,19,45,46,62,26,48,4,25,23,49,61,57,15,8,3,63,21
7,36,1,2,60,34,23,5,21,38,0,12,9,40,33,39,56,42,51,13,17,58,32,25,37,57,53,31,54,28,16,18,47,4,30,50,61,27,35,24,15,22,19,11,55,62,48,59,41,8,3,10,49,63,45,52,29,26,46,20,6,43,44,14
20,0,49,10,39,7,24,56,8,2,11,30,4,44,55,35,25,46,60,32,43,9,17,58,3,37,12,51,50,52,19,45,1,41,53,6,13,33,57,28,40,34,16,27,23,22,47,54,48,26,42,21,62,38,61,36,31,18,14,5,29,63,59,15
2,22,12,28,4,60,34,7,43,58,14,52,59,35,17,38,45,25,47,51,26,20,5,15,36,19,16,23,1,48,63,37,3,55,42,21,53,32,39,40,18,50,8,57,54,0,49,31,29,11,6,9,10,62,44,27,13,61,30,24,56,33,41,46
26,5,46,1,10,58,45,20,37,0,41,49,57,33,44,2,32,31,34,52,61,30,4,43,54,15,40,25,48,12,17,35,8,7,24,42,55,51,27,59,28,53,6,21,22,60,23,63,36,13,3,29,11,18,39,19,56,38,62,47,50,16,9,14
33,56,24,13,45,28,53,26,49,18,6,15,55,21,29,41,0,12,19,1,7,36,47,59,35,2,43,34,63,42,3,37,50,4,60,52,57,10,9,46,44,8,25,22,16,31,48,54,27,58,30,38,11,17,40,61,20,32,62,5,14,51,23,39
10,35,17,12,3,38,29,53,59,60,16,34,14,43,19,18,51,11,9,39,22,27,23,57,48,56,5,54,1,42,13,2,32,47,26,0,55,15,24,7,4,28,61,31,21,8,50,63,40,6,44,49,58,41,45,36,30,52,46,62,20,25,37,33
62,36,29,9,41,56,57,30,21,35,16,1,20,37,49,58,31,48,12,5,53,38,2,28,50,40,33,23,15,32,60,59,55,45,27,24,7,46,4,47,39,25,8,11,61,3,6,0,63,13,52,34,17,22,19,44,26,51,43,10,54,14,42,18
42,21,26,43,54,23,60,22,34,51,11,62,6,47,7,18,35,0,13,32,25,19,27,38,39,63,49,29,15,53,41,1,44,20,12,3,52,33,55,8,9,4,36,40,24,50,14,17,59,48,58,28,10,45,56,2,37,16,46,5,31,61,30,57
61,37,56,58,40,17,52,29,9,28,6,50,10,16,27,53,25,20,19,57,41,34,14,47,39,44,11,60,36,42,62,7,2,51,43,15,38,23,46,24,63,4,1,31,21,13,49,5,26,33,3,0,59,54,18,55,45,8,32,22,48,30,35,12
12,36,49,7,22,44,47,30,40,46,0,60,50,57,45,56,17,10,54,43,41,24,31,18,53,42,37,8,13,26,23,11,9,51,5,63,19,39,58,16,3,25,27,32,6,15,1,61,48,34,38,14,33,29,52,2,59,21,28,62,4,20,55,35
43,24,44,56,52,34,37,41,49,30,38,13,2,10,25,1,9,8,35,46,18,4,59,16,7,55,19,3,11,21,26,31,40,58,12,50,54,22,27,28,61,6,5,39,63,47,14,60,62,17,33,20,53,0,45,51,29,32,42,15,23,57,36,48
23,36,38,15,6,53,28,63,57,62,54,52,58,61,33,56,7,35,4,18,22,14,42,10,31,29,60,34,9,51,47,41,13,8,17,48,40,25,49,50,32,5,2,21,43,0,26,12,59,45,16,55,11,19,20,39,30,46,3,37,44,24,27,1
23,15,0,34,19,5,56,20,41,35,48,58,31,55,14,12,62,18,40,21,17,13,25,30,16,51,52,33,10,60,63,42,6,50,3,54,38,7,2,4,37,39,47,1,27,28,53,43,36,11,9,29,26,46,44,22,61,45,8,57,32,49,24,59
23,9,15,4,38,56,50,16,57,26,63,2,32,21,10,36,55,11,62,7,14,52,58,13,53,59,54,24,8,29,17,60,42,37,3,22,28,12,48,43,39,1,51,61,0,35,34,41,25,31,18,47,33,30,45,40,5,19,20,27,46,49,6,44
1,17,52,33,48,60,15,29,9,44,43,31,42,45,55,46,2,32,0,27,50,22,54,14,21,37,6,57,30,62,51,63,53,13,5,56,23,49,39,58,47,26,4,10,38,3,41,34,61,12,8,7,11,24,19,36,16,28,59,35,40,25,18,20
11,26,47,61,42,12,41,5,32,59,36,51,58,45,14,56,10,49,39,53,48,0,7,35,21,60,40,31,54,38,2,1,9,22,33,25,27,24,57,52,19,62,50,28,18,46,30,15,44,63,6,37,13,55,16,23,20,8,3,29,4,34,17,43
21,53,55,48,29,27,18,33,6,35,0,61,45,7,26,31,25,36,19,59,40,46,2,34,54,49,17,38,16,13,1,47,20,51,60,56,5,15,44,28,50,39,43,41,9,62,24,4,37,58,14,22,52,32,3,30,57,23,63,12,42,11,8,10
55,48,0,58,14,45,30,3,47,29,32,63,42,49,33,27,11,12,28,56,62,35,10,18,13,44,52,50,5,15,60,36,26,39,34,4,61,57,24,1,21,31,16,43,2,51,7,41,17,19,40,8,25,23,59,6,38,54,37,9,20,53,22,46
7,63,51,52,36,11,44,34,12,3,13,26,32,17,37,47,10,5,60,21,54,62,38,6,30,8,18,55,50,39,56,40,20,49,0,19,14,53,45,2,15,33,31,4,23,61,27,22,16,35,48,42,29,25,59,41,58,9,46,24,57,43,28,1
23,59,43,15,52,34,31,27,61,4,3,50,29,2,21,48,0,20,10,26,46,54,47,22,24,56,63,19,32,58,37,40,38,16,11,28,39,7,51,6,1,36,62,14,13,49,18,8,53,42,30,35,9,25,55,33,60,44,57,12,45,41,5,17
38,62,43,35,5,37,40,45,33,13,48,10,59,14,58,44,17,3,27,29,49,28,60,1,51,22,12,34,30,56,39,36,2,6,18,16,8,25,0,52,54,15,24,11,61,32,42,4,7,20,31,55,21,53,9,26,63,19,47,57,41,23,46,50
38,55,45,15,60,12,28,23,32,36,49,24,11,41,33,53,62,61,52,58,20,57,34,10,42,18,48,40,3,8,5,1,26,30,13,43,16,35,31,4,51,54,27,14,9,17,46,63,29,44,25,47,19,21,39,50,0,56,59,7,37,2,22,6
58,17,31,2,18,14,62,9,33,27,39,28,61,16,40,32,8,50,47,44,63,29,49,55,4,21,51,13,42,34,43,5,15,57,25,56,11,54,10,19,48,26,35,53,12,38,30,59,60,7,37,0,24,20,36,6,1,45,23,46,3,22,41,52
56,13,46,50,32,36,30,2,51,5,8,45,24,29,57,48,52,35,10,33,60,40,0,17,19,54,22,20,47,11,58,23,49,15,44,18,25,59,27,26,28,31,61,42,39,62,1,9,34,14,16,37,53,12,55,21,63,4,7,6,38,3,43,41
18,37,62,63,47,51,6,29,52,56,41,19,61,20,26,3,2,4,32,8,24,55,31,17,10,14,22,5,21,30,7,59,60,15,23,35,42,50,11,16,43,9,54,13,12,46,48,38,45,34,44,57,28,53,25,0,27,58,49,1,39,33,36,40
57,63,10,2,54,40,29,7,62,36,37,58,59,18,34,13,20,17,49,16,24,0,21,45,60,46,14,32,56,39,27,8,31,23,3,28,26,42,19,12,51,5,55,47,33,15,52,43,50,6,22,61,48,35,1,38,30,4,44,25,41,9,53,11
14,15,31,37,63,56,41,40,44,13,2,46,9,54,35,45,47,12,25,34,43,32,27,19,17,61,24,50,60,48,28,11,20,62,57,59,39,55,18,5,53,26,0,16,22,3,8,1,4,6,30,36,38,33,10,51,21,58,7,42,49,23,52,29
48,62,4,28,37,26,27,56,18,17,5,40,60,46,53,16,14,22,38,42,47,59,15,39,11,6,20,34,31,35,29,0,12,21,24,51,33,49,1,57,50,36,43,54,58,8,3,45,7,25,10,30,61,41,55,44,52,63,32,9,13,19,23,2
17,27,34,54,56,50,13,15,62,37,42,23,61,11,49,25,28,57,1,26,19,39,33,36,10,6,53,35,20,4,59,44,2,46,40,51,52,0,58,3,29,48,32,22,47,24,21,43,45,30,12,41,31,60,63,16,9,5,14,8,7,18,55,38
38,41,6,61,13,33,50,1,43,29,19,52,5,3,26,7,4,27,21,25,34,15,48,30,18,55,8,53,49,63,42,62,10,46,17,32,51,28,35,60,2,23,36,44,0,57,37,24,47,12,16,9,54,59,14,58,31,56,20,45,40,39,11,22
23,62,36,29,4,49,44,22,63,1,6,39,2,42,17,43,52,38,18,53,60,32,21,61,5,50,59,56,7,35,34,54,10,40,31,14,57,3,26,19,33,30,45,15,48,9,16,28,13,47,46,51,58,12,8,11,25,55,24,27,20,0,37,41
57,56,32,25,6,53,27,50,14,5,61,48,20,62,12,15,2,42,47,43,24,49,60,11,54,30,44,9,33,31,29,21,0,45,13,18,7,10,46,3,55,39,8,38,51,19,1,26,59,16,36,28,40,34,58,37,41,35,63,22,23,4,17,52
52,8,15,17,10,39,2,32,42,27,20,53,19,11,9,46,50,37,61,0,59,38,1,13,49,3,55,58,60,63,12,26,36,14,29,45,25,62,40,48,44,22,5,35,57,4,47,54,41,24,56,30,33,28,6,7,16,34,21,51,31,23,18,43
45,46,16,7,25,63,52,31,19,12,24,34,6,43,0,37,36,35,4,8,15,47,11,2,23,22,10,61,28,30,44,26,57,62,33,9,3,40,41,49,20,29,5,48,27,51,56,42,59,13,55,58,18,54,39,1,14,60,38,17,32,50,21,53
59,11,45,29,19,8,23,44,1,15,39,35,13,0,36,31,22,57,20,49,41,37,53,12,28,43,14,10,25,7,16,40,48,9,51,60,46,6,30,5,27,38,32,55,50,63,24,42,2,21,17,18,54,4,33,58,3,26,52,56,62,47,61,34
59,4,21,57,32,62,15,13,49,22,27,2,53,5,41,54,1,11,52,33,40,28,12,63,6,10,37,46,30,39,56,25,29,50,8,19,51,60,61,47,20,23,58,44,48,43,3,16,18,0,35,45,9,7,36,24,55,31,26,14,42,38,34,17
61,20,50,11,52,16,2,18,26,7,38,15,49,44,63,59,29,60,22,5,8,23,6,40,1,31,45,62,46,14,47,57,42,51,33,19,54,53,17,21,37,35,41,48,27,55,10,28,13,30,12,9,56,58,32,3,39,36,25,24,0,43,34,4
17,18,55,60,7,48,0,9,54,15,42,14,53,57,3,40,35,21,56,24,43,1,36,6,13,62,12,29,33,59,2,38,8,27,20,61,28,11,23,63,16,49,46,10,19,4,52,47,32,50,26,30,34,5,22,45,39,41,25,31,51,37,44,58
2,47,12,22,39,49,41,59,51,62,21,33,34,29,63,36,0,57,10,17,44,56,38,19,18,5,23,27,55,13,20,32,24,58,50,45,28,26,54,30,4,3,37,35,8,25,46,53,43,42,15,6,11,9,14,31,52,61,1,16,48,40,7,60
52,36,18,37,11,3,0,35,20,4,57,7,33,26,1,58,50,5,28,45,48,56,43,60,12,27,22,10,49,61,38,24,62,17,25,39,63,13,54,15,40,47,14,53,46,2,59,30,44,19,23,16,6,55,9,29,34,41,21,42,31,8,51,32
52,40,45,62,0,22,51,11,47,38,30,6,7,43,12,34,59,3,14,44,48,8,56,37,17,33,32,23,57,53,31,63,27,28,24,35,50,58,29,2,61,9,26,19,15,25,21,10,1,41,42,36,20,16,54,39,46,18,5,55,4,49,13,60
17,25,38,12,35,0,52,15,26,29,11,28,16,1,3,46,14,37,7,8,36,60,31,61,34,39,53,49,22,19,59,42,21,9,5,4,43,23,56,57,58,18,40,33,54,32,20,6,47,55,13,10,45,30,62,48,51,27,24,2,50,63,41,44
32,54,22,10,38,29,63,17,24,28,12,30,7,59,56,4,33,16,41,46,26,6,36,34,9,57,27,40,39,37,52,58,19,23,31,48,5,0,35,51,21,25,14,47,18,20,8,53,61,44,49,3,15,60,43,13,1,50,62,45,11,42,55,2
20,27,17,56,28,29,31,35,63,48,19,47,36,24,41,0,60,13,3,46,44,5,23,49,50,39,55,59,10,53,43,12,51,4,38,34,21,58,52,15,1,33,42,57,16,32,22,37,62,6,25,54,30,9,61,18,11,45,14,40,8,2,26,7
53,28,26,10,9,36,17,46,38,6,3,24,47,33,40,35,59,54,44,31,5,63,49,56,19,30,43,0,21,15,34,60,58,23,61,22,29,14,16,45,11,41,27,25,4,51,39,7,1,62,13,57,2,32,8,20,52,12,18,48,37,50,55,42
58,8,20,26,7,55,47,56,38,48,6,45,15,46,29,50,60,35,3,43,57,49,19,18,17,11,54,25,2,12,33,4,44,39,37,63,9,32,42,23,53,30,27,22,14,31,62,5,24,41,61,34,13,28,0,21,51,36,59,10,40,1,16,52
43,34,62,10,54,63,48,25,55,19,28,5,36,32,50,52,35,20,46,42,33,26,49,18,3,56,59,21,40,0,7,58,47,39,30,60,17,53,41,16,29,45,6,15,44,11,57,51,13,14,1,22,61,24,23,4,12,9,37,38,31,2,27,8
11,38,20,51,35,19,34,7,24,15,52,23,18,12,4,54,46,42,62,37,63,57,14,59,48,8,53,30,29,26,33,13,0,45,17,56,31,32,44,1,58,3,55,60,50,5,10,9,41,25,21,43,49,6,2,39,47,27,40,16,28,61,22,36
54,46,6,19,8,47,45,32,28,26,13,41,52,60,16,27,48,17,31,39,35,34,57,2,63,11,23,61,62,53,22,37,10,43,56,36,51,24,59,38,50,0,15,7,33,58,9,42,55,40,49,3,4,30,21,44,12,29,18,1,5,14,20,25
5,26,16,46,44,39,24,58,8,63,35,10,36,34,57,61,7,60,30,28,31,29,54,43,49,52,20,6,11,14,9,51,38,33,23,41,2,56,4,1,25,45,12,15,18,3,27,13,32,53,59,47,21,17,55,48,50,37,22,0,42,40,62,19
59,62,8,35,42,27,15,61,2,24,20,32,60,58,0,39,6,26,41,7,25,9,37,21,1,28,46,54,30,19,33,29,50,53,47,4,40,17,49,45,51,56,57,48,12,3,18,34,11,22,14,31,5,13,44,36,55,16,63,43,23,52,38,10
6,59,29,11,22,48,15,41,56,9,28,27,18,1,39,57,19,47,33,10,52,23,7,13,61,31,21,36,17,60,62,42,43,53,32,25,5,35,54,4,20,30,45,51,16,50,3,34,2,63,37,12,44,55,24,8,0,38,14,40,49,26,46,58
29,13,12,32,31,61,10,22,4,28,19,18,63,17,54,62,25,14,23,48,7,42,21,51,0,40,9,45,39,5,52,24,36,1,34,60,3,6,41,56,30,33,2,50,16,44,20,47,37,49,43,53,38,59,27,55,46,11,57,15,58,35,26,8
36,14,27,7,18,47,17,44,46,19,45,6,15,26,9,62,21,29,63,41,50,11,28,37,38,35,53,49,0,42,55,8,20,2,56,1,34,52,24,12,4,54,39,10,16,31,13,23,43,3,60,61,32,59,40,33,25,48,30,58,57,22,5,51
18,4,6,15,20,9,55,32,10,0,38,50,12,24,41,14,29,39,60,1,48,23,35,63,54,46,44,3,25,57,62,27,61,5,56,52,51,30,13,36,8,7,28,45,40,21,58,34,16,22,33,53,19,47,42,26,37,11,49,17,43,2,31,59
53,31,44,16,10,26,52,39,35,22,40,11,38,8,45,60,61,50,9,21,17,29,7,48,24,59,14,1,25,47,58,46,12,4,27,36,6,49,51,56,41,2,3,42,34,19,13,57,62,18,20,28,63,43,0,15,30,33,54,5,23,32,55,37
30,39,9,48,17,42,25,57,21,52,26,5,28,59,31,11,61,54,56,2,49,41,33,35,37,3,55,43,20,7,36,58,32,0,8,19,29,38,1,4,62,40,18,44,22,27,16,51,50,45,34,53,13,23,10,24,60,47,46,15,6,14,12,63
58,42,48,22,55,45,50,59,44,26,2,43,57,53,61,7,29,34,21,41,9,35,37,51,62,39,19,1,23,16,52,31,0,60,32,13,4,47,8,11,49,14,20,33,40,28,27,10,6,36,17,25,24,15,5,54,3,18,12,30,46,63,56,38
53,1,0,10,61,9,50,59,58,47,3,31,5,17,42,43,24,33,55,25,62,26,8,6,32,39,36,11,41,29,20,4,22,16,7,56,23,27,51,34,46,48,38,63,18,15,44,57,40,13,54,30,37,14,28,12,21,19,45,2,60,35,49,52
60,2,23,43,12,3,41,54,36,57,61,62,49,48,45,55,51,32,46,16,21,17,30,25,27,35,1,7,26,58,39,56,0,8,14,24,20,6,53,19,38,52,37,15,9,34,40,28,18,29,63,11,13,59,44,42,22,4,5,50,33,31,47,10
44,60,54,15,9,1,18,11,45,30,38,21,0,42,40,12,6,59,33,51,29,35,2,39,19,55,31,17,10,37,58,27,13,16,28,36,7,47,32,57,34,3,43,61,20,50,4,56,5,22,24,48,25,62,14,53,46,63,41,49,52,26,23,8
13,16,29,51,41,44,27,56,55,38,20,12,31,47,3,63,24,43,61,59,18,17,39,58,22,21,26,35,2,0,19,57,50,52,45,33,60,10,49,37,15,25,32,62,53,34,8,40,36,11,48,1,46,28,14,54,7,42,9,5,30,6,23,4
28,11,54,0,4,61,16,35,44,58,50,5,32,21,8,18,53,3,10,62,42,60,17,9,59,19,51,24,23,45,43,38,14,47,40,25,57,1,55,27,39,31,46,2,41,48,13,56,20,49,63,37,52,30,7,33,34,36,12,26,22,29,6,15
13,30,34,33,16,35,28,27,43,59,4,25,49,23,5,57,58,20,1,47,36,56,44,55,45,9,39,50,21,37,3,8,46,24,29,19,60,63,14,26,62,18,0,32,41,54,38,48,11,12,17,53,31,2,15,6,7,40,52,10,61,42,22,51
45,60,9,11,39,32,38,57,35,24,62,56,25,23,21,28,53,2,41,14,0,12,47,48,37,1,50,55,43,52,31,29,27,58,36,20,51,5,61,13,63,17,6,18,10,8,49,30,26,42,16,59,44,46,40,19,33,3,15,22,4,54,7,34
45,1,23,49,20,61,17,4,3,36,18,55,6,57,42,16,44,54,51,50,53,7,25,58,11,43,14,48,31,5,10,2,9,28,19,34,56,0,35,39,22,40,30,21,37,62,8,38,63,32,12,26,47,60,52,59,15,46,27,33,29,24,13,41
46,15,5,32,43,23,56,50,21,26,18,39,42,24,31,3,12,13,61,55,8,58,36,35,28,44,4,40,52,47,10,37,49,29,60,33,14,20,41,6,0,16,30,63,2,62,27,7,48,1,45,17,11,53,19,9,25,34,22,54,51,57,38,59
56,11,59,63,13,9,4,40,0,5,20,29,30,18,3,38,33,61,51,43,15,53,31,42,37,7,34,39,16,12,21,57,48,54,8,36,14,32,52,58,6,24,45,1,27,47,46,17,44,50,26,2,28,49,25,19,22,10,41,35,55,23,60,62
46,55,25,54,20,56,29,22,13,19,59,35,39,5,38,8,41,52,48,32,18,37,42,10,61,45,43,6,53,30,49,11,58,60,31,17,21,24,1,57,62,7,9,44,47,14,36,40,23,12,63,3,33,50,26,28,16,27,0,51,15,4,2,34
31,39,15,21,42,7,47,14,46,18,35,37,1,25,59,48,61,8,12,29,27,53,52,13,2,9,4,49,10,0,60,56,16,38,5,11,6,30,41,62,22,57,17,58,44,3,23,51,32,36,26,63,55,33,24,43,50,54,20,40,45,28,19,34
8,32,5,41,10,48,53,14,62,30,38,19,25,9,31,23,1,63,50,17,44,49,43,47,42,57,37,11,16,58,36,15,45,39,46,29,28,24,21,22,4,61,20,59,0,34,40,60,26,6,55,2,54,12,3,18,7,35,27,52,13,51,33,56
14,21,63,46,35,2,30,49,47,4,19,13,28,42,41,51,37,27,45,1,60,22,59,44,54,0,55,17,20,61,29,6,5,36,26,39,40,10,12,58,31,57,9,11,50,38,18,7,23,52,43,32,33,48,56,34,25,8,24,62,15,53,3,16
50,42,19,28,52,13,49,7,33,41,55,44,17,60,36,30,5,3,34,14,37,39,63,25,15,57,23,38,48,1,4,53,56,10,45,8,62,9,12,47,26,58,20,35,11,22,61,40,2,54,32,31,29,46,16,0,59,21,18,43,6,51,27,24
0,61,23,54,62,57,60,50,16,46,27,56,15,41,14,42,21,10,28,11,55,59,18,25,40,36,30,4,33,5,52,58,17,43,8,2,32,12,9,22,24,37,26,63,48,19,45,20,44,13,53,31,29,49,3,39,6,35,51,47,34,1,38,7
30,4,11,22,58,35,52,7,47,40,16,53,28,33,3,48,59,43,46,23,18,29,45,8,51,62,31,38,61,49,27,41,56,15,39,13,32,24,50,25,60,5,57,55,21,34,2,37,19,20,6,12,9,42,36,0,10,26,14,63,1,54,44,17
57,48,3,46,56,12,33,52,20,50,22,31,32,54,38,30,18,37,35,4,29,60,24,43,13,45,63,14,59,17,53,26,8,19,51,41,61,55,0,11,25,15,28,40,49,2,44,36,58,16,34,6,27,21,1,23,10,9,62,7,5,47,39,42
20,57,46,10,14,63,1,43,0,24,59,38,44,34,35,16,51,37,42,49,61,17,12,39,52,3,6,11,28,19,62,27,30,23,33,56,22,36,18,55,25,21,5,29,2,8,40,9,13,58,54,47,32,48,26,60,15,4,50,7,53,45,31,41
42,45,58,38,41,25,17,4,22,57,62,19,43,56,9,26,35,55,10,51,30,60,8,59,7,53,12,49,3,44,20,11,40,14,61,16,13,27,63,50,21,2,33,36,47,48,39,15,23,32,52,6,46,18,29,28,5,54,1,0,34,31,37,24
52,34,61,33,31,12,17,39,11,0,55,6,13,18,20,8,53,21,2,36,40,27,38,42,41,15,43,62,54,25,29,5,16,60,1,48,23,47,4,50,30,32,35,45,37,19,14,56,3,22,28,49,51,24,9,7,44,26,10,63,57,58,59,46
58,19,40,28,44,27,38,0,61,17,56,55,42,21,57,23,36,50,47,20,4,25,26,43,34,45,6,53,39,16,48,59,5,22,63,10,29,32,51,9,30,54,37,11,62,18,13,31,33,2,15,52,3,46,35,7,14,49,12,41,60,1,24,8
3,47,44,60,22,54,16,52,48,19,11,51,45,23,6,32,1,31,41,0,34,9,14,49,28,15,17,36,29,12,63,58,61,50,8,13,27,39,55,10,26,30,4,46,24,25,20,43,7,37,2,18,40,57,35,33,5,38,56,62,42,53,21,59
5,60,13,23,47,39,36,21,27,33,46,28,25,22,2,24,51,1,34,17,55,32,3,38,29,58,16,8,7,59,14,4,35,63,53,48,37,44,10,41,11,26,19,56,6,52,57,61,31,9,45,20,42,62,49,30,40,18,0,54,43,15,50,12
53,21,3,14,36,41,49,5,43,61,37,9,63,39,31,44,7,62,47,28,2,25,30,16,23,18,0,40,19,26,38,32,4,6,59,35,57,33,10,52,29,27,24,60,50,51,11,45,55,42,34,58,1,8,12,48,13,15,20,54,56,46,17,22
4,28,10,14,43,52,58,47,45,61,13,24,42,8,18,21,44,50,36,60,0,1,5,31,49,35,23,3,40,34,37,51,7,56,41,33,9,57,39,48,22,27,12,20,32,6,11,16,38,2,59,54,62,53,19,25,17,63,46,29,26,30,55,15
16,6,20,9,63,7,13,50,8,11,57,3,53,39,19,38,47,34,62,35,37,5,41,60,49,45,12,52,32,27,14,61,36,0,17,23,25,43,1,55,24,22,48,18,2,31,46,51,26,30,40,33,58,42,56,29,15,54,59,44,4,21,10,28
63,62,18,24,5,58,36,1,26,11,4,23,16,60,29,39,14,56,28,13,0,47,19,9,17,32,2,34,37,40,8,46,41,21,15,50,59,33,52,6,49,42,53,44,25,48,61,45,55,54,20,31,22,10,30,12,51,35,43,7,38,27,57,3
5,18,53,46,8,25,51,45,52,40,47,1,32,22,41,42,57,61,20,35,23,11,28,7,24,2,0,36,14,39,15,63,34,19,10,60,30,16,37,9,43,59,17,6,29,49,13,26,50,21,58,54,33,55,3,48,4,62,31,38,56,27,12,44
52,6,53,7,50,49,57,44,30,2,46,41,37,10,26,29,38,33,1,56,19,12,17,14,31,27,40,43,8,0,51,20,59,58,24,42,45,34,36,9,21,55,23,5,13,11,63,4,39,54,25,48,32,3,18,28,60,15,22,62,16,47,35,61
49,3,4,57,15,7,42,44,40,33,18,62,59,36,25,37,2,46,20,63,21,53,8,23,35,52,9,39,43,6,55,61,54,11,10,58,5,29,38,47,12,34,41,50,14,13,60,19,26,24,31,27,16,51,56,30,22,45,28,48,0,17,1,32
16,47,8,31,25,32,1,38,4,46,48,10,21,42,59,36,63,35,60,29,61,30,37,9,5,50,26,45,57,41,51,52,62,14,3,27,53,24,40,17,11,20,19,34,43,33,12,2,44,56,13,7,15,6,28,39,18,0,23,49,22,54,55,58
7,9,60,5,20,6,28,36,29,62,45,30,51,12,15,43,25,23,21,13,0,54,22,53,1,40,63,32,3,47,11,49,59,38,48,17,8,26,31,27,42,33,55,34,58,56,44,14,50,35,19,57,39,52,37,18,2,4,61,16,41,46,10,24
42,53,50,0,23,11,19,59,10,45,61,49,2,24,7,31,30,47,27,57,21,39,52,63,43,38,55,22,1,62,46,40,56,25,18,33,13,34,16,17,54,12,20,51,4,8,48,6,36,28,41,32,3,15,26,5,35,60,44,37,14,58,29,9
41,38,5,20,19,40,8,29,21,63,3,44,53,25,46,37,30,11,62,33,16,42,4,56,9,10,52,51,15,32,39,36,31,6,7,2,14,24,57,27,35,22,47,61,28,43,60,12,0,50,55,59,26,34,23,58,13,18,48,45,54,17,49,1
22,26,59,32,44,36,25,8,13,27,50,14,17,21,58,46,48,39,54,10,33,51,56,45,9,6,53,41,63,49,28,3,60,38,7,29,40,47,35,0,62,5,16,19,1,43,20,11,12,42,18,15,4,24,30,2,31,55,61,52,37,34,23,57
63,50,18,1,21,42,13,15,29,60,35,46,26,5,56,3,32,4,7,25,58,61,33,23,10,62,31,44,41,20,40,6,55,12,24,52,0,19,34,57,47,30,45,28,48,49,38,22,36,16,51,54,8,37,2,17,9,59,11,43,53,27,14,39
33,8,21,27,16,26,20,35,52,13,58,32,11,38,31,56,34,30,3,5,12,29,42,57,45,54,14,1,39,24,6,51,61,63,15,7,0,59,36,19,17,28,46,9,2,25,49,40,62,53,41,37,18,47,44,55,23,22,43,10,4,50,48,60
10,25,60,56,8,59,0,34,48,49,16,44,63,20,18,26,53,12,19,43,45,61,31,6,4,35,51,33,5,29,38,22,47,36,9,55,1,40,62,28,11,39,15,46,21,42,32,2,58,27,3,50,17,54,30,37,52,57,14,13,41,23,24,7
44,10,59,12,52,4,16,21,25,55,41,22,54,26,8,20,40,51,3,14,31,48,0,43,9,32,6,11,42,56,49,46,53,13,60,38,23,61,18,19,57,62,30,39,17,24,47,45,7,63,2,34,33,29,58,28,37,50,5,27,35,36,15,1
39,7,21,34,18,50,35,30,62,44,52,28,59,37,53,63,9,24,12,38,1,51,48,31,25,58,6,41,54,0,49,2,46,61,32,26,57,33,22,40,13,27,55,47,29,42,4,19,60,17,11,43,8,5,23,56,16,20,10,45,3,36,15,14
28,39,31,23,1,43,38,12,0,55,46,34,45,47,20,59,10,52,48,13,63,30,8,19,60,49,15,61,24,56,40,35,27,16,33,62,36,44,25,54,5,26,58,41,53,7,4,14,6,37,50,11,51,57,18,17,3,2,21,29,9,42,22,32
38,11,53,24,46,63,26,15,31,21,44,30,34,37,12,43,29,25,42,13,22,0,49,41,9,16,45,52,61,14,10,35,56,4,39,54,3,48,57,27,28,51,40,50,47,8,55,32,20,6,23,59,7,58,17,5,19,1,36,62,60,33,2,18
28,22,25,7,19,59,35,24,62,34,54,41,11,32,52,8,31,47,37,43,0,46,6,57,14,29,23,2,55,33,61,58,21,44,60,1,56,38,48,36,49,3,16,17,50,9,15,63,40,39,42,20,26,30,4,51,13,5,12,18,10,27,45,53
60,15,17,31,52,36,63,8,38,55,37,24,25,26,51,58,59,30,49,23,42,29,19,18,50,20,40,12,61,11,1,3,39,16,57,47,10,56,34,5,28,48,44,54,13,33,6,2,53,21,45,62,0,41,14,4,32,46,27,9,22,43,35,7
3,46,35,16,27,52,25,54,50,47,4,36,38,20,56,0,18,9,44,19,29,45,33,26,63,11,32,28,41,14,24,62,6,1,10,8,7,59,53,48,21,12,49,31,42,37,34,23,61,30,51,40,17,15,55,60,13,5,22,39,57,2,58,43
47,54,0,17,59,7,52,19,49,5,8,41,3,12,40,39,18,57,31,50,4,43,28,42,58,37,62,63,9,34,53,45,10,55,25,56,26,16,6,29,35,13,11,24,20,36,15,61,27,51,21,44,38,23,30,2,60,14,1,33,22,48,46,32
52,60,16,17,33,45,57,7,36,29,27,12,9,6,53,38,5,51,30,37,55,24,0,25,11,63,19,59,22,56,13,39,31,28,46,54,49,20,21,41,43,50,8,61,34,42,48,32,1,26,62,23,47,15,58,10,35,14,18,44,2,4,3,40
27,55,29,18,3,32,49,17,36,10,31,45,7,42,48,40,34,15,33,19,9,54,35,59,25,63,30,37,11,38,52,24,50,12,44,60,47,58,16,2,39,41,0,22,20,4,43,53,6,46,23,56,28,21,51,61,14,5,13,26,8,62,57,1
3,31,17,0,11,60,6,39,8,23,42,10,46,2,15,20,53,33,9,35,45,30,47,12,55,26,52,57,37,48,13,1,62,22,16,49,51,27,41,38,50,56,29,44,58,5,54,4,28,43,7,36,25,34,18,40,61,24,21,59,14,63,19,32
51,50,35,54,60,23,61,4,7,5,62,42,2,13,16,15,46,41,8,20,37,14,10,25,31,3,21,45,26,6,34,0,48,29,40,59,63,24,43,32,27,49,36,22,38,33,19,57,11,17,1,56,52,12,39,58,55,9,53,47,18,30,44,28
59,42,18,58,28,24,11,22,13,36,7,35,46,48,12,3,10,32,51,19,33,54,20,39,38,9,60,37,26,61,43,27,47,30,34,6,23,31,14,63,1,0,5,57,17,44,21,50,25,29,16,62,55,53,8,56,40,45,52,41,2,4,15,49
23,40,20,31,63,21,42,0,27,33,26,35,37,22,5,53,8,59,36,45,12,25,60,7,14,46,4,6,54,19,57,24,29,62,15,61,1,30,56,9,44,34,38,51,39,58,55,52,47,10,17,32,41,3,2,50,18,13,28,16,48,43,49,11
8,5,15,59,62,0,34,42,12,35,63,53,2,9,54,52,60,37,11,49,51,55,1,61,17,7,3,44,28,47,21,14,6,27,48,29,4,46,10,39,24,45,32,22,30,36,31,50,13,38,41,40,58,43,18,56,33,25,23,16,57,19,26,20
19,37,53,36,6,59,5,60,57,1,34,32,39,46,22,3,47,33,48,26,45,11,0,54,43,16,21,61,24,58,2,40,9,52,29,20,4,15,27,42,14,49,10,23,17,28,30,35,63,25,8,41,13,51,31,55,12,62,44,38,56,7,50,18
36,60,48,26,8,45,11,13,10,55,59,32,56,47,2,54,61,28,37,18,23,0,25,30,17,31,24,1,53,3,63,50,52,19,16,38,33,46,58,27,15,43,22,57,9,42,12,41,21,44,62,35,49,51,29,14,20,6,34,39,40,4,5,7
17,10,51,31,37,50,40,28,8,38,16,7,63,44,52,34,4,45,61,24,43,53,22,39,41,59,47,48,0,30,29,11,6,27,42,33,56,36,9,60,58,23,15,2,5,46,3,20,35,49,1,25,55,13,19,26,12,57,21,54,62,18,14,32
26,61,5,54,18,0,36,59,1,43,4,31,15,28,8,35,27,53,14,47,29,22,50,62,23,3,11,55,41,17,16,10,57,6,40,7,20,49,48,44,37,21,56,32,58,12,63,25,19,34,30,52,60,45,13,9,2,46,38,33,51,24,42,39
18,54,57,33,32,45,10,56,24,47,4,21,42,35,59,13,62,27,19,2,9,61,50,48,5,60,20,52,15,17,36,1,7,29,40,51,14,38,0,46,49,58,31,25,39,44,3,22,30,53,41,37,12,16,55,43,63,6,8,23,26,11,34,28
52,42,15,11,54,32,23,35,0,1,46,29,26,4,22,10,7,53,59,49,13,60,38,63,30,48,36,17,61,39,8,45,50,28,16,41,14,9,47,58,24,12,56,3,19,25,37,6,21,40,43,51,55,18,57,5,33,20,34,31,62,44,27,2
21,15,28,42,7,24,31,61,36,39,53,43,14,3,16,8,34,58,33,1,56,10,35,44,52,51,47,26,37,50,57,41,49,38,40,32,25,62,11,23,30,48,54,5,55,20,6,2,63,46,29,60,17,18,27,59,9,0,4,12,13,45,19,22
18,16,37,2,4,39,27,7,45,43,63,50,55,12,54,19,26,25,29,57,1,9,36,5,48,61,52,59,17,21,3,22,38,44,49,53,47,13,40,31,34,10,0,51,8,33,42,32,30,14,28,60,24,41,58,23,11,35,56,15,46,62,20,6
6,26,53,51,59,29,49,60,55,38,52,54,41,20,36,8,4,63,15,48,1,16,42,33,27,32,13,39,7,0,24,25,12,40,58,31,50,30,5,19,3,9,11,17,14,35,2,44,43,56,18,23,22,46,47,62,21,37,10,45,34,61,28,57
6,35,52,11,39,37,45,30,33,60,17,53,51,0,15,23,27,14,56,29,25,10,32,13,8,2,26,7,12,49,19,58,50,22,40,46,47,31,34,3,18,44,62,9,41,21,36,24,4,57,1,16,61,48,54,20,55,59,5,63,42,28,38,43
58,20,41,60,11,63,15,59,39,38,13,4,40,24,7,51,12,53,35,48,2,57,55,10,9,32,33,0,50,25,26,31,44,18,3,62,17,29,28,21,5,1,56,19,30,37,42,34,47,22,61,16,8,49,54,27,43,14,52,46,36,23,6,45
28,3,56,25,8,57,39,44,34,54,35,60,22,2,14,63,43,15,18,1,61,45,7,40,50,46,19,47,37,51,13,16,0,32,53,11,5,21,49,41,29,33,6,4,59,24,27,42,26,58,20,23,31,10,9,55,30,52,12,62,38,36,17,48
49,45,56,17,30,42,24,43,28,4,3,10,40,32,21,5,14,41,1,23,61,44,7,6,51,16,34,58,57,46,36,29,9,59,2,13,50,8,27,20,35,39,53,48,0,31,38,47,33,19,37,55,60,12,62,26,63,52,25,15,11,22,18,54
31,58,27,23,2,60,8,38,1,14,20,57,15,32,12,0,34,24,45,55,19,43,35,39,13,4,52,9,50,29,62,40,59,51,3,36,25,42,53,49,18,21,37,46,56,28,63,11,48,6,30,33,22,5,41,54,44,16,61,7,26,47,10,17
13,16,27,52,22,47,48,43,12,26,10,44,23,38,4,15,18,59,41,30,54,57,2,42,34,11,3,63,0,55,20,7,61,14,32,8,46,58,28,49,36,45,31,9,19,1,29,39,21,62,33,50,5,60,17,35,24,40,25,56,53,37,51,6
45,9,39,23,61,1,47,43,17,25,24,13,2,16,0,50,11,6,4,8,51,35,37,30,18,31,27,38,60,22,3,34,49,63,53,57,10,19,12,56,36,32,33,40,28,62,59,54,46,7,55,52,20,21,15,14,5,44,58,41,29,26,48,42
51,45,21,1,58,12,38,28,15,2,9,42,37,57,4,39,48,41,19,49,3,62,35,24,29,33,27,23,47,55,10,31,50,6,32,14,13,46,52,11,34,30,0,25,20,7,40,53,18,61,44,43,63,54,36,22,16,5,8,60,17,26,59,56
21,51,48,62,54,57,28,1,10,4,16,49,38,7,29,9,44,3,40,52,13,11,19,6,17,27,34,47,60,58,45,15,63,46,50,59,0,53,14,5,42,56,35,12,26,41,23,31,18,36,20,39,30,55,43,2,24,37,22,32,61,33,25,8
23,17,32,49,34,5,53,52,4,26,18,33,41,13,60,28,9,47,6,21,24,35,37,2,29,19,15,12,22,57,51,31,10,7,46,42,58,61,3,44,16,14,55,54,50,0,8,38,25,27,20,43,48,45,40,36,63,39,56,11,62,1,59,30
22,28,27,33,26,52,19,12,14,16,46,62,36,63,40,51,18,38,6,57,45,35,17,31,37,23,53,60,25,43,2,41,58,0,39,13,48,42,5,3,20,29,32,56,4,54,30,50,59,44,10,24,34,61,15,47,49,11,9,7,21,55,1,8
4,33,23,47,26,53,39,13,8,9,25,7,46,6,54,27,34,43,16,12,62,30,15,35,11,24,17,51,45,1,2,18,37,58,31,14,48,10,42,32,57,60,63,19,44,20,55,36,38,5,49,21,40,52,50,56,28,59,61,29,3,22,0,41
36,0,62,45,34,12,31,32,47,37,40,56,48,13,54,42,60,22,15,3,1,7,20,23,21,50,57,43,63,11,59,58,6,14,38,35,2,46,28,27,17,51,8,55,49,52,24,39,19,53,29,61,26,41,44,16,33,4,18,9,25,10,5,30
28,29,2,53,9,61,35,43,27,59,58,25,18,4,8,44,57,63,31,23,20,3,60,40,55,39,42,45,34,33,41,13,26,22,21,11,1,6,19,10,0,32,51,36,7,38,56,15,17,30,16,48,52,47,62,14,49,37,46,24,54,12,5,50
43,63,23,48,19,32,58,10,26,45,46,2,11,1,47,52,16,42,33,41,61,4,35,28,40,30,50,24,54,7,20,44,60,39,18,6,8,56,31,12,17,57,53,51,59,3,37,29,9,5,55,15,22,21,0,49,34,62,27,25,36,38,14,13
63,48,46,2,13,44,60,52,47,23,55,21,33,57,15,25,40,6,35,37,43,34,7,45,50,56,0,30,22,28,1,42,12,32,27,41,3,59,49,53,58,20,26,17,24,16,11,14,4,31,51,18,29,10,54,61,36,39,62,38,8,19,9,5
52,30,5,55,43,29,57,2,45,46,48,13,63,28,56,25,51,49,38,0,47,32,36,50,33,23,22,10,42,12,19,16,26,60,27,9,14,7,41,39,21,40,58,44,11,61,35,31,53,8,3,37,24,34,20,62,1,17,4,6,18,54,15,59
31,25,8,41,50,52,12,4,1,6,24,7,53,21,14,34,35,60,40,26,22,47,5,42,59,16,27,39,19,43,30,56,46,9,63,51,20,57,48,36,29,45,17,0,11,49,44,10,18,54,23,2,38,55,58,28,61,3,13,32,33,15,37,62
52,54,2,51,35,45,18,17,13,4,46,58,57,8,44,38,24,60,31,34,39,32,49,36,19,55,41,62,14,25,9,1,23,47,42,27,48,11,20,63,5,22,50,0,33,16,7,56,26,37,12,30,59,3,29,10,15,53,28,43,40,61,6,21
28,29,2,44,39,54,14,57,10,52,19,30,26,35,62,38,32,46,3,4,1,17,8,9,0,5,12,58,7,63,61,15,20,42,55,45,34,36,56,24,37,31,48,60,50,53,18,16,11,23,21,59,41,27,22,40,25,6,43,13,33,47,49,51
18,2,19,30,12,36,3,26,61,40,23,29,1,54,32,28,0,15,24,10,48,51,35,13,22,25,43,38,41,55,49,37,6,39,31,59,4,63,44,34,8,47,45,27,16,50,57,20,58,11,5,9,14,42,46,53,60,62,21,7,52,56,33,17
10,20,32,13,23,33,4,62,39,17,18,26,46,42,48,14,30,7,55,34,53,0,31,3,58,28,54,57,38,60,29,63,35,43,56,15,9,2,44,24,45,47,37,1,40,22,41,51,36,8,27,11,25,49,59,52,6,19,16,12,50,61,21,5
6,20,14,26,54,35,42,38,29,19,24,63,3,13,4,62,0,58,12,22,46,17,60,21,48,52,32,43,34,10,31,47,51,44,9,61,5,56,8,55,1,33,11,30,37,28,59,50,2,53,57,36,18,41,15,25,7,23,45,16,39,27,40,49
60,50,44,3,34,54,17,21,27,15,26,18,41,32,7,1,8,36,2,16,11,10,49,39,63,13,6,56,59,53,37,35,23,24,4,14,58,20,40,47,25,12,42,48,31,45,28,52,0,55,33,46,5,22,38,30,51,9,61,62,19,43,29,57
24,27,42,45,60,46,38,47,31,8,40,4,10,50,57,19,12,9,6,14,33,56,61,34,23,43,35,58,21,16,62,41,2,36,7,37,17,63,28,11,32,44,5,22,39,1,52,30,26,53,49,55,3,18,54,15,51,29,48,13,20,25,0,59
20,40,1,59,48,44,29,5,16,49,62,53,9,25,63,10,4,41,6,45,0,51,19,3,56,33,43,38,27,32,34,24,50,15,46,52,55,57,14,37,39,21,11,8,36,47,12,18,60,26,2,23,13,58,61,17,54,30,31,28,7,42,35,22
24,42,22,44,36,17,12,49,4,27,10,45,48,33,13,25,30,43,60,46,14,51,1,55,52,59,39,28,0,19,41,35,23,26,38,54,57,6,37,16,31,2,56,8,40,3,32,53,11,7,15,34,62,47,50,21,63,58,61,9,5,29,20,18
31,33,39,49,12,26,20,40,11,5,44,8,10,34,32,16,3,47,25,6,45,38,62,51,22,14,19,13,36,63,42,60,7,41,52,48,58,29,27,28,61,4,1,9,15,30,43,21,2,17,18,37,53,46,23,0,54,55,56,50,24,57,35,59
28,16,5,40,19,3,63,61,45,30,4,34,44,32,18,37,35,33,60,49,48,9,22,25,26,54,15,8,23,55,1,13,11,20,38,24,51,50,27,2,17,57,41,62,21,39,10,12,31,42,36,29,58,56,59,43,0,7,52,46,47,6,14,53
58,32,18,46,12,29,52,31,55,8,37,44,45,6,1,35,39,59,3,42,54,60,33,61,22,36,57,49,15,9,63,2,20,11,13,40,5,17,7,51,48,28,34,38,0,27,4,14,47,56,30,21,41,62,50,19,23,10,24,43,26,16,53,25
58,42,2,53,47,21,46,63,44,25,28,56,1,32,13,36,5,9,16,29,26,48,27,3,43,11,7,38,41,51,34,8,20,55,23,6,61,14,39,52,10,60,24,4,49,19,12,30,22,15,37,54,59,62,45,0,50,35,17,57,40,18,31,33
8,28,35,11,19,5,39,44,63,18,33,9,54,4,13,17,30,2,58,59,22,26,31,29,16,48,42,37,12,25,43,24,7,49,34,32,52,47,56,38,40,6,10,36,14,55,53,15,1,20,61,41,51,3,21,0,62,23,50,60,27,45,57,46
22,49,7,51,24,1,52,53,26,48,47,45,4,32,27,21,43,20,58,46,36,13,62,39,18,19,37,28,55,33,44,54,56,50,23,14,2,12,63,6,10,3,61,16,57,25,31,41,30,38,17,5,8,0,9,15,40,42,60,59,11,35,34,29
56,18,2,52,63,36,21,6,0,50,31,38,27,45,8,24,34,40,47,17,5,48,4,57,54,9,12,44,23,59,58,16,1,33,41,62,15,61,19,29,14,11,46,37,22,10,51,43,35,3,49,20,7,55,39,32,25,26,13,53,28,42,30,60
14,27,7,18,16,12,13,22,23,29,47,48,33,40,17,37,5,10,8,20,62,25,35,54,61,9,58,11,42,6,41,15,32,49,21,46,36,4,55,34,56,3,1,30,50,60,0,43,44,19,31,24,39,59,2,53,51,28,63,57,38,52,26,45
18,46,21,26,42,25,23,50,1,19,2,14,33,39,60,37,57,15,32,62,7,30,9,5,36,40,53,8,41,0,51,45,3,6,59,49,31,10,55,13,43,56,44,34,16,48,47,17,58,11,24,52,4,63,12,22,28,38,20,35,27,61,29,54
61,46,53,31,20,35,28,60,49,13,58,44,57,23,33,1,3,16,52,6,43,14,2,48,22,45,34,25,8,15,0,62,41,50,40,36,9,32,17,5,26,4,30,38,11,37,19,29,24,55,51,10,63,7,21,54,47,42,12,59,27,56,18,39
13,41,39,50,52,40,34,37,47,45,48,29,27,58,10,62,49,24,36,7,44,8,56,32,55,59,25,57,6,61,22,14,38,20,60,16,54,23,21,1,51,31,11,3,12,0,46,2,30,53,42,9,5,28,33,17,35,26,63,43,18,4,15,19
56,35,58,6,1,54,8,17,11,16,57,30,23,50,43,48,40,15,46,7,52,9,13,45,61,31,27,5,19,34,59,33,32,21,49,39,28,63,60,47,25,24,10,14,29,22,4,62,44,20,41,18,12,36,53,2,0,42,3,51,37,55,26,38
34,38,55,5,52,33,20,4,14,28,42,48,37,29,22,40,2,16,11,36,62,56,21,25,18,13,10,6,58,8,3,15,54,27,7,12,53,31,45,32,17,1,43,35,50,49,23,57,26,30,59,9,0,41,51,19,47,46,60,24,44,39,61,63
44,47,42,24,39,3,19,13,17,41,60,45,40,52,10,63,34,28,33,62,21,4,23,38,18,55,20,46,5,0,49,51,56,12,48,16,26,59,22,54,2,25,11,37,9,14,31,57,61,58,8,1,7,53,29,27,35,43,15,30,6,36,50,32
32,1,36,35,40,27,47,18,3,60,25,41,28,46,24,15,22,2,21,5,62,20,37,4,11,30,43,33,34,14,54,26,23,6,17,10,58,42,52,61,29,56,38,9,13,44,0,55,63,16,31,19,45,8,48,50,59,57,12,49,53,51,39,7
22,35,36,29,20,14,17,63,21,33,56,28,23,13,8,4,18,59,38,5,50,26,52,32,7,6,57,16,47,40,25,11,27,39,62,60,43,42,58,2,24,53,55,15,30,19,48,1,46,0,37,61,31,51,54,41,44,34,3,12,45,9,10,49
19,27,47,39,60,17,21,58,42,50,44,46,12,34,30,31,41,33,7,26,1,8,13,15,54,23,22,45,18,5,38,48,40,53,63,52,24,6,0,36,56,61,59,11,62,43,25,29,20,14,32,28,2,35,3,57,49,4,55,10,37,9,16,51
58,10,51,25,20,2,47,33,21,15,26,35,36,38,17,30,22,12,3,52,23,55,54,5,61,39,50,19,9,0,16,11,32,56,59,18,40,4,46,6,7,28,27,43,14,45,49,57,62,60,34,37,41,24,53,63,48,13,31,1,42,29,44,8
23,5,32,48,43,46,16,33,51,40,47,50,31,35,41,55,38,44,57,39,17,24,61,18,27,59,15,34,37,45,58,9,12,4,22,20,30,0,8,42,6,25,62,1,2,56,11,28,54,52,63,13,21,53,26,3,36,29,14,7,60,49,10,19
62,5,39,44,32,46,9,47,55,10,36,56,58,57,42,60,23,8,17,33,21,45,20,16,29,63,61,41,43,31,37,26,38,53,49,22,40,3,25,24,27,18,11,1,28,0,48,54,6,15,35,59,2,13,7,14,34,30,50,51,52,4,12,19
60,22,40,49,46,5,19,4,7,31,28,15,52,57,61,36,0,38,63,16,47,24,17,53,23,56,1,10,27,42,50,20,33,48,3,35,11,54,8,45,59,39,26,34,44,37,30,6,25,29,41,58,12,32,18,9,43,21,14,13,55,2,51,62
14,60,32,13,61,48,42,59,56,5,4,27,7,36,62,43,38,12,41,57,45,26,24,31,40,46,6,33,35,49,29,9,34,52,10,21,53,0,23,58,17,54,44,15,3,18,22,11,16,37,19,1,8,55,30,63,28,2,51,47,20,50,25,39
15,31,45,61,29,21,24,10,49,41,11,19,9,36,35,39,17,27,26,38,7,8,53,32,43,57,30,1,44,14,52,34,58,22,16,2,28,4,46,51,23,48,62,59,12,33,5,50,60,54,20,55,37,42,13,0,25,6,18,47,3,63,56,40
15,47,24,40,17,19,22,36,13,58,59,25,12,10,0,27,37,2,57,26,9,14,45,52,16,18,61,34,35,21,50,6,46,48,3,1,32,39,63,20,44,49,60,7,56,43,29,31,8,4,53,38,5,42,30,51,11,28,55,62,33,54,23,41
62,52,28,29,5,27,45,25,37,13,41,24,54,31,50,58,38,12,35,34,17,3,43,53,63,44,21,36,40,8,56,23,46,9,59,7,49,39,57,32,47,14,0,16,18,11,6,51,1,22,15,61,20,60,10,42,19,2,26,33,30,48,55,4
63,48,25,7,2,43,10,0,4,40,8,33,45,55,49,17,22,24,5,54,62,13,46,58,14,6,29,57,56,28,53,26,21,31,30,3,44,1,61,42,47,52,27,34,12,60,35,9,11,18,15,38,36,41,51,39,59,37,23,50,20,16,19,32
47,46,29,11,15,43,9,1,35,50,23,24,36,63,26,8,37,44,62,21,41,45,61,28,18,6,2,32,17,19,10,55,31,58,0,25,60,51,59,5,33,20,48,49,34,4,53,12,27,54,13,42,3,30,39,40,38,22,16,56,57,7,14,52
62,39,15,58,27,25,0,45,29,35,36,33,37,14,3,48,19,41,23,7,26,44,55,30,2,47,22,51,8,20,40,63,17,4,54,11,53,31,59,42,49,34,52,9,57,61,5,6,13,46,21,60,56,43,12,24,1,16,38,32,28,50,18,10
58,14,13,49,61,56,52,19,7,18,25,38,36,62,29,59,22,26,27,63,0,8,30,6,48,11,40,47,32,50,60,24,51,5,17,21,57,41,10,42,12,53,4,3,35,9,15,2,34,46,20,55,44,1,45,54,31,39,28,37,33,43,23,16
32,47,41,61,43,6,28,15,9,12,1,26,19,14,4,24,35,45,33,58,54,38,11,42,53,20,52,34,29,8,50,63,55,7,3,51,37,62,44,16,22,30,48,21,10,17,18,13,60,2,57,46,36,40,5,56,59,0,39,31,27,25,49,23
61,24,8,40,3,46,32,60,5,49,10,57,54,20,11,50,27,17,30,2,19,13,59,63,0,62,26,53,23,38,21,45,7,43,35,34,56,33,55,52,37,14,1,22,29,18,39,42,48,31,36,44,41,25,9,4,12,28,16,58,51,6,15,47
10,61,37,16,43,32,51,50,14,34,60,48,53,28,24,20,40,9,5,46,6,57,52,3,22,63,30,38,42,27,62,49,47,58,0,4,19,44,54,56,45,15,13,26,18,2,59,7,36,8,1,55,31,33,12,17,29,21,41,35,25,11,23,39
28,1,62,46,42,47,27,8,51,48,61,13,34,57,44,52,10,9,30,45,55,15,56,11,17,20,29,19,6,14,3,40,24,18,4,25,36,41,23,39,60,2,43,0,35,22,58,12,32,49,53,63,31,26,33,38,50,54,16,7,5,37,59,21
52,7,9,23,60,18,54,14,59,27,21,58,19,49,25,33,29,63,61,55,4,24,8,10,0,45,32,34,56,42,46,31,47,3,51,30,6,20,13,53,22,28,44,36,50,1,11,5,43,48,26,62,16,37,41,15,35,40,12,38,39,17,57,2
60,40,62,58,53,20,59,36,32,56,28,44,22,21,26,12,45,6,7,4,1,11,16,35,57,5,8,27,39,24,10,50,3,43,63,31,30,29,14,34,17,48,47,2,49,19,38,55,46,15,23,61,33,37,52,42,9,51,0,25,18,41,54,13
37,11,33,20,27,60,35,38,50,12,48,23,0,22,58,61,40,44,62,3,56,6,8,28,55,43,2,32,51,14,39,29,17,10,16,54,1,15,26,21,47,57,41,7,4,45,31,13,25,46,59,42,5,24,52,36,30,18,49,34,53,9,19,63
37,9,53,15,34,41,35,46,22,3,11,52,16,47,13,10,55,45,19,7,8,21,5,12,56,54,43,48,31,28,17,0,33,58,1,63,42,14,49,57,27,20,40,50,44,62,61,25,26,32,60,23,4,36,38,51,18,6,29,59,39,2,24,30
45,3,54,51,33,62,15,24,12,59,53,17,30,0,61,19,6,37,36,22,31,11,26,10,41,23,42,20,29,5,16,21,8,52,39,34,25,1,63,46,57,18,58,13,14,35,4,44,28,27,55,2,49,43,48,50,47,56,60,40,7,32,9,38
9,44,57,7,22,26,43,41,19,27,17,54,42,49,6,11,32,63,61,24,10,50,29,46,4,0,39,59,52,48,35,3,1,5,51,2,31,38,56,25,55,37,45,13,8,53,15,34,21,47,28,36,20,16,12,58,60,23,40,30,18,62,33,14
22,46,41,27,37,35,16,1,6,48,62,15,14,53,34,0,4,3,24,38,55,28,49,20,9,23,17,26,42,40,39,57,52,8,25,12,60,31,5,45,21,18,30,36,2,54,44,19,11,59,61,47,29,33,7,10,51,63,43,50,56,58,32,13
14,18,31,11,58,38,30,23,52,0,2,25,33,51,28,1,19,44,55,40,35,8,15,6,36,53,20,9,43,60,21,42,16,3,57,29,34,46,63,39,32,22,49,5,26,4,7,54,10,12,56,48,24,41,13,17,27,45,62,61,50,37,59,47
18,30,13,27,23,15,38,53,8,48,39,19,20,16,55,56,50,21,46,10,41,47,14,35,12,60,51,58,9,2,34,57,40,63,42,7,52,31,61,32,25,22,24,3,28,0,29,49,54,45,26,44,36,37,4,11,59,43,62,17,5,33,6,1
38,30,4,12,46,15,7,11,58,13,23,36,60,22,55,62,51,56,1,54,35,14,24,49,9,17,63,10,29,53,48,33,21,43,27,40,31,42,20,19,47,44,52,50,16,6,25,5,0,41,18,2,61,8,45,28,57,3,26,59,37,39,32,34
46,0,55,62,2,32,26,15,39,45,44,35,9,6,19,41,5,36,48,25,58,61,57,53,33,38,1,24,51,10,8,20,42,11,27,59,29,43,52,22,50,31,63,7,4,30,21,37,28,23,16,47,56,17,18,34,14,12,13,49,40,3,54,60
62,38,46,59,56,10,33,16,60,48,35,8,43,61,21,27,34,39,45,41,13,30,14,25,0,18,15,29,31,6,4,5,53,3,42,63,23,11,49,32,17,26,20,50,58,12,24,52,22,28,2,36,51,1,55,7,57,40,19,37,9,44,54,47
59,37,12,23,40,18,13,44,35,55,16,29,22,1,2,45,5,56,43,14,25,49,39,26,6,52,62,42,41,57,50,54,33,4,7,32,17,21,19,0,58,36,8,60,11,20,48,10,34,53,38,9,47,24,61,28,3,27,51,31,63,30,15,46
38,53,55,12,48,56,42,11,29,60,59,3,27,33,57,31,26,4,30,52,32,28,41,19,63,50,2,0,36,14,15,8,10,39,21,6,9,35,62,37,54,22,44,40,61,23,24,47,51,43,7,46,13,5,49,45,25,16,1,17,20,34,18,58
44,3,61,40,37,48,31,47,50,7,22,33,60,27,17,24,62,23,28,12,15,58,10,57,9,36,11,39,51,21,41,54,2,30,8,13,5,18,14,6,52,43,59,19,63,56,46,38,49,1,53,35,32,34,25,29,16,0,45,42,26,20,55,4
42,44,17,46,23,25,3,9,30,63,32,2,55,19,60,4,15,10,29,27,37,36,1,56,61,0,43,14,13,50,11,59,16,54,62,8,51,26,48,22,21,34,35,12,6,41,47,5,40,20,31,52,28,18,7,57,39,33,24,53,45,58,49,38
31,17,21,15,1,32,34,43,58,22,61,53,24,6,8,18,40,12,62,29,30,27,60,46,57,50,35,51,19,49,42,39,33,20,10,54,37,4,23,47,14,25,0,48,59,45,55,36,13,38,9,28,16,26,56,63,41,2,44,5,11,3,7,52
13,38,16,29,48,20,0,59,21,51,22,32,30,57,3,5,19,45,33,56,14,62,50,4,25,34,18,55,6,15,36,35,11,23,43,58,39,63,7,26,8,49,46,12,41,54,44,17,53,61,60,10,52,24,9,2,31,47,1,27,42,40,28,37
54,62,42,59,27,9,36,39,57,30,49,15,26,13,63,3,8,16,25,28,4,10,51,61,2,22,29,34,1,14,55,50,40,33,21,35,32,6,45,47,0,19,18,31,11,20,48,7,52,60,37,12,44,24,58,23,46,17,56,41,43,53,38,5
63,41,12,29,31,39,30,56,8,49,14,46,42,58,7,16,43,32,44,33,1,11,59,51,0,60,24,6,5,53,38,17,25,23,26,48,9,40,13,2,36,52,50,34,4,57,62,3,37,19,27,18,22,35,45,54,20,10,61,21,28,47,55,15
35,58,63,6,42,31,9,21,23,3,5,32,55,46,25,26,62,56,43,15,11,37,52,44,12,2,8,17,22,10,41,28,27,29,4,49,57,19,16,50,54,47,33,36,30,34,45,14,7,48,40,24,60,53,0,18,59,39,38,13,61,51,20,1
30,28,54,29,0,58,31,1,63,44,34,26,35,57,4,3,56,40,11,49,24,20,8,48,5,15,33,16,25,9,62,38,46,61,10,36,22,19,50,47,51,13,52,55,2,43,12,60,14,7,37,18,53,32,23,27,6,45,21,17,42,41,39,59
31,22,4,48,6,40,63,41,12,27,54,16,25,17,15,50,11,58,18,39,61,60,14,29,36,28,20,32,35,33,5,45,2,26,49,1,19,7,9,59,13,30,10,51,44,23,56,38,42,52,24,57,8,47,34,62,53,0,37,55,46,21,3,43
52,31,60,49,59,12,23,43,20,61,46,57,63,33,58,54,14,48,26,40,21,28,11,0,4,18,38,22,53,19,3,35,29,56,42,30,24,32,55,41,16,7,17,45,15,9,36,47,2,44,1,37,62,8,10,51,34,39,27,13,50,5,25,6
51,36,10,43,55,44,57,48,20,60,15,18,6,31,32,23,63,53,45,58,13,27,42,26,21,7,34,38,46,5,1,61,39,41,8,37,12,35,50,52,47,17,4,16,24,56,40,19,2,11,29,9,0,33,59,49,14,30,62,54,22,28,25,3
5,2,16,54,8,60,38,21,22,26,11,35,6,42,45,63,23,34,62,53,58,3,41,31,51,17,59,61,30,47,0,27,7,52,49,55,39,15,48,24,29,57,32,1,36,14,56,25,18,33,40,12,13,20,4,50,43,28,10,44,46,37,19,9
45,35,6,29,37,15,18,14,0,19,58,62,42,36,50,27,61,47,40,51,26,4,3,32,48,34,25,13,5,52,63,20,30,46,33,53,57,8,59,49,11,10,2,21,44,9,17,41,38,23,28,43,1,12,7,55,54,24,39,60,31,22,16,56
33,1,41,6,62,7,2,40,56,22,19,58,52,10,44,11,32,25,38,35,21,31,42,54,59,43,30,47,45,57,5,46,36,3,26,16,0,23,51,18,14,13,61,50,60,20,15,63,39,4,8,17,34,48,28,53,55,24,27,12,37,29,9,49
2,30,54,55,12,17,18,51,41,31,5,28,53,37,38,52,22,13,50,16,4,33,42,43,61,29,8,60,26,27,58,59,48,25,0,44,57,47,46,10,7,32,3,19,21,15,14,20,45,40,11,24,34,35,56,49,62,36,6,9,1,63,23,39
22,61,27,33,7,32,25,43,19,50,42,54,35,18,0,45,47,48,39,31,37,11,53,46,23,26,44,17,13,63,34,8,12,6,30,36,21,57,38,56,29,4,15,2,55,49,62,60,5,51,3,1,59,52,41,20,28,58,40,24,16,9,14,10
34,21,7,49,1,9,4,58,0,11,24,29,40,2,12,18,8,60,62,55,33,41,35,37,30,15,31,63,13,20,42,36,39,45,25,5,50,53,56,44,26,14,17,54,59,27,6,46,19,48,3,16,10,23,43,47,57,61,52,32,51,28,22,38
57,2,27,43,49,31,50,35,58,14,33,59,26,52,5,53,36,16,45,23,1,37,28,46,24,21,60,32,39,11,29,42,13,19,61,6,38,44,22,55,0,7,9,48,8,15,25,47,34,18,17,3,54,4,41,20,51,12,56,30,10,63,40,62
63,60,54,3,37,15,49,28,55,16,31,61,58,12,52,62,34,13,6,53,18,1,56,44,43,35,7,32,20,24,5,40,33,51,22,36,19,10,17,27,21,39,47,14,11,50,8,38,0,23,26,29,30,59,25,45,41,9,46,2,42,57,4,48
19,24,46,7,17,47,28,57,23,27,50,39,62,59,56,15,36,32,42,61,20,45,8,38,11,34,40,26,1,4,33,12,37,5,22,21,54,52,43,51,31,10,18,29,58,63,16,2,9,6,44,25,53,48,49,60,0,3,13,35,14,30,55,41
27,57,15,39,16,52,3,25,61,4,8,1,24,10,11,30,56,12,20,46,48,40,21,50,54,0,49,14,55,29,22,31,41,17,5,51,62,58,42,19,53,63,2,28,33,32,18,44,23,43,38,60,7,34,47,6,26,45,35,59,13,36,37,9
16,33,22,63,43,9,50,37,1,45,15,6,19,10,18,62,39,8,56,4,11,40,49,7,61,34,58,26,55,46,29,36,32,54,3,2,57,23,51,12,31,25,0,21,28,59,35,48,47,27,5,42,52,53,24,41,13,44,38,30,17,60,14,20
5,62,51,33,34,6,63,30,61,54,27,13,26,10,59,39,7,40,3,2,56,25,17,23,1,29,53,50,28,42,16,60,19,32,57,15,8,48,31,37,47,44,0,41,43,4,49,20,9,12,35,55,21,45,24,36,11,38,46,58,22,14,52,18
58,57,52,53,54,61,63,40,19,62,9,56,29,42,43,46,28,4,36,15,49,38,5,35,26,55,7,27,59,13,6,1,18,44,51,47,50,20,8,17,0,48,3,33,11,39,41,31,23,2,10,22,24,25,34,16,32,37,30,21,45,60,14,12
55,45,2,11,51,42,34,16,13,52,23,59,50,41,56,44,22,27,21,9,40,6,49,35,12,0,43,36,33,5,61,17,8,38,28,37,15,20,62,60,1,39,30,26,10,29,54,14,19,18,57,31,47,4,48,63,58,3,7,53,24,25,46,32
46,63,11,36,48,16,59,41,42,14,8,28,7,5,3,23,47,24,19,52,6,31,32,33,35,27,26,39,15,9,45,18,57,21,17,1,25,13,61,58,2,62,30,22,20,49,44,51,55,0,43,4,37,50,34,40,56,10,29,54,60,38,53,12
23,31,48,55,46,37,10,25,14,9,19,11,59,6,63,32,22,44,53,17,7,8,41,39,26,13,24,61,20,5,36,16,52,15,50,38,49,18,0,35,57,58,62,28,47,54,30,42,4,29,34,1,21,3,51,40,27,2,43,33,56,45,60,12
46,10,6,23,25,5,53,3,59,28,0,36,57,54,55,40,27,43,48,15,58,37,38,13,17,24,33,32,18,20,49,2,44,30,1,26,29,12,47,52,51,39,14,31,56,35,41,11,9,8,34,50,22,60,16,62,42,61,7,45,63,21,19,4
52,16,43,57,23,50,63,17,9,27,36,35,1,38,62,4,33,53,31,21,7,34,15,29,13,18,56,12,24,20,6,42,61,32,25,37,40,60,55,45,2,39,19,48,5,10,49,46,54,14,8,26,41,30,22,0,44,11,3,59,47,51,58,28
63,58,57,60,28,55,53,36,4,50,31,24,33,0,23,1,52,62,29,46,5,21,2,9,56,27,10,6,32,15,40,42,61,44,59,18,12,17,37,30,25,51,13,14,26,47,49,22,45,19,3,48,43,8,39,16,54,35,7,11,20,34,41,38
32,17,36,56,10,37,63,61,6,19,55,43,49,27,0,12,7,50,22,51,39,8,2,25,48,1,20,3,38,24,13,59,11,31,4,15,42,14,62,16,5,53,47,41,21,28,35,46,33,26,44,18,29,34,58,9,52,54,30,60,23,40,57,45
38,2,54,0,62,4,17,42,33,18,48,31,24,14,52,7,57,46,27,26,63,11,5,35,43,16,28,8,34,45,1,39,56,25,37,41,12,40,3,60,50,9,49,58,36,6,29,22,13,51,15,44,59,21,23,47,30,61,32,20,19,55,53,10
7,33,12,18,23,16,58,2,51,63,3,53,43,60,10,25,9,30,29,27,5,6,49,26,24,15,19,4,52,36,41,44,21,57,50,22,54,38,48,14,0,35,31,39,55,45,47,46,11,61,37,34,32,59,42,40,8,13,1,62,20,28,56,17
16,52,23,31,59,38,42,18,29,17,0,21,36,34,28,9,11,25,48,58,30,2,4,14,61,20,60,45,22,47,63,54,32,7,55,51,26,35,53,33,40,43,49,39,46,27,10,12,56,37,44,5,41,24,50,13,57,8,1,19,15,62,6,3
37,16,12,33,24,41,36,8,18,26,38,10,14,17,44,60,63,52,61,48,59,56,28,58,53,11,40,23,42,20,47,13,55,9,57,49,2,43,39,46,62,31,3,21,15,22,0,6,35,32,54,29,30,50,5,19,1,27,34,25,45,51,7,4
56,55,34,6,43,24,3,60,19,25,38,16,17,39,35,22,40,5,50,18,0,49,33,7,42,51,44,15,46,37,59,4,31,1,13,11,63,8,62,52,23,36,57,61,12,20,45,30,2,28,53,29,41,58,32,54,21,48,14,10,27,9,47,26
28,53,42,39,11,1,3,21,4,50,57,63,29,27,12,24,17,52,26,41,58,34,7,25,47,35,15,19,56,44,6,43,8,37,22,48,10,62,16,45,36,0,30,38,5,61,2,31,46,51,14,18,55,13,32,23,33,59,49,9,60,20,54,40
13,48,51,4,44,3,52,34,15,62,37,33,16,22,61,25,11,39,1,32,36,23,29,9,58,53,21,5,42,31,7,2,41,17,6,30,0,19,43,24,28,63,59,12,46,55,47,14,49,45,8,56,20,60,50,35,54,57,38,18,10,27,40,26
1,30,4,44,32,14,51,63,20,52,23,56,24,21,8,28,17,40,60,36,9,48,16,61,34,19,2,3,58,55,43,7,37,54,22,38,15,25,59,11,53,57,47,10,0,27,5,45,49,33,31,26,13,18,42,35,12,39,46,6,62,50,41,29
34,18,35,26,61,46,47,30,2,10,31,29,11,48,42,3,14,63,50,22,4,56,36,40,27,28,15,51,6,55,37,23,57,44,41,1,5,32,24,60,8,0,7,38,39,25,33,59,19,13,16,20,43,54,49,45,58,9,53,12,62,21,17,52
37,10,18,31,24,17,63,60,19,41,59,1,21,53,22,50,12,44,4,47,26,38,11,42,3,45,23,34,46,16,28,52,0,2,5,9,30,7,39,35,33,27,6,62,57,61,36,14,48,8,55,13,43,25,20,58,15,56,54,49,51,40,32,29
41,51,60,31,18,46,30,61,17,32,53,39,4,8,9,11,47,3,25,14,21,49,54,5,63,22,43,6,29,27,56,0,16,1,44,38,55,2,45,62,42,13,40,19,28,24,33,26,15,57,7,12,10,37,20,36,58,35,34,59,50,23,52,48
25,13,51,15,52,37,2,42,58,55,39,40,34,3,7,44,17,43,9,18,57,38,33,48,47,0,60,28,36,54,62,5,61,56,46,4,30,22,31,50,29,6,45,16,49,32,20,14,8,21,11,26,1,53,35,59,10,24,41,12,19,27,23,63
49,35,9,58,14,38,61,45,50,15,32,62,22,51,0,23,53,4,31,21,37,3,16,28,19,34,18,13,12,55,25,10,8,57,29,24,2,5,46,42,52,41,47,11,36,54,44,48,40,30,27,1,17,60,7,43,39,6,20,26,63,56,59,33
6,42,63,34,40,19,61,11,54,62,39,8,44,51,24,5,59,1,7,15,14,27,13,21,48,43,12,18,16,50,2,32,35,58,0,45,29,10,9,46,47,57,23,49,31,56,4,28,26,22,60,3,38,36,17,55,20,41,52,25,37,30,33,53
61,33,6,23,57,28,55,34,38,49,63,8,19,20,47,54,14,56,40,7,62,11,1,32,52,0,17,36,29,5,27,22,12,2,26,15,48,21,31,13,59,60,25,9,30,35,45,3,16,41,58,44,4,18,39,24,46,43,51,50,10,42,37,53
37,54,39,59,17,62,33,35,41,19,15,36,13,57,7,56,28,11,9,63,29,23,47,27,0,25,61,40,51,8,44,14,4,55,32,6,24,34,53,18,1,10,43,26,42,12,5,30,49,58,52,50,60,38,45,46,48,22,16,31,20,21,3,2
9,57,19,38,34,30,41,39,18,35,7,62,53,56,5,43,28,11,52,0,13,10,6,27,29,60,15,1,46,50,63,24,16,54,48,55,47,22,44,37,40,2,25,4,31,33,8,58,26,23,32,59,14,20,45,12,49,42,21,61,3,36,17,51
11,48,46,5,20,12,47,2,21,63,13,16,34,50,17,18,30,14,54,23,57,33,8,37,53,51,15,26,10,22,35,43,32,40,25,56,61,41,6,44,55,62,45,31,1,38,58,49,19,59,52,60,39,24,36,42,3,0,9,28,27,7,29,4
33,54,39,35,52,23,58,17,29,50,28,18,53,37,8,10,32,57,0,27,40,7,2,46,49,5,56,34,13,48,36,62,4,42,19,41,21,31,43,63,59,24,25,16,44,1,26,51,38,3,55,61,60,15,20,9,6,12,11,45,22,14,47,30
22,19,41,63,55,39,58,5,7,37,54,3,15,8,9,62,56,42,50,33,28,52,48,59,4,32,21,26,29,47,45,61,40,25,35,34,44,2,14,36,53,17,24,11,49,1,23,20,43,18,57,31,60,6,51,13,16,46,0,12,10,27,30,38
26,18,39,53,44,10,37,12,38,31,35,59,13,45,6,46,61,17,34,21,56,29,58,62,51,47,16,3,57,23,1,48,11,2,49,60,42,33,54,0,52,40,24,55,9,30,7,15,32,14,63,50,22,36,43,41,25,19,5,20,4,27,8,28
24,31,1,7,39,37,56,50,45,6,36,17,21,30,0,34,58,59,44,49,14,51,2,40,8,27,33,41,15,16,62,29,22,9,13,47,25,52,53,12,28,10,20,23,42,63,32,5,3,48,38,26,35,61,54,11,46,57,55,4,43,18,19,60
1,43,63,40,41,48,45,57,55,13,49,22,47,19,53,31,17,12,6,36,25,44,11,20,30,52,50,18,3,14,33,8,51,21,39,56,5,27,28,60,9,35,37,46,58,23,7,29,10,38,61,42,16,0,34,32,62,24,59,15,2,54,26,4
26,8,3,51,24,22,61,33,41,38,2,15,44,32,42,43,59,7,10,25,14,12,50,17,16,0,52,6,37,21,9,47,60,54,29,48,40,46,13,45,27,56,11,34,49,20,19,62,35,18,63,53,55,58,30,23,4,28,1,57,31,39,5,36
41,52,31,60,1,55,9,3,27,7,25,12,50,37,56,21,53,47,13,57,14,29,19,61,6,15,34,39,40,43,20,54,28,17,26,18,44,0,4,8,51,36,62,58,16,35,10,42,33,32,46,23,63,49,38,5,24,59,48,2,22,45,30,11
21,10,43,1,62,4,46,35,55,0,28,31,58,2,53,41,22,6,14,12,29,42,47,30,33,5,59,54,9,57,3,23,61,16,38,15,13,7,17,60,8,45,19,48,49,50,25,27,24,32,18,40,37,39,63,20,11,36,26,44,52,51,34,56
34,60,10,48,33,18,39,42,3,47,12,16,51,62,61,2,52,40,8,26,49,38,24,14,37,43,6,53,35,17,58,45,21,25,19,7,63,46,41,31,23,22,1,11,0,9,59,27,36,57,28,4,44,5,13,55,56,32,29,20,15,50,54,30
14,30,8,11,47,36,25,24,20,21,41,48,51,15,31,23,1,40,3,38,9,4,59,63,12,46,42,49,26,62,7,35,43,33,54,5,17,16,29,22,44,61,32,57,45,6,58,39,55,50,0,2,28,56,53,37,18,10,52,34,13,60,19,27
55,7,10,16,26,9,17,44,8,58,20,48,13,29,38,25,19,3,51,0,30,4,27,34,15,14,50,18,37,39,31,54,28,2,1,63,23,43,11,42,5,62,57,60,32,12,21,22,40,52,46,45,49,24,47,33,56,41,35,59,6,36,61,53
35,46,48,28,19,59,56,16,47,3,27,38,32,20,31,7,29,39,42,63,10,49,34,40,41,51,8,60,15,2,33,45,50,62,22,23,52,4,54,18,53,9,57,26,6,30,5,1,36,61,14,11,12,37,0,13,24,44,55,17,25,58,21,43
47,43,34,48,41,58,9,40,28,20,39,24,2,60,21,25,62,61,32,63,14,10,29,53,27,0,4,5,42,11,56,23,15,31,50,45,26,22,37,8,3,19,30,52,6,1,12,49,16,36,17,59,33,13,51,35,46,18,38,55,44,57,7,54
51,6,57,58,4,53,13,36,19,28,39,17,60,63,31,35,55,54,37,8,12,61,1,27,11,22,14,26,33,56,2,34,3,44,49,29,9,10,45,47,41,20,50,40,5,18,38,25,23,0,62,15,42,32,24,59,48,30,21,52,7,16,43,46
11,2,34,31,46,24,7,58,50,54,62,8,5,63,32,17,60,56,25,23,33,30,27,47,37,0,36,9,15,21,3,14,52,53,20,4,44,1,26,48,55,35,29,6,28,49,59,13,18,41,61,12,43,57,38,51,39,22,16,42,19,10,40,45
56,33,6,50,43,41,20,39,34,17,24,44,48,15,14,59,5,3,37,8,22,47,1,42,35,27,53,57,58,18,29,0,36,49,60,46,52,2,23,61,19,63,38,16,21,30,62,40,51,7,55,4,25,12,45,9,28,32,11,54,26,13,10,31
16,0,61,35,51,53,55,36,63,12,57,44,27,34,26,39,29,59,18,4,7,1,8,30,15,56,28,6,52,37,58,33,2,60,25,3,14,49,17,19,32,46,10,5,40,41,11,31,45,24,62,22,38,54,13,23,42,43,20,50,47,9,21,48
23,26,16,42,48,43,22,7,38,17,53,3,57,0,34,55,58,4,45,37,29,60,9,2,35,21,8,50,40,24,19,30,54,11,63,46,51,39,10,6,15,47,41,61,36,32,62,52,25,1,28,5,12,18,59,44,27,56,20,49,31,33,13,14
55,2,61,37,42,12,11,3,7,28,44,20,39,15,60,26,0,56,24,36,10,25,50,23,1,34,16,17,21,32,52,53,31,43,40,48,58,38,19,33,30,54,41,9,8,62,18,57,46,5,29,22,14,6,27,4,63,13,51,49,59,47,45,35
47,25,32,59,0,33,21,4,37,60,20,51,13,17,34,10,52,22,14,15,53,31,18,48,28,1,43,62,8,39,6,26,35,61,7,56,29,9,24,42,41,12,57,63,3,19,5,2,30,44,11,16,36,55,27,58,46,23,45,50,40,49,54,38
62,37,46,44,21,23,43,39,5,60,33,26,54,13,41,57,1,40,61,14,35,6,15,17,24,51,55,63,45,34,30,53,31,38,4,29,58,47,18,28,10,48,8,0,49,16,20,2,25,42,36,50,11,9,7,3,19,56,52,59,22,12,32,27
51,53,5,43,55,28,19,6,48,54,17,46,63,44,16,4,35,32,42,18,36,24,23,50,41,8,60,59,22,49,2,26,12,57,27,62,21,13,40,31,56,45,58,47,1,20,10,33,11,3,30,39,29,14,7,34,0,38,9,15,61,25,37,52
30,37,40,12,57,60,41,54,10,61,31,36,19,38,58,16,6,25,18,49,29,34,3,42,28,44,4,33,51,52,23,45,9,8,11,59,17,62,27,46,55,43,7,1,15,63,21,22,26,47,50,53,2,35,14,56,39,13,5,32,24,20,48,0
26,61,48,30,2,50,4,46,44,17,36,31,1,63,9,59,14,52,10,55,24,21,40,5,62,20,15,28,41,19,6,32,8,56,58,54,29,18,42,3,37,38,49,34,43,60,33,53,11,27,12,51,16,25,45,0,57,39,13,35,7,47,22,23
20,19,31,53,57,50,32,52,36,44,42,38,24,5,56,37,33,63,18,22,7,46,3,34,49,12,28,41,2,25,43,26,16,8,15,13,51,30,6,54,17,29,40,60,11,23,10,1,39,62,21,35,47,4,61,9,58,59,14,45,0,55,48,27
51,62,36,14,41,4,63,16,47,44,26,54,34,60,49,12,29,27,20,39,7,11,37,0,2,3,30,43,24,32,38,5,17,18,13,15,6,19,21,25,10,9,56,48,28,53,46,35,50,59,52,22,8,40,45,57,58,33,55,61,31,23,42,1
14,6,1,25,51,17,49,43,23,34,47,13,28,9,40,27,42,12,10,54,20,36,35,61,32,19,0,5,37,31,53,62,30,44,38,58,52,16,59,8,60,46,56,11,21,3,41,55,57,22,4,50,26,18,63,29,45,39,15,33,24,48,7,2
44,8,56,49,21,9,0,23,10,48,13,27,29,30,55,36,62,20,22,18,57,50,3,34,2,17,37,6,54,39,1,25,16,59,4,43,58,47,53,28,24,45,7,31,26,61,42,40,11,35,41,33,5,38,46,14,60,12,19,32,63,52,51,15
41,45,19,7,40,46,6,12,2,20,13,8,47,28,22,50,42,54,32,30,21,4,33,51,52,63,23,18,24,44,43,48,10,34,53,59,14,49,57,36,16,9,5,55,3,15,37,39,11,29,1,25,17,58,26,31,35,60,62,27,61,56,38,0
24,26,40,32,34,7,49,45,50,54,41,51,39,53,17,22,36,3,0,33,14,46,56,48,10,6,18,42,19,35,61,58,28,63,37,57,30,15,55,44,5,12,11,60,62,38,43,23,29,59,47,8,21,9,13,31,52,16,4,20,27,1,25,2
63,40,30,27,39,6,48,14,32,42,51,33,50,56,11,13,22,34,38,15,35,61,46,54,24,9,23,29,18,3,12,55,16,25,31,2,60,20,1,52,53,47,41,7,5,44,10,49,59,36,19,28,17,21,37,57,8,45,26,4,58,43,62,0
36,12,28,35,31,30,48,54,39,23,62,46,57,52,4,41,16,32,56,27,22,44,18,21,9,8,25,51,53,1,20,37,11,19,47,6,0,7,10,42,55,5,3,26,49,60,34,58,33,40,59,17,13,45,63,2,24,61,14,15,38,43,29,50
15,48,62,39,14,22,3,37,18,45,51,34,55,13,25,63,0,17,53,9,27,20,19,8,16,60,46,47,26,50,33,41,59,21,43,54,57,7,11,44,30,28,1,49,12,36,35,61,4,24,29,52,6,58,2,40,42,23,32,31,56,38,10,5
19,63,56,24,60,41,39,8,21,47,12,4,6,50,36,45,48,1,54,40,33,44,16,23,3,42,29,55,0,18,20,34,15,61,51,25,49,46,7,5,2,28,14,57,11,10,59,32,35,62,27,22,37,58,53,31,43,17,13,9,30,26,38,52
18,20,24,56,51,52,19,23,25,57,14,58,10,47,42,16,6,12,35,13,48,5,63,28,53,36,41,39,1,26,60,29,38,55,0,9,43,2,15,33,7,30,50,21,32,59,45,31,8,62,46,37,4,49,61,34,54,3,17,40,44,27,22,11
38,63,5,49,1,26,37,16,20,52,60,55,51,19,35,57,9,33,53,62,42,34,46,8,22,25,50,58,39,21,24,11,61,15,29,17,43,10,13,14,56,40,28,27,36,7,47,23,2,31,32,45,59,41,30,3,4,44,48,54,0,12,18,6
32,55,27,25,46,44,57,12,7,10,8,24,18,28,63,22,19,2,5,17,48,1,34,29,9,50,41,4,53,38,11,36,30,31,3,39,37,52,26,49,43,35,6,59,42,60,21,15,61,13,56,51,54,62,58,45,0,14,23,20,33,47,40,16
8,17,0,33,6,16,9,53,48,32,55,52,18,39,4,20,61,41,25,36,42,30,59,14,56,63,22,43,2,27,37,40,49,7,21,12,34,11,62,26,51,29,35,60,38,31,23,54,1,45,58,15,47,24,10,13,19,44,46,28,5,50,3,57
36,54,27,51,58,61,16,0,26,33,23,4,21,24,5,32,29,8,6,34,19,55,56,11,1,52,13,37,28,2,44,42,35,9,30,63,40,43,22,25,14,41,15,17,3,39,57,10,18,53,62,47,7,20,50,31,46,45,12,38,48,59,49,60
6,56,42,11,33,15,24,1,12,53,13,43,60,5,35,3,57,40,10,36,61,58,16,25,8,20,41,30,45,31,28,44,4,59,26,17,7,23,21,18,19,49,48,47,34,46,27,52,39,2,63,29,0,22,9,37,50,54,32,14,38,55,62,51
60,43,35,41,24,2,58,26,15,18,31,55,27,21,5,36,9,6,29,8,16,22,45,42,49,3,11,33,30,23,7,38,10,12,48,57,19,0,28,50,46,59,52,44,34,53,54,13,62,39,51,17,61,47,25,1,20,40,4,63,37,56,32,14
24,55,25,5,30,2,7,63,14,57,23,40,32,8,37,60,56,58,62,26,11,29,51,22,48,49,41,34,44,31,0,43,18,47,3,4,50,36,39,33,12,21,46,54,52,19,9,45,61,35,59,27,10,16,28,15,53,20,6,17,1,13,42,38
10,58,28,22,55,31,12,27,60,19,63,45,18,29,54,62,35,38,13,41,4,40,43,48,44,8,25,11,37,46,56,26,17,53,14,47,0,16,6,51,3,9,42,50,2,34,21,1,39,5,61,33,49,59,24,20,30,36,52,32,23,57,7,15
9,48,62,55,23,7,20,29,22,30,15,45,12,26,24,39,31,54,21,34,51,37,8,56,6,47,28,36,25,4,53,52,61,58,63,60,43,3,33,42,14,27,13,44,59,17,16,46,35,0,38,10,50,11,18,2,1,57,40,49,19,5,41,32
33,39,53,13,26,11,44,49,48,40,10,58,63,20,29,35,16,22,19,24,45,62,9,56,15,55,17,46,54,28,21,30,59,57,7,12,4,32,42,1,38,43,5,60,27,18,41,50,34,23,36,61,47,0,51,6,3,37,25,2,52,14,31,8
17,43,3,48,12,30,57,45,29,59,37,42,14,35,49,10,51,31,2,25,55,22,36,58,9,62,50,7,61,4,38,39,63,1,44,16,33,0,24,13,53,23,46,8,60,34,18,54,41,11,52,27,47,28,32,26,6,19,40,56,21,5,15,20
33,39,18,49,13,22,1,24,38,62,28,59,14,41,47,51,46,44,37,48,11,42,52,2,4,35,50,25,30,15,45,57,10,53,3,20,61,31,9,0,5,27,7,56,36,60,32,34,23,21,29,19,6,8,58,12,40,17,43,54,16,55,63,26
62,40,28,6,27,7,34,38,42,31,44,8,59,39,30,46,4,56,60,57,12,20,61,18,24,37,51,32,26,11,21,23,3,54,53,17,16,2,45,33,19,47,55,48,14,0,10,9,15,52,25,41,13,63,22,49,50,5,35,36,29,43,1,58
56,15,60,22,61,8,7,40,19,16,46,3,59,35,55,5,51,23,30,17,20,14,54,36,2,25,21,4,29,49,34,43,41,12,26,27,1,18,53,58,48,13,39,50,24,38,31,37,28,0,57,42,63,10,52,11,44,6,33,45,32,47,62,9
37,24,32,38,16,27,45,52,43,57,3,53,30,48,42,21,61,47,46,2,59,22,51,19,29,18,7,55,14,63,35,49,36,0,23,26,40,44,33,13,15,34,41,54,28,31,60,4,11,39,9,50,25,20,6,12,1,62,56,10,58,8,17,5
55,37,20,9,1,23,45,21,42,11,6,50,47,2,46,56,33,40,16,8,35,28,38,58,60,7,61,41,5,51,29,13,53,4,54,12,48,32,30,24,19,14,17,22,18,57,39,15,3,34,52,43,62,59,31,63,10,36,44,0,26,25,49,27
28,4,25,15,35,59,52,21,16,12,39,18,56,8,32,1,53,10,9,11,55,0,7,22,3,17,41,63,43,34,31,36,5,57,46,37,48,40,49,30,62,20,61,54,2,6,51,50,29,27,13,47,38,33,24,60,58,23,14,42,26,19,45,44
39,2,6,30,63,46,48,35,13,61,56,20,4,26,10,32,33,29,37,54,0,25,15,50,40,22,12,14,42,11,3,34,45,38,28,53,58,36,49,27,62,51,9,5,24,8,23,41,59,43,47,21,1,52,57,19,55,31,60,18,17,44,16,7
56,21,48,2,10,20,12,23,25,5,3,52,40,1,47,14,54,46,49,19,50,24,38,61,45,18,31,34,35,53,4,62,17,36,42,55,59,15,6,44,0,9,22,13,11,37,41,43,26,8,27,57,60,16,32,51,39,7,33,28,29,63,58,30
19,48,49,14,23,18,28,39,47,36,33,10,26,59,55,6,2,34,27,11,12,16,61,9,52,62,21,15,7,35,37,43,4,30,32,41,3,54,46,45,51,13,31,8,20,1,44,42,53,60,56,29,17,58,57,40,38,25,5,50,24,22,0,63
37,51,56,19,52,48,43,41,8,5,45,40,1,7,59,30,44,33,29,53,28,10,21,15,42,14,61,31,57,32,58,9,63,34,25,24,23,35,36,27,39,38,18,13,4,22,20,0,50,26,49,62,47,11,16,17,55,12,54,46,60,2,3,6
62,43,27,13,53,25,5,26,39,41,57,20,24,61,59,45,11,49,52,63,12,47,21,23,9,16,3,0,18,1,60,35,2,58,40,7,6,32,10,48,50,51,17,38,55,14,28,4,29,37,56,54,46,22,31,36,8,44,30,33,15,42,19,34
25,46,7,60,8,6,47,3,20,29,16,17,31,0,11,38,13,54,9,50,49,41,63,42,19,35,12,36,18,23,53,32,14,5,59,28,48,55,33,27,37,34,10,61,24,1,30,52,51,44,56,40,43,57,26,4,62,39,2,22,45,15,58,21
33,61,4,19,12,31,5,24,34,32,45,44,23,46,58,21,59,50,39,7,1,25,47,2,26,55,36,51,8,15,0,35,17,62,9,27,42,22,48,16,41,28,38,14,11,6,40,57,49,37,18,56,29,53,3,60,30,10,43,54,20,52,13,63
0,42,4,3,26,39,32,41,57,9,48,38,28,56,50,16,22,52,8,6,44,31,37,10,55,62,25,40,19,30,53,5,45,12,24,60,23,59,49,17,33,54,63,20,35,21,14,27,61,18,36,13,2,15,43,29,34,46,7,1,11,51,47,58
15,52,60,21,48,47,42,32,28,49,22,4,45,58,5,24,53,38,39,18,62,2,11,26,31,12,37,14,3,9,44,43,54,10,23,8,57,16,1,40,50,6,63,30,41,34,61,36,19,20,51,13,33,27,46,17,7,29,35,55,0,56,25,59
46,2,56,59,45,44,62,31,21,39,28,41,16,57,20,29,38,42,63,13,58,50,23,9,3,27,10,19,47,8,36,60,40,14,7,48,51,6,26,0,15,11,12,22,35,61,49,24,54,52,4,5,34,53,32,55,43,33,30,1,25,37,17,18
0,31,41,37,56,17,25,36,9,43,24,34,22,11,47,3,27,40,26,6,32,20,60,57,44,18,35,10,48,29,15,7,55,4,13,59,2,58,33,30,61,51,23,28,50,63,16,21,53,45,46,12,54,5,8,14,39,49,52,19,42,1,62,38
31,51,60,22,28,50,58,13,21,11,20,48,44,30,36,62,16,63,56,40,43,24,5,41,33,15,32,61,0,6,12,14,29,49,10,18,46,34,25,3,4,37,1,47,39,38,23,54,7,2,9,53,57,19,8,42,45,59,17,27,52,55,26,35
10,21,11,16,51,20,61,48,60,52,31,14,62,1,17,26,30,57,2,63,28,27,13,5,7,36,23,50,55,6,3,22,29,8,59,56,24,9,18,41,4,53,40,15,54,25,19,38,49,46,0,43,34,12,58,45,44,39,33,37,32,35,42,47
13,35,21,23,51,12,1,30,38,28,47,53,48,57,9,54,8,24,14,43,3,0,60,5,6,11,62,16,37,20,63,36,46,22,50,52,15,32,59,58,39,19,33,29,49,25,44,56,10,55,61,4,42,40,27,18,45,26,41,34,2,17,31,7
0,60,25,12,46,32,57,26,19,2,45,36,4,11,15,40,52,51,20,35,18,21,61,63,54,5,22,59,3,55,33,14,43,39,31,29,30,13,49,17,62,58,38,7,53,16,42,56,34,10,24,9,48,47,6,23,50,44,1,37,41,8,28,27
47,3,61,63,54,48,46,10,51,21,11,57,55,31,58,24,39,37,6,60,50,43,44,41,18,8,20,42,4,45,0,16,14,59,34,29,52,35,19,49,62,23,22,36,26,25,30,38,33,7,1,40,53,27,9,5,56,15,12,17,32,13,2,28
40,2,42,16,54,33,15,11,58,43,13,18,35,52,63,14,49,9,37,27,31,5,53,29,21,39,30,32,3,8,55,41,46,60,10,50,19,62,24,0,45,26,59,44,25,48,6,61,12,23,34,1,20,36,57,47,51,22,4,17,38,56,28,7
6,62,28,35,1,34,21,49,48,59,39,45,27,46,56,24,38,13,47,15,55,2,50,16,20,19,8,61,33,29,23,41,9,14,18,17,0,57,42,26,52,12,44,43,32,40,51,11,58,3,4,5,10,25,63,22,37,53,54,36,7,30,31,60
23,27,26,6,48,25,47,21,36,44,55,1,35,31,59,18,39,34,3,11,5,52,56,14,53,42,62,38,0,30,43,49,54,63,8,7,20,37,28,17,4,2,29,16,45,32,60,58,33,51,24,22,12,10,57,40,15,46,41,19,9,61,13,50
4,42,41,37,62,46,1,43,33,44,29,34,30,31,16,5,53,21,63,26,17,6,0,14,27,12,2,28,10,15,56,54,48,3,9,25,40,11,32,47,7,50,20,45,55,8,61,38,19,52,60,57,18,22,59,36,13,23,49,51,24,58,35,39
28,21,63,56,30,52,55,43,20,17,7,8,35,50,62,58,5,54,31,2,53,47,22,9,25,33,10,38,41,24,51,26,27,39,15,4,57,6,48,11,46,34,45,3,59,16,18,14,0,19,49,44,42,13,23,12,60,29,37,1,36,40,32,61
25,22,39,17,20,4,50,31,30,8,11,18,53,37,59,52,23,47,26,60,29,12,62,28,54,34,43,55,45,5,61,14,49,10,27,58,41,42,51,36,63,32,56,2,0,15,7,24,13,33,35,38,6,16,21,57,19,46,1,9,44,3,40,48
53,36,1,52,17,14,31,42,5,46,49,19,45,60,44,27,33,57,6,56,23,15,58,48,54,21,41,11,55,63,28,24,51,43,10,25,47,29,59,18,2,34,37,12,0,40,38,62,30,9,16,8,26,13,3,7,4,22,32,61,20,39,35,50
24,61,2,48,53,56,9,50,31,23,18,43,21,55,14,12,7,47,33,60,35,17,16,49,38,15,5,44,6,20,59,54,26,28,37,40,39,3,8,34,30,46,22,63,13,10,45,62,0,41,42,36,25,4,1,51,19,11,32,29,27,52,57,58
45,31,53,46,59,34,6,29,42,40,3,21,43,14,18,49,13,30,33,35,44,10,41,19,61,4,38,57,15,47,2,56,28,20,11,5,36,63,1,50,12,16,39,54,26,0,24,9,8,23,25,58,55,52,27,62,60,22,17,32,7,37,48,51
24,20,52,22,15,28,57,11,48,32,53,27,21,12,40,45,61,26,35,58,62,63,1,49,0,9,30,50,33,19,38,3,39,46,37,44,34,31,51,14,17,42,8,43,29,5,18,6,54,25,56,16,7,47,59,55,10,2,13,4,41,23,60,36
24,58,19,57,18,48,29,0,61,15,1,9,54,10,31,2,55,38,30,28,37,45,49,32,63,56,59,20,36,47,4,50,3,11,14,13,8,6,52,35,43,22,17,44,62,40,53,51,21,39,60,26,7,46,12,23,34,25,27,33,16,5,42,41
62,26,18,24,16,49,8,59,53,45,14,42,31,60,3,13,40,17,7,23,4,54,20,63,52,55,21,38,48,12,44,22,33,34,39,2,1,41,51,28,19,25,61,43,5,29,37,56,6,27,9,11,58,15,57,30,0,50,10,35,32,36,46,47
51,38,6,28,22,56,15,8,20,3,59,43,16,26,7,18,33,27,54,11,2,60,17,46,5,12,48,52,53,37,58,49,57,63,13,25,50,47,29,10,24,14,40,32,61,21,0,4,19,34,23,42,9,36,31,62,35,1,30,39,44,45,55,41
12,23,50,42,9,4,10,5,20,33,16,13,41,57,46,47,17,29,31,7,8,51,49,25,63,1,26,62,55,44,15,0,35,3,38,27,56,11,39,37,21,14,24,18,54,43,6,61,28,59,34,60,2,52,36,48,19,30,58,40,53,22,45,32
48,34,20,58,31,19,15,35,40,0,18,7,3,57,12,21,49,10,14,51,22,23,2,25,62,45,17,52,1,55,29,11,41,33,16,56,27,32,59,8,9,50,38,61,24,26,54,30,37,44,60,47,39,5,4,46,36,6,43,13,28,42,63,53
17,40,16,50,38,48,59,49,47,13,6,23,15,19,7,24,0,26,63,34,43,51,18,37,27,14,31,21,44,33,22,42,11,1,57,4,9,20,32,2,5,60,61,29,53,30,10,62,41,3,39,54,28,55,36,45,12,58,52,46,35,56,25,8
41,57,61,24,44,46,28,59,1,29,43,26,32,48,62,6,31,54,3,23,2,14,0,13,50,60,40,35,19,10,15,47,39,49,18,52,11,25,7,9,63,27,21,4,56,22,33,55,16,17,12,20,51,42,45,38,58,36,53,8,5,30,37,34
50,8,31,44,53,33,59,45,10,30,11,1,23,7,54,26,47,51,41,28,35,48,36,2,32,60,20,29,15,13,12,14,5,43,24,18,39,17,49,61,3,16,58,4,37,19,46,25,27,6,0,40,42,38,21,22,9,52,56,63,55,62,34,57
5,53,55,62,63,27,31,44,18,17,13,45,59,51,12,52,30,56,36,46,29,57,1,22,25,23,24,2,14,20,3,9,19,37,15,11,33,34,60,50,43,32,47,48,10,28,7,4,38,16,35,61,42,26,6,39,40,54,8,49,21,41,58,0
27,20,60,59,51,16,61,13,31,62,38,29,35,58,2,15,54,19,44,33,18,28,39,23,52,36,50,55,53,56,17,21,26,1,5,43,10,0,57,9,34,41,47,12,8,46,63,14,48,45,32,3,49,4,11,40,42,30,7,24,6,37,22,25
17,53,1,49,8,5,59,62,12,41,18,28,33,25,50,26,13,45,36,34,54,42,35,20,21,6,29,37,9,4,16,3,52,32,63,46,40,60,10,47,30,31,55,14,58,11,43,39,44,57,61,56,0,51,23,15,22,2,38,48,27,24,19,7
2,58,15,63,56,33,57,59,48,3,18,14,0,42,41,38,27,13,19,62,12,28,34,46,53,55,31,6,21,1,17,51,20,60,36,61,50,8,39,25,37,54,16,49,30,10,35,11,40,22,43,29,4,9,45,44,24,52,5,32,7,47,26,23
19,52,63,2,42,31,8,40,45,7,24,50,41,56,59,29,22,51,17,60,48,20,27,18,54,23,30,9,12,6,36,37,61,32,34,5,57,35,39,10,55,62,3,13,44,0,14,53,21,4,46,28,58,25,11,38,15,26,47,33,49,1,43,16
35,13,24,25,15,33,56,18,0,14,17,26,20,41,32,10,19,36,7,9,22,54,60,50,27,46,49,45,3,16,48,37,23,43,21,55,58,40,52,11,31,29,59,38,61,57,62,28,6,30,5,2,8,34,44,51,4,1,39,42,12,53,47,63
34,53,8,24,55,58,57,20,47,33,19,23,36,9,5,13,51,35,61,49,40,31,39,30,18,10,37,7,17,1,2,14,59,63,50,56,32,27,44,3,22,41,4,6,12,16,60,54,0,21,48,46,11,62,26,38,29,42,15,52,25,43,45,28
35,10,29,6,17,60,37,23,54,46,22,42,48,49,55,53,24,36,1,40,58,3,5,56,0,7,59,63,44,45,12,13,8,32,33,57,2,15,61,43,41,34,27,62,16,39,18,26,50,25,9,47,19,20,21,30,31,4,11,38,14,52,51,28
59,55,33,6,19,31,51,9,29,63,10,25,1,49,27,57,22,40,15,17,30,61,58,53,48,62,13,36,7,37,56,54,50,8,20,28,60,32,42,24,52,5,12,2,3,38,16,0,44,11,4,46,41,26,21,35,47,43,45,23,34,18,14,39
14,63,0,35,21,42,2,30,3,31,6,25,40,22,53,4,61,34,10,23,36,41,59,13,46,52,28,39,11,62,32,8,48,20,15,55,49,29,26,60,51,16,7,18,1,56,44,47,5,37,58,19,12,33,57,45,43,27,54,38,50,17,9,24
45,53,7,41,46,56,40,63,4,47,20,60,42,38,2,16,32,39,52,0,37,30,50,59,26,14,1,62,18,6,8,44,21,11,34,15,61,13,43,33,55,27,58,25,10,51,23,36,9,31,48,22,5,19,35,24,28,54,12,17,57,49,3,29
53,18,46,28,40,49,60,17,13,2,21,34,22,19,35,42,50,29,36,37,39,44,55,33,27,8,41,23,1,62,7,25,58,31,38,15,32,26,6,10,20,4,16,9,0,56,5,47,11,14,57,59,61,63,12,24,45,43,30,52,3,51,54,48
53,47,60,17,26,48,45,7,11,12,1,29,6,31,41,9,46,42,32,13,18,35,58,57,54,4,2,37,10,15,5,38,25,27,24,19,55,51,61,52,36,30,50,62,40,43,49,22,3,63,44,16,34,56,21,14,0,33,23,28,20,8,39,59
43,18,6,10,58,61,42,46,54,48,44,15,22,63,59,24,1,3,49,26,50,11,45,30,53,16,47,31,7,41,21,9,29,55,14,0,12,33,4,20,60,27,39,19,8,36,17,34,13,23,37,38,5,40,25,62,2,35,51,57,56,32,28,52
24,16,33,63,60,41,25,10,43,58,7,62,52,54,6,31,45,46,15,48,47,29,2,5,56,49,4,37,61,0,57,36,28,1,42,22,18,40,19,55,8,34,26,9,23,12,59,53,14,38,51,3,30,35,13,20,32,11,17,50,44,27,21,39
46,34,57,62,47,0,29,18,2,33,22,13,31,48,17,12,28,55,56,16,63,61,26,27,59,9,36,23,21,39,38,8,25,24,6,42,49,7,14,32,30,54,51,52,10,37,44,19,15,20,5,45,1,60,53,43,35,11,4,40,3,50,58,41
29,12,2,21,48,17,18,22,45,49,27,24,38,5,43,1,41,28,7,3,20,30,54,35,39,50,23,52,46,8,57,44,10,33,31,13,6,61,11,53,42,51,62,55,47,37,40,34,9,59,19,15,26,63,58,36,25,60,14,56,16,0,32,4
32,6,42,41,47,9,45,46,50,20,23,48,54,34,8,19,29,40,61,0,55,57,1,56,3,27,30,2,14,16,22,63,15,39,37,38,4,12,5,44,25,18,60,21,10,51,59,24,7,33,11,58,31,43,49,53,28,13,62,26,36,52,17,35
35,4,43,48,1,21,3,60,46,47,39,36,13,53,14,56,34,44,10,11,26,45,18,9,51,37,63,20,33,55,23,22,30,19,7,29,2,24,27,52,61,15,6,40,16,8,5,50,17,54,38,32,31,25,58,62,57,0,28,41,59,49,12,42
42,8,21,18,44,31,47,9,36,51,39,20,1,43,29,2,59,11,54,25,60,27,57,30,53,56,12,32,61,50,13,63,35,45,22,10,62,38,24,55,16,17,15,5,52,48,19,0,58,46,40,49,3,6,14,26,41,33,23,28,4,34,7,37
29,0,54,51,35,50,47,45,13,4,48,27,15,33,61,18,43,2,11,36,58,16,49,39,53,25,32,56,19,6,1,37,57,7,21,62,60,10,40,8,38,14,30,12,17,34,20,9,22,44,59,46,24,3,28,23,55,52,41,26,42,31,5,63
47,20,0,48,56,36,22,35,42,33,61,24,37,38,60,32,50,49,41,1,58,55,30,10,54,15,14,18,63,11,44,3,31,59,8,23,45,62,51,46,26,52,19,28,9,57,16,39,12,25,7,17,34,2,4,27,29,5,6,40,53,13,21,43
35,47,34,3,36,57,10,38,52,59,18,23,42,22,53,55,61,37,25,21,20,54,62,48,6,13,29,33,5,49,11,46,44,15,45,17,40,19,8,60,43,14,0,41,58,63,51,7,9,26,31,1,2,24,16,28,56,4,30,50,32,27,12,39
43,24,14,61,4,26,10,63,37,29,52,28,21,2,9,44,20,25,39,11,18,19,35,40,41,58,62,12,23,17,34,7,33,30,1,38,3,45,48,15,56,27,13,0,22,46,53,42,31,55,16,32,8,60,51,5,54,59,49,6,36,50,57,47
55,52,17,4,14,6,12,31,27,1,7,35,47,42,59,48,29,44,20,21,37,38,39,41,34,56,0,53,10,51,61,13,45,62,19,9,26,36,23,63,57,16,30,40,28,25,18,60,11,49,32,33,54,50,3,5,24,2,22,15,8,58,43,46
6,55,28,19,20,56,8,17,50,9,43,41,59,39,35,18,31,10,36,40,30,23,29,1,22,63,49,13,7,33,16,58,11,27,26,5,53,45,14,57,21,51,15,61,54,25,24,37,34,12,60,3,46,0,52,42,2,38,44,32,4,47,48,62
5,62,57,6,17,47,53,26,14,58,27,33,44,7,31,36,3,20,4,29,52,42,16,1,32,10,46,9,39,28,43,23,35,12,54,41,34,22,11,38,21,61,48,63,56,60,40,45,18,59,2,30,0,24,51,19,37,15,25,8,50,55,13,49
8,24,48,19,18,63,51,23,6,7,33,38,53,15,29,4,39,2,21,10,20,46,52,27,44,59,54,56,45,3,30,12,58,14,28,37,40,1,32,26,61,16,49,42,31,34,50,60,47,36,43,5,11,13,17,35,25,62,41,55,0,22,9,57
57,37,12,33,36,13,15,9,16,31,63,10,26,17,20,45,52,40,62,32,22,29,6,41,3,23,18,59,39,50,2,60,42,21,54,11,8,35,51,27,48,58,30,47,46,55,0,53,24,4,56,44,1,14,7,43,19,5,49,28,38,25,34,61
50,10,26,39,51,0,35,28,1,32,23,41,63,15,9,4,58,21,52,47,40,12,18,19,7,14,13,45,62,6,3,16,34,43,5,38,56,37,42,49,24,2,54,11,30,27,8,33,61,46,57,17,60,31,44,48,25,59,22,36,20,53,29,55
0,57,48,16,12,36,49,34,17,27,42,50,63,5,18,47,30,61,40,55,43,54,21,29,20,14,19,37,28,24,6,22,7,32,56,2,3,46,51,4,44,31,26,33,45,60,25,62,1,58,13,53,8,23,41,11,35,52,38,59,39,10,15,9
30,12,55,29,47,36,15,0,13,14,45,44,1,43,59,34,20,56,8,3,4,51,42,21,23,10,53,28,6,41,32,11,33,39,46,37,57,9,60,22,40,35,61,26,27,24,63,16,31,25,7,52,19,54,17,62,49,18,5,2,58,50,38,48
57,34,41,33,44,50,51,53,36,1,23,37,46,21,30,38,2,19,10,9,47,12,35,13,4,14,40,29,61,49,5,28,32,6,27,56,24,15,48,17,7,58,16,8,62,45,11,31,18,60,42,54,20,55,0,3,63,26,22,52,39,59,43,25
8,10,55,25,40,22,45,3,5,18,52,36,57,31,49,20,21,59,7,58,63,61,19,28,50,23,39,29,11,41,17,15,24,14,0,44,32,48,47,54,43,51,60,26,9,6,37,12,56,4,2,53,27,62,33,38,1,30,16,46,13,35,42,34
42,21,23,63,50,40,5,17,31,43,11,22,10,61,35,19,13,53,24,45,29,36,26,54,18,1,44,15,62,37,56,14,59,49,30,32,16,8,0,47,52,57,20,60,39,12,58,2,33,38,51,6,48,7,28,41,27,3,4,25,34,46,55,9
30,47,21,41,23,28,58,25,18,57,14,53,26,11,56,16,42,34,5,46,51,54,8,29,62,52,20,2,33,48,50,0,7,4,17,24,37,60,38,22,6,43,15,9,61,31,32,19,45,40,63,44,36,10,3,35,1,12,55,39,49,13,59,27
48,9,17,11,16,8,18,58,24,6,57,63,52,22,35,32,54,43,7,1,34,19,10,23,25,30,28,14,62,60,42,33,12,15,53,27,3,50,0,59,49,4,51,13,31,44,26,2,21,41,38,46,5,61,39,29,36,37,47,20,56,45,40,55
21,12,52,30,0,43,51,19,13,14,57,7,48,29,9,55,25,44,47,59,11,10,63,46,31,37,45,42,50,34,22,60,54,38,26,35,32,3,15,40,58,53,39,49,33,2,8,23,6,56,62,61,1,41,16,36,5,4,28,20,17,24,18,27
4,42,47,62,45,37,19,27,59,56,11,53,35,50,29,30,14,52,40,10,0,49,31,6,15,57,8,24,23,22,41,17,13,21,38,2,9,44,16,18,34,46,3,43,61,28,54,20,51,7,1,60,55,32,33,12,48,25,58,26,5,39,36,63
53,24,31,60,41,0,28,38,63,30,18,27,45,26,40,1,57,32,48,7,49,36,15,19,9,16,14,22,11,8,42,4,23,43,5,2,10,52,37,34,55,21,50,12,3,46,47,51,61,58,39,6,54,33,59,29,17,62,25,13,56,35,20,44
51,35,36,5,1,10,13,58,52,25,56,21,15,61,32,60,39,48,7,43,63,12,41,9,30,23,47,3,53,29,57,0,28,11,6,46,16,26,62,31,45,34,54,50,19,4,2,22,44,40,20,42,8,24,17,37,14,49,33,38,55,27,59,18
35,52,43,36,30,49,21,42,57,14,32,16,9,1,44,41,60,15,13,53,62,26,29,12,58,61,55,34,23,48,28,7,51,20,46,40,5,56,2,17,54,63,39,11,27,4,33,38,45,37,31,10,8,47,19,59,6,22,25,24,0,3,18,50
36,58,55,30,49,2,45,1,7,40,14,41,52,21,32,20,11,24,10,13,43,25,4,47,5,12,57,53,42,22,3,33,31,16,19,28,9,39,17,18,8,60,34,63,59,51,15,50,48,38,61,6,37,46,54,26,44,27,62,23,29,56,35,0
36,53,51,40,59,38,21,25,56,18,29,32,44,52,57,48,15,45,4,31,26,19,41,27,42,54,50,13,9,5,12,33,17,60,35,58,0,11,22,34,20,10,14,43,30,28,61,47,7,8,23,16,63,6,37,1,24,39,62,46,3,49,2,55
33,15,38,44,39,55,50,54,42,49,19,36,32,45,41,56,63,7,58,2,9,52,51,22,3,43,21,48,57,34,1,46,30,13,59,23,20,6,8,27,18,60,28,10,5,47,31,14,29,53,11,62,24,35,4,25,0,37,40,61,26,17,16,12
43,35,30,44,28,24,2,63,50,22,48,18,52,7,4,34,23,53,10,57,33,25,47,0,27,20,36,56,40,60,59,6,1,58,49,21,5,42,17,11,38,37,3,8,51,14,9,19,61,31,45,41,15,55,16,39,26,54,32,62,12,46,29,13
58,63,20,52,30,21,39,33,11,37,34,38,18,15,5,53,31,0,62,51,7,16,14,57,27,43,56,59,45,1,25,32,22,26,29,24,4,3,35,44,12,10,23,19,13,28,6,8,9,55,40,47,48,36,49,17,54,46,42,50,41,60,2,61
25,45,41,7,56,49,14,57,61,13,32,9,8,19,4,62,43,38,12,31,20,3,0,15,42,35,34,17,36,59,37,44,24,48,2,63,1,6,33,23,11,55,16,50,40,51,60,27,39,29,54,22,52,21,26,53,5,10,30,46,47,58,28,18
25,41,52,49,4,30,58,1,61,20,5,3,47,24,16,46,53,34,37,29,31,19,42,14,39,45,59,0,26,18,63,9,54,43,44,11,27,12,15,28,33,7,8,57,40,38,32,2,13,21,35,48,55,23,56,36,22,51,62,17,60,6,10,50
24,44,38,6,23,2,51,21,61,30,39,19,18,13,46,57,60,36,29,20,27,15,58,16,42,43,1,48,14,45,53,40,52,54,25,28,56,37,22,4,62,0,26,49,55,50,41,3,11,31,32,5,63,59,17,47,34,33,10,8,9,35,7,12
13,8,17,52,4,60,53,38,62,21,9,14,51,36,50,37,43,54,2,28,63,25,27,33,34,23,59,56,48,29,32,7,0,12,35,44,31,20,58,61,10,1,55,49,30,3,47,41,6,16,18,46,24,39,15,40,19,11,42,45,57,26,22,5
25,39,41,13,29,7,27,4,9,12,26,36,2,47,23,45,33,52,54,61,49,16,56,3,50,17,43,58,22,42,63,60,0,24,5,18,37,53,14,19,46,55,51,10,38,1,34,31,28,30,57,11,40,62,21,8,15,48,35,32,6,20,44,59
61,18,9,16,21,48,44,33,45,36,20,19,58,3,22,52,41,49,43,46,23,53,25,60,35,10,0,32,27,55,1,26,2,28,59,15,50,34,17,47,12,62,7,54,24,51,5,14,4,42,38,6,39,13,63,56,57,8,37,30,11,40,29,31
58,2,40,50,33,5,1,36,3,31,41,18,30,39,16,20,48,23,37,38,24,19,62,7,21,32,14,59,4,63,29,42,8,10,55,56,11,22,27,0,57,46,53,34,35,9,43,54,49,52,6,47,44,17,13,26,12,45,28,15,60,51,25,61
60,57,42,37,63,44,48,17,26,25,7,28,21,39,10,36,41,58,54,14,1,5,30,55,8,27,52,56,62,4,6,43,53,13,50,19,61,12,11,24,22,33,35,59,3,2,40,31,46,38,20,45,47,9,34,16,29,51,32,15,49,0,23,18
38,15,9,51,27,5,7,57,62,24,40,47,13,21,11,63,48,32,3,28,34,59,39,16,0,22,37,54,17,56,60,50,2,44,10,53,31,20,29,42,12,18,30,6,49,43,33,45,46,26,8,23,4,41,19,61,1,36,58,35,14,25,55,52
3,38,60,2,54,16,61,12,0,40,52,57,63,45,51,15,33,24,39,47,44,18,14,28,11,21,30,13,55,41,22,6,25,46,5,26,34,49,43,59,9,27,31,32,8,17,23,48,35,50,62,10,58,37,20,7,4,56,1,42,36,53,29,19
34,21,63,47,9,58,46,24,0,14,33,4,43,2,52,23,44,51,11,36,29,55,56,10,6,19,53,5,45,37,13,54,61,20,32,60,49,18,59,35,26,1,41,15,48,38,39,28,22,62,17,42,27,57,3,16,12,50,30,8,31,7,25,40
34,43,40,37,63,1,24,57,33,42,53,28,3,25,21,6,13,39,61,29,27,22,8,32,51,35,46,9,58,55,56,5,18,23,26,2,48,54,15,45,12,49,30,7,20,38,36,52,31,44,11,16,62,47,19,4,17,0,14,60,59,41,50,10
27,56,1,5,16,23,4,54,17,62,44,48,3,50,29,34,58,59,22,41,6,25,36,42,61,32,18,10,57,45,37,52,31,9,60,46,35,12,2,40,15,21,33,63,30,20,51,8,19,38,24,49,0,47,53,28,13,11,55,7,39,26,14,43
20,42,13,18,36,53,4,12,24,60,0,45,21,31,33,35,14,40,63,9,38,3,1,11,26,52,54,43,7,41,17,56,15,47,19,27,61,10,50,34,44,23,37,6,32,48,2,59,22,28,29,57,39,49,62,16,58,5,51,8,30,55,25,46
18,34,11,33,59,40,48,36,50,56,32,45,19,5,29,63,26,44,31,54,41,13,23,53,58,9,8,6,39,52,37,62,16,51,17,35,3,27,24,14,43,20,15,28,25,61,55,1,22,57,38,0,30,60,42,21,2,46,7,12,10,4,49,47
32,61,57,27,11,19,15,63,38,8,3,22,28,7,12,45,10,34,30,35,9,60,36,4,49,55,33,48,37,41,54,16,53,5,24,59,40,0,62,6,21,1,39,47,44,46,23,26,56,18,2,20,43,51,13,31,42,25,52,14,58,29,50,17
60,46,34,15,13,0,53,19,42,11,44,25,26,50,20,21,36,1,58,29,23,5,63,39,47,45,40,8,41,14,17,43,12,31,32,4,6,28,49,35,3,2,22,52,30,18,27,33,10,59,9,54,61,7,56,38,55,48,62,24,57,51,16,37
54,27,20,28,55,38,14,48,3,34,9,7,44,24,29,35,47,63,60,11,8,42,1,40,33,15,56,21,16,32,52,25,62,26,6,13,61,45,46,17,39,59,53,10,0,2,36,23,22,51,19,31,50,57,5,58,4,49,41,18,43,30,12,37
45,52,23,44,21,16,12,58,51,26,27,0,35,53,13,31,6,56,46,62,3,7,10,33,30,25,1,63,5,19,9,29,59,18,38,61,49,14,39,24,47,32,22,28,50,11,57,37,36,2,4,40,48,60,42,55,8,15,41,20,54,34,43,17
11,59,63,55,3,48,21,32,37,22,0,2,5,6,18,61,42,13,14,57,9,23,33,20,7,47,25,58,54,1,40,19,62,10,41,28,60,35,36,31,43,12,50,26,39,29,49,4,56,51,15,8,24,27,34,45,46,16,44,52,17,38,30,53
12,48,40,16,56,17,11,31,25,61,59,6,51,62,13,24,26,29,21,3,28,7,32,22,37,54,41,49,53,15,33,43,30,10,1,34,47,8,20,5,50,23,14,42,63,4,27,57,52,19,39,46,55,60,9,44,38,45,18,0,58,36,2,35
39,45,48,40,58,14,5,37,21,23,53,8,12,22,11,38,43,36,52,62,60,19,42,59,27,1,24,34,9,35,20,4,41,54,46,17,47,51,3,7,0,44,31,57,10,30,6,55,56,50,29,61,2,16,18,26,32,28,25,33,49,13,63,15
35,37,41,30,10,9,53,2,48,18,38,63,47,21,0,4,54,42,40,45,8,57,16,14,32,13,50,33,49,61,20,51,60,62,28,6,22,15,44,31,39,25,23,5,11,24,26,12,7,43,1,55,36,46,29,34,3,52,27,56,58,19,17,59
9,40,29,62,41,48,6,37,36,26,8,13,52,63,61,24,28,25,16,30,49,22,20,39,15,38,1,2,53,0,23,3,5,58,12,47,7,17,11,59,32,43,18,51,27,35,46,4,44,42,14,34,54,55,19,10,45,60,56,31,57,50,33,21
18,42,9,4,20,46,0,10,60,30,52,45,16,2,54,28,34,6,61,3,50,38,57,22,26,23,1,14,59,27,17,43,5,19,37,62,15,31,63,51,47,56,36,49,53,55,11,21,13,12,29,7,48,25,35,24,40,33,58,44,39,41,8,32
13,47,50,54,55,12,36,24,49,37,29,41,53,3,57,61,14,48,30,62,40,28,9,16,63,7,52,34,60,17,51,39,8,19,20,59,11,25,58,4,26,42,22,32,27,1,5,10,43,2,56,15,21,0,6,45,23,38,33,18,35,31,44,46
49,25,30,21,4,10,5,53,29,13,33,24,60,51,48,41,38,35,42,43,46,52,8,37,15,1,61,36,55,45,62,57,16,14,2,56,23,58,19,27,26,54,0,28,34,59,47,11,63,17,7,44,6,32,3,12,22,39,18,20,50,9,31,40
13,31,34,54,37,19,62,16,23,56,58,41,21,60,33,27,32,57,5,63,20,53,61,49,15,35,59,40,6,11,43,26,45,55,46,39,0,10,48,22,25,36,42,30,28,47,4,12,9,3,24,38,1,7,8,51,50,44,17,2,52,14,18,29
19,7,44,31,54,48,23,0,56,27,34,53,13,33,63,50,49,35,2,55,30,61,29,24,21,5,26,46,36,1,42,3,28,10,4,58,52,62,41,8,17,43,22,37,6,9,12,47,20,45,60,51,16,40,15,14,25,57,59,32,18,11,39,38
41,42,32,56,55,58,12,5,61,11,52,4,15,1,25,7,0,29,18,47,49,17,10,44,51,59,63,39,50,23,19,35,48,60,20,16,27,40,26,2,53,57,14,33,24,46,8,3,34,36,62,43,38,21,30,31,6,45,9,54,13,28,37,22
39,4,56,15,36,2,57,32,59,16,10,58,62,21,1,40,49,44,11,5,30,38,19,14,51,63,6,60,27,52,26,7,0,28,12,24,61,41,8,18,17,45,20,23,54,9,53,22,13,48,50,46,3,34,35,31,43,47,29,33,25,55,42,37
3,38,37,60,56,2,8,1,58,43,6,21,12,7,30,54,26,48,25,52,16,28,51,29,14,13,46,19,15,24,62,20,59,44,50,35,34,40,10,4,49,32,27,36,47,41,33,53,17,45,55,22,63,9,61,31,11,57,18,42,39,0,5,23
10,7,44,8,23,49,35,47,1,22,27,55,42,53,6,2,9,21,39,4,30,0,5,20,24,37,13,29,45,62,38,12,58,59,43,17,19,32,56,57,41,31,16,63,52,11,46,33,18,40,60,36,26,25,54,48,14,34,3,28,50,61,51,15
9,11,35,20,40,7,39,60,29,24,46,50,55,22,13,1,47,18,32,23,36,6,53,28,48,15,12,14,62,3,37,56,63,57,41,27,21,52,45,42,38,49,25,16,5,2,54,61,10,8,17,31,26,0,43,51,34,4,33,19,44,59,30,58
19,59,6,3,31,53,35,30,27,52,51,17,39,46,38,21,25,2,57,8,50,9,60,12,15,13,16,33,18,62,44,4,10,54,23,45,49,1,63,22,61,43,40,47,37,26,56,29,41,48,20,24,42,36,0,55,11,58,5,7,32,28,14,34
14,13,47,23,17,21,36,15,61,48,59,37,28,1,26,46,11,53,39,12,31,9,44,10,58,42,49,45,56,32,29,3,19,35,38,8,0,52,2,27,7,43,25,22,55,62,18,24,40,6,50,30,34,41,33,16,51,4,54,57,60,20,5,63
31,51,63,40,14,62,44,36,27,52,24,35,9,5,60,8,43,33,48,49,17,7,56,59,2,50,19,25,26,32,34,23,16,42,29,45,12,11,30,22,55,57,21,39,13,18,20,47,41,15,53,4,28,37,1,38,6,46,61,3,10,54,58,0
12,31,27,7,34,33,56,48,46,44,50,8,10,13,0,63,40,29,21,11,16,1,26,5,55,9,6,41,28,59,60,53,62,4,24,14,45,17,22,52,58,20,38,32,18,36,15,47,51,19,39,2,35,49,37,61,42,57,3,30,43,54,25,23
53,26,44,19,9,23,36,20,29,5,59,47,22,1,50,38,17,10,61,31,42,45,25,12,62,2,28,27,48,8,35,0,11,14,52,43,51,33,34,7,49,56,37,3,24,54,18,4,21,15,6,57,30,40,55,58,60,39,63,46,41,16,32,13
51,44,50,12,45,49,15,30,43,28,4,25,42,21,11,29,24,3,40,14,54,46,16,22,10,39,1,23,36,38,6,55,41,13,63,0,31,48,61,32,26,57,19,27,17,7,60,20,35,33,18,5,52,53,62,34,56,47,37,59,9,8,2,58
16,26,29,24,35,32,34,13,39,18,3,1,31,2,56,48,42,36,50,49,20,38,59,7,63,30,52,51,23,0,21,10,17,4,27,61,12,40,43,15,47,25,6,53,9,57,11,8,55,54,45,44,60,58,22,62,5,19,33,28,46,41,37,14
22,48,51,6,16,37,18,25,10,23,35,7,52,41,45,61,38,59,36,55,62,53,46,13,24,57,58,29,44,33,17,60,9,56,3,4,15,0,34,42,32,30,49,50,20,21,54,26,43,63,47,11,27,14,1,39,8,28,2,31,5,19,40,12
44,32,2,37,57,25,29,60,9,39,42,45,11,3,27,24,43,38,33,17,47,58,26,21,55,22,1,19,12,4,63,40,5,54,20,51,15,36,46,52,10,53,18,30,31,35,28,8,62,7,61,41,56,23,48,16,14,13,0,6,34,50,59,49
25,58,3,38,20,13,47,21,36,44,32,60,39,11,5,6,8,49,41,40,63,55,17,33,19,15,54,37,0,2,35,28,4,51,48,24,18,23,43,53,10,12,30,31,16,50,45,9,7,61,57,27,42,26,22,14,46,52,29,34,59,62,1,56
52,22,24,36,6,40,13,59,30,1,29,7,21,15,8,4,34,5,48,20,33,43,37,27,44,41,45,49,60,55,42,3,63,23,11,26,39,16,58,53,50,38,25,18,10,19,14,54,56,17,47,9,2,57,35,51,31,46,62,12,28,0,32,61
20,52,22,48,0,30,9,3,58,56,60,59,27,57,42,33,55,47,40,2,51,6,53,32,24,50,49,15,21,44,12,28,41,31,63,54,29,7,18,37,62,8,38,11,35,16,17,4,13,19,61,45,23,34,43,46,39,25,14,10,36,5,26,1
38,23,35,30,44,58,18,20,47,55,14,42,17,24,32,37,45,52,16,56,40,48,50,29,15,39,31,60,59,25,19,22,63,62,0,6,5,51,26,49,4,33,12,7,8,13,54,27,21,57,3,11,36,28,61,1,34,9,10,53,41,2,46,43
22,37,29,3,30,25,63,44,0,9,61,31,7,47,62,2,33,56,49,8,13,55,1,57,19,41,18,23,4,21,15,59,50,14,36,6,46,52,51,54,34,43,24,38,10,27,20,26,40,5,60,53,42,11,12,35,48,32,39,45,16,17,58,28
52,51,37,20,7,57,21,39,13,25,32,22,27,34,16,42,46,48,9,45,50,12,60,8,58,2,5,33,44,38,28,35,54,24,49,43,63,1,55,40,61,18,26,62,23,3,14,36,15,53,41,30,6,10,31,17,47,29,19,11,56,0,59,4
47,21,11,5,37,44,45,23,48,39,51,27,49,61,41,36,28,34,10,0,26,1,18,40,53,46,4,3,35,38,17,59,60,32,7,29,20,2,6,31,57,43,16,54,63,62,14,55,58,52,12,13,25,22,42,56,33,30,19,24,8,9,15,50
17,8,3,34,21,7,6,42,60,40,18,0,48,9,27,31,58,16,4,51,14,19,5,22,35,49,12,63,1,13,55,62,54,2,56,59,45,29,30,11,28,43,23,47,24,32,20,15,26,36,33,50,53,61,57,38,10,39,41,37,46,44,25,52
50,45,31,29,33,8,23,47,37,63,3,26,14,42,51,19,36,39,58,55,27,44,18,57,43,13,28,59,56,7,61,25,34,2,38,48,62,10,5,41,30,6,21,46,16,53,1,54,40,32,0,22,12,49,24,11,60,35,20,17,15,9,52,4
0,33,11,16,45,48,7,41,3,63,52,13,8,38,28,40,18,6,25,31,15,10,43,37,12,27,51,46,35,47,44,39,21,34,14,26,9,54,23,32,49,56,58,42,20,59,2,5,4,17,57,1,22,62,50,19,60,29,36,24,61,55,30,53
9,40,31,15,37,57,53,17,3,23,22,10,44,48,59,32,33,47,58,55,28,7,16,5,11,46,41,6,34,52,14,63,39,19,24,20,54,29,35,18,4,12,62,0,60,8,56,36,50,21,27,26,25,49,13,45,1,2,42,30,51,43,61,38
12,49,15,42,41,24,36,59,47,58,27,4,57,43,62,31,32,53,8,6,56,30,48,50,39,28,3,13,54,0,46,44,22,38,37,14,18,2,35,40,11,55,60,29,52,51,33,16,1,63,26,21,5,10,25,17,61,7,19,20,23,45,34,9
34,47,37,51,44,14,20,45,43,1,38,13,33,52,8,62,39,41,57,11,17,26,21,58,22,27,59,28,53,0,7,63,48,23,56,49,55,29,50,19,5,12,40,31,6,32,46,9,2,4,16,10,15,61,25,24,35,3,54,30,36,42,18,60
56,8,53,10,1,62,20,6,39,42,41,57,17,58,30,34,13,26,15,28,51,35,29,33,49,45,25,54,9,46,59,55,24,31,60,38,18,48,21,5,2,52,7,50,43,61,44,12,63,4,36,14,27,23,3,16,47,19,37,32,22,0,11,40
6,22,3,23,20,4,35,18,7,14,52,1,27,54,42,45,16,31,44,61,5,63,13,53,9,51,28,10,37,29,32,30,11,34,55,46,56,21,12,36,62,24,57,15,40,25,8,33,17,43,47,39,48,49,26,2,19,59,50,41,38,0,60,58
32,59,24,58,3,21,6,62,41,11,49,42,7,46,39,56,53,50,16,48,29,2,33,25,61,52,9,54,22,17,12,20,37,4,26,36,23,40,63,28,31,10,27,43,44,18,14,38,35,30,1,8,57,0,5,51,19,34,60,45,47,55,15,13
24,12,26,58,36,53,41,59,16,18,54,0,43,37,29,56,31,20,51,27,61,57,3,13,47,21,30,8,10,2,39,45,32,28,38,15,46,34,22,63,60,5,6,49,55,62,42,7,52,50,48,14,40,44,1,35,23,33,19,11,9,17,4,25
31,38,36,56,60,8,10,3,48,22,41,7,40,33,16,63,44,59,1,9,34,52,2,54,42,15,46,11,18,57,26,45,0,53,19,55,28,37,6,51,5,20,23,39,50,14,43,17,49,24,61,13,21,32,4,30,58,25,62,12,47,35,27,29
59,23,39,0,43,54,52,9,18,26,21,5,41,51,1,46,33,55,62,12,11,50,49,45,19,56,8,28,37,25,30,57,27,10,63,42,58,2,6,38,29,22,16,15,24,7,53,60,35,47,44,31,40,61,13,3,36,14,32,20,34,17,4,48
9,44,7,31,56,5,3,45,14,27,26,37,29,8,40,57,51,13,48,63,49,53,55,39,38,12,18,35,50,58,46,21,41,28,32,22,0,60,62,1,15,59,36,30,43,24,17,2,4,16,42,61,10,20,25,47,54,6,34,11,52,33,23,19
26,22,43,31,25,14,39,2,60,63,47,21,45,33,46,38,59,51,57,4,36,50,11,1,52,10,62,55,32,54,8,42,3,53,44,12,34,7,5,27,49,9,28,24,19,13,0,18,61,41,40,58,48,30,16,35,6,29,17,37,20,56,15,23
23,18,53,51,0,42,63,45,14,1,58,11,25,26,21,50,27,15,8,55,12,33,44,22,57,30,13,37,3,10,32,29,17,4,24,5,40,46,38,31,20,60,61,62,41,56,52,34,2,47,43,6,28,19,35,9,59,49,39,7,36,48,54,16
40,5,24,30,3,15,34,63,16,37,35,49,48,14,62,56,60,29,6,42,59,28,52,44,27,7,43,39,19,55,23,17,18,12,31,11,10,2,51,22,53,26,46,33,8,41,36,50,45,20,47,32,58,4,13,38,54,9,21,1,0,25,57,61
51,55,6,0,12,63,10,57,18,25,8,34,43,31,54,38,9,17,13,45,3,37,58,33,27,29,44,62,28,30,36,49,7,14,42,19,16,40,35,47,22,53,50,48,11,15,46,5,52,4,24,60,56,39,41,1,59,2,61,26,21,20,32,23
22,9,4,7,8,21,58,14,18,3,25,27,23,61,40,38,49,34,42,62,32,59,19,37,54,5,63,48,24,6,11,50,51,29,53,2,44,20,36,52,45,33,10,43,56,57,30,13,15,35,0,26,46,17,41,1,55,47,31,60,28,12,39,16
47,17,63,23,29,48,45,18,21,9,59,16,6,58,24,8,60,0,3,30,13,43,57,51,22,14,20,1,10,37,27,44,12,52,5,11,42,2,41,31,46,7,15,28,49,62,26,32,35,39,36,50,4,34,19,33,38,25,53,55,40,54,56,61
6,47,41,61,30,49,44,36,40,25,1,37,51,4,9,10,60,13,54,28,5,29,39,45,8,57,34,32,42,55,35,11,0,3,2,63,18,33,38,43,19,53,27,59,56,46,62,23,12,52,22,14,15,20,24,7,26,31,48,58,50,17,21,16
49,60,0,55,32,50,47,40,54,34,6,61,42,9,37,5,44,43,1,25,4,18,39,38,53,63,35,13,31,57,8,22,2,26,27,28,36,7,41,17,51,56,45,62,29,52,15,24,20,16,10,14,21,33,23,30,3,58,59,12,46,48,19,11
10,15,50,5,51,0,22,32,63,20,2,41,13,3,60,39,59,8,62,23,54,47,42,40,61,33,35,27,6,19,18,53,55,14,38,16,11,57,45,25,46,43,12,36,21,9,26,4,28,49,7,34,56,58,24,48,31,52,1,17,37,29,30,44
28,8,52,59,29,34,14,46,47,43,56,40,39,25,37,55,61,31,15,2,58,38,10,22,41,57,45,53,12,60,7,1,19,9,63,44,49,24,27,20,6,54,13,51,36,33,30,35,4,26,11,5,32,0,62,17,16,21,23,48,18,42,50,3
14,31,63,35,57,0,51,4,34,33,36,46,55,16,38,42,47,17,5,48,26,11,60,56,7,44,23,62,43,58,18,61,53,20,29,30,25,39,21,6,37,8,28,54,41,9,50,49,32,1,3,15,27,24,10,22,13,40,19,12,52,2,59,45
7,4,16,50,59,12,3,58,23,9,28,57,14,48,53,10,22,2,61,18,39,30,0,49,21,42,36,40,29,17,35,54,6,38,47,34,15,5,52,56,55,13,51,45,63,24,41,44,20,37,60,43,62,46,27,8,11,33,32,26,19,31,25,1
6,19,32,7,52,40,61,43,25,54,47,36,58,45,48,49,27,28,14,9,26,37,44,22,42,50,20,56,60,5,57,23,0,59,46,63,4,24,16,55,1,62,17,51,3,2,12,29,39,8,15,18,13,35,38,21,31,53,11,34,41,30,33,10
42,36,44,7,51,46,62,37,40,55,39,49,58,9,63,57,4,3,6,54,50,10,12,14,59,47,19,25,45,28,24,5,18,29,30,61,21,16,34,31,52,15,32,56,48,0,22,1,8,33,53,2,35,11,26,41,13,20,43,38,27,17,23,60
31,37,32,38,51,46,19,16,57,4,41,54,0,33,58,42,29,28,47,7,39,27,50,9,11,10,40,14,26,21,60,5,30,2,43,12,18,36,25,59,48,1,55,22,13,8,45,63,52,35,34,23,20,24,44,6,49,56,62,3,15,17,61,53
14,25,26,63,2,53,49,7,43,54,55,5,37,20,52,8,17,22,59,34,44,32,4,15,50,57,12,29,30,21,61,33,38,28,24,46,0,40,10,3,62,13,36,41,56,58,51,35,42,45,31,1,11,6,18,27,47,60,19,39,9,48,23,16
51,57,15,13,56,33,16,42,7,41,40,48,24,5,44,45,6,12,50,25,61,14,3,60,58,49,23,31,2,11,59,20,17,29,30,8,46,4,35,26,19,38,39,10,18,22,53,1,28,0,43,55,9,62,36,27,54,34,37,52,47,21,32,63
37,54,14,35,45,57,40,10,34,11,19,22,28,30,43,33,9,24,60,62,56,41,15,29,32,47,27,61,46,7,31,16,4,53,26,17,5,0,13,52,63,21,6,18,55,1,23,36,12,48,44,3,2,50,51,25,38,42,49,58,39,8,59,20
16,55,23,58,29,7,27,20,42,60,32,33,13,56,49,10,28,39,36,1,35,40,61,44,18,21,9,8,3,45,38,4,50,24,43,57,26,22,37,19,30,15,0,48,51,54,34,6,62,12,11,5,41,46,59,53,2,63,14,31,25,52,17,47
54,1,5,26,13,59,6,46,29,58,43,52,62,4,14,49,19,3,11,44,15,57,60,63,27,35,22,20,31,42,18,56,17,53,10,30,28,51,38,9,40,36,23,25,2,34,50,0,32,37,21,7,47,12,45,41,39,33,48,24,16,55,61,8
55,63,49,32,50,47,16,53,4,44,46,19,37,28,31,58,48,61,12,29,1,7,56,20,26,2,14,51,39,9,60,6,21,52,3,41,59,43,38,17,13,25,15,8,33,23,10,45,27,54,11,0,30,40,36,18,35,34,62,24,22,42,57,5
17,3,48,59,32,49,43,55,11,41,24,52,4,10,37,53,28,21,26,12,35,5,45,58,63,22,47,60,20,42,13,33,34,61,51,6,30,27,62,9,57,19,2,15,56,7,14,38,46,54,29,44,1,8,0,25,18,50,40,39,16,36,31,23
4,8,44,22,26,23,16,62,12,34,18,39,49,21,61,13,42,46,52,58,3,20,29,30,6,47,7,27,19,25,59,55,53,15,40,51,38,54,31,9,37,5,63,11,56,17,45,57,32,1,60,33,10,24,2,43,41,28,35,0,14,36,50,48
37,0,57,48,8,17,29,7,41,28,5,30,58,53,22,6,43,39,1,51,31,33,25,42,3,40,36,13,61,26,46,62,52,4,63,19,59,23,24,49,20,27,21,2,45,56,16,11,38,15,55,60,9,47,12,34,54,50,35,18,14,10,44,32
10,36,12,58,57,21,51,3,7,15,62,27,19,35,24,59,61,48,53,45,31,39,47,38,11,60,54,49,41,6,29,55,40,14,2,32,9,1,44,37,20,52,22,46,63,0,56,25,13,34,5,8,23,28,33,42,17,4,18,26,50,16,43,30
7,24,13,47,62,18,57,46,1,56,58,59,60,8,11,35,26,17,10,16,37,23,28,63,40,2,34,5,9,50,29,33,14,52,0,51,30,15,43,41,55,31,32,12,61,19,20,44,25,4,36,6,21,22,48,42,53,54,45,27,39,3,49,38
35,22,36,32,0,57,24,55,26,56,54,28,58,48,27,3,4,12,62,2,40,34,41,19,20,46,61,5,30,7,45,51,16,8,39,9,33,6,47,50,10,49,29,25,31,52,1,44,11,60,42,38,14,59,21,37,17,15,63,13,23,43,53,18
47,41,35,25,53,56,62,26,38,27,7,4,13,11,60,61,31,55,42,16,5,58,48,37,39,45,46,6,2,1,50,24,21,15,57,54,40,17,28,63,22,19,12,33,14,49,51,43,20,52,59,30,10,29,23,9,32,36,34,18,3,8,0,44
24,49,56,41,18,17,12,53,34,2,15,1,43,33,13,29,55,40,51,23,62,28,36,10,42,60,11,58,47,30,19,39,37,31,4,35,14,0,21,48,7,38,59,50,26,8,22,6,57,25,32,63,27,3,52,9,44,20,16,61,5,54,46,45
59,61,39,14,45,51,37,57,12,35,9,11,30,46,38,23,53,36,7,8,42,54,44,16,41,55,26,3,29,5,43,62,4,58,6,52,60,28,25,19,32,63,18,40,33,15,2,31,10,22,56,1,48,21,27,47,20,24,0,34,49,17,50,13
38,57,33,51,27,2,30,23,49,6,43,54,53,62,59,45,3,42,18,20,14,47,9,5,0,52,1,36,41,50,19,63,10,21,17,44,16,34,15,28,56,7,4,11,12,32,24,48,58,8,60,22,31,46,61,40,35,37,25,29,26,55,13,39
8,20,38,60,39,6,58,23,37,22,11,31,45,27,54,21,36,41,1,51,53,62,35,28,25,34,15,0,50,30,29,2,16,43,55,49,33,26,57,46,10,47,59,12,63,13,19,42,32,4,17,52,40,7,18,48,56,9,24,14,61,44,3,5
29,42,36,53,35,52,11,1,57,9,24,25,49,18,14,32,55,30,7,5,54,39,27,6,37,16,10,62,28,50,40,21,13,44,31,4,41,0,63,47,46,33,20,26,38,58,8,12,60,2,56,3,17,22,15,51,45,34,23,61,59,48,19,43
28,35,30,42,59,38,7,14,53,18,48,6,36,52,37,45,50,62,21,5,17,63,3,46,24,55,47,49,1,60,16,58,57,56,2,20,11,25,23,0,4,12,43,8,29,26,41,44,13,10,40,15,22,51,19,27,61,39,54,34,33,9,32,31
46,32,62,53,31,50,14,25,49,59,33,35,52,43,5,60,34,2,61,54,29,19,4,22,6,7,10,51,0,44,18,40,11,17,8,55,58,3,48,24,37,47,39,57,41,15,16,36,28,63,26,30,23,9,20,1,42,38,56,13,12,21,45,27
41,11,55,35,60,38,24,42,26,52,39,62,36,33,6,43,61,50,13,12,17,63,2,19,57,3,1,59,53,45,40,58,18,56,21,46,9,49,34,48,37,20,10,8,44,47,23,31,51,28,54,4,22,7,14,29,32,15,16,5,30,27,25,0
15,48,14,22,50,33,18,23,53,4,62,58,61,2,54,11,43,34,45,40,24,60,31,19,42,29,59,51,47,30,38,12,3,9,49,41,7,35,56,8,21,26,46,1,44,6,37,32,25,20,0,10,52,27,55,5,28,36,63,57,16,39,17,13
0,28,51,1,4,59,46,11,14,25,20,5,47,56,10,6,48,2,55,26,52,24,38,43,30,19,60,3,50,22,49,39,37,18,61,9,15,8,57,23,7,29,31,35,16,62,63,17,54,58,42,27,41,12,53,45,13,44,40,32,21,36,33,34
0,49,34,1,18,40,51,60,39,9,30,4,53,2,19,24,27,7,26,38,31,48,25,22,37,23,54,46,5,57,15,8,62,59,56,42,20,55,10,63,14,61,58,11,12,21,13,35,29,50,44,28,45,52,3,17,41,47,16,32,43,6,33,36
32,40,54,49,25,62,58,6,44,35,57,48,14,24,13,60,50,56,33,28,18,27,37,53,43,3,1,10,26,9,16,36,22,61,55,59,39,17,47,63,11,5,30,51,20,0,2,52,31,38,4,45,12,34,41,15,21,8,23,46,7,42,29,19
43,42,62,16,48,3,0,6,24,35,61,2,7,14,20,15,18,5,54,51,59,56,29,30,17,13,8,22,55,27,53,60,21,36,4,38,39,41,49,9,63,11,58,40,46,32,50,10,57,34,33,25,19,31,12,45,44,23,28,52,1,26,47,37
35,6,0,52,40,39,16,3,63,21,10,19,55,59,56,23,25,42,5,49,29,12,4,44,58,34,62,50,13,51,48,8,32,37,17,61,28,60,1,45,46,14,7,22,15,18,43,54,27,36,20,47,24,38,31,33,30,41,57,53,2,26,11,9
48,30,7,37,35,63,34,1,20,10,29,23,49,57,17,22,62,25,61,3,33,59,27,43,32,16,6,36,15,41,53,51,2,18,24,12,38,47,8,28,14,4,50,44,55,54,46,58,52,31,26,39,19,5,11,60,13,0,40,56,42,9,21,45
63,26,9,5,40,20,11,8,6,36,7,21,53,39,1,56,42,48,16,15,55,30,62,58,10,43,3,60,52,31,35,22,50,12,29,14,19,25,54,49,28,61,51,17,46,18,27,33,13,57,45,32,23,41,4,44,0,34,37,38,47,2,59,24
39,41,30,37,18,62,25,23,14,10,32,44,9,42,5,45,22,7,43,47,55,29,16,28,50,46,49,4,15,19,38,59,24,8,33,54,26,0,11,27,21,2,12,60,34,63,36,51,6,20,35,31,17,58,48,61,56,13,3,53,40,57,1,52
31,52,37,24,0,23,50,36,13,33,48,59,6,61,40,51,11,57,1,43,16,32,38,55,49,5,41,8,54,28,46,17,10,44,2,14,56,15,47,22,58,63,27,60,9,26,34,3,35,53,39,21,30,4,45,29,18,42,62,7,20,25,19,12
16,22,15,11,34,48,30,61,20,62,14,51,47,39,1,42,0,23,25,6,55,36,10,18,46,35,40,28,44,29,63,27,49,33,9,43,53,54,24,26,50,5,59,38,21,19,3,31,56,45,13,58,37,4,2,7,52,8,12,60,41,32,57,17
15,9,6,46,0,27,21,26,20,4,62,63,56,13,17,60,10,35,41,24,39,3,18,11,44,23,8,34,22,5,7,55,50,16,19,58,2,30,43,14,45,37,32,51,36,48,61,52,38,54,33,25,59,29,28,49,40,31,1,12,57,42,47,53
35,2,62,19,29,60,58,10,24,3,31,18,45,42,48,57,55,51,30,0,28,36,27,54,63,41,52,13,21,39,61,50,44,53,22,11,47,1,5,6,59,40,16,9,43,8,12,37,34,17,26,14,32,15,7,4,46,38,56,25,33,49,23,20
0,41,4,39,15,61,6,56,49,9,28,50,29,26,11,40,20,21,42,17,23,62,34,2,5,57,7,37,22,1,59,24,53,35,33,36,51,12,25,54,46,63,38,52,3,18,45,60,30,27,32,44,47,19,14,10,55,8,43,16,31,58,13,48
43,13,21,51,61,41,1,57,52,49,3,19,12,30,60,9,54,58,16,46,56,50,39,10,8,4,18,32,2,24,45,35,0,63,48,26,29,55,40,28,20,23,11,33,36,22,25,14,31,27,38,5,7,53,47,62,15,59,6,34,42,37,17,44
36,31,28,43,5,24,33,32,12,54,56,16,29,51,58,46,63,17,7,62,11,50,61,4,35,6,39,1,14,40,53,13,22,18,21,10,3,25,9,37,44,19,57,49,41,8,55,0,60,23,38,45,52,59,27,30,42,20,47,15,34,26,48,2
7,16,37,15,8,2,39,4,22,60,54,14,41,0,33,24,13,46,21,28,25,43,45,50,62,44,57,35,59,36,34,47,9,53,18,42,48,56,26,52,40,63,31,38,27,12,55,29,6,1,51,17,23,30,49,19,11,58,3,10,5,20,32,61
10,28,40,34,23,17,50,36,3,35,30,14,45,26,52,29,16,62,19,54,1,25,9,15,24,56,43,12,49,44,46,55,53,20,11,60,47,32,42,18,0,63,41,6,59,33,2,4,5,21,39,13,57,48,61,31,51,8,27,58,37,7,38,22
17,40,50,41,51,61,54,10,60,29,27,46,34,56,24,18,47,11,45,2,14,53,48,9,23,58,37,4,12,62,31,26,35,5,28,44,19,0,39,6,38,15,21,8,42,30,57,22,32,59,43,13,20,52,25,36,49,7,1,3,16,63,33,55
7,45,13,42,34,20,9,21,33,26,23,44,19,53,61,27,16,43,60,56,58,0,6,1,15,2,12,51,46,35,4,50,41,14,37,40,59,31,17,38,29,55,8,25,49,22,48,5,57,63,18,36,24,11,10,30,28,54,32,52,62,47,39,3
59,38,1,39,61,14,46,52,36,24,34,23,44,19,37,21,15,32,49,17,27,2,35,33,62,10,50,43,53,6,11,18,22,63,40,4,31,25,26,30,58,56,3,42,48,28,16,7,29,47,55,45,13,12,8,9,41,5,60,20,51,0,54,57
23,2,3,20,29,40,21,41,34,43,51,37,35,1,59,26,38,63,48,24,31,57,53,52,0,7,22,28,5,42,10,15,14,25,47,12,46,19,39,49,9,60,62,8,58,16,13,18,32,11,55,4,17,44,50,54,30,56,45,27,36,6,61,33
54,13,26,30,9,15,19,31,45,23,1,63,32,58,55,29,3,6,7,34,11,27,62,4,5,25,46,44,20,17,24,49,53,40,57,39,41,42,52,12,28,60,8,18,14,51,50,16,21,33,10,2,59,47,22,38,61,56,36,43,48,35,37,0
56,50,11,33,61,30,4,51,42,49,40,54,62,44,34,27,32,26,14,36,24,35,23,7,3,6,1,15,52,37,0,53,43,16,38,48,45,60,31,25,20,29,58,9,12,63,57,28,2,39,41,18,13,19,10,47,55,17,59,22,8,46,21,5
26,32,37,25,33,44,60,48,35,36,20,13,56,53,10,50,63,40,49,54,39,47,15,41,6,12,4,9,2,23,58,43,42,55,5,22,31,34,18,61,19,52,1,3,29,16,51,24,14,27,59,46,21,38,57,7,8,11,62,45,30,17,28,0
14,20,54,7,34,17,48,30,46,9,53,57,8,15,39,45,5,41,31,0,60,13,56,63,4,22,24,50,51,16,26,35,32,33,2,29,18,27,25,21,44,61,37,3,28,10,59,36,62,40,38,11,1,6,23,19,55,58,12,42,49,47,43,52
36,19,31,24,1,34,15,35,53,41,25,8,52,49,16,54,43,18,21,55,9,63,46,56,59,17,22,6,38,57,48,26,42,11,13,37,39,50,14,47,62,44,58,7,0,33,29,12,27,5,2,3,28,51,20,60,40,45,32,30,23,10,61,4
58,16,46,42,63,23,17,22,9,48,6,37,5,44,7,56,4,14,29,61,11,15,2,27,36,10,34,60,51,30,19,47,25,31,62,32,24,35,59,41,1,52,55,28,12,45,49,13,54,20,8,26,0,50,18,33,43,3,21,39,38,40,53,57
42,46,37,8,40,41,0,31,13,30,35,53,23,59,61,22,38,29,62,1,16,11,26,19,14,20,57,3,9,55,36,4,32,5,24,15,60,12,51,39,17,33,28,49,2,10,47,56,63,52,18,50,7,6,44,45,27,54,34,21,43,58,48,25
58,14,11,2,22,29,5,31,28,17,55,56,62,52,9,57,41,63,44,7,27,20,36,39,51,45,59,53,6,8,49,33,43,1,32,37,21,0,47,30,50,48,61,38,40,42,54,13,15,60,4,24,25,23,18,35,10,12,46,3,26,16,19,34
21,34,8,48,62,11,41,4,24,37,7,42,15,56,5,39,35,20,31,49,13,25,33,46,26,58,61,17,9,19,14,27,57,52,60,44,2,32,50,18,16,23,28,1,6,40,38,55,30,3,51,10,22,47,53,54,45,43,36,29,59,12,63,0
14,21,60,1,44,41,29,54,18,6,8,51,57,37,20,3,52,33,50,58,22,40,49,13,27,16,9,19,36,48,53,42,55,0,15,45,4,39,63,46,56,30,34,43,12,23,24,28,32,47,7,2,26,11,5,59,62,61,17,38,35,25,10,31
29,17,36,44,23,8,55,16,34,61,24,20,47,33,19,42,11,56,45,25,22,7,40,9,14,53,12,32,4,43,38,50,54,21,0,62,51,18,2,35,3,60,27,26,41,48,57,1,52,58,37,10,31,49,13,59,39,6,5,46,28,63,15,30
59,16,60,15,22,17,63,9,38,57,45,2,58,44,26,48,51,8,24,53,0,54,49,56,34,31,3,35,42,13,19,52,28,21,33,11,62,46,1,23,50,40,18,61,32,43,6,14,55,30,4,25,29,20,12,27,41,39,37,36,5,7,10,47
59,13,61,34,2,0,62,26,7,49,37,39,1,14,41,50,60,45,6,8,43,5,36,29,57,25,4,55,58,33,47,17,11,12,44,21,51,22,32,16,56,54,24,15,63,46,20,42,31,38,27,35,10,30,52,40,23,53,28,3,9,18,19,48
9,6,27,31,2,21,38,43,17,12,61,55,23,8,26,54,63,28,57,5,34,59,18,40,33,39,37,0,7,29,30,47,11,1,3,49,20,22,32,14,13,10,35,46,48,24,58,4,42,44,36,19,56,62,25,16,51,45,52,41,60,50,53,15
11,16,15,37,29,52,4,14,48,22,8,17,44,24,28,51,46,45,56,0,12,60,38,34,61,53,39,42,26,10,6,54,40,62,13,63,21,23,33,31,7,5,59,1,30,50,35,57,55,32,2,41,20,25,49,3,27,36,47,43,19,58,18,9
60,28,39,44,36,15,9,34,37,22,14,21,29,41,57,11,52,45,19,42,30,17,56,6,47,23,43,50,13,5,1,55,54,27,16,10,2,18,32,51,38,4,33,59,46,40,63,62,48,26,7,53,58,12,0,31,61,24,3,49,20,25,35,8
29,24,60,39,36,31,21,25,40,13,45,46,34,53,10,22,3,23,32,11,30,42,9,63,17,61,28,59,27,35,33,2,4,6,55,47,48,58,12,26,7,41,44,15,0,54,5,38,52,14,57,18,1,43,16,8,50,51,19,56,49,20,37,62
60,42,56,5,18,34,27,47,41,54,11,53,62,3,21,10,45,30,58,13,39,8,52,61,29,1,31,50,17,7,16,12,43,9,49,6,37,48,38,26,20,2,14,36,23,22,57,4,32,19,0,40,24,63,25,35,46,51,28,15,33,59,44,55
8,5,61,28,36,11,60,49,55,31,15,24,16,38,20,17,48,51,7,1,44,43,52,57,18,23,21,3,4,13,35,32,58,26,59,45,53,54,47,41,29,56,46,40,10,39,62,0,22,19,14,2,6,30,42,33,9,37,63,25,12,27,50,34
35,40,39,59,43,46,56,26,44,58,32,4,34,54,14,48,17,51,11,61,16,53,9,52,63,21,50,47,24,45,62,55,30,0,60,3,37,10,42,36,29,2,8,41,7,18,20,5,49,23,57,22,12,25,13,28,6,1,27,33,15,38,31,19
42,39,22,14,3,23,30,24,19,26,5,52,29,6,44,45,63,17,4,35,0,51,59,37,49,25,11,20,61,7,27,33,62,28,8,53,31,38,47,12,21,43,13,9,48,18,41,54,36,57,55,32,34,50,56,40,15,60,46,16,10,58,2,1
31,2,3,6,28,32,18,50,47,43,23,55,38,10,42,19,17,33,22,45,63,30,59,46,12,25,11,58,21,13,5,41,1,52,16,14,4,8,15,60,9,7,61,34,20,57,62,35,29,27,36,39,49,44,48,37,26,54,53,51,56,24,0,40
3,29,22,31,59,41,36,54,24,23,10,63,60,42,20,0,58,30,47,7,19,15,46,52,39,14,11,12,57,44,50,61,32,45,33,51,34,49,16,1,5,55,4,43,13,53,28,62,17,48,56,38,25,40,37,27,8,9,21,26,18,35,6,2
3,51,58,49,13,24,4,11,28,33,36,5,59,37,14,17,54,29,16,46,18,48,62,30,26,2,45,32,42,19,61,34,12,57,60,43,47,10,63,25,7,50,53,56,6,15,41,38,35,22,40,39,52,27,44,55,8,20,9,31,23,1,21,0
2,23,51,41,45,38,44,14,32,20,49,27,55,37,48,58,40,60,46,7,62,5,15,56,59,13,21,24,33,30,8,39,18,0,34,57,63,17,3,19,22,11,25,6,28,52,26,9,54,31,43,50,16,1,47,4,12,10,36,61,53,29,35,42
37,29,19,53,35,12,41,9,62,0,42,36,26,2,39,33,20,63,18,21,25,58,32,14,38,16,10,55,1,27,47,56,5,23,4,11,22,51,50,24,34,61,28,7,54,59,45,46,8,49,43,6,48,60,30,13,15,40,17,3,44,52,31,57
41,42,23,24,11,57,20,0,21,30,58,34,45,60,44,52,1,47,51,38,13,56,29,8,5,28,10,27,22,33,39,37,17,49,2,4,25,7,62,14,19,6,16,36,59,18,9,53,32,26,48,50,46,31,12,3,55,35,15,40,63,61,43,54
18,30,27,42,39,12,9,47,53,31,36,11,37,62,46,3,16,34,24,49,17,44,63,58,48,13,6,14,43,1,0,10,20,23,38,61,41,50,25,8,19,2,28,32,22,59,29,45,55,5,60,54,51,7,35,57,26,21,4,40,56,33,15,52
59,18,33,63,44,43,36,35,23,31,13,16,37,50,19,45,4,24,39,48,3,56,15,25,62,41,0,20,5,9,58,42,11,51,14,49,27,12,2,30,1,57,53,17,60,21,10,34,32,22,28,7,54,8,38,46,61,47,52,6,40,55,26,29
14,15,30,34,24,21,33,11,8,1,23,55,5,22,2,45,50,46,63,37,39,12,61,32,40,47,54,9,62,59,17,26,28,31,51,4,20,44,27,43,6,35,36,41,42,18,25,16,56,57,3,10,49,29,60,53,38,13,7,0,48,19,52,58
55,41,24,14,28,48,57,58,37,16,26,6,18,39,53,3,31,12,29,30,23,2,49,10,0,20,22,15,5,19,50,36,17,32,7,59,52,47,13,62,46,9,54,63,1,8,60,56,33,42,35,61,45,21,27,38,4,43,44,51,11,40,34,25
35,61,12,18,42,10,5,30,23,43,0,51,26,49,15,60,54,55,7,32,34,52,33,63,3,28,1,29,62,22,58,8,37,25,48,41,53,59,14,27,21,20,24,38,16,13,40,9,39,45,11,31,4,6,36,57,47,2,46,44,17,56,50,19
61,10,36,62,33,38,58,14,5,56,22,31,16,29,4,17,48,15,42,24,60,39,54,6,0,9,28,55,57,45,32,53,13,46,20,52,37,27,34,44,50,26,47,18,11,43,40,21,1,30,63,2,19,59,23,3,25,8,49,51,12,41,7,35
14,5,15,58,18,20,60,40,36,19,46,52,35,31,57,27,1,61,30,29,16,28,41,54,3,12,45,23,38,13,49,43,0,34,8,17,55,26,9,2,63,24,44,62,42,25,53,37,50,7,39,59,47,11,56,32,6,4,48,33,22,10,51,21
63,37,56,26,18,34,36,48,43,42,47,20,33,11,49,12,5,1,16,13,8,46,23,38,10,0,28,17,57,52,29,54,2,61,53,15,40,25,60,21,55,7,59,58,39,6,62,22,45,31,3,44,24,51,41,19,9,14,35,27,32,4,50,30
41,9,53,10,48,23,36,46,43,27,35,15,45,1,19,8,58,28,59,12,2,55,7,30,40,25,63,50,49,34,32,39,47,57,11,37,44,13,60,54,3,4,22,62,18,21,24,51,31,33,5,61,52,6,42,26,29,20,0,14,56,16,17,38
36,29,30,12,47,28,49,41,46,18,19,1,54,44,42,26,8,16,13,61,21,27,20,0,55,43,5,2,9,22,57,63,4,34,23,45,35,38,62,3,11,39,10,58,24,33,52,7,56,59,40,60,25,37,53,17,51,6,50,32,15,14,31,48
11,51,21,61,9,58,50,40,28,36,8,0,26,23,57,59,35,41,24,44,62,47,10,5,20,16,32,43,46,63,15,17,14,3,34,48,12,37,54,18,42,19,38,52,22,27,45,30,7,60,49,1,33,53,55,13,56,4,25,29,6,39,2,31
5,14,34,63,43,6,41,60,42,37,50,12,45,55,7,23,36,21,57,58,25,62,17,13,28,40,9,3,30,33,10,18,54,31,22,29,51,47,48,27,4,26,39,44,32,49,52,35,11,24,38,59,16,19,61,15,8,46,1,20,0,2,53,56
33,4,59,56,17,51,21,27,3,44,60,45,48,19,26,31,41,28,13,8,24,36,5,29,55,43,15,54,10,23,38,37,42,47,53,11,57,62,46,32,61,7,20,25,1,2,63,6,58,49,35,18,30,16,0,52,34,22,14,50,9,40,12,39
35,31,44,10,16,33,12,15,51,19,54,23,5,57,1,25,2,9,3,49,8,11,29,0,50,39,52,30,47,32,22,40,20,62,55,6,53,58,41,13,4,37,18,24,34,36,42,60,45,56,17,38,27,59,21,63,48,26,46,14,28,43,61,7
40,57,4,2,51,8,0,56,28,34,16,53,59,30,60,9,61,63,36,32,27,26,5,17,62,52,45,47,46,50,1,19,25,55,31,18,11,6,39,21,23,49,33,42,14,29,15,58,44,12,48,3,41,43,35,7,20,38,54,24,37,13,10,22
8,56,37,44,26,45,34,43,61,15,18,23,29,16,19,1,9,42,38,51,4,32,31,54,63,22,62,48,24,6,52,12,25,36,58,20,17,49,41,60,3,28,14,50,39,55,0,5,53,35,10,27,33,57,30,2,11,59,46,40,21,47,7,13
5,46,10,56,63,18,14,49,6,19,58,22,55,20,32,42,31,15,41,27,44,53,24,50,61,25,0,39,9,48,2,62,8,54,36,33,43,13,12,29,35,21,4,28,37,7,34,26,23,40,51,57,11,47,1,60,30,52,38,45,59,17,16,3
11,53,49,54,47,39,60,20,10,5,62,7,23,27,30,31,25,33,41,3,44,8,52,1,22,9,38,18,26,17,57,61,19,28,34,32,36,48,59,12,40,24,50,58,46,45,43,15,14,13,6,35,56,63,0,51,55,2,16,4,29,37,21,42
61,57,11,20,4,33,44,0,31,29,46,27,15,54,21,28,37,26,34,52,43,6,32,8,12,50,59,3,38,58,1,2,42,16,5,56,40,48,63,18,49,14,41,45,55,7,17,51,62,9,60,47,22,24,10,30,13,19,53,25,23,35,36,39
26,21,8,45,35,4,36,13,59,6,55,1,9,58,18,34,30,10,17,0,48,32,31,20,38,5,37,3,60,57,16,54,19,42,49,28,50,11,56,25,15,62,12,52,14,27,29,24,22,46,47,39,61,53,40,41,2,23,63,7,51,43,44,33
25,26,9,41,17,30,46,3,45,62,50,28,48,18,40,38,61,58,4,56,59,42,2,6,44,14,52,32,27,39,23,20,12,1,34,49,37,24,8,10,15,7,22,36,16,21,63,47,13,51,60,35,33,31,57,53,55,0,19,5,54,43,11,29
30,58,43,29,14,24,49,62,41,34,15,54,26,45,52,4,27,18,38,59,2,39,12,56,47,57,44,0,35,31,32,9,60,53,25,36,50,23,3,37,33,48,20,6,1,55,11,51,22,42,63,8,10,13,61,16,5,7,40,28,46,19,21,17
39,43,33,22,49,6,26,30,37,36,19,25,16,14,56,3,47,28,23,0,38,9,17,42,1,35,60,4,34,59,44,61,62,11,45,55,51,24,53,5,41,12,15,29,57,40,8,13,32,21,2,27,46,10,48,52,54,7,20,18,50,31,58,63
60,16,9,20,4,11,41,13,14,39,58,27,12,59,52,17,2,28,18,56,19,48,55,15,57,49,7,5,6,21,43,54,53,42,30,10,34,37,26,25,1,36,8,32,61,29,63,51,44,35,0,47,3,38,23,24,62,22,46,31,40,45,33,50
61,2,23,39,10,16,12,55,43,14,51,9,26,7,0,1,50,56,28,42,59,63,35,31,48,3,47,13,11,34,15,25,58,30,33,5,40,22,46,24,44,21,18,36,45,57,38,62,27,52,60,53,20,19,49,37,41,8,32,4,54,29,6,17
24,38,35,5,22,33,31,46,16,63,23,34,10,54,53,2,25,44,18,55,9,50,40,1,28,13,48,37,12,7,19,43,26,61,8,47,41,14,42,52,59,21,29,56,30,39,20,51,32,6,62,36,45,3,57,60,4,15,49,0,27,17,58,11
6,61,4,11,29,12,23,8,18,35,49,5,32,19,7,43,39,33,42,47,30,46,1,28,48,27,56,50,15,40,41,16,0,38,25,51,60,57,44,3,9,55,14,20,21,52,36,37,34,2,26,53,54,63,10,17,22,58,24,45,13,62,59,31
37,49,62,20,36,21,22,60,6,48,40,30,56,38,39,50,8,10,26,57,1,55,29,58,25,5,31,11,3,61,51,42,44,23,46,7,18,35,28,27,17,19,2,0,34,59,14,52,54,15,45,16,32,24,4,12,47,13,43,9,63,41,53,33
41,17,51,30,57,46,1,22,62,58,61,54,0,12,29,10,27,9,55,52,13,47,24,3,8,25,43,56,23,63,40,45,21,20,38,18,39,35,48,19,11,34,53,44,7,33,4,14,49,15,32,31,2,16,5,59,42,36,37,50,6,28,26,60
26,3,18,36,34,55,29,6,44,58,35,27,46,32,63,38,11,16,2,57,59,60,31,23,1,24,15,54,62,40,13,10,41,61,0,8,56,42,4,20,12,52,21,51,22,28,48,47,14,25,7,17,9,37,33,5,49,39,43,30,45,53,19,50
38,62,7,45,24,10,28,33,29,17,36,46,8,3,56,40,6,41,49,23,21,63,59,61,58,9,39,53,14,35,52,25,43,1,13,11,18,42,34,5,37,30,44,57,15,19,47,54,16,4,51,26,60,27,22,50,2,48,55,32,31,0,20,12
14,54,25,9,61,46,5,48,6,3,60,44,2,36,23,40,31,62,27,20,21,28,24,53,43,22,55,4,41,15,47,37,19,16,12,35,50,45,56,52,38,49,32,7,26,58,29,59,0,34,57,1,42,17,30,13,11,10,51,39,8,18,63,33
62,18,11,3,34,9,44,59,10,52,45,54,19,39,8,24,37,41,26,32,6,30,57,20,14,29,31,50,4,55,15,21,46,12,51,43,36,56,35,58,23,13,1,48,28,60,38,49,63,22,2,7,53,33,25,17,27,0,47,42,61,16,40,5
42,11,16,50,40,18,3,34,4,48,23,59,9,54,21,10,46,1,57,6,58,15,8,25,30,62,27,28,26,41,29,35,12,13,32,55,49,45,19,63,0,37,17,56,53,24,33,5,2,39,52,20,38,61,47,14,31,44,22,36,43,60,51,7
24,46,40,41,63,3,25,19,1,27,23,20,35,14,12,33,37,55,10,17,9,48,54,39,11,45,51,26,5,8,59,4,0,16,50,7,21,28,30,18,13,32,52,38,62,43,44,29,61,57,42,47,22,2,31,56,15,49,6,34,58,36,60,53
63,45,17,33,54,29,3,22,24,20,58,57,6,23,32,11,16,41,47,37,60,13,55,40,51,28,14,59,5,52,36,4,21,25,42,39,8,53,46,10,31,12,18,9,61,35,27,50,38,2,56,44,1,7,26,43,30,48,49,34,15,19,0,62
9,33,7,14,32,49,34,50,17,57,51,30,11,21,36,43,15,37,22,60,20,23,47,5,41,12,6,28,58,39,46,55,48,29,24,35,54,53,31,3,52,59,38,61,19,63,4,16,62,40,8,56,0,25,45,18,2,27,10,44,26,42,1,13
59,12,11,13,20,17,62,30,0,5,44,48,55,57,60,7,45,9,63,47,10,28,34,39,38,40,52,51,33,15,22,6,32,24,8,35,18,53,14,50,3,42,2,58,41,1,25,36,31,21,29,43,27,16,19,54,49,23,61,26,46,4,37,56
30,16,41,2,63,3,62,22,37,12,42,61,58,31,11,23,59,44,28,24,7,9,57,19,50,35,5,29,15,1,17,48,21,60,32,39,34,6,55,26,40,36,25,10,56,8,49,4,52,47,43,20,46,13,27,53,33,51,38,54,18,0,14,45
11,18,62,59,3,24,43,39,12,53,36,60,7,38,5,47,14,1,30,20,54,52,40,15,48,37,23,44,49,17,27,26,22,31,33,19,32,0,8,2,34,6,46,13,58,57,63,10,41,51,61,45,16,42,55,28,29,35,50,56,25,9,4,21
51,39,42,23,43,55,5,53,33,59,16,10,40,35,24,48,25,32,0,2,27,37,30,19,18,54,4,57,44,7,13,26,62,17,29,46,9,14,63,12,20,58,52,41,15,8,61,6,3,49,22,21,1,38,60,50,34,56,28,45,31,47,11,36
62,50,20,8,34,44,15,22,43,25,60,42,58,52,54,10,18,6,4,1,30,53,21,31,2,9,32,24,59,7,29,46,12,33,23,57,55,51,35,3,19,63,39,61,28,41,14,45,26,47,0,11,48,5,56,49,36,17,40,16,38,13,27,37
50,22,37,14,23,34,35,55,20,29,15,2,47,16,4,41,48,28,58,63,59,61,43,13,33,6,10,1,12,18,60,44,9,7,32,19,56,26,54,3,53,24,45,30,11,17,49,46,21,39,42,62,5,0,40,36,51,38,52,27,25,31,57,8
14,61,13,12,31,45,54,16,24,25,40,59,27,23,20,47,32,11,41,7,46,21,58,33,35,56,1,3,2,19,63,53,57,9,50,52,30,44,15,0,42,8,5,10,49,22,26,6,51,39,17,55,36,60,37,34,18,43,4,62,28,38,48,29
49,27,48,0,29,61,14,12,5,43,36,1,11,3,4,60,13,19,8,46,54,47,41,44,50,31,33,57,15,52,21,56,53,30,28,63,20,58,32,42,6,38,45,18,24,16,2,62,37,55,40,9,10,35,23,7,17,26,22,51,59,39,34,25
42,7,9,40,43,33,10,59,16,23,19,13,32,26,39,11,63,8,50,34,45,1,14,6,62,58,55,29,5,57,53,24,22,15,12,47,41,27,4,35,38,44,3,20,48,30,25,17,21,56,46,36,60,31,37,61,51,54,49,18,52,28,0,2
24,27,47,20,53,49,22,35,7,46,2,16,4,28,33,61,15,43,21,34,8,5,57,59,62,55,58,12,40,54,23,19,3,29,44,60,11,13,38,10,14,56,37,25,45,26,52,51,17,42,41,30,36,63,6,48,32,1,18,9,0,50,31,39
15,17,32,55,21,46,43,5,52,27,45,30,8,18,22,7,60,54,47,61,42,0,53,50,37,25,56,14,20,26,29,51,2,6,9,16,28,57,3,49,24,34,40,19,38,4,62,1,63,12,59,33,44,11,13,36,39,58,23,48,41,10,35,31
18,51,49,20,48,53,61,21,58,43,22,46,29,19,62,60,26,14,54,17,13,41,57,44,50,32,34,10,15,28,5,0,39,52,33,37,9,1,27,4,36,38,6,23,55,35,30,8,42,11,2,25,63,16,7,3,24,45,56,31,12,47,40,59
1,62,22,16,54,23,8,60,12,9,53,21,33,30,27,43,18,37,63,61,29,55,26,41,3,38,5,40,36,11,25,19,47,28,13,20,39,42,31,2,24,6,49,32,48,44,4,15,58,56,35,59,14,34,0,57,7,50,17,45,51,46,52,10
32,29,23,9,43,0,37,33,48,60,50,17,5,26,7,21,24,14,10,18,53,1,2,3,51,62,8,28,38,52,4,25,39,59,56,15,58,31,63,27,34,13,41,16,35,20,12,61,45,57,22,42,11,49,19,54,6,30,47,44,46,40,36,55
1,31,46,57,20,45,63,41,4,36,14,25,43,9,59,23,38,56,3,28,24,61,11,32,50,15,6,0,2,49,42,54,37,60,35,51,5,29,13,55,22,34,21,33,10,12,62,53,48,19,30,58,52,8,39,26,16,47,18,17,44,27,40,7
54,5,60,61,34,17,50,10,18,43,11,44,30,41,13,14,55,40,58,42,52,1,59,3,19,38,16,37,0,35,57,36,24,12,23,46,7,48,29,2,39,26,6,63,31,56,21,47,4,9,22,20,27,33,32,25,62,15,51,45,49,53,28,8
50,40,58,22,12,24,23,41,36,20,53,5,55,10,48,60,17,0,51,61,4,14,54,16,3,30,44,9,13,27,63,8,47,6,37,38,49,57,42,52,33,29,34,18,62,19,32,35,2,45,15,7,25,59,46,21,43,1,56,11,28,39,31,26
56,27,51,18,21,13,40,11,34,20,37,1,4,29,8,38,60,24,22,7,19,41,55,5,16,17,52,10,26,59,30,46,61,15,42,39,9,0,33,53,47,28,23,25,62,58,31,45,50,3,44,32,57,6,36,49,35,12,48,43,2,63,14,54
24,47,38,17,9,62,5,41,4,28,56,55,58,33,42,30,11,51,8,7,10,57,37,35,32,22,13,52,27,0,63,18,3,49,54,39,46,36,12,60,23,21,59,14,29,31,44,45,50,34,48,61,26,1,53,40,25,15,43,6,20,19,16,2
35,59,41,1,36,15,26,44,61,49,42,43,21,58,24,53,4,40,62,13,57,5,52,38,51,7,6,17,28,55,31,19,37,11,63,16,8,0,54,30,45,34,14,60,12,27,29,32,25,48,9,18,23,2,10,46,56,50,20,33,47,39,3,22
28,38,57,37,17,63,58,34,25,62,41,27,39,56,24,5,60,13,6,32,55,8,4,26,11,21,1,48,47,14,53,2,59,20,16,30,18,31,50,36,0,35,49,43,29,23,7,45,61,9,33,40,22,42,10,19,44,52,51,54,3,15,46,12
10,16,61,39,23,1,3,53,50,31,2,7,22,54,25,19,44,35,59,24,8,43,63,6,28,57,38,60,58,5,13,62,32,36,26,52,37,47,46,11,20,14,4,15,49,9,12,34,21,41,18,51,40,55,27,48,0,33,42,45,17,56,29,30
56,24,22,50,54,20,53,34,0,36,1,51,10,11,27,55,61,25,8,31,3,15,26,2,35,19,5,43,12,49,59,46,48,62,41,63,60,29,45,14,13,57,28,42,40,9,37,7,33,39,44,38,6,58,30,23,4,32,18,47,21,16,17,52
22,30,1,4,58,48,39,24,0,41,47,8,32,14,42,55,27,10,29,18,60,63,9,45,26,3,19,6,38,7,37,59,20,40,61,62,33,57,25,21,12,13,51,56,43,53,28,16,15,49,52,44,23,31,35,11,36,46,34,17,5,50,54,2
38,5,52,27,57,25,17,62,50,35,39,37,18,45,21,7,49,26,10,3,32,12,46,61,55,19,47,0,14,6,43,13,58,63,30,22,40,11,29,28,51,53,16,9,59,36,15,23,44,31,42,54,33,2,1,60,4,24,56,20,34,48,41,8
27,25,54,0,40,1,22,23,12,18,46,51,31,34,2,59,5,20,38,58,42,3,14,16,56,30,28,62,63,17,15,45,8,9,32,60,41,43,4,21,48,49,55,53,13,44,19,35,24,10,11,52,57,50,26,7,6,33,37,39,61,47,29,36
48,9,12,41,37,17,54,52,43,10,20,35,45,15,56,63,55,27,11,60,32,4,26,18,21,46,6,49,53,8,24,2,19,62,58,28,38,34,23,47,31,13,39,44,0,57,51,7,5,30,16,3,36,50,1,14,22,42,29,61,59,25,40,33
32,0,10,39,35,45,28,44,54,34,58,41,61,38,23,17,33,2,29,12,24,36,51,7,30,50,21,5,48,31,53,55,49,57,15,8,27,47,60,3,19,6,37,40,43,62,26,20,9,13,16,18,25,22,52,4,1,56,14,59,42,46,11,63
1,3,58,26,21,42,37,39,36,53,51,29,8,45,44,11,59,30,27,60,61,28,38,55,52,7,2,10,47,19,0,43,16,50,54,57,14,13,33,35,20,40,46,22,9,48,17,49,12,5,4,25,63,31,34,6,32,24,23,62,15,56,18,41
22,32,62,63,33,47,15,43,52,49,48,6,20,54,61,50,55,2,42,7,28,0,35,19,29,5,59,13,17,16,40,44,4,36,37,1,3,12,53,11,56,10,39,31,27,51,60,9,34,21,8,14,38,45,46,41,58,24,57,26,23,18,25,30
18,43,49,30,36,0,11,35,39,58,27,45,52,59,34,26,31,13,24,56,62,12,47,6,16,61,1,33,5,32,42,53,40,23,21,50,37,55,19,41,48,25,29,8,51,20,9,46,28,17,4,63,22,54,7,60,44,10,2,14,57,15,3,38
58,57,61,9,59,41,2,12,43,30,7,18,62,48,8,42,23,50,63,11,54,22,49,38,35,17,36,16,28,20,51,27,4,15,33,24,32,55,46,47,31,34,52,1,0,44,25,13,5,39,14,60,45,6,19,21,53,26,56,29,10,40,37,3
46,59,30,16,38,21,10,26,52,12,15,61,0,27,17,53,54,49,43,8,48,13,45,50,36,63,35,56,51,37,39,60,1,7,57,40,25,20,31,29,42,11,28,47,41,2,32,3,58,24,62,9,34,19,18,14,5,22,6,33,4,55,44,23
8,52,58,14,3,17,35,4,5,2,44,27,9,25,57,24,60,50,6,49,47,31,59,26,33,55,19,61,0,41,40,36,63,39,38,42,34,13,23,29,10,54,37,15,16,12,18,46,48,1,51,21,53,43,62,28,7,11,45,32,56,30,22,20
41,62,43,0,11,16,31,42,6,39,53,13,17,12,37,34,30,38,45,9,59,1,33,7,8,46,4,29,58,32,15,35,56,21,50,19,3,24,61,44,49,47,40,54,63,48,23,22,60,25,57,10,28,52,27,26,18,51,5,20,55,36,2,14
32,23,26,22,14,43,51,57,47,55,30,5,52,28,63,62,39,27,61,15,49,44,60,54,42,19,21,50,25,3,35,24,10,12,17,7,38,33,20,36,8,48,2,4,41,16,18,59,34,31,6,58,13,11,56,0,9,37,46,40,29,45,1,53
58,5,40,24,30,44,31,55,38,28,34,54,0,15,33,43,32,51,61,59,26,27,49,37,62,8,53,9,2,60,4,13,3,20,10,42,6,41,36,52,12,47,22,16,14,46,39,23,50,45,48,25,35,19,56,18,7,63,1,57,11,29,21,17
63,45,22,58,2,34,12,14,6,53,5,1,43,44,23,55,7,62,29,11,47,31,59,41,56,21,17,15,25,36,54,37,19,10,50,0,46,4,35,32,48,33,26,38,9,61,24,20,49,57,18,3,30,16,27,52,28,60,39,42,8,51,40,13
42,62,5,1,23,58,48,22,59,57,14,35,24,8,3,39,40,15,27,18,25,30,10,51,11,43,33,31,16,63,2,49,29,0,38,7,56,34,44,12,32,6,20,28,13,53,41,17,21,46,9,52,26,36,61,50,37,47,19,60,55,4,54,45
55,49,60,38,19,28,32,8,10,13,36,22,5,9,54,62,53,57,45,39,21,2,63,43,44,56,1,17,23,59,33,52,41,29,20,61,48,37,42,18,7,51,46,35,12,31,11,26,30,3,0,15,16,27,6,24,40,25,58,50,14,34,4,47
26,11,55,19,49,45,42,12,17,25,40,63,18,16,22,41,43,34,15,61,44,29,33,6,47,14,7,38,35,36,46,2,48,0,53,23,1,31,50,27,60,39,8,51,32,52,56,13,20,3,57,4,10,54,62,37,21,30,24,28,58,59,5,9
32,29,4,21,44,58,26,28,40,16,23,17,56,6,13,50,0,33,61,49,37,54,51,46,57,60,5,14,11,24,53,39,7,35,47,38,19,2,27,1,3,15,36,45,30,18,55,63,12,42,48,34,41,10,9,62,20,43,52,22,59,31,8,25
39,54,38,60,22,58,51,23,49,31,55,29,47,12,52,28,63,34,42,4,45,56,27,10,36,11,40,50,53,18,13,20,14,24,17,0,26,48,1,7,35,37,44,21,30,59,62,8,5,43,25,46,2,32,19,3,9,57,61,41,15,6,33,16
4,37,49,10,15,54,19,52,6,60,45,23,61,63,34,44,12,57,5,36,42,46,38,27,18,30,7,20,31,3,41,16,53,17,22,43,47,48,11,29,40,35,28,24,25,21,51,32,13,33,39,26,55,56,1,14,62,2,58,8,0,59,9,50
6,31,3,53,38,21,23,13,14,17,35,54,42,0,43,5,60,11,48,12,22,15,41,16,57,61,51,52,34,46,20,8,27,24,9,30,7,10,39,2,36,44,55,37,28,26,1,45,18,56,58,49,59,40,29,19,33,63,4,32,62,50,25,47
41,28,24,34,55,5,25,36,37,42,54,44,14,57,49,50,20,38,53,35,61,62,22,52,4,47,2,26,0,19,3,48,7,58,51,46,56,11,29,45,15,16,43,8,6,39,63,32,13,12,10,9,27,21,1,18,23,33,17,30,60,40,59,31
58,6,43,28,8,55,53,11,38,62,31,2,57,25,41,50,54,40,35,45,63,60,27,16,13,22,37,4,0,12,56,52,1,51,15,48,24,29,23,33,32,34,7,44,36,9,19,46,26,47,21,49,17,3,18,61,14,10,59,39,5,20,30,42
54,34,52,17,43,61,28,22,56,45,2,36,3,49,59,37,10,63,62,29,50,23,0,31,15,32,39,1,9,5,14,33,8,19,24,26,58,60,51,38,42,48,44,25,30,55,13,47,6,35,21,40,41,11,4,7,53,27,57,12,18,20,46,16
47,55,56,10,58,16,1,43,19,57,48,8,59,5,51,13,54,32,0,61,29,28,49,38,36,40,11,35,14,46,21,42,15,22,39,17,2,25,34,12,27,60,41,18,4,23,62,50,30,6,53,20,45,63,33,26,7,37,31,24,9,3,52,44
41,7,60,31,49,3,53,46,8,57,20,21,36,56,1,63,22,13,30,9,40,5,59,42,29,16,11,55,18,35,38,44,12,27,39,47,4,2,52,37,58,54,32,43,45,62,61,28,25,14,26,0,34,15,33,17,48,6,50,19,24,10,51,23
6,56,46,40,28,13,34,10,61,25,45,19,54,27,31,24,58,39,49,16,48,33,11,21,41,47,2,42,44,38,30,43,1,17,20,51,36,4,26,32,62,35,23,37,14,29,0,12,60,18,8,22,53,15,3,9,55,52,63,5,7,59,50,57
14,29,4,31,41,62,26,7,49,27,53,42,3,44,30,1,22,2,8,9,51,20,46,0,38,39,6,32,47,43,17,60,40,57,45,16,33,37,34,36,15,11,56,21,55,23,10,54,25,5,63,28,61,35,50,52,19,12,59,18,48,13,58,24
50,46,19,1,54,58,23,9,17,24,7,42,34,35,36,55,57,56,27,25,32,49,45,10,20,3,15,0,41,48,62,6,14,12,53,5,4,44,40,33,60,51,61,21,2,30,47,28,52,38,39,59,22,31,8,43,29,11,63,13,26,37,18,16
60,22,17,47,10,58,38,3,32,63,7,44,28,16,40,20,54,29,51,33,41,56,42,57,34,27,12,9,46,43,39,8,59,61,53,37,13,24,55,19,26,18,6,23,4,11,21,31,48,14,15,49,52,36,25,35,0,5,50,30,62,2,1,45
10,34,24,55,36,42,32,9,28,7,26,58,30,44,15,0,52,23,4,40,29,50,25,41,16,39,49,46,12,35,59,8,48,60,19,31,13,2,37,17,18,5,54,33,6,38,47,63,22,1,51,21,56,57,14,11,43,20,53,3,61,62,27,45
24,0,21,19,22,39,8,46,26,51,12,58,6,2,45,4,16,3,9,15,54,50,35,25,62,18,34,13,49,10,5,38,7,40,28,36,55,56,17,47,59,52,48,23,1,42,57,30,44,61,31,14,60,11,33,27,32,37,63,41,43,20,53,29
42,31,55,44,10,18,4,13,25,52,53,43,59,17,57,47,7,19,1,20,11,27,62,49,60,16,3,22,0,45,2,56,21,33,32,54,35,38,30,51,37,6,41,12,23,5,58,15,28,63,48,36,29,39,9,14,40,46,24,34,8,50,61,26
3,51,61,39,33,1,16,62,22,48,10,58,29,53,28,63,27,5,43,36,46,44,41,59,37,40,13,47,17,23,25,2,19,31,49,60,4,50,6,18,12,14,15,7,21,35,20,30,32,26,45,54,55,52,8,57,24,9,38,56,34,11,0,42
57,14,46,23,7,37,32,28,38,0,60,3,47,27,39,24,58,1,19,54,13,56,62,59,40,41,15,2,22,17,31,11,21,26,35,53,8,10,50,36,44,29,18,33,49,34,51,16,63,61,45,20,6,42,30,25,48,4,55,5,9,43,52,12
21,60,53,17,18,30,57,50,6,54,55,43,9,51,25,59,35,10,20,8,4,63,29,52,1,31,5,3,32,45,28,27,16,24,0,44,48,13,33,23,37,41,49,34,12,40,42,38,58,19,46,56,62,39,22,11,14,2,61,7,15,47,26,36
47,24,37,5,62,34,4,31,38,52,56,41,8,18,21,39,14,16,60,20,54,49,13,28,32,15,50,22,3,46,45,40,35,58,55,7,57,6,51,2,36,29,59,12,9,33,44,17,25,26,43,0,23,11,53,10,48,42,19,63,27,61,30,1
22,30,49,63,33,0,36,10,11,25,45,51,46,35,39,43,23,15,53,4,7,19,58,42,48,5,2,50,47,27,31,60,8,13,20,59,26,24,57,37,62,21,32,12,61,56,17,41,55,1,29,34,44,16,14,3,52,18,54,40,38,28,6,9
5,35,40,28,54,30,56,13,36,23,39,9,61,22,15,21,19,49,33,17,32,60,42,2,50,59,41,57,58,25,16,47,20,62,3,18,10,46,34,0,45,63,37,52,14,55,31,43,53,1,7,4,24,6,44,51,38,12,8,29,26,27,11,48
54,28,24,56,21,50,8,61,57,49,25,55,48,1,39,3,11,52,43,10,19,63,16,31,59,60,33,41,4,17,13,23,27,12,53,7,22,38,35,34,62,45,0,20,18,51,44,26,37,9,46,47,58,36,32,2,30,6,42,14,40,15,29,5
3,55,10,16,5,29,1,52,32,37,56,43,51,9,21,27,11,28,18,31,36,2,41,44,8,61,7,62,53,20,59,54,38,12,63,42,23,13,19,39,6,35,45,58,0,40,22,33,60,30,4,26,15,49,24,46,48,25,17,57,14,50,34,47
42,49,17,13,35,29,25,22,45,60,56,6,0,44,58,2,62,26,4,46,9,31,20,5,30,54,21,18,39,57,15,41,7,16,23,53,48,28,55,14,43,32,52,38,12,63,27,24,34,40,3,33,51,59,36,47,19,1,37,50,11,8,61,10
19,24,62,58,6,36,4,50,48,20,52,1,57,44,9,8,47,41,27,60,40,10,5,17,22,7,3,42,45,26,30,31,43,11,55,59,39,63,53,33,21,23,16,46,29,2,0,13,12,15,18,38,34,61,14,28,35,54,51,49,32,56,37,25
20,27,60,1,58,54,44,10,61,62,9,30,25,4,39,59,63,56,45,7,23,52,48,53,43,46,31,41,49,40,21,5,11,22,8,16,42,13,17,50,24,33,6,51,18,28,32,3,55,36,35,57,15,34,29,12,37,38,47,0,14,26,19,2
12,32,53,43,9,3,24,56,39,8,18,23,35,48,46,4,1,15,2,38,52,31,0,27,59,45,25,50,63,62,19,7,61,41,34,10,42,16,5,28,33,57,29,26,30,54,47,37,21,40,14,44,58,49,51,20,11,17,55,13,6,36,22,60
1,6,9,33,8,45,28,42,53,19,35,18,5,41,56,48,51,22,59,7,12,62,15,34,4,2,38,20,37,21,17,16,36,13,60,26,44,3,47,27,11,57,24,54,10,0,58,14,43,32,25,61,31,63,46,40,49,52,50,29,39,23,55,30
49,26,56,12,37,11,48,10,24,20,33,38,50,1,17,8,43,2,9,27,36,60,55,32,59,46,4,42,6,22,21,44,52,45,62,57,39,53,25,0,16,47,63,30,29,54,40,35,41,7,19,31,51,34,58,23,5,15,3,14,61,13,28,18
13,11,63,12,62,45,44,61,48,9,59,27,21,16,54,30,35,18,53,39,52,38,6,50,5,47,10,1,31,2,40,43,49,37,41,14,55,15,22,32,42,25,19,34,8,4,33,56,46,17,7,26,60,29,28,23,58,24,57,3,36,20,51,0
24,41,62,59,16,6,11,5,12,57,4,63,58,37,38,36,19,44,20,60,39,47,26,42,22,1,32,15,10,28,52,23,9,56,7,21,53,17,54,0,43,55,35,30,31,50,18,61,25,46,48,34,13,33,2,8,49,3,14,40,51,45,27,29
11,51,44,55,31,7,59,12,16,58,22,19,30,47,17,33,48,32,3,0,54,25,61,23,38,37,2,40,42,28,36,14,5,1,26,49,46,57,21,56,60,63,27,52,20,34,35,53,62,13,43,10,50,6,45,15,41,24,4,18,39,8,29,9
7,1,34,53,9,5,55,19,30,41,31,11,32,8,60,13,0,45,56,58,43,42,28,6,10,57,40,35,33,2,23,39,44,52,15,54,24,63,27,51,48,50,3,37,12,17,25,38,16,59,36,61,14,20,26,49,62,4,22,18,29,21,47,46
53,9,1,6,23,14,15,24,33,63,22,51,21,20,58,56,30,54,40,4,27,41,37,62,35,38,8,46,61,42,28,17,16,43,19,2,55,10,50,59,18,52,60,36,12,31,29,3,25,11,34,5,47,7,13,45,49,32,44,26,0,39,57,48
11,18,30,56,53,27,38,60,41,31,59,61,25,10,23,17,45,24,51,0,2,8,15,5,40,21,16,28,26,46,13,47,55,49,7,44,19,4,57,3,22,43,32,14,35,62,1,34,36,39,48,29,20,12,33,50,54,58,37,6,9,42,63,52
36,7,11,30,26,41,48,53,62,19,5,47,22,13,46,49,23,12,32,27,59,52,58,18,10,54,43,38,1,15,24,60,9,34,57,55,44,33,45,61,14,37,63,39,21,16,0,29,51,2,31,25,4,28,3,56,17,8,42,20,50,6,35,40
21,2,14,49,5,35,25,61,36,0,50,10,42,56,38,7,62,1,57,22,12,34,58,63,33,16,40,43,47,9,54,24,60,30,41,59,52,28,48,45,20,26,8,37,4,19,31,29,15,53,11,32,13,17,3,27,6,46,51,23,55,18,44,39
13,1,21,22,17,32,30,24,0,26,41,29,15,12,28,7,44,48,39,19,20,60,61,45,40,51,33,18,43,57,27,59,25,34,62,35,63,8,37,6,56,36,46,5,11,3,47,42,10,31,52,9,14,58,50,49,38,54,53,23,4,2,16,55
49,48,2,57,21,56,24,38,63,39,29,10,46,36,54,62,61,35,12,5,42,40,22,0,6,7,30,25,53,47,51,52,50,18,16,37,17,3,28,43,34,19,9,33,23,27,58,8,55,45,32,4,1,11,44,13,20,59,15,41,26,14,31,60
32,4,48,17,38,26,62,6,51,30,25,14,36,2,52,13,46,43,58,22,3,12,18,63,11,8,24,5,42,54,34,29,31,1,28,61,0,21,7,19,60,39,27,45,53,47,49,40,50,20,23,35,56,10,15,41,55,33,37,9,44,59,57,16
52,16,41,20,23,25,56,50,3,47,40,10,6,17,58,48,12,49,44,29,22,42,46,43,1,39,37,62,26,55,35,63,31,7,21,2,28,13,15,61,11,19,18,5,36,45,54,53,4,30,38,0,60,9,34,59,57,8,33,27,14,32,24,51
28,25,19,24,1,6,49,13,12,10,48,15,40,60,30,34,39,2,5,17,7,44,29,38,35,22,32,37,27,45,0,8,58,3,56,63,23,61,36,57,62,42,11,53,16,4,26,9,51,47,41,14,31,46,18,59,21,33,52,55,43,20,50,54
37,13,45,23,61,10,30,38,56,62,26,11,15,60,58,25,49,29,21,18,36,16,63,35,59,9,54,17,2,7,52,42,47,3,22,46,55,8,12,33,1,20,5,43,27,4,6,44,53,0,24,51,31,34,57,40,39,48,19,50,41,14,32,28
51,36,2,49,24,38,53,22,4,62,48,57,39,44,14,19,25,23,33,30,20,6,29,31,56,43,45,21,1,42,59,37,11,41,26,13,8,52,63,3,15,9,5,0,50,35,27,17,55,28,58,18,10,60,40,54,7,12,61,47,34,32,46,16
14,0,25,26,1,59,62,41,52,36,63,48,49,16,57,6,40,2,9,12,10,27,28,54,60,23,13,55,42,24,46,5,56,61,33,20,11,34,44,50,3,43,58,47,8,53,21,35,37,32,4,45,30,31,15,17,29,19,22,18,38,7,51,39
47,56,7,1,57,34,61,6,52,8,9,59,2,23,53,41,4,32,20,48,31,0,16,14,13,10,39,11,5,49,12,19,3,28,44,63,22,38,37,21,30,62,24,17,35,51,15,45,46,36,54,43,60,33,26,25,18,58,40,27,29,50,55,42
45,29,30,52,14,37,28,53,24,41,32,50,58,49,63,25,23,18,36,1,35,10,13,21,43,62,31,38,16,39,40,48,46,54,51,5,19,42,44,6,61,11,20,0,3,4,2,26,57,12,9,22,59,56,60,8,15,47,33,7,34,55,17,27
41,7,12,51,22,20,17,62,52,14,24,4,33,5,1,47,55,38,6,27,61,54,49,31,58,53,40,39,30,60,0,56,37,43,19,48,23,46,44,3,45,42,34,16,28,29,57,63,10,35,26,21,18,32,50,13,15,25,2,8,11,36,9,59
6,55,53,33,30,28,25,44,13,15,26,56,47,5,3,24,17,11,27,59,43,32,9,14,10,12,23,49,34,51,40,35,21,37,4,20,22,48,18,62,61,0,46,16,7,45,60,52,31,50,63,42,8,58,19,2,29,36,41,39,54,57,38,1
31,12,22,50,54,9,13,61,19,28,45,43,16,11,25,38,4,23,2,36,5,40,53,14,57,55,0,24,1,42,8,21,29,49,44,7,62,48,26,41,20,37,30,46,34,35,33,27,10,3,18,60,17,56,63,6,59,47,51,32,39,15,58,52
7,46,22,10,8,12,50,31,32,4,53,14,6,56,2,61,39,57,47,41,26,44,34,0,11,16,5,18,42,45,38,48,43,58,51,55,9,1,21,62,19,23,27,15,29,54,52,30,17,3,49,24,63,20,59,37,13,36,40,25,33,60,35,28
53,26,32,59,9,28,57,21,42,12,51,47,0,56,5,13,17,25,43,46,40,55,19,35,54,4,1,8,49,24,33,14,7,20,36,41,3,2,27,61,48,62,37,34,22,60,38,23,31,18,11,29,44,39,45,30,63,50,16,58,6,15,52,10
47,25,42,23,20,0,15,3,24,45,19,48,1,33,58,21,29,28,61,2,26,50,60,12,5,43,8,51,17,7,56,16,38,22,55,41,37,10,36,62,27,49,18,9,14,34,11,35,44,63,54,52,40,59,6,53,13,4,57,39,31,32,30,46
53,27,7,1,14,35,47,8,57,11,49,46,2,3,31,22,30,58,19,50,60,38,43,42,18,36,56,34,37,40,21,61,0,45,4,28,16,9,59,41,25,10,32,33,5,48,55,39,51,13,52,23,44,20,63,17,15,26,62,24,29,6,54,12
8,20,23,11,30,14,3,46,13,49,59,17,48,26,36,21,0,2,42,40,32,16,12,25,15,34,33,38,10,9,47,44,60,61,54,56,18,7,31,27,6,45,19,37,58,5,39,1,52,35,63,24,62,43,22,28,53,41,55,57,51,4,29,50
44,39,29,4,38,53,16,2,1,36,18,60,43,45,20,41,8,13,28,19,5,9,58,24,62,3,46,10,7,49,25,47,26,6,63,40,55,48,34,17,27,14,37,35,22,51,61,32,15,33,23,0,54,56,50,42,12,11,52,57,30,21,31,59
27,25,56,1,44,22,10,2,17,60,13,33,48,16,36,6,63,29,43,12,40,54,31,14,21,53,49,34,55,38,42,24,11,46,15,39,59,62,32,45,37,0,18,8,61,58,26,51,5,4,52,23,7,30,50,47,19,28,57,41,20,9,35,3
43,20,48,61,28,19,52,46,18,8,12,33,36,7,60,62,21,27,25,15,5,53,39,17,32,55,44,4,34,10,13,57,23,35,51,56,26,9,54,2,1,42,37,45,63,29,30,47,22,31,49,6,50,3,40,14,24,59,58,0,11,16,41,38
2,7,3,56,32,39,5,13,20,33,36,50,6,26,15,35,55,42,46,25,38,57,41,23,30,9,54,10,44,17,37,4,1,29,40,31,61,0,16,28,53,24,60,34,47,62,51,19,45,11,14,63,58,8,18,59,43,21,12,27,48,52,22,49
40,13,56,14,41,2,20,21,53,32,52,28,0,63,39,7,60,11,31,43,57,16,1,37,22,36,4,12,47,34,23,59,46,48,26,44,50,27,24,10,9,42,17,61,19,6,38,58,45,55,54,62,15,25,51,5,8,29,18,30,35,33,3,49
55,32,48,2,6,13,7,53,25,28,34,60,41,39,62,4,37,63,5,10,35,47,42,15,22,21,44,40,49,31,8,23,38,61,33,11,58,36,29,50,27,3,19,0,45,46,54,17,56,51,9,18,26,12,30,20,24,14,1,16,43,59,52,57
7,45,11,19,49,18,20,61,41,52,44,8,56,33,27,57,51,10,39,36,35,43,50,55,46,24,9,23,15,16,3,25,47,28,34,26,38,1,40,48,60,30,22,21,31,2,42,63,32,54,29,53,13,0,12,37,59,58,62,6,5,4,14,17
2,12,7,5,31,60,13,57,44,48,47,37,3,62,19,8,46,42,9,53,50,18,39,17,23,0,63,51,25,29,34,27,20,52,24,36,11,45,58,1,15,49,28,38,54,30,21,4,33,6,43,35,10,22,26,16,61,56,41,14,32,55,59,40
32,22,63,47,59,12,52,45,14,49,60,9,23,24,15,19,1,37,55,11,38,13,25,35,36,27,3,4,20,43,5,57,46,62,31,18,48,17,33,21,30,34,16,54,42,0,40,28,8,29,44,10,53,61,56,51,26,58,2,50,41,39,6,7
8,1,58,52,5,0,36,12,24,2,42,33,39,29,48,44,57,41,18,23,50,62,54,7,14,40,63,25,37,49,21,16,61,13,55,11,47,46,38,19,45,30,34,3,20,10,32,56,35,17,51,15,53,26,28,60,27,9,4,6,43,22,31,59
22,40,61,1,43,4,42,5,26,25,30,21,60,13,28,18,33,36,7,8,17,24,0,15,56,58,51,35,44,27,3,46,57,31,29,52,62,37,50,41,11,19,48,2,47,59,34,39,14,12,9,10,63,23,54,6,49,45,20,38,53,55,32,16
45,22,48,38,52,36,44,62,16,35,19,56,18,15,37,63,55,5,23,47,20,53,9,0,34,21,61,26,6,59,58,27,41,17,30,8,40,31,28,4,54,3,10,11,1,14,32,13,2,39,43,46,42,50,29,57,49,33,51,25,7,12,24,60
10,6,27,23,46,48,8,28,22,31,45,2,5,53,9,29,13,51,44,4,25,50,19,18,41,24,35,7,32,36,63,33,30,3,54,34,49,16,1,55,15,37,20,38,52,0,21,11,62,57,56,14,40,59,58,17,47,61,12,43,60,26,42,39
38,18,17,13,59,7,21,15,28,53,34,50,5,9,20,6,62,0,49,35,56,32,61,42,23,19,12,36,29,22,46,1,52,37,31,45,14,40,2,54,27,47,26,3,33,4,10,24,58,30,39,16,55,8,41,44,51,57,43,60,63,11,25,48
40,37,27,55,33,49,30,57,36,26,43,2,16,59,50,8,25,20,46,15,6,45,12,54,51,35,4,39,53,60,28,1,34,41,63,56,21,44,13,11,32,19,14,17,10,31,47,7,61,0,5,38,18,23,52,3,22,48,9,62,58,42,29,24
25,2,12,19,56,22,61,27,63,57,4,42,36,35,13,39,31,37,55,47,32,21,1,48,49,23,54,29,33,34,16,40,18,5,30,46,8,58,11,20,26,0,41,43,51,50,6,38,17,53,15,9,24,7,60,14,10,52,62,3,45,28,59,44
24,19,2,51,58,10,25,38,23,6,54,41,61,30,28,45,43,63,21,12,11,18,42,7,15,29,20,47,55,9,13,33,56,36,37,62,17,31,48,52,50,27,4,60,34,14,5,26,59,0,1,53,49,39,57,22,8,35,16,3,32,44,46,40
30,55,47,16,14,44,46,19,34,1,52,40,63,25,9,49,61,23,62,42,39,36,56,0,24,43,7,32,59,18,37,48,21,28,4,20,15,60,8,58,3,26,53,22,41,33,38,57,51,27,45,5,10,11,2,17,50,29,31,12,35,13,6,54
55,37,34,52,54,8,6,56,17,48,14,27,10,62,39,20,50,30,25,11,21,41,24,60,57,53,38,29,23,31,44,1,33,9,26,3,32,43,36,40,13,12,0,28,59,19,7,15,35,51,16,2,49,61,46,45,22,5,42,58,63,4,18,47
39,15,38,42,52,17,57,26,59,18,5,40,3,46,44,1,49,4,7,20,43,32,63,2,36,16,28,60,58,14,12,30,56,62,47,19,9,35,24,8,11,34,25,31,37,13,54,53,23,45,50,61,29,10,51,27,6,41,0,33,55,21,22,48
30,40,36,48,60,41,63,28,31,3,6,25,58,10,34,43,5,2,35,51,54,50,0,14,39,52,17,27,59,13,61,56,55,29,1,19,45,62,18,57,46,38,8,21,42,33,15,26,53,32,37,16,47,11,49,22,44,4,12,7,23,24,20,9
60,11,55,47,50,39,30,14,56,59,17,31,15,45,34,29,52,7,44,58,19,49,33,48,24,37,53,4,27,23,6,16,43,61,21,25,5,2,35,13,10,18,28,36,32,20,9,1,41,51,40,62,26,54,12,0,3,46,63,57,22,8,42,38
44,20,50,53,15,38,1,28,18,45,61,52,42,63,31,0,14,48,24,16,33,13,29,5,56,49,58,47,35,30,9,57,22,43,32,34,51,36,7,12,27,11,19,8,46,26,41,60,2,17,21,10,59,4,40,39,3,25,55,37,6,54,23,62
28,31,10,44,37,41,26,48,5,1,47,40,25,17,36,4,22,46,13,35,0,60,52,59,53,29,21,12,6,11,2,56,51,49,63,30,8,57,34,55,62,20,33,58,45,3,43,9,24,14,39,54,42,27,7,50,19,15,32,23,38,61,18,16
26,57,29,16,4,45,27,1,59,31,28,2,33,21,38,40,61,20,22,60,25,9,52,7,18,24,8,53,13,44,6,36,12,19,62,48,34,23,41,10,17,55,0,58,14,35,37,11,30,43,50,63,3,56,15,32,5,54,42,39,49,46,51,47
17,61,4,37,21,48,10,55,41,60,19,53,15,26,42,23,40,58,16,44,54,56,45,47,24,18,46,7,2,49,62,32,39,5,29,34,27,51,63,6,12,0,8,36,33,13,31,11,43,52,1,50,14,28,59,9,20,30,38,35,22,25,57,3
46,38,22,50,10,3,20,60,24,43,25,49,61,4,63,33,59,0,29,17,27,13,52,19,58,48,45,23,7,5,18,28,57,15,31,39,12,32,47,44,2,21,1,6,62,37,55,16,14,26,30,51,40,41,11,35,42,53,56,54,9,34,8,36
38,35,10,57,17,3,6,2,60,59,5,40,56,19,16,9,33,8,61,26,29,11,7,18,41,63,25,47,23,31,49,42,48,21,4,43,55,36,30,50,28,27,15,0,37,62,52,22,54,12,34,46,13,24,1,51,14,20,44,45,32,39,53,58
28,3,9,11,59,24,19,2,34,61,13,57,10,4,35,5,23,58,16,25,40,43,63,14,42,17,20,18,31,54,56,12,37,38,44,0,50,41,8,39,27,33,45,46,48,7,36,29,30,53,26,49,1,15,51,32,6,52,55,62,21,22,60,47
62,16,57,6,33,14,34,27,38,11,40,60,53,47,0,17,7,36,39,30,8,35,52,18,50,23,22,5,2,43,24,32,19,58,63,59,55,15,13,44,3,21,28,56,41,45,26,4,61,46,9,48,10,20,49,25,51,37,12,31,1,42,29,54
13,16,51,60,22,34,37,25,58,19,36,18,11,38,32,20,63,62,5,21,53,0,2,15,6,7,39,9,33,47,3,55,45,52,40,28,24,56,30,1,10,59,14,26,43,27,50,41,48,23,8,44,31,35,54,46,29,49,4,61,17,57,42,12
50,15,54,35,55,48,59,16,26,41,60,24,45,21,6,37,51,30,44,8,19,1,57,28,11,39,61,42,14,47,32,18,22,36,29,20,4,40,7,2,34,10,43,0,9,46,31,27,12,63,33,23,62,53,5,52,56,38,13,25,3,49,58,17
56,18,59,34,30,25,4,17,43,10,45,41,19,48,2,21,50,54,9,5,11,24,40,35,1,27,7,60,28,42,3,6,61,29,47,44,32,33,22,51,39,63,23,13,31,16,8,36,62,38,20,0,26,37,53,49,52,55,14,12,57,15,58,46
10,52,43,13,7,31,18,19,34,44,35,3,5,50,0,32,46,2,40,56,41,49,42,55,59,33,63,39,24,30,11,37,45,21,23,38,28,27,29,16,60,58,6,57,53,20,26,54,48,4,9,47,51,17,62,14,8,1,61,36,25,12,22,15
54,42,4,12,17,13,0,52,43,59,8,39,10,23,27,26,31,50,36,56,15,49,33,60,1,44,16,37,11,28,55,57,22,14,21,58,48,6,46,3,40,45,20,2,18,62,53,34,35,47,41,7,5,29,25,9,32,38,51,30,19,61,24,63
9,58,18,55,43,2,31,41,24,6,33,26,62,50,25,38,59,23,19,7,51,20,3,30,52,13,45,48,21,54,15,42,40,34,17,28,47,44,14,12,49,0,56,27,5,8,39,60,46,4,57,36,22,35,32,10,63,53,1,11,61,16,29,37
25,53,38,32,42,6,59,11,14,61,44,30,49,45,23,17,27,33,37,29,58,2,15,3,26,54,47,34,31,1,13,8,24,19,20,39,18,35,48,56,63,0,41,57,7,46,43,22,62,60,5,10,40,55,36,51,28,21,12,52,9,50,16,4
34,30,28,14,1,4,19,59,61,13,35,31,26,43,48,23,5,56,39,63,44,15,37,20,58,3,60,62,27,46,16,54,42,17,22,24,53,45,2,50,9,33,36,47,52,32,10,25,11,51,38,49,7,12,41,18,55,29,0,21,57,40,6,8
53,49,13,46,47,42,27,20,18,59,35,1,40,19,61,15,43,29,26,62,50,55,31,44,33,21,30,25,45,10,7,63,58,9,54,3,24,5,60,38,51,37,2,57,48,34,41,16,52,28,56,14,23,8,32,22,36,6,12,4,11,17,0,39
32,23,21,13,34,27,2,52,9,58,33,0,1,17,61,29,51,55,57,48,39,6,63,59,20,46,56,19,50,54,7,38,40,49,26,24,53,25,4,8,42,12,16,10,43,60,62,3,31,37,18,11,36,30,28,5,14,44,15,35,41,47,22,45
0,56,46,25,24,14,48,30,33,61,8,18,58,57,34,55,59,53,2,3,19,22,50,43,52,39,15,51,63,47,45,37,44,49,26,10,4,35,5,20,13,36,12,31,21,27,11,6,29,62,16,23,9,42,41,60,7,40,38,32,1,28,54,17
18,27,17,23,5,26,35,1,6,46,22,12,20,33,28,61,21,31,53,32,49,58,16,2,11,37,54,19,36,10,39,43,50,56,57,8,14,13,47,9,7,48,41,52,3,0,38,24,40,34,51,63,59,62,55,44,4,60,30,45,42,29,15,25
5,52,54,53,35,21,44,30,49,11,57,58,45,6,23,29,41,24,34,28,13,8,31,51,9,14,16,27,18,15,10,7,46,0,43,4,2,19,1,38,59,12,33,42,39,22,36,3,40,63,60,25,56,17,32,62,61,47,50,55,37,20,48,26
32,45,18,55,28,9,22,57,11,39,15,30,52,50,61,8,7,43,41,36,20,6,47,5,29,40,54,26,48,38,49,0,2,12,10,24,25,23,34,35,17,51,37,33,62,56,44,46,63,14,27,21,60,58,3,31,59,16,4,1,53,42,13,19
12,18,20,10,28,2,25,8,55,44,61,9,0,54,7,23,21,19,33,1,38,24,50,59,15,31,53,11,45,56,22,41,46,36,60,27,49,3,16,34,37,17,30,5,62,26,14,52,40,35,51,29,58,13,42,63,6,39,32,48,57,4,43,47
62,25,46,33,63,0,45,22,36,55,38,53,26,48,51,52,54,2,57,39,58,11,28,61,43,1,32,10,59,42,27,15,49,60,34,9,8,7,40,16,5,35,37,4,47,23,18,24,31,19,17,14,41,3,29,50,21,6,30,20,12,44,13,56
19,40,15,37,21,10,17,43,3,54,59,36,32,45,62,5,1,61,27,57,39,41,51,20,13,28,63,25,38,33,55,47,35,31,48,60,0,23,4,22,29,16,7,52,56,30,50,18,46,44,9,12,53,11,34,26,58,42,2,8,14,49,24,6
52,58,20,42,54,51,38,36,15,33,11,1,57,12,7,55,3,4,23,24,35,56,22,17,39,19,32,34,44,13,27,62,0,46,63,8,48,9,40,6,25,47,10,31,16,14,18,41,45,43,29,28,37,5,50,60,26,21,61,53,30,2,59,49
59,62,28,1,30,39,37,40,4,57,54,53,46,2,14,20,23,11,42,52,50,0,34,7,16,32,63,9,17,6,49,38,51,35,10,22,61,25,21,3,45,58,24,44,19,8,56,43,27,31,33,29,41,36,18,26,15,5,55,60,12,48,13,47
15,46,8,14,19,9,53,18,59,36,38,49,63,20,2,16,29,47,13,43,41,57,61,0,12,6,37,3,48,54,33,25,22,50,32,26,23,44,27,5,28,24,31,52,1,10,40,60,56,11,7,58,62,35,34,45,4,30,42,21,55,17,39,51
6,43,63,47,41,40,42,36,38,11,0,55,20,29,46,25,23,37,59,60,53,24,15,8,49,52,3,27,10,56,30,51,12,26,50,45,28,44,18,21,7,32,4,35,39,9,2,16,19,58,1,33,22,48,57,61,5,17,13,54,62,14,31,34
10,39,33,40,48,3,19,30,31,16,5,13,47,4,41,27,61,43,24,34,55,54,23,46,44,36,60,8,15,49,52,53,32,29,12,22,57,62,28,38,20,37,6,9,63,1,51,7,2,11,25,59,26,56,21,50,17,18,14,45,0,35,42,58
1,49,30,41,56,7,16,43,57,26,45,17,63,29,62,61,4,6,50,38,11,23,5,22,44,48,13,42,10,59,9,53,3,55,36,34,15,8,51,35,25,19,31,32,12,14,0,46,27,21,60,2,24,33,28,39,58,47,40,20,52,37,54,18
61,28,31,58,45,30,37,51,63,39,27,11,42,14,38,18,3,20,23,48,22,55,1,60,47,25,7,62,15,35,0,49,56,46,57,9,53,40,32,29,59,34,17,8,19,43,5,24,12,52,2,54,50,4,10,21,36,44,6,33,41,16,13,26
47,43,29,30,52,55,1,11,7,62,24,36,0,41,22,26,39,42,63,33,21,15,8,12,34,32,31,13,59,35,27,40,14,4,23,46,48,37,51,49,57,38,17,61,16,9,19,25,6,58,53,28,45,56,60,18,20,10,3,2,44,5,50,54
15,18,44,3,49,14,11,1,62,6,54,20,34,0,58,41,26,57,21,63,48,28,31,13,47,35,45,17,59,24,51,12,9,37,39,29,55,43,61,50,10,27,23,40,46,60,25,36,5,53,16,19,8,7,33,56,32,22,42,52,30,4,2,38
62,43,16,49,61,51,59,11,55,6,28,3,22,2,44,13,9,58,54,41,39,53,7,26,23,48,35,36,8,10,5,30,4,31,57,52,24,18,25,37,56,34,40,19,27,46,21,50,42,47,60,29,17,33,20,12,63,38,0,32,15,14,1,45
45,15,18,48,14,11,27,7,8,24,62,21,22,36,46,43,53,31,42,30,16,56,38,3,40,5,33,49,44,51,55,2,13,34,32,1,41,60,52,25,47,39,12,6,37,26,57,61,35,28,54,29,0,19,20,9,50,10,58,23,4,63,17,59
6,15,44,23,62,4,30,7,41,11,49,63,57,1,19,22,45,56,12,17,25,13,47,24,50,37,33,42,52,58,26,46,28,0,2,18,16,48,35,29,3,40,20,53,55,27,43,5,21,51,34,38,54,32,10,61,9,36,8,39,31,60,14,59
50,33,7,42,13,5,53,43,35,9,31,16,3,29,32,51,56,44,59,30,52,24,37,22,62,21,12,38,8,19,57,54,17,46,58,11,34,61,23,41,63,47,45,10,1,2,4,20,60,39,26,28,14,36,15,0,18,27,6,49,25,40,48,55
55,48,4,32,40,34,56,20,63,19,60,47,57,3,37,59,25,27,14,53,38,58,39,50,22,51,11,31,45,54,36,41,18,46,24,62,33,12,42,6,49,23,26,7,30,2,44,10,21,28,35,9,17,29,52,61,1,0,5,15,16,8,13,43
55,21,14,34,23,31,5,17,24,32,28,50,6,1,42,58,45,62,16,51,52,13,61,39,53,57,35,60,49,4,38,44,33,2,54,18,11,46,26,37,47,15,41,43,20,48,40,22,25,9,19,3,8,10,56,12,63,29,59,27,0,30,36,7
43,61,19,15,57,27,49,46,2,38,42,55,53,31,30,25,37,26,54,6,24,50,56,10,39,12,28,60,63,52,4,11,29,20,7,0,17,8,35,33,14,3,59,22,21,34,1,51,32,5,44,40,36,62,45,16,18,47,9,58,23,48,13,41
14,41,59,43,38,56,29,34,30,12,26,61,52,33,18,45,2,35,6,23,55,1,22,51,7,20,5,37,0,53,47,62,63,8,57,46,13,48,21,58,40,24,31,49,44,10,32,17,25,16,39,50,42,4,36,28,9,27,15,11,54,19,3,60
33,60,47,36,61,22,46,10,35,24,43,45,34,4,12,37,11,19,27,2,52,54,29,57,18,39,42,31,3,51,26,63,38,40,23,1,62,28,58,50,53,41,13,32,49,44,8,55,5,14,6,20,15,30,21,48,59,17,9,56,25,7,16,0
39,51,32,0,2,1,8,63,13,30,62,53,52,4,55,9,56,31,16,29,23,58,17,6,22,11,44,18,34,42,48,37,25,26,45,38,15,36,5,41,57,33,20,19,7,47,10,61,59,54,12,14,40,35,50,21,49,28,27,24,43,46,3,60
56,4,11,17,62,57,39,16,63,37,15,58,19,30,49,43,55,22,32,47,36,6,3,12,5,27,42,0,14,10,61,59,29,48,53,33,45,31,41,60,2,35,38,18,24,13,9,54,23,46,52,34,1,8,7,26,51,21,25,20,50,40,44,28
31,5,61,2,51,33,48,7,41,25,21,27,56,17,39,44,9,45,23,50,47,16,22,58,18,11,35,30,12,1,57,6,37,14,59,15,32,4,28,53,8,19,36,20,60,34,26,55,54,13,3,24,49,63,10,46,52,38,29,43,62,40,0,42
9,23,10,17,62,12,43,21,61,33,0,46,35,19,41,31,58,40,60,26,20,44,6,52,49,32,59,15,5,27,18,14,3,53,7,57,50,38,42,16,24,2,11,25,51,45,1,39,47,8,54,13,4,56,30,34,22,36,37,48,29,28,63,55
9,32,2,41,50,23,28,6,12,39,48,15,18,8,31,58,4,36,14,51,49,37,27,42,63,53,44,29,57,7,19,0,33,56,40,13,24,45,54,5,61,25,60,38,26,11,20,34,62,35,52,16,1,59,10,21,47,17,46,55,22,43,3,30
33,16,42,63,39,10,2,34,13,58,54,24,17,12,29,48,37,55,15,19,62,32,8,31,25,36,28,47,1,50,7,18,5,27,49,53,40,45,23,38,26,3,0,60,30,14,57,9,56,43,61,4,59,6,22,20,52,51,41,11,21,46,35,44
4,60,57,28,26,50,32,23,3,11,17,0,59,51,9,35,2,54,12,20,33,29,21,1,44,52,63,22,5,25,18,61,7,40,56,42,31,41,10,38,30,37,27,19,48,34,8,6,43,47,16,62,58,13,15,14,46,49,39,24,45,53,36,55
35,26,57,38,37,10,63,25,28,23,48,31,24,19,7,39,30,29,15,56,6,13,0,45,2,60,9,62,20,46,44,54,55,61,3,12,40,58,27,47,36,17,41,11,42,34,59,50,22,14,52,33,21,49,32,18,53,5,1,4,16,8,51,43
55,60,61,44,59,52,24,40,31,46,8,20,56,58,14,25,13,30,53,43,50,28,41,32,4,62,57,42,21,49,17,38,22,16,54,35,2,0,19,11,33,7,23,27,18,15,3,10,29,5,12,34,1,37,39,36,45,6,9,48,63,51,26,47
13,45,60,32,21,11,18,55,33,4,48,29,47,38,23,17,57,7,54,10,0,44,30,46,43,51,14,3,2,16,52,56,59,22,24,34,62,49,31,25,53,39,58,63,40,8,19,6,20,37,41,42,28,27,15,1,9,36,12,5,50,26,35,61
23,47,42,61,24,37,62,28,26,11,17,9,56,53,3,57,36,41,25,46,27,16,49,15,21,19,31,34,12,63,50,58,32,33,30,6,43,40,14,38,5,22,39,51,7,48,13,4,18,35,52,0,59,29,8,45,44,10,54,1,20,2,55,60
61,18,40,25,4,48,63,55,23,20,31,51,62,12,57,59,14,39,58,35,32,44,6,29,54,47,2,38,13,28,21,37,52,46,27,3,34,42,19,8,16,26,1,53,41,49,7,30,33,0,56,50,22,60,10,45,36,43,15,5,11,24,17,9
45,39,14,26,29,11,46,19,58,43,1,7,61,16,15,55,57,4,6,53,27,22,18,41,10,17,5,21,38,47,51,23,44,52,59,40,50,9,24,49,30,42,63,13,37,20,32,3,33,12,0,36,48,28,60,34,2,35,25,8,62,56,31,54
26,42,37,53,60,17,58,2,16,12,62,29,15,43,4,61,27,47,5,23,38,39,13,49,55,1,36,54,50,48,59,52,56,40,51,32,8,14,46,63,3,20,45,57,19,9,35,33,41,24,34,31,44,18,10,21,28,11,6,30,25,0,7,22
4,52,0,19,23,55,9,8,28,41,31,29,40,13,44,12,24,36,49,54,11,26,56,61,17,20,10,1,25,7,47,43,42,48,53,5,46,32,34,51,30,37,2,59,57,15,62,18,58,50,60,14,16,33,27,21,3,22,45,35,39,6,63,38
9,12,36,4,56,28,44,46,41,62,53,14,5,38,43,18,25,58,16,11,34,13,3,30,60,19,33,51,54,48,47,17,32,24,26,52,29,35,8,59,57,42,39,45,21,1,10,2,63,40,49,61,6,37,7,31,55,15,20,27,22,50,23,0
53,37,54,34,41,11,59,3,42,5,30,56,23,28,62,55,9,1,45,18,57,36,22,35,4,26,12,38,51,25,49,0,60,6,50,48,29,32,43,13,14,40,39,31,7,19,2,10,8,44,21,61,58,15,17,33,16,63,52,46,27,24,20,47
52,36,1,11,30,41,32,14,33,54,31,20,58,23,37,22,53,42,47,46,0,35,44,17,59,62,5,57,9,27,21,39,15,19,61,29,55,40,56,49,51,12,8,45,43,7,13,24,63,28,18,48,10,25,2,6,38,3,4,16,34,50,60,26
16,7,44,29,57,47,63,25,43,10,53,13,46,56,11,27,37,36,2,23,17,0,54,30,3,12,26,42,19,22,15,59,39,51,52,9,34,5,58,60,61,32,31,35,14,18,21,8,55,6,50,1,20,45,38,49,4,24,41,33,48,40,62,28
14,15,28,0,43,13,61,7,22,52,1,34,8,50,45,27,51,42,62,49,60,38,30,25,32,37,53,48,16,21,35,46,33,57,23,4,40,24,29,10,39,44,54,31,59,18,58,11,36,56,12,55,47,19,20,2,9,5,41,63,6,3,17,26
8,44,45,24,62,63,7,15,35,19,30,18,16,1,22,37,60,52,59,28,11,13,43,50,5,17,23,47,31,6,46,54,20,36,58,34,48,55,2,32,61,53,56,57,14,39,27,40,10,21,41,4,12,33,9,29,25,38,0,51,49,42,26,3
41,0,29,42,25,43,16,49,45,54,59,53,50,37,18,55,61,22,63,9,39,57,51,13,8,35,26,24,47,15,62,56,30,60,17,38,44,27,2,33,46,23,19,36,21,11,48,32,7,28,34,14,4,6,31,3,40,58,5,12,52,20,1,10
11,9,1,56,2,23,21,14,36,61,40,28,52,47,13,3,35,53,45,51,32,49,44,48,24,7,4,55,37,57,63,39,18,42,54,33,46,41,58,25,30,43,20,12,38,59,22,60,31,62,50,5,19,27,6,0,29,16,8,34,10,26,17,15
60,16,29,52,23,21,61,30,19,25,26,1,35,56,10,40,55,28,20,57,12,34,38,42,3,48,15,37,59,11,49,62,47,53,17,7,33,51,13,41,45,6,39,54,22,0,31,27,2,44,24,43,50,63,32,46,14,18,36,4,9,5,58,8
13,32,40,19,50,7,33,3,62,31,29,21,34,47,48,53,37,54,45,27,28,22,26,35,46,5,14,61,12,8,41,51,43,1,44,0,18,4,11,49,15,56,52,63,60,17,57,58,42,59,39,20,10,6,38,25,9,55,30,23,24,2,16,36
20,48,38,12,37,4,54,26,45,58,44,39,22,41,51,27,19,34,21,46,29,24,63,43,15,18,8,1,23,7,28,2,35,11,47,3,31,60,61,55,13,33,14,30,57,49,59,56,50,36,0,32,5,16,42,53,52,9,25,40,6,10,62,17
52,3,34,4,38,61,29,37,22,35,12,54,39,45,58,40,44,18,5,23,21,30,51,46,57,59,28,60,15,8,49,14,41,1,25,33,43,42,32,56,0,9,27,62,20,13,55,36,53,2,50,63,47,26,19,6,31,17,11,10,24,7,48,16
36,17,20,60,49,7,18,58,32,13,35,43,21,27,54,62,50,19,8,23,46,57,56,42,14,2,30,28,22,11,41,38,34,48,53,5,24,25,37,63,44,10,51,40,12,55,6,39,1,15,45,16,9,0,26,4,3,61,29,33,31,52,47,59
43,19,39,26,29,8,50,4,59,56,13,58,28,35,45,16,15,54,21,1,12,5,2,22,60,30,55,0,17,61,37,9,41,47,34,31,32,33,53,6,36,24,57,18,25,14,3,27,46,48,42,40,10,11,7,23,49,20,44,63,62,52,38,51
5,46,53,44,0,39,21,8,52,26,49,30,54,47,50,3,51,14,58,11,16,7,23,10,34,17,19,24,13,29,15,40,25,22,61,59,2,32,27,63,37,9,28,57,43,56,45,35,31,60,62,1,18,55,41,12,20,38,4,6,33,48,36,42
62,29,38,47,50,17,2,28,16,56,37,58,61,59,40,4,55,18,30,22,11,27,32,26,53,9,45,39,48,57,19,20,0,23,13,44,42,12,49,31,24,1,25,10,8,3,15,7,14,35,33,51,34,60,21,6,46,5,52,43,54,63,36,41
41,54,17,56,21,11,38,28,12,7,32,19,60,16,6,29,24,63,5,14,53,43,30,8,42,62,55,59,37,26,46,13,1,44,31,3,22,4,40,52,10,48,33,58,27,39,61,0,20,35,57,34,36,23,47,2,50,51,25,15,45,9,18,49
52,15,4,13,19,11,53,24,54,23,40,32,62,41,1,63,0,25,58,36,56,31,46,3,34,16,37,30,59,51,9,48,39,20,45,10,27,12,38,26,49,61,22,43,57,14,28,50,6,8,47,44,17,18,7,42,5,29,21,35,55,2,60,33
16,39,43,41,7,15,55,60,52,37,20,9,47,45,36,19,33,4,58,28,24,1,17,21,32,0,50,54,5,38,56,11,63,25,34,35,42,26,3,29,2,53,51,62,14,59,23,40,48,22,31,49,10,12,18,27,30,8,44,46,6,57,61,13
53,6,12,39,25,15,24,4,21,42,36,30,5,1,35,41,18,58,0,29,38,48,56,45,62,63,11,14,7,19,55,60,28,9,17,22,52,33,49,23,8,26,50,27,16,31,13,59,20,47,10,32,43,40,37,46,34,57,3,61,54,51,44,2
63,47,10,34,6,4,16,29,35,42,33,8,1,60,53,62,18,2,5,40,7,26,61,15,37,24,28,13,49,31,52,36,12,51,54,23,0,39,3,19,17,59,20,9,55,25,14,27,45,11,46,43,58,57,41,30,44,22,32,38,48,50,21,56
21,26,56,25,12,54,63,43,14,29,42,37,44,46,52,47,2,18,4,27,38,31,36,59,30,10,23,48,15,9,8,61,41,45,7,33,5,39,62,28,50,19,17,40,13,6,34,22,24,1,35,57,20,0,32,16,53,58,55,51,60,3,11,49
8,6,63,37,1,9,22,4,18,36,54,41,12,13,42,38,30,53,39,32,51,3,43,26,40,28,27,33,47,20,50,23,21,14,49,10,57,25,46,52,62,11,56,17,16,24,59,61,44,48,45,31,0,60,55,19,34,35,58,15,2,29,5,7
21,20,11,26,7,15,57,8,56,60,29,14,37,30,33,53,58,43,61,23,3,55,18,36,39,32,4,0,10,13,46,5,44,9,50,63,51,28,59,27,42,2,52,40,48,45,49,6,1,62,19,25,38,54,35,17,16,47,31,24,41,22,34,12
28,42,10,41,47,54,33,24,1,9,4,0,36,60,18,40,7,32,38,39,29,37,19,5,14,49,61,52,6,51,57,12,58,27,11,30,55,48,23,34,63,45,13,53,17,15,46,35,25,50,2,43,26,20,21,62,59,3,22,16,8,56,31,44
24,48,57,16,9,40,8,23,45,60,26,4,37,6,30,58,27,55,28,36,61,11,34,2,63,20,25,49,14,47,56,19,39,42,3,1,5,38,46,52,13,29,33,43,18,7,31,10,22,15,50,59,0,12,17,54,44,35,53,21,51,32,62,41
3,5,57,24,38,17,40,28,60,4,46,19,41,36,33,61,54,16,21,47,58,51,42,62,53,29,23,22,11,12,8,26,1,59,25,52,48,18,49,31,10,6,9,55,7,27,0,15,56,37,50,13,14,35,32,30,43,20,63,2,44,39,45,34
39,4,20,22,46,52,33,24,11,61,3,44,13,26,2,56,30,23,19,59,34,58,43,62,28,27,51,55,6,57,53,8,5,40,45,7,17,15,38,9,14,48,42,54,16,63,36,21,0,50,35,12,49,31,10,29,47,25,41,32,37,18,1,60
39,36,2,30,47,43,42,31,21,19,17,23,41,62,35,25,18,52,48,0,53,50,38,51,59,14,54,49,55,1,16,28,10,61,7,46,45,5,29,4,24,12,60,15,26,27,37,56,58,6,22,8,57,11,3,34,9,32,40,44,33,20,63,13
45,40,46,29,23,38,57,49,24,28,19,53,10,6,55,13,37,54,43,36,61,16,31,62,17,42,48,14,2,50,63,0,20,52,7,3,22,34,27,35,33,9,26,5,59,32,15,51,11,4,47,30,44,41,21,12,25,56,18,58,60,39,8,1
41,12,11,29,30,21,32,36,3,63,10,27,38,9,17,60,37,22,19,51,14,46,0,48,6,43,50,31,20,49,16,56,24,45,52,42,33,5,8,2,18,4,57,47,39,35,44,34,55,23,59,26,25,54,13,28,53,40,1,15,62,61,7,58
59,2,1,27,26,31,63,17,20,45,34,5,13,38,24,58,61,16,12,4,3,21,35,28,41,15,36,14,29,30,43,10,39,44,9,6,19,22,0,52,32,49,18,55,11,46,62,57,23,54,25,60,51,7,50,8,56,37,47,33,53,42,40,48
38,25,2,50,23,22,15,62,8,5,3,11,47,59,19,42,20,39,57,51,46,36,13,26,0,58,14,18,29,34,6,27,35,4,7,9,49,30,60,1,53,40,63,45,56,43,28,33,37,44,61,41,16,52,31,32,54,21,12,10,48,24,55,17
57,20,25,45,0,26,28,51,42,4,24,61,54,16,46,32,12,49,6,35,43,17,19,8,47,62,50,27,22,38,15,21,23,33,63,7,34,40,48,30,9,36,37,44,10,13,60,14,11,59,2,39,58,53,55,41,1,52,29,5,18,56,3,31
56,16,62,51,28,35,49,14,13,27,17,31,53,7,54,47,59,26,43,3,50,32,58,61,9,0,10,15,60,36,57,1,39,37,23,20,19,22,42,46,25,34,21,12,44,63,38,33,18,52,24,30,55,41,6,5,4,2,48,8,29,11,45,40
16,48,49,15,5,30,11,59,17,52,62,63,3,44,26,45,55,40,29,50,13,46,33,18,34,25,7,38,2,21,20,60,1,24,39,28,61,31,0,4,32,6,19,42,23,37,47,56,51,54,57,8,14,41,12,53,35,9,43,22,10,58,27,36
56,19,6,1,15,5,57,62,35,60,61,40,41,4,46,17,49,14,12,26,25,27,32,50,29,34,16,31,21,37,51,20,28,58,13,2,45,36,18,39,7,54,0,33,63,24,30,38,47,43,9,55,52,23,3,42,44,10,48,11,53,8,22,59
49,61,8,9,46,15,33,13,54,16,25,21,31,6,27,10,42,30,5,2,40,60,37,7,36,24,63,59,35,28,18,0,23,43,45,22,50,41,53,1,20,58,26,38,4,14,19,44,32,12,47,3,17,62,55,11,51,39,48,52,29,56,34,57
11,33,2,49,60,43,29,23,51,24,54,37,44,36,42,14,53,40,7,15,6,45,55,57,22,38,5,63,41,1,18,16,59,39,8,31,20,47,21,12,9,4,56,48,58,34,61,62,19,10,13,28,52,0,30,17,35,3,26,32,25,46,27,50
13,7,11,9,58,32,37,49,54,55,25,4,52,39,18,22,1,27,46,59,41,14,45,42,43,19,10,20,38,60,8,44,0,47,23,17,57,3,53,16,33,34,29,26,63,31,61,5,24,48,2,30,15,36,21,51,28,56,6,35,50,40,12,62
48,1,37,28,31,0,63,2,38,21,55,15,60,35,36,43,50,10,40,6,49,62,45,41,44,3,42,14,11,23,24,34,5,33,57,53,51,58,18,20,22,26,47,27,52,54,12,16,32,39,13,19,56,17,25,59,29,7,4,30,9,61,46,8
3,22,28,43,14,5,8,48,21,56,47,4,16,18,50,6,62,60,17,41,13,33,57,59,26,44,24,25,7,34,36,1,30,51,12,27,35,52,32,15,20,23,37,31,45,46,29,9,2,0,42,40,63,19,38,58,49,11,10,39,55,53,61,54
23,21,50,26,1,10,38,51,46,22,17,16,45,44,31,41,6,37,54,56,40,29,43,7,57,36,34,25,48,13,28,33,2,12,62,58,27,4,24,55,39,59,61,42,9,35,14,20,63,47,8,52,30,5,11,15,3,32,53,18,49,19,0,60
5,27,56,6,63,12,53,11,31,29,30,41,50,28,52,23,22,2,48,10,54,40,19,55,38,32,51,36,57,46,8,20,9,43,4,17,35,42,62,13,16,59,1,33,3,37,39,58,45,14,34,49,26,24,25,47,7,0,21,18,44,61,15,60
1,39,32,52,29,42,27,28,9,56,63,40,25,47,30,11,22,43,15,18,57,14,54,45,13,24,6,49,59,48,38,53,41,61,50,55,5,35,37,12,26,34,46,17,51,3,36,0,21,8,23,44,20,16,4,19,10,31,58,60,33,7,2,62
7,31,5,37,25,49,55,33,9,22,27,23,62,17,16,63,14,6,53,19,40,41,12,45,48,61,15,39,30,13,18,20,57,28,56,11,43,50,8,21,44,35,1,3,36,46,38,32,59,54,24,2,60,58,52,42,29,51,0,26,47,10,4,34
5,29,13,46,24,4,22,53,41,18,2,16,0,20,48,52,61,28,58,10,30,50,25,36,7,51,55,6,60,14,19,35,63,47,27,40,37,33,44,38,57,56,42,1,39,45,21,3,23,9,54,62,32,49,26,17,43,11,15,12,31,59,8,34
2,63,12,11,19,9,18,39,52,24,6,49,14,38,29,56,34,57,62,3,45,30,15,10,40,33,32,26,1,47,17,60,42,16,44,43,54,35,31,41,13,46,27,8,21,51,25,55,59,23,20,37,53,7,28,5,4,36,22,61,58,48,50,0
60,12,41,26,23,1,21,44,27,19,34,13,52,59,53,39,18,14,11,2,3,57,20,28,43,4,9,61,63,0,40,8,6,48,58,32,42,46,33,37,49,35,54,29,62,16,15,50,7,51,55,30,47,5,56,24,22,45,17,25,38,31,36,10
53,22,8,46,27,36,11,3,28,17,37,10,61,41,16,42,31,43,40,63,24,32,4,54,5,47,19,6,58,51,57,14,48,62,25,30,59,7,23,13,15,34,52,49,21,9,2,44,33,55,0,50,39,29,12,26,20,45,56,60,18,38,35,1
38,4,21,29,45,56,51,52,9,43,40,28,35,12,2,17,20,14,61,39,23,57,63,59,11,31,37,22,15,36,16,44,26,8,24,34,32,6,53,18,58,42,60,41,19,54,25,27,33,10,55,3,30,50,5,1,47,13,46,62,0,49,48,7
55,63,19,1,2,14,24,35,11,0,59,47,38,51,28,44,52,26,53,54,58,39,33,23,4,31,60,57,22,25,12,20,46,6,32,37,48,56,15,61,27,5,18,49,41,36,42,10,30,13,45,43,7,8,40,50,9,3,17,21,16,29,62,34
13,16,53,48,51,9,18,42,34,32,5,21,4,3,44,22,28,49,37,29,46,19,12,43,54,0,27,11,47,60,36,41,56,14,33,52,20,6,1,55,35,59,50,10,39,62,2,40,57,25,17,63,24,8,31,30,61,58,45,7,15,38,23,26
33,2,4,40,34,30,56,19,36,22,44,9,6,14,25,11,26,50,45,55,13,35,5,60,61,58,23,20,38,3,8,29,49,52,41,39,1,7,27,32,59,21,48,24,63,15,12,10,42,28,18,46,43,0,54,37,47,57,62,31,53,51,17,16
28,54,43,8,48,58,60,35,17,46,40,34,7,9,45,27,18,61,63,11,20,55,52,15,1,49,26,29,32,37,23,13,39,41,21,50,33,38,0,25,14,4,36,10,57,30,44,16,22,47,56,51,3,2,24,5,53,12,42,6,59,19,31,62
25,8,62,58,42,28,41,6,0,23,20,13,54,18,33,12,48,29,11,26,24,27,50,14,16,45,53,43,51,15,7,3,32,59,19,47,40,22,30,63,44,39,10,61,36,52,49,38,35,9,57,56,37,1,4,46,2,60,55,34,5,21,17,31
9,45,41,17,43,46,11,54,49,5,25,52,18,29,12,47,55,7,16,6,27,35,0,48,53,20,22,34,21,13,62,57,23,37,30,14,39,36,2,26,4,61,60,59,31,42,1,56,10,32,15,8,24,51,50,19,40,38,28,33,63,44,3,58
21,32,12,17,10,35,44,62,49,58,14,20,24,4,2,36,13,42,16,48,26,53,22,54,15,51,34,29,40,19,6,30,47,63,39,46,52,0,60,11,45,31,28,57,61,27,59,8,33,3,38,9,56,41,1,55,5,18,37,7,43,50,23,25
10,42,27,8,41,53,5,49,43,48,18,20,32,16,22,23,62,12,1,17,26,3,19,37,40,35,60,45,15,11,4,61,14,44,54,56,13,34,58,51,6,2,39,9,21,47,0,29,7,31,59,25,30,28,24,38,55,33,50,36,52,57,46,63
56,59,40,29,48,51,22,2,14,4,41,23,7,53,12,37,19,9,8,34,49,62,24,16,57,58,3,52,42,55,0,47,20,21,13,10,15,5,43,50,63,36,25,11,26,35,54,44,38,32,46,18,6,31,30,45,33,1,17,60,39,28,61,27
34,42,18,19,29,56,35,63,24,12,52,59,1,14,58,9,27,39,5,49,36,61,57,26,44,13,60,43,4,21,0,20,50,41,37,11,33,7,16,6,17,23,15,38,47,53,46,55,8,31,62,51,40,48,10,2,30,25,32,3,22,28,45,54
49,55,35,37,9,59,12,41,29,47,54,18,23,15,48,28,20,24,0,62,21,13,51,11,22,45,52,30,16,25,39,50,42,32,43,46,53,63,40,36,31,60,33,4,57,14,61,8,17,26,1,34,56,44,7,5,27,19,2,3,6,58,10,38
63,49,18,1,41,40,28,2,16,61,39,32,60,29,37,0,15,12,48,8,13,24,59,3,35,7,4,6,17,34,19,5,27,30,62,55,53,20,22,21,25,36,52,33,46,38,11,56,23,43,47,14,50,10,42,54,26,51,45,57,9,44,31,58
34,21,2,12,60,51,47,56,42,32,31,13,23,38,16,10,19,8,1,43,30,17,57,6,22,33,9,36,58,20,46,53,61,55,41,62,14,50,48,15,63,44,59,35,54,39,26,4,49,7,18,29,25,40,52,11,24,3,27,45,0,28,37,5
24,7,1,28,15,60,39,43,56,2,41,23,42,29,50,47,31,13,45,63,34,25,61,53,0,59,55,44,4,49,21,14,35,22,8,10,57,11,38,26,6,9,17,3,12,46,37,27,5,40,16,32,51,30,20,54,62,52,33,36,19,18,58,48
19,33,18,25,14,51,28,41,50,2,59,12,26,63,42,31,30,53,34,27,40,7,29,49,4,23,52,36,46,22,35,61,21,45,57,43,60,38,0,10,16,48,5,32,62,9,24,58,47,17,8,44,20,54,37,3,39,15,13,6,56,55,1,11
20,23,42,60,44,35,29,28,8,11,61,17,39,0,4,12,1,16,50,19,25,59,34,40,14,52,46,13,56,5,27,62,18,3,2,21,48,26,32,51,37,30,58,6,47,7,63,57,43,15,55,54,9,36,53,45,49,31,41,38,22,33,24,10
43,42,62,55,16,14,33,11,0,25,15,13,47,52,2,49,39,1,10,56,24,40,32,48,26,9,53,22,23,54,19,8,18,5,20,59,51,7,45,41,61,44,46,35,38,57,36,37,60,63,58,4,34,12,27,3,17,30,28,6,50,31,29,21
48,55,54,43,37,41,4,57,46,38,21,44,62,1,59,34,49,35,2,52,7,61,58,11,26,13,33,39,29,30,36,56,8,17,22,14,18,63,28,9,31,51,24,60,45,47,32,5,12,27,10,42,3,25,23,40,20,6,19,53,0,15,16,50
8,42,14,3,27,62,13,44,23,47,29,7,59,31,25,17,0,19,53,41,2,52,51,40,35,4,5,12,63,24,33,26,56,43,39,32,50,30,22,49,45,6,16,61,1,10,46,28,21,18,38,58,36,15,37,54,34,9,11,55,48,60,20,57
14,19,38,20,26,46,41,30,45,48,59,60,2,36,53,12,55,17,58,1,37,8,28,39,43,61,6,29,42,4,10,62,23,27,49,34,0,50,5,44,31,11,25,24,51,52,15,57,56,3,13,54,32,33,22,21,16,9,35,40,63,47,7,18
13,45,58,5,57,30,62,8,39,52,26,4,17,18,54,19,56,25,11,20,31,6,46,60,1,36,34,48,12,15,55,9,50,38,24,3,43,28,22,32,29,16,61,47,63,42,49,10,21,59,14,44,53,41,0,35,27,2,33,37,40,51,23,7
36,52,32,23,45,61,53,0,37,57,62,27,60,12,18,39,9,56,44,13,15,41,19,31,28,14,48,22,35,40,4,54,46,29,47,11,10,33,25,17,34,43,63,55,3,8,50,20,1,59,26,30,5,7,24,38,42,2,58,6,16,51,21,49
37,31,28,29,7,4,61,8,10,51,2,48,40,22,13,59,20,24,35,30,38,55,46,53,60,16,33,36,1,0,45,52,56,18,41,47,58,34,5,21,63,43,25,42,57,14,17,62,32,12,39,27,19,9,15,54,11,26,50,44,49,6,3,23
38,34,5,20,36,3,49,19,58,4,21,61,48,14,63,25,42,56,8,6,18,30,60,57,54,45,22,23,15,55,35,46,17,16,27,47,10,28,51,0,39,32,29,37,53,50,24,41,43,1,40,59,33,62,13,26,11,52,7,12,9,31,2,44
56,29,55,43,36,60,37,4,13,45,50,1,9,46,17,18,38,8,14,63,41,11,21,23,32,48,25,53,49,22,2,28,26,44,61,6,42,30,33,47,54,51,15,0,5,31,27,24,20,59,34,7,12,39,3,10,35,16,40,58,57,52,19,62
63,44,24,12,21,39,11,9,45,15,7,42,33,8,51,60,22,37,59,56,14,38,2,18,32,50,4,53,27,5,25,54,23,36,16,62,40,58,30,0,34,29,19,55,61,43,52,46,1,3,6,48,17,57,20,31,41,13,26,35,49,47,28,10
59,19,16,45,7,62,22,6,15,11,26,10,4,53,58,1,42,32,17,38,48,51,43,0,37,44,8,40,21,49,9,18,57,25,28,63,46,5,23,33,39,27,34,47,3,54,55,14,30,20,13,29,31,50,2,61,60,56,41,35,12,52,24,36
18,8,58,15,11,44,56,6,60,4,19,43,49,62,36,25,35,52,13,10,31,41,47,42,38,3,32,51,46,55,53,45,54,29,50,5,63,23,48,1,12,21,40,7,0,2,26,34,61,9,59,33,17,20,24,30,39,16,37,27,14,28,57,22
10,9,41,37,6,28,53,32,14,52,15,24,23,51,63,43,2,45,21,26,27,34,35,57,33,25,0,58,4,19,3,59,20,61,55,62,36,12,48,22,56,46,50,49,30,47,18,8,11,40,7,39,60,5,17,29,42,31,1,54,44,16,13,38
29,50,61,59,53,46,8,12,42,4,7,21,10,13,35,55,1,28,32,16,62,0,6,63,30,2,15,9,25,5,39,26,17,37,51,49,34,54,23,60,33,18,14,3,19,57,36,38,52,48,20,22,40,11,44,24,58,56,45,43,41,47,31,27
10,50,22,58,30,0,54,46,34,63,48,3,23,39,36,12,42,59,62,9,31,40,38,45,17,20,55,56,29,4,6,28,53,16,18,51,41,25,61,33,8,5,47,57,21,27,52,32,24,49,13,35,2,14,26,15,60,44,37,19,1,7,11,43
3,24,23,13,5,29,19,25,61,58,2,26,50,56,54,22,32,36,34,14,62,30,47,42,37,15,17,16,20,27,28,48,1,49,12,10,57,59,9,60,21,46,40,51,53,8,45,52,43,63,41,7,4,18,35,39,11,44,6,55,0,38,33,31
22,23,44,8,58,4,24,10,16,7,48,53,38,19,30,47,28,51,59,46,3,61,29,50,13,37,41,31,36,40,15,43,9,45,54,32,35,1,62,5,27,26,2,21,11,39,42,33,52,60,0,6,55,34,25,17,18,12,14,49,20,57,56,63
42,7,17,22,53,39,34,30,55,26,5,8,21,44,54,37,9,51,61,57,23,56,12,3,33,50,49,58,29,15,48,6,60,52,19,40,0,46,47,59,18,25,32,16,27,13,45,24,10,28,11,35,43,14,41,62,31,1,2,20,38,63,36,4
24,52,49,59,25,36,43,28,8,60,1,18,7,45,34,3,27,12,11,63,61,44,47,39,55,32,38,5,14,4,51,62,22,50,42,57,46,9,23,29,2,56,20,15,37,40,6,26,54,33,19,16,30,17,41,13,58,35,48,21,10,53,0,31
29,10,23,47,55,6,13,18,25,26,4,28,1,16,48,61,51,5,59,7,63,39,8,36,30,52,19,34,0,9,44,17,33,46,2,14,58,31,62,40,49,27,32,45,22,54,37,50,53,12,24,20,56,35,41,21,43,57,11,60,42,3,15,38
6,14,54,57,25,58,34,5,55,11,28,8,2,29,7,44,41,0,59,48,63,60,39,16,24,19,52,20,43,3,4,22,1,61,51,30,31,17,45,47,53,50,13,42,23,36,18,21,38,35,56,37,40,46,15,9,32,49,10,12,27,26,62,33
57,9,29,24,62,0,2,13,21,11,6,50,28,38,19,44,30,40,52,3,5,25,56,14,63,59,58,27,34,35,7,61,20,8,23,16,45,48,1,31,55,4,17,33,46,12,43,47,54,36,22,39,60,10,53,42,18,41,32,26,49,37,15,51
27,33,28,0,25,1,44,57,14,22,5,6,30,12,40,4,29,17,13,9,37,32,53,41,52,47,45,42,50,3,19,34,23,58,46,20,51,54,43,10,59,15,31,55,7,36,48,38,61,2,39,62,60,11,18,26,49,16,56,63,21,8,35,24
14,47,39,28,24,31,27,30,35,61,8,50,58,10,15,37,3,33,63,42,4,18,55,36,32,41,56,38,62,23,9,53,44,57,21,60,46,40,20,48,17,2,25,43,11,45,22,0,26,52,49,29,5,7,16,51,19,34,12,54,1,6,13,59
56,36,63,43,39,53,10,26,59,35,21,30,46,38,19,3,60,58,7,31,40,61,13,14,6,17,29,48,32,5,8,33,25,11,0,9,15,41,4,18,45,1,55,57,2,44,34,42,37,52,24,28,22,23,12,49,20,50,47,16,51,62,27,54
53,2,24,37,58,22,17,16,7,54,25,40,47,32,21,10,44,1,29,49,9,57,36,42,23,61,6,4,19,11,30,62,60,63,51,52,39,12,45,28,38,0,13,3,14,43,48,34,31,18,35,41,33,56,27,59,26,46,55,5,15,50,8,20
17,20,0,8,39,15,33,43,29,34,23,41,4,21,30,54,7,58,24,44,47,60,14,61,32,16,53,22,27,63,50,31,45,42,56,36,35,59,48,19,10,3,13,11,49,1,46,52,25,40,37,57,12,2,9,26,62,5,28,55,51,18,6,38
22,26,58,56,1,28,62,51,19,4,41,16,45,14,13,25,55,52,6,23,47,3,33,50,10,20,12,18,17,32,35,38,5,40,60,49,57,8,48,11,21,24,15,43,44,7,61,36,31,53,27,0,63,42,46,37,34,54,39,2,59,30,29,9
11,45,7,28,30,32,35,46,18,24,26,44,6,51,38,50,39,62,43,19,33,60,27,2,10,21,56,42,5,23,17,40,49,13,59,63,57,4,36,48,9,3,16,58,41,0,37,15,52,31,29,53,54,22,47,1,20,8,14,55,34,61,12,25
37,2,18,25,24,52,12,48,3,39,34,6,33,22,45,16,40,1,17,54,5,27,58,50,13,15,62,21,32,8,51,42,14,41,26,47,35,60,43,56,49,44,30,53,38,59,29,0,36,19,10,4,7,31,11,63,28,20,61,9,23,57,55,46
32,59,51,50,37,62,22,35,58,45,20,40,53,0,33,19,13,48,29,10,38,31,55,63,60,24,30,16,56,44,34,54,46,57,8,61,39,15,4,18,11,25,21,36,14,9,27,47,28,6,12,41,49,3,2,43,17,23,1,7,5,42,26,52
3,31,20,60,48,38,24,16,33,0,59,8,25,55,37,6,41,2,27,13,58,50,43,30,7,44,5,9,12,1,17,28,46,62,51,18,29,35,32,56,23,19,52,10,36,34,49,61,26,15,63,57,45,54,11,42,4,22,53,47,21,14,40,39
28,33,13,49,36,0,38,39,17,5,35,2,26,40,60,48,15,1,55,14,58,24,37,59,19,21,25,22,20,23,44,62,42,4,51,63,10,11,29,32,50,8,6,54,12,46,34,52,61,27,16,30,47,31,7,41,56,57,3,18,45,9,43,53
32,1,34,43,33,57,35,13,6,11,28,4,23,49,53,42,31,10,9,36,56,62,25,54,37,48,15,60,0,5,14,24,50,30,58,19,21,51,17,20,38,8,3,41,29,22,47,39,63,26,46,59,44,16,2,18,45,40,52,55,27,12,61,7
41,58,31,33,61,55,14,13,32,57,1,52,10,53,34,15,46,22,50,63,23,49,54,59,29,16,39,44,62,21,35,0,28,4,37,2,26,20,30,17,60,42,11,38,25,24,8,19,51,36,9,40,48,12,5,43,7,47,18,27,56,3,6,45
11,24,23,61,14,2,17,16,35,15,25,60,18,10,62,36,9,59,29,44,32,49,27,55,40,12,30,3,34,54,57,6,56,52,0,37,42,51,43,4,20,1,26,53,19,21,39,50,13,7,33,22,58,28,63,48,46,5,31,45,38,47,8,41
22,7,35,19,15,52,53,57,29,11,50,10,40,59,42,43,1,36,60,16,14,37,61,28,27,54,41,5,56,30,58,20,34,6,33,2,44,26,18,39,9,45,25,3,38,55,23,62,24,4,46,8,12,51,13,0,48,17,32,21,49,63,47,31
20,33,8,54,49,38,46,26,29,4,55,58,16,35,57,2,34,59,0,27,10,31,56,40,48,47,51,43,28,5,23,6,22,61,37,11,44,41,50,15,21,14,32,12,13,52,24,30,19,62,1,63,17,3,60,42,25,7,53,36,45,18,9,39
4,50,42,17,1,38,3,9,46,61,16,28,23,52,59,25,39,27,5,47,32,14,36,0,29,10,41,19,13,40,56,6,51,33,60,54,62,15,30,20,8,44,24,2,57,12,49,43,58,48,37,34,21,7,11,22,55,53,45,35,31,63,18,26
39,23,41,62,26,10,44,59,45,5,11,7,0,24,42,30,57,36,34,27,14,53,3,9,12,15,6,28,25,47,56,38,32,21,43,63,1,13,31,50,16,33,29,40,52,49,46,2,37,51,8,4,22,54,18,48,58,55,19,61,20,17,60,35
28,15,55,43,32,38,42,51,31,24,4,17,48,23,2,59,63,9,46,0,21,1,30,7,33,49,62,8,14,39,61,44,60,50,54,18,58,12,5,45,25,27,10,56,22,37,53,6,3,57,35,52,34,11,40,36,16,20,26,41,47,29,13,19
15,25,18,20,17,28,0,44,46,47,36,14,61,58,41,50,37,24,26,23,52,57,5,40,10,34,45,32,56,4,59,51,21,1,19,27,49,43,9,12,30,29,63,42,54,48,2,22,53,35,39,6,13,16,33,55,8,62,7,31,38,11,60,3
5,48,6,54,62,43,29,38,20,41,22,21,31,18,13,37,56,49,60,24,32,2,0,8,23,9,58,14,17,33,19,16,47,35,40,50,12,59,26,4,10,1,55,63,36,61,3,51,53,44,39,45,27,34,57,46,30,7,25,15,42,52,28,11
41,27,37,57,59,36,54,0,29,31,46,16,10,55,56,17,7,60,14,40,21,18,39,38,58,61,4,2,6,28,48,3,44,15,50,13,63,35,8,33,19,53,22,52,23,49,20,11,43,12,42,62,1,47,25,51,45,26,9,34,32,30,5,24
51,50,30,1,55,0,32,4,58,62,35,12,10,43,22,33,60,15,57,28,39,59,20,9,46,48,47,16,26,14,38,2,63,54,17,25,37,13,7,3,5,29,44,41,45,11,34,61,40,8,24,18,53,56,6,31,36,52,19,21,23,27,42,49
23,27,59,51,13,21,28,22,19,61,52,36,5,31,57,35,41,48,8,26,18,43,45,17,55,16,10,62,20,47,38,1,49,50,63,6,9,7,56,25,33,46,32,42,3,14,24,60,53,12,37,58,40,4,30,15,0,34,11,2,39,54,44,29
43,60,54,6,42,35,56,21,55,16,37,51,34,46,9,53,58,8,44,36,38,63,39,24,59,62,48,20,1,18,40,17,30,29,57,19,5,3,13,45,10,7,47,52,28,49,26,11,32,0,33,12,2,27,22,61,4,25,31,41,50,23,15,14
36,40,23,13,35,3,27,8,52,60,2,22,10,9,6,32,38,0,47,33,34,4,55,30,44,14,53,21,45,48,19,1,15,17,11,37,58,12,59,7,61,28,56,20,57,43,31,49,42,51,54,62,26,5,24,63,18,16,39,50,25,46,29,41
49,21,24,45,30,56,20,59,57,29,60,22,55,26,31,50,63,40,16,4,19,13,36,25,12,42,61,62,5,39,2,10,53,17,54,8,38,33,3,0,58,35,48,46,27,28,18,23,7,6,52,14,34,51,43,47,1,32,37,44,41,9,15,11
52,41,5,51,57,32,38,59,8,46,22,37,26,48,25,14,49,6,35,44,33,55,53,36,62,20,61,40,12,7,29,1,31,63,45,42,0,60,17,4,16,50,19,13,21,3,30,18,24,27,54,56,10,34,15,39,28,11,47,58,43,23,2,9
21,28,25,34,15,22,13,55,62,35,32,8,57,1,0,45,16,39,18,37,48,59,12,51,27,60,42,11,46,29,24,7,14,36,19,53,17,5,40,43,44,6,52,20,2,31,9,49,47,50,33,3,38,56,26,61,23,63,10,54,30,41,58,4
33,37,12,17,55,9,2,51,36,15,30,43,16,39,54,11,28,63,29,31,1,50,42,44,22,13,38,53,46,56,57,58,60,7,27,34,24,61,18,52,62,25,8,26,35,32,3,4,21,19,49,14,41,10,0,40,5,45,20,23,47,59,48,6
54,23,38,33,9,56,57,31,61,16,10,34,48,47,18,8,4,17,51,2,21,11,45,32,3,60,14,55,27,44,42,24,30,35,28,58,62,53,63,12,59,19,50,43,41,39,52,13,40,15,0,29,37,36,1,46,26,6,20,22,49,5,7,25
3,31,36,21,61,35,57,46,33,55,62,29,34,19,9,22,40,53,18,42,37,39,48,15,23,38,26,58,60,41,0,25,32,52,51,45,54,17,12,47,30,27,10,63,50,28,2,56,43,8,6,44,1,49,5,59,14,4,7,20,16,13,11,24
63,12,30,2,44,0,62,46,21,60,38,23,39,32,48,7,28,45,47,42,41,36,43,58,3,9,18,54,11,37,17,13,53,20,26,56,40,10,16,51,31,29,6,15,1,55,25,19,14,49,33,27,5,8,61,50,34,59,52,57,35,22,24,4
30,62,13,17,21,53,0,19,47,58,51,18,26,35,32,33,25,8,15,41,59,49,61,56,10,28,48,11,42,57,3,40,1,44,34,20,50,31,46,14,7,9,24,36,12,6,52,22,60,16,23,45,37,27,5,4,2,55,38,63,54,39,29,43
15,18,40,49,11,9,21,56,31,25,55,8,6,32,28,35,12,1,22,17,48,24,16,37,59,46,57,26,41,0,61,63,58,27,23,10,45,52,39,13,62,50,60,4,5,2,20,38,19,51,7,54,42,3,43,53,14,33,34,44,29,36,47,30
46,11,14,39,55,50,40,54,5,24,34,43,8,63,57,18,6,27,25,30,45,49,9,47,58,26,13,33,36,19,28,22,20,0,21,38,10,12,3,1,2,15,52,23,35,29,44,7,59,62,41,53,37,16,48,60,61,51,32,42,31,4,56,17
29,16,49,40,44,13,45,23,14,17,58,3,33,50,27,10,55,18,22,7,61,9,15,35,4,25,2,11,1,37,60,53,42,62,59,32,8,30,38,26,36,28,12,63,20,51,0,21,48,47,46,56,39,52,34,57,43,24,6,5,41,19,31,54
6,38,23,53,41,32,10,29,16,61,42,62,31,5,40,59,57,28,63,7,39,55,43,15,46,25,36,33,2,4,18,49,34,58,35,17,19,50,26,14,3,52,51,47,54,8,45,24,13,60,27,1,22,48,44,20,9,30,56,21,37,11,0,12
5,1,51,46,32,56,0,48,20,10,17,50,29,54,38,42,40,21,26,2,63,9,43,36,13,47,37,22,23,53,12,58,33,30,3,15,44,24,27,28,18,19,52,59,11,31,57,6,35,4,14,60,34,39,16,49,41,55,7,8,62,61,25,45
24,43,5,58,17,36,16,54,9,37,56,41,49,14,46,12,22,30,7,52,31,23,33,21,0,15,34,28,26,39,6,53,63,38,32,55,35,10,3,59,27,44,62,45,18,25,13,4,48,57,11,42,8,61,20,40,19,29,60,47,2,50,1,51
1,21,36,63,60,30,58,13,23,18,37,47,31,5,32,46,28,7,12,11,17,59,49,8,51,14,48,20,24,9,39,52,2,33,56,27,29,26,43,40,53,38,42,55,57,61,10,19,54,0,3,62,4,15,22,16,44,25,34,50,45,35,41,6
29,6,50,43,32,60,22,46,58,18,42,36,30,34,27,40,16,54,9,47,31,17,7,11,14,1,39,12,48,45,35,53,24,37,4,19,62,51,13,3,49,26,63,55,52,44,5,59,28,33,57,15,61,8,10,56,20,0,2,38,25,41,23,21
35,27,32,47,50,26,25,57,18,58,3,40,0,19,5,39,14,29,56,62,38,54,48,8,53,6,4,42,44,23,31,20,34,21,41,1,43,13,51,46,28,24,63,10,37,33,15,61,59,17,11,55,22,52,45,7,2,30,36,9,49,12,16,60
25,42,11,59,38,8,48,0,30,33,47,45,24,20,51,40,19,34,14,44,15,7,53,60,9,50,41,52,27,32,49,61,23,4,13,29,39,1,10,26,37,6,18,16,46,63,55,43,62,54,2,12,56,3,57,5,35,58,17,28,31,36,22,21
46,33,43,26,41,58,18,61,54,59,32,63,45,38,0,47,30,1,40,20,11,7,37,42,13,44,56,8,25,52,49,55,22,39,9,51,21,36,5,62,35,27,14,3,31,4,24,2,53,10,12,29,60,50,34,23,57,19,16,17,48,6,15,28
47,16,25,8,3,40,57,1,28,13,12,35,27,15,22,36,38,34,54,33,30,59,9,5,10,58,45,11,62,49,43,60,23,21,41,0,44,20,56,32,53,24,42,61,37,14,46,19,31,63,18,17,48,51,52,39,4,29,7,6,55,26,2,50
17,59,23,1,35,55,10,26,48,33,52,40,4,51,2,63,11,25,47,39,31,3,0,37,18,28,22,20,60,24,21,44,8,38,50,36,29,49,15,45,42,43,41,53,62,14,7,32,61,30,58,57,27,5,34,12,13,56,19,9,54,6,46,16
5,21,28,52,51,27,30,47,29,0,32,15,37,45,8,22,48,49,9,54,11,2,19,38,3,57,44,55,31,39,59,33,10,60,25,20,12,4,41,61,1,43,35,58,14,56,7,34,13,36,42,6,50,53,17,24,62,40,63,16,18,26,46,23
12,17,13,20,21,15,38,31,42,44,40,53,14,59,49,26,30,6,39,60,27,33,34,35,55,29,25,46,28,24,56,41,11,54,9,18,63,32,43,3,0,5,1,23,36,37,62,48,2,4,50,16,51,57,58,8,47,61,7,10,19,22,45,52
32,25,40,57,50,15,43,16,37,51,35,9,41,21,36,13,24,2,18,6,61,42,20,62,56,59,8,49,14,28,23,63,31,5,38,29,4,3,55,19,34,26,11,46,0,54,27,58,39,45,7,47,52,22,1,44,17,12,48,30,53,10,33,60
3,36,47,55,49,57,19,23,35,9,18,8,5,59,27,21,16,39,17,50,63,2,22,44,34,10,45,6,37,25,52,43,62,0,51,54,29,26,58,56,53,61,14,20,15,60,32,12,31,41,4,11,48,28,7,30,38,24,42,13,33,1,46,40
8,28,24,25,5,29,56,38,9,3,54,60,44,6,32,59,53,43,61,35,20,27,15,37,63,39,41,12,16,34,55,49,10,58,31,17,18,0,1,2,46,26,51,23,62,21,22,30,45,4,7,14,11,57,48,42,47,36,19,40,13,33,52,50
55,46,29,1,39,32,58,13,15,57,54,44,5,22,20,12,18,48,61,53,62,3,50,51,40,21,8,26,11,59,30,63,49,31,23,16,45,25,42,34,14,10,52,7,43,56,35,27,33,9,36,24,37,28,17,0,41,6,38,2,47,19,60,4
5,50,14,32,17,23,47,48,30,10,24,4,12,22,11,56,58,26,57,18,52,16,34,59,62,27,0,43,38,3,2,44,1,29,49,61,41,40,36,15,63,60,53,55,13,31,7,33,28,51,35,9,25,42,19,6,54,46,39,21,8,37,20,45
17,33,57,20,2,22,11,36,49,50,16,21,59,60,56,63,51,26,58,53,4,34,46,7,44,61,9,38,62,19,0,52,40,6,12,24,39,25,37,54,27,1,45,28,10,8,18,47,29,15,35,42,55,41,30,5,31,13,32,3,43,23,14,48
6,39,22,35,12,44,54,17,55,30,48,26,62,46,11,24,28,20,4,61,50,33,51,34,23,13,21,56,37,31,52,14,43,16,29,3,58,53,36,7,63,27,57,59,1,18,0,5,49,10,47,41,19,40,45,15,2,60,25,32,42,8,38,9
31,27,57,33,28,39,3,55,47,18,54,61,32,36,43,45,41,60,30,19,14,40,16,42,37,38,10,51,13,53,58,35,4,50,12,26,6,46,8,62,52,34,2,5,25,48,44,7,49,59,29,24,9,11,22,20,21,63,23,0,56,15,1,17
9,22,10,41,53,16,58,56,52,62,44,39,51,15,47,1,61,34,3,35,40,48,24,14,17,5,4,19,42,63,29,38,27,49,32,57,37,36,50,6,25,23,33,8,12,60,28,46,21,11,2,18,0,43,30,54,31,20,13,59,45,26,55,7
40,22,38,17,46,12,58,42,34,43,57,39,20,36,5,62,37,41,15,25,7,63,55,54,1,59,35,49,8,53,2,33,51,56,47,23,31,19,44,21,26,11,52,0,50,4,9,48,45,14,61,28,10,24,6,30,60,18,29,3,27,32,13,16
56,54,17,9,0,49,34,5,31,2,20,37,13,33,38,50,24,10,14,44,12,11,26,63,60,45,41,19,28,27,58,59,36,22,55,35,30,23,48,61,8,43,18,40,15,42,32,25,51,39,4,46,62,6,3,1,47,29,52,16,53,57,7,21
0,21,33,9,47,14,54,7,45,13,38,32,61,49,16,57,63,26,59,5,2,4,62,25,8,52,29,34,17,36,1,39,12,27,41,42,43,20,19,30,55,44,40,35,18,31,58,15,3,23,37,46,22,10,53,6,56,48,60,28,50,51,24,11
62,22,46,36,29,17,58,48,51,26,0,4,44,30,38,54,34,9,14,6,49,35,5,25,42,2,37,41,21,19,18,55,40,39,50,45,16,1,24,10,59,43,56,8,15,13,60,28,33,31,61,27,32,3,7,11,20,23,53,63,47,52,12,57
29,46,27,59,63,15,2,16,6,28,54,3,50,23,41,25,5,4,17,12,10,42,9,43,34,51,53,14,60,26,44,55,30,21,37,20,58,0,19,39,49,7,32,56,22,24,33,1,35,8,40,61,18,47,62,52,36,48,11,57,38,45,13,31
42,21,33,54,24,61,20,45,13,26,59,49,7,9,2,63,25,17,16,60,44,58,36,6,50,22,57,46,3,10,32,5,30,48,41,12,39,56,53,43,47,19,15,27,11,23,18,51,37,14,0,29,38,52,8,55,34,28,4,31,35,1,40,62
44,7,13,36,31,39,40,27,23,34,37,22,45,2,48,56,11,3,18,17,25,12,24,57,16,5,4,43,6,0,63,42,53,28,59,51,58,26,47,52,33,41,19,29,8,20,61,32,14,54,50,38,9,49,10,46,1,55,62,35,30,15,21,60
29,45,15,3,55,59,2,6,16,9,38,53,51,39,34,11,35,50,44,32,42,37,36,0,7,46,33,24,23,63,10,47,27,52,14,40,43,12,1,54,56,30,41,48,21,57,61,5,58,49,20,18,4,19,31,62,22,8,60,28,26,25,17,13
12,37,51,56,49,4,62,41,29,54,23,22,13,33,8,35,17,42,63,25,57,21,3,14,11,28,60,53,61,9,45,32,20,1,40,26,24,46,0,43,19,52,5,16,6,39,10,36,27,7,47,50,44,31,15,58,38,34,55,18,48,30,2,59
6,62,55,18,39,63,37,54,20,12,15,13,47,5,53,51,28,0,45,58,26,38,25,44,22,9,50,1,57,40,23,42,52,48,30,46,49,32,7,19,11,24,31,34,61,36,14,10,41,3,35,16,56,4,17,27,21,8,43,59,60,2,33,29
31,3,22,57,39,14,56,43,13,32,59,36,35,63,50,25,38,9,45,61,21,40,7,48,54,28,29,17,19,8,10,30,41,51,15,11,27,42,0,47,20,52,62,26,16,58,53,4,5,6,33,1,46,24,49,44,60,37,34,55,12,18,23,2
57,34,7,14,43,39,24,45,10,41,38,25,1,22,35,4,8,42,63,46,44,58,36,51,19,56,29,3,23,0,47,12,55,16,11,61,6,50,48,28,33,52,54,5,31,59,20,40,18,9,21,13,15,32,49,30,60,26,17,53,2,37,27,62
48,33,56,2,20,3,17,15,32,14,34,61,16,0,9,50,60,22,29,62,1,54,19,39,59,8,43,42,30,38,24,53,4,7,26,10,6,47,13,58,52,49,35,27,55,12,31,63,23,40,46,41,37,28,51,18,57,11,5,25,44,36,21,45
23,2,57,25,6,49,39,22,12,5,17,31,55,28,42,48,62,63,60,9,18,50,35,33,51,26,52,37,44,45,8,58,43,19,40,13,34,11,20,47,59,1,10,4,7,21,54,14,29,15,24,38,53,46,36,41,27,3,61,30,32,16,56,0
10,29,22,40,45,42,12,21,23,38,6,47,60,58,17,54,7,32,28,8,15,11,1,30,25,62,41,24,53,4,51,2,59,36,61,44,19,3,18,56,14,50,33,0,63,43,31,26,9,46,34,27,5,49,57,52,37,39,20,35,55,48,13,16
19,36,26,38,31,34,50,12,43,22,6,62,55,14,56,2,13,5,11,7,8,21,1,51,20,41,49,24,48,61,33,0,9,40,27,16,25,42,58,47,37,35,45,3,32,29,15,53,52,10,60,28,17,18,59,57,30,54,46,4,23,63,44,39
46,27,0,10,12,37,51,41,26,19,5,59,14,18,31,6,36,20,34,39,50,11,38,24,7,55,9,49,3,44,25,21,63,23,29,43,47,45,48,62,40,54,60,17,52,35,56,22,16,13,58,30,53,1,2,15,8,28,61,32,57,33,42,4
46,27,23,56,37,10,63,41,59,54,57,38,9,14,19,42,8,26,43,3,48,35,53,29,39,21,12,6,4,0,47,55,13,44,17,50,7,28,25,33,51,62,2,1,45,15,32,58,16,22,31,34,11,24,49,5,30,52,36,40,20,61,60,18
52,17,28,10,47,14,50,29,59,20,61,55,38,36,37,57,21,6,16,4,22,12,42,24,49,23,2,31,39,19,34,54,25,8,62,58,9,30,44,60,15,51,11,3,63,13,48,1,45,27,46,41,35,53,7,32,0,33,43,18,26,5,40,56
27,55,14,40,31,63,1,32,48,37,19,21,33,17,58,42,62,56,13,20,41,2,54,43,36,47,15,44,25,9,38,30,29,22,34,0,5,57,39,23,6,8,24,12,50,53,16,18,35,52,10,46,7,49,61,4,45,59,26,28,3,51,60,11
26,17,13,8,38,27,39,9,37,59,20,7,18,15,60,61,16,58,21,3,10,43,51,34,55,12,40,54,4,22,6,2,14,42,62,49,0,57,19,31,24,28,44,52,53,32,56,41,1,25,50,47,63,33,35,5,46,29,48,11,30,36,45,23
47,7,17,3,15,34,40,14,21,12,33,26,19,62,50,6,23,57,20,52,30,60,38,1,49,9,37,44,28,36,56,41,48,45,39,0,35,61,43,51,2,5,27,24,8,11,32,59,54,18,22,10,25,58,42,55,4,16,53,46,13,29,31,63
33,56,16,23,48,12,57,25,58,62,63,8,45,39,0,35,51,54,61,27,42,22,59,53,3,26,49,41,31,21,5,55,13,29,60,1,34,46,38,14,11,40,10,15,32,44,37,52,19,7,9,4,28,47,18,20,50,2,43,36,6,30,24,17
56,41,29,36,0,32,22,27,15,1,44,5,20,16,53,6,60,14,18,2,59,40,26,39,4,51,62,12,9,38,25,33,28,45,58,48,61,34,10,24,63,7,3,23,30,8,43,54,55,19,49,52,35,31,57,13,47,17,21,46,11,50,42,37
59,15,39,6,13,36,8,12,31,49,52,48,18,41,23,34,44,60,32,16,26,51,21,24,57,63,29,45,20,37,58,19,4,0,62,1,35,27,9,50,56,28,43,7,25,30,53,14,5,11,54,17,3,22,61,55,40,42,38,10,2,46,47,33
47,26,27,41,16,54,49,31,43,19,37,32,17,45,18,29,22,7,5,0,48,38,40,30,14,34,59,36,44,10,4,62,42,39,63,52,33,6,46,60,55,20,11,1,53,57,51,21,23,9,58,61,13,24,25,2,28,8,50,56,35,15,12,3
40,7,36,32,56,2,46,41,22,15,4,47,52,20,14,43,16,48,18,19,30,31,28,60,24,23,57,51,6,53,9,27,0,26,50,3,11,13,25,39,61,1,12,29,10,54,17,62,35,21,49,34,45,33,8,37,58,5,63,42,59,55,44,38
53,8,34,33,20,2,32,42,55,51,23,21,40,7,12,61,45,19,48,35,49,29,18,9,38,30,22,44,28,43,26,47,27,52,3,14,37,41,57,36,50,58,4,39,1,17,60,0,16,6,63,54,31,13,24,15,11,46,56,25,59,10,5,62
19,33,6,43,62,7,36,1,4,25,11,17,55,50,44,47,35,3,24,42,8,40,49,9,31,54,48,26,37,38,2,45,10,58,14,53,51,18,57,30,46,12,56,32,20,23,27,60,22,59,16,63,39,61,0,5,13,29,34,21,52,41,28,15
6,4,15,61,9,47,59,46,7,8,34,37,13,25,27,44,29,35,49,19,28,0,18,57,12,56,55,23,22,50,5,16,21,38,32,53,42,41,52,58,40,60,33,20,54,63,36,39,11,26,14,24,48,17,2,62,43,31,3,1,10,30,45,51
32,8,33,41,59,14,16,18,24,23,11,38,63,62,48,20,17,45,58,34,7,54,9,35,42,43,56,30,19,51,53,47,5,15,40,60,52,0,55,10,29,27,25,1,12,13,50,3,22,57,46,28,21,2,37,39,36,6,61,49,44,4,31,26
39,6,1,11,13,51,9,45,18,29,16,53,44,27,30,46,12,0,35,56,57,33,62,8,19,21,10,34,7,4,26,24,48,22,43,37,52,3,54,63,55,58,42,32,41,2,20,47,61,15,49,14,50,40,31,23,36,25,60,38,59,5,17,28
33,39,53,56,54,2,13,7,48,29,55,21,35,47,42,19,46,51,62,43,27,37,12,20,58,60,3,15,59,24,32,50,28,9,6,16,40,52,38,23,11,31,17,25,45,30,10,14,0,4,36,1,44,61,57,5,63,41,26,49,18,22,8,34
4,55,11,31,7,53,30,37,47,54,44,58,9,17,19,23,56,25,34,2,29,57,8,32,3,61,18,43,1,39,36,15,5,62,14,63,52,24,22,42,6,41,12,59,60,13,46,28,35,38,0,40,51,20,27,16,21,33,10,26,48,45,49,50
11,24,7,48,16,17,2,45,39,44,5,49,18,35,51,20,59,4,38,50,61,10,6,47,62,14,46,0,29,28,40,41,26,42,58,37,13,9,56,32,27,3,8,23,36,19,34,57,15,33,25,12,53,60,63,22,30,54,31,21,55,52,1,43
22,30,39,23,3,48,28,27,12,61,33,63,51,40,1,56,44,34,19,38,54,32,55,0,35,5,17,47,29,18,37,59,6,11,31,4,8,25,41,58,9,13,36,45,2,16,53,43,26,62,14,10,42,21,60,49,52,50,7,57,20,46,24,15
46,49,7,18,1,12,17,2,15,56,34,59,42,23,57,55,9,43,5,14,62,24,51,41,29,16,44,37,58,40,11,4,47,25,53,50,20,6,61,54,39,13,45,31,38,10,36,27,8,21,60,35,26,32,63,3,22,48,19,0,30,28,33,52
25,50,26,22,42,39,59,29,14,8,45,51,23,57,31,13,32,0,1,47,40,21,28,54,60,7,24,27,62,4,38,41,35,20,44,43,11,36,3,37,33,16,48,46,61,49,6,10,58,55,12,2,63,19,9,18,15,52,30,17,5,53,56,34
62,52,18,20,57,30,0,10,36,46,40,63,12,55,24,23,35,60,50,42,58,39,38,1,34,27,6,22,44,16,48,31,53,47,29,5,33,54,37,17,43,21,15,4,7,19,3,8,11,41,59,56,28,26,45,61,32,13,14,2,51,49,9,25
24,63,8,19,9,45,56,39,29,26,57,35,34,42,32,28,38,43,41,3,52,49,58,48,22,54,40,53,33,44,60,17,13,62,31,2,55,61,1,5,15,37,4,6,36,0,14,10,25,46,7,11,27,23,50,30,59,47,21,20,18,16,12,51
49,61,10,20,0,56,51,31,43,11,53,1,27,3,5,21,42,45,63,54,40,16,58,24,19,39,8,44,32,25,46,2,9,33,30,35,26,62,29,57,12,59,6,34,23,50,17,28,14,36,41,52,18,55,13,15,38,4,37,48,47,60,7,22
7,0,8,13,41,20,34,35,47,55,36,58,45,54,26,12,62,11,63,60,2,28,27,23,4,21,39,10,48,25,42,37,43,30,32,9,57,38,59,31,5,52,3,19,17,61,1,15,53,22,46,29,51,24,40,56,50,16,49,6,18,44,33,14
18,46,22,32,40,23,33,42,51,5,6,24,38,50,7,4,49,47,57,28,34,48,56,8,35,53,52,44,36,26,41,9,20,43,2,61,15,12,14,10,21,16,27,39,1,62,30,17,45,37,3,25,19,0,60,58,54,31,55,59,13,63,11,29
36,7,54,6,41,22,56,32,0,47,57,15,61,38,11,23,46,53,63,27,31,18,62,52,43,20,34,48,13,59,49,42,16,39,50,12,35,37,45,14,44,4,10,33,28,29,26,5,17,21,51,58,40,19,30,3,2,8,1,25,60,24,9,55
25,38,23,63,13,58,0,10,3,34,44,32,42,1,41,12,62,33,6,20,56,59,15,57,36,61,26,8,39,21,54,29,2,9,52,4,18,16,35,50,53,17,37,43,51,22,31,47,14,60,5,24,30,19,48,7,28,49,55,27,46,45,11,40
37,17,58,32,63,55,28,33,16,20,46,0,6,36,11,47,40,54,13,52,49,34,59,9,27,62,19,3,21,7,25,15,41,5,1,2,31,22,30,45,4,26,53,23,60,35,50,24,18,51,42,8,44,57,29,14,48,10,39,43,56,38,61,12
58,59,51,34,46,3,12,1,55,17,53,5,21,62,32,30,36,26,25,35,40,22,49,6,28,61,10,44,29,0,2,57,63,9,52,24,4,13,19,7,42,8,27,54,41,39,56,45,31,18,47,16,23,43,38,60,48,14,15,33,20,11,37,50
57,49,4,59,27,61,39,11,40,29,22,38,30,20,18,45,60,1,12,21,42,24,16,31,28,5,9,32,14,41,55,48,2,56,23,35,44,46,37,36,10,47,43,33,3,50,19,26,13,34,17,7,53,8,52,51,63,15,0,54,58,62,25,6
49,39,18,48,58,44,4,15,20,21,59,50,32,41,19,61,54,12,28,13,27,9,60,47,57,35,30,63,26,38,6,25,7,17,29,1,46,31,52,53,33,45,36,8,22,42,56,5,3,37,23,62,0,34,16,2,24,11,10,43,40,55,14,51
25,16,35,47,37,15,36,57,50,39,4,44,22,13,58,42,2,20,0,41,30,52,17,18,63,26,53,1,12,11,48,34,61,46,9,21,28,5,51,29,33,3,6,31,32,8,40,23,38,24,59,54,27,19,14,55,49,62,56,43,45,10,60,7
61,35,17,50,62,27,4,36,30,5,23,6,21,48,41,57,14,9,53,15,34,31,39,25,44,10,58,24,51,60,56,40,18,12,46,38,49,45,43,52,22,20,2,26,16,28,13,8,59,55,33,1,32,29,0,11,19,47,42,54,63,3,37,7
28,46,38,14,59,5,25,50,21,60,9,18,22,52,56,31,27,43,62,51,11,0,2,8,26,6,37,53,39,58,48,57,32,23,24,55,44,41,29,42,63,45,34,47,33,20,1,7,19,3,17,61,54,36,4,30,35,15,49,13,40,16,12,10
18,26,50,17,8,46,51,2,37,23,14,24,9,42,58,47,33,44,59,6,27,20,38,11,15,19,12,63,16,34,62,0,7,45,52,48,36,49,22,21,60,28,35,32,54,5,55,1,61,30,39,13,57,10,40,43,56,25,31,3,29,4,53,41
18,57,29,54,39,15,32,28,63,22,46,55,47,48,44,13,8,12,1,4,41,33,25,0,42,62,50,60,58,23,53,3,37,19,34,24,21,61,9,5,17,20,6,31,27,36,56,2,51,59,45,7,30,43,16,10,35,26,38,14,11,40,49,52
12,34,53,55,37,44,49,9,38,28,17,54,47,32,1,2,18,6,27,46,3,30,39,50,21,7,13,24,19,60,22,45,20,23,57,16,42,52,0,31,5,8,4,36,40,41,61,11,25,33,35,63,62,26,14,10,58,51,15,48,59,29,43,56
51,33,24,52,22,25,42,12,36,28,14,6,35,44,40,48,1,17,43,3,62,10,55,61,47,46,15,41,29,19,63,0,5,37,9,7,8,20,54,23,13,50,31,4,53,26,59,38,27,34,16,45,11,60,18,49,57,56,39,32,2,58,30,21
5,16,31,63,6,28,52,35,45,40,61,56,47,4,8,58,11,53,0,54,3,10,59,7,41,24,46,21,25,19,57,32,43,50,34,26,37,9,29,12,23,49,60,62,42,30,38,48,39,51,13,20,27,15,33,18,1,17,36,14,44,2,22,55
29,30,6,7,48,44,15,38,9,63,22,0,20,21,5,32,14,49,57,58,47,39,37,61,27,51,42,28,35,11,24,46,53,40,34,54,4,8,1,31,17,59,56,26,18,2,10,36,13,45,33,62,25,50,52,60,19,23,12,55,16,43,3,41
22,40,6,27,26,30,13,35,55,57,52,16,42,62,58,49,14,63,8,45,4,39,61,46,51,9,20,7,34,24,37,47,32,17,50,29,44,11,54,38,21,18,25,33,28,23,12,19,43,59,31,53,2,41,36,0,5,60,56,10,3,15,1,48
26,2,29,58,19,48,18,23,45,34,9,47,20,39,49,25,46,55,13,0,8,21,43,52,63,53,54,59,35,7,38,16,24,3,50,44,36,1,22,62,32,27,28,12,30,17,31,14,11,4,6,40,56,37,61,57,60,42,10,5,15,41,51,33
38,34,20,9,29,12,6,3,60,40,59,54,45,55,21,50,48,39,33,25,7,37,0,43,35,8,24,17,14,47,58,11,32,51,61,19,49,28,10,2,16,26,30,44,1,53,31,62,22,4,63,36,15,42,57,27,52,18,23,46,56,41,5,13
38,1,63,5,0,34,24,26,54,33,15,47,20,50,6,52,4,36,22,35,21,25,55,46,10,23,43,59,17,27,2,32,44,7,39,16,51,30,49,12,60,9,40,28,48,45,61,3,37,62,19,53,11,42,57,29,8,14,31,58,13,41,56,18
63,46,33,60,3,19,1,56,58,51,26,42,7,50,30,61,10,34,23,29,25,45,44,35,37,39,48,38,57,4,2,49,12,27,41,59,53,17,22,11,24,18,20,16,54,55,9,52,32,15,36,31,14,62,43,0,8,28,6,40,5,47,21,13
55,19,58,43,30,17,59,57,2,6,51,13,25,23,29,32,18,50,38,49,37,45,48,26,41,33,62,56,15,22,12,31,28,36,14,46,61,63,35,52,44,11,8,0,5,54,21,1,60,34,4,9,53,47,7,24,10,42,27,3,40,16,20,39
58,23,37,14,40,8,2,49,32,4,56,11,52,36,10,27,3,9,16,46,18,63,60,35,42,29,48,61,55,13,38,31,1,39,12,28,22,21,57,6,51,20,5,34,54,62,41,45,17,50,26,47,15,33,19,0,44,30,25,24,43,53,59,7
54,46,42,49,33,38,3,36,47,60,30,12,25,48,7,23,17,34,14,40,57,58,31,39,9,4,32,52,21,16,45,29,55,44,15,43,20,18,56,19,50,41,13,2,11,62,6,28,35,22,8,53,59,1,37,10,0,51,27,5,24,63,26,61
39,19,38,54,47,58,37,45,61,10,52,27,21,63,57,43,17,28,41,13,25,18,1,36,55,23,50,32,14,8,30,42,0,35,31,24,9,11,56,16,2,59,22,7,4,46,62,20,15,6,26,51,33,48,12,53,5,29,40,49,44,60,34,3
5,9,32,25,56,55,28,62,6,33,53,61,37,29,54,36,11,39,15,4,8,26,34,12,45,48,13,18,46,52,50,0,22,20,38,63,44,27,41,60,58,1,57,43,17,35,2,21,40,30,24,31,42,49,10,47,23,59,3,14,19,16,51,7
12,0,4,13,21,63,33,48,39,53,29,15,54,44,51,37,30,57,60,38,43,19,25,34,10,56,41,32,31,58,6,46,27,52,5,8,28,7,11,20,9,42,26,62,14,18,2,3,1,47,50,61,17,45,55,40,24,59,36,49,35,23,16,22
63,17,39,9,21,30,29,34,22,2,42,13,27,40,50,62,6,61,25,0,48,7,31,56,44,47,24,41,53,35,23,51,52,32,19,57,12,3,14,28,15,55,8,1,59,11,54,45,18,46,60,16,36,4,43,10,37,5,58,38,33,26,20,49
13,51,36,29,12,16,25,56,11,34,44,61,33,59,46,58,20,17,6,55,40,35,43,52,8,57,62,32,45,47,0,63,18,31,28,19,27,26,3,41,21,9,48,14,2,5,1,7,15,53,37,30,39,49,23,42,4,50,10,60,38,24,22,54
22,33,2,56,47,30,59,3,36,60,23,45,14,11,50,13,44,62,24,61,35,21,31,53,9,46,52,16,32,20,6,19,34,8,7,42,51,17,1,58,10,38,25,29,57,55,0,15,28,12,5,27,18,26,49,40,37,63,48,54,41,39,43,4
22,47,56,8,2,18,30,62,25,52,10,37,27,59,33,19,4,55,15,1,7,35,31,46,50,6,45,23,11,51,41,5,57,61,38,63,12,16,48,20,17,28,9,54,36,14,39,40,43,13,34,42,32,0,44,29,21,53,26,24,60,58,3,49
46,16,18,31,27,14,28,62,17,3,9,56,15,51,54,32,26,55,57,4,13,36,53,2,58,23,11,25,22,41,37,24,38,63,29,44,12,60,48,10,6,42,45,59,49,50,30,40,61,8,7,47,33,34,1,5,21,43,19,39,35,52,20,0
16,26,18,21,10,59,54,32,27,12,55,42,33,50,49,40,5,2,29,57,0,45,14,43,52,63,44,25,46,60,22,13,58,34,30,56,47,48,19,17,15,37,36,7,28,35,39,51,1,3,20,4,41,61,6,23,9,53,24,31,11,8,62,38
18,48,26,34,49,32,59,45,44,16,35,39,52,33,60,58,50,38,19,7,47,0,1,42,22,31,15,28,29,27,55,23,40,9,20,21,43,37,51,2,41,6,63,11,3,30,4,56,10,54,8,13,36,57,17,53,14,5,61,24,25,46,12,62
2,44,1,11,47,48,30,54,14,21,50,58,63,27,18,35,6,23,7,57,15,3,56,55,62,60,42,26,51,29,20,59,37,46,52,12,28,34,22,49,53,33,24,40,16,19,45,8,43,31,13,32,39,9,41,0,10,4,5,61,17,38,36,25
58,15,45,62,63,18,53,37,51,1,4,35,12,46,33,23,44,59,52,38,17,0,43,55,2,19,54,6,42,25,24,9,32,40,49,16,28,41,31,7,21,56,50,60,5,34,48,14,26,29,13,39,61,20,30,3,10,22,36,47,8,57,27,11
15,20,19,41,22,29,53,32,49,44,31,8,39,60,1,63,4,42,50,43,40,37,61,35,18,12,51,0,38,33,45,56,3,7,28,27,21,26,54,46,6,57,62,36,34,30,16,47,5,59,11,17,55,23,13,14,58,24,9,10,52,48,2,25
25,51,20,24,62,56,39,47,38,13,55,45,52,48,37,15,0,12,28,11,19,22,36,53,50,21,41,16,1,31,32,7,23,43,2,34,60,26,61,5,30,6,33,58,29,54,59,63,8,40,57,3,4,35,9,49,44,42,10,27,14,18,17,46
32,10,57,53,45,30,0,43,16,4,44,50,18,14,40,31,33,46,5,58,3,29,35,27,37,13,17,55,7,28,49,21,52,22,38,26,42,1,11,25,63,2,39,23,24,15,51,48,19,56,62,59,6,20,60,41,47,8,61,36,9,54,34,12
42,27,1,48,44,32,45,47,20,25,31,12,7,39,24,63,58,17,33,19,11,60,36,55,15,26,2,62,54,40,53,34,38,22,5,8,41,10,3,56,18,13,52,14,49,0,46,57,51,28,4,50,30,35,61,37,9,16,43,6,59,23,29,21
33,3,9,45,22,0,20,55,21,42,28,63,7,29,12,13,5,60,46,41,16,48,15,17,1,19,39,2,23,61,49,50,31,30,8,34,14,40,57,58,52,44,54,62,25,35,24,43,36,32,10,11,18,27,4,51,47,59,6,37,56,26,53,38
0,60,17,3,57,2,56,7,18,54,14,50,23,6,22,46,62,34,16,35,30,25,42,49,32,44,12,21,37,36,40,48,28,15,45,24,47,43,20,33,51,52,11,63,59,19,55,38,53,9,5,1,61,13,8,58,4,27,29,31,41,10,26,39
57,27,37,50,11,4,54,38,39,2,46,1,13,15,35,28,14,12,56,20,60,62,41,21,19,18,22,23,33,45,43,3,5,40,49,6,61,26,7,29,47,51,31,17,32,48,55,44,9,0,34,30,24,59,10,53,52,8,36,63,58,16,25,42
3,38,58,19,57,1,56,26,63,33,29,55,16,41,4,0,42,35,6,53,24,45,50,11,59,49,5,25,32,40,15,37,9,13,39,51,12,31,47,46,23,8,54,17,30,27,52,20,61,62,21,10,14,22,43,60,2,18,48,7,34,44,28,36
24,19,26,56,23,32,62,57,15,21,45,36,59,50,33,58,48,11,3,49,40,16,37,46,31,42,28,39,20,27,5,22,44,13,9,2,10,38,51,60,0,29,63,41,4,6,17,14,53,25,35,34,47,12,55,7,18,43,1,30,52,54,61,8
28,62,23,16,41,13,45,38,17,12,47,56,21,10,11,20,0,63,7,26,60,52,29,4,35,34,55,58,40,37,19,32,51,59,5,6,53,18,46,49,61,27,15,2,1,43,36,14,22,57,3,44,42,50,25,24,33,31,9,30,39,8,54,48
29,3,32,5,55,53,30,52,56,59,40,50,41,12,21,37,17,47,1,24,49,0,44,43,2,4,10,25,7,42,63,48,26,15,33,39,22,54,38,62,23,51,9,8,34,46,58,14,6,13,35,18,11,60,16,28,27,45,20,36,31,57,19,61
49,40,9,32,22,3,29,16,61,7,48,17,31,55,18,57,41,62,14,6,54,0,56,44,50,45,13,15,5,38,33,25,39,4,47,10,1,28,23,19,27,63,26,58,37,11,34,42,8,60,46,30,53,12,21,35,20,2,52,36,59,43,24,51
33,62,39,36,60,24,7,19,25,32,29,13,23,16,28,2,10,11,50,14,15,9,12,49,44,57,30,43,59,45,55,21,48,38,34,6,42,52,51,40,17,4,53,61,0,41,8,46,37,54,56,27,63,47,26,18,5,22,58,31,35,3,1,20
62,50,27,49,30,17,29,61,33,25,31,56,63,13,4,38,36,28,22,45,39,42,3,5,51,19,7,59,60,32,15,34,12,21,16,55,46,11,26,43,20,52,41,40,35,1,23,9,0,8,14,44,2,6,58,18,57,48,24,54,53,37,10,47
50,19,1,26,44,42,8,36,48,56,40,51,5,46,18,49,52,43,33,62,38,22,32,29,7,27,0,15,4,31,21,59,55,24,39,58,23,61,34,63,20,10,35,6,60,28,45,41,30,9,47,13,12,37,54,2,53,14,16,17,3,25,57,11
12,17,30,51,43,3,11,21,14,61,5,57,8,33,56,63,55,47,49,10,2,13,0,4,41,58,39,19,60,59,29,15,23,46,34,18,24,1,6,35,20,44,53,62,38,7,22,32,52,16,9,27,31,45,42,54,40,48,25,28,36,26,50,37
4,26,2,52,53,58,47,55,63,25,38,57,27,49,16,37,23,30,60,9,29,39,18,12,5,44,11,14,51,1,36,21,22,3,19,61,50,10,41,24,56,48,34,62,7,15,40,0,13,6,32,8,33,42,45,35,46,20,28,54,31,17,59,43
58,23,22,33,14,38,4,13,52,24,7,18,47,1,5,49,31,44,10,16,6,63,3,35,62,60,9,40,30,59,41,37,0,57,29,55,45,32,39,42,28,46,27,21,54,51,25,26,15,50,36,20,17,2,8,19,61,43,48,53,12,11,56,34
60,19,4,55,25,28,52,39,16,7,37,1,47,17,54,48,21,29,30,45,34,43,46,18,59,63,13,14,9,3,40,42,32,24,56,44,11,35,53,50,58,26,0,10,33,6,62,12,49,51,31,57,2,61,5,23,38,27,20,8,41,15,22,36
16,20,63,34,3,52,32,17,61,22,13,58,37,40,1,27,38,33,23,25,35,39,31,18,4,43,26,62,45,51,54,60,49,12,57,47,21,59,48,44,56,46,55,8,30,2,29,36,50,6,41,28,0,10,53,5,19,15,14,7,42,24,9,11
45,15,30,39,54,25,7,62,32,3,18,44,50,55,1,35,6,31,4,48,58,8,51,59,41,63,13,16,42,49,33,24,34,53,10,0,11,56,28,14,26,23,36,22,20,61,57,2,43,46,19,17,21,9,38,47,27,40,5,37,12,52,60,29
58,55,46,59,8,4,54,49,41,6,44,1,39,36,9,32,27,18,0,14,60,10,38,29,5,40,63,26,16,56,52,35,23,20,17,61,48,24,47,57,7,21,37,50,33,2,45,19,15,34,31,25,42,12,53,30,51,28,13,3,62,22,43,11
45,53,63,42,23,59,22,31,15,46,57,35,16,37,58,41,47,39,26,0,27,60,9,18,49,29,52,14,25,48,7,30,13,10,3,61,1,54,33,38,28,17,56,40,20,5,44,21,12,34,43,11,4,32,19,24,50,62,2,8,6,36,55,51
24,16,20,32,53,2,23,55,13,61,47,28,58,34,36,27,5,35,29,56,50,25,43,11,42,45,62,37,22,46,31,38,8,0,57,26,54,39,44,48,3,19,52,10,33,41,15,1,60,12,7,14,21,18,51,40,63,6,49,17,4,30,59,9
3,42,46,29,58,50,2,44,4,26,7,51,57,23,39,41,11,24,18,30,22,0,9,59,61,8,27,63,17,47,43,15,52,6,45,37,62,1,10,54,55,16,21,25,56,20,12,13,33,31,53,14,28,38,19,34,49,60,40,36,32,48,35,5
24,42,11,23,63,9,18,61,54,20,40,2,0,32,45,33,27,3,58,21,52,41,60,34,8,29,62,6,13,1,59,26,5,15,36,12,37,51,46,31,16,53,35,48,44,38,7,39,19,47,49,28,14,56,55,4,43,25,10,50,17,57,30,22
46,33,28,21,40,55,39,9,43,41,38,11,23,58,10,48,50,17,30,52,15,53,60,62,24,8,18,44,27,7,5,35,59,54,45,16,29,0,61,51,47,31,4,6,26,1,12,22,25,36,19,34,57,20,2,32,56,49,13,3,37,14,42,63
23,5,26,37,43,34,57,13,51,20,2,46,28,42,62,22,10,33,8,29,40,17,19,63,30,41,21,0,32,18,14,6,1,44,36,56,12,7,27,31,35,58,53,50,24,48,55,15,60,38,59,25,54,47,3,52,49,4,61,11,39,45,16,9
26,24,5,43,50,9,12,44,1,30,32,49,45,19,4,63,39,31,46,10,21,36,7,62,8,3,51,40,14,17,60,15,61,27,16,48,35,38,41,33,23,56,37,28,2,47,29,6,57,13,52,20,42,18,53,11,25,22,59,0,54,55,58,34
30,8,12,15,41,60,44,38,0,6,4,10,25,51,32,33,37,28,53,45,50,24,26,27,52,29,47,55,36,22,40,23,34,5,1,17,49,3,39,58,48,16,54,57,35,20,14,31,7,18,11,59,62,43,46,21,9,61,56,19,42,13,63,2
61,37,48,51,60,52,42,54,36,15,49,32,21,58,4,34,30,13,22,33,10,24,3,46,5,18,19,40,12,55,9,38,2,45,62,23,35,47,41,17,31,59,26,53,57,20,27,28,14,43,6,11,25,39,8,0,1,7,50,29,16,44,63,56
26,23,43,46,45,42,6,25,30,36,1,15,2,11,40,61,8,27,54,24,32,34,50,28,3,21,47,35,9,48,52,13,51,39,16,56,63,57,22,19,20,62,44,38,59,4,12,53,60,55,41,37,5,0,33,31,10,18,58,29,49,17,7,14
25,23,29,40,18,0,43,24,10,47,3,63,42,35,44,60,52,56,7,54,11,8,27,12,57,46,51,16,14,22,34,39,2,26,9,49,31,4,21,20,55,32,13,6,38,45,28,50,59,30,5,19,61,48,58,37,33,62,15,41,36,53,17,1
37,5,51,13,16,58,10,47,0,14,11,63,59,6,50,27,38,35,34,21,22,41,29,52,49,19,15,42,31,53,32,28,60,7,57,36,1,55,3,18,12,61,26,2,9,33,44,43,23,62,39,40,25,48,54,45,17,56,4,8,30,20,24,46
34,49,18,3,0,59,48,40,44,24,28,31,1,55,30,12,14,47,20,21,51,22,8,53,6,50,41,27,43,35,23,39,42,38,32,19,37,61,62,11,15,29,63,4,10,2,33,26,56,9,7,25,60,57,52,17,13,54,58,16,46,5,45,36
32,7,16,33,63,0,12,23,5,45,34,29,55,41,60,44,58,14,24,59,10,46,48,51,8,11,19,37,18,36,42,40,54,22,57,30,1,43,56,47,49,38,21,53,52,17,15,13,25,9,35,26,61,62,50,27,31,6,28,2,4,3,20,39
14,9,11,15,41,19,7,31,38,17,3,53,10,0,33,56,63,13,52,54,37,58,25,42,12,22,4,20,21,6,28,57,45,49,27,5,47,34,61,30,39,24,35,60,40,8,44,50,16,55,48,51,23,32,46,18,59,26,43,62,1,2,36,29
52,36,11,27,37,34,1,39,31,44,5,24,47,20,48,28,58,8,56,26,53,3,54,21,57,33,0,40,45,59,35,61,10,63,13,62,25,12,23,15,46,9,14,38,41,16,32,4,18,30,43,6,17,42,55,22,50,19,60,49,2,51,29,7
11,26,56,5,29,30,14,59,49,2,41,10,45,35,36,62,54,52,9,55,15,20,0,37,18,51,7,23,38,43,31,50,16,25,13,46,63,24,27,61,12,44,42,17,48,40,60,33,58,6,8,4,22,32,39,57,1,47,28,19,21,34,3,53
35,44,14,5,4,62,39,47,60,1,20,29,45,21,59,42,38,30,17,55,32,6,3,15,24,61,18,31,52,56,27,19,43,57,8,33,28,34,54,23,46,49,37,48,9,58,26,63,25,41,2,51,22,40,7,50,16,13,11,53,0,10,12,36
35,5,44,47,61,37,1,58,38,8,17,22,6,56,18,54,4,34,52,13,40,24,28,33,30,19,43,51,25,15,46,14,26,31,21,16,55,27,29,36,63,11,7,53,50,32,45,20,48,42,41,23,60,0,49,57,9,39,10,2,62,59,12,3
45,27,6,37,60,48,36,42,35,31,43,30,25,13,52,34,8,26,7,51,22,12,38,19,62,21,41,14,5,33,61,20,50,56,15,57,29,11,39,17,18,54,1,0,55,2,63,46,9,3,59,16,47,32,4,49,53,40,10,58,44,23,24,28
61,24,15,46,13,25,49,44,0,55,30,12,16,28,21,27,26,5,23,3,43,52,58,32,54,57,45,35,10,36,8,48,60,39,17,7,34,41,2,37,62,40,18,31,9,42,56,22,50,53,29,19,6,63,33,38,47,20,51,4,1,14,11,59
6,26,45,20,51,17,53,14,58,19,16,48,56,10,33,47,57,60,2,42,39,59,5,30,13,0,43,49,35,18,62,11,40,3,52,4,32,28,15,34,50,24,54,12,44,22,55,31,1,38,63,23,36,37,29,8,41,21,9,61,7,46,25,27
16,40,36,0,41,45,54,15,56,26,39,34,20,11,10,7,58,8,5,42,12,30,18,1,29,59,62,35,48,4,19,31,63,17,53,2,14,24,57,61,21,44,3,38,60,51,23,47,55,13,32,6,33,28,43,52,37,46,49,9,50,22,25,27
30,19,6,53,27,25,24,62,2,35,3,61,13,10,38,33,0,5,55,11,43,16,49,23,47,56,7,29,44,18,15,59,54,37,40,60,14,51,4,42,22,26,41,21,48,58,17,34,52,9,8,36,46,45,12,32,28,1,57,63,39,31,50,20
0,16,40,25,39,2,8,12,56,13,41,34,55,37,62,11,9,10,42,17,1,27,29,5,14,45,47,46,23,20,36,35,44,26,54,61,58,22,18,59,43,38,19,51,30,24,60,28,33,31,49,15,3,4,48,7,6,32,52,53,21,50,57,63
25,5,2,50,8,4,37,51,34,62,53,18,3,31,46,57,24,9,13,44,61,60,20,6,63,27,48,17,52,22,47,41,1,33,30,11,54,23,32,29,15,10,45,38,39,12,19,26,36,58,7,28,56,0,59,40,16,14,55,35,49,43,21,42
52,37,6,60,12,32,4,41,42,39,19,43,13,59,49,55,20,17,50,51,48,40,30,33,22,61,26,15,21,28,14,8,62,7,36,63,25,46,3,34,23,47,27,0,24,44,45,1,54,29,58,38,31,11,35,2,9,5,18,53,16,10,56,57
20,51,28,33,55,35,18,49,57,32,4,22,31,24,60,27,41,14,47,54,43,16,56,62,7,1,25,2,36,53,3,59,45,39,52,6,44,15,9,12,8,46,30,50,0,42,26,17,34,11,5,29,61,23,40,19,48,21,13,37,58,38,63,10
29,23,19,40,24,10,16,14,3,1,42,25,43,55,49,44,61,28,17,62,27,21,22,12,18,30,8,4,48,52,60,15,6,31,51,26,46,11,53,54,0,36,37,41,2,39,45,47,38,20,32,59,9,63,7,58,13,33,57,35,50,34,5,56
26,14,23,3,7,21,16,6,0,27,24,63,37,48,33,52,5,15,57,40,30,53,39,59,32,4,11,42,38,44,47,46,34,56,29,12,22,58,41,9,10,62,2,25,60,61,17,36,43,31,50,19,54,45,13,18,1,51,20,28,35,8,49,55
2,25,8,42,40,7,39,58,28,12,36,49,0,63,31,53,43,1,13,14,50,20,17,15,57,41,26,11,6,9,3,56,47,24,16,44,61,60,45,46,35,54,51,29,19,59,48,32,4,27,22,23,18,62,37,34,21,38,5,52,33,30,55,10
38,16,54,32,45,59,56,49,24,22,25,55,46,42,58,26,12,21,5,3,7,57,52,8,15,29,33,17,31,43,35,23,50,19,63,30,40,39,44,0,48,6,9,36,11,60,34,10,41,4,51,37,1,53,61,62,28,18,13,47,2,27,14,20
43,5,19,53,4,22,41,2,46,60,34,7,62,45,24,47,16,29,10,33,49,15,40,0,28,6,58,14,27,55,25,20,32,26,23,21,44,18,48,1,8,57,50,61,30,63,13,37,54,11,31,36,9,3,51,38,42,35,17,56,39,12,59,52
45,30,34,4,35,1,5,54,13,22,2,57,50,60,62,18,59,17,23,52,16,11,9,63,47,10,28,15,37,33,20,44,24,49,42,31,7,21,3,12,27,39,8,48,19,0,26,38,36,40,29,58,14,53,32,25,41,43,55,6,51,56,61,46
11,29,55,60,58,7,49,37,62,23,38,30,45,59,8,21,17,51,36,14,61,47,63,33,1,43,56,50,40,20,0,53,44,26,13,10,57,35,34,12,24,52,2,16,31,9,4,27,19,18,32,3,41,28,42,46,5,39,6,48,22,25,54,15
14,5,55,62,11,58,18,23,25,47,38,56,2,26,13,21,50,61,37,48,39,19,63,60,54,33,32,34,16,1,59,46,51,8,52,45,22,10,27,9,57,44,7,12,35,20,15,28,30,29,43,40,53,0,17,49,6,42,31,4,3,41,36,24
8,2,10,17,37,29,14,1,62,51,34,38,56,26,63,31,39,48,43,24,21,19,13,23,36,54,27,3,47,15,28,58,11,55,35,60,7,44,0,25,9,57,42,49,41,45,20,46,40,12,16,4,50,22,61,33,30,6,5,53,18,59,52,32
59,11,60,47,13,15,18,4,3,55,42,25,12,54,14,29,24,39,40,49,51,57,22,19,8,27,20,46,58,5,9,62,38,31,26,16,32,52,7,21,34,45,33,50,37,6,44,23,35,53,28,43,41,48,17,30,36,1,0,2,10,56,61,63
55,12,22,23,63,51,4,9,8,18,28,25,39,11,35,44,15,1,45,26,14,48,10,33,13,54,53,52,60,42,20,47,40,34,5,37,16,17,49,0,50,58,36,57,32,27,56,7,61,19,31,41,3,30,46,62,59,2,6,29,24,43,38,21
27,44,51,2,50,15,35,14,47,61,38,63,13,25,21,19,30,0,45,34,36,60,33,1,37,7,53,29,54,49,3,20,62,23,26,43,57,46,48,8,52,5,9,24,12,59,6,31,17,42,58,28,56,39,4,10,18,41,40,11,22,55,32,16
26,1,38,63,14,11,18,25,57,33,19,22,58,60,47,3,28,29,27,43,37,17,34,52,53,41,0,61,10,9,45,13,55,49,12,8,16,7,59,62,5,31,6,20,35,54,24,30,32,39,21,51,44,48,2,46,23,40,56,4,36,42,15,50
11,53,12,62,25,14,27,21,49,22,34,43,52,42,63,31,19,18,56,45,28,32,8,33,51,47,46,10,54,4,35,39,26,60,9,5,58,36,24,59,40,6,50,15,44,17,30,0,3,7,16,23,38,48,20,29,37,13,55,57,61,1,2,41
39,30,12,36,7,60,58,55,35,16,26,9,14,33,4,22,42,25,48,27,29,62,41,31,51,5,59,49,8,13,23,44,37,54,15,40,52,20,18,43,0,1,38,3,61,17,10,56,45,19,63,28,32,53,34,11,21,57,6,46,2,24,47,50
34,37,22,41,46,59,11,53,50,25,55,15,61,4,20,14,27,17,36,44,39,45,31,0,3,43,48,18,52,2,21,62,38,1,33,47,9,32,49,30,10,12,6,16,24,19,26,51,35,8,23,63,57,13,42,7,40,5,29,28,54,60,58,56
39,9,24,45,19,36,3,61,42,46,33,0,41,1,21,47,49,30,43,54,52,53,18,12,8,29,35,32,51,2,25,37,7,6,58,16,38,55,22,14,4,59,27,15,40,20,11,17,28,57,56,34,50,26,44,63,10,13,60,62,48,5,31,23
47,55,17,50,19,1,13,24,16,12,11,32,25,14,37,43,41,54,30,40,6,22,10,60,0,36,48,63,49,46,8,18,20,58,39,2,61,52,56,34,3,28,9,38,21,57,42,27,15,23,51,33,53,4,31,59,26,44,62,5,29,45,35,7
52,44,40,63,6,33,53,11,45,49,21,47,39,7,3,42,26,25,62,59,61,15,57,2,22,12,8,17,37,32,23,54,56,50,5,0,14,16,13,36,19,27,29,24,31,41,48,18,28,35,20,10,38,1,30,34,43,46,60,55,51,9,58,4
3,39,48,15,27,25,37,38,16,54,4,52,2,61,56,13,5,31,18,34,30,1,17,28,55,0,59,44,49,22,53,9,62,45,14,58,40,63,24,8,7,29,42,20,60,43,26,19,36,12,23,10,47,57,32,35,21,41,51,33,50,46,11,6
57,28,15,3,48,8,51,53,56,33,45,21,35,41,55,0,26,24,39,10,63,58,14,16,22,47,11,36,61,13,7,46,20,60,4,40,34,6,59,29,62,43,31,23,27,9,50,2,44,18,17,12,37,52,32,38,49,5,54,42,30,1,25,19
54,14,0,13,56,48,25,46,28,17,10,3,49,55,45,9,42,4,26,21,63,35,60,29,37,6,24,41,7,47,30,62,40,43,32,2,34,8,36,16,20,52,12,58,22,57,19,38,11,27,44,39,23,5,50,31,33,18,53,59,61,15,1,51
60,35,24,55,3,30,12,40,28,32,50,36,62,4,14,38,6,59,18,45,48,21,20,39,0,31,10,58,19,41,54,33,34,2,27,22,9,13,15,56,37,29,47,8,53,26,25,43,51,42,63,44,17,16,5,46,61,52,23,11,7,49,57,1
37,33,48,40,14,10,5,26,47,2,61,39,62,58,51,31,13,20,46,12,35,34,18,45,54,38,57,52,7,60,50,56,49,36,19,22,4,24,44,32,59,8,30,21,17,1,0,43,25,55,41,23,28,27,16,9,29,3,63,42,53,6,15,11
53,60,26,7,50,23,46,28,14,55,19,34,48,18,45,42,6,2,56,37,54,25,10,15,35,39,51,27,41,59,57,21,43,20,16,17,33,47,0,4,24,38,32,62,5,49,9,63,40,8,31,3,11,36,29,12,1,30,22,61,44,52,13,58
17,27,56,21,44,13,47,59,4,49,45,37,60,18,41,54,32,31,22,1,33,26,46,40,19,12,43,35,16,61,8,28,25,39,36,63,42,10,0,15,58,6,62,30,23,24,50,34,9,48,5,57,3,14,51,7,29,2,38,20,53,52,55,11
57,39,23,28,10,1,29,41,16,33,52,55,59,36,2,40,3,12,42,18,21,50,26,51,4,7,20,49,47,25,17,44,56,63,38,19,48,37,46,31,53,54,61,14,13,8,62,15,45,30,32,24,9,22,11,35,5,58,60,34,27,6,0,43
48,34,38,24,16,27,49,62,33,57,3,5,45,31,14,59,20,11,18,53,10,37,35,42,55,29,28,26,32,54,17,19,23,47,8,44,43,21,2,7,51,41,30,61,52,40,13,36,50,1,25,4,6,22,46,60,39,63,56,15,0,12,9,58
25,31,8,29,56,42,0,16,5,49,19,52,26,58,47,28,22,20,15,9,48,17,6,13,54,51,10,41,18,59,60,35,44,46,36,4,45,14,3,55,38,57,40,43,37,24,50,12,2,33,53,61,7,27,21,62,34,63,11,1,32,30,23,39
10,36,29,63,41,46,13,49,35,26,19,11,5,39,50,25,28,37,4,3,23,27,52,44,62,20,34,31,47,12,1,6,14,51,57,21,58,33,55,2,59,18,53,40,43,8,17,22,56,15,16,24,32,60,38,42,45,30,0,61,9,54,7,48
20,35,62,55,44,9,45,59,43,6,27,37,21,48,32,26,56,28,61,46,54,52,22,8,51,49,10,29,0,24,25,4,47,18,14,31,40,39,57,12,15,11,23,5,41,50,17,19,2,3,38,36,7,30,53,63,60,13,42,33,16,34,1,58
30,53,6,46,49,15,56,19,23,4,27,63,58,50,33,22,32,0,51,47,37,40,7,28,11,48,20,17,44,35,10,39,43,1,55,41,21,25,36,8,59,9,38,57,61,29,26,12,54,13,3,60,24,14,5,16,31,62,42,18,52,2,34,45
12,38,27,26,39,48,19,44,14,41,43,59,57,15,4,49,2,8,18,56,45,35,37,23,3,60,54,30,62,36,51,46,31,1,13,33,29,40,20,9,0,11,21,58,50,17,53,5,22,7,61,55,34,10,6,32,47,16,42,24,63,52,28,25
43,33,58,48,59,3,12,26,54,39,50,42,20,40,4,24,14,61,0,29,21,45,15,8,17,62,49,22,27,31,46,56,23,34,1,35,2,36,38,6,11,7,55,53,19,28,18,16,32,30,41,60,44,13,52,47,51,57,5,10,9,37,25,63
8,49,34,9,44,7,36,1,24,57,20,35,38,25,4,3,23,42,22,26,55,39,37,62,6,45,54,21,27,18,14,59,63,56,11,29,16,15,40,43,61,12,5,33,31,50,28,51,30,19,60,52,58,13,47,2,41,48,53,32,10,0,17,46
60,37,4,8,43,59,39,30,25,17,6,31,54,58,20,51,16,24,3,5,45,33,11,7,41,62,28,48,52,53,47,32,12,34,50,36,38,1,15,14,13,57,44,55,19,29,22,27,26,9,40,2,10,49,61,0,42,35,23,56,21,63,46,18
12,0,62,61,28,54,31,29,51,2,38,36,20,43,4,11,5,22,16,49,13,14,56,6,55,48,53,41,44,63,27,23,24,42,18,40,9,59,10,52,50,33,32,47,3,15,1,34,19,21,37,26,7,46,35,8,58,60,39,17,25,57,30,45
33,59,27,47,60,20,3,49,63,35,53,10,4,8,1,18,13,40,43,23,45,25,42,37,9,22,29,15,24,51,7,44,12,50,2,31,54,56,41,39,57,32,19,61,55,28,36,26,52,21,5,6,62,14,58,11,17,16,0,30,34,48,38,46
53,49,18,28,3,12,17,29,9,5,50,63,33,19,44,51,59,15,34,36,43,45,13,23,46,0,32,10,58,42,4,60,41,57,61,40,24,30,47,31,37,21,27,56,14,8,52,62,26,16,48,39,7,54,35,1,22,55,11,6,2,20,25,38
13,6,23,8,56,5,61,0,50,41,45,1,42,28,63,12,32,9,52,43,44,33,51,17,60,39,2,57,29,22,46,31,38,58,48,19,62,26,18,27,47,7,53,15,35,36,37,30,10,11,59,3,54,55,49,24,14,20,4,25,16,40,34,21
30,13,26,40,14,29,47,6,63,7,0,41,25,20,4,31,34,9,21,23,52,11,33,39,42,27,61,49,19,58,46,48,43,15,59,28,38,18,2,56,17,44,36,53,54,22,45,60,57,32,8,3,55,1,24,12,5,35,51,16,50,37,10,62
13,7,39,55,31,19,18,11,2,38,57,43,30,41,50,9,49,60,10,42,23,37,14,52,0,59,35,47,58,24,1,56,12,6,17,46,15,22,26,34,63,5,25,53,54,16,45,27,44,40,61,4,51,33,8,62,20,28,36,29,21,48,3,32
40,49,21,7,45,38,55,30,62,20,51,33,5,15,10,31,46,61,14,23,56,48,35,11,16,54,19,12,60,29,24,43,27,37,18,63,50,58,42,53,59,13,3,47,25,22,36,2,39,34,6,52,57,4,8,17,0,41,44,28,9,32,1,26
18,51,41,32,15,33,6,38,57,11,40,10,14,63,30,8,21,9,47,29,16,59,20,56,7,36,1,55,42,2,27,4,3,34,52,19,53,13,25,5,31,24,26,60,62,48,49,54,28,58,46,44,12,50,45,43,35,17,0,61,22,39,23,37
31,3,63,41,14,20,12,15,19,33,60,53,62,27,57,8,40,18,11,37,61,29,39,16,9,13,1,0,54,4,58,30,10,28,56,25,50,6,46,36,7,59,44,51,47,17,42,38,26,49,2,45,43,52,34,32,55,24,48,35,23,21,5,22
1,51,58,17,12,38,52,36,60,29,56,25,16,2,61,55,37,9,54,5,8,30,6,45,63,31,11,4,15,57,22,24,48,39,26,40,50,19,20,34,21,42,62,10,49,14,47,13,59,53,41,46,43,28,35,33,3,32,44,7,18,23,0,27
36,57,50,18,12,59,3,61,63,27,26,38,9,20,31,24,46,5,33,1,48,0,2,14,60,62,40,23,15,42,44,53,8,51,55,7,47,30,21,11,37,35,32,28,22,54,29,6,17,49,43,16,10,52,56,19,13,41,4,34,39,45,25,58
18,43,31,57,29,26,28,40,50,8,59,48,60,13,61,39,62,4,51,15,25,21,58,9,3,63,46,34,42,14,11,5,27,24,53,22,12,41,55,38,7,1,35,52,36,54,33,0,30,19,44,20,32,56,16,10,49,37,47,2,17,45,6,23
20,31,8,53,6,47,21,4,40,49,61,10,32,41,5,26,15,25,28,19,58,55,50,56,9,54,17,30,12,34,38,42,62,43,44,7,24,27,60,59,23,16,33,45,57,51,37,48,3,18,36,35,46,22,52,11,63,13,39,2,1,0,14,29
51,16,24,30,18,5,7,15,3,35,1,56,2,6,54,8,39,37,48,9,23,59,63,26,32,61,57,28,58,14,42,44,20,27,36,33,46,45,38,29,52,50,10,25,11,41,0,53,21,22,62,17,13,4,34,12,47,49,31,40,19,55,60,43
19,63,6,39,3,31,9,30,34,41,16,36,8,44,13,55,54,61,57,32,62,17,28,49,4,33,45,24,25,42,20,2,0,43,48,46,18,56,58,52,51,22,15,35,47,37,27,12,1,59,38,60,23,26,7,40,50,10,14,21,53,5,29,11
48,7,25,10,28,60,38,23,0,63,47,2,62,19,22,33,57,17,59,58,56,41,40,37,55,53,26,14,5,46,45,54,13,39,52,42,3,36,11,21,30,6,51,35,1,43,50,31,15,34,27,24,4,8,32,61,16,49,29,12,18,44,20,9
35,39,55,24,19,9,23,51,53,7,2,36,20,54,52,15,12,38,50,5,29,11,42,8,40,17,59,58,14,1,45,34,32,25,44,56,10,33,46,0,6,48,60,57,27,28,21,41,49,16,61,37,63,47,31,43,4,3,30,26,62,22,13,18
6,46,58,49,3,12,44,41,43,61,15,18,34,23,59,38,16,17,45,40,14,55,8,27,28,50,26,1,9,10,25,21,35,2,37,60,5,56,24,42,29,47,7,4,48,52,57,11,33,31,53,54,19,62,63,30,0,32,22,36,20,51,13,39
50,58,62,55,2,60,16,29,0,41,33,7,26,48,37,13,38,40,14,22,5,53,10,54,61,51,18,63,23,42,27,9,56,6,39,15,28,30,21,8,49,47,11,43,46,17,4,34,57,20,45,1,19,32,36,12,59,31,24,3,35,52,25,44
21,27,45,11,20,42,0,6,1,62,41,13,57,53,35,5,16,23,24,63,48,10,44,38,40,56,34,50,25,12,7,49,55,58,46,22,28,33,61,43,29,9,19,36,18,30,4,14,54,37,17,51,3,8,2,47,52,60,59,31,32,15,26,39
14,17,6,1,40,18,19,49,53,0,41,25,3,11,31,12,52,2,59,9,36,60,10,13,5,30,7,34,16,28,26,44,35,23,61,8,51,50,4,43,24,46,62,48,42,57,29,56,55,21,27,47,15,54,33,37,58,45,39,20,32,63,38,22
41,48,53,40,7,37,25,44,0,63,23,32,12,58,13,43,1,9,34,50,27,38,5,19,52,18,26,46,33,6,11,20,56,59,2,60,30,4,42,62,54,14,35,24,51,61,8,49,28,39,36,47,45,31,21,10,15,57,22,29,3,55,16,17
55,5,27,43,24,54,3,40,25,57,32,26,29,8,9,18,34,22,62,53,10,49,42,36,12,20,15,11,16,58,50,30,1,19,31,59,60,52,41,47,14,48,35,51,13,6,37,33,2,61,45,39,63,0,38,28,7,44,17,21,56,4,23,46
9,15,61,57,52,22,12,56,27,16,62,49,14,10,55,18,58,3,54,4,29,6,7,51,35,37,40,41,25,43,60,5,33,8,31,34,63,20,2,26,21,53,11,24,28,1,59,13,19,47,44,42,17,46,50,0,23,30,32,45,38,36,39,48
37,28,54,29,27,2,0,45,12,60,24,6,43,5,35,25,38,3,53,32,55,33,39,17,63,13,15,36,58,8,18,14,20,41,59,56,11,61,42,23,40,16,49,31,57,21,7,48,62,50,10,26,4,19,51,1,44,46,47,30,22,34,9,52
56,12,17,9,44,53,1,58,48,20,63,33,36,43,40,15,34,11,18,4,45,51,25,19,52,42,39,14,24,0,38,55,29,35,54,22,16,10,62,21,50,59,30,60,3,49,23,7,32,47,31,61,13,6,57,46,28,8,2,41,5,26,27,37
18,60,41,19,42,61,57,2,51,13,7,28,58,32,39,46,20,27,45,16,14,36,1,62,43,63,37,10,48,53,25,31,34,23,55,0,3,5,49,59,9,50,56,44,22,6,54,11,17,26,21,8,47,29,33,24,30,4,15,12,35,38,40,52
29,2,58,48,22,44,16,21,49,27,45,9,1,36,32,40,13,15,60,31,12,6,30,18,5,17,4,14,19,62,50,3,20,23,57,7,11,10,46,24,37,47,26,35,43,41,53,63,0,52,8,38,28,56,61,34,33,59,39,42,51,55,25,54
2,24,49,23,47,10,40,27,61,12,45,6,17,52,21,59,38,50,41,44,48,7,46,28,35,51,5,15,9,32,37,0,31,18,43,25,11,33,36,22,60,29,30,19,34,16,63,55,54,3,42,56,13,53,20,26,58,62,57,8,1,4,39,14
57,54,13,4,3,50,5,8,51,53,25,0,49,31,46,63,41,21,43,2,30,56,45,15,42,52,38,23,22,61,34,55,37,20,40,19,6,17,7,24,11,62,12,39,9,16,14,35,60,47,44,28,29,18,36,32,27,48,26,10,33,1,58,59
17,62,19,6,2,28,34,16,35,9,18,32,58,41,3,51,4,59,29,39,57,42,20,0,27,5,12,50,44,55,13,60,61,53,49,46,54,33,14,11,24,22,15,10,37,63,48,7,26,36,25,40,43,45,30,52,47,38,21,1,23,8,31,56
13,45,60,63,49,5,28,51,61,0,19,25,26,17,1,46,2,40,53,36,8,62,43,44,30,9,24,47,48,58,27,16,41,23,3,59,39,37,29,7,54,18,50,32,34,11,57,4,52,33,12,35,42,6,21,15,56,14,38,31,20,10,55,22
24,49,0,32,45,1,52,8,37,42,11,31,19,34,27,56,3,55,25,57,46,15,28,63,13,23,59,60,35,12,41,48,4,51,20,33,10,18,2,17,53,7,40,36,14,21,5,22,9,61,62,29,38,6,30,47,54,16,44,39,43,26,58,50
35,39,58,9,61,0,56,55,1,25,53,10,37,26,18,19,3,30,29,47,41,7,34,21,62,45,57,48,46,60,49,31,12,11,52,5,63,4,38,44,33,24,28,42,54,2,23,6,16,27,51,20,14,40,8,43,32,17,15,59,22,50,36,13
4,30,60,6,57,7,10,47,21,13,51,53,55,38,24,0,33,56,45,43,23,48,14,52,11,19,37,63,8,42,2,22,18,39,44,1,3,12,58,15,16,62,26,5,31,27,34,25,29,9,36,28,35,49,17,54,59,41,46,50,40,32,61,20
49,13,10,47,61,60,34,24,22,7,55,57,41,29,21,40,4,2,52,26,43,46,28,30,54,58,42,45,12,51,0,63,48,33,39,56,14,16,5,19,20,31,1,9,62,38,23,17,6,44,32,50,3,35,36,11,53,25,59,8,15,37,27,18
25,38,11,15,62,0,3,18,55,27,52,45,43,6,49,48,51,22,31,35,28,50,2,13,17,53,10,47,24,41,44,16,5,7,40,1,33,57,14,20,42,32,58,26,61,12,8,60,56,4,9,36,59,30,34,54,29,39,63,46,21,23,19,37
45,54,6,57,15,25,35,59,18,55,53,50,41,4,10,38,36,0,27,2,63,46,60,30,16,5,37,1,11,40,31,44,7,8,42,21,47,58,48,12,29,32,61,39,3,17,24,33,34,23,51,20,22,56,43,9,62,14,13,19,26,28,49,52
52,45,33,32,17,28,56,6,58,21,35,62,38,1,40,9,43,41,8,27,5,34,31,24,18,12,50,20,63,36,23,54,53,2,42,60,14,37,11,16,57,51,46,55,0,48,22,47,29,61,26,4,30,13,19,7,59,15,49,39,25,44,3,10
50,32,4,1,5,37,41,17,30,10,13,60,27,62,55,2,61,58,34,20,48,26,42,45,56,53,33,8,52,16,12,18,14,59,22,21,39,47,23,29,46,25,43,31,54,51,9,15,63,28,3,44,24,57,38,19,36,35,7,40,11,49,0,6
49,59,38,50,52,3,46,36,57,24,27,15,43,17,22,11,16,20,12,56,26,63,33,28,58,31,61,1,0,55,40,8,45,2,44,23,13,47,34,42,48,21,18,9,6,14,19,5,29,62,7,41,60,39,30,32,25,54,37,4,51,53,35,10
16,6,7,32,51,17,14,4,62,49,36,23,53,29,20,26,41,43,8,19,30,31,50,1,46,44,63,28,47,56,12,27,2,35,22,15,34,18,54,39,45,52,55,59,13,40,48,5,3,9,37,57,10,61,60,58,11,25,21,24,42,0,33,38
41,11,21,16,3,59,31,60,48,17,63,24,54,29,4,26,35,47,52,15,30,55,32,28,19,43,18,20,62,40,61,6,37,44,56,12,14,13,51,9,46,22,50,2,5,0,58,7,27,42,34,33,57,8,38,53,10,1,23,45,39,36,25,49
14,1,62,57,49,33,38,18,52,56,28,29,37,47,27,55,44,13,17,26,40,46,3,32,34,22,2,4,39,8,24,0,61,15,9,48,50,21,58,23,10,11,7,51,36,12,41,5,19,25,30,60,54,45,53,20,16,35,43,59,63,6,42,31
26,9,39,28,18,41,42,56,57,52,20,19,31,33,3,50,60,15,2,23,17,0,53,4,49,43,58,54,37,1,7,45,16,35,34,40,27,62,55,13,24,14,22,10,8,11,6,44,51,61,30,25,29,5,63,36,47,38,32,12,59,21,48,46
50,37,8,63,33,38,26,48,54,53,46,57,25,6,28,19,27,7,4,40,15,60,23,32,34,12,0,59,21,13,14,11,9,29,5,55,31,45,24,43,2,18,20,36,39,41,30,51,42,16,56,10,22,62,35,44,47,58,3,49,1,61,17,52
35,30,47,60,13,57,51,10,33,6,34,58,8,0,24,23,26,43,14,45,46,41,49,12,53,63,21,40,62,1,11,19,2,27,4,38,18,37,48,15,16,22,54,50,17,29,55,9,36,39,20,25,32,44,61,56,28,5,31,59,3,42,7,52
40,14,60,5,8,11,37,21,18,51,34,33,22,28,55,54,32,52,62,16,45,44,20,29,41,10,0,63,53,43,39,47,56,35,19,7,58,31,12,61,25,9,13,15,30,48,49,17,36,4,42,3,6,24,26,57,46,2,59,38,1,50,27,23
51,10,40,46,49,23,53,63,4,57,0,7,17,44,29,19,20,61,36,47,1,50,15,62,59,16,28,32,48,31,35,9,39,8,52,56,42,14,3,25,2,38,58,27,21,30,22,41,33,11,12,45,13,18,55,34,54,26,60,6,43,24,5,37
27,58,61,37,30,52,21,1,19,48,11,45,3,0,40,50,15,7,59,16,20,26,43,44,28,24,51,54,42,39,62,63,57,31,12,14,25,8,29,9,5,23,35,13,18,46,53,33,56,32,6,55,49,17,38,34,10,41,22,4,36,60,2,47
3,47,29,52,27,23,2,21,1,10,31,18,4,35,53,25,62,63,28,44,49,8,61,41,19,16,26,22,37,46,39,11,17,43,58,5,45,40,0,55,42,50,14,12,60,32,15,38,7,48,6,51,54,33,34,59,36,20,13,24,9,30,56,57
45,27,40,24,41,43,18,59,34,21,61,46,57,58,28,63,39,11,5,62,47,19,29,35,3,0,48,14,15,4,32,22,20,38,17,60,23,1,44,42,49,26,16,33,25,51,12,9,6,31,36,56,8,50,53,13,54,55,37,10,52,2,7,30
2,16,7,48,34,39,50,13,12,32,40,11,23,52,33,45,44,31,18,26,5,14,19,36,8,9,61,21,60,43,6,54,55,24,46,63,42,59,3,22,10,57,27,53,49,38,20,56,62,47,58,1,37,0,4,17,41,28,25,51,29,15,30,35
34,31,59,16,45,30,18,49,36,24,19,6,9,41,62,32,51,58,60,44,20,23,61,33,10,38,63,17,26,37,11,28,22,3,0,54,15,27,5,55,13,40,4,43,25,12,8,21,2,7,35,52,39,48,46,57,29,47,56,53,1,42,50,14
32,38,40,36,42,24,2,27,9,60,41,17,30,55,34,37,29,49,8,11,12,23,15,20,7,59,53,31,3,18,39,58,57,44,47,52,62,14,0,35,19,16,25,61,28,13,45,22,1,5,10,63,6,4,50,46,51,54,56,48,33,26,21,43
49,20,53,14,51,60,42,52,62,16,44,37,24,46,10,32,1,41,11,35,39,38,28,19,47,18,55,30,36,59,58,31,12,2,45,26,57,25,4,29,27,43,3,54,56,17,21,9,8,15,6,63,40,7,34,61,0,13,48,22,50,23,33,5
47,7,48,55,51,56,8,30,34,15,33,22,57,24,40,42,43,32,18,11,13,50,14,25,35,1,59,61,17,21,62,12,31,37,36,3,0,28,6,10,19,52,4,38,23,44,63,26,54,60,49,41,20,16,5,9,58,45,39,46,29,2,53,27
34,20,63,5,14,1,57,46,60,35,31,18,47,42,25,28,38,36,24,51,27,40,3,22,55,13,48,44,45,9,17,21,53,58,43,61,19,0,23,7,54,4,62,29,6,8,37,12,39,49,15,30,59,41,26,56,52,2,16,10,50,33,32,11
13,4,10,45,25,7,48,62,52,31,54,60,8,38,16,57,36,46,56,26,20,12,21,49,41,22,51,2,15,61,11,43,14,37,50,3,58,42,63,35,33,17,9,59,0,24,28,29,55,19,18,39,44,23,5,53,34,27,6,32,1,30,47,40
15,44,28,30,0,27,56,11,48,14,40,62,35,32,19,6,21,3,54,60,38,34,1,52,25,49,20,17,8,53,13,45,41,59,39,33,46,4,47,43,22,63,24,12,16,36,23,31,50,58,42,5,61,7,51,26,57,9,2,55,37,29,10,18
25,18,23,49,31,37,54,26,43,36,24,44,4,33,61,35,1,42,11,14,13,56,55,29,15,52,46,47,22,16,10,17,63,39,2,60,20,32,6,48,3,9,27,38,57,45,5,41,62,50,30,21,12,34,19,28,7,8,53,0,51,58,59,40
37,10,15,25,46,57,2,34,41,49,13,54,61,23,36,20,58,53,63,0,55,18,45,43,35,21,14,29,62,52,40,7,26,51,16,27,60,59,44,50,47,33,22,5,19,8,9,32,24,4,39,42,56,3,12,17,30,38,31,28,6,1,11,48
5,0,53,29,26,16,49,60,18,56,13,52,10,8,44,62,36,23,63,14,57,39,33,32,11,48,4,20,37,27,1,30,19,34,43,46,58,47,2,21,35,25,50,55,45,12,7,3,54,28,61,59,51,15,31,41,40,24,6,22,42,38,17,9
62,32,15,16,11,28,17,44,26,50,39,14,10,22,37,46,24,36,9,1,42,6,58,56,12,19,51,48,0,20,57,52,59,33,8,35,43,27,41,49,55,5,4,29,63,38,47,34,30,23,13,21,53,60,31,3,40,45,2,7,61,18,25,54
18,26,53,63,52,35,46,22,51,45,0,43,27,55,31,36,54,56,62,39,49,13,19,8,60,57,37,15,40,42,32,1,59,44,21,10,23,16,5,48,20,14,38,29,11,3,2,4,30,17,25,58,12,50,41,7,24,61,28,47,9,6,33,34
42,60,59,63,49,1,15,24,7,62,5,29,0,17,13,58,21,33,11,41,50,20,18,9,14,2,55,8,36,61,4,30,46,12,31,26,16,54,3,57,35,48,47,23,6,44,19,51,25,22,39,52,34,53,56,32,27,28,43,38,37,40,45,10
45,52,20,61,18,15,25,44,57,32,36,33,27,10,51,2,46,59,55,1,21,50,7,3,40,54,56,43,63,38,22,5,30,17,12,37,39,16,19,8,4,47,9,35,14,29,49,13,11,60,62,24,23,48,53,34,42,31,41,58,0,6,28,26
12,25,14,35,24,30,31,49,48,38,58,42,6,36,20,9,2,39,17,60,32,52,0,29,18,55,40,13,62,21,56,19,3,54,11,44,53,7,45,57,15,10,51,16,41,46,34,5,47,43,59,23,8,33,63,37,27,22,61,26,1,50,4,28
60,29,12,31,38,44,8,9,24,22,42,40,41,57,59,49,36,55,35,19,48,33,26,10,1,54,21,62,51,56,13,34,4,53,32,47,27,28,63,58,25,20,0,52,3,7,16,45,46,30,11,61,6,18,50,39,2,17,15,43,5,23,14,37
44,24,36,62,20,7,52,39,15,4,31,8,43,40,11,55,42,51,16,18,53,6,41,26,61,37,50,35,2,10,14,60,57,0,33,46,3,17,38,32,27,9,63,48,34,22,12,25,19,54,30,56,13,47,58,21,28,29,45,49,1,5,23,59
61,43,7,59,30,27,41,0,63,31,21,49,57,16,4,10,44,23,47,58,9,17,40,11,46,36,62,22,52,20,29,38,55,2,25,28,13,15,48,1,12,32,19,54,60,50,5,8,53,39,3,37,51,42,56,45,24,18,33,26,6,14,35,34
34,46,7,60,41,47,32,40,63,33,38,9,25,8,11,22,53,59,29,24,23,54,2,45,58,55,35,28,51,16,27,57,13,62,17,37,0,15,12,6,36,10,1,52,20,19,31,43,30,56,21,61,4,48,50,39,49,42,3,18,5,44,26,14
38,37,35,5,12,46,41,29,47,43,6,36,59,19,10,20,55,23,22,45,0,4,53,50,54,44,61,21,31,8,9,30,7,18,24,52,56,63,25,58,39,2,57,15,60,3,33,16,32,49,11,42,51,62,13,34,40,27,26,48,28,14,1,17
13,3,17,18,30,16,46,31,26,44,20,39,32,50,2,25,54,58,40,38,29,33,28,1,0,15,24,61,22,34,6,11,52,9,47,45,55,5,63,60,37,41,23,4,7,62,49,19,36,8,12,48,57,10,14,59,42,27,35,56,51,43,21,53
20,15,0,40,5,1,36,52,55,27,39,34,45,31,28,21,58,47,41,24,50,17,60,10,42,48,7,4,62,2,30,8,56,12,18,57,29,46,53,6,32,14,61,9,11,59,63,49,44,22,26,43,23,3,33,25,54,16,35,37,13,51,19,38
13,9,2,19,48,12,1,6,47,27,51,34,26,60,62,41,40,15,63,56,32,52,35,54,55,29,61,36,22,37,3,14,25,49,59,17,42,53,20,33,18,44,23,50,58,7,0,4,11,39,5,8,46,43,10,24,30,31,21,38,28,57,16,45
14,59,63,54,16,47,31,3,37,43,15,10,38,26,46,60,36,12,35,24,6,55,30,48,45,11,34,27,52,44,51,62,41,9,4,22,2,17,20,0,32,57,50,5,61,29,25,19,58,8,39,18,42,40,1,13,56,53,33,23,21,49,7,28
13,62,20,3,45,22,8,60,39,23,52,30,46,4,27,25,59,31,16,49,29,58,21,5,2,26,15,10,44,43,47,1,14,9,40,6,18,19,61,53,56,51,50,63,55,34,0,48,32,57,54,42,33,17,24,7,35,41,36,28,37,38,12,11
4,6,12,63,32,52,34,37,36,62,35,56,23,59,28,40,1,16,17,8,11,14,46,3,41,43,57,9,27,26,10,48,61,39,51,47,49,15,38,53,54,42,7,55,19,45,50,58,29,60,33,5,2,30,21,0,20,22,13,18,31,44,24,25
2,27,49,59,61,44,51,34,17,14,23,47,63,45,4,39,31,0,36,60,32,43,25,22,40,8,30,50,62,5,10,19,33,41,38,55,58,13,1,15,29,20,53,26,6,7,52,11,21,57,37,28,46,42,35,18,16,54,3,56,48,9,12,24
61,63,19,49,6,5,57,32,43,3,59,41,9,20,56,40,48,45,11,52,15,13,25,31,46,34,62,2,39,53,35,16,42,26,33,47,54,10,29,17,55,50,28,51,24,58,21,38,14,30,12,22,36,7,44,60,27,4,37,0,23,8,18,1
21,25,57,1,15,55,16,14,17,60,53,12,52,22,30,40,54,38,34,62,13,35,6,42,59,23,29,10,8,0,43,49,50,33,18,2,32,36,4,27,41,48,20,44,31,47,39,63,7,5,45,3,11,51,24,58,56,9,37,61,26,19,46,28
8,36,46,62,56,61,44,34,59,10,5,1,45,38,27,17,37,41,32,42,20,58,23,21,6,24,28,52,0,40,16,3,43,26,2,60,22,49,29,25,31,54,35,18,55,4,53,30,11,48,19,57,63,51,14,47,9,39,50,15,7,12,13,33
25,37,38,50,41,21,61,19,53,22,1,32,23,11,17,29,31,62,12,33,18,36,42,34,20,6,58,4,14,63,54,45,44,55,9,7,3,35,46,16,40,5,51,24,0,52,59,15,27,47,48,13,56,43,57,10,28,39,26,49,2,60,8,30
15,4,57,41,56,51,16,18,25,45,7,31,48,62,6,22,28,27,39,34,33,38,63,17,60,1,61,26,44,32,42,12,43,21,46,50,20,19,13,30,10,23,0,53,52,37,8,55,14,54,24,3,5,40,2,11,9,59,36,35,49,58,47,29
36,31,8,60,47,42,54,26,25,58,21,51,2,49,12,38,27,15,14,44,16,0,1,20,13,52,56,6,61,24,7,30,10,32,5,4,57,17,41,22,19,29,43,33,63,59,53,34,39,46,28,62,50,23,48,37,55,18,11,9,35,3,40,45
1,44,4,36,30,6,16,26,50,31,12,61,19,14,0,58,33,5,49,20,27,43,42,56,23,34,54,11,37,3,46,55,62,47,7,48,53,57,17,15,32,9,60,22,40,28,41,52,38,39,45,18,25,63,29,24,2,35,13,10,59,51,21,8
37,10,16,59,51,13,33,48,43,63,24,50,2,15,12,23,11,41,35,4,54,3,61,5,30,34,56,17,27,44,62,32,42,55,21,31,39,46,26,28,14,58,19,38,53,40,45,47,9,22,25,1,0,36,8,7,60,6,52,29,49,57,18,20
41,11,20,38,47,22,15,18,17,37,12,26,1,30,27,54,60,56,57,42,55,33,46,44,63,10,61,51,53,59,31,2,19,52,62,8,50,48,3,6,5,58,49,16,39,35,45,7,13,14,43,9,36,25,4,21,34,23,24,0,29,40,32,28
60,51,57,27,1,18,22,36,8,31,40,10,20,43,12,55,62,58,13,34,32,21,11,54,23,56,26,17,49,50,59,39,52,9,5,63,6,4,33,30,16,48,61,29,19,44,2,3,45,28,0,37,38,25,15,42,35,14,24,46,47,53,7,41
52,54,51,27,17,42,16,21,7,30,41,60,23,6,49,26,20,46,61,24,36,44,12,47,50,18,14,34,3,15,11,8,10,40,0,1,9,35,37,57,28,5,55,4,19,43,33,31,53,29,38,2,56,62,22,25,32,63,39,59,13,45,58,48
37,7,30,48,15,34,41,0,39,31,47,19,14,23,32,3,36,43,11,42,2,62,63,28,35,26,53,12,59,38,51,52,33,27,49,58,40,57,61,18,50,60,25,4,56,20,21,9,8,55,44,45,17,1,13,5,46,54,29,16,6,10,22,24
9,29,57,20,36,25,12,58,23,62,63,2,15,60,35,51,44,13,0,21,6,33,4,55,3,28,18,56,10,5,42,22,52,32,43,38,14,16,41,61,17,50,54,37,19,11,26,7,24,8,1,27,59,34,48,39,49,46,31,53,40,45,30,47
10,47,31,58,46,15,16,32,44,12,13,56,14,40,45,25,17,2,4,52,42,36,18,48,19,41,38,7,21,39,57,35,22,55,37,20,27,1,11,3,59,62,8,63,33,24,50,61,51,60,54,23,43,34,53,26,30,28,9,6,49,29,5,0
58,6,33,48,9,24,42,45,0,37,52,38,63,57,23,62,46,29,15,51,61,13,40,50,56,3,14,49,12,32,55,41,17,7,31,39,8,1,25,59,47,36,16,60,28,21,30,35,20,18,2,54,27,10,11,43,4,53,34,26,19,22,5,44
23,12,51,44,11,34,35,49,38,37,58,63,46,13,50,45,52,62,7,20,14,55,27,0,31,21,33,19,36,39,17,61,24,26,40,60,18,59,43,56,8,48,4,54,10,1,5,9,16,53,32,28,2,47,25,42,57,22,29,15,3,30,41,6
8,26,62,16,21,34,30,31,13,50,24,33,27,2,15,58,42,53,47,29,9,37,56,40,48,38,23,52,19,14,61,1,36,3,0,7,28,22,10,6,49,17,35,54,5,57,11,51,60,59,39,43,4,44,55,18,25,12,45,41,63,32,20,46
3,58,49,41,59,16,46,62,21,53,52,14,47,43,8,2,5,1,4,28,27,32,56,12,38,34,44,63,13,17,20,18,35,33,10,25,45,55,42,26,23,11,39,22,36,0,61,51,24,48,54,9,50,15,30,19,60,31,6,37,57,40,7,29
33,20,30,2,22,52,16,58,56,59,21,42,39,60,5,13,62,36,45,49,25,38,0,50,46,47,27,31,11,29,23,18,32,37,43,51,1,17,10,35,6,57,55,48,7,61,40,63,28,41,15,14,3,9,53,8,24,54,44,4,12,19,34,26
30,46,8,29,28,18,14,39,17,9,54,32,6,7,2,43,51,55,13,58,44,35,22,16,33,19,62,15,21,25,59,53,50,31,45,40,5,26,56,42,57,34,41,23,60,36,20,49,37,61,4,27,52,63,0,11,3,1,24,48,12,10,38,47
4,59,48,28,0,21,19,10,42,25,54,38,46,11,32,63,35,6,8,43,52,50,37,5,9,45,33,3,51,41,61,2,55,44,60,13,29,15,7,26,24,49,27,23,57,34,12,53,36,39,30,47,31,22,16,17,58,56,20,62,40,18,1,14
44,12,1,19,59,9,31,55,14,57,45,50,43,17,2,20,23,18,3,7,40,39,0,36,52,48,47,27,10,25,4,11,60,28,54,22,34,58,6,53,21,42,41,13,46,15,32,5,51,56,35,37,8,26,24,30,62,33,38,29,61,16,63,49
30,21,63,43,32,12,8,13,49,6,35,57,51,42,48,3,19,45,10,55,50,23,17,37,38,33,60,44,54,1,53,46,27,16,41,26,18,14,34,5,24,52,39,40,9,47,56,4,61,59,36,25,7,62,29,28,0,2,22,15,58,31,20,11
17,43,28,19,13,2,49,46,18,21,62,14,63,20,8,32,1,60,58,55,25,47,52,23,24,6,10,57,35,48,29,30,12,41,39,4,0,11,56,15,7,59,53,16,61,3,44,42,26,33,34,50,31,38,36,37,40,9,22,51,27,45,54,5
55,53,19,15,34,18,14,40,27,2,30,25,39,1,51,24,52,32,61,5,6,11,45,46,47,48,43,22,42,20,26,56,13,21,37,16,28,8,35,41,17,4,3,58,29,36,0,60,23,31,9,44,54,57,10,62,38,63,12,33,59,7,49,50
63,10,53,8,41,50,62,3,34,16,0,5,35,26,40,12,60,56,14,44,17,57,11,43,59,52,30,54,15,31,48,36,28,27,55,39,58,25,37,2,46,13,4,21,33,49,1,51,18,7,38,45,9,6,32,42,23,22,20,19,24,29,61,47
54,30,20,58,47,60,27,39,48,9,38,22,11,26,15,63,56,28,51,17,40,52,50,42,62,19,35,37,57,8,12,46,43,0,59,45,14,16,13,6,32,5,53,33,25,36,2,1,4,3,34,23,7,29,24,49,18,10,41,55,44,31,61,21
9,4,42,56,35,24,50,46,21,26,22,14,6,17,39,25,51,53,33,37,57,19,55,15,62,7,13,61,2,18,27,58,49,1,48,11,10,5,12,28,23,36,20,45,38,29,47,34,54,63,52,31,8,59,30,44,32,43,60,3,0,16,40,41
29,63,61,35,24,25,2,43,32,42,52,40,5,45,27,46,23,59,49,37,44,21,18,9,4,54,22,11,16,55,26,34,48,53,38,3,33,1,20,39,13,31,14,50,8,41,15,17,62,28,10,0,51,19,6,30,60,7,56,47,58,57,36,12
33,22,40,21,3,50,18,6,36,0,16,51,12,42,52,62,14,48,20,59,8,61,45,41,11,34,32,46,24,23,27,60,47,54,30,43,26,55,39,29,5,35,63,1,49,2,10,17,38,37,28,56,57,31,7,19,53,44,15,58,4,9,13,25
28,29,49,45,35,7,56,4,23,44,22,36,27,40,9,62,8,10,30,57,34,13,41,52,25,54,51,24,53,21,59,63,12,19,16,18,38,33,6,47,37,43,61,0,2,48,58,55,1,46,3,14,15,5,26,11,60,32,42,31,17,50,20,39
54,57,14,21,35,25,45,18,61,28,13,53,56,2,44,60,26,24,40,30,12,4,36,41,19,42,11,20,50,33,38,51,7,17,55,48,0,63,16,46,1,58,5,62,34,37,39,23,32,10,59,6,49,29,31,43,9,3,27,52,8,15,47,22
41,57,46,35,27,13,11,61,54,21,25,24,43,48,42,6,45,62,18,17,31,51,50,39,47,40,19,56,30,5,14,28,16,33,12,23,7,29,52,53,9,10,3,59,38,1,2,36,8,22,20,0,49,15,60,4,37,55,44,58,34,26,63,32
8,15,41,0,58,37,2,57,3,43,20,10,51,63,24,60,19,5,45,50,9,59,55,26,34,16,39,4,42,22,48,53,28,6,18,33,31,52,12,54,49,21,17,56,7,27,46,47,11,35,32,38,61,40,30,36,62,25,23,44,1,29,13,14
40,17,22,21,57,25,7,46,3,39,8,44,35,14,26,45,47,32,36,6,49,50,28,48,61,5,41,27,1,11,9,0,54,37,62,31,55,12,38,59,30,34,18,42,20,29,58,19,56,4,15,10,60,53,24,52,2,13,33,16,23,63,51,43
20,1,13,28,3,49,63,22,27,50,47,45,43,58,44,53,18,23,29,17,35,34,59,41,36,26,8,51,42,33,5,15,46,37,10,48,39,60,25,12,54,62,24,32,21,30,31,56,7,40,19,16,4,61,6,11,57,14,38,55,52,0,9,2
26,53,12,28,16,47,60,48,39,59,11,56,10,34,0,21,4,35,6,37,29,17,27,23,9,7,58,33,36,19,62,1,24,3,8,42,61,15,2,38,13,49,31,51,44,22,32,54,45,41,5,14,46,63,52,18,57,30,40,43,55,25,50,20
12,36,16,53,49,0,11,47,4,10,62,9,26,39,8,18,1,42,54,17,51,43,55,31,44,13,59,61,41,27,21,35,60,20,46,3,40,57,32,15,38,14,29,52,28,6,48,45,50,19,5,37,56,7,25,22,23,33,24,58,30,63,34,2
61,29,50,25,57,22,56,31,51,46,55,35,41,30,8,7,39,3,58,34,12,63,59,15,10,2,0,23,52,18,6,62,21,1,26,5,19,4,49,33,9,16,36,43,20,40,45,37,38,17,44,32,48,14,28,24,54,27,11,60,42,13,47,53
37,8,50,61,24,0,29,57,20,40,12,14,23,16,17,21,15,34,58,26,27,49,10,22,18,51,7,19,11,3,31,13,56,63,52,41,36,5,54,53,43,42,60,2,55,48,1,46,44,32,38,28,59,45,35,6,33,4,25,39,9,47,30,62
5,47,32,13,57,53,52,63,28,60,54,9,8,27,23,25,7,24,14,22,51,1,42,12,29,59,41,11,40,43,18,36,31,38,44,21,62,45,30,49,39,6,26,19,56,0,17,35,4,58,10,55,34,50,3,48,20,15,16,33,2,37,61,46
22,51,19,15,2,55,25,41,18,23,59,47,46,29,61,60,11,21,17,57,36,9,49,24,16,53,4,50,33,1,34,48,37,7,38,8,32,10,27,0,13,54,63,58,42,14,5,30,52,44,62,20,28,26,56,31,43,12,40,39,35,6,3,45
57,33,43,32,22,58,44,53,12,2,8,25,40,63,17,5,42,47,4,20,7,56,16,31,6,41,29,50,15,39,34,10,26,14,28,9,38,45,55,49,24,18,61,48,52,23,60,11,0,21,51,1,59,36,37,19,35,54,30,3,46,62,13,27
42,13,62,57,28,43,61,20,60,51,1,59,32,23,55,34,9,27,25,10,21,12,39,8,19,18,50,29,63,16,49,58,56,14,17,0,54,36,3,35,11,38,24,45,22,53,15,33,4,46,30,26,37,47,7,40,41,48,6,2,5,44,31,52
60,37,6,35,22,43,46,54,48,20,29,13,19,38,62,11,34,28,5,18,2,24,26,41,8,0,36,33,45,52,32,59,27,51,1,23,14,53,58,17,12,42,55,44,10,40,39,4,3,31,50,7,57,47,25,30,15,16,21,61,56,9,63,49
0,13,32,41,4,24,33,52,15,21,49,2,51,56,8,63,17,42,43,22,47,29,10,16,39,38,18,54,27,28,7,1,37,53,31,14,34,3,61,26,46,35,55,44,19,30,45,59,57,5,12,60,23,58,11,25,36,40,9,62,6,50,48,20
19,61,14,49,33,3,18,36,39,62,30,34,51,42,38,17,6,13,25,31,57,48,55,56,41,21,11,23,2,63,37,44,47,40,27,45,12,53,52,26,4,1,16,29,60,28,5,46,50,0,54,15,59,10,35,8,32,43,9,58,24,20,7,22
1,24,7,30,25,40,57,18,4,26,14,55,28,46,54,35,52,50,9,13,49,5,60,29,31,21,47,44,27,19,20,62,38,48,22,33,8,2,37,59,39,34,63,42,32,58,43,36,6,17,51,61,45,0,41,10,12,53,11,23,3,15,16,56
47,58,29,20,9,33,24,12,21,45,43,26,59,31,27,10,41,14,52,42,2,36,62,49,22,34,15,53,46,51,44,0,37,55,35,8,11,23,50,18,1,61,17,54,7,5,13,25,4,63,3,19,57,40,6,39,56,28,16,38,60,32,30,48
1,45,44,39,56,2,35,59,24,51,42,33,17,50,8,4,18,53,38,6,41,27,52,19,20,58,28,26,22,11,7,31,34,49,9,57,0,13,29,54,16,47,5,25,23,40,61,32,46,37,3,48,10,14,63,62,30,43,36,15,21,55,12,60
60,53,52,11,35,28,12,45,37,56,1,6,22,2,42,24,27,26,15,39,33,63,20,48,57,17,30,16,18,9,4,31,41,19,32,14,46,10,38,29,59,40,49,21,13,58,47,5,8,34,43,50,55,62,61,7,3,54,23,0,36,51,25,44
24,59,47,62,39,43,13,34,49,12,7,17,14,53,37,16,23,3,44,0,32,38,33,28,55,19,36,51,40,61,31,6,56,50,46,52,2,57,10,1,20,8,27,9,21,29,25,5,63,42,58,45,22,15,4,30,60,35,41,48,26,11,54,18
34,17,8,51,36,11,47,6,0,9,43,63,13,25,23,37,35,62,57,2,5,24,1,41,48,39,46,20,38,40,3,31,15,49,50,59,52,18,10,33,27,55,4,56,29,32,30,7,45,54,44,58,21,19,60,12,53,42,28,16,26,61,14,22
26,5,28,62,0,24,40,32,15,63,50,8,61,1,53,30,27,2,52,41,59,7,14,11,16,19,49,21,60,9,35,55,10,13,43,48,34,18,29,44,57,17,22,12,33,42,23,37,45,25,39,6,58,47,36,38,51,56,46,20,31,4,3,54
31,54,56,55,14,28,15,7,8,57,48,61,38,50,9,13,40,33,44,59,6,62,17,36,58,20,37,60,49,12,46,18,45,26,3,24,47,5,52,29,63,11,10,35,25,0,34,4,42,1,39,32,21,27,41,30,19,23,2,51,43,22,53,16
50,60,26,6,59,19,20,1,18,33,46,37,41,15,42,31,35,8,38,17,55,9,21,36,44,61,48,53,25,29,56,12,39,14,45,7,2,13,52,51,3,49,40,32,47,11,4,63,5,54,23,57,34,22,43,62,27,16,28,24,10,58,30,0
55,13,16,20,41,48,61,54,62,52,40,18,26,39,44,10,3,7,1,17,63,53,23,5,51,2,60,28,32,34,6,14,29,9,49,11,21,22,37,57,47,42,0,30,33,38,56,8,27,15,24,31,25,45,35,58,46,50,59,12,4,19,43,36
41,25,10,59,39,22,20,40,36,32,53,12,49,37,62,4,14,5,52,19,28,0,9,43,50,47,15,1,3,56,51,34,60,2,55,23,7,61,27,46,33,31,35,42,17,58,24,29,11,48,45,18,21,63,38,57,26,16,54,8,13,44,6,30
1,44,29,43,9,22,4,13,33,54,30,57,12,17,39,47,11,21,49,26,46,10,50,16,61,51,35,59,40,63,42,56,36,24,3,53,52,20,19,48,23,5,37,28,27,34,8,14,15,2,7,55,32,25,0,62,41,45,58,31,60,18,6,38
34,14,20,32,36,44,21,38,13,57,0,59,61,51,48,43,31,63,30,4,35,6,23,29,46,33,5,3,22,10,45,12,56,62,8,39,60,25,55,17,52,37,27,2,24,1,54,41,58,26,42,19,53,7,49,50,15,16,18,9,11,40,28,47
48,27,36,55,20,60,16,42,37,7,58,15,0,47,44,30,5,3,35,28,43,14,21,9,2,6,59,33,56,41,61,12,17,53,52,22,46,50,10,39,19,18,13,24,54,51,34,32,31,11,29,63,4,62,40,8,49,38,26,25,1,45,23,57
53,40,11,54,15,20,26,13,61,60,55,35,58,14,23,33,62,17,10,4,25,39,18,5,52,6,34,3,51,16,44,1,46,48,47,31,30,29,7,37,45,49,19,38,50,43,27,0,63,2,36,8,41,32,9,12,42,59,24,56,21,28,57,22
49,52,38,30,51,53,40,57,50,9,42,46,2,61,28,11,56,15,43,60,37,35,33,23,48,5,55,22,1,16,39,29,20,62,45,19,27,36,44,63,31,25,18,13,59,3,14,26,12,10,54,34,0,17,58,7,21,4,6,47,32,24,41,8
4,41,46,20,15,32,24,36,19,6,11,10,17,3,45,16,37,52,62,22,59,44,28,34,14,33,49,29,53,43,8,55,5,30,39,40,27,1,0,50,38,2,61,25,21,56,23,9,31,54,57,51,12,18,42,58,7,13,26,60,35,47,48,63
17,29,51,10,42,36,43,37,18,40,38,7,41,16,53,5,6,57,22,44,50,19,3,9,34,52,48,35,54,26,28,61,31,24,11,56,63,13,62,33,8,12,2,59,32,4,21,25,46,39,58,27,47,45,14,20,1,30,60,49,55,15,0,23
22,17,14,57,47,12,21,9,56,18,59,44,10,52,8,26,39,34,35,19,43,45,36,51,13,7,24,55,5,6,32,20,38,30,48,16,1,37,60,28,63,58,31,62,27,50,33,3,46,15,0,41,23,49,4,54,40,53,61,29,11,42,2,25
0,1,63,20,12,33,60,8,16,50,56,34,25,43,27,45,32,47,21,54,3,28,40,57,7,58,6,49,14,35,39,31,51,55,4,24,29,62,59,5,26,46,48,44,10,53,11,13,9,52,30,22,2,61,41,42,19,36,37,23,15,17,38,18
40,17,50,57,42,60,5,53,37,18,56,21,25,19,35,29,7,26,28,2,4,32,63,45,38,20,48,58,6,59,55,10,16,22,24,30,9,13,23,27,43,61,49,0,51,34,1,31,11,12,47,62,39,52,14,8,3,41,44,46,36,54,15,33
28,5,22,26,8,48,60,50,55,16,20,38,53,56,46,15,18,59,54,58,33,39,52,32,10,1,41,43,29,61,2,7,3,24,34,44,11,0,23,42,12,36,57,30,25,45,35,47,13,9,21,51,19,4,37,63,62,31,49,14,27,17,6,40
12,16,34,51,5,21,29,37,39,20,58,43,47,50,54,44,49,52,62,6,53,13,26,17,41,8,1,63,18,15,23,32,33,25,24,27,48,3,0,60,2,14,7,46,38,30,10,55,35,61,31,45,42,56,40,28,59,19,11,57,22,9,4,36
37,52,3,9,48,34,40,25,46,32,28,53,57,51,60,27,30,22,62,12,15,16,17,31,18,1,47,24,50,23,2,44,5,41,20,26,45,58,38,42,49,63,43,19,0,33,11,61,36,8,10,59,54,6,55,4,29,21,14,35,39,56,13,7
22,16,42,5,20,57,15,8,9,2,23,28,56,46,47,27,53,36,33,37,60,61,0,59,63,19,51,24,40,17,14,4,18,43,13,30,35,41,7,39,32,62,31,3,34,38,54,6,48,11,52,21,58,49,26,29,44,25,10,12,50,45,1,55
30,35,23,21,4,39,55,1,52,24,42,27,47,11,9,59,3,49,54,44,19,34,14,46,13,45,50,32,0,6,2,48,16,43,22,63,36,51,41,25,18,57,33,60,58,20,5,29,10,7,38,31,37,15,28,40,62,56,26,12,61,8,17,53
17,29,20,31,26,38,23,45,2,43,53,50,62,9,58,24,52,51,4,0,63,42,48,18,21,15,25,55,6,1,30,8,60,54,44,27,10,32,19,11,57,33,47,3,39,5,37,34,28,49,16,61,41,14,7,46,22,13,36,59,12,56,35,40
5,11,2,34,26,58,3,37,30,21,28,29,50,4,55,33,61,20,14,47,48,25,18,23,46,35,0,13,9,63,8,40,16,52,38,19,44,7,15,6,24,27,12,22,57,41,32,60,62,10,59,43,1,31,54,53,39,42,36,17,56,49,45,51
48,57,16,27,56,58,54,22,62,14,45,10,37,34,55,41,0,28,42,33,12,20,29,13,32,43,5,7,23,2,51,59,50,49,15,21,35,60,4,24,3,44,39,30,26,17,11,38,46,61,63,9,18,1,47,36,8,31,25,6,53,52,40,19
50,26,28,35,54,12,31,58,7,63,38,4,44,0,61,29,39,16,33,57,24,53,42,48,45,23,25,20,59,6,30,56,37,62,21,32,19,15,60,13,18,14,1,17,43,10,27,9,52,5,46,11,55,3,49,40,34,36,47,22,51,41,2,8
17,38,63,50,13,44,22,18,15,57,21,3,30,35,47,6,10,34,54,51,52,25,27,8,56,1,11,37,61,33,29,23,40,42,2,36,32,53,46,43,14,24,16,62,4,28,58,45,26,41,5,20,31,49,59,7,12,39,48,9,55,19,60,0
58,38,44,27,17,12,35,37,21,31,52,49,41,43,61,4,20,63,54,56,60,18,6,46,10,11,8,0,55,5,57,59,25,22,42,13,15,24,47,9,2,7,62,32,33,3,48,40,36,16,51,14,1,39,45,19,50,34,28,29,53,26,23,30
18,23,20,38,35,5,59,44,37,6,29,34,46,13,54,58,15,50,9,53,33,19,56,41,1,7,4,25,2,12,17,3,39,16,32,8,60,45,48,47,42,30,11,24,14,36,62,31,40,51,43,26,55,52,0,28,27,21,49,10,63,61,57,22
24,48,35,6,54,59,36,29,55,5,53,19,20,50,37,22,0,51,11,41,15,61,27,33,21,2,28,44,63,18,34,17,25,58,14,39,16,43,46,52,40,47,1,32,31,30,38,4,10,60,42,45,8,13,7,62,3,56,12,26,57,9,49,23
6,42,20,59,24,38,1,53,29,43,56,13,19,61,7,52,58,5,49,40,51,44,62,4,47,23,0,21,27,55,17,46,2,12,11,9,18,45,34,57,16,33,14,37,60,30,31,28,32,41,15,22,26,54,50,8,39,48,10,25,36,35,63,3
37,14,47,2,57,19,43,31,49,26,63,52,5,8,59,0,25,11,9,32,16,1,13,23,15,17,60,12,7,35,6,51,56,55,22,38,46,10,20,41,54,29,61,44,36,33,53,3,58,18,28,42,30,62,39,48,21,4,50,34,27,40,24,45
37,1,47,30,52,54,59,61,40,11,25,5,41,55,57,15,36,39,22,3,19,4,31,35,13,20,46,16,56,53,0,2,33,23,63,18,24,60,58,38,49,44,10,62,9,26,48,21,12,17,28,8,34,50,32,51,7,42,27,43,45,29,6,14
14,36,11,37,28,53,23,61,47,10,19,20,29,54,21,38,8,43,48,49,57,32,42,15,41,0,30,25,7,27,16,46,45,44,55,2,33,62,4,5,60,3,17,1,18,26,52,24,50,40,22,34,35,56,51,13,58,63,31,59,12,9,6,39
50,26,53,20,35,6,0,12,21,31,22,16,47,18,25,8,30,62,49,5,2,9,52,46,24,28,23,39,59,19,4,17,14,1,32,11,34,7,40,61,37,27,63,54,57,41,58,55,60,42,13,3,44,33,51,56,43,10,29,36,45,38,15,48
13,53,3,37,23,50,42,7,36,27,35,15,45,60,59,56,2,19,44,4,46,24,43,63,54,52,20,61,34,39,29,62,14,10,33,22,12,51,57,17,38,18,47,11,26,31,58,8,21,0,5,49,30,41,1,16,40,28,48,32,9,6,55,25
25,27,13,47,19,46,0,18,38,14,1,21,42,50,41,37,2,3,32,16,63,23,28,4,56,29,40,51,36,45,61,33,43,30,12,8,24,58,39,34,26,15,7,53,49,60,22,52,9,44,35,5,31,62,57,55,17,11,54,6,48,10,20,59
38,24,29,31,54,19,39,14,5,56,2,52,0,22,53,48,27,25,3,12,36,13,42,26,34,47,51,49,44,37,8,63,17,60,15,58,57,43,4,1,18,21,35,9,41,33,55,62,7,61,46,10,16,30,6,50,40,28,59,11,45,23,20,32
58,12,57,7,3,31,45,26,27,22,19,30,60,10,36,39,52,17,48,59,20,40,54,63,18,24,42,43,32,51,41,61,8,6,46,21,9,53,38,1,62,14,34,44,16,33,37,28,49,29,50,4,0,13,5,15,25,23,56,47,2,35,11,55
36,44,32,12,0,29,17,6,22,39,11,54,57,31,19,55,16,28,38,34,49,41,15,26,59,25,13,58,50,48,8,7,61,52,5,3,4,45,56,24,63,20,2,43,47,35,37,9,51,33,42,21,53,10,1,18,14,27,30,62,60,40,23,46
15,50,29,39,9,55,23,58,5,57,47,25,36,41,21,10,40,6,34,45,3,61,27,4,16,48,52,54,22,12,60,30,24,0,46,8,37,59,19,26,2,18,13,44,33,51,43,28,14,38,7,32,35,56,11,20,49,42,53,62,1,63,17,31
43,42,51,14,19,24,13,45,29,55,32,21,9,60,39,50,61,44,3,6,0,5,56,16,53,12,40,18,27,15,10,2,46,26,36,33,47,7,31,8,41,23,48,37,11,20,58,38,63,22,34,30,52,57,54,25,35,4,49,59,17,62,28,1
49,27,0,33,10,26,40,32,55,50,13,21,41,52,62,15,5,46,60,51,45,12,6,44,9,2,14,4,56,19,54,36,57,53,37,39,16,8,1,59,24,29,20,18,63,47,22,34,31,17,11,28,61,38,35,30,25,3,43,48,58,42,7,23
60,47,15,26,33,20,39,16,48,0,37,28,51,55,40,34,57,21,53,1,41,10,29,32,9,50,8,46,17,3,23,45,22,4,59,43,12,7,44,36,30,11,42,27,18,38,5,19,14,6,54,24,2,62,63,49,13,61,31,58,25,52,56,35
55,15,8,33,24,9,11,50,54,34,40,35,20,2,5,28,51,29,6,26,27,46,12,31,23,52,62,61,53,49,39,60,3,25,21,58,42,18,44,45,38,10,37,16,19,22,14,30,41,7,47,17,57,1,4,0,13,63,48,56,59,32,36,43
36,43,3,25,4,27,39,55,11,14,31,37,26,57,20,42,7,56,41,61,18,13,16,35,9,33,47,0,49,22,46,30,10,28,15,8,21,17,54,53,34,12,45,24,40,19,63,58,2,52,29,62,60,51,44,1,38,6,59,50,5,32,23,48
50,46,25,47,13,11,21,55,16,51,31,29,10,45,23,52,34,40,12,32,48,54,62,1,53,39,35,5,17,27,30,38,43,3,9,19,60,0,24,8,18,49,7,63,41,37,42,26,2,59,20,22,36,44,14,58,33,4,15,6,61,57,28,56
22,0,60,43,48,63,52,11,12,32,14,15,20,4,1,34,2,13,37,38,23,29,41,62,5,21,45,8,30,40,19,17,10,18,6,35,24,26,57,28,55,25,54,51,58,42,31,49,59,56,27,16,53,7,61,9,46,39,50,47,3,33,44,36
14,42,3,9,25,53,37,23,50,20,16,35,47,5,8,39,30,61,31,17,29,27,44,34,57,33,12,38,49,6,18,7,48,19,26,43,54,63,36,4,55,60,28,10,13,15,59,11,1,62,22,51,58,21,46,41,24,56,52,40,45,0,32,2
58,34,63,3,55,51,15,4,45,26,49,46,50,35,62,59,33,61,56,57,21,29,8,60,13,39,2,16,54,10,43,52,6,36,37,48,5,17,47,41,40,9,27,25,38,1,30,12,20,24,11,7,14,42,23,18,0,44,32,19,22,28,53,31
54,16,62,7,0,53,21,37,14,46,4,10,61,35,50,45,63,2,28,58,20,55,23,57,44,48,49,43,42,41,9,29,17,27,3,56,34,52,39,33,32,5,1,36,8,19,40,60,13,30,15,6,51,18,59,38,24,22,26,47,12,11,31,25
14,48,31,46,51,57,18,17,3,9,47,16,6,56,53,24,35,21,60,28,55,26,13,52,58,2,40,45,41,50,43,29,63,20,44,4,34,15,32,42,0,54,1,25,30,27,12,10,49,19,62,8,33,7,36,22,39,38,61,59,37,11,5,23
41,43,32,6,21,59,10,42,17,37,0,33,61,1,36,5,8,3,24,4,31,62,19,45,35,7,25,14,16,47,20,38,30,34,26,9,55,13,51,40,44,48,39,22,2,60,58,23,56,49,50,53,54,28,12,18,15,46,29,63,57,27,11,52
18,35,29,59,14,45,58,48,42,41,50,60,21,15,6,1,16,46,17,19,11,55,56,26,4,36,22,37,63,9,28,10,34,2,5,0,57,40,3,12,33,8,32,23,25,27,61,62,7,53,39,30,20,31,52,38,24,54,49,13,43,47,44,51
23,63,25,20,55,30,2,60,48,21,56,35,15,0,10,54,22,46,12,62,1,18,39,61,29,17,44,34,6,45,4,14,36,28,3,41,31,26,58,38,7,27,47,53,51,37,52,49,43,9,57,32,8,42,33,40,13,5,59,24,11,16,19,50
40,22,51,17,35,2,46,5,61,33,37,24,3,34,62,32,55,47,18,56,59,58,29,4,38,9,16,25,43,42,36,7,57,13,14,50,20,11,53,49,0,27,54,28,31,15,19,45,39,52,41,10,30,26,48,63,60,12,21,44,8,6,23,1
47,7,5,49,14,39,36,13,40,51,15,26,43,44,34,23,11,61,18,25,6,38,19,24,57,59,12,31,16,35,52,9,56,37,30,46,48,55,1,28,21,42,53,54,62,60,63,2,20,45,8,27,58,29,33,41,0,4,10,22,50,3,17,32
10,36,0,6,21,2,1,30,18,34,22,45,9,57,5,47,19,59,33,17,11,39,35,40,14,41,42,43,3,27,23,31,26,61,32,63,62,7,8,46,4,24,13,16,55,51,60,52,53,50,12,44,15,20,58,25,49,54,28,48,38,29,37,56
0,2,45,21,48,15,49,52,58,50,35,60,27,11,34,55,39,47,63,6,12,1,18,25,29,59,17,62,51,23,28,40,32,44,57,3,16,24,61,37,54,53,5,41,19,56,14,43,7,9,22,33,31,13,10,26,8,38,42,36,20,30,46,4
12,3,11,50,61,28,32,43,60,29,8,56,34,55,23,58,47,1,21,37,36,16,59,46,2,49,40,0,41,25,19,48,30,54,10,26,22,18,44,5,31,62,53,39,42,27,63,33,52,35,7,17,6,57,13,45,14,24,4,20,9,15,51,38
23,52,55,39,27,9,40,60,42,36,45,48,30,33,8,37,41,5,6,44,61,34,13,31,12,18,1,53,43,63,3,0,20,19,58,22,26,25,54,32,38,51,16,59,46,4,50,56,10,24,49,7,17,2,57,62,47,29,35,11,15,21,28,14
61,5,46,47,11,50,1,2,51,52,20,15,8,4,39,53,35,34,9,55,27,36,3,31,12,19,54,63,7,14,18,30,44,32,62,59,49,45,41,26,6,16,0,60,28,56,23,29,48,17,21,38,33,58,25,10,37,13,40,22,42,57,24,43
57,9,51,61,44,54,59,63,43,19,6,49,62,37,4,34,55,30,0,25,16,17,46,18,41,60,39,45,5,36,23,3,42,48,38,14,21,20,10,12,40,24,8,28,11,52,47,26,22,29,27,35,7,13,56,2,53,31,50,32,1,58,33,15
18,19,55,49,9,15,45,26,44,48,61,22,7,35,2,8,20,0,51,27,14,63,54,23,10,12,33,13,34,57,58,25,39,47,32,42,56,41,29,1,5,4,24,60,28,40,3,38,37,52,53,11,59,16,6,46,62,50,31,21,17,36,30,43
15,50,36,6,41,27,23,29,19,33,11,38,63,34,55,13,49,2,59,1,35,4,24,54,40,14,5,37,17,7,22,3,51,32,52,44,42,0,20,16,10,26,9,12,18,25,31,47,57,21,61,30,60,45,56,43,8,53,58,28,46,39,48,62
17,11,62,38,2,24,35,19,30,29,20,40,5,10,21,52,39,0,16,47,56,22,33,12,9,26,48,53,63,37,60,51,57,49,43,41,59,45,6,13,8,14,58,27,36,61,1,18,7,54,25,23,34,55,46,4,42,32,31,3,50,15,28,44
54,30,15,19,55,4,52,27,56,62,25,63,7,40,24,42,47,50,14,21,48,32,11,31,49,6,8,37,12,59,22,2,39,26,33,38,36,28,23,45,44,57,41,10,0,61,53,16,35,60,17,9,18,1,43,29,46,34,5,58,13,3,51,20
60,41,43,57,32,45,11,24,2,25,36,52,1,19,10,35,20,17,37,34,46,27,53,30,55,7,38,49,56,58,21,15,0,40,28,14,51,22,18,13,29,63,59,50,31,54,47,23,33,42,62,26,16,3,12,8,61,9,6,4,5,44,48,39
1,51,62,60,30,14,43,12,52,53,8,4,20,54,57,7,58,6,55,3,2,35,31,10,22,41,36,9,45,19,16,33,50,5,17,28,42,38,18,32,13,46,49,40,11,48,59,21,44,34,27,0,56,39,25,23,29,63,26,47,24,15,37,61
17,40,38,61,63,35,29,2,13,44,42,9,20,55,22,7,52,58,30,36,59,26,34,31,49,53,39,18,24,14,21,4,3,56,54,19,41,10,46,43,0,37,62,51,60,6,57,48,8,5,16,15,11,33,12,50,1,45,32,23,28,27,47,25
18,0,56,34,39,57,53,1,6,9,17,20,5,40,3,55,59,15,35,58,29,27,49,38,51,63,21,10,47,30,12,26,41,33,61,37,42,7,8,24,43,13,50,14,22,60,28,32,2,23,25,11,52,31,36,46,19,62,48,16,45,44,4,54
56,48,62,43,4,36,16,10,50,63,22,42,24,61,45,47,25,12,58,11,29,6,60,51,31,19,28,13,14,32,39,1,52,54,20,18,57,30,7,34,59,40,46,27,0,41,26,55,23,5,21,2,9,49,17,35,53,44,8,15,38,3,37,33
28,58,13,26,1,32,46,8,2,38,10,29,53,15,47,48,19,50,18,7,61,59,57,12,21,52,39,5,17,20,40,41,35,16,31,62,56,6,42,14,25,63,33,44,55,54,23,0,9,34,36,3,51,24,45,60,49,4,43,11,30,27,37,22
15,49,43,19,2,30,25,6,5,21,8,1,22,55,17,46,33,3,36,7,60,11,41,34,9,56,32,23,59,24,12,51,52,38,44,13,48,62,53,29,28,18,42,54,27,0,45,47,14,40,31,63,61,16,20,35,57,50,26,39,37,10,4,58
31,25,28,11,4,13,10,56,20,63,41,52,2,33,59,22,7,47,8,24,32,45,5,51,58,50,1,12,14,29,16,42,30,26,62,38,3,46,23,17,57,44,9,54,53,49,39,21,43,55,61,36,27,37,6,34,35,48,19,18,15,40,0,60
34,60,27,30,26,48,7,52,10,51,6,39,31,8,25,61,33,18,38,28,5,46,12,50,15,43,55,2,20,57,58,37,4,41,19,49,59,23,42,56,44,36,16,24,47,9,14,1,63,45,40,29,3,17,62,53,54,0,13,11,35,22,32,21
21,10,46,2,53,26,47,62,42,58,8,29,44,48,31,43,9,5,17,3,50,33,1,51,52,30,11,32,40,56,45,0,57,23,7,24,13,60,28,59,34,22,14,18,6,12,54,20,38,16,35,4,15,41,39,49,27,25,36,55,61,63,19,37
49,35,3,39,58,61,41,51,24,23,55,27,21,40,38,5,56,48,22,47,62,42,34,19,37,18,11,46,17,13,43,53,2,7,6,57,30,36,32,14,0,44,31,16,12,26,59,9,50,52,25,54,60,8,1,29,4,20,63,10,28,45,15,33
18,20,29,27,4,35,22,14,11,37,47,39,40,49,62,44,12,38,26,31,51,30,46,36,45,19,50,56,23,25,21,8,48,16,52,43,17,5,28,0,15,1,9,41,7,61,33,63,34,6,13,2,59,3,57,58,60,54,32,24,10,53,42,55
22,46,12,62,29,14,17,43,24,23,49,33,35,48,1,50,36,0,61,19,9,26,56,58,7,47,63,27,42,30,38,28,10,44,41,16,15,11,8,59,4,18,55,21,20,45,37,51,3,54,5,13,60,39,52,31,2,34,6,53,32,40,25,57
53,54,5,22,12,36,17,49,1,57,34,4,60,14,13,40,31,47,29,19,59,37,27,48,15,32,16,50,62,3,11,24,39,41,56,51,25,58,21,42,35,10,38,46,52,30,45,6,55,61,43,9,63,44,8,2,7,26,18,23,28,33,0,20
3,4,58,52,41,17,47,54,40,12,28,14,35,18,23,33,20,45,43,49,63,32,19,0,15,2,59,25,8,38,62,29,44,11,42,34,10,5,61,55,39,57,60,16,31,48,36,50,13,30,9,46,51,21,7,53,22,56,27,6,37,24,1,26
61,34,19,58,26,36,30,13,45,16,44,29,8,46,32,2,41,5,12,40,17,15,23,21,56,53,3,27,9,33,20,6,11,28,25,4,54,14,60,1,7,43,42,55,31,50,52,0,37,62,22,59,57,63,24,48,10,47,35,18,38,39,49,51
61,33,8,11,40,16,17,48,18,39,42,47,0,46,13,59,35,44,55,28,57,30,29,4,34,56,25,9,50,38,7,23,26,24,2,53,41,10,49,43,21,45,14,36,60,31,51,58,27,37,54,6,52,32,5,63,12,62,15,1,19,3,22,20
51,26,25,37,22,53,11,52,2,50,15,4,44,6,12,54,36,46,7,8,42,5,31,0,62,41,61,45,1,30,60,9,21,55,32,49,33,13,24,34,3,28,39,18,57,23,40,14,16,47,63,19,56,35,27,58,48,43,29,38,20,59,10,17
5,58,32,13,17,57,16,38,23,46,18,50,42,33,61,49,28,11,19,54,24,52,40,29,20,56,43,4,36,60,10,48,37,25,47,34,31,41,51,21,26,14,0,44,45,39,6,59,9,55,2,30,1,15,7,62,35,3,53,8,22,12,63,27
31,15,23,11,32,29,63,26,37,56,4,19,33,51,13,12,57,21,22,20,54,7,34,5,30,28,3,60,1,6,8,62,58,0,59,24,53,41,46,35,40,42,45,36,50,44,14,39,49,61,38,48,52,2,27,16,55,18,10,9,25,47,17,43
62,43,28,37,11,25,47,55,50,46,58,36,17,31,0,48,21,23,14,20,29,4,6,34,51,32,10,9,18,5,27,56,16,2,13,52,22,53,57,44,24,63,49,12,61,26,19,30,33,38,42,15,1,3,35,60,54,39,7,45,41,40,59,8
59,33,27,15,3,23,24,14,60,22,45,25,26,5,54,11,30,51,63,29,28,50,18,46,2,43,12,8,21,32,37,9,38,20,61,19,39,10,58,34,57,7,36,62,52,16,53,1,13,17,6,56,49,47,42,40,41,0,55,4,31,44,48,35
3,50,52,56,12,19,47,43,18,0,8,62,25,57,54,17,59,42,5,28,26,35,39,61,55,53,41,1,33,15,22,4,51,30,40,20,34,63,21,60,46,31,36,16,10,13,27,14,38,48,58,37,11,7,24,49,32,45,44,29,9,6,2,23
10,34,29,50,22,3,51,48,43,63,26,11,31,2,35,45,13,5,17,61,9,18,23,36,20,32,59,14,41,19,16,24,27,57,4,58,28,62,55,46,25,49,40,38,39,37,42,12,53,52,56,15,1,0,7,8,6,54,47,44,60,30,21,33
25,39,6,16,42,26,4,40,27,5,61,8,1,28,0,57,7,62,46,31,33,14,44,60,59,35,51,47,29,48,2,21,19,38,36,15,23,22,9,24,53,45,18,12,20,17,13,49,30,50,54,10,43,32,41,37,58,63,3,11,34,55,56,52
12,49,2,57,15,44,43,63,23,35,9,13,50,47,61,18,46,10,3,60,37,19,62,14,30,7,27,52,32,16,4,31,40,59,38,8,41,54,1,29,17,58,55,22,11,34,51,56,20,45,48,24,25,6,26,5,42,33,28,53,39,21,36,0
42,22,63,1,58,12,34,52,50,15,25,24,16,43,57,2,60,44,7,14,28,62,61,23,13,30,20,36,37,59,18,21,29,47,6,27,55,51,45,41,0,32,3,31,26,5,10,11,4,53,39,48,9,56,49,33,46,35,38,40,54,17,8,19
43,56,22,25,15,41,18,61,58,17,62,48,27,2,26,10,4,28,1,63,37,13,45,23,24,3,31,57,59,7,53,55,20,12,60,42,14,39,51,0,19,11,6,34,38,16,29,52,33,32,49,44,30,9,54,36,8,35,5,46,50,47,40,21
13,19,1,58,51,43,50,30,7,32,21,26,56,9,49,54,38,18,23,57,42,62,59,15,5,22,29,28,11,40,34,52,3,14,20,45,12,24,55,6,25,47,16,27,41,39,0,36,31,4,48,2,61,60,53,63,17,33,44,8,10,37,46,35
27,23,32,41,12,17,13,29,57,33,0,39,50,48,3,30,10,8,21,44,20,6,5,18,55,53,63,28,56,16,4,15,62,2,14,11,46,22,52,58,36,42,43,35,38,31,19,7,51,49,59,45,54,40,26,34,1,9,25,37,60,61,47,24
33,5,22,11,27,14,60,18,16,29,28,47,55,25,13,17,21,30,54,31,20,34,59,62,35,0,23,53,7,50,40,52,49,19,15,56,42,6,45,57,46,32,41,51,48,24,58,43,38,1,26,44,10,12,39,2,63,3,9,61,36,8,37,4
13,9,33,5,55,43,19,54,41,35,40,30,32,50,12,20,24,10,0,48,51,29,47,45,1,39,58,49,18,11,4,44,23,3,59,60,15,26,62,22,46,53,7,31,57,37,16,17,38,27,25,63,52,21,8,42,36,2,34,61,28,6,56,14
45,47,41,63,40,19,16,25,22,29,8,33,51,4,23,59,18,28,30,9,46,3,1,17,48,54,43,21,61,0,31,60,36,24,6,11,49,53,35,58,15,10,5,50,55,14,20,57,42,2,34,12,38,56,32,37,44,26,7,13,27,52,39,62
0,19,42,4,22,26,25,45,14,24,13,7,60,62,51,8,55,16,43,35,5,59,31,15,54,20,48,10,21,23,50,61,56,1,37,27,18,57,32,39,63,3,47,30,34,9,58,49,33,6,38,17,12,40,46,11,2,28,41,36,53,29,44,52
0,23,12,42,10,17,18,49,7,38,55,15,40,56,53,2,26,22,4,27,44,30,54,3,37,21,52,6,58,29,19,57,41,62,14,9,59,60,33,50,31,20,13,8,35,45,34,11,36,16,5,25,61,28,1,63,43,46,51,48,24,47,32,39
33,20,62,0,52,11,4,1,47,54,28,43,8,61,41,53,13,21,18,10,37,30,39,6,45,59,14,5,12,42,31,50,25,29,7,27,32,36,38,22,2,46,49,35,63,23,51,48,16,44,60,26,3,17,24,15,57,19,9,55,34,40,58,56
38,45,33,49,20,50,9,6,0,56,13,42,57,29,24,47,16,4,19,48,25,1,34,26,18,27,53,46,23,31,28,61,58,55,12,35,62,17,40,32,2,44,63,37,39,59,60,43,10,41,11,3,14,8,21,36,15,22,30,51,7,52,5,54
63,39,32,49,33,50,14,10,43,31,16,58,36,54,4,51,42,59,20,29,2,44,6,3,15,7,13,62,17,30,61,55,25,53,38,46,19,23,47,34,26,45,56,48,27,40,28,8,52,24,11,41,57,5,0,9,21,22,18,60,35,12,1,37
61,54,33,39,9,4,17,15,11,49,20,63,24,18,57,7,55,42,48,37,26,0,40,25,21,30,53,41,8,51,16,12,6,23,36,13,59,35,44,47,19,62,38,56,2,10,46,43,34,52,60,28,50,22,58,1,14,27,3,32,5,29,45,31
43,56,34,38,5,30,14,53,60,25,8,12,27,31,11,48,10,47,19,24,36,35,44,17,37,26,54,15,1,57,4,52,21,13,40,58,33,61,16,41,0,59,51,62,22,29,9,28,39,3,2,20,6,50,46,23,18,32,55,63,7,49,42,45
39,50,60,28,53,25,35,0,2,43,33,58,41,7,16,30,38,47,12,26,56,22,23,32,42,49,57,18,61,51,11,9,17,40,4,1,54,52,63,37,36,21,6,55,44,10,59,15,45,34,19,48,3,5,20,62,31,8,27,14,29,13,46,24
9,55,26,30,33,43,42,61,47,11,10,39,48,58,62,18,28,5,14,13,4,29,19,45,1,2,51,44,54,57,59,50,52,16,7,34,40,23,32,38,27,25,6,46,49,3,35,36,21,12,41,17,22,8,20,37,31,24,53,15,60,0,63,56
22,10,42,7,57,63,41,15,40,1,50,3,14,16,38,51,45,19,21,17,44,25,8,37,24,30,48,12,60,31,13,28,43,36,32,59,61,46,62,23,11,47,49,55,18,33,20,2,29,26,39,4,5,54,0,9,35,58,53,27,6,56,34,52
50,40,54,58,35,3,11,10,37,15,28,29,41,45,46,62,8,4,20,5,2,48,63,22,49,56,0,21,17,23,33,42,34,55,14,43,18,39,47,36,51,31,19,9,12,7,6,27,24,26,32,44,16,13,59,57,38,61,30,25,60,52,1,53
51,11,40,21,23,0,32,35,47,7,26,36,49,38,57,29,10,53,46,18,60,37,52,9,5,2,20,44,15,61,22,27,14,4,34,16,63,43,12,62,55,39,25,8,1,48,6,31,24,17,28,54,41,50,42,56,19,45,59,13,3,30,58,33
55,8,50,14,40,4,19,28,24,10,33,15,30,56,21,54,1,2,62,20,12,16,46,7,37,52,35,25,9,41,61,3,45,29,0,57,48,49,63,27,36,22,5,53,42,58,11,43,6,18,32,47,34,26,44,60,51,59,39,13,23,38,17,31
5,30,60,55,3,26,17,31,57,19,1,9,12,54,22,2,8,35,63,62,46,4,39,10,28,50,7,25,34,44,42,18,40,20,49,6,52,56,32,47,36,15,24,48,11,27,14,13,51,37,53,38,23,59,58,0,43,61,33,29,16,41,21,45
58,50,21,33,32,47,34,17,43,9,62,23,22,19,13,26,44,7,60,2,3,20,12,30,10,16,51,59,37,14,29,52,36,40,0,5,48,45,6,53,61,38,18,35,28,46,24,11,27,63,15,8,39,42,1,57,54,31,55,49,4,56,25,41
41,50,13,45,10,56,49,47,48,29,12,63,54,5,2,40,6,58,43,9,3,22,37,61,4,51,7,16,32,57,25,20,30,46,31,33,59,0,24,18,23,27,17,35,36,44,15,60,55,14,8,38,62,52,1,11,42,21,19,53,28,39,26,34
32,37,10,39,20,28,18,0,29,51,45,43,33,56,40,22,41,50,16,19,62,44,61,30,59,26,46,11,36,38,15,4,42,49,54,35,55,48,23,12,17,25,3,58,47,2,7,31,14,8,57,13,9,34,60,52,21,5,24,53,6,63,27,1
5,14,25,12,54,11,52,62,18,39,10,60,28,30,57,2,1,51,36,23,44,4,33,27,22,58,50,48,13,3,49,7,42,19,29,35,40,34,20,9,55,61,6,0,38,16,63,43,31,15,37,32,59,41,17,45,21,26,56,46,8,24,47,53
39,19,27,6,52,42,63,59,8,9,18,51,26,4,55,32,61,53,56,34,2,0,54,40,28,48,16,20,38,13,21,46,47,58,60,17,36,50,43,14,23,44,33,31,37,29,24,57,7,3,12,11,1,62,49,25,45,15,22,10,5,30,41,35
37,0,43,22,6,23,26,27,47,61,16,53,9,49,46,14,60,4,19,18,36,59,48,40,5,55,29,20,58,28,7,56,54,25,44,31,51,15,41,63,42,8,24,62,45,1,10,50,52,13,12,39,32,2,30,3,34,38,21,35,57,33,11,17
18,27,58,62,54,55,40,53,14,9,38,31,52,7,33,59,19,39,4,20,21,32,57,30,12,25,42,0,49,5,47,6,48,24,50,45,36,29,37,10,26,16,17,23,22,35,11,28,13,63,51,3,15,1,46,61,8,56,34,2,43,41,60,44
3,29,52,13,47,31,27,11,32,62,58,0,20,5,19,54,37,15,21,26,9,56,44,16,40,42,10,4,50,57,25,55,48,28,59,8,14,18,61,22,35,63,33,2,46,6,60,36,24,43,17,39,23,34,30,38,12,53,49,45,51,41,1,7
1,30,10,20,50,19,54,46,16,62,2,29,0,34,32,60,31,39,51,7,13,44,63,45,47,55,22,5,37,23,11,28,59,25,41,9,4,21,38,36,43,3,33,6,35,52,27,49,18,15,53,56,26,12,48,58,61,40,24,17,8,14,42,57
1,56,22,2,25,31,61,19,8,36,10,5,55,52,30,32,7,21,53,50,24,63,51,20,46,16,41,14,15,27,42,23,45,57,37,33,49,28,29,59,58,6,4,34,3,9,43,0,35,26,11,39,54,12,47,44,38,48,18,17,62,40,13,60
45,44,62,61,63,36,60,0,6,15,32,17,38,3,46,50,8,13,30,20,33,23,21,19,59,24,1,16,11,25,12,35,5,58,28,4,54,9,31,49,10,39,56,51,22,48,18,55,40,34,14,52,42,37,2,47,26,53,27,29,43,41,7,57
0,1,39,29,46,5,34,56,38,4,63,43,20,62,57,36,45,61,33,8,37,27,25,55,28,19,23,50,40,2,49,17,30,14,11,24,47,41,51,6,15,48,9,59,52,58,54,26,44,60,13,35,53,31,42,22,3,10,7,18,16,12,21,32
41,58,48,1,33,12,45,34,22,40,61,42,62,31,18,54,29,56,4,30,17,2,57,32,51,14,0,63,59,37,55,49,9,7,52,13,25,15,19,47,3,50,44,28,46,21,20,24,39,8,43,10,38,60,6,5,23,26,35,16,53,11,36,27
37,62,47,29,6,59,60,14,24,36,27,31,56,18,9,26,8,22,50,10,41,54,30,4,48,16,40,32,61,58,55,49,28,33,25,13,52,0,39,2,5,7,51,38,35,17,19,42,34,46,12,43,21,63,15,44,11,53,57,20,1,45,3,23
1,55,30,45,63,36,29,39,22,52,9,54,53,32,46,11,33,14,28,15,40,50,7,16,2,5,35,41,3,58,21,61,6,18,42,24,0,12,38,62,57,59,17,56,47,31,4,19,10,43,37,25,44,20,23,13,8,51,27,60,26,34,48,49
48,10,50,42,62,29,34,57,26,51,1,52,30,2,20,32,49,37,6,58,27,7,41,12,60,43,36,5,14,28,53,45,59,46,31,35,22,25,54,15,61,47,21,63,44,23,8,40,16,3,18,55,9,24,4,39,56,33,38,0,11,13,19,17
21,53,26,7,58,46,23,18,6,22,52,32,33,24,60,11,20,0,9,36,49,27,51,8,62,63,43,45,3,15,41,38,59,47,37,34,2,14,16,28,55,1,61,42,39,29,56,40,50,25,12,44,17,19,57,35,10,54,30,48,31,4,13,5
37,28,15,33,62,30,25,1,12,4,46,47,45,23,43,39,22,19,58,60,51,61,21,8,35,44,6,16,41,2,59,63,57,34,36,26,53,5,13,48,24,52,17,50,29,3,14,11,38,54,18,56,0,49,31,40,10,32,9,7,42,20,55,27
61,59,20,14,30,10,38,18,21,49,11,17,60,58,37,0,12,23,4,52,47,62,25,28,54,46,40,55,33,7,15,44,6,35,9,31,26,22,16,34,43,2,51,3,5,39,41,45,63,57,56,36,27,48,8,50,1,24,42,13,32,53,29,19
43,51,22,46,11,33,60,20,52,48,7,15,35,49,4,47,54,16,12,1,34,36,39,9,2,23,19,44,10,63,13,62,57,25,18,56,0,5,29,59,41,6,26,28,55,38,53,61,17,50,30,21,37,32,40,31,27,8,58,24,3,42,45,14
2,8,39,5,14,30,36,62,61,20,17,63,57,0,53,28,45,42,44,59,43,55,52,10,33,23,26,22,27,46,25,16,56,50,12,18,34,58,51,24,15,7,13,37,29,4,6,54,41,38,31,60,9,35,48,1,11,40,47,19,21,32,3,49
43,8,29,60,28,49,15,54,25,3,16,37,39,26,12,44,0,2,32,6,33,57,31,46,17,42,30,56,62,52,24,38,55,27,51,10,14,21,63,40,45,13,34,22,41,11,53,9,50,48,35,61,18,20,5,36,23,7,58,1,4,47,59,19
7,58,37,23,1,20,50,51,6,0,11,47,14,5,9,43,61,19,33,53,57,55,29,36,13,28,41,62,34,2,4,31,18,21,60,10,49,16,8,22,26,56,30,32,42,25,35,27,15,38,48,39,54,24,40,46,45,17,52,63,59,44,3,12
4,48,36,5,14,22,38,7,55,62,17,53,1,19,44,60,8,9,46,21,28,31,37,0,41,56,51,18,27,43,12,29,63,24,34,33,49,58,30,45,6,25,35,57,61,23,59,13,42,26,10,20,3,2,16,47,32,39,54,40,11,52,50,15
53,18,10,21,17,34,40,48,45,27,63,41,23,1,15,32,39,6,0,49,2,51,36,11,57,35,50,5,7,43,54,13,33,44,16,47,12,29,56,62,28,19,25,30,4,42,8,37,3,20,58,22,46,61,55,24,14,31,60,59,38,26,9,52
49,19,55,40,16,6,14,35,59,23,45,43,24,13,58,15,25,5,17,11,7,34,46,36,44,29,48,54,9,56,30,38,8,52,26,2,51,27,31,3,39,10,37,50,60,42,63,12,1,61,33,21,41,28,32,53,22,57,4,20,18,0,62,47
20,48,26,24,22,56,21,47,23,46,54,29,0,4,16,39,2,13,52,38,62,18,60,7,15,9,44,58,28,57,36,55,34,53,43,51,31,33,50,27,1,5,14,63,49,45,61,30,42,25,6,11,12,37,19,32,17,35,41,59,3,10,40,8
47,28,42,37,59,53,25,34,36,48,35,17,7,63,39,0,3,22,45,14,8,15,40,51,26,24,1,56,20,43,49,13,10,21,58,23,62,57,55,4,50,30,46,41,31,32,61,12,33,38,2,16,9,6,27,29,18,44,54,11,5,60,19,52
30,9,57,53,60,0,14,29,28,45,17,58,33,38,1,54,62,19,12,40,11,16,39,18,41,21,47,48,50,63,26,32,13,56,37,52,7,6,31,59,5,24,27,25,8,15,61,49,44,23,36,46,20,43,4,3,51,10,34,22,42,2,55,35
53,56,18,6,10,19,61,35,17,60,54,3,52,0,57,47,16,59,12,39,27,51,58,24,48,62,44,30,1,42,63,46,32,14,38,49,36,31,21,37,26,23,15,4,2,50,25,43,45,11,28,8,29,22,7,41,5,13,33,34,55,20,9,40
13,54,9,26,57,14,49,55,46,31,36,53,15,4,34,6,47,12,28,7,5,61,45,27,17,18,59,30,42,1,48,16,40,35,58,2,44,0,32,19,41,50,10,23,39,11,38,60,25,20,62,29,21,8,37,56,52,51,22,33,3,43,63,24
17,1,61,4,63,18,50,34,2,37,46,0,53,13,22,38,19,7,11,55,35,47,54,52,14,33,15,29,59,42,56,60,6,43,10,39,5,31,8,62,44,27,51,28,9,21,24,3,12,49,16,57,23,36,58,26,48,30,41,32,40,20,45,25
56,35,20,7,10,19,14,54,53,46,57,47,26,5,25,40,43,30,45,2,37,51,42,28,8,16,52,32,17,24,50,31,23,63,62,44,55,41,18,39,1,15,6,12,22,58,34,11,9,4,29,48,3,59,21,60,33,49,27,0,36,38,13,61
3,25,0,42,60,45,56,46,49,57,61,59,47,38,53,13,9,51,34,14,7,18,39,63,41,37,48,55,20,11,54,26,29,44,6,23,50,36,5,62,33,40,19,43,35,58,2,17,27,52,12,10,24,30,28,21,15,31,16,22,8,1,4,32
11,51,10,19,30,36,28,34,24,38,12,33,44,17,43,15,16,21,5,50,49,20,57,42,46,25,22,40,56,4,52,0,63,6,2,8,26,62,55,54,60,32,1,13,45,35,41,14,48,7,59,18,47,58,27,3,31,9,23,39,29,53,37,61
5,27,51,39,12,29,9,32,28,7,21,0,37,52,14,45,38,4,55,42,22,36,24,61,60,17,44,31,11,1,47,19,6,13,56,40,8,3,41,54,50,34,10,58,26,25,18,59,33,63,30,46,2,62,43,23,53,57,48,20,35,15,49,16
48,28,62,33,60,21,6,24,53,46,47,8,35,59,9,27,52,18,63,51,42,56,14,30,1,39,32,37,40,16,57,20,22,36,45,17,34,49,12,10,5,58,31,4,29,54,41,19,13,15,26,23,25,44,43,11,7,55,2,38,0,50,61,3
21,35,6,52,51,62,27,10,5,38,54,56,42,7,49,36,39,28,15,48,25,45,33,44,3,47,37,4,12,29,31,40,30,34,41,20,50,14,17,43,9,11,22,60,1,8,63,23,58,59,57,26,0,53,61,32,18,46,16,24,13,2,55,19
44,28,11,32,33,6,8,54,51,37,18,14,25,24,59,56,10,7,61,21,38,52,2,42,35,40,22,3,34,9,12,55,58,27,50,48,41,16,26,17,30,4,23,53,46,29,62,45,36,43,13,19,5,63,57,39,47,1,60,0,49,15,31,20
60,22,49,14,44,0,31,13,51,37,63,42,6,48,45,55,53,40,62,5,1,18,47,7,33,34,24,10,23,36,4,17,50,41,21,46,54,9,56,27,15,25,11,28,57,3,58,2,35,29,38,32,59,61,12,30,43,52,16,26,20,8,19,39
9,34,2,30,28,35,39,51,5,52,57,1,14,59,16,17,10,54,49,13,6,23,8,7,55,40,11,45,0,32,41,4,19,61,38,31,18,21,63,26,53,62,58,44,48,47,29,12,50,20,37,60,43,27,33,22,42,46,3,24,15,36,25,56
37,39,47,13,6,30,51,12,43,34,33,48,9,28,62,50,35,22,23,40,61,38,3,2,31,42,7,41,59,58,52,26,8,21,20,15,5,53,46,56,16,54,25,32,63,57,1,55,29,45,24,18,19,44,36,60,14,0,27,17,10,11,4,49
13,28,55,61,41,62,39,11,5,53,44,40,30,34,2,63,25,10,50,9,18,0,42,43,46,23,58,15,45,1,20,17,52,3,51,31,59,35,4,33,57,36,22,38,8,26,7,21,19,16,49,37,14,29,12,60,32,47,54,24,6,48,27,56
22,10,52,55,54,35,62,42,4,26,0,38,8,61,20,45,48,31,29,13,60,11,25,51,37,3,18,6,39,23,63,17,34,14,33,50,21,15,46,44,1,12,2,59,9,19,36,49,43,58,27,24,47,57,53,41,5,28,30,16,56,40,7,32
56,29,61,8,3,42,19,6,49,51,53,16,60,43,7,10,27,34,4,20,24,50,5,25,22,62,46,26,9,48,12,23,0,45,41,15,28,32,1,37,17,2,44,31,58,39,38,13,63,18,36,52,57,33,14,30,35,59,47,40,55,11,54,21
46,17,16,50,55,48,40,28,1,61,62,5,51,63,33,59,56,44,32,20,9,0,6,52,4,13,43,58,38,19,15,23,36,29,24,26,30,57,41,10,54,49,11,60,12,18,45,35,37,2,14,22,34,31,3,7,21,47,53,39,42,25,8,27
60,55,32,34,7,50,3,18,39,4,46,45,26,30,28,13,2,37,56,0,8,44,61,42,41,6,47,29,52,27,51,19,25,5,54,62,22,24,31,9,59,20,14,49,17,15,53,43,16,12,63,40,35,1,57,23,58,48,33,21,36,11,10,38
50,10,49,14,38,59,27,8,39,56,22,15,34,41,33,47,12,48,24,1,20,45,7,46,4,43,62,42,36,61,35,29,30,60,37,63,2,57,13,11,3,28,25,58,52,6,54,53,31,9,55,32,16,5,19,18,51,23,40,21,17,26,44,0
0,61,22,26,3,58,17,41,16,52,60,36,15,37,31,42,47,39,1,2,63,27,62,12,46,24,33,45,54,29,19,53,43,21,49,7,35,13,18,38,10,34,50,11,8,28,23,30,48,14,40,25,44,51,59,57,4,5,56,9,20,55,6,32
59,31,5,17,16,45,47,40,35,2,38,24,52,8,9,55,22,0,10,42,4,1,15,44,34,61,33,49,18,56,25,63,50,14,30,13,6,39,58,21,12,19,51,28,60,46,36,29,53,62,3,20,7,11,57,41,37,54,26,27,43,23,32,48
5,18,10,33,12,43,44,15,61,28,22,53,16,7,30,29,60,35,59,21,58,1,49,13,4,0,38,37,39,2,42,45,50,47,24,51,3,11,25,26,17,52,27,31,56,14,23,32,19,48,46,54,20,34,41,36,9,8,40,63,62,55,57,6
0,17,37,34,48,58,36,42,32,59,49,61,47,16,41,60,24,19,40,26,56,25,1,21,57,62,30,39,27,54,8,45,46,15,12,38,55,43,2,28,51,29,52,22,7,53,23,4,6,44,18,33,35,9,5,31,20,11,10,14,63,3,13,50
26,41,20,31,57,27,60,58,30,45,52,7,25,10,18,46,2,5,11,50,23,15,22,39,56,32,0,6,49,8,1,53,62,12,59,40,17,42,16,4,33,61,44,35,3,21,47,36,28,29,63,48,37,55,43,14,54,34,51,13,19,24,38,9
29,40,54,14,17,11,13,12,3,52,16,35,43,15,37,34,55,33,5,8,23,22,28,45,26,9,46,6,18,27,51,24,25,62,60,39,47,57,4,44,42,53,59,61,63,1,50,49,20,48,56,0,19,58,38,2,30,32,10,41,21,31,7,36
43,1,9,13,3,28,5,47,6,22,12,50,35,19,58,36,51,60,46,31,44,11,0,37,29,10,16,7,4,52,18,61,41,14,17,39,59,38,8,53,25,55,56,48,45,63,23,32,21,54,15,27,24,33,30,34,57,49,62,2,42,20,26,40
21,50,23,28,33,9,12,44,24,17,27,34,29,20,16,3,39,35,41,1,40,38,2,53,22,0,26,49,25,63,4,6,18,13,57,42,37,54,31,15,48,11,32,58,45,56,51,7,47,36,30,55,59,5,62,46,61,43,19,60,8,52,10,14
15,26,9,21,32,58,16,62,59,25,50,22,40,47,57,44,7,41,29,39,54,20,37,5,10,46,38,55,17,23,35,43,14,18,24,11,33,42,53,48,1,60,61,49,3,30,36,13,28,45,12,2,8,34,6,19,31,4,0,52,56,51,63,27
24,46,26,57,47,44,49,27,63,29,18,43,0,35,54,9,45,42,51,36,25,53,32,8,37,50,6,28,20,19,61,7,21,59,33,3,14,13,55,60,34,40,23,41,2,16,52,56,17,30,1,11,12,22,48,38,10,31,62,15,5,4,39,58
7,10,45,15,56,44,58,40,32,27,46,3,61,52,23,41,59,5,24,11,8,36,14,50,17,49,13,26,22,25,51,12,31,1,60,34,35,19,6,54,21,29,16,39,47,57,4,53,30,63,37,43,42,9,33,2,48,62,28,18,20,0,55,38
54,19,49,39,16,41,2,58,47,35,20,23,33,30,51,34,32,42,13,57,50,60,21,18,1,6,48,44,29,55,26,53,5,15,40,45,12,62,11,10,8,61,27,28,7,4,9,14,31,46,43,22,59,52,37,36,56,38,24,0,63,25,3,17
30,45,40,39,60,1,22,48,27,0,49,33,57,61,12,32,53,42,58,41,50,37,34,17,5,11,28,55,14,35,31,38,16,52,24,26,15,6,25,46,43,9,19,23,63,56,13,36,2,59,10,4,29,3,7,21,18,47,51,20,8,44,62,54
6,53,10,56,57,61,46,27,47,54,30,60,14,21,48,34,3,26,13,58,52,63,39,62,35,19,15,42,9,49,31,24,43,18,28,36,29,40,1,25,51,23,11,59,37,44,17,12,20,55,16,32,41,38,4,22,45,5,33,8,7,50,2,0
24,7,38,0,2,29,23,52,40,36,45,43,32,33,9,54,19,60,61,21,63,37,10,15,44,39,16,8,31,58,13,42,20,49,25,1,27,34,62,12,30,41,47,17,26,6,48,57,59,28,46,14,18,4,56,22,55,3,51,50,53,11,5,35
34,57,43,14,40,22,62,26,56,21,45,51,35,17,30,36,19,42,2,38,23,13,59,46,12,11,50,60,20,7,63,25,6,52,41,4,24,48,15,31,44,54,39,55,0,3,29,18,49,58,5,8,16,53,28,47,10,1,27,37,33,9,32,61
2,5,63,17,7,47,59,32,41,9,48,3,23,37,49,4,31,53,12,44,26,16,10,36,8,40,13,62,33,61,29,35,28,15,43,52,60,39,11,55,1,57,58,46,21,6,45,34,24,42,25,20,51,54,19,22,27,38,18,56,50,0,14,30
36,33,57,10,62,28,29,43,18,27,21,7,42,3,6,53,17,24,34,55,37,30,19,47,9,26,13,35,14,23,8,32,60,4,48,52,41,11,63,15,16,38,46,12,20,59,2,31,22,61,50,51,40,45,44,0,56,49,58,39,5,54,1,25
22,23,16,19,20,59,1,41,3,54,15,63,58,24,56,61,26,62,29,5,40,13,2,60,4,43,6,46,0,33,35,34,32,25,38,39,53,28,50,37,7,48,31,51,30,11,10,27,9,17,47,57,55,45,42,49,8,14,12,18,36,21,52,44
52,53,25,50,10,3,12,22,4,43,6,59,41,39,29,20,46,5,44,57,28,42,48,15,51,26,17,47,61,27,60,45,7,36,35,33,1,32,56,8,9,24,16,34,21,55,11,37,63,0,62,19,18,54,14,13,49,31,30,58,23,38,2,40
41,59,57,12,42,17,63,61,43,62,53,44,14,8,51,4,25,35,37,21,30,58,33,34,38,49,1,55,0,16,7,52,3,13,15,47,5,29,36,54,10,2,56,19,26,22,46,6,20,39,40,32,60,9,45,28,24,18,27,31,48,50,23,11
61,49,56,43,33,58,10,63,14,8,36,4,17,1,50,41,25,30,20,0,35,57,46,22,12,40,53,52,31,37,6,21,47,55,9,27,60,26,2,18,54,15,23,51,59,44,19,48,16,7,29,5,62,34,24,45,13,3,38,32,39,28,42,11
49,16,33,41,8,61,50,14,42,10,56,4,13,23,48,7,44,30,53,39,18,38,35,20,54,26,37,22,0,28,12,1,60,25,59,9,11,27,58,3,46,21,2,36,31,63,51,5,17,32,43,24,57,15,52,29,34,19,55,45,40,47,6,62
18,42,7,20,31,38,43,10,53,8,27,6,13,12,47,25,52,28,21,26,0,4,51,33,15,45,5,1,41,61,37,19,9,59,44,36,58,48,55,63,60,50,29,24,40,46,30,22,32,23,56,11,54,2,34,49,17,14,62,35,57,39,3,16
39,6,23,28,41,37,34,30,38,14,42,13,54,8,60,49,20,10,17,16,47,5,7,3,2,45,63,32,4,0,33,50,40,62,43,51,27,18,53,22,35,46,1,52,58,29,24,12,44,19,25,31,56,48,21,36,9,61,11,15,55,59,26,57
63,58,4,25,29,7,30,13,24,62,5,10,17,54,41,1,42,50,28,19,32,40,47,12,57,35,39,38,49,34,18,11,6,60,22,0,16,55,3,23,27,52,48,46,43,59,51,53,15,9,61,21,56,14,36,26,2,20,31,8,37,44,33,45
36,47,63,37,39,13,56,43,18,26,12,59,51,42,8,54,25,0,15,50,1,41,10,38,62,27,2,16,55,11,40,61,17,19,23,7,9,53,30,31,5,20,21,14,22,33,28,6,49,29,34,57,48,24,52,35,46,4,44,32,58,3,60,45
16,4,13,26,17,60,36,50,35,43,8,42,32,20,7,62,14,49,45,44,9,28,29,19,47,59,58,23,61,5,51,53,40,56,0,38,39,52,57,27,33,1,48,54,11,63,46,25,18,41,31,15,21,55,12,22,6,3,2,34,24,30,10,37
4,26,9,41,50,10,3,18,11,22,32,63,29,6,48,36,51,8,52,45,61,42,62,39,12,1,30,2,5,27,19,46,33,55,43,7,44,57,14,23,21,60,58,38,59,16,56,17,53,47,0,20,28,49,35,54,15,37,24,34,25,31,40,13
42,31,23,20,9,12,3,52,29,62,24,17,49,61,1,45,44,57,21,35,50,56,55,41,11,26,14,40,51,58,28,54,5,2,10,32,7,43,33,15,8,34,63,39,46,53,37,36,16,60,18,6,4,48,0,47,38,25,13,59,27,19,30,22
52,32,26,53,47,25,21,61,58,36,3,57,50,23,22,37,19,41,15,43,6,11,18,13,60,40,46,56,42,7,51,10,30,28,55,35,54,17,48,33,39,63,45,34,24,44,31,49,5,12,16,1,2,4,27,59,9,8,38,0,62,20,29,14
0,39,15,17,5,35,2,12,26,3,41,43,50,1,14,33,16,9,61,60,21,59,36,55,38,32,30,10,44,31,63,24,13,51,29,42,4,18,40,53,25,46,58,45,8,28,52,6,7,49,54,19,56,48,47,27,20,62,22,23,37,34,57,11
7,26,53,13,31,29,49,54,12,20,23,57,21,40,27,15,0,5,41,19,45,1,4,62,25,33,17,47,61,59,30,38,39,63,46,44,16,3,43,60,8,36,55,58,2,50,6,22,10,37,48,34,52,14,56,32,51,18,35,11,9,24,28,42
35,43,53,56,63,8,62,12,36,54,48,44,15,57,22,34,60,16,4,26,37,6,51,21,20,1,27,11,59,50,31,32,14,17,61,25,49,40,18,38,5,28,33,47,7,30,13,39,41,2,42,29,10,24,3,9,23,58,55,46,0,45,19,52
41,53,19,29,37,58,52,51,55,32,46,36,43,47,10,27,13,7,54,62,12,23,24,14,0,5,38,39,63,2,30,35,6,59,3,26,9,15,48,4,45,42,22,57,61,20,21,44,8,11,34,31,50,1,16,56,49,33,18,25,28,17,40,60
52,29,40,3,16,37,13,25,8,48,53,23,60,49,47,15,12,41,1,7,46,62,51,63,31,4,42,18,34,45,36,33,22,35,2,10,6,17,58,28,50,32,54,59,39,43,61,14,55,20,38,21,24,11,0,9,19,30,56,57,44,5,27,26
48,43,45,35,46,60,20,63,61,6,58,26,34,56,27,4,40,44,52,39,9,0,10,15,21,49,50,2,55,1,31,32,19,16,51,28,36,14,42,5,41,47,38,13,11,23,7,29,62,18,33,3,57,8,59,37,53,22,25,12,24,30,54,17
17,25,58,9,43,27,38,50,41,42,53,15,7,19,61,31,18,20,51,0,57,28,22,24,36,55,21,60,63,10,39,30,8,59,32,40,62,16,11,13,26,44,35,48,2,4,54,37,33,47,5,46,56,34,3,6,14,52,49,12,45,23,29,1
40,9,7,32,5,35,63,18,38,50,60,6,26,23,31,53,52,0,61,25,12,10,33,22,2,11,51,44,46,41,27,3,20,37,45,4,62,21,42,19,17,58,30,34,13,59,47,49,8,16,57,24,54,43,48,28,36,14,29,56,15,1,55,39
30,57,34,3,36,49,7,33,15,4,50,35,54,53,59,21,17,55,32,19,0,43,25,48,16,11,52,6,2,63,14,51,60,41,28,56,23,18,13,5,27,40,46,10,29,58,12,45,47,24,62,8,39,42,37,20,9,1,38,61,31,44,22,26
9,28,19,53,22,43,49,29,57,16,26,63,59,47,62,42,35,20,0,52,40,48,13,61,5,38,41,56,60,8,12,24,39,32,58,34,25,14,7,18,4,1,51,2,27,11,50,3,15,30,45,6,54,17,10,46,55,31,33,37,36,21,23,44
15,23,60,48,21,56,16,27,61,5,8,57,30,33,34,14,19,54,22,63,46,47,9,38,2,58,0,43,4,37,59,26,10,44,20,53,50,45,62,3,40,36,32,7,17,29,42,25,24,28,52,39,18,31,12,6,51,11,13,41,55,1,35,49
48,39,18,53,28,19,41,30,43,3,56,16,61,4,24,17,1,7,59,11,40,23,6,33,21,57,52,42,31,29,62,36,5,46,58,50,20,35,38,12,15,34,22,25,2,26,51,9,54,44,10,45,60,0,55,63,27,14,37,32,47,8,49,13
52,25,56,12,17,60,49,28,42,35,23,33,44,7,63,24,4,15,40,27,48,29,20,26,5,54,50,34,1,53,31,30,51,21,13,6,55,38,45,3,14,9,43,62,58,39,59,46,36,16,0,57,47,11,19,8,41,32,2,10,61,18,37,22
58,49,54,1,22,6,21,27,24,46,0,15,60,33,36,7,5,56,23,11,30,34,8,18,9,4,59,19,55,37,62,39,52,12,57,31,40,44,14,53,25,41,26,42,28,47,61,29,38,17,16,50,20,63,2,3,13,45,43,10,35,48,32,51
58,48,23,34,22,12,45,35,61,10,8,39,19,16,2,49,51,25,54,57,36,46,15,18,50,24,53,0,47,63,60,40,56,13,30,31,1,21,59,7,6,11,3,4,26,44,9,55,33,42,17,5,37,52,20,14,38,41,43,32,27,62,28,29
26,1,3,54,34,44,13,52,51,33,23,32,62,57,37,35,39,50,4,20,18,8,7,53,17,24,12,5,10,45,15,38,21,59,61,16,25,30,31,0,55,11,47,42,58,22,14,27,43,48,41,46,19,49,63,56,60,9,40,6,36,29,2,28
36,62,41,5,61,34,27,63,44,40,16,30,18,26,19,54,57,38,51,28,37,52,11,20,39,42,31,53,6,12,33,29,8,32,46,50,7,59,56,25,60,3,48,15,35,47,10,2,21,45,14,1,58,22,9,55,43,17,13,23,4,0,49,24
3,45,40,55,42,2,12,39,36,19,49,9,32,1,54,53,18,4,59,58,10,24,22,56,27,17,6,57,7,50,20,46,62,13,23,47,35,60,31,52,14,16,29,51,48,5,25,37,33,11,15,41,34,61,43,26,21,44,30,8,63,0,38,28
12,55,13,26,43,14,40,15,31,53,10,50,58,19,49,35,25,0,60,32,52,38,17,39,61,20,8,7,24,1,2,54,42,33,29,41,44,30,23,34,45,28,5,57,48,22,27,51,63,6,3,16,46,18,62,11,21,9,56,4,59,36,47,37
49,27,54,28,40,21,15,0,22,63,43,11,1,6,53,60,59,52,48,50,45,30,8,31,4,18,51,23,2,47,24,56,5,32,3,17,33,10,57,9,46,7,35,36,16,20,25,14,41,62,12,44,55,39,34,42,19,38,13,61,26,29,58,37
12,47,7,57,27,9,39,30,15,22,45,34,61,50,59,41,18,58,4,14,1,29,20,0,16,63,8,46,44,26,42,56,54,43,31,37,55,32,48,53,24,62,21,13,10,51,52,60,40,36,19,28,6,2,17,33,25,11,23,5,3,38,49,35
11,50,3,39,62,59,8,10,47,63,51,31,28,23,2,7,58,37,38,32,44,34,60,6,61,49,18,13,12,22,14,33,42,56,40,41,17,26,15,35,29,53,19,57,25,46,43,4,36,1,5,55,24,20,45,54,9,16,21,27,48,52,30,0
51,22,9,37,30,29,52,13,35,60,41,23,39,50,16,27,12,7,14,53,5,8,62,55,17,36,3,34,31,61,56,6,58,28,45,44,43,57,25,19,38,47,46,18,26,33,48,4,1,59,2,54,40,32,63,11,24,0,21,15,42,20,10,49
19,2,1,24,44,57,9,54,8,63,21,10,13,29,45,27,3,33,37,4,18,60,40,43,52,50,58,59,26,36,31,55,38,41,35,14,7,39,25,53,30,51,49,47,32,5,34,11,12,22,15,42,17,56,46,28,48,6,0,20,23,61,16,62
22,51,6,38,18,23,14,52,40,17,26,11,1,5,7,4,21,24,8,48,13,9,10,12,31,29,27,32,57,50,44,53,36,41,60,62,35,46,47,42,43,37,45,20,28,58,56,61,59,3,25,55,19,49,0,63,39,34,33,16,15,30,54,2
32,54,36,6,26,42,1,17,57,10,43,40,50,2,45,52,11,16,21,25,34,58,46,56,41,51,59,53,38,0,7,49,33,15,20,12,37,4,31,30,62,60,24,47,63,3,39,23,29,28,13,18,35,5,55,61,22,44,27,14,9,48,8,19
8,50,9,16,34,1,60,37,58,2,55,12,19,7,14,4,47,11,49,42,22,46,23,24,29,33,52,45,43,17,5,27,20,26,31,39,59,61,44,30,32,3,48,62,38,28,0,63,36,21,40,54,6,41,15,56,51,13,35,57,18,25,53,10
6,61,7,45,2,51,25,46,58,11,38,47,3,21,55,60,17,40,31,57,4,26,43,41,14,0,29,52,37,35,63,9,53,28,34,33,5,30,36,32,44,62,59,24,19,56,16,18,13,22,27,1,49,23,20,48,10,50,39,15,8,54,12,42
1,20,28,35,60,53,29,43,59,47,0,46,58,12,3,15,6,54,41,2,32,18,8,31,13,48,36,40,17,39,25,21,33,61,45,57,51,14,7,38,49,34,16,10,55,42,5,23,24,50,56,63,62,22,11,44,37,27,19,30,26,4,52,9
44,7,52,56,57,41,34,22,36,28,38,43,4,63,62,5,13,30,48,3,21,53,61,47,18,20,9,1,17,50,55,6,12,10,8,31,54,23,51,0,39,11,15,60,49,14,16,2,45,26,59,58,25,29,27,19,32,42,40,33,24,35,37,46
26,9,57,58,59,48,19,37,27,34,3,25,12,60,29,51,42,30,28,4,31,45,21,52,32,7,63,33,43,16,38,62,20,40,14,10,50,46,18,56,53,15,22,49,23,5,11,0,1,17,36,2,61,6,8,24,54,41,13,47,55,44,35,39
51,32,20,58,46,42,8,7,26,45,53,62,28,33,30,17,48,25,61,37,63,18,54,22,35,24,55,5,49,60,19,13,11,38,16,50,12,39,44,31,27,0,57,41,6,47,3,52,36,1,56,15,10,9,23,14,40,29,59,4,2,34,43,21
36,56,55,61,17,19,6,42,5,33,41,62,21,13,2,16,44,45,52,27,40,58,54,37,29,60,48,7,47,4,59,49,9,25,11,20,34,35,28,8,1,57,51,43,30,31,26,12,10,63,23,32,50,38,3,53,24,39,22,0,46,18,14,15
52,0,30,60,37,28,34,38,10,32,6,18,2,51,45,35,8,43,56,61,3,5,47,59,14,31,26,36,42,23,40,12,63,53,7,55,25,54,24,48,9,44,58,39,13,19,57,29,16,41,46,1,49,62,27,33,20,17,4,11,21,50,15,22
4,14,30,2,47,22,11,50,12,25,18,51,17,19,27,36,45,0,21,13,34,16,5,24,40,43,23,56,31,32,58,9,8,10,44,54,60,35,48,37,42,26,6,29,57,33,52,59,3,49,1,38,63,41,53,46,61,62,39,15,28,7,20,55
18,39,0,30,23,20,52,45,46,41,1,43,60,10,53,50,31,11,3,26,34,5,47,55,40,15,21,44,38,9,58,29,12,32,19,6,27,54,36,22,2,49,59,42,63,37,62,4,61,35,28,16,57,48,13,17,25,56,24,51,14,33,7,8
3,13,15,37,40,23,43,31,10,20,21,22,33,16,46,2,63,29,52,61,32,60,9,42,17,55,11,35,44,36,28,6,25,56,39,18,50,24,7,12,62,58,27,1,0,14,41,34,4,57,19,5,54,38,30,49,59,47,45,51,26,48,8,53
50,16,15,25,26,4,45,62,35,53,13,23,22,10,20,56,11,3,61,37,21,27,19,32,60,44,51,33,55,1,28,9,57,63,36,34,41,0,6,40,38,30,49,8,43,29,52,24,58,59,17,47,42,48,14,46,12,2,7,18,31,54,39,5
41,59,36,38,17,3,20,30,4,37,26,51,60,61,49,35,39,13,23,31,55,24,40,53,48,50,33,57,45,47,0,14,6,44,21,32,46,54,1,56,28,43,7,15,19,2,34,52,63,58,11,62,10,22,29,27,25,16,42,9,12,8,5,18
16,14,22,32,54,11,61,19,28,35,40,13,20,63,44,53,39,7,8,60,25,31,30,26,5,33,56,52,27,58,15,47,34,46,0,3,10,55,37,24,4,49,57,51,29,6,45,9,1,42,41,18,17,38,48,36,43,21,50,62,59,2,12,23
23,0,6,43,31,8,53,61,38,57,21,52,28,60,20,45,10,63,58,12,47,35,16,7,11,27,2,33,9,34,13,42,4,25,15,30,56,22,55,48,1,29,51,49,40,62,3,19,14,24,44,54,18,36,32,50,37,17,26,41,5,46,39,59
62,9,50,25,45,7,47,17,51,24,54,43,59,26,23,27,6,13,19,15,44,39,20,11,32,56,60,4,2,35,53,61,33,14,5,29,52,0,21,46,10,18,16,22,57,55,8,30,12,41,36,58,28,63,40,48,1,3,42,31,38,49,34,37
30,60,15,54,56,14,4,41,21,9,17,1,18,13,3,28,45,7,61,42,40,23,16,19,2,52,59,39,5,58,11,8,24,12,51,63,50,32,25,38,35,34,44,0,53,48,10,22,36,62,20,31,46,27,29,26,43,6,47,57,37,33,55,49
39,34,26,51,37,40,32,33,14,7,31,54,60,20,56,23,41,38,0,9,12,52,57,29,50,18,55,13,15,48,5,4,46,58,2,43,30,24,47,44,25,22,53,3,49,17,28,36,16,63,21,19,27,61,35,6,59,42,45,10,11,8,1,62
11,35,15,52,9,25,5,49,53,60,37,33,20,28,12,26,58,27,31,7,0,14,16,55,18,17,34,22,56,47,6,23,2,42,41,63,51,8,48,4,54,39,19,61,38,57,3,40,13,21,50,46,44,36,45,29,10,30,24,43,59,32,1,62
32,11,17,28,56,52,36,13,7,51,62,10,35,42,0,18,20,48,45,14,57,15,33,50,19,27,55,60,59,47,16,58,63,41,12,3,21,2,38,61,26,31,29,4,9,46,54,23,25,40,8,24,1,30,43,6,34,49,22,5,37,39,53,44
24,29,14,22,53,43,59,25,42,44,47,23,20,55,32,61,49,46,2,1,45,33,5,38,54,36,11,41,9,0,21,16,39,7,17,34,56,18,48,6,57,19,30,8,12,62,10,52,26,40,37,28,63,13,4,3,31,27,60,51,58,50,35,15
29,45,0,27,17,47,50,41,61,21,55,6,40,4,8,28,36,43,7,24,52,22,10,57,39,16,5,60,23,32,13,35,9,30,1,18,63,34,14,3,12,19,31,11,38,49,56,37,58,42,20,33,62,46,44,15,26,53,48,54,25,59,2,51
35,24,26,58,34,25,11,57,42,31,61,43,4,21,19,6,62,33,46,30,0,63,60,49,56,51,48,36,13,23,9,53,15,18,14,38,22,50,54,44,16,45,39,17,59,12,41,47,52,8,10,5,55,2,32,1,28,29,3,7,27,40,37,20
27,16,15,59,57,55,58,31,9,18,40,32,24,21,42,41,25,26,3,35,12,19,48,46,28,37,54,45,2,6,47,50,29,5,62,10,52,56,23,34,60,33,4,49,51,53,30,8,0,7,1,63,17,44,11,36,43,39,38,22,13,20,14,61
54,25,16,42,37,4,51,52,24,34,8,7,48,12,58,29,45,3,30,63,0,19,18,22,5,59,55,26,36,10,43,13,15,31,28,17,21,6,47,61,60,41,14,33,32,50,46,2,53,38,20,27,35,1,49,9,44,11,23,56,62,57,39,40
50,30,56,27,25,1,54,34,16,3,7,48,4,17,60,45,51,44,28,46,41,57,55,22,24,12,47,61,10,20,0,32,36,2,21,52,43,8,23,39,40,29,35,14,31,53,63,9,18,38,6,37,33,5,26,62,11,58,19,42,15,49,59,13
10,11,30,45,18,16,36,41,39,33,12,34,24,35,44,14,47,31,13,23,62,21,22,2,15,60,25,53,42,1,55,52,29,5,59,61,3,49,27,9,63,56,26,40,20,19,0,58,54,57,48,7,46,37,32,17,43,38,6,51,50,28,4,8
39,22,20,5,1,19,31,26,17,59,38,14,8,43,46,37,15,44,40,18,27,63,45,12,10,50,54,30,32,57,25,58,60,41,16,7,49,56,29,42,55,28,36,9,53,0,47,21,61,13,24,34,4,62,2,6,23,3,48,33,52,51,11,35
18,44,27,4,24,63,47,62,3,46,20,13,59,34,23,61,55,19,56,29,31,17,21,45,30,54,40,9,43,42,57,12,14,39,8,15,32,58,6,52,50,51,28,1,7,53,33,2,38,22,48,11,37,16,10,41,0,35,5,36,60,49,25,26
61,54,50,15,49,62,9,27,35,26,13,12,33,7,30,40,10,48,24,21,42,38,8,37,4,6,16,2,20,19,46,25,59,0,17,34,36,22,41,23,3,14,31,47,51,39,55,29,28,60,52,1,45,43,57,44,18,5,53,11,32,63,56,58
57,61,31,25,36,13,50,2,9,8,26,46,11,47,63,3,33,40,52,6,16,14,4,58,53,48,38,29,28,15,62,37,49,24,18,55,0,51,30,32,23,34,22,39,17,44,7,12,41,59,35,10,56,27,20,19,60,45,54,5,43,1,21,42
12,25,50,46,34,51,24,61,21,60,45,62,11,43,40,1,16,7,59,35,27,13,28,31,15,26,56,54,44,41,53,38,8,23,39,6,9,63,55,58,4,48,29,47,37,14,18,22,19,3,32,17,20,33,42,49,2,52,5,36,10,30,0,57
20,26,38,44,7,49,46,8,5,48,59,29,11,18,41,34,63,24,16,25,55,57,61,35,21,23,30,32,9,2,50,1,14,31,12,43,53,54,15,3,27,56,22,36,42,4,19,33,6,13,51,10,28,40,37,60,52,45,47,17,0,62,58,39
43,4,16,22,30,15,20,26,44,28,9,42,60,29,3,5,36,14,40,21,18,17,48,1,55,19,0,11,2,10,45,46,6,56,59,7,31,50,12,57,23,13,35,47,63,52,33,38,25,49,51,8,58,53,39,61,32,54,24,41,37,34,62,27
24,13,0,54,39,38,35,37,61,17,10,9,50,44,14,26,12,63,2,5,4,49,41,58,7,29,31,20,48,27,25,28,46,55,57,22,23,47,43,1,16,53,62,8,15,36,6,34,52,33,51,11,21,42,45,18,3,30,56,40,60,59,32,19
12,61,3,53,21,24,63,28,38,45,62,47,2,58,18,9,44,17,46,31,10,51,41,27,55,43,7,30,59,26,5,22,54,57,25,37,23,48,60,19,56,6,1,20,11,15,36,52,42,40,13,39,35,14,16,4,29,33,34,8,0,49,32,50
12,20,61,19,31,58,46,23,52,9,45,54,48,57,59,11,8,5,43,34,53,3,6,37,32,18,36,16,63,27,13,4,0,42,35,2,25,29,39,56,10,47,26,30,15,21,14,40,1,50,51,17,38,60,49,7,22,28,55,44,62,33,41,24
34,32,18,58,53,28,22,14,9,49,45,36,50,10,1,55,51,7,44,47,33,35,8,13,48,31,30,5,25,46,60,62,2,12,16,37,61,0,4,11,41,63,29,59,39,3,21,6,52,56,43,27,17,19,57,38,23,42,20,26,54,40,24,15
8,42,24,0,34,6,54,32,27,52,17,45,21,47,35,15,53,25,38,57,36,30,7,39,16,14,51,10,1,58,19,56,59,9,28,60,4,44,63,50,61,11,3,55,62,12,49,5,18,37,41,46,43,26,20,22,2,29,40,33,13,48,23,31
51,34,47,35,60,5,44,53,6,23,4,1,9,3,42,27,19,61,8,54,14,37,24,11,55,18,48,21,62,49,40,58,57,59,30,17,0,15,52,38,45,13,22,41,10,46,26,32,2,43,12,50,29,31,20,63,25,33,36,7,39,28,16,56
58,7,43,30,55,22,39,13,56,15,63,41,27,42,2,31,47,60,12,53,0,3,34,49,51,44,25,17,10,54,16,62,29,36,9,23,24,8,1,19,18,20,50,11,5,38,6,57,35,26,61,14,37,21,59,45,52,40,32,33,4,28,48,46
57,12,61,3,13,19,17,22,18,40,53,59,27,11,46,43,35,55,7,41,21,26,39,31,9,38,48,30,4,50,16,5,2,58,51,1,25,54,63,14,56,15,37,28,47,10,45,24,52,34,36,0,62,23,33,32,29,44,49,6,42,20,8,60
62,45,41,13,58,7,55,19,31,36,37,26,12,53,43,35,18,61,34,3,63,2,33,25,30,15,52,22,24,23,29,57,46,27,9,4,14,28,59,17,6,51,47,1,42,56,60,49,20,10,40,8,5,0,38,50,44,54,48,32,21,39,11,16
56,10,48,12,32,40,61,46,23,3,5,54,58,33,17,47,52,26,55,7,4,22,34,45,29,24,38,31,0,44,19,60,53,13,20,30,2,16,57,35,42,59,62,43,14,51,28,27,1,41,15,9,21,50,25,37,18,63,36,8,39,49,6,11
50,23,58,14,20,26,15,45,40,37,46,35,56,38,39,60,31,7,8,54,32,55,36,6,30,63,33,53,57,51,42,24,2,18,28,4,34,19,11,59,44,5,1,16,22,21,13,25,12,29,27,47,61,49,17,10,41,48,62,43,9,52,0,3
16,62,23,36,55,45,48,50,8,34,47,21,12,9,18,51,26,5,60,30,2,11,28,56,38,39,58,20,57,0,63,10,35,24,4,27,31,42,1,19,3,49,46,6,7,52,13,17,33,15,25,44,37,54,53,14,29,32,22,40,59,41,43,61
60,42,25,57,27,47,37,4,41,39,7,34,43,11,51,52,8,13,14,36,26,33,0,9,15,17,45,22,38,16,59,2,31,20,30,5,29,3,12,6,44,56,61,55,48,53,24,50,49,1,32,18,58,19,28,63,35,54,62,23,10,46,21,40
63,20,44,9,22,24,1,62,33,21,26,56,43,0,35,50,55,23,39,42,19,8,58,7,45,47,51,59,2,10,28,14,37,13,17,5,4,52,25,36,53,15,61,46,31,48,18,6,41,29,11,16,40,38,12,34,27,3,32,49,60,54,30,57
59,62,23,42,50,35,1,24,29,48,8,6,2,27,60,21,22,41,10,11,45,25,12,46,15,36,5,54,52,44,56,43,55,38,3,4,33,47,37,58,16,49,17,13,61,32,34,9,0,18,31,20,51,19,63,30,57,53,26,14,39,7,40,28
24,18,1,38,52,11,17,58,40,32,3,9,0,35,55,10,22,15,63,5,19,47,62,60,51,37,48,16,61,6,42,39,44,45,7,43,4,14,27,20,34,56,36,54,2,21,8,23,49,25,30,41,53,57,46,26,28,50,13,12,31,29,59,33
42,39,0,14,57,2,33,47,31,12,8,37,61,11,55,18,10,3,54,26,34,1,4,36,13,51,22,62,30,19,46,44,58,5,16,43,53,49,25,41,15,20,35,17,38,50,9,24,52,56,63,59,23,40,28,21,27,45,6,32,60,7,48,29
39,41,6,34,47,38,23,36,30,37,24,51,19,16,0,44,4,10,28,53,55,42,58,32,40,2,15,60,5,3,27,1,52,22,46,11,12,33,48,29,56,13,9,20,7,26,54,43,49,14,50,8,62,63,45,18,31,21,25,59,61,17,57,35
46,16,41,53,13,58,48,35,47,28,59,30,27,45,15,43,17,29,1,9,21,25,36,39,49,22,14,51,34,3,19,32,5,54,61,2,50,31,60,37,56,10,42,33,8,62,4,24,7,63,20,6,57,44,38,52,23,0,26,18,11,12,55,40
50,16,59,55,57,23,39,19,20,46,3,28,2,8,60,58,10,36,30,5,61,38,52,63,7,11,54,22,17,49,44,24,34,32,41,33,14,40,25,13,35,6,45,26,15,27,37,56,53,1,21,0,12,29,31,9,62,4,42,51,18,43,47,48
10,3,32,13,4,53,2,34,35,58,40,57,8,37,9,42,14,43,1,17,36,44,22,49,20,11,60,6,25,48,5,52,15,61,24,56,30,27,62,54,26,0,50,46,33,59,18,29,7,45,23,28,39,19,16,47,51,63,31,41,55,21,12,38
51,56,46,42,5,40,54,3,60,10,44,57,26,48,13,9,55,0,30,20,1,11,38,21,31,52,41,32,19,62,28,59,14,63,37,45,33,18,27,35,6,29,2,47,16,15,36,49,61,23,25,17,58,12,34,53,50,43,22,4,8,39,7,24
61,1,62,38,43,27,53,46,5,11,6,37,28,57,45,9,44,34,58,32,54,51,35,20,0,4,60,15,7,23,29,31,19,24,17,59,52,21,14,18,42,12,2,8,30,16,39,40,22,41,50,3,26,49,13,55,63,10,47,25,36,48,33,56
19,23,15,35,29,21,48,32,3,53,41,62,40,55,59,58,43,44,26,34,27,18,4,16,20,39,28,46,13,24,60,38,25,51,45,6,49,22,1,57,52,11,31,37,0,8,36,56,14,2,54,30,63,7,33,17,61,47,10,12,42,50,9,5
32,62,50,22,46,11,45,15,44,7,36,61,34,3,1,6,26,57,27,40,37,39,63,25,47,0,59,4,43,5,42,53,54,33,28,13,51,30,35,48,31,8,19,29,60,17,10,41,2,16,18,9,12,14,20,49,55,23,38,58,21,24,56,52
15,11,3,27,60,34,18,16,10,23,4,36,33,63,2,24,53,44,19,56,39,41,5,59,12,51,22,47,25,14,50,52,45,26,21,37,32,17,20,57,8,0,13,48,7,46,43,35,55,40,58,28,38,42,31,1,62,6,29,9,61,54,30,49
16,23,53,40,60,29,59,35,26,52,62,8,54,50,33,25,32,36,42,41,3,49,11,30,17,14,46,4,58,55,48,15,38,22,18,43,1,12,45,37,2,44,24,13,5,31,39,27,19,20,10,28,61,51,21,9,56,6,57,63,34,47,7,0
15,11,24,52,27,31,25,28,42,22,13,26,51,4,8,7,29,41,54,50,49,17,40,20,18,33,14,3,34,32,9,56,46,23,2,53,59,61,38,45,44,6,63,1,47,60,39,62,19,58,35,30,37,57,21,48,10,43,0,36,5,12,55,16
59,29,13,3,51,46,38,35,23,55,30,48,63,52,53,60,24,12,58,18,32,25,62,20,34,39,10,31,37,0,36,19,41,43,2,56,14,45,26,42,44,33,8,7,40,15,16,5,1,4,9,57,21,47,6,11,17,27,54,28,50,22,61,49
13,56,1,18,45,17,50,51,54,4,55,12,44,41,53,31,47,20,48,61,15,59,26,2,24,32,57,30,11,60,7,36,49,42,40,28,6,14,23,37,58,22,63,8,33,38,3,27,39,62,10,19,52,21,9,16,25,46,29,5,0,43,34,35
8,33,48,42,5,14,10,4,47,56,38,11,13,15,26,44,16,7,46,18,17,41,61,51,28,6,34,53,1,37,40,2,24,50,3,31,30,19,43,29,58,35,32,0,22,62,25,45,54,49,60,52,12,59,20,39,23,21,63,36,55,9,27,57
7,9,21,31,26,60,40,36,19,52,38,49,34,53,61,29,47,27,24,55,1,51,17,50,56,13,23,11,44,33,54,62,35,5,42,46,32,63,14,59,57,58,45,41,12,28,10,18,43,2,39,16,15,37,4,25,22,6,30,48,20,3,8,0
58,26,62,0,33,35,61,15,45,37,28,31,2,51,42,3,41,53,6,12,25,60,4,11,14,13,10,56,55,38,27,57,24,9,19,7,8,17,47,52,5,23,50,20,40,59,39,32,21,54,29,18,43,1,22,36,44,48,63,46,49,34,16,30
12,46,9,21,57,53,44,24,25,35,16,31,18,23,34,42,7,28,1,19,50,60,14,6,33,43,45,3,56,0,39,49,52,17,51,13,47,10,8,20,29,22,15,41,11,54,37,30,48,4,63,36,32,26,2,61,38,27,58,55,5,62,40,59
22,9,48,33,13,43,37,4,52,34,21,7,41,12,31,47,58,20,27,44,8,30,62,26,0,63,32,35,6,2,61,50,29,28,15,10,3,45,57,11,49,14,19,56,24,40,59,55,17,23,42,38,36,39,16,18,51,46,60,25,1,54,5,53
12,45,42,11,25,17,31,30,51,19,13,46,9,21,3,47,53,61,23,14,57,4,33,41,48,8,34,58,2,15,22,18,44,28,38,20,16,1,63,6,29,35,27,54,62,0,55,60,24,39,56,59,49,37,43,36,7,26,32,50,40,52,10,5
44,55,32,28,14,54,4,56,62,45,20,42,7,43,61,47,33,57,13,25,38,40,21,8,34,41,35,53,24,26,46,59,5,36,30,29,3,48,0,60,11,51,17,18,12,9,31,50,63,1,22,37,19,49,58,27,10,16,39,23,52,2,15,6
60,8,17,14,43,31,62,45,61,55,40,1,34,46,30,7,56,63,21,11,48,16,33,42,49,10,2,28,13,50,36,59,37,51,26,35,44,4,54,27,58,9,18,5,22,3,47,25,15,19,6,41,24,29,38,52,20,0,23,39,12,32,57,53
41,34,62,58,2,0,55,39,23,47,15,36,20,28,21,29,30,38,27,42,52,11,1,46,54,32,17,8,63,33,45,57,7,61,12,6,14,48,10,50,31,51,3,19,40,18,49,43,26,35,37,56,22,24,13,16,53,44,60,5,25,4,59,9
25,11,41,50,42,57,4,62,47,28,24,56,34,58,21,16,17,52,51,40,48,5,35,39,13,14,59,60,8,27,46,18,36,55,7,63,44,3,29,43,19,37,6,49,54,33,53,10,26,9,32,23,30,45,2,15,1,38,61,12,31,0,22,20
45,42,56,2,48,37,30,0,15,43,27,59,31,28,12,13,61,38,49,17,32,19,63,26,14,7,11,47,39,57,3,54,5,29,34,62,24,18,44,25,55,22,58,46,35,8,53,9,6,4,36,52,33,51,16,50,60,40,21,20,10,23,1,41
0,16,28,6,24,38,26,42,63,8,37,39,11,59,45,18,29,62,19,21,2,31,30,34,55,51,7,53,10,20,32,23,44,5,22,25,50,14,35,12,52,56,4,1,46,60,48,27,61,54,3,47,41,15,43,58,40,17,33,13,57,36,9,49
4,56,14,9,3,61,17,5,24,19,28,16,58,18,45,42,1,33,27,44,54,32,23,47,26,50,63,34,11,60,53,41,8,21,30,51,29,38,0,36,62,25,20,59,10,15,6,48,7,49,40,39,31,52,22,46,2,13,35,55,57,43,37,12
36,7,34,2,38,28,49,57,20,41,40,12,16,35,18,56,21,24,58,5,63,23,8,33,30,22,45,54,4,47,29,62,11,26,60,55,32,31,10,1,44,13,6,43,37,61,52,15,39,59,17,53,0,9,48,19,42,25,14,50,3,27,51,46
3,1,16,11,39,38,28,6,54,30,58,56,62,23,61,25,12,35,5,0,21,8,24,10,13,55,20,2,26,43,60,15,63,51,36,59,49,22,34,27,48,31,52,44,4,17,42,41,47,40,18,57,19,32,9,7,50,37,45,29,14,46,53,33
56,39,0,6,32,49,61,34,48,36,8,47,10,50,2,18,3,44,22,63,55,42,58,31,19,54,7,21,51,57,20,27,37,12,43,13,15,60,46,62,38,14,26,25,40,1,59,9,16,30,41,53,35,24,23,45,29,11,17,52,28,5,4,33
5,26,41,42,9,13,6,7,49,44,1,43,31,34,39,57,25,40,46,33,58,21,11,3,32,59,52,61,27,45,63,37,54,56,18,29,62,17,28,60,12,20,22,0,23,38,4,8,16,14,24,2,51,36,47,19,30,48,53,15,55,35,50,10
22,4,11,8,41,31,61,62,60,26,9,7,38,49,13,46,56,47,45,1,20,15,40,2,16,29,57,34,63,12,33,21,54,53,14,28,23,10,27,50,43,19,36,18,42,52,5,48,59,0,3,55,24,25,44,51,30,32,58,17,6,37,39,35
37,8,14,30,25,59,47,9,12,57,3,2,40,17,7,35,16,50,39,23,58,54,21,63,19,11,56,31,22,28,43,62,26,36,33,44,61,29,0,4,34,18,24,52,51,15,20,38,48,10,1,6,27,42,32,49,60,55,13,5,41,46,53,45
15,20,18,59,41,14,49,16,63,51,6,37,4,22,33,45,39,26,28,12,17,35,25,52,3,62,53,30,9,5,57,47,2,0,42,46,19,44,36,58,23,38,56,50,7,1,43,34,24,8,11,60,10,48,32,54,61,29,31,55,27,21,13,40
40,52,45,49,47,44,53,50,26,62,57,10,0,36,27,6,4,54,14,18,25,21,15,37,24,60,42,3,28,13,8,32,22,63,58,30,23,16,9,17,29,5,38,39,31,11,46,61,19,41,35,51,33,12,55,59,48,20,34,1,43,7,56,2
21,2,3,29,57,13,12,28,32,46,60,20,36,61,18,10,19,31,15,44,56,34,35,26,11,4,39,23,33,0,53,1,25,49,43,54,59,6,47,50,22,7,40,14,52,45,63,37,58,51,42,55,9,62,27,38,8,24,48,5,17,16,41,30
24,18,35,60,38,45,7,13,5,44,12,50,15,61,1,26,6,31,21,39,49,32,52,33,48,56,42,2,8,37,17,20,47,28,30,4,3,9,25,19,58,10,41,54,59,14,11,40,29,62,23,57,27,51,55,0,46,22,63,16,53,43,34,36
44,13,61,60,29,32,45,42,48,33,23,17,56,41,53,57,6,40,26,50,22,46,30,4,37,7,20,12,1,9,18,36,14,11,47,43,0,21,34,52,19,59,49,15,10,2,58,24,31,62,39,51,38,5,8,28,25,16,35,63,55,27,3,54
0,12,62,45,5,20,43,9,41,52,3,17,48,18,61,31,15,58,42,1,63,6,49,33,4,21,54,7,29,50,38,46,27,53,26,13,24,16,56,36,28,35,40,39,25,34,19,14,55,11,8,44,22,30,51,10,47,32,23,2,57,60,59,37
51,48,8,52,62,35,41,57,38,53,16,37,28,5,14,30,46,45,9,10,7,18,58,32,54,3,1,60,31,36,56,17,29,22,6,27,0,43,11,39,47,20,25,23,13,55,63,49,4,61,40,50,2,59,44,34,42,12,26,24,15,21,33,19
30,60,43,5,13,11,18,21,26,52,48,37,19,51,46,36,2,45,7,23,38,20,47,53,58,8,57,40,25,33,3,16,24,0,27,1,54,49,63,31,4,17,12,56,6,35,41,34,39,15,44,50,55,9,32,22,10,28,42,59,29,62,61,14
45,2,54,37,48,1,47,57,19,4,43,21,46,41,26,7,36,29,31,11,52,0,40,50,27,51,15,28,58,13,61,20,18,12,30,9,17,39,24,10,59,23,8,44,34,16,3,38,25,32,42,49,22,62,5,6,55,63,35,53,60,33,14,56
41,28,24,26,43,6,40,25,49,10,8,23,14,45,15,31,30,48,29,56,18,22,32,58,36,50,34,62,47,21,12,4,57,11,33,37,1,60,42,13,5,52,44,17,63,51,39,0,46,3,19,54,61,35,7,53,2,27,9,16,38,59,55,20
35,14,27,29,9,38,8,30,11,25,44,34,56,0,15,50,59,17,1,54,42,7,60,36,5,13,33,28,41,63,55,48,19,45,46,61,18,51,58,31,57,10,12,16,32,21,23,52,2,4,47,37,20,22,24,62,53,26,3,49,39,43,40,6
57,54,63,0,40,23,3,32,22,39,15,2,4,31,20,55,24,45,11,21,8,17,49,46,35,16,41,60,27,59,12,42,56,30,50,29,37,13,10,58,14,36,19,53,18,38,43,34,5,51,26,25,52,61,6,44,62,33,1,7,48,9,47,28
53,28,5,8,24,32,0,39,35,13,16,27,48,42,43,63,47,20,11,41,38,55,40,52,10,6,31,9,30,17,26,58,45,60,34,50,44,46,12,15,7,4,2,18,37,14,54,1,25,49,29,19,57,22,23,61,33,59,51,21,56,62,3,36
17,58,23,39,60,9,10,45,41,35,54,30,5,7,56,12,61,1,31,15,18,59,6,49,22,52,24,37,3,40,2,44,47,48,38,55,53,21,25,20,13,27,42,50,26,43,32,63,29,0,19,46,8,57,16,11,62,4,51,36,28,14,33,34
50,54,29,40,52,32,17,26,37,1,6,13,44,20,60,28,38,19,22,48,46,27,56,55,61,57,36,35,16,3,5,23,39,21,62,59,43,51,31,15,25,24,10,58,7,0,12,30,53,63,2,11,18,42,49,9,4,47,41,34,45,8,14,33
43,6,31,59,2,24,7,38,42,27,44,28,37,19,26,4,56,61,62,54,40,21,5,46,11,34,51,32,30,14,52,13,25,3,47,16,20,50,35,63,9,55,57,17,15,45,1,10,36,0,33,18,48,39,53,23,58,29,60,49,22,8,41,12
56,6,22,42,58,23,3,38,62,9,11,54,28,43,20,8,17,37,39,63,44,25,27,45,35,29,47,50,31,14,2,21,16,18,48,13,34,55,57,46,15,40,4,51,19,12,36,7,5,32,1,59,53,33,61,0,10,30,52,60,24,49,41,26
54,59,17,27,3,39,28,9,16,15,50,33,62,25,48,34,31,23,26,21,41,55,52,19,6,32,7,44,36,0,53,37,38,12,11,46,10,40,49,18,24,1,58,4,14,42,56,63,35,13,61,43,30,45,2,29,47,51,22,8,57,60,5,20
6,62,45,28,3,42,22,19,32,21,49,41,26,52,38,5,50,43,63,53,4,16,46,57,58,51,13,25,18,1,54,17,29,44,47,8,27,35,56,10,40,15,60,12,61,14,37,59,24,2,30,36,7,48,34,0,39,23,9,33,11,20,31,55
51,39,41,14,25,50,53,24,52,23,37,3,21,49,4,46,20,5,44,57,27,32,16,60,11,30,48,1,15,22,36,38,59,63,2,40,29,12,54,47,35,9,0,31,6,43,42,61,58,33,28,34,55,18,56,45,13,8,10,19,62,17,26,7
39,21,48,7,36,61,27,43,24,63,23,22,58,37,30,50,25,26,60,3,42,2,32,29,41,4,8,59,10,34,54,15,53,28,47,19,16,12,33,52,9,46,6,0,49,62,5,56,45,55,17,13,57,44,40,31,38,1,14,51,11,20,35,18
30,2,53,24,61,40,41,17,27,39,34,18,10,22,32,44,38,63,56,14,4,55,54,57,60,43,25,6,51,13,31,37,11,15,28,62,50,35,8,33,19,49,23,26,52,20,3,45,12,0,46,47,7,21,58,42,29,59,5,1,9,48,16,36
