10,54,56,60,29,30,2,52,4,55,11,22,59,34,0,5,43,32,48,42,46,28,6,20,3,25,9,27,1,44,21,15,51,7,40,14,49,24,45,58,47,18,41,8,26,33,50,13,53,12,23,35,61,16,39,31,63,19,36,17,62,38,37,57
53,20,25,2,21,43,7,14,11,42,33,0,44,38,45,47,28,3,50,59,9,49,32,36,16,63,5,56,48,10,17,23,37,15,55,29,31,35,12,22,51,4,60,34,52,24,13,58,18,61,1,8,6,19,46,26,54,41,27,39,57,30,62,40
13,53,18,45,41,54,4,62,47,50,22,11,33,9,44,21,32,48,43,42,26,59,52,46,28,20,6,7,3,2,14,37,5,17,24,27,49,56,39,57,60,30,25,36,10,16,15,1,63,34,55,38,23,35,51,29,8,58,40,12,0,61,19,31
37,54,20,51,30,63,55,40,15,53,26,56,5,28,60,3,12,52,16,50,18,39,29,32,38,45,44,33,47,41,57,7,1,43,6,9,49,17,58,31,22,24,36,13,42,25,11,2,35,27,0,10,23,19,48,8,4,61,59,21,62,34,14,46
0,45,49,12,8,51,60,53,35,47,4,11,16,56,6,28,36,63,37,46,59,61,34,42,13,48,7,52,24,10,54,38,32,22,18,27,33,30,44,62,1,58,43,2,25,19,23,57,55,40,50,31,41,5,21,3,29,9,15,14,26,39,20,17
7,27,59,34,61,41,56,58,29,32,60,51,18,55,23,2,48,15,40,53,13,3,31,20,62,57,4,9,26,24,43,49,44,11,45,8,30,28,5,52,42,38,47,50,37,10,22,35,25,16,54,39,46,19,17,14,33,1,6,0,21,63,12,36
46,49,28,5,41,34,10,50,51,31,9,30,36,18,53,48,1,29,23,21,52,35,4,37,42,12,55,54,24,0,7,61,3,27,15,47,43,59,8,2,20,33,32,56,57,22,14,45,40,13,19,63,6,62,17,25,38,60,16,44,39,58,26,11
14,61,23,25,46,51,20,62,55,6,8,18,56,31,2,28,53,38,57,34,43,47,63,36,35,10,40,41,17,22,21,13,29,16,27,5,59,19,39,49,42,15,32,33,48,11,4,1,7,44,54,24,52,37,9,12,3,0,60,58,50,26,45,30
51,14,33,12,41,43,60,10,28,59,35,36,6,9,42,63,3,57,55,15,30,40,24,18,27,21,29,7,49,16,47,22,34,13,44,45,46,32,4,37,19,5,53,0,23,26,2,8,56,11,1,58,25,50,20,48,62,31,17,54,52,39,38,61
56,42,38,23,27,19,61,10,35,54,25,0,51,39,6,33,47,4,26,53,31,8,21,43,29,1,18,5,14,40,11,22,20,30,2,12,7,15,60,16,34,63,49,44,24,37,52,55,50,45,28,58,17,32,9,41,36,3,13,48,59,62,57,46
28,21,50,38,61,4,62,19,40,49,8,22,54,63,26,6,30,46,18,60,24,56,29,12,33,11,47,39,15,25,52,32,27,34,35,0,7,9,44,20,37,1,31,43,17,48,55,14,13,57,10,3,51,58,59,5,53,42,36,45,41,2,16,23
58,31,8,0,13,10,4,45,17,32,50,29,39,15,22,9,5,33,36,16,18,19,40,43,2,12,62,6,20,46,21,60,28,14,57,11,41,25,37,7,47,56,44,38,24,30,27,42,52,35,53,51,59,3,54,26,49,63,23,55,61,34,1,48
3,22,35,29,43,18,61,46,34,50,33,47,53,54,30,57,36,20,37,56,62,39,59,16,40,2,10,45,51,44,11,55,48,32,38,41,28,63,8,7,19,6,52,13,17,42,9,1,49,14,58,24,31,23,27,26,15,60,21,12,5,0,25,4
14,17,31,0,27,34,38,30,59,16,9,63,43,50,22,19,5,57,62,37,32,2,35,8,25,3,58,56,54,40,52,1,46,4,28,44,11,13,51,23,47,55,33,29,20,24,36,7,18,45,21,53,26,60,10,6,49,41,39,48,42,61,12,15
54,60,16,2,52,25,0,20,5,49,35,23,31,33,51,36,46,47,4,27,21,62,24,38,41,53,1,63,22,28,32,34,58,14,44,45,13,15,48,9,57,8,17,43,29,19,6,11,59,40,30,12,7,56,61,18,39,42,10,37,50,3,55,26
49,23,20,2,51,58,8,18,46,54,25,27,37,7,15,38,11,29,41,6,13,5,30,42,10,14,45,50,55,39,26,1,40,48,12,52,47,56,32,33,63,24,34,31,22,0,17,4,62,60,35,16,36,44,21,57,43,19,53,3,9,61,28,59
61,20,8,26,46,6,63,0,50,14,15,43,49,29,2,56,42,45,7,58,19,16,11,47,35,21,13,53,34,9,44,22,18,38,4,10,12,57,59,36,1,33,5,23,24,37,32,25,17,39,40,48,51,60,3,62,54,27,41,52,30,28,31,55
44,11,58,25,35,0,7,37,52,14,6,32,45,63,33,2,10,61,49,50,23,17,57,60,24,34,29,42,13,12,5,27,48,21,30,3,26,41,55,9,59,31,62,46,15,56,36,16,8,38,1,4,51,28,18,19,20,53,43,47,54,40,39,22
28,40,16,54,51,33,15,44,35,34,46,36,43,49,38,45,25,30,11,20,57,48,53,31,4,27,7,60,61,26,37,9,47,0,58,1,8,13,18,42,17,21,2,14,32,62,50,19,22,41,56,3,6,12,10,59,29,52,39,24,55,63,5,23
61,59,56,32,29,38,51,54,11,31,4,62,40,53,22,0,28,47,37,42,58,18,17,21,35,26,57,23,6,24,13,48,30,16,50,44,45,55,14,33,36,49,3,46,60,41,52,8,12,5,10,7,63,9,1,43,2,20,15,39,25,27,19,34
29,7,9,24,32,18,37,11,1,5,56,58,10,45,38,15,44,55,59,48,31,12,34,51,36,2,8,47,23,6,52,17,42,49,27,14,26,28,40,16,53,62,22,13,63,60,57,41,50,20,46,4,54,0,43,19,61,39,3,35,21,25,30,33
54,20,17,56,28,49,50,44,6,25,46,61,0,31,34,30,14,40,29,24,60,53,16,37,47,36,7,62,3,39,51,48,55,33,15,9,42,23,43,21,19,13,18,52,58,10,35,27,2,45,57,38,63,5,22,11,1,59,32,8,26,12,41,4
7,21,53,26,31,8,49,61,19,47,40,25,17,10,12,36,54,51,57,22,37,14,41,52,48,13,5,42,35,38,39,34,2,32,23,55,56,60,15,29,46,27,6,4,45,63,24,3,0,50,28,16,43,59,58,44,18,30,62,20,9,33,11,1
14,30,16,57,23,21,1,46,13,50,38,20,6,32,2,0,34,61,55,11,33,35,9,28,22,43,40,19,59,3,8,62,37,15,31,18,5,54,25,36,45,12,49,63,60,26,29,52,39,56,10,53,51,24,48,58,44,7,47,42,17,41,27,4
42,26,63,31,23,15,39,57,16,6,34,27,24,60,44,51,45,19,47,5,50,2,52,4,35,7,1,29,21,40,37,13,33,3,56,28,59,43,54,11,20,38,62,25,17,49,0,8,30,53,61,14,58,12,18,46,9,36,10,48,41,22,32,55
52,34,9,25,54,21,20,37,51,47,41,2,1,33,39,60,19,45,12,56,38,13,11,61,59,63,16,48,31,55,62,49,7,17,57,46,24,35,15,5,6,32,22,18,23,43,30,40,50,42,3,58,8,4,26,29,10,44,28,53,27,0,36,14
34,27,41,38,26,36,16,5,6,1,13,22,33,7,51,4,46,20,52,9,53,47,23,14,25,11,55,42,49,37,61,24,56,40,21,19,8,44,59,54,15,2,60,63,31,57,0,29,43,45,17,3,48,39,62,58,30,32,50,18,10,12,35,28
54,10,16,12,14,36,57,60,11,1,39,38,43,20,55,8,28,61,34,59,48,13,29,33,44,0,18,62,40,23,25,19,9,41,26,17,3,35,30,22,42,15,46,52,7,32,27,56,50,37,49,51,31,47,63,4,58,24,2,21,6,53,45,5
15,22,50,48,10,23,3,20,58,29,57,2,18,43,47,37,13,9,35,54,32,6,34,1,38,42,25,62,17,5,59,46,31,45,44,49,56,7,21,19,41,36,16,4,51,55,12,61,39,60,27,63,30,8,14,26,0,52,40,24,11,28,53,33
25,58,5,20,24,34,52,59,22,11,31,1,8,63,50,26,55,0,62,3,48,9,28,44,18,15,54,19,37,46,60,53,49,27,38,35,57,7,51,13,45,14,41,33,47,4,6,10,56,43,12,36,30,40,42,2,32,23,39,16,17,29,21,61
15,27,7,4,44,63,9,59,25,43,21,30,37,62,41,2,50,16,26,31,23,12,54,48,28,49,18,14,29,32,57,36,22,38,17,35,60,42,51,8,46,55,58,5,61,40,53,34,6,10,3,1,33,56,19,24,13,52,47,45,20,39,0,11
18,51,57,20,23,35,11,14,36,7,24,17,38,26,6,22,61,12,29,54,50,40,27,43,21,0,60,25,39,9,53,5,49,41,46,3,33,19,59,31,63,44,47,34,13,4,42,1,16,28,15,30,8,2,58,56,52,10,48,55,62,32,37,45
4,42,50,49,1,32,45,17,47,57,15,36,41,62,11,23,46,27,14,56,7,9,2,12,34,58,16,21,0,43,28,55,60,8,10,25,59,38,44,52,29,63,20,22,30,31,6,51,40,53,61,39,18,37,33,3,48,19,35,13,5,54,26,24
36,11,57,14,38,43,16,20,63,35,13,37,4,25,7,31,48,26,0,50,34,21,19,42,8,61,10,46,32,12,23,54,5,44,47,56,28,45,51,27,60,3,62,58,41,39,52,30,18,17,22,33,29,53,40,6,59,1,9,15,49,2,24,55
23,33,14,2,30,58,20,28,9,21,0,46,34,15,29,10,55,59,51,61,32,17,7,44,63,43,13,56,42,62,48,18,5,1,22,4,47,3,24,8,57,25,50,45,37,40,35,19,11,52,38,49,54,31,53,39,12,60,16,6,27,41,26,36
32,36,11,40,27,15,13,17,31,55,19,29,23,6,48,39,49,5,62,10,54,45,4,35,51,53,2,59,18,50,22,46,3,24,52,20,42,61,16,12,57,44,1,25,63,8,9,47,14,41,37,56,28,58,38,7,26,0,30,60,43,34,21,33
36,29,57,27,17,5,42,26,7,6,35,13,33,34,18,20,38,3,10,2,16,58,15,24,63,56,22,4,0,28,14,62,39,37,45,59,41,40,19,54,9,44,52,47,50,32,1,49,31,8,51,25,46,21,60,61,23,55,48,12,30,43,11,53
7,32,24,42,2,28,47,56,22,26,19,1,31,0,45,63,10,48,23,30,39,60,62,6,38,35,44,40,14,15,4,51,9,27,41,55,50,33,53,20,54,58,34,46,29,25,5,13,52,16,57,21,11,61,59,12,36,17,3,43,18,8,49,37
17,47,55,38,53,52,18,20,13,31,41,26,62,12,16,30,7,63,56,3,25,57,33,21,27,49,48,6,2,36,37,22,40,42,29,24,59,60,28,61,43,50,35,46,0,44,19,5,11,39,4,58,45,23,32,14,10,1,15,51,54,9,34,8
44,60,22,14,40,63,19,61,11,51,6,0,46,20,30,25,12,45,9,43,27,52,36,54,13,37,18,39,10,24,47,16,31,59,3,4,33,5,17,55,26,29,49,21,58,1,8,56,34,7,48,35,23,50,2,15,62,32,41,57,53,38,28,42
11,3,27,29,36,42,0,8,13,63,62,55,59,56,30,15,26,28,54,25,61,10,4,22,5,9,34,7,19,57,39,44,33,58,20,2,49,45,23,17,47,46,48,52,14,12,43,21,51,37,53,6,35,1,40,31,24,38,41,50,60,32,16,18
43,19,3,35,25,30,13,34,40,54,0,15,29,51,48,57,56,12,58,44,55,1,11,46,37,24,33,47,27,39,42,5,63,26,62,2,52,8,23,21,18,31,36,45,17,16,4,20,60,22,7,14,28,38,61,9,6,59,41,32,53,10,49,50
18,25,55,29,12,60,4,51,45,40,57,10,44,17,6,37,16,62,8,24,26,32,0,20,54,23,19,36,5,42,22,39,35,43,13,59,41,15,11,56,21,47,9,61,34,14,49,3,31,53,33,63,7,2,1,52,30,50,48,38,27,28,46,58
44,60,54,19,49,9,46,3,21,7,56,55,18,28,26,33,59,24,39,37,6,47,4,20,43,40,52,35,48,14,2,0,51,15,53,5,10,30,27,11,22,58,63,16,25,50,12,34,61,36,38,62,17,32,8,23,1,31,41,13,57,45,42,29
5,14,18,21,6,40,9,32,50,39,33,48,56,38,27,29,36,35,47,41,15,54,52,11,37,16,31,2,17,7,60,49,8,28,0,30,46,26,4,34,1,25,63,10,55,61,13,19,58,43,22,53,24,12,62,45,57,59,20,23,44,51,42,3
45,17,51,15,27,4,32,59,60,26,28,39,37,20,22,11,10,43,46,58,41,30,55,53,35,57,29,25,2,6,50,61,54,38,34,12,63,40,18,44,0,24,52,21,33,1,48,56,16,5,13,31,47,8,9,14,23,3,62,42,49,19,36,7
16,47,30,34,11,19,35,2,6,25,20,32,33,49,18,3,28,55,37,27,41,31,24,22,54,48,53,15,50,7,60,61,45,8,17,51,63,52,1,26,38,39,58,36,9,23,59,13,12,43,29,10,44,56,0,4,40,57,42,14,62,21,5,46
48,33,41,38,53,23,26,52,19,49,39,62,27,15,12,8,51,13,42,2,5,24,14,9,29,17,50,32,35,1,56,59,44,57,16,4,36,43,0,30,7,21,6,10,55,3,20,47,63,11,31,40,28,18,25,60,54,34,22,37,45,46,58,61
14,27,52,21,44,0,31,19,57,62,37,18,60,29,22,4,49,51,61,36,12,45,26,47,48,7,20,39,32,30,24,3,1,10,46,40,15,16,42,6,53,17,5,59,58,55,23,2,13,54,33,41,35,25,38,43,63,8,9,56,28,11,34,50
46,22,5,14,38,20,62,8,4,27,16,50,40,19,17,58,28,33,45,31,1,57,63,25,53,61,41,54,15,23,47,30,49,9,11,36,56,24,39,29,43,32,7,35,42,52,13,18,51,6,59,44,60,48,37,34,10,26,55,0,12,2,21,3
12,40,59,29,51,24,4,6,17,49,61,10,14,60,1,23,9,58,41,46,21,11,33,15,30,54,53,34,16,5,2,47,57,31,48,50,37,8,13,0,19,7,35,43,38,20,63,18,25,42,39,45,26,27,56,32,36,55,28,52,22,62,3,44
32,44,3,63,43,50,56,20,34,7,47,0,51,9,14,2,17,6,55,25,39,38,21,53,8,35,54,59,31,58,42,29,12,45,15,23,5,10,22,46,37,13,16,4,26,41,49,62,36,57,61,1,28,30,11,48,40,33,60,27,19,18,24,52
38,17,50,9,3,44,46,61,22,37,41,6,32,36,43,63,31,0,28,49,24,4,8,48,11,5,39,10,56,26,42,18,47,7,60,59,2,55,58,15,1,54,16,19,33,52,29,53,51,40,34,45,12,30,62,23,21,14,35,20,57,27,25,13
48,32,39,3,24,11,60,14,50,49,5,51,45,6,19,56,38,31,43,2,34,1,23,62,42,29,36,44,10,47,8,4,33,12,59,16,9,7,22,61,18,55,27,13,41,35,21,58,20,40,15,0,63,46,37,17,30,52,26,25,28,53,54,57
33,17,20,0,4,12,55,7,19,34,36,46,8,14,32,37,38,21,57,54,47,26,52,49,31,48,11,10,3,35,29,60,13,15,51,28,9,56,59,41,16,22,24,25,58,40,43,5,42,27,62,1,63,39,6,18,53,45,2,61,44,30,50,23
9,43,32,52,22,24,61,37,55,39,18,45,27,56,14,51,23,11,53,8,16,41,7,4,60,30,10,62,40,48,12,19,58,59,36,42,47,15,1,20,46,5,28,26,44,63,35,54,2,49,38,29,0,13,21,34,6,25,33,3,17,57,31,50
26,30,51,47,10,58,25,57,29,28,19,63,24,0,33,53,1,46,60,40,62,34,5,61,56,35,36,52,39,49,9,3,54,59,17,14,6,27,12,11,45,43,55,38,18,7,15,44,4,37,31,13,20,8,42,22,32,16,21,41,50,48,23,2
7,41,19,49,42,46,40,20,44,16,48,10,22,12,6,15,50,37,3,18,0,2,32,13,58,11,60,35,55,26,17,23,52,36,63,39,5,43,57,62,38,51,24,9,56,45,4,31,28,59,54,47,34,27,61,33,21,25,29,53,8,1,30,14
63,47,4,49,12,2,16,42,58,61,48,32,41,6,39,31,23,24,53,44,54,28,35,55,43,19,21,34,26,17,40,11,5,62,0,22,20,59,33,46,8,60,57,50,9,15,3,25,18,10,51,1,38,36,13,56,14,7,52,45,29,27,37,30
38,50,26,34,39,31,4,56,51,9,21,43,0,3,8,57,49,63,36,41,22,1,25,5,58,44,59,12,35,54,14,62,6,18,23,17,24,45,53,29,11,20,47,33,27,10,48,46,40,61,42,15,16,7,52,28,30,2,19,37,60,55,32,13
56,6,47,26,41,22,19,34,48,24,11,45,39,17,58,43,25,0,33,28,9,15,16,30,63,62,51,36,44,13,46,20,54,3,5,12,31,2,42,61,29,37,18,38,52,57,4,32,40,21,50,23,59,49,60,27,53,14,7,8,35,1,55,10
15,40,14,58,33,21,54,9,56,20,44,18,32,28,39,12,4,23,60,11,57,29,41,49,37,1,55,34,59,5,50,42,31,7,46,30,52,13,22,27,16,47,62,3,0,61,6,45,35,17,36,19,51,24,26,2,63,48,25,10,8,43,38,53
59,52,21,17,47,8,4,42,0,57,55,54,31,30,5,36,13,46,19,15,7,53,25,20,6,61,56,63,12,11,24,40,9,3,1,35,29,32,58,18,37,50,2,34,28,49,41,14,26,22,51,44,48,27,45,10,38,23,33,43,60,16,62,39
22,14,0,60,1,61,59,58,20,6,8,9,62,44,38,28,40,26,37,50,48,41,33,7,19,10,34,49,56,57,31,27,55,45,36,63,15,17,53,3,11,2,46,42,13,21,23,4,35,29,54,18,12,25,30,47,24,32,51,5,52,16,43,39
21,61,38,39,6,24,11,41,57,19,25,26,34,3,2,43,59,42,5,17,27,35,45,22,23,36,49,63,10,8,40,1,20,16,15,46,52,50,31,55,62,7,18,53,32,51,28,56,13,33,29,0,4,44,9,48,47,37,14,54,30,58,12,60
15,44,43,56,46,31,47,4,58,57,16,29,30,32,11,22,12,59,42,41,10,63,18,50,28,33,62,20,17,52,38,49,1,55,25,37,36,23,45,39,54,2,13,14,19,3,5,51,9,21,27,48,24,40,60,61,6,0,7,34,53,8,35,26
30,13,16,5,47,21,2,22,50,62,19,48,56,17,26,49,14,43,20,27,11,0,51,59,6,60,37,41,38,55,7,9,63,24,10,31,52,35,12,8,4,42,29,1,32,46,18,39,36,58,28,45,61,53,3,23,25,40,34,33,15,44,57,54
44,7,38,35,4,46,42,27,52,49,11,57,20,26,13,29,16,21,48,9,62,10,41,32,6,17,24,28,19,43,54,31,50,34,56,39,53,30,60,2,0,45,37,63,61,5,40,18,22,8,33,58,23,3,25,14,36,1,59,12,55,47,15,51
26,32,18,51,28,3,9,16,40,6,14,49,44,59,0,63,47,48,19,27,22,17,55,42,20,34,57,53,35,4,29,33,41,58,10,25,11,43,38,56,7,8,13,52,39,1,2,5,15,61,21,24,30,23,62,37,46,45,12,54,31,50,60,36
21,4,2,10,38,63,58,41,34,40,30,9,53,50,1,57,19,23,11,33,18,31,26,49,37,15,7,48,60,14,6,25,13,62,8,59,43,35,55,20,39,51,36,27,46,61,29,42,32,5,52,45,17,22,16,47,3,24,28,54,56,12,0,44
27,51,45,49,17,41,30,15,25,12,48,34,43,26,11,18,24,33,60,22,55,39,36,4,62,52,9,23,57,50,28,32,61,59,29,53,3,13,31,20,7,56,47,38,37,8,2,19,42,5,0,40,63,35,6,10,21,58,1,14,44,16,54,46
34,19,4,52,42,56,26,60,11,28,22,8,5,25,49,59,36,27,47,40,58,18,46,16,62,41,14,39,53,23,55,17,38,0,48,45,31,2,30,44,24,35,33,10,63,29,37,20,6,3,1,15,61,32,21,57,50,13,12,51,54,7,9,43
24,6,44,30,7,37,57,23,14,42,10,35,1,31,59,43,33,63,17,27,9,41,60,19,38,61,34,8,49,22,58,56,36,47,52,15,13,39,29,50,32,54,62,45,4,46,28,51,26,5,2,11,55,12,20,25,0,48,21,18,40,3,53,16
59,53,51,3,36,62,48,2,11,43,61,63,7,22,0,49,25,32,54,56,28,50,9,30,5,18,34,19,60,14,35,13,20,1,33,41,58,21,15,4,8,17,57,10,42,12,16,29,31,24,40,46,6,47,44,55,27,52,23,45,39,38,37,26
15,53,58,63,47,30,41,62,52,43,29,56,48,33,59,44,4,35,61,46,18,9,3,28,24,34,2,20,11,21,45,5,27,17,49,0,31,39,19,57,60,6,1,26,13,22,23,36,55,50,51,7,12,40,54,10,8,14,32,38,25,16,37,42
30,24,13,1,37,42,33,50,2,58,19,48,3,54,31,18,15,7,39,8,4,49,10,22,45,59,11,61,16,14,23,5,62,6,20,53,46,34,29,52,0,55,12,56,41,38,28,27,35,17,9,63,25,40,57,51,43,47,21,36,44,26,60,32
50,16,43,58,11,18,52,53,32,7,34,30,6,15,46,42,19,33,57,24,27,37,21,39,10,1,3,14,4,28,47,8,45,55,40,31,54,29,63,35,17,2,49,22,48,56,62,13,12,59,38,25,23,9,36,5,20,0,41,61,26,51,60,44
8,47,7,4,46,29,30,21,61,56,5,34,40,37,10,0,27,12,6,41,43,39,62,45,9,2,54,35,3,22,11,63,25,16,59,24,14,26,53,42,33,58,17,1,55,49,28,38,36,15,18,51,31,23,50,52,20,48,60,44,13,19,32,57
22,38,41,6,15,35,21,1,43,37,46,50,33,52,16,53,59,42,58,28,54,2,55,24,56,40,34,7,30,31,11,61,60,23,19,27,44,14,48,3,13,63,39,57,49,25,20,12,29,32,17,51,62,36,45,8,18,47,5,9,0,10,4,26
33,62,9,16,31,29,4,43,30,58,27,7,55,35,11,63,37,34,2,21,25,1,59,50,53,32,13,5,0,47,45,40,57,28,52,18,12,20,10,46,36,51,14,19,42,48,60,15,61,49,22,54,26,6,8,24,17,3,44,39,38,56,41,23
4,22,17,41,12,8,39,24,6,30,43,33,61,19,49,32,50,35,23,18,29,57,7,16,25,15,42,56,58,13,36,47,21,53,10,20,27,62,2,44,54,63,26,46,28,48,59,51,45,55,14,52,0,9,5,40,3,31,11,1,38,34,60,37
19,38,63,26,13,45,18,15,61,0,28,22,41,36,6,7,8,4,43,32,5,33,23,29,60,10,57,44,55,12,48,2,34,9,49,31,27,59,25,14,47,21,11,37,54,30,46,56,16,52,53,58,62,40,20,35,42,50,17,3,24,39,51,1
40,36,6,34,44,3,54,52,5,32,20,31,21,22,38,48,2,47,23,46,28,12,26,9,59,25,39,53,35,49,55,7,19,0,4,45,58,60,51,17,42,1,37,27,57,56,30,15,14,33,61,41,63,24,8,18,10,11,13,62,50,43,29,16
62,23,40,38,11,39,1,28,0,50,59,14,3,24,8,44,13,58,9,57,2,34,43,53,48,15,20,46,19,31,52,35,27,25,36,61,7,26,54,12,45,32,33,55,16,5,47,21,42,17,49,63,41,18,37,4,22,56,51,29,30,6,10,60
32,33,19,9,45,35,59,49,11,39,13,36,25,41,53,8,52,12,7,4,58,60,40,62,51,10,20,3,0,47,5,63,55,44,24,46,16,21,30,2,28,56,31,17,23,27,18,42,26,50,38,29,1,43,15,57,14,61,22,37,6,34,54,48
47,18,58,30,42,25,16,38,6,3,1,63,41,29,56,48,22,43,53,44,9,61,7,10,54,33,11,27,32,15,13,52,49,45,26,34,5,39,8,23,17,31,2,36,0,19,50,60,40,12,55,59,57,46,20,35,4,51,21,28,14,37,24,62
44,58,20,41,34,38,49,29,45,57,60,14,42,25,23,39,46,30,32,6,35,47,26,51,3,10,56,13,40,61,7,11,1,9,8,63,50,22,18,43,55,59,0,4,36,15,5,2,54,53,16,24,12,62,52,27,19,17,33,31,21,48,37,28
22,48,49,5,11,3,57,44,28,36,33,46,54,59,38,2,18,12,27,29,8,16,62,47,45,7,41,50,63,32,35,56,25,55,34,26,51,37,17,43,42,40,6,0,52,23,1,30,58,19,31,4,21,14,9,53,10,60,24,61,13,20,15,39
42,4,9,32,11,28,26,54,27,23,63,31,34,22,19,10,35,14,46,8,33,43,60,29,16,21,37,53,20,3,41,40,7,6,39,48,5,58,38,0,18,13,12,1,17,36,59,55,56,45,51,61,15,24,57,62,44,25,30,2,52,50,49,47
24,12,31,6,37,29,44,35,50,15,25,62,3,17,0,45,40,4,41,61,53,38,55,28,7,52,5,56,58,63,11,49,9,10,33,60,54,23,19,42,48,21,30,39,27,34,46,26,18,51,32,59,47,2,13,36,14,43,57,22,16,20,1,8
48,8,0,40,59,22,7,63,17,14,15,27,45,2,25,38,20,9,47,6,43,53,44,28,23,3,35,33,62,49,50,36,42,34,55,57,13,30,19,54,46,32,1,58,29,11,10,61,21,31,41,16,60,4,56,5,37,51,39,12,18,52,26,24
18,2,17,51,54,29,43,31,55,61,26,23,13,20,48,37,16,34,56,30,33,6,42,46,59,0,40,11,49,28,3,21,58,45,50,4,27,35,52,41,25,38,1,62,7,22,9,36,60,12,39,53,14,44,24,8,63,32,10,15,47,57,19,5
24,52,32,34,9,53,3,12,54,62,7,13,36,58,16,22,35,2,61,0,5,28,33,44,40,49,14,8,27,6,48,41,57,47,63,10,26,19,21,46,51,43,42,20,37,18,39,15,56,30,25,38,59,45,23,60,31,4,17,11,55,50,29,1
30,25,39,29,42,56,24,36,49,54,20,0,6,37,21,63,47,22,33,31,60,8,61,62,58,17,12,1,18,59,26,57,27,2,40,44,48,32,45,3,52,11,46,38,13,4,10,16,35,7,55,19,34,28,23,15,50,14,53,9,5,51,41,43
17,11,62,29,63,60,12,61,2,44,22,18,34,4,37,0,43,30,42,13,10,5,58,7,25,35,49,38,15,45,23,21,24,50,16,51,3,55,36,27,33,48,52,46,53,19,6,40,9,59,32,8,14,31,26,1,39,54,47,56,20,57,28,41
26,12,38,52,33,7,56,18,42,55,44,28,30,37,34,48,47,6,9,3,16,36,45,19,10,24,41,59,1,15,11,14,8,29,21,0,54,39,40,20,31,49,60,35,46,43,17,23,25,13,58,51,2,27,63,50,5,61,53,4,62,57,32,22
23,39,21,25,0,54,59,6,31,48,32,12,8,1,52,15,58,20,61,29,44,47,49,11,46,51,34,45,38,33,24,16,63,22,30,53,10,56,17,28,27,9,7,5,43,42,35,37,4,57,2,50,62,3,18,26,14,55,36,60,41,19,13,40
35,16,39,15,21,29,14,26,0,9,10,42,28,19,3,17,2,8,12,45,33,51,41,38,13,30,40,32,6,24,11,20,4,58,61,27,49,47,34,25,53,57,48,7,56,23,44,63,18,59,36,37,22,43,60,52,31,54,46,55,62,1,50,5
37,14,13,0,61,15,39,34,31,17,16,44,11,20,42,56,48,8,3,6,18,22,45,59,53,47,12,2,7,33,63,27,38,25,19,36,24,50,55,23,28,21,26,60,54,46,49,5,32,43,35,40,30,52,51,41,62,57,1,10,29,58,9,4
44,3,56,32,19,37,34,28,16,36,18,50,24,30,0,31,27,20,4,6,12,49,2,54,42,17,45,62,55,9,60,1,53,14,48,35,47,5,8,40,21,10,25,39,46,57,38,29,26,61,23,58,15,33,22,63,51,13,7,43,41,52,59,11
17,11,59,19,23,53,41,9,7,60,31,10,48,12,63,2,43,57,6,28,18,35,22,62,15,14,52,58,16,3,26,42,39,8,29,37,61,49,24,40,13,45,32,34,25,20,1,33,30,44,46,4,36,54,47,50,21,51,55,56,27,0,5,38
6,51,25,44,4,2,26,23,24,50,1,57,62,30,5,54,63,40,38,28,13,33,3,47,27,16,58,20,18,39,41,19,52,35,21,60,15,36,7,0,9,46,14,17,43,8,12,53,48,34,11,49,55,22,42,59,10,56,32,31,37,45,61,29
36,34,16,63,2,12,45,7,40,44,26,37,3,60,32,21,35,51,42,1,20,38,58,28,11,10,25,46,6,4,39,29,5,13,59,19,54,8,22,14,55,57,33,52,30,17,62,56,49,50,48,9,0,61,27,23,47,31,18,15,53,24,41,43
6,44,22,53,24,41,8,11,49,3,30,32,63,4,7,45,46,2,51,60,28,34,12,47,18,54,58,27,13,16,37,17,33,57,55,19,10,59,25,36,31,29,48,39,26,14,5,61,21,0,1,62,56,9,20,52,50,40,23,43,38,35,15,42
7,15,49,42,28,3,18,50,39,22,4,8,59,11,9,36,31,52,63,29,48,12,44,62,60,20,55,41,16,38,45,58,17,1,27,56,2,25,13,47,6,40,61,30,43,35,26,10,57,34,5,21,32,23,46,33,51,53,19,24,0,37,54,14
32,57,13,62,41,46,24,6,50,39,18,28,35,40,42,0,9,25,43,26,61,7,34,53,17,44,3,37,2,36,58,49,23,16,14,48,19,38,21,59,15,55,4,63,33,27,5,47,30,52,29,60,45,10,8,51,54,20,11,31,22,1,12,56
60,35,11,6,30,23,28,51,40,17,58,50,13,63,53,54,33,43,0,1,3,24,10,12,31,52,2,46,22,47,44,19,29,26,59,56,41,27,57,20,39,21,7,48,49,45,8,5,42,61,62,36,16,4,14,9,25,32,18,37,38,55,15,34
4,46,54,48,42,58,55,51,10,63,26,7,0,62,53,34,12,29,3,19,39,38,35,11,25,28,16,52,61,20,1,49,30,56,44,37,22,2,41,17,50,14,21,5,59,40,9,60,36,33,45,13,24,15,6,18,47,8,32,31,43,27,23,57
60,56,31,20,17,48,5,53,4,1,61,6,10,59,30,7,41,9,37,13,23,18,16,12,45,29,47,62,44,34,11,2,24,55,42,39,57,15,32,36,54,38,26,27,33,49,58,63,22,25,40,8,21,19,35,51,52,0,14,43,3,50,46,28
1,41,13,12,18,56,14,55,16,44,17,5,22,59,0,36,4,33,27,6,32,37,45,30,63,47,24,52,19,48,8,21,39,38,15,54,31,43,10,51,62,20,2,61,58,25,57,29,60,28,49,53,3,50,42,35,26,11,23,46,9,34,7,40
32,34,11,39,26,29,59,9,18,4,62,5,30,54,8,40,55,56,33,61,17,1,27,2,38,23,0,45,57,15,43,12,42,22,53,60,6,58,41,16,36,13,25,21,10,20,7,51,46,31,37,50,35,52,28,47,14,24,49,48,44,63,3,19
51,43,19,25,22,32,6,42,60,55,14,46,8,62,34,56,26,54,37,59,45,39,12,2,16,63,1,47,4,52,21,15,20,27,3,28,9,44,29,58,30,7,61,50,18,5,48,24,38,13,36,49,10,35,31,23,57,53,33,17,40,0,41,11
19,31,36,8,57,28,59,35,45,24,41,23,54,0,13,29,9,18,1,34,16,5,50,2,27,58,14,47,61,26,42,20,55,46,53,3,60,51,48,63,15,30,10,32,33,7,43,12,22,21,17,52,4,49,11,62,56,40,6,38,44,25,39,37
23,43,34,11,2,24,0,32,26,33,53,10,38,19,50,22,35,28,59,3,51,4,52,30,47,7,18,21,60,39,58,44,8,5,55,15,14,48,46,57,9,41,25,45,31,12,17,54,63,62,42,6,49,36,29,37,20,1,16,40,13,61,56,27
44,62,23,37,16,43,40,27,53,11,20,47,56,60,26,1,5,8,25,14,2,52,33,41,42,3,17,57,29,22,58,13,31,50,15,55,28,9,30,24,48,45,7,21,19,18,35,0,46,49,54,39,6,34,36,59,38,10,12,61,4,32,63,51
31,38,29,30,54,25,28,20,19,37,49,5,34,59,62,48,8,26,18,42,11,40,61,7,51,41,13,4,44,63,32,17,50,47,36,22,27,0,14,23,57,3,33,1,39,6,56,43,58,10,15,21,35,55,45,52,24,12,2,60,9,16,46,53
55,0,33,22,5,42,51,21,9,49,25,4,40,23,37,63,29,48,17,36,26,8,16,28,12,10,1,57,44,60,54,7,59,30,32,46,14,35,56,47,61,52,6,11,34,27,45,31,43,13,24,62,41,20,39,3,2,58,38,18,19,15,53,50
23,60,42,21,15,8,32,12,16,44,4,36,51,26,55,9,18,17,2,48,25,63,7,49,39,5,29,52,13,57,30,47,20,19,0,34,62,50,59,37,10,45,41,56,35,3,14,54,11,24,27,38,61,43,40,22,46,1,6,28,31,33,53,58
3,44,51,20,15,45,8,14,4,43,48,23,11,33,56,22,53,63,60,19,40,12,16,42,61,36,57,27,0,55,2,39,49,13,32,7,35,24,59,26,47,41,25,30,10,52,38,17,50,21,46,34,37,6,28,31,1,62,5,29,9,54,18,58
30,16,4,31,41,35,18,49,11,56,2,46,15,40,38,51,19,9,24,37,59,3,20,57,28,36,5,62,44,25,43,45,23,39,53,26,12,58,55,63,1,42,0,60,27,50,8,29,61,54,34,52,48,47,10,13,21,17,33,22,14,6,32,7
19,16,55,50,9,37,8,4,5,39,31,36,23,44,61,33,41,24,62,43,59,53,1,52,18,13,17,35,51,11,7,15,56,30,26,46,57,2,54,3,20,29,25,58,21,22,14,48,42,34,27,0,49,40,12,63,60,28,45,47,32,10,6,38
8,57,22,32,37,42,31,29,54,28,46,23,34,1,6,41,13,47,51,26,4,50,25,21,36,45,43,9,39,40,61,44,20,53,0,62,48,59,35,33,58,10,17,52,11,3,55,19,15,63,60,56,16,7,38,5,27,49,14,2,30,12,24,18
15,30,34,0,3,59,42,9,27,10,48,62,28,52,12,41,8,33,35,61,58,11,56,2,50,54,53,7,19,25,22,39,36,63,26,49,17,18,57,60,13,38,32,37,21,43,55,45,47,51,6,23,31,14,24,40,29,16,44,20,4,46,1,5
58,3,37,54,48,46,38,43,47,21,22,5,31,9,16,39,61,49,41,53,40,1,59,7,34,56,6,10,32,17,0,52,28,51,29,8,18,63,19,42,27,30,14,25,33,20,62,26,45,60,35,11,4,13,24,50,44,12,23,2,55,36,57,15
60,55,28,59,18,58,26,57,10,21,37,1,62,7,6,40,50,19,44,15,51,16,24,4,39,2,27,35,17,20,9,22,32,45,30,48,11,34,23,43,61,14,49,33,53,3,47,36,12,31,13,38,29,8,5,52,41,42,46,25,54,56,63,0
16,33,63,15,22,29,20,0,47,27,40,2,58,7,60,42,38,30,5,57,43,59,10,61,13,62,25,48,28,53,9,26,56,31,21,18,49,35,51,8,54,23,39,6,50,1,19,17,32,37,14,34,44,24,11,45,3,46,4,36,41,55,52,12
10,21,58,17,2,7,9,15,45,3,22,63,36,46,0,62,34,4,1,57,38,56,43,5,12,27,59,28,44,30,16,32,54,14,13,33,11,53,19,20,24,31,47,18,23,6,29,55,61,40,25,8,35,52,60,41,49,50,37,42,51,26,48,39
13,23,9,2,3,30,60,4,19,31,1,50,55,6,51,24,35,63,62,22,42,10,37,25,0,8,12,32,11,34,54,61,39,36,46,45,59,15,52,53,18,57,14,29,40,44,26,16,7,20,56,27,38,41,17,47,28,58,21,33,5,43,48,49
6,46,13,19,8,5,11,57,40,22,38,49,63,23,42,56,52,18,20,60,59,21,1,0,33,9,29,58,15,43,48,16,47,51,10,14,55,24,4,45,39,7,25,50,61,27,30,3,62,28,41,17,54,32,12,36,37,53,44,2,31,26,35,34
11,32,39,13,4,63,54,51,33,58,48,10,36,34,56,22,41,59,50,29,18,28,43,30,1,35,14,24,45,61,47,3,12,19,42,53,37,17,2,8,26,9,5,52,23,57,49,62,16,27,7,44,20,31,38,0,25,46,40,15,60,21,6,55
51,2,9,25,12,47,58,1,45,57,19,4,8,41,37,52,33,55,60,40,22,53,48,61,13,7,39,62,6,23,24,10,5,26,32,50,11,20,0,54,35,43,49,36,34,44,46,28,29,59,31,16,42,38,56,17,27,3,63,18,21,15,30,14
62,24,10,4,7,0,52,40,5,27,30,38,56,36,19,16,3,63,44,45,26,14,60,6,1,12,23,54,59,50,34,33,8,53,17,2,9,15,41,35,21,11,25,57,20,48,42,46,13,28,18,37,58,29,32,31,49,43,51,55,22,47,39,61
32,39,35,12,37,18,6,33,50,36,40,54,1,9,27,7,59,52,57,58,5,31,22,24,19,46,63,25,20,28,26,42,15,62,56,14,49,8,16,55,17,47,43,4,34,51,41,38,44,45,11,2,48,3,53,60,29,13,61,0,23,30,21,10
35,8,39,49,19,61,42,38,45,28,55,58,40,32,5,60,56,44,48,33,10,31,21,14,11,29,54,15,20,23,51,25,46,27,62,36,47,2,7,12,3,34,63,57,18,52,0,41,37,17,9,13,16,22,4,53,26,59,43,30,1,6,50,24
62,26,35,14,8,53,52,9,47,20,48,59,56,0,33,45,55,57,15,22,32,40,4,50,51,10,21,6,49,41,13,16,24,28,29,43,11,39,27,18,42,12,30,46,44,19,17,36,61,5,34,1,25,3,63,37,58,38,23,31,54,2,7,60
49,58,40,42,43,34,41,47,16,59,33,48,6,50,46,12,30,11,45,13,5,2,29,26,36,4,52,31,18,60,39,25,7,57,20,53,1,0,15,63,27,56,28,14,32,24,38,37,62,51,19,55,44,9,21,35,8,61,54,23,22,3,17,10
3,28,13,30,52,48,63,55,16,41,2,17,59,21,47,39,19,44,29,50,31,33,24,40,60,58,11,53,20,6,36,38,45,26,0,62,57,7,8,37,23,43,34,10,22,1,46,25,18,4,12,49,14,42,35,51,5,56,32,15,54,9,61,27
23,36,31,62,57,60,16,3,26,37,35,42,21,47,61,45,9,12,25,44,50,13,30,11,55,46,53,22,52,18,56,39,41,43,34,32,1,33,24,10,6,0,63,54,48,20,5,38,2,8,28,51,4,17,40,59,19,29,15,14,58,7,27,49
42,45,1,18,15,35,16,17,51,54,44,28,56,12,19,3,46,38,31,47,22,24,0,9,49,7,50,61,23,5,37,14,27,21,32,58,40,63,52,41,62,2,39,34,59,29,11,48,13,33,30,60,25,53,36,26,10,57,4,20,8,55,43,6
36,19,45,0,55,4,12,29,51,18,1,2,21,5,23,43,34,3,33,63,16,58,32,39,61,13,53,46,11,56,15,20,26,35,30,37,24,38,8,62,40,25,22,50,6,49,28,17,60,14,27,54,44,9,31,10,42,48,52,59,41,7,57,47
25,58,46,60,23,44,9,14,22,49,29,57,62,7,56,41,37,28,0,18,38,20,17,42,48,52,8,26,51,40,6,1,15,27,61,24,50,45,43,3,5,21,53,59,34,16,10,32,11,39,19,55,4,12,2,31,30,35,13,36,63,47,54,33
42,11,13,18,1,53,20,0,4,23,27,24,51,10,40,29,49,36,3,26,37,44,56,22,14,54,12,17,48,5,46,8,2,60,41,50,62,28,38,47,61,30,43,57,52,39,33,9,19,45,16,15,59,21,7,25,6,55,58,32,31,35,34,63
58,28,6,53,35,41,14,8,46,42,21,20,7,10,57,1,9,54,22,37,24,39,25,40,55,19,15,36,18,31,50,51,27,52,3,0,5,61,59,62,16,17,38,12,63,56,11,45,34,32,60,44,26,4,23,33,2,30,29,47,13,49,43,48
58,18,36,57,19,38,47,11,49,42,44,13,30,32,4,63,5,62,10,59,48,17,40,54,45,27,46,15,26,7,16,53,9,37,39,34,35,20,28,60,55,52,0,21,51,43,25,8,2,24,50,41,33,12,29,14,1,22,61,6,3,31,56,23
44,38,22,61,16,13,57,55,27,54,17,10,11,41,52,14,9,20,24,51,49,32,26,5,56,3,1,34,40,53,30,4,18,33,43,2,47,37,46,29,59,62,50,28,39,15,45,8,25,6,19,21,35,7,31,63,58,23,36,48,42,12,0,60
0,14,29,46,42,19,4,17,12,30,52,40,50,23,32,7,18,1,21,43,55,58,37,10,34,11,44,63,22,26,53,15,38,59,16,54,9,61,2,35,24,45,60,8,28,48,5,49,6,13,47,36,39,51,31,3,56,20,62,27,25,41,57,33
37,34,53,4,33,45,62,36,10,22,49,55,9,29,21,57,8,23,5,26,40,1,47,13,50,0,39,41,11,46,7,48,59,54,6,14,44,43,30,28,52,16,31,2,12,3,60,15,63,17,27,35,18,61,58,38,51,56,42,25,24,19,20,32
22,18,25,16,37,47,20,60,10,8,55,34,27,0,3,28,42,43,14,13,7,39,38,24,59,5,15,30,4,61,51,53,32,6,12,45,23,58,63,33,1,46,62,17,56,35,41,44,50,29,54,52,49,26,9,21,36,2,57,19,31,40,48,11
32,8,60,34,49,29,6,61,39,25,35,5,18,30,37,45,53,54,24,17,31,2,10,52,27,13,38,14,23,19,7,16,41,22,42,58,21,55,15,26,43,33,50,46,40,59,62,57,48,51,11,28,3,44,56,12,0,47,20,4,9,36,63,1
7,3,53,2,4,13,16,24,62,8,18,59,34,44,58,31,52,61,30,45,26,10,17,6,46,11,37,28,33,60,1,25,21,48,43,22,29,14,49,42,55,23,54,63,0,40,9,39,32,41,12,38,5,50,56,47,27,57,19,20,15,51,35,36
45,60,14,20,42,51,1,62,4,17,53,22,29,34,12,57,47,10,41,43,30,31,44,48,5,15,3,7,13,11,52,37,26,24,59,38,39,35,18,19,28,21,46,0,8,25,32,9,61,49,56,2,36,58,55,27,23,54,50,16,40,63,6,33
54,28,2,57,52,11,34,21,50,17,18,24,13,4,12,8,49,25,41,47,35,22,15,26,29,9,61,6,0,19,10,51,20,7,27,60,36,48,37,33,3,56,55,16,46,44,53,23,43,40,63,38,62,58,31,30,45,5,59,42,1,39,14,32
26,25,50,28,60,49,63,16,36,31,46,12,10,52,8,13,54,3,1,9,34,45,5,53,20,24,32,51,58,56,55,22,0,62,43,7,35,38,47,37,33,39,17,14,19,57,15,42,2,11,61,23,40,30,21,18,44,4,48,27,6,29,41,59
27,6,50,10,32,18,33,2,28,60,51,34,25,63,19,61,40,35,58,42,45,22,29,55,53,52,54,56,44,9,46,41,13,1,8,23,31,20,21,57,39,43,17,15,30,16,59,3,7,11,24,14,5,36,38,0,26,49,47,62,12,4,48,37
62,2,15,34,39,43,50,61,11,52,45,19,60,63,7,0,41,18,57,47,17,51,49,23,40,14,4,44,6,37,12,10,28,56,59,27,48,13,55,38,33,30,16,53,22,26,58,31,24,21,36,46,29,20,42,54,5,9,25,32,3,1,8,35
22,57,49,51,27,39,40,43,10,7,58,56,13,55,54,60,36,47,50,38,37,16,59,21,17,5,12,62,29,6,8,33,25,20,15,26,19,24,30,52,53,4,48,0,28,42,11,14,61,32,23,41,3,63,44,46,1,35,2,18,45,31,34,9
48,15,5,20,24,55,17,61,37,39,28,34,4,13,1,14,33,3,42,6,7,53,54,62,11,21,10,60,36,57,9,32,12,44,35,63,40,49,47,45,59,0,26,43,27,31,25,2,19,18,51,46,29,30,56,8,23,22,38,16,58,52,50,41
14,51,22,33,16,18,47,6,30,36,56,46,31,20,50,17,8,24,29,59,60,23,34,2,55,0,54,3,58,57,41,13,53,11,28,27,37,26,35,5,42,48,61,43,1,25,15,19,49,12,44,10,52,39,4,62,7,40,45,38,9,32,21,63
19,59,33,57,8,31,38,34,56,15,30,18,3,0,13,36,46,21,41,26,44,27,47,37,29,45,49,11,39,53,22,6,2,35,60,52,63,14,1,24,9,43,7,62,54,61,20,48,55,10,23,58,32,16,12,28,51,40,17,4,5,25,50,42
61,10,40,15,45,20,34,51,59,13,55,42,57,38,52,32,25,7,48,27,0,8,46,60,21,3,4,36,1,30,2,62,28,33,23,44,56,9,43,24,31,11,17,18,12,58,5,50,41,14,35,16,26,53,22,47,63,6,49,29,54,19,39,37
12,23,32,36,4,63,33,51,24,2,8,60,14,35,39,52,1,44,30,11,31,58,16,57,41,45,20,13,56,40,17,5,29,34,6,61,43,22,28,55,42,0,47,18,15,53,49,38,54,3,62,19,7,9,26,10,27,21,50,46,59,48,37,25
8,56,32,20,24,61,39,54,58,31,12,63,6,14,59,33,37,57,52,36,15,2,29,43,44,42,51,40,45,1,49,26,27,10,22,4,34,18,28,9,17,50,41,53,47,7,23,30,13,48,38,21,16,0,25,19,3,11,60,55,62,46,5,35
32,2,11,15,42,0,56,26,48,36,50,46,60,24,30,28,58,12,63,35,52,3,38,25,29,18,16,61,39,47,8,21,59,55,57,44,7,41,17,62,34,19,40,33,49,6,5,27,9,53,14,1,54,31,20,23,51,13,37,4,43,22,45,10
58,28,10,52,14,54,31,60,7,34,47,49,2,39,6,61,46,38,11,5,20,4,13,16,63,15,48,62,45,37,29,33,17,8,26,18,1,23,30,43,51,44,9,22,42,36,27,56,41,3,32,50,40,0,53,21,55,35,12,25,19,24,59,57
50,1,3,30,29,51,25,57,9,44,28,2,43,40,38,24,45,13,15,12,21,10,26,32,19,39,8,55,5,23,6,49,47,11,48,20,54,42,58,41,34,63,0,62,61,37,56,53,52,31,46,33,4,18,27,35,22,14,59,17,7,60,16,36
24,7,58,59,51,48,52,15,37,63,28,17,54,33,27,60,61,6,47,5,42,41,4,55,34,11,12,23,29,8,57,44,56,26,46,45,9,16,2,40,62,36,21,22,3,32,53,1,13,18,10,0,25,31,43,50,49,38,14,19,35,39,20,30
44,25,51,2,28,39,22,50,62,10,46,9,40,37,26,45,43,32,15,23,1,59,7,41,16,38,19,8,31,34,12,27,33,24,29,61,52,0,18,30,13,42,21,17,11,53,57,55,35,36,56,49,48,3,5,6,20,63,60,58,47,54,14,4
9,23,35,62,41,4,31,50,7,15,59,58,21,48,46,37,27,13,19,43,16,3,53,36,51,20,29,61,30,56,40,39,45,10,24,6,12,28,0,25,11,34,57,44,5,60,47,1,18,2,54,55,63,17,32,42,33,22,26,49,8,38,52,14
15,46,59,4,8,51,1,60,18,16,5,47,49,21,31,44,38,37,29,63,14,17,19,23,52,7,45,28,39,57,26,61,12,13,30,43,6,11,53,50,33,42,54,40,0,36,10,3,56,62,27,22,24,9,20,34,35,58,25,2,55,48,41,32
44,43,47,37,10,27,57,39,1,41,35,16,45,20,28,40,52,34,61,18,53,48,60,50,29,38,13,4,31,63,12,36,17,14,8,0,58,7,59,15,21,55,22,32,42,3,30,51,6,23,54,49,9,24,2,26,19,11,25,46,33,62,5,56
10,58,44,19,48,8,13,50,4,59,39,26,37,47,53,45,57,7,30,60,15,14,24,23,61,49,11,22,6,16,29,43,32,56,31,33,1,17,0,38,35,42,9,12,25,62,3,28,34,40,51,63,41,27,52,20,55,54,18,21,2,36,5,46
9,37,49,63,20,32,46,42,17,33,23,3,27,38,62,40,5,36,21,54,52,24,56,4,2,34,0,19,41,47,22,10,30,43,12,18,55,61,16,50,14,48,29,1,15,51,44,13,58,7,11,45,57,26,6,60,39,35,28,53,31,25,8,59
62,11,20,49,32,0,15,4,17,59,5,51,8,6,1,56,43,3,36,26,46,47,31,44,2,16,24,63,28,39,40,37,52,55,12,23,29,14,48,60,10,38,27,35,19,21,53,61,50,9,13,22,30,33,18,25,57,54,42,7,41,58,34,45
50,15,13,1,30,17,32,21,3,46,31,37,38,42,2,29,27,58,14,57,51,16,47,56,54,40,9,22,24,28,52,55,12,7,59,25,26,35,6,4,10,44,18,45,23,63,49,61,41,53,5,20,43,62,39,11,34,60,8,48,0,19,36,33
26,54,2,49,20,44,55,43,48,50,60,41,22,24,36,61,27,57,3,15,35,9,62,7,8,39,42,13,11,6,1,23,21,19,37,59,45,56,38,16,17,33,4,28,0,51,40,29,25,32,53,63,58,18,10,46,31,14,12,30,47,34,5,52
37,46,33,50,40,25,55,24,5,28,51,2,6,11,27,60,15,0,36,7,38,8,59,61,1,13,26,35,39,63,19,47,20,43,41,57,16,17,22,44,42,12,30,52,4,29,23,48,58,56,10,32,34,14,21,54,3,53,9,18,45,31,62,49
20,17,58,9,39,16,26,35,62,31,21,47,13,59,57,22,3,25,4,40,15,36,44,41,29,53,43,19,2,50,18,63,46,12,48,55,60,10,28,14,54,23,61,5,45,24,7,37,11,1,0,8,52,56,6,34,30,51,33,49,27,38,42,32
6,34,50,13,8,51,41,57,38,35,63,17,18,47,2,54,52,58,4,62,10,19,23,26,7,53,29,46,49,21,9,16,28,30,60,5,55,24,11,39,3,33,59,36,14,37,0,45,40,31,56,12,43,20,32,61,42,22,1,27,44,25,48,15
23,61,20,22,0,3,57,10,52,33,44,14,12,53,4,46,17,9,54,13,18,2,32,11,50,31,24,42,19,1,60,34,47,63,25,6,5,48,49,39,7,59,27,21,29,28,37,8,51,16,35,45,26,62,38,55,30,43,41,56,40,58,15,36
24,57,38,62,11,3,55,17,31,6,4,25,52,19,10,44,2,21,42,40,0,56,54,12,41,46,35,50,47,49,63,34,59,5,22,30,60,32,28,26,48,51,20,45,18,53,43,27,9,14,1,39,61,7,33,37,15,13,29,58,8,16,36,23
33,63,13,19,61,24,59,41,36,18,43,32,47,23,54,50,4,46,11,12,8,5,34,17,25,27,42,49,62,10,52,38,31,21,30,0,58,3,45,26,48,6,22,40,16,15,9,20,1,39,7,55,53,35,44,14,37,2,60,29,51,28,56,57
58,46,30,23,37,60,36,55,22,25,57,50,53,56,5,13,31,48,41,44,29,43,9,45,3,20,35,18,19,49,62,24,8,63,52,47,1,0,54,59,33,27,14,61,6,2,10,16,15,21,26,38,42,32,4,17,12,40,51,34,7,28,39,11
19,20,13,16,30,42,61,29,54,46,27,17,3,58,22,55,0,40,25,47,8,23,1,36,43,53,15,10,56,12,62,39,31,51,24,49,9,48,32,44,18,59,41,11,28,50,21,35,63,26,37,7,45,5,2,14,52,34,4,38,57,6,60,33
31,0,19,28,38,36,12,15,51,57,27,44,42,54,45,58,60,32,10,56,17,30,40,33,7,62,1,41,29,2,6,3,4,22,18,21,39,9,34,46,14,43,52,49,8,37,24,13,59,55,53,5,47,25,35,16,48,26,11,61,23,20,63,50
8,22,3,43,25,47,31,23,26,35,1,12,61,42,36,50,28,55,0,45,20,38,51,19,32,62,16,29,27,13,30,57,40,17,59,14,18,33,37,46,48,39,34,6,24,4,2,21,52,11,58,56,5,10,49,9,7,63,54,15,60,53,41,44
63,35,4,62,25,24,1,57,7,0,19,42,34,12,26,6,58,33,22,29,49,39,28,59,46,8,9,27,53,55,60,11,23,31,21,47,3,48,56,13,50,36,51,15,37,41,5,10,44,38,20,43,45,52,40,54,30,16,61,2,14,32,17,18
23,22,18,31,5,9,25,3,32,53,30,42,59,55,49,26,27,40,21,58,43,48,4,17,29,46,7,50,57,47,52,6,62,28,8,44,24,54,20,11,45,34,12,33,35,61,2,10,63,19,56,36,51,38,39,1,15,41,16,13,14,60,37,0
8,32,62,30,52,63,61,24,47,44,22,31,42,2,36,13,12,43,27,7,39,57,33,41,17,1,40,10,56,55,19,4,53,45,34,0,49,29,11,9,23,48,5,25,20,58,50,16,38,60,3,59,37,26,21,28,51,54,14,46,6,18,35,15
26,1,27,49,3,35,62,11,8,20,29,39,55,63,2,32,5,6,61,24,37,54,0,10,59,23,47,15,51,34,53,38,42,46,45,17,41,50,48,40,4,52,36,31,30,25,57,12,22,44,56,21,7,19,14,18,16,9,13,58,43,60,33,28
48,18,12,21,30,19,39,33,4,13,32,9,1,31,5,47,45,44,23,25,10,50,60,40,41,16,24,54,56,51,34,61,63,7,57,8,11,6,22,27,20,53,46,58,43,26,42,14,35,3,59,2,15,38,29,55,49,36,37,62,28,0,17,52
1,37,41,19,23,11,45,20,44,16,4,12,32,34,61,43,50,7,24,30,29,6,35,52,48,21,36,40,51,25,13,14,54,15,18,26,38,53,33,57,8,10,49,62,5,46,47,22,63,42,60,2,17,59,27,3,55,31,28,0,56,58,39,9
10,47,33,8,16,11,22,54,0,40,36,57,39,20,5,37,21,45,38,41,26,58,15,55,52,43,51,7,2,49,9,12,13,24,31,25,14,23,35,19,32,6,17,50,46,62,1,4,56,60,61,27,53,63,3,42,18,29,28,48,30,59,44,34
61,53,60,50,55,37,7,20,29,39,3,8,19,35,22,45,0,43,14,31,51,2,5,47,54,6,17,63,36,57,58,32,46,10,30,26,4,33,28,23,59,52,48,1,27,13,12,11,15,40,41,9,49,38,16,44,34,18,42,56,21,25,24,62
61,11,13,32,45,26,52,1,17,40,47,5,48,18,35,39,41,43,53,23,36,6,20,29,58,14,51,34,27,30,31,4,62,54,25,50,3,56,8,7,49,33,2,44,21,37,10,63,60,19,9,38,24,55,46,57,16,42,28,22,12,59,15,0
54,49,52,13,19,36,21,0,26,7,60,28,46,11,12,38,34,43,48,42,59,10,3,47,20,57,9,58,8,22,50,14,63,23,4,29,61,5,35,16,41,37,24,17,51,15,27,53,45,25,1,30,6,39,18,56,62,32,33,44,40,31,55,2
11,2,55,12,7,26,38,20,4,58,30,62,29,44,57,22,36,51,21,27,40,5,13,37,23,19,10,3,63,32,39,49,16,42,18,50,54,48,25,59,53,33,15,46,47,31,61,41,52,34,35,45,43,1,8,28,56,9,24,6,14,60,17,0
49,0,34,27,38,54,5,52,4,18,9,32,47,29,35,43,36,25,21,55,30,59,39,61,15,33,3,60,19,37,41,62,24,48,53,63,13,56,42,58,26,31,17,57,51,12,28,45,23,7,6,44,16,22,10,11,14,50,46,20,1,40,8,2
44,25,26,7,51,32,54,28,16,13,53,24,17,9,15,35,6,22,40,48,5,34,59,46,49,60,23,8,37,19,47,14,3,0,36,38,29,56,1,63,57,43,30,42,2,18,52,21,10,62,31,61,58,33,11,50,39,55,12,20,45,41,27,4
0,36,57,20,21,24,63,15,34,40,8,28,45,19,53,12,35,3,51,38,6,54,52,37,29,5,27,7,31,61,30,39,4,22,23,11,1,56,18,47,17,26,42,48,46,59,13,44,16,60,32,58,55,33,50,62,49,43,2,14,9,41,10,25
14,60,8,58,53,16,47,33,6,48,27,23,34,7,59,46,11,4,56,49,36,35,22,13,44,1,5,9,45,43,55,63,31,41,32,40,19,29,26,30,62,38,25,2,57,37,20,10,3,28,12,50,17,39,52,61,54,15,51,21,18,24,0,42
35,29,41,22,8,60,34,61,20,5,44,16,48,1,36,47,27,9,39,11,4,56,46,45,57,30,42,62,17,49,10,26,38,24,40,7,25,31,51,59,0,54,50,55,52,13,23,63,2,6,15,32,3,12,18,37,21,43,33,53,58,19,28,14
7,6,26,2,38,57,49,5,14,32,17,4,12,48,37,63,31,11,58,55,10,28,52,20,27,8,1,25,47,61,21,53,46,51,24,40,44,36,3,30,22,16,35,19,23,39,56,43,59,18,34,33,9,15,50,0,29,13,45,62,42,54,41,60
41,4,17,49,23,14,8,47,39,58,16,24,25,43,32,56,3,61,55,35,59,31,27,5,0,29,22,7,6,62,44,51,33,53,37,45,38,60,50,28,46,15,26,13,54,63,18,11,9,57,20,21,30,10,40,19,34,48,1,42,2,52,12,36
54,48,25,26,40,52,50,62,21,57,0,7,5,17,38,33,35,51,58,29,23,16,61,8,43,28,3,11,44,2,9,63,15,34,53,12,13,22,24,39,18,37,36,49,14,56,46,1,32,41,55,60,4,47,31,6,20,45,59,19,42,30,27,10
11,42,14,0,58,57,61,15,7,1,54,55,18,50,48,38,20,3,36,26,44,39,59,6,12,56,40,52,24,27,9,51,49,8,32,25,13,10,28,34,33,60,62,23,29,19,22,16,37,31,63,41,53,17,30,5,21,47,45,35,2,4,46,43
23,60,48,13,6,39,40,57,53,7,46,10,45,31,14,19,54,15,20,35,38,18,43,9,52,17,42,37,28,32,22,24,59,8,36,25,0,16,1,50,33,51,5,26,4,21,12,27,47,58,29,63,30,56,61,55,2,62,11,41,44,34,49,3
25,27,46,22,36,16,43,63,48,5,7,19,9,11,52,20,53,56,26,54,49,59,42,47,3,55,60,12,40,17,10,39,23,1,41,4,58,37,33,44,50,6,18,34,21,61,45,28,38,14,32,62,51,35,15,2,24,13,30,57,31,0,29,8
10,51,53,43,30,14,42,60,12,22,11,15,9,28,23,5,6,35,37,19,48,38,61,1,24,50,36,49,16,17,58,39,8,63,29,31,44,0,25,57,27,26,32,13,54,56,46,59,45,40,33,34,20,52,21,55,62,2,18,47,4,3,7,41
53,41,29,17,59,18,54,46,51,45,24,23,30,36,14,8,49,43,20,56,62,60,3,55,15,0,47,2,44,40,26,13,58,16,11,21,31,4,48,6,5,42,38,57,32,34,22,50,37,63,28,7,27,39,1,33,10,61,19,12,9,35,52,25
61,24,26,25,23,0,13,15,52,55,28,6,31,45,21,63,14,32,1,34,60,22,48,53,17,41,40,4,59,9,46,11,56,36,16,37,2,8,19,5,54,49,33,35,7,57,44,18,58,39,3,62,42,10,20,43,51,30,27,50,12,47,38,29
47,36,24,61,13,35,18,40,28,41,7,51,29,49,17,62,4,39,23,58,42,6,10,15,0,32,57,26,27,14,3,9,56,25,38,37,2,16,53,1,54,21,12,52,45,34,43,59,55,20,50,46,31,5,60,63,19,44,48,8,33,11,30,22
63,54,4,20,0,33,22,15,25,42,45,47,8,55,50,53,17,35,29,39,31,37,44,3,9,11,14,56,51,28,58,49,48,32,23,5,60,61,30,1,16,26,13,18,59,43,6,36,2,27,24,46,40,21,19,10,57,34,12,62,7,38,41,52
39,58,29,19,27,6,56,47,37,10,59,12,54,55,45,43,11,49,30,34,8,3,9,51,23,33,4,36,40,46,60,15,32,22,62,7,63,42,57,25,50,16,1,35,44,20,2,31,0,48,41,26,18,61,38,21,17,14,13,53,52,28,5,24
60,36,43,44,54,0,23,27,28,62,48,59,18,2,16,20,3,26,4,50,17,1,42,31,7,9,53,47,6,51,52,14,25,21,58,35,12,41,40,32,33,10,34,57,38,49,19,46,13,5,22,39,61,29,15,37,45,24,56,8,63,30,55,11
56,22,31,42,24,8,14,35,26,58,61,52,55,43,48,63,33,20,21,45,32,38,49,54,44,46,15,57,11,51,19,37,7,53,28,13,59,29,36,5,0,41,23,16,60,1,6,30,3,2,10,25,12,9,17,34,27,40,62,47,50,39,18,4
45,28,24,39,8,18,47,35,19,63,42,51,5,23,6,53,7,38,26,56,11,62,34,0,3,16,49,29,22,50,40,21,10,9,25,48,1,36,58,13,55,41,44,52,4,61,32,60,43,46,37,31,15,12,17,30,14,2,27,54,33,59,57,20
41,23,33,29,37,4,61,7,6,16,47,38,59,36,15,46,60,42,8,50,43,39,54,34,18,44,30,62,52,21,12,63,13,17,55,45,31,26,53,19,35,48,28,9,51,32,11,49,0,10,24,40,20,57,5,22,1,14,27,2,25,58,3,56
55,54,23,29,5,28,60,50,51,34,20,11,61,40,44,48,25,12,6,31,63,21,8,41,57,4,32,36,38,47,53,52,7,22,9,17,56,18,35,45,27,39,37,16,1,33,43,0,19,42,26,30,59,14,2,3,10,15,46,62,13,58,49,24
51,11,7,10,52,17,43,56,54,30,28,63,20,5,31,15,9,1,3,36,40,61,8,42,0,50,13,26,58,2,34,25,49,62,44,33,41,53,27,21,18,23,37,35,45,22,19,48,16,46,4,47,59,12,60,24,32,14,38,55,29,39,57,6
18,12,62,38,24,55,32,3,29,63,58,19,17,48,27,26,40,31,51,57,5,45,13,53,52,1,8,46,16,25,4,6,21,0,9,42,23,41,56,36,33,20,43,61,11,54,10,37,34,50,7,35,47,14,30,22,39,44,28,59,15,49,60,2
31,23,6,43,50,3,45,19,26,21,22,13,54,59,41,32,2,11,58,4,34,57,38,36,40,15,47,51,10,7,9,39,44,8,27,46,16,62,56,28,49,5,30,18,60,53,33,63,55,20,12,25,37,52,29,42,0,14,1,35,24,61,48,17
11,52,48,47,23,62,63,55,46,34,54,14,31,60,27,58,5,20,56,45,37,39,49,7,13,44,32,42,36,4,38,61,18,17,50,29,9,8,21,35,12,19,41,43,28,6,0,24,10,26,1,15,40,25,22,57,30,53,3,59,2,16,51,33
34,26,32,28,41,9,45,3,13,5,51,18,35,24,19,14,25,58,48,12,50,1,52,2,31,17,39,61,30,36,54,57,44,16,21,43,10,53,60,38,11,6,55,20,4,23,42,63,29,0,8,40,33,15,49,37,62,27,46,22,47,56,59,7
58,53,54,60,0,35,48,24,25,36,6,31,23,30,47,55,29,27,38,44,18,57,19,51,42,11,22,34,56,15,41,17,14,10,46,3,61,5,32,33,39,9,37,49,7,52,45,63,2,16,12,8,26,43,20,28,21,59,50,1,40,13,62,4
5,50,20,37,25,55,9,27,29,4,30,61,56,26,53,14,17,7,33,11,39,6,44,47,31,21,28,60,36,34,57,3,2,59,13,45,19,38,49,63,10,52,58,48,35,1,8,41,16,15,22,54,62,18,40,46,23,42,24,12,51,32,43,0
30,0,62,35,45,49,14,41,60,53,17,2,31,43,39,56,48,6,23,36,33,40,25,44,15,47,12,46,13,57,7,5,54,26,52,27,18,32,3,8,38,4,61,29,37,11,22,58,9,34,19,20,1,16,28,24,59,63,55,10,50,51,21,42
21,33,43,61,56,27,54,16,53,6,1,24,41,7,47,35,51,40,3,31,39,49,17,15,19,5,36,59,29,58,50,20,57,55,60,30,63,0,38,2,44,32,46,11,26,9,62,8,22,14,10,28,12,52,34,23,4,25,48,37,45,13,42,18
3,47,27,15,46,55,45,59,22,29,14,2,7,20,63,1,17,52,50,4,25,36,32,62,6,61,42,23,54,28,56,60,12,48,38,8,26,0,31,9,24,44,41,53,5,43,13,11,51,18,58,40,16,35,30,10,49,33,34,21,39,37,19,57
56,15,25,43,51,58,47,37,29,3,20,36,22,10,53,63,40,16,44,41,33,55,62,28,31,38,57,24,60,45,1,54,11,34,0,21,35,4,46,42,27,8,5,52,6,26,9,32,48,14,23,50,18,17,2,59,39,49,19,30,13,12,7,61
48,55,39,47,0,46,37,30,62,21,57,3,52,11,45,29,4,28,40,59,17,58,32,49,13,63,54,61,12,43,34,33,5,36,6,16,27,35,10,24,22,8,51,23,9,56,44,19,25,42,14,1,60,15,53,7,31,50,18,41,38,20,2,26
44,56,9,42,16,20,7,22,30,23,61,45,17,59,6,51,34,36,25,48,50,3,63,15,58,11,62,13,40,32,43,21,29,60,2,49,53,52,8,24,46,35,10,38,54,5,37,4,18,12,26,0,27,47,57,39,31,55,19,28,41,14,1,33
42,19,53,22,41,13,33,20,23,37,21,48,14,31,32,54,25,62,46,40,9,7,17,29,51,18,26,59,16,47,57,44,5,1,52,3,2,35,55,58,43,12,34,63,8,6,10,28,39,60,49,61,45,36,0,11,24,50,56,15,4,30,27,38
47,37,22,38,15,30,40,49,11,3,25,16,45,50,63,6,34,59,10,42,43,7,46,1,2,56,61,41,12,5,20,14,52,58,36,44,0,55,33,62,54,51,9,13,27,53,48,28,21,19,8,29,32,57,60,24,31,39,18,4,23,35,26,17
5,51,9,34,30,61,42,1,26,8,58,54,14,13,2,3,62,23,45,10,17,33,15,12,41,57,35,50,7,46,55,22,56,29,37,49,52,38,25,60,4,48,59,24,63,31,44,19,32,11,6,20,40,36,21,39,18,16,53,43,47,28,0,27
1,60,9,7,51,50,58,52,12,55,45,13,3,48,17,27,38,23,28,44,21,20,53,36,26,33,35,34,0,29,61,31,40,30,57,10,49,25,5,22,54,43,56,24,19,39,4,46,15,42,16,6,11,62,18,32,41,37,2,14,47,8,63,59
15,14,29,49,4,62,6,53,44,18,51,22,1,37,57,16,21,39,20,19,46,38,2,32,17,26,10,58,60,7,24,55,30,41,54,0,56,36,63,3,28,42,34,52,50,13,59,61,23,25,5,8,43,47,27,31,12,35,11,40,9,48,33,45
33,46,0,45,61,11,38,21,27,1,31,14,8,55,43,17,28,35,53,32,52,12,50,25,20,22,51,60,24,63,4,15,57,39,6,13,3,5,44,10,16,18,2,40,26,42,19,47,48,30,37,58,34,54,23,59,49,41,7,62,9,29,36,56
40,2,33,35,29,46,38,44,28,0,27,42,16,6,10,23,4,63,61,52,11,50,22,32,19,47,1,53,7,37,54,8,49,39,45,14,55,59,30,60,24,41,51,58,36,18,57,12,15,62,13,17,56,3,26,31,21,34,9,43,5,25,20,48
27,19,15,31,42,46,18,1,13,4,3,54,52,26,56,53,7,43,22,28,59,10,23,61,60,33,36,41,2,32,49,6,9,45,63,11,29,30,40,47,0,44,12,38,24,16,34,20,58,55,35,39,62,37,21,50,48,5,17,14,57,25,51,8
0,32,61,4,30,5,43,46,49,29,42,6,53,50,44,14,40,22,37,15,18,13,52,45,62,63,8,1,11,2,57,24,51,23,25,21,54,33,59,58,19,56,20,55,9,17,41,39,47,26,38,10,35,34,48,31,7,3,27,60,16,36,28,12
61,63,38,0,45,44,55,17,58,19,13,7,12,23,32,30,6,54,41,15,3,9,20,37,49,33,29,60,26,62,34,31,27,39,2,47,40,53,52,43,51,57,56,24,1,22,48,10,8,36,28,4,25,50,21,18,46,35,5,16,59,14,11,42
7,55,37,56,6,50,61,13,22,46,1,26,53,48,23,29,58,12,2,31,18,36,62,42,25,3,10,57,34,47,32,4,11,60,20,19,39,8,24,38,43,45,17,0,15,5,30,21,28,41,49,40,59,9,63,35,54,27,51,14,33,16,44,52
36,8,27,57,11,18,48,23,40,51,15,16,30,52,7,37,55,25,43,22,44,61,29,47,54,9,4,14,26,31,24,3,0,6,20,34,56,12,45,59,38,10,17,35,2,33,19,39,32,46,62,28,53,13,42,58,21,41,49,1,50,63,60,5
14,55,25,18,24,4,50,40,39,59,60,12,56,47,10,8,11,5,42,53,17,2,29,44,13,0,28,61,15,22,27,49,19,37,54,33,45,1,26,58,38,6,48,46,52,35,63,30,7,16,34,23,9,31,20,43,62,57,32,51,3,36,21,41
20,14,47,2,63,52,61,17,44,9,37,1,33,7,31,58,60,55,50,5,36,11,13,4,23,51,18,29,41,15,25,35,10,46,0,24,21,57,54,16,38,45,62,22,42,6,32,43,48,56,8,49,19,28,59,3,39,27,34,30,40,53,12,26
56,37,44,16,45,36,33,51,38,26,31,50,52,32,15,34,3,13,47,1,57,2,14,7,58,18,53,39,40,60,12,5,8,55,63,49,29,42,6,30,41,27,54,4,48,22,28,17,61,10,0,19,21,11,59,20,23,62,25,46,9,43,35,24
61,60,0,44,6,50,18,33,39,34,45,62,32,22,54,13,40,11,55,12,15,29,58,30,14,47,43,31,4,35,63,59,16,1,8,2,9,46,37,23,5,27,20,38,53,3,42,57,7,17,25,19,51,36,48,24,28,10,21,41,52,56,26,49
59,10,28,25,31,58,17,16,2,37,29,32,53,30,55,19,60,44,46,22,15,13,35,36,24,14,12,4,9,33,50,61,48,49,57,7,26,8,43,11,45,18,3,34,54,21,41,20,47,51,5,52,0,38,1,23,27,40,62,63,6,56,42,39
40,19,13,3,48,45,10,50,8,56,63,52,53,14,31,20,55,28,60,57,33,43,44,34,24,26,4,38,32,42,30,27,47,22,1,11,59,18,12,35,21,46,37,23,0,51,17,41,5,54,6,61,25,39,58,7,2,29,36,15,49,9,62,16
47,13,5,34,29,32,2,24,63,18,54,11,42,35,9,53,12,6,25,46,44,3,1,8,23,14,19,57,7,48,30,33,51,49,36,10,31,59,56,62,22,27,21,61,60,45,20,58,55,16,4,50,41,17,43,15,52,39,28,40,37,38,26,0
5,59,44,19,11,2,56,26,57,12,38,29,42,15,49,24,51,37,7,46,28,55,20,25,63,30,48,1,41,52,34,32,53,0,18,13,35,47,9,40,6,23,31,27,8,58,21,60,43,50,39,36,33,10,54,61,17,45,3,16,14,4,62,22
30,48,34,42,54,1,28,52,44,32,51,58,18,43,14,22,60,33,40,53,35,25,50,31,5,29,11,2,38,16,4,6,45,47,13,8,19,15,20,3,39,57,59,21,63,0,17,56,41,61,26,36,24,37,9,55,23,62,46,10,12,49,27,7
57,6,19,23,24,28,3,59,55,35,31,39,36,61,26,27,18,38,0,4,2,37,7,16,11,13,43,41,32,52,51,30,53,40,1,15,50,54,5,8,48,58,45,21,56,29,46,49,22,62,14,25,12,44,33,20,10,17,9,60,34,42,47,63
22,16,57,36,39,59,30,35,37,62,40,45,61,50,11,49,21,58,26,5,7,13,31,43,51,41,25,32,46,63,53,4,14,9,44,52,1,10,19,54,56,23,38,33,0,8,28,12,24,15,55,2,27,6,42,47,20,48,18,34,29,60,3,17
41,61,17,11,52,1,33,5,19,63,15,55,46,14,29,57,31,25,40,12,47,37,48,23,59,6,49,53,60,43,22,18,8,10,13,34,36,38,44,3,39,50,32,54,35,21,7,24,9,16,45,58,4,2,26,56,27,20,62,0,28,42,30,51
31,62,0,27,56,36,12,44,39,18,61,55,41,49,63,52,22,15,47,54,29,37,35,40,10,38,51,34,50,57,9,48,8,21,30,13,58,16,43,5,33,3,45,46,25,20,19,1,53,23,2,14,26,60,28,6,32,59,7,24,17,4,11,42
59,8,38,49,7,33,1,39,14,63,5,52,21,11,29,3,23,37,42,20,12,26,54,56,31,32,53,13,30,27,19,15,51,62,41,10,61,34,28,43,24,22,35,50,36,0,47,40,16,60,9,25,45,58,6,4,57,46,55,44,18,48,2,17
40,51,42,37,49,3,63,1,56,36,48,38,26,2,9,22,24,0,33,43,59,20,58,8,46,11,31,17,60,21,54,53,18,14,19,39,28,27,16,4,29,34,55,23,13,32,44,5,7,25,6,62,35,30,52,10,45,41,47,50,15,57,12,61
60,28,49,56,12,40,4,16,22,23,44,54,46,29,32,58,3,47,37,11,18,45,1,14,33,31,6,24,2,13,38,62,0,21,9,27,55,53,26,34,63,17,50,61,52,35,19,30,42,7,20,59,39,51,43,5,41,36,25,10,48,57,15,8
14,38,0,61,8,58,41,19,54,57,13,23,1,6,47,40,44,37,12,15,5,16,7,51,59,56,24,10,25,60,43,62,45,34,21,22,39,28,29,42,30,50,9,31,18,46,33,4,49,48,35,36,32,26,27,3,17,11,2,52,20,55,63,53
4,38,48,59,15,23,16,6,17,52,13,8,7,1,37,12,50,20,60,46,33,10,39,18,51,41,40,28,19,49,34,58,32,45,5,26,29,24,43,44,2,42,25,11,3,9,55,0,36,27,54,31,53,63,57,22,56,30,35,14,47,61,62,21
40,16,21,11,4,27,34,30,48,61,3,20,26,15,18,50,10,1,17,8,7,63,60,12,5,62,37,14,45,39,53,36,25,22,23,9,38,32,54,49,33,42,6,13,2,47,43,41,24,31,55,51,59,46,29,56,19,58,52,28,35,57,0,44
12,29,5,33,25,56,24,11,45,55,19,57,34,8,36,23,42,53,52,41,35,32,22,62,48,59,51,37,49,43,63,10,61,58,16,4,3,18,7,6,9,47,54,30,46,38,0,28,60,14,20,44,2,13,31,40,39,27,26,21,15,1,50,17
38,29,1,52,4,48,43,9,8,44,60,40,2,23,16,15,50,28,7,0,35,11,61,58,45,13,32,27,42,5,49,55,54,26,14,46,39,59,47,24,20,62,17,51,34,53,25,10,18,37,56,19,21,6,31,36,22,30,3,33,12,41,63,57
44,30,17,62,37,3,19,36,57,39,52,22,25,45,1,4,11,27,58,55,47,56,59,63,20,51,9,33,35,5,32,50,54,15,38,21,12,60,6,0,49,61,16,13,40,23,46,53,28,41,43,29,48,14,18,42,10,2,26,24,31,7,8,34
46,32,1,17,29,57,59,41,50,2,40,49,25,16,14,61,48,19,34,8,62,27,26,11,53,43,35,15,44,42,39,21,13,28,38,31,24,60,51,4,52,45,3,56,0,12,18,36,6,58,63,47,10,30,5,33,55,54,23,7,22,9,37,20
47,21,1,60,33,32,34,2,56,57,42,51,26,0,7,29,41,28,9,52,25,30,37,63,43,24,6,5,54,14,46,22,39,27,11,23,48,59,38,3,50,18,53,19,35,40,36,12,16,13,15,55,44,4,20,8,45,17,10,31,62,61,49,58
51,41,0,19,46,43,17,3,1,9,16,29,52,26,33,44,63,60,31,36,30,42,62,22,10,6,50,56,55,7,49,58,37,47,45,59,54,4,48,38,32,39,27,12,11,21,15,40,18,53,25,61,14,35,8,24,20,13,2,57,34,28,23,5
26,43,54,47,29,45,9,53,39,5,60,37,16,27,61,1,14,33,23,17,30,42,21,55,4,15,50,11,58,56,32,18,31,3,44,40,10,8,28,52,36,2,63,48,25,41,62,7,19,22,57,20,35,24,38,34,6,0,51,13,49,59,46,12
35,37,27,63,61,52,47,3,46,42,59,6,11,28,53,4,22,21,12,60,33,45,10,51,1,15,7,54,16,62,2,9,38,14,36,20,23,29,44,50,19,13,18,31,0,57,48,25,56,24,40,8,39,32,26,55,41,49,58,43,5,30,34,17
37,35,32,58,60,36,18,33,3,54,39,49,42,9,26,30,1,15,61,5,59,20,63,17,11,25,0,55,19,4,44,53,57,50,21,34,43,31,12,8,51,48,56,23,40,22,46,27,45,62,10,28,14,2,16,7,38,41,52,13,29,24,47,6
61,47,13,11,53,27,15,58,28,24,30,3,35,36,62,0,17,1,42,40,25,10,8,16,50,5,23,63,49,18,38,37,33,9,39,31,6,45,4,26,29,54,34,46,22,55,12,20,19,57,14,51,2,44,56,59,41,32,21,7,43,52,60,48
34,46,40,47,26,19,62,32,31,27,52,51,9,56,2,37,6,14,10,28,30,35,41,58,18,59,5,50,15,61,4,55,36,38,21,22,60,3,8,63,11,1,12,20,48,25,29,13,23,44,43,0,57,16,42,54,53,7,39,24,49,17,45,33
57,18,62,0,11,53,45,35,17,4,28,52,30,1,38,9,27,8,32,31,5,43,10,58,36,54,59,26,48,47,20,40,24,3,50,44,2,51,49,29,63,55,22,46,6,42,15,61,60,13,7,14,12,33,23,37,41,34,21,56,25,16,39,19
29,41,25,35,19,34,11,30,2,28,23,62,21,32,1,60,49,7,56,26,57,43,24,50,5,9,10,42,17,46,48,51,20,22,6,3,8,16,33,52,58,37,63,44,45,18,31,4,36,55,59,53,27,40,14,38,54,15,0,12,13,39,61,47
35,59,11,41,1,31,61,58,49,20,32,3,25,45,40,51,26,54,9,38,22,46,48,13,37,24,36,62,52,12,17,60,15,39,47,63,57,6,19,14,16,4,2,7,0,50,23,27,10,56,8,43,5,18,21,44,29,42,53,33,34,30,55,28
49,6,59,58,26,46,15,10,2,32,62,41,43,55,9,47,51,11,48,30,12,35,27,57,16,18,52,0,5,34,53,54,45,61,20,31,24,1,21,19,40,17,4,42,29,38,28,33,44,63,60,3,36,7,14,8,50,22,37,39,23,13,25,56
53,14,5,2,55,13,7,4,54,38,24,3,25,62,32,21,61,10,44,50,31,40,60,45,35,49,37,36,34,39,19,23,42,27,56,58,6,28,48,52,8,16,20,30,47,33,22,11,18,26,41,59,63,17,15,9,1,29,57,0,51,46,43,12
28,15,14,7,39,55,3,9,10,33,12,25,48,52,26,44,50,17,51,2,61,62,56,19,58,35,18,20,13,60,34,30,5,32,16,57,41,53,36,43,63,24,40,8,45,49,47,1,29,42,31,6,27,37,4,54,0,38,46,21,11,59,22,23
32,0,15,39,25,47,13,20,21,1,36,60,49,55,61,6,4,59,18,10,24,34,45,38,50,3,5,33,44,37,40,57,42,51,41,26,43,31,52,2,56,28,16,19,58,22,35,12,27,62,7,53,17,46,9,48,30,29,54,14,8,23,11,63
30,32,20,6,60,8,37,25,0,14,4,59,28,1,47,7,62,22,39,9,51,11,56,63,27,58,41,50,3,42,31,2,5,23,44,35,13,26,61,53,45,24,46,29,15,17,34,52,33,19,38,12,57,36,49,43,55,18,10,54,40,16,48,21
42,1,43,3,34,57,33,22,60,52,32,14,0,46,48,62,28,47,16,30,26,17,25,10,55,36,18,23,51,63,5,27,2,4,44,41,54,38,39,61,29,21,11,53,8,45,19,9,13,59,56,7,20,12,15,50,49,37,6,31,24,35,58,40
23,34,44,24,50,38,6,3,9,43,21,53,45,12,58,25,39,1,42,15,28,61,19,8,59,55,63,46,60,57,32,27,2,17,31,30,35,10,47,62,52,20,49,51,5,16,37,26,11,13,0,56,48,22,18,7,14,29,36,40,33,4,41,54
4,13,3,1,17,20,37,12,11,51,14,46,2,56,7,29,54,59,44,6,47,10,38,49,43,63,21,8,35,24,30,27,57,28,62,50,23,33,41,45,58,18,5,42,34,31,0,60,15,36,32,25,9,52,16,55,26,40,61,22,53,39,19,48
56,35,57,15,10,34,22,25,12,63,61,1,50,36,42,0,40,18,33,54,27,30,28,44,9,62,24,60,5,46,2,6,3,13,20,17,39,37,8,45,53,47,26,29,11,31,49,52,4,58,59,21,7,38,16,14,43,48,23,55,19,41,32,51
39,25,60,27,50,40,36,22,2,18,38,20,62,55,32,11,41,49,0,59,53,21,24,46,1,14,30,61,23,58,26,54,9,45,63,28,33,8,51,47,35,42,5,29,43,37,3,16,56,19,13,57,10,48,31,34,15,12,52,4,6,7,17,44
27,19,15,51,59,52,47,20,44,12,30,33,38,36,37,9,48,23,43,10,40,22,34,4,42,13,14,6,0,53,25,61,31,1,8,28,39,41,63,50,16,45,26,2,55,11,3,32,5,58,49,17,56,35,46,57,21,62,18,60,29,54,7,24
44,33,25,5,40,16,28,53,31,12,35,41,23,47,58,11,14,39,55,54,43,22,15,6,9,2,36,63,17,52,59,4,7,29,57,3,56,48,38,61,62,46,8,32,37,27,45,26,18,49,30,24,20,19,50,0,42,10,21,51,60,1,13,34
30,9,15,4,8,10,5,21,53,50,58,20,17,3,63,33,56,55,25,35,13,42,34,16,43,46,32,23,41,26,6,60,48,2,11,59,22,38,31,0,12,36,44,7,28,51,14,24,45,57,52,47,61,1,40,27,19,18,29,54,49,37,62,39
28,49,18,41,16,12,4,62,11,26,32,42,55,30,13,24,20,63,23,14,57,22,8,37,10,6,27,2,5,50,51,29,34,35,61,33,0,7,36,3,47,15,39,1,60,44,21,43,45,53,56,9,59,40,17,48,19,25,31,46,58,52,38,54
40,15,7,42,53,27,50,55,17,63,60,30,59,24,43,0,33,34,20,47,39,8,61,14,41,10,44,57,13,21,16,22,46,23,31,45,35,1,54,48,38,19,58,11,49,18,51,5,56,25,37,62,4,6,12,32,29,3,36,52,2,26,9,28
53,23,14,63,44,11,13,4,52,29,39,62,37,10,18,5,26,42,55,22,6,19,41,40,31,49,34,24,32,17,15,33,59,48,8,9,1,61,2,54,43,38,30,36,46,47,25,60,45,57,58,7,50,27,35,20,21,12,3,0,56,28,51,16
31,12,14,9,0,62,8,58,16,28,37,30,36,39,34,18,38,46,22,43,6,5,47,27,63,53,52,2,42,20,60,56,21,19,48,23,41,33,44,45,29,3,13,32,50,35,24,7,54,17,55,25,61,1,4,57,10,40,11,59,15,49,51,26
14,38,55,18,0,60,20,62,11,13,9,15,41,33,37,53,28,16,17,40,30,58,54,47,59,12,6,56,4,1,48,29,31,32,42,23,39,36,24,61,52,22,35,26,10,50,25,49,8,5,27,57,3,46,21,43,2,44,34,19,7,51,45,63
15,43,36,32,11,19,9,25,42,61,44,34,30,7,56,5,21,45,28,39,12,46,47,51,29,27,62,33,52,54,6,53,14,63,60,41,10,59,20,50,57,55,23,22,48,24,40,1,17,37,13,38,4,3,35,58,0,31,18,16,26,8,2,49
11,9,35,52,48,33,6,51,56,42,32,44,29,59,12,50,15,53,60,55,3,19,27,16,61,5,49,17,54,1,2,28,26,14,30,43,7,40,23,24,8,46,57,45,25,58,36,18,10,41,20,22,47,62,21,39,0,63,13,38,34,4,37,31
28,26,3,48,55,32,18,23,29,20,51,61,19,37,13,53,10,63,17,57,24,15,50,6,12,43,22,21,54,2,1,49,14,38,40,58,44,62,33,7,41,8,34,36,52,56,11,25,31,35,59,5,45,4,16,30,60,9,46,42,47,27,39,0
41,10,32,58,0,27,42,43,61,23,39,31,14,59,12,51,22,38,2,30,36,34,19,44,55,63,62,6,50,40,5,16,49,3,45,13,35,7,29,20,54,15,46,48,25,60,57,4,9,8,26,24,47,21,11,52,53,28,37,1,56,33,18,17
54,60,12,18,41,38,31,59,63,26,32,7,29,53,58,2,28,61,4,57,52,16,6,0,8,42,23,47,1,49,9,44,35,19,55,10,56,5,11,37,40,46,13,22,62,15,33,20,50,39,3,34,17,24,30,45,36,25,21,14,48,43,51,27
8,3,46,31,9,23,1,26,25,42,57,59,12,4,19,53,51,35,54,29,16,40,36,50,38,43,7,24,62,56,2,58,20,17,45,33,37,30,41,60,47,32,15,22,28,39,10,52,63,61,55,0,49,34,13,44,48,18,5,11,27,21,14,6
39,13,23,21,42,31,34,1,32,47,5,44,2,45,20,49,59,11,53,3,62,38,18,43,24,14,9,51,12,16,35,48,52,56,36,26,30,58,10,22,25,40,19,46,29,15,60,8,63,37,33,6,28,27,55,57,4,7,0,17,50,41,54,61
51,4,1,24,57,49,9,6,44,53,60,39,23,18,38,61,37,42,32,7,2,8,11,16,58,40,47,20,28,30,5,15,63,35,54,48,29,19,0,31,46,50,13,41,3,25,43,14,59,22,36,52,27,34,12,26,21,45,55,56,62,10,17,33
1,28,14,48,20,49,22,46,13,3,50,59,63,41,33,7,21,31,29,12,54,45,42,39,2,11,62,44,43,27,24,19,15,0,53,10,9,35,17,52,25,4,23,47,38,58,30,8,37,55,26,60,36,16,5,40,51,56,61,6,32,34,57,18
12,34,33,57,45,52,29,60,8,18,51,5,2,9,22,35,26,15,48,53,54,38,56,7,58,37,1,31,24,21,49,44,27,6,40,59,11,41,36,39,10,14,50,4,63,46,42,17,62,30,0,47,32,55,25,28,43,61,23,19,3,20,16,13
13,0,12,45,8,29,22,21,37,28,60,63,15,53,6,24,31,9,61,56,59,34,25,46,49,40,54,10,38,33,44,27,43,36,51,19,17,55,14,26,5,35,1,48,30,20,16,11,3,58,41,7,42,57,52,62,39,32,23,50,47,4,18,2
3,54,11,15,46,60,41,31,48,40,49,10,55,12,6,5,2,16,20,35,7,25,47,33,32,0,53,13,17,26,59,9,18,38,34,58,21,36,56,51,62,4,50,28,61,63,45,23,52,8,43,27,42,30,39,19,44,29,37,22,57,14,1,24
17,29,42,12,63,50,4,20,24,46,35,34,30,52,39,23,56,45,32,15,13,43,6,53,14,38,26,28,25,27,48,22,18,2,51,57,31,33,58,1,40,59,16,60,3,21,62,8,47,61,11,49,9,54,41,44,37,36,7,55,10,0,19,5
32,24,37,44,22,54,38,17,11,62,28,5,15,41,21,1,10,40,49,58,12,33,39,47,35,43,50,31,56,7,48,6,55,19,16,63,57,25,45,51,53,26,30,8,52,61,27,42,18,20,9,36,2,34,4,29,23,0,59,14,46,60,13,3
60,32,37,21,13,38,18,2,10,52,33,55,44,29,31,27,24,16,3,34,22,9,56,53,49,14,8,0,30,26,51,57,61,35,63,62,19,28,25,43,6,48,50,45,5,17,54,15,42,46,39,41,11,47,23,58,1,20,40,4,36,12,7,59
10,45,40,5,28,29,14,48,57,47,20,50,15,42,60,32,6,55,17,26,1,41,49,34,24,33,21,46,61,31,4,63,62,19,2,37,7,11,51,9,56,30,38,35,54,16,43,44,27,3,58,39,52,8,18,59,13,0,36,23,25,22,12,53
21,59,37,1,52,26,24,13,27,63,56,44,58,6,60,53,2,7,31,28,55,11,29,16,14,50,39,51,42,34,40,54,61,49,38,12,3,36,22,46,43,32,35,20,62,8,5,45,9,30,15,17,47,18,33,57,48,41,10,25,0,19,4,23
58,60,5,57,40,14,32,19,55,18,41,51,4,16,12,38,52,1,23,42,25,17,6,49,36,48,3,33,35,8,21,31,61,46,63,37,2,20,62,27,43,15,45,30,24,34,11,10,54,7,47,44,0,59,53,13,26,39,56,28,50,29,22,9
46,9,18,26,54,14,49,36,23,20,3,48,25,2,56,27,53,11,29,32,38,19,10,35,22,55,33,50,47,21,37,59,52,40,15,13,6,45,51,42,44,0,43,5,41,7,57,39,58,4,34,1,8,16,12,60,17,30,62,63,24,61,31,28
62,31,49,7,17,40,39,8,14,25,37,32,12,16,23,44,20,3,15,56,58,10,36,29,24,54,53,11,30,47,9,19,63,52,61,33,34,55,46,4,26,42,38,35,50,45,28,13,60,2,41,27,0,57,22,18,1,43,21,48,6,59,51,5
8,6,16,24,43,2,59,51,61,36,48,60,21,34,40,9,44,32,37,12,10,57,49,38,19,5,47,30,58,15,50,3,63,11,17,1,52,55,29,27,7,41,25,46,35,13,26,18,33,4,45,0,22,23,20,14,56,42,53,54,31,62,28,39
35,4,37,38,36,1,20,16,5,53,34,55,6,27,25,0,52,46,24,47,18,44,48,57,19,31,8,56,3,43,51,13,11,54,60,62,41,15,63,39,45,23,42,17,28,26,12,30,61,7,9,10,49,58,22,50,33,14,32,29,59,40,21,2
4,61,55,39,59,8,41,18,12,20,49,51,2,3,26,11,7,17,28,30,57,37,34,0,44,29,31,54,45,24,50,62,47,19,15,5,46,35,36,60,42,38,14,27,16,43,9,53,1,10,40,6,56,22,52,48,23,21,13,58,33,32,63,25
52,63,24,1,33,13,12,31,61,30,58,16,39,43,23,44,18,5,45,46,40,36,10,25,59,14,8,42,50,62,54,49,22,6,4,28,38,20,60,2,7,57,37,56,48,9,21,55,29,26,3,53,27,17,47,15,34,0,11,41,19,35,51,32
30,42,20,44,49,5,52,29,51,12,15,16,63,56,21,35,46,7,62,33,27,9,26,39,43,0,31,47,14,37,50,2,13,36,28,40,61,3,4,22,11,60,53,8,41,45,34,58,23,55,18,38,25,32,6,48,24,1,57,54,10,19,17,59
48,45,11,41,59,10,35,49,27,3,21,33,34,44,30,62,9,36,56,29,55,0,58,32,22,26,53,19,51,25,23,2,52,39,46,63,40,4,47,13,31,5,18,16,7,57,38,42,37,28,17,14,8,12,6,43,24,20,50,60,54,15,61,1
7,49,6,1,32,26,17,24,10,39,15,42,19,44,59,33,48,58,45,5,30,60,56,14,63,27,46,57,2,43,11,61,52,21,62,16,8,50,31,38,40,12,20,22,37,23,4,35,55,29,28,9,34,51,13,0,54,3,36,53,47,41,25,18
20,4,12,29,33,18,48,22,39,57,3,19,26,34,43,51,16,47,36,13,50,53,15,10,62,45,24,42,35,0,55,21,56,28,5,44,54,40,8,2,30,63,60,38,1,9,58,41,32,61,46,17,27,37,7,25,52,31,59,23,11,49,6,14
45,10,39,19,23,8,58,54,55,21,52,15,38,25,1,0,17,29,33,46,62,41,2,31,50,61,49,30,60,22,36,47,42,12,56,4,7,11,20,3,24,57,43,35,48,37,14,9,32,40,27,53,44,63,18,59,34,28,13,51,26,6,16,5
60,15,19,38,33,25,52,29,23,49,51,46,7,30,26,27,59,20,18,13,22,24,56,32,42,5,0,37,6,61,28,12,8,31,1,40,41,2,16,45,11,47,57,36,10,63,55,4,17,54,3,44,21,43,9,39,50,34,58,14,53,62,48,35
37,20,44,16,54,62,6,59,3,38,29,5,41,23,17,46,33,10,43,26,42,9,1,28,47,24,25,32,11,27,40,19,55,56,35,22,57,50,8,12,49,18,48,36,63,60,14,34,0,52,53,7,13,15,58,45,61,39,21,51,30,31,2,4
14,48,44,55,23,13,20,24,41,52,11,33,1,9,31,56,27,51,25,54,16,46,0,38,12,10,36,37,6,47,18,45,43,17,61,4,40,3,22,53,59,8,35,32,63,19,21,57,28,34,62,2,42,26,58,5,39,30,50,29,60,49,15,7
19,58,57,37,12,63,62,26,48,24,61,51,9,32,22,47,7,41,0,60,52,54,18,46,56,2,8,59,15,17,36,40,30,43,33,20,45,3,11,42,16,49,13,50,14,21,28,10,25,31,29,4,6,55,23,38,44,39,53,1,34,35,27,5
14,38,29,6,45,28,17,9,15,49,25,59,26,16,8,13,40,24,2,53,43,30,34,7,5,31,20,0,58,52,36,21,54,44,3,33,4,35,42,32,22,41,60,19,37,50,23,18,48,1,57,61,55,63,51,27,46,39,56,11,62,12,47,10
22,12,2,48,44,36,3,14,18,28,29,19,7,8,17,30,10,27,39,57,53,33,41,58,46,20,31,15,34,25,24,61,43,62,13,54,59,5,1,50,4,42,60,40,11,21,35,32,16,63,23,9,51,49,56,38,45,0,37,26,47,52,6,55
6,11,49,37,51,58,57,19,38,9,25,28,36,33,54,24,0,50,21,52,18,3,26,17,32,40,15,41,55,16,44,29,62,30,61,10,12,59,2,5,1,39,63,45,60,35,7,27,53,43,23,46,13,14,31,8,20,34,56,47,22,48,42,4
48,36,40,10,28,62,33,3,1,56,52,20,55,41,19,24,45,61,15,54,6,50,9,58,53,30,5,26,32,23,59,35,8,49,34,37,13,21,60,4,57,42,0,14,63,12,38,47,7,43,18,31,22,17,27,44,29,39,2,16,46,25,11,51
21,33,9,61,25,20,12,56,34,52,30,31,43,55,2,54,44,1,51,47,58,16,29,11,48,7,28,57,14,0,18,45,37,60,50,32,38,8,10,49,59,23,46,15,24,19,3,27,53,6,4,62,26,63,42,13,17,39,5,36,41,22,35,40
4,17,22,37,10,46,8,13,12,45,43,57,35,21,41,11,55,38,29,54,14,18,6,5,1,26,36,48,20,32,9,15,23,0,28,63,31,33,24,59,60,2,40,7,30,42,3,39,19,56,52,34,16,51,44,25,61,27,50,49,58,62,47,53
58,57,15,33,39,43,18,46,49,55,35,24,52,47,14,37,60,25,54,31,23,5,13,20,63,22,27,4,51,41,29,32,50,19,2,17,59,6,12,56,16,28,42,0,38,10,8,21,61,1,11,44,9,34,48,45,53,36,7,26,30,40,3,62
60,8,6,15,59,4,41,61,35,43,48,22,7,62,38,32,3,55,14,50,34,17,21,26,29,31,9,12,20,45,47,42,0,52,16,46,13,49,11,33,58,57,25,53,19,44,27,24,1,51,63,54,39,5,23,40,30,56,37,10,18,2,28,36
47,58,54,20,21,32,59,30,15,33,11,5,56,40,27,41,28,6,9,19,61,45,2,38,36,31,1,46,35,29,14,0,26,22,10,24,37,43,60,4,17,3,7,53,8,55,52,39,44,16,57,12,48,23,51,13,25,50,18,63,34,49,42,62
21,28,37,6,45,40,26,36,23,31,27,3,59,41,32,51,43,20,47,29,39,2,33,22,60,16,0,12,57,1,38,18,63,5,34,9,61,35,48,42,25,54,55,50,8,19,24,44,15,53,13,46,14,62,30,56,52,10,58,7,49,17,11,4
41,54,23,52,29,47,21,7,60,51,11,28,61,49,24,3,37,25,13,50,2,14,5,0,58,8,32,27,57,10,46,9,55,45,6,42,62,19,4,22,53,26,30,15,34,44,59,39,38,56,48,36,40,12,31,43,35,16,17,63,1,18,33,20
46,4,52,18,43,58,62,55,31,30,57,41,48,44,59,35,63,51,37,60,14,34,11,22,32,42,10,16,21,9,39,12,50,53,33,38,5,40,13,17,25,6,19,8,49,29,54,23,27,28,0,2,15,61,47,1,20,26,36,56,24,3,45,7
40,24,58,18,47,6,9,10,39,26,5,22,34,29,60,51,14,59,44,52,15,1,54,4,46,28,43,35,11,37,38,62,33,25,31,36,13,8,21,56,30,17,19,20,48,49,16,61,41,55,3,0,53,50,7,57,23,27,42,45,2,12,32,63
21,3,47,59,50,18,52,11,43,16,12,32,61,10,40,54,13,23,25,60,2,46,37,9,5,29,62,7,41,17,14,6,27,35,48,4,33,51,39,49,38,45,44,53,15,31,55,34,0,63,56,1,42,58,22,36,57,24,30,8,28,20,26,19
33,51,10,28,63,22,7,41,19,9,25,54,2,27,48,11,4,15,31,49,47,40,32,12,44,39,29,62,52,37,17,16,36,30,38,1,50,56,26,42,0,53,13,6,43,5,61,55,58,57,18,24,59,45,3,14,60,20,34,23,35,46,8,21
7,20,31,47,44,56,41,40,10,52,25,45,6,18,37,34,57,53,16,5,33,59,0,29,60,30,62,58,4,28,17,38,49,21,39,15,11,42,55,23,43,3,32,2,13,26,24,51,63,46,61,22,50,1,27,14,8,54,9,19,35,48,36,12
39,49,55,1,15,20,2,45,5,11,25,21,48,43,35,6,10,26,44,63,61,14,30,53,0,54,52,4,19,40,29,37,38,24,7,16,33,8,31,27,56,13,18,23,62,46,60,9,50,3,36,58,32,59,17,22,51,47,57,34,42,12,41,28
10,33,32,2,57,7,51,56,28,49,42,53,36,63,48,30,3,19,0,11,4,37,31,55,44,59,6,13,21,39,54,20,5,22,25,18,14,29,34,15,41,12,35,17,1,24,60,9,26,43,46,52,50,16,23,8,58,47,45,40,38,27,61,62
10,21,15,33,56,59,1,39,43,57,49,50,52,62,26,41,47,4,19,58,12,42,16,54,35,6,63,40,28,30,5,37,17,60,51,34,45,8,38,36,61,44,24,29,9,14,25,27,20,46,32,11,23,48,22,53,31,18,7,13,2,55,3,0
59,16,44,55,27,4,45,36,28,29,21,9,8,49,13,20,52,38,2,41,11,3,50,37,62,10,24,19,56,17,48,15,6,58,25,14,57,40,61,33,7,35,47,54,60,30,12,31,23,26,32,42,5,63,39,22,46,51,0,18,1,43,53,34
37,2,38,51,53,62,15,33,48,36,40,55,8,10,25,31,5,50,9,47,57,18,7,54,16,22,42,63,1,3,23,13,0,17,56,46,35,27,24,30,12,26,34,41,39,59,61,4,14,58,45,29,60,43,11,21,32,20,6,28,52,19,44,49
14,39,63,12,54,6,38,4,10,18,27,52,46,28,33,20,35,30,48,5,44,17,45,57,26,36,62,59,55,42,13,9,40,24,2,21,19,32,41,47,51,15,60,37,56,7,34,23,61,0,31,29,1,58,50,25,22,43,11,53,3,16,49,8
30,21,61,43,53,19,11,49,52,62,58,39,55,3,8,1,23,33,51,41,6,0,38,63,25,5,2,44,35,36,17,32,40,7,18,26,13,59,14,37,20,24,60,28,29,46,34,12,15,10,16,47,9,48,31,45,22,50,27,57,56,54,4,42
54,22,6,62,21,40,10,47,48,11,37,56,52,45,7,9,42,39,8,44,55,1,17,38,20,2,36,26,51,14,24,23,35,0,46,57,25,49,59,53,43,31,19,16,41,60,30,5,32,13,61,33,12,27,18,29,58,3,34,63,4,50,28,15
13,9,33,30,20,24,19,22,36,21,58,6,18,29,44,59,27,52,12,49,7,46,32,3,60,34,55,4,56,25,37,2,35,53,43,31,28,11,48,38,10,42,40,8,0,41,14,16,45,54,51,17,5,61,47,63,1,15,26,23,50,62,39,57
24,10,30,59,42,16,61,38,52,50,18,15,12,17,43,56,7,25,22,8,49,20,34,27,31,2,9,40,44,55,21,39,51,14,11,0,4,57,29,62,46,3,23,5,13,53,6,36,63,58,1,47,48,33,32,26,19,60,45,37,41,35,28,54
38,40,32,16,10,50,45,12,39,23,34,30,60,43,53,51,8,48,11,57,20,59,4,21,28,3,56,54,24,44,41,7,36,55,31,46,22,15,0,19,61,9,49,63,17,5,27,62,14,35,42,47,58,25,29,26,52,13,33,6,37,1,18,2
21,22,61,16,55,8,5,27,15,60,53,48,43,9,3,17,26,14,18,29,40,2,20,32,7,1,10,34,63,28,49,41,58,57,37,39,62,13,4,24,31,56,33,52,50,6,30,19,46,11,12,36,51,59,25,0,54,23,38,45,35,42,44,47
56,44,35,37,36,19,52,62,58,3,42,50,12,30,16,21,31,27,46,39,11,48,13,32,6,15,5,40,7,49,45,43,53,57,54,25,24,1,9,38,17,18,10,47,63,2,29,20,14,22,4,60,8,41,51,0,61,26,28,55,59,34,33,23
55,37,26,40,32,41,27,8,1,9,38,13,54,6,25,12,60,31,19,16,23,30,11,63,44,28,45,52,7,36,57,15,20,49,33,58,24,39,2,5,48,18,43,59,42,21,10,0,22,4,62,34,3,17,47,46,53,29,14,51,56,35,61,50
50,33,35,12,24,53,44,36,18,52,60,40,16,49,39,11,27,3,15,6,34,51,47,13,0,32,57,26,25,19,21,9,45,31,8,63,38,7,62,55,20,42,22,41,48,43,58,17,61,23,4,2,46,28,59,30,14,5,29,54,37,56,10,1
31,20,9,50,11,46,14,62,27,51,4,29,60,43,49,38,40,48,23,30,39,2,24,63,0,54,10,3,33,42,18,56,5,35,7,8,1,59,36,22,12,47,32,58,13,52,17,21,6,16,19,15,53,25,41,44,45,37,26,57,34,55,28,61
61,30,14,13,39,32,48,45,50,56,43,4,34,2,59,1,15,16,37,5,35,24,42,12,57,38,60,23,26,33,47,25,7,17,0,62,44,36,58,6,51,63,8,52,54,53,40,10,27,22,46,19,28,29,21,11,18,3,49,55,31,41,9,20
34,42,51,23,61,54,63,6,50,1,53,24,13,59,39,17,48,18,37,9,16,44,19,0,12,55,40,33,38,14,5,58,49,56,25,41,2,29,21,28,52,47,20,8,30,60,31,35,7,3,57,32,26,36,27,22,46,43,11,10,62,15,45,4
58,44,8,46,32,23,33,45,62,43,5,20,18,48,38,15,56,63,0,40,59,53,24,50,60,14,35,52,34,29,19,51,3,31,9,49,10,55,6,25,61,16,39,2,41,1,21,54,13,12,36,7,42,28,11,17,37,26,4,57,47,30,27,22
9,30,24,50,61,16,57,29,5,45,46,54,60,10,15,3,43,21,7,59,23,35,17,28,53,0,63,14,33,42,6,1,4,38,34,8,48,2,44,22,55,32,39,11,56,37,47,58,25,40,18,52,51,31,36,26,13,27,41,12,49,20,62,19
9,0,14,24,51,34,50,46,60,35,42,31,7,54,58,56,36,53,2,16,59,27,26,61,18,12,52,57,4,8,43,33,20,49,22,10,23,5,48,38,39,17,6,63,47,40,25,21,62,13,29,41,30,15,32,3,19,45,55,11,37,28,44,1
34,5,4,10,30,45,62,54,2,42,14,28,63,41,15,3,37,59,27,40,20,47,52,56,46,49,32,13,1,9,0,24,48,58,26,60,6,44,33,39,36,43,25,51,55,18,19,16,29,50,17,53,35,23,57,11,61,38,8,7,21,12,22,31
61,47,14,0,15,20,62,30,40,4,44,28,7,25,38,54,11,10,9,6,53,51,21,12,23,60,32,16,2,1,42,46,52,27,18,24,59,57,50,36,29,55,39,5,13,35,49,58,63,26,45,3,22,34,17,33,48,56,8,43,19,37,41,31
37,46,45,18,26,40,0,41,27,49,35,4,1,53,11,29,36,42,2,55,23,8,21,7,50,17,32,59,3,19,60,25,54,47,24,38,28,12,6,31,56,44,30,51,52,13,15,9,62,43,14,16,34,63,57,61,22,5,58,33,20,48,10,39
5,19,11,32,54,15,9,16,48,56,59,10,26,12,8,0,52,43,63,18,33,41,40,14,31,24,25,44,29,39,60,50,13,45,42,53,30,17,28,47,6,4,3,2,62,37,36,49,57,22,7,55,38,27,58,61,20,1,34,35,46,21,23,51
31,21,4,6,51,26,39,11,47,3,7,60,57,55,8,9,15,52,18,38,29,32,19,22,27,45,17,62,58,14,48,63,25,56,59,37,54,41,36,34,49,43,35,30,1,12,23,16,13,46,20,28,2,44,40,53,5,33,42,24,0,50,61,10
6,22,20,30,17,42,54,37,2,13,63,35,62,56,59,50,61,19,29,38,27,3,12,44,58,1,32,25,47,55,4,26,60,15,34,49,14,48,7,41,46,51,11,24,52,16,8,10,33,31,36,40,57,18,0,28,53,5,43,45,9,23,21,39
12,51,60,25,36,10,46,49,38,45,5,20,13,29,35,33,21,58,54,14,57,2,59,42,37,39,52,48,56,26,24,55,30,1,53,62,11,7,6,40,4,17,50,63,19,47,61,15,34,0,22,18,28,31,41,16,27,43,3,44,32,8,23,9
45,60,1,62,3,39,21,56,22,46,2,29,7,36,55,42,4,9,30,20,12,25,5,10,44,11,16,58,0,27,47,53,33,63,31,26,57,52,28,40,49,15,34,35,61,14,23,8,38,32,50,37,43,18,51,17,24,41,6,13,48,59,19,54
29,56,12,34,59,6,2,49,44,25,14,20,19,37,22,61,8,54,21,62,38,60,52,5,57,58,15,7,47,31,35,36,3,40,55,10,28,42,13,17,4,0,45,41,63,24,9,46,1,18,11,16,26,50,39,23,33,43,53,27,51,30,32,48
50,58,46,56,32,63,7,52,34,19,43,44,12,53,51,41,16,23,4,11,42,54,39,15,40,57,5,62,1,18,10,21,14,55,22,48,9,33,25,45,28,35,29,36,38,26,61,24,6,8,59,37,30,17,60,2,20,0,13,49,31,3,47,27
11,49,57,37,53,28,34,12,19,2,55,60,26,46,62,36,54,48,41,22,7,27,1,10,23,17,4,0,21,38,18,29,5,3,45,58,56,33,39,44,25,31,59,43,47,51,63,20,6,42,16,61,9,52,32,14,13,35,30,50,15,24,40,8
50,1,48,28,30,8,53,6,61,0,36,32,7,52,44,13,14,18,2,15,26,46,20,9,17,12,43,51,5,60,38,22,29,19,16,49,21,59,62,23,63,3,24,4,41,10,27,25,58,11,55,37,47,42,33,45,56,35,40,39,34,31,54,57
34,15,35,7,43,38,14,2,62,37,23,21,13,9,28,32,29,16,55,47,58,27,6,60,0,19,11,57,20,40,5,18,63,49,42,53,12,26,51,31,61,30,46,50,10,4,33,45,24,54,1,44,41,8,59,17,22,3,48,39,56,36,52,25
14,62,52,5,63,51,11,9,24,40,47,35,55,31,10,48,39,0,27,6,3,13,49,45,21,33,50,4,28,58,54,8,18,1,15,20,2,25,43,34,46,53,23,30,17,38,7,29,56,19,61,16,26,59,12,36,41,42,60,22,44,37,32,57
0,52,57,26,22,35,42,25,38,44,15,33,18,9,31,17,56,46,39,50,19,54,14,27,37,11,24,2,60,7,53,48,16,3,30,63,36,59,20,10,21,6,41,13,40,49,55,43,23,28,34,61,5,51,62,1,47,12,8,4,29,58,45,32
14,3,22,35,26,25,21,36,46,0,8,42,31,1,23,6,33,40,12,38,41,18,52,13,45,60,20,43,61,10,55,2,57,29,9,56,28,16,51,32,54,63,49,44,48,11,58,62,37,15,39,24,5,47,30,19,34,59,7,17,53,4,50,27
28,17,44,34,1,42,14,27,37,46,59,30,16,7,39,31,45,6,24,9,4,29,47,61,3,18,21,36,10,35,0,60,8,56,38,13,41,63,22,20,11,15,33,23,52,19,25,62,32,58,50,57,26,54,5,12,55,2,40,51,48,43,53,49
53,22,48,39,43,50,24,15,32,31,51,27,18,44,14,0,23,60,21,12,35,54,58,45,56,52,16,8,42,2,40,29,59,7,36,33,38,11,20,1,13,63,28,57,62,9,49,10,4,19,30,61,5,3,46,55,17,26,6,47,34,37,25,41
63,20,36,45,9,12,21,6,18,13,5,22,37,27,2,43,32,10,33,40,46,51,59,35,7,52,61,0,44,11,55,23,62,19,41,29,15,4,25,50,8,26,39,16,42,1,34,3,24,60,49,31,30,53,58,28,56,47,38,17,54,57,14,48
30,58,24,21,13,42,18,37,19,62,1,6,49,27,32,20,51,4,0,2,35,40,63,7,22,52,54,59,50,56,29,36,23,28,10,38,3,14,33,45,16,60,43,48,57,39,61,8,25,55,46,11,9,41,15,26,17,53,31,44,5,47,34,12
29,6,42,19,41,10,44,38,8,35,39,7,56,60,22,0,47,36,4,34,17,26,57,45,33,50,31,18,5,2,28,27,14,37,49,53,11,16,48,25,52,30,51,32,21,40,24,43,13,3,9,15,59,55,23,62,1,46,58,20,61,63,54,12
1,42,3,35,51,41,62,44,19,60,39,11,57,16,23,55,43,26,49,36,13,9,38,47,46,20,37,52,21,59,12,27,33,56,7,50,18,63,40,48,32,5,45,8,31,17,15,22,10,6,30,24,25,53,34,58,54,28,14,61,29,0,4,2
14,20,15,34,41,23,29,38,45,4,36,18,58,27,28,21,42,50,7,17,55,26,22,3,19,61,24,51,43,9,35,25,56,0,47,5,48,32,63,13,10,49,6,46,1,30,52,16,2,8,57,39,31,60,62,12,11,37,44,40,54,33,53,59
4,11,18,33,2,31,36,25,57,28,44,27,35,42,61,39,30,49,15,32,8,55,58,47,50,54,22,14,34,0,29,21,41,53,23,7,6,59,9,43,3,48,26,40,24,17,12,56,45,62,16,20,13,60,52,1,5,51,10,37,46,63,38,19
25,46,6,38,49,43,32,34,29,53,28,60,31,30,20,23,9,22,8,51,41,54,7,16,52,17,15,48,56,39,19,18,12,55,14,42,21,40,26,47,4,58,33,27,62,59,11,24,35,13,10,5,1,50,44,0,57,63,3,45,36,2,37,61
40,42,59,47,17,63,28,16,29,20,35,8,60,21,26,27,56,44,62,31,49,25,48,18,9,53,58,57,6,43,37,12,7,41,3,2,30,36,14,54,10,45,51,24,50,55,39,38,33,52,4,1,23,11,5,34,15,19,32,13,46,22,0,61
28,24,35,27,2,47,21,26,46,44,59,29,31,7,57,19,56,3,32,17,5,14,22,50,49,54,41,52,58,55,48,1,37,34,36,4,15,43,6,33,0,10,42,13,51,25,23,61,18,30,38,40,45,12,9,16,60,11,62,39,20,8,53,63
24,34,2,6,1,0,50,33,40,37,56,43,4,36,55,51,27,45,46,12,41,58,7,19,63,31,61,28,30,15,54,16,62,11,38,32,21,20,9,60,59,42,49,57,22,53,47,52,14,44,26,35,17,25,5,23,48,13,3,8,29,10,18,39
40,43,0,38,48,25,20,52,9,49,56,12,5,39,50,42,3,57,53,28,1,2,30,35,24,44,27,51,59,61,60,22,41,55,37,31,19,7,17,4,10,23,63,46,29,62,45,47,11,21,13,18,15,33,58,6,16,26,14,34,54,32,8,36
40,35,26,52,21,34,3,27,22,18,44,57,20,19,55,56,15,62,12,54,39,13,17,43,29,41,48,9,42,24,32,2,14,23,5,58,53,45,36,11,6,38,61,28,25,49,60,47,31,63,16,37,59,8,50,33,7,4,0,51,1,10,46,30
7,50,13,41,42,2,55,58,19,35,57,38,43,0,22,51,47,18,27,62,15,53,26,21,14,1,5,3,11,30,52,40,59,37,32,61,49,10,4,56,8,12,25,63,46,54,34,17,9,31,24,6,20,29,33,28,48,60,45,16,36,39,23,44
31,32,59,15,5,39,41,27,13,20,53,2,38,52,14,37,22,56,44,45,29,43,40,24,25,7,4,61,0,50,28,35,34,60,30,11,58,9,23,16,33,18,26,8,10,46,55,51,49,42,36,21,47,17,54,19,63,3,48,57,12,1,6,62
62,28,2,49,60,29,27,46,8,14,9,43,6,10,11,45,35,38,21,7,25,18,50,24,40,42,56,33,31,36,26,17,32,30,1,39,58,63,52,47,34,23,61,3,44,4,12,22,5,59,54,48,41,51,55,13,0,57,19,15,53,37,20,16
50,48,6,22,46,44,18,60,58,63,42,51,41,47,37,53,16,59,35,26,11,45,25,9,19,61,20,23,24,13,17,27,2,33,29,5,21,56,4,10,36,43,62,14,30,3,7,34,31,49,1,57,32,0,55,39,12,8,28,38,54,15,52,40
50,42,61,58,44,2,52,14,63,43,48,20,4,28,9,51,38,45,32,56,6,53,23,34,59,0,17,41,39,31,49,12,25,24,3,62,1,60,33,11,5,46,55,10,47,40,29,27,26,57,30,19,7,35,15,21,54,16,18,13,8,22,37,36
22,31,19,33,8,41,52,58,24,51,13,35,54,48,20,59,46,21,14,27,42,61,17,62,25,28,37,15,26,39,32,45,4,5,50,60,38,55,44,10,36,2,7,3,30,40,63,18,29,1,9,12,47,56,11,16,34,0,49,43,57,23,53,6
49,5,57,15,24,1,41,60,3,32,6,62,36,28,13,27,22,38,21,0,31,40,7,14,4,45,43,9,59,47,29,33,37,2,11,56,16,48,63,53,52,26,17,19,55,8,39,20,10,35,23,61,30,34,58,25,51,42,18,50,46,44,12,54
45,13,24,33,23,32,3,36,62,11,53,22,25,39,44,41,56,55,0,35,34,18,10,37,52,5,47,19,38,29,21,58,60,61,51,49,57,59,20,8,40,2,30,17,54,46,42,28,14,48,43,26,7,1,50,15,6,27,31,4,16,63,12,9
33,42,25,56,16,2,13,61,9,38,52,3,53,15,35,40,18,24,63,55,50,6,12,29,47,27,51,17,7,34,4,26,11,58,5,23,19,43,30,44,57,20,8,32,37,41,21,54,10,1,14,45,39,0,28,22,49,46,48,62,31,60,59,36
52,57,46,35,0,60,45,53,30,19,14,55,5,23,29,38,63,26,44,41,3,27,47,31,48,7,56,58,49,22,37,1,32,8,4,24,16,9,62,25,20,54,50,13,11,17,34,61,33,28,18,59,12,39,15,10,36,2,51,40,6,43,21,42
16,44,1,32,27,25,53,48,61,11,20,5,6,4,29,10,31,40,0,28,17,30,8,15,50,52,2,21,37,35,13,41,39,36,63,3,56,18,23,45,38,54,58,24,46,43,33,42,47,9,19,26,62,57,14,12,22,59,51,34,60,7,55,49
14,58,36,23,30,31,63,39,15,52,47,60,37,24,5,50,12,61,51,9,59,11,26,43,54,13,16,46,40,4,62,1,48,56,38,22,29,7,57,10,17,44,25,6,35,32,33,49,0,42,53,34,55,2,20,41,45,19,3,27,21,8,28,18
49,46,56,50,26,60,3,16,27,22,7,14,20,45,21,25,10,43,53,47,4,38,42,36,2,59,24,57,61,28,11,6,40,58,31,62,55,44,37,41,8,51,54,9,35,52,23,48,29,1,19,17,34,5,39,63,13,18,15,0,30,33,32,12
25,23,43,40,62,3,8,31,7,57,50,1,34,60,20,10,58,49,0,9,28,21,42,54,59,29,15,19,35,16,48,13,44,45,5,24,2,11,37,46,18,17,26,12,39,27,63,52,32,33,30,51,41,55,6,14,47,56,22,53,38,36,4,61
58,55,8,32,51,37,47,49,4,29,41,7,27,56,54,34,6,28,10,3,20,35,5,48,57,14,43,31,36,19,2,50,59,9,24,25,39,33,21,42,15,60,26,22,16,61,18,62,40,17,30,53,12,11,46,44,52,63,38,0,1,45,13,23
18,7,47,39,45,13,16,30,21,0,23,34,12,46,19,25,37,26,4,53,2,36,44,14,33,52,5,49,6,51,57,15,24,31,35,20,38,58,9,55,62,42,50,61,27,28,43,60,40,1,22,32,11,59,41,63,8,17,54,10,48,56,3,29
18,10,44,30,22,3,56,62,37,15,55,25,58,26,38,54,48,39,52,61,60,19,7,59,35,31,63,34,13,12,29,32,5,36,27,47,9,1,4,46,21,0,28,20,17,8,51,14,53,33,57,2,24,42,43,16,6,45,50,11,23,40,41,49
20,3,28,8,42,33,25,5,30,59,17,51,34,26,1,47,45,16,55,19,12,15,9,13,31,7,38,52,39,10,23,60,21,61,0,56,29,54,4,32,46,14,49,62,35,44,37,24,11,57,41,27,6,63,2,48,53,58,40,50,18,36,22,43
57,21,31,37,6,32,60,16,8,9,17,27,23,42,41,11,22,5,4,0,13,46,18,3,14,50,56,51,24,62,59,29,47,2,44,20,43,25,54,39,28,36,10,15,33,38,48,7,19,55,53,1,35,40,63,12,26,49,30,45,34,52,61,58
57,47,55,50,40,8,18,14,44,7,23,38,41,32,63,25,62,49,29,11,21,51,36,58,28,37,22,13,33,61,43,3,19,0,39,59,26,35,5,6,20,9,17,4,34,45,52,60,46,27,1,30,53,16,24,2,42,54,48,31,56,12,10,15
23,45,57,11,0,9,38,37,55,31,26,3,39,15,6,13,34,36,60,50,43,51,40,8,32,16,1,14,47,49,22,12,4,29,2,42,28,17,10,33,56,53,41,30,44,18,19,63,35,5,46,61,52,59,27,54,58,24,25,20,7,21,48,62
21,41,32,8,36,58,31,11,14,23,33,10,25,57,24,22,12,45,50,42,52,18,35,56,28,3,27,15,20,16,1,54,63,40,9,4,49,7,61,30,53,5,17,46,47,38,55,59,39,60,62,48,0,43,13,37,6,26,19,29,2,51,34,44
15,40,22,51,45,8,39,23,5,38,35,49,3,10,53,60,11,27,21,12,24,20,28,25,9,61,32,33,29,50,37,58,17,26,48,54,59,30,36,0,2,47,55,62,31,14,18,57,63,19,46,13,6,44,7,43,4,41,1,52,34,16,42,56
2,49,50,26,59,44,1,40,62,55,14,35,34,19,10,11,25,24,30,63,51,52,4,5,23,37,29,28,22,33,17,60,31,56,8,53,48,0,45,43,3,13,6,36,15,27,58,9,42,61,18,20,32,21,47,41,39,7,57,16,12,54,46,38
62,14,35,48,55,63,57,53,42,37,29,30,8,38,0,34,60,32,23,19,26,28,61,6,24,46,58,11,1,33,59,50,36,31,18,21,49,3,51,25,39,9,45,7,10,52,4,47,20,5,17,41,44,56,13,22,15,54,27,16,12,2,40,43
12,20,63,44,32,49,17,7,39,46,51,35,4,48,56,59,18,43,21,15,53,60,28,37,40,31,24,13,22,26,27,8,38,45,54,19,0,47,9,14,10,29,33,30,3,41,25,61,23,42,62,57,16,52,11,6,1,50,58,5,55,36,34,2
19,63,17,60,34,12,53,9,24,43,54,29,10,58,20,6,31,33,11,14,1,32,18,57,52,30,16,23,5,27,13,22,49,37,2,0,8,35,50,41,55,38,3,4,40,46,7,39,25,62,48,26,15,45,47,42,56,36,59,61,44,51,21,28
19,34,51,33,46,4,7,41,44,37,13,21,30,31,45,28,53,24,54,32,61,49,35,23,11,5,29,48,27,20,42,10,26,25,8,3,47,18,58,50,43,2,52,38,63,16,40,60,17,0,1,6,36,14,15,62,22,12,59,55,39,57,9,56
61,55,14,54,1,3,15,23,13,58,32,43,11,18,10,53,24,4,17,41,59,50,40,52,44,22,20,63,29,57,7,16,38,6,8,28,26,45,60,56,2,46,25,5,0,21,35,51,42,48,39,37,31,12,33,19,34,47,49,9,36,30,27,62
31,32,21,17,13,27,20,18,48,24,12,49,36,15,39,44,50,60,41,5,42,38,8,40,22,2,26,16,52,9,53,45,29,1,14,30,10,59,56,34,46,3,33,63,37,61,23,0,6,55,51,28,58,25,43,4,57,19,62,7,47,54,11,35
53,20,12,31,62,16,42,27,49,9,14,26,25,2,11,0,23,37,10,51,54,57,45,4,36,29,47,35,1,3,33,19,46,18,24,41,13,48,8,55,40,15,30,60,44,7,58,59,39,17,61,43,6,22,50,56,34,28,21,5,52,32,38,63
20,24,28,40,23,41,12,14,37,5,49,33,52,45,56,34,22,7,30,31,46,38,25,35,4,13,55,36,51,11,43,0,6,29,62,16,42,57,17,1,48,19,60,21,39,53,3,9,10,27,32,63,47,2,54,26,59,15,61,44,58,18,8,50
38,47,55,18,45,51,43,22,9,7,63,26,62,48,6,12,24,13,31,1,3,35,15,19,58,50,0,10,57,59,30,23,28,32,37,2,56,14,46,60,16,53,49,17,11,42,34,36,29,27,20,61,33,21,44,8,39,40,54,25,4,41,5,52
26,2,62,55,7,53,8,15,4,49,28,43,60,46,48,52,12,51,0,35,54,44,37,9,31,50,42,34,57,27,5,3,14,23,58,22,45,41,13,25,29,24,6,59,32,19,39,33,30,17,1,16,10,21,38,63,20,36,47,11,40,18,56,61
23,19,42,20,27,57,28,63,33,40,3,5,34,35,47,0,24,11,52,39,15,45,32,60,25,10,56,49,48,8,36,6,26,58,41,43,62,9,14,50,4,18,51,13,7,53,37,21,38,59,2,1,46,31,54,16,61,12,44,22,30,17,29,55
36,40,2,27,52,58,35,14,43,5,4,30,25,19,46,53,47,18,6,17,50,20,33,1,0,38,9,44,32,22,41,7,49,57,26,54,42,63,56,8,29,31,21,12,15,61,59,10,55,16,3,39,28,37,24,48,34,45,13,51,62,23,11,60
4,56,3,2,55,11,52,49,39,30,0,36,38,26,45,40,44,23,37,35,47,8,10,57,18,42,25,59,62,24,48,7,9,32,33,27,51,21,22,5,1,61,60,14,20,41,43,13,53,15,31,50,6,19,63,16,17,12,46,29,54,58,28,34
11,0,53,43,33,23,17,25,28,21,44,57,18,6,38,63,32,54,48,29,60,31,58,39,13,15,36,27,10,59,41,4,14,24,45,22,1,2,3,5,52,42,37,7,16,9,30,46,40,26,56,20,50,62,47,35,49,51,19,34,61,12,8,55
32,51,23,4,11,20,42,50,25,26,58,40,22,44,17,5,19,37,28,52,8,57,41,46,39,29,48,45,10,6,60,27,9,35,1,7,2,15,56,53,49,30,0,13,43,16,47,61,63,14,36,55,62,34,38,12,24,59,31,21,18,3,54,33
56,9,0,36,62,48,24,16,44,54,40,58,51,46,12,37,57,29,35,6,7,17,31,2,42,61,55,25,60,59,43,38,50,1,11,15,30,13,3,23,33,21,22,49,27,14,26,47,5,34,53,63,20,28,10,39,41,18,19,32,45,8,4,52
16,0,35,63,6,5,24,58,4,7,13,62,37,39,40,36,51,32,14,28,22,17,25,29,34,53,1,2,59,61,20,57,45,19,33,15,55,43,31,56,12,42,48,27,52,18,47,8,11,49,26,54,3,10,60,23,21,30,46,41,50,38,9,44
53,50,19,52,35,42,7,23,54,41,11,9,29,59,34,25,28,17,27,10,33,30,15,51,60,13,63,57,39,18,47,36,4,58,56,5,6,2,32,46,55,16,21,22,31,44,49,1,43,38,0,20,40,45,12,48,62,24,61,26,3,8,37,14
5,22,4,16,28,2,57,25,8,61,46,41,15,55,21,53,59,1,54,63,0,49,26,58,20,48,43,32,18,50,44,12,11,37,56,13,33,3,45,42,24,47,7,39,6,9,10,35,51,31,34,62,30,60,52,27,40,29,17,19,36,38,23,14
31,1,27,61,60,26,39,29,13,49,40,28,0,55,41,8,52,57,50,20,21,32,56,34,37,63,23,2,24,38,16,25,18,43,46,19,44,45,53,4,15,7,12,9,3,47,30,62,33,17,5,59,51,14,6,54,42,11,36,22,58,48,10,35
25,28,37,20,24,23,16,32,22,50,46,47,49,60,21,4,14,57,45,8,6,30,3,5,48,52,38,26,15,35,1,62,41,29,13,27,53,7,55,31,39,56,10,0,36,54,51,2,59,43,18,40,9,58,61,44,17,33,34,63,19,12,11,42
30,15,35,60,54,3,23,33,29,27,44,11,18,14,9,53,56,25,1,6,26,34,36,16,43,51,28,7,57,21,31,48,42,5,55,10,45,22,47,4,12,46,19,52,63,32,37,40,0,59,41,49,2,8,62,39,58,50,24,13,20,17,61,38
48,15,19,44,37,8,2,13,5,3,51,42,50,60,38,7,10,49,22,46,56,43,17,41,25,6,14,29,40,61,33,59,36,32,31,9,0,54,57,47,58,30,18,28,21,63,45,12,24,39,62,26,34,55,27,23,52,53,20,16,1,11,4,35
2,17,62,19,40,47,20,63,59,10,14,55,22,15,38,0,28,35,33,34,9,23,36,58,1,48,60,52,27,49,16,18,13,43,45,44,53,32,56,54,39,46,3,30,24,37,12,57,61,41,25,11,7,50,29,31,8,26,5,42,4,21,6,51
22,41,21,23,38,7,25,55,4,63,27,46,12,42,35,40,14,2,10,13,44,58,62,0,37,48,31,26,19,61,29,16,34,11,18,57,15,24,56,9,43,36,5,45,50,52,54,47,20,59,39,3,33,8,17,1,32,6,53,51,30,28,49,60
10,12,32,16,39,29,54,52,0,33,63,31,35,4,53,42,1,8,26,37,61,34,23,13,11,46,9,43,27,48,57,14,51,5,56,25,62,6,47,50,28,38,44,60,30,24,58,19,22,55,59,18,40,49,7,36,2,45,3,17,20,15,21,41
39,2,15,25,11,60,46,38,6,5,1,14,28,27,48,55,24,57,45,12,53,23,7,0,47,9,36,3,4,49,34,41,32,13,16,33,43,58,35,29,54,26,31,8,19,22,42,17,40,62,44,30,61,10,59,51,50,63,21,52,20,56,18,37
58,38,2,46,34,62,35,4,44,57,16,1,21,53,39,0,55,32,14,56,29,43,24,5,13,33,40,31,36,17,52,42,8,3,37,26,7,51,22,20,25,54,12,19,48,9,11,50,23,63,61,45,41,27,10,15,47,18,30,59,49,6,60,28
40,58,41,36,38,11,60,15,42,3,35,13,33,0,53,5,55,19,27,52,28,31,8,44,20,7,48,62,24,50,43,26,46,61,34,6,22,59,47,63,45,51,4,16,10,2,30,12,57,18,25,29,17,23,9,14,56,1,21,54,37,49,32,39
54,48,47,6,51,19,52,43,13,57,0,9,27,35,44,39,16,38,5,22,58,28,10,61,31,29,62,42,36,32,26,12,50,15,1,53,8,56,30,24,46,41,7,23,55,40,20,21,3,59,34,37,63,33,14,11,60,45,18,4,2,17,49,25
36,3,50,59,43,7,40,26,8,18,17,62,21,45,13,10,53,25,39,22,33,47,16,61,60,41,63,24,14,15,34,37,58,54,44,30,19,11,5,35,56,49,27,23,42,2,55,4,38,51,48,32,0,28,12,9,57,6,29,20,46,1,52,31
14,18,57,34,8,41,3,11,12,37,0,36,47,52,48,5,43,30,31,6,33,24,55,39,38,56,42,9,15,58,60,19,4,10,2,49,63,50,16,21,32,59,35,17,25,1,54,44,51,7,29,28,26,45,61,62,13,23,40,27,20,46,53,22
34,16,28,27,42,58,46,53,43,12,38,8,57,7,33,0,49,13,51,24,48,18,52,32,9,45,19,56,1,26,63,10,44,30,39,22,23,50,29,61,25,47,60,41,35,40,55,5,6,4,31,14,15,59,2,17,54,36,11,21,20,37,3,62
36,0,44,53,60,9,16,56,28,31,26,11,34,21,27,30,10,52,55,18,57,19,49,63,13,43,20,4,15,3,8,2,5,47,29,40,32,1,39,17,22,37,38,51,23,59,58,50,33,7,48,25,61,41,54,42,46,14,62,6,45,12,24,35
20,13,21,46,16,36,9,26,63,3,40,39,34,18,50,31,14,41,35,56,15,51,62,55,43,53,57,38,52,59,32,28,37,24,5,45,1,27,23,58,22,2,60,10,48,25,47,30,61,4,0,49,19,6,17,33,54,42,44,8,11,7,29,12
18,51,34,24,16,20,3,45,49,9,44,35,39,2,56,50,17,7,5,12,21,14,1,27,11,36,46,62,60,61,63,8,19,43,23,10,38,30,52,6,59,47,58,25,42,26,22,57,40,29,13,55,15,53,28,4,37,33,54,32,31,0,41,48
17,8,61,63,24,16,59,22,53,9,21,1,46,4,60,58,51,39,15,32,40,10,0,52,42,12,11,47,2,33,35,23,55,44,34,27,3,49,30,50,5,6,20,18,26,56,41,28,57,62,48,38,54,31,37,29,45,7,36,25,13,19,43,14
37,9,53,36,41,4,20,52,63,27,7,60,51,48,21,3,61,39,16,35,29,5,10,34,28,26,22,59,45,0,57,2,50,1,25,46,18,15,30,42,55,24,13,62,43,54,19,44,33,32,47,23,8,58,11,40,31,14,56,17,38,12,49,6
45,59,24,30,36,20,49,23,14,37,0,39,47,13,6,5,16,57,43,19,58,52,41,17,28,21,34,11,31,2,60,63,54,33,3,22,9,55,56,61,10,26,40,12,53,51,1,27,7,15,44,48,62,38,4,42,29,25,32,18,50,46,35,8
18,13,23,6,32,44,7,29,16,45,33,40,49,57,30,62,9,12,27,1,3,5,22,34,15,25,17,47,11,37,53,61,50,42,48,59,56,38,0,60,46,35,52,26,36,8,51,21,31,41,54,58,4,28,2,24,63,19,20,39,10,43,14,55
51,36,50,40,17,41,29,3,57,25,52,32,1,24,8,20,10,30,0,56,54,19,42,61,38,58,27,9,14,18,15,46,31,2,62,63,12,47,43,55,48,16,39,22,11,13,49,4,7,60,21,37,6,28,33,59,44,5,34,45,53,23,35,26
14,33,34,45,2,12,51,13,49,44,62,52,29,8,21,50,59,20,9,36,4,27,0,41,16,17,7,30,46,3,11,28,43,22,58,31,54,23,53,5,47,42,48,35,32,18,15,10,1,19,38,40,6,26,57,39,56,24,25,37,63,61,60,55
47,63,55,27,33,60,26,52,57,50,39,18,10,48,31,13,40,19,24,54,46,30,51,17,42,15,41,12,61,16,4,34,1,37,22,32,5,6,44,0,36,59,35,23,28,8,2,58,53,9,45,49,3,7,43,14,21,56,38,25,62,20,11,29
20,32,55,27,31,6,18,22,54,13,5,35,36,48,40,16,46,1,19,47,34,25,12,23,43,52,14,59,39,17,53,2,44,10,49,57,3,42,21,50,11,62,58,30,41,51,61,15,33,24,63,29,45,4,28,7,38,26,60,37,8,56,0,9
58,60,29,31,39,62,25,37,33,34,14,8,52,19,9,56,12,27,1,61,43,44,11,3,36,18,30,16,28,17,41,49,23,2,26,20,45,48,47,5,4,55,24,13,38,50,6,63,46,15,10,40,42,51,35,54,21,53,57,59,0,22,7,32
30,10,61,31,34,38,25,27,49,18,47,28,43,33,11,21,54,14,60,59,13,37,15,53,35,7,16,48,36,50,12,39,5,8,3,0,51,62,6,9,17,44,24,4,32,41,22,2,58,57,29,63,55,56,23,1,40,45,26,52,42,20,46,19
46,18,5,42,48,38,54,3,1,60,45,52,12,40,59,36,22,63,53,14,50,20,24,8,51,29,62,11,55,9,10,21,7,61,27,25,23,49,39,57,34,17,31,32,2,37,58,15,47,28,33,43,4,44,19,30,56,6,16,0,41,13,26,35
7,55,18,3,59,17,60,14,62,23,21,36,52,33,44,58,53,47,31,39,54,32,61,15,45,40,34,51,42,2,1,27,48,24,22,37,16,13,57,5,49,0,56,29,38,6,4,20,41,63,9,19,50,28,12,46,30,25,10,26,8,35,11,43
51,7,58,59,30,25,16,17,39,47,33,20,3,19,21,46,10,50,43,42,0,49,61,14,52,27,54,57,40,34,62,26,2,53,45,44,6,48,63,13,32,41,37,5,18,36,15,1,24,12,22,23,29,56,60,8,55,38,35,9,4,28,31,11
22,1,7,50,41,58,10,33,2,32,29,51,16,38,14,40,15,39,19,12,24,46,54,35,37,20,36,55,49,4,17,62,59,3,23,52,28,57,0,56,48,8,6,61,11,63,34,45,5,21,42,53,43,60,47,18,25,13,9,27,30,26,31,44
32,49,13,23,46,5,26,2,52,35,1,61,3,20,53,47,37,8,27,34,30,38,45,48,42,16,51,40,60,0,63,7,41,58,57,39,4,44,9,62,55,54,6,28,19,21,12,22,56,11,10,14,18,33,50,31,43,59,24,17,25,15,36,29
54,48,11,10,31,6,15,26,43,0,44,28,17,55,61,2,57,63,5,62,23,16,47,39,9,8,41,29,40,30,49,3,36,20,22,32,58,21,12,33,38,1,53,59,4,52,34,13,35,60,7,19,18,46,45,50,14,37,56,42,27,25,24,51
16,55,2,45,43,60,61,57,30,52,29,9,40,3,13,14,34,12,31,7,5,22,53,26,6,33,10,62,1,36,38,49,4,25,59,27,58,19,35,11,47,18,20,50,39,54,8,23,51,44,24,41,15,0,48,32,56,17,21,46,37,42,28,63
10,11,40,60,8,59,28,39,1,38,58,21,26,61,46,37,27,19,7,42,17,33,44,14,15,50,41,34,43,13,53,54,5,2,4,52,22,16,3,62,36,12,63,45,20,18,56,6,29,57,9,31,55,24,23,47,51,48,0,25,32,49,30,35
31,49,61,62,37,12,25,39,5,6,43,30,60,2,22,26,63,56,20,11,55,32,18,52,45,41,8,7,36,28,1,17,58,16,42,48,14,50,10,47,57,19,24,0,51,54,3,59,35,9,40,27,23,33,15,29,53,34,4,46,44,38,13,21
4,19,54,16,25,59,50,12,48,1,37,44,30,29,23,7,63,56,8,55,45,53,27,9,14,10,61,17,42,60,36,13,49,3,39,26,41,57,15,21,22,58,52,20,6,5,43,51,2,40,24,28,18,38,34,32,33,62,35,0,47,46,31,11
19,4,27,59,12,41,34,23,33,21,45,56,29,10,24,9,55,39,5,18,16,40,53,62,57,42,50,28,22,47,32,37,35,43,38,58,0,51,1,26,15,6,8,17,25,63,31,7,46,2,54,11,44,60,36,49,13,52,48,30,61,3,20,14
63,8,33,43,26,22,11,18,32,0,53,9,2,25,30,47,19,23,55,59,37,56,61,51,46,20,52,14,34,44,49,28,42,6,36,62,24,45,38,58,39,27,10,40,5,48,3,21,1,12,31,16,41,57,54,17,29,50,7,15,4,13,60,35
29,2,30,34,11,42,39,50,55,47,33,63,40,41,38,6,25,59,37,54,56,17,52,15,36,44,9,10,14,35,20,62,45,28,0,60,13,19,43,3,8,53,21,46,12,7,61,26,32,51,27,16,4,23,24,57,5,22,18,48,49,31,58,1
37,46,20,38,32,28,8,10,63,61,29,44,59,23,11,49,48,30,7,51,21,55,19,53,5,25,50,9,0,54,40,14,6,57,36,56,16,4,45,1,42,35,60,33,27,26,24,62,17,3,22,31,18,34,58,43,52,15,41,47,12,13,39,2
18,52,22,56,61,24,5,39,49,54,51,37,44,4,8,23,46,57,35,10,55,63,2,31,12,62,21,19,59,32,38,14,48,33,40,50,28,13,45,26,27,3,6,7,42,43,41,34,16,17,15,29,11,30,1,20,0,53,60,9,36,25,58,47
57,53,52,58,63,48,43,49,62,21,19,40,56,26,59,0,20,7,35,45,41,25,5,44,30,54,9,31,22,32,23,61,12,10,39,28,18,37,55,50,33,14,15,38,4,6,60,17,51,13,2,3,16,46,34,1,11,8,27,24,42,47,36,29
17,43,11,3,21,55,33,42,6,53,51,54,1,18,30,50,52,31,38,57,61,15,36,35,46,34,28,4,10,8,32,41,60,12,40,13,56,39,9,59,14,49,22,19,29,37,48,7,45,20,0,44,27,5,23,24,47,63,26,62,58,16,25,2
54,12,24,36,51,22,31,8,63,20,13,47,17,45,6,34,28,37,27,46,2,58,53,61,52,3,14,59,16,25,43,5,42,55,1,62,41,32,30,7,48,39,33,49,50,60,40,9,44,56,4,26,38,21,10,35,29,15,0,57,23,11,19,18
62,42,27,61,8,57,39,31,29,41,30,21,48,4,9,28,51,46,59,10,49,53,17,13,33,60,24,12,7,63,3,5,18,45,2,38,47,36,6,32,37,23,56,20,40,43,44,1,25,34,0,26,55,11,58,16,50,15,19,52,22,35,54,14
57,7,43,54,16,48,17,10,51,42,4,63,37,3,14,39,0,29,47,1,36,18,23,11,32,20,2,33,44,41,35,46,9,19,13,52,5,12,21,59,49,27,56,8,45,55,25,15,62,38,26,61,28,40,24,58,22,30,31,34,60,50,6,53
15,2,28,16,1,48,62,61,14,33,13,0,18,10,58,46,39,63,29,31,49,59,24,21,25,50,55,5,7,4,12,43,44,35,56,8,19,42,54,17,51,23,9,41,26,30,60,6,37,38,57,36,22,53,20,27,34,45,3,40,32,11,47,52
36,41,24,34,14,27,63,55,35,50,21,49,48,28,60,25,26,30,54,23,52,18,32,22,40,37,42,5,12,2,1,29,59,33,47,62,3,10,19,39,20,9,16,43,11,0,4,15,31,45,7,46,53,58,8,61,13,6,56,51,38,17,44,57
48,35,7,3,27,62,59,58,50,6,4,32,21,51,22,12,5,63,13,41,31,14,49,60,36,19,24,17,8,56,30,47,10,11,25,29,53,61,38,52,40,18,9,20,33,1,16,54,34,39,37,44,2,57,26,0,42,28,46,45,15,55,23,43
49,20,22,42,54,46,40,7,8,19,55,17,48,35,31,63,39,3,59,25,2,33,18,53,14,27,37,56,60,47,15,4,61,1,41,6,11,26,13,58,62,0,12,43,52,9,24,23,10,38,50,57,21,45,29,28,34,5,51,32,36,30,16,44
7,12,22,63,34,5,44,19,32,57,43,56,30,52,11,10,25,3,48,26,62,27,51,40,37,29,49,17,58,2,16,23,36,39,28,46,54,50,55,42,53,13,0,15,38,41,6,21,35,8,33,9,61,47,18,31,45,20,60,14,4,1,24,59
40,47,6,32,49,37,48,13,2,38,4,42,58,11,18,22,26,24,56,27,23,16,60,55,5,54,21,63,14,36,39,44,3,57,46,30,45,25,8,53,10,51,34,7,20,9,15,52,0,35,59,17,41,62,29,19,1,12,50,31,28,43,33,61
19,6,45,43,28,7,14,11,54,60,10,32,27,62,38,26,56,17,16,58,63,2,0,22,3,59,23,5,4,33,57,39,40,35,50,20,12,21,1,24,15,29,42,9,30,41,47,49,48,18,34,31,25,55,13,52,53,8,37,61,36,44,46,51
63,44,31,50,37,34,41,52,32,12,3,21,2,35,28,36,7,56,61,20,53,1,4,58,48,30,40,29,43,47,15,62,27,59,60,39,9,33,55,42,14,22,6,16,18,46,57,17,26,5,49,25,11,45,38,10,8,51,24,0,13,54,19,23
27,3,50,13,16,7,42,38,4,14,60,22,37,20,29,52,2,5,24,49,26,21,18,34,8,62,25,47,11,28,39,41,33,30,6,45,57,59,0,23,35,61,51,12,10,54,17,53,36,48,43,55,19,31,40,44,15,1,9,58,56,32,63,46
49,26,16,5,25,35,50,43,42,39,7,56,47,40,59,52,57,23,28,53,41,51,27,22,9,34,21,29,0,6,44,61,55,24,37,58,14,54,18,15,45,46,30,36,62,31,4,1,60,63,13,19,3,17,48,12,38,11,33,2,32,10,8,20
33,55,32,18,49,53,14,25,22,54,50,16,52,13,61,41,48,21,7,34,36,9,40,57,24,35,15,1,26,31,0,17,47,6,37,3,2,28,59,56,58,11,27,19,46,5,8,39,4,38,23,60,43,12,30,51,63,42,10,62,44,45,29,20
7,40,30,6,19,1,50,17,43,52,46,53,5,13,28,14,58,22,55,0,56,9,31,23,10,41,11,49,12,61,45,27,60,51,25,38,18,35,16,62,33,21,32,39,48,36,54,15,63,26,20,24,29,44,2,3,34,47,42,59,4,37,57,8
42,12,56,7,41,23,11,1,20,37,45,33,2,21,0,18,4,32,38,48,35,46,49,8,19,34,15,14,40,50,9,54,58,16,22,61,44,55,6,27,52,17,47,30,24,31,39,3,59,57,62,25,43,60,10,51,13,26,36,29,28,5,63,53
52,63,56,9,48,22,26,62,1,10,33,49,60,27,25,50,20,37,3,34,35,38,58,44,0,29,31,24,18,15,55,13,30,23,12,17,5,36,41,39,61,19,43,59,57,51,14,32,53,4,42,7,47,6,28,46,2,11,16,54,40,21,45,8
5,42,50,49,24,21,46,61,11,18,14,28,0,12,29,9,51,53,32,35,43,26,36,1,10,55,33,19,56,34,7,27,25,48,2,38,3,47,6,54,22,44,20,8,31,15,57,4,62,52,39,13,41,23,30,16,58,40,45,60,17,63,59,37
40,37,15,10,52,21,43,61,55,53,20,32,60,33,6,17,57,22,8,16,34,44,59,39,24,18,5,62,36,56,25,50,41,19,9,47,27,26,48,54,7,35,4,3,12,30,42,13,49,58,63,2,28,31,0,29,45,14,38,51,46,1,11,23
10,0,34,43,44,5,55,21,62,47,36,30,18,19,28,57,31,63,17,51,22,1,59,53,50,27,11,46,8,33,20,3,25,14,12,60,4,7,42,15,40,23,6,13,49,61,9,52,54,48,41,58,32,56,26,45,16,2,29,38,39,24,37,35
16,20,47,5,6,45,11,50,29,31,38,21,51,4,12,63,34,54,22,27,17,10,26,8,24,43,9,60,58,18,59,32,14,7,36,55,3,48,53,15,46,13,44,56,42,52,2,40,28,19,0,41,25,23,35,1,37,57,39,61,62,30,49,33
16,19,53,29,9,37,4,61,7,15,25,23,6,51,22,18,60,34,5,36,33,32,52,48,20,24,11,62,31,38,14,49,26,30,2,12,21,28,10,13,46,42,63,41,59,45,8,27,0,35,56,44,47,57,50,39,1,17,58,54,55,40,3,43
59,57,62,41,40,4,37,55,53,26,16,33,24,56,61,0,63,14,13,49,52,3,36,38,19,58,15,8,2,20,11,42,21,54,12,60,47,28,17,39,45,50,5,9,7,34,6,44,23,22,46,32,29,31,10,35,25,1,18,43,51,48,30,27
60,5,34,49,20,44,56,11,1,47,23,22,52,15,30,63,41,29,35,28,37,4,51,0,61,9,6,36,26,40,54,14,13,31,39,10,42,33,8,19,16,32,27,62,38,59,53,2,58,7,45,12,17,46,21,24,50,55,25,3,48,43,57,18
55,18,17,14,22,3,35,47,20,19,46,56,40,61,6,38,9,23,27,10,16,1,26,25,42,48,50,37,53,21,4,43,30,13,12,15,59,41,58,34,39,49,31,11,51,57,7,52,2,28,33,36,62,24,60,29,54,45,0,32,5,8,63,44
37,15,19,14,28,59,27,7,1,26,6,8,9,16,11,52,45,33,38,24,49,20,63,30,51,5,42,46,36,17,12,2,3,40,43,41,57,62,18,0,55,25,56,10,50,61,58,32,60,13,35,44,54,47,53,29,34,31,21,22,48,39,23,4
25,40,29,58,31,27,49,46,32,22,24,12,50,56,45,34,33,5,41,19,17,60,53,54,38,30,1,26,18,9,57,51,37,20,44,21,10,13,4,39,48,47,28,61,36,43,11,15,42,0,7,59,35,3,55,6,14,8,2,16,52,63,62,23
13,2,16,37,35,41,51,49,27,4,50,31,33,46,54,12,22,25,40,45,48,30,32,24,43,38,1,3,23,21,53,8,0,36,62,14,61,47,6,39,10,15,59,20,55,63,17,7,18,44,26,19,29,42,9,56,52,58,28,57,11,60,5,34
0,6,40,10,59,54,60,35,57,19,49,51,9,42,33,50,41,29,37,15,11,56,18,38,62,13,39,1,34,26,45,36,17,21,22,8,23,31,47,58,53,27,43,16,14,5,44,55,32,3,12,28,61,46,25,4,63,52,30,2,24,7,20,48
15,49,59,28,51,31,18,37,61,54,45,20,8,48,42,58,7,56,13,30,21,60,63,2,50,44,0,55,24,38,47,25,43,14,32,57,33,52,46,35,6,23,62,9,41,26,34,5,3,19,36,29,4,10,17,39,12,11,40,27,16,22,1,53
29,45,37,58,40,7,8,20,4,49,47,32,51,10,13,23,3,50,30,39,14,11,26,61,24,60,62,55,54,63,59,31,19,35,48,16,53,42,57,27,38,56,1,17,2,22,21,44,15,46,33,25,36,5,52,41,6,12,28,18,0,9,34,43
16,51,36,30,35,19,43,13,61,8,32,24,12,44,33,6,15,50,34,10,0,22,57,4,40,48,39,7,60,55,49,20,54,17,58,1,27,63,59,11,21,47,23,53,45,14,62,38,5,42,9,56,37,26,46,2,25,29,31,28,3,52,18,41
17,37,41,2,7,9,58,62,12,59,34,39,42,15,29,10,45,5,36,26,56,23,54,57,13,18,25,1,16,52,21,24,27,6,46,35,53,49,50,55,3,51,0,40,43,14,38,31,48,33,30,4,20,61,28,47,8,19,44,63,60,22,11,32
57,13,23,22,26,3,19,24,40,4,60,9,36,33,20,30,2,21,51,10,14,42,16,17,62,61,43,32,0,59,29,15,46,34,31,48,44,53,38,7,8,56,11,52,41,58,6,47,25,54,5,55,12,37,27,28,39,49,35,1,50,63,45,18
0,42,7,35,25,12,19,61,6,57,15,55,13,45,11,22,39,47,27,5,63,30,56,17,14,16,21,3,40,50,49,1,10,36,24,32,26,8,28,48,37,34,4,54,44,9,60,41,2,52,43,31,38,51,46,29,23,20,33,59,62,18,53,58
28,49,8,50,22,32,10,52,31,60,14,46,9,41,38,11,0,45,13,19,24,29,6,34,36,12,37,55,39,1,4,40,23,3,30,15,33,17,53,62,43,63,2,61,51,35,56,21,54,44,5,20,7,27,57,16,48,42,18,59,47,26,58,25
59,47,36,37,6,32,46,44,53,48,60,29,52,18,55,5,30,23,12,13,57,24,42,4,20,49,50,61,41,3,14,39,56,33,1,40,15,11,21,2,9,22,7,54,28,10,17,62,38,35,45,25,43,27,26,19,63,31,58,16,51,0,8,34
18,13,27,46,14,15,54,52,61,59,7,1,19,50,0,40,26,3,11,38,17,55,9,5,34,32,44,57,56,8,30,6,2,58,21,43,39,24,4,23,42,53,16,45,28,41,49,35,31,48,33,12,25,36,62,51,47,29,63,20,10,60,37,22
31,8,37,43,42,5,35,63,16,17,60,12,52,2,15,45,4,47,9,20,7,39,10,28,53,14,40,41,59,58,29,48,3,32,1,49,44,62,38,54,30,27,18,13,22,19,21,55,56,23,33,25,50,57,24,11,46,6,0,61,34,36,26,51
40,43,5,8,23,22,7,17,58,12,44,14,57,54,3,1,37,16,55,46,41,33,6,59,53,0,2,42,20,21,18,63,9,34,35,32,13,38,11,29,19,52,31,26,47,49,28,45,15,48,50,10,25,4,62,36,39,61,24,30,60,56,27,51
56,42,48,57,46,2,36,28,0,19,50,33,9,23,34,52,1,24,20,18,59,3,32,8,54,55,12,16,38,47,40,21,26,22,62,31,58,45,43,11,15,14,27,49,7,35,51,30,60,29,39,61,6,10,44,53,41,37,4,17,13,25,63,5
19,37,63,57,13,1,56,30,28,21,55,51,29,35,60,52,54,32,4,34,45,5,39,22,53,27,0,40,15,14,17,2,9,62,44,49,36,7,12,58,38,33,8,41,20,61,47,31,50,23,18,24,3,11,43,46,48,42,10,16,59,25,26,6
41,7,26,29,22,16,48,1,14,15,50,6,38,57,13,33,25,42,47,19,53,35,43,8,37,32,60,31,11,52,54,20,63,23,27,44,12,18,28,10,4,39,59,51,0,3,17,40,49,46,62,9,30,5,58,21,36,55,45,24,56,61,2,34
51,22,5,46,11,19,34,57,6,44,39,35,18,0,16,13,9,63,15,7,17,45,61,23,59,25,48,60,62,30,21,3,4,49,8,52,36,41,38,32,58,47,33,2,29,50,28,26,54,12,53,43,56,24,27,42,14,55,1,20,40,37,10,31
33,23,18,57,1,17,20,5,63,53,37,61,4,24,51,27,46,39,52,62,48,11,43,35,32,29,34,16,25,60,19,26,14,0,9,30,13,7,47,40,56,36,55,44,12,58,54,21,38,42,2,59,6,8,28,22,10,45,49,15,3,31,50,41
57,19,31,59,2,60,25,5,20,58,56,10,53,30,63,51,21,52,61,28,12,1,62,39,50,16,23,48,8,54,24,14,3,37,40,47,45,6,36,44,41,4,46,29,33,15,26,22,0,27,49,17,43,55,7,11,34,38,13,35,42,32,18,9
43,6,3,21,37,46,23,9,20,22,11,2,10,28,12,54,41,42,15,59,18,56,57,26,17,8,16,36,1,50,33,0,7,19,34,51,14,55,31,61,60,5,49,4,38,29,35,24,25,58,30,48,32,63,47,52,40,39,45,27,13,44,62,53
19,27,33,57,29,63,49,0,3,11,6,13,41,38,46,56,52,44,54,25,15,1,4,50,9,61,34,35,62,39,42,37,31,28,16,30,24,36,43,23,47,7,12,51,17,18,55,48,53,22,2,10,26,32,58,40,5,45,59,21,8,60,20,14
55,16,25,42,37,14,2,53,18,27,36,17,48,32,34,46,20,40,61,62,12,5,54,10,35,38,50,51,26,0,21,7,13,58,47,43,9,11,59,45,8,28,29,4,41,22,3,30,57,24,39,49,31,60,33,6,1,23,15,44,56,19,63,52
19,48,24,1,4,34,17,56,52,22,16,51,6,9,29,63,13,38,62,60,54,50,31,37,45,8,7,61,57,5,43,11,33,23,3,25,59,21,49,15,12,39,44,10,27,42,30,2,47,55,36,41,35,58,46,40,14,0,53,18,26,32,20,28
43,44,29,40,31,41,19,2,27,55,24,5,63,56,11,26,23,18,38,54,49,36,53,16,0,52,21,33,34,32,22,51,61,9,6,28,60,35,42,8,46,50,47,59,62,4,15,30,17,48,7,25,14,20,12,58,57,45,39,10,13,3,37,1
8,62,35,28,17,33,57,25,30,34,1,0,7,54,6,38,23,32,11,29,48,20,49,14,13,40,53,44,5,19,18,3,31,2,9,15,37,22,12,56,50,43,55,60,26,45,36,16,21,59,46,42,58,27,52,61,41,47,63,51,10,4,24,39
33,4,47,49,43,36,38,40,25,7,41,22,26,17,23,37,6,0,63,19,18,54,2,11,32,29,62,60,46,27,58,8,61,21,13,45,39,34,9,48,57,59,53,44,16,56,52,15,31,14,28,51,24,12,20,50,10,42,30,3,5,55,35,1
51,15,31,57,16,48,58,11,42,28,3,40,44,33,7,22,2,59,43,27,5,1,29,41,46,32,35,52,12,36,47,19,34,60,50,38,37,23,17,21,39,20,24,14,49,10,63,54,30,25,18,9,61,45,56,0,6,8,4,13,26,55,62,53
14,3,25,22,29,54,23,61,33,60,41,2,10,35,34,20,19,27,36,53,13,63,46,57,12,49,6,5,11,62,51,52,1,47,15,42,44,24,56,50,48,18,37,9,17,45,43,21,28,7,55,59,38,32,26,4,30,8,58,39,0,16,31,40
49,42,54,47,14,34,38,53,0,48,28,21,27,15,35,58,56,32,9,31,13,61,26,39,7,1,23,41,62,17,50,36,40,60,6,19,30,18,8,12,63,4,57,20,43,5,59,24,51,2,46,25,3,45,37,33,11,16,22,55,52,29,10,44
13,49,50,17,22,35,31,54,24,41,12,0,34,63,56,3,25,45,16,40,30,51,33,58,1,43,7,36,29,9,61,62,15,26,2,5,37,48,44,59,11,23,4,18,57,14,20,28,55,21,52,60,53,8,39,6,47,38,27,42,46,19,10,32
24,14,5,23,42,37,6,2,57,0,59,55,48,45,27,36,32,43,35,10,63,28,33,21,12,49,26,1,44,3,9,25,40,30,15,53,58,41,54,62,46,16,11,31,18,19,29,17,52,50,13,34,61,56,60,8,7,39,20,4,22,51,47,38
45,49,29,43,20,7,51,18,23,39,19,31,55,61,36,41,50,47,60,37,13,0,24,63,11,35,17,58,12,25,3,16,8,1,48,9,27,59,21,15,57,33,26,2,52,10,54,22,42,38,28,4,34,44,5,46,56,32,40,14,53,62,6,30
61,31,62,36,56,55,16,63,19,14,20,53,41,4,32,44,15,27,43,47,18,13,50,48,8,39,46,38,52,25,29,30,9,0,7,59,24,42,1,23,35,11,5,37,17,22,49,21,45,2,60,58,12,57,3,40,33,28,54,34,51,26,10,6
5,23,30,51,13,19,36,20,49,31,54,2,42,43,15,53,26,9,29,33,21,48,1,39,47,45,34,32,37,16,10,41,44,56,61,55,25,60,28,0,46,52,58,24,62,6,38,22,14,63,50,35,57,27,7,12,4,11,3,17,18,40,59,8
37,15,46,33,58,50,16,14,63,5,44,48,41,9,54,21,26,35,36,61,30,25,34,53,0,8,32,39,45,17,10,38,31,27,47,23,40,11,42,55,28,49,6,12,56,13,22,2,19,7,57,43,60,62,24,51,18,3,52,1,4,59,29,20
22,63,10,19,57,48,50,42,3,11,13,32,38,25,30,6,31,14,4,0,5,27,29,35,62,33,53,9,43,61,24,36,2,16,1,44,52,12,47,41,37,56,18,26,45,17,49,15,46,8,21,34,7,40,59,60,28,51,58,23,54,20,55,39
24,29,17,49,22,12,37,60,23,8,44,43,57,7,45,32,30,47,59,42,1,41,9,40,5,25,0,33,62,36,19,28,55,39,16,38,48,27,51,18,20,61,14,35,11,34,4,50,21,53,3,58,26,46,13,10,52,56,2,6,31,15,54,63
55,17,49,6,22,2,18,29,21,20,53,1,59,39,56,40,52,37,23,3,51,45,11,16,9,46,48,34,35,7,27,24,31,33,58,47,5,32,63,44,13,26,19,57,42,41,4,62,25,36,60,0,38,15,50,8,14,61,30,54,12,43,28,10
25,34,35,61,48,18,45,11,5,23,29,7,56,24,22,20,57,38,46,1,2,41,59,13,32,28,3,37,21,9,52,17,33,26,50,60,62,44,63,36,16,8,54,51,6,15,53,12,39,0,19,43,47,14,27,40,55,58,4,30,10,49,42,31
34,1,38,28,20,61,18,17,36,15,13,9,44,33,21,52,22,58,42,25,0,29,19,14,43,7,27,41,24,57,45,40,47,8,23,51,62,5,49,35,32,12,59,55,63,11,48,53,46,39,60,10,54,16,4,50,2,3,6,37,30,31,26,56
11,37,47,19,44,21,29,35,13,5,52,22,53,51,3,50,14,61,10,8,6,48,46,32,27,62,15,4,16,43,0,30,12,28,26,7,18,60,41,1,39,56,20,54,55,33,57,40,25,42,23,45,31,17,38,2,34,58,9,49,24,59,63,36
20,25,30,19,26,63,42,45,34,29,51,22,58,17,38,14,59,54,40,37,61,47,60,50,43,35,15,28,16,6,31,44,27,1,33,10,53,62,9,7,3,41,0,52,18,23,55,24,56,46,4,36,12,21,8,11,13,5,2,48,57,49,39,32
14,32,19,28,22,31,16,51,34,38,55,58,5,20,2,60,57,18,25,48,7,12,61,37,46,41,4,50,40,13,56,42,6,47,15,44,9,30,45,49,36,21,54,11,33,35,17,52,1,29,59,23,8,39,62,10,27,3,26,0,53,63,43,24
52,22,15,63,3,62,12,17,1,39,38,14,7,19,33,54,35,18,27,4,11,31,28,56,44,36,37,48,42,51,32,24,40,26,13,5,57,9,6,49,43,59,25,55,46,45,2,60,58,41,30,23,20,8,50,16,21,61,10,47,0,34,53,29
26,54,15,24,63,25,9,4,61,6,49,45,7,8,35,3,14,48,38,31,52,27,1,41,28,43,42,51,36,32,57,37,2,50,39,10,58,47,40,56,59,62,34,18,46,13,55,20,17,19,33,60,29,53,23,12,5,11,21,44,0,16,22,30
48,29,6,25,32,50,36,49,38,45,41,31,4,63,5,34,16,30,56,12,35,39,42,15,62,20,14,47,21,55,33,17,26,2,3,28,10,13,22,52,7,59,8,37,27,58,53,23,57,60,18,46,0,43,24,54,40,9,44,11,19,61,1,51
19,44,25,2,53,30,5,51,52,61,24,47,48,60,6,12,50,16,28,15,4,63,18,55,38,56,1,58,39,37,62,22,42,43,36,32,20,11,14,31,27,46,41,45,57,13,34,7,49,10,29,23,26,35,33,21,0,59,40,54,17,3,9,8
18,53,57,24,28,54,3,4,49,0,15,1,45,6,59,9,38,17,62,42,48,63,39,14,32,44,33,19,5,27,2,60,7,25,30,26,41,23,21,20,56,29,37,50,8,16,10,22,46,51,34,58,11,55,61,40,47,12,13,35,43,31,52,36
24,51,18,14,48,19,40,27,50,16,4,11,29,2,32,9,41,62,1,15,61,31,17,63,35,22,53,26,3,58,42,56,5,36,45,60,33,54,20,12,59,0,52,23,25,39,49,37,55,57,8,46,30,28,13,7,6,38,44,47,10,34,43,21
3,40,12,37,53,48,9,7,42,21,43,11,38,62,30,10,63,14,45,49,51,33,6,29,46,0,15,35,34,54,47,18,1,60,13,32,5,58,50,26,8,16,31,57,52,17,2,19,44,39,4,24,59,27,28,36,20,61,55,22,41,56,25,23
62,32,51,25,39,34,0,38,17,19,37,63,30,16,8,59,18,42,9,12,47,49,35,6,14,58,46,50,10,23,20,3,27,22,52,53,26,56,60,40,45,11,15,43,36,13,57,29,24,33,41,61,31,28,4,5,2,7,55,44,54,48,21,1
0,16,30,37,40,49,20,7,13,35,58,15,21,12,25,2,48,24,5,18,29,47,14,54,26,36,55,56,50,31,46,23,11,1,51,19,34,42,52,6,4,27,3,17,10,62,9,57,43,28,22,63,59,41,32,44,8,60,45,61,38,53,39,33
5,61,24,45,20,51,55,60,8,34,30,59,7,15,46,25,28,21,3,13,62,39,9,32,33,35,26,12,49,22,58,48,40,37,47,23,10,38,54,36,57,56,1,27,50,11,53,19,43,41,0,6,29,18,17,31,2,4,63,14,42,16,44,52
45,57,17,40,35,52,16,33,5,59,12,3,44,0,48,7,22,4,27,58,42,13,20,63,30,2,36,9,51,39,18,15,50,25,41,10,19,37,1,21,32,6,14,24,60,34,29,55,49,38,62,61,8,28,53,11,43,56,47,31,23,46,26,54
39,24,9,31,61,52,38,46,15,0,23,49,20,32,26,60,29,17,42,10,4,36,30,51,37,34,11,28,12,50,57,35,6,63,43,62,5,7,18,59,53,44,40,2,33,41,56,48,22,45,8,54,1,27,55,25,47,3,58,14,19,13,21,16
36,63,18,55,47,10,54,37,23,59,35,2,5,12,15,53,50,49,27,7,29,41,48,19,14,52,46,25,51,17,45,6,3,16,22,60,31,58,33,28,40,9,21,38,26,32,34,39,57,43,24,20,0,44,42,11,62,61,8,30,4,1,56,13
52,53,1,30,59,56,21,26,35,17,25,62,19,0,48,34,14,58,51,55,24,13,36,54,32,33,11,41,6,29,49,57,2,20,31,8,63,60,45,47,46,50,40,23,61,4,10,27,7,38,22,43,15,16,3,9,37,18,28,42,5,12,44,39
0,22,48,23,52,9,18,26,28,31,53,39,63,14,59,12,33,27,10,8,60,20,57,40,5,1,17,47,30,37,24,56,15,62,51,4,2,32,61,42,6,25,41,55,50,44,34,35,16,21,3,19,43,29,36,11,58,46,7,54,45,13,38,49
28,36,25,41,1,31,43,13,59,23,17,40,19,22,46,45,37,20,11,10,32,16,54,4,33,48,55,0,3,29,56,58,51,12,2,62,38,30,5,47,27,50,15,61,52,9,42,34,8,44,24,49,39,63,60,14,18,35,6,21,7,53,57,26
27,4,0,24,14,10,63,57,30,54,42,12,45,44,8,48,29,41,19,47,37,25,28,33,36,38,35,23,6,5,1,56,59,31,34,39,22,13,21,3,62,58,17,15,43,53,32,61,52,16,18,49,11,50,7,2,51,55,60,26,20,40,46,9
39,58,40,29,50,15,7,47,27,42,35,12,53,10,22,45,6,31,9,54,34,48,13,38,60,25,57,59,24,56,46,26,3,32,2,23,41,1,61,62,20,30,49,36,16,51,19,0,4,44,63,37,28,14,11,55,17,8,52,18,43,33,21,5
48,59,9,29,43,20,55,0,27,25,10,40,5,35,7,46,17,50,2,56,51,63,58,52,12,26,41,37,39,32,28,61,13,57,3,14,16,44,31,1,4,24,49,21,62,30,22,33,42,8,60,47,6,18,54,11,34,53,15,38,36,23,19,45
27,39,16,3,1,38,60,24,9,15,26,0,50,18,37,41,20,35,31,63,36,13,45,33,56,10,28,19,52,25,49,8,5,7,62,61,43,11,42,54,40,34,30,22,46,12,57,23,58,14,51,48,55,4,29,59,21,6,53,17,44,32,2,47
32,51,62,35,18,9,41,58,30,48,38,6,43,60,16,53,61,39,40,56,47,1,33,21,15,22,44,23,8,54,14,57,46,52,19,2,11,26,4,63,59,27,45,13,12,55,31,25,50,17,29,0,24,28,34,37,36,49,10,42,7,3,5,20
62,58,50,5,29,46,18,20,51,45,56,4,30,47,55,27,61,32,48,54,60,3,8,0,17,44,39,24,21,38,6,23,22,42,31,40,1,9,12,10,37,13,36,33,2,52,49,11,16,25,34,26,15,19,7,35,41,53,28,63,43,59,14,57
11,30,56,0,54,17,40,39,1,14,46,44,15,47,33,59,27,6,29,42,12,32,21,41,20,37,57,45,50,16,38,35,52,19,24,28,5,36,61,51,10,60,2,43,25,62,26,55,13,63,4,58,3,23,18,49,34,9,48,22,31,53,7,8
31,18,32,22,16,39,15,4,20,14,26,47,48,44,46,10,2,8,7,11,6,33,19,0,42,9,53,17,52,36,30,37,34,38,45,23,51,27,12,41,61,55,62,1,40,21,49,13,56,43,59,28,25,60,29,63,3,5,24,54,58,57,50,35
8,13,3,21,51,33,53,2,27,56,1,15,16,59,37,12,54,63,30,34,10,52,22,47,26,50,4,5,61,46,41,42,19,0,44,49,23,14,6,32,45,31,20,17,29,55,36,9,24,11,48,28,60,18,7,35,57,25,43,58,39,40,62,38
32,24,25,13,27,1,57,3,9,12,22,30,14,15,60,55,48,10,56,16,45,40,39,61,31,52,54,7,50,29,5,51,44,38,2,59,42,26,28,21,58,43,36,23,41,0,35,11,19,8,46,49,33,20,53,34,37,47,6,18,62,17,63,4
54,6,62,52,60,30,56,22,49,19,24,33,5,14,35,4,59,23,36,44,7,31,61,11,63,25,16,0,26,39,47,29,3,46,32,53,37,28,57,20,55,43,13,45,17,12,48,15,51,40,21,50,34,42,8,10,1,9,38,58,2,41,27,18
17,23,62,16,57,30,9,34,41,63,48,6,43,54,56,35,52,59,45,25,40,47,3,5,8,33,51,21,0,58,20,46,32,44,24,38,4,42,19,27,61,1,55,31,39,60,49,13,50,7,12,53,18,11,22,29,28,36,37,10,26,14,2,15
50,0,9,45,55,20,4,35,23,18,32,25,43,11,22,34,3,28,6,26,54,40,41,15,5,42,13,8,47,21,57,49,44,53,63,17,48,62,29,37,24,2,12,16,36,1,46,31,30,39,10,51,60,19,7,61,38,56,52,59,27,58,33,14
48,29,41,35,36,17,26,60,58,34,21,28,47,7,38,42,30,5,55,50,51,57,63,45,49,18,10,11,27,31,37,46,62,0,15,44,19,16,32,20,12,33,53,61,43,24,2,23,40,52,6,1,39,13,54,56,25,14,4,9,3,8,59,22
5,47,15,60,29,4,9,30,54,49,33,19,62,38,13,32,59,39,23,31,22,2,46,53,42,37,51,48,40,41,57,56,8,21,34,11,50,6,55,44,35,36,63,27,20,14,58,0,25,43,45,1,7,28,61,12,17,26,10,52,16,18,24,3
11,13,16,6,17,4,52,12,38,40,46,34,36,45,23,33,50,28,51,15,55,18,31,21,48,0,32,58,22,47,20,2,56,59,41,25,10,26,1,5,27,42,37,62,8,60,29,3,7,57,14,35,43,24,19,9,44,54,30,61,39,53,63,49
60,42,43,31,44,30,47,55,48,22,7,20,32,29,9,50,0,53,18,45,5,49,37,34,19,11,62,33,46,57,2,21,23,1,61,14,13,56,40,4,59,58,15,52,25,39,24,26,27,8,17,63,35,10,54,6,36,41,16,28,51,12,38,3
31,7,10,44,55,45,11,36,39,35,62,4,37,48,34,28,49,59,1,12,14,63,56,60,13,23,8,16,26,33,50,5,47,38,29,46,17,40,41,21,52,18,61,51,22,58,9,27,43,19,32,24,57,2,0,6,3,20,54,42,30,53,25,15
48,40,12,8,26,32,33,42,20,16,43,55,34,60,22,6,36,13,18,27,47,21,29,0,35,1,19,31,50,37,15,4,11,3,56,44,38,23,63,54,51,14,59,9,57,2,41,30,53,49,52,62,39,7,28,5,10,58,45,25,17,46,24,61
13,32,41,1,53,15,37,39,55,20,59,51,56,7,29,42,45,62,17,16,31,12,27,52,21,50,18,19,4,2,48,26,8,61,9,3,46,33,10,5,47,11,35,22,30,58,0,23,63,43,38,34,36,40,44,57,14,54,25,24,60,6,28,49
38,54,58,21,7,27,63,15,57,55,14,22,18,44,24,8,59,10,32,2,60,52,29,51,53,19,41,28,39,43,25,4,6,45,34,5,31,12,56,47,26,16,62,49,9,40,17,1,23,0,42,50,36,48,3,20,46,61,33,30,13,35,11,37
3,44,62,28,50,31,49,16,29,5,46,41,39,25,10,53,12,30,58,33,55,18,26,61,32,38,1,27,60,9,42,36,37,54,14,15,47,24,7,35,13,45,48,2,8,51,0,59,40,19,23,20,52,43,57,22,11,17,21,56,6,4,34,63
4,39,0,8,9,55,40,10,3,59,51,2,48,14,7,37,13,43,23,5,38,46,58,15,44,18,34,54,49,30,22,45,28,21,26,42,29,41,31,11,63,20,62,6,50,16,47,36,53,27,35,12,1,24,32,19,61,33,17,56,25,52,57,60
31,43,6,38,14,24,57,46,8,37,18,40,4,10,62,52,55,2,41,42,22,34,15,54,60,16,44,51,26,49,17,32,19,28,27,47,56,36,25,45,13,59,61,5,50,20,23,9,30,29,33,53,35,63,11,12,7,39,1,21,48,0,3,58
30,27,3,26,33,45,37,21,8,57,2,6,38,39,31,63,53,56,18,49,0,48,4,25,43,58,22,7,60,29,28,1,41,40,13,50,9,42,32,12,44,16,61,19,54,35,47,62,20,59,51,17,5,46,36,15,34,52,55,10,23,11,24,14
16,12,26,60,40,14,58,36,43,25,51,41,30,53,6,23,9,0,5,2,7,4,55,45,10,37,13,56,8,46,52,61,31,54,47,28,22,38,34,63,59,11,44,3,15,27,1,48,35,21,57,33,18,62,39,42,32,17,24,19,49,20,50,29
36,23,61,35,19,4,21,15,8,30,59,62,53,60,29,50,24,47,27,54,34,17,48,39,57,58,13,33,45,3,7,41,16,0,52,20,42,28,37,44,51,63,49,46,32,25,11,5,18,1,22,56,14,12,40,9,2,38,43,10,6,31,26,55
3,22,27,12,39,32,17,23,28,24,29,41,37,42,60,33,36,11,46,14,19,31,20,1,48,2,4,7,49,54,10,43,9,5,40,21,38,55,44,35,52,63,56,57,16,18,6,30,26,53,50,62,0,59,58,15,51,8,61,34,47,45,13,25
9,21,63,29,23,44,25,33,13,53,17,19,39,30,4,7,40,35,12,20,58,52,60,3,43,55,11,34,2,31,38,0,57,37,26,49,22,15,54,14,51,32,8,27,59,5,61,1,42,28,47,46,10,18,45,24,16,48,50,56,36,62,41,6
59,2,32,37,36,61,45,12,6,58,60,13,22,21,11,26,52,56,16,57,20,34,39,51,50,46,7,62,3,10,33,63,41,53,15,54,19,27,47,44,35,17,55,24,29,4,40,48,0,18,14,49,1,42,28,31,8,25,5,23,38,9,43,30
29,26,41,37,63,51,38,16,47,54,61,15,59,27,56,32,34,31,4,20,43,28,8,40,17,39,35,19,3,1,60,52,36,30,22,10,12,11,46,14,13,45,58,7,49,25,18,57,23,5,9,21,6,50,2,33,62,55,48,0,42,44,53,24
25,12,49,22,40,43,60,54,37,2,63,5,11,28,57,26,19,1,23,51,18,15,6,16,32,44,35,4,45,62,56,46,36,50,52,31,20,58,41,0,13,39,8,27,42,7,59,29,24,33,9,38,14,10,61,48,47,17,55,3,21,53,34,30
34,56,30,3,48,15,12,24,43,13,28,62,33,42,7,36,54,10,17,52,38,0,61,60,18,11,6,63,53,19,45,50,51,9,22,57,59,5,55,29,37,23,25,41,21,27,32,49,31,4,46,39,20,40,58,47,8,35,26,1,16,44,2,14
49,54,12,27,58,56,42,17,40,38,3,29,53,21,34,46,31,60,37,18,48,41,61,28,6,59,50,44,22,30,7,35,55,23,45,16,47,11,8,13,51,19,25,5,1,9,57,14,4,63,2,36,24,39,33,52,0,62,43,32,15,20,26,10
12,20,18,15,21,13,28,54,8,1,11,17,61,53,48,2,14,9,29,19,46,59,23,58,56,16,57,40,0,35,4,63,36,62,34,51,39,32,33,45,5,26,31,60,55,47,49,42,41,3,27,38,44,50,6,10,43,22,25,7,30,24,37,52
34,20,35,2,31,27,13,15,60,17,25,55,36,11,14,19,45,8,1,16,28,42,62,44,24,52,39,58,57,7,56,10,43,59,46,38,37,26,53,41,50,54,49,47,30,4,5,3,9,29,61,6,22,48,0,23,18,21,32,51,12,33,63,40
34,41,0,55,35,37,22,45,25,1,30,53,42,50,63,7,8,5,57,43,13,49,59,12,28,44,29,31,27,20,2,40,23,9,6,21,54,56,26,3,62,58,17,19,46,38,24,15,52,48,47,60,32,16,36,4,51,18,14,11,10,39,33,61
20,2,49,0,60,3,6,48,5,23,36,27,19,45,32,61,40,34,39,12,14,29,9,13,1,30,50,56,11,42,31,55,21,10,47,59,8,46,52,24,22,28,58,37,41,26,57,44,18,35,4,7,15,38,33,53,63,16,54,62,51,17,43,25
20,37,63,9,5,7,2,48,18,59,35,8,24,21,4,44,23,54,38,28,45,40,10,15,32,33,51,16,19,22,17,61,55,46,58,56,36,43,6,39,49,62,27,3,41,60,1,12,34,29,52,26,11,30,47,57,53,0,31,13,42,14,25,50
59,53,22,43,29,21,60,37,24,5,54,17,14,23,28,47,61,58,19,52,2,13,63,1,49,56,7,20,15,45,0,26,9,4,3,6,39,40,33,50,38,34,46,32,57,51,25,30,31,55,12,11,44,48,42,16,36,27,35,10,41,8,62,18
38,37,39,22,5,6,10,41,46,36,24,60,51,25,11,23,59,16,44,19,53,18,28,35,55,63,26,32,43,17,34,0,56,12,13,58,2,45,15,54,4,21,30,29,1,62,14,9,42,47,8,3,49,31,57,33,40,61,52,7,27,48,50,20
43,18,20,53,42,60,16,25,30,44,4,19,6,22,7,31,1,57,23,0,35,49,34,48,27,21,46,29,45,24,40,5,36,26,3,8,9,10,63,2,55,59,47,52,61,56,28,38,39,62,13,14,37,58,11,51,54,41,32,17,15,12,33,50
28,55,51,50,34,42,39,54,33,41,30,4,40,14,57,20,43,47,15,59,19,32,38,23,48,60,10,52,35,13,9,36,24,17,0,58,37,63,6,46,16,11,2,44,22,53,27,18,62,26,29,61,49,3,56,31,21,12,7,45,1,8,25,5
60,13,9,31,15,29,28,12,7,22,51,6,34,57,24,38,26,43,42,5,33,27,63,48,53,49,17,18,36,52,20,39,11,40,62,3,50,46,47,59,14,0,37,54,21,16,30,10,19,56,25,8,61,1,23,45,44,2,32,58,35,41,55,4
48,12,20,52,43,21,18,60,61,16,34,51,24,56,41,58,2,9,46,28,63,44,31,39,27,3,62,38,36,35,50,33,45,1,26,47,32,17,13,11,23,0,40,22,8,19,30,49,7,10,54,29,55,42,6,37,4,14,25,59,57,15,53,5
38,11,18,45,55,20,48,0,47,39,60,37,43,63,56,36,19,14,42,54,34,28,15,26,31,23,27,4,24,51,52,25,44,16,59,2,58,46,53,49,12,41,17,3,21,7,40,1,57,9,29,22,32,33,10,62,5,35,50,30,61,13,8,6
41,42,1,8,19,5,9,46,32,22,48,26,13,47,36,61,30,23,44,24,63,4,27,33,62,38,57,17,31,49,10,52,43,25,2,50,58,0,34,20,6,21,51,7,3,40,56,11,37,16,59,28,35,53,54,39,15,14,12,45,18,29,55,60
14,20,3,31,51,39,56,9,27,21,5,12,32,25,58,23,30,7,40,38,22,8,1,18,33,47,53,49,37,57,41,28,59,19,24,17,13,36,26,29,10,11,55,62,44,61,63,0,48,4,35,45,2,16,43,50,54,42,52,6,34,15,60,46
22,8,47,42,17,40,29,21,16,9,27,34,1,15,55,61,35,28,4,5,6,58,46,19,30,59,18,25,53,20,10,48,38,14,26,41,54,36,43,56,3,7,32,62,60,31,24,45,13,57,49,44,63,23,12,11,51,50,39,2,0,52,37,33
10,9,36,49,62,12,16,54,40,55,24,4,41,52,0,25,14,59,45,20,56,6,22,7,19,18,39,47,63,30,32,43,23,57,48,37,51,21,46,28,60,33,58,44,27,13,1,31,34,29,38,2,26,15,3,61,50,5,42,53,17,8,35,11
11,61,10,49,31,54,37,38,46,50,2,15,39,58,26,22,35,20,36,1,9,27,28,42,12,8,0,51,56,44,40,45,60,24,33,43,16,21,53,19,3,59,18,5,63,32,48,23,14,34,25,52,57,62,17,7,30,13,47,6,41,4,55,29
11,28,32,25,5,29,60,47,59,14,2,24,0,9,23,63,33,34,48,51,55,50,57,15,45,22,44,56,10,62,30,6,54,1,12,27,49,38,36,58,41,18,46,39,19,7,40,31,43,16,42,20,52,4,35,17,26,8,61,37,21,3,53,13
45,43,8,50,41,23,2,1,61,19,22,51,55,10,26,17,57,27,13,25,56,48,11,36,29,54,0,35,59,63,47,53,34,42,24,31,46,62,52,58,12,30,39,49,7,32,28,5,38,6,44,18,20,15,9,21,37,40,14,4,3,60,33,16
56,33,44,30,16,9,29,3,43,51,48,22,21,7,10,14,13,62,61,17,20,53,47,18,25,1,58,15,50,52,40,8,60,45,49,26,11,59,54,36,6,32,19,38,63,31,46,34,2,23,42,27,28,41,24,39,55,12,57,4,0,5,35,37
30,15,17,22,20,8,13,44,55,45,46,27,40,54,2,56,47,39,58,34,51,19,5,60,14,53,26,9,50,0,49,57,32,59,41,7,42,36,24,4,11,35,62,16,29,37,43,18,10,6,23,31,25,38,1,61,12,48,28,3,52,21,33,63
9,24,27,32,37,46,34,22,62,15,48,51,30,8,55,17,7,38,13,18,14,6,53,63,49,16,4,12,56,19,54,25,33,0,21,20,36,47,42,39,59,23,35,45,1,52,29,50,28,58,31,10,26,43,40,3,41,57,60,11,2,5,44,61
33,20,59,25,19,26,12,0,44,35,48,36,29,32,7,28,23,4,62,11,51,45,16,63,22,15,53,58,10,56,5,3,49,37,13,38,42,2,40,60,9,46,54,6,8,31,27,41,43,1,50,17,39,55,52,18,34,21,30,61,24,57,47,14
18,25,6,58,62,41,27,37,14,61,20,36,0,45,22,46,1,33,56,11,29,60,24,19,26,49,31,23,55,34,50,4,3,38,53,54,48,44,12,2,47,39,32,35,51,57,21,63,7,52,17,8,10,13,40,43,28,9,5,16,15,59,30,42
41,5,17,21,6,62,27,50,33,1,55,3,57,43,30,36,58,13,49,45,20,14,46,39,16,32,38,52,31,11,35,4,2,10,61,15,7,48,22,9,51,47,8,63,56,59,18,25,60,0,34,24,40,26,37,23,29,44,12,28,54,19,53,42
8,7,23,57,54,11,27,9,16,33,47,63,55,17,29,50,15,31,25,56,6,59,28,21,20,39,13,42,22,0,35,53,38,36,37,48,51,43,41,62,26,12,2,44,32,19,14,49,58,24,61,5,45,40,60,30,34,46,52,18,10,4,1,3
50,52,55,36,27,28,38,40,12,46,54,9,63,53,47,42,13,6,31,48,3,16,34,58,2,45,59,35,25,14,0,1,33,10,5,21,44,22,24,41,17,15,29,60,19,57,26,43,61,8,30,11,32,56,39,20,4,18,23,49,7,37,62,51
15,49,13,23,7,38,54,11,19,48,4,59,51,14,34,25,28,63,50,41,42,12,53,61,10,39,45,36,3,6,21,9,62,33,56,46,60,18,40,2,22,47,31,58,52,43,16,44,35,0,57,32,5,27,37,26,1,20,8,30,55,24,17,29
3,41,20,49,53,27,9,18,7,52,48,23,54,11,34,6,45,4,44,16,60,24,14,56,8,58,38,31,47,63,32,40,12,21,15,59,17,61,28,62,46,19,0,50,43,22,36,37,39,25,35,30,26,29,5,10,55,33,2,13,1,42,51,57
1,36,4,31,25,7,32,62,54,51,33,21,15,50,22,14,13,23,41,24,56,8,34,45,20,9,5,52,42,38,40,30,48,16,17,47,2,3,63,10,57,55,44,26,6,49,59,53,37,61,39,29,12,43,27,60,19,58,46,28,11,0,18,35
61,3,35,10,54,29,32,28,47,5,34,11,57,2,48,38,63,0,13,20,59,6,31,1,24,7,60,14,62,17,41,43,19,21,30,8,53,12,36,33,16,39,25,58,56,50,23,52,4,55,18,42,44,27,9,22,37,15,51,46,26,45,40,49
60,48,57,7,38,52,21,30,5,49,14,35,53,22,36,2,6,8,1,10,4,25,11,34,37,31,47,9,44,3,33,32,46,29,13,19,45,27,15,20,18,63,24,12,43,28,41,62,50,51,56,58,54,23,55,61,42,40,17,59,39,16,26,0
49,6,41,37,19,45,17,5,39,15,20,16,2,9,8,14,29,1,58,60,50,26,62,27,44,59,40,38,11,47,54,12,33,56,57,31,22,24,18,61,53,0,43,46,25,63,10,52,13,36,34,35,55,7,3,42,30,32,28,23,48,4,51,21
59,25,37,54,33,4,17,3,57,14,53,24,50,56,16,47,18,29,21,46,11,36,43,49,38,13,19,20,22,28,51,7,2,62,31,60,40,44,26,34,48,39,58,55,6,45,23,10,12,61,30,5,8,41,15,1,52,63,32,35,42,27,9,0
23,5,29,19,35,22,13,10,11,34,32,1,58,38,24,7,45,52,36,49,59,44,50,55,48,6,63,43,4,20,60,14,8,18,25,51,15,40,42,53,21,26,30,54,12,46,3,28,17,61,47,9,0,31,2,27,37,39,62,41,56,16,57,33
36,31,5,1,41,49,46,35,32,18,58,7,22,6,44,40,50,16,47,63,11,23,37,8,62,43,38,56,61,0,15,39,20,45,9,57,53,24,14,26,51,17,25,19,54,10,29,55,52,60,21,2,12,27,3,59,28,4,34,33,48,30,13,42
51,40,29,12,43,2,5,54,9,30,63,11,28,27,60,32,45,56,36,1,46,44,62,15,34,0,3,4,16,42,10,33,26,35,49,48,23,61,47,7,41,21,31,53,19,8,24,50,6,59,38,13,14,20,55,22,58,39,37,18,25,57,52,17
26,28,5,27,62,51,15,18,38,0,29,36,41,40,42,60,47,16,54,19,1,59,50,61,45,53,46,8,22,57,13,17,31,7,33,34,43,48,20,14,9,21,44,30,6,23,58,56,24,49,52,55,25,11,37,3,4,63,12,39,10,35,2,32
6,34,28,40,44,49,33,54,53,37,48,23,4,52,20,35,13,17,15,7,18,59,3,16,47,36,41,24,60,58,30,19,39,12,32,1,61,38,51,25,27,14,62,57,31,46,11,63,56,10,29,9,8,21,50,5,43,2,45,0,42,22,55,26
21,1,36,63,44,19,16,5,59,51,25,33,11,48,29,17,3,27,0,22,30,9,8,23,20,34,24,38,58,55,32,14,10,26,60,13,7,49,50,35,39,54,52,18,12,62,4,47,6,41,56,43,46,28,37,15,40,57,61,31,42,45,2,53
44,11,21,14,33,10,6,56,12,0,50,3,38,45,5,61,20,8,36,4,41,46,63,49,47,18,35,54,62,59,13,24,17,43,1,28,2,42,32,53,15,58,7,55,26,22,19,16,39,37,25,30,57,40,23,31,60,34,27,48,29,51,9,52
62,52,56,43,14,36,53,28,30,7,6,33,5,27,18,26,1,16,46,0,11,42,4,22,34,57,37,2,54,25,40,17,50,48,21,29,51,61,19,55,8,59,44,58,35,13,23,10,45,20,41,32,9,12,38,49,39,60,3,15,63,24,31,47
29,53,45,30,60,54,57,26,19,25,9,56,2,39,44,8,49,4,0,1,37,11,59,15,38,34,7,10,51,22,18,55,3,42,33,35,20,27,6,13,24,61,36,48,50,5,47,14,32,17,31,63,40,62,58,16,41,23,12,43,21,52,28,46
45,41,57,21,35,9,38,55,63,44,6,34,19,2,48,24,30,8,29,50,23,49,18,1,54,27,39,43,22,10,62,15,46,52,14,51,17,31,33,60,20,12,37,0,7,40,13,47,59,36,61,26,56,58,32,3,53,5,11,42,25,16,28,4
58,32,3,25,7,17,42,23,9,56,59,20,55,41,16,4,12,50,53,57,46,52,44,38,63,34,31,49,29,19,14,39,13,54,30,48,47,18,10,2,22,5,24,6,15,36,28,1,33,51,60,35,27,8,21,11,45,26,37,0,43,62,61,40
49,54,13,16,10,20,63,53,37,43,55,52,21,32,42,15,12,33,60,34,17,50,58,56,40,25,29,22,48,6,26,62,41,1,35,2,5,36,3,14,44,30,45,19,18,9,27,23,24,4,7,51,39,47,11,61,31,46,57,0,28,38,59,8
30,13,17,24,49,28,2,22,52,36,21,54,11,6,14,3,41,47,10,4,34,7,5,55,18,26,20,53,38,44,23,9,8,16,51,58,37,42,56,27,35,33,45,39,61,60,31,43,12,62,19,40,59,15,29,25,57,50,1,0,32,46,63,48
14,0,35,20,45,44,42,62,16,25,11,4,26,52,48,49,29,57,15,31,59,38,60,12,34,50,1,5,27,23,6,10,63,46,7,41,9,55,61,47,18,56,30,53,33,8,36,39,32,3,13,19,58,37,40,51,24,17,43,54,28,22,2,21
1,9,11,31,22,45,30,54,26,34,39,60,20,63,15,27,17,48,29,18,16,44,24,57,61,33,21,56,40,32,3,35,25,10,47,41,6,7,0,42,28,12,53,23,8,4,14,51,43,50,62,49,46,37,19,55,36,52,2,5,13,58,59,38
32,8,48,54,28,14,36,12,6,20,43,61,42,37,33,27,46,17,0,15,44,47,57,3,55,21,39,16,10,62,60,25,29,30,18,45,51,11,19,41,58,38,24,5,31,26,52,50,9,1,34,13,63,49,40,22,56,4,7,35,2,23,59,53
23,46,54,31,32,25,22,24,28,41,57,34,26,4,44,39,0,7,29,42,21,60,56,8,58,53,27,2,37,50,47,12,40,61,15,48,19,51,36,63,5,62,1,43,55,49,13,52,16,59,38,17,9,18,45,20,3,33,35,14,6,11,10,30
46,19,54,26,63,61,17,31,56,58,1,47,42,44,16,45,5,35,14,36,48,15,28,10,57,22,59,20,38,43,2,53,30,4,11,25,21,52,33,34,6,37,13,62,49,55,3,29,0,39,9,41,27,12,24,32,51,7,60,40,18,50,23,8
55,25,21,18,6,15,33,30,36,39,9,8,62,40,53,12,59,13,32,47,49,44,31,58,10,19,37,5,16,22,54,26,61,1,28,38,43,56,50,20,42,2,41,51,52,45,11,23,34,57,4,27,60,46,63,29,48,0,24,7,3,35,14,17
32,25,2,21,34,30,42,35,40,16,15,41,51,20,4,58,28,10,24,3,49,54,18,12,53,37,39,36,1,8,0,23,6,9,7,17,14,60,22,46,43,29,48,13,61,27,62,52,57,50,59,33,19,47,5,44,63,56,38,26,55,11,31,45
43,16,20,9,18,25,46,7,42,1,40,33,59,5,54,23,27,62,36,60,13,3,61,44,8,58,32,12,41,31,57,63,56,2,28,4,52,34,17,22,29,49,6,55,35,48,10,19,24,39,26,15,11,38,14,51,50,53,21,47,37,45,0,30
46,5,56,16,15,28,4,41,24,44,51,33,61,50,35,48,2,17,8,32,42,49,40,54,55,53,38,47,30,14,52,12,13,36,18,3,26,6,43,59,19,60,58,39,22,34,21,11,20,29,62,31,63,10,0,45,7,1,25,37,9,27,23,57
17,55,30,29,10,44,57,53,61,50,63,0,26,47,40,58,4,18,11,21,49,28,46,52,20,12,1,6,9,35,23,41,36,42,5,24,54,39,62,25,37,7,43,16,45,22,19,15,48,2,31,27,38,34,33,3,59,56,60,51,32,8,13,14
3,25,47,2,39,52,35,38,45,57,37,19,5,12,28,9,26,1,36,6,7,21,43,61,54,62,41,14,60,44,0,20,22,59,11,40,31,27,24,58,55,56,4,33,17,49,8,46,15,23,18,29,34,13,42,32,51,53,48,30,63,16,10,50
60,56,45,4,6,3,16,20,13,44,63,36,59,52,24,27,26,30,43,62,0,33,21,34,49,57,7,37,50,23,25,29,46,11,17,51,39,10,38,18,31,14,12,35,48,19,5,9,53,1,8,32,61,55,58,47,15,40,54,22,41,2,42,28
2,19,22,29,33,38,11,32,14,7,60,16,63,37,8,34,59,17,55,58,35,10,41,54,48,23,3,57,15,6,21,46,28,30,0,27,50,20,53,18,52,47,43,45,24,51,31,12,39,49,44,61,1,62,26,9,36,25,40,4,56,42,13,5
28,14,8,51,57,4,45,16,6,56,13,18,36,11,20,47,49,31,52,30,12,33,2,5,7,10,42,38,9,17,62,1,53,19,48,60,50,46,43,34,0,63,55,21,59,22,35,15,37,58,40,24,3,41,23,61,29,25,44,54,32,26,27,39
36,6,62,49,53,52,0,10,46,26,58,47,23,3,63,45,60,43,59,38,29,21,9,54,16,42,17,51,2,8,57,28,22,5,19,14,48,44,41,20,31,15,55,30,40,50,11,39,7,61,25,35,18,13,4,37,33,34,27,12,32,24,56,1
10,58,56,32,47,25,20,21,54,30,11,52,16,4,22,14,31,53,17,48,43,33,57,19,18,44,7,34,8,27,40,26,55,23,5,13,9,29,39,28,60,45,36,51,42,24,49,3,15,12,50,2,6,1,41,59,61,62,63,35,46,0,37,38
30,41,49,58,15,21,14,13,59,37,33,18,39,40,19,63,12,27,10,46,50,26,7,1,31,55,52,48,20,43,8,38,47,45,36,32,22,24,29,62,53,44,16,57,60,35,17,28,6,5,51,25,54,3,56,9,23,42,11,4,0,34,2,61
11,29,3,18,5,50,21,23,57,62,43,55,14,44,7,59,24,36,20,48,53,31,16,25,13,28,19,32,60,37,40,22,10,33,34,47,12,41,9,30,8,45,26,58,39,15,54,38,56,52,51,0,17,1,2,42,35,49,63,61,27,4,46,6
35,9,61,19,30,17,21,37,49,62,60,53,41,14,18,44,13,48,38,40,55,28,23,56,1,27,42,20,15,54,3,7,16,34,32,51,5,2,0,63,59,12,57,45,22,58,4,52,50,46,6,24,36,29,11,25,10,8,33,39,47,31,43,26
2,39,14,47,11,8,4,33,7,57,41,19,44,20,12,24,27,31,43,0,25,13,35,29,15,34,26,60,56,50,3,17,18,62,30,10,58,1,59,22,48,46,45,38,40,6,36,52,51,54,37,32,53,42,28,9,55,23,49,21,5,61,63,16
51,43,63,2,16,20,61,44,34,10,8,38,39,60,15,36,27,21,24,13,12,48,3,37,5,17,28,42,40,33,32,55,29,6,31,54,47,56,50,14,53,4,46,49,1,41,22,58,19,62,23,59,7,0,9,25,26,35,57,18,11,30,52,45
45,35,60,28,49,63,40,59,21,57,50,47,1,25,2,61,5,42,12,46,6,37,23,17,38,51,44,24,15,22,0,20,52,56,55,53,10,27,32,3,34,29,36,8,16,19,18,48,13,54,30,26,33,58,43,31,11,9,39,62,41,14,7,4
26,38,40,27,43,29,2,55,42,36,15,37,50,19,18,6,34,11,13,54,61,33,39,10,21,46,31,48,63,30,58,53,0,32,60,47,8,35,22,52,25,23,9,14,7,1,41,17,20,12,28,44,4,16,45,49,3,51,57,62,5,24,56,59
5,10,12,14,41,7,9,28,1,56,15,19,22,43,40,13,55,16,57,0,6,51,25,37,39,30,38,46,61,49,27,52,59,2,33,54,53,3,58,26,24,34,62,36,32,4,11,44,8,63,45,50,31,47,35,23,42,18,20,17,29,60,48,21
44,27,3,24,46,28,47,11,15,37,48,57,33,58,7,62,2,32,13,49,1,53,63,31,10,16,34,22,60,51,42,18,17,30,39,9,19,14,23,5,56,50,20,12,54,43,36,25,29,26,52,40,55,21,61,8,4,45,35,6,41,38,59,0
62,54,58,47,4,52,15,16,20,55,44,36,17,13,59,1,60,39,56,19,26,29,46,24,2,37,40,6,31,48,53,43,30,5,42,7,3,27,63,38,12,9,14,22,45,57,21,50,41,0,35,61,49,51,11,34,8,10,18,23,33,25,28,32
39,6,30,38,50,56,10,16,8,29,49,20,58,18,62,33,34,31,14,41,43,40,11,15,5,51,32,25,60,9,4,42,59,53,0,47,17,23,54,1,61,45,19,13,46,28,52,3,24,37,22,26,35,55,63,12,48,27,7,57,2,44,36,21
22,57,45,21,16,11,3,32,9,28,15,20,51,62,6,55,14,4,54,58,36,5,46,53,47,60,37,0,40,2,27,10,50,25,63,61,30,59,7,33,31,23,1,49,34,42,26,56,41,48,24,18,19,12,38,44,8,43,39,13,35,29,52,17
2,63,8,57,23,35,46,43,27,0,53,61,10,50,58,29,56,16,60,9,41,44,28,47,32,5,30,3,39,13,7,22,37,36,26,4,18,49,11,15,45,17,24,33,1,31,42,48,19,51,25,21,55,20,54,62,52,14,40,34,38,59,6,12
47,56,5,63,21,43,36,34,11,58,8,3,27,12,39,32,26,60,55,14,19,7,31,2,46,18,4,45,22,48,57,49,25,50,28,29,59,33,15,6,54,41,1,17,30,35,38,0,44,20,42,52,13,62,24,40,61,9,53,51,10,16,23,37
44,40,55,33,7,45,14,63,47,34,5,2,21,15,6,58,23,49,28,8,31,36,19,38,16,39,3,24,4,12,43,56,41,9,13,1,32,52,17,0,11,48,59,57,37,26,10,18,42,22,27,62,54,25,53,29,61,60,20,35,30,50,51,46
8,6,35,44,53,38,2,51,5,16,36,10,24,45,42,56,60,57,1,29,55,14,33,52,50,4,47,49,18,43,9,12,13,40,48,15,58,32,3,0,46,11,20,28,21,62,59,37,23,61,26,27,54,39,7,63,31,30,22,34,25,41,19,17
23,44,46,21,2,15,41,53,57,20,60,32,3,54,7,62,6,0,18,11,16,58,45,4,49,10,52,61,48,12,35,30,36,37,55,31,40,29,13,51,24,33,47,28,39,25,38,56,22,63,19,43,5,9,8,27,14,26,42,1,59,50,17,34
8,24,48,20,14,49,34,4,21,50,22,27,18,11,7,31,52,13,35,60,57,9,5,33,56,16,39,42,0,29,26,53,38,62,23,63,41,46,54,51,44,12,58,40,10,59,17,61,3,2,19,36,15,6,45,32,1,55,37,25,47,28,43,30
42,48,36,21,52,39,50,4,26,53,17,11,33,19,22,16,28,32,54,3,13,40,57,46,6,24,2,38,55,37,31,63,29,27,30,35,45,23,1,18,8,47,43,10,41,59,34,44,25,15,9,51,14,5,62,49,56,61,58,20,0,7,60,12
2,57,7,40,51,3,46,29,21,35,17,32,13,30,58,55,24,9,18,22,8,59,41,28,43,47,42,44,53,16,48,63,12,4,10,11,15,38,6,26,5,25,37,62,1,52,49,54,19,61,56,60,36,27,0,45,39,23,34,33,14,31,50,20
51,55,21,59,42,24,12,28,27,58,3,13,54,9,1,29,32,11,50,61,41,25,20,35,17,0,36,26,14,4,19,62,23,48,63,31,2,57,38,49,40,47,52,37,34,22,8,6,45,33,53,18,30,16,7,39,10,44,5,60,43,56,46,15
59,13,8,29,47,44,12,49,34,2,43,18,14,19,38,21,35,51,7,52,39,26,40,11,20,28,50,36,60,23,25,5,33,16,1,3,58,41,30,15,42,6,24,62,0,4,63,48,37,61,32,55,45,53,9,31,46,17,54,10,57,22,27,56
0,59,26,35,54,58,53,14,51,32,50,36,25,29,37,44,38,3,22,52,5,61,45,11,24,33,10,16,2,9,28,15,12,40,55,49,21,47,17,20,6,19,62,7,13,39,23,34,60,41,18,46,30,42,57,27,1,63,31,4,43,8,56,48
34,56,32,21,57,44,10,11,7,4,29,16,52,27,22,1,50,58,28,18,42,48,36,46,63,55,33,37,62,2,60,31,5,26,35,39,38,59,19,61,49,9,30,12,20,3,51,17,8,14,54,43,41,53,23,15,24,13,6,45,40,0,25,47
39,28,22,14,37,4,47,62,32,59,45,58,11,42,31,55,0,24,16,7,44,25,60,57,30,53,15,49,38,40,50,43,34,13,18,1,26,10,51,52,56,46,8,36,63,61,41,19,3,5,21,9,23,2,48,12,17,35,54,6,29,33,20,27
28,59,52,63,2,47,35,34,55,27,46,25,37,19,57,30,15,24,40,39,51,18,53,38,43,45,6,54,10,62,4,5,31,11,36,42,60,29,22,61,48,16,58,14,26,8,20,3,9,17,0,23,21,7,1,41,49,12,32,44,33,13,50,56
51,25,11,9,62,45,10,13,53,16,33,3,54,58,8,15,41,21,6,28,50,63,61,48,18,14,20,46,22,36,37,2,43,42,39,26,5,7,1,30,38,35,34,29,57,24,40,32,55,19,17,49,4,56,0,47,31,59,52,44,12,27,23,60
24,60,12,38,36,8,40,56,19,7,10,51,21,18,29,63,43,52,32,54,30,62,5,44,16,4,61,53,59,15,58,17,48,47,57,25,50,14,46,42,9,37,34,31,55,13,2,3,1,20,11,49,27,41,0,26,28,22,35,23,39,6,45,33
1,8,22,51,37,44,2,18,12,56,62,35,19,3,52,15,5,48,43,38,17,13,33,34,27,23,60,59,32,0,16,10,40,57,46,50,20,55,25,26,63,42,49,54,45,41,36,6,39,4,47,58,9,11,31,29,30,53,61,14,7,24,28,21
32,20,18,61,62,51,2,25,35,15,19,12,39,4,58,3,31,16,29,34,45,37,7,48,17,28,0,23,10,56,40,52,57,54,59,38,27,50,41,6,36,47,8,44,55,26,22,42,49,46,43,14,1,63,13,24,5,9,53,33,11,30,21,60
51,43,25,40,14,52,58,44,15,1,34,21,46,4,29,39,0,42,56,63,13,57,19,20,7,53,5,37,33,28,61,54,35,36,6,48,26,23,50,11,59,49,16,18,10,47,38,3,62,8,45,41,27,24,31,2,17,60,9,32,55,22,12,30
21,20,56,39,53,54,45,43,41,17,3,30,4,47,32,62,37,35,34,16,55,52,12,0,46,48,25,26,60,24,33,11,61,50,5,63,22,1,9,13,49,51,59,27,6,28,38,40,19,31,57,2,42,44,18,36,15,14,29,58,23,8,10,7
63,55,26,24,2,44,61,35,58,22,15,17,43,54,56,14,5,57,42,12,28,51,31,32,1,62,52,53,13,4,8,46,11,30,41,0,59,10,48,27,40,18,60,50,23,29,33,3,21,6,45,19,9,38,47,34,16,7,39,37,49,36,25,20
42,28,60,20,23,54,62,10,43,17,61,27,57,39,9,3,14,22,50,8,12,30,47,13,52,2,45,5,15,29,46,33,40,55,21,35,1,4,19,26,34,53,36,63,56,38,0,6,41,49,18,48,25,7,24,16,51,58,37,44,31,59,32,11
44,2,33,42,45,11,39,29,15,4,50,13,12,7,38,52,20,59,58,49,22,46,32,53,30,1,43,18,55,63,36,17,25,40,9,10,23,47,16,35,31,5,56,19,27,60,48,61,8,24,57,26,21,6,41,62,14,37,54,51,34,3,28,0
16,30,63,7,42,2,47,28,6,29,3,54,44,43,25,13,14,34,27,33,23,37,50,5,21,8,1,0,36,19,10,51,22,32,40,61,24,56,11,20,45,18,26,49,41,39,4,12,55,48,58,53,59,46,38,52,57,9,17,31,62,15,60,35
61,38,17,1,60,18,52,2,24,46,26,55,45,58,56,30,48,27,37,40,9,57,12,53,22,51,32,59,47,20,39,5,44,31,34,10,28,35,21,3,41,62,8,16,25,43,63,36,4,54,11,49,0,42,29,33,7,14,50,15,6,19,13,23
14,10,48,13,8,62,33,20,17,18,32,4,19,35,34,24,60,63,31,54,7,52,0,56,28,44,22,6,47,5,21,53,40,36,12,49,59,38,43,42,16,50,58,51,39,61,29,26,37,45,1,15,27,9,3,57,30,23,11,55,46,2,25,41
57,46,30,59,25,27,50,14,55,31,42,16,37,11,56,36,3,39,47,4,21,33,58,45,44,8,40,2,41,12,61,23,28,34,19,15,17,53,26,32,52,10,24,22,20,18,38,54,1,29,49,63,51,6,5,13,9,48,60,62,7,0,43,35
54,28,23,60,14,26,13,46,49,1,35,40,15,21,57,50,56,44,62,38,52,27,36,51,6,25,32,63,34,45,61,30,42,17,0,31,33,12,16,8,18,58,7,24,43,22,53,4,47,3,11,41,48,59,9,5,2,39,29,55,37,19,20,10
3,5,50,17,24,8,58,63,15,40,45,23,13,47,10,32,34,9,60,48,56,30,31,62,46,6,0,35,2,18,54,37,52,49,7,25,28,43,11,21,4,39,20,41,26,33,14,38,29,16,19,36,59,61,27,53,44,51,42,55,57,1,22,12
48,18,6,21,28,52,63,20,16,8,13,0,17,33,5,39,4,47,29,7,44,14,51,3,40,37,25,55,54,42,26,49,11,58,41,34,9,10,61,24,27,2,31,60,35,43,30,45,23,15,57,38,36,59,62,50,32,53,46,56,22,1,19,12
32,49,3,5,18,15,46,2,13,19,39,36,44,63,40,62,60,41,21,27,52,24,33,28,55,20,51,34,14,0,29,22,1,61,43,10,31,26,48,6,12,8,9,50,59,11,25,57,30,58,37,56,45,16,38,53,54,42,35,17,4,7,47,23
26,0,20,29,51,15,58,14,55,27,34,37,45,1,49,12,46,57,59,17,13,63,25,10,62,5,39,33,35,61,7,50,6,4,28,38,36,21,8,23,41,32,9,22,11,2,18,16,3,30,42,53,56,24,60,40,31,47,43,19,44,52,54,48
5,48,13,12,62,8,23,10,16,56,4,30,24,3,49,40,57,22,31,59,14,41,9,38,37,33,26,50,36,6,52,58,18,45,25,42,1,54,27,60,63,53,28,11,51,46,21,19,0,34,7,15,55,17,43,61,35,47,29,2,20,32,39,44
41,24,14,48,7,42,47,22,34,49,4,17,35,43,59,21,56,27,19,32,57,25,46,16,61,51,54,9,53,11,37,0,3,60,62,55,52,44,26,18,33,8,45,13,38,23,15,6,58,20,12,50,40,30,29,1,10,28,36,63,39,2,31,5
43,36,25,6,58,0,29,24,30,53,56,38,61,3,8,27,10,51,33,42,32,50,47,46,28,23,59,13,41,21,7,26,19,60,4,12,35,48,5,16,39,31,14,45,52,1,11,9,62,54,20,63,40,2,18,15,55,37,49,17,22,44,34,57
11,9,62,6,45,48,49,12,38,27,37,26,57,40,59,3,60,1,56,16,46,31,54,29,13,43,14,8,61,19,52,63,51,18,2,15,35,39,34,22,53,20,55,5,10,28,23,47,7,44,50,17,42,30,0,4,41,21,25,24,32,36,58,33
15,26,48,63,43,38,6,18,14,57,47,55,29,32,17,61,16,54,41,23,3,22,5,9,10,27,45,60,4,30,31,46,59,56,62,37,58,42,25,34,24,49,0,40,11,2,50,13,33,35,8,12,21,36,51,7,19,20,1,44,53,52,28,39
28,39,25,40,7,1,50,10,30,24,33,48,27,35,43,51,11,60,44,37,54,63,26,29,19,61,46,38,62,42,2,4,3,31,36,56,18,23,16,53,52,45,5,47,59,57,6,22,9,15,49,41,34,13,12,58,55,20,32,0,17,14,21,8
28,36,53,42,59,29,38,54,44,23,13,21,30,5,24,8,40,57,39,4,47,14,20,33,2,43,32,52,41,31,16,34,11,1,37,19,0,55,58,7,51,62,22,35,12,3,50,45,48,18,56,61,63,6,15,17,9,46,27,26,60,10,49,25
24,62,44,11,60,1,42,41,20,18,63,31,55,10,39,22,37,45,12,38,27,25,21,26,53,32,13,61,59,47,54,34,14,16,46,51,30,5,40,28,23,9,15,29,35,57,33,7,58,48,19,52,50,17,3,2,43,56,0,8,6,4,49,36
37,10,35,5,19,11,23,38,12,22,61,63,48,58,15,43,33,46,14,55,27,44,28,2,20,29,32,6,54,3,50,39,60,13,47,0,18,16,62,49,4,36,52,53,45,8,31,24,51,56,7,30,57,41,17,21,34,26,59,25,40,42,9,1
32,22,6,7,52,45,18,55,63,14,47,2,3,5,15,12,57,20,41,54,58,8,0,9,35,11,30,62,26,46,29,28,53,24,56,31,59,4,42,34,39,27,21,51,16,40,43,19,36,38,13,10,61,33,60,44,50,49,48,37,17,1,25,23
27,49,11,21,41,25,15,23,22,2,56,38,47,28,19,31,18,61,0,36,30,29,45,9,8,20,13,55,33,46,59,48,42,60,58,3,4,54,5,34,32,37,40,7,1,50,24,57,14,63,6,35,44,53,16,52,26,62,10,12,17,39,51,43
36,15,21,23,51,37,12,24,54,28,53,47,13,30,38,9,32,14,39,29,40,49,27,46,5,19,48,20,43,34,45,44,0,63,2,31,35,17,33,41,57,26,7,22,4,25,60,50,56,59,55,58,6,1,3,62,8,42,16,52,61,10,18,11
52,0,38,30,49,36,51,10,40,24,57,61,54,11,6,28,7,1,20,4,62,21,45,14,42,60,3,37,33,50,2,31,58,29,63,56,12,59,48,19,16,5,32,41,43,25,53,8,15,39,34,35,9,13,18,46,23,17,22,27,26,55,44,47
25,29,49,12,61,36,39,4,37,10,3,15,27,17,23,16,13,55,51,54,50,40,59,38,47,20,44,32,6,46,7,48,22,56,2,53,60,24,14,62,33,11,26,43,57,18,28,1,41,34,58,30,19,0,31,21,8,45,35,52,42,9,5,63
24,62,27,51,18,16,34,0,52,3,36,2,6,42,12,49,38,46,45,56,53,47,7,21,33,9,25,23,13,29,10,55,19,54,59,4,63,50,5,28,61,30,60,1,35,57,32,14,20,58,39,31,41,15,8,17,22,44,43,11,48,40,26,37
32,54,11,34,5,8,1,47,50,51,31,44,16,38,18,12,23,42,21,35,56,57,62,20,60,40,45,49,52,41,6,24,13,27,36,3,0,10,37,9,15,28,53,17,4,29,63,25,19,59,46,22,39,48,43,30,58,7,14,55,2,33,61,26
55,8,44,45,10,50,46,53,60,27,34,23,49,14,28,29,51,16,58,48,61,17,3,32,13,11,37,19,21,33,24,42,47,20,22,56,57,54,9,6,0,18,1,7,35,15,43,62,38,2,41,25,30,12,31,26,63,5,39,4,59,52,40,36
40,39,27,6,15,9,57,28,24,14,50,55,53,20,61,3,38,26,18,58,30,0,21,19,23,45,29,31,42,1,56,46,2,35,49,16,12,4,52,17,60,44,63,59,33,34,62,8,51,37,41,11,32,13,43,10,22,25,48,47,5,54,7,36
22,63,26,56,16,0,58,48,54,9,20,23,29,8,43,52,57,37,21,44,62,39,4,46,51,45,31,3,34,2,35,47,15,19,12,5,25,33,14,6,24,28,60,42,1,59,36,18,30,38,55,11,32,13,10,53,40,61,41,27,50,17,7,49
41,5,1,37,20,58,36,3,59,28,61,42,18,10,19,14,16,13,15,12,35,39,24,54,9,55,11,40,23,6,33,53,60,43,27,44,38,8,62,21,52,0,57,22,17,30,46,2,34,25,26,31,48,32,45,49,50,51,63,29,7,56,47,4
12,16,21,6,61,37,14,23,8,62,29,48,31,0,2,13,63,11,51,10,45,49,36,44,56,53,55,47,46,43,3,54,26,27,39,15,5,17,32,58,34,35,22,1,42,38,40,4,30,52,18,33,60,28,24,25,41,7,59,20,57,50,19,9
25,41,39,33,16,49,27,53,51,60,0,30,1,18,11,43,12,50,34,24,6,2,14,36,5,57,47,15,31,46,54,42,17,23,32,8,59,22,21,62,37,61,4,26,40,9,19,63,20,45,28,55,38,7,56,52,10,3,35,44,13,29,58,48
17,49,27,57,48,24,60,15,38,63,21,52,55,46,34,39,18,33,3,22,32,43,40,42,8,5,36,7,54,0,16,45,37,1,51,31,12,28,29,61,23,10,59,62,19,58,41,9,25,6,35,30,13,26,47,14,53,56,4,44,2,20,11,50
54,41,44,24,5,2,53,3,6,10,13,16,28,55,59,15,33,45,8,14,27,48,31,12,20,17,38,40,56,61,43,4,18,1,11,37,52,19,46,9,7,58,39,21,60,51,49,29,34,30,32,42,62,0,22,57,26,47,36,63,50,35,23,25
57,18,53,49,4,56,10,12,46,48,6,19,1,38,17,34,7,44,36,24,31,63,58,2,54,3,62,21,47,26,60,35,42,14,22,59,23,37,61,16,25,0,9,33,40,11,27,41,50,52,51,39,43,20,45,5,28,55,30,13,8,15,29,32
48,57,12,0,61,37,33,32,10,13,40,47,53,34,27,39,31,56,19,6,43,1,45,62,55,44,20,14,9,22,52,49,60,35,8,38,58,17,63,29,5,36,26,7,54,51,50,23,3,25,41,2,59,46,24,15,16,42,11,28,18,30,4,21
32,26,15,3,52,62,47,39,16,33,9,49,63,20,24,4,41,29,1,2,5,25,43,28,46,21,45,56,42,30,57,10,50,18,22,35,8,23,13,40,58,7,14,11,37,51,44,59,48,53,17,60,0,19,31,34,12,36,38,61,54,6,27,55
6,37,15,1,0,34,20,53,52,2,46,33,10,38,32,31,39,61,13,3,35,17,24,4,28,57,55,48,19,22,14,45,42,8,47,26,7,9,18,60,41,36,56,40,16,49,59,12,63,5,11,43,30,51,44,21,27,25,23,54,58,50,29,62
16,22,25,52,4,24,1,12,40,5,44,51,21,42,33,41,0,54,38,36,14,57,27,39,49,2,61,43,59,18,56,6,55,62,3,26,7,9,48,47,19,50,11,53,10,17,23,35,37,28,45,31,46,58,60,34,15,20,29,32,8,30,63,13
34,63,3,57,36,47,22,45,39,13,38,6,11,30,46,55,12,18,28,61,52,29,24,10,14,51,60,20,23,9,53,33,19,59,40,62,27,8,48,4,31,56,0,21,16,58,26,54,15,17,5,1,35,44,42,49,50,41,32,37,7,2,43,25
30,13,63,44,51,17,36,46,7,4,54,27,29,47,8,37,48,14,15,9,60,57,35,6,58,42,55,50,12,3,31,22,49,11,21,24,0,53,23,5,45,38,1,16,18,56,41,34,19,40,52,59,20,62,43,25,26,28,39,61,10,32,2,33
25,2,35,19,57,36,6,54,38,18,12,8,7,63,34,3,47,61,58,33,26,9,24,31,5,37,21,49,1,22,59,50,28,52,42,0,41,14,53,55,27,20,4,11,46,30,62,56,40,16,51,29,10,17,13,32,23,60,48,44,39,15,43,45
35,14,10,16,42,50,60,25,48,49,28,53,18,11,62,33,41,30,47,5,31,19,6,2,52,15,46,40,7,34,17,1,23,29,4,12,43,54,56,13,45,9,36,0,63,44,20,55,59,58,24,26,51,37,8,32,21,27,57,39,22,3,61,38
49,62,17,43,28,1,41,42,58,2,56,15,50,23,13,3,37,35,32,40,57,12,19,8,0,4,29,10,60,24,44,51,52,22,18,27,36,20,38,54,14,11,48,61,63,26,6,45,7,39,47,5,46,59,25,55,21,34,31,33,9,53,30,16
58,31,7,50,52,21,11,56,32,41,6,42,14,54,12,8,35,25,60,49,2,63,33,38,43,30,28,3,0,23,48,36,29,51,17,9,13,40,24,34,55,18,53,27,46,10,16,59,26,19,57,44,4,39,47,15,62,5,45,20,22,61,37,1
27,4,59,63,2,52,37,19,1,61,53,58,14,34,17,42,57,47,43,48,38,16,60,10,54,8,36,24,35,44,22,5,21,29,56,31,18,45,6,55,15,30,25,26,7,3,28,62,39,50,20,9,12,33,32,41,0,49,46,51,40,11,23,13
16,46,35,4,24,42,31,33,57,53,37,17,63,0,38,62,11,30,56,8,58,23,14,43,13,9,47,40,60,27,51,34,49,21,32,12,48,22,6,55,1,54,19,59,44,52,61,3,15,5,50,28,7,39,26,29,10,2,25,20,36,45,18,41
19,49,40,37,46,47,48,43,36,25,58,12,28,20,0,57,6,41,2,21,54,29,17,5,9,59,33,63,61,52,1,24,60,44,35,16,22,7,56,51,3,26,4,23,39,62,14,10,55,50,11,13,8,34,31,38,42,53,45,15,30,18,32,27
57,22,9,12,39,26,47,3,4,58,32,25,50,60,31,46,36,62,55,1,34,2,18,42,41,24,48,59,35,29,28,63,61,54,6,30,19,37,23,21,43,38,20,33,10,16,56,15,45,44,52,11,8,7,0,17,14,40,27,49,13,53,5,51
40,7,28,17,27,24,22,38,14,60,51,59,42,48,31,2,36,30,12,13,26,21,46,43,1,8,4,50,39,33,54,53,25,45,55,47,63,5,19,29,3,16,62,44,15,0,9,49,32,41,58,18,10,20,37,23,35,11,56,61,34,6,57,52
12,63,15,26,54,53,10,2,52,31,47,28,32,29,36,20,35,14,43,24,13,5,8,27,1,60,39,46,58,17,25,55,37,23,4,51,7,16,33,48,42,50,49,45,41,62,19,59,6,18,3,21,61,38,9,40,34,57,56,22,11,30,0,44
8,59,26,30,17,9,5,7,63,31,13,41,37,1,46,51,45,19,43,56,52,25,32,50,28,11,39,42,62,55,53,58,15,18,35,54,40,12,27,0,38,14,10,16,47,33,44,61,3,29,23,36,2,20,21,49,6,4,22,24,48,60,57,34
0,8,6,30,41,18,34,38,47,60,5,31,59,1,26,55,49,13,10,36,53,52,37,39,43,4,58,2,61,57,51,28,32,44,45,35,17,20,11,29,12,16,54,27,3,56,21,19,62,42,15,14,25,7,63,9,24,46,22,33,50,48,40,23
47,58,52,3,45,22,11,29,21,5,56,38,57,33,8,51,20,14,7,35,41,16,26,10,40,37,4,31,9,34,48,61,54,30,25,19,17,63,44,24,28,50,1,42,0,39,60,13,32,43,49,2,53,36,18,62,15,12,46,23,6,59,27,55
48,18,28,53,8,44,49,60,13,46,21,6,12,7,19,24,15,16,17,55,38,11,10,26,59,47,42,29,37,5,25,51,3,4,22,1,41,30,43,27,52,39,0,57,9,20,31,35,61,34,40,36,2,63,50,45,54,32,56,62,23,33,14,58
13,46,56,5,53,26,38,31,61,23,41,45,48,39,10,60,55,11,33,30,59,63,43,16,29,50,2,37,3,51,15,24,1,54,14,17,12,19,27,44,34,25,21,20,40,58,6,62,36,0,22,57,9,4,35,7,47,42,18,49,8,52,28,32
1,62,33,28,40,35,7,15,42,36,37,17,46,54,12,4,22,63,31,10,2,24,38,8,32,20,14,59,43,13,9,30,45,34,16,23,29,61,0,3,19,6,52,55,47,18,57,44,53,26,50,51,41,27,56,11,49,60,39,58,21,25,48,5
28,63,12,32,2,53,30,59,4,42,40,19,35,36,20,1,45,44,24,22,52,39,26,9,49,62,23,27,31,11,18,56,10,38,43,58,60,8,15,3,47,61,54,57,7,51,16,55,14,50,6,21,5,29,25,46,33,17,41,48,13,37,34,0
63,24,40,1,26,9,22,36,14,28,16,44,38,17,46,61,58,29,32,39,21,42,31,55,18,62,41,0,19,13,12,27,50,45,49,33,30,34,23,54,7,8,47,53,51,43,11,6,35,37,25,57,20,3,56,5,2,52,15,60,59,4,48,10
46,24,62,2,39,42,17,63,7,11,3,45,29,37,47,28,31,16,54,48,36,4,35,53,58,49,33,51,14,19,50,9,22,32,38,25,41,55,57,13,5,61,1,20,56,10,0,18,34,23,43,6,12,8,15,52,21,44,30,60,26,59,40,27
42,44,55,10,19,14,9,21,6,24,52,26,12,38,2,48,49,33,51,41,30,5,23,56,16,17,63,0,39,53,32,60,20,43,7,62,54,50,35,18,45,28,36,37,1,3,29,31,47,11,46,25,40,27,34,59,61,22,58,13,57,8,4,15
33,23,36,12,5,40,35,29,34,15,43,61,18,54,2,32,0,16,4,44,62,60,9,47,53,37,8,50,20,52,24,27,25,39,11,3,56,57,14,58,45,41,59,31,55,30,6,26,46,10,7,17,1,63,19,28,38,22,49,13,48,42,21,51
6,9,25,51,63,7,2,35,44,42,52,32,30,57,5,21,39,37,31,43,8,14,38,48,55,11,4,23,27,29,33,3,22,17,19,16,12,26,50,24,58,53,28,61,13,20,0,60,41,47,56,54,40,49,46,15,18,36,62,34,45,1,10,59
20,49,10,62,47,3,54,27,39,7,50,21,57,36,53,23,15,12,4,16,29,42,38,18,2,43,17,55,24,9,31,34,11,0,13,22,28,52,51,48,59,41,8,25,33,14,40,1,60,46,35,37,32,45,58,26,19,6,56,63,30,5,44,61
40,5,1,50,41,31,19,49,48,43,56,59,54,55,22,20,27,23,9,36,12,47,14,21,60,30,0,18,38,35,2,46,26,42,53,39,34,62,24,44,58,61,4,25,63,51,7,8,32,3,57,33,17,6,11,16,45,15,28,13,29,37,10,52
26,0,2,20,37,52,14,35,47,6,21,30,1,50,3,22,33,16,60,17,9,5,19,62,27,58,48,46,61,31,8,44,13,49,53,11,38,25,28,24,57,15,39,4,40,10,34,32,36,56,43,59,55,54,23,7,63,29,18,12,51,41,42,45
0,6,54,2,43,24,37,12,46,27,58,4,28,45,50,53,49,47,22,14,5,21,8,33,18,13,60,38,63,44,57,52,17,61,9,41,35,30,23,55,39,26,34,31,1,40,59,11,3,32,56,36,48,51,16,25,15,42,20,7,10,62,29,19
54,5,25,1,63,52,26,11,27,35,18,2,7,24,17,37,16,22,29,33,9,51,39,57,10,49,20,36,38,46,14,13,45,44,48,43,56,59,6,61,47,31,60,53,0,23,34,3,19,12,50,15,42,4,41,21,40,32,8,62,58,30,28,55
52,31,38,12,56,8,55,33,0,58,11,42,30,61,49,4,34,40,14,29,36,24,15,22,10,21,41,54,3,35,20,2,19,28,60,45,53,50,1,9,17,37,26,51,59,46,32,39,43,23,62,57,63,6,7,13,48,25,27,44,5,47,18,16
28,11,48,42,45,24,37,46,25,60,4,31,21,14,10,63,13,8,15,61,17,36,2,0,41,12,54,16,56,43,62,1,39,27,6,52,29,49,47,30,22,55,23,59,57,20,9,38,44,32,40,3,18,26,50,53,19,35,33,51,34,7,5,58
50,26,0,32,3,59,29,6,5,25,30,24,54,31,56,14,8,46,38,49,17,63,58,16,13,27,21,42,37,35,61,34,4,51,11,55,47,15,36,39,7,52,18,20,60,23,22,1,62,10,2,43,12,57,33,48,45,19,41,40,44,53,9,28
3,54,52,28,4,22,61,57,25,7,21,59,42,15,10,5,26,44,11,1,29,23,43,45,58,18,39,46,12,8,0,48,24,33,16,35,2,40,63,9,47,50,53,17,31,14,36,32,60,20,41,19,38,56,27,37,6,49,62,34,51,30,13,55
38,0,23,55,48,8,42,27,15,30,49,52,46,58,57,60,59,31,47,39,29,45,54,21,22,37,3,36,18,51,26,20,33,9,10,5,44,28,41,7,16,11,35,12,61,56,50,25,17,53,32,43,13,6,2,63,4,24,14,34,62,19,1,40
36,28,43,38,44,29,52,1,23,26,20,24,17,41,47,19,6,49,37,21,18,13,27,16,55,31,7,15,58,42,40,22,46,9,56,5,50,12,59,3,45,48,10,30,39,54,2,4,51,34,60,35,33,32,61,53,8,62,11,63,25,57,0,14
63,23,2,61,47,30,52,15,43,53,8,4,50,48,46,7,45,21,1,28,49,10,44,22,56,38,20,58,41,16,59,18,25,29,26,11,40,54,35,6,14,55,42,39,27,51,12,31,3,33,13,34,37,36,19,24,0,32,5,17,9,62,57,60
61,8,54,29,53,44,51,56,27,11,57,55,1,62,37,42,24,3,52,14,50,59,33,15,26,32,22,7,46,17,28,0,47,35,4,21,31,9,48,63,12,34,39,60,40,41,30,6,58,19,5,20,36,13,49,25,43,10,38,45,18,2,16,23
16,11,36,63,49,12,28,40,30,17,10,18,51,24,60,25,38,6,48,54,53,50,52,44,21,35,33,45,14,56,23,41,1,39,46,27,31,5,47,20,0,42,29,19,34,15,13,8,58,32,26,59,57,61,22,62,55,7,37,43,4,3,2,9
44,25,38,36,8,20,32,57,24,34,35,4,54,40,29,58,6,55,19,27,28,13,11,45,1,9,16,49,7,51,53,48,30,46,17,15,31,61,21,47,56,5,50,41,14,12,37,18,62,2,22,33,43,10,63,39,52,3,59,23,42,0,26,60
25,58,19,15,62,23,1,13,28,18,12,40,20,33,10,60,61,8,41,26,0,37,29,51,44,16,43,52,6,4,36,31,59,34,7,30,27,45,32,39,57,3,48,55,9,63,17,5,56,22,21,24,49,35,14,53,2,47,42,11,54,50,38,46
58,18,42,14,28,19,63,10,21,15,9,53,27,20,22,6,52,37,54,38,60,25,23,33,1,2,3,30,43,8,34,59,12,35,5,49,36,51,7,4,24,29,40,11,61,46,48,57,62,16,56,32,45,26,44,31,39,47,0,50,13,41,55,17
33,25,50,41,2,44,26,4,14,42,52,32,29,45,6,17,15,39,34,51,10,49,57,9,27,53,19,12,18,30,46,22,60,38,5,59,62,63,3,13,48,20,58,61,35,21,55,7,54,1,37,11,28,23,36,56,43,0,8,24,31,40,47,16
23,27,48,38,30,40,33,14,7,29,15,35,50,13,46,63,0,11,10,47,24,3,45,61,37,56,2,4,16,17,49,6,12,43,42,59,52,20,57,22,28,60,36,5,53,58,32,54,25,55,39,31,51,41,34,44,19,18,1,9,26,21,8,62
22,34,56,58,28,50,60,17,18,11,47,24,62,10,57,46,21,59,43,41,61,4,33,53,14,39,32,9,31,16,48,12,29,23,5,19,1,3,55,37,8,54,15,13,25,7,2,6,44,63,26,45,36,42,40,20,30,38,52,51,27,49,0,35
44,37,2,14,62,49,6,7,22,50,9,23,8,13,24,41,52,35,21,61,30,15,0,48,11,28,33,3,18,42,57,59,31,17,4,43,45,58,20,53,16,63,27,26,5,55,38,25,46,36,54,29,60,34,40,1,12,47,39,51,56,10,19,32
49,46,0,38,7,44,2,43,13,23,27,3,19,20,10,11,32,17,12,30,29,16,60,15,50,4,41,37,6,9,47,61,39,21,18,35,53,31,51,59,40,22,62,8,42,56,36,33,34,63,57,26,45,55,14,28,58,5,52,54,48,24,25,1
44,61,12,15,42,16,28,50,37,25,49,26,5,63,34,22,54,31,30,1,3,19,36,11,41,24,59,33,29,10,27,38,46,13,4,53,58,14,62,39,56,21,2,43,57,45,35,0,47,18,51,9,48,52,17,55,32,20,6,23,40,8,7,60
21,51,46,42,33,49,55,5,37,9,60,54,62,59,38,2,10,11,57,53,22,44,0,1,13,26,30,12,45,23,43,17,16,48,58,47,32,52,31,19,34,61,28,20,8,7,15,6,35,24,50,40,14,3,4,27,29,56,25,63,18,36,39,41
53,37,41,4,8,12,1,38,45,6,43,56,26,9,19,17,54,30,11,22,62,44,16,29,10,50,40,42,52,61,34,13,51,0,36,55,24,21,31,58,39,5,63,59,15,18,33,14,35,60,3,28,23,48,46,2,49,7,27,25,57,20,32,47
44,5,14,4,1,53,40,27,56,51,15,61,57,48,8,60,7,50,0,33,24,47,30,28,17,11,54,22,32,19,45,55,49,21,16,34,41,12,25,63,2,10,58,37,62,46,35,23,31,6,26,3,43,52,20,59,18,39,13,9,36,29,42,38
41,32,6,21,7,37,36,63,58,26,13,53,20,56,61,47,19,45,2,24,15,22,17,27,33,55,43,59,10,38,11,23,46,40,60,52,28,39,50,18,62,57,12,54,8,35,0,16,49,44,4,5,14,29,25,30,3,1,9,31,42,51,34,48
46,3,56,12,57,23,4,58,13,17,14,48,16,7,18,43,28,60,15,19,35,39,11,2,29,53,61,49,31,34,44,30,8,62,63,36,41,1,24,52,55,47,0,45,27,54,26,5,20,51,9,32,33,22,25,21,50,37,40,59,6,38,42,10
20,53,41,48,8,44,16,63,5,15,33,2,47,31,0,23,45,17,58,50,19,21,39,49,52,24,37,46,51,59,6,3,30,56,10,26,60,43,14,42,55,9,13,54,28,1,18,40,11,61,27,57,34,29,32,35,4,7,36,22,12,25,62,38
35,29,37,15,28,50,9,5,48,52,40,44,6,13,23,1,11,63,4,0,27,49,2,51,26,61,17,34,12,42,25,55,57,36,54,24,18,16,43,60,10,45,22,19,46,31,7,53,47,14,32,41,62,39,8,56,3,20,59,58,21,30,38,33
14,33,12,55,49,44,39,54,6,10,13,31,56,35,47,59,28,52,29,46,38,21,48,11,24,16,23,51,60,36,20,58,45,53,37,5,19,25,22,32,0,4,8,30,9,17,34,18,50,40,1,3,57,61,27,43,2,41,7,15,26,42,63,62
27,20,26,55,44,63,22,45,37,61,16,3,42,17,49,43,54,58,14,23,24,62,33,8,25,29,56,48,0,47,7,51,40,36,5,19,32,35,52,38,10,41,30,39,12,2,13,53,50,11,57,6,21,60,1,34,31,28,46,15,4,18,59,9
51,5,23,44,37,22,16,3,41,21,40,14,6,31,8,17,59,30,0,26,62,33,38,54,48,46,32,15,29,61,7,24,36,53,60,47,35,52,55,12,58,27,20,10,11,43,50,39,57,4,34,45,49,56,9,2,1,63,19,28,25,42,13,18
9,16,48,5,40,52,51,1,6,17,45,43,61,35,19,39,63,50,13,29,18,57,38,53,55,49,60,33,41,11,31,25,2,54,46,62,30,44,42,7,47,8,34,58,26,23,4,20,15,56,0,59,37,21,28,24,32,14,12,10,3,22,27,36
24,11,60,34,13,61,35,50,37,7,6,57,30,32,10,51,42,29,54,33,17,36,26,55,48,38,16,53,21,49,45,28,25,58,8,23,14,41,39,47,12,4,3,46,9,19,1,43,31,44,52,59,18,63,0,27,40,22,2,62,56,5,15,20
60,40,35,3,19,61,34,25,39,23,6,51,43,31,21,50,36,48,26,0,27,15,47,58,2,37,52,63,22,5,18,49,30,12,55,53,28,7,24,32,4,13,57,17,59,42,33,38,1,9,20,41,46,14,11,29,10,16,54,62,44,56,45,8
50,7,35,18,55,31,36,42,41,12,25,15,1,39,26,46,13,44,21,61,38,56,14,16,28,40,10,17,22,57,53,54,59,62,30,19,2,58,11,24,5,34,6,23,63,43,60,20,51,4,3,48,47,52,29,45,9,32,49,37,8,0,33,27
10,63,60,24,44,17,45,1,62,2,13,33,9,18,55,27,11,34,38,14,46,56,61,31,42,35,0,30,23,4,40,25,28,15,58,29,36,21,20,43,53,41,7,54,16,39,3,5,19,47,8,6,12,22,49,51,50,57,26,37,48,59,52,32
61,42,7,30,50,24,58,14,62,57,5,28,55,20,17,40,25,56,13,60,53,34,63,12,45,43,44,21,52,1,36,47,18,35,4,37,9,29,39,51,16,54,3,10,23,22,38,27,6,11,49,31,41,48,32,2,19,15,46,0,8,26,33,59
59,27,18,49,8,42,55,38,30,22,57,47,5,39,63,21,40,35,51,60,33,11,2,53,54,31,44,7,32,34,56,13,19,29,17,46,61,36,52,16,6,28,62,3,9,43,45,48,41,23,26,1,24,37,20,12,14,10,4,0,58,25,15,50
52,31,24,25,61,43,44,30,33,29,38,57,55,37,35,8,45,49,7,12,14,20,51,32,17,41,3,4,10,42,34,9,19,54,18,6,39,1,63,28,27,53,16,50,13,15,48,47,21,40,23,36,0,11,5,26,58,56,46,60,22,59,2,62
2,27,30,28,39,52,61,36,56,3,20,57,60,37,46,5,42,6,40,13,51,58,41,17,4,48,11,29,49,55,62,53,31,23,1,34,50,35,43,18,22,8,45,9,21,44,59,7,12,38,14,47,24,32,25,63,54,19,15,0,16,26,33,10
34,31,58,41,57,11,0,44,13,52,56,51,40,30,23,21,7,55,48,54,1,28,42,5,6,10,37,8,32,22,27,35,9,50,43,15,36,63,3,46,47,61,20,25,62,53,16,14,4,60,39,33,17,24,59,19,29,18,2,49,45,26,12,38
11,38,26,21,49,28,47,56,17,42,37,40,39,19,6,50,7,59,51,13,54,30,27,33,2,1,25,46,0,12,53,4,45,61,31,44,8,18,24,9,62,22,34,58,23,29,55,15,36,63,20,32,10,3,52,41,48,60,16,14,57,5,35,43
49,56,33,51,2,8,39,61,7,13,1,41,45,36,5,54,19,21,9,20,27,58,3,44,35,6,30,34,11,4,24,42,0,63,23,52,17,10,16,38,62,29,48,37,46,15,50,40,43,26,18,32,25,22,55,12,59,53,31,28,57,60,14,47
6,31,58,48,3,44,10,41,34,21,54,15,43,18,63,1,23,24,57,27,38,26,2,60,62,47,37,40,19,11,9,61,46,51,45,4,55,36,53,39,42,25,16,32,5,13,14,33,30,22,52,35,12,8,0,7,59,56,28,17,50,29,20,49
39,40,14,19,47,9,53,16,10,1,31,60,21,55,35,33,61,4,54,0,12,3,8,18,38,44,20,6,57,17,28,50,34,51,5,62,23,15,37,22,25,59,49,63,52,7,32,2,58,13,41,48,36,24,11,45,26,56,30,46,42,27,29,43
15,27,48,22,62,55,38,0,60,49,42,20,56,2,31,23,9,21,26,53,18,63,34,39,12,61,43,17,10,33,37,14,50,51,4,16,36,25,1,8,59,44,19,24,45,47,30,57,6,52,29,13,28,35,3,46,41,5,54,32,11,7,58,40
63,14,57,25,41,26,60,55,12,32,48,45,21,44,46,11,1,5,53,22,50,61,24,38,18,17,0,20,62,42,28,33,6,30,10,54,51,2,27,36,37,59,16,29,19,23,35,58,52,13,43,40,56,34,47,31,9,49,8,7,4,15,39,3
63,55,59,21,41,56,28,45,43,4,26,49,38,10,35,0,1,52,33,14,60,19,54,51,47,6,27,25,17,24,11,39,20,5,58,37,22,48,13,50,9,44,16,62,34,2,3,29,18,40,30,46,12,7,61,31,8,57,32,36,23,53,42,15
58,30,11,49,50,5,36,59,60,9,33,31,35,22,57,28,56,19,25,18,43,24,32,23,63,4,42,3,47,20,52,34,39,6,38,53,48,12,14,21,16,62,13,51,2,54,17,37,44,10,27,55,8,0,1,40,61,46,29,15,7,41,26,45
37,31,62,42,0,29,35,30,49,20,60,44,46,63,1,52,40,8,32,13,2,19,50,6,33,59,5,7,17,18,36,26,25,45,14,56,38,47,23,9,48,21,3,24,11,61,27,41,57,58,4,51,28,16,39,22,34,43,53,55,12,54,10,15
6,54,9,5,7,39,23,22,16,14,46,19,43,34,18,21,37,33,1,59,49,27,63,51,24,40,42,3,50,31,25,15,20,2,12,55,60,47,0,41,26,58,38,48,62,52,44,10,56,61,45,11,29,17,8,4,57,53,32,13,30,36,28,35
32,21,49,3,58,25,60,31,4,55,17,35,63,36,37,56,16,61,50,8,22,14,19,52,0,54,30,62,57,29,33,20,59,42,43,44,5,11,2,1,27,6,45,48,26,53,39,15,40,7,51,24,28,9,46,23,38,10,47,12,41,34,13,18
45,15,30,34,58,28,17,26,60,21,36,63,1,18,42,57,52,13,2,3,62,8,59,16,33,43,38,51,22,41,0,7,9,35,10,5,50,11,40,25,23,32,12,24,46,48,56,6,49,55,4,53,20,27,19,14,37,29,54,44,47,61,31,39
38,48,15,51,32,37,35,12,7,6,20,60,49,62,4,61,59,28,13,25,55,18,63,41,8,44,53,36,56,46,0,3,58,27,5,10,39,14,30,50,34,1,22,11,52,40,57,9,23,19,33,2,31,24,42,29,16,17,54,47,21,45,43,26
49,2,21,42,57,15,43,50,20,16,55,45,26,44,53,56,28,8,59,40,47,61,22,46,31,58,23,41,12,24,62,34,13,4,18,39,30,37,7,0,3,32,29,35,25,6,14,48,17,60,1,10,19,51,63,54,5,38,52,33,11,36,9,27
57,52,34,59,61,6,10,56,28,3,15,27,51,62,46,4,33,2,41,49,13,31,26,11,16,54,42,53,5,63,21,39,50,24,23,47,18,60,38,8,32,22,0,30,44,40,43,35,7,20,19,58,45,37,9,29,25,17,48,14,36,55,12,1
10,7,11,31,29,49,26,8,42,17,38,25,16,1,59,21,37,47,18,30,13,22,28,63,55,14,35,2,19,23,52,0,56,62,51,48,50,9,46,33,45,4,12,54,58,20,6,57,43,60,15,36,34,27,32,39,44,53,24,61,3,40,5,41
61,46,35,60,0,49,39,30,44,7,10,42,4,3,14,29,27,41,6,55,32,23,50,37,56,20,22,34,51,11,53,5,52,17,63,33,12,31,24,40,2,26,45,9,54,43,59,62,48,25,28,8,21,36,1,58,38,57,47,16,13,18,15,19
9,2,1,43,14,41,16,38,25,58,45,19,57,21,7,34,18,10,61,4,33,56,0,27,20,46,29,35,15,31,22,37,63,44,30,60,42,23,49,50,3,6,8,53,36,39,24,55,11,32,48,59,54,40,13,52,5,62,51,47,12,28,17,26
8,31,61,29,62,54,44,60,53,15,55,41,20,48,50,5,25,21,27,16,49,51,58,23,35,3,37,24,10,14,28,34,11,4,38,13,18,45,6,17,42,63,32,47,40,56,1,33,43,39,52,22,2,7,46,12,36,30,59,19,0,9,57,26
20,1,45,14,29,37,10,9,62,50,55,17,18,23,28,33,46,53,8,11,60,57,31,56,39,36,13,6,38,2,54,43,47,34,63,42,12,3,19,52,48,51,58,25,59,0,32,5,21,24,22,30,16,49,7,4,40,15,61,35,41,26,44,27
10,9,53,61,12,34,51,14,63,3,23,58,31,38,32,7,27,35,46,5,39,0,22,21,29,49,26,16,8,41,62,25,57,1,60,42,48,37,47,36,45,19,40,13,28,54,50,33,17,6,56,11,59,52,44,55,15,4,30,18,43,24,20,2
8,36,63,45,21,22,46,10,2,39,4,42,18,24,29,20,17,27,23,58,1,48,15,55,19,54,47,52,9,50,14,41,0,53,25,16,37,34,13,44,35,61,57,60,33,49,11,56,62,7,3,59,51,32,5,43,38,26,31,12,28,40,6,30
27,50,24,29,33,8,56,40,7,48,22,1,43,57,0,59,15,2,21,17,9,46,32,54,63,49,51,6,61,4,60,47,62,10,41,58,23,13,38,5,39,26,55,36,45,16,42,34,12,31,35,14,52,3,30,18,25,11,20,53,37,19,44,28
52,28,18,54,10,27,61,49,39,46,3,1,29,45,9,51,17,12,62,30,8,40,58,44,63,31,5,13,36,19,35,33,47,2,42,41,26,34,14,22,38,43,24,32,59,20,48,57,60,56,0,25,55,37,6,15,50,16,7,4,23,53,21,11
54,53,43,18,14,16,9,37,11,50,49,27,21,23,25,38,24,48,60,26,33,45,52,35,58,47,61,39,4,2,42,1,8,29,46,22,36,20,55,3,13,57,34,41,44,12,63,7,31,32,5,28,40,51,15,10,59,30,62,6,17,19,56,0
48,18,3,46,35,30,51,31,61,58,24,44,7,25,26,38,63,54,29,53,49,4,0,6,40,43,62,34,15,50,12,2,14,1,22,45,55,52,8,11,9,32,57,56,37,23,16,10,13,59,21,27,20,33,36,47,41,17,39,28,60,42,19,5
57,48,32,58,36,33,2,47,43,4,52,15,3,28,22,56,59,18,25,55,10,5,1,41,29,19,53,40,49,37,42,38,9,44,7,26,63,17,54,23,0,27,34,12,39,61,45,24,46,30,8,11,31,14,6,50,35,51,21,20,62,60,13,16
37,9,41,44,3,61,45,7,2,14,0,58,34,12,60,46,62,49,10,29,20,42,33,48,56,28,38,30,23,47,8,40,5,26,52,4,27,57,15,35,51,11,32,31,6,36,17,24,13,59,43,50,22,25,39,19,54,55,1,63,53,21,18,16
0,50,33,20,22,45,28,8,1,40,62,52,59,6,30,44,13,15,4,36,26,47,27,18,63,19,57,12,7,37,29,51,9,21,58,10,55,11,43,35,38,53,56,5,3,42,54,32,24,16,25,14,39,2,31,34,17,60,41,49,23,46,61,48
55,20,21,48,42,10,33,63,8,23,45,53,36,30,1,19,9,4,6,47,40,14,11,39,26,18,46,17,62,12,61,32,0,24,49,52,34,57,51,3,29,59,35,37,13,22,15,44,58,2,60,25,7,31,16,27,38,28,5,41,50,56,43,54
16,25,31,46,13,45,3,6,55,47,20,44,33,54,8,4,12,7,60,34,30,56,62,17,43,42,63,35,18,1,5,41,19,53,23,50,9,10,28,29,37,38,22,58,2,21,40,0,15,14,39,32,24,27,26,36,61,57,52,48,51,11,59,49
42,11,43,33,35,6,44,57,31,24,29,50,3,5,48,59,38,10,9,30,51,28,55,46,49,16,23,22,13,58,45,15,27,17,41,36,26,12,8,63,56,25,0,1,14,21,2,19,62,32,4,20,54,52,53,18,7,37,47,60,40,34,39,61
45,5,59,1,24,14,51,63,13,16,61,10,0,58,50,26,53,27,38,21,44,7,23,18,17,47,41,55,46,37,3,25,11,34,57,40,33,9,12,60,15,42,56,4,54,39,36,6,43,19,48,28,32,20,22,29,62,35,52,8,2,49,30,31
57,26,32,36,43,7,18,21,17,60,44,24,9,14,52,22,20,47,30,56,35,38,3,23,55,59,29,37,13,54,28,53,61,0,39,12,5,2,4,62,27,19,58,34,46,40,48,51,50,11,33,10,49,1,41,45,8,6,25,42,15,16,31,63
61,1,40,51,15,54,12,36,7,60,44,63,16,48,35,43,21,27,29,42,24,20,8,10,4,46,28,2,9,13,31,53,62,49,34,41,18,50,56,33,30,57,26,58,19,32,22,6,17,45,23,59,3,47,0,38,11,37,25,5,39,52,14,55
37,24,4,12,55,60,22,57,27,21,11,20,30,28,3,41,51,16,46,34,6,13,35,40,62,49,45,17,7,19,50,61,29,1,32,42,2,54,52,10,38,47,48,26,63,8,58,53,15,44,23,33,5,0,43,25,14,9,18,31,56,59,39,36
17,57,30,1,20,34,5,59,63,10,14,36,21,48,22,50,7,51,54,15,26,55,61,33,56,4,32,44,38,62,29,28,12,0,35,43,53,6,37,42,46,8,25,24,39,9,19,11,58,23,52,60,2,27,40,49,31,18,41,13,16,3,45,47
48,4,49,57,33,22,6,3,43,30,63,53,55,11,32,2,7,58,8,14,31,44,24,42,35,40,19,25,59,28,47,45,34,16,21,36,61,37,26,39,17,50,52,29,27,9,60,41,13,5,46,12,23,0,1,15,54,56,38,62,18,10,51,20
40,14,63,41,0,11,27,15,12,58,22,33,46,7,31,2,17,55,29,3,45,38,26,39,5,30,52,34,57,49,53,13,23,25,35,16,10,56,24,62,20,18,9,42,43,61,8,48,60,47,37,32,36,59,54,19,28,1,51,21,6,50,44,4
36,20,54,5,29,26,50,46,55,45,2,7,27,22,1,14,38,41,33,58,0,31,53,43,12,37,40,34,44,6,39,42,49,19,63,4,13,17,56,52,21,32,23,10,51,8,11,48,60,24,16,15,35,30,59,61,47,25,18,3,9,62,28,57
53,31,29,52,56,48,24,14,40,54,46,58,3,57,34,26,23,4,42,11,41,37,35,17,2,44,55,45,50,39,19,28,6,27,1,62,25,10,16,21,43,38,36,32,5,20,15,47,33,49,51,63,60,30,59,61,13,7,0,9,8,12,22,18
56,60,7,9,12,63,49,36,11,62,6,22,17,53,20,33,2,40,21,58,14,47,4,10,23,37,55,15,39,13,42,38,59,28,30,19,43,31,0,46,44,1,16,5,3,35,51,8,48,41,24,45,18,26,25,32,57,61,50,54,34,29,52,27
37,27,28,56,50,7,62,42,18,17,46,21,29,33,61,44,45,6,36,43,41,59,63,19,15,0,10,12,4,25,30,11,48,3,22,51,23,26,57,14,52,32,38,2,8,24,13,55,20,35,53,39,47,54,31,5,40,49,9,34,60,1,16,58
9,48,5,24,61,58,37,60,26,2,10,14,43,41,44,22,63,38,42,19,50,57,46,12,49,7,52,16,31,32,56,59,29,4,8,0,15,62,3,34,20,55,36,18,47,33,17,1,54,21,27,28,40,53,45,51,35,30,39,6,25,23,13,11
50,47,7,45,54,44,60,32,29,27,23,26,1,5,12,34,62,57,16,2,13,19,6,28,8,33,48,3,59,42,20,25,63,11,58,39,18,31,38,9,14,21,61,37,4,41,53,17,43,30,55,36,22,15,46,0,52,40,35,24,49,56,10,51
33,0,51,7,10,43,12,30,25,56,31,50,60,29,37,57,34,35,23,47,48,16,6,17,40,45,3,15,28,1,49,52,5,22,26,36,14,8,20,21,11,42,4,59,27,13,61,62,2,63,18,55,32,54,24,41,39,38,46,9,44,53,58,19
41,37,1,50,44,61,16,9,5,60,13,6,21,35,53,14,11,33,24,55,12,42,27,0,49,7,25,23,62,2,29,28,57,17,47,8,22,30,10,52,59,56,58,43,40,54,26,51,48,32,36,38,18,19,15,4,34,20,45,46,63,39,31,3
57,20,4,39,60,16,43,32,17,5,28,29,49,26,33,58,23,42,54,15,52,35,48,13,21,41,50,12,36,38,51,2,56,18,34,9,40,6,30,25,55,45,31,8,7,19,59,46,53,10,44,0,14,3,61,62,63,47,37,22,24,11,1,27
41,52,53,63,42,37,57,6,28,17,5,44,0,59,46,20,35,34,8,43,4,47,21,45,51,55,9,36,38,25,3,49,32,10,39,7,11,23,22,40,61,12,2,58,19,27,54,33,50,60,31,56,26,14,29,13,1,15,48,24,16,18,30,62
6,39,9,34,21,26,25,38,24,40,48,36,2,33,11,12,60,35,13,22,53,45,17,29,59,61,47,5,19,16,49,3,62,44,18,1,8,7,42,30,63,4,56,27,51,32,14,10,57,15,0,55,43,46,54,31,23,58,20,41,52,50,37,28
22,11,37,4,42,10,26,27,40,1,33,45,39,50,29,54,62,60,30,17,32,31,34,13,8,51,2,58,41,16,12,36,63,59,44,20,21,23,52,53,47,25,18,35,56,43,19,14,57,49,24,46,28,5,55,0,6,15,38,9,48,3,7,61
49,47,42,36,27,12,34,50,38,21,0,55,51,39,25,29,13,31,15,14,6,56,63,8,32,41,28,52,22,17,30,43,7,18,54,2,24,33,45,11,61,10,59,16,57,5,62,46,37,1,53,44,35,4,9,60,23,58,3,26,20,19,48,40
52,22,49,8,10,16,62,60,61,50,48,20,23,21,38,41,25,42,18,24,56,28,37,9,13,19,1,33,58,35,4,39,53,45,32,26,11,47,27,36,46,29,2,30,54,12,57,0,44,3,6,15,14,17,7,59,31,40,51,34,43,5,55,63
17,48,20,29,2,24,25,58,28,6,43,41,44,15,45,3,19,16,56,38,50,57,61,23,62,9,4,33,13,42,32,10,34,49,18,0,40,1,12,54,63,59,51,31,5,46,35,8,37,55,52,60,26,7,47,11,21,27,39,30,36,53,22,14
1,5,49,44,11,34,55,50,53,40,56,60,32,20,2,17,45,43,36,62,16,58,54,4,51,21,25,61,47,35,28,8,31,23,22,38,9,37,24,12,14,42,19,15,0,63,13,52,27,7,39,3,48,26,57,46,29,33,59,6,10,18,41,30
8,17,63,11,2,48,5,58,25,15,42,57,39,13,23,52,29,19,45,1,38,7,14,35,16,37,4,20,9,51,30,28,59,24,33,22,27,31,53,26,49,3,60,36,43,40,54,12,6,21,46,0,55,32,34,47,18,62,50,61,41,44,10,56
0,10,22,24,29,32,45,13,56,19,26,63,50,5,11,21,61,27,38,33,60,59,1,8,51,7,25,20,14,35,53,57,23,18,3,43,17,47,2,46,52,62,16,48,58,12,4,55,34,44,42,41,54,28,30,39,36,37,9,31,40,6,15,49
38,24,9,6,5,8,40,56,57,58,60,43,27,29,32,62,37,28,15,18,44,61,42,31,25,3,51,45,36,54,17,19,30,50,20,22,21,11,52,10,59,0,34,53,2,14,26,1,39,46,16,48,41,49,63,4,55,33,35,47,13,7,23,12
18,23,14,38,57,28,55,32,43,56,49,62,47,24,7,8,1,59,26,0,36,10,58,51,53,45,37,15,16,3,9,17,29,33,61,34,46,5,12,21,22,13,48,40,41,19,11,54,63,27,6,39,30,35,50,42,25,60,20,4,31,52,2,44
58,51,55,32,45,27,15,62,19,20,52,8,6,33,31,22,0,60,29,53,42,18,2,41,61,16,47,46,13,54,25,9,39,35,10,40,1,59,38,24,34,44,3,28,56,30,21,50,49,26,37,23,48,11,43,17,12,7,4,63,57,36,5,14
25,29,4,34,36,47,61,51,44,21,6,1,14,24,3,20,8,7,55,59,33,9,0,62,60,27,48,49,5,17,15,57,39,2,38,35,54,46,12,23,63,45,37,40,32,31,16,42,53,26,58,56,52,22,10,11,50,43,18,19,28,30,41,13
29,27,21,49,32,25,52,56,55,34,10,18,14,4,37,16,5,28,51,54,2,46,42,62,33,45,44,53,60,11,1,61,3,39,59,35,0,23,43,57,7,20,9,17,6,13,48,30,38,31,8,47,50,63,26,58,22,41,40,19,36,12,24,15
35,45,54,47,13,3,33,37,28,56,49,59,19,31,62,14,9,8,30,55,38,41,4,12,24,32,2,27,25,16,15,43,40,21,11,51,34,5,48,63,42,50,7,6,26,39,61,52,36,53,58,57,29,44,18,0,22,1,60,17,10,20,23,46
61,12,51,41,13,45,29,50,26,14,4,46,8,55,38,3,59,58,19,37,15,57,43,47,49,42,27,52,30,10,44,17,35,22,60,33,6,25,18,34,0,9,23,36,1,40,20,31,54,63,28,11,5,16,56,53,48,7,32,21,62,2,39,24
24,33,12,43,47,38,34,28,61,5,26,30,39,1,13,58,7,46,32,16,3,17,9,21,59,0,20,56,48,18,51,37,60,11,8,10,4,45,2,44,27,42,14,36,62,52,63,41,40,49,15,55,25,19,22,29,53,54,57,35,50,23,6,31
28,24,8,22,3,41,42,58,44,25,23,20,62,5,37,32,56,39,0,57,13,21,29,27,10,61,15,35,18,4,14,33,47,40,7,43,50,2,59,52,1,6,36,63,54,19,51,53,12,38,26,45,11,46,30,48,55,49,9,31,16,34,60,17
7,59,60,55,61,20,57,8,11,30,16,33,15,1,31,19,50,43,38,56,25,32,35,49,48,22,4,6,29,42,0,52,41,3,24,2,12,28,21,40,13,44,45,54,9,10,39,18,27,36,58,53,63,62,5,47,14,26,17,34,51,23,46,37
42,6,10,9,15,8,23,20,31,28,57,49,25,45,29,39,56,0,19,62,60,58,7,32,48,16,41,3,12,18,2,54,14,27,26,11,40,38,1,35,44,59,24,50,13,21,63,46,52,43,34,17,53,5,61,36,30,22,47,51,4,55,33,37
44,29,28,2,46,33,7,1,22,34,58,15,48,30,59,45,49,42,51,32,31,56,40,4,9,50,23,47,18,14,16,53,35,41,57,10,43,52,5,61,6,20,21,54,12,62,37,55,36,17,0,13,60,38,3,63,26,39,11,19,8,27,24,25
40,42,23,30,27,35,33,51,29,3,17,61,8,15,53,41,37,38,22,19,62,7,14,54,47,26,32,34,60,0,24,55,36,4,6,12,45,18,56,57,63,16,44,25,43,11,20,49,31,28,13,21,39,59,58,5,10,52,50,1,48,9,2,46
56,38,50,49,3,48,36,14,16,18,2,12,35,10,25,24,34,22,19,39,53,27,61,57,33,54,47,9,63,20,60,31,30,51,55,1,6,43,42,28,40,32,62,17,52,13,15,37,44,4,58,7,41,23,11,26,0,21,46,29,45,59,5,8
46,7,60,38,25,58,45,52,32,14,28,18,12,31,0,49,36,26,47,35,24,6,22,2,3,8,59,55,54,34,13,53,16,4,48,19,42,21,27,23,15,30,41,37,11,44,62,5,1,56,10,63,51,43,33,40,17,29,39,61,20,50,57,9
49,52,19,13,2,46,39,4,48,54,53,61,57,26,17,7,18,47,41,35,23,55,9,59,15,44,36,5,6,16,37,21,8,58,33,24,50,31,29,0,42,34,62,38,12,40,1,28,27,45,22,25,56,10,11,14,3,51,60,32,43,63,30,20
61,56,57,29,63,40,1,5,33,37,2,46,7,3,15,49,20,24,8,12,13,30,50,6,34,9,38,36,16,31,35,58,43,59,28,22,62,42,52,44,51,17,21,53,4,10,26,41,27,14,25,45,11,48,60,47,19,0,55,23,32,39,54,18
56,40,43,13,24,61,29,31,37,59,54,32,35,4,42,25,9,20,8,44,5,7,63,52,33,18,39,12,21,3,36,17,15,41,10,48,30,60,1,22,26,51,0,11,14,16,53,6,27,50,38,23,2,28,58,47,57,55,46,45,62,34,19,49
16,55,38,20,8,13,23,25,49,5,30,4,10,34,57,29,27,44,1,11,50,47,53,6,32,60,36,24,33,46,48,2,21,59,40,19,51,62,42,39,45,22,41,3,12,58,14,31,54,26,43,63,52,28,18,0,35,9,15,7,37,17,56,61
20,19,34,43,42,23,39,24,6,17,30,37,62,61,2,4,10,55,18,5,8,54,35,9,12,45,46,0,38,44,51,25,28,59,48,33,60,56,29,49,58,21,41,63,14,7,16,13,40,32,47,26,36,11,57,53,52,31,27,15,50,3,1,22
54,43,18,11,5,60,57,3,20,22,7,33,34,2,17,12,30,27,14,39,13,47,26,35,61,41,46,59,52,29,50,19,25,28,6,4,44,42,40,63,23,0,37,10,56,38,15,21,16,9,24,62,32,45,55,58,8,36,48,31,1,49,51,53
61,9,57,21,58,32,46,27,40,5,44,10,59,19,13,48,49,41,38,51,18,37,42,28,50,30,4,62,23,12,22,53,8,52,43,63,33,7,0,3,29,34,39,26,55,56,11,16,47,60,35,1,36,25,15,24,45,31,17,2,20,54,6,14
38,43,20,41,16,28,35,3,13,22,7,32,27,12,26,2,0,31,1,11,60,33,30,44,29,15,57,37,48,6,62,61,25,54,56,39,52,49,55,46,58,40,51,34,36,8,59,19,63,5,45,24,10,18,4,50,47,14,9,53,21,42,23,17
15,32,62,19,57,21,25,1,29,35,42,51,49,30,47,45,52,27,39,5,54,48,18,12,46,8,58,34,40,41,0,53,56,61,11,22,50,23,2,6,16,33,9,7,17,4,14,3,24,59,13,20,10,44,26,31,43,28,37,55,60,38,63,36
38,10,0,27,26,35,43,22,3,31,58,62,17,51,48,56,59,42,37,15,19,8,32,21,36,53,45,23,49,40,50,2,4,55,41,28,24,52,63,60,39,12,25,13,57,11,1,14,33,16,6,29,34,44,47,7,46,5,61,54,9,30,20,18
33,23,18,35,46,0,34,43,20,57,24,7,47,54,53,29,1,58,26,45,5,27,62,41,36,55,25,15,21,19,50,28,37,11,4,60,2,17,61,16,9,40,32,22,31,42,44,59,49,12,48,3,56,52,30,10,13,39,38,6,14,8,51,63
15,8,21,56,31,44,18,2,14,52,43,39,61,29,20,57,9,45,28,4,5,0,62,37,7,53,34,60,58,32,36,35,54,3,50,51,25,26,10,33,42,30,16,13,24,63,6,27,47,1,17,41,55,19,40,38,11,49,22,23,48,46,12,59
9,21,0,17,16,51,52,46,59,42,11,18,39,33,28,12,57,31,22,20,15,1,27,45,50,41,14,63,26,54,58,8,47,10,6,40,49,4,25,37,34,32,56,38,55,23,24,36,5,48,60,44,13,3,61,29,19,2,62,30,53,7,43,35
52,14,37,41,51,33,49,5,63,34,16,26,57,29,28,3,30,24,12,13,47,22,54,0,35,9,38,2,50,44,32,62,36,4,15,60,46,45,31,53,61,17,48,7,11,21,39,40,43,55,20,58,25,59,27,23,42,19,6,8,56,18,10,1
11,50,27,7,51,56,33,43,22,30,35,58,61,13,37,24,2,19,55,52,49,12,46,20,47,15,17,4,48,23,39,34,5,28,32,57,14,53,42,25,21,1,60,54,59,63,41,26,6,62,8,3,29,16,36,9,45,38,44,0,18,10,40,31
59,63,25,14,17,44,42,34,13,60,46,2,10,30,51,26,36,54,58,12,53,20,39,38,48,35,7,41,19,5,22,31,11,56,55,29,62,45,8,37,1,40,61,32,15,6,21,28,52,16,50,9,3,49,18,0,43,47,57,24,23,33,27,4
38,12,27,10,49,58,15,45,13,53,25,60,32,16,59,54,63,31,11,43,6,44,23,30,19,7,42,57,0,9,37,48,2,35,24,39,34,41,5,36,47,33,21,14,20,4,52,17,1,55,62,40,61,56,29,50,18,22,8,51,26,28,3,46
7,4,27,38,30,13,25,26,53,23,40,28,39,21,37,59,3,48,2,9,54,46,50,20,47,6,32,16,51,24,61,34,55,1,14,11,17,63,33,31,8,56,22,5,15,18,60,57,44,52,58,62,29,41,42,49,19,10,45,36,35,43,12,0
11,2,14,4,47,55,3,22,26,19,13,40,17,61,32,16,1,48,28,23,52,21,25,44,38,30,12,36,42,35,41,39,18,57,58,24,54,63,59,7,37,10,15,62,50,9,31,0,29,46,8,33,6,56,45,53,20,60,5,49,51,27,43,34
42,34,13,1,2,37,5,6,61,50,27,0,38,23,63,49,22,46,7,47,24,21,54,8,33,18,55,36,20,43,51,29,12,28,40,15,44,39,59,17,62,31,3,16,45,53,41,48,4,57,58,30,19,56,26,10,32,52,25,11,60,9,35,14
57,24,52,22,6,0,60,4,3,23,33,30,19,40,43,51,39,55,48,46,34,50,13,42,35,47,58,56,1,27,17,63,8,15,12,61,45,53,2,5,32,44,36,10,25,21,14,37,31,28,54,16,26,49,11,41,9,29,20,62,59,38,18,7
13,37,11,17,23,4,25,39,20,36,27,34,14,52,38,22,41,51,30,21,5,0,58,1,26,10,12,60,42,49,61,48,15,8,62,18,43,31,54,47,50,29,28,16,40,35,32,46,57,44,56,55,63,19,6,33,59,9,53,3,24,45,7,2
21,30,14,15,1,34,46,62,39,60,26,27,12,24,23,29,49,2,7,4,53,61,33,45,18,32,9,3,36,28,22,63,19,40,54,16,55,44,41,8,10,57,31,47,17,11,35,42,25,5,20,37,38,43,13,51,56,48,59,50,6,52,0,58
53,35,26,2,11,50,55,49,62,51,41,56,18,28,52,4,3,33,30,63,37,36,27,43,6,23,46,57,1,16,44,8,45,10,7,60,19,12,32,61,13,15,54,29,5,14,31,22,39,34,38,58,24,25,42,40,21,47,48,0,20,17,9,59
63,7,51,54,15,38,20,16,9,43,46,4,23,10,35,53,36,24,61,47,44,13,6,39,12,50,57,37,52,26,11,19,58,21,22,41,32,31,56,28,25,14,29,59,62,48,49,27,33,1,17,40,30,55,8,45,42,5,3,0,2,34,60,18
61,5,12,3,19,11,28,4,9,43,15,53,63,1,58,27,62,26,45,29,49,46,24,34,44,0,33,59,23,56,10,14,48,7,35,21,6,60,57,50,25,37,17,47,55,36,22,40,8,51,39,16,54,38,13,41,30,18,32,2,31,52,42,20
31,53,20,26,5,37,3,16,17,36,28,48,40,47,61,55,43,14,51,22,63,9,27,34,32,1,6,50,12,25,44,10,54,46,19,49,58,30,57,0,4,29,45,11,21,56,60,7,52,18,35,62,8,42,41,2,15,23,13,33,24,59,38,39
42,41,30,47,36,44,39,25,33,7,37,61,16,20,57,29,38,63,28,51,22,19,55,8,10,45,52,27,50,11,60,49,35,3,59,58,32,24,1,43,12,56,48,6,21,14,18,26,5,31,2,53,17,4,46,34,54,0,13,23,40,15,9,62
1,14,28,35,45,26,51,5,9,2,6,8,7,60,15,31,44,62,27,39,61,10,37,0,56,23,22,50,34,18,21,12,40,32,16,52,17,13,54,46,20,55,4,25,11,58,24,59,30,29,41,63,57,53,47,49,43,36,42,3,33,19,38,48
10,53,47,11,26,0,40,25,51,46,56,62,44,17,1,7,54,57,41,4,30,55,34,32,36,45,59,13,61,21,20,24,9,29,52,3,49,60,31,48,43,15,22,2,14,12,27,16,63,58,39,23,33,19,28,8,42,37,6,38,18,50,5,35
33,18,20,31,52,5,53,9,57,25,29,7,13,11,60,1,46,62,16,30,3,19,55,48,44,36,2,24,15,49,27,26,47,54,39,59,23,40,21,6,41,43,14,10,61,56,34,17,12,51,50,37,28,45,22,0,63,4,58,8,38,35,42,32
51,48,7,8,1,32,57,50,20,29,30,36,22,16,44,46,10,15,27,6,56,62,14,21,4,31,42,37,49,38,35,13,34,60,63,40,55,39,47,33,9,52,17,19,26,3,5,24,53,58,18,45,25,43,11,54,61,23,41,28,0,2,12,59
32,51,26,47,52,40,37,42,49,15,29,48,59,44,31,34,54,43,3,7,21,53,1,4,20,38,24,25,18,45,58,8,35,46,57,27,50,12,10,33,55,56,6,39,41,30,13,17,23,2,28,9,14,22,63,60,11,0,16,36,5,62,19,61
53,9,55,7,34,26,28,15,62,21,17,36,48,42,43,12,47,16,45,1,22,23,63,60,57,50,31,32,3,18,52,40,19,25,41,8,29,30,51,39,14,4,54,38,59,35,27,58,11,56,5,46,61,10,0,20,6,44,13,2,37,24,33,49
3,15,28,37,5,49,38,25,47,31,29,24,61,7,35,1,50,56,32,45,46,11,23,55,43,52,41,0,10,33,9,63,22,42,53,40,27,16,57,17,14,30,59,19,4,21,39,51,18,6,20,58,60,8,12,48,44,26,13,62,36,54,2,34
34,16,28,59,46,0,11,44,45,15,33,26,58,27,6,14,39,25,36,49,32,3,9,20,51,23,29,40,7,22,12,18,42,17,38,24,57,55,19,35,8,62,52,4,1,10,53,60,5,43,41,61,21,31,13,50,56,48,47,2,54,37,30,63
51,1,29,7,55,21,39,28,9,44,54,26,20,45,24,58,47,61,49,35,14,10,37,63,46,8,18,31,3,0,40,34,16,15,6,32,56,23,41,5,4,30,27,33,13,57,25,62,42,11,43,59,19,53,48,12,17,60,50,36,52,2,38,22
5,60,40,10,23,31,28,37,14,4,32,2,53,19,41,12,27,62,57,42,52,39,21,49,54,48,3,34,13,51,16,50,43,6,63,17,59,46,55,9,24,0,8,45,29,44,1,47,36,56,18,58,26,35,11,25,7,30,22,20,33,61,38,15
16,45,20,9,33,48,52,40,13,49,44,37,35,58,42,63,8,43,57,12,15,19,56,7,31,5,61,53,29,1,32,47,14,0,34,27,10,54,39,36,17,25,23,60,38,22,55,62,41,30,51,46,50,6,28,26,21,18,11,2,3,59,4,24
37,28,46,19,59,9,38,4,18,33,34,3,30,42,44,58,16,55,61,52,62,39,24,54,31,41,15,32,50,11,1,23,8,45,12,5,2,35,57,21,48,36,20,14,27,25,29,26,13,47,10,17,22,43,60,56,49,7,51,40,63,6,53,0
21,13,28,53,19,34,62,39,41,6,54,30,45,31,17,2,37,60,51,20,7,40,25,38,12,56,9,16,4,10,50,26,47,5,23,15,49,61,8,46,52,48,35,18,27,0,42,32,14,44,55,22,57,11,36,3,1,59,29,63,33,43,24,58
51,6,13,58,59,60,45,63,12,37,48,29,62,54,40,21,57,8,55,56,1,44,27,0,3,38,5,41,35,26,52,22,43,28,31,11,24,17,25,30,14,9,36,7,34,46,32,18,33,20,39,19,49,10,15,42,53,2,4,47,16,61,23,50
49,36,5,28,54,13,58,32,37,57,29,35,8,14,12,38,6,3,20,11,2,61,27,60,4,34,53,48,50,40,24,59,41,1,0,10,31,51,62,43,30,42,18,44,45,55,23,56,15,7,47,25,52,63,19,22,16,46,17,26,21,9,33,39
45,13,54,63,3,11,43,57,12,31,26,19,56,14,59,24,48,9,25,23,17,50,40,5,21,30,42,2,61,47,0,60,51,1,8,6,46,27,10,34,29,15,35,39,20,44,18,36,4,32,53,33,16,58,49,28,37,38,55,52,7,62,22,41
2,36,6,52,22,17,13,60,53,1,16,3,55,18,9,15,54,43,31,25,8,40,5,37,41,12,49,11,33,39,50,38,7,27,14,57,44,20,0,10,58,24,59,51,48,32,63,47,45,26,29,35,61,46,30,62,4,23,34,56,28,42,19,21
25,32,56,50,63,26,17,31,9,60,35,49,2,28,6,24,12,58,36,4,23,40,1,3,47,61,7,41,0,30,14,13,22,21,34,11,33,55,16,43,51,15,42,59,29,44,46,57,38,18,5,19,53,39,37,52,62,45,48,20,54,8,27,10
24,15,28,5,47,39,9,34,57,40,21,27,30,33,4,19,63,42,52,55,37,50,20,60,22,49,35,26,3,1,8,62,41,56,13,45,32,61,38,16,25,18,31,7,54,58,48,14,36,44,23,51,10,59,53,46,29,43,2,0,6,17,12,11
21,0,33,7,34,24,10,60,58,62,30,12,40,32,1,38,43,19,47,41,8,45,50,35,2,17,61,27,22,55,26,59,29,52,11,13,57,36,20,25,15,18,31,46,4,9,56,3,44,42,37,6,48,14,51,49,16,23,63,54,39,5,53,28
10,0,24,59,5,47,35,12,33,54,63,29,30,20,37,14,44,39,15,22,25,9,31,49,62,4,53,45,3,17,60,1,7,11,27,16,43,8,28,38,2,41,36,23,48,42,61,32,46,56,18,57,19,50,21,55,13,52,26,40,34,51,6,58
24,30,25,38,7,21,0,33,36,13,61,48,49,31,3,53,27,59,47,46,34,54,55,12,17,35,9,32,28,44,40,57,11,23,62,43,18,52,14,50,4,8,45,37,60,16,26,19,2,56,1,29,63,6,15,41,20,10,22,51,58,5,42,39
50,57,32,46,37,52,8,61,34,54,40,3,14,41,36,43,63,5,22,62,53,17,1,21,23,4,11,10,20,24,48,15,7,26,47,6,13,19,16,31,18,2,27,33,9,58,29,25,60,0,55,28,30,44,38,39,51,45,35,42,12,49,56,59
54,47,13,6,32,53,5,18,15,61,25,59,42,1,39,12,0,29,41,52,20,30,28,55,27,45,48,4,40,46,37,9,50,49,31,14,63,2,21,56,22,8,51,11,34,38,36,62,16,23,24,17,7,19,60,35,44,43,10,26,57,58,3,33
10,48,46,7,53,44,61,12,59,25,45,6,13,37,40,57,15,21,3,27,2,22,55,19,17,24,26,51,11,32,28,36,31,5,34,8,50,43,42,9,14,4,38,47,23,63,33,29,56,30,1,52,18,58,41,62,39,60,0,54,16,35,49,20
24,9,21,36,37,44,17,46,13,26,40,0,63,22,2,51,28,31,52,25,7,4,8,20,57,11,58,59,47,16,14,1,61,23,56,5,55,6,15,53,42,54,3,12,10,48,29,50,33,49,62,19,45,30,43,41,27,35,38,32,18,39,34,60
52,39,42,41,33,56,19,60,16,4,63,7,25,6,14,31,47,58,11,27,9,10,54,43,57,51,59,13,22,28,8,30,62,48,26,46,0,32,40,12,38,20,5,3,49,50,29,15,45,24,1,18,61,34,55,37,21,53,44,2,35,23,17,36
27,21,22,51,28,58,60,46,48,44,23,62,56,15,9,7,30,39,41,2,19,8,34,31,0,53,17,12,13,50,43,18,47,4,55,59,37,52,26,20,14,35,1,49,57,45,29,25,10,11,42,54,38,3,6,33,16,5,36,24,61,63,40,32
7,46,4,26,42,40,61,59,9,13,10,56,44,19,35,49,39,20,57,2,47,60,1,45,48,33,3,11,32,58,50,15,22,55,38,24,17,31,63,36,27,51,23,16,14,0,6,41,53,30,5,34,18,62,52,43,21,25,37,54,12,8,29,28
42,27,34,59,62,41,9,19,46,60,3,53,51,39,13,22,21,50,25,31,56,57,24,52,7,17,48,26,8,28,0,5,14,38,36,43,16,32,12,6,20,45,18,47,4,10,63,44,35,1,29,37,40,55,58,2,11,54,30,49,61,15,23,33
56,33,22,11,21,0,35,20,19,41,4,16,48,29,49,47,8,52,26,30,54,3,45,9,13,25,51,36,31,10,62,28,60,40,57,53,43,46,15,23,58,24,44,63,34,61,38,6,50,32,59,2,42,14,37,12,17,5,18,7,55,27,1,39
29,20,31,10,3,15,50,2,11,17,4,28,19,37,58,46,47,7,16,55,30,56,27,32,1,61,34,49,38,48,51,41,57,22,9,35,25,44,13,60,6,45,54,23,8,42,24,43,53,39,52,62,26,0,40,63,36,14,18,12,33,21,59,5
23,10,8,62,19,21,7,44,59,3,61,56,48,46,39,24,30,12,43,45,11,51,49,54,28,25,27,1,2,17,38,42,6,53,22,5,32,52,63,47,34,0,4,9,41,50,16,37,57,14,18,36,55,60,40,31,13,26,29,33,20,35,58,15
10,38,63,34,5,20,29,21,37,11,4,33,41,62,8,9,25,24,27,58,36,3,12,53,15,48,40,59,49,47,14,61,32,60,44,22,18,50,35,0,57,17,45,16,6,26,1,13,42,7,19,55,2,46,28,31,56,30,39,43,23,51,52,54
37,21,31,48,43,17,5,47,28,59,60,56,1,49,39,23,41,20,32,3,45,58,10,12,13,36,22,55,7,44,50,14,57,2,52,9,15,33,24,62,27,6,53,26,19,4,0,46,25,30,18,34,11,29,51,63,35,16,40,54,8,61,38,42
57,0,6,40,47,44,20,52,41,33,3,16,38,24,27,15,31,8,13,63,50,35,12,59,14,62,5,25,39,30,37,2,58,56,46,42,60,43,61,26,17,36,48,1,21,9,19,11,51,22,4,7,45,18,49,54,29,53,55,34,28,32,23,10
42,63,15,62,24,1,11,25,56,59,16,13,33,35,37,36,49,30,46,55,48,17,10,43,6,22,18,40,57,28,26,4,44,31,52,53,12,39,38,7,54,14,20,45,34,9,50,19,29,3,51,5,58,21,2,61,23,8,60,0,32,47,27,41
26,53,15,33,34,40,35,25,58,22,54,30,11,51,43,10,19,45,21,49,63,5,32,46,59,0,28,57,52,38,8,17,12,42,4,3,9,13,27,18,61,39,14,29,41,48,55,37,47,2,1,56,36,20,24,60,16,50,7,6,62,44,31,23
20,41,44,58,18,30,48,38,51,15,40,63,39,57,8,22,12,28,27,53,35,23,47,34,36,29,10,19,16,62,2,21,56,32,9,37,52,17,59,13,4,14,50,7,42,33,60,26,25,46,1,49,31,3,11,54,55,0,61,43,24,5,6,45
61,49,18,42,35,13,1,4,51,62,52,47,7,24,36,43,31,20,5,10,25,16,17,2,55,57,41,34,15,30,46,23,33,54,8,28,38,0,39,56,26,40,29,63,22,60,3,11,37,32,50,27,53,48,19,45,14,9,58,21,44,59,6,12
45,1,8,56,51,0,61,19,42,44,27,3,40,25,47,60,14,52,46,39,7,11,16,18,41,15,63,36,26,53,34,48,20,31,35,2,10,43,58,49,6,33,57,50,62,4,17,24,32,5,38,28,23,12,37,9,13,59,29,30,54,55,21,22
62,55,19,58,45,7,33,4,20,3,27,39,48,17,50,42,61,43,40,36,12,8,2,46,24,47,9,13,11,0,16,44,21,34,5,25,57,18,32,1,38,6,35,15,10,37,31,63,59,26,60,52,51,30,54,53,23,29,41,28,49,14,56,22
36,42,34,38,63,31,15,41,26,3,35,16,22,27,18,9,11,2,32,52,28,47,43,48,17,10,13,21,39,19,49,53,7,12,46,1,30,44,29,8,40,14,54,55,51,37,59,25,5,50,60,23,33,24,4,58,20,62,57,6,61,0,45,56
1,29,43,17,25,52,40,9,16,32,0,8,45,59,63,21,34,33,35,49,56,14,20,30,24,22,62,23,5,42,55,19,53,37,31,13,12,7,61,54,36,41,51,50,18,4,15,27,57,6,2,10,28,39,11,46,26,47,58,48,38,60,3,44
16,22,31,23,60,17,30,55,63,8,53,34,27,32,19,51,36,45,33,29,13,38,43,21,14,5,4,46,3,7,61,26,12,18,6,28,10,35,57,42,20,2,40,0,15,54,56,47,50,1,62,41,24,11,25,58,59,9,52,48,49,39,37,44
57,48,13,22,19,10,26,38,16,23,61,43,8,20,55,33,45,15,28,2,18,44,50,54,9,52,41,17,5,24,32,14,7,1,30,0,3,34,42,6,60,59,12,31,37,40,53,36,49,11,51,27,63,47,35,62,58,4,21,46,39,56,25,29
40,16,18,53,12,39,2,5,50,37,13,36,32,62,34,25,31,54,59,23,30,33,57,29,17,55,61,58,52,22,4,47,8,11,51,19,6,28,14,48,56,26,0,41,9,10,46,49,15,42,63,43,35,60,38,21,3,44,7,24,45,1,20,27
17,53,3,11,29,52,8,0,25,50,19,2,61,12,14,27,16,6,40,33,9,22,30,37,24,26,7,18,31,15,51,42,21,49,28,35,55,46,56,4,60,43,63,58,62,5,36,45,10,48,39,41,44,38,23,57,32,20,34,1,13,47,59,54
8,30,50,40,21,6,37,9,12,44,0,13,19,23,53,29,54,62,55,57,52,24,18,32,45,36,17,51,41,34,4,25,35,39,3,27,46,22,47,61,7,63,33,58,14,11,15,48,59,56,60,38,10,1,31,26,5,16,2,42,28,20,49,43
30,2,43,8,25,32,10,4,0,48,19,44,33,28,11,35,50,59,63,27,7,39,58,23,34,12,38,51,46,24,40,49,54,3,21,5,62,52,42,20,17,56,15,45,61,55,31,60,26,14,36,6,22,53,13,41,29,57,9,47,18,1,37,16
49,9,2,3,15,47,43,58,27,21,18,56,8,25,48,14,53,36,41,52,19,63,39,59,10,38,42,35,54,20,16,29,1,6,31,33,61,32,5,46,23,11,60,51,28,4,30,22,24,62,13,50,0,7,55,45,12,40,57,37,26,44,34,17
2,48,58,33,0,47,56,20,34,25,45,28,53,57,21,32,18,41,12,19,27,16,49,44,30,9,5,61,15,31,52,50,54,38,1,37,42,7,14,24,8,51,10,63,3,22,40,39,23,26,13,29,62,46,17,59,35,55,6,4,11,36,60,43
12,23,39,13,0,9,46,43,60,11,53,40,45,37,27,1,34,56,6,31,5,36,59,48,7,20,52,50,41,30,42,21,19,44,2,28,38,32,25,61,10,47,15,3,17,63,26,55,18,35,54,29,8,14,22,24,4,16,33,58,57,62,49,51
55,60,19,61,15,40,5,58,7,54,52,43,32,38,10,2,48,47,3,62,51,16,18,37,33,44,21,53,46,25,45,34,17,42,22,26,36,30,31,0,4,8,49,13,39,11,14,57,29,6,41,9,63,20,59,35,23,28,56,1,50,24,27,12
4,53,56,11,45,13,12,39,21,19,5,57,34,50,32,40,3,10,14,17,60,49,36,63,48,6,2,7,15,44,16,25,29,55,28,41,18,27,42,35,58,26,61,33,59,37,46,47,1,62,0,22,54,8,30,23,51,9,31,20,24,52,43,38
10,37,23,20,4,55,28,24,44,8,50,59,61,27,63,18,32,6,9,33,1,41,13,62,21,29,53,35,15,52,47,25,26,58,0,56,54,57,43,2,5,30,19,45,11,36,12,34,40,17,49,39,51,46,42,22,16,48,3,31,60,14,7,38
39,4,13,48,44,58,31,17,24,26,36,40,61,46,5,11,55,3,32,12,42,45,20,2,53,9,56,16,18,8,34,63,29,49,21,54,19,15,47,50,60,10,28,52,1,35,57,22,0,37,25,14,38,51,62,43,59,27,23,7,30,6,41,33
49,35,8,43,31,1,3,62,24,23,54,26,52,34,28,41,4,37,25,15,57,33,38,46,39,29,14,18,5,58,55,36,11,48,0,6,10,63,59,20,9,60,21,40,42,13,45,12,53,30,17,51,7,2,32,61,50,56,16,19,44,22,47,27
53,46,60,36,39,48,20,1,44,37,3,26,62,19,33,43,12,31,47,42,41,30,6,25,11,16,21,17,61,2,58,14,0,38,7,5,18,45,8,40,55,35,51,4,27,22,24,9,29,54,52,15,49,10,50,63,59,34,28,23,32,13,57,56
10,4,23,11,20,41,21,58,19,52,56,59,54,30,53,26,0,2,50,17,34,40,18,48,51,37,27,57,45,60,22,39,28,49,1,8,9,32,13,33,43,42,12,16,24,25,3,55,38,62,15,14,35,31,44,46,61,63,7,47,36,6,5,29
15,28,44,32,54,12,62,8,33,37,50,19,14,42,29,46,6,24,0,10,21,16,26,1,11,4,43,20,48,51,34,9,27,49,61,7,13,17,35,56,59,18,25,30,36,41,52,22,55,53,2,58,60,5,3,45,39,31,63,38,57,40,47,23
35,18,28,23,42,3,36,37,15,41,56,22,60,17,8,46,30,13,21,33,39,2,4,24,10,19,31,6,45,9,14,47,48,49,20,44,59,40,26,34,63,38,55,5,58,25,32,51,0,29,11,27,52,57,53,50,62,16,12,61,1,54,43,7
37,22,52,56,32,28,2,18,4,9,21,46,47,27,25,45,55,61,54,42,17,3,34,1,15,11,31,7,49,23,51,19,48,43,33,26,24,16,10,14,57,6,20,50,63,13,36,5,8,44,62,40,35,41,38,29,30,39,0,12,59,53,60,58
34,5,25,3,50,30,44,22,11,15,6,38,60,7,63,8,57,46,33,17,62,40,4,16,27,48,37,10,53,59,21,39,12,14,29,26,31,49,32,28,20,56,42,2,9,35,54,36,1,41,58,13,18,24,61,19,55,52,45,23,43,0,47,51
33,20,6,57,49,19,54,53,34,13,3,18,0,8,16,58,9,43,61,62,60,45,28,15,4,37,30,12,50,1,2,51,5,36,23,56,55,47,44,14,24,31,52,25,40,21,35,17,63,38,26,22,39,29,7,41,59,48,46,42,10,11,27,32
25,34,35,26,27,13,44,28,16,33,63,15,59,5,32,20,31,12,37,18,46,36,9,40,62,1,29,48,60,21,42,39,2,4,56,22,23,30,61,11,43,14,7,53,47,58,3,24,52,50,45,38,55,57,41,54,17,51,49,6,0,10,19,8
42,54,56,53,35,40,58,62,47,31,30,32,0,36,27,10,61,22,9,57,6,48,28,24,4,39,14,34,1,21,46,16,49,13,5,18,38,44,2,51,11,8,59,33,60,29,55,41,15,3,23,25,63,43,17,45,12,52,19,20,7,37,26,50
63,22,36,52,31,42,11,26,8,30,20,2,16,35,47,7,44,56,4,39,53,45,33,29,34,32,54,60,18,59,41,28,24,61,14,38,1,13,21,19,40,46,49,27,62,37,23,9,6,15,17,3,0,25,51,50,57,12,10,5,48,43,55,58
40,26,10,21,49,25,46,62,60,3,23,17,14,6,22,34,55,15,39,19,51,59,63,18,56,47,41,38,42,28,45,50,5,2,48,0,13,20,32,37,58,43,33,52,8,30,44,36,29,16,35,12,24,57,11,53,1,7,4,61,31,9,54,27
17,16,5,41,23,6,25,2,60,31,13,9,48,14,28,27,24,20,49,58,40,26,61,36,15,8,50,32,19,52,39,33,59,11,62,3,63,18,51,10,12,22,55,53,34,37,7,54,57,44,42,21,47,29,35,46,1,43,45,30,4,38,56,0
18,55,0,33,48,57,10,12,22,44,40,42,29,14,20,38,46,3,13,9,47,6,59,16,56,28,45,25,31,60,15,54,35,11,58,7,1,32,24,21,51,62,49,17,43,2,63,30,39,27,36,61,53,26,8,37,50,23,34,19,5,4,41,52
16,50,13,27,61,63,10,14,9,2,11,30,18,23,12,36,34,52,19,26,28,17,22,47,4,31,35,58,44,38,0,45,20,46,41,62,24,21,8,29,3,40,1,59,33,6,25,32,15,7,5,51,56,48,54,49,37,43,42,53,57,60,55,39
28,56,37,29,14,21,31,59,15,22,5,42,30,27,17,41,40,0,57,18,49,61,55,33,48,24,32,4,60,45,13,26,39,47,51,23,2,12,53,38,8,62,3,6,25,43,58,50,20,1,44,52,63,9,11,10,34,16,36,35,54,7,19,46
49,38,13,14,11,63,34,50,46,52,5,45,19,23,44,40,41,22,42,47,39,60,9,20,28,59,0,12,32,56,24,51,8,57,36,2,25,18,26,3,31,58,53,55,37,29,15,10,35,48,61,33,4,62,16,30,7,27,1,54,21,17,6,43
50,33,6,43,32,28,13,57,31,56,53,12,8,54,45,46,2,37,0,60,48,47,23,22,14,39,27,51,40,55,17,49,26,18,52,16,24,7,4,25,5,15,63,36,19,35,1,9,21,3,34,41,11,59,29,20,61,62,42,38,10,44,30,58
7,19,21,45,47,4,17,59,26,34,40,24,6,62,56,54,29,9,33,23,42,49,5,43,63,28,18,0,35,39,30,51,38,36,3,16,12,11,58,50,57,41,37,13,55,48,20,31,46,1,61,52,14,15,25,2,10,60,53,27,8,22,44,32
2,32,15,9,19,14,55,40,16,33,11,36,37,54,17,57,52,12,21,24,44,51,53,48,29,58,41,10,7,35,26,18,22,27,49,23,43,31,20,28,8,34,50,59,60,0,63,46,5,56,61,62,38,13,39,1,25,3,4,30,47,42,6,45
49,36,23,41,12,16,63,42,58,24,15,54,52,59,48,40,56,3,14,34,17,46,25,37,50,30,0,27,6,4,32,5,55,11,28,21,51,53,61,31,18,1,26,62,10,20,47,39,57,22,8,9,60,45,43,44,38,7,35,19,2,29,33,13
44,9,52,7,37,8,60,17,62,55,14,25,30,53,3,46,26,31,4,16,1,13,21,24,20,42,23,22,33,34,61,39,19,57,63,35,15,29,12,49,38,32,50,58,41,10,27,47,56,18,11,6,51,5,59,45,36,2,43,28,54,48,0,40
24,63,45,41,39,50,59,33,32,5,42,48,43,46,22,18,47,60,10,36,58,12,61,6,40,21,15,9,49,57,23,0,38,4,28,44,31,54,27,25,20,62,52,11,2,3,34,1,37,35,8,17,53,30,26,55,14,56,19,29,13,7,16,51
23,18,6,7,33,20,41,54,45,2,15,57,11,12,25,50,9,27,31,32,59,37,51,1,19,56,30,60,61,58,3,53,42,43,46,35,44,52,38,10,24,5,21,22,14,13,47,49,63,16,36,34,39,29,4,40,17,48,55,62,8,28,26,0
11,58,24,19,61,51,46,40,33,30,52,44,17,26,53,45,41,27,54,2,28,10,12,31,13,23,43,55,29,38,5,39,0,59,3,6,50,56,42,37,63,32,9,35,14,15,22,1,4,34,60,20,21,18,8,62,16,48,25,7,47,36,57,49
50,10,14,53,17,24,20,33,3,52,47,42,16,4,34,63,58,11,46,1,21,51,22,61,59,26,35,39,62,29,41,31,45,30,28,44,15,56,25,40,23,13,49,57,7,55,18,48,32,27,12,38,9,60,37,0,36,54,2,19,8,43,6,5
26,35,46,39,32,14,31,42,30,0,22,7,20,11,53,29,49,18,17,1,38,12,44,33,27,56,61,57,59,43,47,4,24,5,37,58,51,15,21,40,6,28,50,41,19,10,8,52,16,3,34,13,23,9,63,25,55,62,60,45,36,2,54,48
13,55,62,60,37,33,45,27,18,41,36,44,17,38,35,14,19,7,49,11,54,25,6,1,50,20,61,4,0,63,56,51,15,29,34,32,9,2,42,8,23,46,12,59,47,5,24,52,48,16,57,58,21,28,3,31,53,30,22,40,26,10,43,39
28,21,25,24,22,26,31,11,37,12,62,2,54,19,45,6,58,61,56,16,1,63,41,20,7,49,38,17,46,59,53,47,42,13,52,14,10,0,48,3,57,60,32,4,18,5,8,15,50,43,29,34,39,51,27,36,9,40,23,44,33,35,55,30
59,14,10,63,21,54,23,46,44,29,31,25,8,34,42,26,58,52,11,51,9,55,2,7,22,1,12,53,16,49,17,0,50,13,19,5,6,15,39,43,35,47,27,33,56,38,61,62,3,20,40,28,32,41,24,45,48,36,18,30,4,57,60,37
11,48,61,36,57,41,26,38,43,49,7,16,28,24,58,56,10,44,40,39,6,14,25,8,3,4,30,22,5,19,47,27,1,18,33,21,37,46,9,29,34,42,12,52,32,13,51,53,2,62,60,50,55,35,0,23,63,45,31,20,15,54,17,59
63,60,59,47,19,13,45,58,20,35,7,1,46,12,14,25,48,32,18,42,29,51,50,24,44,22,17,28,56,5,55,37,15,3,23,4,2,9,21,38,40,57,8,10,34,49,54,27,31,52,16,26,62,30,61,36,33,43,39,53,11,41,0,6
38,46,43,23,7,61,1,37,39,13,4,29,3,57,48,20,50,56,22,52,14,41,34,58,36,45,19,51,12,32,55,17,0,6,42,9,49,40,18,44,60,62,26,59,63,16,15,8,54,47,5,31,53,10,33,11,2,30,25,21,24,28,27,35
48,31,47,38,12,22,45,7,4,21,39,63,43,53,23,2,54,5,19,61,27,59,41,0,11,33,40,55,10,50,8,46,6,26,14,30,18,57,9,51,44,36,49,25,28,16,58,24,17,32,56,15,13,1,42,29,52,35,37,60,20,3,62,34
12,43,17,2,47,20,51,45,1,34,30,52,15,7,14,55,39,5,49,50,27,56,18,61,11,62,9,48,33,40,16,6,37,31,59,3,35,29,42,63,26,58,21,32,60,44,24,53,23,28,8,10,19,38,0,57,36,54,25,13,4,41,46,22
38,32,9,42,48,25,37,4,46,22,17,21,51,33,28,10,62,24,23,63,5,34,1,19,41,56,29,61,14,43,45,49,13,11,50,52,40,27,60,57,54,12,53,20,26,39,8,3,0,35,2,44,58,16,59,30,15,6,47,36,18,55,7,31
38,59,55,29,24,19,4,45,50,49,21,0,8,5,58,10,33,16,43,32,11,62,60,61,13,44,3,17,9,56,1,2,20,25,35,54,53,40,7,23,31,30,15,36,39,37,18,27,12,47,41,63,42,22,51,26,28,52,14,48,6,57,34,46
52,0,42,41,20,43,18,19,56,61,24,5,30,62,60,38,44,33,29,27,26,14,51,55,9,28,15,11,8,10,4,50,22,45,63,34,17,35,57,36,47,37,49,58,54,31,59,39,21,40,46,3,23,6,48,12,32,25,16,7,53,2,13,1
54,42,7,17,9,6,24,19,12,21,60,47,49,38,3,52,22,31,57,46,28,41,11,59,45,36,26,23,2,14,39,18,15,43,20,40,0,58,29,62,8,53,30,61,63,34,50,48,56,16,55,27,1,5,37,4,25,32,44,13,33,51,35,10
0,11,31,14,52,44,9,15,30,16,41,62,32,17,5,1,35,23,36,38,12,22,49,21,33,25,29,39,24,46,55,19,37,63,61,27,48,43,58,56,4,60,47,8,6,34,51,20,3,53,10,54,45,28,40,57,26,50,7,18,59,42,2,13
61,58,3,55,21,33,50,35,14,10,28,57,17,4,29,24,27,43,46,20,37,40,38,7,32,54,45,51,53,59,56,19,13,49,31,8,62,41,1,60,25,47,26,36,42,9,34,5,11,6,63,48,52,39,15,44,0,16,23,22,2,30,12,18
60,14,24,9,18,39,29,59,41,23,40,12,0,8,25,26,31,46,6,63,61,52,43,21,20,51,16,62,58,28,56,4,11,33,13,30,2,27,44,55,10,48,17,32,1,50,3,19,7,5,35,15,38,47,53,54,37,36,34,45,22,57,49,42
19,61,35,34,26,20,43,56,4,37,48,62,28,38,49,31,18,27,45,47,42,15,60,44,46,41,6,39,7,12,57,8,53,25,21,54,11,5,55,16,58,13,14,33,9,24,3,17,0,63,32,30,22,59,51,23,10,1,36,52,2,50,29,40
1,58,5,46,4,63,33,60,25,43,14,54,48,41,0,3,35,32,19,59,10,40,9,29,15,30,22,55,42,57,49,53,17,7,51,27,62,39,34,36,38,18,44,47,50,12,13,31,2,8,23,20,21,56,16,61,26,45,52,28,37,24,6,11
21,61,35,51,8,2,22,54,24,20,5,58,39,49,10,16,15,25,23,42,57,11,62,50,3,31,0,63,47,48,28,43,40,29,18,59,45,27,7,55,56,34,37,44,14,60,1,6,4,38,46,9,32,33,19,53,12,52,41,26,36,13,30,17
57,48,0,12,36,42,40,50,56,18,58,29,4,44,25,20,49,21,46,61,35,37,28,47,5,55,2,17,16,9,62,3,31,10,19,27,7,63,53,43,33,54,26,1,6,22,11,24,14,23,34,32,41,38,45,8,15,51,39,60,52,59,13,30
24,13,3,18,19,35,57,10,36,58,46,12,53,34,41,15,25,22,5,55,38,48,31,32,29,56,49,43,39,6,16,33,21,42,23,28,8,37,11,30,1,27,52,14,51,44,26,7,59,20,63,0,45,60,17,61,62,9,50,40,54,2,47,4
31,33,25,48,36,59,57,49,27,17,58,54,21,13,24,62,43,0,23,16,51,19,32,50,5,26,29,42,11,38,46,53,6,10,15,35,63,28,30,45,12,55,7,37,8,56,61,14,47,4,40,39,52,44,41,1,3,60,20,22,9,18,34,2
0,51,14,38,12,8,55,5,28,46,7,24,36,39,31,9,41,42,60,32,6,59,54,58,29,30,22,56,63,16,20,18,43,10,26,34,19,17,49,47,37,13,57,11,53,40,52,45,44,50,15,4,1,33,21,48,61,27,25,62,35,3,23,2
3,40,22,7,42,6,33,38,46,16,63,28,11,1,10,39,59,60,12,51,56,50,31,23,49,29,55,36,19,57,47,26,52,27,62,4,2,34,30,37,5,20,32,0,13,18,35,43,53,54,24,25,48,21,44,41,17,8,15,58,9,45,14,61
32,58,20,40,31,41,53,21,15,5,56,33,14,50,25,2,63,9,37,8,3,43,0,22,30,11,35,7,54,38,48,34,55,23,61,59,24,13,10,17,42,60,57,6,46,45,49,47,16,52,19,26,27,36,28,51,44,18,1,39,62,4,12,29
54,21,17,60,2,9,49,8,35,59,56,32,45,20,38,39,5,36,51,22,30,47,52,61,53,27,12,7,50,11,55,3,25,0,6,57,34,26,15,41,19,33,16,46,13,62,1,14,28,43,44,63,48,29,23,18,37,31,40,42,10,24,4,58
32,60,41,38,56,31,62,25,30,27,21,4,0,48,58,12,3,13,5,18,47,50,29,8,19,54,17,39,42,35,52,44,20,11,16,37,36,23,7,33,57,51,49,61,53,22,40,9,15,26,43,24,2,45,46,59,28,34,14,63,6,10,55,1
30,6,48,3,28,4,59,52,55,54,21,22,7,15,42,34,14,41,23,45,19,37,16,12,11,60,46,50,5,38,29,36,1,18,57,62,51,26,49,35,13,56,9,25,10,2,31,39,58,0,17,27,20,40,43,24,47,61,63,44,8,32,53,33
31,58,16,52,9,6,5,55,35,14,49,46,7,40,62,38,18,24,28,29,33,2,26,39,22,50,15,63,57,43,56,11,10,25,59,30,21,60,1,47,3,36,32,51,23,19,61,13,45,48,17,34,20,37,42,53,54,41,8,4,12,0,44,27
0,46,7,40,31,37,28,17,21,25,62,51,16,15,3,14,55,52,11,60,12,47,56,53,30,19,10,49,13,1,35,27,48,29,8,20,23,61,42,43,18,32,22,39,54,50,38,24,41,44,4,6,57,34,58,2,36,63,9,59,26,33,45,5
22,35,13,23,60,24,52,30,49,3,1,37,20,40,32,9,53,6,15,33,50,29,62,18,61,48,25,63,34,0,54,31,57,43,45,51,44,10,11,27,28,47,36,4,56,5,55,46,41,17,16,19,59,7,2,42,38,12,21,8,14,58,26,39
29,11,21,39,12,59,17,30,3,52,55,37,41,47,27,45,40,6,19,42,58,63,62,57,33,28,26,49,15,32,16,7,9,38,31,48,2,10,51,61,53,8,24,35,50,23,13,22,20,60,25,4,18,14,46,43,36,0,54,1,34,44,5,56
10,47,29,6,1,20,33,26,52,61,2,39,41,48,54,56,3,35,34,8,44,27,13,43,19,7,63,53,28,62,45,50,59,16,23,11,57,38,58,14,18,36,22,30,4,5,17,40,32,25,15,0,37,51,9,42,60,46,55,24,31,12,49,21
23,3,48,25,10,50,52,36,22,21,53,5,46,7,20,28,63,54,13,56,59,15,29,49,31,1,12,40,58,43,42,37,47,60,39,30,62,55,2,11,8,44,35,27,9,4,45,51,32,17,33,24,57,0,26,18,14,34,41,38,6,19,61,16
53,11,36,56,25,46,55,31,62,61,58,40,16,8,9,43,29,52,39,63,41,0,50,14,47,60,17,59,5,18,26,54,33,27,32,20,51,38,48,42,3,15,57,22,30,7,6,2,45,21,24,37,23,44,12,4,28,1,10,34,35,49,19,13
62,25,54,41,0,18,57,56,3,23,45,7,1,24,59,63,42,11,27,8,44,55,21,39,51,12,53,28,5,14,37,22,29,31,60,10,2,40,20,58,9,30,52,15,13,33,46,35,16,38,6,19,34,50,61,48,49,4,47,36,32,26,17,43
23,40,33,42,28,51,7,30,15,16,26,2,31,6,53,56,55,11,18,35,43,21,5,20,39,36,9,12,46,63,10,54,52,34,57,38,27,58,41,50,37,24,3,19,47,13,59,8,45,62,29,14,25,60,0,22,32,49,1,48,61,4,44,17
51,30,43,17,50,25,18,46,10,28,52,47,21,9,58,20,22,26,3,40,60,45,6,41,38,14,39,0,5,23,63,4,12,2,29,36,24,8,56,11,55,48,15,62,59,16,35,1,19,31,33,27,7,32,54,44,61,42,37,57,49,13,53,34
21,24,10,53,15,54,3,36,61,7,55,9,37,52,43,12,59,18,25,23,47,56,46,33,34,13,35,42,19,60,41,38,27,26,40,1,29,11,14,51,44,39,5,22,62,6,16,17,0,30,2,45,58,49,48,8,20,28,50,32,31,63,4,57
54,14,57,13,26,63,8,25,53,55,45,23,21,60,43,38,0,42,29,62,35,18,24,46,7,10,2,51,50,36,34,30,31,15,56,11,27,3,40,52,16,9,22,59,17,58,37,48,47,12,20,49,1,6,41,28,19,4,61,39,32,5,33,44
21,59,56,25,41,27,48,4,55,58,52,1,26,51,9,17,23,40,46,49,57,10,44,37,47,15,50,33,43,35,18,54,2,8,20,14,7,53,36,22,28,29,13,62,11,31,32,19,30,42,12,3,34,61,63,5,39,60,45,16,0,6,24,38
63,11,18,4,35,43,47,28,36,2,41,7,21,22,14,45,50,48,6,55,29,38,30,13,33,15,32,3,39,56,49,44,16,46,34,25,59,5,42,37,1,31,19,12,52,27,24,58,53,60,26,62,10,8,51,61,57,9,17,20,0,23,40,54
35,62,23,10,63,57,32,56,51,59,0,58,1,50,60,3,36,17,7,14,9,18,45,39,38,21,31,27,34,16,40,44,49,37,26,33,22,24,12,29,13,11,15,25,48,47,61,30,4,53,42,6,20,43,5,8,46,28,54,2,19,41,55,52
14,48,24,28,57,21,17,11,29,54,19,12,9,34,43,51,50,23,62,26,4,7,32,22,46,40,60,59,10,58,63,36,16,52,38,47,15,33,6,0,42,39,1,13,18,3,53,44,35,30,41,45,37,49,2,56,55,27,8,25,61,5,20,31
44,25,54,29,52,19,38,40,21,11,18,59,50,12,27,62,23,22,57,46,58,61,56,33,26,34,8,14,42,37,41,39,20,51,43,49,30,31,10,32,9,7,1,16,3,63,6,55,15,4,35,28,60,17,48,53,13,36,2,24,5,47,0,45
63,57,50,3,6,39,49,60,31,59,45,28,25,61,14,23,52,38,24,32,15,16,8,11,51,21,30,34,0,55,42,47,5,58,26,27,36,44,10,7,9,12,46,2,56,62,29,22,1,41,35,37,4,17,40,20,18,48,33,54,53,43,19,13
27,53,13,46,28,34,42,10,44,41,11,14,58,26,61,59,9,23,56,54,17,18,48,7,22,49,2,40,60,38,32,35,51,21,33,30,37,47,24,31,39,45,50,20,36,12,3,62,57,0,63,1,19,29,16,43,15,6,52,8,5,4,25,55
36,59,8,7,57,22,51,32,34,30,56,20,5,11,60,37,1,62,10,24,54,31,50,23,25,6,14,44,2,13,40,0,61,35,39,49,52,46,45,43,4,42,21,33,58,55,47,16,9,12,19,38,29,15,26,28,17,41,3,53,18,48,63,27
30,9,2,18,26,16,41,50,7,42,47,28,13,25,1,48,51,19,60,40,5,0,27,11,63,62,57,29,32,35,39,17,54,23,56,53,12,4,6,8,38,33,34,36,14,55,61,31,37,43,20,46,52,22,44,24,45,3,21,59,58,15,10,49
21,9,32,56,55,48,30,10,11,59,51,35,40,53,38,24,50,18,34,39,25,27,42,7,41,31,52,36,58,45,3,4,62,46,29,43,17,0,61,13,60,20,14,57,12,5,26,2,19,54,49,16,6,23,44,1,22,63,37,33,15,8,28,47
38,35,62,49,28,36,27,2,53,50,30,54,32,41,8,33,63,26,25,0,46,1,13,3,45,22,37,24,4,48,61,43,10,23,20,6,51,58,42,59,39,19,5,34,14,7,31,56,44,16,57,60,12,40,52,9,17,18,11,21,47,29,55,15
31,58,26,44,11,32,19,22,36,37,3,59,28,5,41,12,63,52,45,9,62,46,16,34,7,61,57,15,50,38,60,47,42,49,20,51,1,55,17,53,48,35,8,24,0,18,23,4,39,43,13,27,29,40,56,14,33,6,2,54,10,30,21,25
3,35,29,19,36,33,58,46,60,57,32,59,5,9,13,17,40,24,63,6,34,26,12,21,43,0,28,2,53,7,11,42,52,18,4,62,14,27,39,1,16,49,8,55,20,51,22,15,25,61,47,23,54,45,31,30,50,48,37,10,56,38,41,44
49,12,7,54,31,3,59,25,14,35,20,0,37,4,50,21,55,63,30,11,36,38,9,43,5,56,48,61,17,23,2,45,16,58,27,15,40,1,39,46,24,26,32,44,51,33,6,60,42,53,57,10,13,47,19,22,29,62,8,41,52,18,34,28
39,37,46,8,36,35,18,17,49,9,20,38,27,62,48,32,4,25,59,19,1,43,22,45,5,13,15,14,56,60,31,63,10,57,61,58,21,40,33,44,2,26,12,54,3,29,0,50,55,42,24,41,51,11,23,34,53,16,6,28,52,7,47,30
19,58,52,37,6,8,10,31,28,36,11,48,7,20,25,57,15,2,51,62,16,44,18,26,1,60,3,0,39,43,24,30,4,32,56,13,34,5,50,33,9,55,42,41,45,61,35,46,54,40,47,27,21,63,22,59,38,53,29,14,17,23,49,12
54,62,15,11,52,0,55,23,24,61,31,2,37,49,47,39,60,28,63,21,48,1,40,16,36,17,13,14,22,42,3,4,34,25,44,18,46,26,20,30,53,59,32,50,57,10,56,7,45,41,51,27,5,43,38,6,12,19,33,8,58,29,35,9
46,34,38,20,19,5,53,18,4,29,55,14,35,27,15,7,33,43,41,42,36,3,62,57,16,56,25,52,39,51,26,61,1,22,31,58,44,17,45,37,50,63,9,59,40,23,30,11,12,47,6,8,24,10,32,13,21,28,0,49,60,54,48,2
19,24,18,17,27,15,25,50,33,37,63,45,60,57,54,39,44,21,43,29,52,23,10,34,56,9,46,32,0,61,49,7,26,55,14,62,36,4,20,35,41,2,11,3,6,42,59,48,53,30,28,5,40,12,22,51,31,38,47,58,13,1,16,8
23,56,46,53,22,15,60,1,49,11,10,18,9,25,16,5,29,61,30,26,17,27,41,4,62,57,14,13,38,0,21,50,37,44,8,6,12,47,48,36,55,24,40,59,43,63,35,39,33,42,54,52,45,3,19,28,51,34,58,2,32,20,7,31
16,30,38,63,3,54,12,0,2,14,61,62,32,41,13,42,33,31,45,35,49,25,8,37,5,27,28,26,56,10,4,19,44,6,7,9,17,40,20,58,1,51,52,21,11,36,48,29,34,18,15,60,50,39,47,57,46,24,22,23,55,53,59,43
50,60,9,33,14,35,26,15,18,16,59,4,56,53,58,29,23,38,2,8,0,24,10,41,40,21,46,22,1,45,54,44,12,39,5,11,37,62,6,3,31,42,28,34,63,27,19,17,48,25,43,55,30,61,51,57,47,32,52,7,20,36,49,13
11,25,27,35,36,17,50,49,56,18,45,48,22,31,58,34,7,61,30,40,55,20,43,4,37,63,46,15,16,42,39,57,47,54,23,52,62,41,32,38,8,51,10,13,29,5,3,1,6,60,0,33,44,59,9,2,53,19,12,26,28,21,24,14
8,63,44,16,49,3,39,21,46,28,37,23,2,11,47,59,19,58,20,18,0,25,4,34,36,40,53,7,42,35,24,15,31,62,1,27,22,45,60,56,54,50,26,6,13,48,51,10,14,9,12,32,17,5,41,61,43,33,55,57,52,30,29,38
7,18,21,61,1,52,14,10,55,50,46,16,23,45,11,62,22,35,40,41,30,5,2,37,28,19,48,42,25,60,33,26,15,31,39,53,36,49,59,6,0,24,57,51,47,38,43,34,17,20,63,12,8,32,44,13,3,4,29,54,58,56,27,9
25,17,16,44,35,49,21,39,3,59,41,62,2,5,28,10,23,58,18,15,27,20,57,0,50,13,29,8,51,40,43,32,6,19,46,42,31,63,33,56,34,7,61,36,60,48,53,54,52,47,38,45,24,37,55,9,22,30,4,14,1,26,12,11
4,10,42,29,46,33,43,60,41,47,11,19,30,31,39,57,44,28,34,23,58,20,25,27,62,37,15,17,16,35,61,9,18,0,45,56,48,14,54,8,36,52,50,13,6,26,55,59,22,40,21,7,2,5,49,63,24,51,3,38,53,32,12,1
52,62,56,2,37,23,42,54,55,4,33,61,21,51,34,0,15,27,5,39,20,53,50,57,38,26,45,6,22,8,40,49,60,1,58,18,17,10,59,46,25,28,14,32,36,13,19,47,43,16,41,63,12,30,3,11,31,24,29,44,35,7,9,48
46,22,44,55,23,36,53,49,19,2,17,42,29,57,0,26,27,1,31,61,21,7,20,33,25,59,34,50,62,37,52,4,63,5,51,13,47,60,40,58,16,43,24,35,54,10,3,9,18,30,39,28,56,41,6,38,14,15,12,11,8,32,48,45
35,9,3,49,2,44,59,39,1,6,15,8,46,22,14,20,7,47,42,61,34,10,54,63,40,45,29,26,56,57,51,41,52,11,60,17,25,33,50,13,55,0,19,38,27,5,24,28,43,36,4,48,23,32,12,53,37,62,21,31,30,18,16,58
41,52,63,17,38,46,36,7,2,35,32,47,59,51,22,58,57,10,6,50,24,62,18,1,44,0,53,49,23,60,34,29,26,54,16,11,9,5,3,20,48,30,12,33,14,25,55,13,15,8,31,42,43,39,37,19,45,61,28,40,4,56,27,21
62,25,9,24,63,53,57,48,20,17,15,60,11,56,42,4,2,32,59,12,0,31,43,8,10,28,30,44,45,27,1,39,13,33,22,49,7,58,23,51,54,29,47,52,19,46,14,55,16,41,26,37,35,50,21,6,34,18,61,36,38,5,3,40
55,12,56,27,6,57,42,16,25,47,21,23,40,4,8,34,41,17,18,62,53,24,5,11,7,13,59,61,35,48,30,58,63,44,28,26,43,14,60,50,39,45,38,51,10,20,0,54,22,49,33,29,31,3,19,2,15,52,46,1,36,37,9,32
13,34,46,36,59,58,28,43,5,47,49,27,51,41,63,57,2,7,11,9,35,24,16,56,62,60,30,45,21,55,3,19,15,44,22,50,18,31,37,61,0,10,52,38,23,14,29,17,33,12,39,20,26,48,53,40,54,4,42,8,25,32,6,1
2,31,30,20,63,38,7,1,57,9,56,0,18,39,32,35,51,49,50,43,17,59,42,12,21,53,47,48,33,10,40,4,3,62,34,24,36,46,25,6,19,44,14,26,45,37,15,13,22,16,61,52,8,41,28,54,27,55,5,60,58,23,29,11
54,30,7,11,13,4,34,12,57,0,55,60,1,53,49,59,40,9,14,15,35,63,31,26,5,44,18,41,22,27,10,43,2,23,21,48,29,6,56,52,20,33,16,36,47,50,38,32,51,42,17,8,28,39,3,25,61,58,19,45,24,46,37,62
9,18,41,34,11,25,30,27,46,50,23,58,38,7,26,15,19,14,20,32,33,60,13,0,51,35,44,16,21,22,24,52,2,48,40,54,36,29,17,4,42,31,62,28,39,5,10,37,47,49,1,6,55,56,8,45,3,61,43,59,53,12,63,57
9,27,56,6,58,52,38,43,54,33,47,3,55,19,13,14,62,44,60,22,26,48,50,36,46,25,63,51,2,61,49,5,4,35,40,20,23,59,17,45,21,31,29,57,53,0,8,1,11,39,16,28,12,15,18,37,10,34,24,7,30,41,32,42
41,45,53,47,58,54,31,9,27,3,21,62,16,43,1,14,17,40,46,13,32,35,57,7,56,60,28,55,48,26,38,8,51,24,34,20,5,23,12,36,37,0,39,25,44,33,61,18,59,4,2,11,15,50,19,29,42,10,63,6,22,49,30,52
32,11,46,61,53,7,25,59,13,55,43,18,50,56,52,19,57,54,12,1,24,2,60,51,40,3,33,38,30,62,42,28,9,20,26,16,44,0,6,22,36,29,41,17,47,39,31,45,34,4,27,49,23,35,37,8,5,58,14,15,63,48,21,10
38,2,5,0,49,28,15,54,36,12,59,58,4,19,13,16,23,22,48,21,50,56,8,25,30,55,27,24,20,44,39,26,61,40,37,29,41,45,10,17,31,57,35,51,11,43,7,1,33,42,46,34,63,60,6,3,47,62,52,18,53,9,32,14
8,7,26,25,57,27,51,39,44,49,17,61,29,1,54,5,42,41,4,22,50,21,34,48,35,33,58,46,59,9,56,3,52,38,45,19,40,0,43,15,16,11,10,18,32,47,55,6,37,28,63,30,24,14,13,62,2,20,53,12,31,36,23,60
63,19,24,17,40,11,55,42,49,1,35,27,38,22,33,57,36,10,34,39,20,14,9,15,43,45,60,6,47,41,18,32,2,62,46,28,52,58,29,23,21,44,3,61,37,48,53,56,12,16,30,7,59,31,50,4,54,25,26,8,51,13,5,0
56,29,54,5,8,14,50,2,3,24,23,40,17,62,16,42,28,51,41,38,13,19,43,55,25,33,37,12,47,44,34,10,20,35,59,32,63,22,46,45,30,49,61,58,1,15,6,11,53,31,27,9,36,52,4,48,26,60,57,21,39,7,18,0
51,23,22,50,44,62,32,26,45,3,21,41,55,7,19,46,52,47,38,0,10,48,1,36,39,4,54,6,9,24,27,11,34,13,25,53,16,63,18,2,30,14,17,58,49,60,31,61,8,15,56,59,43,40,42,29,5,35,20,33,37,28,12,57
33,34,62,50,18,5,39,1,43,42,4,25,12,46,51,13,38,28,17,30,27,6,23,40,32,10,53,52,21,47,19,35,16,3,56,36,9,58,22,63,24,49,41,55,48,44,8,11,29,20,7,14,26,37,54,59,15,60,0,2,61,57,31,45
10,13,26,24,18,55,17,25,60,35,59,61,54,53,7,45,52,51,42,29,2,58,36,63,8,21,9,16,56,41,23,11,20,46,48,14,3,30,12,31,22,39,50,33,49,28,0,6,62,57,37,15,34,1,38,43,5,4,32,40,47,27,19,44
13,36,42,54,45,22,44,60,55,53,16,59,43,27,40,17,1,51,8,49,12,34,35,31,14,56,18,57,7,20,21,48,28,47,15,6,58,61,2,62,32,4,38,11,33,9,10,26,5,24,50,46,30,3,0,52,63,23,39,41,37,19,29,25
0,40,10,51,57,14,18,42,38,27,61,17,63,8,29,9,22,6,62,12,47,34,3,28,59,52,23,2,54,53,4,7,36,20,56,5,19,58,46,1,50,33,25,44,16,32,11,21,26,39,49,48,37,55,13,43,45,30,41,35,60,15,31,24
55,37,52,0,21,23,39,9,24,14,61,34,3,1,53,54,43,59,22,29,48,6,58,27,44,50,4,7,51,25,41,15,38,42,35,28,31,18,12,10,57,56,5,45,19,36,49,46,40,47,62,63,16,17,32,26,13,8,60,20,33,2,11,30
59,38,2,9,44,28,5,57,1,16,29,35,56,4,47,3,23,19,45,22,10,18,30,21,20,26,27,61,43,15,12,7,50,31,37,34,53,41,60,54,13,46,32,49,51,8,14,42,48,52,55,58,25,17,6,11,40,39,0,63,33,24,36,62
20,28,47,32,46,8,62,36,51,33,55,1,24,59,0,27,45,19,41,35,40,34,25,12,50,17,58,11,4,7,39,63,6,30,15,3,16,57,56,54,49,48,53,18,9,22,21,43,10,23,38,2,42,5,26,31,14,60,29,61,13,52,44,37
57,59,30,51,36,34,24,55,29,39,49,1,47,21,62,38,53,17,56,42,37,58,19,10,25,13,31,40,61,5,15,26,33,28,2,14,18,45,32,12,63,54,22,52,50,9,16,4,7,3,8,48,11,20,60,27,0,23,35,6,44,41,43,46
23,61,42,43,12,9,25,5,28,37,34,18,14,48,8,15,62,39,22,32,49,11,7,58,45,57,4,44,20,63,0,1,47,3,21,36,30,56,53,19,38,54,55,59,50,27,41,46,17,10,29,26,13,24,16,51,2,6,52,40,33,60,31,35
60,37,48,40,31,62,59,33,39,13,24,35,41,34,38,20,12,53,27,9,25,19,32,5,46,36,26,0,29,15,52,61,2,22,55,18,7,17,14,8,21,10,6,56,45,3,42,49,63,43,51,57,4,28,11,47,1,58,44,23,54,50,16,30
13,54,58,32,18,52,57,35,38,37,56,41,7,31,60,29,8,44,16,5,48,12,19,62,17,43,59,50,25,55,11,4,61,0,42,45,27,28,63,49,23,14,34,20,3,30,6,24,9,39,10,36,46,21,26,1,47,22,2,53,40,51,33,15
11,53,14,46,22,42,58,33,52,6,4,61,60,18,21,5,28,32,38,55,25,12,36,39,0,62,34,2,35,51,13,41,63,59,27,15,10,31,37,40,9,49,16,45,23,30,57,3,56,43,20,19,7,44,24,8,26,54,50,1,17,29,48,47
16,32,45,43,14,18,17,8,49,26,53,48,37,7,30,20,25,24,6,59,63,28,31,22,4,51,57,23,52,38,27,40,13,42,15,19,2,5,47,56,11,36,54,58,41,61,12,21,62,46,9,3,39,34,10,33,60,29,35,55,44,0,1,50
25,61,14,33,45,1,49,27,46,0,11,8,19,2,16,22,53,60,35,20,36,31,29,30,58,6,18,56,34,26,47,44,37,50,38,48,54,3,28,15,7,55,63,41,57,17,59,32,21,5,24,23,43,13,51,39,9,62,10,42,4,12,40,52
34,15,9,55,19,13,0,51,7,4,41,48,32,52,61,14,53,24,30,45,49,1,33,47,5,37,29,44,17,18,63,28,10,50,2,21,58,22,60,25,8,39,38,31,54,26,56,40,20,3,57,59,43,6,11,23,62,35,12,16,36,46,42,27
36,10,26,45,61,38,30,46,55,44,17,32,9,7,49,0,11,14,31,34,40,58,59,24,18,12,4,60,23,47,13,25,28,63,43,50,48,22,35,51,19,37,41,15,20,6,27,54,56,16,2,62,29,21,39,8,33,53,1,3,52,42,57,5
51,32,9,16,54,12,41,29,17,23,19,24,11,53,58,43,44,49,52,2,46,1,25,3,20,30,57,34,21,14,38,36,48,28,56,50,37,27,18,0,31,62,10,4,15,63,40,42,47,13,7,59,55,39,61,22,60,6,35,45,26,5,33,8
55,53,35,57,54,23,38,46,29,63,45,56,8,13,11,52,58,7,28,41,59,27,47,21,61,2,36,6,19,30,0,40,10,12,25,43,16,1,39,22,26,4,17,34,31,33,37,24,49,51,14,48,18,50,42,3,20,60,62,44,9,32,5,15
47,12,42,32,20,53,56,27,21,33,61,23,26,41,60,24,17,18,3,51,52,48,55,43,31,39,46,8,50,25,13,16,10,36,0,45,29,37,19,2,35,7,44,63,15,28,58,5,38,54,62,4,9,6,57,34,14,40,59,30,49,22,11,1
21,58,2,13,16,30,43,7,9,61,33,19,56,50,6,63,49,57,52,37,44,60,38,10,36,53,17,35,28,46,4,47,3,11,22,29,54,32,25,55,48,26,40,20,5,24,8,45,31,34,0,41,23,18,15,42,12,51,27,14,39,1,59,62
7,17,56,58,35,50,47,31,23,32,46,40,25,63,48,14,51,15,16,11,20,21,37,41,44,60,1,27,34,9,6,22,52,57,4,38,59,43,18,54,53,13,39,61,19,36,33,62,42,30,55,8,49,24,10,12,5,29,26,45,0,28,2,3
43,15,59,52,50,6,32,1,51,44,11,2,63,12,23,35,26,21,53,62,36,25,60,16,58,7,54,33,42,5,37,22,10,47,39,18,20,45,29,38,24,19,3,41,56,46,27,49,0,61,31,48,17,30,4,40,57,9,8,34,28,55,14,13
21,32,60,24,14,46,55,41,18,54,56,15,3,19,27,5,51,29,11,22,53,4,44,8,43,63,6,62,1,12,7,2,16,0,30,59,33,9,52,20,31,10,26,58,25,35,42,61,47,38,13,57,45,48,50,23,34,37,40,36,49,39,28,17
59,53,45,19,7,61,41,38,8,47,44,33,18,63,29,0,32,37,1,25,5,51,10,12,14,21,46,56,20,57,24,28,62,31,60,49,55,27,50,30,39,35,23,11,34,42,52,43,40,48,13,4,22,3,16,54,17,58,26,9,6,36,15,2
25,14,20,41,8,27,46,12,44,30,11,7,40,63,57,33,47,24,36,28,35,38,34,10,31,50,56,43,42,22,15,59,19,45,49,5,55,58,17,23,26,54,37,48,16,21,29,51,2,3,52,53,1,18,0,60,62,4,9,39,13,61,32,6
21,13,11,54,45,34,50,17,56,40,36,16,10,52,20,48,31,63,33,28,29,37,42,3,12,18,26,61,0,1,25,4,23,38,22,24,43,35,2,39,59,47,15,62,14,6,60,27,41,5,55,46,53,49,19,8,7,44,9,58,57,51,30,32
15,38,22,46,19,56,12,45,18,37,29,20,60,9,50,42,49,8,63,7,34,2,32,59,26,11,0,27,33,24,47,28,43,21,17,5,61,62,23,14,30,39,10,35,36,41,53,3,31,4,55,48,6,54,57,51,13,25,44,52,1,58,40,16
50,35,45,24,38,13,51,36,12,28,44,43,60,54,52,15,62,42,23,46,56,63,7,2,1,21,11,61,29,6,26,55,58,57,10,20,14,3,0,59,34,32,9,16,49,18,53,48,41,5,40,27,17,33,22,37,8,25,19,4,31,30,39,47
17,63,53,39,9,29,43,25,13,31,42,23,40,10,20,55,47,4,6,12,50,41,16,54,35,11,60,56,37,26,8,21,18,52,15,14,45,0,51,1,44,34,27,33,49,7,46,59,32,28,48,22,2,38,19,61,30,58,36,3,24,62,5,57
53,58,24,36,48,31,38,29,21,50,20,16,15,28,30,55,22,62,9,0,14,18,40,1,19,43,60,10,41,57,12,56,17,11,45,4,25,49,26,32,42,27,7,3,52,54,46,35,47,39,51,34,13,6,8,63,23,59,2,61,44,37,5,33
9,56,30,39,0,63,44,32,23,47,34,52,46,22,8,26,54,17,5,61,51,49,21,48,33,58,13,2,28,3,6,50,53,19,35,55,31,42,12,18,15,20,16,60,40,24,38,36,11,14,29,1,41,62,4,7,10,45,59,27,57,43,37,25
14,24,44,21,38,7,35,58,57,15,18,40,30,59,27,46,23,33,61,16,32,47,50,51,41,55,12,28,62,5,52,54,4,6,19,42,60,53,1,39,17,22,26,2,9,8,29,25,31,20,63,0,43,49,3,10,56,11,13,34,36,37,45,48
53,14,2,23,55,51,45,12,25,9,21,0,32,5,62,19,22,63,36,48,43,16,29,4,11,30,35,50,57,20,7,56,42,52,60,3,59,61,33,24,18,26,8,34,54,46,44,15,31,40,10,41,38,47,58,6,49,37,39,1,28,27,13,17
50,23,51,1,43,28,19,7,59,35,42,0,37,2,40,58,15,56,17,41,45,38,31,29,32,14,44,18,36,55,54,12,47,57,48,16,3,34,4,27,22,24,26,20,21,33,46,5,53,60,49,25,11,30,13,6,61,52,8,10,39,9,63,62
19,32,55,27,6,45,47,53,11,57,40,3,22,18,25,10,17,5,7,15,50,34,26,46,49,21,23,62,56,41,51,1,2,0,37,14,9,44,42,31,4,29,13,33,39,60,12,48,63,59,20,28,8,35,16,36,61,52,58,54,38,24,43,30
54,21,20,53,36,49,3,58,50,16,37,17,46,28,0,15,31,5,51,13,48,52,62,4,57,22,40,1,56,41,7,11,8,6,55,33,35,59,38,18,32,42,25,45,34,14,29,44,26,12,24,39,43,60,27,30,47,10,61,19,23,63,9,2
18,33,52,14,22,34,45,16,59,27,24,25,13,48,63,54,20,28,31,36,38,15,55,32,11,5,49,50,19,62,3,6,30,0,12,51,46,9,57,8,1,35,7,58,42,43,56,47,53,40,26,2,37,41,17,21,61,39,10,23,60,44,29,4
59,51,39,61,20,34,29,6,62,54,37,47,33,36,0,43,56,7,32,26,35,21,3,23,1,57,11,52,31,13,48,27,14,58,25,5,16,45,46,24,60,4,12,55,40,9,42,18,19,38,53,30,22,28,50,41,17,49,44,10,8,63,15,2
13,21,1,0,56,25,54,50,59,31,28,49,37,57,34,48,29,22,19,4,10,40,60,43,27,12,55,62,17,58,15,41,3,35,42,61,2,9,23,5,51,33,20,30,53,44,7,18,46,26,24,38,16,63,8,52,14,32,39,11,45,47,6,36
38,47,48,36,21,61,62,33,0,24,40,15,17,9,45,59,49,52,57,23,58,11,3,6,28,7,44,41,19,22,5,32,4,46,27,30,8,31,42,50,29,37,60,51,63,55,25,20,54,18,56,53,26,16,35,39,12,43,2,1,14,34,10,13
10,7,55,52,49,40,1,0,3,42,24,12,26,13,11,17,36,32,48,16,20,53,43,18,2,45,46,59,60,54,33,25,47,30,61,23,28,15,50,29,58,39,6,35,21,8,51,56,41,37,19,62,63,5,27,57,14,44,38,34,9,4,31,22
0,61,41,59,3,12,16,1,57,54,60,36,38,48,17,31,8,55,50,56,44,49,62,20,40,26,9,21,51,43,58,2,15,37,28,47,27,13,53,39,22,6,34,5,19,45,7,4,29,24,63,42,32,18,23,11,46,33,25,52,35,30,14,10
21,60,42,8,54,52,47,13,16,63,14,39,12,17,51,44,35,38,9,34,37,29,40,10,6,5,19,24,53,32,20,59,26,49,15,3,27,36,61,1,62,43,18,56,33,57,58,11,0,2,31,4,45,46,28,25,50,30,7,55,48,23,41,22
60,45,50,11,25,36,12,38,33,44,10,0,57,17,63,29,28,7,51,26,20,3,62,39,4,40,30,41,16,31,21,22,5,54,35,1,46,27,6,43,59,58,49,32,2,55,23,47,8,34,53,9,13,14,37,19,56,48,18,52,24,42,61,15
43,46,18,58,4,62,34,21,35,19,30,31,52,6,32,16,40,38,11,0,60,17,8,56,12,15,23,7,54,59,63,47,2,49,25,26,28,29,48,22,51,39,41,57,5,3,44,33,53,55,14,24,50,20,9,27,61,1,45,36,42,13,10,37
53,56,58,1,41,36,25,37,11,6,47,4,8,57,40,44,38,16,29,2,26,33,27,30,5,24,45,19,51,60,13,54,46,49,35,15,20,48,0,9,52,63,12,31,7,28,14,55,23,43,61,42,21,32,22,10,59,17,3,18,62,34,50,39
13,6,57,29,4,62,21,10,11,45,40,38,24,9,44,15,35,50,17,39,59,49,14,55,5,56,19,31,60,61,22,3,26,52,41,18,27,54,30,1,48,37,43,20,47,36,58,34,7,46,63,28,42,2,12,33,23,51,8,32,0,16,53,25
9,24,2,0,3,55,11,48,17,59,33,62,19,15,23,30,63,43,57,58,10,7,4,13,37,6,31,56,46,28,61,26,60,49,50,16,44,36,12,18,51,8,53,22,1,40,54,27,42,34,20,47,52,35,41,14,25,45,29,5,38,32,21,39
22,27,25,0,51,50,4,55,2,41,28,8,9,53,35,62,19,16,42,26,63,20,56,23,60,21,37,49,59,14,38,46,58,39,47,18,10,57,29,32,44,34,52,17,6,30,5,33,54,12,15,13,1,40,7,45,3,61,31,48,24,11,36,43
42,12,18,34,31,29,47,8,43,20,27,36,38,9,60,46,33,6,25,2,45,37,62,55,52,5,22,51,39,48,4,49,19,28,10,23,50,32,13,1,15,26,59,41,61,54,17,63,35,7,56,30,53,40,0,58,11,24,14,57,16,3,44,21
38,12,13,35,7,24,27,33,31,19,44,49,37,47,10,15,63,25,48,28,61,59,30,14,46,29,2,55,41,16,56,40,43,45,5,53,52,60,17,51,21,57,32,42,39,26,6,3,50,62,0,22,18,58,34,20,8,23,4,9,1,36,11,54
41,14,25,21,11,1,39,31,12,7,5,43,49,37,34,29,53,47,55,19,30,26,22,16,32,40,4,45,18,52,62,42,9,17,38,10,24,54,61,15,63,35,3,51,56,20,44,50,60,33,46,58,13,36,23,2,57,0,6,27,48,8,59,28
26,5,8,61,28,45,39,34,48,21,15,6,31,0,3,30,43,53,36,40,32,52,38,54,56,63,1,37,33,41,9,13,25,60,23,7,19,18,11,62,24,12,57,44,55,16,49,47,22,58,10,59,17,2,51,27,50,20,46,29,4,42,14,35
20,63,26,18,25,30,40,7,12,44,11,13,38,29,55,34,3,46,5,42,51,32,56,61,33,17,22,62,10,45,59,23,47,19,54,8,49,36,16,24,2,0,14,35,37,52,60,6,39,9,58,1,50,57,21,4,15,48,28,43,31,41,53,27
36,35,23,53,37,12,0,10,52,16,33,17,46,38,14,62,20,18,6,24,49,54,59,43,26,41,4,45,47,31,57,5,13,55,30,1,56,25,42,48,3,32,8,58,51,50,44,60,29,15,61,63,21,11,39,22,34,28,7,19,2,40,9,27
3,1,24,5,42,2,25,28,23,21,58,51,41,15,27,29,19,40,0,34,63,57,10,35,36,52,53,16,62,33,44,37,4,47,61,49,39,8,17,18,11,38,55,48,56,59,30,6,31,32,14,12,54,46,43,60,13,9,50,20,26,22,7,45
29,41,19,38,2,37,13,0,6,51,52,45,62,25,46,35,21,60,12,42,47,18,27,31,9,40,57,33,4,16,36,10,53,14,44,3,58,26,28,48,63,24,8,39,34,50,54,1,56,15,49,11,30,22,20,17,32,7,5,61,59,43,23,55
36,58,21,39,10,5,60,45,30,27,2,16,29,62,52,46,34,55,31,7,28,11,35,12,25,23,18,41,32,44,22,9,20,3,38,6,17,47,61,42,50,53,4,33,56,0,24,13,54,26,48,57,8,40,59,43,19,51,1,63,37,15,49,14
7,37,17,36,41,1,0,50,35,18,47,10,59,33,4,9,16,29,44,19,45,46,2,5,60,20,58,8,43,28,11,31,12,56,42,55,40,3,54,49,53,61,48,26,52,38,23,13,21,14,6,57,25,30,32,51,15,24,22,34,62,39,27,63
42,40,50,11,31,61,19,9,5,34,28,44,2,17,18,60,59,7,20,37,6,12,21,38,29,58,35,41,57,63,48,26,53,15,32,10,4,8,3,49,52,56,24,16,30,23,13,22,33,45,36,14,51,0,43,27,47,54,46,55,39,25,62,1
58,0,25,13,49,43,40,30,41,44,23,57,29,21,60,45,28,5,7,6,51,59,24,4,22,33,18,62,8,38,3,36,32,48,27,15,55,20,16,35,61,46,19,42,2,11,47,52,50,14,56,34,1,63,31,26,39,12,9,53,17,54,10,37
23,17,6,38,26,39,53,47,13,29,5,9,0,10,61,63,51,50,37,11,34,52,16,7,12,40,58,59,15,48,46,3,42,54,27,56,62,19,44,22,57,14,55,20,24,45,2,4,18,35,36,33,25,60,28,21,1,41,32,49,30,31,43,8
52,7,9,63,5,6,49,44,54,28,27,12,57,2,50,0,36,41,11,47,15,53,43,32,60,20,42,8,51,3,13,31,14,25,33,4,26,39,34,37,55,61,16,30,10,19,1,35,46,48,62,17,45,18,22,40,59,38,56,29,24,23,58,21
44,6,19,42,20,1,16,9,40,25,17,38,30,3,56,12,35,29,11,41,36,32,53,48,23,5,55,51,62,28,59,49,7,22,46,2,27,31,14,47,21,43,18,50,52,37,26,61,15,45,8,34,24,13,4,39,60,58,63,0,57,33,54,10
47,0,57,50,36,19,14,49,27,35,44,26,6,58,46,20,23,37,53,42,21,63,55,31,2,8,48,11,9,62,12,4,51,54,30,56,45,17,10,43,52,24,38,61,28,18,3,34,33,16,40,15,39,22,7,32,59,5,29,13,1,41,25,60
50,43,59,29,5,18,13,7,57,37,0,21,47,39,33,32,61,54,27,11,20,19,35,28,9,3,25,12,24,48,51,36,34,41,23,45,17,8,16,26,58,30,52,40,63,38,53,15,1,62,14,46,22,44,4,49,10,6,31,42,60,56,2,55
14,16,27,11,29,46,5,24,62,42,17,25,36,3,61,37,8,53,40,32,41,13,23,22,63,48,45,28,55,19,43,35,0,7,56,15,59,47,31,58,12,52,26,4,20,57,38,6,60,54,18,50,2,33,10,1,34,9,51,30,21,44,49,39
22,32,25,44,56,3,9,50,57,27,42,39,30,62,52,26,38,61,29,60,24,10,15,33,0,45,37,19,49,54,31,48,58,63,16,1,21,55,59,14,20,43,40,7,28,12,47,18,6,36,23,13,53,4,5,34,51,17,11,2,41,46,35,8
42,25,53,55,15,21,20,14,29,18,28,9,51,17,32,5,3,59,26,44,34,60,13,45,63,62,8,11,48,23,43,4,6,16,10,49,36,57,47,2,24,54,19,1,56,30,0,12,22,50,61,39,40,46,38,33,31,41,27,7,58,52,35,37
38,54,57,47,34,39,0,60,58,31,44,14,3,2,52,50,45,13,35,11,62,63,21,16,10,24,51,20,8,48,56,42,46,55,17,25,59,37,23,41,43,6,49,9,1,36,22,4,53,26,61,30,32,15,5,7,40,27,33,28,18,29,19,12
8,6,28,40,1,3,11,27,42,44,30,53,60,50,58,18,41,54,34,29,52,4,19,39,7,25,61,33,14,62,38,47,35,48,15,13,49,43,12,22,16,10,51,63,2,57,59,21,55,56,37,24,23,17,5,20,32,0,46,36,31,45,26,9
11,18,36,50,8,35,44,28,37,22,1,53,40,43,15,14,59,10,49,51,31,61,25,39,63,34,45,19,27,57,47,55,26,56,13,38,3,62,5,24,17,41,20,32,58,54,2,46,29,12,42,60,4,33,7,23,16,9,6,48,0,52,30,21
31,46,3,39,12,63,22,0,53,11,60,49,50,20,28,16,56,24,19,30,45,18,59,9,57,62,40,5,41,48,33,51,17,6,8,23,21,47,34,4,44,42,25,37,38,14,15,52,13,35,2,58,55,1,36,7,61,43,26,32,54,29,10,27
60,10,63,13,46,16,5,55,12,15,22,52,9,48,47,29,3,0,39,21,18,45,30,4,49,42,37,25,33,2,14,40,8,24,31,1,23,17,58,61,36,51,56,62,44,32,54,11,38,6,28,35,53,43,59,41,7,34,26,20,57,19,50,27
36,14,38,35,37,4,25,9,11,53,61,29,30,20,15,21,52,43,34,16,47,27,12,31,32,7,33,1,58,19,63,55,48,5,24,26,17,50,13,44,59,22,28,46,51,49,56,6,60,40,0,2,23,8,39,18,54,62,10,3,57,41,42,45
43,24,34,49,1,16,10,0,20,23,42,13,12,2,3,32,29,52,17,7,45,36,47,6,62,40,25,8,26,11,14,28,30,22,51,50,31,61,18,53,57,19,63,38,33,37,44,4,27,35,54,15,9,21,39,58,48,56,5,41,55,59,60,46
58,54,16,10,28,18,42,11,63,27,13,0,17,20,9,35,39,48,3,7,36,23,61,31,1,12,5,26,57,2,56,6,37,8,46,32,4,55,52,60,34,15,40,44,29,41,33,38,25,24,53,62,30,43,49,45,50,21,59,22,14,47,51,19
57,58,32,1,59,62,11,33,25,48,2,13,22,19,12,29,17,56,14,23,21,54,35,40,16,27,30,61,6,0,5,46,15,18,7,20,34,55,50,41,38,10,53,24,45,47,39,8,26,51,36,4,9,52,28,42,44,49,63,31,3,43,60,37
16,10,0,54,6,58,48,61,13,57,41,60,12,36,45,49,27,15,53,52,42,11,22,20,26,50,59,14,3,30,5,51,31,25,8,1,24,55,21,28,9,7,33,38,34,47,56,44,19,18,32,40,43,39,17,4,62,37,23,29,35,63,2,46
7,54,35,23,55,18,17,0,50,58,16,15,9,48,60,14,39,8,37,63,20,2,43,21,32,28,10,56,34,57,41,6,4,29,22,12,24,33,36,47,49,42,40,3,38,44,62,11,25,26,1,52,27,19,53,13,45,30,59,5,61,31,46,51
11,26,46,52,0,33,3,18,63,31,50,42,40,4,60,54,10,5,57,49,21,41,53,12,44,32,17,45,56,25,58,43,6,15,51,34,19,24,2,23,20,62,38,27,37,8,39,61,47,7,22,16,48,35,1,59,30,28,9,36,55,13,29,14
15,19,26,31,32,55,39,44,61,41,4,35,37,13,10,8,7,25,49,2,33,30,57,62,17,56,58,54,29,0,20,53,36,59,14,47,12,45,63,22,21,3,60,6,38,28,5,24,16,34,40,9,27,46,43,51,48,11,52,50,42,23,18,1
58,12,16,34,49,15,14,19,61,50,25,55,54,41,21,32,53,39,20,45,31,3,29,42,57,35,13,9,22,38,0,33,17,60,7,40,1,36,8,24,52,59,51,26,44,56,6,43,30,23,37,18,62,4,46,27,28,47,5,48,10,11,2,63
0,61,23,50,7,27,22,37,17,31,21,32,25,30,11,46,9,29,48,57,35,16,59,18,24,10,33,53,36,43,6,20,39,44,58,4,28,2,3,47,12,51,63,13,15,5,40,62,56,14,45,52,54,1,60,8,19,42,26,38,41,34,49,55
48,60,1,20,31,14,0,29,35,10,37,22,53,61,38,13,57,50,19,56,55,43,25,42,5,17,9,4,63,21,51,12,33,52,16,39,36,15,24,47,49,40,28,45,8,7,6,46,62,11,58,54,41,23,44,2,59,18,30,3,32,26,27,34
37,1,14,25,34,57,42,23,30,12,11,39,63,35,13,15,0,54,55,36,5,18,17,21,33,48,7,31,9,46,62,20,41,60,2,43,24,53,3,6,51,29,22,56,38,4,61,32,28,49,27,16,59,19,52,45,8,58,40,26,44,10,50,47
0,4,6,3,50,56,55,16,11,40,58,1,26,15,37,17,49,34,30,33,13,22,45,9,18,51,2,29,19,42,38,48,52,54,53,31,47,62,23,12,32,10,27,24,46,21,36,63,39,44,60,20,8,28,7,35,57,59,5,41,25,43,14,61
41,1,53,4,48,42,35,5,21,39,32,7,29,0,55,22,6,27,9,19,57,56,13,2,24,45,20,59,50,43,49,26,14,18,23,34,60,31,11,25,12,54,15,38,16,62,17,8,36,37,28,61,44,10,51,47,30,58,3,40,46,52,63,33
51,23,15,56,48,26,43,40,44,41,13,16,50,46,53,62,24,39,17,45,61,12,7,36,32,14,42,19,30,55,21,37,57,1,54,6,58,3,5,31,20,10,11,0,38,63,4,25,52,28,2,47,34,9,18,27,60,29,33,8,22,49,59,35
33,40,23,4,27,32,24,56,38,51,5,59,62,22,12,30,29,10,20,2,54,58,53,41,21,26,47,36,48,1,37,55,28,60,0,31,14,35,15,45,13,7,52,43,25,16,11,18,57,61,44,17,8,9,3,6,34,46,63,42,50,19,39,49
21,46,37,56,45,50,41,7,27,14,38,31,53,43,63,6,49,26,17,11,30,42,9,28,22,47,57,10,20,33,62,24,4,1,32,2,29,36,51,13,15,60,39,52,54,44,19,16,25,0,12,40,35,48,18,59,55,34,8,58,5,61,23,3
47,61,27,48,37,53,31,36,28,12,38,16,43,10,1,18,21,62,59,51,9,7,15,20,39,25,49,55,35,57,30,26,19,32,42,46,29,40,13,3,6,22,58,5,50,4,14,2,8,17,54,0,41,63,60,56,11,52,24,23,45,44,34,33
42,50,52,20,17,2,7,0,29,26,37,6,60,4,1,47,23,5,49,3,45,35,9,33,44,36,30,57,13,27,14,31,59,43,21,40,25,63,46,18,16,48,61,56,51,55,41,10,38,12,58,34,11,39,8,28,54,53,15,32,22,24,62,19
6,58,10,30,19,33,14,28,37,22,26,20,48,43,7,54,34,62,1,8,9,49,17,35,16,11,38,12,27,13,31,51,55,57,4,36,45,52,44,61,32,23,15,25,5,56,2,21,46,47,18,39,59,24,41,29,60,3,53,50,40,0,42,63
11,50,32,12,60,58,59,13,56,55,4,38,42,31,51,54,15,28,33,27,9,35,34,52,17,26,46,62,61,37,22,6,57,14,7,45,25,8,29,0,21,24,48,19,23,5,40,16,10,30,2,41,18,39,1,36,47,49,3,44,20,63,43,53
47,13,41,14,11,26,58,50,57,43,53,40,25,42,12,49,31,16,62,28,52,44,27,23,35,56,51,38,48,10,0,33,21,7,17,18,15,3,60,30,46,19,34,5,61,36,54,37,22,6,4,29,9,1,45,32,63,55,2,24,59,20,39,8
10,11,1,9,0,16,27,37,23,60,52,61,7,58,6,4,25,3,21,19,54,50,55,8,32,40,22,26,2,33,48,17,43,18,63,42,59,28,34,30,13,57,39,20,41,24,29,5,62,51,46,53,12,35,15,49,31,38,47,45,14,36,56,44
60,13,3,8,33,32,49,48,38,57,17,12,22,25,21,45,46,27,51,10,54,53,26,19,50,7,14,43,56,15,37,18,35,31,9,0,40,36,34,59,1,23,39,47,4,41,24,6,58,42,62,16,44,11,55,5,20,29,61,63,2,28,30,52
35,17,7,21,10,62,12,30,44,3,31,46,24,19,47,8,22,61,20,50,59,16,28,54,15,38,13,55,23,45,14,2,53,40,6,36,4,33,11,51,42,52,57,48,39,5,18,37,25,56,41,9,26,0,49,63,34,43,58,1,29,27,60,32
4,29,12,28,14,13,61,41,22,57,17,47,16,21,23,36,55,15,27,39,26,38,33,49,51,52,46,35,25,44,9,60,62,7,11,24,37,30,18,6,53,10,32,50,42,40,3,43,1,5,59,63,58,48,34,45,20,2,8,19,54,31,0,56
62,51,24,49,16,50,14,28,21,9,3,11,48,34,58,0,38,13,10,27,8,61,42,18,37,63,12,40,35,25,56,52,30,57,46,7,26,32,22,60,36,33,29,2,4,15,43,59,23,47,41,5,55,20,17,53,45,19,6,1,44,31,54,39
19,36,20,28,14,6,41,1,62,52,39,29,11,60,38,21,35,34,16,12,15,24,0,32,57,5,63,44,54,23,47,49,40,22,61,9,3,59,10,58,43,50,55,51,2,7,46,8,4,31,13,17,53,18,27,42,25,26,48,56,37,30,45,33
15,43,17,34,58,60,52,49,55,35,1,59,4,18,12,42,61,20,40,56,7,29,45,41,11,25,54,0,16,13,30,23,37,6,36,24,8,28,26,33,19,51,9,47,39,62,50,21,38,10,3,44,63,22,2,53,5,57,48,27,32,31,46,14
57,63,22,60,62,28,27,0,38,18,32,31,23,58,52,34,44,2,37,40,13,56,46,3,54,49,5,16,51,29,20,36,50,4,55,8,39,7,19,12,24,11,10,25,43,26,53,33,41,1,42,47,21,15,9,61,6,14,30,17,35,48,45,59
7,8,55,3,61,39,62,30,12,50,36,29,24,23,0,2,1,58,28,53,49,54,33,19,44,46,45,57,41,9,27,32,40,11,14,22,15,38,56,6,42,21,13,16,31,17,63,37,25,18,4,43,35,10,34,48,20,51,59,5,52,26,47,60
38,45,55,40,32,34,25,7,44,6,3,48,20,46,2,14,29,35,47,39,61,30,36,23,26,33,21,52,22,1,50,63,28,4,0,8,60,49,18,24,31,17,62,10,9,5,37,43,53,57,16,41,19,42,59,58,12,15,13,27,11,56,51,54
52,38,57,23,6,25,22,24,61,37,16,12,3,54,20,42,21,34,5,11,39,35,50,2,4,31,0,40,59,47,60,53,28,30,46,58,26,32,33,43,19,14,55,17,51,9,44,8,56,36,41,63,18,29,10,48,13,45,1,7,15,62,27,49
43,61,10,14,11,25,28,58,24,54,50,44,51,12,35,19,41,37,18,39,33,46,31,45,23,55,40,47,8,22,6,13,60,0,59,53,29,27,4,56,34,21,15,7,49,42,5,3,1,48,52,32,16,20,62,30,63,9,2,38,17,26,36,57
48,26,6,16,5,18,19,31,10,27,28,21,22,58,47,63,20,8,25,35,57,29,1,50,60,15,54,34,17,61,37,12,44,39,56,62,41,38,42,36,32,4,49,2,40,53,59,13,46,11,9,45,30,0,24,55,51,43,52,7,33,14,23,3
24,49,14,30,12,39,1,6,19,7,33,26,21,62,34,35,2,56,37,22,40,29,15,9,54,38,43,60,32,42,36,0,41,16,10,27,55,61,13,58,4,63,8,23,47,50,51,11,25,52,44,17,59,20,28,31,46,48,3,18,45,5,53,57
17,41,29,20,8,62,50,35,49,22,36,11,48,33,5,53,26,3,51,32,61,16,24,58,7,52,54,44,30,13,60,34,14,39,28,19,9,46,47,0,27,2,23,31,10,18,59,4,55,6,57,15,45,43,21,42,25,38,12,63,37,1,56,40
51,31,3,6,56,24,36,39,42,14,1,28,59,63,12,40,37,19,47,38,52,15,17,10,43,44,49,46,57,50,13,11,27,48,35,26,30,5,58,0,18,8,16,60,61,25,21,54,23,4,62,22,32,34,20,41,33,45,55,53,2,9,7,29
41,46,26,28,18,0,13,30,22,9,40,59,33,25,4,48,15,31,52,49,6,51,53,10,36,43,37,44,35,3,58,11,63,50,21,38,47,54,60,20,55,27,57,34,42,5,19,1,7,16,24,14,23,45,61,8,29,39,17,56,62,12,2,32
3,56,41,62,14,23,4,2,13,40,21,5,31,9,61,16,34,55,25,24,37,59,47,6,43,30,12,46,51,44,58,49,15,57,60,7,22,42,17,54,52,35,28,32,48,8,33,20,45,26,19,29,1,10,0,38,27,63,50,39,36,18,53,11
41,62,53,6,20,1,54,4,11,63,15,22,16,60,25,40,47,17,9,28,27,31,45,58,24,50,44,49,8,52,32,23,26,14,56,13,48,5,10,19,36,57,55,35,39,29,46,34,37,61,3,21,7,2,18,33,30,12,38,51,59,42,0,43
41,62,15,49,5,11,51,28,26,45,35,23,38,30,16,34,36,61,3,33,10,43,27,20,56,19,22,58,54,2,29,0,48,8,37,52,40,46,12,21,14,55,24,59,44,32,50,9,57,39,7,13,47,60,42,4,53,63,31,6,17,25,18,1
43,36,11,5,20,12,63,27,57,37,50,16,52,55,41,38,34,54,60,61,45,26,10,29,56,17,59,49,22,33,24,21,19,53,58,32,48,31,62,9,18,14,3,40,39,47,42,30,46,7,23,25,2,28,35,1,44,4,15,8,6,51,0,13
6,28,48,33,60,38,32,39,45,43,31,34,37,13,46,58,57,49,24,40,2,62,27,19,21,17,61,41,0,15,23,54,18,50,26,51,10,25,1,59,47,52,9,44,35,4,29,16,56,30,8,42,11,20,12,22,36,7,63,14,55,5,3,53
37,17,45,8,30,39,61,50,15,59,52,40,49,42,46,13,1,19,47,31,10,44,27,5,43,32,20,38,22,28,63,11,51,53,34,48,55,25,21,2,16,18,41,58,35,57,62,12,23,26,14,7,33,3,60,9,56,0,24,36,54,4,29,6
55,19,18,5,6,31,34,24,11,9,40,22,17,10,38,3,20,28,36,30,46,8,13,35,37,52,0,26,14,27,45,49,48,47,12,39,54,23,53,15,62,4,61,42,44,50,51,21,25,32,7,58,63,29,2,56,57,43,33,41,60,16,59,1
24,48,35,10,56,13,7,5,54,58,19,21,41,37,34,25,63,15,36,1,44,43,20,57,29,59,55,45,62,8,4,33,39,9,61,0,27,60,11,42,46,12,28,51,40,17,47,18,3,49,22,32,26,52,38,50,31,16,53,2,14,23,6,30
7,29,20,12,61,57,36,43,39,11,44,8,42,17,24,45,63,13,6,34,19,9,31,18,2,48,22,25,47,53,35,33,51,27,58,60,40,49,21,62,3,37,23,38,1,14,15,0,41,50,4,5,26,56,28,55,59,30,52,16,54,32,10,46
43,54,13,11,59,9,63,22,0,40,6,24,10,42,55,31,29,50,48,46,27,33,1,2,19,20,8,60,12,18,53,25,52,28,26,30,37,57,3,38,17,14,56,21,7,47,62,32,51,35,44,5,41,36,61,34,16,23,4,15,45,58,49,39
31,25,6,32,15,35,21,37,2,29,27,8,38,7,9,1,36,13,11,16,51,62,12,24,34,44,54,60,23,48,0,53,49,41,59,19,55,17,43,50,58,28,61,4,33,52,46,3,30,40,5,18,42,10,63,56,47,57,26,14,20,39,22,45
41,29,22,62,17,15,56,31,33,14,16,5,11,54,10,36,20,26,28,45,47,40,59,34,49,48,2,53,38,55,35,32,60,25,23,21,43,58,57,39,13,6,51,37,3,9,61,63,1,27,44,7,52,12,24,0,18,30,4,46,50,19,42,8
39,48,16,0,4,33,45,57,9,15,1,26,62,34,41,7,6,38,10,59,13,54,40,29,8,55,18,25,43,20,14,50,19,28,60,61,56,23,35,5,21,32,46,49,22,47,12,63,27,2,30,42,24,3,52,53,36,17,31,44,58,51,37,11
37,54,24,0,19,52,40,18,31,56,58,48,49,20,5,35,32,60,4,7,28,42,10,57,38,14,61,13,22,45,47,11,16,59,53,1,50,43,44,33,15,30,51,9,55,36,6,34,23,62,21,39,41,3,29,2,12,25,8,17,27,26,63,46
18,38,34,22,37,47,39,26,53,42,60,9,5,23,36,50,54,10,52,17,1,45,35,63,28,48,8,41,6,40,30,49,4,33,0,59,24,16,11,3,2,7,13,19,44,46,57,62,14,61,29,32,51,43,20,58,56,21,25,55,15,12,27,31
2,25,23,18,34,16,11,30,62,47,3,21,46,14,56,48,20,52,12,45,59,41,43,51,35,31,54,57,6,38,37,10,24,58,4,40,50,5,49,13,60,33,15,63,7,39,19,8,44,17,22,27,26,0,29,53,36,55,9,61,1,32,42,28
13,58,0,21,11,7,29,30,38,18,19,26,28,59,4,3,45,23,39,10,44,40,25,33,43,57,1,42,31,5,52,46,55,2,8,12,56,60,41,34,36,47,62,53,22,37,61,54,27,48,49,6,35,16,50,17,63,24,15,9,14,20,32,51
43,59,30,7,48,9,14,16,55,37,25,27,38,22,3,41,44,17,40,11,42,57,56,0,12,21,46,28,45,29,51,19,1,35,36,31,2,53,34,61,18,63,50,62,10,54,6,32,58,23,4,49,26,60,52,8,24,20,33,5,15,13,47,39
40,9,35,45,44,7,38,41,21,46,54,1,11,13,62,22,61,8,59,28,55,63,18,52,17,29,43,16,57,34,12,32,49,51,23,6,26,60,58,25,36,56,15,10,19,31,27,39,14,4,37,30,2,24,48,20,5,53,42,50,3,47,0,33
53,4,38,8,0,12,35,43,2,48,11,3,49,30,56,19,26,46,15,23,47,22,6,39,33,5,40,63,17,9,25,45,27,58,13,21,32,62,24,10,51,37,7,31,59,55,29,60,42,20,36,50,34,18,14,54,61,44,28,52,1,57,41,16
37,8,49,39,5,4,45,22,27,48,23,14,13,42,12,15,31,63,59,57,50,28,30,56,35,62,18,46,24,16,33,40,47,7,0,1,17,55,58,61,3,60,52,53,20,2,19,32,6,41,9,43,44,51,26,21,36,25,10,54,29,34,38,11
62,27,46,14,28,50,17,9,5,24,55,39,52,2,49,43,13,63,15,18,31,0,60,23,56,35,16,42,48,47,4,12,41,8,36,54,11,30,61,53,45,10,38,26,19,32,21,37,40,34,3,25,20,33,6,1,51,22,29,7,44,57,59,58
9,29,38,43,47,24,4,49,61,21,12,48,53,41,5,63,11,59,20,22,52,10,37,45,16,56,6,15,7,26,46,30,54,62,55,3,23,35,14,0,27,31,19,25,1,39,40,57,13,34,44,8,60,36,51,2,50,58,18,32,17,42,33,28
39,55,10,11,34,2,15,8,13,48,35,7,5,18,25,44,63,26,1,16,20,23,6,14,52,29,9,57,56,36,30,61,12,31,51,3,32,60,19,62,50,22,41,0,4,24,38,59,54,45,40,37,58,27,47,42,33,17,28,53,21,49,43,46
6,51,24,40,1,18,13,52,11,62,41,7,31,15,5,48,8,20,60,4,54,49,33,32,21,47,53,19,0,37,36,55,3,50,43,2,22,42,29,16,14,59,44,28,9,25,12,30,38,45,10,34,17,39,26,63,61,35,46,58,27,57,23,56
45,27,19,10,55,13,23,49,25,12,17,60,1,61,58,36,4,28,26,3,40,11,31,14,41,6,44,22,5,20,24,51,52,54,50,43,2,15,7,42,39,53,34,30,18,46,47,16,21,48,32,56,57,62,33,37,0,8,59,35,38,9,63,29
20,4,23,58,26,35,8,46,50,44,57,39,28,14,33,0,47,49,52,13,12,9,41,56,36,55,42,37,7,17,63,11,2,32,34,38,45,31,53,1,27,3,18,29,21,22,19,10,15,40,25,5,24,60,62,43,61,59,51,16,6,30,54,48
14,7,34,59,8,31,57,51,39,61,43,33,26,22,3,42,24,40,58,16,15,41,2,47,12,48,0,4,54,17,63,11,1,30,10,50,38,56,19,25,52,29,35,27,46,37,18,36,9,62,28,23,20,6,60,32,49,44,45,53,5,21,55,13
26,46,62,50,32,55,47,63,45,33,43,22,49,56,14,19,25,57,11,36,12,27,15,20,24,48,52,51,41,61,30,21,58,5,59,40,44,28,53,0,10,23,38,39,13,3,60,29,31,17,42,16,8,18,1,54,2,7,6,9,34,35,4,37
63,45,42,6,30,32,28,39,35,61,38,12,29,9,10,44,17,24,55,60,48,23,57,21,36,62,49,14,54,56,53,16,0,47,22,26,4,43,41,1,18,27,3,51,15,8,59,52,2,31,19,25,34,5,37,13,40,46,7,11,20,33,58,50
22,33,48,55,47,13,17,26,39,50,21,4,15,42,59,16,52,2,7,1,20,10,62,5,60,11,56,37,3,51,27,19,63,9,58,0,14,32,12,54,41,29,31,57,40,34,44,36,49,25,38,61,35,28,46,43,45,6,30,53,23,18,24,8
38,59,39,61,54,45,53,7,0,3,24,12,10,11,15,60,18,40,29,51,30,63,58,6,5,21,31,50,22,43,16,1,42,32,23,52,20,62,36,27,8,25,2,19,37,57,56,44,17,46,47,55,14,26,13,41,48,4,9,49,33,35,34,28
33,11,60,27,19,21,56,55,63,12,8,7,9,61,43,54,0,15,4,25,23,51,62,58,47,22,31,37,38,45,48,46,34,16,44,35,6,28,50,57,2,5,39,18,52,24,3,17,41,1,49,10,30,20,29,36,59,42,13,32,14,53,40,26
27,54,32,4,5,8,52,53,61,6,22,29,1,58,34,9,62,16,23,48,35,57,51,36,14,33,0,31,55,25,38,2,56,46,60,50,7,26,30,21,44,40,41,19,28,47,17,20,42,43,39,59,49,37,45,24,63,10,15,11,13,12,18,3
56,11,4,17,7,1,12,18,59,3,5,26,24,16,44,60,36,10,21,32,9,57,14,39,53,30,37,33,45,55,50,43,19,52,46,41,8,35,6,51,22,34,29,31,40,38,48,61,0,20,47,13,54,49,58,62,42,28,25,15,63,27,2,23
12,35,52,17,22,4,51,61,18,46,43,0,11,34,50,58,39,49,13,37,26,56,15,40,2,55,38,30,44,10,19,41,14,33,6,62,48,42,3,47,32,8,57,53,9,63,5,54,31,27,7,29,28,25,60,36,21,1,16,23,20,59,45,24
40,56,30,31,32,7,11,57,19,43,54,51,49,47,6,2,18,33,0,46,62,53,24,45,14,61,27,35,8,1,36,17,10,59,29,12,52,5,13,26,48,55,38,4,28,60,22,41,25,20,23,16,42,34,15,21,50,58,63,3,44,37,9,39
35,53,2,11,30,62,26,63,28,16,39,61,60,43,49,52,48,25,27,40,15,44,32,3,24,47,36,0,10,19,55,37,45,7,21,18,9,5,41,38,17,51,23,13,8,14,29,20,6,56,12,58,34,59,33,1,50,54,57,42,4,22,31,46
46,0,31,63,45,38,53,62,54,2,47,57,18,20,49,32,34,50,21,3,19,10,16,13,28,39,30,25,41,55,22,1,4,37,11,59,56,42,26,36,17,8,58,35,9,61,33,27,44,40,12,14,23,60,51,5,43,15,29,48,52,24,6,7
35,52,2,10,8,26,0,30,4,24,13,29,22,33,18,61,48,42,21,37,55,27,17,57,7,38,16,47,32,41,46,31,9,6,1,34,43,5,62,44,50,56,63,12,3,58,54,23,53,49,28,40,20,36,51,39,15,19,59,14,60,25,11,45
32,49,12,56,31,25,22,37,23,63,45,46,20,10,41,61,4,24,60,9,44,5,6,36,47,59,62,26,53,43,42,3,13,39,18,11,58,55,15,38,7,0,52,19,1,51,30,40,2,14,8,27,33,17,48,57,28,29,34,54,50,21,16,35
18,2,29,55,12,47,36,8,21,46,61,37,49,33,11,59,10,58,63,23,42,7,28,4,30,51,13,20,26,54,53,48,62,44,19,34,25,60,5,52,31,50,57,38,40,16,9,14,43,15,3,0,45,27,41,17,56,6,1,35,32,39,22,24
27,26,44,53,6,4,37,31,3,61,42,8,60,54,41,59,47,15,16,25,13,32,39,5,40,51,30,19,18,21,49,50,43,20,14,33,34,12,62,58,1,11,29,28,9,7,45,17,24,36,55,48,2,46,0,22,10,63,52,35,56,57,38,23
60,30,10,63,19,50,61,4,18,11,13,20,38,6,45,28,43,49,15,34,44,54,29,36,39,42,52,37,25,33,7,47,35,12,53,46,48,23,0,51,22,40,55,21,58,41,5,16,31,17,2,57,14,9,24,26,56,1,3,32,62,8,59,27
46,4,41,0,48,25,23,59,19,55,44,57,1,54,2,20,21,50,8,16,28,30,24,7,52,26,60,61,39,53,49,6,45,34,58,27,3,32,56,14,47,62,5,36,43,11,9,40,17,33,35,31,13,37,42,12,38,29,18,15,51,22,10,63
7,57,41,20,16,24,38,61,9,30,29,32,54,31,28,27,34,36,56,3,45,6,62,42,59,47,60,52,44,5,26,14,55,39,18,53,21,17,37,46,48,43,19,49,50,25,0,40,11,13,4,12,10,15,58,63,33,51,8,2,22,35,1,23
26,29,50,31,58,17,63,44,19,52,4,1,20,7,43,22,25,23,59,33,2,55,53,5,18,0,24,21,38,10,37,16,39,13,6,36,47,45,49,56,40,48,27,32,30,46,61,14,51,34,57,12,8,3,41,35,9,11,28,15,42,60,54,62
43,60,25,42,59,56,7,37,22,2,57,21,50,33,23,44,1,58,52,27,10,8,48,12,45,31,47,49,62,20,53,13,16,38,32,35,3,24,34,61,36,39,11,18,29,5,26,63,0,17,15,9,4,30,54,51,14,40,41,19,46,28,6,55
19,29,22,14,39,2,42,9,35,62,8,16,15,23,61,32,21,1,5,59,40,18,20,50,52,34,57,60,48,17,51,45,38,10,63,0,56,49,46,31,24,44,47,41,3,36,58,13,4,30,55,25,6,37,53,7,28,33,43,54,27,12,26,11
26,56,53,10,15,38,30,32,42,45,50,48,41,11,16,27,58,20,4,8,62,1,6,13,36,22,3,52,51,29,43,21,9,55,5,44,31,23,0,63,37,61,35,14,46,54,28,12,40,49,39,59,7,57,2,18,60,33,34,25,17,19,24,47
39,49,13,60,63,45,16,54,28,0,47,19,48,42,34,35,11,56,1,7,55,24,52,6,27,15,43,31,10,40,17,62,25,53,30,36,14,22,37,8,41,44,32,29,18,57,46,2,38,33,4,12,26,61,9,51,21,50,3,58,23,5,20,59
52,26,23,61,42,53,18,49,29,63,34,44,22,25,19,41,40,7,54,57,20,15,27,60,62,3,46,55,21,39,32,16,58,4,9,56,0,11,48,38,14,47,35,13,10,59,50,1,12,6,43,37,30,28,36,31,5,33,24,17,51,8,45,2
55,2,26,1,32,51,17,9,29,18,44,5,43,15,36,37,48,42,54,46,27,10,60,4,40,33,8,21,0,16,58,19,25,6,14,57,35,56,12,62,28,38,34,59,49,13,61,22,41,23,11,20,39,30,7,24,3,63,47,52,45,50,31,53
10,45,29,58,32,6,0,19,17,54,34,51,16,8,53,43,28,26,12,39,18,14,47,60,9,62,50,7,36,35,21,55,41,61,49,27,13,24,31,63,42,30,52,37,56,59,23,57,22,33,48,25,3,40,4,2,46,5,44,1,11,20,15,38
53,1,58,7,63,36,49,43,25,14,41,35,32,3,60,52,59,55,15,57,16,19,45,62,23,39,56,42,0,47,26,37,54,28,29,24,40,20,17,27,10,51,46,18,5,6,34,11,21,50,61,31,44,48,9,22,4,30,2,33,38,12,13,8
2,61,29,59,26,23,24,41,37,48,19,20,38,25,4,28,50,34,36,3,15,31,62,1,42,46,45,55,8,57,14,56,47,51,16,12,27,52,39,43,11,44,33,13,5,49,22,63,10,17,54,21,40,0,30,53,7,6,32,58,60,9,35,18
8,30,0,50,55,19,61,43,47,40,18,48,35,29,60,20,22,13,23,44,63,9,54,32,52,26,33,36,42,21,45,53,12,34,24,31,7,25,6,56,2,49,37,28,3,39,11,15,59,5,4,16,46,38,17,62,14,10,51,57,41,58,27,1
61,13,42,51,41,21,59,50,35,49,34,52,1,12,27,55,36,32,22,53,4,15,8,20,25,23,46,56,16,9,57,29,47,18,6,3,10,5,7,39,26,30,60,17,58,24,31,0,54,48,33,63,40,37,28,19,43,44,2,14,62,38,11,45
38,24,23,8,50,9,57,4,53,47,6,13,30,62,58,2,29,63,59,46,54,10,20,45,39,36,48,60,21,51,18,27,12,1,25,26,31,42,33,34,61,0,15,35,16,11,22,5,49,7,28,37,55,14,43,17,32,3,44,19,40,52,56,41
38,52,12,60,5,33,41,40,55,3,56,37,25,21,45,22,14,42,10,36,15,13,17,2,61,18,6,1,19,29,31,30,47,62,34,35,23,20,0,11,43,63,39,44,53,9,51,58,16,24,27,7,8,54,32,57,46,48,59,4,26,50,28,49
5,0,42,52,61,30,4,8,34,53,11,47,55,25,10,31,27,28,35,44,7,37,36,33,41,12,22,43,56,14,38,58,60,26,29,17,46,1,54,21,40,48,13,39,49,3,57,32,23,51,20,63,62,18,15,59,45,19,9,6,50,2,24,16
37,8,57,7,39,48,18,61,3,62,44,0,1,24,9,2,11,51,6,5,50,28,43,55,59,45,10,19,34,4,30,22,31,38,46,25,27,23,17,29,42,52,53,16,12,20,32,56,41,14,36,63,35,47,13,15,26,58,33,60,54,21,49,40
7,15,14,2,36,30,33,46,12,37,13,38,50,17,53,11,58,22,35,6,55,9,0,24,8,32,56,20,39,28,3,4,57,60,49,44,51,26,48,61,40,18,62,27,43,5,19,52,25,59,23,42,34,54,10,47,29,1,45,63,41,31,16,21
63,9,43,25,54,59,12,24,57,11,13,62,55,29,34,6,31,23,53,39,42,8,30,19,61,32,58,44,37,56,35,2,48,14,38,36,7,49,20,17,33,40,16,27,22,5,28,15,3,1,26,60,47,4,10,21,41,18,50,45,52,51,46,0
63,43,56,52,18,48,5,50,45,20,54,46,62,4,19,42,32,39,17,14,24,61,16,36,22,49,23,59,8,41,13,15,2,25,10,57,27,26,0,44,58,37,38,34,29,55,35,3,31,60,28,40,1,51,21,33,12,53,9,11,6,30,47,7
47,29,39,32,6,16,20,34,28,33,23,62,35,19,11,38,18,5,1,0,41,50,53,15,24,61,49,13,3,14,57,7,60,26,36,58,17,25,37,52,22,56,9,30,48,8,63,31,45,54,2,21,46,10,43,40,4,51,42,44,27,59,12,55
9,19,62,2,36,32,26,23,28,24,12,30,38,8,14,21,53,39,57,4,31,50,56,35,55,44,49,37,46,27,17,59,18,60,25,6,34,45,63,61,0,3,42,10,48,47,29,15,20,5,7,40,41,51,33,11,22,16,58,52,43,54,13,1
20,17,37,12,62,49,53,1,8,51,32,0,39,3,9,48,11,60,7,63,44,16,19,18,31,15,14,45,2,25,47,59,38,13,30,55,57,35,58,46,56,33,26,41,54,5,27,50,52,43,36,28,40,4,24,61,23,34,6,22,42,21,10,29
10,60,45,41,38,28,19,3,33,24,16,62,44,27,34,23,8,50,25,9,7,54,63,46,61,48,4,18,31,37,1,56,21,29,40,15,22,58,13,42,20,36,5,6,11,12,53,0,2,52,32,26,57,14,47,39,35,30,51,49,17,59,43,55
41,34,46,30,9,36,53,0,51,31,42,63,17,60,62,26,48,55,24,22,35,47,13,1,57,11,16,14,25,19,23,33,3,18,5,52,10,4,39,59,44,2,58,7,40,21,50,12,27,45,54,8,32,20,43,38,56,29,28,15,37,61,6,49
40,17,9,51,28,37,11,21,61,14,20,10,48,19,16,13,63,39,53,12,25,22,4,2,31,50,0,58,60,59,1,30,43,55,38,57,3,5,62,49,27,35,23,7,42,46,26,34,52,15,6,36,56,24,29,18,47,54,41,8,33,32,45,44
59,27,43,25,11,5,9,12,48,4,1,51,33,42,26,62,31,13,38,10,29,8,0,41,47,20,23,58,56,37,6,57,28,40,39,50,44,16,18,45,63,55,7,24,19,46,14,32,53,54,2,34,49,22,52,3,35,21,17,30,15,61,36,60
44,31,6,18,22,29,43,41,25,20,57,52,12,38,16,26,4,46,10,27,35,54,51,49,19,63,11,59,15,17,50,34,2,3,13,0,62,40,32,53,36,33,9,28,55,45,56,24,61,8,37,48,5,60,7,1,58,21,23,14,47,42,39,30
63,7,8,32,58,34,12,40,52,9,37,28,48,54,50,3,30,19,18,14,26,44,53,4,55,57,61,36,6,10,39,41,56,11,43,13,60,51,0,20,23,24,22,45,1,49,59,42,25,29,38,62,15,47,2,31,33,21,27,46,17,16,35,5
9,58,15,17,33,40,39,30,52,49,63,21,47,55,54,45,60,26,2,0,35,10,51,32,11,3,7,62,8,34,25,53,22,56,23,28,1,42,24,43,27,57,36,4,16,44,14,41,18,31,61,46,29,48,37,12,13,38,19,6,5,50,20,59
1,22,37,21,43,10,57,36,6,35,49,2,8,32,3,25,33,34,31,14,39,48,13,63,44,23,18,42,0,50,7,16,11,40,20,24,4,12,60,62,58,51,29,30,61,45,56,53,9,46,26,38,52,17,47,28,55,54,27,5,19,59,41,15
21,23,62,9,16,38,48,30,60,40,31,0,8,4,12,61,33,35,59,26,63,14,1,56,3,44,27,43,17,5,13,52,36,22,20,11,50,54,24,37,46,58,10,42,7,28,19,39,55,18,32,2,49,57,34,53,6,15,45,25,51,41,29,47
43,49,38,58,41,51,13,34,48,20,62,21,6,16,57,59,14,22,36,25,9,30,54,8,3,53,24,23,60,10,32,40,0,18,35,11,50,33,39,12,31,29,15,63,56,47,28,19,42,17,52,1,61,4,46,45,7,27,26,44,5,55,2,37
10,53,2,41,21,40,29,59,1,22,31,63,18,19,47,25,4,57,61,52,39,55,48,14,58,33,20,34,35,3,46,23,28,51,38,27,6,60,37,9,56,17,12,43,13,8,54,44,36,11,0,32,45,42,24,49,62,5,15,26,50,30,7,16
7,8,20,53,42,50,3,15,48,24,38,16,27,32,35,13,31,6,12,30,55,25,58,62,0,41,49,9,18,4,60,2,46,1,45,56,44,36,17,11,33,37,43,5,22,40,28,51,29,54,39,21,59,10,57,14,61,52,23,26,63,19,34,47
38,16,31,17,1,14,36,45,23,63,32,5,39,8,53,62,55,29,15,24,49,21,48,9,42,3,41,4,6,43,61,2,34,35,26,30,7,19,12,40,51,25,47,57,20,13,52,46,28,58,56,60,59,10,18,44,54,37,50,33,0,27,22,11
50,22,3,52,21,20,33,6,23,26,56,17,25,10,42,9,60,58,46,51,61,48,43,11,15,35,37,14,54,63,32,41,57,24,34,2,5,12,28,40,59,36,44,19,38,62,16,45,18,27,49,7,0,30,13,53,55,47,39,1,8,4,31,29
34,28,54,57,6,32,36,1,51,41,61,31,33,42,44,23,2,40,12,16,48,7,47,58,55,19,4,56,5,43,50,8,17,3,52,22,38,21,13,63,46,9,37,53,35,10,15,24,60,30,0,62,29,27,25,18,14,20,49,39,45,59,26,11
2,15,26,32,51,23,9,14,17,1,63,19,35,61,36,29,41,22,40,58,10,13,39,5,11,8,54,44,56,43,46,7,49,50,6,53,62,33,12,30,21,45,34,55,60,48,4,24,37,0,59,20,3,25,47,28,16,31,38,27,57,18,42,52
35,20,46,56,44,34,1,28,47,8,23,59,50,18,14,43,32,36,37,49,39,40,63,33,9,22,41,29,55,45,4,26,16,31,0,10,27,24,13,53,60,57,38,5,15,54,6,52,3,11,17,42,25,12,21,2,61,62,48,7,30,51,58,19
14,45,23,29,53,25,63,20,57,19,56,8,10,46,31,32,13,49,7,2,5,0,9,21,1,51,47,44,52,38,54,4,62,27,42,28,59,35,11,16,60,22,30,34,12,39,40,15,24,61,36,43,26,58,33,41,37,50,48,18,3,55,6,17
40,34,46,19,33,47,21,42,27,32,17,18,23,29,6,63,4,45,56,13,49,1,16,59,24,52,35,5,31,43,48,62,20,0,36,2,37,41,38,25,8,58,15,61,14,39,54,53,9,50,11,44,10,26,22,60,30,12,3,57,51,55,28,7
55,4,24,50,21,19,25,42,7,30,29,14,35,2,38,5,28,15,36,48,56,9,16,18,13,1,27,59,37,39,10,22,54,32,49,6,53,23,58,46,17,11,52,60,44,31,33,0,26,63,3,51,43,20,12,61,57,8,47,62,45,41,40,34
29,15,47,44,3,33,41,48,8,54,49,55,20,14,60,6,58,28,59,5,18,63,22,57,56,1,17,27,43,45,25,52,61,4,30,62,7,40,13,11,36,24,37,39,12,19,2,21,35,16,38,32,53,9,31,51,26,10,50,0,42,23,34,46
36,10,44,30,38,3,53,25,26,49,2,23,1,24,33,12,59,8,7,56,47,35,5,22,29,40,11,0,6,27,48,39,17,45,61,9,60,63,57,4,50,16,13,37,21,52,31,18,41,55,19,42,46,15,28,62,14,32,34,20,58,43,51,54
48,51,7,23,13,24,20,44,60,43,3,12,58,57,63,55,38,21,33,52,31,28,47,34,26,4,37,56,18,15,36,59,1,10,45,25,46,41,17,2,30,54,16,42,53,6,0,61,19,22,14,62,35,27,5,11,32,50,29,39,8,9,40,49
32,45,40,21,47,51,59,61,25,38,52,15,57,49,2,42,44,20,12,13,22,46,1,7,17,8,5,18,23,19,30,39,63,27,29,54,10,16,31,53,33,41,50,6,26,28,0,55,24,60,14,4,62,3,35,56,36,11,48,34,37,58,9,43
2,42,39,48,29,0,38,16,32,47,54,7,37,50,24,19,46,3,28,6,52,26,10,62,1,30,20,14,36,25,57,43,51,21,4,45,13,5,58,8,53,56,15,55,35,23,41,49,33,17,60,34,63,9,18,27,12,61,22,11,31,44,40,59
37,16,25,7,30,2,11,6,62,13,1,47,39,45,24,15,52,22,29,4,57,26,60,28,61,41,32,34,12,48,38,56,42,63,14,23,10,21,58,46,35,8,44,18,50,17,31,20,27,9,0,59,3,49,43,51,55,5,53,54,19,40,36,33
3,21,41,38,30,17,57,12,42,24,18,45,61,1,10,31,13,27,60,8,29,54,32,11,20,22,47,55,7,16,53,49,33,2,4,44,25,59,39,48,6,5,14,26,43,9,35,15,58,40,56,34,63,23,50,37,28,46,52,51,36,19,62,0
38,37,51,53,5,23,44,43,1,34,3,50,15,62,40,32,27,4,20,6,49,42,10,47,17,41,2,30,33,39,16,48,35,45,55,8,63,9,18,28,52,59,58,13,54,21,56,24,7,12,29,14,36,25,60,0,22,46,19,31,11,26,57,61
10,55,4,49,53,39,12,57,40,26,51,54,27,29,24,7,60,20,28,9,46,63,19,5,45,22,37,35,44,41,18,47,21,34,52,2,62,3,16,59,61,14,38,30,25,15,36,13,58,42,11,32,0,6,48,43,31,1,56,33,17,23,50,8
50,63,1,32,52,42,57,11,43,39,38,60,23,17,7,53,56,21,62,33,49,51,2,14,45,10,9,59,0,58,31,25,16,22,19,15,46,6,37,4,3,28,34,12,26,5,40,48,44,61,36,47,30,35,27,41,8,29,24,13,54,18,55,20
30,59,29,48,49,24,38,45,23,36,18,14,60,12,3,35,27,9,17,11,6,8,28,33,16,50,22,57,21,39,7,55,25,43,32,5,42,40,63,56,58,0,20,46,10,34,1,61,41,19,37,13,51,15,62,31,26,2,4,54,44,52,53,47
22,13,33,11,62,5,51,24,38,32,41,43,50,6,27,39,9,61,42,54,46,12,30,25,60,1,56,14,28,23,31,34,59,20,57,18,7,58,40,44,29,52,17,0,55,48,36,15,4,49,21,37,35,63,3,53,47,8,26,16,45,19,10,2
13,11,46,23,39,44,25,43,53,49,54,47,60,20,27,40,26,35,2,41,22,51,4,17,32,10,9,3,0,18,6,38,62,34,16,28,57,48,37,58,12,14,45,33,30,7,50,8,59,42,61,52,15,55,5,56,1,31,63,19,24,36,21,29
9,18,50,12,30,16,44,38,28,23,47,59,40,42,2,22,37,21,31,29,1,7,11,13,3,4,45,19,33,0,32,48,25,52,54,53,60,8,51,27,63,56,14,10,17,5,15,6,49,34,61,36,24,26,20,57,46,39,62,43,35,58,55,41
7,16,19,29,2,37,8,46,59,47,20,31,49,24,36,39,23,32,30,44,40,35,15,26,38,55,0,48,27,43,18,58,53,5,9,6,13,63,3,14,50,11,25,17,51,54,45,34,28,21,56,33,61,22,12,52,4,42,60,10,57,1,62,41
51,21,54,40,14,9,25,33,50,10,13,0,60,63,27,19,62,15,35,1,7,38,46,58,32,37,56,17,24,36,49,11,44,3,5,26,34,30,28,18,41,39,6,52,53,57,43,12,45,4,20,2,55,31,16,29,42,47,61,59,8,22,48,23
61,60,19,28,50,35,43,15,26,34,20,46,5,56,3,62,57,9,33,32,2,41,14,44,17,4,13,24,6,52,49,53,45,31,23,54,21,16,63,25,55,48,11,47,0,51,27,58,10,1,29,22,30,36,8,39,37,59,38,42,18,12,40,7
25,24,15,7,43,34,17,50,38,13,11,52,2,28,36,4,41,5,42,32,14,12,0,1,8,61,40,31,35,58,16,48,33,55,26,39,9,10,45,51,27,54,19,30,3,20,37,49,23,53,63,59,6,46,62,18,29,44,57,21,60,47,56,22
39,30,12,18,21,24,33,47,19,46,58,52,16,9,25,5,54,17,63,50,11,56,7,15,43,53,51,55,41,20,28,38,22,61,8,14,36,26,1,4,42,32,23,62,34,48,44,40,6,35,59,45,60,31,13,29,49,3,2,10,0,37,57,27
39,51,25,61,38,59,33,18,24,40,58,60,1,47,62,55,8,0,29,2,42,20,34,56,4,21,53,6,50,3,12,45,17,31,36,37,43,63,44,54,41,49,30,14,15,10,28,32,48,11,9,7,5,23,16,19,22,57,35,46,27,26,13,52
36,3,58,62,22,30,28,16,21,0,7,31,19,10,46,38,13,14,51,17,42,61,26,15,43,63,24,41,47,56,33,5,20,12,39,40,1,53,60,29,44,50,32,48,23,54,37,35,57,27,6,45,11,2,4,9,34,8,25,49,55,18,52,59
42,62,25,29,2,33,50,31,9,30,11,32,5,4,37,52,61,57,14,24,44,12,10,35,41,60,23,21,40,54,53,56,26,13,39,22,16,47,27,59,49,48,58,6,28,38,51,17,1,34,36,0,63,45,19,8,55,15,7,46,43,18,3,20
10,7,25,41,55,18,0,21,37,22,33,63,39,61,35,51,30,34,8,43,58,3,38,32,52,31,28,23,19,5,15,13,20,6,56,40,45,62,36,49,1,47,44,9,57,59,50,60,53,27,14,16,24,12,11,2,26,4,29,46,54,48,42,17
29,28,19,27,33,60,25,8,57,37,0,15,22,40,62,16,46,42,56,34,61,63,9,6,44,20,30,32,31,24,14,21,58,41,10,13,51,36,53,35,39,3,26,55,43,54,1,48,18,47,4,11,52,38,45,2,12,50,49,7,17,5,23,59
43,56,40,63,4,30,54,48,3,19,7,8,22,6,33,15,36,11,10,2,5,35,27,49,32,60,55,25,51,12,45,13,21,20,58,42,37,50,0,44,47,26,17,24,41,16,28,53,1,59,62,9,46,23,38,14,18,57,34,29,61,31,39,52
54,23,57,46,43,12,31,14,53,45,1,24,27,51,61,55,21,59,50,28,35,2,40,49,32,47,41,22,62,44,42,30,56,5,25,60,18,52,48,16,17,26,10,3,20,8,58,6,9,4,39,37,15,0,38,7,34,19,33,11,36,63,13,29
13,6,40,55,32,53,20,14,23,11,38,49,22,41,0,36,48,18,8,29,31,28,57,47,34,54,52,15,12,44,17,1,37,62,2,45,43,51,39,5,10,25,61,4,50,9,58,56,35,33,3,63,60,26,19,7,46,30,16,27,21,42,24,59
35,50,24,17,12,39,6,19,55,32,4,26,33,63,56,29,5,22,8,52,23,43,16,30,1,42,53,44,18,60,34,41,10,28,47,25,2,49,51,9,40,48,21,14,57,7,54,0,46,58,20,27,37,38,3,45,36,59,11,13,15,62,61,31
23,18,11,20,55,27,8,43,46,56,13,60,58,4,9,50,51,45,21,24,57,54,31,41,62,47,15,59,34,30,19,33,63,40,44,14,17,35,22,0,49,12,48,5,7,6,61,1,28,36,38,29,10,32,37,42,16,52,53,26,25,39,2,3
11,61,52,54,43,23,0,41,34,2,17,59,46,57,27,5,14,18,20,13,48,8,40,50,1,36,22,16,28,12,15,9,58,26,6,51,62,56,63,32,49,55,29,4,24,39,60,44,10,33,53,45,25,42,21,19,35,38,7,3,47,30,31,37
7,21,48,56,44,50,28,0,32,38,13,55,23,8,45,35,26,14,16,18,54,34,58,42,17,19,27,52,61,57,62,6,9,59,51,2,11,4,63,10,43,25,1,30,3,31,24,39,53,15,33,37,41,29,36,60,40,22,12,5,49,47,20,46
62,16,18,36,28,50,1,29,21,45,24,4,20,40,51,59,7,32,15,14,6,22,41,26,17,58,42,57,31,8,43,53,44,3,35,2,33,23,13,25,19,54,39,61,48,10,63,46,11,52,60,47,55,0,9,5,49,37,56,30,34,38,27,12
29,47,32,19,18,21,31,2,53,43,9,20,22,48,36,55,16,40,3,61,8,11,58,27,33,17,6,14,45,54,4,52,56,5,63,62,1,34,0,7,49,44,23,37,10,46,35,28,12,39,50,59,24,51,38,41,13,26,57,25,30,42,60,15
15,43,52,54,10,8,28,53,55,29,47,61,50,21,9,2,59,16,48,58,35,57,4,22,42,49,14,34,44,5,24,37,27,26,46,32,63,11,1,62,60,56,38,20,45,36,13,51,7,19,3,0,31,39,17,41,25,23,40,12,30,6,33,18
54,45,12,55,8,52,0,43,58,49,44,29,60,59,7,50,4,22,47,24,14,42,35,11,28,19,10,17,31,53,63,56,16,9,6,5,25,61,46,18,1,40,34,51,36,23,2,30,39,13,27,37,20,26,41,48,32,57,21,15,3,33,62,38
60,44,18,46,45,9,39,2,56,21,43,49,12,33,6,16,7,50,3,8,35,20,57,63,5,52,54,25,59,34,62,32,42,14,19,17,13,27,23,0,11,28,15,37,47,58,10,4,51,30,41,24,22,48,61,1,55,31,40,36,29,26,53,38
62,20,23,57,21,30,1,60,34,41,52,40,53,43,36,56,6,49,35,3,27,47,9,37,0,22,29,59,58,33,16,42,24,46,7,45,39,19,54,50,13,12,14,31,18,51,4,55,8,32,11,5,25,61,2,48,44,38,63,17,15,26,10,28
38,9,54,32,12,53,52,50,58,27,4,8,61,34,59,0,37,40,47,19,39,56,55,35,5,60,7,42,23,48,49,43,3,29,1,28,17,2,13,63,31,45,11,14,18,51,6,25,24,20,16,62,15,30,41,10,36,57,46,21,33,44,26,22
54,46,9,30,56,48,37,34,59,8,43,15,13,3,31,36,40,23,57,7,21,19,61,18,0,55,1,45,12,14,47,2,27,39,62,22,11,24,49,10,28,35,63,16,17,26,52,32,41,50,42,33,53,38,20,4,51,44,60,58,29,5,25,6
11,50,32,43,26,57,33,41,8,63,20,58,15,14,28,49,42,44,29,60,55,59,6,1,35,39,62,21,36,2,53,9,38,30,56,25,61,27,47,31,45,24,4,18,37,54,34,48,13,10,46,51,17,19,7,23,22,5,3,52,16,40,12,0
26,61,51,21,35,28,12,44,10,15,16,63,52,40,56,4,58,14,29,6,22,38,30,36,8,3,0,27,60,47,2,50,1,11,49,59,57,45,19,43,55,41,25,37,18,32,62,24,33,5,48,46,23,9,34,53,17,13,7,54,20,31,42,39
47,53,48,58,38,10,13,61,16,17,8,54,25,55,34,50,63,22,42,37,3,41,26,12,35,40,0,49,18,7,23,30,46,4,45,15,51,20,39,1,2,5,32,31,11,33,24,52,43,9,19,27,14,44,59,6,56,62,29,21,60,28,57,36
37,16,5,30,22,18,10,54,47,2,44,50,7,52,14,27,8,6,45,25,26,41,23,46,12,60,63,28,32,38,24,33,15,31,58,62,0,13,36,59,35,55,11,21,4,19,49,57,40,53,43,56,1,9,48,3,51,39,29,61,34,17,20,42
14,57,36,19,8,16,37,49,47,21,45,31,50,11,12,43,10,53,3,61,48,18,24,23,29,40,63,42,41,33,34,58,6,22,0,56,39,28,35,51,7,44,5,9,13,1,54,32,38,52,55,59,20,15,2,25,46,17,4,30,27,26,62,60
39,36,53,29,60,37,6,51,28,7,46,59,16,58,26,12,42,4,55,47,14,50,0,35,49,21,52,43,56,23,1,2,9,45,32,22,25,10,20,62,54,63,15,31,5,8,61,48,3,44,34,40,13,19,30,57,33,18,38,41,17,24,27,11
28,4,16,24,60,56,32,34,53,54,0,17,63,12,13,59,51,11,25,33,10,1,30,38,62,58,41,15,9,3,26,36,18,48,49,40,47,8,44,55,43,6,27,42,2,46,22,39,61,5,37,14,23,52,45,57,20,29,31,7,21,35,19,50
63,17,8,19,62,5,54,26,50,38,40,41,12,30,7,14,34,39,0,4,47,9,32,2,60,36,48,28,61,46,22,1,35,3,16,57,23,31,21,6,58,13,29,43,42,51,33,37,56,59,18,53,20,45,27,44,10,11,49,25,24,15,55,52
59,30,22,63,52,33,19,17,27,32,34,62,6,45,7,56,57,9,26,60,42,36,39,0,47,61,24,11,51,28,40,15,54,43,20,4,8,16,46,13,12,37,38,14,44,49,50,2,29,18,55,48,3,25,53,58,21,31,35,41,5,23,10,1
59,7,19,38,58,43,44,21,54,63,56,3,61,45,18,57,28,26,30,51,53,11,55,37,39,36,9,29,50,23,24,12,14,34,47,25,20,17,4,60,22,42,1,41,40,6,0,13,10,31,35,48,8,16,5,46,27,33,49,32,2,62,15,52
36,40,12,16,18,14,2,13,5,33,47,54,61,44,56,32,30,52,35,38,11,50,59,37,23,62,29,48,26,51,15,1,7,25,43,10,63,55,42,9,28,41,53,20,3,27,24,49,46,4,0,6,60,17,31,39,21,19,8,58,34,57,22,45
12,63,24,58,29,60,23,15,54,13,32,31,10,2,19,39,56,52,5,11,48,49,34,46,28,1,62,4,9,35,22,61,16,3,21,45,40,55,26,25,43,14,17,27,50,37,6,36,42,47,33,53,8,51,44,20,59,41,38,7,57,30,18,0
13,56,43,47,48,3,21,32,18,9,24,2,22,15,23,41,25,36,26,5,20,34,38,50,14,7,0,55,44,62,10,42,8,37,19,46,16,30,45,58,28,60,63,52,1,54,40,53,51,39,4,57,35,12,27,61,11,6,49,31,59,29,33,17
39,33,57,54,45,44,29,56,37,8,0,58,31,55,27,18,51,12,11,6,23,26,42,40,2,10,4,15,28,61,60,25,59,43,32,41,1,48,62,53,36,35,38,46,22,21,47,16,50,24,30,49,13,52,14,20,9,19,17,5,7,63,34,3
53,10,26,0,42,29,2,28,1,41,44,38,23,9,54,52,39,58,47,27,56,61,43,11,19,17,57,13,21,3,45,5,34,51,35,25,62,30,36,22,31,60,46,7,18,24,63,55,40,8,59,4,50,14,37,32,6,33,16,48,49,15,20,12
35,26,59,52,13,17,25,14,44,61,28,36,39,10,11,18,27,7,48,53,41,6,5,29,24,3,0,50,45,42,47,55,23,43,1,22,30,37,54,32,8,58,12,49,40,57,15,46,63,33,4,2,9,38,56,51,62,16,31,20,21,19,60,34
32,3,17,8,4,14,54,37,28,38,39,45,46,11,10,1,18,15,56,12,0,30,24,21,23,5,61,57,25,58,34,55,52,40,50,49,59,43,47,20,42,63,51,44,6,27,13,62,19,35,7,9,29,2,53,31,36,33,60,26,22,48,41,16
18,26,38,25,39,40,59,35,49,10,11,51,9,6,13,22,60,32,3,27,46,14,1,52,17,8,36,58,41,12,34,45,23,28,0,47,31,50,20,2,56,44,48,55,57,15,29,7,62,16,21,5,42,63,61,54,37,33,24,43,4,19,53,30
23,20,27,57,0,46,7,8,6,47,26,63,56,31,21,22,36,17,24,58,43,51,61,59,42,3,2,29,49,13,28,33,39,52,44,12,9,32,10,25,4,15,19,5,38,1,16,14,60,62,40,55,41,54,45,18,30,11,34,48,50,53,35,37
53,26,0,23,30,32,19,17,39,37,60,57,11,2,45,52,34,55,63,12,28,4,24,13,62,54,7,5,25,9,47,41,61,58,29,8,1,36,18,14,59,21,40,35,49,46,50,44,38,48,56,43,10,27,16,51,6,3,20,31,15,22,33,42
10,57,7,31,39,47,55,19,59,61,48,40,44,43,60,9,49,41,50,27,13,15,46,11,2,24,8,25,32,56,42,21,23,35,45,63,52,5,18,51,33,28,26,6,38,53,17,12,62,0,1,4,14,30,20,34,3,37,54,36,58,16,22,29
12,59,45,10,17,62,31,26,55,51,25,47,58,30,5,32,19,16,2,7,34,61,38,11,15,6,57,46,0,56,60,1,53,36,43,41,20,27,35,39,42,63,48,24,33,50,22,37,29,8,28,23,44,21,9,18,49,14,52,13,4,40,54,3
52,27,56,5,18,42,55,34,43,36,3,61,60,28,21,41,13,6,48,47,38,25,23,45,1,50,16,26,32,24,9,63,35,44,19,8,10,30,4,11,17,0,31,62,46,12,57,58,49,20,2,14,54,33,37,40,22,15,53,39,7,51,59,29
29,10,5,55,18,4,49,59,62,8,63,30,23,33,56,61,21,58,1,40,39,32,46,27,38,13,12,25,19,48,7,20,53,31,37,14,3,15,24,52,11,51,6,0,17,45,42,44,47,2,16,26,60,54,28,36,50,41,22,43,35,9,34,57
6,61,20,32,14,52,37,39,1,29,62,36,33,58,57,51,12,4,27,56,42,15,49,60,10,47,18,55,53,16,35,46,7,24,63,30,22,0,43,28,21,23,59,41,17,54,40,3,8,25,50,2,38,26,34,19,11,44,48,31,13,5,45,9
57,0,62,19,2,34,63,37,58,18,59,47,41,49,29,53,46,55,13,42,31,9,38,56,14,22,28,12,32,45,60,30,33,26,51,1,21,17,40,27,11,8,50,54,23,43,25,3,15,4,20,10,16,6,52,7,35,61,44,24,5,39,48,36
46,4,51,45,18,44,16,15,54,60,28,34,48,42,43,57,33,32,38,40,56,17,26,0,10,52,24,59,23,63,53,31,41,6,58,37,25,11,3,12,1,27,19,5,35,7,2,55,20,29,14,36,13,62,49,22,21,47,30,50,9,61,8,39
20,25,41,43,13,26,16,31,17,62,14,10,48,52,12,38,42,44,9,22,21,51,1,18,15,7,57,53,49,63,19,59,50,46,37,35,5,47,60,55,54,0,3,29,23,8,27,33,30,24,61,40,56,4,58,32,28,2,45,11,36,39,6,34
48,59,26,36,37,38,53,9,10,47,18,43,39,34,50,25,62,51,58,13,8,30,3,0,2,40,63,24,27,23,41,61,14,16,54,57,42,20,31,19,7,22,32,52,56,46,11,21,45,17,55,15,12,5,35,6,60,33,44,28,49,4,1,29
33,3,63,5,32,39,29,26,36,40,21,50,4,18,9,56,43,6,62,41,28,19,57,37,7,25,54,55,47,23,30,45,22,14,24,49,51,16,10,35,44,17,46,8,48,12,13,20,38,61,1,0,60,58,11,15,53,27,34,59,2,42,31,52
56,29,12,16,60,25,43,8,14,47,22,36,31,50,9,3,63,26,19,11,38,57,2,48,54,44,21,1,59,7,35,39,55,53,24,58,41,27,0,40,34,10,15,62,18,6,42,20,51,46,13,33,61,17,37,49,30,28,4,45,5,52,23,32
9,39,10,32,29,47,28,5,48,50,15,16,38,53,49,4,2,43,54,58,21,26,40,52,3,23,1,12,41,33,34,25,46,57,0,27,45,17,42,14,35,30,44,37,51,31,7,61,55,56,8,18,20,13,11,22,6,59,63,19,36,60,62,24
53,51,49,56,22,61,17,25,50,55,5,4,39,12,6,34,16,43,31,42,48,19,44,11,29,32,63,59,36,24,30,58,41,46,13,27,40,20,10,37,26,7,3,33,15,35,23,9,8,1,38,62,18,21,14,52,47,0,45,28,2,57,60,54
53,48,42,8,30,56,10,32,23,12,29,22,11,35,24,58,39,15,14,45,1,52,38,2,7,16,36,63,41,0,17,25,20,50,37,5,3,62,47,26,9,40,33,55,43,21,46,18,49,51,28,31,19,34,6,60,4,44,59,61,13,27,57,54
58,9,3,16,59,5,11,12,4,48,35,55,57,43,30,56,6,60,33,7,22,40,13,37,32,17,49,31,44,1,21,41,2,28,52,10,20,18,54,8,24,34,39,38,29,14,26,15,62,51,50,19,0,63,23,42,47,53,46,61,27,45,25,36
60,28,45,7,57,25,63,11,37,14,43,52,24,54,61,18,13,41,35,38,5,26,48,19,6,8,40,47,0,31,17,29,32,51,22,4,33,49,53,20,50,55,58,39,12,44,10,2,21,36,1,23,59,46,34,9,62,30,56,27,42,16,15,3
48,38,8,35,24,39,17,9,12,52,20,51,10,42,3,11,57,26,33,32,40,56,62,14,58,63,4,23,55,13,60,53,19,34,27,36,54,46,43,6,61,47,31,45,5,59,50,22,25,44,1,41,21,2,18,49,16,28,7,15,29,37,0,30
41,16,27,46,2,52,29,3,25,62,11,28,21,49,22,8,56,19,18,47,23,34,5,24,55,61,59,14,15,9,33,51,37,53,36,13,26,20,63,17,54,12,58,45,1,35,48,4,32,42,10,44,57,30,6,7,38,50,43,39,40,60,0,31
52,30,49,11,27,23,22,43,48,56,46,14,33,60,58,4,31,5,32,0,41,28,10,57,42,44,53,13,59,12,45,47,37,25,19,55,9,35,39,20,17,18,24,2,61,21,36,29,38,62,26,15,8,40,16,63,50,7,1,3,34,54,51,6
45,56,36,43,46,53,63,6,52,42,14,57,44,27,51,7,15,19,11,48,0,59,16,8,38,10,61,40,50,9,17,29,24,35,18,49,62,39,32,21,55,5,30,22,37,13,34,31,33,12,25,41,60,54,23,26,20,58,28,3,47,4,1,2
37,56,55,44,20,13,33,50,40,26,2,41,6,48,8,21,31,59,4,63,62,16,51,11,43,49,12,29,52,47,22,5,3,34,53,1,9,32,0,39,24,45,38,60,10,57,14,35,58,19,54,7,23,36,17,15,27,46,28,30,25,61,42,18
3,53,50,4,33,6,31,2,40,5,61,19,26,63,42,56,12,41,47,0,30,57,1,17,14,34,36,20,35,21,27,39,48,62,45,11,60,59,29,37,44,13,22,15,8,24,58,43,54,10,51,18,7,9,23,25,55,52,28,46,16,49,32,38
59,21,61,42,17,4,16,3,30,5,25,10,15,43,9,55,2,48,26,52,22,41,58,60,50,7,28,35,23,53,1,37,19,33,46,63,36,31,18,40,38,13,6,49,8,39,24,14,0,27,11,54,32,47,20,29,62,57,56,51,34,12,45,44
36,39,14,12,42,35,20,28,49,25,18,44,0,9,43,52,51,30,56,1,46,59,50,48,32,23,26,57,61,5,41,45,3,33,37,54,63,7,38,31,53,62,10,60,21,16,13,55,34,27,17,22,40,58,19,24,4,2,11,47,6,15,29,8
11,50,56,37,45,6,16,7,43,55,32,58,54,41,19,0,14,8,59,52,21,17,44,20,47,23,39,42,9,61,57,25,46,12,18,60,26,27,63,34,4,62,36,31,38,3,24,48,35,1,40,53,2,22,28,51,29,13,33,15,10,49,5,30
8,23,0,49,29,2,9,4,39,19,33,3,32,1,56,13,48,20,47,36,45,55,34,44,31,50,26,17,42,21,58,35,59,5,6,40,11,52,10,53,37,60,63,22,46,43,18,25,57,54,15,27,41,62,16,12,61,24,7,14,51,30,28,38
20,21,22,12,59,3,15,5,13,2,16,47,28,10,23,9,37,48,30,24,63,53,19,46,60,42,56,49,57,51,45,17,55,31,38,52,26,18,35,41,61,33,62,27,50,25,14,8,44,7,32,40,54,58,1,43,34,36,6,11,4,29,0,39
50,8,3,0,47,17,36,54,48,11,27,24,38,5,35,26,2,39,33,40,1,51,14,34,16,22,53,57,15,61,25,19,59,42,12,45,52,49,55,43,9,20,18,44,41,63,21,7,46,60,6,58,37,30,23,56,31,13,4,10,29,32,28,62
51,46,36,35,8,50,48,17,3,6,21,13,41,22,45,40,23,37,31,4,27,43,20,39,54,57,38,0,49,59,24,42,63,29,5,15,34,32,52,25,61,30,19,9,62,53,18,12,44,33,28,1,56,14,47,11,2,55,16,10,60,7,26,58
5,15,28,22,6,30,55,46,58,43,2,39,21,50,61,34,31,54,25,49,63,7,48,3,1,18,52,45,17,47,14,23,51,60,32,27,8,19,57,59,9,4,24,40,10,16,44,13,11,0,36,29,41,53,37,62,56,38,33,12,35,20,26,42
31,45,24,37,63,59,10,25,38,15,41,49,1,23,3,21,33,34,6,32,18,53,57,40,52,44,19,36,12,16,0,2,4,17,7,11,35,9,62,14,51,42,5,28,60,47,39,8,50,46,20,48,27,58,29,56,61,43,54,55,13,30,22,26
32,7,56,0,15,45,63,62,40,59,13,49,2,36,47,54,22,55,25,46,27,37,17,11,44,14,10,31,1,5,39,18,20,43,60,42,9,4,53,30,58,38,28,50,19,52,8,34,57,33,21,16,29,12,61,23,48,51,35,26,3,24,41,6
37,56,29,52,2,58,40,39,33,60,22,38,36,41,18,1,23,14,0,13,31,6,9,62,3,35,47,30,44,49,4,34,61,48,50,15,25,43,8,28,27,46,17,51,12,21,54,53,19,5,7,10,20,11,57,45,63,24,42,55,16,32,26,59
59,33,45,11,62,43,17,35,3,28,32,9,44,16,15,39,0,22,61,27,36,19,51,8,56,57,2,42,53,31,24,47,14,6,7,37,54,48,41,26,18,12,1,21,10,49,30,40,60,46,23,55,13,58,50,25,5,34,52,20,63,29,4,38
38,54,34,51,26,3,42,61,48,33,22,49,7,24,20,36,58,57,11,30,25,18,14,62,13,46,59,6,2,28,12,56,63,16,35,4,29,60,1,44,32,9,45,27,52,15,5,55,41,53,21,19,40,8,43,0,10,31,23,39,37,47,17,50
52,49,39,51,1,24,23,26,41,44,16,3,28,27,29,5,63,17,40,25,48,0,13,34,42,4,14,12,62,55,36,8,33,46,61,31,58,18,50,2,30,10,43,47,37,21,11,38,6,59,9,19,60,53,56,35,45,32,20,15,7,22,54,57
25,57,30,1,23,27,38,39,49,33,40,12,8,46,31,60,26,18,35,43,22,2,61,5,14,15,58,41,45,3,54,4,32,21,9,62,11,63,24,28,44,36,48,34,42,52,20,6,0,29,51,19,56,37,10,50,13,55,7,17,16,59,47,53
45,16,41,28,22,26,44,27,4,54,46,20,47,33,37,24,6,23,34,39,7,0,53,32,57,17,63,12,29,3,10,40,13,52,25,15,14,35,36,60,42,48,61,30,58,56,1,43,19,49,21,31,62,50,18,5,55,8,51,59,11,2,9,38
4,30,46,56,52,17,54,45,21,34,27,31,62,10,22,5,53,41,20,51,0,36,40,13,15,28,58,60,35,18,39,48,38,61,12,37,7,59,55,47,32,63,57,8,33,16,42,19,29,11,9,43,25,26,14,49,23,50,24,1,44,2,3,6
10,54,59,60,36,56,23,39,53,2,47,31,25,50,45,21,19,42,14,28,20,34,32,58,12,29,44,13,33,7,46,35,6,1,37,3,9,22,41,26,24,15,62,61,4,11,63,17,5,55,38,8,18,0,49,51,52,30,48,43,57,27,16,40
36,49,27,58,45,28,46,52,42,39,15,41,62,53,14,20,5,21,17,37,54,55,8,38,7,1,44,32,47,57,31,4,0,33,13,34,6,51,16,26,29,23,35,43,60,3,61,22,48,24,50,9,11,63,30,59,25,40,19,12,2,10,56,18
1,49,44,62,9,21,34,25,37,45,36,41,33,13,35,22,24,7,29,60,43,17,31,27,6,30,10,40,38,16,12,56,2,28,19,48,5,47,11,32,55,53,15,57,39,3,58,42,59,20,0,4,8,23,52,26,63,54,50,61,51,46,14,18
23,22,63,47,19,20,38,50,56,12,45,18,9,8,57,10,0,53,17,34,46,15,2,42,62,14,3,25,37,27,35,5,21,16,51,39,32,61,59,30,52,1,31,49,48,36,13,28,44,60,40,7,55,54,41,43,11,24,33,26,4,29,6,58
59,48,0,13,24,36,49,20,19,58,44,50,41,4,56,7,34,30,22,47,5,33,42,8,45,37,9,35,53,54,40,23,18,63,61,60,39,31,14,1,57,25,29,16,46,11,52,12,28,10,2,27,17,3,62,6,51,43,38,21,32,15,26,55
46,13,5,7,36,48,27,21,56,3,28,9,15,31,53,11,26,52,14,2,55,0,8,22,35,50,58,33,34,49,17,44,41,25,10,62,23,20,29,42,63,47,24,60,39,12,16,57,37,59,45,40,54,38,4,19,1,51,61,32,43,30,18,6
38,0,61,56,39,49,22,15,3,13,58,26,37,57,42,7,10,52,14,19,31,40,50,35,44,62,29,21,53,28,25,32,59,20,33,17,18,55,54,63,1,9,46,30,47,16,6,27,48,45,2,41,43,51,4,36,23,8,24,5,60,12,11,34
3,24,47,48,53,10,14,22,28,58,21,56,11,16,0,34,46,17,4,6,2,51,35,30,33,23,5,44,39,38,8,45,43,15,32,31,61,59,40,20,41,36,37,63,52,49,50,42,19,7,55,13,54,1,60,29,18,27,12,9,57,26,62,25
11,31,40,6,49,13,0,7,10,27,9,17,33,12,14,21,19,38,36,53,2,28,35,44,5,50,51,42,3,24,58,23,29,52,25,18,15,16,47,43,32,39,1,62,20,8,30,26,56,63,22,57,41,54,55,60,34,59,48,46,4,61,45,37
41,46,33,2,17,35,20,53,32,12,19,63,16,1,26,22,44,4,29,9,30,15,37,42,58,18,28,52,54,25,6,59,47,55,27,31,51,50,60,0,36,48,38,7,34,61,3,23,11,43,21,10,39,13,62,8,24,45,56,49,40,5,57,14
25,5,59,58,16,38,14,48,20,50,13,1,56,8,39,51,33,31,3,30,21,36,24,22,62,2,42,18,49,4,26,45,44,17,35,0,6,15,23,46,11,47,37,9,29,61,12,41,40,63,19,28,53,7,52,27,32,43,34,60,57,55,10,54
37,24,52,27,46,47,16,32,34,31,11,40,19,15,56,4,13,29,55,23,20,7,61,36,25,17,45,58,6,60,10,8,0,54,62,51,53,30,59,28,50,43,26,9,12,1,41,35,39,48,38,33,21,5,18,3,14,2,22,49,42,57,44,63
29,10,31,50,0,4,3,32,13,55,44,39,45,28,43,54,40,33,56,22,25,57,48,8,2,1,20,52,12,30,42,11,35,51,41,17,27,26,58,49,19,6,24,21,38,34,15,9,14,36,16,53,60,5,59,46,18,37,62,7,23,63,47,61
49,14,53,4,32,61,54,25,59,46,2,16,37,10,55,12,27,38,44,56,28,47,11,20,36,34,63,42,13,7,57,31,29,30,52,43,39,48,35,5,15,50,21,3,19,41,22,45,58,9,6,26,24,17,40,23,33,60,18,62,1,0,8,51
9,23,24,60,33,37,30,57,48,18,49,27,40,17,54,31,62,51,36,42,41,21,58,34,45,32,53,22,13,38,39,28,43,16,29,6,59,44,20,61,63,3,0,50,14,8,11,25,7,5,10,46,2,15,1,26,56,12,4,47,55,19,35,52
19,20,59,60,43,53,29,7,4,61,46,30,38,40,14,5,13,57,55,24,21,12,54,56,52,1,49,51,26,31,10,41,6,22,42,3,8,44,39,15,63,18,35,25,11,62,9,48,33,32,47,28,45,58,23,36,16,34,50,17,2,37,27,0
59,24,17,31,35,37,15,34,23,45,42,60,7,22,49,46,52,55,33,10,39,4,14,0,48,63,6,18,40,50,5,56,28,30,43,16,1,26,32,12,61,3,2,29,13,11,19,25,21,62,57,9,58,54,44,38,51,41,20,53,47,8,36,27
45,39,32,5,7,26,19,8,51,6,33,20,58,11,17,12,22,16,3,59,24,29,30,35,48,34,62,13,60,61,18,49,57,41,46,52,63,0,28,54,50,23,1,2,36,9,37,21,42,47,25,14,55,31,43,4,40,38,44,56,15,10,53,27
39,12,42,46,15,9,18,59,13,57,55,62,25,29,61,20,7,5,14,56,47,26,17,60,28,33,8,49,3,54,27,48,36,2,51,0,10,30,16,24,1,43,4,41,44,38,23,34,11,63,58,19,40,32,37,53,52,45,22,21,6,50,35,31
18,37,33,42,19,23,10,57,24,38,3,25,29,40,43,62,4,16,47,21,5,60,0,46,31,41,52,28,51,12,58,34,55,11,59,13,45,63,6,50,32,26,15,8,7,39,2,61,20,35,49,53,1,9,36,48,27,17,56,22,54,44,14,30
57,28,51,48,5,13,46,34,6,30,8,33,7,38,50,22,63,39,11,53,29,17,43,42,56,20,45,10,54,59,1,0,26,44,19,60,3,12,23,40,27,2,47,55,25,52,21,14,32,49,24,4,36,61,31,41,35,16,15,18,9,62,58,37
36,9,21,54,7,22,34,15,33,13,32,30,38,59,10,62,50,41,55,43,0,60,51,8,39,3,29,14,63,20,48,35,11,42,46,16,44,61,37,58,5,1,6,49,57,27,53,23,40,26,45,56,2,17,47,19,28,12,52,25,4,18,31,24
58,17,3,40,62,41,23,53,33,20,55,16,27,57,10,30,19,25,44,13,24,15,43,22,7,12,45,48,26,11,42,51,6,60,47,46,29,38,35,52,37,56,59,61,49,34,0,28,5,54,36,31,18,4,9,14,63,2,32,1,8,50,21,39
53,56,29,31,46,32,42,61,44,52,35,40,30,51,5,6,33,15,28,43,21,16,11,50,17,27,2,34,3,1,22,14,19,9,18,60,26,20,23,0,63,59,7,48,39,10,4,24,12,8,55,57,58,62,25,45,36,37,38,13,47,41,49,54
61,17,15,21,25,8,52,55,50,7,59,51,28,13,32,57,56,22,24,0,20,35,49,18,63,2,34,3,30,40,44,23,41,26,36,33,53,60,38,37,46,11,48,62,4,29,31,19,10,16,6,43,27,42,54,47,12,14,39,45,5,58,1,9
44,55,39,49,38,41,45,56,11,32,62,30,54,13,57,35,2,15,53,33,25,48,58,61,1,9,51,43,24,26,40,19,10,31,8,36,28,42,18,52,59,5,16,21,60,0,47,7,27,29,14,37,17,46,20,50,34,12,4,3,6,63,23,22
45,26,19,49,61,16,20,8,44,18,63,54,43,24,2,29,23,5,46,32,34,58,57,30,48,4,28,10,33,14,0,60,17,40,15,41,1,7,42,52,47,27,55,21,53,9,3,51,59,36,37,38,35,25,50,11,31,6,22,56,39,13,62,12
28,58,3,52,24,62,34,63,9,10,4,50,40,41,60,47,39,19,22,25,57,53,49,56,42,6,15,32,55,59,43,26,35,48,23,16,51,44,0,11,7,36,45,54,5,18,20,27,31,38,1,33,29,17,61,2,12,14,8,46,21,30,13,37
22,18,39,43,52,17,59,7,26,36,38,30,50,13,28,27,32,40,41,55,45,8,25,37,10,16,5,20,34,15,2,49,62,14,0,29,47,35,48,63,31,6,54,1,33,53,60,56,57,4,46,58,11,42,21,61,44,23,3,12,24,9,51,19
20,46,45,11,6,63,16,29,15,2,28,5,43,49,1,17,58,37,3,25,52,23,33,57,19,34,36,48,31,14,24,39,54,42,26,7,38,30,21,55,56,0,47,60,59,53,12,13,18,50,4,61,44,27,8,32,40,9,10,51,35,62,22,41
38,7,46,22,53,18,42,11,51,58,5,27,55,44,25,21,57,34,12,54,47,62,37,32,33,15,9,8,4,6,50,52,28,26,49,16,10,20,3,36,43,35,61,60,45,29,0,2,39,56,63,1,19,24,41,13,30,14,59,40,23,48,17,31
47,30,23,63,3,60,17,28,0,55,40,35,27,18,61,50,32,12,22,49,9,29,36,38,2,42,44,10,26,52,4,6,46,20,21,7,19,53,37,58,62,43,45,31,48,8,13,34,24,41,25,5,16,39,51,15,11,14,54,57,33,56,1,59
8,2,3,38,62,48,29,32,17,23,60,28,45,41,24,58,54,11,61,20,40,0,47,9,22,31,46,36,21,19,55,34,30,57,43,1,12,27,44,26,5,59,49,63,7,13,18,4,35,42,52,39,51,15,50,14,25,6,16,33,10,53,37,56
48,45,51,17,12,23,16,0,6,3,1,28,56,20,36,53,46,42,35,25,7,10,60,38,31,19,58,43,50,14,9,34,41,8,44,37,5,40,54,49,62,47,55,59,39,2,15,33,63,4,13,26,24,22,32,57,29,52,21,11,61,30,18,27
37,41,45,13,34,46,56,58,14,17,0,35,18,6,11,54,42,36,59,53,7,3,19,51,1,31,16,32,4,2,52,20,61,15,57,26,24,50,62,30,5,47,44,55,27,10,43,33,9,60,40,39,49,21,28,38,23,29,63,25,8,12,22,48
11,62,30,32,38,1,15,23,56,54,40,14,3,5,47,35,19,37,21,36,25,57,46,17,2,6,59,27,16,43,53,0,60,41,10,13,55,26,45,18,8,58,50,31,44,42,61,48,52,33,39,9,63,7,4,22,12,24,28,29,20,51,49,34
41,52,33,54,51,39,24,59,15,55,18,10,4,48,42,27,58,47,3,57,53,6,49,61,46,2,60,63,16,23,25,8,14,19,29,44,1,38,0,37,21,56,20,26,45,31,22,62,12,35,34,40,17,36,5,13,9,7,11,28,50,30,32,43
32,16,36,28,56,43,18,7,26,15,14,55,40,39,25,17,13,42,53,47,1,34,37,31,24,62,0,60,44,63,20,52,12,29,51,4,54,19,58,10,2,9,30,3,6,57,38,61,11,27,50,21,59,8,23,41,33,45,48,5,35,49,22,46
25,22,1,35,20,10,51,34,54,30,61,49,47,45,50,41,16,39,59,53,60,63,6,2,40,29,21,27,44,31,48,28,24,3,37,38,32,46,56,12,42,5,15,62,33,23,36,52,19,8,13,57,0,17,9,18,58,11,55,26,43,14,4,7
26,56,46,16,39,10,3,2,42,18,35,25,9,47,6,33,48,30,17,61,44,62,15,7,60,34,12,4,36,24,0,55,51,53,14,52,38,41,27,22,57,50,13,40,29,54,23,37,49,63,5,45,8,1,58,28,43,21,19,20,11,32,31,59
47,32,43,26,5,39,21,2,15,24,3,9,59,49,10,41,37,17,53,63,54,4,31,42,29,38,48,28,40,27,20,35,16,52,14,58,18,11,56,0,12,46,7,8,57,6,13,23,33,51,60,44,1,61,45,34,22,19,36,62,25,30,55,50
20,11,35,34,43,10,23,9,41,26,30,0,1,59,7,14,60,46,24,8,6,54,61,22,47,18,32,3,5,4,12,25,36,42,21,44,50,29,15,39,38,19,57,37,45,16,27,56,52,13,48,51,55,28,53,33,40,63,17,49,2,62,31,58
42,36,12,53,58,22,13,5,21,55,59,23,27,35,52,7,30,15,20,49,63,47,57,1,54,11,51,16,17,41,56,18,40,29,39,60,50,25,9,46,3,28,19,4,48,24,8,32,26,38,34,61,45,37,0,31,10,33,44,2,62,14,6,43
18,30,36,59,35,34,6,8,63,9,12,39,43,16,26,52,20,10,13,17,60,27,47,58,41,44,5,61,2,51,23,55,37,21,50,24,4,42,3,32,15,48,53,29,28,7,22,45,31,14,0,56,40,49,62,33,1,25,57,19,54,38,11,46
22,46,37,60,11,34,28,59,54,10,45,13,18,0,2,42,8,40,29,6,35,38,16,5,31,26,33,58,20,49,32,27,43,56,4,53,17,30,12,44,52,50,3,51,47,41,7,55,14,25,19,36,1,21,57,62,9,61,23,24,63,48,39,15
19,29,36,57,13,7,63,9,32,51,38,39,1,28,15,37,30,22,23,12,43,20,46,60,34,40,55,42,54,33,58,53,59,62,6,49,47,24,50,21,52,0,10,31,4,5,27,26,44,3,16,61,35,48,56,14,25,17,18,45,41,11,8,2
32,2,8,30,41,9,36,1,57,50,4,51,35,12,58,46,42,16,15,14,37,49,53,17,31,62,63,60,5,13,25,3,39,27,45,34,28,20,47,11,52,6,29,59,33,22,48,44,56,0,43,54,38,40,26,24,18,23,61,21,10,7,55,19
32,60,29,26,17,10,54,16,52,13,31,58,48,47,3,45,56,46,0,19,49,55,53,14,4,38,2,23,61,43,59,15,57,22,39,24,11,36,27,41,6,21,25,7,37,34,30,20,28,40,42,12,33,8,62,44,1,9,50,51,63,35,18,5
59,60,50,21,2,63,42,40,0,54,35,15,17,19,24,55,7,4,48,23,56,16,32,3,22,37,61,28,38,14,53,62,26,31,30,18,39,27,47,45,11,9,57,20,36,5,13,51,49,8,25,33,43,46,6,10,29,41,58,44,34,12,52,1
28,24,53,39,11,48,42,8,58,62,15,35,60,44,47,59,12,22,14,10,34,51,4,5,18,2,45,19,20,27,36,25,3,23,61,56,40,21,38,1,41,9,17,49,52,7,54,43,50,30,46,16,0,33,29,6,13,37,32,26,57,55,63,31
0,23,31,53,61,62,35,34,28,3,42,54,57,49,24,16,7,56,12,6,14,15,1,25,8,52,41,59,4,18,36,33,13,30,60,44,37,40,43,47,9,2,5,46,22,51,11,26,21,45,39,50,63,17,29,10,20,55,27,58,19,38,48,32
23,48,9,18,39,11,47,36,2,44,7,60,49,42,53,16,26,25,6,10,43,1,12,61,56,50,14,22,32,58,41,28,4,59,20,40,27,21,8,5,55,31,13,63,3,33,34,45,35,29,17,46,30,62,38,19,15,24,51,37,57,52,0,54
12,9,20,0,15,61,33,6,3,41,40,22,19,53,47,4,43,56,49,29,34,26,16,32,45,52,10,46,44,30,5,24,54,17,2,38,18,42,60,58,39,48,13,31,7,27,57,62,1,63,55,23,37,25,36,11,35,51,50,14,8,21,28,59
5,37,9,15,30,28,12,11,40,19,6,42,46,52,48,3,44,31,61,51,59,38,58,33,57,17,39,36,20,25,24,54,18,50,4,41,34,23,0,7,2,56,53,22,13,49,10,32,35,27,55,45,47,16,43,29,21,26,62,14,60,1,63,8
15,21,4,57,17,6,24,41,7,34,19,14,20,36,11,47,51,5,62,38,25,27,50,42,46,56,18,49,23,10,1,58,39,3,26,30,45,40,44,28,22,2,31,32,60,54,16,53,12,0,61,63,9,52,55,43,8,33,29,37,48,13,35,59
48,8,35,50,10,4,52,32,16,37,24,54,26,53,36,58,51,9,41,57,28,2,55,19,3,25,43,62,15,5,39,44,18,31,33,11,61,0,1,42,30,17,22,14,47,27,13,40,59,21,29,56,60,49,63,45,6,38,7,34,23,20,12,46
25,51,18,23,41,28,56,26,30,5,42,0,9,22,59,50,34,39,36,46,47,32,7,55,58,52,61,35,4,3,37,19,21,62,45,6,49,13,57,53,15,54,2,10,20,29,40,11,33,17,27,1,43,38,8,44,24,63,16,12,14,48,31,60
63,0,3,40,33,24,39,31,62,16,61,42,54,18,58,47,5,57,44,46,17,55,28,11,6,36,35,26,48,50,19,45,32,59,41,4,53,2,12,51,38,22,20,25,43,52,1,10,15,21,34,9,14,8,23,60,30,7,49,56,37,13,29,27
3,48,61,14,52,59,39,4,25,5,9,54,37,18,57,24,26,13,7,12,27,44,1,33,51,20,2,17,40,53,11,21,60,63,28,50,56,62,43,22,49,32,19,45,29,23,58,46,31,35,55,47,34,38,0,15,8,42,30,16,36,6,41,10
9,62,10,15,4,47,45,41,5,11,28,22,29,46,18,39,24,36,2,12,33,53,8,26,59,0,13,55,21,16,57,43,20,32,50,38,1,48,52,56,17,60,35,6,27,3,58,44,61,7,63,37,49,51,42,19,31,30,25,40,23,14,34,54
29,52,33,50,46,18,38,35,37,23,39,61,34,49,40,57,3,63,5,10,28,14,21,6,2,54,0,44,43,62,56,15,13,31,59,11,16,51,7,22,8,36,30,20,27,17,1,19,24,25,41,4,47,53,58,48,60,42,26,55,12,32,9,45
19,26,59,21,62,13,53,58,38,24,40,55,0,45,11,22,48,29,6,52,14,27,42,8,39,25,32,51,15,34,5,28,56,36,20,61,54,17,63,49,4,46,16,50,35,18,10,44,7,3,43,37,9,1,57,47,2,41,12,33,23,30,31,60
56,59,11,53,52,43,45,55,19,61,13,38,14,39,60,5,41,7,63,51,8,4,12,31,17,32,36,34,20,50,22,57,2,18,25,24,6,47,35,54,28,46,62,48,3,44,42,16,33,29,26,21,37,30,40,10,23,58,0,27,1,15,49,9
43,15,38,4,57,6,51,3,37,25,36,7,20,42,41,52,0,10,9,63,62,11,8,49,44,59,48,34,31,13,33,14,61,50,53,30,19,35,12,56,28,17,45,2,23,21,22,27,60,47,18,55,32,39,24,29,5,16,40,26,46,54,58,1
7,32,13,17,47,10,25,19,28,12,29,16,31,42,14,43,36,48,0,37,21,53,61,58,6,52,1,40,59,38,46,2,56,18,54,57,22,60,39,4,44,34,27,23,30,9,20,8,35,33,62,11,3,24,51,49,26,15,55,50,5,41,45,63
29,12,46,22,53,49,35,3,0,9,47,57,31,30,43,40,14,15,2,23,54,19,20,7,36,27,55,28,37,5,39,17,56,41,21,52,59,33,11,8,16,51,4,48,10,25,32,62,1,24,63,44,34,50,6,42,38,13,61,26,58,45,18,60
59,63,55,28,31,51,60,30,33,25,13,37,0,3,35,38,26,22,48,14,18,10,34,17,45,46,50,7,9,19,61,36,23,40,2,43,52,42,32,62,53,41,5,15,12,56,27,21,4,49,54,20,29,57,39,8,11,24,16,58,1,47,6,44
48,14,19,58,3,34,54,27,20,7,53,22,24,30,17,1,47,11,23,25,44,2,46,6,12,35,59,49,63,40,61,29,41,50,62,18,43,5,9,31,15,52,33,36,32,57,4,13,38,8,10,56,55,39,0,26,51,42,37,21,60,28,16,45
44,46,63,58,6,2,14,28,33,30,40,10,31,1,25,61,45,29,27,19,53,49,11,54,4,60,17,59,0,37,48,9,55,52,47,62,56,23,32,8,39,43,3,51,38,26,36,7,5,16,20,12,22,35,34,24,41,57,15,21,42,13,18,50
44,23,7,15,57,22,48,26,63,12,37,27,59,9,41,43,13,58,33,36,53,54,20,4,47,5,49,8,17,1,35,50,61,45,55,21,29,14,30,18,42,39,52,38,60,56,46,40,51,31,62,0,2,34,32,24,28,11,25,16,19,6,10,3
46,60,49,8,58,17,36,27,25,5,56,35,10,18,62,31,41,44,38,12,23,14,0,2,9,43,39,13,50,21,48,26,24,61,52,45,33,20,6,59,54,16,3,19,22,29,1,7,63,30,37,57,55,28,4,42,51,11,40,34,53,15,47,32
44,0,57,25,22,6,60,39,58,13,20,63,23,38,52,54,59,12,46,29,35,19,47,56,37,48,43,24,62,8,36,17,34,3,9,10,21,49,53,2,16,27,7,5,50,14,4,18,11,30,33,1,51,55,28,15,32,41,61,26,40,42,45,31
48,18,34,35,17,63,41,16,8,31,32,54,59,14,51,4,62,2,22,20,36,23,61,43,58,26,10,25,56,45,27,29,21,40,24,3,49,44,13,28,11,55,12,7,9,57,37,47,30,52,5,15,6,38,42,60,53,0,1,50,33,46,19,39
29,34,17,45,18,55,1,37,57,2,25,10,4,54,31,24,46,42,41,26,19,30,59,7,50,11,62,40,12,28,6,3,23,60,13,15,36,5,20,9,14,32,22,49,21,44,8,53,61,63,52,47,43,48,51,38,16,56,35,39,58,33,27,0
9,10,26,40,60,46,57,27,21,50,15,35,38,54,52,11,8,29,49,33,5,42,0,23,17,51,25,20,34,18,53,32,61,19,43,2,22,56,6,47,1,24,3,31,4,36,59,13,48,7,16,14,41,30,55,12,63,45,62,44,37,58,28,39
32,40,45,13,23,39,47,33,26,0,5,24,62,38,11,55,41,9,46,51,8,59,31,35,54,34,20,29,7,15,52,12,30,1,2,50,53,58,17,48,4,44,37,14,42,49,21,3,56,43,27,36,63,60,18,22,28,16,57,19,10,6,25,61
24,59,5,1,4,40,15,61,53,44,28,34,32,57,60,17,26,23,19,41,10,7,27,39,0,25,38,42,48,3,21,8,50,20,14,47,54,6,45,36,46,29,30,13,2,55,56,58,43,11,33,49,37,52,12,35,63,51,22,18,16,9,62,31
45,19,18,53,13,51,22,59,34,33,6,55,39,49,4,1,41,43,54,3,47,46,23,44,35,60,56,17,15,11,58,30,7,32,2,25,0,12,9,36,24,50,40,52,21,61,29,37,31,62,26,10,27,14,48,16,57,63,8,42,5,20,28,38
6,22,45,9,12,60,28,18,17,58,20,51,40,14,16,38,3,55,56,47,1,42,54,61,57,8,34,53,21,2,59,30,4,43,19,50,33,37,24,29,11,23,26,13,63,5,25,41,10,46,48,44,36,0,62,27,35,15,52,39,32,49,31,7
14,24,9,27,11,4,53,51,30,19,8,7,32,52,16,61,13,59,38,40,63,17,28,37,41,62,6,29,44,57,25,10,50,60,36,5,26,42,15,35,20,0,58,47,48,31,34,56,12,55,49,21,39,54,3,33,1,23,45,22,43,2,18,46
21,18,47,14,27,22,63,34,58,60,4,1,49,42,17,8,37,3,38,29,43,15,20,31,39,28,61,23,44,30,59,16,40,19,2,12,11,33,41,26,5,52,35,6,10,7,24,0,25,62,46,56,36,13,48,57,51,50,54,9,53,55,45,32
13,55,35,17,27,56,61,54,53,7,28,43,39,60,45,18,6,42,11,48,26,4,14,59,15,33,10,9,38,34,58,5,22,57,23,20,51,25,62,2,44,40,3,0,41,21,30,46,63,19,12,52,47,16,31,24,1,37,36,8,32,29,49,50
45,28,16,14,63,10,48,44,56,55,33,3,19,31,8,6,13,18,5,9,2,37,20,21,32,35,23,62,7,49,50,27,54,39,12,42,52,58,4,51,1,38,61,25,22,47,41,60,29,17,59,40,30,43,0,11,26,53,34,36,57,46,24,15
57,15,48,32,59,52,7,39,2,12,51,43,50,18,46,62,25,3,30,14,27,63,24,31,8,28,41,26,56,60,53,23,19,6,42,35,45,40,10,13,47,1,49,33,22,54,9,58,38,17,37,21,44,4,34,55,5,20,11,16,61,29,36,0
19,63,53,22,44,38,49,9,29,58,57,61,12,59,31,17,54,1,13,18,52,0,41,11,4,21,30,42,3,35,23,40,48,24,2,28,33,32,45,20,37,6,55,51,14,15,10,47,25,46,36,43,50,62,60,8,16,7,27,34,56,39,26,5
46,4,52,35,47,20,5,6,45,51,31,23,28,44,61,3,2,7,1,19,26,36,17,12,24,41,14,49,48,59,0,9,25,21,33,38,42,55,32,10,40,62,56,29,39,53,13,60,16,43,50,15,27,30,18,37,63,11,8,22,57,54,58,34
27,17,34,35,62,43,40,0,45,4,32,1,30,59,2,18,15,25,26,36,37,33,57,53,21,19,60,39,6,63,13,50,38,9,42,56,7,31,28,3,52,44,58,55,23,8,29,46,12,61,16,14,47,48,41,10,22,11,54,5,20,24,49,51
40,31,21,0,61,20,43,23,33,19,24,62,7,37,15,25,2,4,17,11,54,29,3,63,49,6,47,55,13,16,44,58,32,22,53,59,27,1,12,34,14,56,18,5,38,8,60,30,26,28,9,39,52,45,51,48,10,35,41,42,50,57,36,46
61,31,36,3,38,35,1,19,25,21,9,40,4,17,63,18,48,47,62,20,57,58,41,6,0,23,8,27,37,29,49,60,52,12,45,24,14,43,39,26,50,53,32,55,30,28,10,2,42,22,54,44,16,13,5,56,59,46,51,11,33,7,34,15
16,47,41,57,45,18,59,23,33,8,52,0,2,43,26,13,20,28,27,21,46,1,60,55,5,38,12,10,37,50,6,31,9,25,58,40,42,44,19,62,63,51,48,54,14,3,30,15,49,39,34,53,4,22,17,7,32,36,35,24,61,29,56,11
59,9,14,4,55,28,46,37,29,51,31,58,61,53,21,6,43,20,35,22,16,23,33,27,56,34,36,11,8,25,40,60,5,18,32,62,30,10,48,7,12,41,15,1,44,42,19,57,39,26,63,38,52,3,0,17,24,45,2,54,47,50,49,13
21,33,23,49,27,10,3,20,41,25,28,60,6,11,31,1,53,22,15,52,57,9,62,13,54,40,18,29,43,24,14,7,39,34,2,16,8,36,51,5,46,56,26,50,45,30,35,63,58,37,12,48,38,47,44,17,19,55,61,32,0,42,4,59
53,58,5,42,6,17,51,45,23,12,34,43,35,32,21,56,63,25,20,54,2,28,60,16,22,55,13,0,31,57,8,52,19,29,11,59,41,62,48,37,49,40,38,46,1,18,4,61,30,33,9,15,27,10,44,36,7,47,39,14,24,26,3,50
26,34,61,39,53,41,16,50,49,51,10,38,58,44,48,59,45,56,29,62,0,24,42,54,19,37,23,5,12,46,36,31,60,35,18,13,15,22,28,1,14,25,6,63,17,3,55,27,40,33,30,7,4,52,9,32,2,43,20,11,8,57,21,47
58,14,32,8,6,35,62,34,52,5,39,19,28,43,13,23,11,18,47,36,22,44,4,59,60,20,53,55,57,56,25,0,29,61,50,37,21,3,54,16,7,48,49,27,38,46,12,2,26,45,15,1,24,10,31,63,40,33,51,42,17,9,30,41
46,22,41,11,20,7,15,51,3,19,12,48,29,39,27,4,49,55,61,45,44,17,36,52,30,25,35,58,10,32,34,21,42,50,33,16,24,1,23,38,5,28,9,56,43,37,13,54,40,62,26,63,53,60,0,31,18,14,6,57,8,47,2,59
3,48,20,42,32,52,44,41,56,14,34,7,31,16,53,23,39,36,35,25,15,28,2,63,12,50,47,40,51,61,21,18,57,6,24,49,46,38,10,4,1,62,11,43,8,0,9,33,55,26,58,22,37,29,17,45,27,5,13,19,59,30,60,54
55,43,36,32,29,31,17,61,35,25,10,1,60,41,24,13,19,11,47,21,52,63,33,39,15,53,49,28,12,18,48,3,4,14,51,59,40,8,42,26,16,54,57,37,2,27,9,30,50,58,46,22,7,0,34,62,45,23,20,5,44,38,6,56
14,10,43,5,3,53,11,34,21,16,6,58,38,62,59,47,1,2,60,30,22,44,57,46,13,31,50,42,36,19,28,35,0,45,24,37,52,51,15,54,48,32,49,61,39,41,9,56,20,27,17,55,8,40,25,33,4,12,63,29,23,26,7,18
56,6,41,30,36,60,24,40,2,12,25,29,5,54,19,42,51,59,58,23,44,16,48,38,55,49,32,27,37,10,43,33,21,0,15,20,61,52,53,39,14,9,13,11,17,63,45,1,35,18,62,46,28,34,26,4,47,8,31,22,7,3,50,57
35,9,0,23,19,31,51,26,59,24,30,45,16,13,52,6,14,44,49,3,27,55,21,58,50,22,17,11,8,18,2,36,46,32,57,48,4,20,53,15,37,60,42,28,39,34,56,25,1,29,47,62,61,40,33,41,12,7,10,5,63,43,54,38
26,56,30,8,47,2,23,9,13,29,31,19,27,49,45,37,6,57,1,60,18,42,25,43,39,15,3,20,28,51,48,4,22,0,46,41,52,5,44,35,55,63,62,36,7,16,24,10,58,34,61,14,32,11,38,50,33,59,53,17,54,40,21,12
54,58,18,63,26,7,14,0,37,27,24,12,10,47,36,41,38,59,34,56,19,22,43,35,6,4,29,40,31,61,9,3,45,62,60,52,39,50,15,32,49,44,33,46,1,11,5,25,17,28,13,53,55,20,57,2,51,30,42,48,8,16,21,23
51,34,26,11,1,14,53,7,42,39,48,32,8,21,29,22,31,46,13,56,49,57,30,19,33,27,2,16,20,54,5,37,23,15,55,4,18,10,61,63,12,52,44,59,36,40,9,50,43,45,47,3,41,0,60,6,25,28,58,62,17,35,24,38
40,17,50,46,30,41,21,58,33,51,9,44,15,57,31,14,2,53,0,22,47,42,26,49,13,29,24,10,43,39,23,38,35,3,37,20,56,54,52,60,5,25,61,12,36,34,8,32,45,1,55,59,7,63,18,62,28,11,19,16,27,48,4,6
28,39,42,26,32,40,19,2,16,31,4,48,23,15,10,14,55,1,8,61,27,22,53,34,60,50,38,18,12,44,9,43,6,49,45,13,63,62,52,54,30,59,36,33,57,41,37,3,29,46,47,0,24,11,56,35,58,7,17,51,20,21,25,5
46,25,34,18,1,21,41,47,5,50,7,55,61,49,53,33,14,9,12,30,19,26,63,17,62,3,20,16,37,42,39,40,32,8,24,11,38,44,0,59,36,56,52,27,60,23,43,54,10,35,57,58,28,29,48,15,31,2,13,45,51,6,22,4
35,22,55,61,17,33,53,59,1,43,52,6,29,30,24,14,39,34,10,8,37,50,7,5,40,25,2,56,23,21,42,46,16,62,15,27,19,18,60,36,0,63,57,48,47,58,11,12,38,49,28,45,20,32,41,26,13,4,54,31,44,3,51,9
41,14,63,5,10,57,43,27,59,37,3,1,47,46,61,2,4,45,29,16,17,19,35,22,13,25,11,21,44,54,12,48,32,34,58,56,40,23,62,8,7,42,30,52,28,0,20,31,33,55,36,49,60,38,51,24,39,6,18,15,26,53,9,50
6,36,52,50,49,26,13,62,44,61,45,42,63,21,46,9,56,19,24,40,53,5,35,38,20,10,55,58,11,12,48,28,33,2,60,51,32,3,54,18,1,8,59,15,0,41,27,29,14,57,17,25,47,4,23,30,16,37,31,22,39,7,43,34
62,59,34,58,17,47,30,24,57,60,23,18,55,37,56,25,49,4,6,19,39,31,42,14,28,8,1,63,20,15,45,3,11,27,41,61,36,51,50,22,38,0,26,54,9,7,5,2,10,40,12,32,44,48,52,29,35,21,13,43,46,53,33,16
47,33,52,29,0,9,1,7,56,35,25,60,24,32,45,10,54,15,3,38,22,31,21,40,34,39,41,58,42,6,44,2,46,62,8,19,11,57,12,36,18,28,30,37,59,17,48,13,63,26,5,51,16,20,27,61,23,49,14,4,53,55,50,43
61,49,60,38,17,0,24,44,33,3,62,58,16,2,30,9,22,52,63,48,42,14,31,26,8,59,11,56,21,51,55,25,35,12,27,54,23,32,19,53,6,36,1,46,40,43,29,5,39,41,34,7,47,10,18,4,28,37,20,45,15,13,50,57
44,59,43,28,27,61,8,13,63,9,4,33,21,42,48,20,10,34,22,38,37,19,39,51,26,40,58,50,15,2,49,47,62,35,1,17,55,53,52,11,3,25,46,16,12,41,18,60,57,5,6,32,54,23,7,36,24,56,0,45,30,31,29,14
13,28,57,44,19,16,62,47,24,21,10,40,46,61,6,35,53,42,32,20,0,38,3,48,1,22,34,63,5,45,59,43,51,55,18,7,9,12,14,25,27,41,31,11,2,23,15,37,17,8,30,29,36,60,52,49,26,50,54,39,33,4,56,58
21,37,23,60,11,46,25,12,15,16,5,44,3,4,40,42,18,30,17,14,26,63,22,13,52,34,27,24,28,45,50,48,62,38,53,59,36,58,33,57,8,20,6,10,32,49,55,2,9,51,7,19,39,56,41,29,0,54,31,35,47,43,1,61
24,6,39,38,19,42,23,26,60,43,15,63,44,4,28,5,25,57,37,11,61,9,16,47,33,2,40,35,20,8,48,31,62,41,34,49,30,22,7,58,54,3,0,52,13,56,46,59,55,36,32,10,14,27,50,21,29,51,18,12,53,1,45,17
61,16,62,33,3,22,8,10,55,38,36,50,46,26,39,0,45,57,52,51,11,15,44,21,18,27,56,29,14,58,41,23,48,4,24,28,35,12,43,47,40,13,59,25,31,7,30,19,34,49,53,60,5,6,37,9,63,1,2,17,32,20,54,42
32,12,13,26,54,53,18,34,39,1,9,15,20,24,63,29,37,45,49,50,31,30,59,28,62,48,43,35,0,41,16,33,47,8,4,19,40,55,22,38,14,6,44,57,36,21,17,51,10,25,2,60,11,42,52,46,5,3,61,23,58,56,27,7
20,9,7,0,54,45,32,46,24,63,51,13,18,21,62,34,36,33,37,59,23,2,48,53,29,19,25,57,5,27,11,58,61,6,41,15,39,14,31,47,4,10,28,38,8,26,17,49,16,35,40,30,12,55,56,42,22,3,1,52,44,43,60,50
32,41,35,36,11,40,52,2,55,56,18,14,23,29,28,17,62,19,21,49,12,6,16,7,10,8,39,48,45,20,34,38,37,58,3,31,33,50,27,30,15,26,51,4,53,22,13,63,44,9,57,60,24,43,25,1,0,46,42,61,5,47,54,59
38,20,17,21,9,44,35,29,40,6,2,52,62,15,33,4,46,16,63,23,60,22,0,55,59,48,58,30,1,42,7,27,11,43,3,50,32,25,19,56,61,47,51,5,36,49,18,34,57,13,53,28,54,37,26,39,12,41,10,8,24,31,45,14
50,45,55,61,26,2,38,23,3,10,59,63,9,31,51,33,19,35,29,52,60,40,20,37,43,25,62,49,8,14,11,15,1,48,24,22,12,53,30,0,13,17,39,36,7,46,6,44,16,41,27,42,57,32,28,18,4,56,5,54,47,34,21,58
12,8,45,32,25,53,20,28,48,61,29,43,19,23,57,55,1,11,34,0,38,13,41,46,50,60,49,2,54,62,7,4,33,5,36,30,40,3,14,9,37,63,56,21,27,47,10,18,31,35,52,42,15,17,26,6,58,16,59,22,24,51,39,44
50,26,1,30,5,18,49,31,21,53,15,37,34,25,19,2,42,33,51,7,58,16,32,54,47,6,44,36,8,57,3,45,60,56,4,43,13,12,20,9,61,23,17,38,48,24,52,14,22,0,28,46,55,29,10,35,39,40,59,27,62,63,11,41
53,0,47,22,21,24,32,8,27,19,7,58,23,18,4,26,56,50,54,38,52,44,62,35,61,63,59,12,2,16,33,11,43,45,41,42,15,48,25,9,60,13,29,57,49,1,37,39,6,28,10,40,30,17,31,14,20,34,51,36,46,3,5,55
9,42,15,18,35,4,19,63,31,28,29,10,53,27,54,51,52,16,22,20,7,43,12,14,33,5,13,59,26,0,50,47,1,38,37,34,44,46,25,49,6,48,3,56,61,21,62,36,57,32,17,2,8,55,11,23,45,58,41,40,39,60,30,24
53,48,56,4,29,32,21,9,27,39,13,47,28,25,35,40,0,57,18,17,1,52,12,45,36,51,31,63,22,8,20,19,44,23,62,16,49,5,37,61,33,24,30,54,38,10,43,58,41,60,2,3,14,11,55,34,7,50,59,15,46,26,6,42
15,17,12,60,5,27,40,43,33,9,10,41,22,23,7,54,63,31,49,57,52,45,2,38,20,42,24,47,14,28,34,13,37,55,58,61,18,1,36,8,39,44,32,0,26,53,29,25,21,48,3,50,19,11,6,59,46,56,62,35,51,4,16,30
23,25,33,30,38,4,35,59,15,27,20,24,3,13,34,57,29,12,63,60,14,17,56,50,42,61,62,22,58,39,40,43,53,9,36,51,21,18,26,2,49,44,11,28,48,5,6,31,47,1,16,55,8,52,37,41,10,46,19,32,7,54,0,45
17,29,50,58,54,15,31,8,56,5,43,35,27,9,37,57,10,40,51,44,47,0,18,24,20,21,39,28,53,14,30,22,48,45,4,52,19,16,42,23,1,36,46,12,13,7,59,60,33,25,32,26,55,3,38,6,63,49,62,2,41,34,61,11
45,53,6,57,19,38,1,51,41,55,26,56,40,13,30,29,3,47,23,9,20,36,10,16,44,54,46,15,42,59,11,0,28,2,17,5,39,35,33,12,50,60,22,61,63,32,27,25,21,37,62,8,48,14,4,7,52,43,34,58,31,49,18,24
6,13,51,4,23,24,9,43,26,20,60,52,56,16,40,63,21,46,11,42,15,19,8,47,59,48,33,61,10,39,25,31,3,5,0,2,27,50,7,41,29,36,62,49,57,55,35,34,17,58,14,44,12,28,53,54,38,30,18,45,32,22,1,37
3,59,32,39,18,61,53,21,13,28,38,37,1,26,55,52,36,7,11,15,63,17,30,16,42,0,22,43,41,2,29,34,47,54,49,45,25,50,9,57,51,20,46,62,58,14,10,19,8,6,35,40,23,31,56,48,24,44,60,27,33,12,4,5
14,44,33,60,29,40,62,27,18,11,32,42,0,3,26,57,10,16,15,50,25,58,9,23,35,46,47,63,17,2,55,52,22,61,20,38,31,30,54,24,5,45,36,51,49,12,19,37,8,34,41,53,4,48,13,56,6,43,39,7,21,1,28,59
7,11,62,15,58,12,57,20,24,60,63,19,54,17,22,36,30,3,4,38,48,6,40,2,25,10,59,8,5,35,37,52,49,51,39,18,31,61,29,42,13,50,1,46,14,0,34,45,32,23,53,27,16,41,43,44,9,26,56,21,47,33,55,28
48,58,52,6,42,40,41,37,3,9,7,22,57,36,5,16,47,45,50,18,49,54,21,24,46,2,26,59,4,14,62,25,34,15,61,17,38,0,51,55,33,53,12,27,10,39,20,30,13,44,1,29,28,60,32,35,23,8,56,11,63,19,43,31
60,52,3,11,17,29,63,12,40,49,36,13,35,5,19,62,38,10,27,1,56,48,16,2,23,4,55,57,21,44,54,45,53,20,58,61,7,39,0,33,18,6,42,22,30,37,59,26,41,34,51,47,32,24,15,28,25,31,14,46,9,43,8,50
63,36,56,58,37,3,28,22,17,50,8,5,10,7,39,53,43,24,9,6,61,55,48,47,0,4,30,46,33,11,54,27,14,25,29,62,49,60,38,2,26,16,31,59,35,13,52,32,34,40,21,57,45,44,12,18,51,20,19,23,41,1,42,15
25,61,3,24,63,46,58,38,59,54,17,5,8,13,36,32,26,16,47,45,2,51,62,7,9,34,28,57,6,35,50,23,48,44,37,15,4,11,31,10,21,20,0,14,22,42,12,41,19,53,43,18,33,49,60,1,39,52,56,55,40,27,30,29
6,28,33,55,20,62,11,7,37,23,9,40,43,2,35,27,53,45,3,47,16,5,4,29,0,51,32,30,1,38,36,42,46,31,56,41,15,60,13,50,24,19,57,12,17,58,25,59,54,39,8,21,22,14,49,48,44,34,18,52,10,61,26,63
18,6,46,41,5,60,54,8,23,32,28,31,34,10,4,58,50,24,57,39,27,59,15,43,62,36,30,44,12,26,14,25,49,35,0,61,52,55,9,16,1,42,53,48,20,33,38,37,63,51,29,22,47,17,21,45,2,19,3,40,7,11,13,56
32,19,61,4,53,13,36,6,21,45,50,35,25,47,31,24,39,60,37,1,40,29,58,51,41,55,9,12,22,3,11,33,8,10,27,20,54,0,30,52,23,17,34,18,7,44,48,15,2,57,49,46,38,28,14,26,59,42,63,16,5,43,62,56
4,3,55,21,31,48,25,56,59,37,50,29,40,8,57,44,23,24,46,38,45,39,61,20,28,42,36,43,10,11,32,13,15,27,17,60,49,1,54,9,16,19,26,0,58,53,62,47,63,5,6,12,35,51,2,41,18,30,14,22,34,33,52,7
43,40,46,60,48,21,10,50,1,62,41,31,57,32,37,58,0,35,29,47,56,14,9,12,42,26,52,39,36,54,30,49,6,2,27,5,17,59,51,38,19,34,63,15,16,45,3,13,7,22,11,18,4,55,8,20,28,33,23,44,53,25,24,61
12,39,14,33,35,15,63,27,19,47,25,24,43,41,38,21,10,30,17,28,52,53,60,13,34,29,11,59,0,62,54,40,48,49,6,57,56,61,46,58,3,44,55,5,31,32,18,7,37,20,1,9,50,36,4,16,45,51,8,42,23,2,26,22
0,14,6,19,26,37,5,47,16,34,18,54,56,11,46,44,28,4,17,32,3,40,22,23,21,52,20,50,15,57,10,9,51,63,48,12,30,31,55,7,35,2,1,60,59,24,61,49,27,42,13,43,38,41,58,8,45,39,62,33,25,29,53,36
30,33,11,53,7,50,37,32,59,31,28,1,14,46,24,4,47,5,43,25,27,56,18,2,60,12,29,62,57,26,15,63,55,48,34,8,36,40,13,17,35,20,58,9,54,52,16,49,44,21,10,0,61,42,23,41,3,38,45,51,39,6,19,22
16,51,49,25,27,48,2,3,6,20,39,17,7,13,54,53,19,52,15,21,55,23,56,18,36,60,37,45,33,41,9,24,50,10,62,30,59,28,34,32,42,22,14,8,35,38,58,40,5,43,46,61,26,57,47,1,4,0,29,11,63,12,44,31
25,44,34,56,58,50,47,4,63,30,46,42,32,0,17,31,29,1,39,27,19,6,7,22,20,23,12,8,3,13,11,60,10,61,16,49,14,41,40,24,18,52,45,9,21,2,38,36,33,53,62,26,48,43,35,57,28,37,59,5,15,54,51,55
8,10,58,4,5,19,61,15,43,42,26,23,11,44,56,24,62,54,34,30,41,28,9,21,13,18,37,46,50,59,45,35,63,16,49,3,55,33,57,7,6,2,20,31,32,36,51,52,60,1,47,38,27,53,17,0,29,12,14,39,25,48,22,40
61,53,31,63,49,13,44,29,37,20,55,2,42,14,38,45,60,21,24,9,51,1,50,46,35,8,34,59,6,43,7,47,54,27,32,62,22,19,0,16,4,25,18,56,39,58,41,11,33,28,10,40,3,30,12,17,36,26,5,23,48,52,15,57
25,58,51,42,50,6,38,33,0,3,37,60,17,43,31,59,39,36,26,61,32,30,45,5,55,47,48,10,15,2,12,11,16,62,8,23,34,13,4,41,18,52,14,53,46,44,28,29,20,21,19,63,27,7,54,1,56,35,24,57,40,22,49,9
36,60,35,28,43,57,46,0,1,39,11,42,22,55,53,9,29,38,33,62,44,3,7,8,63,27,49,48,25,12,40,20,13,19,34,21,23,54,52,30,18,10,47,31,2,59,61,51,56,6,14,41,32,17,15,26,5,50,58,16,24,4,37,45
14,31,23,15,10,11,46,44,12,33,59,3,22,56,8,18,52,1,7,58,28,38,39,62,42,21,45,36,63,27,26,13,19,29,20,24,2,54,16,9,0,25,57,49,51,60,61,55,32,35,47,30,4,43,17,6,53,34,50,5,40,41,37,48
24,16,57,56,60,29,45,25,23,40,0,63,5,11,2,39,48,10,17,38,22,15,61,20,35,58,53,1,26,52,47,36,51,19,50,7,13,8,42,14,59,27,54,30,41,9,46,18,4,28,34,21,33,43,62,6,3,44,37,31,12,32,49,55
47,24,61,7,22,36,18,33,29,51,12,35,39,27,3,1,14,48,30,41,46,50,55,26,0,21,20,23,28,54,11,9,31,13,59,32,4,53,37,34,44,58,17,62,40,57,60,38,25,6,5,49,19,43,8,42,16,15,63,2,45,56,52,10
33,22,40,23,7,14,1,26,6,30,54,58,35,18,13,17,4,15,32,16,51,24,12,52,31,41,57,29,25,55,36,0,19,47,21,63,28,20,56,37,59,10,60,43,53,45,38,9,27,49,46,34,39,62,2,11,8,5,61,3,50,48,42,44
21,40,28,8,18,7,23,17,56,9,49,37,14,4,35,53,43,39,51,16,38,47,27,22,29,62,36,1,59,44,57,15,48,46,30,32,42,26,25,45,10,5,61,41,52,2,31,63,24,60,33,12,50,6,34,3,13,19,20,55,11,54,58,0
4,21,24,40,6,27,14,2,19,51,1,25,61,55,59,62,12,38,46,0,10,43,37,28,32,13,47,29,60,3,56,9,17,54,31,22,41,18,48,44,30,53,15,33,36,23,20,52,8,39,49,50,26,58,5,16,45,42,7,11,34,63,35,57
38,60,24,22,20,14,44,23,54,47,18,12,1,33,48,17,49,43,53,50,26,57,34,63,21,10,52,5,59,3,28,9,2,16,35,55,4,42,8,27,31,56,6,32,13,39,37,45,51,36,7,58,61,11,46,40,19,0,29,41,62,15,25,30
61,60,47,20,41,28,5,0,2,21,39,15,33,50,52,63,9,46,44,32,57,25,19,13,12,7,36,43,53,51,6,42,55,38,59,8,10,45,11,58,56,48,4,16,18,14,35,30,49,24,62,17,26,27,31,34,3,37,54,40,22,23,29,1
30,41,38,19,53,43,42,7,33,36,16,1,49,25,59,15,51,47,45,8,32,11,17,63,24,31,9,57,12,5,10,6,58,0,50,60,37,40,56,13,44,20,54,61,29,2,46,26,18,52,21,22,55,3,27,23,62,39,4,14,28,34,35,48
25,33,6,61,50,43,15,53,58,3,1,11,56,26,52,54,17,22,24,38,12,62,55,0,9,20,49,18,28,16,34,13,8,59,45,57,30,48,7,35,39,42,37,44,63,2,27,41,4,5,14,31,51,60,47,32,10,21,23,46,40,36,29,19
5,55,62,0,31,58,22,12,4,3,61,9,32,46,59,42,33,40,52,45,63,10,49,23,1,34,25,13,60,44,14,8,35,39,57,19,56,27,17,47,37,21,50,29,16,54,48,2,41,38,30,20,6,53,28,7,15,24,18,43,26,36,11,51
9,25,7,39,40,52,21,19,57,61,4,29,49,2,45,62,32,51,30,28,36,63,24,5,50,59,42,38,16,58,17,8,60,13,47,20,1,44,55,23,26,18,33,10,48,54,6,43,56,46,0,14,53,15,27,37,31,35,41,34,12,22,11,3
13,12,53,51,30,23,55,0,46,50,43,63,57,8,34,41,1,5,38,4,29,6,40,39,45,58,52,22,15,21,47,9,16,48,33,19,31,60,26,20,56,14,3,28,49,59,35,27,7,18,62,37,2,42,11,10,25,24,44,61,54,36,32,17
33,53,20,48,5,43,4,6,15,21,55,13,27,54,25,18,63,1,46,59,35,44,23,37,2,22,62,52,36,3,42,30,40,38,61,49,28,29,58,7,16,39,41,24,19,34,12,32,17,47,9,14,56,57,50,51,31,11,8,10,26,0,60,45
58,11,9,19,13,7,34,22,60,15,5,46,56,55,39,8,42,48,32,40,59,21,50,52,2,26,45,16,28,41,3,6,37,27,33,44,14,61,51,23,18,35,53,36,49,1,31,30,0,47,57,17,25,38,54,20,43,12,29,63,4,10,62,24
1,36,47,2,18,45,16,56,52,5,59,8,53,12,27,14,38,22,19,3,58,26,6,46,11,40,61,9,57,41,17,54,48,13,25,43,7,37,55,50,30,60,63,24,32,29,20,39,31,28,15,0,51,44,42,49,10,62,23,34,35,21,4,33
57,28,52,6,54,4,56,16,45,7,2,15,60,44,42,3,12,34,25,19,49,33,10,55,38,21,30,59,41,17,43,32,26,50,58,20,46,13,39,36,9,29,31,11,23,5,18,14,62,0,61,40,53,48,8,47,1,27,63,51,35,37,22,24
38,57,42,52,19,43,41,0,21,9,10,3,14,44,39,15,17,62,32,5,46,60,20,37,45,55,40,53,25,48,49,29,27,7,26,63,4,23,13,33,18,31,58,36,50,8,59,1,16,34,56,6,47,12,51,22,54,61,35,11,30,28,2,24
10,34,3,20,24,57,54,29,30,5,26,21,1,2,27,0,33,32,18,61,56,14,58,19,55,13,9,48,50,38,59,28,12,43,23,17,52,42,62,15,25,51,37,49,46,22,16,40,44,31,60,36,7,53,8,35,11,47,41,6,39,45,63,4
43,62,25,54,50,48,32,47,37,6,58,52,24,31,59,53,1,41,20,34,35,40,61,21,10,8,15,14,42,0,13,63,9,57,46,29,27,18,60,30,38,2,7,44,28,55,3,33,19,22,26,5,51,4,39,49,36,11,16,17,56,12,23,45
0,46,24,27,58,30,8,29,41,22,54,59,6,15,35,33,53,48,50,52,28,38,16,51,25,60,61,40,10,4,47,26,13,44,2,11,5,31,23,9,14,45,49,57,42,3,32,18,20,17,34,63,62,12,43,56,55,39,19,1,37,36,7,21
62,22,54,33,4,3,10,25,23,43,35,51,61,58,49,27,15,31,2,53,16,63,50,20,60,30,5,40,11,18,44,8,45,56,52,47,19,28,39,24,21,59,57,42,13,55,41,0,9,29,12,46,38,1,26,14,34,37,17,36,32,6,7,48
47,16,14,53,28,22,50,12,46,26,10,20,8,30,24,0,25,7,15,13,19,57,40,59,17,45,18,63,55,9,41,2,54,32,44,60,49,29,34,42,62,27,39,4,43,11,1,36,33,61,37,3,56,48,23,5,51,6,31,21,38,35,52,58
48,3,12,30,59,58,44,24,42,37,47,18,38,62,36,14,34,2,25,57,52,27,13,40,11,61,46,4,20,26,21,55,9,7,31,43,33,53,17,5,16,15,41,63,22,23,10,39,1,0,51,60,28,19,56,6,49,50,29,54,8,32,45,35
32,1,44,27,11,13,46,19,34,26,2,48,6,0,30,50,21,45,16,61,5,38,20,56,22,18,9,36,15,49,55,43,52,42,14,35,12,10,33,54,58,41,63,8,40,31,51,29,47,39,28,17,24,57,53,60,23,7,3,25,37,62,4,59
31,51,46,47,45,44,52,42,39,22,3,6,4,50,0,35,61,40,16,63,62,58,14,18,56,53,57,24,48,10,41,5,32,30,33,43,17,29,23,25,54,1,7,34,60,36,15,21,37,55,13,28,19,12,11,8,9,20,49,38,27,26,59,2
25,43,50,2,23,36,22,1,20,11,16,9,52,12,45,26,19,28,14,46,21,56,40,0,10,51,7,6,47,31,4,54,8,33,15,3,44,48,53,34,38,41,58,27,17,42,62,39,55,35,32,49,18,37,61,13,59,63,60,30,5,24,57,29
18,29,22,0,11,34,26,7,24,48,13,3,19,61,2,1,15,38,59,21,30,33,41,31,44,49,47,12,36,60,9,37,27,39,4,10,16,58,6,35,63,56,14,42,50,20,17,40,32,25,55,54,53,52,43,51,62,46,45,57,28,8,23,5
16,52,30,10,29,6,50,60,53,15,0,5,34,36,19,54,56,11,51,49,27,7,28,39,18,23,17,47,44,3,57,42,13,12,26,45,32,14,22,37,40,59,1,46,33,25,20,35,48,58,41,9,31,62,24,8,43,63,55,21,38,61,2,4
52,53,50,27,12,6,21,63,9,32,18,61,10,7,33,46,11,16,5,62,36,29,26,49,0,35,45,3,37,56,19,43,57,55,59,47,54,28,31,17,48,14,4,42,25,44,20,40,22,38,8,60,51,24,1,23,2,58,30,39,34,41,13,15
39,36,32,2,4,47,33,26,13,41,50,24,9,3,21,10,22,5,30,42,54,11,63,31,55,37,17,0,44,12,60,35,46,58,45,1,28,43,51,16,7,56,59,23,8,57,48,62,19,49,53,38,15,18,25,14,34,20,6,27,40,61,52,29
11,59,33,1,19,24,37,45,61,55,30,49,13,43,21,42,12,10,9,29,5,15,7,57,4,14,31,53,23,6,38,20,44,56,60,27,36,0,52,48,50,58,54,28,2,8,47,17,34,25,32,46,16,35,41,63,39,3,51,18,26,22,40,62
3,34,37,26,31,10,13,24,39,40,16,1,41,35,27,33,29,46,7,62,5,9,32,48,11,42,55,6,0,22,54,58,57,19,63,4,30,51,25,17,59,23,21,8,45,28,49,14,44,60,18,43,52,12,36,47,50,38,56,53,15,20,61,2
56,0,10,39,34,57,18,47,49,62,22,25,61,13,36,44,54,48,26,12,63,29,59,37,23,11,60,33,27,19,21,45,3,9,2,51,32,7,35,28,24,40,38,55,5,31,1,58,17,52,42,41,50,43,53,15,30,14,4,16,20,46,6,8
29,43,4,49,8,0,6,17,28,10,35,7,25,13,36,45,5,16,53,18,11,62,52,24,20,22,40,2,38,14,51,59,42,48,56,46,61,32,50,23,57,9,15,30,60,12,37,33,1,39,47,31,21,19,27,54,44,63,34,3,26,41,55,58
12,29,28,19,47,22,34,0,13,25,6,59,61,8,26,40,46,41,53,4,43,42,57,56,45,1,39,54,62,48,16,7,44,63,36,27,31,32,11,58,23,21,24,35,18,14,2,10,51,38,55,17,30,15,50,52,9,37,3,33,20,60,5,49
21,46,18,29,54,22,2,55,16,32,37,47,35,45,38,3,12,28,20,24,39,59,30,11,17,53,56,31,19,44,7,60,33,8,43,14,52,27,15,0,58,51,49,40,36,57,41,9,26,4,6,23,10,5,62,50,63,42,61,1,34,25,13,48
18,27,15,56,36,62,51,22,40,9,23,4,39,8,38,54,31,46,19,52,16,37,25,10,7,30,50,1,58,41,53,6,21,24,5,55,42,35,13,12,0,11,2,29,17,47,33,3,59,61,48,14,32,20,28,43,45,57,26,44,60,63,49,34
2,61,37,39,58,3,18,25,29,5,35,24,62,21,59,27,50,46,17,34,55,51,14,36,30,40,44,57,43,32,42,49,13,1,15,60,63,31,54,12,0,33,8,9,41,38,47,20,10,4,22,11,23,56,28,7,52,45,53,26,48,19,6,16
49,58,17,10,21,38,40,27,7,11,1,34,24,26,0,54,16,57,44,37,35,9,41,18,28,63,3,42,31,36,29,25,33,45,43,22,6,15,60,46,53,2,56,13,61,8,55,19,51,4,59,32,50,23,12,30,62,14,20,5,48,47,52,39
16,10,46,1,57,21,8,29,30,18,42,61,28,47,38,9,5,49,0,41,27,44,63,52,32,31,53,25,34,14,37,4,48,50,35,59,36,15,23,13,45,19,43,58,20,17,40,55,51,24,56,2,33,11,22,12,39,7,3,54,6,60,26,62
46,24,21,22,60,37,17,42,2,40,5,50,58,44,0,61,52,31,29,1,39,13,45,49,9,53,19,25,16,3,51,12,15,36,7,59,33,4,38,35,47,6,23,10,43,32,63,26,34,8,20,14,18,54,28,30,48,11,55,27,62,56,41,57
37,3,40,11,24,8,38,59,39,7,6,55,52,53,0,14,43,44,10,29,23,48,35,47,9,45,46,56,26,36,12,32,50,2,28,41,61,4,57,34,20,15,13,33,17,1,30,18,16,22,58,54,60,27,21,62,42,51,31,63,5,49,25,19
10,26,39,3,47,43,60,44,28,59,9,8,58,1,49,45,20,33,7,19,18,5,16,14,31,48,61,52,25,24,13,35,56,46,40,15,54,34,53,27,51,12,22,29,4,38,2,42,0,50,17,41,30,62,63,55,23,32,11,6,21,36,57,37
15,31,20,40,23,25,51,36,63,13,3,17,2,48,58,10,61,62,26,1,12,35,52,5,21,50,41,43,56,57,47,6,59,32,33,0,16,55,49,4,60,14,38,18,28,8,9,42,34,54,46,53,27,11,44,30,29,7,45,37,39,24,22,19
25,21,37,38,43,24,23,18,4,36,49,63,11,17,12,28,58,9,50,32,59,26,14,48,61,46,1,47,22,60,55,27,34,31,5,30,41,19,20,52,40,13,16,53,39,62,3,42,8,54,15,6,35,56,51,0,44,57,2,33,10,7,29,45
39,37,43,10,20,46,61,54,31,8,45,1,2,40,62,17,25,19,6,36,13,4,12,38,14,3,51,47,27,11,29,63,32,15,30,57,42,21,9,56,33,60,34,18,52,5,35,53,58,0,7,44,28,41,26,22,24,23,55,49,50,16,59,48
14,32,30,53,24,56,35,6,51,26,52,45,13,54,22,4,27,12,59,1,49,3,7,60,36,61,11,55,16,43,41,8,20,46,19,33,5,0,37,57,47,17,15,29,28,58,50,42,62,9,23,2,40,25,63,38,18,31,39,21,44,10,34,48
53,48,5,8,4,41,2,34,16,55,44,47,18,6,45,21,30,28,27,10,43,17,39,50,56,36,62,24,37,35,61,54,33,15,59,31,38,29,60,22,49,51,9,23,12,7,25,1,52,58,42,0,46,40,14,13,11,20,19,63,3,32,26,57
45,6,46,16,57,33,35,13,29,4,58,15,41,39,50,24,22,8,34,31,56,62,40,9,51,38,48,19,17,42,18,21,28,32,55,37,7,27,5,47,63,25,44,26,0,3,1,59,23,11,52,12,43,60,49,53,36,20,30,54,61,14,2,10
49,22,16,2,26,57,30,7,39,24,45,61,54,31,43,6,21,38,10,28,23,62,44,29,55,59,0,12,14,20,27,15,56,25,11,18,58,46,47,50,42,52,60,37,5,41,40,3,48,17,1,8,53,9,33,19,32,34,4,35,63,36,51,13
37,44,46,50,5,6,45,13,18,42,22,19,54,51,36,7,56,27,58,57,53,34,17,38,32,26,28,39,1,48,3,60,47,33,31,49,10,25,24,62,52,61,0,23,15,43,21,30,8,4,16,59,14,12,63,11,41,20,40,29,35,2,9,55
29,57,51,40,4,56,55,16,26,13,35,9,31,6,36,47,30,21,11,22,1,18,60,7,17,12,27,15,53,45,34,43,50,54,44,49,24,32,25,0,33,63,28,2,37,5,8,19,39,61,41,3,10,23,48,14,59,46,58,38,62,42,20,52
40,13,60,35,42,59,45,41,50,36,25,34,0,39,54,3,14,46,20,29,28,38,32,17,47,52,61,16,26,55,37,57,4,7,63,43,27,58,23,56,12,24,31,2,30,9,18,6,53,11,1,33,10,49,21,5,44,19,15,48,8,22,62,51
34,17,36,31,61,8,25,19,42,58,56,47,4,6,26,10,22,2,44,57,20,62,43,14,49,37,35,54,60,16,45,48,21,27,52,30,41,29,63,55,11,23,5,7,33,51,38,1,18,0,53,32,15,24,3,39,50,12,59,40,13,9,28,46
60,18,30,40,50,54,20,43,12,16,34,10,33,47,5,2,23,53,31,29,52,63,6,27,11,35,46,9,32,13,58,7,62,25,24,14,51,49,8,57,48,1,59,37,19,44,36,42,41,45,55,28,26,15,17,21,38,56,61,4,3,22,39,0
4,18,47,45,28,13,41,46,27,10,5,54,20,6,19,59,50,24,57,39,55,26,63,3,1,2,33,53,0,52,23,8,14,12,48,44,32,56,35,60,30,11,61,9,7,42,62,51,40,17,16,29,49,43,21,31,15,38,25,37,36,34,58,22
37,4,41,5,15,13,38,22,57,40,14,23,12,60,28,53,16,36,10,56,17,59,30,44,0,58,25,33,21,49,9,31,52,8,51,6,39,20,24,7,1,61,63,46,35,47,50,19,29,48,43,54,32,2,27,34,26,42,11,55,62,3,18,45
5,13,25,17,52,48,37,8,58,36,57,24,59,41,31,0,23,2,38,47,60,30,12,54,43,51,28,16,53,4,26,61,19,40,3,45,55,9,49,22,33,1,42,62,14,63,56,44,20,35,21,7,10,32,11,29,27,46,50,6,15,18,39,34
43,4,13,10,60,25,8,59,42,52,22,38,46,20,14,18,41,0,61,36,17,62,2,34,49,63,48,21,24,57,6,50,35,16,9,26,31,28,58,47,40,30,56,32,5,39,19,53,27,55,23,37,29,51,45,7,1,3,54,44,12,15,33,11
32,18,53,1,47,25,40,17,2,43,63,46,20,56,50,44,13,4,33,28,10,34,27,22,39,60,37,41,57,45,11,59,42,55,3,29,5,23,16,7,0,19,49,61,15,31,51,38,9,48,14,26,6,24,12,21,36,30,8,35,54,52,62,58
39,40,4,25,1,46,26,24,6,44,51,43,50,9,5,55,8,15,11,3,47,21,63,49,20,29,30,23,42,32,33,45,60,2,27,53,62,31,52,16,12,14,36,7,10,38,19,48,41,54,0,37,22,35,18,34,56,13,58,57,17,59,61,28
12,34,37,17,29,11,48,1,23,59,33,58,0,28,13,61,7,57,26,4,24,49,30,63,32,55,22,56,41,14,54,46,9,3,53,16,6,52,2,51,43,38,50,5,15,60,40,47,44,20,21,35,19,36,25,18,8,39,10,42,62,31,45,27
31,43,13,36,2,60,56,57,33,55,50,15,18,49,37,7,32,42,59,62,63,19,39,25,0,6,34,4,28,22,21,14,58,11,44,5,1,61,46,26,3,29,53,30,48,40,20,10,12,47,9,23,35,17,38,24,45,52,51,41,8,54,27,16
16,4,27,9,28,36,29,14,42,60,11,5,50,55,8,17,23,24,38,6,7,21,10,56,25,26,20,22,37,47,0,30,1,40,32,19,12,54,59,44,52,53,43,13,63,61,57,45,51,49,41,62,34,39,15,48,3,18,35,33,46,31,58,2
9,52,49,27,54,57,31,14,5,6,37,22,34,38,30,55,20,47,21,40,0,59,2,18,8,29,7,46,24,13,16,41,36,1,60,53,51,61,63,17,33,48,26,43,39,50,58,45,28,23,15,12,10,3,42,62,56,11,25,4,32,35,44,19
38,22,8,27,51,45,59,40,14,16,42,35,28,23,2,62,0,18,43,36,31,52,44,29,19,63,1,47,32,33,11,5,9,46,56,26,60,20,34,12,49,53,3,7,25,10,24,48,21,37,55,17,4,50,6,57,61,30,41,54,13,39,58,15
33,60,30,11,45,52,46,55,24,36,28,12,7,58,37,61,38,56,2,18,51,57,4,29,40,0,1,47,20,34,9,53,59,25,16,5,15,26,22,17,6,63,35,42,10,62,41,54,19,14,13,50,31,44,48,49,23,39,3,8,32,27,21,43
62,49,57,1,22,9,53,23,32,59,41,6,40,8,12,28,58,31,7,13,56,4,30,33,3,35,27,45,2,26,34,38,10,37,17,55,44,15,19,46,25,21,42,39,51,11,24,54,47,18,0,29,52,48,63,60,36,50,14,16,61,43,20,5
19,30,31,48,36,13,16,62,12,26,4,37,32,8,47,44,60,28,42,57,11,55,14,20,46,25,27,35,23,18,33,10,63,5,54,2,58,22,51,0,7,29,17,21,38,39,3,49,50,43,53,24,45,41,9,61,6,56,52,15,59,34,1,40
56,4,34,31,48,46,37,60,25,28,57,63,39,36,42,13,45,51,22,1,50,61,8,12,23,52,59,62,26,20,35,2,54,53,33,21,5,30,41,29,38,6,11,47,43,49,18,16,40,17,24,44,27,3,32,15,19,14,10,55,7,58,0,9
57,49,30,4,16,54,19,36,15,63,23,1,55,50,48,17,10,14,43,29,11,35,24,18,26,45,59,56,31,44,3,38,32,61,13,46,0,25,34,53,33,5,8,27,51,52,47,42,21,6,28,12,58,2,22,41,60,37,40,62,9,7,20,39
7,46,23,30,33,53,26,50,58,27,22,48,44,49,24,10,16,25,36,19,18,56,59,32,6,2,12,57,1,60,29,40,54,14,38,39,4,41,62,15,42,20,3,0,9,8,45,63,17,13,5,47,11,28,51,61,35,21,55,52,37,43,31,34
20,38,59,8,18,40,15,55,28,43,49,26,11,41,48,33,47,46,35,60,31,3,34,54,25,45,44,30,62,58,10,17,50,53,36,52,56,9,22,2,27,32,14,51,39,37,24,57,5,12,1,63,21,29,6,4,0,23,16,13,61,42,7,19
0,24,25,36,7,20,44,56,5,38,32,50,15,59,39,26,9,14,21,16,62,12,61,19,46,52,47,34,31,10,58,40,4,45,37,22,29,1,6,55,27,35,43,17,41,30,11,48,54,18,53,33,8,3,23,42,63,2,49,51,28,60,57,13
12,51,28,58,36,31,44,13,24,48,10,25,33,52,56,60,46,55,54,15,53,6,62,2,4,8,57,34,7,14,59,38,9,5,26,61,22,37,45,0,19,30,43,21,23,50,40,29,39,35,20,42,17,47,49,11,41,63,18,16,3,1,27,32
54,33,30,13,7,6,2,24,45,16,38,63,23,8,14,39,56,20,0,41,28,19,22,52,1,4,48,62,25,12,43,29,50,18,55,15,51,10,32,21,31,57,17,46,36,59,9,61,5,11,42,49,40,26,60,27,37,3,47,58,44,34,53,35
32,44,14,4,28,2,53,36,61,6,21,26,50,54,0,48,34,1,3,7,15,58,51,17,8,35,45,49,56,29,25,20,10,13,16,59,43,63,33,27,39,12,46,57,9,55,30,40,37,5,47,18,60,24,41,38,52,22,23,11,19,42,31,62
31,60,28,27,59,54,34,20,4,37,58,0,48,57,53,3,10,40,16,14,5,7,12,49,43,11,38,9,30,51,36,13,32,42,46,29,6,63,50,39,25,62,33,61,2,45,44,56,1,35,55,47,18,17,41,24,22,52,15,21,26,23,19,8
9,48,2,22,59,18,63,13,7,43,17,56,30,26,35,32,42,4,27,47,11,21,58,3,40,24,1,20,14,52,33,61,50,62,31,15,28,12,49,10,5,37,38,19,53,6,44,51,57,45,8,25,29,54,41,34,60,23,55,36,0,16,46,39
8,25,12,34,33,46,7,30,9,19,27,14,54,20,47,16,31,39,41,50,3,51,61,17,40,48,24,26,22,36,32,59,58,29,18,52,13,5,44,42,35,38,21,11,55,56,53,49,62,0,43,10,57,23,1,45,4,6,15,60,2,37,63,28
32,54,63,3,24,49,58,12,39,57,5,30,34,9,51,13,61,62,35,43,19,33,46,14,1,16,18,42,60,59,27,41,15,36,56,22,0,10,8,26,2,21,40,44,20,4,28,23,11,31,50,48,47,25,53,37,38,29,7,6,17,45,52,55
35,61,46,0,24,21,62,17,59,63,34,29,27,6,38,33,53,7,23,25,9,13,8,26,41,60,19,30,58,1,54,39,15,56,36,28,3,12,5,2,16,32,48,52,4,43,20,47,50,57,40,18,22,31,10,42,44,37,55,14,45,49,11,51
14,54,61,2,22,60,21,36,56,26,55,3,8,40,63,13,25,51,10,62,5,11,34,48,41,19,29,44,59,38,32,20,12,37,35,46,58,9,15,47,23,4,16,53,30,6,31,39,49,28,42,18,7,43,17,0,45,50,33,52,1,27,57,24
49,54,47,46,45,61,59,41,16,11,57,58,63,35,53,60,37,0,19,5,6,13,42,34,20,50,32,36,3,48,62,22,15,28,44,26,31,33,24,21,51,10,40,2,4,1,23,39,7,9,56,27,29,14,43,17,30,25,55,38,52,18,12,8
60,30,38,21,37,15,27,19,7,4,9,45,47,39,52,14,1,44,63,58,12,55,42,35,10,18,54,20,25,56,61,0,36,43,53,48,23,29,34,41,32,13,28,51,33,5,6,50,49,8,22,3,11,59,26,62,17,46,16,24,31,57,2,40
24,60,46,20,16,57,56,25,32,63,3,5,11,4,50,61,26,53,13,58,27,42,22,49,40,35,44,51,37,48,36,28,62,10,15,1,54,43,39,14,17,6,23,59,30,9,55,34,0,52,29,18,41,31,8,19,21,12,45,33,2,38,47,7
20,58,17,25,27,6,48,24,42,21,63,28,51,57,7,30,31,38,9,62,29,3,8,19,55,26,39,13,61,40,10,14,45,35,32,43,46,12,36,37,33,44,50,56,16,54,15,47,34,18,4,41,0,5,11,52,1,23,60,59,53,22,2,49
20,27,11,46,54,63,13,9,26,53,41,60,51,12,32,14,7,58,19,42,36,56,17,47,8,61,22,16,1,59,3,2,62,10,40,23,44,34,31,50,43,5,55,28,0,38,52,39,18,30,21,15,45,6,35,25,29,4,57,48,33,49,24,37
40,59,54,9,37,6,52,10,5,60,61,32,46,22,56,58,38,45,51,12,14,47,4,30,16,8,50,57,21,55,28,20,2,15,17,7,62,34,36,0,13,26,19,43,3,33,29,35,42,18,53,11,1,24,48,25,39,31,63,49,44,23,41,27
24,0,33,35,6,15,13,52,63,49,46,60,42,25,2,18,32,54,41,56,44,50,23,3,17,59,12,5,30,21,11,8,62,57,53,48,43,55,29,20,7,9,16,58,19,26,14,37,27,39,4,22,51,34,40,31,45,61,10,47,1,28,38,36
58,14,8,7,59,57,5,9,62,32,31,56,33,49,35,39,22,51,29,25,3,13,40,2,41,18,37,12,44,61,4,27,15,1,53,17,16,60,23,45,19,36,0,63,28,10,52,34,43,42,48,54,21,50,47,11,20,46,24,38,30,55,6,26
60,38,24,23,58,26,0,43,19,56,50,53,5,62,40,35,2,49,32,39,31,59,34,1,13,7,21,25,41,4,52,28,11,45,33,55,18,54,15,63,22,30,16,6,17,37,12,10,46,36,51,3,8,29,9,42,27,44,20,14,61,57,47,48
16,55,58,59,3,21,54,45,57,15,2,28,48,5,9,31,13,56,24,4,44,42,49,38,51,33,52,6,53,62,37,60,8,17,1,18,25,34,14,41,19,39,11,22,63,23,29,32,26,30,27,47,12,43,7,35,61,46,20,50,10,40,36,0
15,37,9,25,28,63,14,46,42,26,22,7,54,59,20,41,13,33,0,44,45,50,51,35,55,4,47,32,40,53,49,34,11,60,10,17,43,31,24,56,23,30,39,21,38,48,5,52,36,61,18,2,19,58,1,27,29,62,16,8,6,3,12,57
46,40,20,18,62,41,51,13,15,5,34,44,16,17,27,6,26,37,4,0,24,53,1,2,55,45,49,28,23,58,9,8,11,36,56,32,52,3,22,31,57,42,35,47,12,19,54,25,60,59,63,29,61,7,30,33,39,14,50,38,10,21,43,48
51,20,4,12,27,22,43,48,9,0,33,5,18,2,45,36,63,61,23,19,28,46,54,44,55,49,39,38,11,7,6,60,15,42,14,34,41,53,50,3,31,32,37,59,25,1,24,56,30,21,35,10,52,29,17,58,16,62,57,40,26,13,47,8
58,27,28,31,60,22,33,39,63,37,10,4,2,25,44,50,20,46,34,18,19,35,54,15,51,62,9,41,55,24,21,40,3,5,29,14,38,26,45,36,57,48,17,61,43,11,53,0,47,23,16,32,56,6,1,52,30,13,49,59,12,7,8,42
15,10,18,6,26,48,5,27,29,35,40,17,34,8,13,47,14,33,32,22,38,37,58,19,21,3,59,23,16,20,11,46,25,54,7,30,62,0,53,12,36,28,39,61,1,51,52,60,42,44,55,56,43,49,24,63,41,45,2,57,4,50,31,9
8,55,14,7,13,32,18,20,11,45,39,17,58,41,49,19,40,2,62,21,47,25,57,42,48,36,31,1,61,34,0,29,12,26,22,10,24,51,16,43,3,35,50,63,54,33,4,28,15,52,46,60,53,30,37,6,38,59,9,44,5,27,23,56
60,16,36,49,54,63,62,44,42,34,10,25,47,51,14,11,32,59,39,0,56,19,33,13,30,4,27,17,7,37,35,18,38,26,58,1,8,52,3,61,21,50,43,55,23,20,41,53,6,45,29,24,28,2,40,9,15,12,5,46,22,48,31,57
26,24,60,9,58,6,8,34,47,53,56,41,50,23,52,31,7,48,59,49,2,35,11,27,57,4,32,19,5,63,21,12,1,62,29,18,17,39,61,42,54,33,37,14,30,20,13,28,15,16,10,44,40,55,0,43,38,46,51,36,45,22,3,25
5,10,17,1,31,18,62,8,49,22,53,41,7,46,4,16,15,14,12,38,32,0,37,20,45,60,50,47,55,54,61,3,9,51,28,23,25,59,21,52,34,13,35,48,2,29,6,44,27,26,19,36,63,39,11,42,40,57,30,33,43,24,58,56
49,31,1,29,41,11,51,16,48,57,27,43,20,45,22,63,59,60,9,7,36,38,19,46,33,23,17,6,10,4,56,25,50,26,28,3,37,55,24,53,42,14,47,62,30,0,21,13,52,2,15,32,39,8,54,12,44,35,61,18,34,5,40,58
29,22,26,37,20,8,59,60,41,5,40,18,15,53,10,48,56,16,63,44,1,24,55,7,38,21,32,42,31,13,49,34,2,45,50,52,4,3,46,61,12,47,43,57,17,62,54,58,27,0,33,23,30,36,6,35,19,14,51,28,11,25,39,9
33,2,56,4,16,15,58,0,49,24,26,39,50,28,10,37,20,45,31,55,17,48,32,51,59,13,9,12,42,19,36,52,61,7,43,8,21,47,1,22,34,62,63,46,23,57,29,60,6,11,25,54,35,3,40,30,53,5,27,18,44,14,38,41
56,1,27,35,60,8,47,39,21,53,55,36,42,19,0,31,49,14,50,61,30,40,3,11,52,26,44,4,45,6,58,28,23,13,46,16,2,57,63,62,22,32,59,29,38,43,51,15,17,5,10,12,9,41,25,7,48,33,34,54,20,37,18,24
24,58,25,20,2,52,27,12,22,42,59,39,57,28,19,18,29,8,1,40,51,36,17,13,33,4,48,41,31,5,32,14,54,34,23,16,6,61,62,26,56,53,50,10,46,37,63,55,0,44,21,7,15,60,11,45,3,35,47,9,43,49,30,38
48,52,5,31,12,26,35,43,62,60,4,16,11,37,23,20,21,61,2,59,45,28,30,18,34,47,42,40,38,13,36,39,32,50,63,41,56,55,44,3,33,25,51,46,14,58,0,10,24,54,8,57,15,6,1,9,29,49,53,27,7,22,17,19
10,22,19,40,63,59,7,31,14,46,3,62,42,26,1,13,51,54,21,24,30,4,53,50,5,11,18,58,47,60,28,0,36,12,48,9,8,17,43,23,49,56,35,44,32,38,16,2,45,57,6,55,29,37,61,39,27,41,34,52,25,20,15,33
30,56,5,24,26,14,43,46,40,60,51,10,39,6,52,9,45,37,16,2,15,63,27,49,25,17,48,44,21,1,35,47,29,42,62,41,33,12,36,55,57,7,59,11,54,13,18,0,53,19,50,8,28,58,31,32,61,20,3,23,22,4,38,34
43,22,50,55,13,10,27,36,32,1,15,4,25,2,63,57,47,56,18,14,20,12,48,30,59,26,19,53,49,40,34,60,5,46,0,35,31,16,42,28,11,39,41,45,8,23,62,24,21,29,58,9,33,3,52,44,61,6,37,38,54,7,51,17
31,52,28,37,36,6,26,33,56,10,17,49,43,38,42,44,19,40,51,60,45,12,24,23,61,1,2,47,15,35,3,54,4,5,55,11,58,39,25,57,50,9,30,59,21,41,46,16,48,7,22,18,27,53,62,20,8,14,32,63,34,0,13,29
7,10,33,16,61,49,35,41,9,21,1,58,36,28,60,14,8,43,63,26,53,55,37,0,30,34,59,25,52,32,17,15,29,13,57,18,22,6,11,40,27,12,31,54,3,23,51,20,62,46,47,48,50,2,38,24,42,39,44,45,5,4,19,56
13,60,1,37,36,39,30,14,31,54,16,26,42,18,34,20,53,46,3,15,43,61,9,32,40,52,57,59,0,48,27,21,24,4,47,7,33,58,8,35,63,2,55,11,51,12,23,44,49,25,28,62,10,19,56,50,45,41,38,5,22,17,29,6
58,20,48,23,40,0,60,41,35,12,7,34,5,36,16,2,8,1,24,29,55,46,3,13,51,4,27,63,39,49,6,44,9,47,59,25,28,26,52,18,43,42,15,10,30,37,57,38,31,56,19,17,45,33,62,54,53,32,14,21,50,22,61,11
24,58,50,61,5,52,62,1,30,56,17,20,59,14,23,26,49,16,11,34,12,18,44,43,9,54,2,7,15,29,57,13,42,38,25,10,27,45,37,35,32,19,55,63,33,36,40,46,48,39,51,31,41,0,22,53,8,4,28,3,6,47,21,60
9,46,21,11,34,37,42,47,31,52,13,25,48,17,36,4,8,14,49,15,38,6,29,61,22,10,0,60,45,33,20,55,12,16,43,58,62,18,24,40,19,2,28,32,53,50,35,41,27,57,7,30,63,51,44,56,26,5,39,59,3,54,23,1
40,11,39,10,28,8,6,42,17,34,1,62,2,33,5,19,15,54,24,37,38,43,27,7,47,25,61,50,60,22,12,20,35,21,55,45,18,30,36,58,31,3,46,63,41,14,57,44,0,29,26,53,9,56,4,59,13,32,51,48,49,16,23,52
53,43,33,54,46,29,45,11,12,55,51,3,20,62,36,17,32,26,16,61,2,22,19,13,10,15,27,49,42,31,39,37,52,14,4,58,50,60,8,18,7,48,40,44,41,63,24,30,34,25,35,6,56,59,57,38,5,47,9,23,21,28,1,0
53,9,7,17,0,5,26,57,21,4,61,47,50,52,32,20,6,23,29,35,12,43,45,38,1,49,56,42,31,18,62,46,2,33,55,30,48,22,13,58,54,25,36,10,51,19,3,39,44,60,11,14,28,41,63,8,15,34,27,24,37,16,59,40
51,59,14,57,5,39,25,33,35,38,23,53,3,37,61,41,22,26,34,4,47,12,32,24,21,31,18,29,13,6,7,36,49,63,20,17,11,1,58,45,0,44,19,52,60,16,15,55,8,9,48,40,46,10,54,28,43,2,42,50,62,56,30,27
63,39,45,32,36,11,48,14,2,57,15,62,18,4,12,41,61,10,26,53,3,27,25,29,21,23,43,30,0,47,35,42,60,17,46,28,5,49,37,51,7,55,38,31,58,20,13,6,52,1,9,19,34,16,8,33,59,56,54,24,40,44,22,50
30,21,6,31,5,23,36,63,14,62,3,22,57,27,29,17,28,43,51,40,9,13,11,37,7,18,26,8,60,16,59,15,1,55,49,0,61,58,52,20,2,39,24,46,47,50,33,41,48,10,38,35,19,44,34,32,54,56,42,53,45,12,4,25
12,56,49,50,17,11,51,58,1,13,25,19,24,0,10,47,39,61,54,27,32,41,63,9,62,35,59,40,46,42,26,21,7,23,16,57,8,31,37,20,44,5,2,4,33,60,18,29,3,52,36,38,43,48,55,6,14,15,53,22,28,45,34,30
11,43,46,13,63,30,60,57,45,8,37,42,15,4,31,19,22,10,41,9,36,32,55,27,6,58,51,17,53,1,28,54,39,62,14,29,7,20,56,23,25,38,61,44,33,49,50,34,52,2,24,47,5,3,48,0,35,59,40,16,21,26,18,12
41,61,11,39,5,62,33,13,21,0,53,38,7,30,34,56,12,23,36,45,27,40,57,18,15,8,25,50,44,10,42,1,2,16,24,52,14,26,54,35,63,3,59,28,51,60,48,22,37,43,31,46,55,9,58,20,29,32,49,47,19,17,6,4
59,1,18,36,32,44,10,27,61,54,11,55,45,3,22,16,41,49,7,17,53,12,21,9,13,33,20,63,52,4,19,34,58,15,37,35,0,6,30,39,25,24,51,43,42,23,46,5,28,60,29,50,62,40,56,26,2,38,31,8,48,14,57,47
7,4,37,8,29,15,45,58,33,11,52,57,32,62,13,55,44,12,46,59,30,9,27,40,35,1,48,25,5,49,3,6,60,20,34,36,14,19,17,54,51,31,42,53,2,26,24,41,63,18,22,38,47,61,10,28,43,0,23,21,16,50,56,39
57,44,20,54,53,61,5,36,62,48,39,6,52,17,29,2,22,38,25,45,0,9,58,47,8,24,40,28,1,3,49,16,23,51,43,7,33,31,21,12,37,46,27,50,4,55,59,19,18,41,13,56,14,30,60,42,63,34,11,15,35,32,26,10
14,10,36,57,35,47,26,53,2,11,0,63,21,50,1,15,13,22,37,58,32,54,40,25,56,16,52,46,61,27,41,42,28,51,49,24,39,4,34,33,12,8,18,31,30,44,60,59,62,29,5,48,20,6,23,19,9,45,7,38,55,17,43,3
29,28,10,40,50,4,30,24,22,35,62,52,32,53,59,2,43,38,15,21,1,3,25,33,41,5,48,63,46,60,61,56,58,44,11,12,34,31,7,0,49,47,55,54,36,9,39,16,27,8,23,51,6,45,42,26,57,20,17,14,18,13,19,37
47,50,15,54,6,24,35,30,60,58,3,63,55,0,10,13,45,42,46,18,26,41,2,56,59,43,53,29,49,8,4,9,19,14,36,48,27,25,39,5,17,52,11,21,51,34,33,7,62,12,31,23,57,40,1,61,16,32,28,37,44,20,38,22
9,49,48,56,3,29,8,34,38,58,5,10,41,30,4,6,46,14,63,50,35,12,33,26,39,59,23,21,28,0,1,20,42,51,2,36,37,47,19,52,53,11,62,54,32,24,15,40,13,61,45,57,44,18,31,7,43,17,55,60,27,22,25,16
51,27,40,19,46,60,22,34,53,59,57,25,32,13,21,47,28,33,58,20,1,4,26,30,9,42,5,44,6,14,10,55,50,37,49,41,63,11,45,3,62,2,43,54,31,0,8,38,7,24,35,15,48,12,36,29,18,39,56,23,16,17,52,61
23,15,40,14,26,19,28,55,42,47,17,0,20,34,63,9,61,56,38,50,7,13,21,33,5,58,32,24,53,37,2,39,45,12,41,57,60,49,48,52,25,44,16,3,6,29,10,18,46,4,36,30,62,1,11,51,22,35,8,27,31,43,59,54
55,33,31,9,40,59,52,47,21,25,20,24,49,45,61,60,28,62,17,42,27,11,53,58,18,4,32,36,48,15,16,8,38,22,0,30,46,14,57,51,6,39,13,50,3,35,43,19,5,29,44,23,1,37,26,2,10,56,63,41,34,7,54,12
13,52,7,41,1,10,39,14,31,45,60,23,44,21,62,2,33,20,49,53,26,63,34,61,40,54,16,48,32,12,30,15,24,50,51,36,29,57,4,0,55,35,18,59,27,37,11,46,25,3,22,38,17,42,9,47,56,8,6,19,58,5,28,43
60,39,53,0,17,41,6,5,16,24,35,44,57,13,48,10,23,19,3,63,37,55,20,43,15,29,54,58,1,4,45,36,22,61,25,52,28,47,30,26,8,2,18,49,14,46,40,31,11,32,27,9,38,56,7,59,21,33,12,34,51,62,50,42
12,15,13,36,61,26,48,4,18,23,62,32,0,58,6,40,1,14,54,25,30,37,55,39,56,43,28,45,57,9,21,35,19,16,5,31,63,10,8,7,51,29,22,44,34,47,38,50,53,33,52,27,46,49,17,59,11,2,24,20,3,41,60,42
8,41,27,48,47,5,36,50,13,25,15,53,23,34,63,19,18,31,40,7,3,32,61,0,9,60,35,28,11,45,24,54,42,12,17,16,26,51,44,55,43,2,38,59,56,29,30,58,4,52,1,10,14,33,6,39,62,37,49,57,46,20,21,22
27,28,46,0,29,4,51,50,52,16,40,59,55,8,62,32,53,56,24,18,33,38,36,11,22,41,3,1,2,10,54,58,23,30,26,19,48,49,34,60,39,21,31,37,5,17,7,6,63,47,13,43,9,12,44,61,45,25,20,35,42,15,14,57
19,60,36,42,27,14,32,62,16,41,11,55,38,7,5,3,15,2,56,26,44,51,31,34,43,61,50,10,8,13,57,52,47,53,1,33,46,59,54,23,49,9,29,20,28,58,48,25,0,21,45,22,24,6,39,4,35,40,30,63,18,37,12,17
13,10,27,53,1,38,23,14,21,26,2,40,59,8,61,5,9,49,0,54,55,35,22,30,60,42,29,47,3,43,11,50,37,28,15,52,18,24,58,16,46,19,25,48,51,20,56,4,31,39,41,7,63,57,36,33,17,62,44,45,6,34,32,12
56,3,15,34,48,11,30,55,53,63,31,41,7,38,28,5,40,4,59,54,33,58,6,20,29,9,18,0,35,24,25,52,43,62,23,36,14,61,19,16,2,47,26,1,44,10,42,60,46,45,39,50,51,8,49,12,22,13,32,37,27,57,17,21
61,12,56,42,48,60,7,57,9,20,6,43,27,52,31,10,28,37,11,1,49,18,14,45,16,15,23,33,50,4,17,36,22,3,53,35,63,25,54,29,44,59,19,55,34,24,38,5,32,51,30,46,62,47,58,39,0,26,41,21,2,13,8,40
47,8,33,1,11,48,34,10,25,42,19,32,15,17,41,38,43,24,54,56,46,59,55,13,30,31,20,49,39,51,62,63,3,16,4,61,6,52,22,29,57,37,26,44,12,9,53,0,58,60,36,18,21,45,50,35,2,27,23,5,7,14,40,28
57,2,31,21,19,44,9,16,13,26,17,63,48,34,45,55,28,1,15,32,23,22,46,14,39,10,24,60,30,18,6,47,56,7,36,3,53,20,25,40,12,61,41,51,54,50,42,5,43,11,8,4,0,58,27,29,37,52,49,33,62,35,59,38
16,59,45,46,23,50,9,8,0,32,29,27,22,63,43,58,19,60,10,33,1,12,25,4,31,61,42,17,41,2,34,20,57,49,48,51,38,15,11,55,21,53,44,36,62,52,26,30,13,18,5,7,6,24,56,3,35,40,14,37,47,54,39,28
60,33,61,63,42,41,24,8,4,5,39,43,12,28,51,17,7,49,45,26,44,25,16,40,15,0,21,3,48,62,50,13,30,38,55,37,10,23,56,9,14,36,20,52,32,1,19,47,6,59,2,34,57,11,29,58,22,18,54,53,46,27,31,35
46,61,0,55,38,7,10,6,11,41,5,15,37,1,26,59,63,20,45,25,2,17,34,51,24,56,16,28,48,30,50,9,36,27,39,13,3,18,53,8,58,47,42,44,29,14,21,19,32,31,22,62,57,43,49,54,33,35,52,23,12,60,40,4
34,61,0,19,53,26,45,12,43,14,51,22,63,36,46,1,31,9,50,49,39,5,57,33,40,37,54,62,41,48,4,24,58,60,18,7,59,30,8,28,42,16,10,25,11,2,55,35,23,32,17,56,3,38,44,20,15,29,6,13,52,27,21,47
3,6,1,14,16,59,20,8,33,27,36,28,63,38,9,11,39,7,23,4,49,42,35,60,10,0,53,2,15,17,26,18,47,21,50,12,56,34,31,13,55,25,52,29,46,44,45,43,48,5,61,51,24,57,32,41,30,62,19,22,40,54,37,58
41,26,5,8,56,19,63,32,28,30,37,14,4,40,59,0,36,48,34,46,39,9,51,21,44,62,54,60,27,61,17,29,47,1,57,58,11,12,55,16,24,13,53,45,49,6,38,33,7,23,20,18,42,52,31,15,10,25,50,22,2,43,3,35
3,39,2,16,28,12,40,26,9,61,30,27,34,36,11,31,37,8,4,50,62,57,42,22,63,48,6,44,33,29,23,53,19,58,21,14,0,13,56,15,10,41,32,43,51,24,17,49,18,54,38,35,7,25,47,59,45,5,46,60,1,52,20,55
33,39,44,9,46,35,37,3,5,7,58,57,4,19,53,13,25,36,42,47,48,30,22,51,34,43,17,40,27,15,41,26,29,60,55,16,8,45,24,0,54,59,1,20,61,23,63,28,14,10,11,56,50,32,12,31,62,38,52,2,6,49,18,21
46,19,48,54,13,56,27,61,53,51,50,2,38,11,15,31,16,41,57,14,12,28,43,35,36,58,30,62,55,60,49,9,47,63,1,26,0,59,8,33,39,22,24,7,42,3,17,40,20,52,6,4,25,23,5,21,32,45,37,44,34,10,29,18
9,5,10,11,42,19,27,1,62,43,37,41,61,13,56,26,39,3,29,50,33,53,52,24,20,48,12,36,45,57,8,23,31,14,22,21,16,25,35,0,46,34,40,18,63,7,32,17,54,60,38,4,30,47,59,6,44,55,2,28,15,51,49,58
4,7,20,30,36,34,50,59,25,0,24,58,3,38,56,35,10,41,55,22,29,21,31,46,52,44,26,54,9,1,17,23,39,49,48,14,53,47,45,13,57,63,16,5,33,37,32,11,61,40,28,8,43,42,18,12,2,15,27,51,62,19,60,6
62,44,11,53,35,41,29,0,40,28,48,50,13,7,42,26,21,24,12,63,15,20,9,17,32,3,33,5,23,51,60,43,45,46,25,58,52,55,2,18,34,10,30,59,6,56,61,14,16,49,1,22,54,4,39,8,57,31,36,19,38,37,27,47
18,2,20,14,11,33,1,5,6,36,10,58,7,63,34,27,29,55,32,47,3,54,30,39,19,26,17,13,43,21,35,53,15,61,0,4,50,40,24,31,62,16,12,49,42,41,8,48,59,57,9,60,45,56,51,44,52,38,46,25,28,37,22,23
20,23,35,36,59,3,29,18,22,33,40,13,5,42,38,16,37,49,53,39,32,47,50,30,10,9,44,24,51,31,45,11,63,25,1,52,54,57,27,4,61,62,28,17,26,7,55,6,12,15,8,14,48,58,21,41,0,56,43,34,2,46,19,60
36,59,38,23,24,19,10,17,12,52,27,33,48,50,53,6,22,31,3,9,42,34,1,28,60,57,54,49,25,0,62,40,4,44,56,14,8,47,37,39,51,63,55,5,20,41,13,30,11,2,61,7,15,29,35,58,21,46,18,16,32,45,26,43
13,58,0,34,57,42,22,4,59,24,19,15,20,3,55,56,5,37,7,39,33,43,12,46,48,25,60,52,1,9,44,11,16,32,63,23,53,47,8,26,61,21,14,18,31,28,6,41,35,27,29,54,17,50,30,2,10,40,38,36,62,45,51,49
17,28,63,61,37,45,53,34,52,54,11,23,21,39,58,26,48,32,51,1,42,50,15,40,55,14,30,29,3,33,19,6,43,59,57,5,10,46,20,56,7,4,9,36,35,16,18,13,12,25,22,24,41,47,31,60,2,27,44,0,38,8,49,62
42,5,1,31,8,3,22,36,10,35,48,58,44,57,26,28,13,30,15,50,41,47,53,49,43,25,38,11,17,9,33,34,61,62,19,60,24,46,21,12,27,45,7,32,55,4,56,51,59,54,14,40,16,63,2,29,0,18,52,37,20,6,39,23
40,6,9,34,33,21,17,47,56,42,46,62,55,3,51,60,41,35,48,23,58,28,8,20,19,5,44,1,50,18,37,43,32,15,25,53,45,4,38,59,7,10,39,11,24,26,61,27,14,13,36,16,49,29,22,0,30,63,31,12,52,54,2,57
21,48,23,37,24,60,6,17,38,22,15,63,61,26,42,35,4,12,8,58,57,50,11,46,44,45,34,33,56,25,18,10,16,30,36,20,51,52,28,41,9,55,7,13,31,53,62,1,29,49,19,14,32,43,59,0,5,47,40,39,27,3,2,54
14,57,25,17,37,43,12,16,23,30,52,24,21,3,5,34,32,35,59,1,38,56,27,40,62,13,18,19,7,41,46,47,28,50,53,29,26,2,9,49,39,0,48,15,10,42,54,61,33,4,58,55,63,20,44,45,22,6,31,8,51,36,60,11
3,5,42,61,23,55,7,48,35,17,11,15,36,45,59,51,49,60,50,63,2,18,44,12,4,27,10,33,1,62,13,32,52,29,20,58,28,46,30,56,8,53,47,41,0,39,57,9,24,6,43,21,34,16,25,22,38,26,31,14,54,19,37,40
62,36,34,3,32,25,57,58,26,11,22,4,23,31,14,29,61,60,28,44,5,30,1,53,18,39,19,49,15,42,7,56,6,13,35,10,47,9,27,21,0,12,37,2,8,46,20,40,16,55,45,51,17,54,50,38,33,24,59,43,48,63,41,52
22,24,37,20,43,39,36,31,42,5,58,55,56,35,45,33,9,2,62,30,8,14,54,23,46,0,28,50,59,41,51,26,17,61,63,13,25,6,60,27,21,44,15,18,57,32,3,38,7,19,47,53,49,4,40,12,48,52,29,11,1,16,10,34
24,29,26,51,0,46,39,38,9,54,7,5,31,63,36,16,34,20,23,30,22,35,8,19,15,47,49,1,18,4,50,2,13,6,48,57,10,43,28,56,62,44,12,21,45,61,11,3,14,37,27,33,40,53,60,25,52,58,32,17,55,41,42,59
31,38,1,55,32,36,9,30,23,22,33,15,56,20,10,27,2,34,44,14,57,45,12,4,46,49,40,39,18,35,11,58,48,62,19,60,17,7,47,16,26,50,29,37,43,25,8,13,41,0,42,53,63,3,6,59,61,51,24,5,28,21,52,54
38,1,52,10,11,25,24,13,17,49,55,40,31,5,48,46,2,37,59,50,39,18,35,53,4,19,45,32,51,43,44,7,62,8,6,58,36,28,15,34,30,33,29,42,54,63,41,60,16,61,14,22,57,3,26,23,12,27,20,21,9,56,0,47
26,10,1,30,0,2,17,57,20,14,16,41,47,25,33,63,35,50,13,58,27,32,9,34,60,37,18,5,15,31,45,21,49,7,11,23,55,48,62,46,44,28,59,40,51,36,4,61,43,8,53,29,54,24,3,19,22,52,56,42,38,6,12,39
61,63,21,3,26,48,17,16,38,50,8,53,42,54,24,60,25,10,37,18,57,0,12,32,23,6,43,62,35,31,4,58,28,39,9,56,45,47,55,1,7,44,13,40,51,5,59,52,11,36,29,19,46,22,15,49,30,27,14,33,2,20,34,41
22,49,33,34,54,30,5,58,55,6,29,50,15,24,2,12,52,1,46,35,40,37,59,21,0,20,4,13,17,3,11,60,51,57,28,19,48,31,10,47,38,9,7,23,53,39,14,36,42,26,25,45,41,56,62,8,16,18,61,63,44,32,27,43
25,32,4,62,54,36,51,42,30,26,56,41,9,12,59,47,40,38,39,13,63,18,14,3,44,8,31,21,11,5,24,55,2,29,49,6,60,61,52,10,17,57,34,53,50,43,35,19,16,15,58,0,22,48,37,27,7,46,23,1,20,45,33,28
1,2,50,41,5,48,47,32,30,37,16,17,43,49,60,61,53,29,25,27,63,18,7,35,62,11,6,9,12,45,22,46,44,14,34,15,38,57,26,21,59,54,10,3,58,13,23,20,55,24,33,40,52,28,36,42,31,39,51,4,56,0,8,19
4,10,33,62,37,55,14,5,61,13,40,34,46,57,27,44,21,7,9,17,53,52,16,54,24,20,2,42,56,50,60,22,41,58,0,59,43,11,30,36,38,47,1,32,26,51,15,25,39,28,35,48,23,3,49,31,8,18,12,19,63,6,29,45
4,48,5,63,44,50,34,35,15,1,49,41,31,24,47,33,59,55,61,40,20,16,14,6,45,53,37,42,36,62,60,29,58,22,30,18,54,2,46,28,21,9,25,23,39,3,19,26,7,10,17,43,0,51,12,32,38,11,27,52,13,56,8,57
48,23,62,49,43,10,4,25,19,44,18,16,7,36,13,39,59,32,5,1,2,42,53,24,50,9,47,6,28,11,3,46,30,20,61,55,56,33,27,58,0,34,17,22,38,54,35,63,21,41,45,52,60,26,57,8,29,31,15,14,37,51,40,12
63,7,31,3,12,44,58,25,30,1,54,51,33,11,49,23,21,9,34,20,35,26,62,38,15,22,60,42,57,59,4,52,6,27,40,55,2,5,50,19,10,39,28,41,29,36,48,17,53,37,0,43,61,46,8,13,18,16,32,47,45,24,56,14
39,41,54,30,9,61,18,43,38,1,52,23,10,45,58,50,56,33,24,63,40,5,60,51,49,20,0,2,11,26,31,57,22,62,27,28,55,8,4,16,29,14,21,13,25,19,47,36,53,59,32,42,17,6,34,37,35,46,15,7,48,3,44,12
10,62,34,22,25,32,56,18,23,48,12,16,61,1,15,21,36,13,54,49,4,26,43,46,50,41,40,60,51,35,8,30,37,19,2,53,5,47,11,55,6,31,24,58,28,52,9,14,44,39,27,59,29,17,7,20,45,0,3,42,57,63,33,38
48,0,24,54,20,25,28,14,42,15,56,37,22,9,49,17,39,11,44,59,47,40,7,8,33,2,43,16,10,61,26,60,53,35,31,51,52,23,30,36,5,19,46,29,27,3,45,1,38,13,63,6,57,50,58,62,32,55,18,34,21,41,12,4
50,41,44,38,4,13,30,27,34,32,61,3,40,20,63,17,10,23,48,24,18,12,52,21,26,6,42,46,1,51,54,62,11,36,19,31,16,15,29,43,0,55,47,39,57,9,56,35,37,22,53,33,2,8,7,28,60,58,45,59,14,25,49,5
6,60,3,20,61,34,27,23,8,40,55,59,22,51,36,11,16,62,24,26,7,42,4,57,35,21,14,52,10,38,43,44,45,37,12,41,18,33,29,5,19,56,47,32,13,30,2,54,0,53,15,28,1,50,39,58,48,49,46,63,31,25,9,17
38,62,19,41,57,23,28,49,0,21,37,30,55,14,27,42,7,26,12,20,45,34,58,22,48,13,35,1,51,43,29,4,39,6,40,32,47,25,10,17,3,61,33,54,18,60,15,16,50,31,11,9,36,24,56,8,2,59,46,44,63,5,52,53
31,4,59,8,21,11,29,61,33,26,63,13,38,9,54,32,40,16,44,2,41,22,15,35,17,34,53,24,43,30,28,57,23,56,18,7,51,12,37,46,6,25,47,20,62,60,3,10,27,52,45,14,55,42,39,50,5,0,36,48,19,49,1,58
53,25,32,36,40,24,58,48,45,18,7,63,42,11,19,6,28,35,61,52,30,23,51,38,56,44,17,2,0,16,55,46,37,15,57,39,3,31,41,62,21,59,49,34,27,14,1,8,13,29,12,54,4,9,10,22,26,33,50,47,43,20,60,5
42,15,45,50,38,55,24,30,7,16,32,1,13,33,44,54,57,21,60,35,25,58,46,52,18,29,19,51,56,8,14,6,28,10,2,0,37,3,26,12,43,20,4,62,17,27,36,11,59,39,23,5,63,34,49,9,40,41,48,53,31,22,61,47
23,35,48,32,56,36,7,6,24,16,38,17,62,1,59,51,9,44,57,19,14,30,40,54,53,49,0,15,21,4,34,43,8,52,2,61,3,60,41,39,22,42,47,27,33,58,50,55,12,13,11,45,10,26,63,20,18,37,29,25,28,5,31,46
14,12,8,51,31,41,62,9,42,25,34,16,3,45,0,6,63,43,15,20,55,21,35,38,53,58,50,54,27,19,26,48,4,22,13,44,29,39,30,32,49,24,23,46,2,40,1,37,18,61,10,5,11,36,59,60,52,33,7,28,17,57,47,56
30,63,58,36,49,42,44,7,11,48,17,3,15,55,35,37,29,59,46,33,50,60,5,53,23,28,56,19,9,34,6,61,31,12,41,10,51,21,62,38,45,1,52,40,32,13,54,20,57,47,22,0,27,24,8,14,4,16,25,2,39,26,18,43
25,17,1,35,61,31,24,52,5,57,60,49,28,33,41,19,58,59,34,20,13,14,27,3,54,47,40,53,48,43,56,45,11,12,18,30,15,37,62,39,32,36,51,26,2,6,38,21,8,23,29,16,7,4,10,0,42,9,55,46,50,63,22,44
3,12,57,35,19,31,60,61,54,55,30,17,11,9,47,50,29,38,2,59,34,15,40,51,6,33,20,4,37,44,42,10,21,41,36,28,8,7,16,0,24,5,18,45,62,49,46,1,58,48,23,13,56,39,32,25,53,52,43,26,22,63,14,27
35,36,21,28,34,40,13,30,45,55,63,57,59,4,51,56,44,15,33,58,11,47,6,0,27,5,52,50,2,41,37,1,62,9,16,3,24,14,48,60,18,39,42,12,22,38,31,25,17,61,54,29,23,8,19,10,43,7,32,26,53,49,20,46
47,17,18,52,20,27,33,1,48,10,49,62,54,42,29,58,55,43,39,41,3,22,34,35,26,13,19,61,53,31,51,15,32,2,7,14,12,46,11,38,21,24,50,57,37,5,63,25,60,30,59,4,23,0,16,28,6,8,45,40,9,44,36,56
54,57,51,20,45,53,33,4,52,7,14,28,36,49,37,5,22,2,24,25,42,8,21,9,0,31,63,55,60,62,41,3,16,35,59,56,43,26,19,32,13,15,38,39,44,61,30,10,40,1,11,27,34,12,46,47,50,58,6,17,18,48,29,23
19,22,51,63,35,49,57,8,9,16,25,37,13,3,34,55,47,10,27,50,2,44,26,52,42,32,23,56,29,6,4,1,18,11,7,33,14,54,12,61,28,41,30,39,31,20,21,38,62,58,60,59,53,15,5,36,48,43,40,45,24,46,17,0
12,20,56,62,53,49,33,50,3,15,34,54,31,5,42,37,25,40,10,43,57,22,16,9,19,39,23,8,55,47,21,26,58,60,46,32,2,24,14,11,35,4,1,0,27,38,30,51,63,45,44,48,59,18,41,17,36,29,6,52,28,13,61,7
12,57,35,31,0,63,20,45,46,34,47,36,42,43,40,29,17,4,56,60,26,32,23,8,5,52,41,54,59,21,22,15,27,3,44,38,50,37,19,55,18,13,49,7,53,58,9,48,61,25,1,51,11,14,6,2,28,33,30,16,62,24,10,39
48,26,41,25,58,23,24,49,7,37,40,59,63,56,15,20,0,57,61,39,16,51,42,18,4,3,35,13,47,21,29,53,33,46,14,62,32,27,54,8,45,34,30,31,22,12,52,28,11,38,55,2,19,5,10,43,44,60,50,9,1,17,6,36
47,49,50,4,40,17,43,34,16,12,45,46,36,62,56,21,48,42,9,53,13,63,32,55,20,11,44,31,3,7,5,38,61,14,15,54,0,24,59,8,33,41,22,58,19,27,52,51,30,1,39,18,28,35,37,2,23,6,26,60,29,10,25,57
12,11,47,57,31,40,45,34,49,53,28,39,14,55,16,58,1,35,54,2,42,38,4,61,41,51,46,32,48,27,10,50,0,26,36,8,6,13,63,33,21,22,52,23,25,60,15,43,44,5,59,56,17,9,19,37,3,24,30,29,62,20,18,7
15,53,16,4,60,39,56,31,61,5,45,1,22,48,21,12,59,49,0,34,17,47,29,24,32,10,46,52,20,63,18,55,41,25,8,30,7,19,14,35,44,28,9,2,27,40,62,26,42,23,6,37,3,13,51,11,58,54,38,36,50,57,33,43
33,36,1,55,45,57,21,37,49,58,39,25,8,28,44,43,14,16,20,19,11,48,6,24,31,52,62,7,22,10,13,12,56,42,2,46,5,23,29,27,63,47,30,59,26,4,35,3,15,54,51,41,34,53,50,38,18,17,61,32,60,9,40,0
16,54,4,21,5,3,0,41,26,53,36,40,48,50,38,60,61,17,11,42,22,37,10,18,55,9,47,14,24,51,52,63,46,30,7,28,45,43,19,25,59,57,6,56,2,44,32,58,62,8,20,29,31,34,15,13,27,39,23,1,33,12,49,35
12,46,32,25,48,23,31,56,4,61,50,43,52,5,1,30,60,57,45,55,42,59,29,9,17,38,34,40,16,0,44,14,37,47,49,36,41,63,10,27,53,3,19,13,8,15,62,33,39,2,51,35,28,24,7,21,58,26,20,11,18,54,22,6
44,7,3,43,63,16,55,24,56,6,15,25,38,26,53,0,49,51,62,2,33,13,11,61,32,59,8,28,57,52,48,12,60,22,19,31,17,20,4,41,5,39,45,35,46,29,9,14,30,47,58,50,21,34,18,42,27,10,36,1,54,37,40,23
5,49,2,62,51,43,59,52,0,39,3,56,36,30,7,10,26,9,45,38,31,8,57,11,48,40,46,24,55,44,23,42,27,50,41,60,53,4,28,25,32,61,1,17,14,29,58,16,47,15,19,54,22,37,63,6,35,13,18,12,33,20,21,34
0,30,10,21,26,35,50,5,53,17,4,40,19,15,61,58,7,12,25,52,14,33,43,60,51,6,13,45,16,41,48,31,42,18,49,23,57,28,22,46,27,3,38,59,29,55,1,56,20,2,37,9,24,62,47,44,11,63,39,54,32,34,36,8
40,51,43,30,61,41,31,38,26,39,18,28,4,29,6,32,2,42,35,34,55,23,10,14,63,0,47,54,57,60,46,44,27,58,8,17,9,48,25,53,45,1,33,5,3,37,15,59,21,19,36,11,49,12,20,52,16,62,24,7,13,50,56,22
24,16,34,3,26,54,8,36,51,46,10,30,23,9,32,18,21,33,4,52,44,17,48,61,63,55,31,56,6,7,39,62,60,47,19,41,58,35,50,14,28,53,29,2,20,15,37,25,38,43,1,45,5,49,40,27,11,57,12,42,22,13,0,59
47,15,11,8,63,30,4,10,43,60,21,28,52,14,37,46,62,26,35,34,42,7,48,33,23,24,39,57,20,22,44,61,13,40,29,50,59,45,18,2,0,17,41,56,19,49,38,51,9,32,58,36,25,6,12,5,16,27,1,55,31,54,3,53
26,11,41,39,19,9,23,37,25,24,63,21,58,13,53,32,34,54,27,55,33,8,62,17,29,52,51,56,6,46,49,43,30,40,7,0,60,22,42,18,59,57,50,10,14,20,4,12,48,44,15,31,5,36,35,45,38,3,16,47,1,61,28,2
60,50,5,27,20,8,30,41,38,58,55,13,63,19,26,24,23,3,4,15,34,39,35,25,28,45,14,12,33,9,40,53,47,43,44,48,1,62,36,59,16,57,52,7,51,49,0,10,21,17,31,54,32,56,18,6,22,37,42,11,29,46,2,61
18,40,3,23,24,1,20,41,36,14,38,30,54,49,58,29,39,17,35,63,33,12,51,32,16,37,5,56,46,25,61,11,44,57,62,42,10,28,43,50,22,6,26,21,19,52,0,47,8,59,55,34,9,53,4,48,13,45,15,60,7,31,2,27
13,26,54,37,28,12,22,62,50,32,43,24,41,63,48,60,2,10,4,34,17,14,40,23,25,47,20,36,51,18,49,59,19,1,15,31,11,0,38,27,46,5,44,21,56,16,35,33,53,7,29,61,57,9,58,45,55,8,3,39,6,52,30,42
19,48,54,33,16,18,31,61,58,11,7,5,25,36,34,55,42,63,8,32,46,1,3,30,62,26,47,52,53,12,23,24,27,14,17,37,45,29,39,35,22,60,40,10,51,49,41,21,38,2,6,28,4,0,59,44,13,50,20,9,43,56,57,15
46,59,27,4,6,12,8,10,63,32,41,51,28,50,20,1,3,58,30,5,40,19,33,16,39,24,54,23,56,43,36,35,47,18,44,0,7,48,62,17,22,21,61,11,26,53,15,9,57,34,60,55,38,14,25,31,49,29,13,2,42,37,45,52
26,62,53,31,52,27,20,46,11,13,25,58,42,5,23,57,19,32,30,61,54,40,24,59,2,47,51,7,12,36,39,1,35,50,38,56,45,21,22,6,43,63,48,14,41,4,55,34,0,15,17,49,8,28,18,9,37,33,16,10,29,3,60,44
56,58,4,32,7,37,3,1,12,5,38,0,31,11,28,27,25,26,2,6,21,20,46,61,23,49,48,34,44,22,59,36,24,45,62,50,19,39,47,30,57,10,55,41,43,33,40,15,16,60,8,18,51,53,63,54,35,42,52,9,13,14,17,29
27,51,11,32,36,43,7,31,30,52,3,57,54,44,4,41,53,23,49,45,55,37,13,47,29,6,48,8,26,62,18,33,17,50,42,46,19,63,16,59,34,21,2,5,22,24,9,15,38,60,0,1,20,25,40,58,28,12,56,35,39,61,14,10
2,58,31,5,6,42,20,59,17,25,32,13,21,0,24,29,50,53,41,40,36,19,26,8,62,30,61,11,49,46,55,34,12,18,48,38,10,16,56,63,45,43,23,27,4,14,39,57,60,7,54,44,52,28,33,51,47,9,35,1,37,15,22,3
43,60,15,26,3,28,52,36,7,56,33,35,54,31,17,0,20,1,23,55,39,42,51,9,25,16,58,12,50,63,14,32,22,41,46,2,61,53,21,27,8,49,62,4,57,24,5,11,40,18,19,29,10,6,47,44,48,59,38,30,34,45,13,37
7,49,60,17,37,52,63,15,5,29,6,2,39,9,45,25,58,47,61,30,55,16,24,32,14,11,50,44,46,22,27,4,28,12,8,13,35,21,0,1,42,19,38,3,26,53,54,18,59,20,43,36,34,23,40,31,10,62,56,51,57,41,48,33
19,61,43,42,14,15,8,60,39,22,13,21,57,20,24,36,59,44,35,63,47,37,0,50,17,33,30,6,53,27,5,25,16,2,38,51,3,48,11,10,23,28,45,49,52,56,7,46,26,55,12,32,62,9,41,1,31,4,58,40,54,18,29,34
49,2,33,3,13,37,7,23,11,60,38,28,31,50,15,32,41,21,46,54,57,26,59,22,63,48,25,39,42,30,34,9,35,12,45,14,5,52,24,17,18,56,61,19,16,44,29,47,4,55,8,6,51,0,58,62,43,20,10,1,53,40,27,36
29,44,33,6,24,27,48,43,40,2,9,63,47,36,23,14,8,7,42,11,21,60,34,45,41,61,4,58,26,38,1,31,62,35,15,54,18,53,22,16,0,46,56,5,57,37,55,59,28,50,25,30,19,3,51,20,39,10,13,12,32,49,17,52
63,39,28,56,18,8,22,20,6,36,42,40,2,45,14,0,5,54,34,33,19,9,44,26,48,23,60,11,16,31,21,55,10,51,49,29,15,17,57,43,27,1,35,62,46,50,24,25,13,41,59,47,4,32,61,38,37,7,58,52,53,12,30,3
25,37,43,45,7,8,61,34,63,59,57,35,2,44,40,30,22,10,33,28,54,1,4,29,26,46,47,18,41,51,60,12,11,53,9,62,3,21,56,19,50,48,0,42,14,31,20,32,15,5,55,6,38,24,16,49,52,27,58,23,39,13,36,17
22,36,50,38,57,0,19,18,58,2,47,8,39,43,21,44,24,31,46,20,10,9,11,42,45,62,23,6,7,37,16,14,60,25,30,13,51,32,34,54,59,41,12,35,48,4,33,17,28,56,52,5,1,40,55,3,27,63,53,15,26,49,29,61
31,25,0,12,6,3,21,39,55,53,57,56,49,22,26,32,18,51,36,20,2,33,9,27,40,38,46,28,7,34,45,48,30,4,24,35,14,15,42,47,62,5,19,58,11,23,60,50,63,52,44,41,13,17,10,54,8,16,29,37,59,43,1,61
58,24,14,31,3,12,43,22,32,55,51,18,20,7,6,19,9,23,16,47,41,28,21,53,40,13,50,49,60,10,48,45,44,34,33,42,39,52,8,38,29,35,4,57,30,0,2,61,56,25,54,63,46,36,1,5,27,17,26,62,11,15,59,37
33,56,34,45,12,43,39,30,51,58,40,57,32,24,62,6,7,17,31,53,28,27,23,48,44,60,61,50,55,13,63,29,42,19,20,38,41,10,26,9,11,18,2,35,36,25,52,5,59,54,37,4,3,1,22,49,8,46,14,0,47,21,16,15
31,61,1,40,46,27,60,55,63,33,8,56,24,41,19,23,29,4,5,18,17,25,39,52,51,28,30,57,16,32,9,20,34,47,15,59,26,38,45,53,10,54,12,42,37,14,22,3,49,2,50,0,13,58,7,21,36,62,44,35,11,48,43,6
58,0,55,61,29,19,14,34,4,24,9,63,22,37,17,50,26,18,46,42,8,5,35,10,60,38,44,41,3,16,25,23,40,53,32,15,13,47,57,31,36,43,12,2,39,48,11,49,21,20,56,1,54,59,28,27,45,33,52,7,6,51,62,30
39,8,37,48,2,59,63,38,52,29,7,16,25,21,11,9,60,4,0,53,10,42,17,19,41,13,27,24,26,1,28,46,14,22,61,50,31,56,12,34,44,33,30,57,5,15,20,23,49,45,3,43,58,51,62,36,35,18,32,55,6,47,40,54
28,30,12,13,7,58,50,57,34,40,44,27,48,47,52,59,15,37,5,6,61,55,39,38,62,43,46,3,22,29,23,54,49,51,4,9,24,41,19,33,18,35,26,14,1,8,25,20,21,11,60,32,53,45,63,36,42,2,10,56,16,0,31,17
47,41,0,52,22,59,13,53,34,29,35,42,54,50,9,33,45,46,60,61,36,16,26,17,6,55,5,18,7,51,10,38,2,57,56,4,39,1,62,28,14,32,30,49,21,40,23,27,37,20,44,63,15,12,11,48,3,8,58,19,25,43,24,31
8,6,9,27,52,35,30,40,44,43,11,1,22,18,20,56,51,45,50,31,2,62,17,34,25,28,57,19,14,12,26,54,61,15,21,63,13,33,60,16,3,55,24,46,36,0,29,41,47,38,39,53,42,10,58,59,4,48,37,23,49,5,7,32
33,20,21,30,23,63,40,24,5,27,35,3,61,56,62,53,47,26,44,58,10,37,28,18,48,1,43,25,31,57,52,15,42,16,0,7,29,13,9,22,39,4,34,17,60,14,51,55,2,46,8,50,36,54,11,38,41,45,6,32,49,59,12,19
45,11,49,22,7,41,21,52,14,32,44,19,56,48,23,18,1,53,43,10,42,35,40,34,25,59,12,13,2,60,55,5,24,38,63,6,29,62,33,47,58,17,39,31,28,26,8,4,36,51,37,57,27,20,30,61,3,54,16,46,0,9,15,50
34,55,51,24,53,50,60,26,49,20,56,10,42,41,27,54,1,32,46,61,39,8,38,17,25,15,5,44,47,0,7,43,40,31,13,48,29,22,19,12,30,23,36,57,58,14,59,4,16,3,18,11,62,33,28,9,45,37,2,52,63,6,35,21
6,28,55,7,20,29,52,53,13,49,16,30,60,36,33,18,23,31,12,1,40,9,48,38,15,43,35,59,54,5,26,22,34,62,45,39,42,41,61,47,51,21,50,25,0,37,10,24,4,14,3,46,17,8,32,57,56,2,58,19,27,11,63,44
62,44,4,23,15,42,50,19,61,11,43,63,28,2,52,16,48,45,27,35,17,56,12,14,25,39,57,37,38,31,18,5,59,41,0,51,29,60,9,3,24,55,34,54,36,8,53,32,33,1,22,6,10,58,40,49,47,21,13,26,20,46,30,7
2,27,25,44,58,12,3,60,51,61,40,26,41,35,28,54,42,21,46,34,17,18,30,6,23,14,49,24,1,10,19,38,57,0,9,5,13,48,59,20,16,31,22,45,55,53,8,63,43,32,29,11,37,7,47,15,36,56,39,52,50,33,62,4
36,30,47,37,15,5,35,45,41,48,17,38,3,33,18,4,12,2,46,34,62,6,28,51,57,1,26,39,61,40,27,60,14,0,25,42,43,50,54,13,8,22,55,7,11,21,63,24,44,32,10,56,23,52,59,20,16,31,58,19,49,29,53,9
13,34,27,42,43,8,62,22,32,14,24,19,3,55,10,54,47,61,20,15,2,4,53,12,41,31,23,28,11,63,49,5,37,50,9,39,16,51,56,25,52,59,17,44,6,46,0,7,57,18,35,45,36,40,38,21,58,48,29,30,33,60,1,26
56,0,54,40,62,29,63,20,22,41,21,10,6,48,61,53,37,39,34,8,60,3,4,45,47,44,33,55,11,57,9,26,58,14,2,25,16,42,7,51,35,32,36,1,43,59,52,18,24,23,12,27,13,5,15,30,49,28,19,31,46,38,17,50
26,56,51,31,42,33,0,28,61,50,40,34,25,30,16,37,8,57,48,14,60,22,23,11,4,39,24,62,35,45,18,59,46,44,63,47,20,15,52,2,27,17,10,7,5,54,58,9,19,29,6,49,12,3,13,32,53,41,21,36,38,43,55,1
13,10,22,17,30,8,40,45,46,20,35,44,29,3,16,6,9,51,39,38,63,12,56,54,37,5,57,14,59,53,47,15,41,26,32,2,48,42,18,21,11,43,23,7,1,60,0,28,31,27,36,33,4,52,49,55,25,50,58,62,61,24,34,19
20,56,34,35,28,49,51,30,5,62,6,17,15,60,33,45,57,63,8,26,29,53,25,11,50,22,1,3,61,7,21,48,27,13,38,41,31,23,0,12,55,19,59,39,2,52,44,14,10,40,32,46,18,24,58,54,37,16,43,36,47,42,9,4
27,8,63,46,53,38,21,37,19,30,35,5,28,44,9,56,6,54,60,7,61,11,49,39,58,22,23,32,16,25,43,62,4,48,26,47,45,2,57,0,20,55,40,14,1,10,12,13,17,41,36,50,29,51,24,15,18,52,34,33,42,3,31,59
28,50,7,43,29,59,57,40,25,30,10,49,13,16,33,3,1,18,32,35,8,27,56,20,12,5,46,58,2,53,17,36,9,61,44,41,6,11,31,21,60,15,63,55,45,37,38,14,62,39,51,34,54,4,19,22,52,23,42,24,47,48,26,0
38,60,16,50,19,43,33,46,59,48,61,39,13,36,42,11,30,45,20,47,22,0,7,25,55,4,31,53,12,5,1,28,10,24,21,52,44,3,57,62,34,49,63,58,8,15,35,37,2,6,26,40,14,56,17,41,23,54,9,29,32,27,51,18
59,63,58,56,6,13,38,14,12,49,20,0,34,3,18,4,28,52,42,10,23,40,50,19,44,16,39,2,37,36,57,35,51,33,48,25,41,8,9,53,29,7,54,62,32,60,55,43,61,22,24,30,31,5,26,15,47,27,46,21,45,17,11,1
63,6,60,22,3,57,50,17,7,33,29,12,16,53,34,38,2,59,55,11,5,30,37,47,49,31,24,61,41,58,52,26,48,13,18,54,28,43,35,62,25,15,39,8,56,10,19,20,40,42,21,23,14,51,9,0,32,45,4,1,44,46,27,36
48,13,42,50,46,1,53,11,61,3,35,41,24,10,39,40,6,44,56,14,25,34,7,21,47,28,4,2,60,57,32,12,63,62,43,52,15,17,30,59,29,16,58,26,0,22,8,19,38,36,45,18,20,33,55,5,49,54,31,23,27,51,9,37
57,18,7,23,25,62,63,36,59,19,27,45,10,38,4,58,32,46,21,17,31,43,20,26,41,40,61,33,53,13,56,1,48,37,6,2,28,11,14,12,5,0,24,35,8,49,29,47,39,55,16,15,50,9,44,30,51,34,22,42,3,52,60,54
29,26,33,19,35,39,46,3,45,28,16,62,27,23,15,18,43,52,25,1,58,36,31,22,60,53,17,5,37,2,50,30,11,57,9,42,14,12,40,0,47,13,61,32,48,21,41,63,6,51,7,59,54,4,44,49,55,34,24,38,8,56,20,10
56,29,34,28,50,51,24,37,9,20,49,6,55,15,5,17,19,2,62,1,10,25,12,42,35,33,52,61,27,44,26,13,4,22,31,53,60,47,16,57,59,7,43,0,30,36,39,58,45,18,23,21,38,63,3,40,46,48,11,14,54,41,32,8
31,55,42,22,57,62,3,15,43,37,59,7,10,30,33,49,16,63,20,47,60,34,41,9,17,28,46,26,52,25,11,29,14,23,12,4,24,39,1,18,21,32,5,19,53,45,48,51,35,54,36,40,38,56,44,6,0,50,58,8,2,27,61,13
24,44,43,40,5,60,13,31,35,17,2,38,22,14,19,9,54,28,1,49,47,23,37,29,34,15,32,16,26,62,21,61,36,57,25,4,8,18,0,41,59,20,56,46,63,53,51,6,7,27,39,52,12,50,58,33,10,48,30,11,3,55,45,42
41,47,9,34,27,28,43,17,57,46,13,15,8,38,19,1,54,23,56,53,58,37,11,24,20,29,7,39,42,63,4,16,35,21,45,31,32,12,5,3,55,52,59,62,40,0,30,61,26,6,60,48,44,50,36,33,2,51,22,10,49,25,18,14
4,15,41,20,33,24,52,28,51,58,6,56,10,12,45,36,3,61,31,42,14,13,29,44,8,9,63,50,59,37,34,39,19,2,25,40,43,49,57,11,54,30,0,32,47,35,60,21,27,26,23,18,16,5,46,48,62,53,38,1,17,55,7,22
39,47,31,53,17,5,37,12,19,56,59,62,48,61,46,2,29,57,22,36,32,28,38,6,49,55,14,20,50,23,60,3,44,41,18,30,15,13,27,16,0,35,40,45,42,54,11,9,25,33,58,21,63,7,4,34,24,26,1,51,52,8,43,10
60,40,0,53,57,12,49,21,42,7,63,43,27,15,18,28,25,19,54,30,33,4,9,6,41,38,52,46,45,31,8,14,16,39,3,58,29,26,55,11,51,32,2,59,37,44,24,36,20,35,22,1,62,50,13,5,10,47,48,17,61,34,23,56
57,40,2,30,34,21,33,37,12,52,45,19,27,58,55,13,7,39,17,54,56,22,14,38,60,10,31,28,1,53,11,41,46,6,20,32,25,8,4,48,44,49,63,23,9,5,50,35,3,29,18,26,36,15,62,24,47,42,61,16,59,51,0,43
42,1,27,2,33,55,30,61,47,11,38,22,60,41,29,13,0,53,45,26,62,39,51,52,14,40,9,21,43,8,57,25,31,10,6,12,4,28,24,44,48,17,63,19,59,15,7,20,32,37,54,46,18,16,50,23,56,58,36,34,3,49,35,5
15,49,19,18,42,2,26,53,25,29,51,1,14,41,16,45,20,0,39,10,56,63,61,7,31,32,57,30,6,24,50,12,27,36,21,37,13,28,47,59,9,3,35,52,54,22,40,8,48,46,55,62,60,38,58,4,5,43,17,11,34,23,33,44
50,61,32,46,10,63,48,19,14,38,41,21,16,26,33,4,12,49,29,13,44,23,40,27,58,9,22,59,3,43,56,18,36,62,24,39,11,20,57,37,45,1,15,6,7,30,47,54,25,60,17,34,35,52,31,5,53,8,42,28,0,2,51,55
51,2,55,39,38,17,26,53,37,3,43,36,33,14,21,49,20,63,52,48,6,42,35,12,29,19,18,46,54,47,59,13,40,30,28,5,16,44,58,9,60,15,22,1,27,45,41,23,0,50,56,61,24,57,32,7,34,11,4,31,25,8,10,62
25,59,50,55,23,27,14,13,40,57,3,37,53,24,0,35,34,4,21,43,15,41,47,54,62,51,44,60,7,19,63,52,29,9,61,2,38,31,48,45,8,17,11,56,18,49,28,22,12,26,32,39,33,46,58,42,10,30,36,1,16,20,5,6
24,36,54,60,4,22,45,55,40,29,23,48,44,8,42,5,38,52,53,13,49,6,61,47,31,20,32,1,11,0,17,26,21,39,33,28,27,59,62,58,30,16,56,2,57,14,18,15,34,51,46,43,63,12,35,3,19,41,9,37,25,10,50,7
28,42,26,50,4,17,32,36,20,9,7,23,0,10,57,5,54,47,52,63,30,21,61,41,2,35,25,18,22,44,55,48,56,53,43,27,16,24,60,14,40,58,51,6,11,37,49,8,31,1,38,62,45,33,59,29,19,34,12,13,39,15,46,3
41,35,10,17,25,28,7,49,31,39,52,3,63,21,36,14,53,27,12,0,40,45,42,4,23,30,44,61,48,60,57,37,6,56,58,50,16,29,54,2,26,11,47,8,19,15,34,38,18,55,62,32,33,1,5,59,51,43,13,9,20,46,24,22
26,33,14,52,35,34,2,45,41,56,39,32,58,60,22,17,55,31,28,23,57,8,10,19,0,9,7,43,25,54,61,29,51,30,24,62,48,49,4,50,16,18,38,63,40,36,27,20,13,59,42,15,44,6,5,1,47,53,3,37,46,21,12,11
33,28,35,6,10,46,23,29,45,57,19,1,26,38,58,4,61,48,31,52,55,18,59,30,51,25,54,53,21,41,62,5,8,9,11,2,50,13,7,36,12,42,0,56,24,49,60,39,34,3,44,14,20,37,15,27,40,17,16,43,32,47,63,22
54,34,6,57,53,44,51,5,62,24,33,41,60,50,26,35,47,42,28,3,0,59,49,12,14,21,32,4,1,16,17,18,31,36,27,8,46,20,10,55,39,22,48,15,52,7,63,19,30,9,61,58,40,37,45,56,43,29,2,23,38,25,11,13
15,39,30,44,13,28,32,62,7,55,1,45,53,46,61,34,21,49,25,24,54,12,23,17,60,2,38,59,47,35,51,6,41,58,33,22,50,31,52,9,19,10,29,20,48,0,56,11,40,3,8,43,42,63,37,5,26,18,14,16,57,4,36,27
19,61,55,35,45,8,53,0,48,50,27,4,37,44,9,26,2,1,17,24,11,52,63,18,54,46,16,22,28,23,14,29,21,3,12,25,13,58,7,30,49,41,39,57,20,10,36,42,31,34,40,38,47,15,56,6,5,43,60,59,51,32,33,62
15,56,13,0,5,55,62,8,41,20,39,28,43,27,24,29,53,26,12,19,17,23,3,57,37,10,22,6,31,2,32,14,54,51,58,1,63,4,30,38,7,49,34,42,9,46,25,59,35,48,36,33,47,16,21,40,61,52,45,44,18,50,60,11
38,16,51,6,11,18,62,13,2,49,45,44,9,20,17,34,29,26,39,57,33,36,5,56,43,3,0,48,1,47,35,58,63,52,40,32,14,37,30,19,15,4,60,24,50,54,42,61,8,10,21,55,46,12,27,7,31,53,59,25,22,23,28,41
25,41,34,18,12,47,45,3,46,35,32,56,61,10,42,15,55,22,9,63,59,0,11,16,49,39,28,5,20,7,1,60,26,50,52,44,6,40,37,24,23,2,33,27,17,62,19,54,29,43,8,38,4,51,58,14,57,30,31,53,48,13,21,36
22,33,43,34,0,29,4,13,1,51,61,17,47,25,42,18,50,26,49,36,24,54,8,20,52,7,19,55,11,58,44,62,14,16,56,3,37,40,31,35,57,39,63,6,30,60,12,23,48,28,32,38,27,10,15,9,46,53,45,21,41,2,5,59
1,11,62,32,46,13,14,8,25,0,19,49,55,35,6,18,52,42,20,63,17,39,59,43,57,2,54,10,44,45,30,38,29,31,33,4,60,53,50,36,48,15,5,61,12,27,9,16,24,3,7,40,56,58,37,28,21,51,47,22,34,26,23,41
51,10,44,7,33,35,40,31,56,19,34,29,9,22,26,62,60,46,55,18,45,1,50,14,61,4,63,32,17,58,39,12,42,41,13,8,24,6,28,5,37,57,53,27,43,16,49,30,25,15,11,20,2,23,38,36,54,3,48,47,59,21,0,52
42,48,49,23,24,44,3,27,37,55,13,25,17,39,47,45,20,2,58,6,32,31,11,7,9,46,21,26,52,30,62,53,18,38,12,35,50,43,29,15,40,56,33,4,28,36,54,59,51,19,34,60,61,5,14,63,10,1,41,16,57,0,22,8
38,44,18,60,14,19,11,35,7,40,36,3,48,55,29,12,0,17,21,24,52,34,56,31,26,9,25,2,42,5,27,63,22,37,23,41,57,54,46,16,13,6,20,1,10,32,47,50,53,59,51,58,15,43,30,49,8,33,61,62,45,39,4,28
27,57,59,8,14,15,0,51,16,13,21,48,32,37,30,3,41,47,20,54,22,52,50,55,29,60,43,33,45,10,40,28,12,36,5,42,19,17,23,39,35,2,18,1,9,25,38,24,56,7,34,49,26,6,62,58,4,11,63,53,46,31,61,44
9,35,34,2,24,14,23,5,58,40,45,25,38,50,61,4,48,57,59,33,37,42,49,53,6,47,46,55,63,27,12,52,39,36,28,20,31,41,7,60,8,0,3,29,44,51,13,62,17,21,54,15,18,16,43,26,56,19,1,10,11,30,22,32
26,20,11,38,3,58,12,41,16,7,1,13,57,32,29,60,46,55,34,9,42,56,30,49,4,5,19,2,27,52,22,31,59,24,37,50,21,35,15,48,43,45,33,39,8,63,44,18,28,51,62,40,53,47,14,36,6,17,23,0,25,61,54,10
30,53,11,34,31,54,26,25,63,20,48,1,29,49,2,36,23,10,41,15,56,3,44,46,28,45,4,42,19,27,17,57,8,6,58,40,32,51,0,24,59,9,16,22,35,14,47,55,13,12,37,18,7,60,61,38,21,52,62,50,39,43,33,5
43,6,55,42,21,22,62,13,48,25,17,41,47,16,28,58,30,57,27,14,2,49,63,26,32,24,53,5,52,18,51,40,1,12,45,44,56,37,10,35,29,31,4,33,23,36,39,60,7,8,9,54,19,34,3,20,61,46,38,59,0,11,15,50
54,62,59,36,60,41,35,57,29,37,6,8,24,20,14,3,52,32,56,44,0,55,9,19,25,53,18,11,34,40,17,43,47,16,23,12,30,48,15,21,27,7,2,51,58,63,1,38,26,39,45,22,4,13,46,49,42,61,10,28,31,50,33,5
28,22,41,56,63,61,45,29,10,6,13,40,2,58,27,60,16,19,36,25,43,62,21,57,15,53,32,52,3,30,24,46,42,55,50,34,14,0,31,51,33,1,11,23,38,48,26,9,37,59,17,4,35,12,39,20,18,8,5,44,7,47,54,49
21,28,3,63,58,44,12,30,55,9,5,52,14,11,61,29,46,17,36,0,59,32,57,10,24,6,13,47,54,62,15,38,49,26,33,8,41,35,40,2,42,34,37,25,51,16,45,50,20,43,60,19,7,53,27,56,18,1,4,23,22,48,39,31
9,37,11,7,38,12,44,28,8,22,2,16,40,58,25,34,39,32,46,43,33,0,10,14,41,59,42,60,51,54,36,3,45,35,1,17,18,57,24,26,63,5,48,20,30,19,29,61,31,47,4,62,55,13,27,15,23,49,52,56,21,53,6,50
46,1,23,16,51,8,33,63,47,44,41,20,9,40,14,0,59,11,43,30,52,27,25,61,36,58,48,31,45,5,21,10,37,38,6,18,15,39,13,56,7,29,19,3,22,62,4,54,50,57,60,2,53,12,26,28,17,32,24,34,35,42,49,55
40,41,15,32,58,1,22,3,51,45,14,56,23,8,63,38,11,55,9,2,28,13,52,54,42,24,25,12,60,61,20,37,27,44,53,35,47,19,59,0,17,18,30,5,6,36,50,46,4,43,48,10,39,33,26,29,7,34,31,57,16,21,62,49
12,44,20,40,6,0,30,28,52,43,32,16,51,56,34,39,9,7,55,4,47,58,17,13,37,33,45,42,11,61,46,38,8,5,60,53,23,59,57,29,31,25,19,62,26,15,24,50,14,3,22,35,10,1,27,49,63,18,48,21,41,54,36,2
16,3,53,27,8,21,6,57,28,24,22,14,7,15,47,1,50,9,36,2,56,52,4,43,61,12,31,40,5,13,49,37,60,25,48,59,55,19,29,35,34,23,54,20,51,62,33,26,45,41,18,17,38,32,63,58,39,11,42,0,44,30,10,46
23,5,46,0,33,29,12,30,50,47,6,3,57,54,27,19,26,42,31,60,28,13,38,48,44,36,35,24,43,2,11,1,7,9,34,53,15,20,49,56,32,59,8,37,61,22,14,45,51,4,41,25,17,52,62,21,63,10,39,18,58,40,16,55
6,58,38,55,10,62,33,9,39,4,32,35,54,56,19,15,2,29,20,60,57,37,0,46,34,63,36,3,51,45,49,31,21,7,1,50,22,47,17,48,44,42,11,5,24,28,40,8,18,27,59,26,14,53,43,12,16,30,13,61,52,25,41,23
27,31,57,25,55,40,63,59,13,22,41,0,17,37,11,49,10,18,44,52,43,15,23,1,54,32,19,8,20,24,29,7,60,3,33,9,21,30,47,28,36,34,45,48,39,26,6,16,58,51,61,62,53,14,50,35,12,46,42,5,56,38,4,2
6,51,44,62,4,8,31,36,43,23,54,35,50,28,26,17,0,29,2,52,20,16,39,1,58,3,21,59,9,45,32,22,47,48,18,15,27,53,19,63,33,34,10,38,46,61,24,37,25,60,55,5,42,30,14,57,7,41,56,12,13,40,11,49
61,33,45,47,57,5,34,0,30,25,37,49,14,3,1,11,43,46,4,6,7,48,31,52,10,16,35,53,12,42,2,55,22,18,8,17,60,44,50,21,62,29,39,40,54,19,58,36,26,38,28,13,27,23,9,51,41,32,15,59,63,20,56,24
22,58,54,39,41,21,14,59,57,38,24,27,55,33,45,11,49,2,10,15,61,32,5,51,40,35,0,47,56,12,53,46,62,31,19,4,43,18,36,52,37,23,60,26,50,13,48,20,7,28,9,16,30,3,42,44,17,63,34,6,8,1,25,29
36,38,7,9,60,37,10,50,2,33,46,40,34,3,16,47,61,4,45,26,32,18,41,49,8,23,14,48,54,12,30,0,25,35,27,56,59,17,15,28,42,19,22,29,55,44,57,13,62,24,52,63,20,58,6,51,11,43,39,31,53,21,1,5
5,14,58,29,48,32,56,22,6,44,61,26,38,11,7,47,13,0,2,42,23,15,30,49,27,4,21,43,39,57,19,52,63,46,18,51,54,34,37,3,12,9,41,59,55,25,10,60,35,45,31,53,1,33,16,36,28,24,20,8,62,40,17,50
6,9,35,37,25,36,53,23,61,13,17,18,2,12,62,43,15,54,8,0,16,44,60,59,40,48,57,22,56,30,45,29,41,33,52,55,47,14,63,49,39,50,46,58,38,24,4,21,26,11,3,27,1,51,34,32,19,10,7,42,5,20,28,31
18,26,43,15,21,48,54,56,41,59,4,24,58,34,14,35,22,31,0,61,25,42,40,45,63,51,36,9,3,49,6,62,57,52,5,20,13,10,28,55,38,7,37,47,32,2,23,12,11,27,50,16,39,17,60,8,29,1,46,30,44,33,19,53
14,39,35,26,55,24,62,9,27,7,5,36,11,8,33,46,29,37,22,51,30,52,4,3,42,23,54,49,34,19,43,16,15,56,63,21,58,2,57,17,25,28,20,31,59,18,0,6,41,50,53,10,47,60,38,45,48,44,13,40,1,61,32,12
12,11,19,59,61,34,1,53,6,57,4,40,50,27,43,20,5,22,16,46,0,18,3,28,15,26,36,23,17,58,30,35,45,31,62,8,9,41,21,56,13,24,60,54,47,37,32,42,48,55,49,25,14,52,29,44,38,7,39,2,10,33,63,51
2,35,28,54,10,1,53,4,27,61,42,57,30,21,59,56,63,18,52,17,20,38,8,3,60,12,32,7,34,26,23,36,39,25,62,13,15,22,5,31,14,29,46,45,41,51,49,33,6,11,55,58,48,43,24,0,19,37,50,9,16,44,40,47
16,19,5,61,38,3,59,62,33,42,31,48,27,7,21,50,41,11,14,28,58,36,12,60,30,37,55,34,47,52,15,20,32,49,17,53,1,46,0,35,6,43,2,22,9,8,57,26,54,23,63,10,24,51,13,25,56,39,44,29,18,40,4,45
45,62,50,36,21,1,29,54,15,31,48,59,43,6,26,52,41,16,10,8,44,4,7,37,49,39,60,23,12,13,3,42,53,20,56,61,17,35,0,18,33,34,22,2,19,58,5,25,11,28,38,63,14,27,55,32,57,24,40,47,9,46,30,51
40,48,20,23,29,19,38,15,1,12,32,18,34,10,45,9,41,43,54,16,5,39,52,30,24,13,3,63,7,0,44,35,47,2,21,46,59,37,27,61,8,31,42,28,26,11,25,49,22,55,33,56,53,58,51,50,60,57,4,17,14,62,36,6
60,57,29,14,28,45,17,0,58,43,26,41,9,23,19,42,10,62,20,47,38,49,59,32,51,22,21,44,35,34,11,2,13,8,6,5,50,16,46,33,24,39,63,31,55,4,37,3,30,7,12,1,61,54,53,36,48,56,40,27,25,18,52,15
17,24,26,59,12,14,5,53,48,1,35,13,23,57,43,50,46,11,15,31,32,18,20,56,40,8,0,7,51,3,37,36,19,9,45,29,44,63,39,30,60,10,61,16,2,27,54,52,41,33,58,55,25,49,22,34,28,42,6,21,38,4,62,47
49,31,41,1,58,10,60,27,18,56,39,55,3,63,46,6,22,45,0,23,30,25,53,52,32,57,8,54,42,16,17,61,34,40,7,9,21,19,24,4,50,13,2,35,36,20,29,26,44,11,28,12,59,47,62,48,14,51,37,38,33,15,43,5
28,27,8,39,38,47,1,25,20,42,50,61,11,32,23,16,55,12,2,0,62,49,63,21,45,54,15,6,29,22,57,26,19,4,48,35,17,3,31,53,24,5,9,10,43,36,44,33,7,37,46,30,34,58,59,51,13,60,40,14,56,18,41,52
38,44,27,59,25,9,10,60,28,12,0,47,4,16,58,34,53,40,39,20,61,62,3,5,18,63,11,17,29,49,19,31,50,48,21,52,32,6,8,37,15,45,33,57,54,36,55,7,26,41,22,56,35,51,1,2,13,42,24,43,23,14,46,30
39,60,37,50,10,49,46,1,41,12,45,36,9,2,59,32,0,48,7,47,26,28,33,43,58,44,56,62,24,29,3,63,4,18,20,51,15,27,31,42,38,17,13,16,19,40,55,53,22,25,23,6,8,14,35,34,57,54,21,11,30,52,5,61
32,50,59,38,5,57,39,45,55,6,4,43,62,14,34,20,51,10,22,3,18,33,26,48,28,40,12,25,24,11,23,56,13,53,29,42,35,16,30,41,63,37,36,52,19,58,47,0,21,54,46,2,61,1,44,7,15,31,17,49,60,9,8,27
59,3,6,21,45,14,32,42,24,40,54,51,41,58,39,63,30,11,7,5,19,46,18,10,35,52,2,49,15,48,26,62,33,38,13,1,22,55,0,9,53,17,34,31,23,47,43,20,16,8,29,37,12,27,28,56,4,57,60,36,44,25,61,50
48,36,58,49,37,56,14,32,5,51,61,50,15,63,17,20,42,35,57,34,44,0,62,59,22,31,12,40,55,60,3,54,25,46,8,39,23,1,43,27,18,52,6,13,38,9,4,21,28,26,2,53,47,11,33,45,19,41,10,29,7,30,24,16
62,36,3,37,17,46,34,9,14,24,54,11,19,51,45,27,12,58,7,6,16,15,38,25,0,13,2,43,8,61,41,63,48,52,31,56,22,50,10,33,18,21,42,35,60,39,26,59,47,55,57,53,1,5,4,28,40,44,30,23,49,29,32,20
62,19,56,29,41,25,27,49,7,14,16,24,35,44,1,58,63,34,47,36,48,23,28,59,11,26,46,21,2,54,22,17,9,61,45,8,4,31,0,38,30,18,6,20,3,40,13,57,42,12,5,51,43,55,39,53,60,15,10,37,50,52,33,32
25,24,1,45,32,59,26,23,5,57,46,50,41,61,28,20,37,33,42,43,48,52,8,35,56,39,31,12,19,15,29,0,54,36,49,55,47,13,14,38,16,44,9,21,7,60,10,27,4,30,63,51,11,3,18,40,17,6,58,62,2,22,53,34
4,19,15,1,63,53,50,56,33,0,28,3,29,25,57,54,36,60,6,43,55,10,23,7,61,13,31,51,34,49,38,46,21,52,9,40,32,42,27,37,14,62,41,17,16,8,58,45,35,30,5,44,47,22,48,18,20,39,59,24,26,11,12,2
48,31,18,1,12,32,51,56,58,49,33,36,44,21,39,28,42,59,62,13,34,50,10,38,23,3,61,29,2,52,37,25,4,35,53,9,5,20,26,41,45,22,11,24,47,57,7,40,43,27,55,6,8,15,46,30,60,19,16,54,63,14,17,0
23,47,7,55,25,8,22,54,19,33,28,29,62,32,24,3,30,35,12,11,1,37,60,52,46,26,43,36,21,10,13,44,42,9,59,18,57,15,2,14,34,20,51,49,16,41,58,27,50,63,5,0,45,39,31,48,4,40,61,17,38,56,53,6
45,31,7,20,58,54,33,47,42,29,44,21,39,1,2,51,41,5,18,53,48,60,38,43,49,16,30,52,3,46,13,35,28,27,26,62,25,6,17,14,9,34,11,32,40,37,8,19,10,36,22,59,4,61,55,56,24,15,57,63,23,12,0,50
56,24,15,49,59,51,35,10,29,3,2,17,36,11,14,9,0,44,18,27,62,41,16,32,60,52,57,58,40,25,54,45,39,4,8,31,50,12,61,5,22,34,47,23,63,38,6,13,28,7,20,26,55,42,21,48,43,37,19,33,46,1,30,53
53,38,20,44,56,9,30,13,46,0,36,43,37,61,6,45,32,31,7,19,22,29,40,21,57,26,5,62,14,4,3,1,55,11,35,60,25,24,59,49,15,58,34,50,51,28,41,16,12,63,2,48,10,23,47,8,17,42,39,27,18,54,52,33
36,20,25,46,8,12,6,1,13,21,59,4,19,28,58,37,62,61,15,44,41,30,26,16,53,10,34,56,24,45,23,48,52,47,57,55,3,54,38,2,17,35,32,11,39,7,31,29,42,40,5,50,63,18,43,60,33,9,22,27,49,14,0,51
51,54,30,46,49,48,53,41,60,17,43,20,44,12,47,58,29,7,61,38,25,11,26,5,45,13,32,36,33,40,1,18,10,35,4,27,22,34,39,2,56,42,6,24,28,57,8,55,62,23,31,3,19,14,63,21,15,16,0,50,37,9,52,59
25,39,6,50,13,35,2,14,12,52,1,38,27,11,60,36,31,63,61,3,54,20,26,51,19,56,30,47,15,17,41,58,32,43,49,57,37,16,48,42,46,24,7,34,59,21,8,44,22,28,18,10,5,62,4,45,40,23,55,9,0,53,33,29
7,52,32,23,8,51,0,28,40,22,36,46,44,11,38,50,34,13,9,12,47,26,42,18,20,54,25,1,24,41,31,4,3,63,6,56,49,30,57,55,21,19,35,27,59,60,29,53,10,14,33,16,48,37,62,58,61,17,39,5,15,2,43,45
12,23,15,2,62,26,19,8,45,38,22,47,11,59,32,56,31,29,20,5,25,36,3,60,41,54,6,58,30,63,51,7,33,49,43,14,1,0,4,17,42,10,28,50,52,37,24,35,61,44,53,18,46,9,48,21,27,16,55,57,34,13,39,40
14,7,48,38,22,61,11,18,42,49,34,55,3,30,21,51,19,52,57,44,15,1,40,9,53,16,12,41,37,17,4,27,45,46,62,25,6,50,13,33,36,31,63,29,60,47,2,23,43,39,10,59,56,35,28,54,32,26,58,5,24,0,8,20
12,17,28,60,8,15,20,32,7,48,9,16,27,4,46,14,53,62,38,50,5,25,54,34,3,21,10,19,52,40,45,1,43,42,18,56,49,31,41,57,11,29,2,30,39,26,23,0,55,33,6,24,36,51,13,63,35,37,47,59,44,61,22,58
3,45,1,15,33,52,51,46,17,27,50,57,42,32,60,34,24,49,26,18,55,10,9,40,36,41,35,16,61,14,48,19,38,7,59,0,21,5,6,20,11,22,2,31,28,44,56,39,54,58,4,13,37,63,30,47,43,23,29,53,8,12,25,62
49,59,57,39,16,52,3,2,22,10,25,51,23,44,61,14,1,37,27,32,35,50,12,9,30,0,29,33,40,41,4,42,6,18,26,7,5,63,8,43,55,53,56,34,20,48,24,38,45,58,28,54,62,11,19,13,46,15,60,17,36,21,31,47
54,15,0,48,50,52,61,3,35,12,5,63,18,17,47,45,1,32,55,41,4,60,7,59,57,31,44,33,21,34,62,56,16,29,43,23,6,51,19,28,30,58,38,39,49,8,36,46,26,27,53,11,10,20,24,25,22,42,40,37,9,2,14,13
18,1,33,47,7,53,51,48,37,59,55,15,61,43,24,60,56,2,12,14,6,31,9,11,4,44,35,28,34,5,57,45,30,19,39,26,54,23,16,22,42,40,46,8,63,21,52,17,27,36,58,41,38,20,50,49,13,32,25,3,29,10,0,62
53,21,36,57,28,13,60,39,49,29,19,31,12,9,55,46,23,54,22,16,50,44,11,14,10,18,48,1,8,32,59,47,5,61,41,34,52,33,20,56,58,37,35,40,26,42,6,3,30,63,2,62,0,17,7,25,51,15,38,43,4,27,24,45
0,60,18,37,35,20,57,45,61,51,52,17,27,36,47,59,54,56,62,48,32,44,3,16,30,2,25,8,5,6,19,21,7,38,40,4,28,41,53,13,14,46,58,11,55,43,9,63,22,15,1,39,49,31,26,23,34,33,10,50,42,24,29,12
41,46,42,35,21,11,10,1,48,9,34,49,61,59,26,16,55,40,28,57,32,7,22,5,53,36,38,37,25,56,8,43,51,13,27,12,52,3,0,14,33,30,4,24,23,44,45,50,17,20,62,60,63,29,31,2,54,18,58,15,39,6,19,47
3,44,36,50,22,31,33,27,63,62,11,28,43,0,25,8,38,30,60,32,29,20,14,46,58,53,52,34,13,56,39,61,23,19,41,55,26,1,9,12,4,59,48,40,10,35,6,7,57,5,21,18,17,37,45,2,47,15,42,51,24,49,16,54
50,7,59,17,62,22,51,6,55,10,20,27,56,24,33,29,37,52,14,48,45,1,38,58,19,34,31,30,60,57,35,12,0,4,23,9,15,26,39,46,40,25,44,63,42,53,36,5,43,18,21,13,47,54,32,61,8,28,3,11,49,41,2,16
33,32,59,61,30,26,11,8,42,58,12,17,16,43,20,25,38,53,2,45,31,19,21,13,49,0,5,36,40,3,1,22,37,24,46,18,15,28,10,52,50,54,4,55,56,23,44,35,29,14,7,62,41,6,51,39,27,60,63,47,34,57,48,9
31,41,49,5,12,4,7,19,25,44,63,3,23,46,51,56,15,60,50,11,45,35,10,16,57,62,13,26,53,32,27,42,0,18,43,34,52,40,54,58,17,20,48,36,29,59,37,1,33,47,6,61,38,30,14,28,24,55,2,8,9,22,21,39
45,18,23,60,43,59,11,50,52,53,34,6,46,3,13,33,37,27,63,62,55,42,24,61,21,36,25,0,31,12,58,5,56,10,9,44,38,8,49,57,48,4,39,26,30,51,15,29,16,54,22,20,32,17,7,19,40,1,28,14,35,2,41,47
58,56,60,54,23,29,30,0,25,12,13,37,7,38,53,50,26,28,17,39,44,2,40,22,11,5,42,55,10,63,34,57,36,18,43,49,20,6,24,52,19,35,21,31,9,16,15,62,61,4,51,33,48,41,47,14,3,45,46,27,59,8,32,1
62,33,11,53,63,42,52,36,34,60,28,23,0,14,44,10,30,20,39,59,46,16,54,9,51,40,57,6,35,13,41,21,27,25,32,37,3,29,38,4,2,15,56,55,19,50,31,1,7,24,48,61,5,43,22,12,17,45,18,47,8,58,26,49
63,49,34,51,33,24,13,54,31,37,55,38,1,7,29,50,41,2,57,22,23,52,39,8,35,28,42,43,4,14,58,62,9,56,32,47,21,30,45,0,3,11,59,61,15,17,48,5,16,12,19,44,36,6,26,40,18,53,10,27,25,60,20,46
52,40,25,26,3,46,6,48,28,39,61,13,35,30,20,18,4,2,8,59,58,27,14,15,12,21,23,51,60,55,9,5,24,41,37,29,36,31,32,0,57,56,53,44,42,34,54,11,17,49,10,1,45,33,50,19,16,43,47,62,22,63,7,38
57,43,10,33,28,48,40,36,49,60,3,5,18,20,9,47,61,42,2,23,56,14,50,22,44,12,51,6,52,11,1,62,21,63,24,32,46,4,8,30,19,55,59,26,39,35,41,25,16,29,7,27,15,58,54,13,37,0,17,45,34,31,38,53
29,24,43,32,14,5,57,0,25,6,22,46,31,11,62,53,27,2,21,54,38,34,56,3,44,52,39,15,26,33,30,19,4,41,48,49,36,13,40,63,16,8,35,17,47,12,59,37,9,60,51,18,45,61,1,10,28,7,55,23,58,50,42,20
13,4,55,11,12,18,49,21,0,62,30,53,57,16,43,33,23,3,46,44,8,39,41,9,10,17,20,59,27,14,19,25,2,42,60,7,22,6,50,61,45,56,40,51,35,26,47,34,15,32,54,37,48,28,31,36,38,1,52,5,29,58,63,24
41,48,63,1,8,47,39,12,14,27,19,29,36,58,37,32,18,4,45,16,61,54,20,24,22,35,31,50,34,44,23,3,43,33,62,15,17,25,51,21,56,10,11,2,30,6,60,40,55,0,7,26,13,42,5,38,52,46,59,57,49,9,28,53
55,37,47,28,36,35,53,54,29,16,52,26,51,31,40,11,27,1,42,19,12,3,61,32,44,38,49,50,22,59,14,23,30,15,9,60,4,13,33,7,6,46,57,17,62,25,8,45,10,2,34,0,48,21,43,56,24,63,18,41,58,39,20,5
23,29,27,50,61,42,1,34,44,4,14,60,8,43,3,47,51,55,18,28,19,33,9,0,52,17,16,22,59,49,57,53,6,62,54,40,36,2,38,41,15,26,13,63,31,45,20,37,32,46,48,5,39,10,21,35,25,24,56,58,11,12,7,30
24,39,26,32,44,33,1,43,48,4,0,57,53,20,36,21,8,55,17,25,5,23,19,47,22,45,41,30,18,54,31,63,6,62,40,50,10,37,12,34,11,42,61,60,29,7,58,14,46,13,56,15,28,38,51,59,2,27,9,35,16,52,3,49
56,33,52,5,29,50,35,59,47,2,26,8,3,48,32,15,17,38,1,21,60,43,58,10,20,42,46,18,44,61,34,7,62,6,4,12,63,16,13,37,49,53,11,57,40,14,39,25,9,41,27,0,23,30,45,51,19,22,31,28,55,24,36,54
51,39,43,42,6,0,41,54,32,12,8,4,35,1,30,28,61,7,10,23,27,52,38,31,49,22,11,45,57,29,59,9,55,44,48,2,16,34,60,36,21,40,62,19,47,37,13,5,25,53,33,50,56,20,14,24,17,3,58,46,15,26,63,18
11,61,29,57,17,31,50,42,55,19,38,3,58,27,30,34,33,40,23,28,60,52,7,0,4,44,39,10,35,22,41,51,25,45,48,46,49,2,16,63,32,12,59,6,8,43,62,20,24,5,13,53,54,14,18,15,37,36,1,9,26,56,21,47
54,55,53,14,1,46,52,23,26,32,49,59,21,50,40,6,28,7,5,58,29,8,16,62,39,41,56,48,17,45,33,36,15,20,61,2,44,57,10,37,19,27,38,47,43,42,18,30,0,9,13,24,11,22,34,35,3,25,51,12,60,31,4,63
10,6,31,30,40,21,34,24,8,1,36,4,43,47,50,42,11,59,58,39,62,37,7,27,46,0,38,35,2,17,44,63,29,54,26,13,61,9,52,20,15,12,16,3,28,14,18,48,55,19,32,57,49,45,51,53,5,56,41,60,25,33,22,23
50,51,0,5,4,32,62,61,30,55,59,56,46,58,35,37,25,54,1,26,29,49,44,48,10,15,22,47,9,31,34,27,3,20,11,24,14,8,6,43,63,12,42,57,23,17,21,60,39,13,38,41,7,52,36,16,2,45,18,28,19,33,53,40
17,33,56,32,16,23,7,36,31,34,18,25,51,1,9,53,27,38,14,4,2,26,39,62,28,48,61,42,29,63,41,45,54,58,8,21,15,20,57,52,40,44,0,60,6,47,19,24,35,10,43,37,59,13,46,50,11,55,12,49,5,30,3,22
26,22,46,34,57,16,21,32,58,10,8,28,37,59,23,42,48,27,29,30,60,3,13,11,41,7,15,50,24,54,45,61,55,18,51,14,43,17,47,40,35,1,4,63,31,49,44,62,0,20,5,6,39,36,12,2,19,52,9,25,38,33,53,56
2,22,30,4,52,42,49,16,1,60,13,51,34,19,40,62,39,0,23,47,12,8,17,56,9,27,37,63,10,41,14,18,6,24,15,55,38,36,32,59,11,61,28,48,25,26,53,58,43,35,3,33,21,57,46,44,5,7,54,29,31,20,45,50
50,41,12,30,21,32,38,58,26,55,19,15,2,23,43,34,6,22,11,60,42,29,37,33,25,9,56,3,10,31,35,17,0,14,45,7,57,51,63,49,54,18,4,53,36,39,62,1,61,27,16,59,48,24,5,47,8,44,28,46,52,20,40,13
8,18,10,37,24,35,14,28,42,45,38,55,32,0,41,57,26,15,4,43,60,47,7,36,12,9,46,17,1,33,51,49,20,59,30,16,25,6,48,63,40,53,2,23,58,39,13,27,3,19,56,22,61,52,50,31,34,44,21,29,11,5,54,62
12,24,42,8,26,51,63,27,9,7,35,10,20,28,57,60,25,36,6,30,41,32,5,44,45,21,17,50,55,61,13,3,31,62,37,4,33,29,23,52,56,53,22,34,38,43,18,46,11,54,19,39,48,1,16,58,14,0,47,2,40,49,59,15
15,63,7,3,32,49,21,26,40,33,56,58,27,44,12,53,16,60,52,61,13,23,19,55,1,18,42,34,51,39,14,31,17,50,9,43,20,35,0,6,10,46,47,36,8,25,11,41,45,38,59,57,5,24,30,29,22,48,62,2,54,28,4,37
46,35,43,36,58,29,38,15,31,16,4,47,21,39,44,34,50,22,23,28,33,14,41,7,13,59,37,2,10,6,17,53,49,26,27,56,12,61,55,1,62,51,11,25,45,40,20,32,24,63,9,48,52,30,54,60,57,8,3,0,42,5,19,18
2,24,61,51,38,37,5,41,39,29,53,56,0,55,58,33,34,18,3,59,14,13,30,20,42,62,49,27,17,6,7,36,26,22,40,28,54,16,4,57,9,31,44,21,32,19,43,23,8,46,47,12,15,1,52,63,10,50,35,60,48,45,25,11
19,14,53,18,39,13,35,26,2,22,58,11,49,37,46,56,7,52,29,12,1,57,33,8,16,40,5,27,4,42,6,54,17,10,62,0,20,63,21,45,59,32,30,24,43,15,48,9,50,25,34,61,36,44,3,47,23,31,38,41,51,55,60,28
59,62,63,49,22,26,3,6,18,39,28,60,27,29,5,16,54,37,50,34,24,15,38,52,4,40,7,2,47,19,0,21,31,42,33,58,56,61,57,20,45,1,46,30,36,23,17,35,51,14,8,25,44,43,11,12,9,32,10,48,55,13,41,53
32,40,39,8,13,54,15,61,49,62,2,35,7,29,27,53,34,58,6,44,18,56,52,25,9,1,41,4,51,19,23,22,46,60,16,55,14,20,36,3,63,30,48,43,47,10,31,24,26,37,33,45,17,0,50,57,12,59,28,21,42,38,11,5
51,16,28,44,47,50,26,32,52,14,25,40,60,61,36,23,34,18,38,7,58,43,33,17,20,29,15,1,2,24,39,45,27,53,10,37,4,54,8,59,3,41,0,11,6,56,5,12,30,22,49,13,48,62,9,57,19,35,55,46,21,42,31,63
51,4,63,14,43,38,50,33,47,39,2,7,5,16,15,0,23,35,21,59,30,61,37,41,56,54,58,11,17,60,31,36,6,26,32,24,3,20,19,13,27,46,8,53,55,49,48,40,22,25,29,12,9,52,57,28,62,45,10,42,18,34,1,44
46,42,15,6,36,18,60,49,29,55,2,34,24,31,54,26,12,28,1,8,51,62,52,61,11,19,63,37,20,48,25,35,3,7,47,43,56,57,0,27,39,40,13,33,14,22,41,16,38,21,10,17,5,58,45,59,9,23,44,53,30,50,32,4
16,60,55,10,14,58,34,25,35,37,43,40,11,9,51,38,48,1,49,21,12,27,52,22,54,33,6,28,63,17,45,42,26,57,30,5,8,3,46,56,23,24,47,4,50,32,7,39,59,61,19,53,44,20,13,18,0,2,15,41,29,31,36,62
58,62,44,52,41,19,43,40,39,60,9,20,29,36,63,24,50,0,54,56,35,23,47,38,27,5,57,33,37,28,8,53,45,51,59,22,14,4,21,10,7,25,34,55,61,42,13,16,3,31,49,32,17,6,48,18,11,46,15,12,2,30,1,26
7,3,45,2,38,59,13,6,0,29,58,48,8,15,42,26,20,32,22,16,31,55,60,14,53,62,37,1,50,34,39,43,41,56,35,33,27,57,63,11,24,12,49,5,25,18,10,28,54,52,36,44,17,61,4,47,21,51,40,30,9,19,46,23
29,7,53,12,59,46,26,3,8,18,38,34,25,32,45,63,37,42,56,55,57,13,15,20,39,22,50,33,21,9,35,10,17,48,30,16,61,47,43,28,6,41,44,4,54,14,23,40,2,19,62,5,49,31,0,11,58,27,24,36,51,60,52,1
19,3,40,43,48,8,39,10,53,16,57,37,2,38,52,36,17,23,12,50,27,22,32,13,29,18,26,54,25,60,41,35,31,5,47,44,59,20,15,21,55,6,61,7,46,45,11,33,30,51,14,1,34,42,4,62,56,24,0,28,49,63,58,9
16,41,19,45,50,58,23,4,54,43,17,11,29,33,27,15,28,55,48,44,39,60,10,40,21,12,0,30,52,57,56,24,37,7,2,35,1,5,6,22,31,49,42,47,62,53,14,8,63,38,3,25,59,32,36,34,51,46,20,18,26,61,9,13
16,24,54,33,5,17,51,63,2,47,23,43,26,62,0,7,53,10,31,44,60,18,28,6,3,29,36,55,12,49,52,45,50,46,20,57,39,40,56,38,30,11,35,14,25,1,19,4,13,21,42,59,8,41,34,32,22,15,9,48,37,58,27,61
29,43,33,47,6,51,46,28,23,5,41,50,13,31,49,36,54,25,59,42,44,60,53,62,52,1,40,39,37,34,45,2,58,19,21,0,14,16,17,61,22,7,27,24,15,26,35,11,3,18,12,55,30,20,57,56,48,4,10,38,32,8,9,63
40,10,36,17,63,47,43,29,51,2,27,58,23,25,62,52,55,0,8,19,57,31,16,13,32,38,24,48,12,60,37,50,44,30,56,22,11,39,42,46,34,14,26,33,21,41,59,6,15,3,35,5,45,18,4,9,54,49,28,7,20,1,53,61
58,29,24,18,62,13,42,5,27,46,59,31,35,40,37,36,20,21,19,50,1,43,45,22,10,7,48,28,54,60,41,16,49,63,34,30,3,4,33,26,53,56,15,14,38,6,39,8,11,47,25,57,32,52,12,2,51,0,61,44,55,9,17,23
26,53,31,3,50,35,11,21,45,29,6,62,44,18,61,23,63,30,14,10,46,36,5,37,40,13,57,4,22,25,27,60,59,24,33,54,34,51,8,56,52,38,28,17,20,15,49,42,16,43,12,39,2,0,7,55,19,9,48,58,32,1,47,41
13,8,42,4,12,44,45,59,39,35,7,32,22,25,58,40,34,54,24,50,6,49,18,5,21,63,55,57,51,36,52,37,11,43,31,10,26,28,56,62,19,29,30,60,53,15,0,48,17,2,3,27,20,16,23,9,46,14,41,38,61,47,1,33
3,29,47,14,50,32,16,36,7,21,40,42,0,4,58,52,19,20,1,49,2,43,30,5,6,56,27,35,15,24,53,9,57,41,60,61,63,12,10,28,55,54,37,33,59,44,45,62,11,18,17,51,38,26,39,34,48,23,31,13,25,22,8,46
11,18,63,60,56,54,4,39,19,58,38,28,31,14,49,20,55,33,10,45,7,57,16,22,23,0,42,9,30,17,32,29,44,34,12,15,40,2,37,50,62,25,13,3,5,53,48,1,35,27,8,41,24,59,6,43,36,21,26,52,51,61,47,46
30,9,60,2,19,8,1,36,28,15,57,52,10,26,3,22,16,29,6,48,38,44,34,20,17,59,12,51,27,45,5,14,11,24,0,13,41,4,18,21,55,31,56,32,62,63,7,39,43,33,53,25,46,23,54,50,49,40,37,61,47,35,42,58
19,21,60,23,15,35,44,48,14,55,37,4,8,3,36,17,43,49,40,10,16,33,51,61,9,38,22,12,46,28,54,39,1,42,25,2,62,26,52,20,32,41,31,13,6,53,24,11,0,5,7,34,57,27,63,50,58,47,59,56,30,29,45,18
46,52,15,50,4,62,26,47,45,5,24,42,32,18,49,27,30,13,28,20,43,2,57,22,59,44,58,23,31,41,33,9,16,51,0,63,7,48,61,36,35,25,37,14,6,29,21,60,3,38,1,34,40,11,19,17,12,8,39,53,55,10,56,54
19,63,43,33,25,22,45,34,60,41,30,11,58,36,18,52,13,23,1,40,8,4,9,29,57,54,31,42,39,24,62,61,47,44,37,49,0,12,16,17,14,32,51,7,28,6,56,50,59,27,38,48,21,3,5,26,15,20,46,55,35,2,10,53
45,3,24,51,42,23,50,54,22,59,55,18,20,49,34,7,4,29,47,35,61,37,53,1,52,11,14,43,63,48,31,25,30,10,19,16,58,12,13,56,21,0,2,60,57,26,62,28,17,40,38,39,46,44,6,5,32,8,15,41,27,36,9,33
40,30,37,45,44,59,17,60,43,10,2,29,12,24,1,58,48,50,15,6,25,55,22,42,4,54,0,56,21,39,19,9,49,18,62,27,11,57,34,7,28,23,14,8,5,53,13,33,51,38,32,61,20,36,46,31,52,41,3,47,35,16,63,26
42,21,23,20,17,49,30,22,31,4,58,51,62,33,37,54,3,48,46,18,50,52,44,53,5,10,40,8,45,39,16,9,0,26,43,34,13,55,56,61,57,59,15,19,36,28,6,24,27,60,1,35,63,25,47,7,12,38,41,11,2,14,32,29
43,25,41,14,5,56,15,55,52,61,11,17,57,44,2,29,6,18,62,60,24,20,50,22,13,54,47,45,3,33,35,19,49,53,9,23,27,21,28,16,38,37,59,32,34,63,4,30,58,8,26,46,12,0,48,42,31,39,7,36,10,40,51,1
6,26,39,30,17,20,52,14,25,57,22,16,37,3,7,33,47,21,32,23,42,62,49,31,43,24,63,50,51,4,58,13,44,35,2,45,38,54,29,46,59,5,60,18,0,48,28,41,1,10,12,40,27,36,19,56,55,9,11,8,53,15,61,34
18,40,41,58,50,63,42,21,59,30,22,11,46,12,57,45,28,44,17,31,5,16,51,2,33,48,34,32,10,13,29,49,7,19,56,15,9,8,1,23,0,3,62,27,54,36,14,20,35,43,60,24,53,37,38,47,55,52,61,25,4,39,26,6
3,20,56,63,53,48,17,50,31,59,23,26,30,61,58,19,62,47,18,46,5,57,22,32,36,4,25,41,16,15,29,39,0,37,8,34,11,54,51,38,42,43,21,9,40,7,55,12,49,6,14,2,1,27,13,24,44,52,10,28,33,45,60,35
0,16,58,17,13,52,53,51,56,4,3,27,22,9,42,14,60,39,19,2,34,41,36,18,7,38,55,15,30,46,26,63,33,29,25,49,45,54,21,50,47,44,20,32,12,43,57,10,11,8,62,61,48,35,37,40,59,23,28,24,31,5,6,1
38,10,15,49,36,39,46,5,23,51,44,8,4,16,13,62,53,26,3,25,11,60,37,52,1,6,31,9,40,32,43,59,20,50,63,35,55,21,24,45,58,0,28,47,17,18,22,41,48,54,34,2,61,57,27,12,30,33,29,19,56,42,7,14
27,52,5,48,42,4,39,3,26,44,33,43,38,19,11,31,12,55,15,36,45,2,20,58,13,41,0,50,56,32,47,25,28,23,8,54,60,10,9,30,49,22,7,37,21,6,46,24,57,29,14,62,53,16,59,35,1,51,61,34,18,63,40,17
6,30,61,63,9,16,43,57,36,15,1,54,0,24,21,50,4,20,52,53,8,12,19,55,5,2,40,25,62,45,44,31,34,11,56,22,28,60,59,58,47,10,17,32,26,29,46,13,33,42,3,41,51,35,14,39,18,7,37,23,27,48,49,38
2,17,42,1,25,58,4,46,44,48,52,33,54,53,61,9,28,37,3,30,18,15,40,5,35,20,31,32,7,19,47,55,6,11,38,16,13,43,49,12,8,62,10,45,22,57,41,23,27,56,51,39,14,63,34,29,36,60,21,26,24,59,50,0
26,54,60,39,31,8,34,12,42,41,9,49,6,59,43,22,57,45,16,40,35,25,55,24,2,28,5,21,56,15,17,46,32,10,20,44,36,51,61,3,33,18,63,62,29,38,52,14,37,11,23,58,19,47,13,48,7,1,4,0,50,27,53,30
25,47,36,35,7,53,29,38,17,40,45,15,61,50,12,62,13,3,34,51,14,55,18,20,21,43,57,48,4,23,27,8,46,54,44,52,42,16,28,63,9,33,5,0,56,24,2,37,59,31,39,32,60,58,1,22,11,41,6,10,49,19,30,26
60,31,25,29,20,8,12,55,59,23,27,17,40,21,46,44,6,0,50,22,49,4,11,63,7,3,54,61,19,1,13,28,47,32,26,48,45,57,56,9,42,58,18,62,38,15,30,34,36,14,39,16,10,43,53,52,5,37,41,33,35,24,51,2
39,4,49,20,23,2,48,30,37,61,5,9,52,33,15,43,25,6,58,22,3,26,59,8,51,7,19,29,38,55,36,12,24,45,62,0,42,56,28,46,47,1,44,21,53,35,10,14,40,18,16,31,54,13,11,63,50,57,32,17,27,41,60,34
5,53,28,6,50,12,20,63,55,33,51,30,43,57,22,10,54,13,62,2,37,31,26,8,16,41,21,56,42,39,45,40,34,29,59,48,46,58,36,18,11,49,52,19,23,0,7,32,27,24,60,15,14,61,17,9,35,3,38,25,47,44,4,1
27,50,60,6,8,52,14,39,29,54,17,31,44,4,53,13,48,57,62,51,16,2,24,45,12,32,7,38,58,43,9,36,61,30,33,15,1,26,35,22,11,46,63,5,20,3,10,28,37,41,55,47,21,49,59,42,0,23,40,34,19,25,18,56
23,53,11,20,58,5,2,42,8,35,57,16,50,7,32,41,43,46,10,28,30,61,47,55,19,37,22,12,3,27,29,48,52,45,39,60,18,17,21,13,33,26,24,36,4,56,51,44,49,9,59,63,15,38,40,25,0,54,1,14,34,6,31,62
61,14,39,30,20,10,44,56,34,27,2,24,50,28,0,37,46,5,7,3,21,19,36,48,22,51,60,47,4,35,54,57,12,13,49,11,43,23,26,8,38,17,41,32,1,18,29,15,62,33,9,53,55,58,63,6,59,52,40,42,45,31,16,25
7,16,27,18,22,25,24,58,8,21,55,6,48,51,19,32,40,44,62,5,14,9,13,29,60,4,46,59,50,56,17,42,30,63,43,1,0,23,53,2,11,41,61,39,31,54,57,12,37,38,52,36,3,33,35,26,10,49,15,34,20,45,47,28
57,56,38,20,9,16,36,62,11,8,15,46,54,2,31,6,23,19,41,27,18,0,44,37,49,51,63,59,25,24,22,28,55,58,53,7,42,10,43,32,26,17,29,1,48,50,33,12,60,4,52,61,21,14,47,35,13,34,3,5,40,45,30,39
49,19,5,42,47,17,33,20,23,30,10,36,15,40,11,61,39,56,6,52,34,41,14,54,8,32,51,59,43,27,58,28,9,26,24,63,38,12,35,7,50,18,48,37,60,53,46,57,31,29,62,1,2,0,45,44,16,21,25,4,22,55,3,13
54,35,29,39,32,20,8,13,6,62,9,2,14,12,5,37,60,59,19,57,27,44,48,25,42,40,30,11,28,24,16,1,18,4,33,56,34,31,21,15,0,49,38,51,53,41,7,43,52,61,22,47,46,17,10,55,36,26,58,45,50,63,3,23
60,63,9,26,46,4,1,23,57,50,44,53,61,7,13,38,20,48,36,19,39,33,3,0,41,16,18,28,8,17,10,47,37,11,42,49,27,2,45,14,35,15,59,56,40,31,30,58,5,21,29,25,32,22,43,55,34,52,62,24,12,54,6,51
36,39,18,1,58,61,12,16,28,59,13,33,8,60,10,45,6,30,17,0,54,3,46,63,37,52,20,48,21,38,55,57,41,24,35,14,25,26,44,2,42,15,32,50,29,51,27,31,11,34,49,47,56,23,43,9,22,40,7,5,19,4,62,53
41,44,42,26,30,58,55,45,38,49,18,4,24,33,40,32,47,10,7,17,63,1,39,48,37,9,8,16,59,11,50,51,36,14,29,43,6,56,60,28,27,52,0,12,31,3,22,53,54,5,13,35,20,19,61,62,15,57,21,46,34,23,2,25
43,10,16,29,28,24,32,49,42,11,35,46,54,41,36,61,31,52,48,34,33,13,51,56,15,27,62,8,1,21,37,55,17,12,59,18,4,38,19,40,26,53,23,7,47,30,39,3,6,14,9,57,2,5,0,20,63,22,58,50,45,44,25,60
35,26,43,9,59,1,3,7,29,39,52,56,42,51,11,48,45,49,10,61,34,2,54,58,31,53,13,27,23,62,25,12,47,30,40,20,16,50,0,37,18,5,22,28,55,63,32,17,36,8,24,44,21,4,46,14,57,60,6,41,15,19,33,38
63,62,20,34,16,26,55,21,57,12,1,7,43,45,39,13,60,56,44,22,35,33,30,24,8,10,61,2,28,59,58,23,0,31,42,40,49,53,37,19,46,15,14,38,4,54,25,52,9,27,50,18,17,48,3,47,36,29,5,32,51,6,11,41
40,63,1,22,54,57,37,39,49,44,61,41,12,50,42,32,19,2,4,45,28,55,18,29,47,51,59,23,48,62,9,35,24,16,27,31,10,14,33,11,52,53,60,38,20,7,56,25,58,43,36,46,3,30,21,17,8,13,26,0,15,5,34,6
8,48,15,16,17,4,42,12,58,18,1,10,52,24,26,27,56,35,22,9,46,40,38,36,53,7,59,2,43,21,60,6,32,3,55,0,30,31,37,25,47,51,29,57,19,23,63,28,41,54,61,20,11,34,62,44,45,14,49,33,5,39,50,13
17,59,14,44,2,57,49,34,35,1,24,56,19,36,60,55,33,27,12,51,47,32,58,8,48,38,9,25,45,16,26,5,6,11,18,31,39,28,29,62,43,23,7,53,21,40,13,30,20,63,41,15,52,61,0,50,54,42,22,4,37,10,3,46
54,59,0,32,46,30,8,13,31,18,17,44,5,29,58,36,61,60,3,63,9,26,53,42,6,7,52,22,16,24,19,14,40,11,41,34,35,15,25,10,56,2,48,47,20,1,23,57,39,51,49,62,12,27,37,45,28,4,38,55,21,50,33,43
51,6,31,24,37,18,10,40,49,9,27,35,34,7,36,48,54,62,11,63,4,3,32,1,60,39,17,21,52,55,53,13,47,5,8,12,19,23,2,44,38,50,26,42,43,58,20,30,29,22,33,56,61,57,16,45,41,28,0,15,14,59,46,25
52,6,1,21,45,33,12,53,0,29,19,32,14,26,61,7,49,8,5,27,31,18,30,9,47,57,20,40,48,10,36,55,37,44,11,63,23,41,4,16,24,3,28,22,58,25,39,46,56,13,62,59,15,42,43,54,34,51,50,60,2,35,38,17
48,23,18,17,32,5,38,0,62,1,55,33,52,30,46,15,42,26,53,13,56,41,2,45,28,25,39,31,51,11,8,24,34,21,29,35,4,63,37,43,60,16,36,9,57,47,7,22,3,6,20,14,61,59,49,12,27,19,10,44,58,54,50,40
28,61,57,30,37,56,15,41,38,0,63,1,11,59,7,36,53,18,50,10,52,2,27,16,21,29,42,5,24,8,25,22,58,46,40,34,48,6,20,45,35,3,33,44,12,62,39,54,55,9,26,49,60,17,47,14,13,51,19,43,31,4,23,32
52,34,21,44,51,14,41,31,11,15,46,53,2,3,12,23,16,42,32,43,6,18,47,20,30,56,29,61,28,7,59,1,55,48,13,36,35,37,45,24,27,10,54,22,4,50,8,19,39,40,33,58,17,62,60,63,38,57,9,49,25,5,26,0
11,9,1,49,0,28,53,5,29,33,16,45,8,40,30,31,42,3,51,62,52,25,27,15,21,63,23,24,22,58,38,43,47,48,59,61,44,55,60,6,57,14,20,56,7,13,34,4,18,54,46,39,41,37,19,17,12,50,26,35,10,2,32,36
21,50,20,46,15,23,6,47,17,56,63,43,48,33,58,19,22,3,13,0,53,27,40,5,16,30,1,2,10,61,60,26,34,11,24,4,41,59,25,7,37,14,57,51,39,36,42,8,52,9,35,54,62,38,18,28,32,44,29,49,55,31,45,12
59,47,9,58,63,14,4,55,28,62,43,61,15,34,11,21,40,8,35,60,7,37,13,46,53,20,39,10,54,12,33,16,0,26,57,25,50,44,5,56,51,32,38,17,3,23,48,29,52,19,31,24,41,18,1,45,27,49,42,22,36,6,30,2
25,8,37,51,62,38,60,9,18,54,14,12,23,61,36,55,24,10,3,59,40,41,26,63,1,53,57,21,43,31,47,52,35,5,44,11,4,20,48,33,49,42,19,17,30,16,27,50,13,0,7,22,56,34,2,39,29,28,32,58,46,6,15,45
49,55,28,22,47,33,32,59,61,63,7,34,35,18,58,30,43,50,45,37,24,12,9,25,11,17,56,13,60,48,52,38,19,26,54,51,23,31,40,10,62,21,57,42,0,4,1,2,36,46,20,3,53,6,5,8,14,27,44,15,16,29,39,41
8,56,20,45,14,30,42,54,15,32,6,35,0,26,34,61,50,38,33,27,19,44,22,28,10,53,18,60,43,29,2,25,17,3,24,59,31,11,36,16,49,55,5,46,48,13,4,62,23,21,51,12,7,37,57,41,40,52,1,39,9,58,47,63
4,23,61,48,29,20,56,35,63,51,34,46,53,55,19,47,12,57,50,40,8,54,14,5,21,59,41,49,6,62,13,42,27,31,28,26,11,9,44,30,10,7,36,17,0,16,3,38,1,24,39,58,43,25,15,2,52,32,37,60,33,22,18,45
20,34,30,31,11,61,63,0,44,19,16,13,15,39,5,62,42,18,59,43,48,26,54,50,14,36,3,49,32,25,52,2,8,46,33,55,28,37,45,57,17,53,23,58,24,6,27,38,51,12,4,7,29,40,21,10,22,1,47,9,41,60,56,35
56,0,52,27,19,60,5,62,9,24,45,41,8,31,43,22,16,21,25,14,11,50,29,17,63,55,28,51,39,26,20,54,49,33,7,37,35,59,57,42,2,46,10,1,40,32,44,48,18,36,38,34,4,6,3,15,53,13,23,58,61,30,12,47
9,31,28,6,15,59,20,43,63,51,3,24,61,50,16,55,49,2,8,22,46,1,14,33,62,38,58,29,13,52,12,41,11,27,30,0,56,36,19,39,48,47,17,35,60,42,37,18,23,10,26,34,44,4,45,57,54,53,5,21,25,40,7,32
5,46,7,43,62,15,63,52,17,48,25,36,39,29,12,50,53,21,44,10,55,8,47,58,9,51,35,22,42,3,31,60,30,59,27,54,1,19,33,37,11,26,6,40,57,16,61,18,28,49,0,20,34,56,4,2,38,45,23,13,14,24,41,32
40,27,50,51,49,30,55,45,34,6,1,0,28,32,33,29,54,18,11,23,47,8,9,25,4,10,53,41,16,19,38,57,43,13,62,14,60,22,36,3,58,44,48,2,59,46,52,12,21,20,7,39,61,26,63,31,15,24,5,17,56,37,35,42
27,51,47,40,0,30,3,13,60,14,11,26,54,20,21,24,56,31,7,55,32,57,15,22,8,43,49,61,12,58,25,4,10,37,44,45,33,62,52,48,50,6,19,42,53,35,18,2,29,46,59,1,17,38,34,9,41,39,63,28,36,5,23,16
40,56,14,31,45,62,32,39,6,3,17,16,38,21,59,11,55,22,25,12,57,50,26,18,19,13,36,33,9,37,58,10,46,52,42,23,2,61,35,53,34,30,43,5,4,20,29,27,60,49,54,28,44,0,41,63,15,51,48,24,1,8,47,7
5,38,20,8,32,11,23,52,41,4,10,59,21,51,54,49,6,29,58,25,2,19,18,57,33,36,28,13,62,22,44,61,35,43,9,34,47,7,60,55,17,16,27,48,1,37,50,14,56,12,45,30,3,0,63,42,15,46,53,24,31,40,26,39
30,3,50,21,39,41,51,40,20,24,62,44,32,17,56,29,57,23,59,37,45,42,6,49,19,22,43,38,28,48,16,11,12,2,46,4,36,52,7,54,60,58,55,0,14,61,1,5,26,25,27,9,10,15,35,47,8,53,63,34,18,33,13,31
38,54,8,7,35,14,45,26,61,51,48,9,19,28,1,4,2,57,27,29,41,50,21,53,34,33,20,44,11,36,63,59,60,18,23,62,49,31,24,55,5,32,15,12,56,52,3,10,40,13,30,47,37,58,17,39,46,22,43,16,42,0,25,6
19,48,2,18,7,25,42,57,0,63,13,16,17,8,50,45,12,43,20,35,21,1,39,52,56,51,29,41,61,22,15,26,40,30,6,34,38,59,47,23,9,33,31,5,62,27,32,11,37,49,24,3,10,53,44,36,46,14,4,54,28,55,60,58
49,20,4,17,25,32,0,19,29,54,5,15,24,1,38,62,26,2,18,45,58,11,3,50,42,36,22,46,40,52,44,12,63,56,14,43,28,21,27,10,35,37,31,57,30,7,34,39,41,55,16,59,23,60,9,48,13,6,61,51,53,33,47,8
51,6,59,61,57,24,40,30,29,5,47,12,33,18,46,45,2,55,35,32,9,58,8,56,63,22,0,60,28,38,10,3,43,49,54,25,1,31,42,48,14,16,4,23,20,41,21,15,37,17,39,62,36,27,44,11,53,34,26,19,7,50,13,52
50,36,51,44,11,47,56,10,60,0,28,25,39,1,6,41,17,12,23,33,48,30,20,21,58,54,31,62,35,4,26,63,38,8,15,5,40,49,43,19,9,42,27,3,46,45,24,52,16,37,18,7,57,53,29,55,32,14,61,22,34,13,2,59
47,31,45,36,34,42,30,55,52,48,24,49,9,40,20,14,0,17,57,61,5,32,60,8,37,1,25,62,28,41,44,63,43,26,53,50,54,58,11,13,16,56,21,6,29,2,38,23,10,7,27,19,22,35,15,33,39,3,18,59,4,51,46,12
58,49,14,31,53,32,33,35,54,36,8,15,63,41,42,16,40,2,18,52,6,46,21,7,23,45,51,22,43,37,56,13,50,11,20,57,38,9,39,60,55,59,28,62,1,44,19,34,25,24,61,27,17,47,3,29,4,10,26,48,0,12,5,30
41,59,13,9,31,60,37,19,30,34,22,54,4,5,1,11,2,8,32,55,56,42,53,12,38,28,15,10,50,25,36,44,27,24,23,52,46,6,3,18,7,21,57,49,61,58,62,33,16,45,51,0,29,63,35,48,17,26,39,40,47,43,20,14
29,33,1,4,23,16,52,31,41,47,6,10,39,17,32,40,43,3,2,0,7,12,63,49,19,38,30,35,62,13,20,34,48,53,45,22,8,15,21,57,37,55,26,44,59,61,36,5,18,46,56,42,50,9,60,24,11,25,58,27,14,28,51,54
49,18,35,60,1,6,58,52,36,47,3,10,7,40,46,0,55,43,17,59,4,54,15,31,34,29,38,25,16,44,22,21,27,2,63,33,8,24,20,53,30,32,12,23,37,45,50,42,26,39,11,19,62,5,61,28,14,48,41,56,13,51,9,57
52,22,4,30,14,45,12,39,56,33,20,48,9,59,27,57,47,29,2,37,61,17,53,3,35,55,0,13,21,26,10,8,36,32,24,41,16,42,11,28,51,43,54,63,40,60,46,6,50,31,44,34,62,49,38,58,7,19,1,15,23,25,5,18
