35,41,50,21,37,63,8,52,45,17,55,18,44,24,30,59,49,10,27,1,12,43,53,60,48,19,62,51,31,47,6,61,7,0,26,58,5,14,29,2,11,57,20,56,36,22,42,13,38,15,4,46,23,40,54,34,16,32,39,3,9,25,28,33
41,22,27,16,19,59,20,26,47,28,3,4,46,36,58,32,55,40,43,23,18,25,30,7,35,11,24,61,15,51,0,33,10,14,2,1,57,42,37,53,62,50,54,31,45,60,29,17,52,34,56,5,6,39,12,13,8,49,38,44,48,63,9,21
21,52,38,39,13,10,45,25,59,0,28,33,35,8,37,27,49,51,16,53,1,57,54,15,30,2,24,32,20,7,5,23,56,58,17,14,19,62,6,48,50,47,34,36,22,42,4,63,46,18,11,9,61,60,44,31,40,41,29,3,12,26,55,43
51,31,2,62,6,7,44,48,4,22,16,52,8,9,19,49,18,26,40,36,63,53,35,5,57,10,30,60,54,20,39,50,1,11,32,17,34,61,14,46,25,0,27,21,23,3,43,47,33,59,24,58,56,29,45,55,28,41,15,38,12,37,42,13
50,26,60,19,20,48,57,0,43,49,61,28,6,38,12,62,30,34,52,24,9,35,32,63,16,42,10,45,39,56,40,3,1,36,21,17,2,51,29,11,7,27,15,58,4,46,59,25,13,54,18,37,53,41,22,33,31,5,44,14,47,8,55,23
28,45,58,60,61,49,30,34,24,5,54,53,10,55,35,17,29,36,38,39,56,21,14,44,11,6,41,18,25,57,16,3,26,42,51,63,19,31,1,0,9,20,32,27,13,46,59,23,12,62,40,52,8,22,37,15,4,33,7,48,2,50,47,43
39,16,45,31,44,42,36,26,61,53,12,9,19,21,1,38,10,2,37,5,35,6,13,58,8,62,51,57,28,32,50,25,59,54,20,52,48,11,17,0,49,33,60,14,22,4,23,46,3,47,40,7,56,55,43,27,34,29,15,18,24,63,41,30
57,18,16,10,20,54,41,39,55,53,0,2,42,56,63,59,52,60,37,3,48,14,7,31,19,50,38,51,33,61,24,8,30,45,22,40,35,26,5,9,11,46,1,62,21,49,15,44,34,12,58,29,6,17,27,13,28,4,43,32,47,23,25,36
52,44,47,38,34,41,46,55,50,58,32,30,23,6,33,10,31,29,56,60,11,51,16,8,13,35,20,27,5,25,2,59,49,54,57,62,0,1,42,48,18,36,53,61,9,28,7,37,24,39,3,21,22,26,43,45,4,12,19,17,40,14,15,63
18,21,19,20,28,41,25,60,53,5,4,38,49,51,37,45,2,3,29,36,30,22,40,13,39,54,57,34,16,48,17,35,62,27,61,31,0,44,56,6,26,42,43,12,24,52,9,59,1,50,11,7,8,58,23,46,14,63,10,15,55,32,47,33
13,61,23,10,29,30,39,60,20,4,22,7,32,42,24,3,41,55,38,8,50,49,35,21,5,62,43,48,2,56,25,1,11,18,63,26,53,54,57,28,52,47,40,45,34,16,37,36,12,9,31,46,0,33,17,6,58,51,14,15,44,59,27,19
59,30,24,9,18,1,12,41,26,6,34,45,14,46,3,42,7,44,55,29,56,31,39,32,38,0,22,4,60,27,21,11,2,5,58,50,49,35,57,36,23,37,51,16,54,33,62,28,63,20,10,13,48,19,61,43,47,52,25,53,8,15,17,40
59,44,57,48,53,6,37,23,62,9,25,41,36,61,55,51,50,3,0,15,40,10,13,11,58,43,7,31,54,42,20,46,19,2,8,28,12,4,32,26,63,33,21,1,24,52,29,18,5,22,17,30,16,14,45,56,47,34,38,60,35,39,27,49
35,3,1,50,29,20,49,61,59,5,22,55,10,15,34,2,14,0,16,43,11,39,48,45,28,58,52,60,44,41,27,8,63,62,17,37,25,6,23,51,13,42,4,38,19,46,12,24,33,32,21,54,31,36,7,9,47,40,30,57,18,53,26,56
7,2,13,10,50,53,52,28,21,30,14,25,46,4,26,48,33,37,11,35,51,62,27,38,41,59,34,24,58,22,60,18,1,57,45,12,42,31,55,36,39,32,63,54,16,17,0,6,43,49,56,61,5,29,9,20,40,47,8,15,23,19,3,44
32,37,12,19,0,25,57,49,46,20,33,1,55,26,38,50,18,39,2,62,54,56,5,63,61,60,15,34,43,4,53,14,8,48,47,7,11,16,30,3,23,13,21,31,17,9,6,45,10,27,35,24,22,59,51,58,44,40,28,36,42,52,29,41
17,60,6,53,24,25,19,3,36,23,0,4,10,52,22,44,32,51,42,54,50,34,11,20,47,38,58,40,1,31,39,55,18,35,30,48,27,61,21,59,33,63,45,13,43,12,41,29,16,14,9,15,7,56,8,49,26,46,28,57,62,5,37,2
59,44,27,9,21,55,4,28,38,34,6,45,12,43,35,48,7,15,18,47,56,49,17,1,42,13,61,14,33,39,50,54,24,20,58,19,3,23,5,51,10,63,53,8,11,2,40,37,16,0,36,62,22,46,57,41,30,26,60,31,52,32,29,25
23,57,6,11,12,40,50,29,46,39,37,16,61,7,52,63,27,59,31,60,41,3,34,42,62,51,36,10,4,17,14,15,24,13,45,26,8,43,30,19,54,22,35,2,47,18,32,58,44,28,53,48,1,56,33,21,38,25,0,9,55,5,49,20
63,30,32,59,46,5,57,37,26,31,33,24,45,54,53,6,42,3,10,12,55,27,16,14,4,49,11,19,17,44,40,56,61,2,58,0,36,7,39,52,23,34,60,29,9,35,22,48,13,47,41,1,18,8,38,28,50,43,51,25,20,15,21,62
45,0,59,30,41,47,1,39,48,61,10,29,60,36,38,7,9,49,19,42,32,55,4,16,56,51,20,34,3,11,8,46,14,62,13,40,17,15,28,18,25,58,2,5,50,37,57,44,26,35,23,63,24,43,53,22,33,12,54,31,52,6,27,21
48,49,3,55,16,24,42,14,20,52,1,34,41,18,39,40,19,56,37,4,43,57,51,2,8,47,0,36,9,28,7,30,44,60,54,10,12,21,53,25,15,62,5,27,13,61,17,26,22,33,63,46,38,58,45,50,32,31,23,11,29,59,6,35
23,0,38,62,51,3,26,5,57,63,7,27,13,14,60,15,17,11,30,42,39,22,58,2,31,54,8,40,16,56,44,19,29,34,20,18,21,45,10,33,61,25,43,59,48,24,9,46,32,49,4,35,36,28,6,41,47,55,53,50,52,37,12,1
6,30,17,57,20,48,33,4,63,22,15,27,47,37,32,10,12,54,25,23,26,18,28,8,42,59,14,34,19,21,38,5,3,36,43,29,50,16,61,9,60,31,56,13,58,51,2,41,55,62,44,39,0,49,35,40,46,11,24,52,1,45,53,7
55,32,8,50,1,48,41,19,29,45,44,59,33,12,3,34,53,14,47,28,27,49,24,54,56,46,4,30,9,16,52,40,38,62,6,13,60,58,23,15,0,20,25,61,21,11,35,17,10,57,63,36,42,37,22,31,43,2,26,18,7,51,5,39
9,38,12,28,63,15,31,23,61,55,33,58,43,57,48,40,46,7,56,24,20,47,3,5,45,25,62,26,22,21,39,17,27,52,0,32,42,50,13,16,51,54,2,4,30,59,53,44,41,1,11,35,19,18,8,60,49,37,29,34,10,14,6,36
28,3,63,57,7,31,12,27,54,34,35,4,36,41,61,52,43,21,25,19,9,56,10,14,8,30,62,39,20,24,53,15,46,6,32,11,44,29,60,1,59,26,55,5,38,45,17,13,2,40,58,18,37,22,50,23,42,47,51,33,0,48,49,16
32,11,48,42,40,1,35,9,16,33,30,36,39,61,60,58,7,57,28,27,23,54,12,3,34,29,19,53,56,37,10,14,46,26,4,45,0,59,55,20,44,6,8,5,13,31,63,50,2,51,52,24,21,17,43,38,49,41,18,15,22,47,62,25
5,6,13,11,49,43,54,8,33,4,23,10,48,36,24,2,60,40,56,63,50,39,3,19,1,16,21,47,22,15,59,14,55,41,51,35,7,32,18,46,12,29,34,61,58,0,57,52,62,26,25,53,45,9,27,38,31,28,30,37,20,42,17,44
43,40,36,7,34,61,1,58,8,46,11,9,24,21,12,2,48,25,17,26,3,23,50,22,16,0,13,62,45,56,19,54,59,52,31,37,42,6,55,39,5,63,14,44,47,30,53,4,18,57,10,28,33,20,51,15,32,35,60,29,49,27,41,38
50,44,54,1,10,31,2,43,19,25,6,26,60,39,33,53,5,49,12,8,30,61,63,14,57,28,59,3,48,27,51,18,7,46,9,13,56,36,23,38,40,17,42,37,22,0,47,21,32,55,4,29,62,34,16,15,20,58,24,45,41,52,35,11
50,46,16,41,59,36,31,29,4,62,28,0,18,33,43,13,21,40,24,44,32,10,53,60,14,19,1,37,20,57,34,55,30,9,22,51,47,2,35,6,61,7,11,3,45,52,23,25,17,8,56,49,5,15,63,42,48,39,38,27,12,58,54,26
48,35,20,27,30,61,29,13,6,36,31,9,3,0,22,4,39,5,42,23,40,8,49,7,43,17,52,33,28,41,60,2,45,15,56,37,54,58,59,16,62,51,32,53,50,11,34,46,55,10,63,14,1,18,25,38,44,24,12,26,19,57,21,47
38,19,50,4,16,44,14,5,41,48,23,8,43,28,53,27,54,1,52,11,36,2,29,9,12,42,7,59,37,60,13,17,21,20,33,63,46,61,39,6,31,15,40,55,24,25,58,62,3,10,56,26,35,18,57,49,51,30,22,32,34,47,45,0
54,49,20,4,3,12,15,27,58,59,2,47,35,37,46,19,26,28,45,43,31,40,57,21,32,34,44,48,10,24,62,11,25,33,30,63,61,42,51,36,55,17,5,53,6,9,50,13,18,41,56,22,16,39,38,60,23,14,52,0,29,8,1,7
60,44,51,10,57,54,36,38,18,30,43,35,17,56,62,1,13,16,11,22,32,21,41,47,45,55,59,19,5,28,7,53,37,48,27,4,42,61,26,25,8,14,39,49,9,46,31,6,34,29,52,58,12,63,33,3,23,24,50,2,40,20,0,15
23,35,40,16,55,49,60,61,29,13,56,51,59,62,48,36,4,0,63,30,28,24,46,21,14,25,22,42,20,6,52,38,43,41,17,53,39,50,9,2,18,54,57,33,31,37,10,34,15,19,45,47,44,3,7,12,26,8,1,11,32,5,58,27
12,40,27,16,58,3,22,26,45,46,14,41,2,53,60,28,43,56,34,37,20,49,44,0,63,17,35,8,4,36,30,57,5,32,23,24,47,19,13,6,9,55,38,7,59,15,50,39,21,33,48,25,10,54,51,31,42,29,18,61,62,52,11,1
59,20,51,50,19,47,26,13,16,8,41,3,45,9,6,15,32,61,21,29,4,2,17,5,33,34,44,25,40,52,27,38,58,37,42,11,36,23,46,12,60,54,39,63,7,24,53,18,49,57,55,62,0,1,28,35,10,43,22,31,48,14,56,30
52,15,43,41,37,4,47,32,53,29,61,35,26,9,38,59,44,13,63,19,55,27,24,6,58,33,23,22,14,60,45,56,57,17,11,46,48,5,30,1,31,50,3,20,12,8,39,0,10,40,42,2,18,36,62,28,21,51,34,54,25,7,16,49
60,32,11,25,3,7,8,15,50,37,27,19,48,42,61,34,43,56,57,45,6,5,31,30,59,9,55,4,20,63,29,39,18,58,46,16,44,33,53,35,41,1,28,21,26,10,36,40,24,52,14,0,54,12,47,38,17,13,23,51,49,62,22,2
28,42,15,36,38,41,39,24,52,53,56,5,0,4,62,50,61,35,11,37,2,58,43,26,13,60,23,51,9,32,54,49,20,25,45,40,3,18,63,14,33,7,10,44,8,59,21,12,31,19,6,17,48,1,22,57,46,16,34,55,30,27,29,47
2,60,53,49,13,33,57,0,45,5,38,29,37,17,48,15,58,62,47,22,35,63,30,43,36,34,18,61,40,41,32,6,16,28,25,54,20,59,7,52,24,27,50,10,46,21,3,19,55,51,56,23,1,4,8,26,39,31,12,14,9,11,42,44
63,13,28,1,33,6,22,49,46,56,11,55,21,20,27,19,14,37,2,32,29,9,43,24,38,34,47,54,52,40,48,59,4,8,12,25,3,50,53,16,51,35,36,10,0,15,42,62,7,57,58,44,5,23,39,30,60,17,26,41,31,61,45,18
43,30,24,59,62,57,16,55,45,4,49,2,17,39,15,18,48,13,9,53,54,50,44,22,36,60,11,40,34,47,38,6,29,32,37,14,46,23,20,21,19,52,1,7,61,25,33,8,63,58,10,56,5,12,35,3,27,41,42,31,0,28,26,51
26,51,16,33,62,36,42,13,56,50,0,52,45,20,25,57,34,10,61,9,5,43,60,3,41,24,48,27,55,22,32,39,12,59,2,15,53,23,31,29,35,44,47,8,21,30,40,49,7,54,4,63,37,46,28,38,1,18,17,19,14,6,58,11
40,52,50,18,17,42,32,29,19,23,31,22,35,5,55,8,57,25,47,16,6,26,12,30,56,4,3,2,10,41,33,62,9,1,54,15,14,49,36,58,27,51,39,38,34,13,44,28,59,20,60,24,37,63,21,0,46,45,7,61,11,43,48,53
46,0,28,20,5,1,48,62,18,10,38,39,60,23,14,24,35,3,8,33,61,15,25,31,59,21,27,13,47,6,32,55,45,51,37,50,54,7,29,12,57,36,16,42,52,34,22,9,56,44,2,53,26,58,19,11,4,49,30,43,40,63,17,41
37,28,20,40,0,3,34,33,22,60,7,48,17,63,50,45,12,49,62,54,23,5,10,11,44,38,14,18,2,53,30,19,61,36,47,24,27,31,15,13,52,26,58,59,16,8,42,46,21,51,55,39,4,25,41,57,9,32,1,6,56,43,29,35
13,21,1,24,10,38,11,0,8,40,54,18,39,31,28,4,58,3,44,15,37,17,48,22,6,12,45,14,60,30,2,56,7,43,33,9,50,35,25,32,55,36,29,23,53,46,62,52,49,42,26,47,51,27,34,20,63,5,19,41,57,61,16,59
29,54,17,41,3,19,1,45,13,8,46,7,42,51,34,49,37,5,31,22,56,48,16,6,23,43,47,58,60,25,57,62,24,40,55,21,28,15,18,10,11,63,53,20,35,39,44,52,9,36,27,4,32,30,59,33,26,12,14,50,61,0,38,2
15,63,32,41,30,21,10,11,45,36,57,22,3,13,60,4,56,7,26,16,53,59,19,49,20,0,48,42,12,28,1,6,37,46,51,23,24,14,44,18,50,55,9,61,58,31,29,33,35,17,25,54,52,47,40,38,62,27,2,8,34,5,39,43
10,4,58,48,2,43,1,23,56,25,54,18,46,52,12,35,40,57,32,0,42,37,11,51,21,29,59,13,8,9,60,45,3,47,53,44,50,17,34,7,39,20,6,27,55,36,26,61,33,49,14,62,63,28,15,30,41,24,22,31,5,38,19,16
8,23,19,22,58,36,49,54,13,29,61,0,48,12,31,35,38,16,45,28,63,59,50,52,6,32,24,51,37,14,3,33,2,30,40,46,4,9,25,11,5,57,56,47,43,62,41,1,26,20,34,18,53,60,39,44,42,27,10,7,55,21,17,15
43,39,55,51,31,19,37,0,44,2,14,18,42,7,12,56,33,13,17,3,61,58,57,20,32,16,24,22,54,15,23,45,53,10,60,46,34,25,26,8,28,11,50,59,63,4,41,48,21,35,47,36,29,6,40,52,30,5,1,9,38,27,49,62
2,44,36,10,28,53,0,3,38,61,14,11,9,48,30,4,21,6,27,24,7,35,19,41,13,17,5,23,22,55,8,18,47,59,54,20,50,12,25,43,45,16,33,40,62,32,46,57,51,31,37,1,52,15,42,58,63,26,49,56,39,60,34,29
51,35,27,39,5,23,7,28,47,46,56,0,20,36,52,54,57,2,48,26,58,4,62,1,37,3,6,13,53,63,22,41,9,31,33,18,50,8,59,19,43,32,14,21,40,44,60,34,38,10,17,16,15,29,45,25,12,11,30,55,49,24,61,42
17,4,11,0,27,53,42,32,2,56,12,51,29,55,38,14,5,3,15,26,37,1,13,34,59,43,18,41,25,16,28,39,19,24,9,58,31,45,54,30,23,44,6,10,22,8,20,40,35,63,52,57,46,62,48,50,60,7,33,61,49,21,47,36
21,51,26,37,30,35,25,12,5,18,32,57,3,44,62,2,53,11,8,19,55,7,41,45,39,59,22,46,50,6,31,20,63,29,38,14,0,40,16,28,23,15,10,42,49,9,48,34,36,33,13,24,47,61,58,60,27,52,17,1,4,54,43,56
15,56,43,11,35,26,19,3,39,18,9,36,48,34,37,58,7,5,29,55,47,1,61,4,59,46,49,13,40,32,20,8,44,38,60,28,17,14,33,45,41,2,63,22,21,57,42,12,24,50,16,53,6,51,0,31,27,30,10,52,25,23,62,54
55,60,18,24,36,14,43,50,2,37,47,32,13,20,48,19,38,21,39,15,8,5,59,62,61,3,44,53,35,22,4,29,57,30,56,58,52,54,40,31,11,25,1,16,7,46,49,9,34,42,63,10,27,17,45,6,41,33,23,0,51,26,12,28
43,26,0,59,49,31,19,58,51,24,6,46,16,28,56,44,21,1,15,36,14,10,42,41,53,37,13,39,29,25,63,2,17,9,30,50,27,3,57,45,7,20,33,48,8,18,40,35,61,5,47,23,62,38,52,54,11,22,32,34,55,12,4,60
20,17,54,0,33,39,51,11,63,5,48,35,46,40,52,29,37,24,2,38,53,9,41,56,42,14,28,18,50,23,3,60,8,30,62,32,45,47,12,1,55,59,16,49,15,61,44,36,43,25,19,57,31,4,6,26,58,27,7,13,21,34,10,22
12,11,56,30,63,48,39,13,19,61,60,42,45,20,34,23,22,16,47,26,54,33,53,14,29,2,40,32,6,10,43,1,58,21,17,8,15,9,41,24,28,27,57,35,62,46,49,38,59,0,51,4,7,31,44,52,25,36,5,55,37,3,18,50
58,45,41,42,62,50,14,33,57,10,12,8,46,20,15,43,24,25,13,7,31,21,5,54,16,53,32,18,30,60,26,47,61,36,2,49,51,23,59,17,44,4,19,27,29,37,9,39,63,11,40,48,28,3,35,6,1,34,0,22,55,52,56,38
6,20,49,19,43,50,54,48,39,60,52,12,7,2,0,57,42,17,14,53,56,61,23,24,1,32,63,28,15,59,47,3,36,33,9,13,41,40,35,62,22,11,16,29,51,18,10,5,21,58,4,34,27,55,37,38,26,44,46,8,25,45,30,31
63,29,8,36,24,46,54,17,26,6,13,44,25,34,48,50,10,14,22,32,49,27,55,16,56,12,18,37,23,39,38,60,61,19,3,51,2,52,33,9,40,31,47,45,30,0,11,41,28,35,21,5,42,4,59,1,43,15,53,20,62,7,57,58
20,39,13,15,11,18,0,16,17,35,10,24,30,52,60,3,2,56,34,47,26,53,19,32,57,27,38,5,61,23,7,59,12,40,42,33,54,4,45,36,28,31,25,41,22,9,58,46,44,43,1,55,48,50,29,62,49,63,21,14,6,8,51,37
59,5,24,14,48,28,61,38,40,35,13,55,22,8,11,2,0,21,31,16,19,29,10,47,51,6,26,60,42,56,43,27,4,15,32,45,50,9,46,17,54,58,57,44,49,18,39,23,25,37,41,3,33,34,62,36,7,20,1,53,12,30,52,63
38,4,35,55,45,27,3,5,15,50,29,48,19,60,39,28,43,16,40,24,42,41,23,0,36,14,7,59,32,44,17,37,52,8,56,6,46,33,26,57,63,34,13,54,58,20,30,18,31,12,2,9,21,47,61,1,25,51,10,11,49,53,22,62
15,2,45,52,20,47,13,3,59,60,35,51,18,0,16,49,58,48,10,8,26,63,19,61,57,23,50,46,27,21,37,5,43,9,42,36,17,62,33,12,55,41,30,40,1,6,7,4,28,38,39,32,11,31,54,56,14,29,25,44,34,53,22,24
52,5,31,4,63,22,15,26,6,29,55,27,16,45,51,33,54,10,7,58,57,8,41,13,60,48,9,43,30,44,24,34,59,28,56,19,12,20,62,36,18,38,0,11,14,39,42,2,17,49,40,46,3,50,37,21,25,35,47,61,53,32,23,1
49,20,52,32,17,7,34,8,46,24,1,42,61,14,13,22,40,28,6,43,33,37,21,12,47,59,5,11,57,35,23,63,62,25,18,41,36,29,31,16,53,54,60,15,9,45,56,3,26,30,10,39,4,50,58,48,38,19,51,55,27,44,0,2
25,37,50,63,55,5,60,52,3,56,31,12,30,24,35,17,4,46,22,49,7,33,21,51,16,38,28,26,27,43,44,23,13,54,2,19,29,10,42,6,15,48,8,62,11,57,20,41,34,14,39,36,1,47,0,32,9,61,53,58,40,59,45,18
9,4,3,7,41,63,38,6,30,47,42,18,55,36,31,21,44,49,60,26,32,39,37,19,48,33,29,2,50,52,24,35,14,27,59,43,28,54,58,5,57,0,62,25,17,53,12,16,10,51,11,56,15,1,45,22,13,23,40,46,8,61,34,20
47,25,10,62,49,14,22,1,41,63,48,18,44,5,33,4,45,56,15,20,39,16,32,55,46,2,42,26,19,37,29,24,57,38,3,8,7,0,6,9,59,60,17,40,51,34,58,61,43,28,30,13,11,52,31,12,50,53,21,36,27,54,35,23
13,12,17,36,5,2,60,11,7,41,62,51,0,46,8,42,34,44,47,37,27,6,38,50,29,1,49,61,4,21,54,63,25,18,24,22,26,59,45,39,52,58,35,20,30,43,15,14,16,31,48,28,40,9,55,10,23,56,32,19,53,33,57,3
30,48,21,16,20,7,31,62,47,55,53,54,60,6,42,43,28,11,45,56,33,12,34,24,57,4,8,27,22,1,38,52,39,36,18,10,9,32,51,61,5,35,15,25,19,59,23,13,14,40,37,41,29,50,26,2,63,3,46,58,44,0,49,17
47,59,49,5,60,19,34,6,58,27,1,20,4,18,54,38,41,8,7,9,25,31,40,35,15,45,13,30,2,52,62,48,61,10,53,23,28,44,36,29,21,55,50,42,39,46,56,14,57,43,3,26,63,0,17,33,22,16,11,24,37,12,51,32
39,22,23,31,13,32,46,56,16,50,18,33,60,48,44,35,1,12,54,24,0,10,8,7,2,4,27,26,53,47,30,21,62,57,40,42,17,34,55,59,52,41,3,63,51,15,36,28,45,6,37,5,9,14,11,49,20,29,58,19,61,25,43,38
62,43,18,2,4,42,59,36,29,16,15,61,56,13,17,22,10,25,24,50,52,28,20,1,47,32,60,6,0,38,37,35,51,7,49,58,34,3,45,12,14,48,11,46,31,5,57,23,33,40,9,21,41,44,54,19,30,39,55,63,53,26,27,8
11,2,35,29,18,42,19,17,14,51,39,4,15,32,48,57,36,27,63,56,58,46,53,49,7,26,31,24,0,25,3,54,61,33,37,59,28,6,8,45,62,41,55,20,38,21,34,47,52,22,43,23,40,16,30,12,9,13,10,1,50,60,5,44
46,21,58,52,57,31,17,34,50,62,14,41,55,60,4,1,37,16,26,9,47,59,36,20,27,29,53,22,49,5,48,0,7,39,13,8,43,6,2,25,15,10,54,61,30,32,38,12,63,18,23,45,3,35,11,19,28,44,56,42,51,40,24,33
54,27,6,23,17,47,57,35,40,16,20,9,41,38,28,21,25,11,31,0,60,34,18,3,39,4,8,32,56,58,49,36,53,42,10,50,61,22,63,29,30,59,43,62,37,5,46,7,13,2,51,55,12,1,45,44,24,26,33,48,15,14,19,52
20,53,17,34,42,26,14,54,2,19,9,61,63,56,5,41,11,46,49,37,40,10,25,58,15,52,21,28,27,1,55,39,13,50,0,47,62,38,43,36,33,22,16,57,32,24,35,30,18,48,23,6,12,45,60,8,31,29,59,7,4,51,3,44
25,17,16,37,32,8,35,54,33,15,20,62,26,4,41,56,0,60,18,53,29,24,58,28,1,49,45,34,31,2,21,36,48,63,39,42,61,10,11,9,3,19,59,52,22,55,23,5,13,27,38,43,12,7,40,30,6,57,46,47,14,44,50,51
1,42,63,23,12,16,38,49,5,32,46,43,9,26,40,31,24,45,8,61,60,28,33,50,35,15,22,19,3,54,25,7,51,29,10,21,58,20,62,2,36,11,18,6,39,27,37,44,52,56,41,13,47,0,48,17,4,55,14,30,59,34,53,57
28,60,43,12,3,31,55,22,10,57,14,1,37,40,32,52,39,15,19,13,30,35,27,7,47,42,53,6,26,16,54,45,48,44,62,56,51,18,20,61,25,0,17,46,41,8,49,9,50,2,34,29,63,59,4,38,33,11,21,58,36,5,23,24
25,27,0,30,45,26,40,5,36,15,32,12,58,23,63,11,42,54,29,38,34,14,2,48,37,18,43,62,41,3,52,21,7,39,46,16,50,24,33,61,13,19,51,53,49,1,17,28,55,6,8,59,10,22,44,4,31,9,56,47,20,35,57,60
34,35,44,4,46,42,43,19,1,20,36,45,8,62,15,29,56,27,23,7,0,12,31,5,18,17,22,54,9,24,6,50,52,63,41,30,3,13,57,10,14,11,28,60,32,61,48,53,47,40,21,58,55,49,26,37,2,25,16,33,59,51,38,39
58,20,16,45,28,33,8,11,31,35,24,52,36,30,53,39,63,17,3,23,48,55,62,0,59,25,50,37,60,14,46,56,32,40,19,2,57,18,22,54,42,49,4,51,10,34,13,27,26,6,41,15,9,29,43,47,61,38,21,44,7,12,5,1
14,3,4,1,5,53,58,57,6,33,7,16,10,50,28,34,8,35,21,11,55,22,42,45,36,19,24,60,44,32,27,13,63,29,18,23,51,61,54,39,59,41,49,52,37,62,25,26,38,48,56,15,46,40,17,0,20,31,9,30,47,12,43,2
6,46,60,2,33,22,50,25,17,7,61,62,45,29,41,32,52,42,37,0,16,12,24,10,54,28,18,31,53,4,57,44,20,5,51,9,3,35,34,1,63,48,58,36,27,19,21,39,56,47,23,49,15,26,38,30,59,11,40,43,14,13,8,55
55,53,40,42,61,8,19,59,58,48,11,24,20,7,30,10,26,4,62,27,63,2,12,23,17,49,56,50,15,0,37,22,36,18,43,51,16,29,38,28,44,57,13,32,35,41,25,33,45,6,1,46,39,14,3,21,60,5,9,54,52,47,31,34
6,32,0,44,33,63,5,17,62,13,9,53,40,52,10,43,47,50,31,22,46,7,51,39,18,1,28,29,36,20,57,49,35,3,4,23,19,21,54,59,37,41,27,11,42,30,16,45,12,34,48,61,58,25,38,56,15,60,14,24,8,26,2,55
60,26,7,45,39,25,42,59,57,10,51,28,37,43,41,53,12,54,50,58,29,61,47,21,22,32,13,2,6,48,24,35,56,16,8,38,27,3,14,23,34,20,5,40,33,1,0,55,18,46,52,44,11,4,19,31,49,9,17,36,30,63,15,62
45,42,6,2,36,28,48,0,63,51,38,58,27,25,29,11,34,52,50,1,37,14,31,61,7,60,5,9,3,49,57,20,32,46,33,35,59,26,10,47,17,19,43,24,8,15,39,30,44,56,40,22,55,12,16,23,13,62,21,18,4,54,41,53
58,15,63,2,47,39,28,56,8,11,41,42,52,34,26,3,25,46,27,19,14,20,1,16,38,35,6,44,57,40,51,18,13,30,53,45,43,17,36,60,0,29,9,7,23,55,32,49,10,4,37,54,12,21,24,48,59,5,31,50,22,62,61,33
44,43,3,57,11,12,61,39,40,41,2,30,60,36,46,29,26,1,20,27,15,16,54,28,5,14,31,17,63,56,25,58,45,8,13,34,47,21,62,22,50,9,33,7,37,4,48,6,42,23,32,59,38,51,35,0,52,55,18,49,19,53,24,10
45,3,26,35,15,17,47,55,9,57,27,61,2,63,18,53,39,36,44,29,12,23,31,50,60,51,43,62,4,0,49,16,32,41,28,10,30,52,14,34,24,25,13,54,20,1,8,42,37,11,38,33,6,48,40,46,58,7,22,59,56,5,21,19
13,50,2,46,53,60,48,40,24,23,43,52,38,5,35,0,62,39,10,16,12,7,3,36,15,30,14,22,34,41,28,20,57,11,56,17,37,8,4,1,55,54,59,63,27,47,31,44,21,9,18,29,32,6,51,33,26,61,49,25,42,58,19,45
39,38,33,34,40,1,16,18,45,47,23,58,35,13,5,20,59,52,43,8,14,28,36,17,21,50,44,12,56,24,54,6,9,61,3,63,48,32,11,37,25,46,62,55,15,42,29,51,10,7,26,41,31,27,2,49,19,0,4,53,22,60,57,30
13,24,46,33,3,21,23,63,53,32,48,10,43,36,15,35,7,62,34,6,54,12,26,27,20,41,9,25,29,56,1,0,38,5,31,45,44,55,39,60,8,18,17,52,51,2,28,19,40,50,22,42,14,37,61,58,4,59,11,30,57,16,49,47
10,15,17,47,0,11,1,16,41,28,50,24,57,25,19,37,30,46,54,59,34,40,31,29,32,6,35,3,5,2,23,58,62,22,4,44,49,61,42,38,39,13,52,14,21,26,18,7,43,53,60,12,55,51,56,45,63,33,20,9,8,48,27,36
1,51,39,50,30,35,62,2,8,55,45,44,23,11,56,60,3,28,38,46,61,33,6,31,12,0,43,19,29,26,7,49,36,4,52,13,54,40,17,5,41,22,48,16,32,9,59,21,20,58,25,53,34,27,14,18,42,57,15,47,10,63,37,24
20,21,51,1,40,63,49,45,31,11,12,46,28,32,26,19,18,53,29,0,56,27,33,36,41,50,25,60,30,47,6,44,48,3,54,17,58,4,2,14,61,52,9,10,42,62,24,13,16,15,7,43,37,5,35,8,22,23,34,38,57,39,55,59
55,16,5,6,30,41,2,52,3,57,7,25,56,21,8,23,40,10,18,13,62,59,20,36,1,48,33,43,58,12,31,60,53,22,4,26,38,42,45,51,44,24,32,15,17,11,34,35,46,28,61,47,63,19,14,50,39,9,49,27,54,29,0,37
39,33,22,23,48,32,18,51,63,20,43,28,10,9,60,50,53,40,21,58,5,24,49,47,56,0,52,27,3,44,11,2,14,45,62,13,34,38,57,35,1,31,25,54,46,16,37,59,61,36,4,55,19,26,8,12,42,7,6,30,41,29,15,17
12,27,5,34,8,1,49,54,63,59,55,25,37,4,48,33,50,40,36,44,21,43,3,41,13,31,28,35,47,23,45,57,32,16,51,60,38,0,53,17,30,10,7,19,24,39,15,20,11,58,56,26,14,2,52,61,62,29,46,9,6,22,42,18
19,21,53,17,0,7,62,28,25,14,23,9,57,50,33,34,51,13,35,15,49,11,47,60,30,38,22,56,58,55,40,27,18,4,61,31,37,48,20,36,41,45,2,3,54,46,1,43,42,6,8,5,32,26,52,59,39,29,24,12,10,63,44,16
63,58,6,17,53,59,12,34,54,10,31,0,44,4,7,20,29,22,50,28,48,46,24,61,25,30,38,15,39,5,19,8,45,52,43,56,41,11,57,23,60,55,21,33,62,13,3,37,42,26,40,32,51,9,1,47,18,2,14,35,16,36,27,49
7,57,0,25,60,5,2,8,50,11,6,37,41,4,26,61,40,1,47,15,53,43,39,51,63,10,62,30,32,44,38,55,20,19,12,31,16,42,35,27,33,18,29,13,9,54,58,36,34,52,14,46,59,17,23,24,56,28,45,21,3,22,48,49
8,3,52,29,40,50,26,39,61,57,27,2,54,62,60,41,24,45,58,55,31,33,32,38,9,56,51,11,37,44,46,18,10,36,4,35,59,13,49,34,63,25,43,7,0,5,1,22,53,14,42,12,20,30,21,28,48,17,47,15,19,23,6,16
38,17,32,31,39,51,44,54,60,41,29,19,10,37,30,12,49,55,16,1,7,0,2,5,35,4,22,59,9,48,50,62,45,21,40,63,52,6,18,23,61,36,56,11,53,15,43,58,13,33,3,27,25,26,57,8,47,46,14,28,24,42,34,20
49,18,43,53,30,0,12,19,33,50,57,44,24,6,22,13,14,27,54,3,55,63,61,42,10,17,41,52,59,56,58,47,38,37,5,23,62,16,4,26,34,7,35,21,20,15,25,29,60,2,36,28,11,9,31,8,1,46,40,39,32,45,51,48
3,20,0,23,12,26,22,5,44,55,62,40,35,9,24,33,19,2,52,43,42,29,17,13,45,56,14,30,60,58,39,34,54,47,50,41,28,27,46,16,36,21,51,38,8,25,59,15,1,61,48,53,49,6,57,37,4,11,32,10,18,7,31,63
11,6,54,59,29,47,7,24,20,30,45,62,0,38,1,33,51,14,49,15,56,23,19,44,60,63,34,4,18,28,32,36,50,41,42,61,58,31,10,43,13,55,5,46,53,12,57,35,25,21,37,48,17,22,52,16,27,3,9,2,26,40,39,8
16,62,43,37,46,53,22,3,30,48,2,21,10,44,57,40,28,9,19,0,55,7,45,59,15,32,18,36,20,34,29,58,24,47,51,17,8,38,60,56,42,35,41,26,61,33,54,6,39,5,63,25,27,11,4,13,31,1,49,14,23,50,52,12
60,5,14,62,9,51,34,45,41,53,49,28,36,55,1,46,56,48,39,8,6,50,24,31,63,33,17,2,40,10,25,20,30,54,44,61,52,37,29,3,19,57,43,35,18,12,42,15,4,0,22,26,21,47,27,38,16,32,13,11,23,7,59,58
52,28,47,60,22,54,27,18,46,42,3,15,33,63,20,57,51,13,32,11,44,26,61,39,40,23,21,25,41,0,4,38,43,48,6,30,37,36,45,55,12,35,29,1,49,19,7,9,62,5,56,50,8,24,14,17,59,53,10,16,34,58,2,31
60,9,29,11,14,50,32,59,61,26,30,40,42,37,7,28,57,43,63,34,62,51,5,52,13,12,6,22,2,35,27,21,38,19,15,49,55,3,41,48,46,56,17,58,8,23,45,18,4,24,47,25,20,10,44,16,53,54,1,33,39,31,0,36
42,47,53,8,11,22,17,18,25,34,21,57,19,27,40,9,0,4,32,62,35,23,54,61,36,55,13,15,46,63,5,45,1,31,14,29,28,48,26,30,39,24,38,10,12,37,58,51,52,3,56,44,6,20,49,59,16,33,7,43,2,50,41,60
45,47,54,12,38,53,29,60,5,17,35,28,24,61,10,21,27,15,58,22,37,40,44,9,57,49,62,39,13,1,55,20,30,46,33,25,51,31,19,23,32,48,11,18,14,50,0,8,7,4,43,16,41,56,42,6,2,26,52,34,36,3,59,63
25,30,26,3,22,63,17,61,37,16,0,13,23,40,50,29,56,39,1,27,47,35,5,8,4,24,52,10,60,33,6,19,28,59,32,2,51,43,11,42,31,57,54,41,38,12,18,36,62,46,45,48,55,7,9,49,14,15,53,20,21,44,34,58
47,59,58,30,12,19,50,21,16,57,63,26,3,29,20,9,38,42,40,34,51,25,1,60,43,45,31,39,17,5,36,35,27,2,46,22,4,8,41,48,32,62,14,49,13,61,15,54,37,6,7,28,11,52,24,10,33,18,53,23,55,44,56,0
20,52,32,47,10,63,50,34,9,21,26,12,53,51,0,42,17,2,3,16,13,1,28,14,54,27,5,25,38,23,60,44,45,6,7,29,46,8,30,40,4,43,22,18,62,61,48,58,59,57,35,56,19,49,15,39,11,37,55,31,41,33,24,36
54,7,25,30,56,40,31,52,47,6,33,5,63,60,35,2,45,58,51,0,23,14,42,43,11,4,10,29,27,18,38,53,55,9,22,48,34,46,49,28,8,32,59,3,62,26,61,39,12,1,37,21,36,19,24,16,13,20,15,17,44,57,50,41
9,27,11,35,15,19,60,63,32,58,39,22,26,44,6,36,4,21,8,7,30,0,20,17,2,38,37,24,1,10,14,56,40,41,16,57,13,29,23,46,5,62,43,3,45,47,25,42,18,51,52,34,12,31,49,50,53,61,54,28,59,33,48,55
49,9,24,34,47,41,32,53,20,15,52,63,57,44,23,4,48,11,55,29,36,30,16,58,10,7,3,25,37,18,51,35,43,46,5,45,38,56,39,50,17,42,28,22,8,61,59,31,62,40,2,33,13,14,0,1,12,26,27,19,21,60,54,6
52,7,53,30,0,39,10,9,50,22,11,28,36,3,6,20,51,37,43,59,40,45,49,5,56,46,19,2,31,15,14,1,32,60,29,58,16,35,4,12,18,63,38,41,44,62,23,27,8,21,24,47,48,55,61,13,54,33,25,17,57,26,42,34
49,40,42,62,54,28,53,1,31,41,30,10,60,19,34,4,29,14,39,0,8,16,20,7,13,22,33,9,38,21,50,47,26,52,2,27,6,43,15,51,56,58,17,3,24,36,46,63,35,18,61,59,23,5,11,25,48,44,45,12,55,37,32,57
49,42,15,41,26,8,17,25,1,10,4,62,55,52,34,53,5,11,20,0,12,60,47,58,13,6,57,2,51,56,29,27,36,3,43,7,54,22,9,46,40,32,50,45,16,23,21,35,44,33,18,24,28,38,63,61,19,48,37,14,59,30,31,39
51,4,35,1,6,58,47,57,45,13,22,19,0,56,7,42,2,38,31,54,52,8,26,5,3,43,29,14,23,32,55,48,61,62,39,28,20,34,25,24,21,44,59,50,27,37,53,41,63,12,15,60,36,10,46,18,11,9,16,17,30,33,40,49
37,22,43,2,40,29,45,0,21,59,34,10,3,54,63,16,62,36,23,28,4,11,12,8,15,32,24,9,49,38,33,46,47,18,60,51,7,55,53,17,42,35,39,31,14,1,41,44,19,26,50,52,13,56,27,48,61,30,20,57,25,58,6,5
57,5,44,39,28,13,17,6,21,47,2,42,48,34,14,27,40,62,23,59,54,38,20,30,63,3,32,33,58,31,9,52,60,29,12,7,49,37,4,55,1,50,46,24,41,18,56,35,11,22,53,10,36,51,43,0,61,25,15,19,16,8,45,26
2,13,19,34,51,12,56,59,31,0,52,3,8,28,1,50,23,40,20,16,30,44,33,21,53,45,47,63,18,46,10,58,11,43,36,48,25,49,24,15,9,54,26,14,41,32,35,37,22,55,17,7,61,6,60,27,4,5,57,38,39,42,29,62
15,36,25,26,44,52,23,5,35,40,22,12,60,41,53,27,47,6,63,61,13,1,8,9,31,4,14,10,30,62,20,56,57,43,39,21,2,50,16,38,48,3,28,19,54,42,7,34,55,29,51,24,46,0,17,37,18,59,32,45,33,58,11,49
19,8,41,35,32,44,9,47,48,14,50,61,56,42,38,3,60,16,62,4,28,36,15,17,59,37,27,5,2,11,26,45,52,63,1,24,20,12,54,34,31,6,43,23,55,51,39,58,46,33,40,13,7,0,25,21,22,29,53,49,10,30,18,57
55,34,5,22,53,43,7,52,36,30,17,21,23,32,42,31,40,45,58,10,47,62,41,39,11,59,3,14,63,18,57,13,46,12,49,35,9,37,60,29,38,54,48,33,0,51,50,44,26,6,61,20,4,25,24,19,56,8,2,15,16,1,28,27
56,28,14,29,37,60,31,42,27,6,8,15,19,24,39,51,2,0,48,21,9,40,57,30,23,45,58,1,44,17,10,26,50,59,11,53,22,49,43,20,7,47,32,63,5,52,34,61,33,16,62,3,54,46,13,18,35,41,25,12,36,38,4,55
37,60,19,38,42,48,14,24,1,30,13,43,39,33,11,58,59,5,44,17,3,4,9,26,55,20,29,50,41,18,49,56,54,28,57,2,61,47,40,23,35,46,12,45,15,32,0,51,21,36,34,16,52,63,7,62,22,8,10,6,53,31,27,25
29,23,20,13,10,18,28,33,51,56,60,63,8,12,26,45,50,49,25,5,52,7,1,39,44,0,48,4,55,6,19,35,11,9,2,36,40,61,22,16,32,3,62,47,15,34,17,37,58,14,30,24,27,42,57,31,53,38,59,54,43,41,46,21
34,62,63,21,46,61,30,15,53,17,24,28,37,60,56,50,2,13,3,6,51,12,0,48,5,9,38,25,35,1,44,31,11,59,16,36,20,47,39,49,22,54,52,43,57,41,40,58,42,19,32,23,4,8,26,14,29,18,10,33,55,45,7,27
13,42,27,32,48,24,47,11,61,7,55,3,50,62,39,37,15,38,35,18,9,63,44,52,40,36,6,31,0,23,10,45,54,20,30,14,29,4,41,1,22,25,2,33,26,53,46,12,43,21,34,51,16,59,49,8,57,19,5,17,60,56,58,28
19,31,10,63,22,60,33,59,24,42,41,40,44,5,15,32,39,1,20,9,53,12,58,29,43,50,3,48,21,37,4,16,52,46,8,2,25,51,55,17,38,0,28,56,18,13,6,34,35,57,23,36,30,11,54,14,7,45,47,49,62,26,27,61
12,45,8,33,17,37,18,27,43,47,5,24,31,6,55,62,15,60,20,21,16,63,0,48,34,9,1,2,28,49,30,32,25,7,40,4,52,56,35,44,36,61,11,53,51,10,13,46,59,38,58,39,23,54,41,29,19,22,42,14,26,57,50,3
54,12,35,18,56,7,6,44,36,40,20,24,14,52,30,37,2,62,58,17,48,21,32,57,60,9,27,55,25,49,31,51,29,33,4,13,5,22,63,26,41,43,28,45,16,11,1,46,19,8,38,47,42,34,53,15,10,0,61,23,39,3,50,59
0,27,2,13,28,22,59,43,31,6,4,14,58,53,5,38,36,35,47,41,7,16,33,63,25,24,30,21,51,10,50,34,23,17,55,39,49,26,48,54,46,44,1,11,29,9,19,37,20,8,45,61,56,3,18,15,42,32,57,40,62,52,60,12
3,43,19,1,54,55,15,14,6,32,31,57,23,0,41,27,30,18,12,50,26,62,21,58,24,28,52,2,7,48,63,39,53,34,20,35,11,17,10,13,51,47,56,38,4,37,33,46,8,40,60,61,59,22,5,44,29,36,16,45,49,9,42,25
58,21,44,60,52,32,8,25,19,51,37,2,26,7,47,14,53,34,59,41,13,28,9,56,1,17,49,10,30,45,38,48,15,22,36,57,11,54,55,20,24,23,16,29,12,3,18,4,63,39,61,42,31,62,27,46,43,6,40,50,5,33,35,0
27,15,18,13,58,57,9,29,59,3,62,14,47,61,0,8,60,34,51,17,28,41,55,35,48,54,39,24,2,19,52,6,44,33,46,45,56,37,21,63,36,22,25,40,50,20,30,16,26,23,43,32,53,49,38,4,42,1,12,11,31,7,10,5
13,42,3,21,60,17,14,19,38,25,48,44,63,20,5,18,2,27,51,10,12,46,49,11,4,36,22,8,29,30,55,58,31,16,62,53,35,54,61,32,34,37,59,28,0,47,41,52,26,40,1,33,7,15,57,9,50,24,43,39,6,45,23,56
40,52,43,1,12,9,63,13,21,34,38,39,17,23,14,27,19,5,57,56,30,48,18,20,62,42,16,32,0,33,2,61,24,45,47,10,37,58,35,8,41,59,3,6,29,22,4,49,11,31,55,28,25,46,51,7,50,44,36,26,60,53,15,54
44,40,6,32,14,31,2,13,56,38,29,37,8,0,1,53,15,26,12,47,49,59,11,46,33,39,35,20,19,61,52,18,51,30,63,7,23,34,24,48,57,16,25,41,58,9,62,60,5,28,27,42,3,50,36,22,45,10,21,4,55,43,54,17
39,52,6,55,58,62,23,14,53,42,48,34,33,37,15,40,44,56,17,54,59,41,43,3,49,26,32,19,13,25,16,60,51,11,21,30,47,29,2,57,27,1,7,20,46,12,50,8,35,28,18,5,61,10,24,36,38,63,45,4,9,22,31,0
15,44,11,35,23,46,49,34,19,39,30,3,13,42,40,43,51,24,33,18,28,8,29,22,16,36,52,57,1,54,47,26,61,37,60,20,45,27,9,17,56,21,5,38,14,4,2,48,12,58,0,7,50,55,62,10,31,63,59,25,6,32,53,41
57,41,1,25,51,20,12,0,26,21,4,35,8,43,48,18,7,23,62,58,3,47,61,29,63,59,16,44,9,56,13,33,46,42,2,36,6,39,30,28,60,15,50,24,27,52,19,11,31,38,32,37,22,55,5,40,14,17,45,10,54,49,53,34
14,63,62,59,35,2,19,5,8,42,51,12,28,37,6,53,50,20,27,52,25,48,45,44,16,58,32,39,40,36,10,41,7,38,1,55,54,47,22,15,26,3,49,0,43,46,4,56,34,30,17,24,13,57,11,18,31,21,33,61,9,23,29,60
8,51,45,30,52,44,12,6,10,5,58,43,4,19,39,62,46,2,27,28,37,14,59,33,31,7,16,53,47,48,63,23,41,13,60,55,40,32,42,18,3,24,9,50,54,57,21,56,17,35,1,29,61,22,38,15,20,0,34,26,25,49,36,11
5,10,20,35,55,27,26,11,32,48,36,49,13,6,38,29,18,44,46,15,30,53,45,24,33,59,4,17,50,16,8,37,39,22,54,57,58,51,2,56,43,41,0,9,14,7,42,12,28,19,61,31,63,23,34,60,1,52,40,25,47,3,21,62
32,20,12,29,48,47,33,27,42,3,0,45,23,44,18,1,21,38,31,50,2,54,39,19,41,51,36,61,25,30,10,11,63,7,9,28,4,15,5,24,58,35,60,17,14,40,49,59,56,55,13,26,57,8,34,37,22,62,46,16,53,43,6,52
22,52,39,50,20,51,38,10,37,42,36,28,3,55,25,30,18,60,41,6,47,7,40,45,59,14,63,5,62,29,61,56,49,24,46,26,21,17,34,57,48,1,44,58,43,23,4,35,0,27,12,9,33,19,54,15,53,13,2,32,8,16,31,11
12,51,47,55,2,35,57,17,53,26,42,46,5,20,4,8,27,0,45,7,38,43,44,52,32,25,36,31,1,50,6,23,24,9,56,11,58,19,15,60,18,10,34,63,28,39,49,16,29,3,13,37,21,33,61,22,59,41,14,30,62,40,48,54
31,60,10,15,44,37,14,36,29,41,33,7,1,21,32,39,61,25,35,28,23,51,45,40,47,11,4,34,22,50,54,27,52,8,46,58,63,42,57,43,9,2,12,56,30,55,17,0,16,20,13,53,49,62,18,5,26,6,59,24,48,38,19,3
21,31,32,1,18,20,9,15,48,17,0,51,8,50,34,43,13,56,4,27,6,53,55,49,30,47,35,58,24,28,42,22,41,44,60,29,26,25,14,38,23,52,46,7,2,61,12,36,11,57,63,3,39,16,10,54,59,5,45,33,19,62,37,40
18,29,48,55,52,54,36,47,35,63,32,2,15,27,14,5,49,46,0,60,37,12,53,40,25,38,31,10,42,3,41,13,58,51,19,61,24,59,33,22,28,50,62,26,21,23,57,45,8,30,17,20,43,6,7,56,9,16,1,34,11,44,39,4
61,11,19,17,43,27,10,55,22,7,26,21,32,40,16,6,1,59,51,54,63,30,8,37,0,45,28,20,53,9,4,52,14,24,38,47,33,12,62,57,49,42,50,31,60,18,2,41,25,44,29,46,5,23,35,58,48,15,56,3,39,36,13,34
18,21,12,55,3,20,33,14,11,56,13,7,51,40,10,29,39,54,34,44,36,19,58,62,31,46,28,26,41,57,6,48,38,59,1,0,50,17,25,35,16,2,60,27,52,23,45,43,49,32,42,53,9,47,4,5,30,24,15,22,61,37,8,63
54,46,22,39,31,28,34,19,3,4,36,62,18,59,8,30,41,21,29,52,1,16,51,25,44,50,32,47,48,15,23,27,45,63,5,0,58,14,56,13,55,60,37,20,24,40,38,42,7,12,61,17,26,6,49,43,11,33,53,10,2,9,35,57
7,4,28,14,42,47,1,43,36,53,34,0,16,61,31,44,63,40,2,27,20,51,9,3,26,60,24,41,62,12,30,18,35,49,56,25,19,33,39,50,59,58,45,23,6,5,11,57,10,29,22,55,21,46,17,8,48,37,13,52,38,32,15,54
13,43,49,39,17,34,6,40,46,57,2,28,36,31,54,50,3,30,4,58,19,33,1,60,53,63,25,41,10,27,26,44,38,15,51,32,7,11,62,29,47,20,23,16,0,18,52,55,22,9,37,5,45,14,12,56,35,8,42,24,48,21,59,61
21,53,51,24,41,2,26,29,9,40,43,36,27,14,63,45,6,13,3,39,20,61,33,1,46,28,42,31,52,12,34,4,0,17,32,62,22,55,7,35,50,59,25,38,19,44,58,8,23,5,56,10,15,47,54,11,49,60,30,57,48,18,37,16
31,5,24,0,7,45,39,10,11,21,25,14,44,32,8,33,16,41,2,60,6,23,38,50,26,4,34,30,47,1,18,9,13,20,36,53,56,48,3,27,46,63,51,12,58,61,49,43,57,15,42,52,19,59,62,55,54,40,37,17,28,29,35,22
57,47,3,26,2,19,20,16,6,32,59,40,5,34,56,41,33,27,60,52,21,23,29,61,35,42,10,51,63,0,8,18,39,15,50,17,11,9,49,43,36,31,38,7,1,14,55,62,45,22,46,44,48,37,25,58,54,13,12,53,24,30,28,4
23,14,37,50,18,4,44,42,34,19,33,22,54,32,27,62,49,41,11,13,52,53,15,12,28,1,38,36,29,57,6,20,24,43,0,9,2,46,31,63,60,25,59,58,16,3,39,47,5,30,26,56,55,48,51,21,40,8,35,10,7,61,17,45
8,20,49,5,23,13,0,24,10,62,56,17,59,26,38,2,31,16,21,48,60,52,1,55,30,53,40,63,18,11,46,33,43,50,44,32,54,58,25,47,34,51,29,6,12,22,36,3,19,39,35,28,41,57,27,4,61,15,42,14,7,37,9,45
1,35,51,23,50,63,8,0,2,46,44,6,11,37,48,30,7,24,47,54,52,25,28,15,61,34,57,10,13,56,22,29,43,40,59,60,19,21,62,3,45,33,38,18,31,53,14,32,36,42,9,55,49,27,20,5,17,12,16,39,26,4,41,58
18,47,8,10,13,44,29,4,37,54,30,28,27,41,5,24,59,14,16,15,12,26,62,35,45,20,0,50,22,25,17,52,1,48,38,3,31,57,43,34,40,61,7,63,39,53,60,9,51,11,2,33,21,46,32,6,42,56,36,58,23,19,55,49
37,53,63,36,27,14,1,8,39,40,61,9,24,55,29,48,59,50,51,34,49,57,41,20,17,62,32,60,21,26,15,54,52,31,38,2,25,0,35,30,22,11,13,45,44,3,43,12,28,42,16,5,4,19,23,6,10,47,7,18,46,58,33,56
3,25,42,35,21,23,11,26,57,62,61,41,53,33,39,48,27,37,8,28,7,63,45,52,1,58,44,16,38,20,2,5,30,15,49,31,50,46,51,14,18,32,0,59,43,47,13,54,10,55,29,19,6,12,36,17,9,34,60,24,4,22,40,56
29,55,10,58,18,52,6,37,0,47,17,16,43,56,7,4,19,14,2,42,23,5,30,35,31,48,21,41,11,33,9,36,3,26,50,57,59,39,61,12,38,8,63,45,22,15,62,49,13,40,1,32,34,24,46,44,54,27,20,25,53,60,51,28
28,6,24,12,37,18,45,31,10,54,53,32,41,30,2,55,26,20,47,59,1,62,25,15,49,57,17,44,7,63,9,52,39,40,46,50,14,27,19,48,16,11,61,51,56,33,29,5,35,43,13,23,21,4,60,0,8,3,34,36,22,42,58,38
49,56,1,26,34,42,33,59,12,37,21,32,48,62,25,45,7,3,19,58,53,39,40,2,20,5,63,24,28,13,35,9,8,10,17,16,57,47,15,51,18,46,14,36,23,54,44,38,11,27,6,43,0,29,41,4,30,22,61,60,31,50,52,55
57,36,6,7,27,31,58,49,46,9,34,28,59,62,5,26,8,54,14,50,4,32,17,53,20,2,38,42,22,12,37,40,41,39,13,63,18,1,25,3,29,56,47,30,43,55,0,35,11,10,44,60,19,33,61,21,48,23,15,51,45,52,16,24
20,1,24,63,57,2,4,12,17,53,45,10,0,38,26,59,27,60,42,56,21,47,44,30,29,25,28,37,36,54,52,35,13,41,22,9,62,7,19,23,46,34,39,14,3,51,11,43,55,40,48,6,58,15,50,33,32,49,18,16,61,31,8,5
16,38,9,10,58,52,2,53,34,30,62,20,14,27,23,49,40,22,60,5,48,8,31,29,24,57,21,13,1,6,36,59,7,15,33,35,46,43,63,44,19,56,41,25,3,0,51,39,42,28,61,18,50,32,11,47,45,26,55,37,54,17,4,12
62,26,22,31,35,17,7,42,51,52,40,28,37,24,38,1,2,34,55,48,30,45,13,50,41,60,61,29,32,10,36,21,63,15,43,20,9,0,54,47,4,53,23,3,19,59,8,57,25,14,56,11,5,49,44,12,6,27,58,16,46,18,33,39
62,29,50,53,63,30,41,61,36,32,52,24,9,43,28,21,31,1,56,60,25,6,54,19,47,49,16,7,34,40,48,23,38,14,55,33,44,5,0,4,2,20,18,59,26,37,3,35,57,13,27,51,39,22,45,10,15,42,12,58,46,17,11,8
11,63,3,52,9,17,34,47,46,55,7,40,31,39,24,18,20,16,2,62,56,30,36,32,6,51,25,45,43,58,29,8,15,12,60,49,10,26,35,44,22,23,0,5,59,37,42,14,38,54,4,53,1,19,61,57,21,41,27,48,13,50,33,28
17,22,18,5,40,62,50,7,44,20,30,35,38,49,53,25,27,63,60,8,19,21,36,6,39,11,31,26,24,4,61,48,41,14,1,37,51,13,46,3,55,2,32,42,56,54,34,57,10,12,45,29,28,47,9,43,52,33,0,59,15,58,16,23
32,38,53,2,62,28,50,7,59,13,6,8,45,17,37,29,30,20,46,34,10,56,12,1,21,14,33,42,5,61,49,52,58,15,23,39,11,25,35,27,54,36,63,3,26,0,40,48,44,47,55,22,51,43,4,18,19,31,24,57,60,41,9,16
49,22,57,24,0,5,26,39,35,51,10,61,41,36,34,63,50,23,56,4,2,11,53,3,37,13,18,21,32,20,38,33,29,52,28,54,15,43,8,30,46,40,44,9,31,6,16,45,1,42,58,19,48,59,14,55,27,17,47,62,7,12,25,60
29,57,48,20,8,47,46,54,37,21,61,18,9,55,59,49,0,58,26,62,32,5,10,42,60,33,25,40,41,31,2,14,3,4,44,28,7,63,50,11,35,19,36,15,16,45,17,51,56,43,24,27,53,23,12,22,39,34,38,13,6,1,30,52
1,31,15,21,59,41,24,4,20,3,16,44,5,56,28,37,39,60,22,25,8,14,46,11,32,2,42,62,6,47,57,50,35,51,48,45,18,53,40,12,9,0,19,23,34,58,13,36,63,17,52,38,10,33,49,55,30,54,29,61,43,7,27,26
3,32,15,47,46,14,52,35,41,51,11,7,34,16,20,42,56,53,44,12,36,38,50,25,1,61,57,26,0,30,63,45,10,59,9,48,2,60,27,23,43,49,21,58,37,6,29,33,40,17,19,54,22,18,31,55,39,24,5,62,13,8,4,28
23,4,61,42,38,33,12,0,35,3,41,49,7,52,20,55,31,24,1,53,2,36,6,58,25,56,15,9,50,27,21,10,39,8,48,44,45,14,62,29,13,51,11,43,40,57,16,37,19,28,32,26,59,34,17,22,60,30,18,5,63,54,46,47
22,12,58,36,45,39,4,14,19,43,7,48,57,37,18,40,31,25,15,53,27,6,63,17,26,5,32,0,59,51,21,52,2,24,41,60,44,50,35,9,55,13,34,49,3,29,47,38,56,33,30,54,23,46,1,10,16,61,20,11,42,28,8,62
9,7,40,29,10,38,58,15,33,8,37,53,3,14,51,52,26,1,28,20,60,0,43,54,6,61,62,19,24,41,4,46,45,55,17,30,2,23,39,27,48,44,18,12,47,13,36,50,34,25,35,49,63,21,16,57,5,11,31,22,56,59,42,32
17,18,40,56,26,29,32,2,38,12,42,10,36,13,55,39,15,57,27,3,49,16,62,37,23,59,4,24,54,9,45,35,5,20,8,46,0,51,53,58,19,47,30,52,61,43,7,63,1,25,22,48,31,34,11,14,50,41,28,21,6,60,33,44
52,46,14,7,63,0,27,6,57,11,39,2,9,62,19,10,59,20,58,16,23,15,22,53,5,31,40,13,18,29,41,1,33,26,48,34,25,8,17,4,37,60,49,50,47,51,61,45,21,56,43,35,42,12,38,44,28,54,30,55,32,36,24,3
16,33,18,36,59,31,8,7,60,50,43,58,26,2,47,11,25,45,62,27,24,41,57,20,61,13,15,1,40,28,42,32,44,48,37,51,38,21,52,22,46,6,19,3,35,17,56,0,14,12,4,5,23,9,49,53,39,30,63,34,29,10,54,55
9,4,3,19,20,59,61,11,1,27,22,63,34,56,39,6,26,53,21,46,14,5,40,18,13,55,0,15,8,7,43,45,58,41,29,51,37,32,54,62,47,31,60,17,50,44,36,2,52,12,23,28,33,57,35,42,38,16,25,30,24,10,49,48
7,48,27,57,2,6,36,35,21,4,62,43,26,20,8,47,55,32,10,18,11,63,52,40,31,59,53,54,61,44,58,9,5,41,12,22,1,30,28,29,60,23,13,46,56,45,15,51,24,25,38,49,17,39,50,19,42,3,0,37,14,33,16,34
36,60,15,22,39,0,13,49,5,56,51,19,27,43,46,14,44,9,3,33,48,57,25,52,41,62,21,30,11,29,26,2,16,7,1,61,31,28,24,32,42,40,37,45,12,4,54,6,20,53,34,18,35,8,63,58,17,38,59,10,50,23,47,55
27,15,44,57,38,36,62,39,48,60,28,23,63,22,51,50,1,0,4,19,14,54,12,16,37,18,58,29,3,42,11,6,31,34,13,41,24,9,21,61,10,53,17,25,26,45,20,33,46,49,8,35,30,47,40,7,59,2,52,5,56,43,32,55
9,58,17,28,48,38,51,20,36,2,44,63,4,39,49,1,56,35,7,43,23,52,27,47,6,55,33,12,30,34,54,57,61,10,16,59,19,3,42,11,18,15,62,22,24,37,60,41,26,21,0,8,13,53,25,14,46,40,50,29,32,31,45,5
27,48,37,6,23,7,29,14,24,62,51,31,18,3,8,28,50,10,35,32,0,41,40,60,1,9,61,11,30,13,58,47,15,4,49,19,59,33,16,63,52,53,42,2,36,5,21,45,25,57,20,39,38,46,54,22,43,12,34,56,26,17,44,55
0,2,27,37,35,26,36,28,11,53,54,3,17,10,16,47,9,6,20,21,14,23,56,12,55,5,51,61,33,46,43,18,41,22,58,19,30,4,15,49,29,1,32,57,40,59,31,7,34,13,50,60,25,62,42,38,48,24,52,45,44,39,63,8
63,15,50,23,21,45,40,26,54,62,47,29,55,12,30,48,2,11,0,35,56,33,7,18,17,42,32,4,36,59,39,19,20,34,14,51,22,5,57,61,49,3,28,13,8,46,43,25,41,6,38,9,1,10,60,58,27,37,24,44,53,16,52,31
57,7,59,11,24,15,54,16,21,14,2,0,44,60,19,6,31,26,22,29,52,38,10,61,41,23,48,27,34,8,20,42,33,51,49,55,53,5,43,47,36,28,17,4,9,18,32,45,35,37,30,39,1,63,58,12,40,50,46,62,56,13,3,25
0,55,3,4,29,28,16,37,51,12,15,53,61,56,26,42,9,57,14,23,35,48,5,34,31,52,60,43,2,8,46,41,49,10,47,54,62,13,40,1,25,11,36,39,33,20,6,18,27,21,24,59,32,38,30,45,58,7,22,63,44,19,50,17
45,11,7,55,19,58,28,47,60,2,56,37,13,32,30,0,43,57,48,51,38,41,53,42,3,63,1,44,26,15,18,59,49,8,14,27,9,20,6,21,23,50,62,34,24,22,39,31,29,61,4,36,40,16,25,35,10,5,46,17,52,33,12,54
31,39,18,61,21,26,9,14,40,30,35,57,22,63,32,3,0,54,33,1,48,58,15,4,16,56,50,11,41,27,25,46,59,44,12,53,2,8,45,34,60,36,24,42,13,5,62,10,38,29,28,49,17,52,23,20,7,51,47,6,43,37,55,19
50,61,56,47,18,43,63,6,24,8,36,27,28,35,51,41,2,22,45,52,62,37,17,60,33,29,42,20,0,10,13,15,46,32,19,14,57,34,48,53,58,1,59,16,4,3,25,5,55,23,44,26,11,30,54,7,38,21,31,12,49,9,40,39
14,31,29,17,9,16,54,0,5,23,28,34,38,8,33,41,24,46,42,61,3,10,35,55,20,25,37,45,4,62,2,47,11,56,26,6,50,57,59,36,19,44,12,58,18,7,51,48,39,27,22,32,40,52,1,53,60,63,21,43,30,13,15,49
21,5,9,24,43,26,40,35,52,20,4,51,11,3,42,55,31,27,53,6,19,60,18,38,0,14,49,13,47,58,54,10,48,50,23,45,59,30,32,44,15,62,46,17,36,33,37,16,28,25,34,41,12,39,22,63,61,57,1,29,7,8,56,2
13,6,51,4,47,12,56,63,60,32,49,15,30,0,61,27,29,45,33,14,5,40,19,17,43,54,16,2,34,38,53,41,48,42,26,52,9,28,57,24,37,18,20,44,50,22,25,59,55,23,36,31,62,58,10,21,39,3,8,46,1,7,11,35
31,54,62,46,19,55,17,33,43,7,28,26,24,45,53,44,6,15,18,9,57,51,27,50,60,39,40,37,47,0,61,11,29,16,10,41,2,22,12,58,1,42,20,5,13,35,34,30,48,3,52,4,36,25,32,23,8,38,14,21,63,56,49,59
26,56,37,48,44,13,60,10,61,31,20,38,43,46,54,40,30,28,4,0,42,36,23,3,29,52,15,25,16,1,34,49,58,9,39,32,33,50,24,21,12,27,51,41,47,19,45,17,14,8,2,59,63,22,18,7,35,62,11,5,53,57,6,55
42,60,63,33,38,23,36,21,37,26,1,29,27,55,49,18,52,34,53,44,54,22,20,11,61,2,4,6,56,31,40,57,10,19,47,48,62,13,17,32,25,15,12,8,59,14,7,51,45,5,0,50,46,30,24,58,43,16,39,35,28,9,41,3
14,44,37,32,50,49,38,29,0,60,57,15,42,4,13,6,3,58,34,11,63,47,51,45,36,10,55,19,46,26,61,20,21,31,53,52,8,1,5,43,18,7,56,59,39,22,17,62,12,16,41,40,54,27,48,9,2,33,25,24,30,28,35,23
3,58,61,24,63,2,13,12,59,9,44,20,53,55,54,42,19,36,28,22,41,33,45,11,48,15,49,8,32,4,17,10,16,6,14,50,30,23,26,5,47,56,25,29,57,37,52,40,46,39,0,21,62,34,27,43,1,31,7,35,51,38,18,60
29,19,11,7,40,46,23,2,61,41,62,18,4,51,20,60,39,15,22,9,17,3,35,43,47,42,25,1,45,52,12,27,63,48,10,55,30,32,5,59,31,0,57,38,56,34,53,14,33,21,50,44,24,6,49,54,16,28,36,13,8,26,58,37
4,1,5,48,52,57,47,22,58,11,56,9,54,34,20,15,29,25,3,19,38,7,2,62,49,60,10,30,43,14,27,51,63,42,36,35,46,6,24,23,45,59,39,0,13,18,41,8,61,40,26,50,31,37,28,16,21,32,44,53,17,55,12,33
45,55,24,15,9,1,52,23,4,48,32,58,38,34,63,51,19,10,62,33,31,27,0,12,7,26,46,16,11,6,40,20,60,14,25,28,3,2,54,39,21,44,29,53,42,37,35,61,43,49,8,47,22,18,59,57,13,17,5,56,30,36,41,50
2,52,54,3,27,8,55,16,39,44,6,13,31,21,29,15,48,46,4,61,53,1,34,58,37,43,28,63,51,0,50,19,62,57,41,47,45,25,14,40,33,60,18,30,5,11,24,23,20,9,59,12,35,32,17,38,36,26,49,42,10,22,56,7
58,13,15,44,46,27,25,10,2,0,34,30,14,12,51,53,63,62,31,35,5,19,42,11,20,37,48,6,1,17,28,55,38,3,43,54,8,22,49,41,7,23,40,47,9,4,39,36,29,60,33,57,59,61,45,18,26,56,52,32,21,16,50,24
7,24,28,54,61,45,44,49,31,43,35,15,20,27,11,32,18,63,56,6,30,4,37,26,34,1,14,41,8,19,3,57,58,48,22,42,12,59,40,13,51,55,9,33,50,60,52,53,39,25,46,62,21,10,5,47,16,2,36,17,29,0,23,38
42,28,34,62,44,22,11,52,2,5,51,46,7,9,14,49,12,32,25,33,17,54,8,60,48,59,53,29,13,41,63,24,3,19,0,20,18,47,1,36,15,35,56,27,16,4,23,43,6,30,21,26,37,61,45,31,55,10,57,58,38,39,40,50
30,59,54,3,1,16,31,46,39,6,44,27,43,50,19,52,28,51,53,15,0,40,23,35,34,47,9,26,60,57,56,42,61,48,63,11,18,17,8,55,36,4,25,5,62,29,2,21,10,7,45,58,33,20,32,49,38,22,41,13,12,14,24,37
15,2,0,46,52,38,4,50,48,20,54,16,25,22,6,45,19,9,18,32,33,1,31,51,35,36,55,17,40,26,61,43,37,28,13,56,10,5,34,23,14,7,44,63,27,53,8,29,41,59,49,21,58,24,11,39,60,47,3,57,62,42,12,30
23,34,17,32,46,2,19,7,18,9,31,54,15,37,5,3,36,57,52,29,53,62,42,45,59,22,21,8,25,48,14,6,16,20,24,49,33,28,0,51,10,27,63,1,44,41,55,61,26,4,13,40,50,35,12,47,43,30,38,60,56,11,58,39
24,10,15,55,53,2,23,13,34,38,58,44,39,32,63,35,47,14,56,36,4,27,60,50,26,20,42,0,7,16,18,33,8,52,61,9,45,5,62,43,21,48,54,3,17,59,12,46,11,40,30,51,6,31,25,29,1,37,57,22,41,49,28,19
16,35,0,63,11,48,60,40,9,3,32,8,15,4,19,53,7,22,41,55,24,1,62,26,10,29,57,59,27,50,43,30,49,23,28,5,42,45,38,6,18,47,2,14,21,46,37,39,25,13,56,58,44,52,34,36,31,61,12,20,51,33,17,54
4,51,49,44,2,54,50,32,42,48,17,6,3,18,33,20,36,23,35,28,21,46,14,5,41,10,53,55,62,56,7,34,8,30,22,16,0,60,58,31,12,40,9,47,52,15,45,38,24,63,19,25,37,27,59,39,1,61,29,13,57,26,43,11
12,7,41,52,0,58,61,24,43,53,27,49,62,3,37,2,47,15,42,57,39,10,23,38,1,33,6,55,16,31,56,26,20,32,28,54,9,11,59,22,30,29,18,35,19,25,60,5,21,50,4,48,8,63,44,13,45,34,17,36,14,51,40,46
53,27,54,11,0,9,19,23,56,6,12,35,8,58,44,31,7,26,20,63,43,28,48,30,41,14,15,29,61,47,13,39,16,57,10,51,3,42,5,25,36,17,24,50,46,62,32,33,45,34,55,37,49,21,60,18,38,2,22,40,1,52,59,4
55,32,29,39,59,40,27,48,1,47,5,50,22,11,44,24,28,33,38,16,35,43,19,46,9,56,37,6,0,42,36,2,30,14,58,45,18,4,10,17,60,3,8,23,53,61,31,21,15,62,25,51,12,34,52,54,57,7,13,49,41,63,20,26
28,2,50,33,20,37,29,46,42,60,38,30,25,11,53,16,48,8,15,54,32,57,21,18,44,5,24,62,49,35,63,23,4,56,22,58,61,55,36,34,14,26,43,7,3,1,19,10,27,51,41,52,47,12,13,17,9,0,31,6,40,45,39,59
11,35,24,42,25,2,6,53,23,15,17,22,12,60,29,28,3,30,27,47,20,43,8,18,31,37,21,7,26,0,58,4,50,34,40,1,39,45,56,61,49,14,38,9,57,63,33,59,46,55,5,16,52,51,41,10,62,44,54,48,19,36,13,32
31,38,33,23,61,59,26,16,6,39,18,5,7,63,57,12,34,41,11,37,2,9,51,8,40,25,49,22,30,42,19,45,0,28,53,17,43,14,35,54,47,4,58,13,15,36,55,10,46,48,60,50,24,52,27,1,29,62,56,32,20,21,3,44
9,20,36,56,22,25,18,38,54,11,23,12,43,3,63,44,14,1,7,6,31,50,10,32,52,42,48,39,17,59,13,4,26,0,47,34,51,57,61,33,2,24,30,28,16,27,53,46,21,15,19,5,37,35,62,60,40,41,29,8,58,45,49,55
22,42,15,55,9,5,63,0,54,3,51,36,26,62,6,41,20,59,17,10,29,38,19,23,61,45,24,60,52,25,56,50,43,8,32,58,18,47,14,13,31,44,21,40,35,4,57,7,28,27,39,37,12,1,48,53,34,46,33,16,30,11,49,2
0,23,22,15,8,59,10,16,24,52,26,58,6,48,57,4,20,53,51,61,32,37,63,29,42,60,18,43,17,11,19,25,3,27,47,36,21,46,1,28,41,40,30,7,31,9,62,44,55,56,12,35,14,33,2,54,5,38,45,39,49,34,13,50
61,24,10,23,30,44,37,1,14,38,26,53,0,47,19,55,17,34,49,40,50,43,60,52,28,48,5,41,12,13,42,58,8,22,63,4,15,45,2,25,29,54,51,33,59,57,16,39,31,9,27,32,11,6,20,7,36,35,21,46,3,18,62,56
57,26,58,48,53,51,1,20,17,41,14,27,8,30,38,45,19,29,52,32,16,62,25,63,35,6,60,18,3,11,46,4,61,36,44,0,56,10,28,33,40,37,5,23,24,9,13,43,7,59,2,34,55,49,15,31,12,42,50,39,54,21,22,47
35,50,25,30,7,14,18,13,54,37,36,51,61,31,6,43,24,62,0,12,9,10,49,47,45,1,8,34,21,22,2,29,55,58,57,56,53,39,26,41,38,3,52,32,16,28,4,20,59,48,15,17,42,63,33,40,44,60,27,46,11,23,19,5
53,0,43,35,17,6,45,8,15,10,36,5,56,40,26,14,59,27,1,57,23,48,7,63,60,37,9,24,38,51,55,28,61,52,58,49,16,39,50,21,12,42,32,46,4,62,44,20,30,19,41,33,13,54,3,47,2,34,25,29,11,22,18,31
28,49,16,7,46,43,53,63,47,42,14,61,33,58,31,32,6,38,40,54,56,50,24,30,41,21,13,5,17,22,57,37,23,15,39,48,11,1,18,20,44,2,25,19,45,55,0,62,26,29,4,36,34,35,9,3,59,10,27,12,8,60,52,51
19,29,2,9,49,35,10,58,45,25,43,13,24,16,33,62,0,36,4,23,59,31,57,21,6,5,12,37,20,48,63,22,60,55,52,54,17,44,14,38,11,30,51,50,1,8,42,32,41,3,39,46,28,27,34,26,47,15,56,61,7,53,40,18
6,47,10,37,41,1,26,25,4,20,43,19,29,17,57,5,11,0,18,38,50,60,27,28,54,51,32,8,58,30,35,39,15,23,33,7,59,22,49,16,56,3,42,24,52,9,40,53,31,21,14,63,36,62,46,12,2,34,45,48,61,55,44,13
61,60,10,51,13,19,56,23,59,58,30,27,3,45,48,33,9,50,55,42,39,49,52,0,57,11,29,4,63,16,25,31,22,62,34,24,17,8,40,37,26,41,1,44,14,46,28,43,21,7,36,54,38,12,5,47,35,32,20,6,53,15,2,18
2,39,26,8,48,16,38,43,0,6,10,12,51,63,33,7,17,22,5,18,62,36,42,40,19,30,25,49,9,24,44,27,11,47,50,13,54,1,46,3,53,32,37,34,45,61,35,28,41,14,21,52,56,4,31,58,20,29,23,55,59,60,15,57
21,53,23,56,8,11,22,43,59,45,35,42,57,49,63,41,51,13,3,55,19,27,15,47,16,29,62,44,38,39,25,37,28,18,5,61,6,17,2,20,7,60,24,10,54,14,1,48,58,32,33,0,30,34,12,4,46,31,40,9,26,36,50,52
2,37,47,26,1,39,52,57,20,34,53,51,31,7,4,56,14,3,17,15,42,58,18,45,38,49,36,61,22,19,59,32,40,43,21,8,48,27,55,0,16,62,50,24,33,5,28,10,9,12,41,54,35,25,30,13,46,44,63,11,29,23,6,60
19,47,15,40,23,63,5,22,32,1,37,45,17,0,60,4,2,27,49,54,41,53,33,39,46,10,26,44,25,16,52,12,59,42,34,56,6,43,48,58,11,20,62,36,57,50,31,7,14,30,8,61,24,18,3,9,38,51,13,21,55,35,28,29
22,8,58,62,52,32,7,53,38,13,51,16,50,41,9,25,54,1,47,36,61,55,18,11,19,35,3,14,12,27,31,5,57,30,2,44,20,56,4,49,34,24,48,17,43,10,21,40,59,29,6,28,0,26,42,15,46,63,37,23,39,33,60,45
54,51,31,6,20,26,45,27,62,42,38,39,15,21,3,56,41,60,2,29,18,23,48,25,13,19,17,1,33,34,57,43,49,30,4,52,61,12,40,5,58,63,53,10,44,50,55,11,32,46,24,14,0,16,9,59,47,36,8,22,28,37,35,7
18,22,50,20,47,49,26,1,21,9,28,2,51,58,48,55,32,60,30,29,37,15,3,5,57,24,19,38,4,0,45,16,56,36,46,59,7,61,25,31,54,39,43,10,40,23,27,34,14,35,17,63,8,42,6,13,12,62,11,52,44,33,53,41
17,2,43,1,34,22,55,49,36,14,47,59,61,53,30,21,20,45,4,11,7,8,13,3,48,35,12,15,44,58,16,42,46,23,27,54,52,62,33,10,19,18,39,40,50,31,41,5,9,56,51,63,28,38,32,37,25,57,0,60,26,29,6,24
28,6,30,18,19,45,17,7,63,4,12,58,10,24,34,52,3,55,11,37,1,23,33,54,36,38,14,49,51,5,41,8,20,2,46,0,47,42,56,48,40,22,29,59,61,50,32,25,21,31,60,16,15,53,39,27,35,44,13,43,62,9,26,57
24,42,23,52,56,6,60,25,20,19,16,22,43,38,61,5,21,0,26,48,50,53,59,33,55,40,2,51,9,3,1,30,49,4,47,45,35,39,31,58,34,13,41,37,12,18,11,7,28,36,15,29,14,10,63,44,17,62,54,57,27,46,8,32
46,16,5,13,20,40,44,22,6,49,4,2,35,54,28,27,33,50,29,63,59,11,34,14,56,47,25,41,32,21,60,55,23,8,53,57,7,30,52,12,45,38,42,9,17,58,18,15,61,26,31,19,0,51,43,10,24,1,39,62,37,3,36,48
29,30,23,27,19,31,18,9,11,53,55,43,7,39,8,2,60,45,35,3,22,37,38,59,0,33,28,40,46,24,5,20,50,1,58,51,14,4,25,54,47,16,44,15,49,12,41,13,57,56,62,17,21,36,6,61,32,63,52,34,10,48,42,26
17,12,60,42,32,43,15,30,8,50,58,28,22,61,49,26,1,5,14,0,56,59,3,51,21,31,52,9,37,27,62,19,57,39,45,34,13,36,24,23,10,44,11,16,7,55,38,2,47,54,46,18,25,41,35,40,6,33,20,4,53,63,48,29
29,14,44,0,12,45,38,11,50,39,43,19,22,10,63,47,31,48,23,27,35,6,36,18,33,24,32,28,46,16,8,7,49,53,58,42,1,15,4,37,41,51,17,2,9,20,55,3,57,52,56,62,34,60,26,40,61,25,59,5,30,13,21,54
7,61,16,4,46,34,44,43,45,5,52,21,18,8,62,56,40,35,42,38,19,13,39,12,59,29,17,22,0,25,63,9,36,11,53,55,3,50,37,28,6,41,49,24,54,14,60,30,2,15,31,33,27,20,58,23,26,51,57,47,48,32,10,1
32,51,46,62,0,25,12,52,24,16,38,31,53,10,57,18,59,13,40,61,55,42,44,11,50,1,26,15,47,3,20,48,43,14,36,22,63,4,45,41,35,27,2,21,5,6,58,49,37,39,17,8,9,34,60,28,29,54,33,30,56,19,23,7
58,53,44,46,28,38,39,33,47,52,29,0,61,51,35,14,42,43,18,24,22,30,1,63,60,41,27,16,57,7,19,17,6,32,56,31,55,34,12,45,2,10,62,40,3,20,11,8,9,21,36,26,13,59,49,54,23,4,25,37,48,15,50,5
25,41,61,49,55,58,35,16,52,34,42,44,27,11,36,62,4,30,29,48,32,18,53,28,8,40,45,15,51,46,63,21,33,10,57,47,1,13,59,14,43,3,19,0,12,38,7,9,60,23,31,39,5,26,54,37,22,2,24,50,17,56,20,6
59,18,62,45,61,24,22,57,9,16,39,3,19,29,40,7,10,36,17,63,6,15,1,46,25,60,56,11,37,49,51,38,32,12,34,42,31,41,58,28,53,20,48,35,52,8,5,4,23,44,26,13,21,33,54,47,30,55,14,50,27,43,2,0
58,9,45,61,23,60,29,57,22,48,16,52,44,63,59,34,32,38,41,6,56,51,18,43,37,13,35,15,21,0,36,2,3,4,31,7,24,28,33,30,20,39,47,53,5,11,17,27,49,19,55,50,8,10,40,46,54,14,1,62,42,26,12,25
10,34,42,40,43,58,4,27,61,8,37,18,52,24,56,46,57,55,22,16,45,48,20,63,29,11,15,25,9,60,44,21,33,54,13,47,38,30,19,49,31,5,41,28,26,39,36,0,17,1,62,7,2,14,3,23,51,6,35,59,50,53,12,32
25,12,16,21,37,31,36,57,62,30,48,23,6,13,50,24,53,15,59,46,41,44,34,39,54,14,60,10,27,22,26,3,19,43,32,20,1,35,2,5,4,33,11,8,52,28,38,47,29,45,40,0,42,7,56,17,58,49,51,61,18,9,63,55
34,40,46,39,5,56,24,60,43,26,37,29,4,63,51,55,36,9,1,11,31,35,25,59,8,6,15,22,47,44,21,27,20,52,7,28,19,54,49,3,41,61,12,50,53,10,32,38,48,18,0,33,14,23,13,42,57,62,45,30,58,16,2,17
33,56,34,45,50,32,46,38,43,29,14,39,8,19,24,12,18,62,59,26,53,58,10,60,37,7,51,61,3,57,1,63,49,25,22,27,9,54,4,21,36,35,13,55,2,40,11,5,15,28,20,41,47,6,48,42,0,17,52,16,30,44,31,23
53,2,6,49,1,12,17,60,0,9,56,16,30,46,10,19,23,42,54,27,40,62,52,57,21,26,25,28,18,5,7,8,36,47,15,3,29,24,58,44,34,22,13,4,48,61,31,51,63,35,33,38,32,20,11,39,45,59,41,14,37,50,43,55
42,8,51,27,23,34,22,12,7,1,5,19,43,30,53,13,21,36,15,31,26,25,47,18,9,20,29,52,32,50,37,46,39,38,33,17,4,16,28,56,58,63,11,49,6,45,59,3,0,24,14,41,44,2,62,60,55,57,10,40,48,54,61,35
20,45,7,21,11,47,13,63,40,10,8,19,23,4,3,39,2,48,60,44,1,58,15,56,61,17,50,59,16,53,14,41,9,5,51,54,24,28,27,31,25,0,62,29,52,42,37,57,26,22,6,33,36,43,46,35,49,30,55,18,38,12,32,34
51,50,32,40,16,46,22,12,13,29,8,36,11,48,35,23,26,0,18,19,49,14,31,44,20,9,34,6,4,2,53,55,3,33,7,59,28,60,43,58,63,52,54,61,27,57,47,41,25,56,37,39,21,5,1,42,30,15,17,38,10,62,45,24
26,5,32,36,8,22,42,4,17,14,11,10,41,51,60,37,29,6,45,1,46,24,61,18,31,9,13,23,30,43,55,34,52,2,35,48,56,21,44,28,38,49,53,50,19,54,12,63,47,0,59,58,15,16,20,40,27,3,7,33,62,57,39,25
61,18,25,57,43,62,1,38,14,33,35,7,40,8,46,49,44,4,63,60,56,32,13,21,17,19,15,42,0,22,11,12,59,53,41,45,55,28,47,2,52,36,5,23,29,51,34,31,9,58,26,50,16,24,10,39,3,54,37,27,30,20,48,6
26,5,8,15,46,40,55,4,41,54,32,7,38,10,22,17,3,25,61,16,52,37,6,13,31,39,2,9,62,11,50,33,14,35,28,18,48,53,44,0,21,23,47,42,12,20,56,36,34,43,63,45,30,49,29,51,57,19,58,60,59,27,24,1
60,27,33,25,17,18,48,11,12,55,54,53,21,51,61,4,26,8,62,35,9,6,7,32,22,44,57,31,2,56,39,34,43,45,40,0,13,50,29,42,28,58,37,46,41,20,19,24,30,14,16,52,5,47,49,36,15,10,59,23,63,1,38,3
5,42,9,61,52,19,26,48,29,28,18,12,41,51,24,13,44,16,4,1,22,32,59,7,35,47,8,2,55,39,27,33,23,34,25,10,50,11,58,15,45,63,21,49,56,53,62,36,31,37,40,54,14,46,57,0,43,20,17,60,3,30,38,6
16,30,23,6,19,49,13,24,5,10,3,44,37,57,17,28,26,15,62,33,55,39,61,48,14,63,34,46,54,21,43,60,47,35,36,12,1,4,50,32,40,45,38,51,8,56,2,42,9,52,11,0,58,41,20,27,29,53,7,25,59,18,31,22
34,13,53,59,8,45,30,16,50,40,1,25,58,57,49,12,26,3,9,33,0,47,5,17,19,43,32,15,42,51,46,39,48,35,28,10,55,60,38,41,23,20,18,52,11,56,44,36,21,31,29,7,6,14,22,27,37,24,62,2,54,63,4,61
23,29,48,41,47,54,1,20,12,28,57,3,34,36,4,56,50,21,51,59,46,31,11,35,49,5,6,13,44,37,62,43,16,9,60,24,38,0,18,22,53,58,27,32,39,61,45,17,8,52,30,19,25,7,26,15,2,40,33,14,55,10,42,63
50,20,60,62,6,39,49,18,23,42,43,41,17,10,3,14,57,55,38,9,56,21,19,8,25,22,15,33,52,63,27,48,31,37,5,28,7,1,53,26,45,36,47,61,58,46,0,11,4,16,32,59,54,40,2,12,30,44,34,24,51,29,35,13
20,51,35,23,56,47,10,19,31,25,41,48,36,16,39,6,63,42,57,45,43,29,38,61,13,58,37,0,59,24,4,44,22,8,12,3,46,54,30,18,34,17,2,28,33,40,32,53,9,49,55,52,26,27,60,21,14,15,1,50,5,62,11,7
56,42,50,7,33,19,61,20,16,22,53,25,27,47,52,4,54,41,46,18,60,10,49,17,29,48,21,1,55,9,0,51,23,45,5,32,3,8,14,36,6,13,58,38,34,35,30,11,63,57,62,44,15,24,31,39,28,59,2,37,43,26,12,40
12,58,6,53,19,39,61,35,59,11,20,32,52,22,23,10,9,13,3,47,51,28,42,2,0,4,31,30,37,40,29,16,43,8,25,33,63,41,62,14,24,18,7,34,26,5,15,57,46,44,27,17,60,55,38,48,50,36,45,1,54,56,21,49
43,17,62,23,4,13,50,60,45,24,48,1,44,11,18,15,34,35,20,19,52,25,61,16,56,36,8,26,5,58,3,10,41,53,47,7,33,6,2,54,28,12,55,30,39,31,0,22,29,59,57,21,32,37,14,51,42,38,49,40,27,46,63,9
31,9,33,4,45,17,47,42,63,25,13,5,39,29,41,51,27,34,46,54,55,7,3,1,16,61,53,57,21,6,14,58,35,36,40,50,10,19,28,15,48,0,2,52,23,12,22,49,56,30,32,26,59,8,60,37,62,43,18,44,24,11,20,38
33,26,53,31,46,51,52,57,34,60,42,2,7,3,0,21,30,36,35,19,59,56,8,49,16,44,12,50,45,40,47,61,54,14,18,48,24,1,17,20,15,11,62,22,55,13,5,32,9,58,25,39,43,4,41,29,37,27,28,6,38,63,23,10
52,39,8,24,16,45,17,42,5,53,51,15,26,41,46,29,6,11,28,48,19,21,0,12,54,32,59,13,35,62,50,4,61,55,60,25,3,58,40,1,63,36,44,34,10,31,14,56,47,30,37,57,7,9,38,18,27,43,23,20,33,22,49,2
57,47,51,19,2,3,49,21,11,17,32,44,55,50,0,54,62,43,37,31,60,35,39,56,14,12,63,18,59,10,15,36,16,46,6,52,34,48,40,41,22,29,25,61,5,20,1,23,28,13,33,38,4,30,53,9,45,24,42,58,27,7,8,26
11,33,41,57,16,6,44,0,8,27,29,40,47,21,17,54,30,45,23,10,4,35,62,63,42,39,59,1,26,19,20,43,15,2,3,48,38,25,49,13,12,28,31,22,34,14,52,36,37,51,50,32,56,60,46,7,53,9,5,18,24,55,58,61
36,42,45,13,53,62,50,41,28,10,5,21,7,38,58,0,12,55,54,52,2,11,35,46,15,14,24,30,56,47,57,19,51,37,3,20,34,25,4,27,49,59,16,63,60,32,39,18,31,29,17,61,33,48,26,40,22,23,1,8,44,6,43,9
32,47,58,1,21,36,53,39,43,11,51,15,30,56,48,12,37,2,25,10,45,27,34,7,50,40,31,19,46,38,28,42,18,9,24,60,26,6,63,35,14,4,29,52,20,3,17,23,55,57,44,62,13,16,8,49,61,33,22,0,59,5,54,41
45,39,42,4,10,17,0,22,41,55,46,37,28,19,20,50,58,2,57,59,48,23,6,16,36,27,26,1,18,63,60,35,62,38,8,31,51,13,49,47,61,54,12,30,21,43,34,15,3,25,44,5,56,40,32,7,14,24,9,52,11,29,33,53
31,29,58,12,8,1,39,32,51,41,10,7,4,30,56,27,50,55,23,52,40,26,20,53,33,22,60,42,46,63,54,9,21,15,14,45,35,2,17,36,44,18,61,3,25,19,0,6,28,24,38,49,16,13,11,5,43,62,59,57,47,48,34,37
30,11,62,56,54,50,34,29,43,15,40,24,26,46,52,7,42,1,18,57,48,60,21,53,9,2,59,5,17,38,58,45,51,4,28,12,63,0,22,41,23,10,55,25,33,13,39,31,3,49,27,8,36,44,37,32,14,61,6,19,35,47,16,20
59,23,36,29,49,25,10,11,33,2,21,61,54,16,27,46,50,60,0,44,55,26,40,35,37,18,52,17,42,32,62,31,28,14,5,6,57,22,7,4,43,3,24,63,38,13,30,45,47,34,41,48,39,1,58,15,8,9,51,12,56,20,53,19
25,8,2,47,44,13,12,29,9,39,57,28,34,30,16,58,19,0,27,60,38,50,53,22,52,10,56,35,11,37,42,17,6,45,36,49,55,20,5,41,1,43,18,3,54,26,46,40,61,15,23,48,21,32,24,33,4,62,7,63,51,59,31,14
28,56,33,9,35,48,31,52,37,14,38,23,1,41,10,2,19,34,30,63,61,40,39,29,59,53,15,32,60,16,13,8,26,11,57,51,0,20,42,45,58,6,7,27,36,5,17,12,43,21,44,47,54,50,55,4,62,46,25,22,3,49,24,18
22,6,17,39,23,12,4,30,54,16,14,7,2,43,13,24,51,52,31,32,53,34,27,63,28,8,36,9,60,3,1,41,25,19,21,62,61,0,59,15,5,46,35,56,38,47,48,29,33,42,50,58,45,37,10,57,44,20,11,18,26,55,40,49
44,21,11,9,27,40,28,55,37,8,3,7,19,0,12,2,48,35,15,47,52,38,42,18,56,46,63,43,24,25,1,54,26,41,58,31,34,4,51,57,45,60,59,50,22,20,32,49,36,30,62,16,61,17,53,5,10,39,14,6,13,23,33,29
17,14,34,13,61,0,58,49,45,40,60,15,35,11,57,24,48,44,55,23,32,38,19,37,25,31,54,27,51,18,63,29,16,43,53,30,6,12,7,8,20,59,42,62,36,5,56,46,2,52,10,26,3,21,33,47,50,9,1,22,39,28,41,4
46,22,48,24,31,21,54,39,29,35,3,18,34,14,40,19,12,20,47,32,30,11,51,7,45,41,8,4,57,52,42,26,25,62,33,2,13,27,5,10,23,38,36,1,58,44,53,37,50,43,17,0,63,55,59,9,49,6,28,16,15,61,60,56
29,47,17,44,8,14,49,1,48,37,21,11,41,55,40,60,12,4,24,10,53,0,30,57,22,54,61,27,18,5,56,3,32,50,63,26,35,7,6,31,20,46,45,62,13,2,42,58,9,36,23,34,51,28,43,25,52,19,38,59,16,15,39,33
47,17,25,32,63,5,39,20,37,41,0,22,23,45,14,33,50,26,29,49,31,43,8,54,53,1,27,38,57,35,30,61,4,12,59,16,28,13,44,15,7,9,3,46,40,42,51,58,18,36,21,2,34,24,55,62,52,6,56,10,11,19,48,60
60,0,25,22,63,29,8,14,13,10,61,6,9,19,56,35,23,16,62,55,58,47,32,43,27,18,21,49,52,59,57,46,41,37,38,34,24,26,50,1,11,2,4,42,28,20,53,30,31,3,15,36,48,17,7,39,45,51,12,5,40,33,44,54
45,8,56,58,0,42,14,21,35,33,11,9,16,24,31,57,37,46,32,38,54,2,34,44,52,48,6,39,43,41,7,15,13,51,20,27,23,50,53,59,60,36,18,22,5,1,26,4,3,12,61,29,17,10,30,55,28,49,63,19,62,47,25,40
38,63,30,13,57,46,29,52,59,19,17,55,42,3,11,31,60,6,41,14,22,4,32,35,40,53,7,16,51,47,27,33,61,43,9,50,36,56,21,0,2,24,39,28,15,25,37,20,48,54,49,44,34,62,12,8,5,18,10,1,58,23,45,26
6,57,17,10,32,18,62,44,48,21,38,13,15,20,12,61,39,47,63,8,4,49,40,45,33,51,29,58,28,60,54,2,55,27,43,50,23,46,42,37,14,3,56,36,24,59,52,25,31,30,41,53,0,34,35,19,16,1,11,22,5,26,9,7
28,6,53,41,17,9,61,27,48,20,51,0,58,15,50,63,21,3,1,52,29,2,25,4,45,24,44,47,39,18,31,19,14,8,13,35,23,60,37,22,38,12,30,33,5,36,59,32,11,56,54,55,49,57,10,43,16,40,26,34,42,62,7,46
30,31,40,63,19,47,38,60,36,6,21,51,13,42,22,43,54,24,33,3,12,37,5,14,23,39,61,55,16,32,17,35,34,20,50,57,25,41,18,48,45,46,28,29,56,11,1,44,26,59,10,0,62,4,49,2,58,27,9,7,15,53,8,52
62,48,55,15,27,63,42,14,36,60,11,56,17,54,1,46,13,10,34,16,20,25,35,32,50,23,61,26,28,52,38,0,37,57,29,6,41,3,58,24,30,59,43,51,39,5,4,33,31,8,44,2,47,9,7,19,21,49,12,45,40,22,53,18
56,40,35,36,27,47,28,50,58,37,26,8,49,30,0,61,51,34,44,48,39,11,2,53,18,5,46,13,1,24,15,38,16,3,42,33,54,62,19,52,21,22,20,29,9,7,43,45,12,14,60,32,25,59,31,6,63,23,17,57,10,4,55,41
21,33,19,47,17,63,9,11,18,49,12,22,15,31,1,36,44,61,6,59,40,52,14,30,54,5,8,16,20,2,4,50,7,45,24,48,53,37,43,58,27,32,10,55,25,0,41,62,60,28,56,26,39,29,3,46,35,34,51,23,42,13,38,57
47,32,39,50,45,24,3,1,42,23,12,8,36,62,58,35,31,33,9,53,15,57,6,22,54,40,2,28,43,52,18,17,63,48,13,44,61,30,16,49,59,56,37,51,10,34,27,0,4,29,46,14,38,20,60,7,41,21,25,11,26,5,19,55
36,25,32,43,50,12,59,54,24,23,4,31,19,47,14,22,53,49,62,15,52,55,16,29,63,48,17,20,42,45,27,58,39,26,34,7,21,0,46,56,10,60,5,18,40,6,41,57,28,13,37,38,35,3,2,61,8,51,33,11,1,44,9,30
37,30,17,58,53,4,50,2,40,15,31,16,0,1,33,3,7,62,20,41,21,19,5,57,55,48,9,60,49,45,13,10,43,22,42,63,8,6,12,23,32,11,27,52,34,46,54,39,26,28,29,18,56,25,44,61,47,36,51,24,35,59,14,38
41,37,15,63,39,1,17,59,23,58,42,32,52,14,31,49,6,38,57,30,29,7,26,45,10,25,33,0,19,28,20,40,56,27,16,21,8,13,54,12,47,5,46,55,35,43,53,50,2,24,11,18,61,3,22,9,62,34,36,4,51,44,60,48
34,1,21,28,0,11,54,63,55,60,14,45,46,27,32,36,30,7,44,52,47,25,40,5,22,56,38,57,37,58,18,16,33,15,48,61,26,39,20,31,43,62,50,51,8,41,42,4,53,17,6,2,23,12,13,9,49,10,29,24,35,19,59,3
18,26,10,23,34,27,51,29,6,13,11,5,48,16,38,40,3,53,9,4,50,46,47,57,43,61,12,37,58,59,17,55,25,54,7,15,0,45,44,49,36,52,28,63,42,20,35,30,2,56,24,39,14,60,62,8,32,22,33,21,31,41,1,19
44,16,39,19,22,30,23,58,61,20,63,35,3,47,5,56,4,15,54,11,9,28,48,21,0,18,17,31,12,52,1,36,2,27,33,51,38,6,13,53,25,62,41,14,34,29,55,40,59,32,7,60,57,49,8,24,37,43,45,10,42,26,46,50
29,10,18,28,45,49,26,3,24,39,7,51,1,48,32,57,23,55,21,50,36,53,40,13,44,34,25,2,37,12,0,35,19,4,52,9,46,59,41,30,8,42,11,62,17,63,33,15,56,47,54,60,61,16,22,14,6,5,31,43,27,58,20,38
9,1,16,63,47,52,4,31,48,50,58,59,27,32,40,51,5,22,54,0,8,49,34,56,43,11,60,36,13,39,20,57,61,42,62,17,26,55,18,38,35,30,46,2,25,33,53,24,23,19,7,44,45,10,21,37,3,28,6,14,15,12,41,29
17,24,47,31,52,43,30,57,38,55,3,44,62,54,58,21,28,60,9,42,11,13,1,37,4,16,34,51,61,40,48,50,41,56,18,12,14,23,46,63,39,27,8,2,25,22,19,49,29,7,5,6,33,59,53,15,20,35,10,45,0,36,26,32
15,45,27,38,2,35,43,24,41,14,61,59,28,60,63,13,34,21,51,25,33,8,55,37,29,7,50,16,49,42,48,39,26,1,62,52,11,46,22,56,57,36,9,47,44,17,20,54,18,10,3,12,30,40,6,32,4,19,58,0,5,23,53,31
12,20,31,15,29,46,8,54,34,30,41,7,37,11,50,61,32,42,60,4,22,14,6,43,59,36,38,55,3,26,21,53,17,56,45,9,33,10,58,63,1,52,24,5,62,25,0,40,28,44,39,35,19,13,2,57,23,49,51,48,27,16,47,18
34,5,24,9,44,32,4,41,7,54,11,62,8,14,52,50,27,13,46,28,58,36,16,3,38,57,26,22,43,61,48,40,59,63,21,56,51,35,30,29,47,12,37,53,17,45,60,39,15,0,6,55,18,20,42,49,33,10,1,31,19,25,23,2
30,4,51,44,33,11,3,46,7,49,22,53,17,26,57,8,10,34,59,14,56,5,55,43,20,15,38,42,39,50,37,0,21,32,27,2,35,13,16,23,47,29,19,31,25,61,54,41,63,60,9,48,40,52,12,28,1,18,6,45,62,36,58,24
2,33,35,59,16,19,8,26,38,50,61,43,11,6,23,40,60,10,53,14,28,48,36,21,42,4,9,63,56,17,20,18,39,13,24,30,46,58,44,41,55,1,25,7,62,34,57,51,52,49,12,27,37,47,32,45,31,5,3,54,22,15,29,0
62,19,48,49,28,30,23,26,16,2,20,53,50,1,37,9,44,10,29,6,17,7,35,58,36,13,54,3,12,60,55,8,14,38,61,57,47,22,5,43,41,25,33,46,39,18,34,42,56,27,15,11,59,45,4,52,63,0,21,31,32,51,24,40
2,8,3,52,27,1,36,9,14,40,15,50,32,5,19,57,16,18,21,34,39,20,53,47,41,37,56,26,54,6,42,44,43,45,51,60,30,28,13,0,61,7,49,63,25,46,29,11,38,48,17,24,58,23,31,4,59,35,33,55,12,22,10,62
7,62,19,11,47,29,41,50,2,12,43,61,33,8,10,34,22,16,36,57,24,53,6,25,46,0,15,26,40,1,59,39,52,44,21,4,23,32,49,35,5,42,27,17,56,18,38,3,58,51,48,54,9,55,28,37,13,45,31,63,14,30,60,20
51,22,2,21,46,56,35,11,38,63,53,12,41,25,13,62,24,60,26,23,30,27,8,3,5,29,47,39,37,18,0,28,16,7,43,17,44,50,52,40,14,20,1,36,49,32,54,6,19,10,9,15,55,58,57,42,59,33,31,45,61,48,4,34
62,15,16,51,23,20,44,53,9,50,29,25,4,37,56,28,26,54,63,22,47,38,41,33,46,52,35,40,60,58,43,57,12,2,61,34,27,30,8,42,19,0,59,6,48,13,1,17,10,5,7,18,55,32,49,39,31,24,21,36,14,11,3,45
35,2,59,48,56,45,52,44,10,53,26,8,61,24,33,0,14,4,16,42,11,60,32,62,12,63,50,27,49,9,29,39,30,15,23,1,6,54,18,40,43,34,38,3,22,7,37,36,20,21,17,41,47,57,51,28,58,5,31,55,19,13,46,25
4,9,11,52,20,27,38,56,40,29,51,26,61,42,13,1,25,47,8,21,33,50,5,49,39,2,3,57,17,12,22,37,15,16,19,32,34,59,45,62,6,43,7,23,36,24,28,63,35,55,18,54,14,41,58,60,0,31,48,10,44,53,30,46
13,30,53,60,63,33,11,58,27,56,59,15,5,1,31,46,20,52,51,36,35,42,7,40,38,41,14,50,8,39,24,2,9,19,23,48,47,49,34,22,16,6,57,10,18,26,25,28,43,29,54,17,62,45,32,55,61,4,21,37,3,44,12,0
30,6,33,49,17,53,28,60,62,41,39,44,43,51,61,31,29,22,58,7,2,63,23,48,50,16,57,5,55,35,14,40,54,3,1,10,18,45,12,13,47,21,25,9,46,59,26,42,32,15,38,4,34,56,27,0,24,52,36,11,8,20,19,37
13,18,3,56,60,48,58,53,41,28,26,43,22,47,51,40,11,21,19,24,42,12,49,25,37,44,5,50,27,62,6,20,9,45,61,23,16,8,46,7,0,38,57,33,1,10,36,2,59,15,55,14,34,54,4,52,63,17,31,30,32,29,39,35
52,51,3,50,21,59,12,36,25,34,2,15,8,7,35,24,6,22,4,62,13,42,40,10,63,38,61,27,57,56,19,46,55,18,44,53,43,39,9,5,23,37,20,54,32,58,47,11,30,16,17,26,49,28,1,31,41,48,45,29,33,0,14,60
33,53,48,1,39,40,36,2,45,30,10,58,21,56,35,28,29,62,17,37,4,38,3,52,31,42,41,61,20,5,59,47,16,8,34,49,13,44,7,11,0,63,46,32,25,43,19,27,55,57,15,26,24,9,18,60,6,23,12,22,50,54,51,14
31,17,63,10,29,36,2,39,50,44,45,35,43,8,48,25,6,62,1,52,32,54,13,59,19,21,9,15,4,28,30,49,20,14,37,57,27,16,46,47,33,55,24,12,51,0,41,56,60,61,22,58,11,38,26,5,18,7,40,3,34,42,23,53
12,19,28,34,45,40,63,57,44,52,26,21,56,5,30,50,27,11,33,24,47,3,54,0,22,59,58,42,61,10,48,46,14,25,17,7,36,55,32,38,51,23,41,39,37,20,8,16,15,18,62,13,35,2,9,29,4,49,1,53,31,6,60,43
33,40,61,20,32,38,10,44,49,9,37,13,1,54,59,53,48,12,8,0,50,5,51,41,56,11,46,55,26,23,43,57,21,27,60,58,3,29,14,24,45,30,2,34,31,35,4,19,18,22,7,47,63,25,42,15,52,28,16,6,17,62,39,36
21,32,11,54,44,3,31,24,36,56,52,45,63,19,51,59,53,60,20,49,35,0,22,50,48,38,14,29,5,1,7,34,13,43,8,10,37,25,6,42,23,40,12,9,15,58,47,2,46,28,26,30,18,16,17,33,57,41,55,39,4,61,27,62
27,48,56,47,12,6,22,21,17,40,16,2,29,60,55,63,33,38,36,32,0,49,45,20,31,10,14,1,3,26,19,53,62,23,9,11,46,24,7,57,15,41,54,44,18,35,30,37,5,51,50,39,42,58,59,52,43,25,4,28,61,13,8,34
58,13,57,32,7,24,28,39,25,40,18,0,51,43,46,60,19,16,48,63,8,35,30,15,52,9,61,17,1,21,4,44,56,27,6,53,11,33,55,31,29,2,41,45,62,22,36,38,50,20,3,23,5,49,12,54,59,37,10,34,42,47,14,26
48,46,18,17,6,56,7,60,39,11,10,52,4,47,49,37,1,3,0,22,23,15,21,16,36,51,50,34,24,25,9,53,27,29,42,26,28,43,19,59,13,33,31,38,32,57,35,8,62,63,30,5,58,20,44,55,61,40,41,54,2,45,12,14
48,61,51,52,12,17,18,6,31,28,8,35,44,19,60,36,45,9,49,40,58,47,56,34,59,63,53,2,25,43,37,30,16,62,32,39,50,5,21,15,29,33,0,55,27,22,10,41,42,46,14,20,13,26,4,54,1,11,7,24,23,57,38,3
41,3,33,58,8,16,23,51,44,52,28,37,59,9,20,10,17,24,38,31,35,62,46,25,42,32,49,12,29,19,7,43,57,14,36,11,61,53,56,13,22,54,27,6,5,0,50,30,26,48,39,15,34,4,63,40,1,2,55,45,47,21,60,18
31,54,33,16,61,46,45,9,0,62,26,59,32,48,55,63,1,44,27,24,40,25,37,39,49,60,58,53,41,10,52,38,8,29,21,13,42,20,18,17,36,15,35,4,12,30,6,51,28,2,23,5,34,7,43,22,3,50,14,47,11,56,19,57
5,48,7,1,20,57,10,45,23,51,36,19,8,30,12,61,49,0,29,38,53,39,42,18,59,63,47,11,34,50,56,28,33,24,41,40,26,35,54,37,13,21,22,32,62,15,60,16,9,17,44,14,25,43,4,46,2,52,55,6,31,27,3,58
27,36,31,54,38,47,26,44,35,46,15,61,56,52,11,37,57,39,19,9,62,8,20,7,28,33,42,53,21,59,50,3,12,51,49,24,16,25,58,60,32,0,43,55,6,22,48,30,13,34,23,1,29,40,5,41,17,2,45,14,4,63,18,10
9,28,38,57,25,0,30,49,48,62,53,29,44,63,56,10,40,17,33,59,43,19,46,21,22,34,13,47,41,61,42,39,12,20,11,50,24,5,31,3,27,37,32,26,15,23,4,18,58,6,7,1,35,51,52,45,60,16,14,54,2,36,8,55
28,26,41,49,0,27,8,34,10,40,47,25,37,21,46,31,11,61,13,63,2,17,45,42,44,55,54,36,43,32,48,20,19,15,52,1,16,56,23,18,24,35,57,59,38,29,62,6,9,50,7,14,12,22,3,30,39,5,60,51,58,4,53,33
4,45,52,25,62,14,38,42,17,41,32,43,26,28,13,3,48,20,23,33,24,39,51,30,61,10,11,40,47,36,21,19,31,12,22,46,2,37,54,35,53,27,59,6,16,7,9,29,8,15,1,63,57,56,0,5,50,60,18,55,34,49,58,44
4,38,53,61,11,55,8,0,43,62,13,63,6,31,22,27,19,48,3,41,59,14,16,37,1,20,7,30,12,33,47,45,36,39,23,29,17,51,49,32,46,2,54,21,52,57,44,40,60,25,15,58,34,18,10,56,5,50,35,9,42,26,28,24
23,17,12,16,54,8,63,14,3,52,19,29,58,35,0,2,38,13,44,40,51,5,30,25,55,36,48,32,18,39,31,59,20,24,9,49,26,50,42,6,43,37,4,21,7,1,57,33,22,53,62,45,34,56,46,41,10,61,27,11,15,28,60,47
49,15,6,23,47,31,25,32,60,42,41,40,37,13,0,52,29,36,50,39,44,18,56,30,14,61,26,34,4,63,59,2,16,45,22,10,3,11,35,24,28,58,17,9,21,7,62,43,38,27,48,54,53,12,57,1,51,46,20,33,55,5,19,8
41,35,0,26,63,15,37,55,3,40,57,43,59,51,42,23,24,30,21,34,13,6,38,9,32,53,14,4,36,44,29,5,10,31,62,28,58,48,39,1,12,52,11,17,27,45,16,33,19,47,7,8,61,22,2,56,60,50,20,46,49,25,18,54
3,16,44,8,20,38,0,30,58,47,57,25,7,63,10,53,31,9,55,40,27,43,48,42,29,28,12,4,1,21,56,35,14,23,54,32,39,49,19,52,15,41,51,22,24,45,18,36,59,26,34,60,2,17,50,6,62,13,5,61,11,37,33,46
59,5,37,7,28,44,60,14,36,15,40,16,48,17,19,53,33,63,23,34,52,21,46,39,6,0,55,45,56,30,8,43,4,31,61,38,2,32,10,57,18,47,41,11,22,29,20,12,54,27,13,3,42,58,25,9,26,51,35,62,49,24,1,50
49,7,23,60,32,1,52,18,24,40,14,13,55,21,42,30,2,31,25,8,61,15,5,26,9,22,36,58,0,48,33,35,56,45,20,29,19,39,34,6,57,10,11,46,4,41,17,27,28,51,53,62,59,54,12,3,37,63,16,47,43,44,50,38
5,33,27,7,49,46,35,47,25,4,2,15,23,17,54,45,40,22,61,32,12,62,24,30,39,38,63,43,20,26,57,51,29,60,10,58,56,36,42,6,11,0,21,52,31,44,48,37,3,18,53,34,50,19,41,59,13,14,16,9,55,28,1,8
0,38,63,11,29,8,2,19,36,58,6,54,56,22,42,13,52,59,45,57,50,5,20,40,34,48,9,16,61,47,53,15,46,37,3,12,14,60,21,31,25,4,49,35,17,39,30,27,41,32,43,1,26,23,28,51,18,62,24,10,33,55,7,44
19,36,52,39,20,61,34,10,9,48,8,25,40,31,30,15,41,35,33,2,3,29,49,0,28,37,43,21,4,55,22,42,26,32,59,16,24,6,44,54,45,7,23,51,38,57,62,14,47,5,27,53,17,46,58,60,13,11,63,18,50,1,56,12
7,29,37,9,2,14,39,46,30,25,62,50,4,28,11,56,58,53,60,3,20,17,10,32,8,55,24,12,27,1,5,45,59,33,57,15,43,16,21,6,44,23,41,38,26,54,35,48,49,36,42,51,22,63,61,31,52,34,40,47,0,18,13,19
16,39,19,5,48,21,33,10,42,20,18,57,35,44,17,8,40,0,13,32,38,61,11,15,6,9,29,36,3,54,2,62,1,14,37,46,22,51,27,56,45,4,12,52,23,30,28,49,43,63,24,7,53,25,41,26,31,47,55,58,59,34,50,60
42,21,37,9,29,54,58,27,4,12,57,28,8,24,46,56,23,13,39,47,10,18,5,45,30,34,41,22,20,61,44,63,6,49,53,14,51,35,1,32,50,3,40,59,17,26,38,55,52,16,48,15,7,43,62,11,36,0,25,33,31,19,2,60
36,33,19,35,24,61,60,2,39,46,4,31,22,42,51,28,53,34,23,30,50,47,62,1,0,14,54,57,27,48,38,49,56,40,41,15,58,12,7,9,5,29,37,3,32,63,6,11,21,18,25,59,17,45,26,16,8,55,52,20,13,44,43,10
50,52,51,7,31,23,35,30,36,60,10,27,29,43,16,37,15,13,22,1,39,32,56,14,28,42,33,5,62,9,26,58,61,49,20,21,2,19,17,59,3,11,24,44,55,12,63,54,6,8,38,18,0,53,46,47,48,40,41,57,4,25,45,34
61,18,31,34,32,15,50,1,60,37,33,12,5,63,2,57,38,53,51,35,16,58,45,55,52,25,3,7,24,44,14,9,17,36,42,26,20,4,29,30,48,0,10,62,28,22,40,11,19,21,43,13,6,56,46,41,59,27,39,49,8,47,23,54
15,31,22,27,39,9,53,41,57,55,26,11,49,13,3,63,1,16,38,60,34,28,40,6,21,43,54,4,24,18,10,12,30,0,33,52,61,51,48,14,58,25,45,36,42,35,29,46,23,17,20,2,59,19,62,56,44,50,47,8,32,7,5,37
9,19,59,7,12,63,25,50,49,62,23,60,43,36,40,30,17,6,5,14,10,0,48,57,28,44,3,37,47,46,31,27,45,58,4,41,22,53,18,8,24,2,52,29,16,20,1,39,61,13,35,11,56,51,33,32,38,15,42,26,55,54,21,34
39,55,13,6,25,3,20,5,24,34,56,27,35,28,38,11,8,14,17,36,22,31,60,47,48,4,18,30,12,9,19,0,16,50,33,23,32,61,37,10,43,42,44,1,2,53,59,26,45,62,63,49,54,58,52,57,21,51,15,29,7,40,46,41
11,42,15,47,2,17,0,31,12,54,44,29,49,33,30,63,7,40,51,16,22,3,59,56,45,60,52,25,19,53,5,23,28,36,58,24,27,8,14,46,41,61,48,10,32,4,1,34,62,18,6,39,50,38,43,55,35,9,26,21,20,57,13,37
22,24,27,37,30,6,8,39,40,51,58,57,15,52,20,3,11,19,1,31,7,21,26,14,44,61,49,63,48,60,13,36,28,62,41,45,9,59,34,16,53,5,42,10,35,50,0,2,12,29,18,32,4,33,56,38,55,43,17,23,46,54,25,47
24,58,40,62,7,49,25,2,0,20,17,21,19,53,63,37,61,36,48,33,8,6,54,47,52,46,1,32,18,12,50,57,11,35,3,10,13,39,41,31,56,22,55,16,45,30,5,14,38,29,9,26,43,4,59,34,28,15,44,23,51,42,27,60
7,62,59,12,41,38,57,10,42,17,26,3,5,44,37,34,22,9,24,58,47,1,29,33,6,28,31,39,27,51,0,14,18,50,25,20,40,60,52,13,43,4,35,23,48,54,15,21,63,49,61,36,55,11,32,19,45,56,2,16,46,53,8,30
20,14,31,12,27,55,49,32,9,39,1,57,19,21,7,28,47,61,56,25,23,22,41,43,24,46,33,18,63,10,30,3,50,11,0,8,13,35,62,48,38,44,4,58,5,34,40,6,29,59,15,26,53,42,2,52,45,60,54,37,51,16,17,36
20,3,22,18,55,10,7,29,60,47,45,41,39,9,30,49,19,58,35,0,44,26,32,43,42,11,17,27,25,6,51,21,5,28,61,33,8,63,14,34,4,54,15,31,36,52,59,62,50,24,40,38,56,48,57,46,16,2,53,23,13,1,37,12
25,17,10,3,13,2,61,49,22,7,40,38,28,34,48,55,35,57,0,42,24,43,31,14,60,15,39,4,29,32,8,1,23,19,11,56,50,21,6,63,58,20,5,44,27,47,37,16,12,54,52,53,36,45,46,41,33,62,18,26,59,30,51,9
18,14,38,54,29,16,2,4,25,52,3,39,13,62,50,44,33,22,28,49,41,24,46,32,55,61,40,51,20,19,6,10,34,63,59,48,60,1,35,27,36,47,8,26,23,37,12,9,17,11,58,43,57,45,42,5,53,7,15,31,56,21,0,30
4,33,13,39,41,28,47,61,50,51,32,6,34,3,15,21,57,27,63,16,14,20,43,37,23,9,52,30,0,7,22,18,58,12,31,26,35,38,2,53,1,49,45,54,40,17,48,19,8,10,36,5,29,62,46,59,55,42,56,60,25,44,24,11
0,21,63,19,2,29,49,4,57,8,20,60,14,46,54,5,44,6,55,35,23,15,40,33,47,62,9,32,3,25,22,28,27,43,18,37,11,36,13,12,59,50,53,58,10,7,39,34,38,17,1,41,31,26,30,48,61,16,56,51,52,45,42,24
49,60,53,55,16,63,58,6,38,26,14,41,2,46,34,15,0,4,18,33,29,28,27,32,44,52,48,19,56,24,61,50,42,45,21,8,7,12,22,51,35,25,40,36,3,20,17,5,43,62,37,39,47,54,11,13,31,10,59,23,30,9,57,1
48,59,23,58,24,55,40,19,53,50,35,16,10,41,3,31,9,42,30,38,60,18,12,5,34,47,1,56,39,27,43,63,52,46,14,4,7,37,15,28,20,13,17,61,26,25,45,32,11,33,51,62,54,29,44,57,6,36,0,21,8,22,2,49
2,61,27,29,63,32,7,31,13,17,56,25,1,19,49,8,10,58,46,60,44,51,22,12,30,52,35,39,0,53,4,15,54,47,34,33,55,6,59,23,37,28,16,3,57,5,38,18,40,36,11,45,20,62,26,9,24,14,50,48,42,41,43,21
33,10,22,0,3,61,18,37,29,25,41,40,9,62,45,60,55,58,17,7,53,43,32,52,11,24,51,19,54,63,39,15,16,23,59,35,44,26,27,46,20,21,38,6,2,50,36,49,31,30,56,48,42,28,5,8,1,34,47,13,4,57,14,12
52,5,44,34,18,46,30,59,39,8,35,27,48,62,24,13,38,14,37,43,20,1,19,2,23,29,28,33,16,15,63,55,42,53,41,6,47,50,58,57,25,56,32,0,11,45,36,9,22,49,3,26,40,31,60,21,12,61,51,4,10,54,7,17
20,53,45,43,50,44,25,1,57,5,10,18,26,32,48,42,30,16,6,34,2,4,62,47,59,11,38,15,13,28,56,31,8,54,46,22,58,19,63,7,55,61,37,51,12,17,49,52,14,27,29,35,33,36,23,3,40,9,39,21,0,41,24,60
17,36,0,63,31,3,60,4,62,61,8,46,30,11,39,6,55,50,15,40,59,33,43,13,25,20,14,35,16,9,28,24,21,37,45,52,19,48,34,53,23,47,56,27,58,7,54,26,44,22,32,12,42,29,2,51,38,18,41,10,5,49,1,57
12,51,11,9,19,14,43,46,20,44,22,57,50,0,39,10,53,26,62,38,56,52,16,31,63,25,15,13,40,29,32,58,61,5,55,47,18,1,4,42,17,3,37,59,8,49,34,24,41,33,7,28,21,54,48,27,45,23,2,60,36,30,35,6
44,15,62,37,45,8,12,22,2,52,13,42,59,18,32,9,26,11,1,63,27,40,61,31,46,17,38,5,30,34,25,41,16,55,57,33,28,58,36,23,24,49,60,53,29,47,39,0,3,4,6,50,51,43,20,10,21,7,35,56,19,48,54,14
10,25,13,23,58,37,29,56,7,8,40,6,28,47,18,35,3,52,0,55,60,48,59,38,5,54,16,19,61,63,12,51,17,22,2,43,20,32,4,44,30,49,9,1,24,21,14,11,15,42,46,45,27,26,33,39,36,62,53,50,41,34,31,57
16,60,37,12,24,41,54,27,34,10,22,32,2,35,48,51,31,25,56,42,30,15,26,52,39,20,3,40,0,50,28,21,17,9,57,38,1,53,59,8,58,33,29,7,45,13,46,55,61,23,44,18,11,62,63,5,19,49,14,6,36,4,43,47
12,47,28,42,26,19,37,51,32,55,21,34,0,11,31,48,44,14,30,52,50,53,16,54,46,43,3,23,56,59,60,10,25,2,15,22,7,41,29,5,20,13,4,45,57,38,62,27,35,36,18,39,63,33,8,6,17,49,61,9,24,40,1,58
14,15,49,43,3,60,2,37,9,31,17,44,7,53,40,8,36,5,32,59,47,18,52,30,56,41,57,29,34,48,51,10,21,45,28,63,35,6,25,11,54,38,42,46,19,27,58,1,12,23,22,39,24,26,50,13,20,0,55,33,61,4,62,16
38,42,7,46,54,44,9,30,12,6,40,50,33,0,19,2,34,39,45,10,1,13,15,43,16,28,37,53,58,29,14,36,3,11,25,21,8,41,57,59,22,27,60,26,62,52,35,31,4,61,56,55,32,20,51,63,17,47,5,48,18,23,24,49
57,13,63,28,29,24,18,14,49,35,25,56,59,20,5,2,40,21,4,47,23,30,3,6,62,43,15,16,61,9,53,0,38,46,22,60,11,19,7,51,52,39,45,42,34,44,58,26,36,17,12,8,48,54,32,31,1,50,33,37,41,27,10,55
12,11,47,13,7,52,8,58,63,38,51,28,41,33,59,21,0,32,16,62,10,20,48,9,43,60,3,15,22,40,24,44,54,49,17,53,14,57,25,50,45,27,26,61,35,23,19,4,39,34,55,37,5,6,46,2,31,42,18,30,36,1,29,56
52,56,10,25,24,5,47,34,11,13,4,60,21,1,53,51,49,36,35,2,39,23,31,20,48,46,59,6,16,61,29,45,38,43,14,30,12,37,40,26,58,28,63,41,7,22,55,27,19,33,9,44,3,15,18,42,17,57,50,62,0,32,8,54
1,5,42,56,60,22,55,15,59,3,47,38,6,13,35,29,27,49,9,34,14,19,57,43,54,32,8,48,46,52,18,41,40,62,63,24,21,17,2,11,44,51,4,10,39,16,23,58,50,36,26,0,45,12,28,7,37,30,53,25,31,33,61,20
32,41,22,1,54,37,42,63,56,27,29,51,2,17,43,18,5,59,45,60,46,10,11,13,12,58,0,57,21,9,33,16,15,20,8,25,14,47,19,48,26,52,7,28,55,53,35,62,50,38,23,3,34,61,39,40,49,6,36,4,30,44,24,31
16,48,60,3,52,28,47,38,46,36,11,44,59,8,33,50,34,7,10,58,63,62,23,61,54,32,57,27,12,24,15,20,6,14,35,39,40,1,21,37,56,17,45,25,4,41,49,31,5,29,13,22,26,9,19,55,42,53,0,18,2,51,30,43
41,10,55,8,56,58,47,22,24,54,1,50,2,33,37,4,25,23,3,19,43,34,12,61,46,42,18,15,63,45,0,21,5,7,40,49,30,29,26,52,16,9,38,17,20,44,32,27,14,39,57,60,62,13,6,31,51,11,53,48,28,35,59,36
10,36,38,18,55,29,20,2,0,28,56,6,3,17,15,45,43,40,63,34,14,31,54,39,51,23,58,4,61,25,5,26,33,11,48,52,50,41,21,7,53,49,9,13,22,19,62,32,12,57,46,44,16,60,1,8,37,24,59,42,30,35,47,27
5,42,49,10,21,25,55,20,2,45,41,36,43,30,40,46,19,51,14,6,8,58,57,63,39,56,59,38,9,35,0,44,31,48,11,29,32,15,26,47,13,28,18,12,3,1,62,33,16,37,61,27,60,23,34,7,52,22,50,54,53,4,24,17
31,53,4,10,13,27,63,54,57,22,21,56,23,20,42,12,35,16,49,6,38,32,41,5,17,24,43,61,62,11,26,39,19,28,30,55,60,47,46,9,25,29,33,15,44,48,2,34,52,18,40,7,58,59,37,51,45,1,0,8,36,3,50,14
60,18,20,13,47,32,42,63,29,24,49,45,52,14,37,30,44,22,57,4,26,3,23,15,5,41,39,35,31,16,7,17,58,36,19,50,62,55,27,8,56,6,34,48,2,33,38,10,54,51,59,0,25,43,40,53,61,1,11,9,21,12,46,28
35,31,3,19,16,51,61,43,41,36,7,4,5,39,42,54,27,30,23,28,0,11,29,53,48,9,14,15,37,59,55,20,50,60,46,52,44,38,57,58,17,8,24,47,6,33,10,1,21,49,45,56,63,26,18,25,34,13,12,40,2,32,22,62
27,0,28,53,7,24,60,16,1,59,63,11,14,47,57,40,29,37,48,46,22,38,49,15,55,17,32,33,44,61,56,3,21,13,43,10,2,18,36,39,6,41,31,42,9,5,26,20,45,58,34,54,25,12,50,30,51,19,62,23,8,52,35,4
21,47,20,63,16,2,44,8,22,5,15,37,1,62,33,28,52,60,17,59,50,43,61,53,51,56,0,58,7,32,45,18,41,30,24,29,48,4,9,25,46,3,11,6,35,13,49,12,14,42,39,38,55,23,31,10,40,34,19,36,54,27,57,26
6,45,29,21,16,5,35,48,54,24,40,60,2,50,15,13,0,51,17,39,37,12,58,20,1,23,47,63,8,22,14,18,9,42,4,10,33,30,31,34,27,43,38,62,11,7,59,44,28,61,32,55,46,52,53,25,26,49,41,57,19,36,56,3
62,49,46,24,32,50,34,7,55,23,31,0,61,43,35,53,59,44,17,9,12,14,8,4,22,1,2,25,36,15,47,54,58,41,13,60,52,63,39,33,51,20,48,18,16,6,45,19,37,56,29,5,11,21,57,3,30,42,27,10,26,40,28,38
42,33,24,8,29,23,49,3,11,46,32,58,19,25,0,35,1,7,18,37,63,61,39,56,20,22,36,59,45,4,27,62,60,6,55,48,21,53,31,47,5,12,30,44,34,52,2,54,43,9,57,51,28,10,15,26,38,17,40,16,14,41,13,50
16,28,55,17,1,21,54,26,47,11,44,19,62,14,49,57,18,46,53,25,8,33,7,42,48,34,61,40,38,6,63,58,23,59,45,52,60,27,20,36,2,9,4,50,29,37,3,24,35,0,22,31,12,56,13,15,10,41,51,30,39,32,5,43
29,43,7,12,1,24,0,18,63,44,16,20,51,15,21,9,2,61,30,6,47,26,50,39,62,4,55,41,32,36,8,49,17,60,53,57,13,14,33,3,52,25,34,56,31,28,23,58,54,46,22,40,42,48,5,27,35,19,37,59,45,38,10,11
49,37,60,48,36,11,6,28,29,40,2,34,13,0,20,62,46,25,33,23,32,61,18,45,52,10,63,15,35,5,53,58,50,44,17,42,31,1,57,9,24,14,41,55,51,30,59,47,19,27,21,56,22,12,38,16,8,3,26,39,7,4,54,43
40,22,16,21,26,57,9,34,63,58,53,23,18,4,38,14,35,55,6,8,37,31,28,24,19,56,0,5,52,50,3,17,61,46,47,36,51,60,45,10,11,44,29,20,15,33,43,25,13,62,2,39,27,54,42,12,32,48,59,1,41,49,30,7
61,19,30,56,51,16,59,36,22,14,20,62,4,48,63,45,28,40,34,17,60,46,7,27,38,12,49,15,37,33,3,55,31,10,18,53,25,41,47,43,50,42,26,52,9,35,29,24,39,11,13,44,57,21,1,2,58,5,0,54,6,23,8,32
15,21,18,7,28,58,33,54,0,1,34,30,23,10,26,59,6,38,61,45,55,9,53,27,46,41,63,12,4,35,8,25,44,56,52,16,17,13,22,29,5,60,50,48,14,49,11,39,3,43,24,37,57,47,19,42,20,32,31,40,36,2,51,62
56,14,17,4,19,23,61,37,36,25,46,35,6,57,53,3,44,21,41,50,33,52,27,11,31,1,55,13,58,49,39,2,43,29,32,7,8,10,54,42,0,15,18,47,5,40,60,59,30,48,12,20,9,22,38,16,26,45,28,62,51,24,34,63
7,43,36,39,6,21,19,8,55,3,15,42,57,44,38,60,14,40,17,22,34,11,51,0,50,62,31,24,63,16,9,54,61,13,29,47,33,59,23,20,48,4,49,56,26,52,41,12,5,32,1,28,30,2,27,53,37,25,45,46,35,58,18,10
41,40,8,12,26,9,7,0,18,63,24,22,15,59,13,32,50,30,48,60,44,51,43,52,10,16,47,1,56,33,38,25,2,11,37,23,27,46,36,35,62,39,20,6,61,55,58,4,5,31,42,34,19,57,17,3,14,29,45,53,49,54,21,28
9,39,44,21,51,12,60,0,14,19,36,17,55,47,62,1,16,5,10,32,2,4,18,40,45,33,38,6,31,25,27,46,57,8,22,3,29,50,11,28,26,43,7,30,48,23,61,35,53,56,52,58,63,15,49,59,41,13,34,42,24,54,37,20
46,30,18,20,22,14,37,31,15,42,29,49,54,17,5,3,11,27,23,63,50,36,56,33,58,16,39,0,9,28,62,8,47,35,4,61,24,43,41,53,19,44,45,32,10,40,7,34,57,6,48,38,25,59,21,52,55,60,26,2,13,51,1,12
0,63,2,38,37,6,3,27,22,17,7,23,49,31,8,56,58,32,41,62,28,47,36,34,24,42,55,46,48,61,60,15,57,43,4,9,51,20,21,54,40,1,25,50,52,29,59,14,18,19,35,44,26,12,16,53,10,5,30,33,45,11,13,39
39,2,19,13,21,57,10,20,38,8,4,43,61,50,0,60,41,6,52,58,33,14,46,51,54,44,56,24,9,29,36,37,40,53,22,45,16,25,34,28,5,49,47,11,48,12,31,17,7,26,23,32,55,18,15,63,27,3,59,1,62,42,35,30
22,28,1,62,19,56,3,46,4,54,21,35,45,36,25,51,61,58,55,40,41,0,20,48,17,26,18,60,2,42,13,6,32,57,31,39,63,44,33,50,8,27,14,24,23,15,16,10,47,52,29,43,30,9,49,34,59,38,12,53,7,5,11,37
60,16,19,28,40,37,5,34,29,10,17,46,33,7,30,26,52,11,18,1,8,56,35,24,36,49,25,3,32,44,50,38,22,62,61,58,45,59,12,39,2,63,13,0,57,43,27,9,42,48,23,4,41,51,14,54,6,47,21,20,15,55,31,53
0,54,26,44,57,32,63,19,51,3,55,18,1,48,53,49,37,52,4,14,39,22,38,10,12,56,24,40,27,61,45,36,47,41,31,13,62,21,16,28,29,59,42,5,9,50,15,20,8,30,60,33,25,17,46,23,43,7,11,34,58,35,2,6
15,35,12,29,34,8,1,25,13,55,5,47,62,44,2,61,32,11,24,33,49,4,48,54,60,23,45,18,9,30,40,31,6,63,57,28,56,36,10,41,16,3,14,59,19,37,27,21,7,38,42,22,26,20,39,58,51,17,43,53,0,52,46,50
50,53,15,55,22,56,45,30,2,1,39,17,36,35,24,44,59,9,62,8,32,61,58,43,14,38,27,29,41,34,16,18,11,13,46,12,42,31,48,49,63,23,33,5,20,57,60,10,26,40,19,4,25,28,52,21,0,6,54,51,37,47,3,7
40,45,33,3,55,12,21,5,17,57,52,38,50,59,30,56,60,6,0,34,10,19,49,11,54,8,42,35,16,14,29,53,39,24,32,26,4,36,20,46,51,37,25,28,31,58,41,18,23,63,62,2,15,7,27,43,9,47,13,22,1,48,44,61
30,50,1,13,11,41,57,48,32,29,36,52,22,56,46,35,5,43,4,60,8,58,12,25,16,3,38,45,61,31,23,14,42,26,40,33,2,0,54,20,51,34,15,18,7,19,27,39,9,59,10,6,47,53,37,28,49,24,63,21,17,55,62,44
55,35,25,8,63,30,0,20,61,52,62,41,58,13,11,3,16,56,9,36,53,46,50,59,22,19,14,33,6,17,23,18,57,5,54,10,28,43,39,21,7,37,47,40,24,51,12,34,4,1,42,31,45,27,60,2,32,48,38,44,29,15,49,26
26,35,44,29,21,6,25,42,10,19,24,16,46,30,17,49,41,27,0,60,53,34,54,56,50,32,47,22,45,9,52,23,62,3,28,11,14,2,38,37,20,55,15,12,39,48,5,61,58,31,4,40,8,36,1,59,51,18,57,13,7,33,43,63
59,60,58,50,25,10,8,24,2,31,4,46,18,20,55,26,34,33,5,37,63,9,29,48,47,27,21,36,1,32,45,41,6,13,52,30,12,15,39,57,40,22,43,44,35,16,0,28,11,54,62,23,61,56,17,49,14,19,53,42,7,51,38,3
48,61,30,45,2,43,34,58,1,57,26,21,39,37,54,47,46,23,19,41,59,6,50,33,28,18,5,42,44,9,31,32,52,12,11,35,8,14,56,36,13,29,27,62,63,51,16,53,17,10,49,15,22,0,38,60,7,20,55,40,25,4,3,24
30,59,25,41,3,58,44,8,37,56,27,23,0,9,52,55,45,48,63,36,32,47,46,24,31,51,49,57,22,4,34,54,20,16,39,38,1,26,60,28,62,12,40,7,18,33,17,14,2,21,43,6,19,61,13,50,42,10,29,53,5,11,35,15
46,19,11,51,38,29,59,52,42,8,1,9,26,28,24,15,12,47,7,39,50,10,21,20,34,57,14,17,22,13,37,2,33,40,49,45,32,3,54,44,53,31,62,60,36,23,56,58,55,41,4,0,35,48,18,43,6,63,30,27,5,61,16,25
6,63,38,20,7,58,47,55,52,40,36,3,33,35,9,59,24,45,30,15,46,10,56,17,1,51,53,21,29,18,25,26,49,50,41,31,34,48,42,43,54,60,22,19,28,4,27,13,32,44,57,62,16,2,8,5,14,23,0,37,39,11,12,61
44,63,20,2,23,9,22,34,40,31,37,45,55,19,42,0,48,49,7,51,62,18,32,30,4,50,12,13,46,58,15,1,8,53,36,27,10,35,59,56,11,39,17,6,28,24,25,61,38,60,57,33,5,43,47,41,16,52,54,21,3,29,26,14
10,17,42,9,56,54,58,5,34,18,25,39,40,28,35,52,32,15,45,60,2,30,14,44,57,33,19,59,29,23,63,62,53,47,20,3,8,7,27,31,37,11,48,21,61,38,0,43,55,1,50,46,49,41,12,51,36,4,22,24,26,13,16,6
35,49,31,56,16,23,63,55,53,36,33,10,59,61,18,0,42,3,57,4,37,9,58,21,51,19,12,46,1,43,2,60,5,26,48,30,15,6,8,22,28,47,13,62,29,25,17,24,27,14,41,34,7,38,40,11,20,52,50,32,44,39,45,54
52,39,45,37,47,35,53,15,5,38,16,3,19,36,20,49,28,17,63,42,27,62,34,54,30,11,55,32,13,7,22,12,0,6,43,21,56,57,60,58,10,61,59,18,24,51,48,41,26,9,1,14,2,23,4,31,50,29,46,40,44,8,33,25
46,47,52,17,21,23,59,0,56,49,54,4,62,24,3,8,63,55,12,34,28,14,25,26,35,29,13,57,32,15,27,39,11,60,48,10,61,43,7,1,58,20,44,5,41,37,16,33,31,38,53,50,18,42,30,36,45,22,19,2,40,6,51,9
43,21,12,34,5,9,32,58,27,50,13,30,44,40,61,24,37,11,53,28,29,4,55,36,2,0,41,47,22,8,51,59,56,39,23,63,1,15,49,31,26,18,6,42,20,10,33,38,60,62,48,3,14,17,7,16,46,52,45,25,57,54,19,35
10,1,25,7,29,4,0,44,23,20,45,48,19,13,57,31,38,34,55,27,63,8,40,33,28,37,52,50,35,58,36,5,9,61,3,59,54,2,42,12,53,32,22,51,60,41,16,18,46,11,62,6,14,47,43,56,39,15,24,21,49,30,17,26
12,15,48,8,18,55,3,17,40,1,63,21,27,16,20,5,4,22,58,57,11,47,36,33,14,0,41,59,42,43,25,60,49,32,29,6,31,56,30,19,44,51,2,61,26,24,9,28,10,7,45,53,54,38,37,35,46,13,34,52,50,39,62,23
14,38,43,2,45,60,17,12,59,51,37,16,58,21,0,61,13,30,3,9,22,32,4,34,56,1,35,27,53,11,42,44,55,5,48,41,47,52,54,18,26,31,50,8,25,57,7,39,6,24,15,62,20,19,29,49,33,46,10,23,28,63,40,36
40,18,32,17,3,56,26,23,30,35,15,36,53,2,58,33,0,60,22,19,28,4,34,29,57,47,41,7,8,51,1,24,50,10,31,25,46,16,42,38,61,27,62,14,48,52,11,45,63,13,20,54,59,6,37,39,12,43,9,55,49,5,21,44
46,23,26,1,22,49,15,51,2,3,10,28,20,33,60,13,53,21,31,18,7,55,24,54,6,35,34,9,59,25,42,50,8,62,39,38,37,0,63,5,29,40,17,47,43,41,36,16,44,56,52,4,58,19,61,32,48,12,14,57,30,11,45,27
34,19,60,14,30,9,50,58,0,24,1,3,49,20,29,39,23,13,25,63,26,59,53,41,32,44,56,46,2,8,38,42,48,37,4,31,43,55,21,5,22,62,18,10,36,27,12,45,33,15,51,11,61,35,40,17,47,6,52,54,7,16,28,57
1,2,63,50,30,11,59,51,60,7,39,28,17,4,44,46,24,8,48,5,57,47,27,29,62,38,10,31,52,33,19,61,0,35,13,56,25,20,21,43,37,6,49,42,9,23,41,22,12,16,54,36,58,18,15,40,53,34,14,55,32,45,3,26
52,26,3,32,23,41,51,16,20,29,53,57,60,0,17,40,62,63,1,7,58,2,22,11,36,42,5,9,30,49,37,6,12,55,35,61,59,13,8,38,27,44,54,18,10,25,14,33,24,47,45,21,28,46,31,39,48,34,4,43,15,56,19,50
45,47,27,57,2,50,54,26,8,52,33,1,48,35,43,55,6,36,30,53,21,7,29,59,0,20,24,32,40,42,14,37,9,38,31,3,51,41,56,16,28,5,49,4,17,46,44,60,13,10,15,12,19,25,61,63,58,34,11,18,39,22,62,23
54,28,46,59,2,3,10,37,38,8,60,50,34,4,1,47,27,29,15,55,16,42,9,33,19,45,56,17,0,31,40,51,13,21,26,11,57,6,7,62,39,22,52,12,63,44,61,49,24,58,14,20,25,41,18,53,35,32,23,48,43,30,36,5
53,35,41,46,56,7,44,28,22,58,49,40,3,24,38,20,9,13,32,27,31,43,16,18,12,59,11,62,6,5,52,8,37,48,55,19,30,60,17,63,15,61,21,0,39,2,34,26,45,47,57,54,33,51,42,14,25,1,10,36,23,4,50,29
37,40,13,4,48,47,41,56,14,15,10,57,42,29,60,17,46,9,27,33,1,63,25,16,51,55,31,50,59,24,30,28,54,53,36,39,2,44,45,3,34,19,32,8,7,38,21,26,52,43,0,61,62,58,11,35,5,12,49,20,22,23,18,6
36,51,40,53,5,38,62,29,35,48,2,20,11,58,31,43,44,30,22,23,17,8,46,1,59,25,49,24,32,0,18,10,34,14,26,57,56,12,37,39,42,54,33,3,47,27,50,13,55,6,45,41,16,15,60,28,21,19,7,52,61,4,63,9
47,9,32,55,23,61,18,26,5,17,62,6,50,30,63,29,12,16,48,14,0,8,37,52,38,2,41,1,7,35,59,33,15,43,44,10,19,51,13,39,21,20,45,60,49,40,24,4,11,54,3,42,57,36,28,34,46,53,25,22,58,56,31,27
18,50,49,32,58,19,9,27,56,6,59,2,53,38,25,46,17,12,39,47,10,22,36,61,24,51,15,57,33,37,34,20,7,40,55,60,0,13,63,48,8,21,5,62,16,26,42,14,11,44,1,35,43,30,52,29,3,45,41,23,28,31,4,54
12,38,40,2,18,34,19,21,42,54,59,35,1,58,46,63,20,30,14,10,62,29,47,5,39,52,48,31,6,17,41,16,33,32,53,3,11,25,56,60,7,45,51,9,50,24,37,8,15,22,61,44,27,57,26,13,4,36,23,55,43,49,28,0
12,43,19,5,56,44,22,1,61,6,57,54,28,30,7,15,45,35,0,63,24,60,32,31,4,41,49,10,58,17,11,25,47,50,29,46,55,59,9,23,38,36,53,8,40,51,14,33,3,34,16,26,27,39,62,37,2,48,20,18,21,13,42,52
54,38,19,47,40,59,27,45,3,22,37,7,53,0,48,15,35,1,16,60,49,46,28,30,13,12,4,58,29,24,33,62,5,11,8,32,41,43,63,17,20,9,56,55,44,34,18,42,31,61,10,6,57,14,21,23,39,36,2,52,50,26,51,25
54,19,40,29,33,4,36,1,49,28,48,20,35,5,43,7,45,38,0,59,60,63,3,34,57,42,53,39,6,56,51,22,50,16,25,24,31,14,27,30,13,37,52,44,10,47,62,8,61,32,55,23,58,18,17,21,9,26,12,11,41,2,46,15
9,55,18,45,28,13,5,54,19,12,60,38,44,48,21,56,4,33,31,3,43,46,37,27,53,2,34,62,26,42,32,49,36,58,8,30,25,47,22,10,6,52,11,20,40,61,23,41,0,57,51,17,29,63,24,14,15,16,35,39,1,7,50,59
50,24,17,20,12,11,48,46,37,0,57,15,3,56,6,43,9,35,18,22,49,42,63,55,33,59,51,13,8,34,23,40,53,58,25,61,60,31,19,1,45,4,30,62,36,7,39,26,16,41,2,21,52,54,44,38,5,14,47,27,32,29,10,28
58,3,56,28,59,43,63,36,6,39,52,12,47,8,21,1,44,11,22,49,38,10,33,7,46,27,9,48,13,23,4,54,34,35,24,5,42,16,2,50,30,25,31,61,37,41,18,14,19,0,62,26,20,40,45,17,53,51,29,55,15,32,60,57
14,35,13,22,20,31,30,8,1,57,48,59,38,43,0,55,28,6,27,9,15,26,24,23,49,5,36,32,3,39,33,56,19,52,47,40,4,17,51,10,21,53,46,34,62,16,63,44,61,41,18,37,42,11,25,12,29,2,50,45,7,54,58,60
23,27,53,54,52,24,60,2,18,39,32,47,5,28,9,40,45,59,6,34,43,7,12,33,35,50,3,14,11,4,26,13,44,42,21,57,38,16,61,29,48,41,1,58,22,15,62,55,63,19,56,37,36,30,31,51,0,20,46,49,8,17,25,10
24,43,62,2,50,22,11,29,58,56,51,40,60,63,10,4,1,13,36,7,42,32,18,6,35,55,49,16,44,9,45,37,47,28,48,31,52,27,54,34,39,53,20,30,33,41,12,57,23,46,38,21,0,15,17,59,14,25,19,8,3,26,61,5
27,53,43,57,47,45,24,20,56,50,25,21,59,23,5,2,32,8,18,42,34,33,3,46,37,29,7,58,0,36,12,48,26,44,15,14,52,40,10,11,6,49,30,19,35,54,31,16,13,4,55,39,63,41,38,62,51,28,1,61,60,22,17,9
62,23,20,0,39,24,61,1,37,22,3,29,47,7,33,58,34,12,11,46,18,6,27,19,51,2,60,41,43,48,4,55,31,53,25,30,35,44,54,56,26,36,45,9,5,40,16,28,15,52,57,14,17,42,8,10,49,21,38,59,63,13,50,32
5,29,25,16,7,20,32,56,4,60,48,57,17,43,59,61,34,22,18,37,26,33,41,12,62,19,3,10,2,63,54,9,8,40,11,23,52,6,0,45,39,36,58,38,55,24,27,21,1,44,15,13,31,50,28,30,46,47,14,53,49,51,42,35
61,5,33,15,21,2,53,51,60,12,45,17,26,13,27,10,32,19,42,57,41,54,35,38,49,39,59,47,58,18,3,30,0,20,48,37,62,6,11,25,44,28,43,14,7,50,34,24,1,29,4,40,8,63,22,46,9,55,52,36,31,56,23,16
9,29,33,46,63,32,55,62,5,7,19,1,3,0,40,52,45,61,2,38,13,37,26,18,36,11,24,60,41,34,35,54,57,58,30,20,59,39,15,16,22,10,56,28,43,49,44,27,14,31,42,25,17,23,21,51,12,50,4,6,48,53,8,47
20,43,45,55,17,51,10,63,50,28,33,3,27,19,16,49,12,22,46,58,56,36,52,14,53,29,48,34,40,8,21,15,61,60,57,38,31,32,6,44,11,59,4,35,5,1,26,37,0,30,7,39,62,54,18,23,41,42,9,24,47,25,13,2
36,32,39,44,45,14,59,37,50,9,0,10,7,1,13,29,26,54,52,53,4,28,40,16,33,35,18,41,58,61,30,63,5,55,60,62,24,46,6,20,8,48,22,43,25,15,47,56,21,51,19,17,12,38,42,31,34,57,3,49,11,2,27,23
26,36,6,7,31,43,35,13,14,56,24,41,62,29,48,37,30,2,47,20,1,54,49,38,3,11,55,40,19,28,33,18,15,51,39,63,27,58,5,17,10,4,8,9,42,44,57,16,23,59,52,0,12,53,32,46,61,22,34,21,45,60,25,50
61,22,62,31,50,41,25,45,28,17,1,5,44,7,0,43,59,32,9,56,2,18,46,30,52,14,37,21,39,8,38,12,54,23,13,4,19,11,24,63,48,27,26,16,60,33,40,57,49,35,51,55,36,3,15,10,6,20,58,34,29,42,53,47
25,63,26,48,17,34,18,1,19,15,45,7,9,2,41,44,40,27,35,49,36,57,12,4,32,28,39,10,60,11,38,0,3,50,23,62,52,30,21,55,58,6,56,31,51,43,54,59,22,42,53,47,61,13,5,20,14,33,29,16,37,8,24,46
30,26,15,56,22,55,32,44,1,18,37,14,0,53,42,20,61,6,23,13,57,10,28,62,33,24,45,34,16,2,3,5,41,43,47,12,25,19,52,17,63,50,36,27,59,60,48,58,11,31,4,49,40,35,29,51,54,7,21,46,9,39,38,8
61,21,10,48,59,43,44,39,18,24,15,60,31,5,63,26,13,38,6,40,32,45,57,14,53,11,41,62,30,33,9,3,19,47,2,16,55,50,29,37,20,17,1,27,8,4,25,22,52,7,46,34,0,56,23,42,12,49,51,36,58,35,28,54
32,2,33,61,62,56,6,17,22,55,10,46,20,54,7,31,0,13,39,11,34,16,28,4,43,60,38,9,59,24,58,63,14,49,29,42,30,41,47,25,50,8,35,18,40,23,19,51,45,12,15,5,52,27,36,53,26,37,21,57,44,1,48,3
39,50,30,55,3,19,4,36,10,1,13,59,2,26,16,58,57,15,25,7,41,31,34,29,62,54,14,18,53,20,49,38,46,43,61,21,32,56,27,47,11,48,44,37,42,52,40,60,0,22,17,33,5,9,35,24,8,6,23,51,28,63,12,45
46,25,44,50,1,43,16,32,35,39,55,17,10,4,23,45,6,60,7,52,11,3,37,28,48,8,34,19,54,49,51,26,36,29,13,61,57,38,15,21,53,41,22,2,27,0,30,62,31,42,5,20,9,14,18,63,58,33,12,24,56,47,40,59
41,57,21,44,29,50,36,11,13,53,32,54,42,0,26,30,6,22,38,3,15,33,14,49,24,7,59,2,1,12,55,27,20,34,51,17,62,40,4,19,16,52,39,63,31,58,43,35,47,56,10,60,8,5,45,18,61,9,46,23,25,48,37,28
50,3,49,1,39,43,34,14,47,5,62,18,45,30,27,61,29,57,55,46,8,7,12,16,2,48,24,28,13,25,35,40,60,63,21,37,56,42,19,26,10,58,54,38,4,31,59,0,9,32,36,23,52,17,44,41,15,6,51,20,53,22,33,11
15,1,38,19,12,55,11,31,8,33,5,2,32,56,48,4,44,51,3,37,30,40,50,57,24,13,34,20,61,0,14,35,18,42,26,45,28,49,59,36,9,63,22,43,21,41,54,6,53,60,23,27,7,46,29,62,52,16,25,39,17,58,47,10
38,22,62,28,34,5,32,33,27,14,29,57,40,48,21,44,10,8,54,30,4,59,63,47,17,1,56,53,35,24,12,3,45,37,13,18,19,31,52,39,11,25,2,42,0,50,60,46,16,23,7,49,15,26,36,55,43,51,9,61,6,20,58,41
40,13,15,17,6,25,21,51,32,4,39,56,9,11,41,8,29,55,47,2,49,63,1,38,54,26,0,19,42,46,36,14,22,60,7,20,44,31,34,48,33,3,45,35,59,10,12,24,50,62,58,43,52,37,16,28,27,18,57,5,30,23,53,61
63,59,57,33,27,44,51,38,30,10,0,22,55,9,7,11,20,26,47,19,53,13,37,16,54,58,2,31,60,40,29,56,48,15,8,12,1,50,28,5,24,21,25,49,46,61,3,34,23,43,18,17,6,36,4,35,41,39,45,62,32,52,14,42
42,31,39,28,19,16,49,7,34,14,41,32,13,30,26,57,5,58,25,35,62,4,44,43,15,50,21,22,12,46,59,11,40,23,20,6,0,51,9,8,2,47,63,45,54,36,55,48,38,33,52,27,24,56,60,1,10,3,61,53,29,37,18,17
32,21,62,31,37,23,46,35,26,0,27,36,24,33,20,25,39,44,41,55,12,18,13,61,16,47,8,49,19,43,22,9,17,28,40,58,30,42,52,2,34,56,50,14,57,3,6,48,15,51,11,45,59,60,4,1,38,54,29,5,7,63,53,10
57,10,40,22,61,23,17,4,53,48,31,35,28,41,58,13,54,29,26,47,50,33,39,36,19,11,21,12,9,15,25,2,43,59,42,7,30,56,27,45,37,51,6,49,0,63,34,32,5,8,20,1,60,38,3,55,46,62,44,24,14,52,16,18
8,49,14,29,47,28,56,11,51,19,26,52,4,3,45,12,39,5,38,41,57,32,40,6,63,24,25,61,34,20,7,17,35,53,46,62,44,23,0,54,60,55,2,21,30,37,10,50,31,59,22,9,36,42,1,27,33,48,58,15,43,16,13,18
21,40,49,50,46,9,13,38,55,12,41,36,58,44,30,59,14,19,27,60,35,43,6,23,52,11,31,32,20,37,42,29,28,63,61,17,54,4,51,25,15,5,1,53,57,2,22,8,62,33,47,3,48,56,26,45,34,39,10,18,16,24,7,0
50,9,45,55,27,47,44,59,4,34,53,29,28,6,8,57,16,1,61,54,20,15,33,63,17,56,3,38,60,22,18,52,25,26,49,43,62,48,11,0,36,7,13,10,31,21,58,32,42,24,23,51,14,5,37,19,30,35,2,46,41,40,39,12
7,13,48,22,8,49,4,9,58,14,38,33,47,40,5,53,34,61,12,2,46,16,56,37,15,1,25,3,60,20,52,43,28,57,35,63,45,21,24,32,27,59,0,39,30,17,23,51,50,36,6,42,41,26,19,44,55,18,62,29,31,10,54,11
13,18,10,42,6,4,57,12,7,44,36,3,22,34,15,48,55,23,28,16,37,27,35,43,61,54,58,30,40,17,21,51,53,5,0,29,45,8,46,50,11,24,33,63,26,31,59,20,41,39,2,60,56,25,38,32,47,52,62,14,49,9,19,1
9,43,26,60,50,52,2,39,6,41,24,34,36,53,55,28,40,30,32,23,17,0,15,46,51,44,38,20,48,57,14,29,58,22,1,10,12,33,18,21,47,5,49,45,31,16,62,4,7,8,63,35,27,59,13,25,11,19,37,61,3,56,54,42
15,26,32,48,53,27,21,33,50,60,7,51,36,44,8,13,43,24,30,25,47,31,63,52,16,11,22,38,56,28,3,9,35,12,34,46,37,2,19,57,61,49,58,20,5,29,54,59,41,0,1,55,42,10,39,18,62,23,6,45,4,40,14,17
61,13,4,55,21,27,60,45,3,46,0,50,48,9,17,30,34,43,49,6,25,63,11,32,36,52,18,53,31,5,10,15,24,57,14,40,12,29,47,54,20,35,58,59,56,28,42,41,33,8,19,7,22,23,44,2,16,62,39,38,26,1,37,51
22,35,4,19,49,50,55,24,42,63,39,10,12,21,1,5,9,7,32,8,29,16,40,51,31,23,38,47,53,28,62,20,6,59,26,54,45,30,15,60,18,13,2,37,44,56,46,11,25,41,0,33,61,48,57,27,43,34,52,14,58,3,36,17
21,22,8,49,5,32,48,57,20,14,35,9,28,13,62,15,7,24,6,50,25,10,60,63,40,11,45,47,56,29,26,59,23,46,12,3,39,42,44,18,51,16,52,0,61,34,37,1,43,58,38,2,27,17,30,19,31,54,33,41,4,55,36,53
59,26,15,6,16,7,38,22,25,62,18,39,61,58,60,13,30,54,56,12,53,21,41,55,17,29,34,40,43,57,28,47,20,48,0,3,49,9,31,33,4,27,36,46,42,1,23,14,19,8,5,51,24,35,52,63,11,37,2,10,44,45,32,50
19,3,49,22,29,36,54,32,10,18,13,59,53,24,27,33,9,39,48,44,55,20,50,35,46,8,17,60,14,31,21,47,62,41,23,58,45,5,52,30,63,7,61,0,56,34,16,4,38,15,57,26,25,42,6,37,51,28,12,43,40,11,1,2
58,2,22,1,49,41,21,62,44,5,27,31,59,52,55,36,50,10,46,39,53,19,40,6,29,34,54,30,47,56,61,42,9,25,33,45,18,48,26,63,11,16,17,32,51,20,7,24,28,8,38,0,12,13,37,57,4,43,60,35,23,3,15,14
42,6,22,21,30,34,33,35,48,20,27,10,28,2,16,57,32,3,15,46,25,36,31,38,18,9,5,29,23,0,55,49,8,4,63,14,54,59,19,13,17,24,58,41,7,60,53,40,62,50,11,44,12,61,39,43,51,45,37,1,26,56,47,52
32,5,46,0,34,2,27,4,19,35,20,63,45,11,47,57,49,1,25,18,48,37,16,42,30,13,29,41,39,21,22,12,8,24,36,3,50,62,40,6,60,28,61,54,55,23,43,53,51,17,52,7,38,58,59,15,14,26,56,9,44,10,31,33
57,36,52,16,35,39,60,6,1,3,53,7,12,26,25,0,48,18,22,33,11,21,50,59,31,20,40,29,10,38,32,28,45,5,23,43,51,24,56,14,17,41,47,55,13,49,4,19,54,62,34,42,46,37,44,9,8,15,61,63,30,2,27,58
32,10,25,38,5,9,15,46,59,44,50,19,12,45,61,39,55,6,13,63,57,7,24,52,20,2,4,58,28,16,48,8,53,51,35,14,26,34,43,0,47,30,40,1,33,17,31,22,3,21,62,54,42,56,27,18,29,23,37,41,49,60,11,36
63,35,41,12,47,2,58,38,29,22,23,51,3,48,26,15,34,36,33,16,9,13,59,21,57,40,37,10,62,60,17,20,11,42,52,18,53,4,43,61,25,30,7,31,14,19,45,1,24,50,55,54,32,8,39,46,6,56,0,49,5,27,44,28
38,51,19,7,26,35,30,45,27,12,33,28,34,58,11,3,2,17,56,23,8,15,4,47,18,29,48,10,13,44,25,14,53,24,50,41,55,57,21,36,40,42,62,5,1,63,39,59,46,22,61,16,54,20,52,0,60,43,32,6,31,9,37,49
25,26,59,53,19,24,17,14,6,21,62,41,33,4,0,42,37,46,16,23,18,22,51,50,47,57,7,15,2,38,20,43,45,5,29,3,11,61,49,48,28,35,52,34,32,54,31,27,56,30,8,9,63,12,55,13,44,58,60,40,10,36,1,39
29,33,24,46,15,59,34,38,43,25,19,32,57,11,4,16,37,7,36,35,48,62,44,13,21,54,10,50,61,18,63,1,53,40,17,14,0,51,56,9,22,2,60,41,42,20,58,45,26,23,6,31,47,8,5,27,3,28,39,12,55,30,49,52
14,46,52,28,30,39,12,37,61,49,22,1,23,2,43,40,54,35,51,18,17,27,53,8,47,4,55,38,21,19,16,20,24,29,63,41,59,0,7,45,50,25,31,62,34,36,13,10,32,9,33,48,15,42,3,44,26,57,6,5,11,60,58,56
49,51,6,16,45,26,39,56,23,41,25,4,62,3,40,43,29,59,13,31,58,44,15,9,7,53,35,32,55,1,61,18,63,14,46,28,54,17,8,57,24,33,38,60,42,12,22,19,0,50,27,21,37,30,36,34,47,20,11,5,2,52,10,48
48,20,17,1,56,60,3,10,41,9,8,38,33,27,7,57,44,43,51,2,63,54,49,40,19,34,62,22,23,46,15,6,18,36,50,24,61,42,37,13,25,26,53,4,14,47,16,58,12,30,21,11,29,39,55,5,45,35,52,28,59,0,32,31
35,44,38,10,27,63,6,32,1,2,22,55,15,5,50,4,60,62,54,41,40,46,59,28,9,18,43,7,14,49,17,48,8,37,19,58,34,11,0,56,53,21,23,25,47,36,39,3,29,24,20,16,26,12,33,30,57,42,45,31,51,13,52,61
13,45,41,10,20,42,50,5,33,28,18,43,49,6,29,48,34,11,54,24,26,27,14,31,22,19,62,46,35,60,32,58,25,39,59,61,12,7,38,40,47,1,0,51,53,21,17,36,63,57,52,55,4,44,16,23,30,8,15,3,56,9,37,2
9,22,19,46,28,7,51,32,54,61,2,5,24,25,44,34,38,40,55,52,4,43,1,18,53,29,35,8,37,12,41,13,21,10,42,26,36,59,60,45,56,49,62,58,16,27,30,39,47,11,15,48,14,63,57,3,17,20,23,50,6,0,33,31
21,36,2,39,24,22,29,31,41,18,27,33,12,8,50,44,38,5,14,54,63,58,60,32,3,46,25,59,40,20,17,4,13,16,47,45,48,42,35,19,15,61,10,0,43,56,52,6,28,51,11,55,9,37,26,57,49,7,30,23,53,1,62,34
49,10,16,6,50,5,58,21,48,37,38,29,15,33,3,43,34,24,45,57,27,0,22,28,59,31,36,11,12,44,52,60,46,17,2,40,26,4,41,39,19,25,9,54,51,14,55,30,32,63,42,35,7,47,56,1,62,23,20,61,13,18,8,53
5,25,10,31,32,2,14,47,27,48,42,35,52,11,23,17,8,57,13,24,59,43,12,60,58,21,56,50,61,18,30,16,15,34,26,22,9,39,46,37,45,28,49,0,19,38,63,51,40,33,44,62,36,55,54,29,4,20,6,53,7,41,3,1
4,27,7,45,10,51,59,32,22,53,39,6,3,2,46,15,1,14,23,24,44,16,28,25,8,20,61,0,29,54,37,48,50,43,5,38,40,35,26,55,12,47,33,19,58,41,34,9,21,60,42,17,36,49,11,30,56,57,13,31,62,63,18,52
25,24,13,40,21,8,1,16,14,23,54,11,60,52,4,0,43,61,59,35,58,7,5,48,33,37,38,46,56,51,62,44,50,36,63,31,29,57,6,9,10,30,15,45,2,28,19,32,34,12,42,49,47,17,18,3,22,55,20,41,27,39,26,53
17,42,51,1,53,8,27,0,55,48,6,24,20,19,63,7,2,38,26,62,56,59,46,52,10,21,43,40,12,23,35,29,28,15,4,34,58,36,45,54,14,50,44,49,39,41,16,25,11,31,13,47,32,9,3,22,5,30,33,60,61,37,18,57
25,33,3,53,5,63,50,41,37,27,10,6,15,51,0,14,48,42,22,54,18,55,34,21,61,19,12,62,45,56,17,11,39,20,59,58,9,49,1,16,47,24,29,32,30,23,8,46,57,60,7,13,28,44,4,35,38,43,40,2,26,36,52,31
60,15,34,20,14,1,22,30,57,51,17,0,44,21,13,56,28,3,59,55,47,29,37,48,2,38,36,4,52,26,63,50,27,6,25,54,39,9,7,31,5,11,43,46,49,40,12,23,24,61,41,32,42,8,16,18,19,53,33,58,35,45,10,62
21,11,13,25,32,38,23,15,58,34,52,42,20,48,57,45,17,2,46,35,12,22,8,18,9,31,62,63,53,10,6,44,55,24,47,4,28,61,37,1,54,14,29,7,27,30,3,40,5,39,51,43,59,36,19,41,50,49,16,33,60,0,56,26
56,26,57,24,14,6,20,54,30,7,43,4,42,0,3,27,51,47,60,21,58,62,29,10,61,35,37,5,34,8,19,53,44,31,38,9,1,15,36,12,28,18,13,17,33,49,52,50,23,25,22,45,48,55,41,16,2,11,63,32,46,59,40,39
50,2,39,45,46,11,47,19,55,29,8,1,43,27,20,30,60,36,42,10,56,62,57,13,17,54,5,3,16,7,25,63,21,61,28,15,32,38,18,9,12,24,26,35,40,22,23,6,53,41,59,33,0,31,14,52,34,4,51,58,37,49,48,44
3,39,1,13,31,21,45,2,5,49,10,48,28,33,7,32,52,50,22,4,53,27,60,62,0,15,57,38,29,44,18,17,63,8,14,36,56,20,59,11,24,12,6,34,55,58,19,37,9,41,26,35,61,23,54,40,43,46,16,47,30,25,42,51
31,2,26,21,38,5,15,7,30,13,47,62,24,61,0,4,35,54,37,18,58,6,45,27,49,23,17,53,3,36,51,9,22,28,20,57,10,46,1,14,42,11,56,60,25,55,19,32,41,8,50,59,52,40,48,39,34,16,63,33,44,29,43,12
58,56,11,12,37,35,63,47,61,8,26,31,38,7,23,53,9,6,43,10,44,16,21,40,34,33,13,15,18,41,20,22,32,48,45,62,19,25,60,28,55,52,1,0,29,51,57,59,30,27,24,39,42,5,49,3,50,46,17,54,2,4,36,14
18,44,35,61,28,29,55,4,14,33,6,15,19,8,24,52,0,43,36,38,20,39,12,56,53,32,22,5,3,63,9,45,30,54,58,42,47,16,62,34,37,51,21,23,48,13,57,26,49,17,27,40,1,7,46,11,50,10,31,41,60,59,2,25
29,40,56,39,34,59,24,61,49,6,62,3,2,33,45,31,52,14,16,57,15,37,26,55,8,51,12,17,44,11,19,41,9,10,58,48,28,46,20,23,18,22,35,63,47,0,1,4,60,32,43,53,50,36,13,7,54,38,30,25,5,27,42,21
6,49,28,58,17,57,34,42,19,50,47,30,63,33,37,60,45,20,52,26,24,1,54,18,61,12,16,7,55,35,0,62,41,40,2,43,36,8,25,32,38,22,39,44,29,48,31,23,14,56,53,15,59,4,46,10,21,51,27,3,5,11,9,13
25,44,39,4,35,50,0,27,3,40,55,33,60,61,45,56,23,58,26,46,2,47,1,59,10,31,13,20,36,34,29,11,32,38,57,48,51,52,53,54,15,41,6,16,19,9,62,37,5,63,43,42,30,22,17,24,12,49,7,8,21,14,18,28
62,16,20,39,22,57,11,42,6,15,50,2,17,41,48,7,55,43,58,54,59,53,63,13,19,56,52,0,36,44,38,32,21,14,30,3,45,1,4,51,61,33,25,24,46,40,5,28,9,29,37,27,23,8,35,60,26,31,18,47,12,10,34,49
39,13,37,62,63,5,28,12,31,32,50,49,8,7,34,51,47,54,35,44,40,14,2,23,46,52,58,53,26,19,25,0,33,59,55,45,4,61,48,15,22,9,18,21,10,24,6,57,11,36,20,3,17,38,41,43,60,42,27,1,30,56,16,29
54,33,50,58,4,36,55,43,41,25,13,44,34,47,12,63,23,10,53,7,28,17,8,31,56,59,0,38,21,52,37,1,22,18,29,20,60,3,27,57,5,32,62,42,48,2,15,30,16,46,19,49,14,39,26,24,11,61,6,9,35,45,51,40
7,30,57,49,3,26,14,40,23,39,36,27,6,33,12,15,48,17,54,31,58,56,2,16,62,52,61,18,45,47,38,29,63,37,60,22,8,42,51,25,44,43,55,46,0,5,53,32,4,1,34,9,10,13,24,41,21,50,19,28,35,59,20,11
52,62,53,0,36,56,16,59,23,47,11,25,30,46,39,29,5,55,38,9,22,40,8,24,17,60,61,50,21,7,35,28,1,57,14,43,12,37,15,63,10,34,3,19,45,6,32,31,42,48,13,2,33,41,49,58,27,20,18,54,4,51,26,44
36,7,40,63,9,6,44,19,57,41,49,55,22,18,32,54,48,1,24,35,45,28,14,5,31,3,20,38,50,30,10,29,2,61,25,53,27,60,21,13,37,62,0,17,11,8,33,23,56,16,43,15,34,4,39,58,47,52,51,42,59,12,46,26
2,46,23,52,6,15,58,62,4,9,57,12,31,1,60,49,25,24,54,30,10,47,33,35,63,26,22,27,16,48,39,37,42,8,56,36,19,3,14,13,61,34,20,29,51,38,17,50,28,40,53,0,18,11,59,45,21,32,41,5,55,7,43,44
44,15,49,16,50,2,9,27,18,62,43,60,40,51,55,26,52,48,8,24,58,37,23,13,10,32,47,34,12,38,61,6,35,11,54,25,63,19,41,33,30,5,28,1,45,57,36,14,0,7,46,39,31,29,59,21,42,53,17,3,22,56,4,20
41,12,55,60,16,23,51,49,9,21,52,43,37,48,11,24,26,34,13,58,32,44,47,61,10,54,17,6,63,59,18,38,15,56,5,39,8,33,3,14,50,42,7,22,46,31,36,19,25,53,27,0,4,62,35,28,45,30,1,2,29,20,57,40
4,3,8,50,11,40,21,25,2,23,36,52,35,46,56,61,14,16,27,7,19,0,20,10,59,41,39,42,63,53,58,34,54,15,22,33,12,18,55,24,62,47,28,60,44,31,30,6,1,17,43,51,38,13,37,49,45,29,32,48,26,5,57,9
49,3,33,15,8,21,13,63,62,36,37,14,54,26,9,51,28,34,12,2,48,52,60,6,20,17,58,30,42,46,45,35,27,22,23,0,16,47,61,41,38,55,32,31,19,40,4,7,53,50,5,57,56,11,1,25,18,39,43,44,59,10,29,24
17,31,48,39,33,3,25,52,9,43,49,16,4,61,32,53,59,23,54,10,60,40,24,27,51,45,28,21,14,58,15,29,35,20,2,7,22,42,26,19,62,47,37,11,46,63,36,5,18,13,50,44,12,41,6,1,8,38,34,56,0,55,30,57
57,45,49,46,23,37,52,33,55,19,63,51,28,26,12,41,1,53,39,47,13,2,36,62,21,27,56,60,40,50,0,34,22,18,44,14,30,59,31,43,29,8,4,10,42,3,16,15,7,35,6,58,38,32,9,25,54,11,5,17,20,48,24,61
22,63,53,43,49,61,31,44,34,7,30,38,17,24,32,20,21,41,51,29,11,28,13,60,33,26,56,27,12,39,9,18,35,14,1,23,40,58,37,59,4,5,6,45,46,55,10,47,0,42,57,54,52,25,62,15,16,19,50,36,8,3,48,2
14,18,22,16,44,2,54,42,33,9,11,55,5,35,29,8,10,28,23,27,36,31,37,49,15,57,6,1,41,45,43,47,20,26,21,60,0,61,48,58,38,17,32,12,51,50,59,25,19,39,24,46,62,52,34,30,53,3,56,13,7,63,40,4
0,11,15,25,57,53,23,20,43,52,35,3,16,19,17,60,27,40,34,21,7,48,9,14,4,38,18,12,45,2,41,55,8,46,56,58,42,22,33,61,13,5,32,1,59,62,54,30,47,44,26,24,37,49,63,36,10,28,51,39,29,50,6,31
10,25,16,8,35,49,22,9,46,43,17,5,2,34,6,0,52,33,62,21,58,19,14,50,47,32,39,13,29,55,11,45,51,31,57,54,41,3,37,38,26,28,18,44,20,7,61,40,60,4,1,12,27,36,48,42,56,15,63,23,53,59,30,24
57,8,60,23,38,61,44,53,10,12,31,20,46,54,18,41,7,50,36,3,55,58,28,27,42,47,6,0,32,56,39,4,63,52,49,13,21,43,1,40,9,35,19,30,59,25,5,2,48,33,17,11,37,15,14,34,22,45,16,29,62,51,26,24
63,14,51,54,30,43,5,31,21,62,28,33,58,50,46,57,26,19,39,4,6,48,29,10,27,20,7,8,23,60,22,0,16,3,9,44,38,18,53,42,47,41,15,37,24,25,36,45,17,40,1,52,56,35,49,32,11,55,34,61,59,2,12,13
63,5,17,23,1,18,7,38,10,14,43,12,11,48,47,61,25,40,52,58,16,46,34,27,37,9,21,51,33,50,41,28,20,54,3,57,13,32,42,44,45,6,26,36,31,19,62,56,39,30,60,53,49,0,24,8,55,15,22,59,29,2,35,4
44,17,46,0,43,39,47,7,20,27,16,14,50,15,56,26,25,24,37,36,42,4,51,30,21,31,40,58,3,12,62,49,54,22,33,5,32,41,29,11,10,9,48,52,34,57,23,2,38,1,6,28,59,61,13,60,53,55,63,18,45,35,19,8
51,42,16,46,12,37,59,19,36,40,18,27,28,38,23,56,53,9,31,47,32,10,58,5,24,3,52,7,35,60,50,61,20,45,17,13,21,29,49,41,63,11,22,43,1,6,4,0,48,39,26,33,8,57,44,2,14,25,34,15,30,54,55,62
9,6,0,17,11,41,58,3,47,32,8,19,62,27,14,30,10,49,54,46,56,37,60,12,15,61,13,26,5,39,40,36,53,45,21,29,18,16,50,33,43,2,34,35,1,20,28,31,7,48,52,59,51,4,63,44,22,55,24,38,25,57,42,23
3,9,30,45,7,13,5,36,39,43,53,29,62,22,4,26,31,21,1,63,49,12,50,58,41,46,44,2,51,23,0,14,47,48,60,32,61,19,28,33,24,38,59,42,10,16,57,55,25,56,34,54,52,15,8,17,40,11,35,37,27,18,6,20
9,57,61,41,54,50,11,24,10,59,17,47,63,5,36,32,2,0,20,34,22,21,23,44,26,25,43,30,4,53,45,15,49,60,56,7,46,48,13,19,14,62,55,3,39,51,27,29,28,35,6,58,1,31,33,18,52,12,40,38,16,37,8,42
29,7,9,39,5,41,34,45,48,53,33,61,35,6,23,10,38,42,46,49,21,57,14,1,11,47,13,19,43,59,24,32,25,30,16,18,62,17,28,58,63,27,60,56,52,20,37,2,31,51,12,15,55,40,8,50,36,4,26,54,22,3,0,44
15,14,24,59,44,12,34,55,33,25,18,1,43,29,11,41,8,37,49,52,62,22,61,16,56,32,39,5,2,17,26,47,10,57,48,54,20,38,28,19,27,35,23,58,0,3,53,63,6,46,40,60,36,31,50,13,9,51,42,30,7,45,4,21
46,21,30,55,0,29,15,18,41,58,28,17,36,22,49,35,33,44,51,38,31,39,11,56,10,26,32,45,59,5,16,40,1,43,50,48,54,9,12,4,24,25,63,27,20,57,53,37,6,34,14,8,42,52,7,61,62,47,60,13,2,19,3,23
43,12,53,45,49,41,21,59,27,30,36,56,44,29,46,25,17,63,24,50,47,22,58,33,32,16,1,18,9,54,23,55,34,10,4,26,15,7,19,61,60,3,35,11,20,42,2,28,48,40,51,31,52,38,13,0,14,62,8,57,37,6,39,5
21,14,6,41,4,39,45,58,20,24,48,18,56,63,22,53,44,23,15,35,11,61,54,50,7,38,52,43,16,0,32,9,33,28,62,10,49,27,31,59,2,13,30,57,12,40,25,36,29,5,60,8,47,1,26,19,42,3,37,46,51,17,34,55
0,27,8,46,37,36,62,41,12,39,40,57,38,18,43,25,63,54,47,44,6,51,32,10,29,3,13,28,52,9,19,16,61,45,20,50,1,35,31,22,49,5,23,34,24,26,59,55,21,17,30,56,7,15,4,48,11,2,58,14,33,60,42,53
7,11,45,63,57,37,35,1,53,3,19,6,17,27,25,23,26,14,2,40,47,5,49,16,61,33,41,22,36,39,13,55,8,50,4,51,42,34,32,48,10,44,54,28,18,15,30,58,52,31,29,38,59,60,0,56,20,24,21,12,62,46,9,43
42,26,13,57,8,61,10,27,53,52,58,1,5,14,34,31,29,63,49,62,16,21,40,2,17,54,0,35,24,32,47,7,51,46,19,37,41,59,11,39,60,23,33,36,20,38,28,45,43,6,56,50,9,48,18,25,15,4,44,12,30,22,55,3
2,61,24,11,7,36,49,56,52,50,29,30,43,48,54,44,58,32,27,37,22,60,57,6,53,41,19,20,16,39,35,13,34,1,63,3,18,28,5,23,9,0,51,21,62,31,8,33,10,12,38,42,15,4,14,40,46,55,47,25,45,26,17,59
62,20,55,12,45,54,63,33,26,34,24,22,40,53,4,48,18,2,1,16,14,46,15,42,57,25,31,27,11,58,52,29,41,28,60,44,23,50,5,6,10,51,21,47,17,7,35,36,38,43,59,37,9,8,13,3,49,61,19,30,0,32,56,39
53,48,27,7,28,33,0,32,25,12,45,62,40,17,13,50,21,43,57,23,24,18,20,2,19,59,52,16,56,39,5,37,35,26,8,31,41,3,22,1,34,11,55,15,29,51,58,61,14,54,46,4,36,63,9,6,38,10,60,42,47,49,44,30
63,57,18,8,15,41,52,28,26,9,46,45,13,24,25,35,56,23,1,44,47,36,27,0,33,12,51,30,7,53,37,62,6,32,58,3,48,14,61,34,22,17,21,19,2,54,40,4,5,50,59,55,16,60,38,42,43,20,31,49,10,39,29,11
20,49,51,45,46,55,21,58,47,44,24,38,11,15,17,1,28,56,13,41,26,48,27,61,53,23,8,43,22,0,50,6,37,12,33,16,3,36,35,42,5,14,39,10,29,31,30,57,32,60,63,34,9,40,54,19,52,4,7,25,18,59,2,62
4,27,30,3,38,37,51,8,33,24,41,35,55,53,10,22,29,52,1,62,50,16,7,14,42,39,43,48,11,32,21,25,57,61,28,5,63,23,31,17,6,54,26,19,49,12,58,0,56,60,2,36,13,40,44,15,45,46,9,34,18,20,59,47
33,19,11,7,12,26,6,8,28,22,21,17,23,48,41,58,38,62,3,56,42,16,25,13,34,32,15,46,37,60,30,27,18,20,1,2,0,51,10,29,35,14,5,4,9,55,44,39,61,31,63,47,49,24,43,57,40,53,52,54,50,59,45,36
9,27,42,1,45,53,39,44,8,38,10,4,54,21,16,35,14,55,62,36,7,23,41,11,58,50,12,19,2,30,5,15,52,0,13,25,48,22,47,57,59,63,31,6,60,20,3,37,26,28,43,17,33,56,29,61,49,18,40,32,51,24,46,34
25,54,60,35,36,7,22,21,59,58,12,8,20,45,17,43,18,39,4,57,14,9,53,48,44,2,62,63,5,32,26,6,0,41,47,3,50,1,13,51,31,40,27,29,11,30,37,34,56,23,33,42,38,10,52,16,46,19,61,28,55,24,49,15
55,0,2,49,36,30,4,48,17,18,61,50,6,51,53,25,41,62,9,60,42,20,7,34,40,23,22,8,33,26,35,38,13,29,58,47,54,56,19,5,1,57,32,45,39,59,12,31,10,27,11,44,46,16,52,14,63,37,28,21,24,15,43,3
7,40,49,16,36,2,26,58,20,54,39,59,33,55,25,63,38,51,10,31,6,14,61,46,57,43,23,56,22,8,13,34,24,12,27,44,37,1,30,45,60,28,50,53,21,4,17,5,0,52,15,62,48,35,19,9,29,18,42,11,41,47,32,3
43,39,57,29,52,34,11,48,35,21,50,10,59,36,9,16,51,14,5,28,41,20,8,62,7,30,0,63,55,33,38,56,3,6,31,1,19,26,24,58,44,12,61,2,13,22,45,37,42,23,53,4,54,17,18,47,25,32,60,15,49,40,46,27
25,28,8,39,12,23,36,61,43,11,33,0,4,32,14,20,49,44,15,38,7,48,37,24,31,35,47,27,45,34,2,30,41,16,52,17,56,21,54,58,29,40,46,22,9,1,19,18,13,26,42,3,63,53,60,5,10,57,51,62,50,59,6,55
46,1,7,33,21,29,3,9,47,2,45,27,54,58,18,5,0,44,25,62,51,11,35,12,41,49,52,4,36,30,39,6,63,23,26,42,15,38,31,19,61,34,40,48,22,53,8,28,50,20,13,57,43,24,56,16,37,60,59,32,17,55,14,10
21,42,18,43,17,59,39,20,16,53,2,35,50,4,58,51,30,26,48,12,55,41,22,47,38,28,7,14,15,5,60,46,29,19,33,54,8,40,23,25,31,3,63,10,0,44,32,6,11,36,57,9,49,37,27,56,34,61,45,62,1,24,52,13
50,3,17,0,61,45,38,42,48,32,7,28,33,12,20,57,24,29,55,58,9,21,10,59,14,53,23,39,27,1,63,43,37,6,35,4,30,54,19,16,60,36,11,31,41,52,56,46,18,5,26,13,25,44,8,47,62,22,51,15,49,2,40,34
1,32,0,63,10,49,6,20,61,18,9,42,28,15,19,17,4,54,46,51,59,36,56,58,48,12,22,21,13,55,52,2,5,37,44,57,26,29,39,25,27,53,7,34,3,41,14,50,62,33,8,23,43,38,31,30,60,16,35,11,45,24,40,47
36,46,39,59,48,0,23,52,24,2,60,21,55,26,54,10,12,11,4,7,14,18,22,56,32,28,44,6,34,50,63,16,31,58,61,3,51,43,62,15,17,8,30,29,33,57,13,27,20,25,37,42,45,5,49,38,40,53,47,41,19,1,35,9
58,8,16,37,35,36,20,43,25,42,7,59,1,63,48,15,12,29,38,62,32,61,10,18,23,46,2,55,11,44,28,45,51,0,14,57,19,24,50,4,60,26,33,41,54,13,3,27,47,30,22,53,21,49,39,5,40,17,9,6,34,52,31,56
26,55,50,12,1,58,57,28,59,61,51,27,23,60,33,15,4,22,62,6,0,56,39,54,52,36,42,30,43,3,48,2,32,24,41,25,10,38,47,45,31,16,5,13,49,37,46,9,44,18,17,21,11,53,19,35,8,7,20,40,63,34,29,14
36,44,30,2,29,20,19,63,51,56,10,52,45,47,15,37,40,50,27,16,25,48,55,1,4,61,28,31,59,54,43,38,23,3,22,11,42,33,8,57,32,24,5,60,18,26,49,35,13,41,21,14,6,62,58,46,0,34,9,53,39,17,7,12
34,15,45,17,57,19,37,7,43,58,23,14,1,46,28,53,40,25,32,35,24,51,22,42,63,38,16,29,0,26,56,31,44,20,59,8,55,62,47,60,52,21,13,48,6,9,2,11,10,61,12,30,27,4,49,5,36,50,41,54,33,3,18,39
55,18,9,29,48,41,11,24,39,42,50,56,26,21,40,36,30,23,32,22,12,44,14,62,63,47,2,53,19,25,15,38,49,16,28,27,10,35,51,5,45,33,31,8,1,4,17,7,34,59,54,3,20,61,37,0,13,58,43,6,52,46,60,57
48,14,18,49,6,31,51,44,37,17,30,7,58,62,60,53,36,40,28,13,8,10,2,39,25,59,9,54,26,24,46,5,3,0,57,34,12,16,55,33,19,52,23,63,22,38,20,11,45,1,50,41,43,42,4,47,56,35,32,61,27,29,15,21
20,30,39,16,4,53,54,33,47,24,22,15,2,56,61,34,18,37,13,1,8,25,10,52,63,5,60,19,57,50,40,12,45,58,23,35,32,29,46,44,55,42,28,26,0,59,36,48,9,3,7,43,62,17,51,31,41,27,21,6,49,38,11,14
39,24,16,61,38,22,10,27,19,45,58,36,44,4,40,48,1,55,28,26,9,0,18,2,62,20,21,46,57,52,15,32,60,34,59,33,35,25,49,50,63,31,11,53,29,3,56,47,41,37,8,17,12,13,6,43,14,51,5,23,54,30,7,42
48,7,5,4,33,52,21,42,44,15,59,45,34,57,46,10,40,27,41,12,35,30,63,2,26,17,49,50,8,28,54,23,36,39,9,51,47,18,11,19,61,60,3,22,16,13,14,62,38,55,43,53,0,37,58,31,29,20,56,32,25,24,6,1
6,1,61,22,12,53,5,17,41,63,50,18,11,23,38,14,59,2,40,15,51,10,44,45,19,13,37,20,52,24,55,21,9,49,33,32,35,43,58,56,0,28,39,27,54,42,60,8,34,30,29,25,7,16,4,31,3,26,36,46,62,57,47,48
48,43,12,2,61,32,19,41,52,56,57,20,14,36,10,31,50,54,53,11,51,34,8,6,44,45,37,35,15,23,13,49,1,62,60,21,28,18,9,25,4,29,16,40,33,39,22,63,58,59,24,38,5,7,30,46,3,17,26,42,27,0,47,55
52,1,31,34,32,39,49,60,2,61,30,9,36,18,4,54,51,40,26,53,14,21,50,15,29,13,63,7,62,11,44,27,20,10,22,38,35,12,0,6,41,37,57,58,25,56,33,43,16,42,48,19,17,24,8,3,46,5,45,55,59,23,28,47
52,37,39,53,57,15,14,19,32,29,3,59,27,24,10,49,48,63,11,23,61,22,16,47,1,8,60,36,50,7,55,40,26,2,46,12,6,54,31,41,20,35,30,43,18,25,33,56,21,5,28,9,17,34,62,45,13,44,4,38,51,0,42,58
10,5,4,54,16,57,34,62,3,35,2,43,42,59,60,44,1,45,53,20,25,6,52,28,31,55,18,19,13,22,51,14,40,38,41,27,63,26,61,9,32,11,56,29,33,24,47,49,7,37,17,12,23,21,50,0,58,15,30,46,48,36,8,39
49,25,54,0,19,23,28,5,60,18,8,39,38,2,26,40,52,58,30,61,4,53,17,33,21,36,16,55,46,63,57,50,45,56,29,34,15,20,9,14,62,3,43,59,13,44,11,24,1,7,42,41,51,10,22,35,27,37,12,6,32,47,31,48
29,55,45,53,2,52,20,50,47,30,48,22,34,33,38,62,61,59,21,6,16,60,9,63,18,13,35,56,40,12,7,26,0,43,31,49,5,10,27,51,3,36,17,19,8,39,25,1,14,28,11,54,58,37,44,32,46,42,41,57,23,15,24,4
15,25,38,60,53,58,42,52,54,8,12,2,33,57,1,34,17,41,0,59,11,40,30,6,18,20,7,48,24,56,29,32,28,49,22,39,27,43,9,35,44,47,61,19,4,10,23,13,55,63,5,16,36,46,31,37,50,14,45,21,51,26,3,62
58,63,25,54,12,10,39,13,41,8,24,44,59,50,53,28,0,52,22,32,9,42,60,27,2,56,11,35,5,20,14,30,46,48,23,55,62,6,7,15,43,37,45,26,61,33,3,57,34,29,4,18,51,47,19,21,16,1,31,38,17,49,36,40
15,24,49,57,62,37,53,36,42,29,39,58,20,19,7,6,4,40,51,1,0,9,50,21,47,31,30,52,2,61,34,12,33,41,17,45,14,13,60,16,43,59,38,3,22,18,63,55,27,44,23,48,32,10,35,46,5,26,11,54,25,56,28,8
13,63,18,40,6,51,27,32,59,43,24,9,23,16,44,0,57,49,4,53,14,38,55,46,10,52,47,20,12,58,19,50,28,17,35,34,41,22,7,8,37,5,36,48,62,45,31,42,11,21,54,33,1,15,39,2,3,61,60,29,25,26,56,30
25,29,35,58,60,28,43,48,21,41,18,1,52,24,30,4,37,47,22,11,20,44,34,14,15,26,17,51,5,45,57,63,10,54,9,62,61,16,12,36,23,0,49,33,40,13,32,19,2,55,3,7,42,27,8,59,50,46,38,6,31,53,39,56
40,24,3,62,47,13,42,46,0,21,14,30,39,44,17,57,9,16,12,54,31,27,60,55,19,61,7,8,4,52,43,23,10,49,25,18,41,28,2,34,56,32,53,6,51,58,20,22,1,36,38,50,48,26,33,37,63,29,15,45,11,59,35,5
33,12,13,23,36,16,15,28,54,62,49,34,1,19,41,57,46,61,4,35,26,30,40,51,9,43,50,10,29,52,0,5,37,58,6,20,2,31,27,47,21,44,56,39,22,48,3,17,18,25,32,8,11,24,60,38,7,55,14,45,59,53,63,42
1,15,38,0,11,32,35,57,45,23,48,31,54,27,49,7,3,24,9,59,41,46,34,60,29,19,63,8,30,43,50,56,42,39,55,2,28,58,4,17,61,37,47,21,18,51,10,13,52,6,44,36,20,14,25,53,22,33,16,26,62,40,5,12
42,36,37,55,59,24,10,41,6,49,20,0,63,44,29,28,12,56,33,15,52,1,57,8,54,4,19,58,61,26,51,32,46,11,48,34,23,31,53,2,22,62,27,18,43,14,38,25,9,40,45,35,30,39,21,17,5,13,50,7,3,60,16,47
59,37,44,25,61,33,56,7,18,16,17,41,14,9,3,0,20,55,30,12,22,35,47,57,10,11,54,31,23,21,27,19,63,28,38,6,2,24,60,48,42,50,58,5,4,8,13,43,39,40,36,52,49,32,34,29,15,45,62,46,1,26,53,51
31,54,41,4,35,39,0,47,50,18,9,45,62,37,27,15,36,43,58,14,5,3,6,40,59,60,33,32,51,16,22,53,1,13,48,26,2,7,38,56,61,63,44,57,55,21,19,42,24,8,17,23,25,34,20,10,11,52,29,12,30,28,49,46
31,2,4,52,22,26,62,20,23,59,24,7,25,1,39,12,11,57,14,42,16,36,15,27,48,40,33,32,45,58,35,8,10,28,54,51,30,61,38,63,50,3,6,47,60,49,56,29,5,21,46,19,55,18,9,17,0,53,37,44,41,13,43,34
7,28,50,14,1,54,55,44,18,0,61,13,38,10,6,56,47,63,45,53,33,2,29,26,39,36,8,30,32,12,41,46,19,27,48,17,51,52,25,5,42,49,57,35,31,23,4,34,40,37,22,43,58,20,60,21,3,16,9,11,59,15,62,24
51,18,50,27,23,8,20,45,38,53,21,31,52,15,56,0,54,22,6,10,9,35,12,34,33,17,49,4,29,46,7,2,28,32,5,36,42,60,3,43,48,47,14,19,40,30,11,24,37,41,55,44,25,59,1,13,63,61,16,26,62,57,39,58
13,21,32,4,55,14,40,29,42,58,31,11,26,49,43,34,56,5,36,51,44,61,9,6,60,20,33,53,30,59,22,7,57,1,18,27,63,25,41,48,35,62,16,0,17,54,3,45,28,2,52,10,15,8,19,50,38,47,12,24,37,23,39,46
23,59,47,24,4,17,8,28,7,60,57,5,62,40,41,45,42,18,20,53,13,34,21,54,19,50,1,63,32,31,27,37,16,6,22,49,25,0,36,52,2,3,56,29,48,10,11,14,26,39,55,44,58,15,35,30,33,12,43,38,51,9,61,46
35,19,33,47,4,18,39,42,51,15,22,0,46,48,59,23,60,26,43,57,44,40,38,56,29,13,25,20,21,5,14,10,9,53,58,55,37,30,50,11,2,17,7,52,54,49,12,34,1,27,8,41,62,3,32,36,31,6,63,16,24,61,28,45
14,5,60,23,62,10,63,41,26,59,9,42,11,43,2,27,1,37,21,47,19,31,8,17,50,16,7,22,52,35,53,25,29,56,55,54,18,44,58,4,28,48,45,38,13,49,39,61,33,32,24,3,30,51,0,6,34,46,36,12,15,20,57,40
14,26,20,32,36,18,11,13,21,41,40,48,9,60,31,12,58,19,1,62,50,0,2,4,22,54,49,63,7,59,16,51,38,28,44,24,42,47,30,53,61,34,39,43,3,5,35,10,25,56,52,17,8,29,55,33,45,15,37,57,23,46,6,27
42,41,27,31,6,57,19,38,10,53,39,11,59,16,17,43,50,60,22,25,34,8,54,45,23,15,0,18,36,13,56,61,2,7,28,55,47,21,4,14,12,1,33,37,49,48,63,5,52,46,20,30,3,24,32,9,44,35,51,58,29,62,40,26
61,21,18,38,54,27,28,0,30,15,7,34,44,51,58,13,52,19,31,48,22,29,53,11,62,56,63,5,4,50,12,9,2,49,35,41,57,42,37,36,45,1,60,25,16,20,59,26,6,32,55,23,47,3,43,10,24,39,17,40,14,8,46,33
59,14,3,11,18,31,36,58,40,42,35,8,43,23,25,10,13,26,6,51,52,9,19,61,37,41,62,44,21,34,53,17,5,33,63,16,22,56,48,27,7,24,30,45,4,60,32,1,15,46,49,54,55,47,29,12,2,20,0,38,28,57,39,50
38,34,18,48,55,15,24,21,12,37,42,32,8,61,44,20,51,5,45,26,35,40,3,63,11,29,56,46,13,39,33,43,60,6,2,59,7,1,0,41,23,25,31,54,10,50,27,14,30,53,49,4,36,16,28,62,9,22,47,57,58,17,52,19
51,14,61,13,8,42,49,35,16,0,58,30,5,62,1,20,12,45,38,47,57,56,18,7,31,24,32,54,59,43,41,19,63,39,55,17,36,53,44,15,33,11,9,3,28,26,37,25,2,22,48,29,60,46,50,27,10,52,6,23,40,34,4,21
35,24,46,30,58,54,15,18,38,45,20,6,57,22,33,16,19,23,41,10,17,26,32,56,47,37,60,27,4,42,7,3,28,40,34,61,8,36,53,62,9,12,59,43,29,49,5,21,25,39,0,2,63,14,13,51,55,48,44,31,11,52,50,1
1,60,38,41,63,33,36,51,39,57,31,17,5,54,46,13,8,53,7,11,35,29,32,62,24,61,21,43,0,28,18,37,6,48,25,44,27,16,3,59,19,49,55,45,15,22,10,58,23,34,26,2,20,47,50,30,40,14,9,56,12,52,4,42
6,31,13,22,1,3,0,41,40,62,43,58,23,2,61,38,47,60,35,24,49,48,44,45,5,4,34,39,63,54,17,18,52,26,46,20,51,15,33,10,59,36,14,42,8,32,28,57,50,16,37,21,9,7,29,30,27,56,11,53,12,25,19,55
18,44,8,7,62,35,53,43,20,15,57,52,45,41,47,60,59,26,49,0,42,1,36,31,2,38,54,25,9,56,27,22,4,16,6,37,11,13,32,39,14,3,23,29,17,19,30,33,50,24,40,34,46,5,28,21,48,58,51,61,10,63,55,12
32,11,34,22,2,33,23,15,38,12,20,49,61,57,59,1,37,26,50,63,16,31,6,29,39,14,4,56,60,9,47,28,48,54,19,42,58,24,45,25,8,0,35,62,40,46,21,51,5,18,30,3,43,36,7,10,52,27,55,44,17,53,41,13
27,60,9,2,62,40,17,57,35,54,10,51,8,1,4,32,41,39,28,12,15,5,49,7,6,22,52,34,46,45,38,11,25,42,55,24,26,53,58,61,20,37,31,29,18,33,13,23,0,63,56,36,3,30,44,43,59,16,19,47,50,14,21,48
1,48,41,45,56,60,6,12,35,4,46,49,55,11,26,40,62,51,8,58,27,29,7,25,9,50,23,18,0,21,57,14,15,10,28,44,5,39,43,36,61,30,42,2,33,47,59,13,17,16,52,34,32,53,63,54,31,38,19,22,24,37,3,20
41,34,53,27,52,7,15,21,11,23,36,40,5,38,22,6,49,33,35,42,24,47,62,55,31,39,59,57,14,63,46,54,44,29,9,60,48,45,37,12,25,28,43,30,16,26,51,19,58,8,20,18,2,17,3,50,0,56,4,13,61,32,10,1
39,33,35,58,16,22,45,62,56,47,1,44,7,17,53,51,15,46,37,48,52,40,9,0,8,28,12,29,5,19,55,59,38,23,36,25,10,30,13,49,11,3,4,42,34,14,27,61,41,54,43,60,2,21,63,18,31,32,6,24,26,57,50,20
39,15,9,48,10,41,59,49,57,7,20,62,34,1,38,45,23,54,28,26,35,17,42,19,50,13,63,33,36,4,27,5,29,61,60,47,52,37,30,24,8,3,58,6,43,21,53,16,55,46,2,0,14,18,51,40,25,12,44,32,56,22,31,11
60,43,61,25,50,6,1,59,38,39,2,19,5,48,57,7,12,22,42,36,46,24,54,23,8,51,32,52,33,4,31,29,62,44,14,55,41,18,15,20,28,40,45,49,0,10,17,27,26,9,34,35,21,63,3,30,47,16,37,58,13,56,53,11
5,15,38,26,48,3,29,6,9,60,0,47,20,17,31,23,2,34,49,41,42,27,18,28,59,35,61,40,25,7,39,30,32,16,58,14,12,45,13,37,43,54,57,53,50,10,51,63,56,46,24,8,33,44,4,22,52,19,55,62,11,1,21,36
25,26,23,45,22,31,39,53,8,49,62,59,28,54,51,13,24,47,7,1,17,41,52,29,40,10,34,44,56,11,48,46,42,60,6,5,38,33,18,30,50,19,55,21,9,20,0,27,61,58,3,32,2,14,43,35,36,12,37,15,16,63,4,57
0,41,19,3,55,49,36,61,23,29,7,58,44,5,6,45,37,62,54,16,34,12,1,14,20,50,2,46,35,25,31,11,10,38,21,48,42,18,39,24,33,27,60,13,63,17,53,28,32,56,30,8,40,59,15,57,9,22,26,47,4,51,52,43
23,20,24,16,4,58,56,57,60,53,26,9,18,11,3,35,0,10,55,47,6,42,19,49,37,27,33,46,45,29,12,38,50,5,54,25,22,21,30,59,48,39,34,44,1,61,8,41,36,32,40,63,43,62,17,51,2,31,28,14,13,15,52,7
11,34,19,51,13,62,33,43,47,61,37,39,20,6,4,12,23,3,55,63,52,10,49,5,27,45,54,2,21,18,31,0,8,15,26,32,17,1,35,40,42,22,14,46,25,24,7,41,29,48,58,16,9,59,30,56,57,44,53,36,38,50,60,28
63,37,41,15,13,54,32,59,27,2,26,16,50,5,8,36,53,22,12,20,55,19,0,24,7,49,14,30,35,57,44,56,61,40,48,60,21,25,29,39,42,38,34,33,9,28,43,46,47,58,18,10,3,52,1,11,23,4,17,62,6,51,45,31
60,15,63,31,2,51,34,14,4,7,9,62,57,6,41,52,42,25,36,1,3,44,0,19,37,45,43,16,59,46,56,49,55,29,21,47,24,28,26,53,23,17,50,18,48,39,13,11,32,8,5,27,30,35,61,20,54,40,33,38,10,58,12,22
60,52,14,54,11,56,2,62,13,61,12,45,25,55,44,15,63,36,34,16,0,10,46,47,48,17,7,3,33,43,19,50,32,51,27,39,31,58,42,5,26,37,21,59,1,29,40,9,20,38,6,35,23,53,18,22,41,49,24,30,57,8,28,4
44,4,59,35,48,55,27,20,31,51,22,38,0,21,19,32,9,15,16,30,39,5,23,56,33,61,28,8,13,50,7,1,57,52,42,60,49,43,24,62,6,25,3,53,11,14,17,26,58,2,34,63,29,41,12,46,18,10,40,47,54,45,36,37
33,11,50,12,49,47,29,51,8,23,37,35,21,63,4,39,17,40,20,45,14,10,58,0,48,53,5,57,36,44,2,62,28,19,42,25,7,54,43,1,55,38,41,59,30,32,61,52,6,13,24,16,22,56,31,34,18,26,15,46,3,27,60,9
7,14,25,3,54,61,38,36,55,22,23,48,39,53,52,18,6,43,58,63,40,31,19,5,45,33,62,0,49,26,2,60,34,32,9,46,51,41,8,17,24,50,12,27,44,10,16,29,13,20,57,59,11,15,35,42,1,47,28,37,4,56,30,21
40,14,26,19,45,3,37,5,22,25,24,47,46,61,1,54,43,52,13,53,41,60,23,20,33,36,58,30,34,10,15,6,39,57,12,35,62,51,49,0,16,27,55,7,31,17,2,8,11,44,21,9,38,48,56,32,29,42,59,28,4,18,50,63
27,59,13,52,20,44,2,60,37,4,62,58,54,19,51,46,36,49,53,32,56,55,42,8,23,9,11,22,18,24,3,1,47,34,15,31,50,29,48,38,26,21,40,41,6,14,0,45,39,63,35,57,61,43,16,10,25,33,7,30,17,12,28,5
30,19,38,57,34,21,46,51,3,29,53,2,5,8,61,39,37,58,50,23,52,24,63,49,18,48,16,56,41,31,59,7,13,14,17,47,62,55,20,36,44,25,32,27,43,28,26,9,4,0,22,1,45,42,40,54,35,12,10,11,33,6,15,60
43,4,51,58,6,39,20,24,22,45,38,7,60,48,29,21,61,25,15,59,27,41,13,14,12,0,37,36,32,63,2,3,50,16,49,31,11,35,30,28,47,17,52,54,10,44,5,56,53,55,9,23,34,46,19,1,62,8,18,33,40,57,26,42
3,13,28,52,62,6,25,38,46,34,8,12,36,39,54,42,56,40,37,10,51,29,58,17,15,45,0,47,22,18,1,5,11,41,9,30,57,21,60,2,26,32,61,7,24,16,27,35,4,49,50,19,55,44,59,53,43,48,33,23,63,20,14,31
34,36,60,41,63,37,56,47,30,21,46,27,50,1,14,16,55,29,18,24,28,12,13,10,44,62,6,23,33,52,40,49,4,61,58,57,53,54,11,2,59,32,45,42,48,7,25,19,38,39,22,17,51,26,43,31,0,8,3,35,5,9,20,15
5,0,34,53,11,54,36,1,37,27,12,2,30,61,49,31,24,43,20,18,25,13,4,45,59,51,3,48,47,28,6,7,46,17,41,44,22,50,32,39,8,58,29,60,40,9,56,52,10,63,19,42,35,16,33,26,57,21,62,38,23,55,14,15
18,20,45,52,54,43,22,29,50,59,57,3,53,4,34,61,39,49,30,2,7,21,44,63,58,28,6,60,0,12,33,27,56,17,25,46,42,55,47,13,40,31,9,36,24,48,8,51,5,38,23,32,1,26,16,37,10,15,19,35,41,62,14,11
20,50,3,61,49,35,55,9,60,15,46,28,21,51,27,34,10,31,45,54,25,24,63,57,38,13,23,62,7,42,52,43,2,58,17,37,14,22,48,1,32,40,41,11,47,26,53,18,30,8,0,4,6,56,12,39,36,59,33,44,16,29,5,19
51,11,23,50,28,30,34,0,46,10,61,19,18,54,55,39,7,56,26,43,14,48,59,45,49,35,17,4,24,44,3,53,8,63,36,33,60,47,21,25,9,1,62,27,41,12,22,40,57,31,5,15,32,29,20,2,58,16,6,42,13,37,52,38
25,4,54,17,5,44,26,20,42,3,16,37,50,11,27,21,49,41,40,14,43,0,13,38,61,57,28,47,52,55,35,62,12,46,53,6,2,59,32,19,15,39,29,24,18,8,7,56,58,10,51,48,34,22,33,63,31,9,60,45,23,1,30,36
39,36,25,7,6,46,26,33,38,43,47,24,21,48,40,57,28,10,13,55,30,16,14,44,29,54,35,2,37,8,17,4,15,41,20,9,1,58,34,11,53,63,23,50,5,31,0,45,52,42,49,56,60,32,3,59,22,27,18,62,61,19,51,12
5,32,0,54,45,58,37,46,35,43,52,62,18,1,56,19,60,25,3,29,6,2,17,33,13,22,44,41,12,50,14,27,11,15,23,34,51,20,63,24,31,38,59,30,7,57,21,39,48,42,47,8,36,16,10,40,26,4,28,9,49,55,61,53
31,2,10,7,28,34,51,54,47,33,24,38,14,59,5,36,1,20,9,41,30,45,23,49,29,52,57,62,56,26,37,18,35,6,22,42,3,21,39,0,48,12,55,11,19,46,27,61,25,17,50,32,43,63,15,4,13,58,53,40,60,8,44,16
35,29,7,52,2,1,40,47,61,41,26,46,32,38,28,37,17,23,53,57,62,60,25,63,10,18,34,55,54,56,31,14,8,13,49,42,24,36,50,4,21,19,39,22,12,6,59,11,5,44,30,20,51,0,15,48,45,3,33,43,9,27,16,58
56,9,55,52,28,21,2,25,59,46,5,49,48,11,60,58,15,31,24,44,36,38,50,6,14,27,30,18,33,23,41,57,61,10,19,17,53,32,37,54,63,29,42,47,40,26,4,1,34,8,62,3,22,20,35,7,43,51,39,13,0,16,12,45
55,36,35,39,54,48,7,28,41,5,34,52,18,22,0,37,9,13,45,10,42,49,23,62,26,31,27,11,1,25,3,24,4,46,2,60,19,30,21,53,38,17,15,58,50,33,8,59,40,32,63,56,51,12,20,16,43,47,6,57,14,44,29,61
30,50,7,53,32,6,9,45,46,38,21,36,60,28,12,48,35,63,13,25,5,42,62,61,3,54,11,29,37,49,10,14,43,41,55,47,44,2,58,15,57,31,24,56,52,0,4,23,20,34,27,26,1,16,59,33,22,39,40,8,17,18,19,51
63,45,7,58,44,32,50,24,57,1,13,10,43,51,14,61,4,26,29,22,35,15,60,18,36,25,9,52,2,6,42,19,47,5,11,53,8,21,54,0,56,41,33,39,12,48,3,40,37,46,27,55,49,23,16,28,30,17,38,31,62,34,59,20
39,61,60,21,3,43,6,36,50,4,49,47,32,23,22,12,31,9,2,14,41,52,57,44,38,25,0,35,7,11,1,20,63,53,37,62,17,34,33,16,26,15,56,30,42,13,59,45,24,58,54,28,29,19,40,18,51,8,27,5,48,55,46,10
36,59,35,20,54,23,63,48,53,38,13,19,62,25,44,41,27,32,47,4,51,10,49,52,5,57,55,9,60,34,1,11,17,31,22,33,12,61,14,37,43,8,6,0,18,7,28,21,39,26,2,3,50,58,45,46,40,30,29,15,24,56,42,16
12,41,38,23,10,43,17,53,46,20,35,50,14,57,13,39,28,60,44,63,49,62,21,24,58,19,0,7,16,8,36,29,47,59,34,37,4,1,9,18,33,40,25,3,45,52,6,56,22,27,11,42,48,31,5,54,26,32,61,51,30,55,2,15
28,6,57,53,7,51,12,14,62,5,36,30,31,34,19,63,40,52,56,21,45,0,38,25,2,59,4,50,15,17,58,24,54,23,48,60,37,8,9,35,42,26,10,41,29,18,1,33,47,49,27,16,20,44,46,61,32,22,55,43,13,11,3,39
45,9,32,46,25,31,47,13,26,50,16,11,8,52,42,56,29,0,36,48,54,34,2,30,63,1,33,40,15,62,22,17,19,60,59,49,53,37,3,18,4,58,14,35,10,38,57,39,24,51,20,5,7,21,41,27,6,43,23,12,44,28,61,55
38,34,21,47,42,49,14,26,25,37,35,6,43,19,31,5,27,0,17,33,60,57,24,8,16,53,32,23,63,30,12,13,52,46,11,10,15,4,40,59,3,51,7,39,45,54,22,18,1,58,20,44,36,2,56,41,61,28,9,62,48,55,29,50
6,41,16,30,25,45,62,50,43,61,56,14,48,0,58,54,29,39,20,23,34,27,15,2,7,59,32,47,57,4,36,17,40,53,24,33,44,13,31,55,9,46,60,52,22,21,26,8,1,18,38,19,37,42,63,51,49,3,5,10,11,12,28,35
34,60,51,59,2,17,54,1,21,31,36,15,10,49,58,29,16,47,19,9,43,11,38,41,33,14,7,23,50,62,5,39,42,52,45,25,6,63,48,20,46,37,27,0,35,32,30,28,8,44,53,13,26,56,61,57,18,22,55,24,3,4,12,40
14,61,27,11,53,2,46,45,63,35,15,10,4,3,22,21,49,17,43,32,34,8,56,29,42,41,5,62,33,18,50,52,48,37,40,28,25,39,16,1,30,36,44,20,9,58,6,13,19,31,47,51,38,57,0,7,60,59,26,54,24,55,12,23
25,58,19,10,16,11,49,9,24,34,32,18,29,6,1,48,52,22,40,27,26,44,60,53,54,42,21,37,41,8,13,38,35,12,45,43,46,56,57,47,39,30,63,61,3,62,28,50,55,59,17,2,0,5,36,23,14,20,31,7,33,15,51,4
58,62,21,22,50,56,60,11,27,63,32,47,19,42,35,41,52,49,48,54,44,5,26,57,53,7,18,36,37,8,2,61,3,25,29,59,31,9,28,40,15,16,55,13,14,34,12,4,20,10,1,43,39,51,23,24,45,17,0,38,46,30,33,6
42,8,24,37,3,31,4,58,45,19,9,44,59,2,39,29,5,60,52,38,18,26,16,1,36,41,7,0,34,30,48,27,40,6,33,63,54,10,46,57,53,62,13,43,56,55,15,61,21,28,12,11,17,20,51,49,14,50,47,22,32,23,25,35
32,38,15,47,13,18,26,1,25,6,9,21,12,42,53,2,30,33,45,8,5,19,49,3,50,31,58,4,7,57,51,29,11,23,24,59,37,28,56,60,43,44,14,36,55,63,27,10,39,61,17,22,62,48,41,34,46,35,20,52,40,0,54,16
25,21,12,5,63,56,30,37,62,40,45,26,10,35,7,31,19,3,15,59,38,42,18,14,9,27,11,23,34,55,58,2,54,32,6,28,36,53,61,1,33,41,4,51,22,44,8,16,43,20,48,49,47,57,29,46,52,0,60,17,13,50,24,39
25,11,20,0,13,58,12,32,14,39,55,9,47,2,40,50,24,16,27,22,29,41,18,30,63,8,28,59,21,53,6,33,45,26,56,15,4,35,5,61,36,1,7,44,46,49,62,60,43,19,54,17,38,37,57,51,34,3,31,48,10,42,23,52
23,17,5,13,14,29,50,60,57,58,49,19,0,42,11,22,8,4,12,32,46,21,2,56,16,1,15,28,37,55,34,40,7,10,48,25,61,43,3,41,53,33,62,9,26,63,27,52,36,6,38,39,47,51,54,45,44,24,59,35,20,31,18,30
10,52,23,54,31,36,57,50,61,62,51,17,47,28,43,41,46,5,11,40,53,19,58,25,45,1,32,18,9,7,55,26,27,39,33,21,12,38,59,29,42,37,2,4,0,30,8,16,20,6,35,13,14,48,56,60,3,44,15,24,22,34,49,63
39,5,24,8,63,9,50,27,56,57,54,35,47,41,59,28,18,30,36,42,31,34,55,58,19,16,1,10,22,21,25,44,0,32,12,13,33,17,7,20,4,43,26,40,29,49,11,62,15,3,53,46,48,37,6,61,45,38,51,2,52,60,14,23
10,60,32,47,44,56,37,28,29,62,61,16,30,21,17,2,7,63,15,34,45,53,8,1,49,11,54,33,52,4,42,43,50,38,35,41,20,39,3,25,19,31,6,18,13,24,0,40,36,51,59,46,14,22,58,48,23,26,55,5,9,12,57,27
25,40,48,44,32,60,1,7,6,9,29,26,11,53,46,41,20,55,34,62,5,13,51,38,16,30,12,43,35,15,19,27,3,57,36,45,2,8,24,10,47,42,52,54,28,56,0,22,21,59,37,49,58,14,17,63,61,23,39,4,50,33,31,18
24,55,22,11,2,63,15,53,39,7,52,62,33,49,29,61,43,51,9,30,44,13,41,45,19,32,21,8,25,58,46,23,36,57,14,37,31,5,48,0,40,17,1,18,54,10,59,35,12,50,42,60,20,3,34,27,4,47,56,16,28,26,6,38
53,32,35,18,6,28,41,17,49,50,10,34,31,47,40,1,14,11,20,29,23,60,15,33,43,54,0,51,37,19,12,2,30,21,45,58,27,56,62,24,38,42,57,9,5,59,39,26,48,25,4,8,13,7,36,55,22,63,16,61,52,46,44,3
10,44,0,52,24,8,15,5,31,51,17,22,45,60,29,42,56,20,7,57,39,33,30,53,32,48,9,18,2,55,6,3,14,1,34,4,43,26,13,28,25,41,27,16,23,47,63,38,61,36,59,46,35,21,58,11,50,37,54,40,19,62,49,12
63,19,10,18,62,46,8,14,9,7,16,39,51,22,31,35,42,34,32,56,36,38,2,61,50,13,3,25,1,6,4,37,12,33,29,55,0,24,60,17,57,59,52,47,30,49,54,21,23,20,15,40,48,11,27,41,43,58,28,26,53,45,44,5
1,0,17,18,11,41,40,49,20,19,52,39,60,7,56,25,3,57,35,23,32,43,33,62,54,59,36,4,37,12,48,38,10,26,53,63,14,44,29,15,58,50,22,9,16,5,34,6,21,47,51,13,46,27,55,45,61,31,24,2,42,8,28,30
19,27,52,32,54,39,58,26,40,46,0,51,57,5,17,15,62,6,7,20,14,16,24,18,30,29,56,12,21,25,4,37,11,60,22,31,45,44,3,53,35,23,48,13,9,38,43,41,61,59,63,50,8,36,47,10,42,34,28,1,2,55,49,33
58,23,5,35,45,28,8,57,38,29,15,47,55,25,22,48,0,51,30,16,52,40,46,14,11,61,50,19,1,43,20,36,34,37,62,32,54,27,56,21,60,24,59,26,53,33,31,39,12,42,7,41,17,63,9,10,44,6,3,4,49,13,18,2
44,39,63,28,32,12,30,50,59,20,35,6,26,60,62,34,2,8,27,19,13,22,42,52,31,21,43,9,36,61,51,23,48,58,4,16,29,14,47,11,33,7,41,57,54,1,3,17,45,15,25,40,10,49,5,46,55,38,56,24,0,53,37,18
54,10,25,47,38,57,2,42,8,1,60,44,29,55,13,28,61,40,23,63,34,11,59,48,16,46,22,31,45,58,33,3,53,52,18,7,27,15,0,50,5,32,12,62,56,35,14,17,19,21,9,36,24,51,30,26,37,4,20,43,39,6,49,41
25,47,17,26,7,58,42,23,60,27,38,33,31,16,62,13,41,28,9,5,52,1,54,49,32,6,63,15,2,10,4,43,56,29,39,19,50,14,18,48,37,51,35,36,12,20,45,61,46,8,21,11,40,55,22,3,57,30,44,24,0,59,34,53
55,57,32,28,51,37,48,63,42,53,43,4,50,22,39,6,33,17,18,26,15,41,0,61,12,23,46,34,1,14,25,58,19,40,20,11,35,29,16,56,60,30,62,52,3,2,45,24,21,31,9,38,13,7,47,10,36,44,8,59,27,54,49,5
2,53,48,12,1,50,44,61,0,49,8,19,18,56,25,39,35,16,21,63,43,6,30,4,10,45,32,36,59,42,22,33,5,7,28,9,58,40,29,24,62,52,51,3,23,20,14,11,27,60,47,15,34,13,41,54,38,26,46,37,55,57,31,17
27,34,7,49,48,26,17,50,5,19,15,1,58,60,14,4,45,47,32,40,41,54,9,33,3,35,21,31,2,24,37,11,44,12,16,36,22,52,62,63,56,30,46,55,23,8,61,6,10,28,20,51,13,57,39,29,43,0,25,59,38,42,53,18
35,58,63,37,21,15,31,20,24,54,18,12,43,16,51,55,2,49,3,48,34,47,39,42,14,28,57,4,53,56,25,52,40,29,6,33,32,11,19,22,27,8,50,13,30,7,61,17,5,62,10,23,9,0,1,41,44,36,59,38,45,60,46,26
23,32,54,21,17,62,34,19,15,30,53,9,6,37,3,1,29,45,42,5,18,44,43,41,8,12,31,25,13,28,39,0,2,51,35,16,50,20,26,55,47,48,57,11,38,33,59,58,24,14,36,10,60,4,27,56,40,61,46,7,63,52,22,49
4,60,12,38,33,2,49,0,24,28,16,21,40,8,50,36,25,43,14,37,22,62,42,53,41,39,44,57,20,56,63,32,15,30,45,51,11,13,5,31,3,10,54,58,18,47,27,1,26,7,61,6,46,48,29,17,55,59,23,9,34,52,19,35
44,43,46,4,25,32,13,33,51,2,5,57,49,47,35,27,23,60,20,8,62,28,48,50,45,14,12,10,26,31,56,1,34,21,6,39,18,3,59,9,38,40,7,19,36,15,61,0,41,52,55,37,58,22,63,24,16,54,53,17,30,42,29,11
45,43,32,51,6,28,48,4,38,53,35,58,9,11,20,3,16,2,41,62,15,33,54,10,42,52,29,50,24,23,61,1,55,34,13,39,59,63,26,0,17,21,5,47,25,60,22,40,37,44,18,31,14,27,19,56,8,12,36,57,46,49,7,30
42,30,29,39,4,38,7,41,22,13,50,21,18,28,44,27,8,26,35,3,37,24,45,32,62,40,46,19,2,53,34,5,1,12,56,9,47,63,58,61,25,43,31,11,49,10,20,16,60,57,55,36,23,59,15,0,48,51,33,14,17,54,52,6
41,9,31,35,46,42,58,6,5,33,50,62,13,14,7,11,24,16,1,56,15,27,49,17,30,40,22,60,57,19,18,0,23,39,52,54,25,61,2,4,38,36,47,48,63,32,28,12,3,29,59,34,20,45,43,44,8,37,55,51,26,10,53,21
31,29,35,12,53,58,43,36,59,18,13,32,57,0,25,21,1,54,39,24,44,30,41,28,4,48,10,46,6,33,8,5,11,3,45,22,60,26,50,38,51,15,23,61,16,47,34,62,42,14,63,2,27,49,52,56,9,7,37,20,55,19,40,17
28,13,49,36,20,56,52,31,5,38,29,48,40,34,26,18,8,25,58,1,11,37,14,10,6,0,24,39,23,16,61,32,43,27,46,59,22,55,47,35,3,30,53,4,54,12,41,9,21,2,62,44,17,63,45,57,60,51,19,42,7,50,33,15
16,18,46,28,47,1,50,11,24,0,35,53,56,37,38,33,29,59,4,27,57,40,21,45,43,6,34,51,49,58,30,41,22,31,55,60,2,14,23,10,61,7,12,17,15,48,25,42,3,20,44,8,9,32,26,19,36,52,5,63,62,54,39,13
61,9,16,56,40,27,41,15,42,28,13,19,36,29,49,43,59,6,23,31,51,4,50,60,25,2,37,54,34,39,18,58,14,48,21,11,12,0,33,55,45,44,7,17,20,1,30,26,24,3,62,47,57,46,53,38,10,5,63,32,52,8,22,35
22,47,12,46,23,42,20,61,62,32,55,27,34,13,40,29,38,31,2,11,14,53,39,16,24,48,9,28,25,19,6,8,56,49,43,18,57,52,54,1,3,21,63,15,10,17,60,30,7,37,4,33,36,51,5,0,58,35,26,50,45,59,44,41
60,62,44,11,3,45,51,43,47,26,50,0,9,32,18,33,31,55,27,61,25,10,14,7,39,1,63,40,20,30,21,24,36,46,15,34,48,5,8,56,29,58,2,53,49,38,22,12,52,23,4,17,16,54,41,13,37,57,42,28,19,6,59,35
19,14,23,56,10,18,6,47,55,31,43,32,25,8,44,7,5,0,40,61,30,28,63,29,20,24,41,9,38,53,2,11,62,27,42,46,48,21,49,34,45,26,51,22,50,17,33,60,4,37,52,16,1,3,35,39,15,57,36,13,12,58,59,54
52,51,28,18,19,43,15,24,12,11,29,59,31,10,8,17,50,26,4,49,1,3,30,13,62,9,22,38,40,61,39,21,16,37,42,25,53,2,33,41,44,45,14,5,7,27,46,23,48,55,60,36,6,54,20,57,58,35,63,0,32,56,47,34
13,62,53,20,27,25,60,54,19,51,49,45,14,0,21,18,47,15,55,33,11,26,56,41,12,38,50,28,35,39,37,23,10,31,8,44,59,63,2,52,57,30,48,42,32,61,17,1,24,5,16,34,46,40,7,29,36,43,58,9,3,22,6,4
62,27,23,3,44,59,2,10,20,55,57,38,63,4,22,41,33,15,7,25,28,52,61,43,45,18,30,5,50,16,24,31,54,60,48,35,51,12,9,26,17,47,8,21,13,40,36,56,32,42,1,46,29,53,14,11,19,34,37,49,6,58,39,0
37,4,19,53,24,33,60,31,6,14,25,48,1,51,20,47,52,15,56,30,40,55,16,42,63,39,2,11,5,18,45,0,38,13,32,50,57,35,41,34,26,61,46,8,44,27,7,28,59,10,21,58,36,22,49,3,12,62,9,17,43,54,23,29
13,35,41,50,9,8,31,34,22,30,20,26,11,43,5,60,36,17,46,32,53,25,54,29,52,18,3,14,45,39,62,44,10,7,28,57,47,21,63,33,38,23,27,56,49,24,42,2,6,58,0,15,55,61,4,51,40,48,19,12,59,16,1,37
36,4,9,11,45,30,39,51,35,7,22,57,29,44,6,42,59,15,31,33,1,46,54,23,55,49,26,28,61,25,24,16,5,48,50,21,2,20,34,12,47,18,19,60,58,0,8,17,62,32,43,56,27,40,37,41,10,13,3,38,14,52,53,63
11,16,35,12,46,34,62,40,27,8,55,25,38,21,20,19,42,5,17,0,26,31,56,14,54,37,53,59,23,7,3,41,29,13,52,43,1,58,57,47,44,50,48,63,9,2,30,51,6,24,36,4,10,49,28,60,15,18,33,45,61,22,39,32
37,10,3,19,27,18,20,49,7,59,42,57,40,48,41,43,52,22,60,12,4,0,2,39,6,53,46,38,28,5,45,61,35,15,9,14,26,50,36,11,47,63,55,30,62,31,32,17,33,25,58,16,8,23,54,56,1,34,13,51,21,29,24,44
38,44,17,42,45,36,1,10,33,20,57,39,5,4,8,14,19,24,63,41,61,48,23,52,50,35,11,27,46,16,2,53,9,55,6,34,13,12,18,30,62,60,54,51,29,3,31,40,22,49,37,15,32,47,26,7,25,0,43,58,59,21,56,28
46,31,5,56,35,37,44,52,60,40,57,45,42,61,62,29,3,21,32,63,30,17,26,9,15,19,14,22,10,16,47,33,55,41,18,24,6,20,38,23,36,49,11,54,1,43,59,12,28,58,53,34,2,7,4,13,8,27,48,50,51,0,39,25
16,39,8,21,40,5,37,42,6,7,26,18,25,44,11,55,22,57,3,58,1,45,14,28,35,60,62,20,41,24,10,63,51,54,49,27,2,31,15,29,53,34,50,61,59,30,4,0,19,9,23,56,52,48,47,36,13,33,38,43,12,17,32,46
5,52,54,7,21,53,55,2,8,1,12,37,31,57,40,62,32,29,19,0,46,30,50,59,11,35,16,60,14,43,9,18,51,38,3,10,6,27,28,34,48,49,23,39,25,17,26,63,41,15,20,13,4,42,61,58,36,56,47,45,24,33,22,44
25,12,23,37,17,34,21,5,15,3,51,8,16,33,30,28,4,36,44,24,32,19,40,31,14,53,26,0,63,7,59,49,39,48,55,22,43,11,62,2,52,18,35,54,1,56,27,61,60,9,38,29,42,20,46,58,45,57,41,47,50,10,13,6
41,51,63,52,36,59,44,37,34,32,53,26,10,49,19,17,6,7,20,61,25,30,46,16,27,62,55,13,12,3,29,14,1,58,42,22,5,45,50,21,9,28,33,54,60,31,2,40,39,23,11,43,15,4,38,8,24,47,57,35,0,48,56,18
16,52,51,35,7,29,5,10,27,47,6,9,21,49,36,32,37,4,42,55,2,43,57,41,18,23,48,56,61,60,38,39,11,20,19,13,63,22,46,59,0,50,31,33,28,14,30,24,12,44,54,1,40,26,17,15,34,25,62,3,8,53,58,45
35,24,63,60,32,7,45,30,58,14,61,0,1,44,29,21,10,27,53,4,59,28,19,47,33,12,43,50,51,20,39,18,46,34,17,41,22,48,16,42,57,3,36,31,38,23,2,11,5,52,8,56,6,40,13,26,62,49,25,9,15,55,37,54
63,43,9,45,47,48,0,54,24,5,28,27,46,60,59,16,10,26,31,6,40,39,12,41,17,29,13,18,4,19,30,22,37,55,50,36,2,15,32,1,3,62,35,38,42,8,25,7,51,20,58,11,23,56,53,33,61,14,34,49,57,44,52,21
10,51,56,21,54,63,50,36,22,32,23,12,6,20,41,33,38,45,26,59,9,52,8,35,47,53,42,46,39,30,49,18,24,11,28,61,27,34,1,13,31,19,0,60,29,58,40,7,14,5,2,43,16,62,4,17,48,25,57,37,15,55,3,44
38,25,57,2,28,54,4,40,22,53,49,44,60,45,27,16,32,23,56,51,31,14,20,55,36,52,62,11,21,10,13,6,29,43,26,3,61,46,7,34,63,17,30,42,18,35,41,58,0,47,1,5,48,24,12,50,37,15,19,39,33,9,8,59
52,19,2,9,61,33,4,58,26,37,17,55,41,48,5,46,12,11,47,44,10,27,7,32,57,3,59,34,31,13,40,14,1,28,38,23,0,30,54,50,22,15,18,20,43,29,53,35,16,49,62,42,25,21,56,51,39,6,24,63,60,8,36,45
16,44,3,47,17,4,49,35,11,5,48,20,28,18,33,10,26,9,55,12,42,39,52,58,51,27,15,40,59,25,60,34,6,30,2,61,7,63,38,50,54,1,23,19,53,14,21,45,29,43,56,22,13,8,41,24,46,31,0,57,62,37,32,36
6,5,20,44,60,24,35,51,38,34,57,17,50,40,59,11,58,31,25,52,9,41,56,48,14,0,63,29,46,49,39,18,43,28,1,4,13,21,7,3,33,61,8,27,53,26,32,16,19,15,10,30,47,23,55,42,37,45,62,54,36,2,22,12
34,13,53,32,6,1,21,19,37,44,43,3,41,12,23,24,27,17,47,55,46,48,63,36,49,11,26,20,4,31,52,38,25,10,59,29,5,16,45,15,33,42,7,62,50,54,28,35,8,56,14,18,30,40,57,51,39,0,22,58,2,61,9,60
4,54,52,15,35,16,59,60,53,12,24,19,6,29,21,62,37,1,22,23,32,49,51,20,38,25,27,46,55,47,61,40,58,36,10,56,33,44,0,5,9,39,48,14,3,31,41,2,13,30,17,43,26,34,57,45,8,28,11,42,7,18,50,63
11,30,33,13,39,0,44,54,25,20,62,36,15,28,8,49,37,57,27,50,5,2,45,60,1,4,31,10,41,35,38,42,55,26,17,14,34,19,56,7,47,52,12,48,23,18,6,63,32,61,59,21,22,40,16,29,3,46,24,43,51,9,58,53
31,23,16,45,27,42,55,48,34,52,36,53,17,6,54,22,21,20,40,49,24,30,28,56,41,61,51,7,32,4,46,63,47,44,33,19,9,12,50,37,8,1,15,2,43,39,14,5,38,10,59,3,18,11,60,35,57,62,26,13,25,58,29,0
4,46,16,29,37,1,39,11,15,59,45,44,60,40,36,51,5,58,34,21,26,53,54,57,41,42,17,23,43,52,8,63,7,27,9,25,19,12,62,2,38,33,0,22,28,56,18,50,31,6,49,10,55,35,20,47,61,13,32,3,48,24,30,14
32,18,10,51,62,60,21,11,47,26,29,14,44,16,5,15,1,59,39,54,63,31,55,38,7,49,9,61,48,30,6,50,56,43,37,22,20,45,46,40,2,27,53,24,41,23,42,0,25,57,17,13,28,35,3,33,36,19,58,4,34,8,52,12
22,27,16,49,34,28,21,57,62,10,50,48,25,37,36,51,17,61,8,19,9,60,53,4,41,42,43,52,2,20,3,23,24,5,47,58,11,30,35,0,40,31,15,63,12,55,54,59,26,39,38,18,44,13,29,14,56,1,46,45,6,32,33,7
46,5,25,42,49,9,57,61,55,58,53,19,36,24,39,2,56,11,35,8,10,31,29,48,20,7,3,12,33,51,1,38,30,18,16,40,62,37,6,50,54,32,47,44,41,60,13,52,4,21,17,43,45,22,15,26,14,23,28,34,0,27,63,59
11,26,24,59,32,12,50,61,41,17,29,7,2,0,25,10,35,57,19,38,14,22,39,54,40,3,47,18,42,8,49,4,15,31,63,23,44,46,48,60,33,27,43,5,52,28,16,55,34,51,45,30,13,9,21,36,58,62,53,20,6,56,37,1
11,7,39,32,17,2,52,43,13,47,49,23,24,5,57,25,18,33,40,12,29,10,19,53,9,36,3,1,46,26,27,63,15,6,55,56,21,0,20,44,31,22,16,62,48,28,35,4,61,45,50,60,30,37,51,8,54,59,58,42,34,38,41,14
47,9,27,2,38,17,4,10,33,35,46,58,29,3,63,32,24,5,51,13,56,60,31,53,52,55,49,11,26,36,18,50,19,16,6,48,12,45,20,40,23,8,42,34,61,1,57,44,15,30,62,41,43,0,14,54,59,28,22,7,25,39,37,21
2,27,16,38,4,43,51,0,8,10,31,18,35,29,52,25,61,54,24,9,5,23,46,12,33,45,14,30,34,63,49,36,60,28,53,40,58,37,26,22,6,13,7,62,1,19,55,59,3,48,44,56,47,21,15,32,17,11,41,50,20,57,39,42
5,34,43,33,11,47,17,39,6,23,10,57,59,51,40,49,56,14,31,50,48,4,1,61,63,58,38,21,44,46,53,9,52,60,36,16,15,42,20,54,25,45,62,37,24,26,12,27,29,13,2,35,7,32,3,0,55,18,28,8,19,22,41,30
22,34,53,35,10,12,44,58,61,16,5,62,21,38,19,2,32,45,6,24,46,63,27,42,57,1,56,37,4,41,59,3,13,31,25,55,0,39,52,15,48,9,47,14,23,43,18,54,17,36,60,26,8,49,50,40,30,29,28,51,11,33,20,7
34,30,54,42,57,10,25,61,40,11,44,3,53,49,59,6,41,56,29,15,35,19,26,23,45,55,17,24,36,13,0,22,51,7,52,38,47,31,20,63,21,48,14,2,58,1,62,12,39,28,37,33,50,16,5,60,32,8,27,9,46,4,18,43
5,18,10,24,8,58,28,7,59,0,16,27,52,34,17,32,51,55,11,14,23,21,48,6,35,29,49,57,40,25,44,26,38,36,12,1,4,61,19,22,45,15,30,3,47,39,41,54,37,50,42,43,13,63,9,2,20,53,56,62,31,60,46,33
35,56,6,28,50,47,33,54,14,23,9,63,38,62,58,7,42,22,51,40,52,2,15,16,39,48,55,17,44,57,43,11,4,0,5,31,29,19,26,18,46,8,24,21,61,53,59,25,10,20,60,34,27,36,32,12,45,13,1,41,3,30,49,37
40,57,6,17,51,58,14,26,0,60,42,55,53,46,24,4,54,22,9,37,56,29,11,30,3,15,25,49,36,16,7,10,27,32,2,63,5,38,41,61,43,8,12,44,31,13,33,18,39,48,59,20,62,50,35,28,34,19,1,23,45,21,52,47
4,58,24,19,34,40,47,60,53,59,42,49,20,41,45,13,32,23,6,7,1,61,16,11,26,15,62,37,39,29,25,8,30,44,22,56,3,17,27,36,2,9,52,50,31,10,55,18,63,38,51,28,43,14,33,0,48,21,46,12,57,54,5,35
60,51,63,39,34,44,3,45,16,55,43,5,40,41,12,6,62,32,20,29,11,8,17,28,26,24,0,42,53,35,37,10,56,50,19,1,38,15,22,21,52,27,48,31,47,7,18,58,54,46,36,59,25,61,14,30,9,57,13,23,2,4,33,49
63,28,27,30,50,18,53,37,3,45,6,21,57,24,34,14,59,7,39,60,55,16,33,41,29,61,23,4,8,25,42,2,20,32,22,43,49,15,10,48,12,58,5,62,11,17,47,40,54,38,19,52,56,13,26,46,9,36,31,0,44,1,35,51
36,11,54,5,47,58,56,49,3,31,38,1,39,13,40,63,10,14,62,26,25,7,43,27,16,23,18,30,19,21,55,60,2,46,8,9,22,48,24,32,15,57,59,42,37,50,4,61,44,52,34,33,35,17,20,41,12,6,51,28,53,0,29,45
15,44,34,25,47,7,8,16,33,46,40,41,3,18,31,0,11,42,56,19,26,43,20,35,17,53,38,27,28,52,13,10,24,45,14,23,30,2,48,32,54,6,61,55,49,59,36,62,5,37,50,4,29,39,51,1,60,12,63,21,57,9,58,22
44,53,33,11,19,5,57,26,6,32,41,47,39,25,46,12,24,17,8,0,35,55,59,10,38,20,29,61,54,23,48,9,22,18,13,31,28,63,27,36,3,14,50,62,21,58,60,30,40,7,42,52,51,45,4,49,1,2,56,43,16,37,15,34
12,47,27,38,63,10,59,22,3,24,61,41,9,32,35,58,50,8,1,33,37,40,49,0,20,30,14,45,18,16,7,23,28,21,19,25,29,2,44,43,6,56,11,13,17,39,53,48,60,55,42,62,46,4,26,5,36,15,31,57,54,34,52,51
42,59,60,35,4,49,37,17,45,10,44,47,58,28,43,0,57,39,1,7,55,25,61,3,24,11,56,50,36,22,21,54,13,53,15,29,27,9,41,14,23,26,52,20,46,12,63,18,38,5,34,2,30,40,31,8,16,48,6,32,51,33,62,19
5,40,49,46,34,17,3,39,51,4,14,44,32,47,15,24,26,27,21,45,62,18,19,6,55,25,28,37,9,43,42,61,23,52,33,2,63,31,1,16,41,35,29,59,58,11,20,56,48,12,50,57,36,60,8,0,7,10,30,54,38,22,53,13
18,27,54,15,45,12,13,0,61,42,5,17,29,55,63,31,39,25,56,58,26,44,50,16,30,47,38,59,32,37,40,51,33,46,52,57,3,21,19,14,11,43,9,6,7,4,20,8,34,28,41,53,60,10,48,2,23,62,1,35,36,49,22,24
43,37,10,29,49,7,23,61,56,58,57,16,52,28,30,33,17,14,41,12,15,0,24,20,1,38,3,34,22,21,55,35,18,54,8,42,5,4,50,60,13,44,59,32,36,6,62,31,39,40,26,51,19,9,47,25,45,63,11,2,53,48,27,46
11,17,51,13,34,46,40,16,30,37,9,6,31,24,36,35,18,63,7,19,58,4,26,52,62,23,57,8,61,2,14,44,45,1,33,5,27,43,29,22,3,28,53,47,55,41,21,59,20,49,48,60,38,12,0,39,54,32,10,56,25,50,42,15
47,48,20,62,34,26,16,28,61,51,5,23,38,12,57,18,37,59,43,29,35,15,3,4,33,46,50,21,53,17,25,60,10,41,44,7,9,2,8,24,1,56,13,11,27,39,31,14,6,52,54,40,63,36,19,0,45,42,49,30,55,32,22,58
17,24,6,43,58,61,19,11,10,37,16,42,5,56,34,32,53,63,41,36,7,3,1,48,9,27,44,12,30,26,13,14,29,22,40,38,57,28,31,39,25,20,55,60,52,62,59,2,18,21,35,49,50,47,23,8,54,0,33,45,4,46,51,15
1,37,48,27,23,58,56,0,10,30,31,53,14,50,3,34,11,36,38,28,33,49,26,19,54,59,32,25,7,46,63,18,2,61,39,5,12,40,43,13,4,41,8,47,16,42,6,35,20,17,22,52,57,44,29,15,9,45,24,21,62,51,60,55
57,36,26,52,44,17,48,29,38,50,61,3,63,51,53,59,8,19,37,5,56,58,30,31,1,11,6,25,22,55,4,21,2,13,54,62,41,46,14,7,33,18,23,20,12,60,32,34,43,40,10,9,49,45,39,24,0,42,35,47,15,28,16,27
53,36,51,1,7,27,6,35,38,29,54,52,63,20,4,9,43,25,11,26,61,32,31,15,24,33,55,49,62,13,59,8,19,56,0,60,16,3,10,28,23,5,22,47,39,30,34,44,45,37,41,17,50,46,14,57,18,12,2,40,58,42,21,48
51,22,20,4,61,42,45,55,21,17,38,19,41,62,63,29,53,60,52,37,34,30,57,31,28,58,39,32,14,3,18,23,9,1,56,43,40,13,36,46,10,50,48,33,16,27,49,11,15,35,24,6,54,5,8,7,59,47,44,26,2,25,12,0
16,27,2,15,23,45,18,11,26,35,20,38,47,8,32,60,36,12,3,62,13,42,40,54,63,19,0,24,7,4,28,59,14,34,44,61,53,10,51,55,5,57,56,31,39,25,48,17,52,29,37,50,22,41,30,21,46,58,9,1,43,33,6,49
54,1,36,11,28,53,52,26,8,32,44,33,48,5,39,17,7,16,30,18,47,13,55,45,43,14,49,9,3,21,51,20,15,4,59,61,57,22,63,46,58,35,34,60,10,31,27,38,24,40,62,12,2,23,42,25,29,41,6,37,56,19,0,50
15,25,14,3,36,57,2,52,23,8,51,55,4,49,46,42,56,21,63,20,24,47,59,41,5,31,45,30,22,33,40,27,50,19,11,54,16,53,1,61,26,38,7,29,43,34,62,18,32,48,6,60,12,35,10,44,28,9,58,17,39,0,13,37
24,18,20,61,50,52,41,15,39,13,28,9,12,3,6,38,4,29,34,33,37,51,25,22,14,54,10,2,63,42,0,59,46,27,7,1,31,55,53,17,16,5,62,58,44,8,19,40,35,32,45,30,48,57,47,43,36,11,23,21,49,26,60,56
2,51,24,47,16,20,6,25,18,32,12,41,44,37,31,57,33,11,4,28,45,63,49,61,27,26,62,55,34,50,38,53,58,56,52,54,17,29,59,15,48,0,43,7,60,30,40,22,13,1,8,14,23,35,21,19,46,42,36,3,5,9,10,39
25,30,29,28,8,33,38,9,63,12,45,11,19,21,24,13,27,6,56,62,39,2,26,52,36,0,23,60,48,41,51,42,53,32,16,1,49,4,50,14,20,5,37,46,40,44,61,54,3,35,22,15,58,17,31,47,57,18,55,7,43,34,10,59
52,33,16,63,10,13,56,47,37,51,49,21,1,20,59,28,6,15,30,38,39,17,54,62,3,55,9,4,24,18,50,61,36,26,45,60,57,0,11,27,7,48,29,2,34,44,14,40,31,23,5,43,35,41,46,12,19,8,58,42,22,25,53,32
55,13,10,37,25,19,2,49,12,45,23,60,41,14,46,21,32,47,54,22,29,35,3,38,16,7,18,26,6,34,17,62,63,40,51,57,33,53,24,28,56,61,20,30,1,5,31,27,8,42,59,39,48,15,50,4,58,9,52,43,0,36,44,11
12,13,11,22,23,63,26,25,38,4,37,62,31,46,48,50,2,39,42,10,0,52,59,60,16,43,15,56,19,61,47,32,55,7,41,20,6,9,40,53,30,21,33,29,36,35,5,51,8,45,34,44,14,3,24,28,1,17,18,49,54,27,57,58
40,18,20,61,10,19,1,2,7,52,38,50,57,56,60,39,63,22,33,41,47,24,42,26,0,23,35,6,17,55,13,48,45,27,49,31,59,25,43,51,58,30,53,11,4,46,15,44,16,8,34,9,62,28,3,32,5,54,37,12,36,29,14,21
38,3,43,8,45,22,15,6,10,26,11,57,19,20,49,36,28,41,37,47,63,5,56,9,60,42,55,21,1,4,7,52,35,27,48,39,24,34,13,12,16,53,51,23,54,62,61,0,17,14,2,40,59,29,50,58,44,46,30,25,33,18,31,32
23,20,51,54,57,47,13,37,52,17,34,12,31,62,61,59,21,30,9,6,19,36,1,28,46,60,49,3,8,56,40,53,2,25,39,48,5,10,43,7,55,11,42,63,35,27,50,4,14,16,29,26,44,18,38,33,41,24,0,32,58,22,15,45
4,25,1,13,50,3,15,21,47,54,42,45,10,32,55,31,53,57,23,60,38,7,52,28,24,2,40,9,26,49,11,39,16,56,37,5,34,0,62,22,18,58,63,8,59,46,41,12,61,30,14,51,43,33,29,6,19,36,48,27,17,44,20,35
18,5,14,63,40,44,4,41,47,52,29,48,7,50,35,43,3,2,55,16,33,19,28,0,34,51,11,58,32,1,54,61,30,31,27,8,26,17,59,13,22,57,12,15,9,36,6,20,42,21,23,49,46,10,38,24,60,37,25,39,62,45,56,53
54,43,16,57,26,45,1,53,52,55,42,6,20,4,31,23,40,24,50,62,49,56,8,35,19,36,27,18,2,61,51,59,0,14,39,15,58,11,9,7,29,25,5,37,28,22,48,21,33,32,60,10,17,46,63,47,34,38,13,41,30,44,3,12
56,26,47,9,36,58,12,54,25,55,6,15,38,13,33,45,34,4,2,3,22,28,48,16,20,35,57,24,41,10,8,52,14,5,59,17,21,37,30,49,40,23,51,43,1,7,42,0,44,63,19,27,60,32,53,46,31,62,29,50,39,11,18,61
9,49,42,11,55,22,7,6,40,56,3,45,48,18,41,5,47,19,31,1,25,62,16,27,51,32,13,35,28,63,59,34,43,0,21,2,23,44,52,24,26,61,36,29,54,10,4,20,46,14,58,15,37,8,39,17,57,30,38,12,33,60,50,53
8,20,38,15,49,13,2,34,35,53,23,33,16,59,44,4,1,45,54,7,24,12,43,58,31,5,6,30,50,56,14,47,28,27,3,39,22,63,48,9,26,17,0,10,52,46,21,55,42,40,60,19,18,57,32,29,25,37,62,51,36,11,41,61
23,56,28,3,20,59,21,44,27,51,38,16,45,37,47,41,53,12,49,31,32,18,57,9,5,30,17,19,60,43,0,33,2,36,13,7,55,40,46,22,63,62,4,35,14,48,54,58,50,26,42,34,61,39,15,10,1,6,52,29,25,11,24,8
29,40,37,21,55,57,49,38,39,44,16,23,59,30,45,27,61,51,14,31,32,35,10,2,7,11,12,9,17,34,18,24,46,53,26,47,60,25,3,20,42,15,6,4,19,54,8,22,50,41,13,63,36,28,48,33,43,52,58,1,56,62,0,5
40,58,38,7,17,51,12,28,2,43,22,62,35,27,10,46,9,42,59,11,47,0,37,53,15,18,5,14,20,6,13,25,8,21,41,48,29,31,60,3,32,30,23,57,26,19,63,49,36,24,50,44,61,33,45,39,55,4,52,1,56,34,16,54
24,28,51,48,17,25,15,40,45,55,46,10,53,30,26,38,23,2,5,63,62,8,57,12,43,60,3,49,42,20,18,52,37,41,58,61,7,19,56,29,27,59,14,9,39,35,6,32,1,16,21,11,54,0,34,36,13,4,33,50,22,31,47,44
25,58,14,52,30,2,13,12,34,24,31,42,39,11,0,57,20,51,33,16,46,27,37,29,53,38,36,56,7,9,41,15,60,26,22,44,50,54,17,32,21,62,1,35,47,45,8,28,19,3,61,63,5,6,4,10,59,48,18,23,43,40,49,55
29,27,54,51,22,0,15,24,61,62,57,31,40,3,1,46,11,13,37,33,41,7,25,6,59,26,52,19,44,23,14,10,4,12,55,16,53,48,8,34,39,50,2,30,47,28,35,56,38,63,32,43,5,60,20,18,42,45,17,36,58,9,21,49
15,36,35,13,61,37,32,45,6,4,18,53,30,43,19,10,29,22,27,46,21,49,40,60,57,44,25,41,58,47,59,12,48,1,11,55,14,7,24,34,2,38,26,54,51,5,16,50,31,62,0,63,56,8,17,33,23,20,9,3,42,28,52,39
41,11,22,27,16,37,32,45,54,28,58,18,35,1,24,61,19,40,56,13,55,31,17,0,63,44,42,62,50,9,52,2,57,12,8,33,26,34,48,23,7,3,14,25,5,15,39,49,10,53,51,21,38,6,60,59,47,4,20,30,29,43,36,46
12,24,16,57,52,63,51,45,26,62,32,33,10,44,9,25,13,55,8,5,59,19,58,50,18,53,41,60,48,14,36,2,42,28,56,40,39,49,15,54,0,47,22,11,1,30,7,34,27,4,20,46,6,38,43,17,37,23,31,29,3,35,61,21
45,25,48,43,52,15,31,34,8,41,12,11,4,1,37,0,28,63,17,49,59,53,13,16,47,27,6,21,33,36,44,56,24,42,55,22,26,61,38,35,23,51,18,9,54,58,7,39,29,50,20,32,57,30,5,46,19,60,40,10,62,14,2,3
59,27,37,36,31,28,14,5,61,42,33,60,54,62,57,18,50,25,51,53,29,3,17,58,40,30,41,13,39,44,49,6,38,32,45,47,2,26,10,19,52,15,24,48,63,8,56,1,11,23,16,0,9,20,7,12,21,43,55,4,22,46,35,34
11,30,22,6,39,25,37,27,0,12,16,56,34,45,49,32,38,41,60,21,19,4,59,62,3,17,2,42,58,52,57,31,54,8,50,15,51,40,13,47,33,26,5,55,9,61,44,63,29,35,46,24,48,7,10,14,20,36,53,43,1,23,28,18
39,16,10,52,1,57,56,51,17,34,49,46,21,33,42,14,22,27,47,30,61,0,20,29,9,7,24,53,6,43,50,63,38,36,35,32,40,44,25,18,48,8,41,15,13,26,37,45,60,5,12,4,58,23,31,59,28,55,11,54,3,62,19,2
53,4,7,28,35,23,51,26,15,19,61,21,8,3,29,25,18,36,30,17,34,31,6,32,58,56,55,47,11,57,38,14,44,40,46,1,24,52,37,49,20,62,0,2,22,39,59,41,10,60,43,50,16,12,27,54,45,5,63,48,42,9,13,33
33,26,43,53,56,22,57,30,60,11,59,61,21,52,13,42,18,34,6,29,24,27,14,40,62,4,47,0,2,44,36,45,28,41,54,46,39,15,1,58,9,7,25,63,16,17,19,3,8,32,37,55,49,12,50,5,10,31,23,35,20,51,48,38
47,3,35,16,1,58,63,53,9,14,27,2,29,6,7,15,19,23,20,61,28,21,25,10,26,54,55,12,0,30,51,40,32,60,43,48,5,8,42,49,62,22,44,39,57,33,18,4,59,17,31,34,50,46,45,11,56,13,38,24,41,37,52,36
44,62,33,8,27,6,46,10,14,48,26,43,1,35,11,42,15,18,22,51,45,32,13,56,60,40,12,0,34,47,28,24,20,2,38,31,17,30,5,41,37,21,16,39,49,63,54,61,7,29,59,23,55,3,36,4,50,52,58,25,53,19,57,9
9,27,14,5,37,38,24,58,23,32,1,20,4,48,3,10,0,39,30,57,49,18,31,53,6,54,59,21,7,46,11,60,61,22,33,16,12,45,29,47,51,50,44,2,13,55,15,19,34,42,62,41,63,36,35,25,52,17,56,40,43,28,8,26
11,5,61,32,10,55,37,19,51,33,38,42,40,60,9,8,49,4,62,20,34,14,41,26,31,27,28,3,6,48,43,53,30,1,22,44,13,23,56,2,46,12,29,45,52,25,63,18,39,57,54,7,16,35,15,47,50,58,24,36,21,0,17,59
52,6,55,58,10,29,48,0,13,20,35,49,22,15,57,3,26,46,24,19,42,25,2,61,34,18,1,16,47,40,21,7,62,23,44,17,30,43,14,27,63,37,51,9,39,56,33,45,38,32,41,31,11,53,28,4,60,5,50,8,59,54,12,36
62,47,16,4,50,56,41,63,39,22,42,15,30,44,29,28,8,33,36,31,21,58,59,10,26,57,53,34,27,11,55,38,61,13,23,60,19,5,49,37,51,2,3,35,32,12,40,1,14,7,25,9,46,0,24,52,6,45,43,20,48,17,18,54
7,6,36,2,46,30,5,0,35,8,9,44,33,34,17,16,51,53,4,22,63,42,26,39,23,13,45,38,15,14,61,3,28,37,1,56,20,49,40,58,60,18,52,48,41,50,10,43,54,11,57,29,47,31,27,32,62,12,25,19,21,24,55,59
31,56,26,45,2,50,52,6,23,54,53,22,28,44,48,5,38,19,43,1,61,47,15,35,57,10,62,32,58,17,20,13,30,42,11,49,29,51,14,3,40,63,34,21,7,59,0,8,27,16,37,18,46,9,12,55,33,36,60,39,4,25,41,24
34,45,57,47,6,53,14,41,15,10,19,36,51,16,42,7,2,40,26,32,23,60,1,49,58,21,3,28,52,35,29,31,63,54,25,50,38,55,11,20,33,22,8,0,44,59,48,43,4,30,18,39,9,5,27,62,56,37,12,24,46,17,61,13
19,22,37,13,52,46,25,30,58,29,12,42,49,8,45,61,48,62,38,54,6,43,16,0,47,11,2,39,10,21,53,3,14,44,20,51,17,23,60,36,31,26,34,1,18,4,5,15,24,40,33,59,35,57,32,28,9,63,50,56,41,55,7,27
63,30,61,62,38,48,14,20,58,16,32,59,22,31,17,44,11,28,21,18,52,49,13,27,25,34,2,54,42,5,1,24,7,35,43,8,41,39,12,36,23,50,10,40,19,47,3,4,56,53,55,60,51,46,45,57,29,15,26,37,6,0,9,33
49,8,54,31,32,35,46,17,7,42,43,34,45,40,33,4,5,13,63,20,0,11,27,26,14,12,23,56,15,18,9,30,50,29,16,47,37,38,60,22,25,36,39,44,53,48,28,51,59,21,3,19,6,2,10,61,41,57,55,1,58,52,24,62
59,23,50,12,21,54,31,56,45,37,2,27,49,46,25,35,13,52,1,33,62,28,17,41,61,7,32,10,14,58,42,34,3,36,63,26,6,43,5,44,11,39,38,53,15,51,18,9,16,60,20,57,48,29,19,8,24,55,22,0,47,30,40,4
56,6,33,42,35,15,34,36,7,16,3,9,62,21,23,10,24,31,38,41,51,27,12,57,32,2,48,61,60,0,47,43,50,14,40,28,63,8,30,4,45,18,49,19,44,39,59,54,1,55,37,53,5,13,26,58,22,17,20,46,25,29,11,52
57,61,33,19,42,49,53,40,50,1,31,54,48,37,25,55,8,58,32,28,38,3,4,41,11,44,22,23,35,56,60,26,27,47,15,0,52,24,20,5,21,10,7,34,36,16,43,51,59,39,17,13,18,45,63,6,2,14,12,9,62,29,30,46
37,56,7,14,22,30,26,2,1,8,48,41,12,52,11,63,19,61,47,40,20,39,53,46,60,54,33,17,31,16,4,29,59,55,15,35,36,27,3,57,13,28,5,6,62,10,38,23,18,45,34,51,24,49,25,44,21,50,0,42,32,9,43,58
15,11,34,45,49,21,22,12,1,48,28,57,55,23,62,37,5,50,17,60,36,56,31,19,29,30,9,40,18,26,63,51,43,54,52,14,32,35,7,61,59,46,10,53,47,24,42,8,13,27,41,6,25,0,33,20,3,38,58,4,2,44,39,16
19,29,40,28,15,7,5,53,31,36,54,44,9,16,51,10,59,49,42,6,56,39,25,17,3,27,63,33,58,22,21,45,32,24,4,11,30,46,18,62,48,1,52,8,61,57,23,2,55,41,14,38,20,50,37,35,0,26,12,34,43,60,13,47
25,0,22,40,29,52,58,38,12,32,30,18,59,11,56,45,46,39,23,5,55,2,47,35,63,36,15,44,54,43,37,4,3,6,48,17,14,57,49,19,8,33,41,61,9,20,31,10,62,28,34,21,7,53,50,13,42,51,24,16,60,26,27,1
1,17,7,9,4,21,46,18,32,12,56,10,60,61,38,47,51,63,44,28,58,25,48,42,34,24,39,53,57,40,14,29,26,49,55,15,11,59,45,8,50,23,41,22,30,2,5,36,19,27,43,62,3,35,13,20,16,6,37,31,52,54,33,0
26,51,31,27,19,1,35,44,7,56,57,0,29,34,53,46,6,4,25,30,63,61,37,14,16,22,59,20,17,36,52,39,62,60,15,12,28,41,42,45,10,13,58,49,24,32,11,3,40,33,55,8,54,9,50,18,38,2,23,43,21,48,5,47
22,32,20,55,0,6,14,60,40,42,23,39,7,30,5,35,57,4,58,33,49,36,28,62,25,56,51,61,53,11,63,19,47,2,3,10,34,9,52,17,8,44,16,59,50,13,41,21,54,29,45,48,26,24,18,1,12,38,31,43,15,37,27,46
17,19,55,11,8,32,51,47,35,40,30,3,56,57,14,15,16,54,42,33,2,61,34,59,1,60,4,29,62,36,26,22,43,58,7,39,31,49,25,24,23,45,53,63,52,5,27,18,38,20,9,48,28,6,44,37,10,12,21,0,41,46,50,13
59,27,42,19,23,58,48,55,7,35,41,38,9,52,53,13,22,3,51,18,56,44,2,0,63,46,49,60,39,31,45,15,26,29,20,5,21,61,33,14,16,50,8,6,28,32,43,34,1,24,54,57,10,30,37,40,12,17,47,4,62,36,11,25
36,7,55,54,41,18,33,43,34,46,35,21,6,52,19,14,38,16,13,28,61,40,5,3,0,29,11,48,51,32,1,25,27,15,12,62,24,17,47,50,45,37,57,42,60,58,59,22,26,56,49,8,31,30,39,9,44,63,2,10,53,4,20,23
30,17,40,29,49,39,7,54,55,36,2,31,62,44,6,57,35,27,53,51,15,20,21,61,11,1,33,16,4,14,50,18,19,52,28,24,59,43,47,48,25,63,45,42,32,0,60,41,34,46,9,37,58,3,8,23,10,5,38,56,26,12,13,22
26,49,29,9,62,22,4,41,7,30,24,48,19,37,46,34,2,43,1,56,23,42,55,36,14,17,21,6,12,11,33,31,39,10,15,27,32,60,44,8,20,50,25,38,51,13,35,5,40,63,47,28,58,45,59,0,61,53,54,52,3,16,57,18
32,35,59,1,30,41,10,45,0,56,52,49,2,16,53,19,21,46,57,29,34,22,11,43,50,40,47,20,28,42,13,4,39,8,26,48,5,54,18,60,14,25,17,7,58,44,15,31,51,62,63,37,24,27,23,6,36,33,9,55,38,12,3,61
1,53,39,43,30,29,14,17,55,16,35,4,0,3,58,48,36,62,37,13,34,7,60,9,56,20,19,59,40,27,38,51,57,18,24,2,6,21,10,12,28,11,44,49,32,42,15,61,50,26,33,52,23,54,47,31,41,5,22,25,63,8,45,46
18,35,50,41,9,36,39,57,51,63,24,52,54,14,13,30,28,20,19,25,10,42,61,58,0,31,43,2,32,3,37,4,23,26,40,59,15,47,46,5,27,6,12,7,62,60,44,56,33,48,38,21,49,11,29,53,8,45,55,16,17,22,1,34
8,19,14,47,22,34,60,25,56,52,63,46,18,41,32,59,55,13,20,58,2,54,44,42,45,11,50,53,35,48,23,12,43,37,9,24,17,5,15,29,36,40,16,21,39,30,33,1,57,4,3,6,10,26,31,49,62,38,61,7,28,27,51,0
55,15,51,5,50,44,60,23,40,31,4,12,1,19,17,14,18,21,22,11,27,46,20,62,61,54,13,34,24,10,33,38,41,58,7,53,3,36,0,49,47,35,37,25,43,29,39,16,48,45,63,52,26,59,30,28,32,9,42,2,56,8,57,6
43,28,41,21,48,23,24,56,53,61,20,9,3,14,57,33,11,19,40,50,10,46,45,38,18,63,7,15,0,5,13,62,44,60,6,52,34,51,2,37,58,47,8,31,1,29,25,39,35,4,42,32,30,55,59,27,54,49,12,16,17,26,22,36
53,47,61,12,1,52,9,58,4,6,14,36,54,5,17,23,13,20,38,22,24,8,2,27,40,26,56,43,31,35,44,46,59,28,16,45,55,3,60,33,62,15,34,10,41,19,29,21,25,49,63,42,18,37,51,50,11,0,57,48,39,30,32,7
17,47,22,9,23,42,48,25,8,36,54,34,41,31,4,24,3,14,61,13,0,12,7,56,39,40,59,27,1,58,63,35,55,52,46,44,57,53,32,10,16,19,26,29,43,20,6,50,30,38,45,62,28,21,15,33,49,2,60,18,5,11,51,37
15,57,11,20,52,18,22,10,7,59,40,46,19,39,63,41,29,51,13,54,56,60,58,0,1,17,33,9,2,6,26,36,3,53,42,45,61,32,25,37,35,47,8,4,31,62,30,44,27,16,21,5,23,50,38,55,48,34,14,43,49,28,12,24
57,41,18,14,30,59,17,54,23,13,37,33,46,16,4,2,25,32,9,7,63,36,56,31,8,62,19,49,28,35,20,60,10,27,12,40,0,24,6,29,42,47,51,11,53,5,55,44,15,52,1,38,22,3,48,21,45,61,39,50,34,58,43,26
6,14,24,30,61,35,38,58,34,55,1,63,13,57,0,3,49,47,54,62,2,17,9,27,60,20,23,42,43,22,32,25,31,18,41,50,21,12,59,37,44,7,11,45,19,46,10,48,4,8,36,39,26,29,56,40,16,33,53,52,28,51,5,15
50,25,53,12,46,27,47,23,39,22,16,32,21,56,35,37,42,11,6,28,54,58,44,41,2,40,1,43,5,20,38,17,33,60,8,52,26,63,15,29,61,13,7,24,3,18,9,45,48,57,10,51,62,14,31,59,49,34,0,55,19,30,4,36
54,47,17,63,4,29,41,2,46,50,45,57,38,21,23,5,26,10,52,24,35,60,39,6,32,42,33,15,30,19,56,37,28,27,44,59,16,43,22,31,36,55,58,25,51,14,48,13,62,8,20,7,1,11,18,12,9,0,40,34,61,3,49,53
53,58,21,26,25,46,43,7,18,44,40,19,11,5,42,17,1,45,54,63,56,0,35,55,28,13,3,33,50,49,29,23,59,38,39,32,51,36,9,14,4,62,22,41,27,30,47,2,20,57,37,6,31,8,48,10,60,16,24,61,15,52,12,34
63,26,55,34,23,2,11,52,51,28,38,61,30,9,14,57,16,20,32,27,37,33,4,29,35,50,17,58,12,47,36,53,46,48,42,22,56,5,59,15,24,54,8,21,45,10,1,19,0,41,18,44,40,13,43,49,6,3,25,39,31,62,7,60
2,31,51,33,54,35,11,15,24,21,45,46,25,19,17,14,16,5,43,32,7,57,48,62,38,12,40,36,34,23,56,44,55,22,18,53,60,49,29,26,41,0,10,30,39,47,3,13,6,1,8,52,58,37,27,42,28,9,20,61,63,4,50,59
14,20,52,50,32,27,63,5,43,15,47,59,16,28,35,34,60,45,38,3,55,30,18,12,13,6,36,26,7,1,37,57,23,56,42,62,46,2,21,22,17,31,11,24,33,48,25,9,54,19,10,41,4,53,58,29,0,44,49,40,39,8,51,61
9,2,32,35,23,31,39,36,18,8,5,29,12,43,63,44,14,22,30,59,42,3,17,6,1,41,11,45,53,0,37,38,28,61,50,34,4,7,54,57,48,21,62,47,26,24,19,16,49,60,13,52,40,51,33,27,55,25,46,58,10,20,15,56
55,5,21,11,32,50,36,57,48,8,63,30,41,37,52,17,19,54,18,14,59,42,38,45,53,28,31,1,56,6,33,2,47,3,51,7,58,40,4,12,26,35,25,22,13,60,43,49,34,9,44,10,61,27,0,62,24,23,46,20,15,39,29,16
57,10,61,14,9,60,29,19,30,15,58,3,53,33,5,4,47,36,0,43,6,49,40,2,27,21,34,54,31,52,28,44,42,20,12,16,59,38,56,13,55,32,23,41,51,48,45,8,22,39,26,37,50,1,62,63,18,7,46,11,24,25,35,17
34,30,4,26,8,32,2,1,38,7,36,9,25,6,40,50,56,3,62,14,33,18,45,28,46,39,13,19,63,41,10,43,53,48,20,44,27,23,51,0,29,42,58,35,16,24,5,55,11,61,15,47,52,22,49,21,37,59,54,57,12,17,60,31
45,4,16,50,60,23,5,52,49,56,13,39,34,59,62,20,11,24,41,42,48,7,46,0,54,28,36,53,14,17,35,22,30,38,40,21,47,25,51,15,63,32,37,43,3,31,1,33,27,55,10,26,61,9,57,2,19,12,29,8,58,18,6,44
25,54,55,32,50,52,13,5,58,15,33,45,3,10,14,22,46,63,41,9,21,24,49,1,27,16,26,38,11,19,29,59,56,35,57,39,31,2,48,0,20,44,7,40,17,51,47,23,42,18,60,8,6,4,53,43,30,36,61,62,37,34,12,28
8,41,24,7,62,31,32,5,23,21,15,25,28,60,56,61,53,36,3,29,40,55,63,50,2,20,49,6,58,18,30,27,46,54,44,4,43,17,48,16,13,10,1,59,35,38,37,52,42,0,34,33,45,11,9,19,39,12,47,14,57,22,51,26
19,36,22,14,39,38,7,34,61,23,29,47,30,46,62,10,20,26,28,56,33,58,53,35,32,40,44,48,42,59,43,2,0,17,9,31,25,57,3,11,50,52,15,6,16,51,37,13,21,27,41,18,24,12,54,60,4,63,8,5,55,1,45,49
14,21,15,27,5,0,7,43,50,32,40,23,49,22,47,9,33,6,46,8,18,26,11,59,58,38,44,19,60,61,16,35,1,20,62,25,53,30,63,36,24,10,31,51,28,55,54,2,52,39,37,4,34,42,45,56,41,57,13,3,48,29,12,17
56,63,41,3,60,28,15,35,12,0,9,8,10,23,31,54,43,48,13,40,45,51,37,59,52,47,25,21,4,18,2,1,39,16,50,27,30,11,22,44,17,7,14,24,42,26,58,57,19,29,32,34,33,38,53,46,20,61,36,5,55,62,6,49
41,6,30,48,38,10,1,16,60,32,24,0,22,25,5,31,61,37,45,12,8,29,3,34,42,40,39,2,36,50,53,43,9,4,15,56,19,17,58,35,18,13,33,49,14,20,23,57,51,59,7,26,44,52,46,47,28,55,54,63,21,11,62,27
0,52,28,43,51,56,16,30,48,32,62,13,3,59,60,12,44,57,22,6,38,61,9,15,14,7,10,17,47,34,4,33,40,11,24,25,55,45,41,1,37,50,54,19,39,31,21,2,8,63,42,27,46,36,35,18,49,58,20,5,53,29,23,26
25,4,24,32,12,5,33,35,49,29,43,30,51,18,13,26,9,20,8,50,44,10,17,1,41,37,21,11,38,54,31,28,45,46,48,60,0,6,34,40,23,61,47,62,59,39,52,19,53,63,14,55,15,16,56,7,58,57,3,36,2,42,27,22
2,13,38,63,30,22,7,43,10,36,37,57,15,11,33,53,28,3,21,24,35,0,45,48,20,52,59,39,50,55,46,44,14,23,9,1,58,31,51,40,6,41,42,16,12,60,25,49,19,54,5,27,26,62,29,34,17,18,4,8,61,56,32,47
39,44,59,53,25,10,16,41,24,12,28,19,55,8,52,11,57,17,42,33,36,7,21,35,26,51,2,37,34,63,49,45,60,30,29,5,56,22,6,20,14,61,43,48,27,23,1,3,15,18,4,62,47,13,54,31,58,46,32,9,40,0,50,38
58,47,1,49,23,62,32,21,17,61,24,12,45,26,0,3,41,63,33,36,44,42,34,4,29,22,27,37,38,20,31,53,39,50,7,54,14,18,6,43,57,52,11,19,55,13,35,30,16,25,5,56,59,40,10,51,28,60,46,15,48,8,9,2
49,6,36,2,34,50,52,13,35,37,33,5,8,24,0,55,12,10,27,16,51,19,41,42,57,43,38,14,29,20,48,39,17,53,61,4,28,3,15,40,18,56,7,60,1,9,59,54,63,31,30,32,23,26,11,45,47,46,58,62,21,25,22,44
31,5,61,55,25,53,58,51,50,17,4,39,62,11,24,18,13,43,7,37,2,30,22,60,27,38,1,9,56,46,48,21,36,35,33,8,45,12,47,34,32,40,54,6,26,14,19,0,23,59,10,44,3,57,41,49,16,63,20,52,29,42,28,15
29,47,50,53,60,14,40,45,62,9,56,54,49,20,6,61,17,28,27,57,5,25,63,51,3,8,1,19,0,22,35,39,43,24,34,12,4,31,15,23,46,30,38,7,18,11,13,36,33,26,32,2,42,59,52,44,41,48,21,55,10,58,16,37
41,19,35,39,23,27,49,54,17,16,12,52,50,6,61,0,14,51,57,25,18,37,30,31,46,47,34,28,43,21,62,60,1,2,33,20,24,10,36,8,32,59,13,5,9,7,44,45,55,26,29,15,22,58,56,40,53,3,11,63,42,4,38,48
21,25,51,18,33,13,57,28,29,30,6,62,9,50,38,7,60,45,55,27,56,5,40,3,42,46,32,4,34,22,11,10,52,8,35,1,0,39,23,26,2,14,47,20,16,15,49,37,48,24,43,44,53,41,58,61,59,12,17,54,19,63,36,31
39,60,46,38,19,53,42,56,11,40,16,63,15,8,41,37,31,27,1,61,29,22,28,43,33,32,17,48,14,10,6,54,34,13,30,50,44,5,20,59,23,47,49,2,4,58,3,55,9,51,52,0,12,25,21,24,26,18,45,7,57,62,35,36
32,26,23,10,27,45,53,13,9,24,38,29,17,14,60,33,55,41,47,2,39,21,11,18,57,61,54,16,19,51,56,5,7,25,31,42,49,35,22,4,20,8,50,44,46,62,36,52,40,0,63,15,30,3,6,1,34,59,12,43,58,48,28,37
34,21,31,23,40,13,48,2,61,58,43,18,42,63,9,39,0,1,14,11,54,53,44,49,3,8,20,37,24,56,16,62,28,27,59,46,22,38,26,47,25,33,12,10,55,5,7,30,51,60,32,29,50,45,4,15,6,17,41,52,35,36,57,19
9,34,19,61,59,24,47,30,57,6,49,60,1,45,39,35,54,20,11,42,48,14,16,33,7,56,50,38,43,55,12,5,13,44,53,0,31,52,18,4,3,8,51,41,46,17,63,62,22,58,28,10,25,37,29,26,27,23,40,15,21,32,36,2
53,39,33,25,34,19,0,32,4,20,37,62,13,9,49,10,31,8,1,23,42,2,28,43,16,44,15,46,35,63,11,45,47,59,57,48,36,17,50,24,22,14,61,21,29,6,60,41,56,54,52,30,12,38,58,40,3,5,51,27,26,7,18,55
62,47,63,7,33,52,48,51,14,42,35,11,38,61,37,13,1,56,26,34,10,16,24,2,15,23,0,39,4,9,31,20,59,40,44,29,58,49,18,27,50,60,28,22,43,53,36,57,19,32,25,17,8,3,30,54,21,12,45,6,41,46,55,5
8,57,62,54,44,3,10,53,33,1,51,46,47,52,50,61,41,39,4,21,60,27,56,48,9,31,42,24,25,55,34,5,38,28,6,15,17,23,30,7,16,59,37,18,45,11,29,26,20,36,32,43,12,35,0,19,13,63,14,49,22,40,2,58
22,27,38,39,49,21,9,60,42,35,17,0,44,23,32,5,33,61,58,40,52,15,8,54,28,41,10,59,48,46,63,30,16,51,4,3,14,1,7,57,43,62,34,37,2,25,26,11,45,50,12,31,36,20,6,47,19,55,56,18,24,53,29,13
13,40,54,52,50,20,28,34,43,46,14,22,17,32,23,1,45,62,5,29,31,10,21,47,49,57,16,15,2,0,27,55,63,9,58,38,42,41,3,48,59,19,37,51,36,39,18,11,56,25,53,35,61,6,12,33,24,26,60,4,44,30,7,8
38,13,10,62,60,40,51,9,22,24,23,6,49,58,37,18,44,33,59,16,50,36,15,48,32,19,29,7,21,34,4,46,0,63,8,52,45,1,20,43,57,61,35,39,30,26,41,3,27,5,2,53,42,31,56,25,47,11,17,12,14,28,54,55
16,44,21,22,40,23,34,33,24,2,54,41,12,57,35,7,1,45,38,25,61,62,9,28,5,26,63,56,51,59,15,8,60,13,27,42,31,3,50,55,49,18,4,36,43,19,37,39,6,14,29,17,10,48,46,30,0,58,11,47,32,20,53,52
46,61,7,15,22,11,12,5,54,19,25,17,34,16,52,20,40,4,27,10,37,36,45,53,14,49,56,1,48,8,38,39,30,58,50,62,13,42,23,60,0,63,51,24,18,21,35,32,31,59,28,43,9,3,57,41,6,55,29,47,44,26,33,2
34,11,59,10,19,9,53,52,39,3,41,55,43,30,1,38,20,63,27,26,47,54,61,25,44,4,42,29,24,2,56,35,28,57,22,18,21,31,14,40,5,62,33,6,58,13,8,60,0,17,37,12,51,48,49,36,15,32,7,16,23,46,50,45
46,40,50,60,59,21,7,61,55,30,23,22,45,20,62,54,27,35,31,9,12,19,16,38,51,42,13,14,24,48,26,37,1,8,15,36,47,57,32,33,63,44,25,4,43,58,5,34,56,53,0,28,29,39,3,6,17,18,52,41,49,11,10,2
15,17,50,62,58,16,34,61,51,26,3,48,49,29,38,33,30,0,8,57,12,20,42,45,11,31,25,59,6,63,41,22,7,23,9,19,47,53,13,55,10,28,21,36,52,5,18,54,46,40,37,56,60,39,24,32,14,1,44,4,2,27,35,43
2,43,22,1,52,60,61,9,44,26,7,10,8,6,25,41,50,13,49,11,3,12,36,56,40,16,42,53,33,37,58,57,54,23,59,48,63,51,38,21,24,17,29,55,28,30,46,5,19,34,31,27,14,39,0,15,20,47,4,18,32,35,62,45
13,14,35,16,38,60,39,47,12,21,0,5,24,51,49,18,9,58,30,42,15,7,10,27,1,6,20,3,2,33,48,43,34,22,62,11,46,40,54,50,4,8,28,37,26,59,41,29,32,31,55,36,53,19,17,25,57,52,44,23,63,61,45,56
37,18,42,45,4,31,53,6,26,59,51,8,50,9,13,46,19,41,39,63,60,16,54,32,3,30,49,27,28,24,21,34,17,7,10,40,56,62,23,29,47,52,33,57,61,14,43,22,20,48,35,11,5,1,55,0,38,44,36,25,12,2,15,58
29,20,42,14,37,8,23,62,25,63,9,5,52,55,34,39,43,44,22,36,41,0,53,51,57,46,56,16,3,28,18,17,26,48,12,4,60,35,40,11,54,49,19,58,21,15,32,33,61,31,7,2,38,50,10,13,27,1,45,24,6,47,30,59
48,10,27,26,50,57,9,2,44,4,12,61,39,55,23,28,42,40,53,18,33,7,8,35,47,36,3,52,1,15,58,45,43,60,46,31,56,11,59,0,34,54,62,5,51,24,19,22,29,37,38,20,41,14,63,13,49,30,25,32,17,16,6,21
60,62,13,39,48,17,4,14,20,0,16,30,44,38,9,21,31,35,51,59,41,42,2,19,52,7,22,27,34,53,63,29,55,24,40,36,28,6,49,57,33,37,61,23,46,8,43,58,3,45,25,5,12,56,47,26,32,1,10,15,11,50,18,54
54,9,21,45,55,8,60,56,6,11,63,5,28,18,44,16,29,41,19,43,7,48,50,15,40,53,22,3,12,46,33,57,2,35,61,20,36,52,37,26,58,17,4,34,31,51,24,23,62,32,0,59,49,13,14,42,25,39,30,38,1,47,10,27
20,53,32,33,55,6,50,11,19,30,60,2,17,41,38,5,8,27,58,59,39,14,48,13,22,36,16,25,15,4,56,26,24,0,51,40,42,21,3,45,52,63,7,44,29,34,61,10,37,49,9,1,28,35,46,18,23,62,54,12,43,47,31,57
27,49,0,61,19,42,10,63,31,1,59,18,28,25,15,53,13,7,8,30,3,22,47,55,52,36,6,44,37,2,20,51,21,32,62,11,41,12,54,48,4,57,58,60,14,24,17,56,46,9,26,38,39,34,35,16,40,29,45,5,50,23,43,33
38,14,43,60,40,51,35,55,23,62,36,28,26,48,33,4,21,49,39,13,54,30,1,3,16,59,5,56,53,25,63,42,61,9,32,18,6,58,34,2,44,10,0,19,15,12,37,31,20,24,52,22,7,57,47,11,17,27,45,29,8,41,50,46
3,10,22,4,25,36,14,56,29,49,48,41,63,26,15,34,44,38,42,8,28,55,45,31,39,0,24,58,46,51,17,23,12,13,18,27,40,5,30,21,47,7,50,61,20,52,6,19,33,1,53,62,57,11,32,16,37,43,2,60,54,9,59,35
23,22,42,28,3,54,13,47,32,21,56,14,15,58,1,62,46,0,38,4,60,44,33,40,18,39,57,55,53,30,17,49,48,5,26,19,6,41,43,16,37,36,35,52,50,11,10,31,8,29,59,12,7,9,2,24,25,61,51,20,34,45,63,27
5,24,10,28,20,9,22,52,18,4,36,37,55,11,44,30,3,48,31,19,50,47,61,21,38,49,54,46,41,53,1,27,0,60,16,14,8,34,33,23,56,39,32,35,7,58,6,17,25,43,62,40,45,57,29,26,2,51,42,15,63,12,59,13
45,57,40,48,25,16,46,18,28,41,26,10,49,30,7,11,50,9,12,39,61,35,32,36,5,14,23,43,38,3,19,52,27,59,53,63,60,0,58,37,20,6,62,4,44,51,47,24,54,8,29,33,1,22,17,2,42,31,56,15,21,55,34,13
41,37,22,61,50,63,6,15,16,58,24,18,9,49,56,17,29,51,60,30,54,36,1,62,38,20,25,40,10,11,46,13,5,32,0,35,26,43,57,23,59,2,47,21,55,39,52,34,42,7,27,8,3,4,44,53,48,28,14,19,45,12,33,31
40,7,62,55,16,52,47,12,5,50,15,17,29,45,2,35,53,19,3,39,22,59,36,1,43,25,42,32,10,30,11,46,34,21,20,63,51,18,23,14,37,28,61,33,26,41,4,60,6,48,54,57,49,27,8,24,58,31,9,44,0,13,56,38
49,5,54,16,12,30,10,13,9,19,28,41,58,56,50,38,18,37,43,52,14,35,42,55,36,45,21,20,15,39,60,7,22,27,44,6,40,0,31,51,32,4,61,53,23,34,47,2,26,17,46,62,24,3,29,1,63,11,59,33,57,25,48,8
33,11,25,2,41,10,48,28,53,24,49,63,29,61,26,57,50,8,21,0,54,45,34,6,7,17,44,15,60,55,46,43,9,62,51,39,23,36,13,18,19,52,20,14,40,1,12,16,35,42,3,32,38,4,31,56,58,27,59,37,5,47,30,22
11,26,28,20,5,30,50,22,59,43,32,57,19,2,1,49,4,18,25,21,58,0,54,39,47,46,61,24,6,15,60,40,38,36,8,10,27,13,42,44,62,55,41,34,17,56,7,31,9,53,51,3,45,52,14,23,48,37,35,63,33,29,12,16
44,61,31,6,20,46,17,32,47,22,28,39,58,24,63,25,3,55,54,56,1,15,9,27,38,53,8,13,49,0,42,35,5,60,51,48,18,50,62,4,52,45,43,19,57,59,36,16,2,10,30,26,37,34,11,21,29,40,14,7,23,33,41,12
40,18,58,7,36,19,28,12,31,52,26,27,43,21,47,25,1,38,44,16,15,62,9,51,53,32,61,54,48,45,59,24,10,41,56,8,4,11,17,23,57,39,14,55,22,29,6,20,60,3,46,5,2,50,33,13,63,0,34,49,35,30,37,42
14,31,12,62,21,33,57,54,25,52,32,59,39,55,22,15,10,2,30,13,23,38,37,1,27,8,20,46,40,17,42,5,9,63,51,18,4,44,6,50,49,36,34,56,24,60,48,7,26,19,53,3,29,61,35,45,16,0,28,43,11,41,47,58
38,28,34,13,23,17,35,27,52,55,46,43,58,29,42,63,54,62,39,4,25,8,21,1,9,53,16,26,60,12,47,44,37,61,10,3,49,7,50,0,59,14,18,22,20,15,56,32,51,11,19,45,41,6,33,24,48,57,2,30,36,40,5,31
59,54,11,18,58,41,57,55,23,4,35,10,30,50,42,13,39,2,36,26,6,16,12,32,24,19,7,60,37,52,44,61,8,20,45,62,43,25,5,3,31,38,53,47,34,9,28,51,14,17,0,22,15,29,49,48,33,27,40,21,63,1,46,56
5,9,17,42,55,48,54,23,24,31,60,43,61,53,3,13,22,45,6,8,16,37,41,32,51,44,10,50,39,59,58,15,11,62,21,4,36,33,56,12,26,35,52,25,19,49,38,7,20,30,18,47,63,14,57,40,28,29,2,34,27,0,1,46
31,19,29,13,35,50,28,34,1,17,53,51,14,20,15,22,44,40,63,27,18,4,26,42,46,12,38,54,57,24,61,3,33,37,25,59,32,10,45,43,60,55,58,23,52,8,39,62,2,0,7,9,21,48,56,36,6,5,16,41,47,11,49,30
53,20,42,40,39,52,21,46,24,9,34,31,49,7,11,15,32,37,6,43,13,8,51,57,18,44,63,16,61,60,38,58,1,17,27,5,29,10,3,47,23,36,12,30,55,0,62,14,2,33,22,28,25,59,41,45,56,35,48,19,54,4,50,26
56,57,49,31,58,33,11,10,14,5,21,46,18,30,43,60,53,26,63,15,28,19,17,51,13,55,8,9,3,39,45,32,12,47,62,27,29,52,44,59,38,35,50,37,6,1,40,41,25,0,48,23,2,4,61,36,22,20,16,54,24,34,42,7
32,62,36,48,26,4,31,46,8,16,50,42,52,14,45,37,22,30,0,9,15,6,41,51,17,44,12,21,1,11,49,54,2,7,25,40,24,43,57,27,58,47,39,3,29,55,10,19,23,34,35,33,28,18,53,13,38,61,60,5,56,20,59,63
31,34,59,27,22,40,8,30,13,15,56,25,62,48,4,37,43,55,57,46,19,26,45,23,10,11,18,14,6,38,52,50,39,12,24,20,44,2,1,51,29,21,35,61,42,17,5,58,36,53,41,9,32,7,3,16,60,63,47,28,49,0,54,33
3,60,59,41,25,36,38,43,18,5,2,31,42,40,20,8,53,46,24,54,12,9,28,44,49,30,35,61,39,26,48,29,21,17,56,58,47,57,16,50,10,1,7,13,27,37,22,63,0,32,19,15,4,14,33,51,23,62,52,34,55,6,45,11
7,46,29,19,18,23,36,12,40,45,17,20,49,30,41,32,33,6,0,24,62,59,28,37,11,31,9,63,2,21,1,22,48,43,53,16,51,38,60,52,55,39,34,5,44,14,27,54,50,13,42,47,10,56,57,15,26,25,35,58,3,61,4,8
4,24,58,62,37,26,9,29,19,28,20,49,34,52,12,35,14,18,53,13,22,8,57,42,11,63,61,21,16,31,41,17,46,55,43,15,3,56,1,39,51,59,38,40,44,30,27,50,33,23,45,32,47,6,54,60,48,2,10,36,5,0,7,25
42,51,24,43,54,29,14,23,22,60,17,34,8,52,31,30,9,50,58,25,11,2,44,19,57,32,27,10,5,33,63,1,12,20,35,46,61,48,18,55,62,37,28,16,0,13,38,47,41,6,4,59,39,3,40,45,21,7,15,36,56,49,53,26
10,50,56,16,26,12,43,30,13,47,36,0,51,41,15,19,7,57,33,53,24,18,45,27,9,20,1,39,8,48,31,37,42,55,6,63,35,61,2,34,44,14,46,28,23,58,22,17,5,4,21,3,38,60,29,54,59,32,49,62,11,52,25,40
29,24,52,50,40,13,3,42,46,57,36,12,18,21,31,2,1,32,59,56,53,0,34,60,37,28,35,14,10,8,61,15,9,16,55,58,30,4,6,26,22,49,33,20,45,48,17,25,62,47,38,41,54,27,44,5,51,19,11,7,63,43,23,39
36,45,1,47,38,41,19,52,49,53,31,23,48,42,54,32,27,34,63,37,26,13,16,0,56,46,62,3,6,28,60,5,9,29,59,22,39,11,33,2,21,12,51,7,15,44,43,50,57,18,40,30,24,4,35,55,25,58,14,10,61,8,17,20
44,17,9,25,56,23,3,46,55,26,11,42,13,60,50,37,43,52,27,24,57,15,7,12,62,21,49,39,38,35,18,8,32,29,28,19,31,1,33,22,10,5,20,53,63,36,0,54,51,6,40,47,14,45,16,59,4,41,61,34,30,58,48,2
33,5,50,29,11,60,12,13,53,62,24,58,22,41,20,48,17,14,10,28,15,1,4,26,63,34,40,16,32,56,23,18,42,6,43,0,27,30,25,47,8,39,2,57,9,61,31,44,55,54,49,21,59,36,45,7,37,19,3,38,52,46,51,35
60,42,15,52,56,3,29,61,34,10,2,39,62,48,57,58,14,32,9,49,24,12,22,33,31,26,40,19,5,30,13,4,20,38,41,59,25,28,47,21,37,35,51,23,27,16,11,46,1,18,0,43,53,54,36,17,7,44,8,50,55,63,45,6
57,39,42,50,46,3,33,63,59,25,37,18,44,10,61,60,32,2,20,5,9,53,28,40,34,30,1,51,43,45,58,47,12,15,26,17,6,21,0,4,16,36,62,38,48,41,22,24,31,14,54,27,56,35,52,19,11,8,55,7,23,29,49,13
61,50,28,41,1,39,8,9,51,16,60,38,19,0,36,53,48,33,6,46,31,44,2,58,63,34,55,3,10,30,32,40,12,21,14,59,13,35,56,18,62,7,29,45,57,52,20,47,11,49,43,24,15,4,42,27,23,54,37,17,22,5,25,26
19,35,48,18,32,54,29,4,44,0,40,25,56,36,33,22,43,55,42,38,26,30,52,61,53,28,11,59,51,39,41,63,12,8,24,3,49,1,14,31,47,46,6,27,57,2,9,13,60,34,37,7,10,50,21,58,45,17,23,20,62,5,15,16
45,16,46,58,0,43,32,37,54,30,42,18,15,48,41,5,1,55,20,12,11,23,52,13,14,9,51,4,60,62,38,7,21,2,8,39,29,24,26,35,50,17,27,6,61,40,33,19,3,49,47,56,44,53,59,57,22,28,36,10,25,31,63,34
3,29,26,46,51,52,61,60,11,35,12,47,63,10,36,43,5,45,13,0,2,48,50,31,28,22,56,39,32,18,20,16,6,33,24,54,42,53,34,37,59,57,21,17,19,4,55,8,9,15,38,40,14,58,44,30,49,41,1,27,7,25,62,23
31,8,0,21,60,24,52,48,35,2,10,32,15,53,49,11,30,37,47,28,33,50,63,38,4,59,23,34,61,42,36,56,1,25,3,62,55,9,20,45,26,5,17,6,54,57,41,58,39,18,40,19,7,16,46,27,44,29,13,12,51,14,43,22
21,62,8,36,24,37,12,31,45,43,3,13,19,40,53,30,10,58,32,6,47,59,63,17,61,56,48,2,14,44,46,11,50,51,23,18,0,28,15,41,5,7,39,26,16,54,60,20,49,42,29,57,33,38,1,4,9,55,22,27,35,52,25,34
63,46,59,35,39,41,42,1,28,54,26,16,7,13,5,32,37,58,45,22,6,48,51,52,21,36,23,25,61,34,56,0,38,30,47,33,49,20,14,15,43,44,53,2,11,18,19,17,24,8,57,10,62,31,27,3,60,40,9,50,55,4,12,29
20,59,6,26,44,13,63,41,19,27,36,42,55,29,3,2,37,40,16,47,10,18,53,62,46,12,56,52,15,1,34,48,24,5,8,21,14,38,28,50,33,60,58,57,4,11,61,45,35,30,17,54,39,49,9,23,43,32,0,22,51,25,7,31
60,58,20,7,17,56,25,42,48,13,49,45,18,51,5,27,34,59,19,8,55,61,23,46,63,53,16,22,28,21,12,4,54,3,47,43,52,40,62,50,0,33,9,57,37,14,32,6,30,41,29,15,11,38,36,10,1,44,35,39,31,2,24,26
61,53,33,19,57,54,43,20,34,63,30,44,11,10,16,32,24,25,7,52,0,36,49,4,29,3,60,62,1,18,46,51,48,31,8,9,2,5,28,27,22,59,26,56,14,17,37,45,50,13,35,21,38,40,15,12,41,58,47,55,42,23,39,6
22,42,30,58,55,1,4,5,32,0,41,12,36,38,56,26,59,47,53,31,18,46,24,8,45,25,60,14,39,49,54,34,50,19,29,7,23,61,43,52,16,21,11,33,17,3,15,27,35,6,62,9,40,2,44,63,20,10,48,51,13,37,57,28
16,55,54,45,60,61,20,38,19,39,44,48,50,53,35,40,6,34,29,1,24,59,22,8,32,23,57,15,10,56,63,62,58,33,25,3,12,41,42,11,31,26,51,9,43,5,37,7,13,28,27,4,30,47,49,36,52,2,17,0,21,46,14,18
27,22,55,42,39,4,6,44,62,33,37,35,54,16,51,34,14,29,25,19,11,48,15,40,57,49,61,1,43,17,38,21,8,59,58,52,26,12,20,32,24,63,56,46,28,47,5,13,31,10,7,3,36,18,60,53,50,45,0,41,23,9,2,30
22,47,15,19,16,35,54,25,60,34,40,63,56,3,52,7,53,27,45,32,39,12,9,6,36,55,0,38,21,26,2,33,1,23,20,37,28,58,50,48,31,62,14,11,17,13,44,24,29,8,42,49,43,18,10,41,46,4,57,51,5,59,61,30
56,50,37,26,4,42,44,54,15,62,59,28,12,25,3,20,48,17,63,9,6,45,21,7,53,41,60,40,10,22,58,38,46,57,35,11,24,27,18,19,5,0,29,2,30,23,55,33,39,47,51,61,31,16,34,13,32,49,8,36,52,1,14,43
18,61,37,24,53,49,38,42,31,16,45,0,34,62,25,3,28,57,33,4,44,43,36,26,55,50,8,12,58,9,10,40,13,56,23,29,19,27,47,2,22,41,54,20,32,21,39,60,1,51,17,6,59,14,52,48,30,35,5,11,63,46,7,15
51,22,10,23,56,40,32,37,27,2,0,30,48,60,61,36,6,14,41,5,21,62,53,4,43,24,11,9,1,50,47,35,42,38,57,7,49,39,52,8,3,31,29,59,58,12,63,20,34,13,19,25,54,44,26,18,33,16,45,55,15,17,28,46
57,43,39,62,19,35,0,27,7,8,24,4,31,20,32,45,48,14,11,53,47,22,58,49,2,5,26,1,13,54,23,36,50,33,51,30,63,18,16,12,29,10,52,59,42,61,55,60,46,38,28,44,21,17,3,56,34,41,9,6,37,15,25,40
52,18,54,14,3,38,40,47,58,4,51,21,44,25,55,17,48,5,10,1,27,49,45,24,33,63,0,42,23,39,35,59,8,31,19,41,61,57,11,7,12,30,20,60,9,26,6,22,37,13,62,56,43,29,36,28,34,32,50,16,2,15,53,46
14,0,33,29,17,42,23,22,7,45,32,3,52,60,8,59,56,30,36,2,50,4,61,21,13,49,15,38,44,18,20,28,19,46,47,39,53,26,57,54,1,27,37,12,63,11,48,9,58,51,35,34,10,41,5,25,55,16,40,62,31,43,24,6
61,57,47,23,3,28,46,8,13,37,27,59,10,52,5,6,43,11,21,45,31,7,39,33,15,19,48,60,41,9,2,40,51,22,14,42,50,34,25,49,54,20,1,29,56,55,18,36,26,38,16,30,32,12,53,0,35,62,58,44,17,63,24,4
2,14,7,37,32,63,47,27,44,1,59,8,6,4,25,42,48,3,13,43,56,17,28,29,39,23,58,46,26,20,22,33,24,55,10,38,35,60,16,0,34,12,40,49,53,18,62,15,54,45,11,36,5,19,61,50,21,41,57,9,30,31,52,51
46,33,31,59,48,34,61,54,7,11,40,2,62,63,56,3,6,47,25,27,60,0,24,28,52,42,51,50,26,10,20,18,5,21,22,29,44,35,12,16,30,17,4,15,23,43,13,55,49,41,8,1,58,32,36,38,37,45,39,53,19,57,14,9
13,46,30,11,16,33,50,9,59,15,22,41,60,63,3,24,55,56,2,52,58,12,10,53,44,18,25,61,14,23,43,31,49,19,32,5,20,57,6,17,28,37,26,47,35,45,36,27,0,8,4,38,29,54,51,39,1,62,21,7,34,40,48,42
9,44,46,42,30,11,18,52,31,5,20,22,37,45,48,17,39,7,23,12,54,51,34,63,40,19,26,62,56,24,60,55,61,53,50,59,36,33,38,43,25,15,13,0,28,29,10,14,4,16,58,3,8,57,35,27,41,21,6,49,47,32,1,2
7,19,28,54,29,12,20,39,17,40,52,18,61,0,26,36,27,37,8,33,24,42,15,13,31,57,21,51,2,22,30,53,44,32,56,16,50,11,14,5,9,41,55,35,60,46,10,23,45,43,4,63,6,25,48,59,34,49,1,62,3,38,47,58
41,35,5,57,53,9,61,21,18,47,30,58,63,16,51,20,29,32,11,37,7,22,40,10,2,17,25,43,39,23,12,49,33,19,0,60,42,54,13,1,31,26,8,45,56,48,27,3,50,28,6,44,34,55,62,52,59,46,15,14,4,24,36,38
4,63,7,54,9,46,1,21,22,33,13,23,44,19,58,51,32,30,48,35,49,10,11,50,62,34,43,37,3,38,8,15,45,17,18,31,24,53,55,5,16,60,0,61,39,20,36,26,14,6,25,28,56,52,47,40,27,41,2,12,29,57,42,59
27,9,20,58,42,61,21,10,25,28,50,16,32,59,53,36,26,35,45,34,38,8,5,31,60,15,3,40,41,39,24,43,62,46,11,1,23,14,48,2,6,12,55,19,7,51,37,52,4,18,0,54,17,49,22,33,44,56,13,29,63,57,30,47
30,41,31,6,12,28,48,19,37,4,7,26,15,43,23,42,49,9,52,17,40,58,56,32,38,22,25,13,57,3,45,14,5,53,55,54,61,60,50,29,27,44,10,1,39,34,8,2,46,20,16,59,63,51,21,11,33,36,35,0,18,62,47,24
42,22,34,51,32,2,27,29,12,24,59,62,38,1,49,48,57,17,54,30,46,50,63,36,13,44,58,43,4,10,31,28,21,37,15,18,6,61,3,47,35,9,41,5,26,53,11,39,45,7,25,0,52,8,23,33,60,16,55,56,20,40,19,14
60,19,29,33,28,18,0,48,23,55,20,5,15,21,56,22,31,34,62,17,36,61,7,6,16,25,59,37,30,42,4,39,58,63,27,52,9,40,10,38,54,14,12,44,8,13,49,11,51,57,41,3,1,46,35,26,47,43,50,53,24,2,32,45
55,27,57,44,47,16,1,13,49,9,56,3,14,50,19,36,23,25,10,2,37,51,52,61,54,32,63,26,18,24,17,39,35,7,22,15,41,58,0,62,53,60,12,20,30,33,42,46,8,40,34,31,59,45,29,28,43,48,6,4,21,11,5,38
6,49,36,59,9,34,35,30,25,10,15,37,4,26,13,24,61,29,55,1,14,17,28,62,19,60,18,48,7,11,27,45,42,53,5,63,50,43,21,3,51,44,33,12,20,41,46,31,16,23,52,8,56,58,57,54,47,39,40,2,32,0,38,22
61,52,40,48,37,54,4,13,6,35,23,42,0,1,55,62,20,24,49,32,38,9,19,47,22,58,17,41,31,10,8,2,27,39,53,57,46,51,25,28,60,14,56,7,21,29,36,30,33,15,12,50,5,26,34,3,18,63,11,44,45,59,43,16
60,32,7,39,55,15,58,14,23,9,41,10,42,3,44,0,53,5,27,21,51,2,62,22,16,18,56,50,48,46,6,13,36,1,63,28,25,30,59,35,57,34,37,47,29,54,52,8,45,17,26,12,40,20,31,11,43,19,61,4,24,33,49,38
0,29,60,61,55,63,44,40,13,53,21,32,54,62,43,22,50,9,25,51,2,28,3,1,34,38,18,19,15,31,48,20,27,26,14,46,23,4,39,59,30,37,41,11,12,42,49,8,33,52,45,16,6,57,56,58,35,10,47,36,24,17,5,7
17,19,33,3,28,26,6,50,1,56,24,54,59,10,43,51,13,44,2,25,14,4,37,55,41,16,27,35,62,34,32,46,58,49,30,12,0,8,63,52,18,5,36,29,23,15,21,9,22,7,57,45,31,47,61,48,39,42,53,38,40,60,11,20
26,14,6,1,41,34,2,51,15,54,46,58,56,11,20,21,12,3,31,10,4,44,19,55,42,23,13,45,0,36,16,39,38,52,27,50,35,43,9,63,62,22,47,24,57,8,18,33,37,40,28,49,53,29,30,48,25,59,32,17,5,7,60,61
58,9,18,4,38,8,48,57,50,23,6,36,33,52,53,26,35,37,21,41,39,30,24,60,63,12,47,40,20,54,28,25,17,29,7,34,13,0,59,19,5,61,15,45,42,56,31,51,1,16,2,14,62,27,43,3,32,11,49,22,10,55,44,46
40,15,61,50,55,7,37,59,48,0,58,17,28,29,47,45,2,36,9,53,39,63,43,49,30,54,27,20,51,24,23,32,26,22,6,12,14,19,35,16,21,11,4,41,3,34,8,44,5,31,56,33,38,62,52,46,42,60,25,10,13,1,18,57
42,56,45,39,28,34,9,54,44,7,10,8,29,53,52,33,6,31,14,62,19,46,55,24,57,13,11,41,1,58,48,47,25,22,4,60,3,32,26,20,17,40,49,50,63,0,61,30,12,51,36,15,21,16,27,18,38,35,37,5,43,59,23,2
36,50,1,8,0,10,46,3,42,23,21,2,60,18,26,28,7,45,25,31,20,61,53,37,39,24,55,4,32,13,58,9,14,57,35,17,43,62,52,11,51,6,16,30,19,40,54,15,56,48,5,59,22,49,33,38,47,34,27,12,44,29,41,63
18,31,42,6,35,32,24,12,43,8,27,53,38,51,37,30,54,3,26,2,44,21,41,13,62,48,1,56,9,5,49,63,15,25,47,0,16,60,61,57,40,19,33,46,34,20,22,45,55,11,7,23,28,17,36,59,29,10,4,14,50,39,58,52
58,37,25,29,2,52,11,3,18,42,63,10,17,41,49,0,46,20,19,50,39,32,44,43,61,38,14,15,22,40,9,36,7,59,4,48,27,26,30,16,35,6,57,53,34,5,8,12,54,62,33,24,23,47,45,13,31,56,51,1,28,60,55,21
7,12,16,50,9,44,43,47,35,25,5,31,1,30,15,6,0,23,49,46,24,52,41,36,54,27,51,45,61,39,58,56,60,40,2,32,33,53,13,22,37,14,4,63,59,29,26,8,11,19,48,3,10,18,42,20,17,21,38,55,62,28,57,34
20,35,22,26,9,8,24,30,21,19,47,5,33,40,10,16,31,41,46,7,3,45,6,11,58,38,17,57,12,55,18,32,34,63,15,52,13,4,29,60,42,56,53,51,37,2,25,23,54,27,62,59,48,61,1,43,49,44,28,50,14,36,0,39
8,43,15,50,45,9,48,57,3,11,27,34,26,51,2,5,54,52,28,46,33,19,31,4,10,17,24,47,38,61,22,29,60,62,36,42,58,25,20,37,7,6,41,23,40,12,35,53,44,56,0,39,49,32,18,30,63,13,14,1,21,55,16,59
31,47,33,30,56,18,14,0,51,57,28,7,53,59,46,32,6,50,22,61,13,12,43,40,23,16,63,44,29,8,62,19,21,55,35,37,26,27,5,38,60,4,52,39,9,1,24,10,36,20,45,34,42,3,58,11,48,15,41,17,54,25,49,2
53,4,13,47,44,29,36,3,62,12,7,60,9,2,20,49,58,16,1,37,11,50,6,55,57,42,5,35,0,52,19,56,26,21,59,23,61,48,8,24,14,38,25,28,15,17,32,54,43,22,45,39,31,27,10,18,40,30,41,63,46,51,33,34
14,23,9,17,63,13,61,35,18,58,7,56,15,0,2,47,38,10,27,31,62,57,36,50,4,29,26,48,49,24,40,42,53,5,8,59,25,45,33,37,44,41,52,30,28,43,21,3,22,20,51,34,39,32,54,55,19,16,46,11,1,6,60,12
30,24,49,45,36,8,6,62,3,1,10,35,54,50,2,53,51,47,21,63,9,27,26,19,33,34,57,39,11,13,14,15,48,43,20,5,60,17,44,52,25,56,31,16,29,18,42,37,22,55,46,40,4,28,41,38,23,32,61,0,59,12,7,58
26,18,52,61,42,45,44,46,6,27,25,13,31,20,63,60,17,14,23,7,40,56,48,12,29,43,1,10,32,62,51,4,21,55,58,22,2,53,28,34,19,39,47,16,33,36,15,54,3,9,59,41,30,24,5,8,50,35,49,11,38,37,57,0
56,52,58,18,47,16,11,27,9,13,61,17,21,0,22,14,30,19,5,46,26,36,57,2,45,6,10,28,7,20,34,38,42,63,8,43,60,59,53,1,41,4,40,31,12,33,48,44,29,35,32,51,24,49,54,37,62,23,39,3,55,15,25,50
9,59,0,52,46,31,37,4,61,6,2,10,30,34,28,42,55,8,58,12,29,44,23,17,21,38,14,33,35,20,16,11,15,1,26,49,50,7,57,13,3,45,41,19,60,39,56,18,5,32,40,51,27,22,36,62,43,54,48,24,25,63,53,47
54,46,13,60,18,62,1,56,12,48,3,50,44,23,52,29,51,9,10,28,61,17,39,8,14,47,55,36,19,58,35,45,15,7,20,43,40,27,21,5,6,16,24,2,41,22,57,4,0,49,38,63,31,32,26,34,59,11,30,33,25,37,53,42
12,46,23,52,38,39,14,57,53,26,44,3,1,41,10,56,28,2,8,9,4,60,0,45,6,43,19,29,47,16,54,21,34,49,55,36,51,61,50,13,15,33,31,25,59,35,11,48,7,30,24,5,42,22,20,27,18,63,17,32,58,40,62,37
54,58,59,49,13,33,50,56,15,62,39,37,27,26,19,42,53,35,34,60,4,43,40,63,38,14,51,5,52,11,31,30,18,2,55,41,28,7,25,61,17,57,24,1,8,16,29,21,47,10,45,44,9,20,0,36,12,23,6,22,32,3,48,46
3,40,34,54,28,14,53,48,19,16,42,61,38,17,26,57,59,12,44,24,31,36,29,10,22,30,41,18,35,50,51,43,63,27,62,1,60,33,15,49,55,21,56,9,45,52,8,2,5,20,46,47,32,11,13,4,39,25,37,58,0,7,6,23
41,5,2,12,25,17,11,30,27,14,40,10,60,54,46,53,56,28,55,58,18,15,7,62,50,37,57,47,63,36,9,42,26,16,19,38,45,23,1,8,49,43,51,20,59,22,33,13,48,61,44,32,52,0,34,3,6,31,21,29,39,35,4,24
22,60,19,4,29,5,47,62,57,30,15,12,59,20,14,49,56,41,1,46,27,55,3,50,32,13,26,33,37,18,34,36,25,21,9,11,7,43,48,23,40,44,17,2,6,0,35,54,8,16,42,45,63,31,38,52,61,58,53,39,28,10,24,51
27,12,58,36,9,44,30,13,61,59,22,10,28,15,11,18,26,46,20,42,60,43,55,57,19,7,54,14,2,51,34,16,4,41,23,52,1,63,40,0,31,6,56,17,53,32,35,39,50,45,5,47,38,62,48,3,37,49,8,29,21,24,25,33
61,47,7,12,39,10,58,0,63,49,22,55,21,8,38,3,46,19,51,53,2,35,54,62,26,40,30,24,15,11,57,42,23,50,1,43,59,27,60,13,36,16,44,37,33,14,56,29,31,6,48,9,17,45,32,41,28,18,4,20,34,52,25,5
9,6,52,60,7,22,26,45,61,30,13,58,54,49,0,28,15,53,41,8,56,4,11,46,31,57,23,27,48,37,29,18,44,33,1,16,59,3,62,21,20,2,12,42,50,36,55,17,25,19,32,14,10,40,51,38,35,43,47,63,24,34,5,39
34,6,14,33,61,11,26,37,5,63,16,62,3,10,7,21,46,18,17,43,52,24,58,19,59,32,13,23,39,56,28,12,41,35,2,45,48,20,0,49,9,25,4,1,27,57,60,40,15,22,29,54,31,51,8,44,55,47,42,38,50,36,53,30
45,37,25,47,51,6,28,22,14,23,46,53,42,62,60,18,54,27,43,24,44,16,30,7,0,56,59,4,36,17,41,40,13,57,31,48,58,3,61,38,34,8,29,35,9,49,63,11,39,55,33,19,52,32,12,1,10,50,20,2,26,5,15,21
59,31,34,16,13,1,44,23,62,5,28,43,4,29,52,6,35,17,56,37,2,27,14,49,41,33,51,30,36,7,18,40,24,61,38,3,60,9,8,15,57,46,10,55,58,12,47,0,63,54,45,32,53,42,50,20,19,25,26,22,48,39,21,11
0,54,36,22,26,62,61,58,43,60,12,25,63,6,29,57,34,21,11,32,2,41,38,55,33,52,51,44,49,13,53,1,37,30,59,48,35,14,15,47,5,17,18,40,19,45,31,16,3,39,27,42,46,8,9,50,56,4,23,7,20,24,10,28
44,14,57,52,21,12,61,59,15,43,8,27,49,60,39,17,9,18,2,45,34,53,24,25,62,4,6,47,3,19,16,30,56,28,50,51,48,7,26,35,23,33,40,11,41,13,29,32,36,54,22,0,37,38,63,55,1,46,20,31,10,58,42,5
60,1,16,3,10,5,39,57,58,35,49,18,31,13,63,29,54,52,0,6,30,23,55,44,4,51,62,27,25,47,61,19,38,17,45,40,43,48,8,56,53,32,28,15,36,7,59,12,9,22,2,41,34,37,33,50,14,42,21,46,24,20,26,11
14,6,0,27,5,62,47,35,31,43,46,49,24,26,55,3,45,4,57,2,38,48,13,15,17,18,51,1,20,7,56,37,36,50,28,40,44,30,58,23,10,59,54,9,32,16,11,33,41,61,21,25,42,60,39,12,19,8,22,63,29,52,53,34
50,5,22,23,52,30,26,32,4,62,29,57,19,58,40,39,28,14,20,41,15,12,43,27,49,6,8,3,31,42,55,44,33,59,2,25,45,1,60,38,7,36,51,10,46,11,53,63,21,47,37,34,54,0,13,48,18,61,56,9,35,24,17,16
0,10,48,20,12,24,61,58,47,32,35,39,41,29,26,6,16,56,60,59,5,7,23,42,17,43,22,36,3,1,51,8,57,13,4,38,30,55,11,62,9,45,34,54,50,52,44,46,31,27,33,63,25,2,14,53,19,18,21,28,49,15,37,40
51,21,63,5,19,50,2,55,10,0,1,33,42,9,24,58,32,15,43,28,46,13,14,37,30,41,6,62,45,11,59,25,47,31,4,56,17,57,61,26,7,38,49,54,36,39,29,44,60,53,48,16,8,20,12,27,34,23,52,40,22,35,18,3
59,24,54,18,56,4,63,3,58,26,21,17,0,47,44,48,14,5,1,62,53,55,11,36,20,7,45,37,16,41,34,12,29,6,31,28,33,27,30,57,19,35,61,60,38,40,9,52,23,8,50,42,2,51,22,43,25,39,13,15,32,10,46,49
50,52,5,22,24,61,32,11,56,9,40,51,54,31,47,57,28,20,60,43,1,49,45,46,4,36,41,2,37,26,62,18,34,16,53,7,58,10,35,6,59,23,33,63,8,42,17,39,44,25,13,21,48,29,12,30,38,15,55,14,3,19,27,0
59,9,8,35,13,12,38,7,18,25,16,34,27,2,32,31,52,6,0,30,63,15,57,21,54,48,33,11,36,56,50,55,1,46,49,23,58,60,45,22,41,29,42,51,19,53,5,37,43,24,3,40,47,44,10,39,62,28,61,14,4,20,26,17
3,23,50,28,32,37,36,61,51,4,18,0,34,13,44,35,46,57,56,22,52,7,6,58,5,33,2,10,40,8,31,16,19,48,45,53,9,55,63,38,62,20,59,1,47,41,26,27,54,24,49,29,30,15,43,14,21,17,25,60,42,39,11,12
58,59,56,45,30,9,34,5,51,46,32,43,38,36,33,60,19,31,29,16,35,8,24,62,41,61,63,1,2,23,10,22,52,27,53,12,4,40,25,6,14,0,26,44,37,20,54,28,11,3,49,13,21,47,50,42,15,39,55,7,48,17,18,57
14,32,18,20,41,57,36,27,45,37,58,26,9,56,13,60,23,4,52,29,33,48,55,11,34,6,22,62,12,0,59,51,17,10,1,47,7,61,46,49,63,38,15,16,39,21,42,50,24,5,44,35,8,54,28,40,30,53,31,19,3,43,25,2
52,55,2,41,60,62,31,38,32,26,28,6,16,46,25,48,43,36,58,33,45,9,50,29,3,13,10,1,24,27,57,37,30,49,20,47,7,53,21,12,4,54,42,19,51,8,15,44,35,5,17,23,0,18,39,59,22,34,14,56,61,40,63,11
12,38,16,20,23,63,6,39,52,61,60,56,54,4,42,7,59,57,51,3,24,50,8,1,31,58,37,25,40,0,21,18,43,46,28,9,45,36,55,15,53,48,10,34,30,2,26,13,14,27,47,35,17,44,41,29,19,5,33,49,62,11,22,32
39,21,26,50,63,27,47,46,6,29,22,40,43,18,28,37,51,8,16,36,33,23,34,45,20,31,9,48,10,55,17,13,30,60,35,5,14,38,12,7,19,25,44,49,59,0,24,2,32,1,62,57,4,41,3,11,58,42,15,52,56,53,54,61
21,42,15,35,12,17,8,18,9,20,23,34,58,47,13,51,10,11,26,24,0,41,5,56,14,62,38,53,33,48,16,45,7,43,63,29,37,3,61,36,52,55,57,46,30,22,27,6,59,28,40,31,32,49,60,2,19,44,50,4,1,25,54,39
60,59,46,57,26,54,9,21,22,23,63,15,33,3,5,45,35,31,30,8,58,27,2,25,36,61,56,47,44,28,41,24,55,62,49,0,1,48,6,51,18,42,53,16,12,19,4,17,20,40,38,10,7,29,39,52,14,43,32,50,34,13,11,37
9,58,16,47,12,32,55,11,30,25,23,15,45,13,39,20,29,21,40,42,26,14,4,44,62,56,36,24,8,59,7,61,3,31,19,46,28,54,63,49,22,53,50,48,34,52,37,51,41,2,27,1,43,6,5,0,35,10,57,38,33,17,18,60
53,36,45,23,61,51,30,46,34,10,59,24,29,20,40,54,48,62,28,8,21,3,9,58,44,19,11,15,27,5,60,16,2,42,26,37,35,1,63,41,13,12,32,0,18,55,49,22,17,31,57,25,14,39,4,7,47,50,56,38,52,33,6,43
25,4,5,13,35,20,26,46,2,23,16,59,7,3,47,17,44,15,58,27,31,22,60,42,50,14,12,10,54,53,1,55,8,52,40,43,51,28,18,9,29,39,37,48,32,33,6,45,36,0,63,38,41,56,49,62,57,61,34,30,11,19,24,21
53,29,60,52,49,39,13,3,7,23,19,11,31,45,18,62,50,55,4,34,58,46,17,59,25,48,16,54,6,15,40,0,12,44,33,43,22,10,35,26,2,42,61,41,14,32,51,21,5,24,20,1,28,56,27,9,38,30,63,37,36,8,57,47
24,47,60,30,46,38,50,35,48,53,16,49,59,29,62,19,10,63,43,42,11,32,40,25,17,28,13,22,15,2,21,41,1,57,23,61,58,34,39,52,8,45,27,20,14,31,26,55,54,37,4,12,33,6,0,51,5,3,44,9,7,36,18,56
8,46,28,20,49,44,39,60,33,5,19,61,10,0,57,4,11,56,55,14,13,50,26,41,24,21,29,17,51,16,9,15,53,22,37,2,23,42,12,63,47,62,7,36,18,52,27,3,43,38,32,30,48,45,31,1,35,40,6,58,25,54,34,59
15,28,44,54,52,17,5,18,23,40,57,55,21,13,49,4,10,46,0,34,37,39,51,19,41,63,14,48,27,25,29,59,3,43,47,61,30,20,45,24,26,53,32,60,7,16,50,1,11,22,35,12,58,36,8,38,9,56,42,2,33,31,6,62
42,54,6,25,60,37,7,61,13,41,46,11,48,39,3,44,58,17,40,43,19,24,26,12,57,55,45,56,47,28,15,27,2,31,9,32,59,14,21,52,8,35,62,16,33,4,36,22,50,34,10,53,38,29,30,1,20,23,0,51,18,49,63,5
18,60,56,27,59,30,49,42,36,3,0,41,34,29,46,9,63,58,37,23,57,35,33,16,21,15,12,5,54,11,61,6,14,4,32,31,47,38,20,13,28,45,62,44,2,19,48,1,39,24,52,26,22,55,40,7,17,50,43,8,25,51,53,10
36,44,37,45,18,30,34,10,6,28,5,31,40,2,41,19,60,16,39,42,27,8,14,52,63,59,38,51,62,22,25,61,23,33,26,47,3,7,57,20,43,29,1,24,17,13,48,11,56,49,35,9,53,55,15,50,54,32,4,46,12,21,58,0
49,63,24,5,21,32,58,20,35,7,45,9,19,0,26,10,47,59,53,1,60,54,37,41,3,4,15,43,18,28,36,52,57,25,55,14,40,33,23,46,42,13,6,17,29,50,22,8,56,51,48,34,61,31,62,44,39,27,12,11,30,16,2,38
15,35,4,44,30,29,2,14,3,28,10,60,53,55,49,27,11,8,46,41,32,21,40,19,23,5,22,26,16,42,39,52,37,25,59,34,7,33,48,36,38,31,62,58,57,56,24,50,18,54,43,20,13,51,63,12,6,9,0,61,1,17,45,47
29,51,34,33,61,18,38,8,17,19,56,5,42,22,55,58,23,24,47,9,63,32,40,41,49,35,21,4,48,45,39,43,53,60,30,52,31,12,14,54,10,57,28,11,6,13,1,59,20,36,7,44,46,3,16,50,27,2,37,0,62,25,26,15
47,26,31,42,62,58,11,59,27,12,9,21,18,41,1,39,17,60,20,22,37,2,10,33,19,45,25,49,30,38,35,0,16,29,63,13,50,43,34,8,54,4,36,7,51,15,28,44,3,52,14,48,55,24,32,53,6,56,40,23,57,5,61,46
2,31,33,21,56,16,7,26,28,5,6,58,63,48,29,59,54,36,53,4,32,35,14,44,30,22,10,3,9,40,57,13,41,46,38,47,51,45,1,25,43,19,60,55,37,11,15,18,42,61,27,52,62,50,8,49,17,23,39,24,12,20,0,34
14,43,28,49,32,61,10,40,21,16,29,37,31,39,45,12,58,0,36,54,41,7,24,46,51,25,19,44,53,52,55,6,22,33,1,13,35,47,17,59,2,42,48,30,4,57,9,11,50,56,34,5,26,20,23,27,8,38,60,63,62,3,18,15
43,36,10,62,60,35,55,11,58,57,4,13,16,20,6,21,9,49,0,34,39,33,38,31,44,54,37,29,5,52,19,47,18,8,28,40,26,51,48,50,15,30,59,17,24,61,25,3,14,27,46,1,2,41,56,22,7,23,32,42,12,53,45,63
56,40,48,10,41,43,39,5,38,31,51,28,6,58,37,20,42,3,49,15,12,55,54,9,47,35,57,33,52,46,34,14,4,16,0,53,32,18,24,7,19,11,59,2,13,30,17,8,63,60,45,21,62,44,27,36,22,23,1,29,50,26,25,61
45,20,9,4,12,28,44,17,47,56,49,23,61,7,15,6,22,31,26,0,35,32,43,54,51,27,5,2,40,30,42,11,13,29,21,19,16,3,50,57,34,10,53,55,8,48,59,58,1,24,18,39,63,46,36,14,25,62,33,38,37,41,60,52
12,29,16,9,38,40,48,52,41,35,30,5,33,50,58,44,8,36,51,19,47,0,14,34,11,45,13,61,3,7,62,23,43,56,6,10,2,15,21,60,20,31,1,63,28,17,25,59,26,4,39,57,46,55,49,42,32,53,18,54,27,24,22,37
40,16,5,42,11,29,51,25,52,28,2,59,3,24,53,20,10,7,33,23,35,21,41,56,18,46,47,12,32,6,54,62,0,1,39,48,57,8,60,50,36,44,38,63,15,30,4,19,34,31,17,13,58,26,43,22,9,45,27,49,37,55,14,61
19,40,17,15,10,1,52,35,22,20,0,3,31,39,24,32,55,47,4,54,13,29,51,23,46,14,28,12,49,18,16,7,33,21,57,42,56,63,5,36,62,30,26,45,8,25,48,41,43,59,9,53,34,6,58,2,38,27,60,50,37,11,44,61
26,44,38,47,51,20,21,61,4,36,23,49,56,41,31,15,0,46,30,50,13,37,24,40,52,17,27,18,48,63,53,12,1,19,35,39,60,55,29,25,57,54,5,16,43,22,2,59,11,6,9,28,42,14,33,10,32,7,45,34,8,58,62,3
52,38,21,17,58,7,4,57,46,61,20,3,36,12,37,22,19,41,44,49,8,0,34,39,50,40,13,60,11,23,5,15,6,33,1,56,24,35,59,25,26,32,42,48,2,9,16,47,10,43,54,14,63,18,30,29,27,62,45,55,53,51,31,28
28,2,53,9,10,56,19,7,15,44,42,59,33,12,14,17,29,55,18,50,3,37,13,1,36,25,49,8,34,47,24,39,38,45,41,30,22,54,61,35,5,62,0,32,60,4,20,21,43,16,40,26,46,52,58,57,63,23,31,51,6,11,27,48
47,6,23,53,45,25,44,18,61,41,52,31,59,15,0,12,1,51,11,55,22,19,14,62,7,29,56,54,48,46,3,27,20,57,21,32,16,10,9,2,28,43,33,60,34,49,38,4,50,8,42,17,63,24,5,13,36,37,26,39,40,58,35,30
32,10,28,48,35,42,6,25,46,54,34,8,51,62,21,22,2,17,43,19,55,20,60,7,27,11,33,38,29,50,12,63,31,40,23,39,30,3,49,14,45,13,36,41,44,15,53,24,4,56,61,47,1,0,58,26,57,52,9,5,16,59,18,37
23,26,49,50,33,13,17,48,11,46,30,37,54,61,22,6,53,15,1,36,7,52,3,0,20,60,35,4,8,43,2,18,34,45,62,58,32,59,51,31,5,44,14,55,63,42,29,28,41,24,47,19,40,10,21,16,39,38,9,57,12,56,27,25
21,48,24,52,35,28,58,5,56,25,36,18,33,30,61,29,9,17,37,4,20,43,50,63,11,47,53,49,62,0,31,2,1,54,14,10,19,45,23,7,27,16,39,60,59,32,55,40,22,26,15,8,46,6,51,44,57,38,12,13,3,41,34,42
60,21,5,26,57,51,18,39,43,11,27,16,1,30,13,22,10,14,47,4,2,17,33,36,44,7,15,20,29,6,46,49,53,62,37,56,24,9,63,54,55,8,42,45,52,35,23,19,25,58,61,50,40,48,32,3,12,34,0,59,31,41,38,28
50,44,26,42,27,20,56,37,57,25,23,8,13,21,36,53,3,51,31,33,58,35,34,5,41,47,16,30,28,45,22,48,29,10,39,49,0,19,43,2,15,55,32,17,63,14,7,46,6,1,61,62,38,9,40,52,12,4,59,11,24,60,18,54
42,21,54,33,30,51,25,49,17,7,1,2,48,4,26,41,24,6,9,61,36,0,60,53,15,44,29,27,63,58,11,59,14,5,43,8,3,34,46,23,38,32,10,31,39,52,28,50,62,56,19,35,16,45,55,13,37,22,40,57,12,18,20,47
4,53,58,7,20,19,43,54,25,18,12,41,52,28,50,33,29,61,37,46,23,30,13,63,15,0,49,10,55,34,16,8,35,31,38,6,60,47,42,3,32,22,57,1,11,51,21,27,14,5,24,44,2,39,36,40,48,56,9,45,59,17,62,26
27,18,54,62,28,9,43,63,13,53,49,52,34,11,46,44,30,19,21,45,37,17,56,31,38,60,12,10,55,57,1,8,20,15,59,61,7,29,51,22,33,6,2,0,40,35,14,58,5,4,16,3,32,23,42,26,36,41,48,25,39,50,47,24
43,2,9,14,41,13,4,24,29,60,16,38,47,30,57,33,1,45,22,10,6,15,46,39,53,51,36,42,20,56,55,59,54,23,62,25,63,7,0,52,34,26,31,49,11,35,8,21,40,28,58,37,5,32,18,27,3,17,12,50,61,19,44,48
60,46,33,16,35,5,51,4,47,21,31,53,7,61,14,11,59,54,36,27,41,2,1,39,42,10,8,12,18,49,34,56,50,13,6,0,63,29,28,30,23,26,37,38,22,62,9,57,19,32,25,55,43,17,3,45,40,48,44,52,58,15,20,24
22,38,39,54,42,53,41,49,40,31,18,29,9,48,52,30,3,14,63,44,8,11,36,13,55,7,17,2,58,57,25,51,20,37,34,1,43,6,35,19,46,24,5,50,12,45,61,47,10,15,60,4,21,33,28,32,26,27,56,23,62,0,59,16
44,30,41,59,22,12,36,9,37,47,31,38,51,63,34,56,3,19,16,24,55,46,35,14,23,48,27,4,15,11,61,58,60,1,42,20,8,5,39,17,32,26,2,57,50,49,10,13,54,62,25,33,40,45,53,29,52,18,43,28,0,6,7,21
8,7,15,26,42,53,2,40,48,10,12,24,20,4,9,27,3,39,22,0,47,31,62,45,56,18,13,30,5,58,57,63,49,46,36,43,32,28,54,52,60,35,11,44,25,59,38,23,21,55,50,1,61,14,37,29,6,51,17,19,34,16,41,33
42,36,15,59,12,0,37,40,6,56,53,7,57,25,9,3,5,33,48,61,26,34,28,11,52,58,50,45,14,20,17,23,62,4,2,46,47,30,8,44,55,63,18,32,22,54,27,49,60,16,43,1,19,10,38,35,39,21,41,51,31,13,24,29
41,16,59,13,39,36,56,51,30,1,18,63,49,46,28,61,45,40,43,47,3,24,2,53,22,21,20,31,8,42,12,4,10,38,50,44,34,0,62,58,15,35,26,11,23,6,7,60,33,17,37,14,57,9,32,25,55,52,54,5,27,29,48,19
21,16,5,34,2,32,41,56,14,24,3,36,8,22,60,39,53,47,46,28,43,11,58,27,1,59,44,50,7,15,30,10,51,29,13,52,40,61,12,55,38,33,25,26,54,18,57,17,20,0,23,42,31,35,6,48,19,62,4,37,9,49,45,63
48,30,62,4,49,56,26,60,2,58,23,24,6,1,20,8,44,13,53,59,32,25,15,33,14,50,17,54,18,12,3,45,5,37,10,63,19,9,41,43,11,55,31,36,47,21,61,51,39,52,28,35,27,38,7,57,0,46,34,22,42,16,40,29
18,41,4,16,47,34,12,3,11,45,53,21,1,35,62,8,63,38,19,13,14,31,5,43,55,36,24,29,59,20,6,22,54,26,61,17,7,51,56,0,23,9,57,44,42,49,46,25,30,39,37,2,32,52,27,10,60,58,28,33,50,15,48,40
36,53,54,31,49,55,32,18,28,0,5,30,29,3,26,60,6,43,27,38,62,14,37,40,50,11,15,59,2,24,21,41,61,19,58,48,9,51,23,46,33,4,7,56,12,16,25,52,17,42,45,63,57,47,13,35,20,8,39,22,10,34,1,44
25,46,35,23,4,3,20,42,11,6,54,13,40,36,29,61,10,39,53,19,12,30,2,45,26,14,38,60,27,9,21,47,24,63,7,43,55,57,48,37,59,16,18,17,31,28,8,5,1,41,52,49,22,33,58,32,44,0,56,62,15,50,34,51
18,54,26,61,9,50,63,1,19,43,62,12,60,30,52,34,42,49,6,4,37,47,48,17,5,24,45,2,44,7,29,14,32,41,23,11,25,46,36,40,22,27,15,39,38,28,31,51,20,33,58,13,57,59,0,3,16,55,35,8,10,56,21,53
13,11,20,38,21,53,17,2,36,61,52,57,5,25,49,44,0,26,28,63,30,7,32,59,23,39,3,45,42,40,31,60,62,50,43,12,56,51,9,6,58,1,14,54,18,46,24,22,16,19,27,35,41,4,33,15,34,10,37,48,8,47,55,29
39,41,19,4,8,63,51,53,45,0,2,54,27,14,23,24,62,12,43,52,7,9,42,18,26,21,49,15,37,32,22,59,56,5,50,46,57,16,30,34,40,31,55,33,13,29,36,6,3,58,48,20,1,61,11,44,60,47,28,10,17,25,35,38
63,46,3,27,2,37,47,52,42,49,34,14,9,13,54,15,45,44,24,32,31,18,25,36,30,17,6,50,19,10,0,57,56,40,60,1,4,53,48,22,16,38,33,7,11,39,21,26,12,8,41,20,55,51,35,43,29,61,62,59,5,58,28,23
49,33,29,0,52,23,13,55,25,18,19,24,45,51,32,48,36,40,39,21,16,17,43,28,20,42,44,62,3,6,10,5,34,38,14,9,7,30,50,61,2,26,4,41,59,63,53,27,37,57,22,47,58,46,11,1,12,8,56,31,35,60,54,15
53,6,35,20,41,24,38,36,10,55,31,52,63,39,3,62,8,17,48,45,50,19,44,9,58,5,43,37,25,51,13,7,14,56,4,27,42,57,1,16,15,12,32,26,40,21,30,59,60,28,49,46,47,61,2,23,29,33,0,18,34,54,22,11
23,15,52,4,40,17,18,45,25,51,26,47,56,34,30,41,54,32,57,11,38,42,44,19,39,62,14,49,35,5,2,60,48,63,58,12,21,7,8,53,55,9,22,36,20,59,13,33,24,16,31,1,3,27,37,0,43,6,46,50,10,61,29,28
58,48,13,26,7,29,24,42,31,37,18,5,12,27,34,38,61,17,23,6,46,0,35,9,20,19,60,49,41,15,1,44,56,55,32,53,4,10,2,30,3,50,28,45,22,51,54,43,11,25,52,14,39,63,62,57,21,59,40,47,36,33,16,8
50,8,14,26,46,23,58,48,20,28,9,39,7,24,12,51,42,44,49,18,52,61,31,43,35,22,54,13,27,36,47,30,21,59,60,1,40,32,57,11,5,19,41,34,0,25,2,29,6,45,37,17,55,33,10,53,15,56,63,3,4,38,16,62
46,45,52,31,1,23,3,6,2,21,42,49,27,13,53,7,47,5,10,36,16,40,48,44,38,54,26,18,22,41,43,17,57,30,28,37,24,20,34,19,35,50,8,55,25,9,62,51,56,33,39,60,14,15,12,32,58,63,4,0,29,61,11,59
16,2,27,30,24,4,31,21,8,17,49,59,25,11,19,33,18,45,32,56,63,9,26,37,39,55,12,14,23,15,28,42,57,43,7,52,38,36,5,47,60,48,20,53,34,10,46,41,1,35,58,0,61,50,62,22,29,54,6,3,44,13,40,51
44,48,41,16,55,58,52,5,17,49,15,19,37,47,2,24,54,7,43,31,6,50,46,63,32,1,14,30,62,35,20,9,27,53,57,34,29,18,36,40,10,60,22,39,51,12,28,33,59,45,25,4,42,61,56,21,0,38,3,23,8,26,13,11
30,14,4,27,34,21,9,22,20,5,60,36,35,3,16,15,6,13,62,42,52,47,28,37,1,19,26,31,0,57,45,11,12,25,53,40,7,43,46,44,51,58,50,8,56,24,17,38,2,48,63,29,10,41,18,23,61,55,59,32,33,49,54,39
51,7,63,3,31,22,34,27,62,18,30,42,32,10,56,60,13,19,23,14,43,48,26,61,46,16,25,5,24,6,54,47,8,58,12,39,50,28,1,35,45,40,20,9,57,2,55,33,15,11,38,37,0,49,21,36,17,41,44,4,59,52,29,53
27,51,26,54,52,50,0,32,28,3,2,57,62,41,45,1,18,59,16,29,38,60,4,55,23,13,5,42,35,14,33,25,43,40,49,46,30,36,21,48,12,19,58,63,34,8,44,61,39,10,31,37,20,56,22,9,47,24,15,11,6,53,17,7
37,7,57,34,47,25,15,4,2,13,17,6,20,8,1,3,30,38,53,19,43,62,54,59,14,61,24,29,23,52,10,35,36,16,0,45,44,40,27,22,39,46,63,5,33,42,58,26,56,49,31,51,9,28,50,55,11,18,41,48,21,32,60,12
26,24,21,27,58,17,6,60,12,25,53,46,14,3,44,20,11,33,57,9,43,8,50,35,10,61,42,41,31,38,54,36,13,19,16,48,51,39,22,18,0,55,29,56,59,40,4,34,52,30,37,28,2,23,47,15,1,62,7,63,49,45,5,32
40,29,55,17,9,50,39,62,61,45,14,49,4,41,23,20,16,32,6,60,37,63,31,15,58,18,47,51,19,42,46,3,35,53,8,57,25,27,1,44,59,56,38,11,10,22,24,30,13,34,0,21,36,43,26,48,28,54,12,52,33,7,5,2
35,30,10,48,20,15,4,8,47,38,16,41,55,23,3,18,44,43,34,21,61,37,7,29,56,60,32,9,22,24,25,14,12,52,27,63,57,5,42,39,2,26,40,45,0,51,54,53,58,11,1,13,33,28,46,62,36,50,19,6,31,49,59,17
6,41,21,61,34,48,29,56,37,46,28,5,59,27,23,22,44,8,18,13,31,36,51,19,49,63,26,43,20,32,17,52,15,12,24,47,54,50,14,39,60,9,45,35,57,58,4,30,7,25,38,11,16,0,1,62,42,33,3,40,10,55,2,53
50,31,6,39,36,40,37,43,26,32,15,63,41,19,35,30,34,55,18,13,11,21,33,24,58,7,62,4,14,1,9,28,29,12,44,49,5,38,23,59,51,27,42,3,45,8,22,53,16,20,48,25,56,46,0,47,10,54,2,60,57,52,17,61
9,7,58,16,27,28,53,39,22,56,32,57,48,14,51,47,55,8,3,4,10,17,23,34,13,6,61,42,36,20,15,35,62,29,44,41,37,50,33,60,46,12,25,11,31,38,45,1,24,0,21,26,5,54,19,30,52,59,43,63,18,49,40,2
30,62,39,17,25,4,2,59,21,19,38,45,24,32,3,8,61,34,12,29,28,13,18,43,40,9,10,60,36,52,33,31,1,5,50,53,35,37,55,51,47,57,49,20,63,7,27,0,41,11,6,48,42,58,16,54,26,44,15,56,23,22,46,14
1,61,26,17,8,16,42,57,15,39,34,30,31,12,33,19,45,0,13,5,24,35,20,58,18,23,53,51,54,40,43,46,14,28,6,9,63,62,37,38,2,11,41,4,47,48,49,27,56,55,25,10,32,3,22,36,50,7,21,60,59,52,29,44
59,53,3,62,19,52,0,8,5,32,21,43,13,10,63,20,38,7,54,46,12,16,60,9,22,15,11,41,36,34,14,27,56,37,1,50,28,29,47,45,39,42,33,30,6,44,40,24,31,18,2,49,48,61,51,17,58,23,4,57,25,26,35,55
47,55,44,48,7,2,1,61,28,39,0,13,14,16,6,5,40,42,12,50,25,35,10,24,37,38,30,32,43,53,15,33,62,63,57,9,27,56,4,51,20,17,58,52,23,22,3,11,45,19,60,29,18,21,54,34,59,31,8,36,41,49,46,26
58,21,1,43,54,59,10,49,63,17,56,14,52,53,61,38,27,20,32,4,7,36,25,46,6,24,37,44,19,8,16,50,60,28,22,62,34,45,29,33,47,26,42,57,35,12,18,5,2,48,40,23,39,9,0,13,11,55,51,15,41,31,30,3
59,60,23,21,55,10,1,30,31,32,25,0,48,34,33,8,51,43,44,50,49,46,16,6,52,22,7,40,37,61,62,36,38,28,11,24,57,12,14,47,19,56,53,15,9,45,17,58,42,39,3,54,18,26,27,4,2,20,35,13,5,63,29,41
59,28,42,6,33,40,2,39,46,21,63,25,51,22,53,50,60,34,58,29,36,3,13,55,24,18,19,37,15,32,5,17,56,47,62,7,45,41,16,1,23,0,49,27,12,35,43,44,10,26,48,4,38,54,9,20,57,14,31,8,30,11,52,61
56,29,49,25,3,17,31,18,58,57,36,16,1,0,45,8,20,46,10,44,53,43,62,61,59,60,35,50,27,5,13,41,55,26,7,47,52,24,22,15,12,63,33,14,39,23,51,6,2,21,37,42,28,48,11,54,30,38,4,32,19,40,9,34
30,53,57,61,42,43,55,0,49,15,13,3,46,16,27,35,33,44,40,25,24,31,7,47,2,26,5,38,56,6,11,19,17,12,34,50,18,45,39,22,4,60,23,29,28,58,1,21,41,37,62,10,48,14,36,59,8,52,54,51,9,32,20,63
34,60,37,25,32,56,8,20,7,26,3,42,0,28,39,52,63,11,4,13,57,47,19,16,6,54,14,36,50,45,12,17,40,1,49,10,33,43,22,2,51,61,23,9,62,38,24,29,27,48,18,41,21,44,5,58,59,35,53,55,46,30,31,15
46,60,53,38,11,19,10,57,17,15,1,26,16,36,5,43,61,27,34,28,2,49,33,24,50,22,42,7,30,31,41,40,0,63,13,58,12,55,20,52,37,23,45,3,48,4,59,54,32,25,47,14,44,18,6,8,35,39,29,9,21,51,62,56
12,3,32,40,58,1,44,42,60,2,53,27,28,36,50,35,26,8,29,21,49,33,62,23,14,19,13,16,17,45,24,20,41,48,51,61,55,56,47,46,25,9,63,37,38,6,5,4,15,57,10,7,34,54,11,39,0,31,59,18,52,22,43,30
62,57,52,41,27,4,31,48,20,21,23,55,59,33,0,54,2,35,10,8,37,26,15,18,7,44,53,51,46,45,34,63,6,3,11,38,14,32,39,36,43,1,5,50,40,56,9,58,28,49,42,25,24,19,13,22,61,17,12,47,30,29,60,16
56,50,21,7,24,19,51,47,45,10,25,29,30,0,58,35,32,1,52,36,6,61,49,12,55,3,18,53,38,33,41,31,46,5,22,23,57,8,28,63,42,48,37,34,13,39,11,62,54,59,60,9,44,20,15,43,16,26,27,2,4,17,40,14
29,7,59,35,11,17,41,36,56,31,23,53,32,14,44,57,16,5,63,39,49,2,26,25,42,62,22,8,48,43,3,46,19,20,37,33,47,61,21,13,45,10,9,40,60,52,0,12,15,55,6,38,24,58,18,30,50,51,34,4,54,28,27,1
25,53,37,57,29,15,13,38,22,12,40,49,45,5,46,0,2,23,3,9,24,63,58,35,6,18,7,42,28,41,54,43,48,4,16,44,27,19,26,10,52,17,60,20,59,1,51,47,55,36,8,30,31,34,33,56,61,32,11,62,21,39,14,50
62,53,20,11,48,0,50,39,43,13,26,36,40,24,63,8,3,18,47,7,17,56,35,37,58,15,55,1,34,33,42,41,49,21,44,31,2,60,28,23,6,5,46,4,19,30,45,52,61,9,10,14,12,51,59,54,29,25,22,27,16,38,32,57
3,56,9,41,52,47,24,15,37,18,8,12,17,32,22,62,63,39,25,13,49,0,5,4,51,28,44,54,29,2,10,58,27,11,35,1,33,6,45,20,30,53,59,38,57,19,42,31,46,36,50,60,26,55,34,7,23,16,40,21,48,14,43,61
56,15,17,38,6,53,44,59,2,41,20,18,19,4,10,12,45,24,1,57,3,52,47,33,35,9,48,32,63,25,58,34,8,13,60,11,37,23,55,31,14,7,26,36,21,50,27,28,40,43,51,30,0,16,46,42,29,62,61,22,54,49,39,5
36,46,58,23,44,54,20,0,19,37,8,7,13,31,25,11,9,55,63,22,26,62,1,48,51,5,30,43,61,49,52,14,47,41,12,4,16,56,40,35,50,53,57,6,34,17,3,38,21,45,59,2,27,32,42,15,29,39,10,18,28,33,24,60
9,6,5,36,63,38,13,32,14,10,59,12,55,30,56,16,7,20,46,26,51,34,29,18,21,60,37,19,28,15,58,57,2,47,22,31,49,43,45,35,50,8,44,52,17,61,24,39,4,40,23,1,0,42,3,62,33,41,11,48,53,27,25,54
42,31,6,21,62,23,3,54,36,14,48,27,39,59,19,41,8,12,47,46,63,50,40,43,15,22,38,28,57,13,51,30,5,7,33,2,52,34,0,60,25,24,45,29,26,1,10,17,35,49,4,61,44,55,18,53,56,11,16,58,20,37,32,9
53,47,28,11,25,41,29,54,30,40,12,56,62,45,3,26,15,18,52,24,21,20,63,16,1,57,10,13,5,9,49,55,7,36,37,58,17,27,38,60,4,46,44,14,22,2,0,31,19,42,61,59,50,6,34,33,43,39,51,8,35,48,23,32
20,39,10,11,15,55,48,29,2,27,50,59,44,24,35,4,13,25,23,53,40,16,22,9,30,38,41,46,32,42,61,47,45,52,21,57,63,14,33,60,1,12,7,58,0,43,17,49,36,51,31,3,62,18,28,54,6,5,56,37,8,34,19,26
27,15,30,18,26,2,49,52,40,46,22,4,43,0,37,33,32,9,63,24,1,19,55,61,8,36,47,13,12,45,21,6,5,44,20,58,23,17,51,50,48,54,3,28,38,41,29,56,25,39,31,42,53,14,10,11,7,35,57,59,62,60,16,34
0,10,46,38,39,56,62,36,11,44,35,15,23,19,29,60,34,61,49,53,26,27,63,32,28,24,40,45,55,17,51,22,16,9,33,47,13,57,8,21,12,58,6,14,31,59,7,50,42,37,1,48,41,52,54,30,4,5,25,43,18,2,3,20
1,27,46,42,62,16,21,44,54,0,24,23,25,28,59,53,8,6,50,2,52,30,38,10,61,17,11,29,15,37,19,57,18,12,34,4,22,48,56,13,51,43,45,14,26,47,33,55,9,35,5,39,31,3,63,60,36,32,40,20,7,49,58,41
49,16,56,28,5,39,50,9,25,57,6,32,31,0,24,14,61,8,37,26,58,30,35,53,41,36,33,22,43,19,11,21,13,38,4,29,47,15,12,52,44,55,54,51,34,7,48,17,10,62,18,59,42,20,2,46,1,63,45,3,60,23,27,40
46,27,32,55,20,47,28,25,43,19,21,15,38,39,24,52,42,36,8,57,45,61,54,3,41,30,35,18,48,17,33,2,62,22,51,53,34,7,0,10,1,40,58,31,29,59,26,12,9,6,5,4,11,44,56,60,49,16,13,50,63,14,37,23
30,45,12,31,28,44,25,51,40,8,33,18,54,6,61,47,36,19,41,20,22,35,9,42,63,0,15,62,13,29,4,26,52,49,39,46,55,23,1,24,53,43,3,21,27,59,17,14,48,60,10,57,38,50,11,16,7,37,58,2,56,32,34,5
6,16,21,13,8,3,26,11,63,15,40,27,1,61,41,53,48,20,36,34,46,33,51,12,9,59,45,35,60,25,17,47,2,5,57,32,38,39,18,52,7,50,23,55,44,24,4,42,29,19,22,56,30,14,0,49,58,37,31,62,28,54,10,43
11,46,7,38,40,8,18,61,15,39,26,59,31,28,34,53,32,35,16,9,25,1,37,52,58,62,54,45,33,3,51,41,36,47,14,10,30,12,24,23,22,55,21,17,2,6,50,4,60,44,43,48,20,63,29,56,42,5,13,19,0,49,57,27
34,58,15,41,5,52,20,45,37,10,21,43,26,28,44,54,29,40,2,27,51,4,61,6,60,38,53,1,30,23,63,16,50,47,56,12,49,17,48,14,35,7,46,8,0,3,55,18,62,33,57,22,42,9,24,25,39,31,11,32,13,19,59,36
45,59,43,34,25,54,1,8,30,3,41,28,17,44,15,39,19,32,46,4,37,35,42,60,52,6,10,53,13,57,50,47,51,5,29,23,18,48,0,16,2,21,40,62,33,12,22,31,14,9,63,20,38,36,55,27,56,11,26,61,24,49,58,7
44,5,52,28,38,45,2,0,40,4,24,16,39,53,33,35,22,48,27,11,12,15,43,61,20,21,13,58,7,14,26,34,62,60,18,63,31,23,54,37,57,6,56,10,30,46,1,36,41,50,19,29,55,32,51,8,47,17,59,3,25,49,42,9
19,22,28,41,50,49,52,10,21,5,2,15,0,46,55,7,59,1,3,9,33,20,38,60,18,12,58,31,51,23,11,14,4,47,40,62,17,37,27,8,48,56,36,25,54,61,6,53,32,44,39,26,29,63,16,43,42,35,30,24,13,34,57,45
32,29,58,62,50,49,3,1,8,14,17,52,46,18,20,55,59,9,27,33,21,44,5,38,19,16,7,26,22,53,15,11,24,41,45,0,54,28,48,4,25,60,40,61,6,35,43,63,10,57,37,36,30,2,23,42,39,12,34,13,56,47,31,51
23,52,51,55,26,37,34,22,58,57,18,0,24,40,21,9,48,47,20,35,44,63,41,1,53,54,19,28,17,11,29,46,30,27,49,39,13,59,36,43,4,14,56,31,6,25,3,8,50,38,12,5,7,33,10,42,16,61,62,32,60,2,15,45
56,10,38,41,5,18,15,3,27,22,58,31,52,13,30,63,16,6,2,29,48,36,7,14,1,24,34,55,32,39,60,43,21,44,61,8,46,47,49,45,40,51,11,26,59,19,33,0,28,57,50,42,23,37,25,53,9,35,54,12,17,4,20,62
0,60,7,55,19,40,45,28,63,13,38,36,3,39,35,23,33,26,9,56,32,4,34,5,24,31,15,61,51,14,25,59,62,17,30,44,22,21,49,58,6,41,12,27,10,20,43,50,52,37,16,29,2,1,42,8,18,46,47,11,54,53,57,48
40,31,51,2,33,41,29,55,4,32,7,9,0,19,47,12,13,57,34,43,8,44,18,14,63,27,60,45,59,42,50,54,16,15,35,10,20,53,48,61,38,52,21,25,62,56,11,26,1,37,58,5,28,17,24,3,30,39,23,46,6,49,36,22
45,15,17,3,59,23,60,48,29,8,1,14,41,34,27,54,30,19,47,38,40,39,7,37,20,55,21,42,46,51,16,11,31,35,0,61,10,44,5,58,57,63,18,9,25,36,49,52,32,6,43,56,22,26,53,33,13,50,12,2,28,24,62,4
2,59,23,57,22,28,58,44,25,1,52,63,29,21,41,62,8,9,42,3,13,31,15,12,45,36,24,30,34,10,35,14,47,26,50,55,16,51,53,4,39,61,0,46,18,38,48,5,56,37,17,20,60,19,11,6,32,27,49,7,40,43,33,54
21,32,5,35,34,37,7,39,26,49,23,14,55,2,59,42,11,38,15,29,36,63,41,50,43,6,1,57,16,10,20,51,61,0,19,45,54,9,53,28,47,31,27,60,33,4,24,40,22,30,12,62,56,8,18,58,52,48,25,46,3,17,13,44
63,2,46,9,18,36,8,22,45,52,60,7,17,4,15,34,61,49,0,25,10,59,40,32,48,23,26,33,13,28,11,51,43,44,37,12,19,31,42,38,62,21,53,30,41,16,3,27,24,1,57,35,29,56,50,39,5,6,55,20,14,54,58,47
23,2,32,24,31,43,62,17,47,51,14,1,46,50,3,16,40,19,9,41,0,35,38,10,29,5,15,12,39,20,28,60,13,58,7,22,49,63,30,8,37,34,26,48,55,44,57,33,25,36,53,45,18,52,61,4,27,11,6,59,21,56,54,42
50,18,3,27,16,47,37,15,62,5,14,32,1,11,23,58,42,51,4,30,19,0,40,17,54,38,55,7,13,41,45,35,34,33,49,21,56,53,60,8,6,46,25,9,10,24,61,52,59,44,57,12,26,28,43,2,39,20,31,36,22,48,63,29
42,18,20,51,59,28,54,55,7,11,4,6,24,5,62,32,44,53,38,25,23,19,61,56,22,33,58,39,14,10,47,26,16,34,49,46,3,31,43,9,12,48,17,57,50,52,35,40,29,36,0,41,37,45,60,27,30,63,15,1,13,2,8,21
2,27,20,28,37,36,51,38,60,61,39,53,25,57,63,45,47,31,1,14,16,41,43,12,19,46,5,52,7,50,33,8,62,18,24,17,35,54,59,44,13,30,4,34,11,48,32,40,0,49,29,9,6,56,10,21,26,15,55,23,58,3,42,22
28,3,33,49,24,45,57,14,19,21,29,15,60,26,34,41,22,16,18,2,48,47,42,50,1,36,38,4,43,54,8,20,25,58,35,52,12,46,39,31,40,17,37,23,59,9,61,56,30,53,55,11,10,44,51,63,13,0,5,32,6,27,62,7
17,30,22,55,8,24,33,43,1,36,9,28,0,12,32,27,56,37,63,54,57,44,35,41,16,3,29,23,38,52,15,21,14,34,7,40,59,47,53,26,48,62,61,46,2,50,10,19,60,58,5,42,49,18,51,39,11,45,25,4,20,31,13,6
6,19,41,63,32,57,1,28,0,24,54,40,55,52,42,16,4,21,44,58,11,56,50,7,2,25,37,30,18,8,35,12,48,10,14,13,15,51,61,22,46,45,38,47,29,26,43,20,3,17,36,23,49,5,33,27,62,53,9,39,31,60,59,34
28,22,9,35,43,0,41,42,59,50,33,38,10,18,15,31,52,63,45,47,40,4,3,7,20,32,53,6,11,60,19,44,5,48,46,30,49,26,27,61,36,24,2,23,17,39,8,12,57,29,51,14,16,21,34,58,55,25,56,62,1,37,54,13
3,22,1,0,13,62,33,35,44,32,17,34,9,39,23,19,15,42,40,60,24,43,45,4,38,29,50,8,54,12,56,47,30,36,10,6,11,58,31,46,41,57,55,37,28,48,51,53,63,21,2,59,16,26,25,7,61,20,5,14,27,49,18,52
40,57,3,14,29,17,30,32,56,21,22,6,25,34,52,45,2,0,43,39,28,47,27,11,9,20,19,18,31,54,12,50,48,23,33,4,59,58,49,63,51,16,38,36,42,53,44,1,24,35,13,37,5,41,46,60,10,61,7,26,62,8,15,55
5,4,0,26,45,9,39,40,12,50,44,59,22,48,51,53,61,33,56,11,8,27,6,49,43,23,3,7,30,58,35,29,10,14,57,32,24,37,31,55,17,54,63,42,18,60,20,2,38,36,62,15,25,16,1,21,34,19,46,52,28,41,13,47
47,11,60,25,18,38,0,10,61,19,44,31,32,36,21,20,40,5,26,35,58,24,2,39,1,37,59,12,34,42,8,13,27,45,48,51,22,62,7,17,57,49,15,33,9,52,46,50,6,41,3,23,28,43,29,16,54,4,53,55,14,56,63,30
60,47,12,45,63,53,18,9,28,24,39,25,48,21,31,55,34,42,0,30,22,44,1,10,62,40,3,50,5,36,58,41,17,46,35,54,43,13,27,20,61,15,26,23,8,6,56,32,7,38,4,57,2,14,29,49,52,19,37,16,51,59,33,11
25,1,41,37,44,38,31,42,54,35,23,40,18,5,16,27,45,56,17,24,46,14,49,30,26,11,12,19,57,43,33,15,10,32,28,8,7,39,4,9,0,13,20,47,52,53,22,2,61,59,62,6,51,29,63,21,36,48,60,3,34,58,50,55
31,62,40,61,32,43,58,3,49,34,10,45,44,52,50,41,54,55,9,23,15,2,14,51,8,12,21,22,53,37,13,7,16,59,11,47,20,29,0,6,5,26,1,24,48,57,27,17,38,36,33,18,46,60,19,4,56,30,35,28,42,25,39,63
41,53,32,49,35,14,40,36,38,10,18,34,39,63,58,6,2,24,37,9,8,1,59,13,56,55,21,52,26,45,15,27,25,31,48,12,61,42,20,23,60,33,43,62,51,57,44,17,19,54,28,47,4,29,22,7,5,30,0,11,3,16,46,50
8,20,47,61,29,32,17,28,26,56,19,31,3,33,34,58,27,21,62,4,63,5,35,42,48,39,9,44,54,53,45,36,55,25,0,22,51,43,2,12,24,14,23,16,49,7,57,38,30,40,6,10,46,13,50,37,15,1,41,11,18,60,59,52
56,9,26,5,52,4,28,17,62,34,2,6,38,45,40,20,0,25,53,58,8,61,35,30,41,39,1,46,55,3,48,24,13,59,16,12,27,10,31,15,43,22,49,44,63,21,19,50,11,37,47,32,42,54,29,57,33,23,60,18,7,14,51,36
12,20,51,62,48,58,55,30,3,52,26,23,33,47,40,57,7,28,50,32,8,37,46,35,0,36,4,5,6,45,9,13,54,49,14,27,41,11,59,60,61,42,43,31,17,22,25,44,18,34,16,21,29,56,19,24,1,10,15,39,38,2,63,53
63,39,8,25,35,22,49,36,54,28,33,61,41,18,45,56,23,10,52,42,4,57,24,26,29,11,55,27,19,14,59,43,5,31,37,3,34,30,21,51,15,40,32,7,1,12,62,48,46,13,17,6,44,16,53,58,0,38,2,47,9,20,50,60
5,62,46,2,43,55,35,26,7,58,40,12,0,10,63,25,52,3,48,21,47,42,29,57,28,18,13,50,19,24,45,4,56,1,53,15,49,11,23,32,39,41,59,36,61,37,6,51,14,9,54,34,33,20,31,27,8,38,16,60,22,30,17,44
6,0,33,31,20,17,61,32,57,15,46,26,16,1,60,24,34,58,41,22,37,47,51,50,27,59,8,45,63,19,62,25,29,18,3,30,39,36,55,49,21,13,28,42,5,35,43,38,7,53,12,11,23,56,4,2,9,52,10,40,54,48,14,44
52,59,10,15,49,4,50,19,36,23,7,53,51,20,57,61,37,62,48,11,44,39,56,18,25,17,9,47,34,2,58,32,1,13,29,31,24,26,38,30,43,8,21,40,27,14,41,28,63,16,54,0,46,6,5,42,45,60,55,22,35,3,12,33
36,16,57,5,24,37,26,27,8,33,30,14,4,52,45,49,9,55,29,38,41,43,62,60,7,28,54,23,32,44,61,53,6,46,42,18,2,1,39,0,34,19,50,63,12,35,47,13,40,3,17,56,15,21,10,25,48,22,31,51,59,58,20,11
6,46,28,21,37,13,42,54,49,2,34,38,60,36,14,48,45,63,62,23,47,17,16,4,25,26,0,44,10,41,55,61,20,9,8,5,59,18,24,32,7,51,12,53,27,11,19,29,35,1,58,31,30,43,3,56,15,39,57,52,40,33,50,22
44,8,23,1,36,34,33,22,26,12,53,28,42,13,7,59,6,16,46,24,17,38,48,31,2,41,60,61,5,52,55,3,29,15,10,37,21,9,35,4,45,14,40,19,49,32,0,57,62,54,20,30,58,39,63,50,56,43,18,25,51,11,27,47
5,4,58,24,9,50,8,34,63,17,18,44,21,55,14,11,48,30,7,20,1,13,16,12,42,33,49,6,37,57,54,41,40,32,59,15,35,43,61,45,22,46,39,36,10,31,51,2,27,26,29,28,23,62,3,60,19,0,56,52,38,25,47,53
35,56,15,37,29,2,22,59,52,28,3,50,34,63,32,25,36,23,8,10,54,27,12,40,16,19,61,11,38,7,4,39,41,17,53,47,20,6,31,45,44,21,42,1,58,30,62,48,14,43,0,55,33,9,60,49,46,5,51,24,57,26,13,18
16,10,17,51,46,39,27,1,9,20,25,55,52,5,36,62,22,44,38,42,2,31,0,60,4,54,37,61,43,57,26,59,6,49,35,7,8,56,13,53,28,34,21,3,14,58,32,63,48,23,50,33,41,15,40,18,45,47,30,29,19,11,24,12
40,41,44,7,59,58,21,25,4,18,26,2,35,10,12,22,57,43,49,19,60,0,46,55,52,34,20,9,30,5,45,3,24,48,17,8,11,50,23,51,42,37,63,14,6,53,62,13,28,31,61,47,56,32,33,39,29,36,15,38,54,1,16,27
17,5,53,32,3,20,31,44,13,26,2,4,41,28,0,33,9,6,42,46,47,58,8,11,39,30,21,22,27,25,52,37,35,19,59,40,10,36,12,43,50,61,56,14,16,63,48,55,7,62,51,45,57,34,24,15,29,54,23,1,18,49,38,60
49,21,10,32,37,6,3,30,61,57,59,55,1,20,47,5,27,50,15,28,54,41,26,43,24,13,29,17,8,35,45,53,0,9,16,58,19,11,42,14,23,51,40,36,18,12,44,22,60,52,33,25,31,2,56,63,46,48,38,39,34,7,4,62
46,62,9,26,20,55,33,30,1,58,57,40,50,36,34,47,7,61,54,0,45,15,41,49,53,25,5,2,24,29,17,51,27,13,10,63,16,18,28,52,12,37,43,32,42,44,48,56,11,14,6,21,59,8,22,39,3,31,23,38,4,35,19,60
8,34,47,9,33,49,56,62,10,51,39,27,4,53,55,26,46,61,31,13,12,48,44,22,38,0,30,54,52,21,41,3,60,32,50,6,23,24,5,15,11,59,45,37,58,63,1,18,40,7,2,25,16,36,43,42,19,20,17,35,57,28,29,14
40,8,36,48,27,56,58,13,19,32,61,38,12,24,34,4,26,9,0,14,50,52,28,47,60,44,15,43,10,53,17,46,7,3,22,21,23,54,1,6,39,59,55,35,16,45,29,5,11,30,33,37,2,18,51,31,63,20,42,57,41,25,49,62
4,12,27,44,41,9,55,13,17,43,39,2,51,7,53,3,14,32,20,18,6,8,23,52,16,56,0,33,62,35,28,5,19,59,48,49,1,61,24,45,57,58,26,11,63,15,22,29,54,37,38,47,46,31,21,50,25,60,34,42,10,40,30,36
33,1,54,62,41,49,17,60,19,43,47,5,26,6,22,3,27,40,56,4,31,34,58,25,63,12,15,29,20,52,45,8,51,11,10,23,24,28,42,2,35,32,53,0,55,13,50,9,14,48,59,57,30,36,21,61,39,37,38,44,46,7,18,16
45,12,8,39,53,28,9,48,23,21,19,17,18,27,20,7,38,34,41,40,0,55,52,35,59,47,42,37,46,2,58,49,50,36,57,22,13,16,25,44,56,5,61,3,14,62,51,26,10,4,1,43,30,6,32,33,60,63,31,24,11,29,54,15
14,37,33,0,4,11,48,43,36,22,30,29,7,18,31,23,32,20,2,51,60,63,38,59,6,27,62,55,40,19,45,8,17,12,5,21,61,34,3,39,16,57,49,56,44,25,47,54,35,50,52,28,53,46,24,26,41,42,13,9,1,10,58,15
32,23,61,21,59,14,47,45,5,50,2,48,27,35,46,33,55,60,1,56,8,15,53,12,28,37,39,52,63,18,57,58,13,62,30,29,9,43,34,25,51,20,41,42,16,0,49,4,54,6,38,11,24,17,22,10,36,19,40,31,44,3,26,7
52,58,22,25,23,13,16,49,28,5,29,1,8,36,20,32,10,31,55,4,17,6,0,51,30,60,56,3,62,34,14,39,37,47,21,50,18,40,57,33,42,41,53,11,63,15,9,19,12,46,38,59,2,27,54,7,61,43,44,24,45,35,48,26
31,1,30,22,49,16,51,18,8,36,58,42,39,15,59,9,21,6,29,63,50,35,62,32,34,5,45,14,2,20,17,41,4,47,10,57,0,27,26,56,33,11,13,7,37,60,40,25,52,54,48,19,24,61,12,55,28,3,43,44,38,23,46,53
49,17,35,57,28,38,34,26,24,3,62,23,53,50,32,13,18,61,21,2,15,40,39,11,5,33,37,22,30,8,7,14,9,52,20,63,44,43,41,45,48,0,12,19,56,1,36,59,6,4,58,16,42,29,54,31,25,27,55,47,60,51,10,46
47,20,11,17,32,55,9,60,29,33,34,36,43,58,38,5,37,28,10,3,54,14,26,12,56,48,23,61,15,52,30,8,62,49,19,24,31,39,7,25,63,59,35,27,44,16,53,1,4,0,22,50,40,41,13,18,51,21,2,45,42,6,46,57
45,38,37,14,3,18,24,1,43,63,22,61,55,26,46,21,62,58,50,19,28,9,10,7,23,41,33,40,53,12,44,27,20,56,2,0,51,34,57,17,60,35,59,16,6,32,8,52,36,31,5,15,39,11,49,42,29,54,4,30,13,25,47,48
44,49,54,23,53,20,21,19,29,47,14,52,13,9,30,0,60,41,27,39,2,59,61,43,11,8,38,45,10,35,25,62,17,57,36,24,48,56,40,4,58,31,55,18,22,5,63,26,32,42,50,51,28,12,37,34,6,46,16,1,33,3,15,7
15,43,34,17,27,18,4,3,60,16,59,9,51,21,48,45,39,37,29,24,63,38,13,55,7,5,58,28,40,57,44,8,32,46,35,11,42,0,31,25,33,50,1,2,41,14,22,62,20,23,30,12,26,61,47,52,54,36,10,19,53,56,6,49
30,16,5,8,47,35,60,31,12,28,3,32,14,25,41,57,19,58,40,61,48,63,20,1,13,15,11,45,2,46,42,38,6,43,55,29,33,51,54,24,26,18,39,56,0,23,59,36,49,34,44,22,27,37,52,9,21,53,17,10,62,7,50,4
11,9,63,26,48,47,44,6,55,18,30,27,62,39,61,17,59,10,20,43,40,32,23,7,46,3,28,8,33,35,24,60,49,51,19,15,45,14,13,4,50,57,22,1,21,53,2,25,41,56,36,37,38,0,34,31,16,42,12,54,5,29,52,58
24,30,36,55,44,38,28,11,61,5,18,50,34,14,51,26,46,1,45,41,15,4,6,23,57,52,13,56,37,9,32,58,40,27,31,54,19,48,3,47,10,8,53,21,16,59,0,29,25,2,42,12,22,49,62,33,20,43,7,17,63,35,39,60
48,42,34,17,58,10,0,39,24,9,41,53,29,38,21,61,35,11,44,16,19,32,45,51,7,5,13,6,23,46,3,60,20,59,36,26,43,54,57,22,63,50,18,47,55,28,14,15,2,62,25,52,4,40,1,12,8,56,33,27,30,31,49,37
14,63,54,0,7,15,23,28,42,30,37,34,59,10,18,51,53,61,40,62,12,17,26,19,35,16,52,36,56,49,46,33,3,39,25,43,44,32,58,27,48,13,20,2,9,1,11,6,55,22,24,29,38,8,50,60,41,47,31,57,5,45,21,4
29,41,25,10,38,22,8,26,59,7,17,40,2,54,6,15,58,46,3,57,36,9,27,18,63,30,32,37,55,39,4,44,53,62,20,24,48,43,49,0,50,14,47,35,31,56,11,21,34,61,60,23,1,19,13,12,51,42,33,52,28,5,45,16
63,56,55,46,44,3,17,24,18,50,28,23,9,31,10,38,26,1,27,20,47,53,36,22,33,16,39,13,37,21,40,42,41,14,8,58,7,59,30,57,61,5,48,60,12,4,25,34,15,29,32,45,43,11,62,0,54,2,49,52,6,51,19,35
20,9,2,34,25,48,41,15,21,38,4,54,11,57,35,7,55,8,13,36,61,62,33,29,0,28,42,27,60,49,63,3,17,59,30,6,53,26,23,43,40,5,52,37,47,46,56,16,51,31,44,22,12,58,39,1,18,24,32,45,50,19,10,14
56,11,2,16,15,61,39,31,6,1,62,21,10,36,27,52,55,20,25,53,45,60,44,59,17,58,54,3,37,38,57,24,23,50,40,19,18,30,5,48,28,13,12,63,4,43,35,14,0,47,32,29,33,51,34,46,41,9,7,8,49,22,42,26
36,51,28,53,23,39,15,20,24,11,48,27,43,63,2,52,40,55,25,38,60,58,18,45,57,8,12,9,54,30,10,34,22,0,42,13,56,6,49,19,14,7,4,33,29,47,44,62,5,35,46,32,17,26,41,21,1,16,3,61,50,59,37,31
1,19,62,8,36,59,34,0,35,39,14,9,53,63,10,12,5,51,11,40,60,15,3,33,29,21,46,55,25,4,52,54,22,7,24,17,50,61,58,48,31,18,20,16,28,56,49,2,41,57,44,42,38,23,32,37,30,26,45,13,27,47,6,43
31,14,30,12,50,13,41,55,34,47,16,46,39,0,54,43,3,35,44,9,49,5,21,57,11,38,52,23,19,45,2,8,62,27,53,20,22,58,36,24,28,60,33,7,4,42,1,18,37,26,59,10,32,63,56,40,17,61,25,6,51,48,29,15
15,8,42,0,2,40,46,11,5,38,6,17,61,54,3,33,28,35,43,30,19,48,7,25,12,51,37,10,57,9,1,13,18,45,55,59,14,36,56,4,50,44,63,60,49,47,32,20,16,62,29,31,34,23,22,24,53,52,27,41,21,58,39,26
15,20,23,36,8,2,43,59,62,44,16,45,0,61,58,6,37,33,47,26,11,12,39,63,30,50,56,38,13,49,1,9,25,28,27,57,19,14,32,34,18,46,5,21,54,40,51,22,31,3,35,48,29,42,7,55,41,17,52,4,24,53,10,60
57,15,31,40,29,55,43,56,23,0,19,11,51,9,1,58,18,17,24,60,49,7,38,2,20,52,53,42,30,4,36,3,46,59,27,10,25,28,47,34,41,54,8,33,63,44,26,22,5,62,32,21,6,48,13,39,50,35,14,61,16,12,37,45
56,36,10,32,45,20,3,35,44,37,6,53,41,62,52,13,43,12,26,4,30,50,14,5,54,49,23,27,59,0,38,11,15,51,60,33,29,63,1,46,39,16,8,55,31,9,2,17,21,24,40,42,57,47,61,22,25,18,58,34,7,19,28,48
40,13,26,46,3,31,28,47,12,56,16,24,44,51,42,30,5,15,59,57,25,38,20,55,32,61,36,10,23,17,9,11,4,34,37,54,52,41,45,60,33,6,62,43,19,35,49,63,14,2,8,58,0,27,18,22,21,1,39,29,48,53,50,7
63,59,40,0,5,17,49,21,2,1,3,41,50,8,57,53,61,55,15,62,39,27,45,9,32,33,31,28,7,36,11,52,54,47,58,16,29,4,18,56,43,34,14,37,20,44,6,25,13,60,26,48,42,46,22,12,51,19,35,23,38,10,30,24
45,54,13,57,46,27,53,59,52,19,17,9,62,1,10,50,21,16,2,44,35,49,3,61,40,36,14,32,63,43,28,23,15,22,60,48,41,55,31,26,37,24,0,6,11,29,42,25,8,39,5,30,33,38,56,51,34,12,18,4,47,7,58,20
50,49,29,8,11,27,20,21,17,59,42,5,41,52,28,12,57,0,58,19,47,30,36,39,2,61,45,9,18,25,3,14,1,37,22,16,51,56,44,48,4,35,63,53,15,24,40,13,10,26,33,43,62,60,6,46,55,23,32,31,54,7,38,34
24,20,39,48,42,6,22,17,8,0,44,56,28,59,10,15,51,52,54,25,60,34,46,57,27,62,63,38,37,9,4,55,13,30,32,16,14,23,19,41,33,35,26,18,36,5,58,40,2,61,21,12,1,53,29,50,7,43,3,45,47,49,31,11
24,12,47,5,25,52,45,8,58,31,36,7,11,53,19,10,50,33,4,38,56,59,20,60,39,49,3,42,17,40,28,23,57,18,26,35,9,51,55,32,16,15,48,21,44,27,1,34,37,14,13,22,63,61,0,43,2,54,30,46,62,29,41,6
40,32,49,33,25,51,28,60,9,24,55,46,47,50,38,10,22,3,35,56,0,12,23,57,13,20,26,18,21,31,5,39,8,43,27,17,34,30,63,6,53,59,37,45,62,58,36,42,2,61,14,52,11,7,1,44,16,15,48,54,19,4,29,41
7,36,26,2,10,19,40,32,25,60,57,31,24,39,62,43,3,6,30,12,38,11,58,41,42,34,18,55,15,8,22,5,4,35,1,37,21,13,16,49,20,17,56,46,27,44,53,14,63,59,50,23,33,47,48,54,51,61,28,0,29,9,45,52
15,42,3,36,37,61,24,31,28,9,21,52,29,25,59,47,51,22,5,16,60,18,8,50,12,14,41,56,0,55,54,62,57,35,19,30,7,48,40,33,43,34,39,58,44,1,11,63,23,17,46,32,2,53,38,27,49,20,26,4,6,13,10,45
18,32,40,19,55,24,54,47,48,42,45,14,43,1,3,52,57,12,27,33,59,16,25,4,50,49,44,11,63,9,58,28,53,61,46,60,39,15,30,51,37,2,21,22,36,7,8,23,56,31,29,0,34,62,26,6,35,5,10,17,41,13,20,38
17,10,46,45,37,12,22,32,34,29,21,20,18,52,5,31,47,41,0,50,13,23,40,36,15,8,2,53,33,1,19,55,59,44,48,30,28,27,26,7,54,3,9,42,38,51,58,57,63,35,16,56,61,49,6,39,4,60,62,24,11,14,43,25
57,23,58,39,19,49,46,32,33,55,42,37,31,21,41,35,25,60,0,2,6,53,56,1,62,34,24,16,45,47,59,52,44,51,18,10,48,43,29,12,13,17,20,8,22,15,63,9,4,5,28,50,3,14,54,26,30,40,36,27,11,38,61,7
53,41,60,27,59,8,19,22,13,35,24,31,28,54,48,23,7,2,3,6,18,34,37,4,62,26,33,42,21,25,38,1,30,39,32,63,51,20,14,52,40,56,50,15,17,9,61,43,5,10,11,57,12,45,46,36,44,29,0,47,16,58,55,49
5,63,21,15,37,1,38,39,45,53,59,58,29,26,55,47,9,51,49,8,42,3,17,11,32,56,22,2,20,18,41,27,10,62,6,25,14,12,50,30,7,35,0,28,34,36,23,16,61,48,57,40,4,60,24,31,54,13,46,33,52,19,44,43
4,34,47,59,25,58,24,15,29,9,26,28,55,48,12,10,21,38,36,46,42,44,54,6,61,56,51,22,33,27,18,43,63,41,49,0,57,16,8,32,45,62,39,19,14,30,53,3,20,37,11,50,13,1,52,7,2,60,23,40,5,17,31,35
11,21,24,13,7,57,33,39,32,42,18,22,45,40,35,5,61,14,19,46,20,60,23,43,37,53,49,8,51,4,17,2,62,52,58,1,25,50,6,28,41,12,26,15,63,34,54,44,16,10,30,31,0,48,38,36,59,55,29,9,56,47,27,3
40,44,4,14,34,62,43,52,16,55,23,39,2,37,24,17,10,49,5,42,21,28,3,41,19,61,56,54,27,46,50,35,29,22,18,48,9,51,47,33,30,13,53,25,11,38,12,31,32,45,15,58,36,60,8,7,57,63,59,0,20,6,1,26
21,46,14,35,6,47,45,41,19,20,57,29,37,27,62,50,48,36,26,18,15,13,28,16,23,58,8,32,55,56,51,38,61,2,3,59,49,39,11,17,12,34,1,31,25,60,63,33,10,40,53,4,22,9,52,42,43,7,0,54,30,5,44,24
35,3,5,36,15,4,29,22,17,61,54,38,44,42,8,30,26,34,10,0,48,25,14,33,31,16,27,39,12,56,53,24,20,7,32,23,18,19,47,28,11,43,62,6,55,46,40,58,50,63,41,37,60,45,21,13,2,59,51,1,52,57,9,49
14,7,52,50,26,19,30,47,42,35,22,62,60,11,24,43,10,2,48,45,54,44,53,20,38,29,23,16,40,15,61,37,56,63,59,57,49,0,27,41,13,17,25,6,3,12,36,55,32,34,28,51,33,46,1,58,39,4,5,31,9,18,8,21
46,50,19,25,6,59,13,31,16,17,62,28,52,58,30,63,44,20,11,40,35,55,22,56,3,36,27,42,41,12,47,5,33,8,61,24,7,4,23,54,0,37,32,53,38,39,60,45,26,18,57,48,21,1,34,14,29,15,10,9,51,49,2,43
40,62,35,52,33,58,23,16,8,7,48,32,47,37,50,15,22,14,21,19,26,9,38,10,60,56,1,45,41,34,63,6,55,57,27,24,59,11,42,29,5,53,44,13,12,49,3,39,51,61,0,43,31,2,25,20,17,18,4,28,36,30,54,46
7,45,14,10,18,54,59,33,20,53,15,61,29,13,62,16,9,51,43,63,55,28,38,31,48,5,49,56,8,47,41,27,2,30,26,24,23,32,42,25,46,50,40,17,57,21,36,3,12,19,52,58,35,4,6,11,34,39,60,44,1,37,22,0
25,52,41,62,61,39,40,33,44,22,31,55,4,9,0,59,16,42,21,30,54,26,14,43,53,18,46,35,28,8,20,12,56,50,58,17,23,57,6,3,11,48,47,27,29,37,36,49,34,60,51,45,15,5,32,63,7,1,24,2,13,10,38,19
30,57,19,28,4,20,49,39,26,13,45,56,42,58,62,17,16,32,21,11,50,29,5,38,15,61,54,2,0,40,52,63,46,8,35,51,33,9,27,36,37,23,18,12,24,3,48,53,7,22,55,60,31,43,41,10,59,47,34,25,14,6,44,1
37,43,14,61,21,34,54,15,56,17,52,53,4,26,39,30,10,63,55,29,25,51,36,12,59,5,50,57,28,48,49,31,7,38,2,41,16,33,62,9,13,19,60,18,3,11,20,27,23,45,8,6,1,0,35,32,22,42,58,24,47,46,40,44
3,43,21,32,10,6,48,54,31,60,19,53,45,7,11,15,18,14,1,24,2,9,34,36,41,38,25,58,29,46,12,47,13,37,20,27,51,50,23,35,57,16,33,26,49,61,5,42,63,39,44,30,52,55,0,62,59,22,40,4,56,8,28,17
51,29,7,24,6,42,23,18,22,28,49,53,27,14,34,17,25,52,59,2,45,9,57,44,1,37,58,31,61,30,20,8,55,43,50,4,5,60,21,39,32,36,41,10,12,47,16,48,0,35,38,3,56,11,62,54,19,40,63,26,13,46,15,33
46,26,60,5,24,4,61,21,16,39,18,9,15,40,19,17,1,54,14,33,13,38,20,34,59,41,36,28,27,7,58,62,47,25,42,30,37,11,51,22,49,55,6,45,23,44,31,10,8,53,32,0,48,29,50,12,35,3,57,43,2,52,63,56
20,12,63,35,32,2,29,52,1,57,9,16,6,46,7,30,11,47,24,23,48,62,51,36,45,34,0,61,60,38,40,41,17,49,58,26,43,14,13,53,3,18,19,50,28,10,39,21,31,54,15,42,37,44,56,59,8,25,22,4,27,5,55,33
21,33,12,32,55,31,24,45,49,48,43,23,40,14,51,62,11,28,47,58,63,54,18,39,35,36,34,61,25,10,0,44,27,8,6,38,5,57,60,29,56,2,16,9,4,19,41,15,1,13,20,46,26,3,53,37,22,7,59,42,30,50,17,52
48,13,8,26,57,34,50,21,6,31,47,25,5,9,15,35,62,53,29,16,44,55,24,28,46,11,36,38,58,40,37,56,17,59,22,63,18,23,49,45,4,7,60,30,43,61,10,33,0,1,39,32,14,3,52,20,27,54,51,2,42,19,41,12
5,35,9,45,22,27,55,51,20,61,11,52,46,47,31,63,28,1,40,30,34,29,53,10,26,6,49,23,43,32,13,39,50,59,38,3,36,0,7,21,33,14,60,62,17,8,41,24,19,18,15,44,42,48,2,25,54,12,16,57,58,4,56,37
36,38,21,61,33,12,24,19,14,63,58,47,5,18,48,27,3,41,0,45,52,4,49,39,32,57,34,25,51,17,43,62,11,10,20,35,44,2,46,7,26,31,40,30,28,29,50,53,1,37,54,56,59,15,9,13,16,55,8,22,6,60,42,23
40,3,56,22,35,50,9,23,52,44,12,37,43,62,53,11,16,49,41,48,39,63,2,25,5,38,17,36,14,13,31,33,45,59,28,24,0,6,60,57,20,32,1,15,8,46,29,51,27,34,10,42,21,4,47,7,19,61,26,54,58,30,18,55
54,46,61,41,20,40,19,3,24,2,55,37,7,1,58,51,38,34,4,16,32,18,52,47,0,11,29,13,42,57,53,39,21,30,28,12,31,15,49,10,23,36,59,50,9,35,43,56,8,60,17,62,6,22,14,33,63,44,27,45,5,26,25,48
32,31,14,19,11,37,58,44,55,12,3,62,53,60,33,36,27,13,15,61,1,49,24,8,4,17,2,6,28,7,41,48,63,25,0,23,16,57,34,40,39,56,35,10,29,38,43,26,18,42,30,22,46,54,52,20,50,59,5,51,47,45,9,21
49,37,25,33,27,38,26,57,3,22,40,48,13,24,61,23,41,28,53,21,42,17,1,35,50,47,8,7,5,20,32,43,36,31,12,11,55,29,34,0,59,4,62,52,15,39,51,46,56,58,19,14,16,2,60,30,45,54,6,63,10,9,18,44
33,58,32,14,24,5,57,46,60,42,6,40,49,25,17,54,59,39,34,35,43,13,0,3,28,27,61,53,50,55,44,38,12,31,45,37,20,52,47,15,8,23,7,4,36,22,19,1,30,16,2,48,41,11,51,63,9,56,29,26,10,62,21,18
27,39,5,14,45,30,49,17,41,52,53,42,54,26,20,57,61,47,4,7,51,60,40,50,38,2,19,63,24,11,29,62,28,34,35,21,56,23,43,58,32,31,37,59,13,15,36,55,18,48,33,0,25,44,16,10,8,12,3,46,6,9,1,22
50,39,35,0,14,23,11,19,13,57,60,61,6,22,48,41,26,7,10,58,43,47,30,46,53,54,52,56,37,16,38,29,34,40,17,51,33,8,27,9,20,63,32,62,3,5,15,59,42,21,12,55,44,1,45,25,4,49,28,24,36,2,31,18
3,47,8,11,40,12,13,30,10,26,58,25,35,46,17,20,29,55,44,6,60,24,33,39,4,2,7,56,41,52,63,51,32,49,57,45,43,18,19,21,42,53,50,34,37,0,22,31,16,62,28,38,59,1,14,27,61,9,54,5,36,48,15,23
44,62,10,28,21,60,2,32,18,30,23,45,22,7,17,54,42,5,50,27,16,53,35,56,59,51,26,4,58,49,14,39,47,36,19,33,31,8,57,20,46,0,38,37,41,48,55,24,40,61,34,12,1,63,11,9,43,13,25,15,3,29,52,6
14,33,15,10,61,56,7,50,45,48,31,37,36,38,21,54,44,60,6,43,2,1,29,34,51,58,22,25,47,55,3,41,9,28,0,42,40,59,24,4,18,19,13,57,26,23,27,16,62,5,46,11,49,39,53,12,20,52,30,35,32,17,8,63
35,41,27,52,17,54,63,5,50,14,1,38,9,36,61,12,28,53,7,46,11,32,59,15,49,62,21,44,37,22,39,18,26,43,10,8,30,56,20,33,58,55,16,47,13,6,19,45,34,48,40,60,0,51,3,42,23,57,24,25,2,4,31,29
37,34,9,21,55,22,7,1,46,51,44,50,27,32,59,39,25,41,60,23,40,53,14,30,54,12,10,13,45,31,35,2,36,4,33,19,52,18,24,57,58,20,6,42,15,29,11,49,28,63,17,16,3,56,62,48,0,38,61,26,47,8,5,43
25,54,38,29,8,22,28,34,12,45,30,3,15,6,61,57,48,46,2,37,43,7,21,11,4,44,63,50,36,23,53,31,27,24,56,42,41,32,62,13,55,58,20,35,19,47,17,16,52,51,49,18,0,33,1,14,9,40,10,39,26,60,5,59
22,39,28,0,50,27,25,31,23,9,52,61,42,14,37,8,51,33,46,16,53,62,41,2,63,44,45,58,32,26,36,5,10,6,11,49,17,40,57,60,3,1,7,20,54,38,56,59,35,15,12,30,47,48,55,13,34,4,19,21,43,24,29,18
31,39,2,54,30,24,59,16,38,22,9,41,44,46,21,40,43,23,61,60,42,17,55,52,26,19,11,58,56,34,35,14,7,48,18,1,32,37,25,4,10,8,63,57,12,6,62,45,49,51,20,50,5,15,28,29,53,3,27,33,13,0,36,47
34,28,33,39,57,27,14,21,54,10,47,19,63,62,48,38,9,24,51,44,15,17,26,58,29,4,52,55,25,61,43,36,20,35,32,37,30,50,13,1,6,31,8,56,12,5,42,2,60,22,23,0,46,7,53,41,16,3,11,40,18,49,59,45
22,61,44,13,50,26,35,53,3,32,14,43,17,41,24,59,20,56,27,40,37,30,48,2,58,46,28,1,55,6,31,21,25,16,4,29,63,47,57,45,38,51,34,5,60,10,11,39,0,9,54,49,12,8,36,33,42,23,18,15,7,19,52,62
11,58,47,36,57,42,61,56,19,35,28,25,49,52,2,53,48,33,13,17,22,12,1,7,60,59,55,31,18,51,26,30,5,32,6,0,29,27,9,63,23,50,41,44,45,16,4,14,34,38,21,62,15,10,37,20,43,8,3,39,54,40,24,46
17,8,38,0,15,32,57,52,16,39,24,30,44,36,2,11,58,20,18,49,22,60,12,53,47,59,13,63,29,1,62,6,42,28,41,25,43,37,3,56,4,34,23,48,9,27,21,7,46,19,26,51,55,33,14,35,45,54,5,31,40,61,10,50
48,30,11,34,33,21,47,63,9,53,26,27,46,10,2,41,39,3,55,40,38,56,23,54,43,32,17,5,28,24,51,49,44,29,4,62,57,16,14,58,6,61,35,31,37,1,18,36,8,12,52,50,13,0,15,19,25,20,60,45,22,7,42,59
34,63,27,54,47,40,44,57,28,58,55,19,61,10,33,46,20,50,51,13,0,17,6,9,16,62,11,14,53,49,36,45,4,56,26,39,32,15,24,38,37,42,3,48,21,29,2,25,23,31,30,7,18,12,22,60,5,8,1,43,41,35,59,52
21,13,45,27,62,0,3,28,55,33,29,40,11,4,51,49,10,35,43,31,61,63,2,24,9,36,39,5,38,30,41,44,25,14,32,23,18,22,56,42,34,48,58,52,53,54,37,26,46,8,20,17,47,1,60,7,50,19,57,59,12,15,6,16
56,45,25,37,0,50,17,1,42,21,60,26,36,57,54,39,14,38,48,53,29,61,43,33,20,51,49,59,12,23,11,5,52,28,16,13,34,30,40,58,46,44,62,8,41,27,15,9,35,55,47,6,2,63,4,31,22,10,24,19,3,18,7,32
5,12,16,0,58,59,18,51,60,34,9,22,45,17,48,63,8,25,33,50,49,47,56,41,1,13,28,11,32,26,43,24,10,19,35,4,20,29,15,46,44,55,39,31,23,36,27,7,2,14,62,40,6,54,37,61,42,30,21,38,3,52,53,57
51,63,20,10,6,11,16,27,54,17,38,39,52,32,42,50,61,24,48,35,45,47,29,5,44,1,4,19,55,62,15,8,57,25,46,2,0,59,60,28,49,3,53,58,56,9,40,12,26,21,18,14,37,41,31,33,13,43,22,30,36,23,34,7
39,21,31,54,15,59,18,57,32,12,29,6,3,46,62,24,43,13,33,9,20,56,14,45,52,60,30,17,47,28,36,11,40,19,55,41,26,49,50,63,7,34,38,8,37,22,42,23,53,16,48,2,61,35,0,25,4,1,10,51,27,44,5,58
13,1,28,48,40,27,2,43,26,12,10,31,51,41,21,29,9,61,34,17,15,38,53,47,49,36,20,56,5,35,4,63,50,18,37,62,55,25,33,39,22,46,45,58,32,8,23,30,59,14,3,6,7,42,11,60,44,16,24,52,57,54,0,19
31,62,29,34,37,27,18,25,51,1,52,63,40,59,57,47,0,2,55,10,54,50,33,20,46,3,8,21,9,58,17,26,5,30,60,7,16,53,13,38,36,41,56,6,32,43,48,4,11,23,61,15,45,24,22,28,14,42,35,49,39,44,19,12
56,40,53,31,8,23,16,62,28,57,26,42,33,47,2,36,22,11,25,4,7,43,61,27,17,63,54,50,37,35,0,12,9,52,46,34,41,60,30,38,15,59,13,48,14,18,44,55,45,19,39,3,20,5,10,21,49,1,51,32,29,6,58,24
35,36,5,31,26,44,42,6,59,47,27,55,18,32,53,14,2,39,38,56,34,51,10,1,11,0,13,60,45,48,33,61,22,7,9,58,3,62,17,43,16,54,24,21,29,46,52,12,20,57,37,40,25,30,63,8,4,50,23,15,41,19,28,49
38,24,37,63,22,2,46,17,1,59,39,3,19,25,34,16,6,43,36,0,15,48,58,7,21,27,30,8,35,29,41,18,26,49,10,28,50,44,45,51,9,61,14,54,57,56,40,55,32,33,42,62,53,23,13,31,20,5,4,60,12,47,11,52
30,26,13,15,41,17,32,27,3,57,58,50,37,9,0,14,4,7,36,11,38,47,53,42,22,1,55,16,56,35,19,18,49,43,29,48,28,45,20,24,40,33,31,8,2,34,10,39,23,21,62,5,51,6,12,63,46,54,61,52,44,25,60,59
17,12,24,43,55,41,5,61,52,35,37,53,14,51,40,30,21,25,23,18,38,6,45,48,8,42,36,3,0,56,11,60,15,46,58,54,16,22,39,33,19,10,4,32,2,20,28,9,57,34,26,47,63,31,59,62,13,29,7,27,44,1,50,49
49,33,37,34,36,26,51,63,41,61,42,57,45,54,43,24,22,58,3,13,52,35,15,19,17,4,38,2,60,27,46,10,29,21,16,9,56,48,6,55,32,20,7,8,31,44,18,5,47,39,28,40,62,30,23,50,25,12,1,14,0,53,59,11
48,39,19,62,30,52,27,35,63,15,22,4,51,36,21,38,58,16,53,8,5,25,54,49,26,50,34,1,46,29,0,43,28,12,6,31,24,7,40,14,61,20,45,10,2,23,42,17,56,33,3,59,47,55,13,32,60,18,9,37,11,44,57,41
56,27,10,51,53,40,11,47,19,29,52,57,38,20,60,30,0,41,24,43,8,21,1,36,17,14,4,33,5,12,59,9,58,45,31,50,23,15,55,37,32,42,25,2,39,35,22,16,3,44,13,54,18,62,28,6,7,34,46,26,48,63,49,61
14,4,21,2,0,28,22,9,48,31,51,24,59,57,47,11,7,32,63,38,34,40,18,56,30,1,10,19,3,52,5,50,37,43,54,13,61,58,8,6,36,26,27,23,12,49,25,45,46,15,62,41,44,29,17,60,42,53,39,55,16,35,20,33
32,13,43,31,20,51,45,0,27,12,8,58,54,59,55,63,26,49,50,10,1,42,57,41,11,28,21,48,53,39,14,47,36,40,4,18,60,52,61,16,17,25,24,34,15,6,7,19,22,3,46,56,35,44,30,37,29,2,23,9,5,62,38,33
12,46,2,48,52,53,38,24,25,16,13,49,58,31,17,43,61,41,7,56,35,10,29,11,32,20,26,27,22,30,3,0,57,5,21,9,28,18,39,55,4,59,34,33,44,63,8,19,60,47,15,36,45,50,37,62,40,14,42,23,51,1,6,54
9,36,14,59,16,55,42,37,13,50,54,24,1,22,51,0,12,62,5,43,4,46,63,26,34,8,38,39,27,52,56,47,3,57,30,21,17,10,53,60,49,41,7,31,33,29,61,20,23,45,40,25,58,2,11,32,19,15,28,44,6,35,48,18
42,3,30,49,1,16,59,60,46,5,47,34,55,21,33,62,50,22,4,14,51,44,45,11,39,18,17,41,35,38,32,23,15,56,27,8,20,63,61,10,2,53,57,19,7,25,37,43,31,48,52,13,40,28,0,9,58,12,24,29,36,6,26,54
56,8,40,17,36,46,44,37,58,31,10,57,15,38,45,20,42,4,39,55,21,47,63,12,14,29,34,28,52,5,18,50,9,41,7,53,11,24,62,3,32,60,43,1,30,33,49,59,54,6,61,23,48,51,13,19,25,26,22,0,27,2,35,16
54,47,28,21,8,53,9,25,56,19,2,37,43,12,55,59,45,50,58,18,10,34,32,63,0,6,7,20,26,4,36,61,49,40,1,46,23,39,11,42,5,57,29,38,41,31,30,16,62,51,35,3,44,13,14,24,27,15,22,33,48,60,52,17
60,23,28,42,55,39,20,62,33,0,31,14,51,26,16,13,29,50,43,2,52,45,8,41,6,47,36,35,3,38,9,49,59,46,5,4,58,7,19,12,11,40,1,61,63,10,37,17,27,57,22,44,32,15,54,25,53,21,56,30,18,48,34,24
42,44,25,6,8,41,22,38,23,29,16,36,10,54,14,40,3,39,1,56,60,49,34,4,59,7,33,48,24,11,61,31,58,50,13,2,9,28,15,37,51,32,35,5,20,46,57,55,18,19,52,43,0,47,53,12,21,45,27,17,62,30,63,26
60,3,9,30,53,41,34,13,49,5,50,39,43,42,36,7,33,63,32,44,8,19,20,4,47,23,51,0,29,1,45,27,21,35,40,59,6,28,37,10,52,25,48,11,12,62,46,16,61,56,17,57,22,38,54,18,14,15,55,58,24,2,26,31
62,10,58,40,12,54,46,29,30,55,24,53,57,27,48,45,59,47,63,49,56,39,31,60,23,5,34,16,11,18,43,7,28,38,33,44,14,19,61,1,25,37,13,36,3,52,42,6,35,15,4,2,26,51,0,17,22,9,20,8,32,41,50,21
27,53,3,41,52,24,36,58,39,11,57,49,8,59,33,47,26,13,60,21,30,42,6,38,32,19,1,22,46,23,35,10,0,50,28,29,37,43,34,61,25,54,14,18,12,63,40,62,20,31,5,51,44,48,16,2,45,15,9,55,7,4,56,17
41,52,19,15,37,55,43,45,4,14,44,40,0,10,21,24,6,7,27,51,46,22,29,39,58,59,28,60,61,36,63,3,47,42,23,9,50,38,26,18,48,11,12,62,13,34,56,25,20,49,54,2,16,57,1,17,53,30,33,8,31,5,35,32
42,23,20,49,29,22,34,2,21,52,41,60,58,46,14,30,4,11,25,12,6,57,7,28,44,9,8,59,31,17,24,56,19,45,35,40,13,55,5,51,63,32,48,16,33,10,54,27,61,36,0,3,47,15,39,50,37,43,62,26,53,38,1,18
42,24,59,2,49,50,27,4,62,57,8,5,53,36,51,10,28,37,35,34,11,31,32,63,21,14,6,7,43,41,47,44,52,22,48,1,33,29,13,16,0,56,26,15,20,18,58,54,60,30,61,45,39,40,38,25,23,46,17,3,9,12,55,19
17,49,14,0,5,60,52,16,29,41,3,44,55,1,34,27,51,56,40,32,2,38,9,24,47,39,13,8,58,18,7,53,11,42,4,48,31,33,36,50,26,23,19,37,28,6,10,12,20,54,45,22,35,62,59,46,21,61,25,57,43,63,30,15
8,34,52,10,60,11,46,31,1,7,21,15,55,36,35,56,26,41,42,27,3,24,29,40,16,5,33,18,20,49,48,28,25,47,32,17,0,51,50,54,59,58,61,2,62,53,23,44,63,12,45,43,38,30,6,14,22,39,19,57,9,37,4,13
24,16,10,41,43,0,47,44,17,8,13,53,60,58,21,36,50,38,39,61,30,59,29,49,28,12,14,7,27,33,35,42,9,31,23,6,34,40,62,22,26,55,2,57,56,20,25,18,54,46,51,11,5,4,52,1,37,19,63,45,15,32,48,3
38,63,11,51,1,48,50,62,32,3,5,54,22,28,33,53,40,36,0,29,45,25,41,20,23,18,7,13,58,47,27,19,8,60,49,34,59,57,43,26,17,6,12,56,55,42,31,52,4,44,2,35,39,9,61,46,16,15,30,37,21,10,24,14
46,57,15,41,47,5,53,52,17,51,61,43,59,6,29,24,11,34,31,4,21,7,1,27,19,55,28,54,45,56,50,48,63,62,26,14,30,42,12,60,13,8,25,33,40,58,38,2,18,22,10,49,32,20,37,36,23,9,3,16,35,0,39,44
21,16,6,27,43,2,11,1,14,38,19,20,28,0,29,26,45,61,24,48,7,34,8,33,59,23,25,15,39,4,62,3,17,30,50,49,32,12,31,36,13,54,60,56,55,57,44,18,47,51,41,42,10,53,63,52,22,9,40,37,46,5,35,58
56,18,21,52,63,17,38,58,4,23,15,10,33,13,43,3,1,5,14,55,26,29,54,24,0,34,28,59,61,6,2,50,49,37,12,19,57,48,60,9,53,39,35,16,27,7,62,41,30,44,8,22,11,46,51,47,32,40,31,42,20,25,45,36
36,33,60,7,12,22,2,25,14,48,21,51,26,11,24,42,55,32,19,13,23,54,59,15,40,6,30,37,10,61,3,57,4,49,43,39,1,9,47,53,50,35,20,63,29,27,62,56,31,0,34,8,18,58,28,5,52,17,41,46,38,16,44,45
44,60,51,20,53,4,39,41,28,38,45,50,27,23,43,9,33,1,29,5,22,17,11,13,54,18,58,40,62,31,8,56,10,48,30,24,25,21,52,35,55,0,2,42,12,6,14,63,26,19,34,36,15,47,16,59,32,3,37,46,57,7,49,61
0,27,35,24,21,42,20,39,49,37,22,58,9,44,62,3,15,41,46,19,36,38,60,61,31,30,1,16,25,47,2,26,8,51,50,28,48,56,5,43,13,18,54,17,7,12,29,59,6,34,14,52,11,33,23,4,45,63,32,10,55,57,40,53
41,24,4,14,37,43,46,9,13,63,35,54,11,2,18,44,10,45,16,57,19,7,60,21,27,33,20,56,23,55,8,52,30,61,62,25,1,59,31,34,40,6,51,0,3,48,58,28,36,29,26,49,17,12,38,22,5,15,42,50,39,32,53,47
39,59,50,12,11,35,49,1,37,17,31,61,57,26,52,43,36,32,30,47,46,2,15,63,29,62,20,58,40,44,16,6,9,42,41,48,18,10,53,60,24,27,56,14,5,28,22,13,3,25,23,55,51,33,34,7,0,54,8,19,45,21,38,4
22,55,62,13,41,3,51,2,24,15,23,30,39,8,9,4,57,48,0,17,1,45,49,63,33,20,18,6,35,34,29,54,19,61,32,21,12,52,50,27,59,37,60,38,14,31,58,7,42,46,28,56,36,10,11,40,44,43,16,5,25,47,53,26
54,46,42,11,48,3,55,50,39,51,62,38,10,37,12,29,40,9,36,13,63,7,14,0,6,21,44,27,4,41,15,61,28,19,57,43,17,45,23,59,2,8,33,25,56,22,26,35,20,1,34,49,32,47,16,58,53,60,31,24,18,30,5,52
25,1,38,57,62,29,40,10,13,44,45,5,6,11,63,35,9,36,53,24,59,22,33,46,26,39,42,17,54,28,23,60,3,20,48,18,2,51,15,47,37,41,58,30,31,43,52,12,8,55,34,0,56,27,61,49,14,50,32,4,7,16,19,21
4,8,48,63,18,5,42,1,27,31,46,34,49,25,61,3,7,22,16,14,52,45,26,0,51,2,59,55,47,28,29,13,57,23,43,21,30,9,50,20,36,33,19,39,40,32,12,10,58,15,60,11,37,6,54,38,17,35,24,56,62,44,41,53
49,41,13,35,37,24,51,53,31,2,45,22,10,59,52,47,17,29,19,46,34,28,3,44,63,32,40,57,21,56,62,27,16,5,15,14,26,0,12,7,60,61,25,6,9,58,42,48,54,43,38,4,18,39,30,8,11,33,55,50,23,20,36,1
48,18,11,41,7,27,51,10,59,36,15,44,32,26,58,63,30,24,29,50,23,54,37,35,52,4,53,43,55,20,56,9,49,2,40,33,60,28,1,25,39,57,5,6,21,13,31,3,62,22,42,34,0,19,12,46,47,38,45,16,61,8,14,17
35,12,31,41,51,44,10,60,29,7,1,6,34,42,52,2,62,53,14,48,61,15,46,20,27,25,49,55,9,21,22,57,4,50,33,59,16,17,47,23,11,37,8,28,58,63,39,19,3,18,0,54,5,40,30,26,13,32,56,38,45,43,36,24
45,10,25,51,8,57,48,49,46,37,59,6,1,32,47,22,50,7,43,20,31,5,26,55,3,60,61,13,15,38,9,2,24,41,53,33,17,54,28,11,35,29,39,34,23,42,12,21,0,56,36,19,52,63,62,18,40,27,4,58,14,44,30,16
58,13,25,45,26,22,4,61,5,17,35,29,24,63,16,33,23,60,47,38,52,36,48,51,40,9,19,6,15,42,41,46,2,20,18,28,39,55,32,0,53,54,37,11,12,56,49,43,3,1,59,34,50,7,44,30,8,57,10,27,31,21,14,62
61,35,12,46,44,1,53,47,8,2,13,7,17,57,36,60,26,5,23,37,51,42,41,50,9,22,10,6,40,15,27,3,32,11,4,14,55,34,48,19,39,25,33,0,31,21,29,52,45,20,63,16,49,24,58,28,62,56,38,30,43,54,59,18
36,47,24,25,39,2,58,56,23,37,40,20,19,22,4,35,46,33,13,29,21,7,0,62,45,8,10,30,63,52,34,38,9,60,49,51,43,54,26,11,16,1,3,44,28,6,61,32,31,53,12,50,27,59,17,41,5,48,57,14,42,15,55,18
51,62,10,50,4,13,47,55,9,36,19,1,49,24,43,15,54,18,31,45,41,21,30,29,52,23,3,46,61,56,33,58,53,20,25,14,63,2,16,0,60,26,38,27,48,12,40,57,8,39,42,37,7,59,44,32,11,6,5,35,28,17,34,22
32,30,52,60,59,12,58,41,55,20,29,23,3,53,2,18,5,44,28,33,14,19,27,61,25,54,57,34,62,7,43,45,4,56,47,50,22,42,36,9,16,1,35,13,51,11,8,0,46,15,63,49,10,26,48,24,40,21,38,39,37,31,6,17
22,40,32,55,42,19,5,56,4,14,15,58,34,50,49,43,38,60,7,41,23,2,27,36,9,57,29,35,61,20,45,59,51,21,28,26,63,18,33,3,6,17,48,39,10,54,24,13,46,47,16,53,11,0,62,8,37,31,30,52,25,12,1,44
40,12,30,26,7,28,62,4,45,23,50,33,32,58,44,47,34,46,0,57,60,22,61,10,63,59,52,5,53,29,19,27,31,37,18,17,42,14,48,43,9,41,55,54,38,49,36,13,2,20,24,39,35,25,16,51,3,1,6,8,56,21,15,11
19,35,24,31,56,39,16,4,57,34,1,3,37,53,50,59,55,9,52,48,12,8,38,17,33,29,40,18,30,13,5,25,2,10,62,41,15,61,28,26,6,63,46,49,47,43,0,7,45,44,22,51,11,21,14,54,58,32,23,20,42,36,27,60
5,54,63,50,58,3,40,43,24,2,13,32,16,55,61,18,49,60,39,12,11,15,47,23,45,37,44,30,29,28,6,25,41,26,57,51,10,48,27,8,7,56,33,0,17,42,19,31,1,38,9,46,20,35,52,21,53,62,34,59,4,22,14,36
15,51,12,61,35,44,19,56,8,53,23,58,11,30,20,2,9,25,14,37,3,32,46,60,5,10,42,4,62,33,54,31,24,41,57,45,63,38,27,47,34,1,6,50,39,36,18,13,40,17,52,43,55,22,29,0,28,48,49,7,59,16,21,26
49,15,37,20,23,57,1,9,42,14,19,56,13,31,6,48,25,45,10,28,61,16,53,30,22,36,62,2,46,3,17,55,21,32,59,58,47,63,38,41,5,40,60,8,51,34,12,11,27,43,50,18,24,54,29,7,33,26,0,35,44,39,4,52
36,30,42,28,24,49,47,0,57,59,19,33,52,6,51,32,3,29,25,12,1,22,56,18,45,46,8,26,62,63,11,41,54,10,31,39,5,13,20,37,58,9,34,15,55,27,4,17,16,60,2,44,53,21,23,35,14,50,43,38,7,61,40,48
35,12,11,60,19,20,46,49,43,45,23,58,6,5,47,38,44,30,2,14,48,40,37,53,55,7,32,57,54,62,24,59,4,56,51,41,29,10,36,0,42,63,17,52,61,8,50,28,22,39,34,31,21,16,9,3,13,26,18,33,25,15,27,1
62,45,20,39,56,42,6,58,3,9,47,52,8,60,61,12,29,43,48,23,30,28,18,25,40,55,19,21,2,27,5,49,10,36,16,44,46,34,14,50,1,24,4,57,51,63,32,41,7,37,22,31,15,59,26,35,17,0,38,33,54,11,53,13
34,50,6,35,45,41,8,57,59,25,61,40,31,30,42,11,19,18,14,1,62,56,37,23,58,51,39,47,43,2,55,15,38,46,33,63,54,10,29,32,7,52,44,53,13,24,16,22,28,49,5,4,20,3,0,26,9,27,60,12,48,21,36,17
11,50,29,16,27,55,33,15,3,34,47,18,38,43,53,59,6,0,2,60,44,23,7,39,56,42,28,49,63,45,48,57,8,14,58,10,12,40,30,4,46,31,17,21,62,35,1,19,61,41,26,54,22,24,13,52,36,32,5,20,37,9,51,25
57,41,46,24,60,48,5,4,51,13,53,50,21,54,9,14,35,55,52,27,42,15,59,11,6,45,22,20,61,58,39,34,7,31,8,37,0,38,43,47,33,40,19,17,30,49,10,63,44,18,32,16,2,3,23,25,12,1,28,62,26,29,56,36
24,28,6,23,19,44,37,35,59,13,1,52,63,56,3,38,57,15,33,36,5,41,47,40,12,16,51,42,22,46,32,61,7,45,21,48,34,2,26,58,55,54,9,31,62,18,60,14,17,10,39,8,53,20,50,49,11,27,0,4,25,30,29,43
34,1,21,31,50,17,29,38,9,60,25,37,58,15,16,56,63,33,51,32,47,61,30,54,55,19,7,41,8,2,45,22,40,6,39,20,11,46,57,18,10,23,3,35,44,49,24,27,0,28,53,62,43,36,14,12,26,52,42,59,5,13,4,48
60,52,14,53,46,40,19,29,27,16,43,51,9,35,13,62,28,11,57,23,45,48,63,34,5,49,37,55,32,44,38,30,6,21,41,59,54,10,12,20,1,31,39,18,22,0,56,15,47,24,50,8,3,61,25,26,2,42,7,4,33,17,36,58
58,25,2,4,57,22,1,32,50,30,39,48,20,55,27,17,35,5,9,62,52,33,19,28,59,24,42,11,61,15,40,60,18,37,38,45,21,31,36,0,13,29,53,34,26,47,46,63,8,54,7,16,6,23,56,43,10,14,49,3,12,51,44,41
58,4,46,40,54,50,25,47,57,34,38,43,33,13,19,53,15,60,9,56,37,26,3,24,18,5,7,20,16,55,8,48,6,31,17,23,21,44,32,1,29,10,28,22,30,12,52,35,49,61,2,62,41,51,45,63,59,42,39,11,27,14,0,36
63,30,32,3,14,44,26,33,45,19,11,22,43,56,1,24,29,35,21,12,42,34,46,4,40,13,52,23,39,17,27,28,61,62,58,51,50,60,25,53,57,8,49,5,10,48,47,55,41,20,7,31,16,0,59,54,6,37,15,38,36,9,18,2
49,38,31,12,9,27,61,59,23,33,2,0,4,56,57,48,45,63,34,26,22,60,52,42,55,39,35,5,62,13,47,16,58,37,46,43,17,25,29,54,1,36,8,41,3,19,7,32,21,15,53,51,24,18,30,11,28,50,44,40,10,20,14,6
48,56,44,62,38,60,55,28,54,9,47,15,59,20,2,52,41,26,45,53,8,46,32,37,61,18,14,13,19,12,63,35,31,36,16,7,5,17,50,57,0,11,23,34,24,30,3,29,39,40,10,27,58,6,4,25,43,1,42,21,33,51,22,49
44,48,33,54,10,20,58,61,16,37,35,31,11,41,39,45,53,27,47,57,9,21,51,3,18,26,8,43,60,59,40,6,12,34,23,24,7,42,17,5,4,36,56,49,63,62,46,55,30,38,1,19,14,13,25,52,32,2,22,28,50,0,15,29
35,24,12,42,0,51,36,52,25,50,21,61,1,17,26,11,22,41,13,18,49,5,32,23,47,31,53,56,38,30,4,40,62,28,14,2,6,45,57,39,48,29,15,10,8,27,58,9,3,19,43,44,33,59,46,63,54,55,7,16,20,34,37,60
32,3,54,4,28,24,61,47,19,29,27,30,52,39,33,20,44,46,6,58,2,55,38,57,13,17,51,35,14,62,45,23,60,31,8,1,34,43,9,25,42,0,41,53,7,21,50,11,5,16,26,40,36,63,48,59,49,12,18,15,37,10,56,22
18,16,24,63,58,62,45,36,20,34,60,2,44,50,32,14,11,55,21,59,31,43,47,39,29,41,30,42,53,3,35,5,38,54,56,46,0,7,52,6,15,61,17,10,26,40,27,25,49,33,1,57,37,9,23,51,12,28,8,19,13,22,4,48
6,36,7,37,39,23,49,1,13,12,34,8,32,50,14,42,20,53,35,52,21,15,43,33,28,63,55,58,47,25,4,9,30,51,60,31,62,48,45,19,0,40,24,5,11,3,16,22,41,38,46,17,10,29,27,2,56,18,61,44,54,59,26,57
40,61,7,31,8,13,19,22,43,2,15,26,55,34,36,5,28,58,37,3,46,41,6,48,27,54,29,4,53,18,24,17,60,52,23,57,10,25,21,50,0,63,62,33,14,9,47,12,35,39,11,42,38,59,20,49,30,51,45,1,56,44,16,32
4,43,27,50,41,30,8,28,54,26,0,34,36,32,56,16,49,53,48,11,61,19,46,5,57,22,29,17,40,51,55,10,62,44,9,18,35,7,6,24,37,1,21,33,25,13,58,31,12,59,3,39,15,38,42,20,60,63,45,23,47,52,14,2
17,54,24,22,18,49,38,51,56,48,46,31,20,23,36,21,8,61,3,43,2,6,55,52,29,63,47,34,41,62,9,12,59,57,58,28,50,37,1,13,53,19,5,42,7,60,32,39,4,0,44,45,35,10,15,27,33,26,11,30,25,40,14,16
60,29,31,22,37,59,45,7,50,56,43,32,48,15,5,13,47,38,28,25,61,10,11,19,49,6,35,26,1,34,23,63,40,42,57,27,51,9,46,44,58,55,12,3,24,53,17,52,21,39,30,4,18,54,8,36,14,33,62,20,0,41,16,2
29,18,14,3,61,54,4,43,9,63,20,15,51,27,48,39,49,2,12,19,40,21,41,42,25,24,45,22,26,1,17,23,10,7,30,5,58,31,57,33,35,32,62,11,38,47,36,28,44,0,8,50,59,52,34,60,46,55,6,56,13,37,53,16
6,45,46,59,57,41,53,30,8,29,54,40,52,3,50,61,47,33,49,60,25,28,15,0,26,44,58,13,21,20,16,51,1,34,17,23,43,2,62,37,36,12,35,18,63,38,9,56,4,22,11,24,19,55,39,31,10,27,42,5,48,14,7,32
49,30,36,14,24,47,56,34,43,27,58,51,63,6,18,2,62,29,10,37,26,53,45,5,0,21,9,61,48,60,33,19,20,12,28,15,42,40,4,25,38,57,35,41,8,23,17,3,16,22,55,13,59,52,1,46,7,50,39,54,44,11,32,31
53,30,61,10,23,34,21,8,14,42,28,48,39,22,54,47,24,16,2,19,12,60,11,25,32,45,7,50,9,36,15,33,17,4,46,56,35,62,31,44,63,59,37,43,29,26,38,40,57,52,27,20,6,0,5,58,13,49,3,41,51,55,18,1
32,2,14,39,6,31,51,13,30,5,18,12,54,58,23,40,33,36,59,56,20,49,50,37,0,24,41,27,48,45,19,29,28,11,3,38,17,35,25,7,43,63,15,26,55,61,22,10,42,21,47,53,60,46,34,8,44,1,62,9,52,16,4,57
20,30,38,60,48,41,8,46,61,54,47,25,19,16,26,15,11,56,28,0,49,59,31,51,33,53,44,23,62,24,2,50,32,1,40,36,14,37,7,3,43,21,55,6,9,4,52,42,63,27,57,5,39,58,17,35,12,13,45,10,29,22,34,18
29,17,62,26,43,34,63,21,8,20,39,33,1,4,42,0,2,12,41,18,32,38,27,57,5,7,19,13,9,24,11,16,25,60,10,51,40,28,46,54,55,56,6,49,30,44,53,22,37,61,50,48,45,3,59,31,58,23,14,52,35,36,15,47
25,39,28,30,55,23,52,45,18,14,21,35,41,15,24,3,38,10,34,32,56,49,6,4,17,51,53,26,36,40,50,1,43,12,33,19,62,37,16,27,8,20,44,2,9,31,0,57,60,47,29,7,5,13,59,48,58,46,42,63,61,11,22,54
35,1,13,33,62,55,14,34,20,9,49,60,27,46,61,28,5,21,18,19,48,38,43,52,31,56,36,42,25,8,57,12,6,29,53,45,44,40,32,54,30,16,63,15,22,37,0,2,59,17,11,47,51,4,3,7,58,24,41,23,50,26,10,39
13,52,30,42,32,21,9,38,62,45,46,15,53,4,25,23,8,51,54,20,10,37,7,3,12,1,50,47,27,44,19,49,11,28,60,31,41,57,48,33,35,55,43,14,58,61,18,59,17,6,16,5,29,22,39,2,63,56,24,0,36,34,26,40
48,43,61,56,26,23,1,13,57,15,51,16,30,62,27,63,12,34,6,4,17,10,58,2,49,54,7,59,11,55,41,40,8,20,32,14,25,52,31,24,37,33,36,9,3,47,39,46,0,45,38,21,53,28,18,22,50,42,60,44,19,35,29,5
23,43,27,26,35,5,20,41,21,11,17,57,32,30,24,44,40,49,15,53,52,51,61,47,13,29,58,8,38,45,6,28,2,10,34,54,3,46,55,33,4,7,63,48,0,9,18,19,16,59,14,12,42,37,60,36,39,62,1,50,31,22,25,56
4,40,51,35,42,2,53,49,22,29,39,13,24,37,41,34,57,36,1,48,56,50,46,38,14,18,19,47,27,30,55,54,0,61,31,7,6,20,45,33,3,43,9,17,23,15,59,60,32,25,16,10,44,63,52,21,5,26,12,11,62,8,58,28
54,61,39,58,33,10,51,29,20,63,49,4,22,57,26,16,13,62,43,36,35,14,55,12,40,47,11,3,21,32,38,0,27,37,34,19,28,59,1,41,52,15,8,44,42,23,6,18,17,45,5,48,30,31,46,24,56,60,25,53,50,7,9,2
29,7,11,57,14,61,39,17,58,10,46,51,3,0,18,33,25,8,47,42,12,15,22,63,60,21,36,40,38,26,32,45,62,53,54,9,2,35,52,48,24,5,55,41,19,28,13,43,56,30,23,1,59,20,50,31,34,4,6,16,49,37,27,44
58,35,44,42,48,46,28,33,60,43,39,51,6,22,24,32,49,8,10,55,15,38,16,2,21,63,59,53,18,19,56,34,0,36,41,31,29,4,14,25,26,52,40,50,27,3,1,13,9,20,37,62,54,23,12,17,5,45,47,7,11,61,57,30
56,30,15,19,36,38,62,47,50,32,7,9,59,5,34,63,33,43,16,1,26,61,35,42,25,51,60,53,11,28,40,10,49,46,0,48,58,23,6,44,3,21,41,4,55,54,8,39,57,14,37,18,29,20,12,17,2,13,45,24,31,27,22,52
58,3,48,35,29,15,33,13,38,16,40,52,61,9,42,4,60,6,39,32,59,20,17,0,2,43,24,14,7,49,51,62,34,46,1,41,55,23,25,50,21,37,44,30,45,53,10,27,8,31,18,12,11,47,54,57,5,19,26,63,22,36,56,28
23,15,20,30,39,45,34,2,59,0,54,28,19,57,35,27,32,33,18,47,42,22,43,13,3,52,6,56,50,29,8,9,49,46,5,36,7,63,25,14,10,58,61,41,37,40,48,55,24,60,53,21,44,1,26,4,62,51,38,11,31,17,16,12
54,0,40,52,43,1,15,42,14,51,55,35,24,32,9,36,23,11,48,53,57,45,56,21,38,25,63,31,34,16,37,59,41,28,49,6,19,5,3,2,44,33,50,22,7,8,62,10,30,47,39,13,12,17,46,58,29,60,27,4,61,20,18,26
17,34,22,11,23,15,8,18,10,5,51,61,54,0,59,20,28,13,2,42,39,4,48,46,40,30,19,33,31,35,50,43,29,6,38,49,58,27,1,16,60,63,36,53,62,45,7,56,32,21,25,41,44,12,24,3,9,55,37,14,52,57,26,47
19,51,46,23,58,27,50,52,42,43,2,18,57,31,28,61,16,10,14,9,59,32,11,44,15,47,45,5,34,60,40,22,20,8,41,29,62,35,26,0,48,4,38,56,1,55,25,21,6,53,3,17,54,12,49,30,37,39,63,33,13,24,7,36
56,44,28,63,54,42,49,8,22,9,25,60,14,27,57,61,48,43,30,20,58,4,38,33,55,36,0,15,29,19,18,53,6,32,37,5,46,16,26,51,59,31,50,23,24,3,1,40,11,13,17,45,12,21,47,2,41,52,39,10,62,34,7,35
53,18,8,6,58,4,59,50,43,19,45,42,63,55,36,0,52,12,26,17,51,34,20,21,54,30,47,38,37,35,56,61,28,48,39,13,31,3,14,11,7,49,41,16,25,24,23,15,40,5,29,46,57,9,33,60,2,27,22,32,62,1,10,44
61,23,39,19,54,21,56,53,51,57,36,43,15,6,44,37,27,25,41,8,50,2,0,11,31,20,16,47,26,59,46,3,40,29,12,58,55,42,34,10,32,18,35,5,17,38,24,49,4,14,45,13,7,63,62,48,22,9,60,1,28,33,52,30
14,55,35,3,38,53,34,54,15,44,21,17,45,6,28,49,42,12,43,16,37,24,18,39,41,13,56,30,63,48,61,1,26,29,19,10,60,23,0,47,52,32,5,57,25,58,36,20,31,22,9,11,7,2,27,8,50,51,33,62,4,46,59,40
53,44,24,27,54,11,41,6,56,46,59,58,1,14,60,51,45,48,10,30,49,18,34,31,9,23,7,36,0,57,39,2,25,62,61,50,29,42,22,4,40,32,16,8,15,52,20,3,19,28,12,21,26,13,47,38,55,33,5,17,63,35,37,43
33,10,58,21,0,9,23,34,36,29,11,62,2,22,63,18,59,49,61,4,57,37,39,45,35,17,43,12,53,7,1,38,41,56,15,30,25,3,20,5,44,50,8,14,6,13,46,47,26,31,52,27,60,55,24,48,28,19,51,42,40,54,32,16
3,27,46,22,12,42,30,9,39,40,32,41,25,43,24,33,14,58,6,57,10,44,36,17,52,19,50,4,8,7,48,2,5,23,18,51,37,21,16,1,45,38,13,61,63,53,34,29,55,49,54,60,28,62,35,15,47,20,31,56,59,26,0,11
61,59,12,55,50,37,0,41,25,49,29,42,13,20,34,4,7,11,21,44,30,38,48,8,10,31,1,18,9,23,15,35,58,54,27,14,56,52,22,6,60,57,26,2,47,39,53,51,40,33,17,45,24,32,28,36,63,5,16,62,19,3,43,46
16,2,13,39,19,28,31,30,43,7,55,26,32,11,62,56,6,3,8,49,54,4,40,5,46,14,59,21,45,37,24,38,18,12,25,47,36,35,29,23,17,44,34,60,58,41,57,61,42,9,1,50,10,51,53,33,63,20,22,15,48,52,0,27
43,23,62,8,16,56,15,35,49,32,19,4,38,57,1,58,13,6,30,63,48,25,51,53,50,42,46,39,29,0,40,55,52,10,60,12,45,21,31,27,26,14,54,28,20,33,7,47,5,3,36,9,11,61,2,22,59,17,24,41,44,37,34,18
27,62,53,39,22,24,37,3,31,38,29,23,0,45,46,57,9,13,55,25,6,41,36,40,47,52,63,44,34,61,33,12,60,16,56,58,8,51,7,21,14,19,5,59,43,20,42,49,17,4,15,2,32,18,48,54,11,26,35,28,30,1,10,50
1,3,46,10,57,52,20,58,38,4,32,48,2,9,15,42,54,44,63,19,27,35,23,17,45,55,50,24,30,60,36,8,18,11,29,5,28,22,25,34,39,33,37,47,0,61,31,40,43,56,12,59,62,16,41,7,13,6,51,26,14,49,21,53
19,30,3,23,57,39,55,31,1,60,17,45,54,41,40,29,18,4,53,28,42,50,16,24,27,15,26,10,11,62,35,58,33,9,21,0,37,51,36,7,61,5,49,47,12,32,48,43,46,52,25,63,20,8,34,22,13,56,59,44,2,38,14,6
63,35,60,48,24,31,21,40,12,41,25,53,58,7,6,13,51,2,38,9,33,27,26,16,56,36,50,62,44,57,45,10,30,42,17,55,52,4,34,29,0,39,20,28,5,32,49,22,15,18,11,47,59,61,54,19,14,23,37,1,3,8,43,46
42,10,9,22,53,63,13,38,21,5,23,19,50,35,32,55,17,7,14,2,25,59,46,0,51,27,36,16,20,29,15,57,49,40,56,26,31,18,39,45,41,48,11,60,4,34,12,6,8,1,58,47,24,33,37,28,43,3,30,62,44,61,54,52
41,54,52,7,40,4,47,33,28,18,37,8,57,45,25,21,15,19,55,36,46,20,32,35,3,30,9,58,44,62,6,50,2,29,53,1,10,22,49,31,48,59,61,5,13,34,26,43,12,27,60,14,39,16,17,24,63,38,56,11,23,51,0,42
13,44,59,36,28,15,6,55,39,12,48,11,56,57,50,9,16,34,8,63,35,37,2,5,60,52,20,27,58,10,19,40,7,23,26,49,32,47,14,45,25,31,1,51,30,41,61,18,0,17,22,42,54,33,46,43,21,29,53,4,3,62,38,24
44,3,18,30,50,31,56,62,13,37,49,46,2,38,33,32,52,26,5,45,8,41,16,21,19,29,53,14,25,35,42,12,6,60,43,20,24,36,4,27,23,57,63,58,54,7,10,17,48,11,15,59,40,0,9,28,39,51,61,55,34,22,47,1
22,45,56,60,37,47,2,7,18,3,19,30,27,1,50,38,58,26,14,25,55,9,59,28,8,46,42,54,39,21,35,40,51,4,10,52,31,33,53,36,61,12,62,24,23,29,34,49,44,16,32,5,6,63,13,41,11,0,48,17,15,20,43,57
32,26,61,21,51,6,16,24,27,56,10,38,62,15,7,45,35,17,55,52,60,14,1,2,5,25,30,13,53,29,40,46,58,48,28,11,22,49,57,20,37,43,47,50,23,19,8,33,0,31,34,63,9,41,18,36,44,3,39,12,59,4,54,42
53,19,37,32,22,34,55,9,23,43,21,59,54,26,30,11,13,38,27,10,47,50,1,35,63,60,33,36,28,4,5,51,49,17,18,58,52,62,48,2,61,3,25,7,31,44,8,29,24,20,12,39,41,56,14,57,0,15,46,42,40,16,45,6
53,4,43,56,28,50,6,26,15,12,20,41,45,0,42,9,38,23,57,31,52,29,22,46,21,14,3,47,61,18,36,48,35,60,40,33,8,63,44,27,24,10,1,32,39,59,58,19,13,2,55,17,51,37,5,62,34,49,54,7,25,16,11,30
58,12,50,40,4,11,34,43,38,49,53,36,31,3,57,0,46,22,48,39,51,27,52,8,33,62,1,21,55,42,32,41,47,25,45,15,20,17,26,63,19,44,13,23,18,37,6,14,56,30,5,10,28,24,54,35,29,59,61,2,16,7,9,60
27,15,16,4,51,7,35,42,13,34,28,50,48,53,29,20,41,57,30,40,24,22,2,55,17,46,49,62,11,63,60,3,25,39,44,58,45,19,5,31,33,43,21,12,32,61,1,26,52,47,0,37,23,54,14,38,10,8,36,6,59,9,56,18
49,2,6,60,11,26,27,52,3,34,40,12,38,48,43,42,55,4,32,15,45,62,28,36,22,8,41,10,25,21,20,24,61,16,59,39,35,53,54,50,56,58,47,7,46,33,44,0,23,19,37,5,30,29,1,17,31,63,51,9,57,18,14,13
33,48,46,30,20,7,57,62,52,31,13,61,11,25,21,3,60,1,19,29,40,58,5,2,50,22,36,45,34,24,0,37,56,51,16,42,47,32,15,17,43,28,49,4,27,35,55,26,53,39,14,6,41,18,44,59,9,8,38,10,63,23,12,54
26,29,23,9,48,41,36,42,25,31,60,46,35,33,53,11,56,30,15,38,44,34,1,21,61,47,0,39,16,24,13,43,6,55,20,27,2,10,54,4,22,50,58,12,28,63,59,18,5,3,57,32,49,14,37,52,19,8,17,62,51,7,40,45
17,32,50,28,31,23,2,63,14,19,9,5,37,25,53,8,43,3,49,51,26,22,35,59,6,60,55,12,29,47,44,39,18,36,57,52,41,33,61,40,11,10,0,58,27,38,62,42,1,24,15,54,21,7,56,48,16,46,30,45,20,13,34,4
49,28,61,44,51,42,39,7,58,37,53,36,47,1,55,29,16,19,40,25,11,54,59,33,26,4,17,13,62,15,34,9,6,3,14,23,38,57,10,0,31,50,60,22,35,30,27,5,45,8,18,12,48,52,24,2,41,43,20,21,46,32,63,56
6,17,60,50,5,2,28,34,1,58,21,11,53,36,52,25,30,62,46,8,18,23,4,40,38,56,15,13,47,22,63,54,9,49,55,43,37,0,12,59,3,19,14,33,20,41,35,48,39,45,51,44,7,24,61,10,26,32,27,16,42,29,57,31
17,57,37,50,55,22,0,46,54,12,28,44,2,51,14,23,15,6,59,13,3,60,42,32,27,33,35,36,29,58,8,21,25,10,48,40,19,49,47,31,4,52,11,30,45,34,1,20,39,63,41,38,7,18,26,16,43,61,62,24,5,53,9,56
2,17,33,49,53,24,57,7,1,14,46,48,15,37,32,50,62,60,58,44,9,8,41,26,10,18,36,31,25,30,5,22,19,52,34,29,13,0,23,28,4,63,35,59,3,54,21,56,38,11,47,43,40,6,61,39,20,16,45,27,42,51,12,55
17,3,21,6,9,30,63,33,36,14,48,51,5,11,40,2,59,12,41,35,58,26,1,49,27,22,20,56,25,24,53,55,44,52,57,37,50,19,13,10,54,7,16,46,45,4,15,60,28,47,62,29,0,34,43,38,23,42,31,8,18,32,61,39
43,42,39,14,15,56,50,16,22,52,26,12,49,34,51,45,31,8,37,4,3,60,11,48,21,20,44,59,19,23,24,13,46,63,10,0,17,47,6,38,61,41,25,18,33,57,36,35,28,29,7,9,40,54,2,5,32,1,62,30,55,58,53,27
10,38,57,59,16,25,15,8,27,21,31,26,28,13,48,7,43,41,9,33,63,52,1,42,37,47,55,46,24,2,34,45,20,50,4,58,30,40,3,60,17,51,36,35,19,56,61,29,62,14,32,0,53,39,44,23,6,22,49,18,12,5,54,11
27,29,4,10,44,18,2,8,47,32,35,43,25,28,62,63,0,31,58,22,55,17,40,53,60,5,39,16,57,6,51,33,13,37,11,23,1,52,59,61,15,49,26,34,12,50,9,21,19,54,41,14,56,7,38,30,20,3,46,45,36,42,24,48
19,47,3,55,24,57,52,26,54,42,58,14,35,6,4,46,27,59,2,44,25,9,30,61,56,0,48,17,11,33,41,32,39,37,5,62,50,10,34,38,49,36,53,28,22,40,45,8,16,18,31,12,29,63,23,43,21,13,20,15,7,1,51,60
59,25,58,40,43,9,32,44,22,45,41,4,49,37,1,12,61,11,34,38,17,30,55,16,21,15,18,8,33,42,27,5,36,39,35,46,51,10,28,57,19,3,2,56,53,31,50,52,7,24,20,63,23,54,26,47,60,14,29,13,62,6,48,0
41,59,31,35,51,56,23,54,60,0,34,21,47,11,40,9,50,26,15,17,25,8,38,57,46,33,22,49,43,28,1,61,24,2,14,62,27,13,55,30,42,5,29,4,53,63,6,39,36,58,12,37,44,48,19,16,18,45,52,20,10,7,32,3
24,43,39,3,26,28,47,61,25,32,42,17,34,9,36,52,20,49,29,44,14,0,1,38,10,48,54,5,19,57,8,41,18,11,13,27,59,23,33,6,55,60,45,12,63,4,51,7,2,46,22,16,40,50,31,21,35,53,30,58,56,15,37,62
51,5,39,31,16,20,46,30,3,17,58,59,27,1,56,63,55,13,50,32,9,53,36,38,7,2,12,61,40,52,26,54,22,43,42,21,8,4,37,47,44,18,0,19,48,6,45,29,15,25,41,35,11,10,14,49,34,62,57,33,24,23,28,60
63,47,55,31,56,15,0,30,24,57,40,60,42,38,5,33,62,20,58,54,28,49,3,61,17,29,13,22,6,35,45,8,27,19,36,18,11,34,51,46,12,23,26,16,14,52,21,10,39,41,9,53,50,4,2,43,7,37,59,25,1,48,32,44
29,56,45,22,62,2,5,30,41,47,55,60,6,4,10,53,7,19,57,61,46,52,16,3,44,20,43,31,37,58,32,13,59,51,35,15,23,48,18,42,12,8,40,36,38,17,33,26,0,14,54,27,24,39,21,63,11,25,50,49,34,28,9,1
18,50,17,6,26,24,31,19,1,47,14,4,59,43,36,52,5,21,61,16,22,46,41,54,11,40,28,27,13,58,51,15,38,3,0,33,48,63,57,29,35,7,9,10,45,42,8,49,37,56,60,25,20,53,39,34,62,2,30,32,55,44,23,12
59,40,30,63,50,53,51,62,19,12,41,21,44,26,42,39,28,0,6,29,57,48,61,9,49,24,5,15,18,55,2,34,3,52,22,60,7,16,35,32,56,27,13,36,8,37,4,14,1,17,43,45,25,23,20,47,31,38,46,58,11,54,33,10
27,48,29,4,55,28,0,53,32,30,58,18,11,17,46,56,52,21,57,49,41,39,34,63,7,36,13,50,16,31,23,45,62,38,24,5,22,19,12,20,40,6,2,10,3,54,15,37,59,25,35,42,43,60,61,44,8,47,26,1,33,9,14,51
61,46,10,43,7,54,16,49,4,38,22,27,34,0,14,1,37,51,18,50,5,11,36,19,48,26,41,6,23,45,17,28,59,15,44,40,33,32,47,56,8,62,55,30,53,21,39,63,25,58,31,20,52,9,35,57,42,12,60,3,24,13,29,2
55,47,26,5,18,4,43,30,58,49,57,15,28,53,52,6,19,11,17,62,10,24,20,1,48,36,32,8,42,41,25,13,44,51,63,7,12,33,45,2,23,61,22,35,3,60,37,29,34,46,50,31,14,0,16,59,27,56,21,38,54,40,39,9
60,63,61,27,26,53,5,51,2,59,13,10,17,11,30,46,0,40,7,49,48,23,16,54,57,28,6,37,4,21,62,8,22,29,42,50,18,39,35,19,3,33,34,24,38,56,15,1,14,55,58,43,25,47,52,45,20,9,36,41,31,12,44,32
13,14,62,4,1,42,23,26,2,28,32,6,21,48,37,54,8,61,41,36,20,51,7,45,11,58,40,5,16,15,47,9,31,34,29,57,24,59,38,35,30,44,43,0,10,53,18,46,52,55,39,60,25,17,27,33,22,63,3,19,50,56,49,12
22,30,0,26,18,51,20,35,49,6,14,21,4,28,40,60,13,46,53,43,34,33,12,15,24,23,1,58,17,27,2,44,32,56,37,47,54,48,7,61,42,52,3,41,55,62,39,50,19,36,29,45,57,8,11,59,16,10,5,31,63,38,25,9
41,33,58,42,55,31,56,8,26,21,60,32,39,19,7,5,12,13,54,24,10,38,9,47,22,15,30,44,57,53,29,37,34,46,59,2,36,6,45,1,4,51,28,27,14,40,43,11,63,16,62,23,49,52,0,35,18,61,17,48,25,3,50,20
28,47,7,63,56,50,25,35,57,36,37,18,41,55,26,2,45,8,4,53,1,5,22,54,17,30,33,52,40,44,12,32,11,39,16,43,24,46,34,31,9,13,61,27,6,20,29,14,51,10,21,48,3,38,15,49,62,19,59,42,23,60,58,0
27,12,8,15,16,47,37,30,62,56,60,41,61,10,48,50,46,13,18,14,28,33,5,44,21,35,53,7,49,2,32,38,29,55,58,25,54,23,59,51,57,52,42,36,20,26,4,19,31,24,6,17,40,34,39,63,43,22,1,9,11,45,3,0
55,6,33,4,63,28,58,35,34,54,62,52,25,1,45,31,50,47,22,3,30,20,11,13,51,2,26,38,27,5,41,56,14,17,9,8,57,24,0,10,21,49,36,59,18,19,37,44,43,39,53,16,48,61,15,46,40,23,12,60,7,42,29,32
33,15,21,26,55,39,56,19,2,35,42,28,0,5,34,32,10,11,58,9,45,59,41,3,38,17,52,29,47,4,49,20,36,54,1,53,30,61,31,22,12,43,27,40,6,46,14,60,25,62,44,8,13,50,7,16,37,63,23,48,57,18,24,51
52,25,5,24,53,48,58,32,38,35,47,29,57,41,8,45,55,63,3,27,6,30,23,50,12,60,2,62,22,42,37,21,0,36,7,26,1,39,56,61,14,54,49,19,28,44,59,4,15,40,33,46,10,16,20,11,31,13,34,17,9,51,43,18
16,0,37,8,19,5,30,31,20,2,25,54,44,10,12,62,40,53,49,1,41,32,11,55,42,61,35,47,18,63,59,58,15,48,52,57,43,14,3,9,21,27,60,22,51,34,6,28,56,26,29,23,4,45,33,7,39,24,17,46,36,13,38,50
51,13,0,38,49,40,41,11,29,52,7,27,44,37,4,6,25,36,1,48,16,50,18,39,45,33,8,10,43,62,5,56,55,14,17,32,47,30,2,28,24,31,61,53,34,12,22,57,42,15,59,3,21,60,58,26,54,23,19,63,20,9,46,35
43,49,18,44,54,51,4,59,26,38,13,30,63,21,10,40,29,45,48,42,7,60,8,25,33,24,47,2,9,39,57,11,6,53,15,37,19,12,0,46,5,1,56,58,41,55,3,52,50,34,35,62,28,61,17,23,16,36,27,31,20,22,14,32
20,31,43,45,13,15,11,32,4,47,38,0,52,36,8,29,61,30,55,6,49,42,56,37,18,62,53,24,21,54,16,26,28,39,2,60,34,41,50,63,10,57,44,40,17,12,48,5,14,3,35,7,51,9,46,27,22,19,59,23,33,1,58,25
11,44,30,8,59,40,13,2,63,53,31,62,16,38,7,32,5,1,55,43,12,20,41,24,61,15,47,23,6,54,50,48,51,26,39,19,36,46,17,4,56,22,45,52,18,14,58,9,42,27,33,37,57,0,10,49,25,29,60,34,28,21,35,3
5,13,14,18,29,54,45,51,36,55,19,42,50,22,1,17,31,27,21,8,38,34,58,15,0,57,33,46,2,44,30,48,6,41,4,62,56,43,16,28,7,26,3,40,60,9,23,39,25,35,32,11,37,20,63,52,49,12,47,61,10,53,24,59
1,19,45,63,38,12,5,2,46,41,34,8,16,17,55,44,13,4,20,56,48,26,27,21,39,33,31,24,14,62,43,50,7,25,28,59,61,3,15,22,52,35,23,18,36,54,60,29,6,40,10,30,53,0,9,57,58,32,51,49,47,42,37,11
24,21,59,1,15,7,62,49,41,27,10,18,56,47,12,44,61,28,50,22,3,35,2,4,39,54,31,23,19,20,57,9,58,26,32,34,33,5,48,38,42,14,25,37,6,51,11,43,16,36,45,13,30,60,8,17,0,40,29,46,63,55,53,52
34,22,45,12,30,1,9,7,55,2,11,29,39,25,20,41,40,36,33,14,18,16,13,59,0,60,50,15,48,53,17,54,24,37,35,58,19,26,62,6,28,8,32,31,56,49,42,4,57,52,3,23,5,61,10,51,27,44,38,43,63,47,21,46
2,7,61,11,51,32,58,0,37,59,5,22,13,25,12,21,63,30,36,60,15,6,44,62,50,8,43,19,40,52,57,16,14,39,42,34,4,54,45,49,47,55,31,35,1,53,28,48,46,24,10,27,9,38,56,33,23,41,29,18,3,17,26,20
60,21,40,54,15,38,10,24,51,1,37,17,9,43,50,16,18,8,11,58,63,19,34,28,32,6,23,14,7,12,55,47,44,13,5,59,36,0,3,31,45,48,56,22,4,49,46,30,26,29,53,20,57,35,27,41,2,61,25,33,42,39,52,62
13,26,16,30,52,24,57,54,27,18,50,35,5,43,37,46,10,28,47,53,41,49,59,23,7,25,34,12,56,60,63,55,1,51,40,33,61,3,9,17,0,45,36,4,8,48,15,58,62,38,2,39,44,19,21,29,42,22,32,14,31,6,11,20
31,46,28,47,53,19,8,33,11,54,55,5,45,7,34,25,40,10,51,4,48,16,23,60,44,14,22,29,1,57,36,38,17,62,6,3,49,18,20,37,39,42,27,58,61,41,32,50,2,63,12,43,9,24,0,59,15,21,35,52,56,26,30,13
61,52,22,51,15,16,19,7,31,41,11,6,4,25,3,24,21,32,2,50,59,0,55,12,5,33,53,29,43,34,38,36,8,42,17,30,14,18,60,40,13,20,1,49,46,47,56,62,45,27,37,35,54,57,58,28,23,44,9,26,39,10,48,63
34,30,16,22,23,25,49,47,29,42,7,20,27,55,28,45,35,61,62,32,8,56,19,38,0,52,36,26,24,10,3,17,13,41,4,53,14,1,44,5,51,37,11,43,59,40,9,58,60,63,15,57,6,21,54,12,39,2,33,18,31,46,48,50
38,53,20,3,44,61,41,45,5,51,2,26,24,19,0,40,6,10,14,27,18,32,43,35,28,52,54,37,56,25,9,23,7,33,11,16,30,59,31,60,22,46,34,29,50,4,17,55,47,36,42,13,63,39,58,48,57,62,15,8,12,49,1,21
20,13,21,28,45,55,23,56,11,31,22,59,33,38,29,9,7,24,27,47,34,19,58,5,53,25,60,3,54,46,32,26,15,37,43,0,14,10,16,17,49,8,42,35,50,40,6,1,39,52,12,2,57,4,62,51,41,44,36,63,48,18,61,30
3,49,62,12,50,39,47,35,56,17,20,7,45,55,2,61,6,9,11,1,46,42,31,27,28,13,36,59,15,24,26,37,44,4,14,16,48,18,53,30,54,34,40,21,29,51,22,58,63,10,19,41,38,23,52,5,8,57,0,25,60,32,43,33
55,7,4,35,47,29,50,14,1,61,39,5,58,56,46,54,9,52,53,3,10,2,12,33,48,34,45,18,40,23,27,42,32,16,41,51,26,30,31,28,20,36,25,11,59,57,49,60,21,0,19,38,43,8,24,6,13,62,63,17,15,37,44,22
42,37,31,27,33,16,36,7,6,30,24,53,48,14,20,46,12,60,1,59,28,18,17,40,41,29,8,49,26,57,11,61,54,63,62,21,50,38,4,10,13,23,32,35,2,43,9,51,15,52,58,56,45,55,3,34,22,47,44,25,0,39,5,19
52,43,12,16,28,53,11,29,63,54,6,25,61,23,26,22,41,0,19,21,35,59,20,48,8,47,42,38,5,1,57,27,9,37,7,58,56,45,49,15,4,18,34,13,40,60,51,36,46,2,10,17,55,14,44,24,62,39,33,32,30,31,3,50
55,1,57,46,32,5,30,37,20,36,9,62,13,23,14,8,63,41,17,21,31,22,18,49,15,6,35,29,44,38,7,24,40,3,27,54,34,48,0,56,45,61,60,12,43,19,4,52,10,59,51,58,26,47,11,42,25,53,39,16,50,33,2,28
44,29,62,32,22,19,53,61,17,49,27,1,0,16,54,21,31,39,50,45,2,48,40,47,18,20,56,14,5,6,46,24,38,11,63,57,25,4,9,43,7,33,13,41,60,58,55,36,52,8,59,3,12,34,28,26,15,30,51,23,42,10,37,35
0,57,43,9,32,63,55,27,50,33,59,24,14,18,5,35,46,54,2,61,52,17,60,44,3,10,12,30,40,34,20,23,48,53,6,8,38,25,45,16,31,13,36,42,49,58,21,22,19,28,41,26,15,39,47,7,11,51,4,29,62,37,1,56
3,34,49,61,37,43,19,9,18,10,36,31,16,63,42,17,0,6,46,54,62,5,58,25,60,56,40,23,22,51,7,14,26,1,52,12,44,45,24,8,27,48,21,39,53,41,55,32,11,4,35,57,28,38,29,59,20,33,2,30,15,13,47,50
16,60,31,49,30,54,14,22,48,59,37,52,50,45,6,18,20,62,39,8,23,58,57,27,19,53,42,1,35,5,25,12,7,24,0,10,56,34,26,17,11,43,63,13,41,32,38,47,29,40,2,61,44,33,9,46,3,21,55,28,36,51,4,15
12,7,37,0,10,18,5,6,14,17,31,28,16,44,33,29,36,60,9,34,1,47,62,27,15,42,50,38,59,40,45,58,48,23,3,32,52,46,63,35,49,21,8,39,51,57,30,24,55,11,25,41,56,26,2,4,43,53,20,54,19,22,61,13
27,13,8,11,21,29,42,39,26,4,43,36,47,44,28,52,49,31,54,51,35,18,62,56,17,33,2,12,50,41,10,24,0,40,45,46,6,22,60,59,37,34,30,38,15,9,48,20,7,32,63,23,19,5,3,14,57,53,1,25,16,55,58,61
12,11,53,10,60,40,16,17,55,56,15,9,27,24,19,1,18,54,57,2,14,59,28,3,34,62,0,43,29,52,58,36,39,37,8,20,38,30,46,50,47,51,63,4,33,13,48,42,7,22,31,45,41,32,61,23,49,35,25,21,44,6,26,5
28,10,11,62,20,37,14,21,50,55,24,35,7,31,57,54,48,19,49,59,25,36,8,42,3,38,27,34,0,13,26,58,51,45,16,29,33,53,12,9,22,1,32,30,5,56,6,18,61,17,44,52,63,15,4,39,2,47,46,41,60,40,43,23
4,59,32,13,30,58,52,28,27,42,0,34,49,35,6,41,5,20,56,26,14,10,21,39,51,11,31,2,62,33,19,17,48,53,37,3,40,29,24,9,36,57,25,12,60,55,47,23,45,43,8,7,1,44,46,15,16,22,63,61,50,54,38,18
22,17,18,52,31,10,35,36,29,53,30,59,34,32,57,40,56,45,25,11,61,62,13,6,43,26,51,42,55,7,48,15,38,46,28,20,4,37,33,0,54,63,41,47,1,23,9,3,12,50,16,39,44,2,5,8,14,21,60,27,58,19,24,49
34,45,13,22,33,50,0,59,12,32,1,27,10,36,28,25,37,40,51,46,61,38,11,15,8,54,39,20,63,62,4,3,56,43,52,19,9,21,2,23,7,14,47,49,24,42,18,26,5,60,48,30,57,35,44,55,16,29,58,17,31,53,41,6
54,6,29,30,50,32,9,0,47,41,27,35,13,24,58,10,44,57,12,34,63,8,38,16,11,42,36,49,17,37,19,23,5,14,43,1,31,21,7,4,15,33,25,56,62,26,51,52,45,46,61,18,59,28,22,40,48,60,2,20,39,3,53,55
8,38,48,27,56,4,19,13,11,5,0,58,39,1,17,6,54,41,21,2,22,51,44,45,61,30,53,28,15,29,34,20,7,46,18,31,35,24,9,57,59,49,40,62,50,25,43,3,32,52,14,16,37,26,55,47,23,63,10,42,36,60,33,12
3,55,16,9,51,35,26,27,34,19,0,21,23,33,24,4,20,53,44,47,8,58,25,52,30,5,37,59,22,10,57,49,32,50,46,13,54,45,29,56,2,62,60,43,61,18,38,39,7,1,14,36,41,42,6,11,48,28,40,17,31,12,15,63
16,7,60,53,23,21,46,34,48,1,15,22,26,8,54,45,11,30,31,28,57,37,49,38,17,47,18,62,39,4,32,63,5,12,19,61,43,52,56,50,42,58,36,9,3,2,35,59,55,13,20,33,44,40,14,25,51,27,0,24,41,29,6,10
49,15,25,56,37,31,29,6,44,36,57,35,0,7,53,11,30,45,9,8,46,23,12,34,54,39,52,24,4,5,26,19,10,17,42,58,51,14,47,16,63,21,33,61,50,22,3,1,43,55,32,62,27,41,2,59,40,38,28,60,20,13,18,48
59,52,19,4,36,18,24,20,9,17,29,39,23,54,21,44,1,49,33,42,50,8,3,47,45,61,25,34,32,56,12,6,41,26,16,0,57,5,22,40,13,14,48,53,30,55,27,31,63,51,46,28,38,15,43,11,7,35,37,2,10,58,62,60
29,36,38,28,6,14,18,62,60,35,15,1,2,23,7,22,33,25,0,27,13,5,4,12,34,44,8,41,30,39,47,51,16,9,63,21,40,61,55,54,49,46,56,10,57,20,32,37,53,59,48,17,52,26,11,50,43,31,45,42,58,19,3,24
51,32,11,10,44,36,56,33,8,13,2,27,21,34,59,47,49,25,23,48,29,43,42,55,28,0,57,9,30,18,4,53,61,5,35,62,20,19,54,26,50,60,6,58,63,22,7,52,41,39,16,3,37,31,46,38,1,17,15,14,24,40,45,12
59,10,45,29,60,38,2,7,48,5,39,33,56,52,3,13,4,12,17,25,44,21,46,49,41,62,36,55,23,32,51,11,8,30,40,34,18,15,58,53,54,57,61,31,42,63,26,1,14,22,20,9,35,6,43,27,47,28,19,0,24,50,16,37
42,48,46,17,53,23,32,43,37,60,44,47,57,36,5,61,34,29,33,41,45,35,9,8,13,50,10,51,12,4,7,40,56,16,6,62,58,28,20,49,26,3,38,55,21,59,2,22,25,27,1,30,39,31,19,15,54,24,63,18,52,14,11,0
1,46,44,59,62,23,29,54,48,58,15,37,2,51,7,22,50,33,32,26,14,60,12,28,38,30,17,13,43,53,56,3,8,21,61,34,55,39,40,11,63,6,47,42,57,36,41,27,31,0,10,52,45,9,19,20,18,4,24,5,25,49,16,35
5,23,14,19,34,42,52,16,60,29,20,45,12,6,10,50,54,0,18,13,7,32,39,17,61,56,43,2,24,51,25,26,62,48,37,22,44,11,21,28,36,15,40,35,8,58,57,9,4,41,3,27,53,59,38,30,31,49,63,55,47,1,33,46
30,54,8,49,6,24,46,43,27,51,29,38,3,21,26,48,58,19,5,25,23,42,31,17,39,60,44,14,20,59,28,56,61,52,0,12,9,1,18,57,32,62,10,11,33,50,7,36,41,13,63,40,16,15,55,4,47,53,22,2,35,37,34,45
23,44,45,30,20,27,14,60,17,46,19,12,37,0,36,47,43,3,7,18,21,29,16,58,48,9,35,49,61,51,42,22,2,55,8,62,31,6,38,24,39,32,41,53,34,56,40,26,33,54,4,50,63,5,11,13,28,1,52,10,59,57,25,15
62,31,43,63,53,13,40,0,52,59,30,32,17,1,45,23,5,46,22,2,47,25,41,60,18,19,6,14,15,21,48,39,50,49,61,20,8,36,10,55,7,44,27,16,4,12,33,54,3,11,38,57,29,51,42,9,35,24,58,26,56,28,34,37
17,47,27,4,46,9,13,55,41,18,6,43,48,37,42,5,16,22,35,54,50,12,53,36,40,39,19,33,61,59,34,11,1,26,20,24,29,51,56,45,30,31,38,62,15,0,10,3,8,44,7,32,63,52,49,2,21,23,60,58,57,25,14,28
34,61,43,24,62,40,46,32,39,54,31,44,41,52,51,22,58,3,55,60,19,50,4,27,12,53,14,26,21,18,16,9,57,28,2,1,37,36,6,59,30,17,38,11,8,33,47,45,0,7,42,48,15,56,63,13,10,25,29,23,35,5,49,20
36,9,41,20,31,4,18,57,3,5,42,46,49,6,17,27,53,1,33,26,34,10,55,8,0,24,62,28,45,61,23,48,63,16,11,43,40,7,58,54,35,21,52,13,14,2,50,51,19,29,25,22,60,59,39,15,47,12,56,32,37,30,38,44
43,51,2,13,16,11,15,25,38,28,39,44,19,31,30,21,4,48,34,62,41,10,56,8,50,49,61,53,14,60,6,12,46,22,52,54,17,42,7,45,32,36,63,35,57,55,37,18,58,24,33,47,5,9,59,40,1,27,3,29,0,26,20,23
36,16,32,14,35,22,44,25,27,29,13,45,62,28,57,10,7,52,33,30,37,40,17,59,58,42,63,12,47,50,31,15,46,24,38,39,0,19,1,2,21,48,18,5,49,53,55,6,3,51,26,34,43,20,60,23,61,54,56,11,8,4,41,9
20,42,14,29,58,15,0,45,32,30,34,33,16,56,50,1,12,40,52,44,3,6,59,17,37,9,38,39,19,13,7,41,60,61,25,26,53,55,24,49,36,46,22,54,8,18,57,63,23,51,47,2,35,10,5,11,27,28,31,21,48,62,4,43
28,23,15,36,37,20,14,3,53,45,55,10,32,8,48,50,11,41,26,61,49,57,60,16,17,59,35,47,25,52,33,42,46,2,40,34,21,1,31,5,27,13,9,30,12,56,7,63,24,0,43,18,44,39,38,58,19,29,51,62,54,6,4,22
15,0,56,3,20,52,16,18,4,21,25,54,59,47,5,7,40,51,36,23,14,13,32,24,62,12,58,10,17,31,8,61,6,2,28,46,60,48,11,45,38,22,27,49,30,19,43,34,55,41,1,57,63,9,37,39,53,44,50,26,33,35,42,29
27,0,49,18,41,37,9,35,25,40,29,7,63,4,15,47,48,50,61,23,52,39,42,31,24,14,43,54,26,36,44,33,22,38,13,3,28,16,45,56,59,5,2,62,51,21,10,20,6,55,30,17,60,34,11,12,58,32,8,19,1,46,53,57
37,0,10,41,23,55,12,63,43,11,26,39,38,19,22,6,35,36,31,15,53,16,4,58,60,17,3,18,32,46,52,49,62,40,25,50,13,20,29,42,27,51,56,24,2,44,21,61,9,28,57,48,47,30,5,59,34,1,7,45,54,8,33,14
7,41,20,48,6,28,9,29,2,15,53,13,36,46,59,49,18,58,60,40,33,23,56,22,32,52,63,30,37,14,12,57,35,50,55,4,39,25,8,27,3,19,44,62,51,10,26,42,31,17,45,11,24,34,38,0,5,21,1,47,61,16,54,43
41,2,14,22,55,26,20,59,44,53,47,9,18,32,33,17,49,12,16,28,31,34,29,60,57,45,15,43,54,5,27,13,37,10,61,51,38,3,58,19,62,23,42,50,35,39,25,63,36,56,7,48,11,21,46,6,30,0,8,4,52,24,1,40
18,62,39,28,46,38,63,58,44,10,13,49,7,54,22,33,48,29,6,57,9,34,15,19,36,0,47,20,61,60,27,11,41,14,30,52,26,32,5,59,23,8,21,45,12,16,43,17,4,25,51,53,37,42,3,24,55,50,40,56,2,35,1,31
35,40,11,9,31,19,54,39,17,30,3,48,38,34,42,52,47,10,44,58,32,57,21,53,12,56,8,15,60,23,36,43,25,14,18,45,51,33,7,4,50,6,2,63,28,61,59,55,62,24,29,22,1,13,37,16,20,49,46,41,26,27,5,0
60,16,10,62,26,58,20,54,18,55,12,57,11,51,36,48,2,28,43,14,0,31,52,7,44,49,40,42,35,27,15,32,21,25,53,37,17,13,3,33,47,6,38,30,61,46,23,45,41,50,39,59,63,24,22,1,19,29,8,56,9,34,5,4
35,8,63,62,50,45,36,41,2,13,55,12,29,58,11,54,46,60,42,39,1,7,25,38,34,9,19,32,40,21,59,16,52,23,61,33,5,56,22,51,27,49,57,37,18,28,47,26,30,24,20,17,3,53,6,14,15,48,10,31,43,44,0,4
27,0,10,20,61,22,60,44,47,24,59,49,6,33,46,55,19,58,8,2,37,3,13,35,23,40,57,5,45,28,16,18,17,29,41,4,26,56,34,25,54,63,48,1,9,52,30,32,51,53,42,21,7,39,43,50,38,14,62,31,12,11,36,15
10,18,34,24,25,45,19,23,38,60,30,35,43,53,42,9,31,56,46,48,16,63,59,62,22,7,1,61,17,51,55,15,2,44,0,26,5,27,47,6,49,4,39,54,14,28,29,3,52,40,8,58,57,50,21,13,20,37,32,36,41,12,11,33
33,57,1,7,11,8,18,52,54,36,3,13,62,28,32,23,25,38,17,59,4,46,5,49,24,48,47,0,19,37,22,2,12,21,63,39,61,20,30,51,29,26,27,10,43,14,45,31,42,58,60,16,34,15,6,40,50,55,41,56,35,53,9,44
1,45,28,25,30,26,53,51,13,60,18,8,52,17,14,6,42,31,3,57,43,33,16,5,54,19,12,24,55,48,46,10,36,56,0,37,22,23,61,7,49,34,27,38,41,2,21,20,47,35,63,39,44,4,40,62,9,32,11,59,50,58,29,15
5,10,22,11,61,60,1,42,44,31,45,12,16,32,53,50,9,23,4,59,51,8,27,36,58,41,28,48,35,62,47,26,25,52,20,56,19,43,33,46,54,17,15,2,55,38,13,57,14,6,30,37,7,0,24,3,29,21,34,63,40,49,18,39
15,32,54,60,26,10,38,33,6,21,55,3,24,52,9,35,19,53,17,18,41,51,29,57,62,12,58,5,4,23,30,34,50,63,48,40,2,8,61,20,43,37,27,47,36,59,46,11,42,45,28,22,49,13,0,44,39,14,31,25,7,56,16,1
54,57,23,19,6,51,45,7,46,61,50,31,35,12,40,38,47,44,3,56,48,42,8,33,53,14,5,16,32,62,39,21,29,15,59,2,43,1,4,18,36,41,0,20,11,9,28,27,26,22,37,34,25,55,17,49,10,24,13,58,30,60,52,63
15,13,49,41,63,20,12,51,33,23,34,28,47,53,54,32,31,52,55,61,14,10,11,1,36,60,45,29,5,19,25,38,0,18,27,22,24,26,4,39,42,17,6,9,2,56,37,7,58,3,44,46,50,59,8,62,43,40,30,48,35,16,57,21
60,23,25,8,56,4,63,21,59,19,52,0,31,7,37,27,49,39,18,38,29,61,10,62,57,44,22,53,26,1,9,3,11,50,42,35,32,24,43,55,20,14,41,13,5,46,17,40,36,58,15,28,45,48,6,12,47,54,51,33,34,2,16,30
59,11,30,45,20,4,33,56,51,6,41,53,38,40,21,49,7,17,19,23,1,10,15,61,3,9,50,27,2,52,55,54,32,13,35,37,46,44,39,29,48,31,24,43,63,34,26,36,57,58,8,14,0,18,25,42,62,28,60,12,22,47,16,5
59,53,21,57,60,63,14,9,17,46,2,7,45,47,3,39,48,51,4,58,0,36,32,24,25,13,42,41,28,1,40,18,6,35,26,15,22,29,12,23,38,55,49,31,56,5,44,33,52,54,34,61,43,62,11,27,19,16,20,37,30,10,50,8
0,19,54,8,16,49,30,5,17,29,25,51,35,37,23,26,4,45,13,39,38,46,3,20,18,61,55,32,50,24,9,15,43,12,41,2,62,47,36,60,42,63,6,21,31,27,52,34,40,28,48,11,57,10,33,58,56,44,53,59,7,1,14,22
24,47,35,30,21,26,63,54,10,0,16,14,61,15,37,20,41,62,51,59,40,28,38,39,18,58,34,12,11,5,1,9,45,33,55,60,36,50,46,22,2,53,8,31,57,13,27,3,29,4,32,19,23,43,56,6,44,17,48,49,52,7,25,42
29,25,54,63,57,51,3,30,45,50,19,7,58,11,56,55,2,8,42,48,20,32,52,59,36,44,10,22,9,21,35,49,41,16,12,6,14,60,28,13,23,40,0,43,33,5,4,27,62,34,15,37,53,38,1,17,61,39,47,24,46,31,26,18
51,25,56,32,59,62,45,7,2,60,10,22,44,37,0,18,29,38,1,16,48,49,30,31,35,20,52,6,58,50,14,33,47,57,9,19,36,11,53,5,8,28,12,54,24,23,27,41,40,3,43,55,15,26,42,39,63,34,21,4,13,46,17,61
17,52,28,57,42,35,29,49,60,34,5,31,51,10,58,13,39,50,19,4,55,41,54,40,56,32,46,6,23,48,18,21,53,12,9,16,15,61,0,33,62,11,44,24,38,14,36,30,45,43,47,63,2,25,37,22,26,20,1,3,8,7,59,27
41,24,8,44,47,39,55,26,4,15,35,22,62,40,9,12,23,36,14,18,63,61,32,6,20,58,50,48,10,0,19,45,5,30,27,16,51,11,34,42,1,54,52,59,37,31,25,33,38,17,49,29,13,57,43,60,46,21,2,3,53,56,28,7
42,21,55,0,14,32,58,46,22,9,4,41,15,1,56,48,37,50,7,11,40,3,49,34,24,29,19,59,2,16,33,53,47,23,61,51,63,27,30,35,62,57,10,25,54,28,12,8,31,52,38,5,60,17,18,36,43,13,39,20,45,26,6,44
10,55,14,5,1,45,33,20,9,8,62,40,35,61,59,48,56,47,0,51,39,58,50,60,42,34,37,17,22,30,12,23,31,52,19,13,43,21,41,57,15,49,28,44,63,7,29,4,26,46,18,54,32,36,2,6,25,24,38,27,53,3,11,16
29,9,62,2,39,45,8,12,40,32,26,4,38,30,18,14,47,19,36,5,57,59,21,17,13,60,22,28,34,31,58,27,15,37,7,42,51,50,11,33,49,61,44,46,10,25,48,54,41,43,55,56,6,23,53,20,3,63,24,0,16,35,1,52
25,4,34,42,9,22,59,18,37,44,46,38,1,17,7,33,21,19,2,10,47,26,35,20,43,62,40,12,52,27,60,55,61,8,24,16,13,29,63,57,41,3,14,15,54,23,36,45,28,39,58,31,11,0,53,50,56,32,6,49,30,5,48,51
47,25,30,11,14,58,26,19,5,29,38,48,23,21,61,4,6,34,28,7,17,45,53,13,49,8,15,37,52,36,46,57,39,63,2,60,62,44,41,33,16,31,35,12,22,51,3,24,42,50,55,20,0,9,18,32,27,54,40,10,43,56,1,59
35,9,60,15,37,62,20,25,19,21,22,27,16,48,61,59,54,11,3,10,12,49,57,45,17,42,13,31,58,34,6,40,51,36,23,43,0,24,33,52,63,18,2,50,55,4,7,14,38,8,44,56,1,47,41,39,30,46,32,28,5,53,29,26
30,15,49,1,28,13,9,35,2,36,60,7,27,45,16,37,61,44,8,47,57,11,43,58,17,32,62,6,3,29,23,31,10,5,4,40,52,0,39,34,53,56,59,25,46,26,55,48,12,22,51,50,14,20,41,18,24,21,33,19,42,63,38,54
23,42,13,22,16,19,58,48,40,46,60,1,29,33,36,27,55,45,17,44,32,15,47,39,12,21,51,35,14,26,20,25,38,53,10,59,56,43,8,63,5,6,31,2,11,7,61,54,0,9,30,50,37,28,62,4,18,3,41,24,34,57,52,49
6,38,57,27,31,25,41,50,20,43,54,61,22,28,2,17,0,24,34,36,51,10,7,40,42,26,39,3,11,19,59,53,44,15,18,16,30,55,60,12,63,32,52,1,58,13,29,35,9,62,21,8,48,45,49,5,4,46,23,47,56,37,33,14
35,24,28,1,21,3,43,53,42,8,2,26,45,12,48,13,31,61,60,22,7,58,38,41,39,0,44,37,52,25,57,20,19,46,63,59,34,10,27,55,30,32,6,9,47,14,18,15,36,51,16,23,4,29,17,5,56,40,54,33,62,49,50,11
50,37,46,13,39,8,56,12,10,14,32,15,6,44,45,51,7,28,36,34,17,40,42,52,31,53,20,16,21,27,33,55,1,2,47,35,41,49,25,24,19,48,9,57,60,30,43,62,11,22,18,63,3,58,38,54,59,23,29,4,0,61,5,26
18,44,30,16,54,24,34,63,2,20,3,37,25,26,50,59,8,45,53,0,56,7,19,28,33,13,29,15,12,10,35,52,61,17,41,57,40,36,6,48,38,23,55,31,49,46,4,43,14,42,5,58,27,9,32,47,39,1,60,22,51,11,21,62
32,16,38,8,49,57,3,61,11,27,35,0,62,37,18,7,55,17,42,53,1,23,43,14,44,22,5,19,25,47,58,52,33,6,21,36,54,28,9,10,31,24,59,29,45,4,40,50,15,51,26,2,60,46,20,56,63,34,30,48,13,39,12,41
21,53,33,51,6,34,4,15,17,9,55,8,54,49,48,1,59,42,7,44,39,5,26,13,43,10,52,63,47,57,56,38,22,12,18,30,25,36,45,32,61,28,3,35,50,46,2,41,58,23,31,16,14,0,11,62,20,60,37,24,19,29,27,40
17,58,49,16,52,63,24,62,55,18,39,50,32,56,30,57,28,34,53,23,45,60,38,48,44,35,10,47,37,9,40,41,20,33,42,4,29,26,59,46,13,1,54,5,51,2,7,61,15,6,36,11,43,19,3,25,0,14,21,22,8,31,12,27
25,2,10,11,1,21,35,59,28,55,8,47,0,52,9,6,15,62,39,45,22,4,46,14,30,48,63,51,23,12,43,7,26,5,3,17,58,41,32,40,53,37,44,42,57,38,19,16,36,24,56,34,13,54,29,20,31,33,61,18,50,60,49,27
53,22,16,59,23,34,8,37,43,48,6,14,31,4,10,17,58,60,33,3,39,50,32,56,29,62,25,11,15,0,54,28,61,41,38,21,26,57,45,63,44,13,36,20,7,51,42,2,27,52,55,35,47,12,30,1,46,18,24,5,9,49,19,40
63,41,22,27,43,48,34,47,15,31,55,3,12,42,57,28,46,62,33,50,7,40,37,36,19,59,60,13,38,4,29,54,52,1,2,11,21,56,32,24,45,44,23,10,26,5,14,51,35,0,20,16,30,6,18,61,49,25,17,58,39,9,8,53
39,4,6,59,43,17,58,2,24,3,32,35,9,62,47,1,31,63,41,11,51,37,28,23,45,0,15,29,14,20,21,5,25,7,52,18,30,16,42,48,26,19,55,34,12,49,60,33,13,40,54,8,53,38,56,44,61,50,27,10,57,22,36,46
6,4,44,26,25,22,20,1,28,52,24,57,23,11,51,41,55,37,62,14,43,60,19,47,34,15,32,7,56,0,59,13,27,5,49,3,12,8,40,61,33,45,38,58,53,16,17,29,63,2,9,18,48,30,54,21,10,39,36,50,42,35,46,31
54,59,41,38,51,25,15,21,11,20,22,60,27,3,1,53,44,40,49,6,28,37,13,61,14,17,2,23,16,34,62,12,52,57,55,9,48,35,47,42,31,63,58,4,5,26,30,19,56,33,7,43,24,36,18,29,8,45,0,39,50,32,10,46
35,33,42,4,15,6,19,39,31,59,36,14,51,3,34,44,25,5,26,45,18,12,11,37,22,57,28,49,46,20,23,62,58,32,30,52,9,60,54,16,1,55,7,0,47,29,17,53,13,38,43,63,24,41,61,56,21,10,40,50,48,2,8,27
39,35,9,43,5,41,63,13,23,46,38,49,0,12,45,42,6,48,37,29,10,15,18,47,62,14,28,7,25,4,36,58,17,51,31,24,3,34,55,33,59,44,20,56,19,22,57,8,16,60,26,32,27,1,11,2,54,21,61,50,40,30,52,53
9,47,18,8,63,43,46,25,38,15,33,24,10,31,51,2,40,19,54,23,16,48,13,12,3,58,44,39,50,17,30,34,61,29,20,11,6,41,0,32,35,52,53,5,26,7,4,14,57,59,49,42,28,36,21,55,37,56,60,45,1,62,22,27
8,23,57,33,3,48,19,5,50,1,34,15,63,40,22,27,21,10,2,36,42,39,52,51,55,7,58,32,31,0,11,14,13,59,41,62,17,49,30,54,16,28,56,29,18,43,12,9,60,24,44,26,45,6,37,4,46,20,35,38,47,25,53,61
15,1,7,31,51,5,53,59,50,3,49,29,38,18,0,20,44,41,54,8,46,13,22,56,60,52,14,27,42,58,35,9,63,17,4,21,36,11,57,32,28,37,30,19,34,26,10,25,16,62,61,24,55,47,33,39,43,6,2,45,40,12,48,23
13,22,36,44,58,7,8,51,20,4,26,34,39,40,14,28,10,30,53,59,11,46,55,49,24,35,32,0,5,23,21,48,38,17,37,60,3,52,41,47,1,9,19,15,63,6,50,25,33,29,61,27,56,18,12,62,16,57,31,2,54,45,43,42
26,13,45,7,31,47,21,27,32,19,55,58,23,9,11,37,39,56,36,41,30,16,28,57,0,17,63,59,4,22,8,18,3,42,35,46,25,6,40,51,34,12,2,38,52,43,14,49,29,62,61,50,1,60,20,44,53,15,48,5,24,54,33,10
54,40,1,12,28,43,34,39,49,29,36,9,18,24,25,33,59,2,41,20,4,17,31,19,32,62,58,7,5,48,0,3,21,47,63,42,45,52,38,60,37,22,26,61,53,23,14,11,44,8,35,30,6,51,13,15,55,46,56,10,16,27,50,57
26,9,55,30,46,51,10,39,28,19,57,2,16,43,44,5,29,47,8,20,33,12,21,48,31,54,40,49,58,18,1,15,27,34,63,59,56,13,38,6,35,41,23,50,37,36,60,62,0,25,11,45,4,22,7,24,52,3,32,42,53,61,14,17
56,0,18,5,62,54,4,15,12,36,11,42,10,60,24,26,55,61,49,48,41,21,7,47,38,44,6,29,34,23,3,40,59,8,32,1,35,39,45,31,57,25,17,43,52,2,50,20,33,14,53,46,27,22,19,51,28,30,13,16,63,58,37,9
63,23,14,2,34,5,48,59,43,35,32,51,13,12,54,55,6,17,8,36,4,9,21,7,56,25,29,24,3,44,20,30,0,22,47,27,53,40,45,49,11,26,62,41,37,10,31,42,58,39,19,50,28,33,15,18,61,57,16,38,60,46,1,52
18,17,25,40,19,51,54,20,60,14,38,39,32,57,50,34,21,13,4,26,47,12,27,11,56,8,55,48,15,5,28,42,30,59,24,0,37,36,62,2,44,63,35,52,58,53,45,29,1,23,6,61,3,7,41,9,49,22,16,10,33,31,43,46
59,32,51,37,36,35,33,20,24,39,18,1,16,62,58,30,56,11,55,45,10,22,4,47,2,54,8,49,50,5,7,46,29,57,53,60,17,40,12,38,13,23,43,26,19,14,52,6,21,34,15,31,42,25,9,44,27,48,3,41,0,61,28,63
20,5,45,61,27,21,0,17,38,28,11,30,41,18,12,53,42,31,19,37,51,46,34,48,36,2,59,57,47,8,60,13,50,56,15,35,16,43,24,9,6,58,3,52,14,1,7,62,33,4,32,29,10,25,44,54,40,49,39,23,26,22,55,63
29,20,2,42,59,50,63,8,23,36,26,48,34,41,47,18,55,14,17,35,27,37,1,13,43,7,62,51,33,32,9,49,4,58,60,3,44,6,15,10,11,25,40,52,30,21,28,46,22,24,61,16,56,54,38,0,39,5,57,19,12,53,45,31
21,31,15,23,35,29,39,59,49,55,51,40,5,20,36,46,34,13,26,32,44,1,38,37,30,63,14,60,28,12,45,47,18,27,16,33,3,2,56,54,48,0,7,57,62,6,9,22,4,53,42,58,24,11,41,61,50,8,43,52,25,17,10,19
6,25,53,17,36,51,23,60,44,29,4,14,34,30,10,50,16,41,27,56,8,54,40,15,26,11,7,24,5,12,21,20,38,43,62,46,42,0,33,45,31,55,28,57,1,52,32,47,39,59,63,48,3,37,18,19,13,22,9,58,2,61,49,35
47,22,51,31,54,13,34,46,1,40,14,53,49,28,39,48,61,57,55,43,5,7,2,9,56,10,3,26,27,8,25,20,21,19,35,37,23,15,12,52,63,33,38,24,41,44,60,36,4,62,32,16,59,17,11,50,29,45,30,0,6,42,18,58
2,63,62,18,0,57,15,55,14,12,9,6,20,21,45,1,56,29,34,41,10,52,47,17,54,50,38,33,60,8,27,16,53,42,44,36,23,39,37,32,35,11,51,22,28,3,59,49,48,46,30,19,26,4,40,25,5,58,24,13,31,7,61,43
56,18,60,61,44,43,30,53,39,28,59,49,41,3,16,25,0,11,9,4,13,8,62,1,24,46,5,42,23,55,20,7,33,63,26,17,10,14,34,38,54,47,31,32,50,29,21,2,12,51,36,19,35,57,22,40,27,45,48,15,37,58,52,6
9,57,61,34,24,21,16,29,28,40,18,4,10,37,14,60,32,47,26,39,3,13,62,49,50,46,36,48,2,19,44,8,20,12,54,17,30,33,31,51,15,0,45,27,41,58,25,59,11,55,42,38,35,56,52,7,53,23,63,6,1,22,43,5
41,15,46,43,29,25,17,37,7,3,22,0,16,19,54,51,62,28,23,56,8,6,50,52,47,61,48,5,33,1,21,11,36,34,27,38,24,9,35,55,14,45,32,53,40,44,57,26,13,12,49,20,39,59,63,18,58,30,2,31,42,10,60,4
38,3,32,25,14,49,13,21,37,12,33,31,34,23,48,43,30,27,18,60,47,10,26,4,50,24,61,40,62,41,17,19,59,5,44,0,36,1,6,58,8,29,15,46,39,20,11,51,35,56,45,9,52,54,55,28,63,57,22,42,7,2,53,16
56,5,62,29,43,46,1,3,16,38,25,51,27,41,20,28,44,4,11,17,18,55,52,30,23,45,6,57,31,36,2,22,0,14,61,59,47,9,48,35,13,63,42,54,8,33,50,21,10,53,19,58,32,15,49,34,40,12,39,37,26,7,60,24
61,58,29,14,37,2,41,57,4,55,48,31,56,20,24,40,6,3,39,42,36,63,21,0,38,23,60,26,11,17,18,45,50,16,27,34,7,5,28,1,47,22,54,15,43,46,8,35,10,59,25,53,13,9,52,51,19,33,62,49,12,30,32,44
7,2,6,33,14,43,51,11,62,27,34,19,50,1,30,46,29,53,8,0,55,22,37,10,38,54,63,5,3,35,49,59,17,56,47,18,20,39,36,32,40,23,60,28,57,61,12,45,24,4,44,25,52,31,15,9,26,58,48,13,16,21,42,41
17,22,43,35,3,30,27,4,45,9,58,1,48,36,56,18,57,62,53,61,54,14,7,24,11,44,60,10,5,0,59,32,16,25,49,39,55,19,46,8,23,47,52,40,20,33,37,41,31,6,2,28,38,50,21,13,15,12,26,29,63,42,34,51
25,48,2,33,7,28,11,9,37,36,42,47,50,41,3,54,59,5,44,31,20,29,52,38,27,26,55,46,39,18,10,23,40,17,63,58,53,56,35,57,32,1,8,12,60,51,45,43,24,6,15,13,14,49,34,21,19,22,16,62,0,4,30,61
4,41,44,35,38,17,54,60,10,40,37,55,62,27,45,23,26,21,28,3,63,59,42,56,47,31,53,15,24,32,22,49,12,48,57,11,16,33,58,34,5,1,8,30,2,19,36,14,13,43,51,18,39,50,0,20,7,6,52,61,29,25,9,46
60,30,26,59,39,33,35,45,49,18,58,6,55,9,63,54,52,23,15,11,38,40,3,31,27,2,17,1,32,34,14,29,62,0,22,16,48,56,12,41,46,13,51,21,37,42,10,57,44,24,19,7,20,8,43,50,53,61,4,28,25,36,5,47
57,15,29,22,49,26,51,44,28,39,19,9,58,52,45,40,31,35,34,2,11,55,10,5,16,14,8,7,18,1,13,0,38,62,56,42,48,27,61,23,30,21,53,37,6,47,59,25,33,17,41,24,60,32,46,54,3,63,20,50,4,12,36,43
9,36,52,29,53,11,46,32,34,55,0,39,14,54,37,8,44,13,5,10,58,31,41,18,42,24,26,49,30,3,12,22,7,38,4,59,61,16,33,15,21,60,56,2,23,45,62,43,57,35,28,19,63,20,27,48,25,47,1,51,17,50,40,6
31,15,63,37,27,11,43,38,21,24,35,39,51,59,2,55,7,61,14,30,28,19,48,50,18,9,13,4,34,45,54,44,41,36,16,8,57,46,49,1,3,40,60,25,47,6,29,53,10,17,58,5,42,20,23,33,26,52,0,22,56,62,12,32
63,23,47,20,34,3,39,45,31,29,5,52,32,46,38,24,44,51,33,12,60,19,14,36,54,61,43,21,26,50,22,28,4,56,58,49,9,35,41,37,16,59,15,25,55,11,27,30,1,48,18,2,8,13,0,10,17,7,6,53,42,62,40,57
10,42,27,20,11,62,56,38,13,29,23,8,45,19,46,58,34,39,28,48,37,2,9,52,3,17,24,7,41,54,50,43,35,60,16,57,32,63,30,26,59,4,21,49,18,47,22,55,6,33,5,12,25,51,1,44,0,14,61,31,15,36,40,53
28,30,39,57,45,17,34,9,50,52,54,20,35,62,15,51,36,29,56,0,53,24,38,5,23,12,46,27,43,59,40,16,33,48,1,4,22,8,7,6,58,37,18,55,13,25,19,31,2,60,42,10,63,41,26,21,47,44,3,49,32,61,14,11
20,59,11,23,32,12,47,7,58,29,22,10,37,28,57,48,9,56,34,1,16,38,19,52,2,54,24,61,36,62,50,6,45,55,21,0,49,27,30,25,60,40,26,46,51,41,8,15,63,44,43,17,33,53,5,14,31,13,4,3,42,18,35,39
25,48,10,7,50,9,36,11,32,45,1,60,21,28,30,22,52,41,35,0,24,18,38,19,31,53,58,3,16,15,55,56,34,17,20,62,43,46,14,2,12,8,23,40,57,54,5,27,39,49,63,33,37,26,42,4,47,29,59,51,44,6,61,13
18,55,37,11,41,0,9,30,46,10,33,58,56,19,43,40,8,23,45,59,53,34,48,15,6,51,50,28,38,3,13,42,12,31,35,17,60,24,1,4,39,36,47,7,22,63,57,21,25,32,16,14,44,62,52,27,26,5,20,2,61,29,54,49
1,32,18,46,59,42,57,14,21,30,6,2,11,38,9,25,56,5,33,20,8,63,49,23,7,40,43,15,55,48,62,3,44,35,24,4,61,26,22,17,47,37,19,52,51,27,12,54,60,41,36,34,58,16,29,45,53,50,28,10,13,0,31,39
7,35,24,15,2,46,58,60,32,19,53,18,59,31,48,22,12,8,30,55,42,38,36,56,4,34,44,49,29,61,21,1,16,47,27,50,54,14,40,0,37,5,33,26,62,20,11,6,57,41,17,52,28,13,25,23,43,63,10,45,3,39,51,9
23,9,53,49,63,20,59,51,5,1,62,55,39,15,26,56,40,14,58,30,28,10,27,13,36,48,2,50,19,42,7,54,4,16,33,60,38,46,35,18,6,11,29,0,43,12,61,17,21,41,52,57,24,45,32,34,37,44,3,47,31,22,8,25
9,53,47,49,19,7,36,45,58,42,1,34,39,48,43,35,15,12,29,57,28,50,13,63,11,3,22,59,61,14,37,20,41,31,5,32,60,40,51,55,62,27,38,44,16,26,2,21,54,52,18,30,0,4,25,6,46,23,8,10,33,17,56,24
34,43,48,51,11,21,2,23,60,56,46,40,8,14,16,27,7,12,38,19,24,4,31,52,30,15,61,39,57,13,41,28,53,49,32,10,1,62,42,33,44,58,0,17,37,50,45,59,20,25,29,35,47,5,22,55,63,6,36,9,3,54,18,26
29,53,17,21,44,50,5,0,61,22,27,34,2,14,43,49,31,26,33,42,9,15,1,60,38,19,52,11,54,3,6,35,57,16,62,20,13,46,51,25,10,24,47,41,37,45,32,23,63,56,59,55,4,8,40,30,48,28,7,12,18,58,39,36
51,55,17,47,23,32,35,22,30,29,27,0,24,62,39,36,37,50,10,18,59,13,53,49,57,58,9,63,26,48,31,6,42,38,4,1,11,25,33,40,21,14,15,52,28,8,41,61,60,34,2,56,20,44,19,16,12,45,3,5,7,54,46,43
25,38,50,11,12,7,28,3,26,54,57,9,47,8,56,49,1,29,62,31,19,35,53,33,15,27,55,39,60,20,14,46,2,51,32,6,59,52,10,24,37,44,23,45,58,0,48,16,5,34,30,18,4,40,63,36,22,43,42,13,41,21,61,17
50,18,9,0,23,20,2,1,31,52,13,61,7,33,34,29,15,38,46,27,12,54,62,25,10,17,5,35,22,28,51,41,4,49,19,30,59,42,32,45,3,14,6,36,16,39,47,37,58,60,44,24,8,48,40,21,56,53,11,26,63,55,43,57
25,59,43,22,35,23,12,45,42,2,7,3,1,16,29,14,47,61,48,41,5,18,39,54,28,50,9,13,19,49,53,63,10,40,26,44,6,46,24,4,15,8,0,30,32,17,51,21,58,60,57,55,62,27,31,34,56,11,33,52,20,36,38,37
33,16,5,12,61,39,25,51,26,47,49,3,15,40,58,52,53,2,34,10,23,11,48,43,8,14,42,22,41,56,46,0,55,50,30,62,17,4,13,21,59,60,20,38,24,19,29,57,27,44,45,31,63,32,35,9,18,54,6,36,1,37,7,28
57,10,9,4,61,3,56,20,43,13,12,50,62,29,60,36,22,55,26,28,21,31,35,51,52,0,30,17,34,1,19,24,8,6,23,40,18,2,27,49,39,54,38,15,46,16,33,47,44,53,5,63,37,45,42,41,59,7,58,14,11,48,25,32
50,60,20,10,56,45,55,52,2,63,4,46,26,3,11,62,6,15,5,61,24,30,59,34,44,42,29,38,57,0,19,23,22,25,43,54,41,28,40,37,1,53,17,21,8,36,16,18,58,31,9,39,32,13,35,47,12,51,48,33,14,7,27,49
26,28,44,36,11,30,58,14,5,49,45,54,27,42,3,16,32,20,25,1,0,6,46,18,34,63,10,19,59,17,51,31,47,62,13,43,57,35,21,8,40,24,9,39,22,12,48,37,41,33,50,4,53,55,60,7,52,23,15,56,38,61,2,29
13,12,7,34,61,8,63,4,29,27,30,44,53,36,47,9,60,21,32,38,16,52,42,3,59,24,48,6,20,54,31,17,25,40,56,1,39,14,10,2,18,46,26,28,11,33,37,62,51,49,23,15,22,58,43,0,41,5,55,19,45,57,50,35
63,3,54,24,49,28,37,59,53,56,41,44,58,38,23,47,22,11,40,42,5,6,8,55,9,27,14,1,21,52,30,61,16,33,50,20,17,36,39,15,12,26,2,7,45,10,4,57,0,43,34,62,35,29,60,32,18,46,48,51,25,13,19,31
42,25,8,15,36,21,47,28,58,11,35,59,41,33,5,19,27,52,43,17,4,2,24,34,61,18,46,60,14,49,16,9,12,37,32,1,22,13,56,53,50,48,38,45,3,54,51,39,29,7,44,0,30,23,10,20,55,62,63,57,26,6,40,31
17,32,33,0,18,16,61,35,25,60,55,53,37,62,31,40,34,41,51,4,14,7,36,6,47,23,50,8,21,1,13,12,24,27,48,54,42,45,52,22,9,28,46,43,26,44,29,2,58,49,5,10,63,19,38,57,3,15,20,56,39,30,11,59
45,55,53,12,47,17,60,4,59,5,36,23,34,35,7,18,49,2,9,3,1,44,54,20,15,42,32,46,10,26,28,6,33,13,51,43,61,56,37,16,11,57,24,29,48,19,31,52,38,63,62,41,0,40,50,25,14,21,22,39,8,30,27,58
17,3,45,59,46,40,51,0,50,52,55,1,39,34,44,11,33,21,4,29,16,41,32,24,47,7,22,63,28,36,42,15,13,18,2,61,8,19,25,37,12,49,31,58,62,6,35,9,23,60,48,27,43,38,14,57,5,56,30,26,20,54,10,53
11,2,15,41,47,55,35,13,57,26,48,61,43,24,60,52,6,18,19,28,16,27,7,45,59,39,29,4,31,38,30,32,34,5,14,3,20,54,63,12,53,46,51,9,42,40,44,56,0,8,10,33,25,49,50,36,37,62,23,17,21,1,22,58
51,46,33,53,59,4,21,32,43,41,38,17,22,0,6,5,30,1,56,3,25,61,63,31,16,45,47,18,7,8,57,40,34,10,58,35,48,29,44,49,23,50,13,28,20,62,9,55,2,60,12,24,14,19,54,15,27,11,37,52,42,36,39,26
3,61,45,24,16,46,41,11,43,8,57,47,18,28,42,17,13,62,25,63,59,37,48,10,31,30,21,50,40,4,35,2,55,29,20,27,54,7,53,26,56,60,9,52,0,36,5,32,58,34,49,6,14,12,39,23,22,1,51,44,33,19,15,38
2,15,27,14,13,34,21,55,51,11,49,30,57,38,44,39,58,22,36,25,35,10,4,40,8,63,3,61,53,42,16,0,31,60,41,56,45,6,48,62,54,23,1,26,17,19,52,33,7,12,50,32,47,24,28,18,37,5,9,43,29,20,46,59
49,57,0,50,39,8,33,11,2,13,59,54,46,1,19,12,58,5,44,60,56,42,43,48,53,25,36,21,17,4,22,18,3,6,15,35,31,20,38,14,41,61,37,52,24,32,51,29,40,9,26,62,27,47,34,45,16,28,7,10,23,63,30,55
0,31,18,38,24,60,58,15,43,25,62,34,16,28,59,22,14,33,37,55,54,23,57,27,3,2,44,13,42,41,30,11,7,49,12,56,6,9,17,40,20,51,52,48,29,21,10,63,5,39,19,50,46,26,8,61,53,45,32,4,1,36,35,47
16,53,20,15,50,24,7,27,28,36,48,29,31,30,43,14,49,3,13,33,37,62,32,51,17,9,40,1,35,55,26,8,42,6,46,52,23,5,4,56,12,10,57,2,44,61,63,22,58,34,59,0,11,18,38,54,21,25,19,39,60,47,41,45
41,63,47,9,62,58,17,48,13,1,42,30,10,29,39,16,37,56,33,53,51,21,26,5,60,2,45,19,43,31,15,14,3,18,20,50,4,55,7,11,8,59,35,57,25,23,40,6,52,49,22,24,27,61,46,0,54,12,28,44,38,36,34,32
54,12,16,18,50,27,47,36,56,11,21,60,4,15,34,44,14,63,42,35,2,48,57,20,52,49,26,7,45,32,41,38,23,8,0,55,46,58,22,53,31,29,28,62,43,61,5,39,19,40,33,9,13,1,6,24,3,10,59,30,25,51,37,17
38,58,22,15,40,48,32,7,53,28,46,29,47,50,1,59,6,31,63,16,17,35,45,9,5,11,41,49,3,14,10,34,60,21,54,27,2,61,57,20,56,33,44,18,8,52,42,26,37,62,43,25,30,51,0,39,23,55,36,13,4,24,19,12
32,38,60,56,55,15,14,23,46,33,27,59,52,0,11,2,8,29,3,53,35,20,26,6,28,44,17,22,63,13,42,1,36,19,54,24,57,40,49,61,50,25,37,10,5,43,4,12,31,58,16,51,9,7,39,41,18,34,30,48,21,45,62,47
11,47,31,6,53,29,51,2,10,20,4,55,19,12,52,0,59,22,41,58,54,44,1,38,61,43,13,23,60,50,15,40,62,33,63,25,30,36,24,5,26,28,9,42,27,56,45,46,3,39,48,57,21,34,32,7,17,37,18,49,16,14,35,8
34,6,35,0,37,8,36,46,44,63,43,14,62,27,49,28,56,22,24,58,3,11,10,41,29,13,19,15,5,45,23,16,47,42,50,9,51,1,59,31,33,38,54,25,2,55,7,53,52,20,4,30,21,57,60,12,32,39,18,26,40,61,17,48
54,38,61,9,34,57,12,42,10,23,8,36,29,7,4,56,21,62,2,37,16,22,14,24,5,33,30,44,6,32,27,0,63,15,28,20,48,26,25,13,40,45,47,39,18,3,55,53,41,31,49,60,19,17,1,52,43,46,35,50,11,51,59,58
29,32,63,53,28,24,1,10,6,19,11,44,26,38,5,17,0,42,25,2,57,61,15,59,49,18,58,7,9,36,52,47,39,3,23,31,20,37,16,21,41,30,54,48,40,34,56,60,62,14,4,13,12,33,46,51,43,22,45,35,50,27,8,55
56,31,21,10,0,7,62,43,57,42,32,18,8,47,52,2,40,59,13,60,23,63,38,1,33,35,4,16,27,54,46,30,25,9,20,17,45,19,51,34,12,44,15,36,14,29,41,39,22,48,6,3,26,37,61,28,5,53,49,58,50,11,55,24
25,49,14,15,47,46,21,0,60,1,55,19,44,41,9,12,62,20,30,33,51,3,26,42,32,48,31,18,27,23,37,63,45,54,57,40,7,4,34,24,56,50,28,61,16,22,38,10,13,52,17,8,35,58,6,2,11,39,29,53,59,36,5,43
60,13,47,22,40,29,1,30,14,0,49,4,3,43,26,28,48,32,61,54,35,16,18,17,34,44,62,9,36,5,7,53,24,56,57,6,2,12,63,50,11,38,37,46,10,23,45,31,41,58,8,20,51,42,15,19,33,52,39,59,55,27,21,25
9,53,7,35,6,45,2,27,41,20,23,11,26,3,48,40,51,58,10,55,37,61,38,21,59,16,36,25,60,1,54,28,17,43,62,13,56,42,46,31,24,5,12,47,44,8,4,18,32,57,30,39,22,34,29,49,0,63,15,14,52,50,19,33
1,36,49,42,34,24,58,29,61,10,54,2,21,35,39,53,31,62,33,15,51,57,26,8,60,63,28,6,32,48,18,47,40,30,27,11,45,5,38,3,16,13,41,50,22,17,43,23,0,44,4,52,56,25,59,20,55,7,19,37,46,14,9,12
30,9,20,11,6,1,27,13,25,23,7,51,41,32,37,2,40,16,3,54,19,22,60,53,56,59,42,39,35,28,33,31,61,36,57,62,55,5,45,14,44,0,48,43,15,24,17,18,50,4,21,38,26,8,10,29,52,49,34,47,12,46,58,63
53,18,15,34,28,27,60,11,26,5,10,20,2,37,36,58,55,7,3,39,14,54,30,47,32,8,45,1,52,49,13,40,24,38,25,35,17,43,31,50,61,9,0,22,4,51,41,21,56,46,29,6,48,16,59,63,62,23,44,33,19,57,42,12
63,57,40,21,27,60,26,24,58,4,39,19,43,61,44,42,17,20,15,25,0,16,37,7,8,52,46,3,54,14,45,5,10,22,30,41,34,50,23,32,1,18,13,47,6,36,62,9,35,49,12,28,33,53,55,11,38,56,59,29,51,31,48,2
61,50,48,27,24,52,47,45,0,15,60,53,1,3,57,62,38,29,19,2,54,63,59,4,41,9,42,16,28,46,22,5,56,40,39,37,14,21,25,58,51,43,32,12,26,7,20,31,18,33,30,35,8,55,36,17,44,10,13,6,34,11,49,23
3,19,16,34,30,27,40,35,24,41,10,1,21,58,22,62,45,51,36,18,56,59,29,7,42,5,49,48,6,0,53,4,46,11,63,2,61,44,32,47,8,57,25,38,17,20,60,55,26,39,37,14,52,9,31,54,15,33,50,43,12,28,13,23
1,52,49,7,41,34,28,18,39,11,37,5,17,2,54,21,6,9,47,20,3,13,16,40,30,59,32,43,53,25,23,33,46,27,62,60,0,57,22,48,8,14,15,51,29,50,44,38,31,19,63,42,24,45,61,35,26,4,58,10,56,12,36,55
23,52,35,29,49,19,21,48,55,6,20,42,36,25,41,44,54,39,40,0,16,43,57,47,46,24,37,30,61,60,18,45,28,51,2,53,26,31,4,59,38,9,33,63,27,3,56,58,32,14,22,1,5,62,13,12,10,7,8,15,11,34,50,17
26,59,3,47,23,17,54,32,41,14,34,55,24,49,30,29,18,45,62,35,48,52,25,11,4,42,60,33,9,2,43,19,50,39,37,38,0,53,1,5,10,20,31,36,40,21,44,51,7,63,28,58,15,8,46,13,56,6,27,16,61,57,22,12
31,26,47,19,53,49,57,17,62,10,55,38,36,59,25,40,32,28,2,34,18,6,56,8,58,1,61,44,14,29,4,50,54,60,43,12,13,24,11,22,5,15,23,3,27,42,7,52,16,21,48,46,35,30,20,45,0,41,39,37,63,33,9,51
50,31,14,40,25,45,32,44,26,21,22,41,28,1,62,47,59,60,4,10,63,39,9,12,3,61,0,33,54,29,5,53,2,49,35,24,20,30,6,46,23,43,57,19,34,8,55,37,17,15,27,52,13,11,16,7,48,51,58,36,38,42,56,18
46,58,15,45,47,33,55,10,42,63,21,19,41,25,44,0,57,37,54,32,51,49,20,5,9,48,18,59,6,35,12,17,38,4,52,29,1,13,60,24,3,40,11,56,53,26,8,43,30,2,23,62,61,27,39,34,31,14,16,36,50,22,28,7
36,44,12,40,31,54,46,13,14,50,27,35,58,9,48,37,34,30,16,1,11,42,53,59,39,29,0,2,28,49,3,57,38,52,24,7,19,43,23,25,4,47,22,6,18,41,45,60,62,63,33,56,17,55,51,5,15,61,8,32,10,26,20,21
51,26,61,15,52,7,22,18,17,27,62,38,45,11,59,16,36,14,6,40,55,46,21,2,3,39,12,41,58,4,9,34,49,20,42,23,33,32,50,60,31,1,57,10,44,35,47,13,8,56,53,63,24,28,48,19,29,5,43,0,37,25,30,54
39,42,14,50,15,21,60,36,24,38,45,27,44,57,1,53,52,13,16,29,17,51,35,19,4,34,62,9,41,43,7,31,48,40,55,61,54,28,10,5,23,6,8,22,20,11,63,12,58,3,49,0,18,30,59,33,46,25,47,56,32,37,2,26
12,1,48,50,39,61,20,8,32,9,16,36,7,56,60,26,51,41,58,55,40,46,37,17,45,62,5,38,34,43,63,21,13,19,27,44,52,30,24,35,29,2,22,28,49,15,14,3,59,6,4,11,0,57,31,18,23,47,42,53,10,33,25,54
0,47,11,17,9,38,32,23,3,34,44,16,2,18,63,54,6,42,25,1,5,56,33,27,48,30,55,22,53,13,60,41,59,8,20,31,49,10,15,36,26,37,21,14,40,7,19,45,29,24,12,35,46,61,50,51,43,62,39,28,58,4,52,57
28,21,54,39,60,61,57,25,36,23,44,20,37,38,47,7,18,19,41,29,35,40,62,4,34,49,51,50,27,59,5,24,1,17,12,42,3,10,45,58,9,63,0,55,31,14,56,2,8,46,22,13,33,32,52,26,15,16,43,48,53,6,11,30
18,40,31,13,47,34,43,0,2,39,36,25,62,27,30,23,26,16,61,17,57,8,50,21,33,4,11,58,59,53,19,41,6,63,60,12,35,38,52,45,5,55,15,54,44,51,29,48,20,32,56,14,46,7,28,10,42,24,3,49,37,22,9,1
27,13,12,63,34,24,42,7,11,58,40,20,36,45,50,16,22,41,56,0,54,37,30,60,38,61,51,17,3,53,21,10,28,62,32,6,52,55,19,35,33,57,23,39,18,43,5,48,1,46,29,59,47,4,49,14,8,31,9,44,2,26,15,25
11,49,59,30,33,19,47,62,26,50,1,12,43,29,28,51,4,20,24,55,60,36,14,40,52,23,16,21,18,31,41,45,7,32,17,56,63,8,37,61,25,15,46,57,54,38,0,2,22,53,58,6,10,27,39,34,35,48,44,42,13,9,5,3
44,5,19,58,47,2,24,38,26,56,35,30,28,46,40,59,9,48,25,49,37,29,36,53,34,33,57,4,1,23,3,15,51,6,21,32,52,8,55,20,43,7,13,11,16,39,27,63,14,10,42,31,50,61,62,54,0,17,45,18,22,41,12,60
41,5,63,8,11,26,17,35,42,1,12,61,40,47,39,36,32,4,22,7,44,23,57,45,43,31,19,54,3,60,37,59,18,16,2,34,29,53,49,25,58,9,13,24,38,21,6,51,14,28,0,52,15,33,10,46,20,62,56,50,48,30,27,55
54,55,42,50,35,17,5,10,52,27,9,0,47,7,63,58,21,28,49,59,1,15,45,48,24,13,18,57,46,60,34,53,39,29,4,33,51,31,22,62,19,32,61,43,3,16,6,40,56,41,25,36,11,12,37,23,26,14,2,8,30,20,44,38
5,0,23,45,16,19,32,8,22,58,37,4,36,15,3,53,38,34,47,2,9,49,7,50,62,57,31,29,12,63,27,18,14,59,11,30,28,56,46,43,41,39,51,24,44,52,40,21,25,48,54,42,1,55,35,61,33,60,13,10,6,17,26,20
50,29,1,45,41,56,28,40,22,58,23,63,57,47,53,34,6,49,54,38,15,20,32,16,4,14,44,48,0,60,13,24,21,43,59,33,8,37,18,25,51,7,27,46,39,3,31,9,42,26,55,2,17,12,35,62,5,52,19,36,10,30,61,11
13,4,12,8,49,34,36,45,2,6,22,24,29,17,28,27,18,5,43,37,54,61,60,11,15,40,59,32,23,46,63,35,14,38,21,52,31,42,26,16,9,50,55,62,44,57,30,48,41,3,20,47,33,1,10,0,19,58,7,56,39,53,51,25
19,36,28,1,52,41,34,50,57,40,30,61,31,24,48,33,44,59,47,2,55,22,15,38,32,58,49,53,37,21,6,35,8,20,42,26,62,13,45,27,51,18,60,43,29,10,46,17,23,3,9,56,16,14,11,54,0,4,25,63,12,7,5,39
10,33,62,49,3,15,0,2,6,18,39,41,23,7,9,32,34,22,12,13,51,27,37,48,20,60,5,17,4,11,19,26,25,56,38,30,35,58,55,61,50,46,63,1,21,14,16,8,44,28,40,52,29,36,45,53,54,31,47,42,24,43,57,59
58,47,36,45,43,26,2,39,29,50,21,5,34,54,35,33,9,10,15,55,63,13,32,56,61,46,17,27,7,52,53,3,14,12,24,28,11,59,42,22,62,0,57,44,6,25,16,40,60,8,41,20,51,19,49,23,18,38,31,30,37,1,48,4
55,10,46,48,16,7,30,2,44,24,47,53,3,31,62,21,1,14,57,35,36,39,40,32,51,49,15,18,41,63,6,38,50,61,60,56,25,9,45,58,23,4,42,28,59,22,13,11,34,54,8,43,37,17,33,20,52,27,0,5,26,29,12,19
31,60,20,56,28,26,4,35,30,51,42,44,49,58,15,43,11,37,45,23,54,0,3,57,24,5,17,19,50,18,53,41,10,16,34,29,39,33,27,2,47,62,9,25,12,7,38,46,6,63,48,22,21,8,59,55,36,14,40,13,52,32,61,1
4,45,55,19,22,58,13,30,56,42,37,44,20,63,49,31,27,18,23,7,14,0,35,2,40,41,6,39,5,33,8,36,54,50,12,28,16,9,25,51,43,53,34,24,3,61,26,11,59,32,1,47,46,62,17,38,29,48,52,60,57,21,10,15
45,18,41,11,56,49,59,40,28,53,60,37,1,32,42,61,34,54,31,5,25,39,6,24,7,10,3,9,17,8,55,23,29,33,26,19,50,48,2,20,35,58,44,36,13,27,12,21,14,38,43,63,57,52,22,15,4,16,30,62,0,46,47,51
16,54,49,29,3,41,21,19,48,37,58,17,13,30,23,32,40,57,24,8,12,38,43,34,9,10,0,62,4,61,2,39,11,52,44,26,25,63,31,28,35,5,27,33,46,60,53,56,36,50,14,7,20,55,59,6,51,1,45,22,47,15,42,18
40,34,51,47,22,43,18,46,31,32,60,13,16,62,63,38,61,30,10,6,8,12,45,14,42,37,36,27,48,56,9,24,33,39,11,23,2,26,59,57,7,49,28,19,25,52,21,15,54,50,17,20,4,5,55,0,3,53,35,29,58,44,1,41
58,48,55,1,21,23,59,22,30,38,47,46,26,57,49,63,10,27,40,54,29,36,15,20,31,45,61,62,35,14,50,11,4,41,44,6,56,42,9,5,43,7,13,60,12,19,28,18,39,24,8,52,33,3,51,34,2,53,32,16,0,17,37,25
9,47,44,23,52,20,40,21,10,63,15,53,35,59,49,39,60,22,7,3,14,4,57,30,41,24,12,0,17,31,37,58,61,38,2,56,45,11,50,19,25,1,13,6,46,8,5,55,27,18,33,62,16,29,43,48,32,51,26,42,34,54,28,36
43,61,39,4,41,8,48,49,45,37,35,56,33,42,10,14,28,27,25,18,58,1,21,38,50,15,44,3,53,23,51,57,59,12,54,36,26,60,52,62,55,31,34,13,29,24,19,46,2,11,63,0,22,5,30,20,17,7,40,47,6,32,9,16
18,0,52,26,56,11,15,27,40,45,60,63,14,43,48,8,28,12,23,42,7,21,16,24,13,54,22,59,49,46,30,1,55,51,57,39,2,58,53,50,36,47,41,32,20,6,62,35,5,4,34,17,9,61,10,25,19,44,31,29,38,37,3,33
33,51,6,54,10,61,8,34,11,45,63,18,7,28,37,48,46,4,55,35,19,62,5,41,9,30,27,14,20,42,43,38,23,50,25,26,53,15,3,52,13,39,57,40,12,59,0,47,29,44,36,2,32,24,21,58,1,56,22,49,31,60,17,16
49,60,42,27,46,47,9,21,61,56,43,51,4,62,52,48,53,41,38,39,15,19,32,35,10,0,31,36,18,24,34,54,1,13,59,14,63,5,12,44,8,45,11,2,20,25,22,57,3,29,37,40,7,23,28,33,58,30,26,17,16,6,50,55
33,1,44,42,14,47,57,9,23,16,55,11,0,56,54,43,31,25,6,58,20,28,62,29,3,39,18,51,24,40,36,53,2,63,19,50,35,26,15,27,17,46,52,38,41,49,34,30,48,45,12,10,7,21,4,61,8,59,37,60,22,32,13,5
33,47,0,20,38,46,30,56,11,61,48,28,25,8,16,27,45,63,52,42,6,21,36,15,17,12,57,58,29,5,26,50,43,9,22,49,19,35,54,18,44,31,51,40,55,10,59,1,41,32,60,3,39,62,13,14,7,37,24,2,23,53,34,4
61,42,24,38,1,28,25,33,63,37,20,12,15,9,36,31,35,52,59,44,39,49,47,0,58,62,50,26,30,11,48,56,22,17,46,29,32,13,2,43,27,6,16,34,45,19,7,40,8,57,60,3,14,53,23,54,55,18,10,4,21,41,51,5
6,46,4,15,21,7,14,59,22,62,35,43,24,56,41,40,31,52,1,54,50,25,63,19,49,12,23,9,3,48,61,17,29,57,58,26,13,11,30,44,2,16,53,0,55,33,28,39,36,42,20,5,60,27,10,38,37,45,47,18,8,34,32,51
41,7,11,53,37,35,54,51,17,29,9,21,63,24,40,36,38,45,57,42,52,44,62,22,5,46,23,13,48,19,3,59,10,39,49,47,32,25,33,56,16,58,12,30,61,2,43,14,15,34,6,1,26,28,4,27,60,50,0,20,8,55,18,31
30,36,63,61,23,56,45,39,50,54,5,7,17,57,55,62,6,15,43,60,12,8,18,3,53,14,48,4,38,52,44,37,11,25,10,16,1,47,21,32,13,41,24,34,51,42,59,33,27,0,49,40,35,19,29,31,26,22,20,58,9,2,46,28
1,59,2,50,51,45,27,58,7,47,37,55,38,11,23,31,29,57,14,33,21,4,43,25,9,13,42,26,60,44,41,19,62,6,16,3,39,40,22,35,32,0,61,17,18,49,34,8,56,52,48,28,46,54,53,24,12,63,30,20,15,10,5,36
16,30,35,26,15,34,22,39,46,3,54,63,37,29,27,40,56,10,12,41,49,8,61,2,1,11,42,36,43,7,21,18,14,48,5,51,60,6,59,44,62,52,23,17,0,33,38,4,13,55,25,9,58,32,45,53,31,47,50,57,20,24,19,28
49,0,21,54,18,60,26,48,37,7,63,20,56,52,6,43,29,40,12,62,19,33,59,34,51,50,9,32,23,57,13,16,3,44,42,47,27,58,61,5,31,35,11,46,14,55,24,22,15,1,28,41,17,4,30,25,8,38,36,53,39,45,10,2
30,55,33,22,61,47,20,63,1,31,42,10,8,0,57,43,17,3,12,37,28,60,2,26,49,44,50,34,16,13,7,62,32,52,48,36,53,14,23,25,18,9,58,51,11,56,5,38,35,59,24,15,6,45,19,39,21,4,40,54,29,46,27,41
5,9,51,32,23,19,41,44,26,47,54,4,62,53,28,14,10,59,24,6,57,34,36,42,22,1,12,63,38,8,27,17,58,48,21,60,45,39,31,46,37,13,3,61,55,25,43,20,30,52,15,0,11,49,2,56,33,29,16,7,50,35,18,40
25,40,63,0,38,51,5,20,45,35,22,8,9,3,59,62,54,14,49,32,31,33,23,10,43,1,53,2,18,34,58,16,19,27,37,7,15,12,21,46,50,6,26,24,41,61,30,28,44,52,39,47,13,17,11,42,48,29,56,60,36,55,4,57
8,10,6,35,52,25,16,40,26,47,29,7,32,24,38,60,41,59,13,54,46,61,37,15,0,11,42,36,56,30,19,31,27,33,3,57,51,63,2,21,20,48,4,22,50,5,58,45,44,62,28,14,23,53,55,39,12,1,43,49,18,17,9,34
48,35,11,60,41,25,61,45,23,27,32,31,58,33,12,17,0,7,40,56,63,43,53,8,1,54,36,2,44,46,59,29,52,21,47,42,38,6,19,30,51,50,16,22,28,55,9,34,4,62,39,18,49,15,26,24,5,14,20,10,37,3,13,57
19,42,26,11,5,59,47,52,29,9,25,62,8,28,15,2,40,41,54,17,36,35,63,60,24,23,50,58,61,33,4,18,53,0,38,39,27,46,48,31,1,3,57,6,37,20,30,56,16,43,12,44,10,14,7,21,34,49,13,32,51,22,45,55
48,12,30,32,15,51,63,41,42,23,17,26,19,11,24,38,59,50,62,61,10,33,39,6,31,22,0,56,7,8,14,29,21,47,53,37,35,45,20,60,16,4,9,54,52,49,36,5,25,3,55,13,1,18,57,2,46,58,40,44,27,34,43,28
3,31,9,40,35,14,47,34,23,6,42,53,37,26,12,38,39,62,20,49,50,4,29,58,10,30,61,0,46,44,13,36,28,57,19,63,33,11,17,21,32,56,2,55,27,41,16,60,22,59,8,51,43,24,18,7,45,25,52,15,48,5,1,54
62,50,52,48,57,1,41,45,23,9,16,39,58,5,51,54,11,33,14,40,25,34,47,13,24,0,21,35,53,63,29,32,60,61,44,3,18,8,31,43,4,2,22,46,20,12,49,38,37,19,7,42,30,55,27,17,28,26,6,56,10,36,59,15
62,44,54,40,50,43,34,39,23,19,10,48,3,9,14,58,6,21,15,7,49,52,26,57,42,51,55,38,56,20,18,47,37,31,1,53,0,45,17,36,41,29,32,8,28,25,11,22,63,16,46,24,5,59,33,61,60,27,35,13,30,2,12,4
63,50,5,49,54,1,10,26,38,39,24,42,61,40,14,43,30,55,18,62,53,31,33,35,27,3,60,16,34,9,20,41,29,11,47,51,28,13,23,19,7,4,21,15,52,37,8,45,58,2,57,48,32,0,56,44,6,36,59,46,17,25,22,12
18,28,58,35,59,3,33,39,21,63,34,2,9,57,41,23,53,37,31,54,61,50,24,13,29,42,7,1,25,10,44,11,16,43,36,15,17,20,12,48,14,47,26,55,30,49,27,60,0,45,5,46,40,4,62,51,56,6,22,38,52,32,19,8
30,24,29,42,39,5,6,35,9,23,12,48,4,7,52,38,11,55,53,8,43,19,63,32,45,15,62,51,41,34,17,31,61,27,40,49,26,57,54,33,28,50,16,1,59,14,58,3,60,36,25,44,21,47,46,37,56,10,0,18,13,20,22,2
4,14,7,38,10,50,6,32,57,26,5,62,63,1,61,3,19,24,22,58,30,0,51,20,54,55,40,46,25,2,9,13,8,18,31,42,15,36,12,60,21,41,37,23,17,29,27,28,43,11,56,48,49,44,39,34,52,45,47,33,16,59,53,35
24,35,38,51,58,47,0,45,20,3,28,21,53,26,46,16,9,8,34,32,56,15,6,23,25,12,60,61,40,17,19,7,31,1,4,33,52,11,55,49,29,30,57,50,41,39,36,54,62,42,44,18,5,27,63,10,13,43,37,14,59,48,2,22
46,62,39,63,50,53,30,37,29,48,35,33,57,3,38,32,8,19,6,24,44,10,17,23,0,47,26,42,54,61,9,59,40,7,36,52,18,11,14,27,20,45,43,21,2,22,56,58,13,4,55,25,16,34,49,31,5,41,1,60,12,15,28,51
8,37,39,31,11,48,55,61,35,32,57,18,33,49,29,15,7,17,43,20,53,14,52,5,59,6,51,30,34,12,56,24,44,1,19,41,54,46,42,26,60,36,58,22,23,21,25,10,63,45,47,62,27,4,16,9,3,38,50,2,40,28,13,0
38,29,53,27,52,44,13,31,20,32,5,8,23,41,18,39,19,48,45,47,35,54,42,40,63,24,28,7,33,58,57,56,55,21,37,17,43,50,0,6,4,12,2,62,26,46,11,3,36,16,14,60,1,34,61,30,49,22,25,10,15,51,9,59
7,1,0,33,8,10,17,62,27,52,49,54,25,13,47,20,15,50,37,30,22,26,51,18,57,24,34,14,19,58,32,9,31,4,48,55,43,63,53,42,29,45,12,60,5,59,39,38,44,56,36,40,2,16,11,21,6,61,28,23,35,46,41,3
21,14,3,58,51,35,54,12,38,17,24,26,37,50,1,45,39,5,62,32,27,44,22,47,16,56,36,49,8,30,25,7,48,0,33,55,42,34,18,63,43,15,61,4,40,52,11,46,2,59,23,28,57,60,19,31,10,29,9,53,13,20,6,41
16,45,18,30,60,27,0,24,14,6,50,49,54,55,17,22,52,39,59,44,2,11,63,40,31,25,58,48,13,21,36,62,34,61,5,10,19,4,23,53,12,56,51,3,7,35,9,20,43,28,57,37,32,42,46,47,8,29,41,38,33,1,15,26
12,20,33,38,37,57,19,53,13,47,18,4,8,7,28,6,61,48,49,10,58,45,17,11,32,46,29,22,2,54,0,50,63,34,16,30,52,39,1,60,9,40,43,27,55,26,62,51,15,14,41,25,24,35,23,59,31,42,21,56,36,3,44,5
1,25,21,33,6,12,62,2,15,28,45,30,26,17,40,53,61,8,46,47,9,44,49,54,24,31,58,35,57,43,11,36,52,39,32,7,37,34,23,56,29,3,0,10,59,5,13,60,41,4,63,50,18,38,51,42,22,55,19,27,16,48,20,14
57,32,22,18,61,27,26,16,12,60,1,48,62,13,38,50,31,42,11,21,52,10,14,20,9,35,56,33,25,37,34,8,59,45,3,39,28,23,24,2,58,54,63,46,5,30,40,36,49,55,4,51,53,0,43,6,44,41,17,19,29,47,15,7
34,44,54,31,23,2,33,36,17,63,47,26,62,58,61,18,60,38,35,57,52,28,49,12,16,48,32,6,43,42,19,9,46,29,21,22,50,7,20,5,10,3,45,39,51,27,37,8,59,56,0,55,1,13,53,11,24,4,14,15,41,40,25,30
9,10,19,38,28,6,13,12,35,21,15,58,4,46,62,40,14,32,30,5,22,51,47,45,53,61,33,11,2,50,60,55,59,41,17,26,37,1,54,23,3,20,34,29,0,8,27,43,18,52,63,36,57,31,42,56,48,39,25,49,24,44,16,7
10,20,16,0,57,28,37,34,60,42,18,6,50,41,24,7,11,59,58,52,14,21,12,17,30,1,48,38,40,43,46,35,3,47,2,55,36,19,27,33,15,39,56,63,32,49,9,8,53,23,54,5,62,61,51,31,25,44,29,22,26,13,4,45
8,29,13,55,60,3,53,9,46,11,17,16,49,5,32,15,38,21,12,41,26,25,19,37,56,10,50,44,59,58,45,6,27,57,47,7,40,54,14,63,39,34,4,31,2,0,24,33,48,30,36,62,61,43,22,52,28,51,20,35,1,18,42,23
2,26,23,12,10,46,15,53,19,25,0,51,44,11,54,38,62,52,40,56,18,17,35,47,48,42,24,5,4,34,57,36,45,3,28,22,30,55,58,63,61,9,49,59,8,50,32,43,16,6,14,7,37,29,1,27,13,33,31,20,41,60,39,21
25,24,0,2,48,10,32,51,46,41,13,37,15,53,20,27,59,31,4,34,12,62,23,40,3,28,18,36,35,7,29,54,39,6,5,33,38,58,55,42,49,52,21,57,56,9,1,60,22,11,16,44,43,30,47,45,61,63,17,50,26,14,8,19
15,41,53,43,39,0,55,7,14,60,4,16,8,9,49,5,40,10,34,3,52,57,32,61,20,42,46,35,63,28,1,24,48,17,58,33,12,45,51,23,36,56,31,44,47,27,21,38,59,22,25,11,13,62,6,37,26,18,19,29,54,50,30,2
4,18,29,0,50,3,23,60,57,22,5,15,40,59,31,43,24,9,51,36,21,13,56,42,58,8,20,55,38,2,30,47,48,14,17,61,12,32,45,46,26,44,63,35,10,53,19,25,7,49,41,52,37,1,62,33,54,27,28,11,16,34,39,6
14,6,35,42,19,2,32,0,49,57,16,61,5,9,11,8,40,12,37,22,25,62,29,56,48,60,13,26,7,24,54,33,51,38,59,45,4,18,34,30,1,43,21,31,41,52,46,3,15,53,27,17,50,36,20,58,39,47,55,44,23,10,28,63
4,16,38,19,49,3,43,48,29,33,47,21,8,42,15,62,40,51,11,10,46,52,20,26,32,34,58,59,2,36,50,60,7,55,39,44,63,25,13,24,5,61,17,1,53,9,30,22,45,18,12,23,14,31,28,35,27,6,37,0,56,54,57,41
50,10,1,30,2,51,13,37,5,63,3,27,53,31,62,25,16,26,29,52,34,24,20,33,47,36,58,61,49,12,54,0,35,55,6,39,43,59,32,40,19,38,9,18,4,48,21,11,41,56,7,46,17,57,23,15,14,45,8,44,22,60,42,28
42,31,20,48,32,24,50,29,23,63,52,40,30,4,34,38,55,51,59,28,27,37,36,61,15,12,43,13,35,49,10,21,41,46,45,18,2,11,58,22,56,33,25,16,14,60,1,47,5,8,53,19,0,9,54,39,26,62,7,44,6,17,57,3
21,37,6,60,57,33,12,17,36,15,1,16,34,11,50,29,59,46,22,42,51,61,2,3,31,54,52,55,35,5,20,62,30,8,9,40,32,49,19,24,47,44,0,38,14,48,45,56,27,4,18,39,26,13,7,63,53,23,25,41,28,10,43,58
30,56,41,63,55,23,18,3,57,36,44,11,8,43,4,17,6,14,60,32,47,37,49,40,22,31,28,39,33,35,34,12,10,15,48,24,50,21,29,51,2,62,0,16,59,19,13,25,54,42,20,9,45,27,61,38,52,53,1,5,7,46,58,26
32,23,39,14,33,3,53,38,10,36,41,5,31,47,8,18,30,15,17,29,54,40,59,51,24,58,50,49,52,28,7,22,16,35,46,48,9,27,11,60,12,6,20,63,34,4,37,45,1,57,62,26,21,42,19,25,44,2,13,0,56,61,43,55
3,0,32,25,57,54,10,24,17,22,7,36,4,2,8,39,51,30,41,33,47,48,61,19,14,42,49,26,52,6,5,11,13,23,38,58,29,18,62,12,31,55,27,43,50,16,35,9,21,34,60,59,63,44,20,46,37,53,15,28,45,1,40,56
15,62,54,57,13,51,46,36,14,30,17,21,26,24,44,40,23,31,25,33,38,8,18,43,22,11,27,16,55,6,53,5,20,50,9,59,32,56,35,28,58,10,60,37,0,29,2,45,4,47,3,19,48,7,49,42,34,1,52,41,39,61,63,12
62,58,14,4,46,63,9,17,2,29,48,1,26,25,8,15,54,59,32,16,61,51,31,3,45,55,22,60,41,39,44,53,13,5,19,18,50,7,11,57,43,52,12,36,40,23,21,47,49,20,28,35,33,0,34,37,42,30,24,10,6,38,56,27
48,8,57,45,11,47,16,0,50,24,34,30,63,43,58,49,51,12,27,39,1,7,18,59,9,5,52,44,42,14,55,31,21,33,35,56,22,62,36,40,54,19,6,4,15,60,28,20,25,13,26,53,10,61,41,23,46,37,3,38,32,17,2,29
4,47,10,61,25,29,59,46,38,40,60,63,52,13,32,27,21,16,44,39,57,20,37,41,24,54,51,23,33,34,30,58,7,49,62,18,11,15,53,22,3,48,35,14,31,12,42,26,17,36,6,1,0,28,55,9,5,19,45,43,8,50,56,2
51,58,10,48,44,35,32,45,9,47,23,60,39,14,12,53,0,57,56,4,62,20,13,54,7,5,8,31,49,55,63,11,37,43,38,18,19,34,27,26,6,17,25,16,22,41,30,29,28,1,42,52,50,24,59,46,21,33,40,2,36,61,3,15
21,61,6,30,3,32,38,9,35,53,57,34,8,15,59,13,19,50,17,7,14,37,55,20,4,40,10,28,2,33,23,60,26,36,42,47,62,52,41,16,63,48,56,58,12,45,1,39,31,18,43,11,25,29,44,5,0,27,51,46,49,22,54,24
16,13,6,5,2,4,37,19,46,38,20,39,15,25,41,48,40,56,36,12,30,27,44,63,31,17,22,54,57,47,23,35,7,53,61,42,52,49,21,59,18,62,8,1,45,50,34,9,11,33,26,14,32,3,51,10,43,60,24,28,58,55,29,0
57,30,12,13,40,24,54,59,15,56,62,44,33,10,38,32,11,58,1,52,46,23,19,37,45,39,4,7,22,21,36,48,5,49,28,0,27,47,25,41,8,61,14,53,29,42,26,18,9,31,63,43,50,17,3,51,55,6,16,2,35,20,60,34
7,20,10,60,46,50,15,14,16,62,56,26,37,42,30,4,17,24,38,9,43,22,52,55,23,44,27,2,0,53,12,32,25,49,11,34,41,59,63,57,31,48,19,3,33,13,40,54,58,47,51,29,45,8,61,5,1,6,39,18,35,21,36,28
5,52,17,59,34,12,46,61,4,48,44,41,54,35,49,36,37,40,3,11,21,39,53,56,60,25,10,57,27,1,31,2,55,20,18,0,32,50,22,14,62,16,51,28,63,8,42,15,7,26,33,38,58,9,45,19,6,43,47,30,29,23,13,24
56,57,5,59,19,39,22,13,38,4,63,1,21,47,15,40,37,6,29,46,3,26,18,49,24,55,27,0,52,48,54,45,11,53,32,51,44,33,20,17,25,62,60,8,30,31,12,35,10,14,9,41,61,36,50,42,16,7,23,28,58,43,34,2
57,20,29,52,0,60,47,8,62,4,48,39,2,28,53,13,44,49,50,5,7,42,41,46,43,36,14,37,3,10,25,61,1,11,32,15,16,55,35,56,45,40,59,26,63,30,23,22,27,6,31,24,58,12,21,18,17,9,51,54,33,38,34,19
52,27,2,25,39,34,5,43,35,28,14,59,36,53,29,56,15,18,46,49,40,48,38,0,42,55,4,45,44,17,37,47,21,50,60,16,57,51,24,6,22,61,32,9,3,58,7,1,11,12,8,31,23,62,20,33,10,19,13,63,54,41,26,30
7,42,8,11,31,6,14,17,29,34,48,38,61,20,53,55,28,59,4,50,21,25,15,3,5,33,39,12,9,56,2,36,24,37,0,44,58,40,54,22,41,49,32,30,10,18,19,46,62,1,26,27,63,57,35,52,47,43,45,23,13,60,51,16
25,5,1,27,9,44,23,3,59,60,21,45,12,63,18,13,52,36,10,35,28,22,24,50,51,41,2,19,62,32,37,20,26,53,39,14,48,34,38,8,54,4,11,56,40,29,33,0,57,6,42,7,30,17,16,49,55,58,61,31,47,43,15,46
25,6,33,43,31,18,23,45,63,40,34,4,5,26,20,39,30,22,0,27,11,36,53,51,61,10,2,57,24,35,48,41,19,60,46,54,29,12,3,42,15,50,32,28,13,55,38,37,49,52,21,8,16,14,56,9,59,7,1,62,17,47,58,44
23,50,15,9,39,63,7,12,36,40,51,19,33,21,55,20,57,62,2,52,6,18,4,30,42,38,46,34,59,37,32,44,1,43,54,0,26,13,31,28,27,47,60,16,29,17,41,11,5,58,35,24,48,22,10,45,3,61,53,25,14,49,8,56
45,60,24,18,7,26,10,54,34,17,35,29,3,1,22,46,43,4,38,62,9,13,28,59,50,52,63,40,32,61,33,55,23,31,12,5,19,20,30,41,16,39,58,25,49,8,6,2,11,51,57,48,37,56,21,0,53,15,44,27,36,47,42,14
29,54,3,55,57,48,6,31,60,16,15,21,45,27,50,5,30,2,42,12,10,13,56,20,23,61,34,35,40,63,17,4,49,44,9,0,33,51,37,24,47,43,25,38,1,7,8,19,14,52,18,53,26,11,39,32,46,36,22,62,28,59,58,41
39,56,35,48,14,18,22,60,43,31,25,13,1,51,47,5,53,9,12,7,3,17,16,6,63,29,37,2,34,36,45,49,27,20,38,24,40,59,33,8,19,58,61,21,15,57,30,10,44,0,23,52,55,42,26,11,32,62,54,50,41,28,46,4
35,5,60,62,45,33,8,61,41,9,55,12,13,53,25,58,24,48,15,26,6,44,50,59,16,34,54,14,17,21,4,46,40,43,10,31,52,20,11,49,32,3,56,47,0,30,1,28,19,22,2,18,38,51,37,23,7,63,29,39,42,36,27,57
38,50,36,18,37,29,22,14,27,61,23,15,39,45,52,12,28,30,62,54,1,11,60,17,0,41,25,16,2,32,46,58,24,59,48,43,10,49,34,51,9,7,26,20,31,6,63,19,42,8,4,44,13,56,40,53,57,33,21,47,35,55,5,3
4,17,58,55,37,2,26,54,13,11,18,34,50,57,45,5,39,20,25,12,46,36,47,16,7,38,51,31,23,44,33,29,9,10,43,62,59,24,0,63,27,41,30,22,14,6,35,21,15,1,3,42,40,56,61,28,32,19,8,48,53,49,60,52
37,4,41,25,51,35,1,58,46,52,22,39,14,34,53,42,32,43,38,63,5,24,8,59,19,2,28,18,31,21,9,13,60,36,56,54,33,16,17,40,45,47,50,23,6,48,20,3,30,27,0,26,15,49,61,12,62,55,44,29,11,7,57,10
1,25,45,0,13,63,50,5,49,43,37,26,2,4,35,33,30,16,34,7,48,14,54,56,42,39,8,28,40,20,12,47,60,9,61,57,58,53,32,41,36,51,44,27,10,18,19,23,38,24,55,52,17,29,15,22,59,11,21,6,3,46,31,62
23,40,37,34,51,11,7,17,0,63,26,28,5,4,8,29,32,56,48,42,61,52,47,54,2,16,59,9,1,20,18,12,58,19,24,21,22,62,27,31,57,3,6,38,25,55,13,30,15,45,50,49,43,14,39,44,46,60,10,35,53,33,41,36
13,8,37,19,53,32,1,9,21,46,55,52,0,35,14,23,4,50,39,36,6,20,49,17,22,10,27,24,34,29,58,61,11,57,15,63,30,26,59,33,42,3,28,62,41,44,48,51,56,60,45,38,25,7,16,54,5,43,12,47,40,18,31,2
34,56,43,48,18,20,1,6,55,50,49,38,14,29,30,59,22,3,51,44,52,57,5,31,47,26,23,19,7,41,2,11,27,28,25,35,42,40,10,62,63,60,4,33,46,13,32,17,39,12,37,9,45,61,8,21,36,58,24,15,0,16,53,54
22,40,6,45,7,23,55,39,19,41,48,47,60,17,51,26,13,21,30,2,4,50,46,33,44,34,15,37,32,0,38,49,11,43,24,5,54,57,10,36,35,63,59,20,52,14,16,27,18,12,3,28,9,42,31,58,25,61,62,8,29,53,1,56
61,24,20,2,3,17,18,43,33,37,51,28,38,45,26,34,46,39,6,27,15,12,57,10,0,42,21,14,23,53,16,54,56,52,5,13,9,25,7,31,47,19,1,35,55,50,22,44,30,36,58,40,59,49,29,63,32,60,48,4,8,41,11,62
54,47,10,17,11,13,4,46,36,28,31,14,55,24,12,45,27,37,26,59,61,29,60,62,38,50,8,34,25,6,21,44,7,56,41,3,52,58,48,42,20,0,43,49,22,53,30,51,23,63,18,2,15,5,32,35,19,39,33,57,16,40,9,1
27,62,35,54,18,63,57,50,58,46,37,33,17,1,22,47,41,56,36,10,7,38,15,39,55,51,24,31,59,13,14,25,12,45,52,30,44,20,23,42,61,4,6,0,28,40,11,16,2,29,32,3,60,48,9,8,21,34,49,5,26,53,43,19
16,61,1,24,25,33,43,13,22,31,54,46,0,59,17,14,32,15,7,50,5,20,21,30,40,62,49,35,55,38,3,9,23,39,4,36,56,6,8,41,29,26,48,42,52,19,58,51,2,10,44,18,53,47,28,45,60,12,57,11,34,27,37,63
60,49,7,9,39,19,14,37,44,32,54,55,24,11,62,8,31,36,13,1,16,22,48,26,15,20,12,25,28,35,50,56,42,33,27,5,29,52,3,4,47,10,43,57,38,17,59,46,63,61,0,2,23,40,18,21,45,41,34,30,6,51,53,58
47,31,9,38,23,25,50,33,7,45,15,21,27,28,16,42,11,13,3,2,14,54,12,0,32,40,17,26,39,43,22,60,10,36,46,59,34,51,56,58,1,49,37,8,41,4,62,52,18,20,61,44,55,48,24,63,5,57,35,19,53,29,30,6
59,40,44,50,18,48,62,27,49,25,41,47,24,21,61,3,4,8,38,2,6,9,39,58,11,36,60,52,57,31,5,37,54,33,63,14,22,17,46,29,34,35,28,55,56,19,20,32,15,42,16,23,26,53,43,7,45,1,30,13,0,12,10,51
32,42,16,7,24,57,59,40,34,4,22,9,53,10,25,11,56,36,17,38,18,41,2,35,51,27,44,8,54,50,58,33,61,45,63,13,48,14,47,30,49,43,3,26,39,31,37,0,12,46,52,29,28,55,62,15,21,5,19,1,60,20,23,6
47,33,23,18,11,8,52,10,43,31,6,59,53,3,0,5,13,7,55,30,27,48,35,20,14,22,38,4,25,17,62,24,34,44,60,9,61,32,21,2,29,1,57,51,42,49,12,16,58,40,56,54,45,63,15,37,50,19,46,41,39,36,28,26
49,12,43,4,22,24,38,11,51,50,42,13,26,29,14,21,48,44,31,57,28,47,33,56,54,45,0,55,2,3,19,40,34,36,63,58,1,18,30,10,20,39,15,7,52,46,17,23,9,27,61,41,16,35,6,62,60,5,8,37,32,25,53,59
25,58,18,22,45,44,46,57,16,33,49,26,19,12,5,63,40,2,9,61,15,39,50,7,11,23,3,41,17,34,62,36,8,42,28,20,53,43,32,0,30,31,24,60,47,1,10,37,4,13,14,6,59,35,56,52,27,38,21,29,51,54,48,55
9,43,45,53,32,49,34,25,24,58,31,63,39,55,12,13,28,51,17,10,2,15,50,23,59,4,62,26,19,54,37,35,14,56,48,16,60,7,27,22,20,5,6,21,61,38,3,30,40,47,0,1,33,52,18,42,46,44,11,8,29,36,41,57
42,55,21,4,3,19,31,7,25,1,51,33,41,38,49,10,29,59,50,6,14,54,20,60,22,46,56,32,47,37,39,52,13,62,57,9,17,23,15,2,11,44,43,53,12,18,45,30,61,16,35,8,5,0,58,24,63,48,28,26,27,40,36,34
48,34,13,41,24,33,37,12,26,21,62,57,29,52,46,44,53,31,56,35,51,19,20,32,58,50,61,30,60,14,15,11,47,0,4,45,25,63,28,6,9,18,22,8,5,17,10,36,27,49,39,43,54,23,38,42,55,3,7,16,2,59,1,40
22,26,4,1,24,59,27,45,32,29,39,33,31,42,14,17,51,5,37,34,30,54,38,3,2,18,60,52,8,25,56,23,40,28,49,57,35,47,63,11,13,41,10,43,7,20,50,19,36,0,53,12,44,6,61,48,15,58,46,55,62,21,16,9
28,19,6,24,45,23,38,55,39,43,30,20,12,53,40,4,7,31,63,34,37,57,52,21,35,59,41,44,47,54,46,58,25,22,9,8,33,48,51,2,36,5,16,18,11,50,29,0,60,61,3,32,27,56,26,49,10,1,17,62,15,13,14,42
45,13,9,14,49,37,47,15,12,19,7,33,57,46,5,39,31,63,50,48,61,26,20,54,10,2,62,40,30,55,18,27,29,60,59,42,24,52,56,1,43,38,44,35,23,58,6,17,3,32,36,11,25,51,21,8,53,34,28,4,22,41,16,0
39,8,33,31,0,45,49,46,38,12,11,4,48,7,59,35,2,37,62,3,25,20,57,60,26,63,32,52,34,17,16,30,58,44,15,5,47,43,6,53,10,51,61,24,9,40,1,42,23,41,55,21,27,36,13,19,22,14,54,29,28,50,18,56
6,9,57,10,49,33,2,14,46,17,62,27,50,30,22,60,34,56,23,47,41,51,4,32,61,29,43,25,63,40,7,39,24,18,0,54,16,12,11,37,19,5,1,45,53,35,26,58,21,42,13,31,48,15,44,55,28,38,20,8,52,36,3,59
29,30,24,41,5,7,60,48,35,42,0,6,27,59,13,54,22,2,50,44,11,45,26,53,36,19,17,25,23,4,62,15,31,55,57,9,43,46,49,14,8,63,61,28,39,12,52,18,38,1,34,58,32,21,16,3,20,51,37,33,40,47,10,56
19,23,44,24,32,9,14,55,50,2,30,43,6,18,56,37,4,40,3,49,20,7,38,58,11,22,16,8,0,63,17,45,27,39,5,28,52,12,15,42,57,62,61,53,26,21,54,46,25,47,33,10,29,51,1,31,59,36,60,34,35,13,41,48
18,29,53,54,49,12,58,6,19,27,52,61,20,48,22,35,36,3,41,34,30,9,17,24,10,8,0,25,16,45,28,60,37,31,57,50,56,21,46,51,47,59,62,1,11,23,43,33,5,55,44,63,14,26,39,13,4,32,7,40,42,15,2,38
29,9,35,31,0,50,32,3,14,15,24,59,5,13,25,22,60,40,21,58,45,19,61,47,12,43,42,30,4,23,52,46,48,49,27,6,33,53,63,18,16,2,51,57,7,38,37,39,10,56,1,62,26,17,55,11,20,28,8,54,36,41,44,34
39,26,54,9,7,59,58,30,51,2,8,60,41,6,62,63,22,29,5,1,35,24,48,13,34,4,50,45,15,33,56,10,43,53,16,37,40,0,42,20,25,14,52,57,44,18,3,27,31,49,61,23,21,19,17,28,46,36,32,47,11,12,38,55
62,24,31,47,8,43,1,6,34,42,36,16,22,5,57,10,9,13,45,35,39,56,38,0,59,49,30,27,44,61,40,54,11,2,21,46,25,20,52,55,51,18,26,33,23,12,58,19,41,48,14,3,4,32,37,50,63,53,15,28,7,29,60,17
0,1,7,38,59,42,61,36,10,8,5,39,3,50,41,6,62,48,28,12,57,14,16,17,24,22,37,54,52,43,25,34,27,47,13,35,29,18,33,45,40,21,23,19,58,53,2,32,26,11,60,9,63,4,51,30,15,56,44,49,55,46,31,20
52,46,24,48,3,36,40,23,18,5,29,51,47,10,12,1,19,17,62,37,20,45,2,54,56,16,35,55,27,44,14,15,8,33,21,11,42,49,0,61,28,4,43,63,41,58,38,9,50,32,26,30,59,60,34,57,22,31,25,6,39,13,7,53
35,62,49,45,23,4,18,59,39,1,33,7,21,13,54,27,50,57,16,15,36,26,43,22,52,42,37,14,5,46,28,17,12,20,32,55,60,10,53,24,25,40,34,8,3,51,19,29,61,38,9,11,30,31,0,6,2,63,44,48,58,56,41,47
49,39,32,28,38,29,30,50,53,40,3,12,19,42,31,52,11,20,17,1,60,47,55,46,41,2,35,37,36,59,16,58,33,62,44,7,51,34,54,10,21,24,25,45,63,22,8,14,23,56,15,6,43,5,13,4,48,9,57,61,26,0,18,27
41,45,18,31,10,43,48,21,62,49,50,36,53,38,9,7,32,51,46,47,2,11,63,35,56,16,28,57,20,6,5,22,23,14,37,54,61,44,42,25,13,17,40,33,59,34,60,58,8,52,4,1,12,24,26,39,55,15,3,30,0,19,27,29
51,4,10,31,63,53,49,20,57,8,3,2,42,6,43,7,21,50,32,11,23,38,61,14,55,56,13,35,40,33,52,34,9,16,15,25,41,44,36,45,19,5,24,62,48,60,54,26,47,28,58,0,12,39,37,22,29,1,59,30,46,27,17,18
51,48,19,44,40,37,46,41,7,39,17,18,20,62,30,15,29,31,3,2,33,6,8,16,38,9,10,53,59,63,61,42,32,52,21,55,60,11,24,50,23,27,49,58,13,12,57,56,4,43,54,22,25,28,5,47,36,35,14,1,45,0,34,26
12,4,7,18,1,41,52,14,61,45,42,9,60,40,33,17,38,26,36,23,3,59,57,35,28,63,15,30,55,37,51,31,16,29,49,27,24,22,6,58,34,50,46,47,54,5,53,0,21,32,43,2,8,25,11,62,44,20,19,13,39,10,48,56
51,25,62,52,42,53,1,58,15,30,49,36,46,14,27,6,47,41,43,59,13,16,28,19,33,12,21,56,48,37,18,61,44,22,2,34,8,4,29,7,54,24,55,11,5,63,40,39,17,9,23,38,10,32,26,31,35,20,50,45,60,57,0,3
25,41,35,51,10,59,40,47,60,50,37,56,53,22,12,21,42,20,7,8,31,26,3,24,32,14,46,34,55,28,1,17,4,5,38,54,63,39,48,43,15,45,18,58,23,2,30,11,57,0,33,36,6,27,19,49,9,62,13,16,61,44,29,52
63,6,4,54,15,32,9,22,11,7,1,47,26,55,46,29,42,45,59,3,2,13,20,25,56,10,27,8,44,49,19,33,0,41,51,36,48,31,62,61,21,37,58,52,57,43,14,39,28,12,30,40,18,35,38,24,50,16,53,5,34,60,23,17
40,47,59,10,9,33,19,2,1,58,7,61,63,20,15,4,42,8,30,18,11,51,23,26,46,31,44,5,39,57,35,17,37,27,49,62,32,34,14,50,48,25,29,21,13,53,54,16,24,0,12,45,22,6,41,43,38,28,55,56,60,52,36,3
32,12,36,3,29,26,24,40,60,18,57,21,45,61,20,1,9,2,33,19,23,8,44,55,53,25,41,17,54,38,48,22,37,51,34,58,46,13,30,35,50,6,52,15,62,5,63,0,47,59,43,10,49,11,39,42,28,31,16,4,27,7,14,56
49,46,32,29,51,2,38,40,23,7,0,44,21,58,59,18,25,56,52,8,24,62,19,36,61,5,50,47,10,48,45,53,60,31,54,15,27,41,1,33,20,43,34,26,14,16,57,37,55,13,35,3,12,42,28,63,9,11,17,39,30,4,6,22
15,48,34,59,37,3,50,55,53,32,7,46,45,9,6,62,23,35,10,52,26,1,51,27,43,16,8,63,33,30,61,17,24,56,58,47,19,18,38,54,36,60,11,41,49,42,28,14,22,25,4,0,31,21,12,20,5,57,13,40,29,39,44,2
40,21,49,63,61,54,36,1,0,31,38,62,37,24,4,2,48,22,35,41,10,9,30,15,20,44,25,7,6,56,55,18,27,50,60,26,8,58,16,39,11,51,28,17,12,34,32,19,29,52,59,5,42,23,43,46,57,13,3,14,33,53,47,45
54,41,47,32,42,46,43,39,53,27,12,48,0,6,62,34,55,58,38,52,25,59,23,16,9,17,56,26,35,29,8,50,36,1,22,24,20,19,18,60,37,28,57,2,14,31,4,61,30,63,40,21,49,10,33,7,5,13,15,45,3,51,44,11
47,15,39,43,38,9,0,4,2,23,60,50,29,45,10,18,35,20,26,51,5,48,57,63,3,19,52,32,21,53,11,33,40,54,41,7,14,6,58,59,22,30,46,17,28,27,34,31,62,56,8,24,36,44,13,16,1,61,55,12,42,25,37,49
53,0,2,3,31,45,39,5,50,7,48,21,43,54,18,14,37,13,34,1,15,42,17,11,35,52,41,36,56,58,23,29,24,62,32,63,22,19,26,61,9,12,8,30,28,57,38,10,59,60,16,55,20,4,25,47,46,51,33,6,49,27,44,40
15,44,4,6,16,1,58,36,60,19,50,51,42,39,0,46,17,3,2,8,20,55,14,48,61,5,11,9,53,13,27,31,56,7,18,21,30,38,54,12,26,33,37,25,34,28,24,40,45,49,10,22,52,47,63,59,32,41,57,35,62,29,43,23
31,49,56,14,21,2,47,23,3,1,46,58,7,4,42,60,44,17,54,43,25,62,0,59,13,32,45,16,41,50,15,33,30,36,27,57,12,37,11,26,48,19,28,18,40,9,34,20,35,53,38,22,8,29,52,24,55,6,51,5,61,63,39,10
35,8,39,34,31,0,1,27,51,21,42,3,18,60,58,19,61,16,23,62,48,24,13,55,22,41,6,10,20,46,2,25,38,49,7,26,50,45,43,56,4,11,29,52,59,37,33,36,32,63,14,17,15,30,53,40,9,44,28,54,5,12,57,47
48,34,7,46,54,26,35,28,4,56,27,39,24,15,36,45,63,5,60,32,43,0,44,62,25,2,8,47,14,33,11,9,23,1,51,40,49,58,59,16,57,41,18,13,30,37,55,50,3,52,20,61,29,42,19,31,21,6,22,12,17,38,10,53
59,16,45,57,23,52,25,29,60,36,51,56,8,14,21,26,12,61,40,27,32,48,10,42,63,62,22,19,53,37,30,18,38,24,33,13,55,46,31,43,44,49,4,20,9,54,35,34,0,50,1,39,47,58,7,6,15,11,41,3,28,5,17,2
7,26,35,4,2,16,51,42,47,9,50,23,61,27,32,5,24,48,39,57,49,1,22,56,20,30,0,29,45,60,55,31,38,44,52,41,8,54,33,43,40,13,62,21,18,53,59,3,11,37,17,12,25,6,15,36,63,46,19,10,28,58,14,34
43,63,54,53,39,14,48,29,12,10,6,36,57,1,17,38,51,37,18,27,13,4,5,9,52,47,22,21,8,44,16,0,15,41,2,11,40,58,50,20,24,31,33,35,59,30,62,45,26,28,34,3,60,32,23,46,56,25,55,7,19,61,42,49
55,56,3,4,32,17,62,52,28,53,12,59,30,20,51,10,45,8,24,0,40,50,27,60,46,36,19,25,54,47,18,6,34,38,23,31,7,13,37,5,48,44,9,61,42,39,16,35,15,14,57,26,63,41,58,49,2,1,21,33,43,11,29,22
1,53,42,4,55,52,62,12,40,36,26,44,49,21,57,59,5,11,54,51,37,47,9,29,35,24,27,23,18,48,61,2,41,43,25,22,50,19,39,63,17,20,14,58,31,30,15,10,32,34,7,33,46,60,0,28,38,6,56,3,45,16,13,8
40,54,39,15,61,23,32,42,12,21,51,50,22,49,5,4,46,55,47,33,63,43,41,18,45,0,10,1,11,16,7,34,37,59,9,26,56,52,24,35,44,60,29,38,2,13,20,14,3,25,58,6,53,31,30,19,27,17,28,48,8,36,57,62
39,32,1,21,62,54,28,34,35,16,23,17,9,40,61,33,60,15,13,3,53,43,0,59,55,57,41,63,42,12,10,26,6,52,18,29,11,44,5,22,8,24,36,47,56,14,7,48,20,37,38,49,2,30,45,27,46,50,4,58,25,19,31,51
58,38,29,34,37,11,46,39,10,60,48,25,51,15,19,63,18,24,20,47,40,56,9,43,0,13,36,32,57,17,14,49,33,7,12,53,8,30,3,44,23,21,54,50,2,59,16,26,1,42,61,41,28,35,31,27,45,62,5,55,6,4,52,22
10,32,16,19,47,57,12,49,44,58,46,23,35,3,8,13,17,39,7,9,15,45,22,20,30,62,31,14,21,5,53,41,40,25,50,51,59,1,63,54,52,60,28,2,0,36,4,43,38,56,37,27,11,26,61,18,29,42,34,24,33,55,6,48
23,6,49,58,50,57,54,37,38,1,3,12,45,19,48,41,9,63,5,47,31,29,4,27,24,52,7,18,32,55,62,42,25,28,30,8,53,21,36,10,13,56,17,46,16,34,2,11,33,14,43,26,51,61,22,35,20,44,39,59,0,15,40,60
15,56,40,34,2,20,44,42,18,62,4,63,51,54,38,19,21,22,5,43,53,11,10,39,9,13,0,25,47,57,46,7,14,8,26,33,31,27,59,45,55,23,6,29,32,35,48,28,30,41,12,37,52,58,24,1,61,16,49,60,50,36,3,17
46,24,40,59,57,13,63,16,19,31,9,47,54,27,51,37,4,53,3,17,45,35,38,25,62,1,10,61,15,30,14,23,32,12,26,49,34,43,28,11,50,44,5,22,7,60,2,29,8,48,0,6,52,33,55,42,21,39,36,20,56,41,58,18
53,13,0,34,57,36,51,62,59,43,26,55,61,29,49,18,31,2,20,15,9,14,21,24,7,35,19,46,22,25,47,50,52,39,40,58,10,33,37,16,32,60,45,6,1,27,44,38,4,28,3,12,30,42,5,11,54,48,8,56,63,17,23,41
26,0,9,58,39,48,56,3,50,25,29,38,23,21,31,41,15,36,37,17,20,2,44,28,60,22,45,4,14,57,16,35,63,34,30,8,32,59,12,46,43,27,42,19,1,40,52,7,47,13,49,54,33,51,5,61,53,62,55,10,6,11,24,18
54,57,50,14,39,37,49,3,48,43,55,47,27,4,29,42,22,21,24,33,32,61,31,7,0,34,35,53,8,59,63,56,38,60,41,15,46,51,52,30,20,58,2,36,13,25,40,11,26,6,45,28,62,23,16,12,10,18,1,19,5,44,9,17
35,13,10,57,20,60,47,38,15,63,16,58,2,25,26,55,31,30,52,33,11,27,61,24,56,21,17,3,39,14,54,12,36,7,1,37,4,59,62,50,29,9,51,5,42,0,45,44,23,40,18,41,32,46,8,34,6,49,19,22,43,53,48,28
39,6,44,21,20,59,26,47,41,14,34,29,40,23,5,16,51,3,1,52,32,17,57,46,55,13,30,43,42,50,0,62,22,49,45,31,10,12,63,4,53,27,36,18,25,38,15,54,24,33,9,7,56,11,8,60,28,48,58,19,37,35,2,61
36,5,45,44,29,47,56,31,15,21,2,10,38,51,52,6,35,42,4,0,33,59,27,43,9,53,13,25,26,34,62,48,41,49,14,24,61,12,50,58,39,54,8,22,28,55,16,57,32,46,20,23,3,63,37,11,40,17,18,30,60,19,7,1
61,43,57,55,7,5,56,60,62,14,30,48,31,19,33,22,24,1,20,26,6,46,32,9,2,4,45,3,34,36,38,54,63,40,25,23,53,50,12,8,21,49,41,35,47,29,13,44,59,42,27,52,16,18,17,51,11,37,28,58,15,10,0,39
5,41,3,35,20,1,9,43,58,23,26,54,17,52,53,57,13,11,47,28,24,0,19,46,51,14,38,27,12,25,2,16,10,33,8,36,61,32,21,42,50,29,4,60,49,56,48,6,22,62,59,34,18,7,45,63,37,31,44,15,39,30,40,55
20,52,8,62,32,37,63,54,60,45,56,51,4,46,15,28,0,49,59,11,25,24,47,22,31,14,13,19,57,16,2,30,29,18,44,9,33,17,40,12,58,21,6,53,42,34,48,23,36,3,50,10,1,35,61,26,39,5,27,38,55,41,43,7
15,10,33,50,34,49,35,40,42,52,45,12,41,31,18,28,39,19,11,13,16,47,51,60,14,26,38,4,58,59,27,8,9,22,24,56,62,2,3,43,37,55,6,54,29,46,17,44,57,25,21,30,48,32,23,53,1,7,36,63,20,61,0,5
30,62,45,11,57,59,51,49,26,12,6,7,36,50,37,34,42,0,44,35,25,61,24,2,40,53,46,16,22,56,48,20,39,33,1,10,4,27,63,28,41,17,18,55,58,52,47,14,43,8,21,54,60,5,13,38,23,19,9,3,32,29,15,31
9,12,4,61,29,22,36,41,20,34,50,7,23,1,33,51,21,15,59,32,46,39,56,27,62,35,10,17,5,24,44,54,40,13,6,58,49,30,42,63,57,48,47,26,28,45,37,2,38,11,55,52,16,14,18,8,3,0,19,43,31,53,25,60
38,45,54,11,8,12,36,62,31,59,61,6,60,25,43,4,28,19,9,40,42,17,63,13,16,1,37,24,46,3,50,56,33,48,52,34,23,51,39,22,0,27,44,29,30,2,20,49,10,47,58,32,26,35,57,5,21,7,41,14,18,15,53,55
11,20,46,48,58,19,33,53,44,7,51,5,50,10,3,41,56,13,15,62,39,31,36,22,59,52,30,60,54,63,47,17,9,43,42,55,1,28,25,34,12,23,2,16,45,21,18,57,14,29,6,26,0,27,40,32,35,8,24,38,37,4,61,49
32,23,55,3,12,53,45,38,22,47,61,34,17,43,54,13,26,58,33,52,18,57,59,27,15,44,9,41,35,2,62,20,6,49,21,29,1,5,10,56,46,40,0,16,39,4,28,48,31,24,63,14,7,11,30,60,25,8,51,37,42,36,19,50
7,45,62,31,32,30,9,42,52,14,54,46,33,44,29,0,5,25,22,35,6,12,57,59,13,53,8,1,56,28,63,16,41,3,34,19,20,2,23,26,21,55,39,49,10,50,47,11,27,43,60,58,24,37,15,48,36,51,40,61,38,18,4,17
19,16,50,9,11,61,33,28,20,54,17,41,57,52,14,36,39,49,51,45,8,6,1,18,34,15,29,63,24,26,23,31,47,10,32,60,48,35,7,12,37,5,62,22,21,13,55,44,40,3,43,38,30,0,46,59,27,53,56,2,42,58,25,4
12,23,0,29,15,51,20,45,27,33,13,32,2,9,36,60,8,42,10,35,22,43,11,57,39,1,24,54,37,19,34,46,14,44,50,38,58,18,48,17,3,62,49,56,52,25,16,31,40,55,26,21,53,4,47,30,41,7,28,61,6,63,59,5
60,23,30,28,19,9,29,21,48,61,8,2,11,3,58,17,31,42,7,5,54,51,53,38,6,59,37,62,32,22,47,35,55,14,0,63,16,52,41,18,57,27,25,45,12,40,20,56,24,15,1,34,50,10,46,39,36,43,13,49,33,4,44,26
28,36,11,27,32,10,1,61,17,48,24,12,31,41,54,34,3,2,23,8,57,59,19,20,33,51,45,0,40,60,25,55,35,63,26,18,47,44,15,46,39,52,38,42,16,62,49,5,21,9,53,13,22,43,29,4,37,30,50,56,14,6,58,7
22,4,35,33,53,29,9,46,63,23,50,38,45,30,20,57,40,54,3,39,52,28,1,31,14,10,59,43,55,8,56,49,26,34,62,48,44,61,58,12,15,60,17,47,32,16,19,27,5,42,0,24,25,51,11,18,6,37,2,41,13,36,7,21
41,55,9,56,28,3,33,31,10,36,35,15,44,18,14,20,13,62,26,43,45,50,27,16,59,53,24,1,58,4,60,61,57,30,5,32,39,51,46,7,37,54,52,22,8,2,0,47,29,34,21,63,6,23,25,40,17,49,19,48,12,11,42,38
58,62,32,39,44,3,30,59,57,36,40,41,0,46,31,47,48,60,34,24,6,52,27,26,14,37,56,2,43,21,22,29,15,8,19,54,23,11,35,53,45,16,42,38,51,33,9,25,12,63,49,17,55,61,4,13,5,1,20,18,28,10,7,50
46,15,56,32,39,42,26,61,53,10,19,44,14,35,9,34,48,63,18,1,47,55,58,11,6,7,22,8,27,12,57,24,16,21,49,4,17,37,3,38,30,62,54,51,50,60,5,31,0,40,43,2,29,28,25,13,33,23,36,41,59,20,45,52
38,54,10,34,1,42,17,20,23,63,11,32,16,48,4,22,37,41,52,60,27,40,36,18,2,29,53,28,0,61,14,24,6,21,3,57,9,25,19,30,56,43,58,31,33,51,15,50,44,62,55,47,46,45,12,8,35,59,39,7,13,26,5,49
61,15,33,57,52,34,25,35,55,18,11,0,20,9,62,29,13,51,32,49,38,56,54,48,31,14,39,46,50,63,6,8,16,58,7,37,22,21,19,3,17,12,1,30,5,60,53,10,23,27,45,24,4,59,43,2,28,44,26,42,47,36,41,40
50,28,57,19,30,58,53,11,6,47,54,59,35,62,21,7,12,15,45,42,52,51,17,60,5,34,20,49,10,61,55,40,32,13,44,39,18,41,23,9,63,46,4,14,27,48,36,1,22,33,25,38,43,16,37,24,26,31,0,3,29,56,8,2
48,51,54,37,18,44,35,21,24,38,0,16,26,32,63,17,59,15,5,8,13,46,1,29,33,62,14,23,7,50,55,42,39,12,58,2,56,6,47,45,28,31,30,9,52,19,10,4,3,57,22,40,27,53,11,36,49,41,25,60,34,43,61,20
57,27,12,30,31,47,36,4,0,11,18,52,6,56,32,20,43,37,61,62,26,53,21,41,59,55,40,9,10,28,33,24,22,45,54,39,2,17,63,25,49,3,50,35,7,42,38,15,14,48,34,13,58,51,60,8,23,29,46,5,1,16,44,19
9,21,14,28,19,7,25,24,20,40,12,33,29,51,35,31,23,2,50,22,16,6,45,8,48,30,44,58,42,1,49,63,39,46,15,26,55,5,13,27,43,47,52,10,3,17,59,11,37,38,61,53,32,54,36,62,18,0,57,60,41,34,4,56
13,58,51,33,56,44,46,37,23,26,22,9,19,36,6,54,43,38,17,21,52,5,4,35,62,15,12,30,32,0,57,50,59,61,39,60,2,14,3,25,28,45,48,40,1,7,16,34,10,63,31,42,55,27,41,20,49,8,18,29,47,24,11,53
41,33,28,45,23,26,52,46,49,63,7,59,25,13,51,40,29,18,44,16,11,5,32,31,19,36,3,42,48,62,12,50,47,56,55,43,2,6,57,0,39,1,17,15,38,20,27,34,60,10,22,35,30,53,8,14,4,37,24,9,21,54,58,61
43,31,39,38,44,37,61,46,30,13,35,53,49,29,56,40,27,22,21,2,7,54,28,45,50,15,20,62,14,19,63,11,51,9,52,6,4,55,24,41,16,23,32,42,5,3,47,10,48,59,12,0,33,26,1,60,18,17,34,36,58,8,57,25
14,60,36,15,43,55,61,16,18,32,12,45,51,30,33,39,17,41,44,26,11,38,48,50,21,10,46,7,2,58,62,0,54,53,13,9,37,5,25,20,56,63,28,8,27,31,22,35,42,6,23,29,4,52,57,1,3,34,19,49,47,40,59,24
19,41,40,51,58,35,18,28,12,14,48,43,46,47,56,24,42,37,9,2,25,52,45,6,50,53,23,5,36,44,63,39,21,0,62,31,4,16,8,22,1,15,32,60,29,54,3,38,55,57,27,59,33,13,10,11,20,17,61,34,49,7,26,30
11,61,37,63,23,0,36,39,14,34,41,21,22,4,10,47,15,6,55,3,16,32,1,54,49,51,56,38,2,30,18,13,59,44,29,27,53,43,58,60,28,20,7,62,8,46,48,31,9,35,40,25,33,52,5,12,45,50,19,26,57,24,42,17
3,30,2,22,46,20,43,59,60,23,11,34,18,12,8,48,7,53,29,47,6,54,17,35,63,19,41,40,9,55,61,49,50,38,0,39,1,36,56,58,31,24,21,16,28,45,62,44,27,52,15,14,26,13,25,33,5,57,42,37,32,51,10,4
33,31,44,38,51,9,59,8,53,7,24,2,54,10,46,22,19,61,1,15,34,56,4,45,5,63,48,14,39,3,6,60,43,29,58,20,16,11,52,30,49,62,28,35,13,18,40,12,55,57,42,0,21,23,36,50,25,17,41,47,37,26,27,32
33,59,12,21,31,5,46,32,17,34,47,30,51,7,28,57,54,25,42,6,49,53,8,40,41,26,62,60,19,27,11,39,35,4,45,1,15,38,29,14,36,61,58,37,2,10,55,43,63,52,0,18,9,24,3,50,16,22,48,20,56,13,23,44
6,52,10,51,50,39,25,32,20,35,49,59,3,18,2,23,56,48,14,28,17,58,24,60,31,11,0,1,61,19,21,43,29,53,36,55,27,34,8,16,62,54,42,9,44,12,30,26,37,7,63,15,22,46,5,57,47,13,4,38,45,41,33,40
4,49,11,48,1,61,6,27,30,29,63,47,14,34,7,22,0,15,56,23,10,20,13,44,40,45,5,41,25,2,50,8,62,52,59,12,16,57,37,26,60,33,55,31,42,58,18,43,21,9,51,28,24,32,53,39,19,38,17,3,54,46,36,35
24,60,8,51,21,48,6,0,52,7,19,46,58,29,25,16,1,27,39,59,4,44,50,13,15,33,61,31,36,43,55,11,41,34,49,63,54,28,32,5,30,23,9,17,3,18,42,57,12,2,62,35,47,37,38,53,20,45,26,56,22,10,14,40
48,27,12,44,45,17,60,57,8,20,22,61,1,51,14,7,56,49,10,35,2,41,37,59,54,32,33,23,52,16,55,26,24,58,25,47,30,19,11,31,29,46,5,13,6,40,3,0,63,62,28,42,21,9,38,34,18,36,39,53,43,4,15,50
28,26,59,2,7,40,3,4,56,5,55,42,60,27,32,35,25,16,11,49,17,0,12,8,63,34,20,61,24,53,43,30,52,33,36,46,48,47,23,1,50,14,29,9,6,58,45,62,57,21,22,31,51,44,15,10,19,37,54,38,13,41,18,39
39,63,33,57,32,42,61,11,23,22,54,44,16,43,0,27,36,6,58,30,51,45,24,56,15,10,35,52,62,25,2,53,40,48,20,12,4,46,18,59,50,34,14,26,13,47,9,49,28,1,3,7,41,17,5,8,29,19,31,21,60,38,55,37
53,21,11,59,28,55,3,50,10,60,25,4,29,46,5,23,51,45,9,35,14,58,41,1,20,19,57,15,37,43,36,27,12,13,63,48,40,44,49,34,39,61,42,17,2,0,24,32,54,38,33,56,22,8,6,31,18,52,62,7,26,16,30,47
38,56,16,49,23,58,6,7,31,63,45,44,37,42,24,10,59,9,35,51,26,54,60,4,29,20,28,5,62,48,12,2,22,18,13,41,46,53,61,3,0,14,33,8,32,55,11,25,39,57,47,21,17,30,27,34,43,50,52,36,15,1,40,19
38,11,0,56,46,25,60,51,17,36,63,50,39,26,5,27,1,21,4,55,44,9,3,45,8,6,12,34,20,52,48,49,58,28,41,35,47,23,33,54,37,42,29,14,32,10,43,7,30,18,57,31,2,40,61,24,13,62,22,16,19,53,15,59
49,36,60,47,55,37,11,26,45,22,9,15,16,10,1,21,5,63,19,13,42,31,7,4,39,57,51,46,41,34,44,58,27,29,32,40,17,20,35,8,33,18,43,0,12,6,52,62,25,61,30,23,3,38,53,54,50,28,2,14,59,24,56,48
0,34,9,11,59,12,23,58,20,35,31,17,6,15,24,40,62,37,16,21,1,42,33,19,10,54,30,28,36,48,43,13,38,3,47,49,27,29,4,8,14,52,63,22,25,57,51,7,32,60,18,61,50,5,46,56,2,41,44,26,55,39,53,45
45,19,40,15,30,48,21,27,32,35,34,9,63,16,0,6,4,29,13,47,46,17,38,14,12,53,54,11,2,37,20,50,22,58,39,26,1,25,51,60,33,62,5,7,31,36,59,28,55,57,42,52,3,56,8,24,44,18,10,43,23,41,49,61
22,0,47,38,27,60,57,6,23,12,51,14,42,19,15,62,24,25,45,31,7,36,2,50,18,8,28,39,34,11,43,29,54,3,16,61,32,30,21,20,33,59,5,9,53,35,44,4,41,46,58,26,55,13,1,48,10,52,40,56,49,17,63,37
9,38,10,51,31,16,41,36,32,0,43,34,13,5,8,25,61,47,26,6,57,46,23,59,14,29,2,12,49,48,44,56,18,27,63,4,54,50,20,62,42,58,35,22,52,11,33,7,55,1,19,40,21,15,30,39,28,45,17,53,24,37,3,60
62,15,22,61,5,41,14,33,55,16,12,9,6,51,19,8,21,58,52,60,31,29,37,10,47,59,38,56,28,43,13,17,63,11,46,40,44,54,25,48,36,50,23,30,32,3,42,57,2,45,18,35,20,49,39,0,53,1,26,7,27,4,34,24
26,46,59,23,35,0,43,34,55,20,38,25,19,30,50,53,60,1,48,5,51,21,14,44,54,56,16,18,33,13,37,11,41,7,61,49,12,36,39,24,47,8,58,40,45,10,15,62,42,3,22,57,52,63,2,32,9,31,17,29,6,4,28,27
58,42,49,46,35,51,48,10,18,32,45,53,44,37,7,52,50,13,43,14,40,47,3,12,4,21,61,54,6,1,63,16,17,36,26,11,22,29,20,23,30,28,39,57,24,2,34,9,33,56,60,59,15,62,55,5,25,27,38,8,41,0,19,31
31,19,42,23,3,26,11,34,28,36,49,41,47,61,29,58,16,8,0,40,48,1,2,33,30,12,17,25,52,50,5,37,59,6,44,27,35,57,39,46,56,21,9,4,63,15,20,55,43,24,51,14,18,54,32,7,13,60,53,45,22,62,10,38
50,29,59,15,1,3,26,56,22,46,61,47,24,38,10,35,21,27,62,20,49,51,17,57,58,13,55,43,33,25,12,18,7,52,41,44,40,39,31,34,2,5,42,8,48,45,28,0,19,37,36,23,32,9,14,54,60,4,63,30,11,6,53,16
27,60,38,28,10,36,39,49,43,47,7,24,3,61,19,63,54,46,8,44,62,15,0,5,31,53,12,30,9,34,26,50,11,22,29,1,52,42,40,25,21,48,18,51,33,55,6,56,20,13,59,41,23,45,17,14,16,2,58,57,4,32,35,37
62,51,40,36,41,44,55,46,7,52,22,6,34,48,21,26,28,19,43,57,29,38,12,59,25,37,49,56,31,32,63,14,15,0,47,10,2,33,16,5,3,39,42,27,24,53,45,60,9,18,13,8,4,30,58,23,61,17,1,20,35,54,50,11
7,35,27,41,18,51,33,13,17,56,37,4,59,1,62,42,54,39,43,15,36,49,60,11,47,55,21,3,16,22,50,8,26,52,25,45,32,2,44,53,9,40,24,34,30,48,46,23,63,28,0,20,58,57,31,29,10,12,5,6,61,14,19,38
5,46,18,35,24,55,62,0,53,26,52,1,28,31,16,15,10,25,11,34,51,3,33,38,2,23,27,56,44,63,7,40,6,29,36,19,50,48,9,8,61,22,37,12,20,59,4,14,30,54,49,39,32,21,60,43,47,41,58,17,13,45,42,57
17,4,48,36,0,58,41,31,9,18,37,47,42,11,51,54,26,56,6,32,29,28,53,22,12,45,55,49,23,34,21,27,8,43,16,13,3,24,61,57,30,5,59,14,19,25,1,52,35,44,63,20,39,10,38,2,50,60,33,15,7,46,62,40
36,59,34,47,45,53,13,41,51,17,39,1,28,61,50,7,3,23,15,29,11,30,56,24,42,37,31,22,6,55,35,33,0,44,9,58,40,14,16,48,57,43,26,18,4,38,63,60,25,20,2,54,10,19,52,27,21,8,62,46,12,5,49,32
32,47,33,8,30,46,40,0,12,24,39,1,51,2,45,20,31,27,58,15,7,25,59,37,43,56,9,44,17,22,13,16,5,62,52,19,34,26,14,48,49,28,6,23,54,10,4,3,57,11,60,61,50,41,18,42,36,53,29,55,38,35,63,21
56,6,16,0,47,21,5,4,43,18,26,38,35,7,51,49,39,40,10,55,25,58,59,3,20,1,36,24,15,42,62,60,48,61,19,63,33,41,54,37,14,13,11,57,17,2,32,44,45,27,30,34,9,31,22,28,12,53,23,8,50,46,52,29
3,33,44,1,42,52,46,18,19,29,37,58,57,59,0,62,23,28,31,61,12,48,22,54,4,47,6,26,56,32,16,25,24,27,35,7,49,34,9,43,15,30,55,51,38,60,8,17,10,40,41,45,2,14,53,50,39,20,63,13,5,21,36,11
45,53,40,63,22,8,27,12,0,38,25,7,62,23,1,21,36,43,48,31,58,61,33,47,37,35,52,3,57,13,9,46,32,19,55,41,5,18,14,39,26,2,50,59,44,54,20,30,17,60,34,4,15,11,28,10,42,6,51,49,29,24,16,56
26,7,34,62,54,63,4,36,13,14,23,51,30,18,12,41,45,0,31,3,33,15,10,57,1,50,46,8,55,29,42,52,53,49,48,58,32,39,27,22,19,5,61,47,37,9,60,56,24,59,28,40,17,16,25,44,35,38,20,11,21,2,43,6
27,59,36,44,50,43,3,48,40,15,35,52,42,47,1,53,9,21,2,23,28,54,26,39,38,17,57,30,12,61,5,32,41,22,45,4,19,16,10,31,46,25,29,58,51,8,6,34,20,55,56,13,63,33,49,7,37,14,11,60,0,18,24,62
2,63,57,19,56,49,4,28,62,33,58,61,5,27,10,35,0,22,31,60,41,8,15,6,40,44,23,53,12,48,11,46,26,30,24,17,20,25,50,47,34,51,32,42,38,39,29,16,9,54,14,1,3,52,21,43,59,36,45,55,13,18,7,37
45,48,59,10,13,22,34,29,58,40,14,16,5,18,17,8,23,41,7,44,20,12,52,38,1,61,2,30,0,33,15,49,4,24,36,63,47,21,50,42,6,51,46,53,28,62,25,39,55,60,37,56,26,57,27,9,19,35,11,54,31,3,43,32
60,12,39,4,16,2,14,13,3,34,0,63,46,9,10,26,62,33,48,17,50,21,57,22,51,61,5,11,23,49,28,42,7,1,29,31,35,59,8,32,6,18,19,41,45,47,30,55,24,58,52,44,40,38,20,25,43,15,27,53,36,37,56,54
35,36,15,41,34,0,19,2,59,7,27,8,28,47,51,29,44,37,42,4,5,31,45,53,16,30,62,60,21,9,33,32,63,14,57,20,48,3,40,49,6,25,26,52,39,18,12,38,11,54,43,58,61,24,10,23,55,56,1,17,46,50,22,13
59,23,7,27,61,33,46,9,52,3,45,51,0,31,16,8,1,20,10,50,6,29,15,58,47,38,13,53,14,60,12,39,17,57,48,63,19,22,2,49,56,28,21,25,34,42,24,35,62,30,44,36,11,5,40,37,43,54,32,18,55,4,41,26
33,54,62,1,4,12,24,7,45,13,57,9,11,47,19,25,2,17,23,6,0,36,34,10,58,28,56,63,3,30,41,49,60,20,51,39,32,55,35,37,43,5,50,18,16,59,53,15,52,22,27,61,38,46,48,40,29,14,8,44,21,31,42,26
42,0,21,26,60,54,53,48,9,41,38,36,43,24,22,44,58,47,61,29,40,16,19,39,35,18,31,59,13,25,27,8,14,63,51,28,3,6,34,15,32,20,4,49,5,12,1,55,10,23,37,52,17,30,45,33,56,2,57,46,11,50,62,7
1,46,14,24,50,34,40,51,36,3,25,62,21,23,61,20,22,11,8,4,58,45,30,37,41,59,27,28,32,52,10,47,18,7,16,6,2,56,57,5,53,63,35,17,15,55,48,29,13,49,38,60,12,31,19,44,0,33,26,43,39,9,54,42
25,30,39,32,56,58,9,19,5,24,3,47,51,43,10,48,16,63,0,26,45,57,55,15,11,22,42,17,18,33,36,8,50,35,7,38,54,21,6,4,40,44,20,27,31,53,60,41,29,52,61,62,37,14,12,46,23,49,1,13,28,34,59,2
61,10,63,33,26,50,25,11,34,12,23,27,1,29,56,22,6,19,59,32,57,30,8,0,7,2,60,42,21,13,47,52,20,48,18,44,40,14,53,62,55,28,17,51,46,3,39,35,54,49,24,16,5,58,43,4,36,41,31,9,38,37,15,45
61,33,13,41,29,31,7,46,53,54,62,17,8,57,23,58,21,22,56,4,28,47,37,35,27,1,32,10,60,42,6,55,63,45,36,2,15,20,9,51,44,24,14,40,19,3,48,5,18,52,34,0,26,49,12,16,59,50,43,11,30,38,25,39
34,24,11,6,27,59,38,19,53,60,41,52,32,10,44,35,28,54,39,62,20,21,40,15,36,31,63,22,7,8,37,9,23,1,17,42,0,18,51,33,58,25,26,14,55,48,61,47,46,43,30,16,56,13,57,4,29,50,49,5,3,45,12,2
23,21,39,4,46,20,6,3,16,5,48,57,2,52,63,19,45,60,13,18,38,44,10,17,15,27,43,34,42,29,50,11,7,8,35,36,55,24,22,12,58,40,31,9,59,32,53,56,37,0,54,1,14,30,51,47,62,41,25,33,61,26,49,28
45,29,21,35,25,54,15,18,10,12,6,59,37,31,28,50,13,61,32,11,8,40,23,57,30,1,62,42,22,46,2,17,49,58,27,38,3,33,44,48,19,9,14,56,7,34,52,5,39,63,20,41,24,51,26,0,53,60,16,55,4,43,36,47
36,35,30,3,61,47,32,42,52,51,12,11,18,5,37,49,16,9,57,29,10,31,25,4,62,43,20,46,27,45,0,54,26,34,53,13,59,63,40,60,17,6,44,48,1,58,14,33,8,22,39,56,15,23,24,55,41,21,19,50,7,38,2,28
51,45,41,37,38,50,28,56,18,6,58,42,23,61,26,22,35,9,8,10,40,46,33,17,39,25,7,5,12,29,53,32,19,62,49,54,24,16,14,36,57,1,43,63,48,47,60,0,44,2,52,13,31,59,11,3,34,4,15,55,30,27,20,21
16,45,40,30,43,25,22,28,52,53,32,61,19,51,8,41,20,38,0,29,56,49,21,54,23,42,48,50,13,37,63,44,33,4,12,47,55,9,26,1,11,5,31,17,24,2,60,10,35,3,62,39,58,46,59,6,14,34,7,27,18,36,15,57
38,35,34,27,58,23,18,55,61,15,46,29,14,5,63,26,19,43,48,1,30,6,54,39,4,33,44,25,24,40,45,50,62,13,11,3,49,47,21,12,0,20,28,51,9,7,22,42,59,56,36,8,31,52,60,53,10,41,32,57,2,16,37,17
26,52,62,43,63,20,2,5,30,21,40,7,39,58,4,19,59,42,47,44,53,36,48,33,1,27,46,14,31,17,51,0,57,60,29,38,55,15,54,18,25,6,49,9,32,24,8,12,23,56,37,50,61,11,45,35,13,22,41,28,34,16,10,3
49,2,7,52,45,31,0,3,50,53,47,14,57,62,19,11,1,29,26,20,9,27,59,39,43,30,37,6,51,23,21,60,40,58,4,61,16,15,22,38,35,36,42,32,55,24,44,56,12,17,63,48,54,34,8,25,46,10,5,33,28,41,13,18
0,9,52,8,16,62,6,23,18,54,56,37,63,29,4,61,19,14,43,11,51,20,57,24,53,28,26,35,42,39,15,49,40,17,1,13,7,25,5,2,59,22,34,3,31,21,45,32,58,55,50,27,38,30,12,47,41,60,33,46,48,44,36,10
63,43,39,27,33,38,26,59,37,60,25,58,52,36,20,41,56,35,31,11,34,22,40,55,24,23,57,53,15,19,61,46,54,42,4,30,14,29,1,44,13,28,51,49,48,0,32,9,47,5,7,21,8,17,10,12,62,6,50,18,45,16,3,2
25,30,41,51,60,6,38,27,15,31,2,42,20,50,22,28,7,45,40,63,10,35,4,46,1,3,29,11,13,54,19,5,34,52,36,32,57,0,14,12,61,49,24,47,62,58,16,53,39,37,43,17,23,8,56,44,55,59,26,33,9,18,48,21
27,8,47,24,32,29,17,2,13,16,11,43,3,38,46,33,0,25,7,54,5,50,15,53,48,19,12,10,62,44,41,58,20,6,60,36,34,22,31,14,4,52,63,49,37,45,21,9,39,55,28,30,57,40,61,42,23,59,35,56,18,1,51,26
35,59,7,1,58,19,28,25,43,55,63,27,32,4,29,61,36,18,16,62,46,24,40,45,20,33,53,37,12,54,5,22,52,60,47,26,8,42,41,14,11,2,49,57,44,13,50,31,0,6,10,21,39,9,23,34,38,17,51,56,3,48,15,30
7,61,3,37,10,55,45,30,5,59,53,63,38,48,52,6,29,28,40,51,41,4,18,39,33,14,44,17,36,50,26,19,21,56,42,16,31,13,49,46,34,2,27,32,23,35,57,22,15,43,11,58,20,62,54,24,47,12,9,60,8,0,1,25
3,46,35,13,12,14,40,56,39,15,42,25,41,9,29,24,60,27,61,43,0,58,23,19,53,54,38,48,26,59,51,45,16,63,4,5,52,7,50,2,55,21,17,30,8,44,11,36,32,22,20,18,47,49,57,34,10,6,28,37,31,62,1,33
12,58,42,23,46,29,2,45,49,4,24,26,38,25,48,32,55,22,10,56,0,35,44,63,61,37,33,21,15,53,14,52,30,19,28,27,9,8,3,51,60,54,1,34,40,59,47,16,50,20,13,11,39,41,31,36,18,7,43,5,17,57,6,62
33,19,61,40,2,50,51,1,12,35,53,47,26,9,30,34,16,58,32,28,0,3,38,39,22,62,17,57,46,44,18,31,60,10,4,25,15,49,48,29,42,20,52,36,24,6,14,45,59,27,8,55,21,7,41,11,13,5,63,43,56,23,54,37
23,45,62,12,9,32,39,36,6,40,46,41,7,42,52,35,60,50,2,43,56,29,59,55,33,10,22,61,57,4,27,54,15,58,51,5,17,31,38,49,48,21,19,63,24,1,13,0,25,34,30,26,47,37,16,18,14,8,11,44,53,20,28,3
47,60,31,19,46,49,38,55,1,24,29,12,15,0,22,34,18,44,32,30,3,57,10,28,5,6,59,41,42,53,23,14,9,20,63,39,43,48,8,26,56,7,37,13,27,52,40,61,51,33,36,2,21,45,54,4,50,35,11,58,25,16,62,17
45,13,54,15,50,49,39,22,18,17,25,20,31,36,34,26,63,24,8,44,53,21,28,7,33,57,52,2,35,46,43,56,12,61,32,10,55,14,47,16,0,58,5,23,4,60,51,6,59,9,41,3,42,29,37,1,27,48,62,40,19,30,11,38
19,31,47,54,28,24,4,21,45,7,55,52,56,34,12,1,22,38,59,26,42,57,37,9,10,29,44,39,11,0,32,41,49,3,58,62,14,17,18,23,53,16,50,46,35,60,25,13,48,5,30,61,15,27,8,43,36,63,2,20,51,40,33,6
18,12,47,40,11,60,0,6,55,9,48,32,54,49,22,4,20,42,62,31,24,16,17,45,26,39,1,44,38,3,36,27,23,35,2,58,50,5,61,13,43,28,21,14,59,46,10,19,8,57,41,37,7,25,34,53,63,52,15,51,56,30,33,29
49,48,51,42,44,9,21,8,53,17,11,29,46,54,25,61,27,18,52,19,26,32,15,47,45,59,55,1,37,35,58,34,56,14,16,30,39,63,38,24,23,40,43,22,20,5,12,13,2,3,62,33,10,6,60,0,41,31,57,4,36,7,28,50
29,38,27,56,3,60,0,24,12,11,47,28,30,46,2,20,22,9,59,53,32,6,8,34,41,36,61,58,50,25,17,31,51,4,42,10,19,62,14,39,52,23,1,45,63,33,7,37,54,57,48,21,15,55,18,26,44,35,43,5,13,49,16,40
30,50,6,61,56,2,24,40,34,3,59,37,53,10,36,27,13,18,25,45,43,21,28,12,1,9,41,26,7,23,33,52,35,15,31,48,49,4,58,55,20,60,29,51,17,44,22,32,8,63,0,11,5,39,38,16,14,46,19,54,47,62,42,57
2,42,7,51,39,37,38,32,3,26,11,52,15,19,59,53,14,23,49,20,22,30,1,10,25,21,9,57,24,44,16,18,45,63,33,60,43,40,48,4,0,62,29,54,13,41,27,47,46,61,28,8,6,34,50,35,36,17,55,31,56,12,58,5
5,33,17,27,24,20,59,31,58,60,41,63,39,43,4,8,37,46,6,11,22,14,32,7,44,40,52,47,38,62,12,13,2,57,9,51,19,0,42,30,23,34,61,21,10,35,55,53,54,25,29,15,56,36,1,48,50,18,26,45,49,16,3,28
33,12,38,14,32,58,20,52,25,19,30,7,22,1,45,56,43,34,24,29,15,50,57,54,35,8,61,5,26,48,2,47,27,17,42,21,13,41,40,46,37,44,4,59,62,36,31,11,63,0,9,3,6,28,16,60,53,55,23,10,39,49,51,18
61,1,57,49,5,35,44,40,53,47,18,30,46,26,4,15,50,33,17,45,28,24,14,62,21,6,3,59,51,25,20,39,52,10,42,41,34,38,29,43,58,0,11,63,36,2,12,48,60,31,8,54,9,16,19,32,13,55,27,7,37,56,23,22
36,10,33,14,21,42,47,41,48,17,11,19,3,62,2,45,35,1,34,40,6,39,25,30,5,58,22,51,46,23,20,13,31,60,50,59,27,53,57,55,54,52,32,43,29,38,49,15,56,61,37,4,44,26,28,7,63,24,0,9,16,12,18,8
44,39,15,42,14,21,59,52,2,29,53,26,57,4,13,48,46,30,37,17,18,34,24,63,0,45,28,22,10,35,36,31,56,6,8,51,19,47,3,49,11,5,12,41,43,58,9,40,27,25,1,55,16,61,33,20,60,62,54,23,50,32,38,7
0,58,40,12,24,23,46,61,15,13,42,8,34,59,49,3,51,25,39,37,28,50,14,32,27,22,16,9,30,56,1,26,17,29,44,45,2,41,62,48,43,63,10,57,36,18,5,11,60,54,7,6,33,55,20,31,38,35,19,47,52,21,53,4
35,6,51,56,1,9,29,63,39,11,38,34,26,28,8,18,2,21,23,40,59,37,12,58,20,36,32,47,46,45,3,0,31,22,25,52,24,44,41,15,50,60,19,27,42,62,55,49,10,57,61,16,54,4,13,53,33,30,17,5,7,14,48,43
19,43,24,51,5,60,47,49,54,11,7,16,26,63,3,15,0,29,23,41,33,61,57,21,9,62,36,52,42,50,4,14,37,34,6,35,8,1,39,40,58,12,32,48,20,10,45,25,30,56,2,44,53,38,31,46,28,59,22,55,13,27,17,18
17,31,4,41,42,19,24,21,9,52,57,30,55,46,32,38,39,35,18,26,47,44,53,59,36,37,63,34,61,27,25,10,3,58,11,60,40,0,15,23,2,29,43,28,12,56,8,1,62,22,14,50,45,54,51,48,16,7,20,6,5,49,13,33
30,63,51,54,16,43,58,18,12,17,37,14,49,8,53,61,4,13,11,7,10,56,62,9,31,35,3,47,46,48,52,20,45,36,38,23,55,26,57,42,41,29,40,2,5,28,25,0,27,1,6,60,33,15,32,44,24,21,39,22,19,34,59,50
47,28,9,31,40,58,61,53,60,35,7,8,27,59,23,38,33,13,42,52,26,45,44,62,34,29,14,25,16,41,30,0,3,46,11,2,21,43,63,56,57,5,20,12,24,18,15,4,50,55,6,36,32,17,19,51,48,54,37,10,49,1,39,22
49,10,0,46,48,39,59,19,38,50,15,41,31,18,20,7,4,12,34,37,27,40,60,63,52,13,30,55,57,26,9,35,1,51,3,33,21,14,22,29,6,17,32,54,24,28,56,25,47,23,58,8,45,44,42,11,5,2,36,43,53,61,62,16
35,61,22,34,2,5,32,19,24,37,63,52,36,13,23,57,3,51,21,4,43,26,17,47,29,50,58,44,20,42,10,16,62,15,40,7,39,60,28,9,45,48,25,18,0,54,49,41,59,1,38,53,12,33,55,8,11,31,14,30,6,27,46,56
10,11,42,32,61,2,62,3,38,8,26,34,21,7,4,41,12,50,58,33,22,49,0,27,56,23,43,52,53,59,15,55,1,25,5,48,45,63,39,24,37,44,35,57,19,18,14,47,40,46,31,6,17,9,28,51,20,36,13,54,60,30,29,16
44,51,30,57,45,21,54,20,59,8,52,6,29,32,63,26,38,60,7,31,4,43,49,1,46,18,33,34,41,35,62,28,39,9,2,56,16,3,27,47,17,37,53,48,5,0,40,36,15,23,55,13,25,58,61,50,24,42,10,14,22,11,12,19
36,57,0,56,63,54,10,20,58,31,44,51,61,18,53,42,5,28,19,34,41,40,45,7,39,48,23,8,52,59,26,32,11,55,29,13,33,49,14,6,46,60,43,4,22,38,30,25,1,35,17,24,50,21,62,3,27,15,12,47,2,9,37,16
35,34,51,38,27,43,60,42,12,57,29,21,18,56,40,8,19,37,24,26,3,31,58,14,25,7,48,20,49,61,36,28,53,1,44,13,62,6,0,39,45,63,4,11,30,54,46,15,22,5,55,32,2,33,9,16,23,50,41,47,17,59,10,52
17,26,13,22,18,61,2,57,10,40,50,43,29,31,8,1,11,55,23,45,38,47,5,44,24,39,52,37,27,30,53,32,16,0,41,7,59,14,4,60,21,33,62,6,48,20,25,42,35,9,19,34,15,49,46,58,3,51,56,63,12,36,54,28
54,15,32,37,17,47,58,33,28,61,57,12,22,55,42,44,6,48,38,0,25,23,1,62,46,5,11,18,50,45,63,14,3,19,51,9,56,31,52,49,35,8,4,41,27,40,30,13,16,24,21,43,7,36,53,29,60,34,39,10,26,20,2,59
8,2,62,46,4,27,25,59,19,7,51,21,13,47,49,5,34,3,9,52,40,32,28,23,15,30,6,44,45,53,11,12,60,33,1,36,0,18,41,39,55,63,22,26,31,10,50,48,57,43,54,29,61,56,35,58,16,42,17,37,20,14,38,24
45,39,18,56,40,2,4,11,37,8,53,58,17,48,47,5,30,36,10,1,46,15,54,22,6,13,44,33,19,9,51,55,35,24,32,50,34,43,27,63,61,14,3,38,23,7,31,21,12,29,0,42,20,49,28,25,16,41,59,62,52,57,60,26
54,10,56,38,23,62,26,9,57,40,52,2,27,47,42,33,14,48,43,24,7,41,44,29,5,17,13,3,22,35,16,58,4,19,45,63,8,59,34,28,39,55,11,51,30,20,49,12,61,1,37,18,46,0,31,25,50,60,6,15,36,53,32,21
37,3,55,53,9,57,47,40,41,10,11,8,30,50,16,14,56,27,18,39,51,36,43,62,6,38,24,19,4,1,34,35,5,44,12,58,31,49,7,32,17,28,23,2,22,54,63,59,46,52,61,20,42,15,29,25,13,26,33,0,48,45,21,60
19,32,42,21,60,44,18,56,51,31,53,25,10,36,6,40,34,54,7,24,12,45,5,62,14,63,48,38,29,27,33,0,9,4,13,1,16,17,2,52,46,8,49,30,61,3,47,57,58,43,35,41,39,50,28,15,20,23,26,37,22,55,59,11
32,43,5,62,35,38,29,36,44,12,21,13,33,55,48,34,56,28,59,8,54,2,16,4,49,22,1,17,42,60,6,9,25,3,14,37,24,61,23,57,45,51,18,30,20,46,26,58,7,47,27,52,41,63,40,19,15,39,50,31,10,53,11,0
46,32,36,22,12,57,35,17,60,18,26,47,42,5,61,21,29,19,16,63,52,45,11,31,23,14,62,7,53,49,56,41,43,24,3,9,0,38,13,40,59,25,1,58,8,28,44,55,51,48,33,39,4,30,20,54,2,15,6,27,10,37,50,34
36,50,33,8,13,4,53,20,14,37,15,56,7,24,5,18,60,61,1,30,43,38,19,17,46,29,32,62,2,21,40,42,28,10,55,47,63,49,25,34,41,22,52,51,6,9,23,59,11,26,58,57,54,16,45,44,39,48,3,35,0,27,12,31
46,3,42,44,32,38,50,61,55,9,48,15,53,29,43,56,62,1,13,33,60,59,7,37,16,17,31,40,27,22,34,24,19,5,6,51,54,20,14,39,41,57,4,23,10,21,18,25,58,30,49,36,0,26,8,11,35,63,45,12,52,47,28,2
2,35,61,12,48,9,26,1,54,46,34,22,25,32,23,59,55,37,29,56,19,15,38,30,0,62,27,13,24,3,57,47,11,33,52,36,31,43,18,4,53,42,58,63,5,20,51,17,7,40,28,8,50,45,14,39,21,41,44,10,60,49,6,16
17,56,50,21,14,37,29,5,36,46,10,9,6,30,33,51,13,38,34,28,18,62,24,45,2,7,22,26,47,32,54,55,16,12,63,27,43,25,48,4,41,20,60,31,49,52,57,40,39,11,8,59,1,19,61,23,53,0,58,15,42,44,35,3
53,9,28,1,18,4,8,29,62,59,23,32,38,57,50,25,41,3,40,33,45,31,13,47,12,43,24,15,61,19,44,52,14,16,7,11,46,42,55,26,51,63,27,48,58,39,5,37,54,60,30,2,6,22,17,10,21,36,49,34,20,56,0,35
58,53,57,37,48,46,32,25,36,33,23,18,59,27,52,56,0,35,61,50,2,45,4,16,11,62,12,60,8,28,31,34,26,43,5,24,1,44,3,40,10,49,39,15,9,55,51,7,54,20,30,41,14,13,21,17,29,6,38,47,42,22,19,63
28,37,57,44,41,47,43,27,56,5,50,22,39,19,53,49,24,20,0,36,32,10,7,38,58,33,34,18,29,31,2,35,12,26,55,16,17,51,23,59,1,21,13,54,11,6,9,14,15,4,60,62,30,52,63,8,25,40,3,42,45,46,48,61
18,2,7,0,32,38,36,22,61,52,12,46,31,21,59,17,41,15,37,54,20,51,34,57,35,45,6,28,8,42,1,44,43,33,14,40,62,63,48,5,9,47,11,4,13,60,19,58,29,55,27,56,30,53,24,23,26,50,10,49,3,39,16,25
36,40,53,2,44,14,21,12,35,32,10,39,56,33,31,59,19,30,48,42,43,8,18,38,28,29,50,9,6,26,63,41,60,55,58,46,27,54,7,3,22,17,49,15,51,5,34,1,61,24,4,16,37,25,62,52,47,57,13,23,0,20,11,45
36,13,24,28,50,41,20,21,22,15,60,1,59,39,46,9,25,37,44,38,30,17,48,58,62,2,42,19,18,47,63,10,35,27,5,33,56,23,3,14,34,54,49,29,7,43,40,51,57,8,31,32,11,61,26,53,6,45,52,4,12,55,16,0
3,46,49,60,0,63,50,18,13,23,30,17,41,28,36,53,56,58,15,4,7,24,62,59,40,45,27,31,26,22,20,1,57,12,51,32,33,9,55,52,42,38,16,35,11,5,8,25,61,34,29,2,21,54,6,43,14,47,44,48,19,37,10,39
27,4,40,34,56,46,37,7,24,39,48,20,55,16,53,5,29,3,35,25,22,26,38,18,13,31,11,10,19,63,59,60,47,51,6,15,44,36,9,54,14,57,30,12,58,43,32,2,61,45,21,52,62,17,50,23,0,1,28,42,41,33,8,49
30,33,24,6,44,16,8,2,54,60,32,5,19,31,63,7,1,58,11,25,22,15,40,28,47,0,53,21,17,46,14,27,3,51,38,41,4,43,42,20,52,57,55,35,48,9,26,62,39,23,34,61,45,59,18,29,36,50,49,10,37,56,13,12
61,15,53,28,33,5,59,50,51,60,40,21,38,13,14,41,4,10,48,55,35,49,47,46,39,57,26,63,0,3,23,34,44,32,54,45,7,1,29,27,6,62,58,56,43,22,20,11,24,36,19,31,9,17,37,52,25,12,2,42,30,16,8,18
33,15,10,38,21,3,58,34,8,30,19,50,16,32,17,13,22,35,11,45,4,7,1,52,53,62,49,51,55,31,37,0,28,24,43,14,47,9,29,46,36,60,18,48,6,40,42,56,41,12,23,39,25,27,5,44,61,20,59,2,57,63,54,26
13,7,55,46,4,27,47,48,34,11,44,28,25,42,1,8,22,51,9,36,14,30,29,35,2,56,38,62,31,24,50,15,32,52,23,10,45,0,53,26,6,60,54,12,19,43,16,39,5,33,18,20,40,57,41,63,49,21,3,17,59,61,37,58
6,38,27,5,54,10,11,17,46,32,19,47,22,57,33,34,49,61,12,63,7,39,1,48,52,2,36,9,26,56,43,53,8,4,45,0,16,59,18,37,31,60,58,28,50,3,23,30,25,20,41,51,29,21,62,24,42,14,55,35,13,44,40,15
60,11,22,43,32,20,3,27,35,46,8,16,0,37,53,12,23,28,17,61,59,33,57,58,5,51,1,14,47,49,48,36,18,41,29,42,38,13,25,34,9,7,54,62,50,6,45,40,26,39,55,24,52,10,31,4,44,15,21,56,63,19,30,2
5,29,31,36,61,25,14,56,54,26,62,59,57,37,48,40,58,34,28,24,2,49,19,12,7,52,41,16,11,33,4,30,27,55,13,50,8,46,44,1,20,10,18,3,22,38,0,45,60,35,43,63,53,21,39,47,6,17,23,32,9,42,15,51
54,30,49,40,8,33,19,6,53,60,45,17,21,9,10,36,57,47,7,39,1,11,18,27,12,41,0,52,58,59,56,34,31,20,42,15,26,38,3,29,35,51,55,24,5,50,48,14,63,61,28,23,16,46,62,44,37,43,2,22,13,32,4,25
5,4,14,63,24,52,60,48,56,30,50,28,51,37,10,22,53,42,17,12,18,1,25,58,35,44,0,13,62,9,6,38,7,29,57,32,61,54,8,20,23,16,41,46,31,27,43,34,33,15,2,39,11,45,21,3,26,36,47,49,40,19,55,59
33,21,53,4,5,63,45,17,61,10,29,49,52,20,11,0,47,55,50,24,27,28,2,6,7,19,39,44,36,3,12,41,30,18,40,22,35,25,54,62,38,34,15,9,16,23,51,14,8,43,32,42,1,48,57,59,46,60,56,31,13,26,37,58
3,45,13,12,31,19,59,33,49,47,56,36,55,62,25,44,48,23,18,34,41,6,58,63,54,43,51,26,1,22,38,9,0,17,30,40,60,10,52,7,37,27,35,21,39,46,20,24,2,8,29,53,14,11,16,5,42,57,32,28,4,50,61,15
32,12,25,30,46,38,63,55,31,22,53,42,52,26,10,20,14,4,23,13,17,6,34,36,48,62,47,18,1,27,21,28,37,44,60,16,56,8,50,0,11,29,59,39,9,41,43,40,7,54,15,33,19,51,49,45,35,61,24,3,57,58,2,5
35,33,25,31,9,29,22,56,58,53,34,60,32,41,46,3,62,63,61,16,36,30,13,2,18,10,42,48,27,19,39,50,0,12,49,40,37,5,1,28,11,55,45,44,52,24,4,38,14,20,47,6,26,59,43,17,8,23,51,57,54,15,7,21
35,26,6,38,63,0,30,28,50,45,55,52,48,43,9,25,47,34,58,41,21,27,46,1,54,23,19,8,16,61,39,51,4,29,31,33,40,32,17,22,56,24,3,7,62,13,20,53,60,42,18,14,15,44,49,11,2,10,36,57,12,59,37,5
10,32,43,54,38,23,0,41,12,42,63,47,26,22,49,60,51,40,31,18,19,25,30,1,28,48,6,52,13,56,15,55,2,50,16,59,29,17,5,61,33,7,45,8,20,34,35,11,21,27,46,39,14,24,58,44,4,37,36,53,62,3,9,57
60,50,22,39,9,49,27,10,18,38,2,21,58,33,1,61,25,30,19,53,41,12,17,0,14,5,28,40,8,37,48,59,7,63,6,51,31,57,24,56,23,52,36,16,43,44,34,20,13,3,54,55,4,26,46,11,15,35,47,62,42,29,32,45
43,40,53,11,62,41,18,58,36,6,22,57,25,24,54,21,38,8,3,5,45,23,12,56,37,26,55,4,9,44,60,47,32,63,46,51,20,50,49,39,0,19,61,16,15,1,48,13,34,52,28,42,14,29,17,30,59,35,7,27,10,2,31,33
35,53,18,23,0,61,3,30,39,33,63,44,31,29,37,9,19,10,15,51,12,34,6,50,54,27,40,55,32,22,17,58,26,21,41,38,48,2,59,1,16,47,45,7,46,5,60,20,28,57,49,13,43,62,36,8,11,56,4,25,24,52,42,14
58,31,2,22,17,46,10,42,35,45,9,27,39,0,24,54,57,16,38,5,6,50,18,49,12,62,37,53,51,33,11,13,4,44,23,29,30,26,32,34,41,20,55,21,60,47,43,61,36,63,25,40,8,52,19,1,59,15,56,3,28,48,14,7
33,6,19,61,25,17,15,10,29,7,41,56,52,13,38,60,26,54,35,14,4,43,51,53,37,59,24,18,3,1,23,0,48,42,2,27,36,58,8,46,34,22,45,30,21,39,32,11,5,49,31,50,20,12,62,63,57,40,47,28,44,9,55,16
30,13,15,36,10,25,59,62,6,49,41,11,47,21,17,38,18,58,12,42,51,3,5,19,20,24,34,22,39,33,60,57,32,28,44,52,4,35,1,23,7,50,61,55,29,0,26,27,8,37,31,2,54,48,63,46,56,43,9,45,53,40,16,14
9,44,23,48,49,26,58,37,63,52,40,15,62,33,3,46,30,34,55,22,39,18,32,20,25,28,27,41,14,36,45,16,51,24,0,42,8,5,2,17,12,1,57,53,19,31,47,7,56,60,4,21,13,59,29,54,43,11,6,50,61,10,35,38
40,17,53,26,24,54,5,23,44,21,39,33,48,18,32,13,11,41,4,22,8,34,14,15,0,47,52,63,50,36,9,45,61,27,37,6,30,56,55,19,20,7,2,31,28,59,42,29,25,35,57,51,58,62,46,12,1,43,3,60,38,16,10,49
50,32,20,39,62,16,0,54,9,14,47,58,42,25,46,4,52,3,40,55,26,41,34,61,28,6,57,63,12,23,21,10,33,53,37,15,5,36,43,29,49,13,38,51,48,44,8,31,22,59,11,7,60,35,56,27,24,30,1,17,19,2,18,45
62,50,25,42,51,46,40,30,28,6,60,18,4,20,19,21,12,58,0,26,57,24,8,55,61,2,43,45,59,15,13,63,47,41,39,9,53,56,36,3,22,14,29,35,17,38,10,23,44,16,52,33,54,37,11,5,31,49,7,34,32,27,48,1
53,32,60,27,4,0,8,61,41,5,9,23,39,17,52,14,42,43,28,55,35,37,1,6,30,33,62,44,16,51,13,20,34,12,59,7,56,24,63,40,29,31,21,47,11,45,22,46,2,36,49,48,10,25,57,26,38,15,54,3,19,50,58,18
7,0,25,2,46,58,18,9,21,29,8,30,4,23,14,48,33,31,56,20,12,41,15,10,43,36,45,26,44,19,40,24,50,5,63,52,55,39,51,54,17,11,6,3,59,57,1,32,13,27,34,47,22,37,38,60,53,49,42,28,35,62,61,16
51,18,56,41,60,58,10,15,42,44,12,23,20,40,28,57,16,29,48,63,38,46,59,34,3,14,6,32,61,37,43,36,54,27,49,55,13,1,0,39,21,7,35,52,33,50,47,31,4,25,11,45,17,26,53,9,19,24,30,8,2,62,22,5
14,16,61,8,32,4,1,9,0,25,50,44,48,36,42,38,19,52,57,17,53,12,47,21,55,41,15,13,62,6,5,24,31,56,10,11,37,7,26,2,45,40,54,3,58,49,51,30,22,43,33,20,28,23,34,27,59,35,60,46,29,39,18,63
7,28,4,19,17,33,8,56,1,35,30,24,16,23,22,26,55,54,37,15,48,0,11,49,14,20,27,44,57,58,5,45,18,59,60,53,40,36,38,34,47,21,2,3,62,39,43,46,42,32,29,12,31,6,52,41,25,51,9,61,13,10,63,50
57,0,25,61,46,38,26,39,23,30,34,2,42,47,35,4,28,8,31,55,19,12,17,7,58,50,49,9,11,18,27,16,20,24,15,59,37,63,33,21,41,3,43,40,6,1,5,54,48,52,53,13,44,60,22,51,56,10,29,14,62,36,32,45
33,54,29,36,51,8,46,37,13,35,11,27,61,63,49,17,23,39,32,62,9,2,50,44,31,41,4,24,47,40,55,18,3,53,56,22,60,57,52,1,7,20,10,25,28,0,59,12,21,16,38,45,15,58,42,48,6,43,19,34,14,5,30,26
2,25,52,19,18,14,23,47,62,10,29,58,55,6,51,27,57,32,53,31,1,50,16,26,49,12,3,15,41,61,40,33,34,46,36,20,43,44,24,42,56,60,0,13,11,63,39,5,38,48,28,37,17,35,54,8,7,59,22,9,21,45,4,30
7,33,22,34,51,40,44,17,54,59,63,32,24,8,61,36,20,10,29,19,41,13,6,2,55,50,58,26,25,28,14,30,16,62,21,11,1,43,37,9,42,4,47,5,56,35,49,45,48,52,0,60,27,39,38,23,15,53,3,31,12,18,57,46
29,35,7,12,19,30,16,13,41,54,28,63,9,58,32,42,56,38,5,36,50,34,24,46,57,21,48,17,26,8,40,61,49,44,31,15,45,52,10,6,4,37,51,25,14,33,47,20,43,59,55,60,18,27,23,1,62,39,11,53,2,22,0,3
23,7,29,26,13,22,28,25,40,4,44,56,3,63,24,49,19,9,55,18,8,42,43,48,15,59,30,12,31,54,45,36,62,35,27,47,57,39,50,51,60,17,52,20,37,11,53,61,33,1,2,46,58,21,10,41,5,0,16,14,6,34,38,32
33,11,39,7,57,24,31,35,51,30,29,17,60,27,13,22,14,23,54,41,21,55,32,56,5,37,58,44,20,19,62,49,50,4,53,36,52,34,3,12,46,45,16,40,26,18,61,38,15,6,1,8,25,43,42,2,10,48,63,59,47,9,28,0
24,36,41,48,9,54,3,43,0,44,1,31,42,47,51,8,63,21,59,56,26,5,61,19,57,20,32,4,50,33,14,13,16,55,62,15,60,7,53,34,27,23,28,22,11,52,29,38,58,17,37,30,45,10,6,12,18,2,40,25,46,49,35,39
48,2,35,1,31,27,61,28,22,37,49,55,54,8,18,7,40,3,15,34,39,38,59,51,19,46,4,5,30,41,14,44,13,10,56,20,36,45,24,52,33,53,43,21,0,25,62,9,29,57,47,42,11,60,12,16,6,23,50,63,26,32,58,17
38,29,24,37,57,8,26,23,21,7,2,11,58,45,10,62,49,20,6,60,30,15,48,55,32,47,22,1,9,44,28,52,36,33,40,51,4,31,61,39,43,18,12,3,53,34,35,56,42,25,63,59,54,19,46,13,50,14,41,16,5,0,27,17
38,3,15,32,4,60,43,35,55,57,0,27,24,16,31,44,1,34,20,30,2,10,26,53,8,45,46,21,59,39,33,22,14,28,36,42,12,7,63,61,13,58,18,47,5,50,9,17,37,54,19,11,23,6,29,40,48,41,56,25,52,62,51,49
21,52,62,51,31,19,30,15,38,10,54,56,46,18,32,26,55,33,22,61,59,45,28,40,3,6,34,16,20,63,44,17,60,2,47,0,8,49,25,7,24,13,50,37,11,57,4,1,39,35,41,58,5,27,48,23,12,36,9,14,53,43,29,42
38,10,4,47,2,39,45,53,8,43,55,16,35,13,20,21,46,34,0,49,9,6,27,57,41,42,7,60,17,59,44,52,37,61,12,62,14,30,26,58,36,11,1,56,5,23,19,15,48,18,40,51,25,28,22,50,32,33,3,63,31,54,29,24
14,6,16,32,40,11,25,53,1,43,2,17,23,51,9,54,48,35,8,59,52,34,18,20,27,30,29,61,0,33,39,60,26,15,28,19,24,62,3,38,45,4,55,37,31,22,46,36,7,58,13,50,44,12,49,47,10,57,63,41,56,42,21,5
53,51,60,55,24,39,14,34,12,44,58,30,57,36,25,56,19,6,42,48,63,61,7,62,26,27,17,29,3,21,10,47,0,9,18,52,5,20,43,49,54,23,31,1,13,50,35,4,45,8,11,40,46,15,33,16,2,32,22,41,59,38,37,28
0,61,36,39,50,41,14,30,58,6,2,34,51,47,29,12,15,13,45,57,33,24,9,56,63,35,55,52,25,7,28,37,8,32,1,27,62,5,60,26,23,16,18,49,3,40,11,53,31,59,19,54,38,42,48,44,46,17,10,20,22,4,21,43
5,16,57,23,47,2,60,3,61,27,40,0,11,38,33,63,28,22,4,15,1,54,56,25,14,8,19,6,18,30,48,43,36,55,62,9,52,44,53,49,45,17,59,35,31,29,42,26,20,13,12,24,50,58,32,34,41,7,46,39,21,37,51,10
22,10,56,47,49,13,57,28,59,36,39,58,33,1,24,32,53,50,5,30,23,4,6,9,46,0,43,42,25,31,62,41,18,29,63,3,60,2,48,19,8,44,54,35,61,21,34,12,26,55,15,37,45,27,52,40,14,51,7,20,17,38,11,16
34,52,51,38,21,56,4,43,25,27,57,48,12,29,62,11,23,7,49,5,55,59,33,44,40,30,22,10,1,8,45,15,14,58,16,0,36,13,39,19,18,53,9,54,42,35,37,61,31,46,32,41,28,60,50,63,17,20,6,26,2,3,47,24
26,3,25,2,24,23,37,56,13,19,44,46,61,48,63,7,52,6,38,34,30,58,33,50,5,29,36,22,40,15,21,35,28,0,59,18,1,57,39,10,27,9,45,16,20,47,4,8,14,43,51,32,49,53,12,55,42,31,17,62,54,11,60,41
26,25,40,57,50,14,41,33,2,56,62,7,6,52,15,47,3,53,35,28,21,42,30,18,48,0,9,16,5,32,54,4,44,63,10,8,46,61,24,22,12,60,20,17,13,36,31,55,39,49,38,11,29,37,43,34,1,23,58,45,51,59,27,19
60,15,55,24,20,34,44,53,29,51,41,10,40,39,23,46,48,30,3,16,5,0,26,32,4,58,14,61,63,25,2,17,35,52,57,56,62,37,59,49,42,8,12,45,28,22,18,9,38,21,54,31,11,19,47,43,50,33,27,36,7,1,6,13
51,59,44,49,3,23,8,43,48,11,25,34,29,17,16,63,24,27,32,47,57,12,39,13,4,52,2,14,61,1,53,0,26,21,62,56,46,55,54,6,40,10,60,30,31,58,33,36,37,5,22,18,20,38,15,50,45,28,7,19,35,42,9,41
29,19,40,42,26,43,15,57,61,54,51,16,13,22,62,23,20,56,35,14,48,17,3,24,49,50,45,28,34,1,31,18,55,63,37,9,25,33,11,27,44,7,21,38,36,30,52,41,0,46,53,2,32,4,59,58,12,8,6,10,47,60,39,5
63,60,17,8,21,22,38,47,3,1,40,20,13,6,62,2,43,14,23,45,25,0,24,31,34,37,15,29,12,39,26,48,30,46,32,36,52,28,42,11,27,16,61,41,50,9,58,35,59,44,19,49,33,51,54,18,7,53,55,57,56,4,10,5
11,18,47,54,8,3,38,44,50,22,2,13,24,43,28,37,20,52,7,32,58,39,40,16,14,57,5,31,61,42,15,45,23,36,60,53,30,59,12,63,56,27,25,10,48,49,4,46,29,35,1,19,51,17,55,21,6,9,33,62,0,26,41,34
30,33,8,53,42,57,17,18,50,23,9,60,19,14,13,40,1,51,49,43,38,34,52,24,10,31,37,54,27,56,46,12,39,61,2,45,58,22,29,47,28,63,7,20,36,5,25,16,41,11,4,15,21,32,44,35,62,6,26,3,59,48,55,0
55,40,25,38,26,17,60,46,30,5,39,47,16,12,23,9,10,0,56,2,33,51,53,20,35,44,50,43,18,61,3,1,27,11,62,15,58,4,29,57,32,24,8,19,63,31,48,21,36,41,45,6,22,28,37,42,49,7,52,14,13,54,34,59
4,37,39,13,22,23,25,29,44,9,56,51,42,16,59,10,8,7,30,43,54,24,12,41,35,52,32,11,57,60,45,26,31,50,58,63,21,49,47,14,53,28,38,5,27,55,3,0,33,6,34,17,1,48,36,20,61,62,18,19,40,46,15,2
14,53,44,4,22,1,6,60,45,48,0,16,43,61,7,9,36,8,25,39,54,50,20,5,34,57,49,33,51,62,10,23,42,19,31,63,46,26,59,27,40,47,11,58,29,18,41,24,2,56,30,15,17,55,21,3,38,52,32,13,28,12,35,37
2,13,48,3,29,4,21,35,12,6,9,23,59,0,16,49,25,57,40,53,26,10,37,54,11,19,5,32,22,27,7,24,44,38,33,20,58,55,46,50,34,47,43,41,42,61,14,51,18,8,39,28,17,36,15,62,52,56,30,63,45,1,60,31
28,21,54,26,3,62,40,20,59,9,16,2,12,7,61,39,48,27,56,24,37,23,19,15,25,53,34,60,1,43,33,30,36,47,45,57,50,31,32,17,55,0,11,18,63,14,49,8,5,38,22,10,29,6,46,42,58,51,13,41,44,4,52,35
58,29,49,23,30,6,17,57,48,1,63,44,13,18,9,33,12,3,38,32,40,45,47,53,22,5,43,52,16,10,61,39,8,41,28,34,35,14,50,26,62,15,27,7,0,2,37,11,55,42,21,59,51,46,54,20,25,19,24,56,60,4,36,31
0,59,30,6,37,13,32,38,39,62,34,16,45,24,2,14,10,54,9,50,35,1,41,15,18,63,55,31,42,44,58,4,22,28,33,60,3,23,48,61,46,11,20,21,40,25,57,12,19,43,17,49,7,29,51,8,26,56,36,5,47,52,27,53
48,38,47,5,23,2,22,26,52,13,6,32,56,46,49,31,29,61,51,60,34,40,1,7,59,21,53,28,55,15,3,58,24,63,17,62,11,45,12,16,18,25,57,37,42,44,0,30,4,33,14,50,43,39,20,41,9,27,19,10,8,36,35,54
2,52,44,10,41,13,62,48,22,25,34,29,24,42,31,50,38,30,4,57,43,11,37,54,28,47,21,5,9,12,17,14,46,45,16,56,39,33,1,36,59,6,26,58,49,27,32,15,8,55,7,60,0,53,19,51,20,61,40,3,23,35,63,18
54,33,7,43,50,45,29,21,28,56,14,31,38,3,13,23,39,9,30,17,32,44,0,35,25,37,51,20,8,26,63,2,27,22,41,46,4,53,10,34,55,24,11,57,48,47,61,58,62,16,1,40,36,12,6,49,5,19,59,52,42,60,15,18
29,10,4,49,7,26,34,24,11,33,18,53,62,56,22,5,32,58,47,12,14,38,42,48,54,3,13,41,52,30,8,57,46,27,37,50,15,28,61,19,21,23,2,51,0,17,55,35,39,40,59,63,60,6,45,36,25,1,44,9,20,43,16,31
30,47,33,59,3,62,45,43,18,9,34,40,49,1,57,35,39,12,11,52,23,36,41,2,20,31,55,4,27,16,13,42,63,22,24,54,48,15,32,56,21,44,60,17,58,25,7,37,38,61,14,0,28,26,29,19,6,51,10,5,53,50,46,8
33,7,62,42,48,30,35,45,6,49,44,57,61,10,12,18,3,51,13,2,52,31,37,36,25,9,24,4,23,55,19,34,63,28,40,38,29,59,17,22,50,56,32,16,21,5,53,1,27,43,58,26,47,54,46,15,14,0,11,39,8,20,60,41
45,18,16,12,10,33,55,38,42,51,15,54,29,63,24,14,3,60,53,47,43,21,9,50,40,58,6,32,8,17,30,56,44,25,34,2,37,22,62,26,61,52,19,46,49,48,31,4,11,20,27,5,23,57,41,0,7,36,28,35,13,39,1,59
46,58,24,56,7,43,11,16,35,53,45,52,55,9,6,15,19,28,10,38,18,59,4,2,63,40,33,39,25,44,42,1,22,31,20,0,41,12,61,29,49,48,17,14,3,13,21,8,5,51,26,57,32,30,50,23,62,37,27,36,34,47,54,60
2,62,26,24,7,6,39,28,15,47,33,18,46,5,12,42,10,35,19,61,3,4,21,63,43,11,17,16,27,41,13,34,59,40,23,29,50,38,32,55,30,8,48,53,20,31,45,60,52,25,57,44,58,14,36,37,51,1,9,0,49,56,54,22
5,60,10,3,63,54,47,15,49,9,14,21,35,61,27,16,24,36,53,33,51,20,43,56,30,11,13,0,32,19,38,28,45,29,8,25,1,39,46,17,12,31,7,26,37,34,57,59,2,55,18,44,48,41,6,22,62,50,58,23,40,4,52,42
