16,26,20,29,1,12,21,42,55,58,45,6,40,32,61,57,13,15,3,54,48,39,53,17,11,0,37,63,43,22,2,46,44,31,28,24,19,10,35,33,60,49,30,47,36,51,52,18,34,9,59,5,41,23,14,7,4,50,56,62,8,25,38,27
58,12,18,1,51,56,46,54,6,2,52,7,19,44,24,40,50,4,31,25,42,32,55,30,0,63,48,23,29,21,45,11,57,37,15,60,3,17,20,38,49,47,16,61,36,53,59,14,41,39,43,5,35,26,28,27,9,33,22,13,34,10,8,62
42,53,59,47,3,33,51,60,28,11,20,14,8,7,38,10,54,52,58,49,35,55,57,44,27,48,40,43,19,46,21,23,6,41,32,5,45,25,62,31,18,56,30,24,29,63,61,1,50,36,0,2,39,13,37,9,16,15,34,22,4,26,17,12
20,62,41,14,31,13,34,3,49,25,27,15,48,35,46,24,43,37,19,56,26,29,16,5,8,61,45,10,57,21,33,9,63,50,11,51,38,42,23,30,2,60,1,36,18,54,53,40,7,17,28,4,32,52,6,22,59,55,39,0,58,12,47,44
17,56,24,35,61,51,23,9,34,58,25,53,5,2,48,55,50,20,7,11,47,18,15,39,57,4,45,42,28,33,21,49,6,46,31,38,19,63,16,32,52,26,37,13,8,40,44,41,27,60,1,30,0,22,10,59,36,14,29,43,12,3,54,62
1,52,12,46,27,60,29,50,20,38,44,4,3,42,48,30,45,37,34,33,17,57,56,11,7,8,22,41,36,6,40,53,39,23,28,47,58,31,2,63,26,55,25,21,19,54,18,0,61,35,32,10,24,16,62,13,15,43,51,9,49,14,5,59
26,40,5,16,42,25,9,37,62,57,54,6,0,35,44,20,19,11,17,12,39,32,60,24,34,31,59,7,18,63,10,55,1,15,50,56,52,38,4,48,13,47,8,53,23,33,41,27,61,30,22,14,3,49,28,51,29,36,58,43,21,46,2,45
44,55,33,6,34,7,29,41,1,28,56,24,5,39,16,18,42,36,51,23,58,8,4,2,50,32,21,12,48,30,37,45,31,59,49,60,46,15,13,19,17,3,47,0,38,54,20,43,63,11,25,61,57,14,40,52,53,62,26,10,27,35,22,9
13,54,32,20,6,48,2,0,51,31,50,38,39,11,62,27,17,3,59,28,36,41,42,33,58,35,40,22,15,1,45,18,8,61,44,30,21,29,56,9,52,12,49,14,23,24,37,4,47,34,16,5,63,43,19,25,10,26,7,46,55,53,57,60
7,3,29,16,62,26,42,36,23,12,28,54,6,33,4,30,46,9,58,27,56,59,41,51,35,18,48,32,44,45,22,19,52,10,13,14,40,11,43,34,0,15,39,60,53,5,31,17,8,49,55,47,24,50,57,38,1,61,21,63,37,2,25,20
7,23,16,24,61,19,32,26,27,57,29,31,8,56,22,47,13,43,33,17,18,15,38,52,14,58,53,5,54,45,51,21,20,2,42,48,39,6,40,1,9,41,46,59,4,37,44,34,50,12,63,55,62,60,28,49,25,11,10,35,36,3,0,30
1,49,23,30,24,3,27,43,48,60,39,11,33,10,20,57,26,61,44,58,45,54,41,50,16,0,56,34,38,47,5,42,2,6,46,13,18,62,19,4,28,8,40,35,15,51,25,59,17,14,36,53,63,55,31,32,22,37,29,9,21,7,52,12
57,34,18,54,27,60,31,4,56,48,8,45,51,53,20,62,37,52,22,30,38,6,10,24,33,9,40,50,15,0,29,41,42,26,14,19,21,47,43,13,61,59,1,32,36,35,17,11,7,12,5,55,25,3,46,2,44,58,39,28,16,63,23,49
37,30,53,17,40,39,19,16,51,23,21,15,11,7,55,34,57,12,3,8,36,49,29,44,26,6,31,2,62,47,41,5,61,38,24,13,22,45,46,0,4,48,52,33,10,42,9,28,25,14,54,43,20,60,27,59,1,35,63,58,50,32,18,56
42,11,25,53,31,52,34,2,9,54,60,5,12,13,62,26,16,50,22,59,55,23,3,32,0,30,49,10,51,46,45,1,17,57,38,33,28,24,56,35,6,61,29,43,14,7,18,15,36,48,37,27,44,58,41,63,40,47,8,20,19,39,21,4
3,42,37,35,31,41,7,47,6,46,11,13,61,54,16,52,0,48,51,1,29,59,56,14,44,39,45,40,10,4,8,23,53,26,55,22,18,38,49,62,27,9,24,5,28,58,15,63,34,33,20,25,17,30,32,57,19,12,21,60,43,50,36,2
27,11,46,47,56,36,14,16,8,44,31,30,34,19,20,54,0,17,63,51,9,22,38,40,50,1,39,59,25,55,6,23,13,18,35,42,43,32,24,12,15,3,57,2,49,33,52,21,5,10,58,41,37,28,29,45,62,4,26,53,7,48,61,60
17,14,26,37,5,15,4,41,57,35,24,54,2,11,21,62,3,12,16,47,44,18,10,30,42,50,19,56,9,52,55,61,34,25,43,46,6,28,32,49,22,7,59,63,39,29,20,27,36,33,13,8,40,0,31,23,45,48,51,60,58,1,53,38
20,18,16,21,43,5,27,25,49,37,7,59,0,1,62,31,57,28,51,46,60,55,48,24,23,29,3,50,2,15,8,26,39,30,22,58,63,32,45,9,35,10,61,17,14,33,40,54,44,11,56,41,19,34,47,53,38,13,36,6,52,4,42,12
4,38,52,17,23,43,50,54,8,15,24,6,11,34,48,40,22,49,60,45,31,18,27,3,55,51,37,62,12,46,21,30,57,61,28,13,32,29,63,7,44,26,2,20,0,25,1,53,19,56,16,10,9,41,58,33,59,39,14,36,42,35,47,5
33,51,5,31,37,26,29,28,49,34,1,44,10,19,42,36,46,38,0,56,23,43,3,24,17,20,55,63,16,35,41,60,27,59,7,4,25,21,39,52,40,58,12,47,45,50,22,6,2,53,57,18,62,32,8,30,54,14,15,61,11,48,9,13
33,55,37,30,61,8,6,38,34,16,14,11,17,26,63,41,46,9,40,15,3,20,18,5,29,56,0,19,25,45,7,23,62,28,4,10,22,51,12,47,13,32,1,35,44,58,21,43,36,42,49,24,60,54,53,31,2,52,48,50,59,57,39,27
16,48,54,4,14,19,25,31,6,22,23,18,13,47,3,56,8,41,12,52,40,0,32,33,60,29,42,57,46,49,20,24,50,17,15,53,30,61,43,5,7,37,21,2,10,36,51,9,62,27,35,59,11,55,28,63,45,44,1,34,38,58,26,39
38,6,41,8,30,37,25,3,62,56,39,31,2,44,51,47,18,15,60,27,32,29,12,28,35,17,23,19,57,34,53,7,24,49,54,48,22,43,63,52,50,16,4,11,59,42,40,26,61,33,21,36,0,14,58,1,10,9,13,20,46,45,5,55
36,38,11,39,58,51,5,21,43,15,25,12,63,1,31,46,10,23,44,22,4,30,53,49,14,0,9,8,7,55,34,17,61,18,50,59,56,24,27,60,32,3,45,42,52,13,54,19,57,37,33,6,62,35,48,28,20,41,47,2,29,26,16,40
41,0,63,45,28,60,25,7,15,23,58,49,37,39,18,8,11,34,14,38,20,47,54,16,48,4,21,61,46,13,22,52,26,10,2,1,6,43,24,53,55,36,19,9,62,30,3,32,17,51,35,59,12,31,5,44,56,27,42,33,57,40,29,50
54,39,41,58,51,18,52,47,42,49,5,6,38,20,22,33,25,53,45,35,4,16,3,32,27,9,48,36,31,24,59,13,34,19,40,14,55,8,61,17,28,26,11,0,43,30,15,50,57,12,46,2,7,60,44,21,10,56,1,63,23,37,62,29
34,6,14,1,33,26,9,3,29,60,59,25,45,47,48,4,15,20,11,54,30,10,5,62,35,12,37,0,24,55,19,7,32,63,40,57,43,23,51,52,36,18,17,8,2,61,22,49,46,16,28,21,13,56,27,41,42,58,53,50,44,39,31,38
32,4,34,10,33,41,36,18,29,48,1,21,55,49,3,47,28,25,51,17,13,19,53,56,11,52,16,59,26,54,7,58,30,44,45,27,50,46,39,35,42,63,60,0,8,6,23,12,31,5,38,2,22,62,37,14,40,15,9,20,24,61,57,43
12,37,52,51,9,59,47,18,13,26,10,7,63,0,28,2,44,49,22,23,4,16,54,35,1,24,40,5,41,42,48,19,6,30,21,60,33,50,58,57,46,45,53,61,3,32,38,11,25,20,36,56,27,14,31,43,55,8,39,17,62,34,29,15
20,2,4,19,46,50,22,48,9,7,59,21,12,3,32,57,55,8,26,39,41,58,35,11,62,51,52,28,60,18,5,34,56,30,17,47,14,37,29,42,45,53,0,38,33,36,10,63,43,24,54,15,49,27,23,44,1,40,16,13,31,6,61,25
3,52,41,5,25,63,50,40,57,8,18,55,62,37,53,33,59,56,16,26,54,14,46,30,11,6,60,43,42,48,13,21,20,38,7,29,58,49,17,15,39,32,10,34,47,1,45,0,36,27,35,28,19,23,22,24,31,44,2,12,9,61,4,51
3,54,32,11,47,56,22,34,62,58,23,4,42,61,59,48,26,37,24,6,2,35,39,31,51,21,40,53,17,5,18,41,9,57,55,20,15,10,8,14,49,0,38,50,12,36,43,30,13,52,45,7,1,27,33,46,44,63,19,25,29,16,28,60
54,2,18,55,31,0,7,5,47,6,9,14,33,49,4,10,44,56,60,46,12,19,39,20,8,53,41,58,52,23,32,34,22,35,43,30,36,51,38,27,15,3,26,61,1,17,57,42,16,11,28,40,63,24,25,29,13,37,62,45,59,21,48,50
54,28,24,39,45,25,62,0,37,60,30,47,14,9,27,13,46,40,63,6,53,57,36,29,16,34,33,32,7,5,11,8,61,56,59,50,4,18,49,15,19,26,35,23,21,42,10,12,3,17,22,31,38,52,51,58,55,2,41,48,43,44,1,20
25,28,13,14,8,4,9,54,6,53,35,2,26,37,39,1,24,5,57,23,0,44,3,29,50,16,56,31,19,30,43,10,48,46,12,40,11,21,41,62,61,34,7,51,15,49,55,33,42,52,47,60,27,45,22,63,17,18,58,20,32,36,38,59
48,45,16,4,63,22,52,55,58,7,0,11,8,53,38,17,46,18,60,36,9,23,43,1,40,59,31,3,54,10,19,32,15,2,41,14,6,33,49,37,12,44,61,13,47,30,42,29,62,34,26,27,39,24,35,56,28,20,5,57,50,51,25,21
28,5,0,61,4,35,30,2,48,54,1,31,25,42,16,44,52,38,17,7,6,10,26,18,3,22,60,32,24,50,57,51,58,21,53,11,36,12,13,8,20,41,63,55,43,9,40,34,14,33,45,27,47,62,15,19,56,59,46,39,49,29,37,23
3,2,27,61,25,35,63,10,18,42,38,47,57,29,60,34,48,37,50,45,24,52,49,1,23,39,12,41,7,6,54,21,16,31,0,40,14,59,5,30,28,15,58,32,43,56,36,20,55,13,9,51,8,62,19,26,17,33,46,4,44,22,11,53
61,13,35,9,41,7,34,46,48,11,5,17,26,54,31,56,33,58,1,60,44,2,20,27,12,3,4,57,19,62,52,63,15,32,0,25,51,42,14,30,8,38,49,55,40,47,10,22,37,59,6,16,24,39,18,21,45,50,53,36,23,43,28,29
42,6,62,16,23,52,9,35,49,7,40,24,1,33,2,44,17,39,59,48,20,18,19,21,53,38,3,22,27,47,28,8,30,43,0,61,25,56,58,55,29,37,4,46,5,60,10,14,15,45,51,50,63,13,34,11,41,12,32,57,54,31,26,36
33,25,54,57,9,46,18,50,44,20,41,60,51,29,5,26,55,27,22,38,37,2,24,12,30,11,10,35,62,58,52,4,48,47,15,34,39,53,8,1,14,28,49,16,45,13,19,0,56,7,40,63,23,32,6,43,61,17,3,59,36,21,31,42
47,25,10,38,62,59,1,28,33,41,9,36,57,42,48,27,51,2,37,60,16,26,6,40,58,4,45,0,11,13,46,43,55,12,22,23,39,44,19,7,20,5,3,24,56,21,14,32,35,52,53,54,8,61,50,29,34,15,17,18,31,49,30,63
56,58,34,61,2,1,53,36,62,54,22,50,47,55,0,25,19,16,46,43,3,27,9,31,32,5,13,14,15,59,38,44,57,4,29,42,33,20,28,10,11,39,17,60,18,49,52,41,24,40,21,6,35,26,45,51,63,23,30,37,8,7,48,12
1,6,25,9,35,3,44,17,7,31,20,5,2,39,10,4,21,50,51,54,40,33,30,28,41,45,38,34,53,16,32,55,62,22,18,61,47,59,58,19,11,36,57,27,42,60,23,56,13,46,24,37,15,26,14,63,29,48,43,0,8,12,52,49
39,14,20,4,40,35,5,17,42,62,61,9,13,34,22,47,43,11,16,57,44,1,55,63,52,0,15,37,32,41,45,27,59,3,25,2,60,26,19,10,56,51,50,21,24,8,12,48,54,7,23,58,33,36,30,53,46,31,38,28,18,29,49,6
34,20,24,57,50,43,18,39,38,37,15,31,5,48,51,10,9,14,27,11,45,49,54,30,22,55,59,28,40,16,12,3,32,1,46,44,62,60,63,53,6,0,25,35,26,21,4,8,47,19,29,2,13,33,17,7,23,58,41,52,56,61,36,42
14,12,32,15,44,41,48,37,49,17,5,40,33,8,57,30,20,4,51,27,21,25,34,52,11,38,60,55,10,0,7,3,59,22,26,16,39,46,18,1,28,50,2,61,23,62,58,43,6,9,19,53,63,36,42,54,45,13,56,47,29,31,35,24
0,22,42,38,12,41,3,17,19,52,56,37,34,8,21,57,4,10,15,20,58,51,27,14,45,36,40,5,9,62,18,44,39,33,29,54,46,49,48,26,63,59,7,61,1,43,24,55,60,31,13,2,6,35,30,47,11,16,32,25,28,23,53,50
54,2,32,14,3,25,55,39,56,35,53,20,59,18,41,16,57,61,31,13,8,43,9,4,17,33,36,12,63,58,1,49,15,28,10,23,24,37,60,26,0,45,21,51,44,5,38,19,42,40,47,50,30,62,34,7,46,29,52,27,22,11,48,6
3,19,2,29,16,52,50,18,8,41,44,25,6,43,34,13,51,59,46,9,24,7,26,17,37,45,62,30,4,49,60,39,53,47,36,61,0,15,1,55,5,58,42,38,10,63,33,54,35,28,32,40,14,27,23,11,20,21,57,56,22,12,31,48
19,60,4,61,51,59,13,33,14,35,55,45,11,38,28,3,29,42,48,44,63,27,31,62,40,20,18,17,46,32,34,16,1,2,39,26,21,57,49,56,9,23,5,15,22,12,47,52,36,6,10,24,30,53,8,54,43,58,25,41,37,50,7,0
14,32,13,34,31,7,18,0,17,46,51,39,30,29,45,25,8,21,36,22,38,9,55,16,10,56,26,27,53,28,12,44,35,61,5,49,19,6,33,3,42,24,52,54,47,50,4,20,59,11,58,15,2,63,43,57,40,48,60,1,23,41,62,37
46,60,37,22,36,30,53,43,31,23,32,40,15,24,56,26,42,34,63,47,21,9,55,19,6,54,44,58,62,10,48,2,27,16,3,57,52,59,5,33,13,4,29,50,28,7,11,1,12,41,8,20,35,61,14,17,0,18,45,25,38,49,39,51
59,21,25,47,5,43,55,40,53,58,49,26,20,2,27,33,10,3,62,41,57,18,51,46,1,7,44,11,16,56,15,50,35,29,22,39,31,14,8,13,32,61,4,28,30,45,36,63,24,60,17,34,23,52,6,12,42,38,48,9,37,54,0,19
30,57,9,46,44,11,61,38,7,58,52,23,16,20,12,39,42,53,5,47,34,28,60,17,45,15,54,41,1,2,32,4,35,49,26,48,43,13,24,51,6,59,0,40,56,3,10,8,19,29,62,18,50,21,25,31,36,22,55,63,14,33,27,37
41,0,7,21,52,62,58,47,11,10,27,8,20,38,23,16,43,53,29,55,1,48,42,2,4,40,9,5,33,17,49,34,36,25,13,30,31,57,63,19,54,22,6,18,45,60,12,26,35,44,15,28,14,37,56,61,3,24,51,32,39,46,50,59
57,9,28,21,12,10,22,60,23,29,42,52,7,49,25,19,31,35,50,26,18,4,59,40,34,16,48,44,63,5,20,54,24,45,41,0,6,36,39,56,1,27,53,11,62,8,3,38,17,37,13,30,61,46,32,33,55,58,14,2,47,51,15,43
0,25,49,41,57,1,46,4,5,22,12,63,45,15,2,3,48,33,52,26,14,18,20,54,21,28,55,62,47,9,60,6,27,39,42,11,8,36,19,56,13,30,51,29,38,16,58,44,10,61,50,34,59,37,32,24,7,23,40,17,31,53,43,35
17,44,16,42,40,9,57,56,18,38,19,52,26,53,54,34,20,58,2,60,37,49,3,22,55,7,47,48,13,23,11,62,10,21,14,12,31,6,45,32,39,41,4,43,33,0,30,27,8,15,5,29,36,35,51,1,59,24,50,28,61,63,25,46
34,53,37,48,6,29,9,2,44,46,31,11,20,49,21,58,16,30,35,0,5,8,33,27,1,32,40,60,62,26,41,24,57,50,15,56,22,25,47,55,3,59,14,13,42,4,28,45,43,7,52,10,36,17,61,63,38,19,18,23,51,12,39,54
9,14,40,20,55,26,29,35,25,41,19,58,21,30,15,38,18,39,12,44,48,22,63,3,13,37,61,57,0,36,60,46,54,43,23,56,11,5,8,33,6,1,32,7,28,49,10,52,59,16,2,17,47,27,45,34,62,51,42,24,4,31,50,53
0,61,50,62,13,33,48,11,63,22,4,40,52,35,30,25,8,12,6,20,21,5,29,23,32,27,56,24,51,26,18,60,39,45,53,28,7,3,10,2,49,57,43,15,59,55,14,34,19,17,1,58,9,31,41,46,54,44,16,37,47,42,36,38
26,39,48,19,60,21,62,17,16,7,32,44,57,59,9,30,13,40,45,2,54,5,61,8,3,12,15,23,0,20,53,47,24,63,18,37,11,10,38,51,42,56,52,55,34,6,28,36,1,4,58,46,27,25,29,31,50,41,43,33,14,35,49,22
53,42,4,2,34,47,0,61,50,20,21,52,54,39,55,16,13,6,8,36,44,57,46,27,33,17,40,48,58,24,51,32,18,37,30,10,15,12,56,49,31,25,38,26,45,22,23,60,1,3,43,11,19,29,5,63,35,9,59,14,41,62,7,28
52,18,4,19,58,47,14,34,9,23,29,20,48,0,56,25,38,55,42,30,12,24,6,22,44,53,21,63,1,2,46,35,17,60,7,41,59,36,51,28,31,57,16,39,10,32,45,8,5,40,62,15,54,3,43,37,27,26,13,33,61,11,50,49
12,40,51,47,55,29,39,28,49,54,48,25,17,24,36,21,46,18,35,30,43,41,2,57,7,61,32,16,27,38,50,44,9,33,8,34,3,23,26,62,13,20,19,45,4,53,31,42,37,14,22,56,63,15,10,59,1,11,60,5,6,0,58,52
27,50,32,35,47,33,38,36,53,54,3,5,22,41,21,57,20,39,16,58,26,23,6,30,11,15,62,51,13,9,2,29,56,7,34,44,48,40,0,24,46,1,52,37,42,59,17,14,25,28,31,8,63,19,12,45,60,18,4,49,55,61,10,43
56,25,12,37,38,28,21,24,45,55,52,49,1,63,31,32,60,34,43,5,15,47,2,22,40,36,26,39,35,51,50,29,9,16,7,57,10,23,44,17,53,6,19,0,13,41,8,58,59,54,48,33,27,30,20,61,14,18,46,4,42,3,62,11
4,24,8,32,57,51,45,0,13,54,62,5,60,36,3,48,59,41,55,49,17,35,2,29,25,52,34,9,40,58,63,20,39,16,38,21,47,30,12,61,11,44,53,56,28,46,18,14,7,50,1,27,43,31,37,6,22,42,33,15,23,26,19,10
3,39,18,50,59,60,55,35,32,14,31,36,11,25,34,51,56,15,63,47,45,33,17,54,22,28,4,43,6,12,19,53,8,1,2,49,24,30,37,52,7,10,44,46,57,21,29,23,41,20,62,0,61,38,27,58,16,13,5,48,40,26,9,42
3,6,58,32,55,9,26,21,40,14,2,31,27,29,36,28,17,8,35,13,7,52,23,44,59,41,56,20,12,5,1,53,11,18,57,4,24,45,62,25,63,30,39,61,38,0,33,22,34,48,54,42,16,46,43,50,51,49,47,15,19,60,10,37
52,59,63,61,36,32,49,57,29,23,33,0,22,40,45,39,13,4,16,55,25,34,51,19,12,1,47,9,60,15,3,28,30,41,56,38,35,31,26,20,44,6,48,46,17,42,18,21,37,7,54,50,2,62,5,11,53,27,14,8,58,24,43,10
39,50,13,44,52,60,24,29,32,8,18,0,19,5,21,38,31,42,11,9,12,43,57,49,40,6,10,2,25,30,53,55,48,47,45,4,41,26,51,3,58,63,33,35,37,59,61,20,23,54,27,56,28,15,36,7,22,62,16,46,14,34,1,17
38,51,41,10,27,40,50,54,16,21,12,20,61,59,1,3,56,19,39,4,60,57,23,2,47,55,9,13,26,25,58,15,6,7,17,8,28,33,62,43,48,44,52,63,5,11,31,14,30,22,18,24,37,53,45,46,0,32,36,35,29,34,42,49
30,28,47,5,27,0,37,8,16,51,10,32,33,35,42,22,31,36,45,38,43,41,2,19,39,34,40,9,60,50,61,21,1,52,18,53,12,49,44,6,15,23,4,26,48,13,11,62,20,59,58,7,55,56,3,29,57,54,63,17,46,24,14,25
20,45,5,39,3,6,46,10,53,35,23,51,62,27,26,8,13,59,44,41,48,31,60,55,14,38,57,40,29,30,11,22,16,25,2,34,49,58,33,24,19,32,56,7,43,47,61,18,50,12,21,0,4,42,52,17,63,28,36,54,15,9,1,37
48,18,1,59,13,45,22,6,0,47,23,33,44,37,15,10,26,40,29,25,46,61,19,12,24,5,60,17,21,39,41,55,20,51,42,11,62,32,7,16,54,63,14,2,38,58,34,27,43,53,31,56,4,9,49,36,30,8,57,3,28,50,35,52
47,18,6,45,53,63,26,29,28,11,13,12,7,24,43,21,19,58,48,57,56,62,33,2,36,17,39,14,51,54,34,31,40,60,22,41,8,3,27,59,1,46,52,23,20,44,32,50,10,37,9,38,0,49,15,35,42,5,30,16,25,61,4,55
61,4,6,58,5,27,3,12,14,39,53,0,9,40,42,16,8,2,15,10,56,37,29,45,33,26,57,13,62,38,24,22,48,34,60,50,59,19,63,41,55,51,46,44,11,17,23,7,43,31,35,36,21,54,1,28,32,47,20,52,25,49,18,30
27,20,23,51,62,33,17,15,42,13,10,9,29,38,1,50,58,41,24,43,25,11,36,12,48,35,49,5,55,30,8,19,52,40,34,44,45,3,56,63,39,18,54,26,6,32,47,57,59,21,2,61,60,16,31,7,4,28,53,0,46,14,22,37
36,54,25,45,0,14,30,23,41,43,59,3,5,58,57,21,56,17,50,29,4,39,49,62,10,35,20,12,55,2,40,11,6,28,38,27,42,15,18,19,63,33,1,46,32,24,9,60,37,8,48,51,22,52,13,16,26,47,31,53,34,44,7,61
31,29,59,56,52,33,36,2,9,34,25,60,0,7,14,23,63,18,32,3,61,1,47,37,50,57,53,45,39,42,40,16,12,27,43,10,19,11,54,51,28,17,22,20,44,58,46,38,48,13,62,30,26,41,55,24,35,4,6,15,49,8,21,5
48,20,30,17,61,2,59,50,62,52,16,34,49,26,19,6,36,18,37,55,7,11,23,13,45,27,44,46,12,0,38,21,54,53,5,3,28,41,14,47,22,58,56,32,29,57,39,4,51,42,63,35,24,25,1,8,60,31,40,9,10,15,33,43
20,21,34,0,52,56,32,7,45,28,59,12,10,41,53,46,15,50,61,4,33,1,26,24,13,9,3,39,60,54,29,43,17,31,8,57,36,22,30,40,37,25,5,44,18,62,38,11,19,2,16,27,58,48,51,42,63,14,6,47,35,55,49,23
41,62,16,5,30,48,20,31,40,18,56,21,8,44,17,42,49,60,2,38,52,15,34,51,45,11,13,46,26,29,55,36,35,12,33,53,47,39,19,9,0,27,54,3,10,23,1,58,24,7,50,59,32,25,22,14,37,63,28,4,43,6,61,57
31,22,53,50,12,29,56,36,28,4,3,14,47,8,33,20,5,15,27,48,24,43,6,40,25,63,9,37,51,10,2,54,58,0,35,57,46,1,44,23,21,7,60,59,42,17,19,18,45,16,52,61,55,30,41,11,34,26,38,39,62,13,49,32
55,29,4,32,62,46,34,2,18,41,21,0,19,3,35,31,12,48,54,33,43,51,57,56,39,6,20,30,52,27,53,5,8,15,10,16,37,1,63,40,42,44,14,23,28,17,49,60,61,38,50,47,11,7,59,45,22,13,36,58,25,24,9,26
0,4,14,8,50,33,62,63,16,18,27,30,7,53,38,40,25,34,60,58,49,56,44,37,29,24,1,20,42,12,31,9,11,61,17,59,52,6,36,54,48,5,2,51,26,39,41,22,28,45,10,21,57,35,46,47,43,32,55,19,3,13,23,15
11,60,34,20,32,50,26,45,38,52,25,56,53,2,4,44,8,33,59,57,62,17,39,51,19,14,29,48,1,30,6,3,36,55,61,47,13,58,24,28,31,40,7,23,27,12,5,35,49,15,46,37,54,42,21,41,22,0,43,18,10,9,63,16
48,17,58,20,4,34,28,39,8,44,59,45,6,53,52,36,2,11,57,50,31,47,19,40,1,30,27,63,14,22,62,51,9,37,5,54,46,33,49,25,24,41,21,26,35,55,29,56,0,13,10,15,23,38,42,7,32,60,16,12,18,3,43,61
62,16,52,35,54,18,34,31,24,4,55,22,23,47,1,61,21,59,25,46,19,5,32,9,39,15,14,12,10,7,60,45,33,50,51,44,56,63,13,28,53,42,0,43,17,40,2,20,29,3,37,11,41,38,36,30,48,27,6,58,26,8,57,49
23,53,33,47,30,22,15,31,32,54,2,37,56,60,7,46,34,8,51,24,3,13,28,36,57,50,16,39,38,55,29,14,1,11,62,41,61,48,63,10,35,6,25,43,42,17,0,12,40,9,20,21,49,4,44,26,59,5,45,19,58,52,27,18
30,45,58,50,34,59,24,56,11,48,60,42,49,3,35,39,55,16,47,17,4,54,8,32,31,27,21,10,26,63,9,25,52,13,41,53,6,2,12,33,19,38,61,5,44,40,46,18,29,57,43,22,62,15,51,23,7,20,37,28,1,14,36,0
29,24,45,57,7,54,42,19,60,37,30,40,61,25,14,10,59,52,31,21,28,49,11,44,6,22,47,8,32,34,63,58,26,4,43,3,23,53,35,56,16,33,17,38,51,20,48,36,15,18,46,12,62,13,39,41,50,2,5,27,0,1,55,9
48,32,57,63,11,46,5,28,13,44,41,7,58,35,19,3,17,31,26,37,56,51,6,20,25,0,12,40,59,2,22,10,45,49,21,16,53,42,15,9,55,1,29,27,60,4,47,54,50,34,38,39,30,18,33,62,61,52,23,36,14,8,24,43
59,5,61,18,9,38,29,24,32,21,26,6,62,47,41,35,28,63,8,37,12,51,45,40,16,52,20,30,58,50,19,23,17,36,56,27,53,46,57,0,10,48,55,7,15,33,22,1,31,3,42,2,43,14,60,34,54,44,49,4,25,39,13,11
46,49,4,56,60,62,37,57,48,29,53,10,0,26,11,14,45,40,59,25,23,38,5,63,8,22,32,42,6,12,20,47,36,55,7,13,50,16,15,3,54,35,44,1,17,9,51,18,41,39,19,31,27,28,30,34,21,24,43,33,58,2,61,52
2,18,17,48,56,39,23,25,14,21,26,6,32,50,59,61,57,1,13,33,54,55,8,31,10,53,3,11,43,16,36,46,62,29,38,24,58,30,22,44,7,60,34,28,27,42,15,19,49,20,35,40,51,63,45,41,52,5,0,37,47,9,12,4
32,26,34,56,30,39,41,50,40,31,6,22,55,49,35,44,54,29,15,27,48,63,60,17,20,62,1,7,11,36,12,25,21,8,13,45,18,4,38,33,42,2,28,51,5,37,53,59,14,23,10,46,47,52,58,9,19,57,43,0,3,61,16,24
10,57,43,26,38,19,25,16,13,52,30,12,23,42,17,62,60,35,8,59,53,5,34,61,27,45,58,9,44,18,49,14,63,24,31,1,55,15,6,36,37,0,3,41,54,39,40,4,21,29,7,50,47,56,32,22,20,46,33,48,28,2,11,51
38,8,50,27,4,48,62,44,58,16,53,15,24,46,19,9,51,39,1,37,34,17,60,29,59,43,57,26,2,42,30,5,35,11,7,61,55,10,49,14,3,63,33,18,20,41,6,31,21,23,28,56,0,45,47,40,52,32,54,12,13,36,22,25
59,23,13,48,22,60,51,44,61,15,10,32,33,38,45,8,41,19,25,31,35,12,27,3,4,14,62,49,47,6,21,9,11,58,30,17,50,29,18,20,57,0,52,36,1,46,5,56,16,24,53,55,42,34,39,63,7,54,43,37,28,2,26,40
9,51,61,45,20,33,49,26,8,15,62,38,31,56,58,24,21,1,13,47,17,35,34,14,48,50,22,41,10,53,32,55,6,54,43,11,30,52,46,16,25,3,23,28,36,19,40,27,59,4,37,44,57,39,0,42,12,60,63,5,7,18,29,2
11,52,35,50,43,14,23,42,44,63,9,26,47,59,36,5,6,45,15,7,31,32,41,13,53,60,4,58,40,29,55,10,1,51,19,0,49,22,61,28,30,27,62,37,39,38,57,21,24,56,2,34,46,33,54,48,12,16,25,3,20,8,17,18
28,43,42,1,6,57,34,21,40,4,7,58,41,56,9,19,47,17,53,46,37,27,5,12,33,49,24,15,60,62,44,0,23,25,38,31,11,14,16,35,22,55,29,59,10,45,13,61,26,30,50,32,54,63,2,3,18,51,52,8,20,39,48,36
18,17,26,41,51,30,37,58,2,4,47,27,33,15,20,5,46,1,60,55,43,3,23,50,57,28,56,8,44,11,10,45,24,35,61,31,12,63,22,29,7,40,25,54,53,21,36,59,34,38,62,9,14,32,16,13,52,6,19,42,48,39,0,49
46,8,36,26,60,31,4,49,23,3,43,53,54,18,62,34,22,38,35,28,41,59,5,17,56,7,6,19,21,51,16,44,20,45,9,40,12,1,48,55,52,15,13,58,57,2,47,25,27,63,11,50,37,14,24,42,10,30,32,29,61,33,39,0
30,32,49,6,14,11,31,45,1,59,16,9,48,55,19,15,20,17,56,5,7,44,27,0,29,57,43,25,39,46,10,62,52,54,47,12,23,21,26,33,2,28,4,53,24,40,41,34,38,51,50,58,18,36,8,37,22,63,61,3,13,60,42,35
15,2,54,13,32,7,42,12,48,61,19,24,62,21,39,63,28,34,5,18,52,6,30,33,8,56,23,49,16,9,36,45,22,11,31,38,44,47,41,43,37,17,20,59,25,50,57,60,1,3,46,29,53,0,55,27,14,58,26,10,40,51,4,35
31,23,59,27,62,60,2,39,57,13,56,11,28,32,20,49,38,14,1,15,4,54,43,58,0,5,47,63,30,61,25,10,37,34,8,52,26,44,17,36,19,9,55,50,22,7,40,24,3,46,35,12,45,51,41,29,42,18,6,21,16,33,53,48
13,21,16,31,39,27,19,59,26,17,43,46,60,36,45,5,28,42,57,9,10,34,4,15,18,51,61,2,49,41,20,30,56,6,63,48,25,0,50,44,33,55,29,8,22,53,14,23,12,40,58,54,11,7,24,35,38,52,62,47,37,3,32,1
19,16,6,32,46,49,17,59,4,58,62,14,23,39,13,60,27,45,55,48,43,35,8,3,31,15,25,61,5,54,20,38,22,47,21,57,56,0,7,26,29,50,51,1,44,28,40,9,24,30,41,63,53,37,52,11,34,36,18,12,10,42,2,33
0,3,2,40,8,50,43,18,39,30,51,22,33,60,14,28,58,10,4,1,47,35,56,57,52,26,63,49,23,37,19,42,16,27,32,17,59,24,13,45,36,12,41,31,55,20,29,6,9,5,38,48,46,25,54,15,21,62,34,44,11,7,53,61
14,4,41,5,21,7,34,60,18,31,62,25,19,51,47,12,28,46,15,6,48,1,0,24,38,40,16,32,36,20,58,8,11,53,10,29,37,33,23,3,30,50,63,49,9,55,43,35,22,27,17,44,45,54,42,61,39,52,2,57,26,59,56,13
10,22,3,37,54,9,6,33,57,38,14,51,36,7,39,20,8,27,28,63,50,18,43,25,12,47,45,34,30,55,15,4,16,5,60,35,1,0,52,24,59,56,26,2,62,61,46,49,17,42,31,53,11,44,19,29,23,40,21,48,32,41,13,58
18,8,61,37,45,53,33,62,58,25,22,10,36,43,46,14,35,49,55,24,7,42,44,50,23,4,27,11,47,9,13,28,21,41,1,0,51,29,16,38,17,5,12,32,52,34,26,54,3,30,19,2,31,63,48,20,15,40,6,59,60,39,57,56
63,40,23,21,50,60,44,17,8,58,13,56,33,19,10,51,48,20,6,15,57,22,62,12,53,42,55,9,5,54,36,32,14,38,29,41,30,47,39,61,0,49,3,35,59,2,34,25,43,31,45,28,46,16,37,11,26,1,27,7,18,4,52,24
45,3,15,49,39,42,51,53,6,5,23,12,37,33,34,1,52,19,11,9,59,56,61,28,4,36,57,27,35,30,20,22,38,47,63,32,26,7,16,21,60,24,41,25,18,14,31,48,29,50,0,8,2,62,54,10,44,13,46,43,17,40,58,55
18,13,53,43,10,7,34,8,63,45,62,59,26,14,58,40,5,24,28,25,36,42,1,15,20,37,32,33,47,61,35,22,46,12,56,16,17,23,29,60,19,49,41,3,57,44,21,31,4,52,51,39,0,38,54,30,9,11,48,6,27,50,2,55
7,60,0,6,35,9,16,40,13,8,30,29,34,53,12,24,21,3,44,51,45,55,5,39,49,52,54,18,50,31,59,47,43,27,22,36,25,56,19,17,42,46,4,10,15,26,63,14,37,11,58,33,2,62,61,1,28,23,20,57,41,48,38,32
2,11,35,51,43,8,25,44,26,5,48,59,38,60,33,57,42,56,32,62,17,29,63,46,30,39,18,52,20,14,4,13,9,21,47,16,23,27,22,12,36,15,34,31,61,41,1,37,55,54,6,50,58,10,53,7,24,19,0,28,3,45,40,49
44,43,1,13,8,36,51,4,15,60,63,47,34,55,32,3,18,28,38,37,45,10,22,52,23,25,14,46,33,30,31,57,0,11,9,7,50,35,20,5,42,6,16,17,21,48,56,39,40,29,54,59,61,49,41,62,26,58,27,2,19,24,53,12
18,43,9,62,25,21,19,12,36,5,13,0,3,42,30,27,55,58,46,17,11,10,32,26,16,6,7,60,20,51,49,29,59,56,45,63,22,15,39,40,34,52,47,57,35,61,33,31,2,41,1,38,54,50,48,8,14,37,24,23,44,53,4,28
12,36,29,11,42,37,59,54,47,56,9,4,25,34,43,23,10,17,52,14,63,44,8,38,21,30,5,16,60,48,62,41,35,28,55,24,61,40,13,39,2,50,1,18,3,32,57,46,19,27,0,33,26,22,15,51,7,53,31,49,58,45,6,20
3,26,31,7,5,25,39,50,10,29,56,28,51,43,4,22,20,63,17,30,18,55,34,40,21,48,19,44,15,47,36,8,38,9,53,12,58,23,45,54,61,49,33,59,14,13,24,46,32,41,16,35,37,1,57,60,62,42,11,2,52,0,27,6
17,5,58,49,60,29,40,0,59,15,7,31,34,51,63,32,48,38,55,35,26,22,30,25,28,27,44,8,20,18,36,43,39,23,53,47,10,6,12,19,9,16,4,50,57,24,45,1,3,37,21,33,41,56,46,61,54,52,62,13,14,11,42,2
9,38,6,2,18,45,8,51,63,33,1,29,61,30,37,11,52,41,58,44,20,55,22,3,39,60,26,32,4,40,15,35,10,56,59,36,19,25,21,49,31,23,5,0,53,27,47,54,34,28,48,42,17,16,12,46,57,14,13,43,50,7,24,62
33,61,18,36,45,52,41,56,24,22,59,49,17,35,28,46,37,53,0,2,51,11,48,12,16,40,8,34,54,57,6,47,7,62,4,9,39,58,55,3,25,5,44,42,31,27,43,63,13,10,50,14,20,38,1,30,29,26,60,19,15,21,32,23
17,6,29,10,42,58,32,9,35,36,3,1,37,51,39,28,48,49,15,45,53,11,59,22,46,61,27,54,8,31,0,5,56,34,4,7,21,2,13,44,62,40,26,18,63,25,24,30,14,47,52,38,41,23,16,33,19,55,43,60,12,50,57,20
28,45,47,41,53,8,46,54,3,37,19,6,35,63,11,59,5,17,49,55,40,21,31,62,43,56,61,2,33,30,22,7,32,0,50,14,39,42,9,18,51,26,1,4,13,58,60,57,44,52,25,29,24,48,27,16,15,23,34,38,12,36,10,20
23,27,53,3,17,11,5,24,22,31,18,0,55,29,51,63,36,52,20,40,50,9,34,62,35,12,16,28,26,43,61,58,42,14,49,45,60,32,30,47,25,7,1,6,54,41,33,8,38,46,44,2,48,56,13,4,10,39,15,19,59,37,21,57
25,19,39,49,61,11,47,13,59,17,51,42,29,30,27,6,57,14,8,2,55,38,16,7,24,23,33,0,58,40,34,28,21,37,4,44,15,5,48,50,9,3,32,22,10,54,56,62,18,41,35,1,26,20,46,60,52,36,53,45,63,12,43,31
32,20,26,48,60,53,11,29,54,45,52,38,12,62,18,46,4,28,58,47,40,37,8,33,14,1,36,31,25,2,13,5,57,22,19,0,15,17,55,39,61,59,41,3,10,43,16,44,6,30,35,63,24,56,23,42,34,7,9,50,51,27,49,21
16,44,37,42,51,20,62,50,28,24,43,18,2,13,30,4,26,49,23,60,25,32,47,21,9,58,12,1,46,27,55,40,31,61,3,38,57,6,41,48,22,10,34,59,5,54,19,33,39,17,35,0,14,8,36,29,56,53,7,11,63,45,15,52
12,1,63,45,34,55,9,0,3,23,24,59,7,28,48,32,44,26,20,40,18,5,61,52,50,29,15,37,14,6,22,43,54,49,60,13,56,11,47,2,17,62,36,35,58,39,30,21,41,33,31,42,38,57,27,8,25,53,19,16,46,4,10,51
59,63,44,1,38,11,18,42,25,13,31,7,23,52,56,53,28,49,14,4,12,58,40,22,45,55,10,3,51,39,16,62,60,33,8,54,41,34,46,36,57,26,47,61,0,6,27,21,30,29,32,43,37,2,15,17,9,24,48,5,19,35,50,20
59,4,15,25,50,5,17,47,32,38,62,30,57,23,58,63,3,45,56,24,35,28,34,51,14,22,42,27,61,44,18,41,6,19,1,7,46,52,12,11,9,37,21,36,40,54,48,55,43,60,8,0,2,49,13,53,10,33,29,16,20,39,26,31
12,61,26,24,10,8,54,7,56,50,15,36,62,43,60,33,47,32,13,57,42,31,41,25,11,52,59,3,39,46,53,9,0,55,48,34,6,17,19,2,27,18,20,63,22,4,30,16,49,28,35,38,37,44,1,40,21,23,51,45,29,14,58,5
38,41,36,32,2,12,40,28,45,37,20,0,13,10,24,17,51,53,48,54,56,25,49,14,43,9,59,44,57,4,35,22,39,52,16,1,31,60,11,42,47,5,58,26,50,33,46,29,63,27,61,23,62,55,34,19,8,6,30,15,21,7,18,3
2,28,14,3,51,34,7,12,9,20,38,21,45,41,25,53,32,61,24,48,29,57,17,31,26,54,47,15,8,59,5,36,1,0,60,13,37,16,40,56,63,52,62,27,22,23,19,55,43,4,50,44,35,39,30,10,58,46,33,11,6,42,18,49
54,53,9,43,45,7,8,62,58,33,17,47,59,44,12,46,63,1,55,11,36,60,10,48,25,21,35,26,23,40,5,22,3,29,2,31,34,32,20,61,38,42,14,52,13,4,28,19,57,27,50,51,6,15,30,16,39,0,18,24,41,56,37,49
16,14,20,56,42,46,34,57,51,18,22,41,25,30,36,23,38,60,32,45,61,7,59,26,1,28,33,53,13,21,44,5,11,62,35,43,31,10,52,12,3,54,24,9,47,50,37,63,4,2,49,39,17,19,6,29,8,15,48,55,40,58,0,27
38,48,17,21,24,11,1,57,16,55,45,8,54,2,15,9,30,63,12,35,49,10,53,41,18,56,5,29,19,46,40,23,61,0,20,6,13,43,14,51,31,27,50,58,44,47,26,36,59,39,52,28,7,34,33,62,37,60,42,4,22,32,3,25
1,45,51,63,48,61,16,52,3,31,34,24,27,47,29,11,10,35,28,2,36,39,50,62,43,32,56,8,49,9,14,23,30,58,0,15,5,22,57,46,38,20,60,54,55,4,53,6,42,21,41,7,13,40,33,26,37,25,44,19,17,18,12,59
62,14,24,13,31,35,25,15,56,30,52,8,58,54,53,23,27,48,32,10,47,29,18,6,17,42,61,28,37,39,36,12,57,45,38,43,21,33,50,22,34,9,55,16,46,40,59,26,19,7,5,0,63,60,2,1,11,41,3,44,49,4,20,51
18,11,43,35,61,39,20,42,21,44,10,29,33,58,51,3,56,31,27,38,45,47,13,1,14,50,4,32,6,15,55,12,48,22,40,24,19,49,37,8,36,17,5,28,54,7,0,59,63,25,60,62,41,53,52,26,34,23,46,9,30,16,2,57
29,25,37,9,32,49,54,23,28,3,14,52,45,12,59,5,40,41,47,4,44,22,35,13,61,55,43,63,11,16,62,24,50,33,21,20,34,30,38,56,60,19,58,6,2,27,57,7,10,26,48,17,42,0,46,15,1,53,51,31,8,39,36,18
46,12,41,13,51,35,5,52,18,21,50,3,57,23,20,17,4,40,25,60,2,1,28,56,15,43,62,14,27,16,22,39,37,19,26,58,9,32,36,7,44,53,63,30,34,6,10,47,33,48,38,45,24,0,59,61,49,8,29,31,42,55,11,54
10,60,3,55,33,2,61,56,21,46,13,26,36,51,7,58,1,27,48,44,50,8,0,30,5,12,19,14,47,34,45,6,38,16,11,39,29,18,4,28,20,62,17,15,32,41,63,57,35,59,42,25,54,40,53,37,24,52,22,31,23,9,49,43
37,8,48,33,46,25,19,47,6,58,61,53,11,24,21,54,59,22,45,28,7,30,63,39,35,31,40,1,57,38,9,4,50,2,14,13,15,52,20,29,55,41,44,51,34,49,60,0,26,10,27,62,36,43,32,17,42,18,3,16,23,5,12,56
13,36,12,29,28,11,50,61,60,5,43,31,63,40,32,25,41,35,58,56,1,19,30,59,14,48,15,42,7,26,10,39,0,22,20,44,2,16,4,8,49,57,52,55,51,54,6,47,23,3,33,53,9,46,37,18,17,24,62,21,45,27,34,38
46,47,9,25,26,12,38,4,59,63,28,22,27,50,16,21,0,43,24,41,49,39,18,35,1,48,29,57,8,60,2,31,58,55,53,7,37,30,23,15,45,61,54,5,40,34,20,32,62,14,44,56,33,13,11,6,19,52,51,42,17,3,36,10
62,43,16,40,13,35,63,4,54,19,0,25,8,59,10,7,11,56,61,17,46,51,32,45,55,22,47,26,18,5,38,50,52,15,37,41,58,14,42,39,6,23,3,20,28,49,21,53,24,44,60,29,34,9,36,12,27,57,2,31,33,48,30,1
49,41,36,5,1,4,45,52,61,10,53,13,0,37,12,9,57,56,50,6,11,30,54,42,63,26,47,8,2,7,28,60,44,35,14,34,22,58,55,51,27,39,38,59,43,23,24,33,62,15,32,48,17,40,3,20,19,25,46,21,18,16,31,29
41,57,49,25,27,34,26,37,45,47,51,46,52,23,28,0,54,53,21,12,14,17,30,35,16,48,36,59,15,20,40,38,55,39,43,6,32,63,19,29,31,4,60,3,13,44,1,42,62,9,5,18,58,22,50,56,10,33,8,7,2,11,61,24
39,3,56,52,45,5,62,54,58,4,27,31,29,53,36,0,63,12,17,26,38,42,22,60,20,2,40,6,48,51,61,16,37,33,47,11,28,8,18,21,9,34,32,15,25,7,1,50,13,24,59,46,44,10,55,23,41,19,30,35,43,57,14,49
17,11,16,62,9,39,45,22,49,43,35,41,40,7,60,33,59,27,20,56,18,21,24,29,61,34,12,42,31,1,0,58,3,57,32,54,13,30,26,6,53,47,52,51,36,63,14,2,46,23,50,55,8,28,5,25,38,15,4,37,44,48,19,10
15,0,2,12,47,41,37,46,42,19,20,62,29,49,60,6,25,61,56,51,38,23,16,24,53,17,3,58,27,57,8,48,28,32,52,54,34,44,5,21,13,59,7,36,63,40,11,50,14,39,33,22,43,45,31,35,9,4,55,18,1,30,10,26
46,23,14,6,0,30,48,24,49,53,33,1,9,34,37,40,44,16,17,43,19,21,7,42,26,32,61,22,25,11,29,2,8,51,41,20,45,15,38,27,35,57,47,58,59,54,52,56,50,12,60,63,28,62,36,10,39,55,31,13,3,4,5,18
6,16,36,60,15,61,62,12,1,23,21,42,11,59,43,41,30,47,56,58,9,5,39,54,18,40,13,37,52,63,14,7,46,49,51,48,35,20,32,27,26,29,25,28,53,34,50,57,3,19,45,55,0,22,44,8,31,2,17,33,24,10,4,38
24,13,39,49,62,42,59,17,34,40,54,1,6,11,58,43,12,18,2,21,35,20,14,7,16,48,61,37,4,33,3,25,57,50,15,0,22,9,23,63,19,46,52,26,8,51,44,10,55,30,5,41,29,36,38,28,53,27,31,32,56,60,47,45
46,62,7,37,32,17,49,52,60,15,22,41,61,25,42,2,44,53,30,47,8,50,48,27,29,45,18,11,54,4,19,1,40,3,23,16,14,63,12,58,56,55,20,24,21,57,51,5,10,6,26,34,59,36,38,31,43,28,33,13,0,39,35,9
25,18,42,9,11,44,62,45,28,17,30,60,55,10,43,61,59,41,7,33,23,52,13,56,0,26,16,38,46,29,57,50,34,48,36,4,35,8,19,31,14,27,58,12,1,20,51,2,47,63,22,15,53,39,21,32,54,37,5,6,49,24,40,3
3,20,23,33,16,30,34,51,43,36,2,46,15,11,25,58,32,41,8,56,14,9,39,61,57,28,1,40,44,4,35,7,54,49,42,5,27,18,50,59,53,38,6,21,45,10,63,48,55,22,12,60,52,0,29,19,24,13,17,37,31,47,62,26
44,31,57,52,6,35,56,0,9,59,51,14,34,63,49,39,55,2,10,11,58,28,12,38,54,61,15,47,45,53,19,36,42,21,25,46,3,26,33,37,32,18,30,41,8,62,20,43,5,13,60,17,29,16,22,7,24,27,50,23,4,40,48,1
22,37,16,40,14,60,50,11,5,62,30,23,47,7,45,56,6,20,33,9,39,49,53,44,3,58,36,41,34,17,46,43,26,8,54,18,42,19,0,55,57,15,31,4,28,51,10,2,52,27,38,12,63,35,13,1,24,61,21,29,59,48,32,25
47,62,13,28,19,39,45,4,21,23,34,40,49,1,14,3,11,8,31,35,29,20,2,44,41,18,50,6,60,7,15,43,16,26,38,25,10,27,33,58,55,30,61,32,57,37,17,5,59,63,52,53,56,0,42,24,22,12,54,46,36,9,48,51
37,47,2,19,63,29,10,25,0,28,41,16,24,42,32,43,20,39,3,22,12,46,9,14,44,31,1,40,15,30,50,27,13,62,54,45,8,51,6,59,38,48,60,5,55,17,49,7,18,11,52,57,36,61,58,33,26,21,35,56,34,4,53,23
38,40,25,50,54,47,57,30,7,12,36,17,19,61,24,48,39,2,60,58,4,41,16,13,59,53,10,42,55,33,31,11,28,43,56,14,63,62,9,8,34,20,23,51,22,0,18,5,3,1,45,29,44,37,6,49,52,27,15,35,46,32,26,21
36,39,63,46,19,31,9,48,20,7,45,49,44,56,50,11,34,58,42,32,21,35,33,54,60,16,18,24,3,53,15,57,22,10,25,30,13,40,4,59,41,14,17,55,37,61,8,28,43,1,6,47,51,5,29,2,0,26,27,38,62,23,12,52
55,24,61,60,63,59,21,39,8,57,7,58,35,38,18,2,51,5,54,40,53,37,48,47,29,27,16,13,11,10,17,50,49,43,45,44,14,33,4,46,3,32,41,31,36,19,25,52,9,22,20,23,62,12,15,6,42,0,30,56,34,1,26,28
60,18,22,52,35,57,47,45,40,9,61,43,31,54,36,21,16,33,63,48,39,51,37,29,4,3,46,28,32,7,59,56,5,53,12,14,10,23,55,27,44,20,15,34,11,41,50,24,30,13,25,17,38,49,1,58,62,2,26,19,6,42,0,8
59,51,55,53,13,57,24,1,46,38,26,49,60,33,61,19,45,18,14,6,41,37,47,20,27,22,32,31,2,36,17,50,58,44,15,52,39,56,28,9,0,21,3,4,48,23,12,54,25,5,63,34,7,29,30,40,10,35,11,16,8,42,43,62
22,26,44,28,54,0,20,39,62,29,27,38,2,17,30,35,31,19,42,53,8,15,43,7,23,10,46,21,60,41,3,4,56,13,32,51,37,24,9,52,33,47,11,40,45,6,61,25,14,16,50,36,1,59,58,18,55,63,12,34,48,5,49,57
46,59,12,13,4,24,33,1,32,50,45,30,7,5,3,14,38,18,27,21,8,15,0,22,53,49,62,29,41,37,35,31,54,11,23,48,6,40,10,39,25,17,47,2,26,63,19,36,56,16,58,20,34,44,42,55,51,61,52,60,57,9,28,43
20,30,23,24,43,48,5,57,44,2,15,53,8,59,25,22,61,41,0,29,12,50,38,46,33,7,51,3,4,18,28,45,58,10,49,37,63,32,17,9,14,55,39,6,1,47,11,62,40,42,13,54,16,27,36,19,56,34,35,26,31,52,21,60
20,55,63,12,31,54,48,1,27,8,26,34,19,4,7,23,28,46,32,51,2,6,9,14,35,47,59,50,41,15,17,25,21,44,40,53,49,39,42,60,30,11,58,36,0,29,10,3,22,56,61,57,16,62,33,24,52,5,18,37,13,38,43,45
37,27,21,51,45,17,5,0,14,57,24,63,13,49,9,40,11,34,42,43,44,55,47,30,53,39,62,26,6,29,50,58,15,22,10,35,32,41,12,48,56,20,61,23,59,38,1,8,54,19,16,18,36,7,60,33,3,28,52,46,31,4,2,25
41,16,24,42,31,39,34,2,47,36,7,19,25,18,22,63,8,49,30,54,61,38,44,56,20,6,10,1,33,37,32,60,0,50,58,21,4,45,51,57,35,43,5,62,53,59,27,28,46,29,40,15,26,11,55,17,23,12,13,14,48,3,52,9
30,44,33,26,20,43,49,53,47,42,25,24,46,21,3,2,4,18,54,23,45,37,50,63,55,9,58,1,59,0,5,40,62,56,29,32,48,22,57,35,7,10,52,31,51,14,17,60,16,11,27,36,41,39,19,6,61,12,8,13,28,15,34,38
27,60,48,32,56,63,51,43,14,62,42,13,45,49,52,25,0,41,6,10,46,50,5,34,20,35,38,24,17,61,36,53,4,11,58,22,15,33,18,23,9,57,26,54,3,1,30,28,39,16,37,31,8,2,55,19,47,7,12,44,40,21,59,29
41,20,43,60,45,37,12,36,23,17,31,56,13,8,59,16,7,52,34,14,30,1,0,10,61,57,49,62,47,50,53,19,25,15,5,51,33,26,46,22,18,32,42,54,29,4,55,2,24,35,63,9,28,44,27,58,39,3,40,21,6,11,48,38
52,16,42,38,46,5,59,55,36,48,14,41,28,29,21,32,18,63,60,34,7,57,22,12,61,43,0,3,19,47,51,39,15,53,54,44,13,49,30,23,4,27,17,20,62,58,1,37,11,35,9,2,6,45,40,33,25,26,50,24,10,8,56,31
54,61,13,44,16,58,28,8,35,30,60,24,42,50,22,59,46,48,20,0,5,9,1,23,25,18,45,52,47,56,33,2,11,10,12,36,55,32,57,3,15,19,14,63,4,62,40,31,38,51,21,37,53,43,29,41,7,49,34,17,6,27,39,26
53,54,0,28,51,17,61,4,24,16,15,14,5,45,36,9,46,34,62,31,18,35,37,13,63,39,43,59,33,50,19,58,52,1,60,7,40,32,2,12,3,44,8,22,29,23,55,11,56,49,6,10,26,38,25,47,41,48,57,42,30,21,27,20
46,28,1,2,48,29,42,9,22,47,25,4,20,60,54,36,51,30,18,43,59,17,19,31,0,10,15,13,38,58,34,62,5,8,7,41,37,12,26,33,63,21,56,3,11,23,40,27,55,50,14,61,45,6,57,44,49,52,24,16,39,35,53,32
44,27,49,34,43,58,60,3,23,6,47,52,24,9,21,29,20,45,8,0,35,22,63,56,32,62,19,11,37,40,39,7,50,1,10,51,14,18,12,61,59,38,2,13,26,42,36,48,46,33,31,16,17,5,55,30,4,57,41,25,54,28,53,15
57,43,51,47,36,29,2,32,26,31,55,62,40,24,61,48,14,7,38,23,45,9,49,0,3,6,8,53,20,17,5,39,33,35,50,42,22,1,41,59,10,18,11,63,56,15,21,19,12,27,34,4,30,46,28,37,58,54,52,16,13,60,44,25
26,19,52,2,36,31,37,58,60,0,47,38,28,27,10,39,21,41,30,42,56,61,14,46,25,20,53,15,12,4,54,45,13,9,62,5,50,17,7,48,11,22,34,40,35,51,33,8,1,24,63,49,18,44,57,59,6,32,43,29,23,16,55,3
45,10,44,30,60,34,3,26,43,28,31,53,56,37,59,8,23,51,47,7,57,39,41,61,0,4,1,49,54,19,22,50,58,25,18,27,36,11,24,62,40,38,13,14,52,2,20,21,42,29,32,46,12,9,15,35,17,33,5,63,16,48,55,6
0,22,18,32,10,1,25,7,55,30,46,44,45,57,38,17,4,3,40,6,60,19,33,2,61,54,13,59,39,12,21,36,31,47,35,5,8,58,51,43,52,14,27,41,49,42,23,50,24,20,29,26,53,15,56,11,34,37,48,9,28,16,62,63
32,33,45,44,25,13,52,57,4,18,10,47,16,15,61,31,46,60,5,9,23,22,35,12,1,27,48,0,40,20,28,53,59,26,41,24,34,55,50,30,43,6,62,37,2,56,7,42,11,36,19,51,54,38,39,8,14,17,3,29,49,58,63,21
15,5,60,23,7,25,16,44,24,30,54,48,61,58,53,52,35,40,34,13,29,36,51,1,14,56,18,0,45,2,41,27,37,22,8,59,4,47,55,6,21,28,33,62,49,39,17,3,57,12,43,31,26,32,11,46,10,42,50,63,19,9,38,20
32,50,39,10,44,57,5,8,29,35,47,26,58,21,23,22,34,37,6,60,12,20,1,56,38,30,25,0,24,9,36,41,52,48,28,7,51,54,17,49,61,3,40,33,45,14,46,11,43,42,18,19,63,31,55,16,62,15,53,2,4,59,13,27
20,63,54,39,26,51,27,42,49,22,21,38,7,57,10,24,29,45,47,23,56,52,46,17,41,33,59,34,53,16,40,58,8,9,6,31,32,60,5,3,0,55,4,37,48,15,28,19,43,61,12,1,44,35,13,36,2,18,50,62,11,30,25,14
54,20,57,29,25,3,22,49,31,34,13,40,52,23,55,16,35,39,11,63,5,42,1,28,15,62,24,9,46,37,7,26,0,50,33,60,45,19,18,6,53,14,47,21,4,27,12,56,17,48,41,8,44,32,30,59,58,61,36,43,2,51,10,38
13,12,54,4,26,56,42,38,46,36,24,0,62,10,31,25,19,9,35,39,34,63,60,6,49,52,30,2,7,16,11,27,29,23,50,45,20,43,3,21,33,53,41,32,37,5,61,18,22,15,51,1,47,14,59,58,17,48,40,55,44,8,57,28
21,40,49,12,50,60,44,42,24,30,36,43,4,13,15,45,1,33,57,6,3,20,28,25,7,14,26,55,54,5,38,47,63,18,27,61,52,17,35,16,23,32,51,19,46,56,41,9,59,62,10,37,8,31,34,2,0,58,48,29,53,11,39,22
1,36,11,34,5,38,3,35,53,47,28,49,54,50,12,23,24,59,19,33,18,40,2,9,15,52,30,48,51,4,7,45,29,41,61,37,44,21,27,42,0,10,6,56,22,58,31,60,55,14,43,13,32,62,8,17,26,63,20,57,16,46,25,39
42,41,32,43,31,18,46,24,47,49,8,62,15,25,36,21,40,23,57,44,9,29,28,53,22,17,63,20,39,7,58,38,6,2,33,54,19,14,3,37,26,30,52,10,60,0,59,12,56,45,5,13,27,50,34,11,61,35,1,16,55,51,48,4
4,19,39,32,59,43,23,40,55,12,48,60,24,22,11,57,45,21,20,8,18,41,30,2,61,29,3,26,46,50,27,42,1,5,51,17,0,47,54,53,34,16,33,37,25,52,49,15,44,56,10,38,14,13,36,7,9,62,6,58,31,28,63,35
50,39,25,38,6,54,49,15,24,41,59,10,61,36,14,55,62,4,31,20,57,46,52,34,2,13,42,7,18,0,30,17,32,51,53,43,33,45,3,1,11,27,63,26,35,5,21,22,19,16,47,60,48,9,58,37,23,44,12,8,56,40,29,28
43,17,34,59,35,45,32,5,8,24,53,1,61,23,54,38,22,0,12,52,19,11,29,57,10,63,14,36,9,42,15,25,31,16,21,2,56,28,37,46,47,58,20,13,62,3,6,18,51,4,7,30,41,49,26,55,50,60,33,48,44,40,39,27
21,29,40,8,59,25,33,49,44,42,4,32,5,47,46,0,58,2,28,26,53,1,7,36,6,63,13,52,27,50,11,60,35,20,34,61,18,14,38,56,17,19,31,48,9,24,54,23,62,10,30,22,3,16,51,57,39,41,15,55,43,45,12,37
19,45,44,0,25,43,17,13,15,50,29,9,49,7,55,21,54,36,40,18,33,27,61,3,52,32,34,14,2,24,31,23,51,12,58,46,8,1,62,10,59,4,22,16,38,20,60,35,37,47,42,30,57,6,48,11,63,41,53,56,26,39,5,28
46,58,10,21,9,44,59,36,23,41,28,50,30,15,57,42,32,16,14,48,8,56,0,47,11,17,49,39,6,31,18,12,5,60,45,43,7,63,40,25,22,29,3,55,13,52,24,19,4,1,27,38,37,35,20,61,2,62,33,34,54,26,53,51
46,10,17,6,2,31,39,50,23,26,13,40,35,48,4,8,56,5,16,11,58,29,32,30,60,20,14,25,22,54,19,49,55,53,21,57,37,44,36,51,33,59,0,3,18,42,15,63,1,12,45,47,41,61,52,27,43,28,9,24,38,34,7,62
35,14,18,31,39,1,47,52,63,4,43,29,24,44,23,38,8,55,58,42,41,33,3,36,46,34,25,20,60,21,17,26,48,57,54,37,2,51,11,16,13,0,6,62,45,61,59,12,22,50,19,53,49,10,30,5,15,28,27,9,40,7,56,32
21,45,11,57,31,49,2,7,17,47,60,37,9,0,42,6,19,48,20,61,46,39,29,55,54,51,59,32,27,12,62,26,35,34,3,56,14,33,15,16,8,58,43,36,63,13,28,52,30,24,22,10,18,4,41,40,1,23,53,5,38,44,50,25
18,56,13,28,4,24,54,60,3,61,20,45,14,51,21,33,10,58,27,7,16,30,12,41,63,23,31,49,37,26,5,25,36,32,40,17,1,55,22,2,44,34,9,11,19,62,8,0,35,42,47,6,46,50,52,15,48,43,39,38,53,57,59,29
55,51,48,27,18,15,56,9,44,57,19,50,54,59,1,42,23,32,60,13,8,14,58,22,11,45,52,16,6,5,43,26,7,49,46,38,25,20,62,21,61,35,10,63,30,33,29,36,31,3,2,17,34,28,39,24,37,4,0,12,41,47,40,53
29,17,23,54,33,39,48,63,13,3,25,24,6,21,22,34,7,9,50,4,44,43,8,38,15,2,19,42,20,1,30,56,61,62,53,31,49,14,12,28,59,55,40,37,0,51,41,10,45,26,52,11,58,47,57,46,5,36,32,16,60,35,18,27
18,37,16,47,3,25,55,57,26,51,19,58,6,34,41,54,11,38,24,8,33,1,62,32,5,30,23,61,40,45,35,63,0,60,10,31,46,36,12,9,15,49,22,59,7,52,17,2,53,14,50,42,56,28,44,27,13,21,39,43,29,48,20,4
46,23,37,31,49,42,21,25,17,32,18,22,0,8,26,13,15,28,7,44,51,63,5,55,60,41,9,10,3,12,50,4,59,27,33,56,58,30,6,52,54,1,2,62,24,57,47,16,40,35,29,45,11,39,53,34,48,38,19,36,14,61,43,20
8,22,53,43,48,60,63,49,62,3,42,25,37,21,28,32,9,59,54,11,35,56,39,34,4,26,30,23,18,36,50,46,12,55,2,6,47,51,15,52,38,24,19,13,31,17,14,29,7,45,33,27,16,1,58,44,10,40,20,41,57,0,61,5
23,48,41,54,36,22,37,29,16,25,60,39,13,31,7,55,33,40,57,47,10,42,21,28,35,17,20,61,56,34,43,52,1,27,44,19,18,5,11,6,4,50,53,15,9,14,45,38,24,58,32,59,63,51,2,12,0,49,8,30,62,26,46,3
6,11,28,8,54,53,23,13,32,63,2,10,51,33,47,40,22,45,44,60,26,49,56,41,61,27,17,55,12,35,3,39,24,18,58,36,42,7,62,0,48,50,52,15,5,46,9,34,4,43,21,38,29,19,25,31,1,20,59,37,16,30,14,57
42,50,5,40,53,51,20,27,29,57,31,32,59,2,39,7,15,10,62,61,60,11,23,63,41,26,45,38,12,48,56,49,1,13,35,19,55,30,44,25,54,0,3,52,18,58,24,28,16,6,21,9,43,33,36,37,47,46,8,14,4,17,22,34
60,61,9,31,15,29,49,3,12,5,16,33,25,57,8,46,1,28,37,4,32,6,50,55,54,17,21,14,19,41,23,27,47,10,53,51,38,36,30,45,20,40,11,24,43,26,63,34,52,2,62,42,0,59,44,56,48,13,7,35,18,58,22,39
49,28,60,4,29,55,51,20,26,18,27,21,1,42,54,13,59,31,32,30,47,45,33,37,15,48,22,38,44,23,14,39,7,43,2,40,5,19,41,9,50,56,12,52,61,16,11,35,25,6,62,24,36,8,46,53,57,3,17,34,63,58,0,10
8,38,21,58,29,41,12,10,63,0,2,47,33,22,51,16,46,34,56,7,35,59,53,55,6,36,54,57,19,37,23,25,60,13,61,52,45,30,28,17,39,14,43,31,26,5,48,27,1,44,11,9,3,24,20,4,42,18,62,50,32,49,15,40
54,3,53,6,21,62,44,15,40,36,18,51,59,20,61,48,14,45,57,16,38,39,49,31,13,35,28,33,63,9,10,46,22,37,27,43,11,56,23,17,12,2,24,5,60,26,25,52,34,41,30,19,58,0,8,29,4,32,47,1,7,50,55,42
37,14,24,42,63,6,0,17,59,30,50,41,5,53,27,18,60,62,54,46,58,49,38,12,1,19,22,33,8,44,56,40,4,13,9,52,31,36,3,48,61,34,29,39,2,7,26,45,28,43,16,55,32,21,47,11,57,35,10,25,20,23,51,15
7,21,29,16,6,31,23,55,51,43,2,62,48,63,53,56,14,34,61,15,49,3,37,42,0,41,30,18,22,60,17,33,27,9,19,4,20,45,32,5,8,36,38,47,40,26,12,11,35,28,58,13,39,1,44,52,57,25,54,59,24,46,10,50
50,58,42,43,39,7,60,23,59,38,40,54,4,14,46,25,28,55,3,1,6,36,48,57,62,47,49,31,32,53,12,44,35,56,41,21,5,52,16,13,0,61,18,2,34,33,30,8,17,26,51,9,19,37,15,20,22,29,27,10,45,24,63,11
44,10,3,0,57,61,27,13,52,28,18,48,19,38,14,59,23,30,6,50,43,15,9,31,39,63,11,46,35,33,51,22,26,47,20,62,40,12,1,58,56,32,7,45,60,41,55,5,36,24,37,8,2,34,4,42,16,49,25,17,29,53,21,54
59,50,31,29,1,44,15,51,14,43,9,33,12,10,34,0,19,62,28,25,8,3,61,53,11,24,4,18,32,13,6,57,35,60,40,41,46,37,63,21,26,38,55,42,5,48,49,54,16,58,39,17,23,45,2,20,22,36,30,52,56,47,7,27
7,22,25,51,38,18,33,46,5,47,34,54,26,24,62,53,60,52,36,31,16,17,11,2,19,56,63,43,55,44,8,21,30,27,59,13,50,37,58,39,23,40,57,20,10,28,14,41,45,9,1,42,32,3,48,61,0,35,15,29,12,6,4,49
13,54,52,40,39,55,11,18,56,21,17,47,49,12,63,5,41,45,26,22,61,25,8,50,34,60,46,32,16,0,57,44,30,27,42,19,33,59,53,51,28,14,43,62,37,2,9,29,23,15,1,38,58,48,3,10,35,6,7,20,36,24,4,31
25,9,46,14,42,29,12,13,58,60,18,43,23,50,53,54,15,26,0,36,4,5,61,39,1,22,3,52,33,40,35,17,55,20,38,48,56,51,30,37,8,44,62,10,34,2,11,16,19,28,47,21,6,45,32,24,7,59,41,27,49,31,63,57
25,34,23,14,1,22,62,56,24,4,31,36,8,0,11,54,52,60,59,38,37,12,9,13,16,48,46,30,7,39,10,40,5,33,57,43,26,42,63,47,50,51,27,58,20,29,18,53,3,28,19,49,15,45,35,61,32,21,6,17,55,41,2,44
23,49,21,58,46,39,31,0,25,12,33,43,15,4,16,35,18,6,53,32,47,61,62,13,9,20,54,37,30,2,38,42,63,60,27,26,57,10,52,40,41,50,17,36,51,55,59,45,34,1,48,22,8,14,44,56,7,24,3,28,11,5,19,29
56,34,7,63,49,60,22,29,16,18,30,38,31,32,36,0,45,33,52,55,25,41,8,9,3,26,15,39,14,1,57,21,61,62,40,13,35,37,4,10,17,6,58,19,27,28,53,48,50,51,46,11,43,2,42,20,23,5,59,54,24,47,12,44
23,35,18,44,20,58,41,12,13,45,39,59,52,6,9,60,4,31,40,54,22,5,19,14,11,53,61,2,17,10,34,51,33,55,36,48,47,27,50,7,46,15,26,63,56,32,43,37,49,57,0,16,42,21,8,3,30,38,29,25,62,28,1,24
11,51,61,34,15,24,2,32,10,37,22,63,35,9,26,56,13,21,31,59,7,36,27,19,41,53,23,52,4,58,30,16,14,8,45,38,20,29,33,43,55,60,48,0,1,18,54,46,42,57,12,40,6,25,44,49,47,5,17,39,28,3,50,62
13,51,62,1,60,47,58,6,4,22,25,17,55,37,41,36,28,2,39,7,0,59,32,8,21,16,40,57,12,52,10,9,15,34,53,42,27,18,56,54,38,61,50,33,20,31,5,45,48,19,14,26,49,30,3,63,29,35,11,23,24,43,46,44
46,38,22,39,3,54,21,35,37,63,41,47,8,24,55,60,16,52,53,59,42,4,25,43,26,20,28,5,49,7,6,27,32,33,0,56,17,15,34,61,19,13,58,10,51,11,36,31,29,12,18,9,45,30,40,44,2,14,50,23,62,1,57,48
47,60,16,18,30,10,36,31,50,57,15,53,43,11,7,21,38,46,6,41,24,32,54,35,13,59,14,3,58,12,20,23,19,34,49,26,25,27,28,63,22,62,0,39,61,37,48,29,55,45,4,44,51,2,9,52,5,56,8,40,17,33,1,42
58,16,13,21,14,24,41,33,34,56,50,53,10,12,3,40,44,8,51,45,5,57,2,4,18,6,36,46,11,26,63,1,28,39,60,19,48,38,43,35,61,59,15,0,22,42,7,49,55,52,23,29,30,32,47,9,17,25,20,31,62,37,54,27
41,20,37,24,59,33,56,17,29,46,6,32,14,39,45,38,27,58,7,57,13,48,47,63,26,62,35,42,30,53,36,50,1,9,5,0,8,43,40,21,19,4,15,10,55,22,2,31,52,23,44,3,51,61,11,54,18,34,49,28,16,25,60,12
28,45,13,10,54,29,22,49,19,15,3,11,37,44,47,12,57,6,9,60,62,17,38,36,61,52,21,50,59,5,1,35,33,4,27,42,25,51,23,16,20,63,53,8,46,48,24,43,18,14,2,30,56,7,0,26,40,58,41,55,32,39,34,31
28,1,61,10,2,5,45,15,24,26,22,58,16,14,59,60,11,63,21,8,18,9,37,46,62,36,42,3,17,29,51,47,39,23,6,13,19,56,44,20,53,54,34,31,25,43,49,30,57,7,50,35,32,48,55,40,52,4,38,33,0,41,12,27
39,59,33,15,31,43,58,57,54,24,42,29,51,35,16,46,18,62,6,52,22,50,11,37,12,8,19,27,13,7,32,25,4,34,28,63,30,9,0,36,5,17,20,40,41,23,48,3,21,61,14,47,1,26,55,49,45,56,53,60,2,10,38,44
13,44,31,16,26,20,34,24,48,3,55,6,9,30,61,45,56,0,43,17,38,54,25,19,2,14,21,46,39,52,32,22,23,47,1,63,42,35,18,5,15,10,36,49,29,40,53,4,58,41,50,60,59,12,7,51,62,37,11,28,27,33,57,8
39,53,34,26,32,21,24,41,42,45,33,50,23,54,31,6,2,43,36,11,22,47,58,9,61,38,4,60,1,63,14,57,29,46,59,17,55,51,19,62,16,0,49,12,37,27,5,13,3,7,35,52,44,48,20,28,40,18,8,56,15,25,30,10
38,31,23,14,40,41,39,21,28,16,9,54,24,17,34,47,58,26,2,11,27,0,30,46,62,52,63,51,45,7,49,42,3,57,4,22,35,13,20,36,18,32,50,8,48,44,60,15,56,6,61,55,5,12,53,29,43,10,33,37,59,25,19,1
16,14,27,23,26,28,35,15,30,19,59,52,33,22,49,50,47,3,57,58,56,29,2,38,44,24,21,45,11,37,39,32,8,17,43,9,60,54,48,63,36,13,40,62,31,1,55,6,18,7,61,51,46,53,25,20,42,5,34,0,41,12,10,4
14,2,56,18,16,48,63,23,33,22,31,25,43,52,35,21,34,37,13,20,38,9,47,4,59,41,58,57,30,36,39,51,11,24,3,62,1,26,40,46,53,7,44,5,29,8,45,49,60,15,50,28,54,55,12,32,42,6,0,27,10,19,61,17
17,18,13,23,58,47,35,4,56,3,32,7,2,46,1,45,59,10,38,24,50,14,26,44,41,11,63,0,48,62,42,37,5,43,51,30,19,49,40,60,12,22,53,27,21,9,31,8,61,25,52,55,20,16,15,36,39,33,6,54,29,34,28,57
2,48,15,44,26,24,6,45,19,49,17,30,25,16,41,51,8,0,38,37,55,10,22,5,52,56,53,1,54,34,12,32,40,47,3,33,9,57,60,11,35,61,58,42,59,31,14,63,43,46,23,29,28,27,39,50,21,4,18,7,62,13,36,20
42,34,2,36,22,31,16,47,53,29,58,28,60,14,35,54,46,21,33,19,50,12,39,9,59,40,5,7,30,38,25,0,37,27,56,4,24,62,26,13,10,49,8,20,23,41,17,57,63,3,11,44,45,15,52,55,6,1,18,48,43,32,61,51
29,1,48,55,49,59,34,22,0,2,17,32,16,52,37,33,36,8,50,5,47,43,45,53,35,27,57,51,14,24,13,41,9,61,10,60,28,26,44,40,4,62,15,21,18,6,56,63,7,42,23,38,11,19,3,30,54,39,31,12,20,25,46,58
41,37,57,0,43,47,2,59,29,35,60,27,33,46,25,24,45,6,48,61,20,34,26,15,14,31,39,54,11,4,36,19,17,23,42,51,32,13,55,7,53,30,18,40,52,49,44,38,58,5,16,22,62,1,8,10,63,21,56,9,12,28,3,50
42,16,34,13,41,4,8,3,26,1,40,18,51,56,47,54,57,6,22,55,61,36,49,35,43,25,7,27,62,33,48,28,23,29,58,53,24,17,39,59,9,44,37,46,60,20,19,32,50,0,10,38,30,21,14,63,15,5,45,12,11,52,2,31
25,16,53,47,29,55,4,21,51,2,50,20,13,1,27,46,19,48,24,26,61,15,37,3,63,34,32,45,40,12,11,18,23,31,22,33,14,42,60,52,44,5,62,9,28,49,58,30,6,8,36,59,7,39,17,41,0,56,57,38,54,10,43,35
18,29,14,17,48,40,4,44,10,15,12,32,50,8,43,13,49,9,16,36,47,25,5,23,59,61,35,28,31,37,34,2,26,39,30,54,53,22,55,51,33,62,63,60,52,3,24,20,45,19,38,42,11,41,7,57,58,21,56,46,0,6,27,1
9,20,11,6,13,55,35,47,51,21,4,59,25,12,19,43,45,7,57,50,62,37,44,32,60,53,2,49,15,58,38,33,22,17,27,1,39,41,52,26,18,36,34,23,16,61,42,56,10,48,5,46,28,8,40,0,31,24,63,54,14,30,3,29
37,39,58,4,27,23,38,10,21,52,1,20,26,51,19,61,14,17,57,30,18,36,41,53,0,33,2,6,48,56,15,54,50,62,63,8,5,59,46,11,49,43,32,60,42,40,12,22,13,7,47,45,35,3,29,55,44,34,31,25,9,16,28,24
32,56,63,46,33,41,34,30,2,48,59,16,6,8,35,39,36,37,60,24,54,19,26,17,29,5,62,58,20,49,45,7,31,38,11,12,44,3,40,22,53,9,27,25,61,28,50,23,21,52,1,10,4,18,14,55,57,42,47,51,13,43,15,0
49,12,58,8,45,25,46,14,43,40,32,10,56,55,19,61,42,29,3,1,51,13,18,15,33,23,27,11,34,54,31,21,16,62,36,22,6,47,20,41,26,57,38,24,39,53,7,50,30,59,2,60,44,63,48,52,9,5,0,17,37,35,4,28
28,19,3,18,31,61,62,26,37,38,42,8,46,6,27,1,10,40,60,16,5,45,14,33,22,20,35,53,63,52,15,13,23,25,51,54,32,11,4,7,29,58,30,21,36,12,9,39,17,55,41,56,43,24,49,59,34,57,2,44,0,48,50,47
20,51,31,27,34,38,9,0,41,54,59,39,13,58,28,52,12,10,8,5,47,1,50,18,11,63,15,25,19,53,23,42,57,24,30,22,60,48,29,14,40,21,44,6,35,2,62,33,16,36,17,26,4,46,45,32,43,61,7,37,55,3,49,56
3,25,36,12,0,8,14,2,52,43,31,46,59,42,9,47,28,24,27,37,49,60,32,18,50,20,7,19,53,17,30,6,57,45,35,61,62,13,11,29,23,15,41,21,48,4,44,58,40,38,22,26,1,10,39,55,5,56,63,16,54,34,33,51
63,23,17,4,58,55,53,46,26,14,34,28,56,33,39,31,35,45,18,30,5,40,16,54,1,0,49,52,10,38,51,59,19,15,20,9,37,61,25,6,57,62,29,11,7,8,12,42,2,13,41,27,3,36,43,60,47,50,21,24,48,44,32,22
51,37,53,14,36,19,10,56,23,41,33,17,28,5,55,22,43,16,58,13,24,42,32,0,62,35,4,34,27,59,2,1,40,38,61,54,57,45,15,39,50,31,9,25,29,47,46,11,3,18,63,60,52,7,26,20,44,48,21,12,49,6,8,30
11,50,5,10,53,23,59,62,20,38,52,8,61,60,57,26,30,42,9,21,45,40,16,32,4,29,0,18,47,54,24,34,41,1,33,14,17,58,22,37,35,19,13,49,15,55,12,39,44,63,7,28,2,56,3,51,27,25,36,43,48,31,6,46
19,37,58,45,43,5,55,24,42,31,60,7,30,16,46,36,28,29,34,17,14,54,50,10,9,13,38,51,39,33,47,25,59,23,0,3,1,49,27,26,21,2,48,11,35,52,6,40,8,18,15,53,44,12,56,4,32,22,63,62,20,41,57,61
49,7,33,63,15,16,45,34,13,51,44,12,30,42,39,59,36,24,3,55,9,41,57,58,29,56,35,40,25,14,26,8,38,48,28,5,2,22,0,37,43,6,10,19,32,18,46,61,23,11,20,21,60,53,62,4,54,47,50,27,1,17,31,52
53,31,39,62,26,25,27,30,4,54,48,24,13,51,42,41,20,47,11,5,18,58,49,15,46,56,12,29,63,2,10,6,23,28,19,40,21,59,37,38,3,34,50,8,52,57,55,44,1,9,7,61,0,36,14,22,33,60,16,45,17,43,35,32
56,7,22,40,48,27,28,30,32,17,39,9,6,19,60,5,33,41,52,24,29,58,50,54,31,20,59,47,18,3,55,57,23,4,46,49,36,21,34,1,43,63,26,51,61,2,37,16,25,8,11,10,14,62,42,15,45,53,44,12,38,0,13,35
17,15,53,48,36,30,56,22,43,58,39,47,4,16,20,29,5,62,51,1,10,18,40,54,33,25,0,37,63,19,35,21,46,26,55,50,60,14,13,38,31,28,34,61,27,7,42,23,11,32,57,12,9,49,8,59,2,45,6,44,3,24,52,41
19,18,30,22,14,45,17,10,37,25,51,44,5,40,16,29,62,35,48,32,57,3,61,36,9,49,13,26,2,50,59,53,38,23,42,34,43,12,24,55,60,46,8,39,63,7,1,52,15,54,27,28,33,56,6,31,58,0,20,4,11,21,47,41
14,37,40,19,1,33,23,35,42,52,18,28,29,21,8,13,11,12,17,2,16,57,3,30,56,54,55,53,15,9,58,22,36,61,6,5,34,41,48,45,46,25,32,60,49,51,43,50,38,27,20,59,10,7,63,31,26,62,24,47,44,0,39,4
34,16,27,24,11,12,55,46,7,17,57,20,36,45,30,15,38,41,25,1,23,18,50,31,4,39,37,35,28,54,9,10,22,32,19,48,0,43,56,60,49,58,44,51,2,52,59,40,29,5,3,14,21,8,62,53,33,42,61,26,13,47,6,63
35,48,29,24,57,20,49,25,2,56,54,45,30,0,23,4,32,1,16,46,62,52,3,11,42,43,12,36,39,61,44,31,51,37,10,58,59,17,26,40,9,18,13,34,7,33,19,28,53,60,47,21,27,5,14,6,50,55,38,8,22,15,63,41
4,31,15,55,50,8,25,9,3,32,53,6,12,14,34,42,52,1,41,51,59,38,48,33,13,28,49,24,63,30,43,26,35,19,22,46,21,57,20,36,0,54,58,62,40,37,29,10,17,18,39,27,16,23,7,5,11,47,56,2,61,45,44,60
56,12,7,62,3,55,44,50,61,6,37,27,39,9,48,51,24,1,20,29,18,28,17,63,21,11,52,0,8,4,25,42,23,57,49,31,16,54,59,5,35,14,10,30,46,43,47,38,36,58,34,22,26,19,15,60,13,53,32,41,45,33,2,40
34,25,10,45,51,56,61,4,63,20,54,0,23,50,12,59,11,37,53,62,52,42,7,13,22,33,55,47,19,41,49,14,5,6,44,1,31,17,60,15,48,3,30,40,43,39,38,58,35,16,21,2,8,24,28,32,46,18,26,29,57,27,36,9
61,2,7,46,3,0,24,41,50,33,34,54,14,21,29,38,57,31,25,39,26,11,42,6,30,56,8,43,53,62,10,60,15,23,48,1,32,20,55,52,18,44,58,51,16,28,40,19,22,4,59,17,63,47,35,5,13,49,37,9,45,36,27,12
53,50,32,3,8,44,22,49,9,13,2,41,1,11,60,30,26,27,10,42,20,63,57,48,51,17,40,19,61,43,23,34,33,14,6,15,7,4,0,54,38,46,47,62,45,56,12,39,58,28,31,25,21,16,36,24,59,37,55,52,18,5,29,35
8,53,61,9,24,48,45,29,31,57,1,16,54,52,11,5,20,38,58,34,12,40,23,3,60,19,7,27,37,4,22,41,2,10,30,35,50,62,42,13,43,44,59,32,51,63,26,56,17,0,55,36,21,14,47,18,25,28,39,6,33,49,46,15
18,59,6,32,27,11,37,47,2,49,19,33,62,38,4,35,15,48,0,1,23,44,29,45,30,8,16,28,43,24,39,13,42,54,26,25,56,5,63,50,12,22,52,3,60,57,20,17,14,58,61,7,31,9,36,55,53,41,34,40,10,46,21,51
53,11,60,1,62,39,24,13,19,6,0,14,45,46,40,54,27,18,25,12,49,2,34,10,29,47,22,23,43,41,59,15,3,36,30,20,26,33,16,9,56,5,4,51,8,38,52,31,42,61,32,50,35,58,37,48,55,57,7,21,44,63,28,17
46,9,7,14,2,56,10,55,29,57,61,28,49,19,43,21,51,12,22,44,5,32,62,3,15,54,36,37,50,11,58,41,6,33,1,53,20,39,30,31,26,27,17,40,35,47,16,60,42,45,59,52,4,25,63,38,8,18,48,23,0,24,13,34
30,40,62,18,57,22,0,26,25,50,11,21,5,19,8,32,53,16,15,42,48,24,54,58,7,23,44,55,51,2,4,27,60,13,34,45,41,56,43,1,49,33,47,63,38,61,14,9,37,46,35,29,36,39,20,12,31,28,3,59,6,17,10,52
14,42,27,18,28,60,30,0,29,56,46,16,25,20,59,55,15,24,63,7,1,45,39,11,19,12,49,26,37,54,22,34,2,51,53,23,38,3,21,44,6,41,17,50,62,52,58,47,9,32,40,13,61,10,4,5,31,43,57,33,35,36,8,48
61,38,3,57,46,19,36,29,53,6,40,14,55,32,4,2,35,58,23,30,49,16,44,33,42,5,20,10,18,26,52,37,34,62,1,21,9,51,48,45,39,0,13,8,47,59,28,41,11,24,12,27,31,43,56,25,54,22,15,7,63,17,60,50
24,31,3,47,49,22,48,38,45,27,51,29,32,60,21,63,50,23,0,34,42,62,4,17,13,30,61,25,2,46,19,56,12,8,44,36,7,18,43,6,14,35,11,33,5,59,55,15,10,9,28,20,1,26,40,57,39,16,37,53,52,41,54,58
29,53,46,50,13,33,3,6,20,37,40,59,27,57,22,10,0,14,23,44,34,55,8,9,41,15,45,35,5,21,7,17,30,49,1,42,36,63,58,61,56,26,60,39,38,18,32,54,48,11,52,25,12,16,24,62,28,47,31,4,43,19,2,51
59,18,51,32,46,15,19,31,57,2,14,12,47,16,11,3,34,56,62,61,25,9,27,1,28,20,55,36,7,39,43,60,0,8,13,6,40,44,42,35,17,4,54,10,21,52,58,63,5,26,45,48,23,37,50,53,49,29,33,24,38,41,30,22
60,10,15,40,59,55,32,1,44,45,41,16,17,50,37,62,25,53,2,56,5,21,43,33,8,27,54,6,11,26,14,9,52,30,34,46,35,19,58,48,29,24,23,18,28,7,42,61,13,38,63,0,31,22,36,20,39,49,51,47,12,4,3,57
24,53,59,22,44,49,0,43,40,37,36,54,32,61,1,20,5,42,29,10,3,38,21,63,27,9,51,25,46,18,50,56,55,7,16,58,48,26,52,4,30,13,33,2,11,28,19,47,8,35,41,45,31,17,6,60,12,57,39,14,34,23,15,62
16,63,50,20,61,59,11,32,10,29,7,22,2,26,53,17,33,9,21,49,62,38,57,8,18,37,13,27,15,12,1,25,40,28,5,45,39,41,42,30,14,6,51,44,35,56,52,23,0,43,31,58,24,4,47,3,48,54,60,55,46,19,36,34
4,41,48,35,16,18,38,25,55,61,46,10,43,51,32,63,47,54,36,60,2,19,26,49,52,30,22,21,28,57,34,29,0,7,31,59,9,40,39,37,15,20,11,42,3,62,23,14,13,5,8,56,44,17,50,6,24,45,1,53,58,12,27,33
19,39,15,17,37,28,0,13,29,10,35,51,1,32,58,63,60,5,21,57,43,4,48,61,3,12,30,24,56,11,22,55,8,44,59,52,41,20,16,27,7,34,62,25,38,46,9,31,49,40,2,6,54,26,50,23,42,53,47,33,36,45,14,18
26,46,41,52,30,62,11,54,35,16,34,24,37,55,57,33,22,31,0,12,2,17,7,3,58,47,38,48,4,14,25,9,39,1,10,28,36,27,23,5,13,45,60,59,20,56,21,42,29,44,51,61,19,53,18,40,8,50,63,32,43,6,49,15
26,11,50,48,21,3,6,40,30,53,12,17,46,45,62,33,29,15,36,25,4,5,49,32,7,38,54,44,2,51,39,10,19,55,47,8,63,56,1,31,43,58,13,9,34,14,16,52,60,0,27,42,37,28,22,59,24,35,20,23,57,61,18,41
52,21,59,4,49,26,1,38,47,12,46,55,40,20,63,29,15,24,44,58,9,23,41,34,56,0,62,22,50,61,2,32,3,17,43,5,16,36,27,8,11,53,30,7,33,42,35,6,37,13,51,31,14,28,45,39,57,54,60,18,10,48,19,25
57,44,13,52,21,56,20,38,35,0,58,15,12,24,48,5,18,11,8,39,62,51,31,55,3,30,19,22,61,10,43,45,53,26,37,34,23,54,40,16,33,4,50,28,7,6,63,29,59,60,32,47,46,1,2,9,42,49,25,41,36,17,14,27
1,15,22,11,20,56,45,59,19,23,4,28,42,10,48,57,24,35,3,38,39,17,50,40,60,37,29,46,12,0,25,26,49,31,33,16,52,43,18,7,30,41,32,54,51,58,53,13,9,44,61,36,8,62,6,63,34,55,14,21,5,47,27,2
7,37,51,9,5,6,50,33,11,32,34,63,29,0,58,8,24,4,3,52,43,42,30,45,27,60,53,36,61,1,20,39,47,48,22,44,56,31,57,46,55,16,2,28,41,10,40,12,17,54,35,38,59,49,25,19,62,13,21,23,14,26,18,15
21,59,13,63,52,16,57,58,23,20,36,31,46,39,4,12,41,61,37,47,45,24,32,3,26,22,50,54,33,56,5,43,1,10,19,40,17,38,44,29,49,53,48,34,11,0,62,2,35,14,9,27,28,8,60,18,55,6,7,51,42,30,15,25
29,21,28,34,39,7,55,14,45,53,35,25,47,63,62,30,36,0,43,10,11,19,42,8,46,16,48,40,9,27,31,20,37,13,2,15,12,61,33,60,44,26,58,52,59,38,57,50,17,56,23,18,51,24,32,3,6,22,4,54,5,49,1,41
26,47,52,1,8,21,63,41,20,46,13,2,19,58,36,62,53,38,33,12,56,29,18,15,32,55,27,4,37,11,60,42,16,9,45,59,23,57,14,31,43,49,51,30,48,39,44,28,10,35,25,17,0,7,5,24,40,6,3,61,54,50,34,22
55,13,58,35,47,27,34,62,21,28,54,4,41,37,24,61,23,15,10,3,29,30,32,26,17,60,2,18,44,31,8,9,40,22,42,5,49,56,19,38,16,12,50,45,59,51,6,53,57,25,63,1,46,43,14,36,52,0,7,39,11,33,48,20
21,24,1,18,30,41,47,3,27,61,11,35,26,55,38,49,9,62,4,23,16,31,51,33,56,34,29,44,15,5,12,8,45,42,7,32,43,40,50,14,60,36,17,25,28,22,13,59,48,52,10,53,63,6,57,37,20,2,46,58,39,19,54,0
5,14,63,44,29,26,59,60,46,15,1,12,20,28,51,55,38,18,40,37,36,13,32,9,56,24,17,11,2,31,33,53,49,23,58,34,54,10,30,8,41,25,27,7,21,48,43,16,19,4,52,62,0,50,35,6,47,42,61,45,22,39,57,3
31,28,38,53,22,20,45,58,32,57,10,59,13,29,36,39,12,25,26,52,24,1,54,19,8,17,50,23,43,47,37,42,11,14,7,21,27,0,33,9,62,51,5,60,40,15,3,55,18,4,41,34,2,46,44,61,49,63,6,56,30,35,48,16
36,9,57,20,39,11,7,23,16,56,61,13,26,44,54,3,55,51,6,12,30,38,27,17,2,1,45,48,4,5,21,33,0,24,43,53,40,28,46,47,35,18,41,25,10,63,8,31,52,59,37,34,22,42,14,49,50,15,32,19,62,29,60,58
2,10,60,4,59,52,58,29,18,6,53,45,31,21,27,61,41,20,23,16,44,9,35,26,24,40,38,28,32,54,12,50,0,14,15,47,1,17,49,42,43,5,34,57,63,62,8,19,3,22,37,30,25,11,33,56,48,36,46,39,13,55,7,51
46,20,50,26,29,10,53,14,49,5,25,2,21,15,31,44,7,16,55,22,19,3,6,59,33,37,51,54,12,61,13,11,1,8,63,52,41,62,57,48,40,36,9,24,0,27,4,43,38,58,35,28,34,23,60,32,56,45,39,17,47,42,30,18
26,44,10,39,8,60,50,49,61,0,47,21,6,30,20,5,18,29,17,35,59,54,31,53,12,38,52,13,63,56,55,34,36,62,40,7,33,3,11,19,37,25,22,57,1,46,23,58,27,16,51,2,9,42,32,45,24,43,14,4,28,41,48,15
47,43,52,41,14,7,5,53,58,3,51,18,50,62,60,28,44,45,29,33,40,56,19,30,15,10,12,63,13,59,22,24,55,39,37,0,21,57,16,17,61,11,32,35,46,25,42,4,54,6,2,1,34,8,23,9,38,36,27,48,20,31,26,49
63,21,29,35,10,44,25,53,32,48,19,15,4,34,27,33,20,23,54,9,22,8,7,62,55,13,16,3,52,12,43,49,56,2,14,24,40,18,17,30,57,5,26,37,6,51,60,28,38,31,41,45,58,36,39,50,59,0,46,11,47,1,42,61
53,30,21,28,20,32,63,50,42,60,13,48,52,44,0,17,12,35,25,45,3,23,41,4,40,7,26,39,57,15,14,11,61,38,2,43,10,31,9,36,37,62,54,8,5,56,34,22,19,46,55,29,51,33,27,59,16,49,24,6,1,18,58,47
46,54,15,52,48,35,22,27,5,36,0,20,44,37,58,4,16,47,51,29,50,53,62,2,42,60,19,17,1,23,30,63,10,11,41,39,26,59,34,6,3,24,7,8,12,49,61,56,40,43,13,9,18,28,21,31,55,38,45,14,32,57,33,25
60,40,52,22,63,56,49,39,11,6,27,13,14,23,26,46,2,29,9,30,33,31,5,18,3,4,55,44,61,58,59,19,62,57,51,38,10,53,32,36,0,17,21,12,25,41,45,34,42,20,8,15,35,7,43,28,1,47,50,24,54,37,48,16
0,39,7,1,9,55,26,31,48,3,25,63,28,44,62,40,13,10,33,42,24,53,49,45,56,57,4,60,41,19,38,51,29,43,17,20,52,46,15,37,21,23,27,61,22,47,5,50,30,18,35,34,58,54,32,59,36,6,12,2,11,14,16,8
8,41,37,38,3,15,29,63,0,35,28,7,55,45,17,43,11,9,57,54,34,39,25,48,6,10,14,1,44,26,51,23,18,46,21,58,30,5,49,13,52,40,2,20,24,62,36,53,31,33,56,19,16,32,60,61,12,50,22,47,59,4,27,42
17,62,39,11,31,14,20,57,7,54,42,63,6,16,37,60,44,33,22,61,0,40,1,38,2,36,5,25,24,13,49,48,35,9,28,46,26,3,10,53,56,29,55,18,27,4,52,19,51,58,30,45,43,47,50,21,8,15,59,34,12,32,41,23
27,6,1,21,52,50,24,41,37,32,14,42,55,39,45,16,35,43,8,2,18,33,63,15,3,19,47,26,40,36,54,20,17,7,61,48,13,51,23,25,49,10,29,0,9,11,60,38,28,5,22,12,62,44,53,4,57,46,58,34,31,30,56,59
28,5,51,13,40,52,57,60,39,19,48,16,32,15,18,6,8,4,49,17,21,59,3,24,31,20,35,22,47,9,63,12,34,27,41,36,55,11,33,10,7,45,14,42,50,1,37,26,62,61,58,2,43,56,0,38,53,30,54,44,25,46,29,23
26,58,30,23,2,34,63,32,59,9,48,0,13,46,33,45,14,17,20,28,31,47,7,57,10,56,60,40,19,29,53,8,52,18,24,4,54,27,62,35,51,50,61,49,22,37,16,39,42,41,15,44,43,55,38,5,25,21,12,6,3,36,1,11
28,37,47,50,1,20,36,46,32,22,4,34,15,48,35,62,3,9,58,60,61,59,5,38,31,43,55,30,21,19,57,44,56,25,10,27,63,53,41,51,40,7,42,17,49,39,2,23,24,16,12,52,29,14,11,33,18,45,13,6,26,8,0,54
8,33,5,38,0,41,2,47,53,63,60,46,58,56,42,11,23,24,52,54,27,16,4,10,48,26,21,49,28,17,20,31,59,55,18,6,44,35,39,43,34,14,30,19,3,51,29,22,13,61,57,37,36,9,25,1,15,50,62,45,12,40,7,32
59,8,62,63,1,37,18,44,38,16,39,31,5,45,13,27,56,42,7,15,43,32,0,60,4,53,10,54,26,48,14,49,58,2,30,34,17,47,41,50,20,40,33,35,22,3,29,6,51,19,23,46,25,52,55,36,24,61,12,28,57,11,21,9
13,35,12,32,16,30,39,44,58,27,56,62,17,45,21,57,50,10,26,28,47,36,51,59,2,40,53,15,19,34,46,37,54,29,33,55,4,9,23,52,25,38,42,60,8,6,31,20,61,48,43,18,49,7,11,1,63,22,41,0,24,5,14,3
39,40,37,1,55,57,25,14,62,34,33,13,61,8,23,29,6,11,35,19,26,3,54,48,59,17,30,44,28,60,15,31,52,63,27,56,16,43,58,9,24,2,0,51,5,41,20,47,42,53,12,10,18,38,32,36,21,46,7,49,4,45,22,50
20,54,11,40,56,19,37,21,1,8,35,25,57,47,61,5,18,59,29,49,28,46,36,38,0,17,26,24,27,43,63,52,13,39,4,55,62,22,16,23,41,60,33,6,51,9,31,3,14,34,30,10,48,42,2,44,58,12,7,15,45,50,32,53
54,38,23,10,28,18,22,50,44,15,45,56,35,30,21,62,8,2,61,58,41,37,36,7,51,52,49,33,57,63,14,13,48,31,24,3,19,34,46,5,39,32,12,53,60,59,16,9,26,20,6,29,43,11,1,40,0,27,55,25,4,47,17,42
31,60,0,14,4,63,15,2,26,19,12,49,62,40,7,37,13,17,52,18,58,8,6,47,39,34,54,29,57,5,56,35,11,20,16,9,3,30,24,45,21,22,42,33,55,43,38,44,50,32,61,23,10,53,36,28,41,48,27,25,1,46,59,51
7,50,14,47,29,20,44,10,42,16,54,34,51,53,43,41,45,5,28,26,21,22,60,52,2,24,17,55,18,8,23,36,25,46,62,49,61,57,0,3,15,37,48,33,39,9,32,30,59,63,4,40,1,35,6,58,13,11,38,31,27,19,56,12
47,25,62,45,15,55,28,50,53,19,49,52,57,33,34,3,5,2,30,54,37,24,59,22,61,39,42,4,17,10,43,38,48,12,63,7,13,14,16,35,44,46,18,1,8,21,41,27,26,58,36,51,60,6,20,29,0,31,11,9,40,56,23,32
34,60,41,11,8,29,47,35,20,16,40,13,14,0,43,9,59,51,7,44,3,10,27,61,50,19,49,33,12,24,57,37,63,46,58,56,32,17,18,39,5,25,55,42,15,30,36,6,21,45,4,38,54,28,1,62,26,23,2,53,52,48,22,31
60,26,63,47,15,37,5,19,27,61,0,14,51,50,28,24,58,7,35,30,32,3,1,42,22,16,56,31,13,49,29,41,25,12,8,57,53,4,40,52,10,20,17,2,18,38,44,48,34,21,39,6,11,55,46,36,33,62,54,45,23,43,9,59
47,16,60,28,33,35,48,4,61,63,50,1,42,29,37,18,13,12,30,19,43,38,31,24,55,54,2,0,53,25,41,14,5,62,8,7,11,49,51,34,10,45,56,58,23,27,59,17,9,46,20,21,22,32,57,39,26,3,15,44,36,40,52,6
29,52,50,33,32,59,54,25,7,26,19,11,0,53,56,35,44,38,22,28,14,46,15,40,34,10,27,42,49,62,2,16,47,24,18,31,3,60,55,8,30,21,43,45,58,63,48,6,41,61,9,39,4,51,23,36,13,20,1,5,17,37,12,57
46,17,48,22,40,18,14,15,54,33,25,8,24,10,6,31,45,0,56,19,35,12,41,34,59,37,49,30,21,63,11,60,57,28,5,39,53,52,2,38,51,36,44,3,47,61,42,55,20,23,50,13,29,62,58,43,32,27,9,7,16,1,26,4
6,45,20,28,10,26,5,9,53,36,38,57,7,48,51,25,2,44,42,56,41,62,49,27,59,13,8,35,55,18,11,22,14,58,30,3,4,1,31,17,21,24,63,34,43,46,50,37,23,15,16,61,60,39,33,19,0,47,40,32,29,54,12,52
43,0,20,36,41,53,29,30,21,50,1,49,44,51,42,33,15,3,27,14,22,7,28,6,59,25,12,17,11,48,10,52,24,40,13,45,61,46,47,32,38,62,16,57,19,55,34,18,2,39,56,54,26,63,60,9,31,4,58,35,5,8,37,23
39,37,9,41,28,20,22,2,50,26,55,19,4,56,63,43,18,1,58,7,35,5,23,61,0,33,8,10,54,30,16,38,45,60,51,44,62,53,46,13,34,40,27,57,11,25,12,24,17,52,42,29,21,32,15,36,48,14,59,49,3,47,31,6
19,37,41,9,61,63,29,20,13,5,15,45,32,12,24,2,0,1,22,52,46,18,49,3,36,54,17,33,30,51,39,42,43,58,27,62,53,50,59,56,55,28,34,60,23,16,48,26,44,40,57,7,25,10,6,21,4,8,38,35,11,47,31,14
56,34,50,42,16,43,31,0,20,29,41,53,15,59,35,44,52,3,21,58,33,63,45,14,60,61,24,17,40,27,6,12,4,36,38,26,62,46,13,10,7,49,37,30,11,8,51,25,23,2,18,48,32,47,54,9,57,39,55,5,22,19,1,28
33,0,51,45,2,53,24,44,3,52,13,49,23,59,46,56,47,48,10,61,29,37,18,4,39,25,28,60,27,6,32,63,1,11,62,14,20,16,15,36,42,43,26,9,17,21,12,54,55,31,22,34,40,41,57,58,5,30,38,8,19,50,35,7
39,34,9,31,40,35,54,48,13,18,50,60,23,38,53,16,41,47,59,36,49,55,61,8,20,19,25,11,42,14,52,26,56,24,43,10,29,1,6,28,32,4,17,57,44,46,62,21,22,7,58,5,27,33,3,51,45,30,63,0,15,2,12,37
54,28,62,0,42,59,61,44,18,48,45,36,23,50,16,49,63,55,20,52,17,4,7,31,24,38,43,11,21,33,29,57,41,47,6,58,22,34,30,37,5,35,27,12,53,46,8,13,39,56,1,26,51,25,40,10,2,14,3,19,60,15,9,32
30,3,35,10,2,63,40,1,25,29,61,58,22,27,23,57,45,47,15,37,28,62,11,8,19,49,53,4,59,9,55,48,33,52,18,38,39,42,7,12,24,43,51,20,34,6,46,26,0,56,31,41,5,16,17,14,44,36,32,54,21,13,50,60
27,9,59,47,42,5,52,58,51,34,61,23,32,6,44,29,24,12,63,56,18,10,62,22,30,16,8,28,7,53,35,3,0,43,14,20,4,17,19,54,41,57,33,15,31,37,50,39,45,46,48,13,40,26,49,1,38,36,60,2,25,55,11,21
0,49,17,56,24,9,36,60,47,23,8,29,61,22,52,39,11,59,40,48,42,57,54,35,13,7,34,63,2,20,16,25,33,3,4,27,30,50,14,53,41,43,44,21,46,45,12,55,5,31,10,28,62,37,26,38,15,32,58,1,51,19,6,18
12,11,27,49,20,41,5,29,63,24,50,40,36,62,43,51,16,10,3,61,54,8,6,39,28,42,31,58,25,44,38,2,26,7,37,59,47,34,22,33,35,0,53,57,18,46,1,55,15,30,19,45,32,9,13,48,4,56,14,21,17,23,60,52
3,37,4,10,11,14,53,34,26,59,30,16,6,57,12,56,31,60,5,58,32,52,15,63,46,28,22,55,36,7,13,51,41,25,40,20,9,23,39,44,62,18,24,48,2,1,21,54,43,49,0,19,35,8,61,33,50,29,47,38,17,45,27,42
27,34,0,6,24,13,3,37,26,9,29,60,7,46,56,4,28,51,45,14,47,63,15,39,40,1,58,62,35,5,36,18,49,8,48,23,12,44,59,25,42,55,19,21,50,31,61,11,22,30,57,16,33,2,10,41,53,54,32,38,52,20,43,17
63,37,38,59,27,22,53,16,61,50,29,5,46,1,14,44,34,43,24,57,9,56,11,20,19,52,3,33,15,48,55,47,13,62,54,32,12,17,26,31,21,40,2,0,23,28,58,60,35,45,4,41,8,7,18,39,49,51,25,36,10,30,6,42
43,5,35,38,52,18,40,13,9,32,60,45,47,31,21,34,56,17,36,22,33,8,50,61,15,58,7,25,20,27,53,29,0,59,28,11,39,62,51,55,46,3,12,26,57,54,42,30,41,48,44,14,37,6,1,4,63,16,23,2,24,49,19,10
51,24,27,60,57,14,52,21,0,18,17,10,9,32,47,54,59,30,41,35,31,56,4,15,48,23,26,13,49,1,37,33,58,6,62,42,16,22,46,34,61,50,39,40,12,7,53,11,20,3,36,63,55,19,44,5,28,8,38,29,2,25,43,45
54,29,61,37,1,32,14,53,16,62,58,25,35,10,44,52,19,43,5,34,15,8,49,48,26,9,60,59,2,45,11,33,30,63,50,28,31,27,22,4,23,46,41,12,7,17,20,36,55,38,3,51,40,56,42,39,21,6,18,0,24,13,57,47
3,44,42,46,25,57,23,63,50,29,2,14,1,41,5,62,11,32,26,53,51,8,31,6,28,38,45,43,61,49,39,16,48,37,21,59,47,34,52,24,17,9,0,36,19,18,10,27,56,22,54,55,4,15,20,7,58,12,35,30,13,40,60,33
0,53,35,61,2,12,28,37,59,60,11,48,32,13,44,38,30,34,23,56,51,29,54,3,43,26,1,27,39,45,10,14,42,17,49,25,19,20,62,33,31,24,50,4,22,36,57,8,6,40,41,47,9,7,21,63,18,46,52,16,55,15,5,58
10,61,34,23,47,38,17,13,50,22,24,55,53,63,35,62,1,21,57,32,37,19,36,46,11,4,12,26,25,40,15,14,27,51,16,29,8,33,20,30,39,45,54,3,31,60,0,6,5,43,44,58,28,59,41,56,9,7,49,42,48,2,18,52
62,59,14,36,35,11,25,38,8,55,1,51,33,0,57,58,61,34,48,3,6,24,37,23,13,19,18,9,45,60,17,54,29,26,40,4,5,41,21,50,10,12,16,22,43,27,44,31,30,20,28,2,39,63,52,32,15,53,49,7,42,46,56,47
37,0,60,5,39,40,10,57,1,53,32,3,59,58,24,63,43,45,14,36,48,17,46,29,9,34,56,8,47,4,23,54,18,38,12,22,30,49,19,26,21,11,35,15,16,13,44,55,28,2,33,6,42,25,61,7,31,62,51,20,41,27,50,52
15,3,5,42,18,62,7,0,51,34,12,25,37,46,40,57,55,30,35,59,28,4,14,52,2,22,27,32,16,60,21,1,20,45,50,10,53,44,38,33,54,29,6,17,19,36,48,9,23,49,58,61,63,13,26,31,39,56,24,47,43,8,41,11
55,51,27,60,40,19,44,36,28,16,21,18,57,8,33,42,63,22,5,0,20,59,38,47,58,4,17,61,2,14,52,32,50,26,3,10,62,54,56,12,43,6,9,49,13,41,53,31,30,45,23,48,7,37,11,1,25,29,35,34,15,24,39,46
16,12,17,18,30,60,22,42,2,58,55,59,13,46,25,20,53,3,48,49,29,51,52,11,61,39,4,45,56,27,8,62,19,14,0,7,1,21,44,41,23,34,54,38,43,40,57,5,26,28,32,35,50,63,33,24,47,6,9,37,15,31,36,10
25,42,4,46,53,40,2,21,8,48,54,23,43,35,3,31,47,28,62,6,63,22,14,33,29,24,30,51,13,11,36,12,18,39,10,26,44,16,52,1,49,5,17,19,45,61,34,15,38,57,20,32,7,9,41,27,59,58,55,50,37,0,56,60
17,40,36,34,50,7,4,31,9,29,3,1,32,42,54,39,5,46,10,49,22,62,57,55,33,19,35,12,38,27,28,0,61,52,25,56,59,58,11,2,45,37,21,47,16,6,51,24,14,48,43,53,13,20,26,18,41,30,63,23,60,15,44,8
23,43,25,26,36,31,40,44,11,56,22,38,16,33,47,54,29,5,8,32,45,17,58,63,28,13,42,20,46,50,41,62,1,10,12,61,2,52,15,51,37,48,27,60,57,59,53,30,0,7,4,18,24,34,21,3,6,35,49,14,39,55,9,19
39,48,51,21,2,59,29,22,49,34,9,46,36,3,63,55,11,16,26,27,52,4,44,35,17,61,0,6,37,15,25,24,5,13,41,30,20,42,10,60,38,58,50,57,33,62,7,12,40,56,54,14,18,1,8,32,31,43,19,47,45,28,23,53
60,54,28,6,37,49,4,22,59,62,5,53,42,58,16,33,23,25,11,40,24,9,20,2,26,44,31,18,10,21,50,41,19,51,61,14,63,8,48,15,36,3,17,32,27,46,35,1,43,52,38,39,12,45,57,0,34,30,7,56,55,29,47,13
43,23,35,3,53,12,11,15,22,48,45,13,50,5,25,40,32,10,33,9,52,61,38,20,16,34,30,4,8,57,59,21,0,14,55,28,47,17,2,27,60,63,6,7,56,26,18,31,62,49,42,39,44,24,36,54,58,1,51,19,46,41,37,29
19,33,37,23,32,29,59,10,20,58,4,1,26,3,50,49,43,62,8,36,40,25,52,45,22,57,53,56,30,9,6,38,31,54,11,21,34,17,63,46,12,39,51,14,47,55,15,42,16,48,18,28,24,41,2,13,44,35,61,0,60,5,7,27
9,23,10,6,57,56,40,25,11,1,62,18,60,27,13,46,3,45,7,15,36,48,0,17,22,31,37,8,24,55,19,30,59,43,47,5,39,52,20,42,4,51,54,2,38,41,63,49,14,61,44,16,50,35,21,26,12,28,32,29,33,58,34,53
20,15,59,8,43,46,57,49,6,9,13,39,34,62,55,1,41,19,54,56,16,27,52,3,40,35,44,21,12,30,51,11,45,22,29,10,24,48,26,58,23,18,47,63,60,14,38,37,7,5,2,31,28,53,61,33,36,0,25,4,42,32,17,50
31,48,1,51,27,20,45,19,54,32,44,10,39,49,43,9,12,42,61,36,2,30,0,57,35,26,24,8,63,4,53,56,40,22,55,18,6,28,58,59,3,41,25,16,23,50,46,11,62,47,38,13,34,33,60,21,37,7,15,52,17,14,29,5
11,45,57,58,0,36,6,46,22,27,16,55,61,49,20,2,4,1,21,25,38,9,43,34,29,3,59,52,18,63,19,47,51,56,10,60,40,62,26,31,35,54,24,12,15,42,28,39,8,32,41,30,14,53,17,13,23,44,37,7,33,5,50,48
8,13,36,18,62,17,63,56,61,12,21,29,48,0,38,47,50,46,55,15,51,57,44,23,52,14,33,26,1,34,40,43,24,58,30,10,31,19,60,54,3,49,9,45,42,2,4,5,6,16,39,32,37,22,53,20,35,7,59,41,28,11,27,25
31,53,21,35,40,59,62,38,3,61,6,34,9,13,18,57,26,15,49,63,60,14,11,19,44,1,55,12,50,16,25,2,7,56,52,0,23,37,45,54,29,41,33,36,4,30,20,32,43,8,48,39,22,28,27,46,10,5,42,47,51,24,58,17
31,20,22,3,36,34,50,12,55,7,27,38,40,54,41,46,24,45,4,48,58,18,14,59,47,11,51,1,61,23,13,8,25,5,21,32,6,37,16,17,57,63,26,39,35,43,33,19,42,0,30,9,53,15,52,44,56,10,49,62,28,2,60,29
63,17,32,16,39,22,35,31,7,46,50,60,45,52,19,44,43,34,1,53,51,20,25,37,24,38,3,30,49,27,12,14,8,0,55,23,28,48,15,41,40,36,42,59,33,9,6,26,18,4,58,61,62,11,54,2,21,5,57,13,10,29,47,56
60,33,5,42,48,55,18,15,31,61,12,14,1,41,9,39,6,13,29,49,4,53,16,27,50,11,2,22,59,46,26,62,28,36,25,19,34,54,7,21,37,52,17,8,47,58,24,40,32,0,43,23,30,57,44,56,51,63,20,45,3,35,10,38
21,62,31,16,57,59,2,9,38,63,0,30,4,33,41,29,7,54,43,22,17,60,51,26,20,11,13,5,24,10,48,19,25,15,45,53,46,6,49,58,18,36,44,50,8,40,23,56,12,42,1,28,3,55,27,14,35,52,37,39,47,34,61,32
27,20,45,47,28,15,17,19,56,11,33,60,38,39,4,31,16,36,13,29,1,34,63,22,12,25,58,5,18,42,8,61,49,24,23,35,43,3,0,32,9,41,14,59,37,40,10,52,57,46,55,6,48,30,7,2,53,21,26,62,50,51,54,44
34,15,12,24,41,33,29,48,14,60,38,52,30,6,28,10,27,59,19,42,63,50,56,5,49,18,45,26,9,2,54,25,51,22,11,61,1,37,0,55,47,13,39,44,35,53,3,40,32,62,57,8,7,20,46,23,36,31,17,4,21,58,43,16
13,46,39,35,36,23,34,59,43,47,60,15,0,29,33,1,20,53,28,24,61,38,51,25,30,32,63,22,9,41,42,17,48,18,44,7,62,56,49,19,8,3,6,55,14,12,21,2,54,37,31,4,52,27,10,26,57,50,5,45,58,16,40,11
25,39,63,48,58,56,14,45,11,8,37,12,54,42,22,24,18,62,43,17,47,16,53,36,26,46,57,51,34,23,30,7,31,4,15,2,3,9,13,21,44,40,35,0,61,28,27,60,59,41,5,19,52,10,49,6,50,1,29,20,32,55,38,33
55,51,34,1,22,37,6,43,42,59,54,47,20,18,7,5,41,17,23,49,27,48,15,58,12,33,38,36,44,4,14,26,24,53,57,28,62,25,35,50,13,16,11,46,30,61,31,29,0,19,45,8,9,32,39,40,21,3,52,2,60,63,10,56
8,4,6,17,37,25,50,42,29,35,63,57,43,1,32,5,3,51,27,34,2,19,31,61,53,55,12,33,11,48,9,21,7,58,36,40,60,20,28,23,26,30,46,54,13,47,16,0,56,49,14,44,45,38,39,41,15,24,62,22,52,59,18,10
17,33,23,62,53,63,35,4,10,30,49,12,42,47,34,15,18,2,26,54,21,13,58,5,39,50,16,27,25,60,0,22,57,20,36,32,38,59,51,55,46,40,9,52,61,29,45,3,6,41,24,43,28,56,44,48,7,1,19,11,31,8,14,37
49,38,20,28,18,2,10,3,22,17,15,55,57,40,51,1,19,0,23,7,4,37,39,14,16,30,26,6,50,27,24,8,31,48,41,25,62,61,46,11,35,53,45,12,36,59,47,9,43,29,54,5,56,34,33,52,32,13,21,60,63,44,42,58
40,14,63,27,7,28,36,4,16,18,12,54,9,35,46,50,8,33,49,56,3,34,31,2,10,21,60,11,55,47,0,23,37,59,52,58,25,41,51,29,43,57,62,44,42,13,39,26,61,22,45,20,1,30,17,15,32,24,53,38,48,5,19,6
2,22,5,41,16,25,62,50,28,54,4,18,59,0,46,7,37,61,43,52,55,10,51,21,57,29,33,15,32,53,12,20,47,58,8,24,60,63,56,35,14,27,19,48,45,36,3,26,42,49,38,40,1,17,34,23,31,9,39,13,6,11,44,30
37,43,0,14,13,7,61,62,17,3,12,59,52,36,45,40,50,60,30,22,25,16,19,31,20,21,63,44,5,57,26,53,54,23,11,46,24,48,4,32,39,55,41,47,29,6,56,49,15,2,8,38,33,1,9,34,58,18,10,51,42,28,27,35
35,18,13,7,20,2,0,53,38,48,43,17,21,52,44,6,54,27,33,46,61,10,30,16,25,37,59,26,40,8,3,62,5,23,12,51,42,32,9,31,39,11,45,28,47,60,63,50,56,29,41,24,57,22,19,58,55,14,49,1,15,4,34,36
14,42,41,51,26,49,30,43,39,32,50,55,27,61,37,60,54,10,59,56,33,3,11,8,31,2,47,7,19,40,34,63,9,6,52,15,57,46,28,18,29,1,22,5,53,35,17,36,24,62,45,25,20,48,12,21,44,38,13,23,0,58,16,4
0,24,26,32,21,60,7,39,48,17,41,34,13,49,40,22,27,44,36,31,20,10,8,29,1,35,5,55,19,15,25,62,54,57,4,23,6,50,42,33,61,58,2,28,30,63,43,59,46,9,52,56,16,53,3,37,38,14,45,12,11,18,51,47
61,40,13,9,52,32,33,16,36,54,46,48,15,55,4,12,11,18,26,37,1,56,59,17,21,0,41,53,50,63,25,58,3,14,23,10,20,22,43,29,19,57,51,39,6,31,30,8,7,44,2,5,35,49,60,34,28,24,47,42,45,62,38,27
40,8,61,14,63,50,30,25,15,41,5,59,52,62,22,6,57,60,51,23,4,12,49,13,29,46,56,19,28,36,58,31,39,11,42,55,21,7,48,35,53,20,18,47,0,27,38,9,45,32,17,33,54,10,3,2,1,16,26,43,37,34,24,44
24,47,27,20,63,11,61,36,17,56,8,15,19,26,30,18,39,25,52,37,29,21,23,53,43,35,41,9,48,58,0,31,38,44,40,51,33,3,13,1,55,12,54,49,32,62,5,16,46,45,42,59,22,28,6,14,57,10,7,50,60,34,2,4
2,9,41,23,63,57,39,0,8,55,6,47,32,16,19,7,4,5,46,50,44,14,30,22,10,3,45,29,61,18,1,27,25,38,17,33,11,58,53,52,59,42,49,51,36,43,15,60,54,28,34,20,21,56,26,62,40,48,13,24,12,37,35,31
20,13,4,12,47,55,19,3,50,41,23,53,48,56,32,35,44,25,40,57,43,49,30,39,27,2,46,42,26,54,59,34,17,24,21,61,31,14,0,33,1,52,11,28,58,10,36,5,38,16,60,18,63,51,8,9,62,45,22,7,15,29,37,6
58,0,53,6,22,1,5,24,9,23,32,46,25,62,10,37,28,48,35,33,13,27,52,40,8,17,50,59,56,51,61,41,31,49,12,38,42,26,34,2,29,7,57,36,44,3,14,43,16,54,11,55,21,63,18,60,15,45,4,19,20,39,47,30
5,35,56,48,55,19,53,6,57,49,16,28,4,24,36,18,34,42,1,3,26,8,43,47,46,38,33,17,62,29,41,23,37,61,30,63,0,21,2,31,7,14,11,32,9,39,10,20,12,52,54,60,59,25,51,22,58,45,27,13,40,50,44,15
47,16,57,53,0,11,50,44,27,9,56,29,40,46,24,35,51,23,33,20,13,41,42,55,60,4,54,2,59,43,32,58,39,10,52,15,14,8,17,22,30,45,6,19,7,38,61,5,31,63,49,34,21,28,18,1,62,48,3,36,25,12,37,26
56,49,45,4,60,48,37,58,1,42,44,26,18,52,10,34,51,57,63,39,2,61,28,29,62,19,32,22,12,23,43,0,55,3,47,7,25,14,13,53,8,38,5,11,9,24,17,35,21,46,54,40,31,41,27,50,33,36,20,15,59,30,6,16
25,5,59,41,46,3,43,8,49,11,53,61,10,35,40,32,39,27,50,6,29,15,56,30,19,26,24,13,37,23,38,17,9,0,62,58,54,14,57,36,12,21,48,31,18,1,45,20,16,52,34,42,33,4,51,28,7,22,47,60,63,55,44,2
51,54,63,42,13,35,17,31,47,37,26,44,34,49,60,62,1,46,0,6,23,10,9,53,15,58,41,22,57,19,2,5,39,11,32,61,33,12,36,59,56,55,50,40,25,8,20,52,30,4,3,14,27,48,7,38,24,21,43,18,45,16,29,28
61,59,18,6,63,43,29,3,55,7,20,62,2,24,30,17,0,33,58,1,45,14,22,42,5,49,57,12,31,48,52,36,47,15,41,39,46,44,56,10,8,53,40,9,28,27,26,51,38,4,34,23,25,54,13,35,60,19,11,16,50,37,21,32
21,4,34,11,9,3,61,40,41,31,0,7,28,50,2,60,58,24,37,22,32,51,23,14,18,30,26,55,54,17,1,8,16,62,42,43,20,47,33,44,48,56,29,25,36,38,15,12,19,13,57,27,59,39,6,5,10,52,63,46,45,49,53,35
53,30,38,45,57,50,36,25,5,48,8,29,31,34,43,23,37,15,17,49,19,40,26,55,3,60,12,33,63,54,61,52,42,21,9,4,14,62,27,2,56,35,20,7,39,51,18,47,24,59,1,16,13,10,11,0,58,28,46,32,6,22,41,44
32,22,20,47,21,51,39,10,34,55,24,62,36,41,31,12,43,1,29,5,3,35,9,61,60,45,11,18,30,16,25,15,19,0,44,57,58,8,7,26,63,52,27,40,17,4,54,33,42,59,49,53,23,46,2,6,37,28,48,56,38,13,14,50
26,41,58,57,39,19,62,40,16,2,17,0,49,35,33,20,11,23,1,55,46,24,32,31,29,9,50,14,3,51,53,52,63,8,27,43,30,28,13,44,10,45,15,4,12,38,22,5,56,36,6,54,60,48,61,42,34,21,25,18,7,47,59,37
63,25,43,39,5,36,11,9,22,55,35,29,62,40,13,56,58,15,31,23,61,2,7,17,0,33,51,4,28,57,49,12,30,34,20,32,14,50,54,48,26,44,19,1,45,41,59,6,10,47,18,27,37,52,3,24,16,53,38,46,21,8,60,42
18,45,34,46,60,13,43,24,14,59,28,17,19,41,7,29,57,48,39,27,53,5,35,0,3,47,25,12,61,32,52,20,30,31,6,49,4,33,58,54,26,56,55,44,42,36,10,9,51,37,62,38,2,40,8,15,21,16,1,22,50,63,11,23
5,59,12,62,30,13,43,7,47,1,27,14,48,35,44,60,34,4,53,32,41,57,42,52,25,31,40,2,23,63,17,28,36,16,15,29,61,26,19,33,21,45,11,3,55,20,50,46,10,22,24,0,37,49,39,38,9,8,51,6,18,58,54,56
29,61,11,35,9,23,32,40,4,27,3,26,24,62,18,6,47,52,8,55,56,42,15,38,33,5,51,43,54,50,20,13,34,7,22,30,31,58,49,63,59,17,1,28,57,10,16,36,14,44,60,53,37,2,0,19,41,39,12,45,46,48,25,21
39,36,41,40,23,53,16,32,44,5,27,63,13,34,7,62,25,17,14,10,49,43,38,0,50,28,35,42,33,29,61,2,56,4,15,59,21,52,54,6,51,11,20,19,31,26,24,45,60,22,57,3,47,37,48,1,12,55,9,18,8,30,46,58
38,0,61,42,18,32,17,53,27,56,20,33,9,5,39,11,40,47,37,51,59,34,29,21,54,4,50,24,30,13,48,31,25,6,1,8,58,63,46,55,2,16,44,52,12,62,43,49,57,3,19,35,15,14,28,45,10,22,41,26,23,36,60,7
36,32,33,51,10,62,9,44,55,26,60,37,20,29,21,11,18,47,30,8,59,50,0,49,35,12,31,63,5,22,41,46,61,19,40,1,56,28,4,25,15,39,43,2,42,57,23,16,7,27,24,14,3,17,53,48,13,38,6,52,34,58,45,54
30,3,40,52,42,63,58,0,28,19,18,51,14,55,15,57,17,5,4,50,61,27,46,33,24,25,20,31,23,29,11,53,36,45,34,7,39,49,12,60,37,21,41,43,16,47,10,48,13,54,8,56,9,2,22,1,26,35,32,59,38,62,44,6
32,10,52,45,28,19,1,14,12,39,43,46,25,49,6,21,40,34,17,53,47,61,11,56,24,59,31,36,37,0,18,62,44,58,4,33,13,23,57,7,35,22,2,38,5,30,26,15,42,20,60,48,3,41,8,29,54,16,27,50,55,9,63,51
7,47,6,13,1,54,23,44,60,28,63,38,12,50,3,62,45,27,14,42,58,51,35,32,10,31,4,37,21,40,43,30,8,34,39,25,24,0,18,49,2,46,48,55,53,57,59,5,9,17,15,41,36,11,26,29,22,33,61,16,56,19,52,20
1,48,39,17,46,2,6,41,24,63,53,38,5,54,61,25,3,36,30,28,34,9,42,16,15,58,40,52,10,50,12,43,14,0,8,55,47,4,45,56,18,23,37,49,21,29,33,7,32,60,11,20,27,19,31,22,59,13,57,44,35,51,26,62
37,33,62,47,48,21,41,5,9,39,51,56,28,0,18,35,29,13,36,1,24,40,27,17,8,30,6,23,46,25,58,16,43,15,12,60,52,10,44,4,42,34,61,49,7,32,2,59,22,26,53,57,31,55,3,63,20,14,50,19,11,45,38,54
3,16,52,28,51,12,38,53,18,45,15,46,54,6,55,2,33,62,23,39,40,37,5,10,35,11,25,42,49,26,29,17,0,56,9,21,8,58,61,24,31,14,1,20,13,27,48,19,34,44,41,57,63,22,43,4,60,36,59,30,50,47,7,32
40,30,45,62,59,4,7,1,55,46,26,22,11,29,37,25,57,32,47,18,10,21,48,24,19,16,34,53,31,42,50,15,17,27,54,8,20,41,56,33,6,61,35,44,14,51,49,39,9,2,3,63,12,28,60,43,38,5,23,36,0,52,58,13
22,62,28,17,46,7,5,32,54,47,10,23,53,4,21,13,41,44,6,18,43,37,29,33,31,60,16,3,51,59,50,36,19,27,20,38,40,14,0,8,39,35,52,45,56,9,48,1,2,12,11,61,49,34,30,42,63,15,55,26,58,25,57,24
3,52,1,38,61,13,20,2,44,51,5,39,19,48,33,53,32,11,7,23,41,22,6,54,49,57,14,12,63,27,56,25,18,47,30,55,24,45,10,0,40,4,31,35,62,50,36,46,17,58,37,21,42,34,16,26,28,15,9,8,29,59,43,60
39,49,12,59,54,2,57,8,37,9,45,19,58,48,18,55,25,50,22,27,17,53,3,46,52,32,31,41,35,60,7,14,33,63,1,28,51,36,23,62,15,5,13,16,10,20,11,56,34,61,26,29,38,43,44,21,0,4,42,6,40,47,24,30
54,10,18,27,52,32,34,2,58,17,0,43,22,51,42,61,57,35,6,28,21,45,37,5,26,47,15,33,30,13,31,23,29,40,50,60,44,12,63,7,14,49,24,56,20,1,39,4,9,38,16,46,59,8,25,53,48,36,55,41,3,19,62,11
41,39,40,43,62,15,30,16,31,45,0,59,53,24,21,9,20,42,18,32,1,11,35,63,17,10,37,8,50,25,2,19,51,6,23,22,47,14,4,49,7,38,44,13,57,34,52,55,29,36,58,54,48,26,33,61,56,3,46,5,12,27,60,28
15,39,17,18,10,11,25,24,49,60,59,19,12,4,8,48,50,22,23,58,16,27,28,1,21,13,45,29,0,43,32,54,30,46,6,33,56,5,37,55,52,47,44,41,31,20,57,38,62,63,35,3,9,42,26,14,36,34,40,61,51,7,53,2
40,3,44,8,25,13,53,21,16,43,59,15,46,22,61,62,58,30,41,14,27,28,24,19,0,52,50,9,63,2,29,4,32,35,33,20,23,37,34,12,5,36,51,48,60,10,6,38,31,55,17,57,1,18,42,39,45,49,54,11,56,47,7,26
49,43,48,2,60,61,41,9,39,20,40,46,59,53,63,56,1,38,55,22,54,47,34,58,6,29,26,37,42,7,33,15,17,31,24,35,44,23,12,5,32,13,27,25,51,10,30,62,28,16,19,8,11,50,21,45,57,0,14,3,18,52,4,36
27,11,22,18,33,26,23,62,42,63,21,32,41,35,57,9,19,15,59,48,55,58,8,30,34,47,45,50,4,24,20,2,17,60,14,16,40,28,52,3,39,1,38,6,10,25,46,53,43,54,0,13,29,5,7,31,36,12,44,56,37,49,51,61
41,61,53,60,50,23,11,45,33,43,44,8,17,15,32,10,6,49,13,26,52,40,54,2,57,1,59,34,4,62,35,21,27,5,58,30,18,0,56,14,55,9,3,51,24,42,63,36,25,29,28,12,16,22,38,7,39,31,19,37,48,47,20,46
51,29,35,16,19,58,26,10,59,56,60,27,45,46,4,8,18,61,52,21,23,15,43,48,55,54,0,9,49,12,37,17,20,32,47,1,5,44,28,30,38,13,14,22,57,50,36,53,31,25,6,2,62,33,42,11,7,3,34,40,39,63,24,41
11,30,52,8,22,40,55,38,24,3,61,50,41,14,58,32,39,37,16,33,42,47,28,60,54,59,20,26,10,44,29,17,1,9,56,36,63,62,19,49,23,25,34,0,31,6,27,4,48,15,43,12,5,13,53,51,18,35,46,45,21,7,2,57
34,33,63,46,43,36,40,11,16,3,15,25,28,1,18,35,9,61,42,49,60,21,0,41,52,56,59,6,12,22,4,58,48,23,54,17,8,26,37,31,38,57,2,50,29,24,13,53,45,47,5,19,27,62,7,32,20,10,30,51,44,14,39,55
2,15,24,0,27,36,21,12,52,61,4,18,62,31,20,9,37,22,47,30,29,32,33,63,57,40,25,10,1,50,8,44,38,46,34,55,14,13,41,48,19,60,54,7,6,28,23,45,53,56,35,51,39,16,43,49,59,42,5,11,26,17,3,58
12,35,57,61,36,7,34,59,33,0,20,28,48,14,2,32,23,37,38,47,50,55,13,25,24,3,41,58,4,62,5,6,40,18,44,19,39,22,16,29,17,21,27,43,15,45,49,52,1,42,9,8,11,56,10,60,30,46,54,51,26,63,31,53
9,12,33,57,28,17,14,31,59,60,53,37,8,6,54,11,5,15,46,62,40,61,52,49,35,41,13,50,48,44,23,63,32,56,24,55,27,20,47,0,51,16,1,19,58,3,10,39,26,34,42,43,22,2,45,21,4,36,30,38,25,18,29,7
34,50,29,5,55,30,28,15,26,39,57,47,17,52,3,63,40,24,59,37,38,48,13,16,6,2,8,32,46,45,54,23,25,36,7,58,11,1,10,22,0,62,9,43,19,18,53,49,12,42,33,20,61,60,27,41,51,21,31,14,4,56,44,35
34,42,46,38,26,13,31,3,56,7,10,15,0,47,54,23,50,16,41,14,12,60,37,40,20,4,55,36,51,6,21,25,22,27,52,11,35,53,17,8,5,49,57,45,29,58,24,32,18,59,61,62,30,28,33,43,44,48,9,1,39,63,19,2
25,18,8,7,39,41,14,15,29,56,10,20,32,0,51,6,62,36,49,54,35,12,30,45,26,23,57,59,17,28,38,5,53,2,50,52,19,31,13,44,55,47,63,34,11,4,21,46,48,40,16,42,24,37,27,60,9,61,3,58,22,33,1,43
3,0,50,12,8,34,35,28,2,33,62,15,41,5,46,51,21,14,47,36,26,53,7,63,32,18,10,17,20,58,59,44,31,9,30,22,42,48,16,49,60,38,29,23,54,19,37,27,52,45,4,40,1,11,61,24,25,6,39,55,56,57,43,13
63,24,57,45,48,51,50,12,18,41,6,49,43,56,39,10,31,40,17,9,59,5,21,62,61,15,35,11,25,4,20,42,27,55,52,46,53,54,29,0,2,34,32,30,16,38,8,22,58,44,28,7,33,47,26,13,23,36,19,14,37,1,60,3
38,39,1,7,19,20,33,52,40,30,29,44,41,16,49,26,56,53,54,24,15,51,2,5,35,43,62,13,36,34,23,28,17,45,27,47,50,0,57,63,4,18,37,31,61,3,11,10,9,48,58,14,60,25,46,8,6,12,55,42,59,21,32,22
33,48,34,30,23,38,25,24,54,52,17,2,37,22,49,8,7,35,60,58,51,20,44,12,13,57,19,14,5,39,61,50,43,29,47,31,9,21,32,15,59,63,55,53,46,26,4,40,1,11,16,27,42,18,28,10,41,0,45,6,56,36,62,3
44,32,25,36,60,17,0,59,31,39,5,12,54,49,1,20,42,63,51,24,19,8,14,37,13,7,18,15,56,40,28,9,34,53,55,3,16,45,61,57,52,30,50,46,48,58,27,43,23,10,47,11,22,6,4,29,41,33,62,26,21,35,38,2
11,21,48,35,33,1,38,55,24,57,12,46,10,6,26,15,54,56,37,5,51,53,19,16,27,3,30,34,42,23,18,43,36,13,44,17,7,9,22,25,45,29,62,59,2,0,49,4,61,32,47,8,52,20,28,39,58,60,63,50,31,14,41,40
39,11,16,7,22,2,12,63,20,17,53,42,37,1,29,59,30,25,21,32,4,54,41,43,31,52,46,44,24,58,23,26,18,28,9,27,6,56,33,45,19,50,35,3,62,61,5,36,13,14,51,8,15,48,34,55,60,0,47,38,10,57,40,49
61,3,18,7,11,41,2,26,47,6,44,50,30,62,49,31,22,34,46,53,36,35,28,15,60,13,59,42,37,38,24,43,33,21,56,45,4,14,57,58,23,32,48,16,63,19,0,5,1,17,54,51,40,55,12,27,20,25,8,9,52,10,29,39
31,46,41,14,23,47,30,51,40,62,55,49,16,61,10,27,2,59,21,50,8,1,44,7,43,26,56,12,58,52,39,33,29,13,60,5,37,19,11,3,35,24,18,6,25,54,17,57,28,9,20,15,38,22,34,36,4,32,53,48,0,63,45,42
2,17,11,57,44,23,32,31,22,18,29,55,4,50,27,28,62,16,10,33,45,6,20,21,1,58,53,7,15,49,12,30,19,52,60,48,63,39,9,54,40,24,56,51,13,47,14,46,26,3,34,37,5,35,61,38,41,36,43,59,8,42,25,0
22,59,60,55,58,9,44,54,14,15,45,47,38,63,10,13,0,46,29,53,5,20,56,36,49,26,41,37,28,16,35,43,42,31,1,39,2,4,34,61,11,32,52,50,62,12,30,24,40,25,21,6,48,7,8,19,23,57,3,51,27,33,18,17
45,40,50,32,14,28,44,10,15,29,41,19,8,63,12,55,25,17,59,48,11,3,30,24,13,2,16,18,33,36,6,22,58,62,37,57,21,1,42,43,49,23,38,7,34,61,9,54,60,47,56,39,31,52,53,20,27,26,46,35,0,51,5,4
60,53,16,12,10,45,15,3,24,62,7,59,31,37,14,50,46,41,47,63,26,44,27,40,56,21,34,30,32,54,0,20,43,36,6,19,48,51,2,18,17,22,58,39,35,28,5,1,9,38,23,29,49,57,42,61,25,33,13,4,55,11,52,8
24,60,47,53,57,0,41,31,20,8,33,58,21,52,49,3,7,59,50,5,26,23,6,11,38,16,30,19,61,37,22,12,2,10,42,54,25,43,35,4,56,14,17,63,28,44,36,62,32,13,45,9,27,29,39,34,15,55,51,40,18,46,48,1
39,31,44,26,56,11,21,58,6,38,60,1,8,3,27,10,13,20,12,15,22,14,48,32,25,35,47,45,51,49,52,55,16,7,34,54,33,24,36,63,0,61,42,23,5,46,17,4,28,18,37,50,43,9,53,40,30,19,41,29,2,62,59,57
6,13,11,7,48,55,60,50,41,9,62,20,14,53,22,37,16,27,28,39,2,21,33,47,19,30,43,12,57,35,31,61,40,32,51,63,46,49,5,1,25,4,56,45,44,34,3,58,52,26,54,29,24,18,15,59,17,8,10,42,38,23,36,0
62,35,18,29,40,34,2,37,39,15,46,17,41,45,11,43,61,7,12,31,59,49,27,50,1,52,21,5,60,48,8,53,22,13,58,63,57,10,47,6,24,3,51,56,26,38,20,44,23,16,25,42,32,33,30,19,0,14,36,28,9,4,55,54
52,63,55,14,8,42,45,29,3,5,51,31,28,24,2,1,32,58,37,7,41,47,10,21,0,6,25,39,50,16,12,60,61,59,43,36,54,53,26,27,15,56,33,49,9,17,20,48,4,62,35,11,44,38,40,34,19,18,57,22,46,23,30,13
12,4,28,39,19,23,37,58,29,41,43,13,57,54,44,34,25,56,16,33,26,31,46,61,9,3,11,5,40,48,30,47,24,8,17,1,21,50,20,22,51,49,2,45,42,53,36,27,55,32,62,59,6,60,35,18,14,10,7,63,0,15,38,52
7,21,1,29,57,51,58,36,55,25,8,11,27,31,56,12,13,44,16,38,14,5,53,10,35,37,34,18,20,0,22,19,60,52,39,32,59,23,47,33,43,17,15,63,6,26,46,62,30,61,50,48,54,45,49,9,2,4,3,40,24,28,41,42
43,41,37,9,0,6,60,27,51,54,61,44,58,4,19,53,24,3,12,18,23,34,21,63,36,8,14,16,45,20,26,10,48,35,42,13,31,17,28,50,62,52,15,29,25,39,1,22,47,59,40,38,57,56,7,30,5,11,46,2,32,55,49,33
10,25,6,20,55,9,39,52,27,16,29,41,1,50,31,21,34,15,63,57,22,28,0,58,7,8,51,37,42,3,35,33,13,61,30,43,23,49,12,53,11,40,36,5,54,38,14,18,17,56,48,45,46,32,47,59,62,4,24,2,19,60,44,26
14,21,58,5,34,38,52,18,4,26,31,8,61,27,41,60,51,57,0,50,55,46,43,45,53,33,23,7,30,24,59,15,35,48,63,9,44,29,6,2,56,42,3,39,62,36,12,49,54,10,13,40,11,19,47,16,20,17,28,32,1,25,22,37
43,53,34,3,11,39,0,51,15,29,48,46,22,4,33,49,27,30,57,17,18,9,36,62,7,47,26,35,41,14,45,21,19,37,31,20,10,24,55,5,16,61,52,56,28,8,12,13,40,32,42,1,54,50,63,59,38,6,60,44,58,2,25,23
62,3,34,31,42,35,5,10,15,20,21,58,43,13,18,46,23,38,30,7,12,6,0,11,60,29,28,40,61,9,49,4,19,45,41,37,44,27,50,39,57,8,55,53,16,2,47,17,52,14,1,25,26,22,24,48,63,32,36,33,59,54,56,51
18,48,2,15,53,4,51,33,40,43,54,8,9,11,21,27,61,38,39,45,1,34,49,7,36,62,20,22,50,14,57,19,23,6,37,26,59,0,60,42,16,28,25,58,55,52,47,3,30,32,5,24,12,44,17,63,41,46,13,29,35,10,56,31
4,34,31,24,35,30,59,17,36,12,5,3,19,20,53,1,60,38,15,40,45,46,63,14,44,50,51,42,41,0,13,26,11,43,52,57,49,32,61,21,56,62,28,33,47,16,39,27,48,10,37,9,25,6,29,55,22,23,8,18,7,58,54,2
33,61,2,19,32,43,7,16,21,8,14,54,60,31,37,50,41,10,3,51,56,44,34,28,20,48,1,6,18,35,47,59,9,17,53,38,0,4,23,24,58,27,26,57,46,40,45,15,30,5,55,36,12,29,62,42,13,22,49,11,63,39,25,52
24,56,50,35,51,8,42,36,18,55,57,45,53,13,9,31,17,19,40,46,34,27,43,30,11,6,60,10,49,23,3,38,1,54,12,15,52,33,48,0,14,29,63,47,22,21,5,7,44,59,41,58,16,37,20,28,32,25,2,4,26,61,62,39
55,48,16,15,10,58,9,63,62,30,20,1,61,21,4,17,57,8,22,54,33,56,3,43,6,18,39,41,50,47,23,0,38,32,14,5,51,60,7,36,40,59,28,31,37,35,34,26,12,49,27,44,42,46,24,13,52,25,29,53,2,45,11,19
0,32,20,61,33,58,28,53,57,13,8,59,12,3,31,14,1,37,17,22,51,4,46,25,21,44,29,49,2,56,39,42,35,16,24,6,43,11,26,27,54,40,48,9,19,47,34,30,62,15,50,41,52,63,7,55,38,60,36,10,18,23,5,45
8,49,5,25,61,44,20,39,12,28,53,52,36,29,16,37,54,22,4,63,35,10,26,58,42,32,19,7,56,3,14,34,21,27,50,51,24,33,45,30,0,18,62,48,2,47,40,1,55,13,43,6,15,57,31,23,9,41,59,60,11,46,38,17
48,55,32,9,30,52,63,42,60,33,31,1,12,13,39,45,16,57,0,53,43,59,10,56,28,35,8,20,17,5,40,6,38,49,36,21,19,22,34,4,3,11,50,54,44,62,26,61,15,51,18,14,58,7,23,24,27,46,29,37,25,41,2,47
63,9,12,17,45,25,60,18,27,38,57,52,0,20,31,32,62,11,22,4,24,49,48,28,33,34,10,14,6,21,3,47,13,42,23,19,59,55,8,56,39,1,50,30,37,46,54,58,26,29,40,16,35,41,44,15,53,2,7,61,51,36,43,5
23,35,36,4,38,51,42,33,28,43,46,24,58,3,1,47,14,45,11,57,50,9,55,62,6,39,41,19,20,59,52,2,34,63,44,37,53,7,61,40,15,27,60,49,29,21,31,22,5,26,18,17,10,25,54,32,56,48,0,12,16,30,13,8
32,4,50,15,60,55,31,9,37,57,29,24,46,43,26,58,35,59,61,12,7,52,54,16,13,20,39,62,27,63,44,3,42,56,40,14,34,28,47,25,36,0,18,21,30,11,53,8,49,2,10,45,33,41,22,6,51,48,23,17,5,38,19,1
50,1,38,43,11,28,18,34,48,20,3,32,33,8,40,62,41,13,46,0,10,61,29,55,12,5,15,35,19,23,22,26,37,7,54,21,17,4,27,52,49,56,24,31,44,36,45,47,39,6,53,59,58,63,42,2,25,14,51,30,9,16,60,57
5,47,18,58,20,63,3,23,40,28,11,12,26,15,10,16,35,13,19,51,1,7,61,17,33,55,30,39,56,0,45,8,27,57,42,54,44,14,41,50,49,4,32,52,37,31,34,43,46,22,21,6,60,9,29,2,53,24,38,25,48,59,62,36
48,35,20,46,24,59,40,41,0,23,53,22,33,42,28,4,32,14,19,45,38,37,44,54,60,47,56,1,62,16,15,8,21,55,26,31,63,5,17,49,51,43,2,7,58,11,18,13,10,3,6,27,25,29,36,50,30,39,12,61,52,34,9,57
0,44,53,37,46,40,4,3,5,13,34,59,21,54,25,43,24,17,20,18,28,61,10,41,49,52,1,15,9,38,45,62,23,26,48,29,22,32,8,51,12,58,55,16,47,31,63,27,42,33,30,11,6,57,56,36,2,19,35,7,39,50,60,14
7,54,31,5,36,6,17,45,10,63,25,1,46,18,22,3,52,21,8,48,9,34,50,43,59,28,29,51,40,19,35,4,61,47,49,39,33,41,44,37,12,2,23,30,15,14,20,32,58,38,55,11,62,56,13,57,60,16,24,26,27,53,42,0
30,6,34,54,53,13,52,44,10,26,11,40,2,18,1,19,59,42,61,3,23,56,58,4,9,50,15,7,62,12,46,48,55,33,32,28,21,17,22,8,24,63,38,27,37,49,57,35,16,31,25,36,20,29,47,51,43,0,14,39,41,45,60,5
21,32,12,30,23,29,60,39,35,42,0,5,47,9,43,4,38,44,36,37,59,40,19,11,27,53,48,34,6,55,26,50,31,63,18,61,17,46,41,3,52,54,57,33,24,15,10,7,1,28,56,25,22,2,13,62,49,45,8,51,58,20,16,14
54,55,27,28,17,18,12,32,52,3,9,5,16,44,36,61,2,25,24,58,42,46,39,21,49,33,29,19,47,63,31,20,37,13,50,57,56,45,40,34,51,15,30,62,14,10,6,22,23,11,59,41,7,8,53,38,26,1,0,4,43,35,48,60
17,32,5,21,61,55,45,34,1,27,33,51,50,62,60,8,26,54,48,3,58,0,40,63,15,13,10,14,47,59,37,49,16,30,2,18,36,20,44,22,57,41,9,19,23,11,24,56,7,53,42,25,12,46,52,35,29,43,4,6,38,31,39,28
3,48,34,45,46,22,6,11,40,26,15,56,36,50,57,32,54,20,60,4,25,38,44,12,17,37,39,58,23,62,16,18,52,43,30,42,51,13,29,31,63,2,19,1,49,28,35,10,55,59,47,0,8,53,61,24,9,5,7,41,33,14,21,27
41,6,26,13,27,50,25,37,19,40,44,60,18,43,10,53,35,61,54,14,23,32,58,21,34,7,24,28,16,22,38,36,11,0,12,9,63,15,56,51,45,4,1,49,46,55,33,39,3,42,29,52,57,20,2,31,59,62,5,47,48,17,8,30
51,50,41,18,58,63,27,60,49,21,30,9,13,46,62,48,26,52,40,34,7,44,3,11,61,32,15,47,42,8,0,43,1,29,6,28,16,54,37,31,20,59,36,19,22,12,4,53,57,23,56,35,25,38,14,24,5,45,33,55,10,17,2,39
49,25,16,28,34,29,43,63,30,13,52,45,31,12,9,22,33,48,56,47,19,20,2,50,21,57,6,3,0,62,46,1,53,55,39,60,59,38,14,41,61,24,17,7,27,37,4,32,44,5,35,36,26,11,40,51,18,23,8,10,15,58,54,42
51,59,3,42,33,45,55,32,11,27,6,50,36,30,21,52,58,28,47,14,16,44,13,7,40,34,18,48,53,31,17,15,60,57,49,56,61,24,10,39,2,12,41,37,20,54,43,4,9,19,63,1,0,22,38,5,26,62,46,29,25,23,8,35
50,49,25,22,10,28,3,48,16,46,23,8,41,35,54,15,24,44,34,32,9,60,7,4,19,0,43,38,36,52,42,21,63,20,17,55,40,51,47,2,53,59,5,39,11,30,29,33,18,31,37,27,45,26,57,1,13,12,62,56,61,14,58,6
27,53,11,58,5,8,6,4,0,25,15,49,9,54,16,17,21,62,57,18,10,56,31,26,37,12,39,2,38,50,44,22,20,59,24,23,42,32,34,51,43,28,29,35,19,41,55,45,47,7,30,61,63,14,1,48,46,52,3,40,13,60,33,36
55,54,25,61,12,42,0,22,7,43,44,35,8,10,46,31,37,56,21,5,39,20,50,51,52,23,15,28,62,24,58,16,40,45,3,26,1,63,18,17,11,2,4,36,13,41,32,29,34,33,49,30,48,57,19,60,38,59,9,47,6,27,53,14
61,17,11,50,18,47,13,53,8,1,0,59,30,16,36,35,2,3,20,48,22,37,58,45,28,60,54,5,19,55,9,4,26,49,33,25,31,23,42,62,38,7,12,34,43,29,56,40,27,44,51,63,15,46,52,57,41,14,24,39,21,10,32,6
44,37,55,6,40,57,63,20,12,51,43,14,29,52,19,11,22,27,10,38,9,60,24,41,31,28,5,62,16,50,49,36,30,45,23,56,34,59,13,48,39,61,15,58,3,17,21,32,4,33,7,18,46,42,53,26,47,35,54,1,2,8,25,0
15,35,41,26,20,29,10,22,6,2,36,48,19,53,60,28,33,9,57,0,62,61,59,37,32,47,23,49,44,40,63,42,16,55,31,39,12,34,4,24,38,46,58,30,1,52,14,17,7,27,18,43,51,13,11,5,8,25,50,21,45,3,54,56
10,33,59,15,17,12,4,47,34,8,5,32,46,58,0,61,48,1,29,25,62,18,38,39,54,27,30,44,2,23,37,36,41,6,50,56,3,24,22,35,55,9,14,40,43,16,7,28,45,51,49,20,13,57,26,11,19,31,21,52,60,53,42,63
44,53,14,57,46,55,38,60,0,2,21,50,36,22,3,33,40,8,24,58,17,34,6,48,23,27,42,39,19,28,9,25,41,26,13,62,15,31,32,47,29,61,16,56,11,4,35,49,1,43,52,5,10,59,7,20,37,30,45,51,63,18,12,54
15,23,42,9,4,25,40,6,7,11,32,54,22,18,26,3,35,49,45,41,60,1,31,37,43,62,55,33,2,5,21,63,36,28,20,0,29,44,17,38,30,8,47,19,61,52,34,56,51,58,53,57,50,24,14,16,46,48,10,13,12,27,59,39
48,63,32,10,16,44,53,4,52,60,28,38,61,9,54,23,1,18,56,14,31,41,13,5,33,58,7,47,55,6,15,17,57,46,27,35,45,3,39,12,8,0,11,36,24,22,50,19,37,20,51,62,43,29,42,2,21,59,40,25,30,34,49,26
18,58,12,7,47,8,9,13,45,38,2,25,6,16,14,23,57,63,4,52,40,37,24,50,21,56,26,54,11,5,44,34,49,3,15,62,55,41,60,61,31,20,46,48,10,29,51,30,53,1,42,43,0,28,19,39,33,32,27,17,22,35,59,36
57,33,25,45,5,21,51,23,37,34,3,49,8,20,62,50,13,32,56,31,9,53,28,48,16,46,2,19,55,61,26,40,35,30,47,59,63,27,4,43,41,52,14,11,17,12,1,36,0,58,54,18,6,60,42,38,7,39,10,15,22,29,24,44
50,8,44,32,29,13,34,52,6,46,45,60,1,31,56,37,26,57,39,11,62,2,0,53,35,7,20,27,9,63,47,36,25,55,42,22,23,10,15,54,4,17,3,43,19,5,40,38,18,61,41,51,21,58,14,12,33,24,59,30,16,48,28,49
58,14,38,30,2,56,47,1,52,27,20,0,54,33,36,23,51,24,31,16,50,9,37,41,55,32,46,44,5,53,7,60,6,35,42,21,57,10,61,3,45,17,63,29,8,62,34,26,19,22,43,40,49,39,15,12,11,13,18,28,4,25,59,48
60,54,49,59,50,1,33,41,4,56,14,27,22,35,39,36,28,17,45,37,7,21,55,0,47,15,32,62,58,16,53,30,31,2,11,48,43,18,34,23,42,29,13,3,10,19,57,38,9,20,63,25,44,52,24,12,61,26,5,46,40,8,6,51
29,43,27,34,45,24,11,63,19,17,58,8,41,26,40,16,23,36,35,4,10,0,12,5,32,37,52,20,49,6,1,44,21,61,31,15,2,38,22,9,60,47,53,56,57,48,13,30,3,62,39,28,14,51,7,25,55,46,42,18,33,50,59,54
21,52,56,22,27,13,34,35,3,9,2,31,36,28,61,16,45,60,54,44,20,6,12,15,37,39,33,55,11,58,62,40,7,46,38,43,19,29,25,23,5,32,42,30,57,50,41,4,17,10,63,26,1,47,0,18,53,59,14,8,24,51,48,49
38,43,57,7,35,16,52,2,49,62,31,56,26,48,46,45,21,39,42,14,55,11,28,1,47,3,37,22,51,53,5,40,19,0,50,24,44,33,10,8,58,20,13,9,30,29,15,27,18,63,59,34,41,4,25,17,23,60,6,36,12,61,32,54
18,52,14,11,47,63,17,19,6,3,51,34,49,61,4,21,36,25,60,7,8,40,50,20,2,9,46,0,10,56,29,32,42,44,5,37,53,48,1,58,45,43,15,13,62,57,23,41,28,38,12,54,59,39,35,30,27,26,22,24,16,31,33,55
61,53,31,59,21,13,62,5,34,12,60,40,44,33,18,14,24,11,27,19,15,23,51,9,8,17,35,4,39,41,46,28,20,6,38,30,52,10,32,7,42,54,0,29,57,2,16,36,45,56,47,48,26,63,22,1,25,49,58,50,43,55,37,3
38,29,1,33,36,57,24,39,13,26,62,19,63,2,7,37,61,51,32,52,12,16,40,14,23,47,43,3,30,15,55,34,58,9,20,18,41,5,22,48,17,27,60,10,46,31,6,35,56,8,0,28,45,54,42,21,50,53,49,59,25,11,4,44
12,52,17,31,33,55,6,49,14,54,44,56,57,22,42,53,43,36,28,38,40,27,13,26,47,0,32,62,21,34,45,24,60,25,19,3,59,50,5,51,23,48,63,29,10,2,39,9,1,61,46,11,8,35,30,58,41,18,7,16,37,4,20,15
54,48,6,19,55,27,42,24,28,11,3,52,21,58,43,38,12,32,36,39,29,49,1,16,47,10,23,30,8,15,34,2,31,46,0,60,13,51,37,25,17,56,41,35,44,20,22,57,18,59,33,45,9,4,61,50,40,62,26,5,14,7,53,63
34,7,63,42,11,9,22,35,37,59,6,32,49,60,28,14,20,47,58,52,54,45,5,2,23,16,43,41,50,29,25,0,1,8,48,13,17,24,44,26,62,3,15,19,57,30,51,55,4,18,39,53,38,31,40,36,27,10,12,56,33,21,61,46
13,25,28,42,18,49,21,50,63,5,51,3,48,32,60,39,4,26,34,59,1,19,56,47,15,38,20,61,17,10,16,58,37,24,43,9,62,33,7,53,27,40,41,0,45,2,55,46,12,23,29,57,8,6,22,30,52,14,11,35,36,44,31,54
55,24,0,5,43,3,58,51,22,21,12,18,8,33,15,7,6,49,45,34,42,1,50,59,17,16,36,52,41,13,2,14,37,29,39,4,32,30,38,28,23,10,57,53,35,9,26,48,60,56,62,46,40,31,20,11,25,27,63,44,61,54,19,47
60,61,43,10,22,39,49,46,59,32,16,4,3,12,17,15,28,18,19,7,52,57,14,50,58,53,31,54,21,0,38,56,62,44,35,24,13,27,8,9,51,23,5,34,47,55,48,42,33,25,40,37,26,63,45,29,2,1,41,20,11,30,36,6
54,4,10,19,28,12,52,42,51,37,31,60,24,2,5,61,14,34,57,43,56,41,55,18,49,63,32,33,13,26,1,30,8,35,38,45,39,59,25,40,3,16,0,11,36,29,6,17,27,23,48,21,9,7,22,46,15,58,62,53,44,47,20,50
8,43,47,27,15,51,21,39,61,2,59,11,19,14,48,54,22,56,25,31,28,18,5,7,58,3,17,49,35,23,13,20,9,45,50,36,32,10,0,63,46,42,62,34,41,29,26,30,16,44,60,57,38,40,53,4,1,55,24,6,37,12,52,33
23,31,25,46,38,33,35,50,63,54,62,27,53,39,7,20,42,19,28,4,22,17,51,43,57,18,10,1,56,6,12,61,15,30,52,8,13,37,32,16,41,60,26,44,49,47,29,24,9,45,58,36,0,34,5,55,11,14,48,21,2,40,3,59
56,46,54,35,28,0,6,23,4,19,26,7,37,40,18,14,8,24,63,10,22,16,31,36,43,33,11,34,42,61,15,2,29,41,55,60,30,12,9,49,51,32,38,3,20,39,1,13,21,25,62,17,27,50,59,57,48,45,44,47,5,53,58,52
63,30,5,56,35,42,4,32,60,17,33,50,22,40,2,48,23,18,54,57,3,44,0,52,6,7,39,16,8,10,51,24,27,26,29,31,38,53,46,1,43,34,45,37,19,55,14,58,9,59,49,62,20,11,15,41,47,12,28,21,61,25,13,36
30,12,46,2,52,18,6,51,58,10,13,24,63,17,33,38,28,5,49,19,3,25,44,45,22,59,1,57,53,7,8,9,54,48,15,20,0,27,34,55,4,26,47,37,29,56,16,60,50,39,31,42,43,21,32,23,36,62,14,41,40,35,61,11
50,30,21,42,16,60,2,32,14,20,0,25,36,3,37,63,34,15,54,27,53,4,39,58,56,48,57,46,59,49,11,8,23,19,55,7,43,62,44,12,9,18,17,5,33,38,26,13,24,1,35,31,29,40,52,51,41,45,22,28,47,61,10,6
53,27,40,20,56,57,48,60,36,25,58,47,24,34,8,1,50,38,49,41,0,29,4,59,44,10,37,19,15,3,11,33,17,54,22,62,6,52,30,2,9,61,21,43,28,51,7,32,35,16,13,46,55,5,14,63,12,31,42,18,39,26,45,23
26,63,56,61,51,55,11,6,15,33,23,32,46,44,34,21,0,5,54,20,58,43,2,25,22,53,14,41,9,42,50,13,39,7,37,28,38,36,49,45,8,4,59,35,62,17,52,47,3,60,16,1,29,12,57,24,48,30,18,31,10,27,40,19
3,11,1,23,34,27,10,62,57,6,14,33,30,16,40,60,49,47,52,35,59,5,22,41,42,29,4,53,24,54,43,51,48,9,19,8,31,0,25,32,2,28,63,15,13,12,38,26,39,44,36,21,50,46,17,56,45,20,61,18,55,58,7,37
4,26,25,42,61,53,40,62,44,48,3,35,33,21,20,15,38,60,55,36,7,13,17,22,59,37,2,31,14,19,6,39,63,41,45,16,1,30,24,52,18,12,10,58,32,29,9,8,27,47,43,46,5,23,11,57,0,50,28,34,49,51,56,54
0,62,23,28,44,51,3,26,43,57,8,61,40,20,16,32,5,36,60,9,59,17,48,45,1,15,7,56,53,42,58,27,24,34,6,11,63,35,47,14,25,37,29,22,4,39,19,52,18,30,49,55,54,12,13,38,33,21,46,2,50,41,10,31
2,19,8,4,21,63,54,41,1,58,53,33,26,44,55,59,35,12,48,52,20,28,37,47,57,45,50,29,46,61,34,62,18,42,40,7,5,31,22,14,3,38,27,43,10,6,36,0,30,17,16,32,13,24,56,23,11,60,9,49,39,15,51,25
42,38,0,33,48,31,43,55,22,8,24,1,63,19,52,11,16,12,53,2,47,40,26,36,34,32,4,61,10,35,3,58,5,15,9,21,25,18,62,41,51,27,60,29,46,23,28,13,57,56,14,45,7,59,39,17,6,54,50,37,20,30,49,44
22,34,52,8,28,24,38,7,23,62,39,50,27,13,56,2,40,3,18,63,44,1,0,29,37,20,54,45,6,57,14,35,55,60,51,41,16,43,19,17,48,59,10,31,9,26,46,5,15,21,36,30,61,11,42,32,4,58,12,53,25,49,33,47
42,30,58,50,18,43,49,33,3,14,20,34,21,8,26,45,55,53,52,63,35,60,31,4,12,2,17,54,10,32,9,46,39,5,61,25,38,62,37,41,16,40,27,7,13,11,28,0,51,6,19,1,24,57,15,48,56,29,22,23,47,44,59,36
42,4,37,19,14,12,40,43,53,45,61,31,48,52,22,47,44,34,46,41,11,49,15,38,55,3,6,20,26,54,27,0,39,50,21,10,8,56,13,25,16,60,57,28,36,9,32,17,29,59,23,58,7,51,62,30,5,1,2,63,24,33,18,35
46,42,56,14,11,10,26,48,1,19,58,3,23,50,40,60,38,44,59,43,37,8,47,7,29,28,45,16,34,25,27,62,35,55,39,2,36,63,9,17,32,24,30,18,15,61,13,31,41,4,54,33,22,49,12,52,57,5,51,20,6,0,53,21
10,4,29,34,31,42,8,63,0,51,20,58,49,15,16,26,39,53,38,17,23,24,52,11,5,19,55,59,45,54,13,12,48,57,32,21,9,25,41,47,2,56,30,27,35,62,44,7,6,43,22,28,18,36,14,3,1,61,37,60,33,50,46,40
63,23,40,55,5,31,42,9,7,53,2,3,0,50,60,18,54,21,56,59,37,49,12,4,52,51,30,8,1,57,20,44,10,46,28,14,48,6,13,22,47,41,19,36,33,34,29,45,32,17,62,61,16,43,25,27,11,58,15,26,39,38,24,35
2,27,41,60,0,40,50,5,8,21,23,49,28,25,6,15,33,4,38,18,26,47,59,63,13,16,62,44,24,45,10,43,30,3,9,7,52,31,55,35,17,29,34,19,48,22,20,57,14,61,11,1,36,32,42,56,39,37,51,53,12,54,58,46
25,47,36,58,27,53,56,4,40,0,14,30,19,26,37,38,8,16,52,9,46,33,57,35,12,59,21,20,10,2,32,22,28,48,55,50,42,13,39,31,3,43,41,51,11,24,5,60,54,29,61,44,62,15,45,18,1,34,49,6,63,17,7,23
62,41,58,5,9,26,20,2,27,36,24,19,13,32,44,49,3,38,29,45,60,1,63,35,23,8,0,46,56,59,4,54,11,37,61,51,47,57,42,16,33,18,22,43,52,48,30,17,10,7,15,12,28,21,55,6,40,39,34,53,31,14,50,25
45,56,16,13,20,37,6,29,21,60,42,11,26,10,51,52,5,27,22,58,41,33,7,49,30,1,47,63,35,55,44,34,61,12,62,38,40,4,25,23,15,14,57,43,39,28,48,0,24,32,36,18,31,50,46,8,3,9,2,19,53,54,59,17
1,13,18,59,48,12,54,24,11,49,23,7,63,56,19,0,31,40,35,10,34,30,39,2,38,9,47,21,27,14,16,28,4,22,51,5,62,33,25,6,17,57,3,20,52,37,61,58,42,45,50,53,44,36,15,55,29,43,8,32,26,46,60,41
21,32,9,26,41,51,14,8,10,45,59,34,36,11,48,6,37,44,55,22,31,38,33,27,47,3,16,15,63,12,35,24,20,5,29,7,4,49,43,56,28,39,57,60,17,13,18,50,30,25,1,2,0,61,62,53,19,40,52,58,54,42,23,46
24,33,32,4,44,26,1,45,18,27,35,11,23,21,52,36,58,51,2,55,8,30,19,31,12,43,59,56,5,29,25,34,49,46,17,20,14,54,15,39,57,38,9,48,60,10,13,47,42,41,50,63,3,22,6,0,16,61,62,40,7,37,28,53
15,2,12,25,5,60,17,1,36,20,34,63,54,0,48,55,50,23,21,53,35,24,56,26,16,37,28,14,33,46,51,29,57,8,9,49,32,27,52,4,3,30,44,41,6,22,43,10,58,19,62,40,42,11,38,31,45,39,7,59,18,47,61,13
59,57,46,31,44,14,3,13,21,48,62,29,19,20,49,11,36,61,27,6,16,39,50,18,38,1,55,15,53,33,17,42,0,22,9,37,4,56,45,2,58,8,30,40,41,5,34,24,32,54,47,7,23,51,60,25,63,26,52,12,35,10,43,28
24,18,32,17,5,0,13,59,21,53,9,41,34,42,54,1,36,26,16,2,20,29,37,25,49,50,60,57,46,62,4,56,12,3,33,14,38,15,31,10,35,61,6,45,58,19,55,23,30,22,8,28,51,27,47,40,11,7,43,44,52,39,48,63
41,8,54,34,47,32,4,14,39,60,52,19,56,29,18,5,12,49,25,48,38,46,26,59,55,10,51,7,43,13,35,27,30,28,33,24,44,40,50,37,11,23,42,2,0,63,16,6,36,3,22,45,58,21,15,1,53,17,31,62,57,61,20,9
20,53,16,58,49,47,3,52,57,41,8,29,46,4,31,62,21,9,51,50,12,19,2,54,34,38,63,55,17,33,1,40,26,14,35,60,56,61,27,0,22,7,23,28,48,43,36,6,59,15,10,18,30,24,39,32,45,25,42,5,37,11,13,44
39,57,15,45,17,12,60,56,42,36,7,48,14,5,37,4,43,40,55,20,18,21,29,10,52,6,23,59,62,19,61,32,41,0,2,44,8,54,38,49,34,11,9,35,31,51,28,24,3,26,46,58,63,1,27,16,50,47,30,22,25,13,53,33
30,39,3,47,38,20,57,52,54,58,28,12,25,37,13,27,62,2,19,15,8,46,50,31,55,60,59,17,11,10,21,32,0,63,23,9,61,36,7,6,53,33,4,42,26,43,51,56,5,40,16,34,18,24,22,48,41,35,1,29,44,14,49,45
2,22,27,45,9,11,20,16,38,10,51,1,29,15,35,57,41,4,58,61,13,60,59,31,42,32,63,17,53,3,28,62,24,30,52,12,50,21,33,44,54,26,36,8,55,39,47,40,49,6,14,19,25,43,5,23,7,37,34,18,56,46,0,48
60,50,55,44,52,49,48,22,11,3,35,54,43,38,18,40,13,37,46,39,32,45,56,17,28,8,34,23,29,57,42,14,0,1,21,16,58,62,41,7,36,33,4,10,2,12,27,19,63,51,5,6,61,9,24,30,59,26,47,15,53,31,20,25
62,58,7,34,23,0,10,32,19,28,42,46,63,13,21,18,59,57,4,48,31,39,47,6,25,30,55,37,16,56,54,11,1,45,53,33,49,29,2,35,40,51,22,12,36,38,27,5,61,8,50,26,14,44,20,17,52,41,9,24,43,60,15,3
34,56,13,1,49,6,31,11,62,39,17,7,15,55,25,5,8,12,22,60,37,24,19,30,53,26,52,51,47,10,3,63,20,27,44,16,54,4,23,57,0,33,46,38,50,9,58,28,14,18,21,61,59,43,29,35,41,45,40,42,32,48,36,2
29,23,9,17,60,4,36,27,24,37,22,7,62,42,34,54,8,6,16,25,12,28,51,48,52,63,49,18,2,30,50,21,20,46,26,56,39,55,11,14,58,5,15,38,40,53,47,1,10,41,32,31,57,3,19,44,13,43,35,59,0,61,45,33
31,54,4,35,2,20,6,1,22,52,24,33,61,26,44,48,43,30,59,5,50,41,36,16,10,62,17,7,55,15,23,8,40,11,25,63,37,39,13,18,57,38,14,51,47,49,27,21,9,0,34,28,45,56,12,58,46,32,60,53,3,19,42,29
7,39,51,20,27,62,14,41,6,54,2,61,4,9,22,12,30,18,60,36,10,50,8,37,47,26,38,46,40,48,11,63,42,45,56,23,16,1,21,44,49,32,15,55,43,17,57,29,59,19,25,34,5,28,53,0,33,31,35,58,13,24,3,52
29,41,31,28,60,59,54,10,21,19,57,37,23,43,13,62,11,45,20,30,34,16,2,18,7,24,61,49,35,36,51,63,3,9,6,27,38,42,55,14,32,33,26,17,48,15,22,39,1,8,52,47,25,44,56,12,46,4,40,53,50,58,0,5
62,8,9,19,53,61,28,52,45,43,34,6,56,57,25,54,31,37,0,30,4,51,15,21,5,24,50,13,7,16,12,32,23,49,41,38,39,35,27,18,20,40,33,1,47,3,63,48,42,29,46,36,14,10,58,60,44,22,2,59,55,26,17,11
53,34,20,17,54,7,62,63,18,61,2,19,44,0,12,23,26,5,52,56,45,47,58,8,57,13,55,16,31,27,46,48,22,32,41,33,24,14,3,21,59,35,43,11,42,9,39,60,40,15,1,36,49,50,29,38,10,28,6,37,30,25,51,4
26,2,47,15,17,59,56,18,45,10,52,34,23,43,62,35,53,32,58,41,12,14,31,3,11,24,61,46,9,20,25,6,8,21,29,33,30,55,16,28,36,19,42,37,13,57,50,40,51,48,63,54,27,0,5,38,4,49,7,44,22,60,1,39
23,22,47,44,30,24,20,29,61,49,18,7,2,1,5,11,54,15,38,12,0,42,40,31,46,14,10,41,13,58,6,34,56,21,51,17,37,52,63,33,9,32,39,57,55,28,36,4,25,60,3,50,19,27,62,53,59,48,45,26,8,35,43,16
44,20,35,43,62,4,47,25,16,11,3,13,37,54,60,8,22,27,10,17,15,48,24,46,63,7,32,45,41,49,18,2,53,40,0,50,30,6,56,33,61,23,28,55,21,57,9,38,12,34,14,26,39,29,51,1,36,5,42,52,19,59,58,31
4,37,59,52,31,3,28,12,17,43,54,47,5,10,23,13,49,51,8,0,9,18,42,20,36,32,29,50,41,53,27,56,30,34,1,48,21,14,25,19,63,44,62,11,26,45,24,39,2,15,22,61,55,16,58,46,38,33,7,60,6,35,57,40
38,31,12,9,57,48,7,49,47,15,30,24,56,44,8,29,4,6,60,41,19,58,55,50,43,32,33,59,25,1,10,37,34,35,45,14,52,61,20,16,26,23,62,2,18,0,54,21,46,40,63,51,36,13,5,17,3,11,39,27,28,22,42,53
41,22,29,17,62,59,39,10,1,30,8,54,56,42,36,58,25,15,13,32,21,16,45,20,47,48,2,18,23,12,3,27,46,43,33,60,26,0,28,7,53,37,49,57,34,52,40,11,24,50,61,4,31,6,5,9,51,38,55,19,44,35,63,14
27,30,49,4,6,41,39,32,15,50,38,47,29,61,59,19,21,53,45,23,33,17,18,46,5,0,36,34,1,7,2,31,3,28,22,57,55,25,40,54,48,8,14,10,52,37,51,26,35,63,43,9,58,62,20,13,42,56,16,44,11,24,12,60
28,51,15,3,38,12,17,48,18,32,24,14,46,7,56,2,1,44,37,47,61,33,27,43,58,31,41,50,40,19,62,39,29,57,23,59,8,16,21,55,53,36,10,45,42,6,63,22,5,35,34,25,60,13,11,30,52,4,49,20,0,54,9,26
5,28,19,57,1,43,56,44,25,63,41,60,40,31,8,27,34,13,21,18,49,24,53,9,42,45,30,29,38,54,37,35,23,3,6,22,20,52,17,59,0,46,2,50,55,36,10,33,32,14,7,39,61,11,58,26,51,48,12,15,47,16,4,62
52,28,30,24,5,50,55,29,23,47,33,58,60,40,41,32,10,17,6,15,26,18,31,12,57,39,44,20,4,56,2,38,19,54,48,0,46,63,8,51,7,14,1,13,11,27,49,59,9,3,53,21,45,36,16,25,22,61,34,37,43,42,62,35
17,51,8,37,11,15,61,18,7,27,29,49,9,23,34,55,62,26,14,6,60,1,63,44,45,38,24,0,5,35,12,4,43,42,3,54,19,20,21,36,32,22,56,2,39,16,30,58,53,33,40,46,31,50,28,10,59,47,57,13,48,25,52,41
5,34,22,3,59,42,56,33,28,62,14,30,8,58,38,1,23,6,41,24,17,36,16,9,11,31,63,48,39,47,50,61,25,19,32,55,27,54,2,49,43,44,52,51,29,12,21,4,57,40,45,46,35,7,37,20,26,60,0,13,15,18,53,10
27,62,33,56,42,31,44,18,46,57,9,47,37,15,4,21,50,2,34,13,29,48,32,58,52,41,35,28,6,20,0,10,51,38,7,1,8,12,11,63,30,3,59,49,14,61,19,55,23,39,24,36,17,25,26,53,40,60,22,45,5,54,16,43
38,14,0,3,34,32,52,25,45,6,4,50,15,12,23,37,48,5,13,49,36,1,11,62,18,33,53,30,55,39,51,10,61,8,19,27,20,22,7,17,57,42,28,26,35,60,54,46,9,21,41,58,2,47,31,24,56,16,40,44,59,63,29,43
1,33,0,59,26,53,3,15,51,29,2,52,40,41,38,12,60,23,18,54,6,8,47,46,42,34,11,49,10,20,24,28,13,45,58,30,19,62,35,48,61,44,57,55,56,25,16,50,32,9,5,22,4,17,63,43,21,14,31,27,36,7,39,37
63,59,10,48,2,30,46,50,4,55,53,39,13,40,11,45,44,38,31,8,41,60,12,23,17,6,33,32,54,42,56,58,35,36,28,3,51,0,52,20,1,15,62,57,22,18,19,61,21,9,29,47,14,24,34,43,37,25,5,27,49,16,7,26
63,53,1,18,61,58,38,34,14,5,7,57,45,56,6,31,54,25,12,11,19,28,46,52,0,42,33,39,62,21,49,26,10,47,27,24,32,22,55,16,23,30,17,37,35,15,51,36,3,2,9,44,41,4,20,60,13,43,59,29,8,48,50,40
12,34,63,35,4,58,23,15,42,53,37,51,31,60,38,56,9,57,36,28,45,30,22,24,21,17,26,19,47,48,41,61,11,52,16,29,27,49,3,39,6,46,50,18,7,44,10,59,8,25,20,2,0,13,5,32,40,14,1,62,43,54,33,55
41,0,53,55,34,23,12,21,63,36,62,7,38,48,9,22,20,50,18,49,61,28,10,11,13,52,25,2,60,39,57,8,6,26,29,45,37,5,31,56,3,46,47,44,16,35,51,32,27,17,58,14,4,42,43,59,40,30,33,1,24,54,19,15
25,33,4,21,29,50,12,28,38,43,20,48,47,11,46,5,41,62,36,1,54,13,15,49,7,3,23,8,35,44,60,27,56,17,57,9,16,51,61,59,42,18,2,0,24,6,19,40,34,52,26,58,30,10,22,39,45,63,31,37,14,32,55,53
60,17,12,56,28,34,11,18,5,57,46,41,22,32,55,10,37,45,43,48,1,7,36,40,52,62,8,59,31,53,58,50,63,13,20,21,27,47,2,14,42,35,30,39,0,9,44,49,33,24,51,6,15,38,4,54,16,23,25,19,61,3,29,26
17,6,34,48,49,20,53,54,0,55,2,42,7,11,63,12,45,60,24,28,56,19,36,40,3,30,33,59,10,61,16,35,52,32,25,21,9,46,47,23,39,44,22,38,51,26,18,5,50,4,8,62,43,13,37,15,57,31,41,29,58,27,14,1
14,31,4,29,61,39,54,45,22,58,37,12,40,42,20,17,24,15,16,48,18,10,28,33,3,9,57,26,1,2,32,0,43,51,63,50,25,21,59,11,13,52,47,36,19,38,62,53,6,23,7,49,41,56,5,27,34,44,46,55,60,30,35,8
51,60,33,10,45,47,7,38,5,2,27,22,9,29,15,40,4,61,25,41,12,18,23,14,20,36,48,6,34,8,3,26,17,24,39,49,35,50,19,59,0,13,1,30,55,31,46,54,28,57,42,44,43,53,52,21,63,56,62,16,37,11,32,58
48,8,44,40,32,50,43,58,63,42,53,16,20,14,1,33,11,0,55,27,52,13,60,45,21,54,7,62,56,2,28,29,4,17,36,37,6,49,41,61,35,34,19,39,10,5,59,38,46,12,25,24,30,3,57,18,23,9,26,47,22,15,31,51
35,57,36,54,42,37,62,49,5,32,43,28,2,46,40,52,12,29,58,1,6,17,25,8,31,16,15,27,61,47,20,19,30,7,34,21,59,22,33,56,45,4,60,44,41,53,55,51,48,3,63,23,13,0,39,14,50,10,11,18,38,24,9,26
41,33,52,7,13,3,44,62,56,11,14,1,17,61,8,4,58,53,32,31,27,36,22,30,10,23,5,63,38,34,12,2,24,51,45,19,35,55,54,21,20,6,48,29,49,60,25,28,16,40,57,59,15,39,0,26,50,18,37,46,42,9,43,47
30,35,53,8,4,31,42,43,18,13,36,46,40,45,61,25,15,37,50,51,38,33,41,1,9,34,28,60,56,59,29,20,62,57,24,12,58,49,19,27,21,0,44,3,63,16,14,47,2,55,10,23,39,48,11,7,5,26,22,32,6,17,54,52
0,18,59,11,15,4,8,26,29,36,28,31,63,9,55,10,43,17,52,53,33,16,62,46,40,45,27,48,23,41,19,7,58,24,3,22,2,47,35,61,13,34,1,14,54,32,21,20,37,50,30,25,51,6,44,57,60,12,49,42,38,39,5,56
1,26,63,28,42,12,55,48,52,16,3,62,39,33,25,7,20,32,60,9,47,11,21,43,56,58,51,6,36,10,29,46,44,18,34,57,53,24,2,27,17,30,45,31,59,22,23,41,5,35,38,37,0,15,61,13,14,50,54,4,49,8,19,40
24,49,10,21,45,53,17,60,30,37,23,46,11,28,20,54,15,31,62,39,43,19,38,63,57,4,2,25,3,1,61,5,14,44,22,32,33,8,7,41,47,48,59,16,42,58,55,9,13,12,40,26,35,50,56,0,51,18,52,27,6,29,36,34
43,35,50,54,26,41,36,8,4,17,29,9,46,47,38,10,11,61,22,32,18,44,59,45,58,7,12,63,19,39,51,0,6,53,25,1,27,3,23,2,15,62,60,31,21,42,30,5,40,49,14,57,13,55,37,24,20,33,28,16,48,52,56,34
17,21,44,5,61,26,39,24,62,18,15,1,28,38,29,37,19,16,10,3,35,23,49,46,22,40,36,31,2,47,57,60,48,53,32,45,13,50,25,52,58,63,43,42,27,41,33,12,11,55,6,34,54,51,30,9,7,59,8,56,0,4,20,14
40,38,52,55,16,59,17,42,43,21,3,33,25,0,27,49,23,63,30,45,24,60,61,29,32,18,7,41,6,34,12,54,53,28,48,47,57,56,35,22,13,44,9,19,5,58,62,14,20,11,46,15,1,2,31,37,10,4,36,50,39,26,51,8
54,3,60,7,40,25,49,37,0,14,35,15,53,16,46,29,1,42,55,17,22,63,43,31,32,52,8,62,50,13,48,19,30,61,34,58,38,23,51,28,11,18,39,57,45,20,12,9,4,5,21,33,44,36,27,2,6,41,24,47,26,59,56,10
29,16,37,60,57,26,9,0,39,10,53,27,2,18,49,23,51,7,35,15,14,59,41,62,48,36,6,21,40,54,5,19,25,30,28,31,8,3,4,1,58,22,47,45,63,42,44,20,24,32,13,12,38,11,43,50,17,33,61,34,55,52,46,56
22,11,33,4,2,52,21,45,5,18,42,19,62,63,16,49,24,36,37,47,59,38,26,3,61,40,57,46,58,20,8,54,9,51,55,28,29,14,50,27,31,15,13,30,0,39,48,23,25,44,56,7,35,6,43,1,32,60,10,34,12,17,53,41
57,34,28,55,15,19,30,0,47,29,22,38,16,12,14,45,49,31,33,43,21,6,44,39,5,53,60,48,41,25,50,11,27,42,63,61,13,40,26,32,46,37,8,3,62,17,36,7,52,1,59,24,10,51,35,18,56,20,58,9,54,2,23,4
46,19,8,12,40,47,51,26,50,61,21,23,33,44,32,36,56,42,6,18,24,5,15,10,48,62,31,1,52,29,4,30,41,13,60,54,39,16,17,9,45,49,3,27,25,20,53,38,55,35,43,0,11,28,14,7,34,63,2,22,57,37,59,58
6,60,34,11,31,63,17,9,56,25,39,58,27,14,13,18,52,54,53,16,30,38,51,5,41,44,40,33,61,8,12,10,2,43,1,26,42,55,62,20,3,47,7,22,59,24,36,4,28,46,48,19,0,37,32,23,21,35,29,57,15,45,49,50
2,56,23,33,10,44,16,25,58,57,36,31,35,43,19,3,20,60,28,0,4,39,52,47,42,34,14,54,17,41,18,24,22,50,7,11,15,37,27,8,12,1,59,13,63,29,32,53,62,55,46,49,45,48,51,9,30,6,5,38,21,40,26,61
27,34,0,3,41,29,22,31,44,15,16,9,6,54,63,1,2,21,11,52,10,38,28,49,55,35,7,30,46,12,24,43,40,60,33,59,61,19,17,4,20,26,37,56,45,42,47,58,23,50,57,8,5,62,51,36,39,25,53,48,18,32,13,14
5,0,63,30,38,2,9,44,48,60,55,33,24,23,17,47,20,45,14,28,62,32,51,22,1,27,8,15,13,7,54,19,21,59,29,34,50,4,58,57,56,42,41,37,39,35,12,46,3,18,25,26,40,36,11,16,49,6,43,10,61,53,31,52
51,19,62,12,16,38,8,15,58,24,52,20,34,49,59,57,4,60,11,23,37,50,42,22,2,0,28,10,29,21,43,9,13,25,61,53,1,48,46,3,36,63,26,33,31,18,47,44,17,14,30,54,5,41,6,7,55,56,39,27,45,32,40,35
12,15,56,58,36,26,61,41,35,54,1,33,53,62,3,25,19,57,40,24,5,37,46,30,6,7,8,42,10,63,29,11,27,39,21,47,18,50,9,13,59,44,52,14,28,45,2,31,23,51,4,38,16,20,17,49,0,43,32,60,48,55,34,22
30,48,1,11,27,10,20,28,26,22,46,14,35,47,7,61,62,6,24,39,12,32,0,9,19,13,34,41,42,33,4,18,50,60,25,57,8,43,59,53,29,21,40,44,45,36,31,17,37,52,38,55,51,49,5,63,23,16,3,15,54,56,58,2
26,2,1,0,48,52,20,28,60,12,40,30,39,58,57,47,62,45,42,6,44,13,22,8,33,49,54,16,7,50,63,51,61,5,41,32,34,59,55,38,25,31,11,36,29,43,53,9,10,24,19,23,18,35,15,46,3,14,17,21,56,4,37,27
28,58,53,48,33,24,36,27,49,43,35,62,46,11,42,2,18,38,4,59,31,3,13,16,26,14,56,21,37,55,30,61,20,39,10,52,40,5,44,50,22,1,51,41,25,29,0,57,34,9,54,63,7,8,12,19,60,6,45,32,47,17,23,15
18,40,21,22,16,48,52,57,3,63,10,41,26,12,13,2,38,25,50,5,61,1,60,36,33,43,54,32,31,58,11,59,14,39,55,35,7,19,6,0,23,46,53,45,27,9,29,30,8,20,17,34,37,24,15,44,56,42,4,28,47,49,51,62
18,60,28,63,52,58,25,11,50,1,54,56,43,53,9,62,15,8,6,16,4,33,2,34,19,37,12,32,39,42,7,21,36,14,40,49,46,29,27,51,48,47,57,45,41,20,22,44,30,10,35,38,61,23,13,3,26,59,24,31,17,5,0,55
0,55,8,24,40,49,59,42,11,46,18,3,25,5,52,43,13,7,14,62,17,10,1,34,20,33,61,37,30,6,36,27,2,31,16,9,22,15,38,19,54,45,50,48,32,58,44,56,35,4,23,21,57,41,51,26,60,63,12,39,53,47,29,28
42,39,11,21,7,48,60,43,17,32,26,45,23,35,9,5,58,3,15,52,2,20,47,31,0,38,57,33,8,41,18,61,22,37,12,30,54,1,63,40,19,29,62,34,6,46,4,27,53,36,50,28,10,24,25,56,16,51,49,59,55,44,13,14
31,63,26,30,20,23,6,12,28,0,10,2,44,37,40,39,41,46,24,60,29,7,3,55,45,51,49,18,1,4,42,21,48,62,25,57,59,11,32,61,50,38,27,43,5,47,22,9,53,36,17,56,34,13,19,16,8,14,58,15,33,52,54,35
12,14,50,52,18,48,16,38,27,19,55,37,45,47,56,6,26,61,2,21,34,42,43,29,31,57,49,22,0,9,39,24,23,4,35,28,7,46,33,60,32,41,53,63,13,62,11,58,8,51,15,59,36,1,44,40,10,54,30,25,20,3,17,5
12,2,56,33,51,9,58,60,10,21,45,5,37,23,31,34,55,4,17,27,49,39,62,32,52,57,42,35,40,46,6,16,18,63,26,54,28,29,1,41,7,14,44,53,36,13,30,25,47,48,50,19,24,22,3,38,61,0,59,15,43,8,20,11
40,28,8,20,7,12,26,6,47,35,24,4,11,17,25,33,55,46,57,30,31,1,22,13,51,18,58,45,56,2,3,60,36,52,49,14,0,15,54,48,37,23,53,44,5,43,39,42,32,50,62,9,27,10,29,59,63,21,16,61,41,38,34,19
45,18,5,13,1,11,41,32,29,20,7,24,61,28,10,2,56,59,63,42,3,6,34,60,58,22,49,48,44,0,31,57,50,23,12,14,36,16,54,30,33,26,52,4,9,38,21,53,43,15,62,47,37,39,55,19,51,27,46,17,25,35,8,40
63,39,59,49,38,8,18,21,23,1,15,34,35,30,53,41,26,48,47,62,60,7,24,0,51,54,27,22,33,42,43,10,58,55,29,13,37,57,32,6,40,20,4,9,12,45,56,14,2,46,16,11,3,31,61,17,44,52,36,5,25,28,50,19
10,53,19,44,3,48,56,49,20,29,14,17,45,34,41,0,55,21,22,52,4,30,7,5,38,46,2,42,36,12,15,31,40,57,63,39,23,58,28,50,35,9,51,60,8,13,54,1,37,18,47,62,33,25,6,61,27,32,26,59,11,16,24,43
1,52,59,34,63,62,36,19,55,32,25,44,61,31,2,41,40,51,14,10,38,22,15,0,20,39,5,43,56,26,45,11,46,17,9,18,29,4,58,13,27,24,60,7,35,37,48,57,21,28,12,30,42,50,54,33,6,23,16,47,8,49,53,3
33,57,36,27,9,39,15,45,21,4,6,11,43,51,63,17,23,8,7,37,40,44,60,18,25,16,29,50,46,30,56,54,14,42,34,19,32,48,61,12,47,52,38,1,41,28,13,5,3,58,59,53,62,22,24,55,10,0,20,31,26,49,35,2
34,57,3,51,52,60,8,18,50,28,45,30,15,2,33,49,25,35,4,55,21,39,26,58,42,46,29,5,54,40,24,61,22,12,31,53,9,44,27,32,1,17,20,48,19,47,6,37,13,23,7,0,56,41,36,11,38,43,10,63,62,14,16,59
35,53,26,31,52,11,0,7,12,62,23,10,48,6,49,24,46,38,54,27,5,41,34,36,21,42,32,56,18,63,2,14,22,39,61,29,3,16,20,17,60,58,51,1,13,15,25,47,9,40,33,57,28,50,43,37,30,8,55,45,19,4,59,44
10,50,51,42,18,52,24,6,5,15,54,39,56,12,63,11,41,38,46,61,53,28,2,37,3,14,16,32,34,43,35,0,55,26,49,60,33,17,7,9,25,1,4,31,47,59,45,13,8,62,58,36,44,27,23,48,20,57,30,19,29,21,40,22
10,51,28,48,12,52,15,17,14,41,54,53,32,43,0,42,13,44,57,34,5,20,56,16,30,49,45,38,40,50,33,62,3,2,55,18,25,8,4,7,58,23,21,6,1,46,19,22,11,63,29,39,61,35,24,9,59,47,36,31,26,60,37,27
49,26,48,56,18,27,59,51,25,43,8,61,9,62,50,54,40,44,22,41,24,4,52,35,32,33,55,15,17,11,19,1,6,31,12,2,29,46,0,14,3,57,30,34,39,47,5,21,38,45,36,23,53,60,58,20,7,13,42,37,10,63,16,28
60,34,31,46,54,49,36,32,2,27,58,51,39,52,23,19,1,14,18,20,28,53,16,48,50,62,63,12,38,44,26,8,37,61,56,30,29,22,57,7,13,43,6,5,24,42,59,55,10,11,40,4,3,47,0,21,41,9,15,45,25,17,33,35
25,40,9,30,2,13,6,62,31,36,39,45,63,7,47,50,43,5,4,46,51,33,34,32,54,10,18,23,15,56,57,52,12,59,37,58,35,24,29,26,20,17,1,44,48,61,55,41,49,38,42,27,19,0,3,22,11,8,60,14,28,16,21,53
20,60,38,41,48,45,1,46,14,3,31,40,8,56,11,18,4,29,21,0,7,54,42,34,55,19,30,57,62,13,39,5,9,2,28,10,27,61,25,59,63,26,50,43,44,37,12,24,49,47,23,51,17,36,58,15,6,53,35,52,22,32,33,16
20,62,11,25,0,27,50,40,26,44,41,63,34,12,36,32,17,58,51,33,60,18,30,59,15,10,56,9,35,52,8,43,1,7,16,49,28,23,29,45,24,5,42,54,19,38,31,48,46,13,53,55,4,21,6,2,39,47,37,14,57,61,3,22
59,51,35,45,39,57,56,42,32,26,29,43,55,30,15,62,0,8,44,40,6,24,50,21,11,25,37,13,49,12,16,33,5,41,1,2,19,22,54,3,23,48,60,47,53,7,52,61,10,63,31,14,17,58,28,46,18,27,4,38,36,20,34,9
39,29,54,44,3,37,32,30,18,9,38,33,48,49,10,34,47,21,8,19,11,35,1,56,58,42,40,25,55,31,52,43,5,17,23,51,61,0,27,62,28,20,46,12,15,45,63,50,57,13,6,53,41,36,14,22,2,26,16,24,4,7,59,60
10,43,19,54,35,13,3,55,8,46,33,63,38,50,18,1,31,28,21,25,30,24,51,0,37,22,57,56,27,6,34,20,15,9,45,58,32,49,48,2,29,17,16,60,23,7,47,44,53,41,40,52,42,59,39,11,12,61,14,26,5,4,36,62
32,1,10,58,55,53,62,37,15,26,21,39,51,38,24,14,4,57,9,3,43,42,2,47,52,60,31,6,41,40,23,35,12,56,16,61,45,54,17,63,59,27,48,25,46,30,5,0,22,11,49,18,28,36,44,29,8,7,20,19,33,34,50,13
10,17,26,21,36,8,32,12,22,30,45,14,20,48,38,4,58,23,9,61,55,16,3,18,49,33,57,28,39,47,35,54,25,2,41,27,19,60,62,15,52,37,11,29,59,63,5,31,34,50,42,24,0,44,51,13,40,46,43,6,1,53,7,56
22,37,19,28,27,4,44,38,8,10,14,43,25,55,58,45,47,60,41,36,21,59,23,0,46,18,12,56,30,11,3,54,34,13,20,5,49,35,52,63,57,31,50,24,2,16,29,17,51,61,26,7,42,62,6,39,48,40,1,53,15,33,9,32
18,20,56,40,55,21,27,37,12,61,47,59,5,17,24,25,52,58,14,16,48,7,44,13,51,57,35,0,36,1,43,53,33,42,9,10,45,4,41,31,6,11,32,63,15,19,39,8,3,26,2,46,62,29,38,49,34,28,23,22,50,60,30,54
55,1,40,56,3,43,34,31,6,11,30,61,20,47,13,54,37,60,26,19,8,5,9,32,45,62,2,0,51,57,49,23,12,50,33,4,27,41,7,15,25,46,28,14,58,22,17,36,38,39,52,18,16,63,53,48,59,35,21,44,42,29,24,10
17,62,11,63,42,7,10,24,18,25,29,9,16,39,1,27,36,35,40,56,3,22,8,19,50,15,6,33,5,48,44,28,30,61,13,47,14,51,37,26,43,4,60,46,38,12,58,34,55,53,54,2,20,59,21,31,0,41,23,45,49,57,52,32
36,46,34,23,10,8,29,24,44,47,58,51,50,39,19,4,2,20,54,57,59,28,32,63,48,11,61,37,16,21,41,17,9,38,53,52,27,22,62,14,55,40,30,56,18,5,25,7,35,45,15,13,43,3,0,26,1,60,49,42,33,12,31,6
19,50,5,52,49,33,28,13,44,41,1,35,26,29,48,43,55,27,45,0,54,53,21,37,15,40,24,60,61,51,30,57,11,56,47,38,59,17,6,23,4,62,36,20,63,16,31,12,34,2,22,42,32,3,9,10,25,8,46,14,39,18,7,58
19,56,23,28,42,21,6,10,7,49,44,45,24,18,59,13,62,54,33,47,36,17,11,26,38,22,37,8,63,15,39,32,60,34,61,20,53,48,43,40,52,46,31,14,9,41,58,57,4,27,12,3,1,5,30,0,55,16,25,29,35,50,2,51
56,8,60,1,42,58,48,35,52,37,47,27,7,36,12,46,11,18,39,30,13,44,34,6,16,14,40,33,0,3,51,22,10,61,26,55,24,5,49,4,25,38,45,9,2,59,21,57,54,43,15,41,23,32,20,19,29,53,28,62,17,50,63,31
44,29,60,18,38,48,36,14,7,50,54,6,33,5,39,11,10,63,15,51,28,34,25,49,61,62,27,21,37,16,32,47,12,30,43,53,41,46,13,23,22,40,0,4,8,17,59,2,24,19,31,9,3,55,57,52,45,1,42,20,35,26,58,56
45,14,5,47,26,25,58,40,1,55,23,46,11,50,60,62,48,32,59,43,15,34,27,10,29,20,21,42,57,28,30,3,35,19,61,54,38,63,39,17,16,7,12,18,24,6,53,33,0,8,49,4,2,31,51,56,9,41,37,44,52,36,22,13
37,41,1,26,28,2,62,24,19,49,43,33,15,60,35,7,54,47,29,38,20,9,32,16,58,40,0,63,44,21,27,52,42,36,30,50,34,48,14,5,10,59,17,53,51,61,56,23,3,55,31,57,12,18,13,6,11,39,22,45,8,46,4,25
13,26,14,54,36,45,62,58,57,40,10,37,27,44,53,22,52,46,7,1,17,23,29,38,55,6,4,39,5,47,9,25,31,59,19,35,41,42,15,11,2,63,12,21,3,51,28,16,60,32,34,18,24,61,30,20,49,0,43,8,56,33,48,50
5,36,34,8,20,30,41,10,40,35,26,48,2,17,13,50,42,37,33,15,11,31,19,47,23,28,61,39,57,21,32,1,0,18,43,45,59,22,53,3,46,14,49,44,54,62,29,56,6,52,12,60,27,51,24,38,58,25,7,9,4,55,63,16
8,3,32,59,61,33,42,34,10,62,2,39,14,23,36,45,11,12,30,55,53,48,15,28,52,4,56,57,0,35,19,21,18,44,1,7,54,26,16,9,25,22,6,38,46,31,47,41,49,24,5,37,27,17,63,50,60,13,29,58,51,40,20,43
2,18,4,46,13,39,33,60,30,24,42,36,22,41,7,34,40,61,3,37,38,63,50,11,62,49,23,19,57,8,1,21,17,0,47,5,6,56,31,12,15,54,51,16,27,43,58,55,26,35,32,44,52,48,29,59,9,25,20,45,53,28,10,14
3,24,51,6,26,39,27,60,54,57,55,59,58,41,28,4,31,46,50,14,34,22,45,1,36,47,9,62,63,38,35,23,37,5,25,2,56,21,15,13,32,0,42,61,16,33,18,20,43,30,52,44,8,40,11,17,49,7,12,53,19,48,29,10
1,59,23,13,33,26,9,0,36,32,49,38,57,31,42,6,61,45,22,62,24,53,4,47,5,2,11,20,28,50,40,46,35,56,12,44,19,63,18,14,58,37,7,21,16,55,54,43,52,25,39,10,41,34,15,30,51,3,60,17,8,27,29,48
11,20,40,47,19,51,53,41,22,39,49,45,30,4,29,32,48,57,21,16,17,23,35,15,0,59,26,55,28,14,31,10,33,5,58,62,37,24,27,43,1,2,42,12,7,63,18,61,25,44,46,50,36,54,8,38,56,60,3,6,13,34,52,9
47,55,42,58,12,6,45,40,22,3,61,50,13,30,54,17,39,37,5,0,10,23,7,18,52,48,51,59,26,44,28,46,21,60,53,38,56,31,49,36,14,19,63,35,16,24,57,9,20,15,32,25,34,8,41,33,2,11,43,1,29,27,4,62
15,55,50,4,9,60,54,52,22,19,31,28,63,14,37,34,6,56,11,10,2,40,5,42,53,0,33,48,57,18,45,38,24,25,21,61,7,20,23,58,39,17,59,27,16,30,1,3,8,43,13,29,12,36,35,49,41,44,47,26,46,62,32,51
57,38,61,50,33,41,40,47,19,43,16,25,36,4,63,29,60,6,18,13,48,45,31,7,44,12,21,8,46,59,28,10,9,54,42,0,14,22,32,26,52,49,27,17,34,58,39,1,23,56,2,55,37,62,11,5,24,15,51,53,3,30,20,35
41,52,57,61,48,2,53,35,28,29,20,5,14,39,23,30,26,56,17,25,11,16,54,49,32,34,44,3,42,18,19,40,12,6,27,7,15,33,22,31,9,51,10,38,58,37,36,8,60,4,1,46,59,24,63,21,45,50,62,0,43,13,47,55
53,35,54,55,25,21,16,11,58,10,33,0,50,39,2,63,23,13,46,7,9,37,57,1,52,4,47,18,8,30,51,12,44,49,27,32,15,22,17,43,42,40,6,38,14,34,28,26,41,60,31,29,56,20,45,3,36,24,59,19,62,48,5,61
5,21,6,35,42,16,40,3,50,36,58,25,52,61,38,39,15,54,57,60,43,49,46,33,23,14,44,31,2,9,30,1,7,29,32,34,28,11,27,12,8,53,41,22,10,47,56,55,48,4,63,18,59,20,17,51,19,45,24,62,26,13,37,0
61,31,6,28,12,60,27,39,62,40,33,38,55,41,19,25,48,13,32,22,2,10,44,30,35,29,45,57,8,46,43,26,11,3,51,36,53,56,58,9,17,47,0,20,59,54,50,7,37,15,34,5,16,21,14,24,42,63,4,23,1,52,49,18
45,13,56,17,43,0,20,32,7,25,42,35,30,62,6,59,24,15,29,63,18,27,28,38,33,14,22,55,47,26,46,49,53,10,44,19,16,5,21,39,2,41,61,36,37,3,58,52,50,54,23,60,11,31,48,40,8,34,51,9,12,1,57,4
21,49,30,55,38,41,47,5,52,25,51,4,2,53,32,61,44,3,54,43,14,10,45,50,12,63,46,0,31,27,36,23,34,20,15,19,58,59,60,13,42,40,17,18,62,56,39,9,48,1,24,57,29,16,8,33,6,26,22,37,28,35,7,11
39,3,28,43,18,6,45,63,47,40,38,9,17,52,31,62,42,27,7,1,29,57,11,59,49,26,34,16,44,54,19,35,15,46,0,41,10,32,55,60,12,61,13,53,48,5,58,33,21,14,37,36,4,24,25,22,20,2,8,30,56,50,51,23
6,38,42,3,17,32,14,28,15,20,27,25,61,11,49,29,45,16,44,19,47,53,59,4,18,46,50,40,58,51,23,30,10,31,26,43,21,33,9,48,54,60,13,57,12,22,56,39,36,7,2,62,24,5,35,0,41,37,8,34,1,52,55,63
42,54,31,39,49,33,48,38,46,20,24,4,12,23,10,13,47,29,45,19,55,35,40,56,62,37,58,41,43,53,8,16,34,9,28,21,0,27,59,22,52,60,6,15,3,7,44,11,26,36,5,63,32,50,1,57,14,18,25,61,2,51,17,30
27,11,10,55,13,38,41,8,51,48,28,29,44,53,9,46,36,45,15,49,6,23,19,18,34,14,39,16,30,42,12,50,43,40,52,62,25,26,59,61,54,63,17,60,32,57,31,5,4,37,3,47,2,24,56,58,35,20,22,1,21,7,0,33
17,20,51,28,32,37,1,35,42,11,49,43,54,21,23,31,27,29,13,60,6,26,2,41,15,7,46,8,34,0,39,40,38,24,62,12,57,18,19,22,56,25,4,55,48,58,30,5,50,45,63,14,3,36,33,16,47,10,9,59,61,44,52,53
46,31,2,47,56,36,53,23,18,12,26,60,10,13,38,3,15,43,49,8,42,57,11,30,33,28,9,35,32,48,51,4,54,55,62,17,21,59,7,40,37,6,52,44,61,0,45,22,16,34,50,25,24,58,20,29,41,19,5,27,63,14,1,39
18,7,44,62,21,32,39,6,60,47,31,45,17,11,0,54,59,38,27,5,25,48,57,2,37,4,63,43,52,30,53,19,61,50,16,22,40,10,13,34,56,26,36,20,41,49,58,15,23,12,14,1,24,28,46,29,3,51,55,9,33,8,42,35
27,6,7,49,34,13,1,20,40,25,47,48,55,42,33,16,54,19,53,41,29,3,12,24,14,56,15,5,62,11,35,36,8,39,63,22,21,37,61,57,30,28,4,26,46,44,17,31,2,58,23,9,43,0,60,52,38,51,10,32,45,59,50,18
48,36,7,41,32,54,29,24,63,40,1,60,30,12,17,22,4,43,49,33,26,57,35,44,42,58,13,62,46,8,11,2,51,3,37,50,38,27,18,20,39,9,25,21,55,31,5,16,28,23,45,61,14,47,56,10,15,59,52,19,34,53,0,6
35,3,29,31,6,55,43,11,2,27,38,40,22,30,19,34,39,62,16,54,47,60,25,46,50,17,45,7,13,15,33,63,5,37,23,58,44,26,14,10,36,12,21,53,56,0,20,24,48,61,49,59,18,9,28,4,8,51,42,41,52,57,32,1
3,44,10,35,9,6,2,26,57,56,60,54,1,39,41,0,38,17,27,58,8,23,55,19,31,52,32,24,40,33,30,22,16,50,46,29,48,63,20,62,42,43,7,11,36,12,59,28,25,47,5,51,61,37,15,4,34,45,14,18,53,13,49,21
57,45,36,32,9,43,55,8,10,46,38,3,50,20,33,42,60,47,31,19,59,24,25,34,62,41,22,13,37,0,54,12,27,26,1,14,40,2,7,18,53,16,58,11,4,44,6,29,17,52,51,21,15,63,23,39,5,56,28,61,48,30,35,49
10,6,25,8,0,61,19,52,1,39,17,31,54,63,2,3,15,21,37,57,48,35,51,24,22,23,42,30,53,20,58,60,26,36,43,29,62,50,7,47,38,12,32,9,33,41,5,11,56,44,46,59,34,18,55,45,14,4,27,28,16,13,49,40
38,37,52,55,0,10,35,3,36,34,4,19,8,2,46,29,17,54,45,11,15,26,62,41,30,48,44,51,49,57,61,50,53,22,31,9,28,43,24,20,14,47,58,63,23,16,7,33,13,39,21,5,56,42,27,25,59,6,12,60,32,18,40,1
29,58,28,36,2,60,49,20,33,21,23,31,3,16,6,50,61,37,38,54,12,51,24,62,22,53,52,43,19,42,4,46,9,55,56,10,8,48,63,39,40,1,34,44,35,15,11,18,45,32,7,41,17,27,57,0,59,5,30,14,47,25,26,13
56,52,58,53,62,40,10,18,61,4,51,25,16,31,55,63,20,33,35,28,1,21,43,9,8,0,7,45,38,59,47,12,26,5,44,41,14,54,50,39,57,29,24,13,3,46,22,11,17,34,6,19,49,36,2,30,60,27,37,32,15,23,48,42
58,26,24,25,38,62,11,18,36,56,37,16,54,41,3,4,52,34,22,5,48,53,6,30,9,14,51,29,60,63,32,19,27,50,28,40,31,33,61,39,55,35,0,43,7,13,21,10,17,57,47,59,49,45,15,42,46,12,8,23,1,20,2,44
28,15,3,38,42,16,30,54,48,32,36,21,33,11,40,50,8,31,55,47,51,52,12,14,9,44,45,2,23,17,58,27,63,18,53,61,56,57,1,49,39,60,34,59,24,46,5,13,10,7,29,26,41,35,43,37,4,19,6,22,62,0,25,20
19,9,56,41,29,17,1,35,0,8,54,3,11,52,4,53,44,63,23,32,20,48,36,25,46,55,14,15,47,45,26,38,30,59,33,57,31,12,34,7,58,21,39,28,43,61,13,60,27,42,51,49,16,2,22,18,37,5,6,50,10,62,24,40
39,33,48,29,52,45,37,31,6,58,55,54,4,5,8,34,7,36,51,14,22,9,28,21,11,53,26,35,50,27,57,20,10,19,38,12,17,63,23,32,59,2,44,56,41,16,61,47,25,30,18,60,42,15,46,62,24,1,0,13,49,43,40,3
47,43,3,44,54,15,34,38,20,62,49,37,13,18,29,40,28,57,4,55,53,39,56,11,16,52,33,14,59,26,36,30,24,1,2,46,60,10,58,7,21,51,9,12,42,61,6,22,0,41,17,35,8,5,50,27,23,32,31,48,19,45,63,25
43,22,9,14,58,37,62,8,45,13,54,26,44,42,15,27,4,7,25,3,20,39,34,29,31,52,11,46,0,16,24,30,5,40,2,19,41,38,49,32,36,6,12,47,35,48,28,33,10,61,50,55,63,51,57,56,1,60,59,21,17,23,53,18
2,61,30,44,17,53,41,22,49,62,40,6,7,24,48,46,33,59,50,42,1,31,16,56,9,15,21,37,45,34,10,27,3,11,39,4,54,19,0,25,63,58,13,14,43,32,26,47,35,28,51,12,18,36,60,57,5,20,29,23,38,8,55,52
47,18,29,11,45,3,0,4,61,34,21,52,9,60,5,43,30,57,24,54,38,14,58,27,6,63,19,44,37,48,40,12,25,49,15,36,55,20,53,39,22,23,13,26,2,35,8,17,7,50,56,51,46,32,33,59,41,62,31,10,28,16,42,1
28,19,39,11,2,20,35,33,10,31,63,6,54,37,25,24,48,52,32,13,51,17,12,41,55,53,29,42,59,9,30,18,36,15,57,27,50,56,62,16,44,1,5,61,8,7,49,46,3,45,23,34,22,4,40,58,14,0,60,47,21,43,26,38
34,19,22,37,6,25,51,49,27,63,48,31,13,36,23,28,39,14,10,18,7,50,42,47,45,43,59,58,33,32,11,56,61,1,53,40,62,41,15,54,38,26,9,55,44,5,3,46,20,8,0,2,30,4,24,29,17,12,21,16,52,60,35,57
33,12,56,38,26,16,61,13,4,55,51,25,40,24,27,59,29,52,17,18,35,60,5,53,1,19,49,3,63,47,37,45,6,30,11,0,57,46,39,15,43,42,62,8,21,41,14,50,23,36,48,34,31,54,44,9,28,20,32,22,7,58,2,10
3,20,62,48,2,53,54,16,46,50,12,51,7,61,18,58,30,49,52,29,63,17,42,34,15,45,40,23,6,1,43,13,21,57,0,11,9,32,38,36,39,41,25,37,22,35,33,24,59,26,14,55,4,56,60,27,31,5,47,19,28,10,44,8
30,7,10,59,41,4,15,8,1,51,43,60,24,0,58,17,26,42,9,12,44,20,54,5,45,11,38,22,21,32,31,55,34,14,13,23,40,52,61,2,25,48,3,47,18,35,49,6,63,33,19,27,53,36,56,57,28,39,46,37,16,62,29,50
3,46,4,36,56,13,0,41,23,14,20,43,40,12,54,59,25,52,26,30,17,16,7,45,5,39,49,2,9,18,27,50,15,61,21,33,57,51,47,31,34,63,22,1,35,42,19,53,8,62,38,11,37,6,55,29,44,24,10,58,32,48,60,28
7,36,26,58,17,57,10,25,46,56,29,18,1,27,50,40,61,13,55,9,6,28,53,39,19,0,47,52,4,37,12,15,44,2,41,20,30,51,45,5,33,35,11,31,21,48,8,62,32,59,49,23,34,24,3,14,38,60,54,43,63,16,42,22
11,32,3,7,19,5,15,2,24,37,53,43,0,18,1,27,20,10,31,34,49,44,29,58,39,38,14,33,25,42,57,9,6,61,4,17,30,63,60,35,56,41,36,47,21,45,22,13,46,50,28,40,62,55,16,51,23,8,26,52,12,48,59,54
38,31,37,62,14,11,45,60,0,50,4,24,46,29,35,49,57,54,12,43,27,33,23,56,41,3,63,44,26,53,7,8,19,9,1,18,39,61,20,36,5,55,15,10,47,6,13,40,22,30,59,52,48,32,16,58,34,25,28,51,17,21,2,42
62,49,15,21,40,60,19,1,20,51,0,24,11,13,26,18,48,42,16,57,61,45,7,50,36,31,14,32,28,29,34,33,43,59,22,46,17,55,25,35,23,38,41,27,47,2,54,63,58,9,12,39,30,44,53,56,37,52,3,8,6,10,4,5
31,7,10,50,56,52,59,25,63,55,12,0,19,15,24,57,53,40,42,48,9,38,27,62,34,37,39,23,22,43,54,6,45,41,17,16,26,5,18,2,46,61,3,20,14,51,32,1,30,11,35,29,49,60,13,58,47,4,21,8,44,33,36,28
63,29,33,58,27,21,31,45,2,37,1,51,17,8,35,11,60,20,5,12,43,7,28,55,56,4,22,26,25,41,19,23,52,61,57,46,34,53,14,9,3,36,16,18,30,62,44,50,0,10,59,54,47,49,48,15,38,6,13,40,39,32,42,24
50,60,32,22,14,47,17,45,53,28,1,44,29,19,43,36,37,7,58,6,9,61,30,38,35,49,63,48,13,62,56,16,23,15,8,0,20,34,59,55,40,52,18,27,11,57,26,3,46,24,51,25,4,5,10,21,42,39,54,41,33,31,2,12
46,28,13,38,5,12,20,6,14,16,42,3,50,17,54,59,4,30,21,37,47,57,40,53,23,34,56,41,29,33,32,31,44,48,58,62,27,11,55,7,51,61,24,52,1,45,49,8,36,15,9,39,2,26,0,19,60,35,63,43,18,22,25,10
16,9,19,1,3,25,40,20,8,60,50,63,5,58,29,54,61,14,26,48,21,22,17,34,46,39,62,49,10,43,32,42,59,56,53,18,12,33,45,38,37,4,41,27,35,31,6,55,11,2,23,47,24,52,57,51,28,13,30,15,44,36,0,7
20,2,39,61,25,22,53,51,49,9,42,47,45,40,63,60,12,8,44,56,33,41,1,46,34,5,55,11,23,21,6,13,18,27,31,35,50,28,32,54,59,48,52,7,36,19,10,58,14,15,30,62,17,26,57,4,37,0,3,29,43,16,24,38
36,11,47,57,52,32,12,58,23,6,26,60,3,4,46,24,44,42,28,9,53,29,18,49,56,1,15,21,34,13,19,2,63,62,33,27,30,59,7,55,14,20,43,5,17,8,35,0,40,50,41,45,10,22,16,61,51,25,38,37,54,31,48,39
47,58,29,20,28,41,45,63,57,54,25,61,16,11,2,24,14,38,12,4,34,39,10,56,42,37,32,40,13,30,31,6,33,22,23,1,5,26,27,48,17,35,52,53,7,44,60,18,62,21,51,36,8,50,59,46,0,15,9,3,43,19,49,55
28,13,44,32,51,15,6,21,39,47,4,27,40,30,53,29,41,60,35,52,62,8,58,22,59,38,9,10,55,1,0,7,46,31,2,26,56,20,54,49,17,19,23,11,18,24,16,50,42,3,14,33,43,34,37,36,48,45,25,63,61,57,5,12
43,46,35,17,21,20,48,60,19,31,63,15,37,39,9,47,1,24,49,16,22,54,29,53,7,12,58,6,51,10,56,30,55,26,50,62,13,14,34,42,38,45,4,41,32,61,3,2,8,11,36,27,5,28,40,25,44,52,23,18,33,57,0,59
50,47,36,49,31,2,15,43,7,10,5,54,60,13,14,46,63,24,17,37,20,40,19,6,38,9,21,25,0,3,62,1,55,11,23,27,8,18,44,45,35,41,33,29,28,52,51,57,32,34,39,61,53,22,26,4,30,16,58,42,56,12,48,59
61,37,63,49,14,2,38,52,45,7,18,36,13,58,62,55,51,42,9,56,57,11,32,1,22,30,27,12,33,26,0,29,20,31,4,28,54,23,24,16,19,48,3,60,53,6,25,5,8,41,34,15,39,10,35,59,43,50,46,44,47,21,40,17
31,36,43,7,0,51,18,10,22,38,35,47,8,53,20,46,12,58,27,24,56,14,16,29,21,9,48,34,26,32,15,37,6,44,55,3,59,41,39,52,13,61,17,42,54,28,63,60,23,49,1,57,40,45,50,4,25,33,2,11,19,5,62,30
45,59,63,44,48,36,0,52,21,20,41,12,19,50,29,2,24,10,1,40,23,17,22,47,33,61,32,54,38,31,37,49,14,39,60,30,16,58,25,51,62,8,55,7,43,26,42,13,57,56,3,46,4,18,5,15,11,9,6,34,27,28,35,53
63,27,12,48,47,53,9,60,3,31,6,19,41,30,52,43,51,40,34,22,0,59,23,49,15,36,44,20,37,25,50,45,35,32,29,39,28,58,38,10,61,55,7,21,4,1,57,46,11,54,56,8,18,16,42,62,24,13,2,14,5,33,26,17
34,9,59,2,61,54,24,18,41,62,10,56,60,42,33,7,51,0,17,23,63,22,45,32,50,35,39,20,25,49,44,52,6,47,1,37,48,11,28,53,15,21,16,19,26,4,27,3,36,58,30,12,55,57,38,31,14,5,8,43,13,46,40,29
9,21,11,13,43,60,5,48,41,29,39,55,53,12,34,31,17,22,0,42,36,44,45,3,33,24,16,26,56,4,35,18,1,2,8,58,51,7,14,63,25,20,10,37,57,6,46,50,27,38,49,30,28,47,19,54,15,52,62,40,59,61,32,23
38,61,9,30,62,37,41,32,48,52,57,8,54,28,15,46,0,40,45,18,35,3,22,49,20,7,24,14,29,21,27,19,17,43,51,39,47,44,12,5,55,59,2,63,50,1,33,60,16,6,42,58,10,13,26,56,53,4,23,31,34,25,36,11
24,29,8,56,37,18,63,39,16,5,44,31,28,23,22,36,34,10,41,57,52,17,7,53,60,62,21,25,4,19,1,46,0,45,20,43,47,61,59,6,3,54,2,50,15,26,32,40,9,35,11,33,30,49,42,13,48,27,55,58,12,14,51,38
17,35,6,59,23,45,34,25,44,18,28,13,32,49,2,62,8,27,63,54,42,51,46,31,7,33,60,9,22,12,38,14,36,57,0,11,41,39,37,56,19,5,30,3,58,53,1,29,21,26,52,48,55,24,40,61,4,15,20,16,47,10,43,50
43,44,13,18,51,58,47,31,12,37,10,62,26,38,8,21,29,7,28,49,45,6,61,33,2,9,57,11,32,3,60,17,55,36,25,20,46,27,42,23,30,39,15,14,19,59,16,54,63,52,53,41,4,48,40,56,35,1,0,22,34,50,5,24
39,3,42,13,8,32,37,36,19,58,46,44,48,30,4,27,33,49,63,21,6,28,23,10,5,26,41,50,62,53,20,15,60,40,7,55,35,1,11,51,29,25,54,45,12,31,57,18,16,34,61,2,38,22,56,17,47,24,52,14,0,43,59,9
36,4,1,50,26,54,24,27,25,8,18,0,40,2,32,20,42,56,52,47,59,31,3,45,10,44,61,23,19,49,11,12,41,28,14,46,6,17,29,9,5,60,39,43,38,16,30,48,15,13,55,53,62,37,34,22,57,7,51,35,21,58,63,33
22,7,15,2,50,34,16,42,33,12,31,5,13,10,63,1,47,23,30,0,43,44,25,56,19,36,18,14,38,9,55,48,29,45,41,6,58,51,26,28,49,53,35,40,21,62,60,32,54,37,17,57,39,8,3,59,4,52,46,61,20,24,27,11
7,41,51,30,22,54,4,31,53,24,48,55,43,9,38,15,49,63,40,2,0,44,39,11,57,17,60,29,52,50,35,32,36,18,34,5,10,6,13,58,59,62,19,61,47,46,28,37,1,26,14,20,56,45,27,33,16,21,12,25,42,8,23,3
3,51,47,62,46,39,10,33,54,50,25,0,26,52,9,2,6,23,36,12,1,37,27,58,28,24,8,44,5,57,13,55,59,14,63,31,34,18,53,30,41,60,16,32,56,38,40,48,11,42,43,45,21,4,17,35,49,61,22,29,7,19,20,15
13,56,4,52,50,44,19,62,9,2,33,32,11,15,58,26,36,51,53,41,30,47,8,60,34,27,61,5,0,40,17,43,21,35,6,39,28,3,20,37,23,49,31,25,48,38,16,63,14,7,10,54,24,55,45,59,12,22,18,57,29,1,46,42
50,30,23,51,45,14,59,38,42,6,56,19,49,4,5,29,63,54,62,61,11,60,1,58,43,52,53,18,34,22,13,44,10,24,17,25,46,0,8,33,15,2,3,12,16,7,28,27,26,40,39,9,37,35,32,55,20,36,31,48,57,21,47,41
32,22,37,55,62,40,26,3,47,16,59,53,8,7,9,30,14,5,27,10,20,12,63,60,29,18,4,51,31,41,36,17,33,6,58,44,39,2,48,49,45,13,52,1,57,43,61,35,34,46,50,19,54,24,42,23,38,21,25,15,11,28,56,0
63,7,9,28,18,11,43,35,31,23,44,49,21,51,61,29,37,17,24,56,47,58,12,62,2,60,25,26,6,34,41,19,32,20,42,22,59,46,36,50,45,30,15,33,14,48,13,40,16,3,8,4,52,0,5,38,55,39,57,10,27,1,54,53
50,62,34,39,11,60,43,53,38,27,29,15,17,61,9,44,18,59,30,5,32,16,0,33,22,7,31,55,10,19,41,35,54,36,1,51,28,37,12,24,26,45,25,4,13,52,20,14,3,6,48,21,46,42,57,49,56,23,58,63,47,8,40,2
39,46,11,38,55,37,33,10,36,35,51,6,62,61,34,43,40,30,5,45,22,1,42,20,29,9,60,59,0,17,24,25,58,47,21,7,48,23,49,57,15,32,26,56,41,3,4,18,50,8,14,63,52,13,19,28,53,16,12,54,31,44,2,27
11,1,34,13,2,38,6,18,26,21,59,62,20,33,19,37,32,55,43,57,46,63,14,30,54,48,25,24,3,0,39,36,27,15,29,9,17,58,56,51,5,49,40,47,35,12,41,44,28,10,61,42,31,45,50,52,60,22,16,23,7,53,4,8
55,18,6,38,1,21,15,27,13,11,16,3,10,2,29,34,48,28,19,20,26,32,60,14,17,42,40,52,24,30,58,50,62,12,36,37,51,61,4,0,8,47,54,23,44,56,31,46,43,57,35,39,9,5,7,45,41,63,49,25,53,59,33,22
26,62,22,23,1,46,50,10,52,40,42,30,49,13,59,5,6,33,7,56,60,28,54,48,0,57,51,34,15,29,45,37,20,19,8,21,55,39,44,35,58,25,27,63,14,16,2,4,53,47,17,12,11,3,24,38,36,9,18,43,41,31,32,61
56,28,4,33,23,52,1,12,35,5,43,45,54,9,60,3,42,49,37,15,61,59,47,40,41,48,13,14,0,6,24,46,44,58,20,11,57,50,29,53,18,51,32,19,16,8,2,25,17,30,7,10,39,63,31,62,34,22,55,36,21,26,38,27
19,33,47,14,27,61,46,37,34,36,8,21,38,42,29,45,62,56,51,26,17,11,57,3,15,35,25,13,55,20,49,54,5,43,0,30,7,32,6,40,4,10,12,58,16,23,53,1,50,41,24,39,18,28,52,59,48,60,31,2,9,44,63,22
11,33,3,41,36,51,9,34,39,29,63,46,16,20,4,28,40,5,10,59,48,30,32,17,43,6,8,38,25,27,18,19,26,14,31,61,60,42,35,57,50,45,55,62,58,15,12,49,56,37,52,13,2,47,23,44,53,7,24,0,1,21,54,22
62,18,34,1,19,38,31,52,23,48,15,43,26,29,10,30,24,63,54,28,0,61,12,6,40,27,7,41,25,13,56,49,11,5,39,35,58,9,33,46,8,22,14,45,20,57,47,53,32,44,2,60,4,50,55,17,42,51,3,59,21,37,36,16
1,26,4,44,32,12,25,47,49,3,8,46,53,10,43,5,61,27,54,45,14,37,55,30,62,16,56,18,23,6,63,17,24,33,11,42,51,60,58,35,41,7,34,52,59,2,29,31,57,38,15,19,20,50,21,36,39,9,48,22,0,40,28,13
48,45,42,27,47,52,31,22,28,62,53,2,60,15,37,33,11,14,19,10,34,46,55,16,20,12,32,25,51,56,57,26,50,1,30,36,35,17,44,49,21,58,61,5,23,59,6,8,13,24,63,43,40,4,38,18,54,41,0,9,39,3,29,7
56,21,44,11,33,28,37,62,5,16,25,45,36,3,30,19,17,39,26,4,9,15,24,48,51,47,54,7,57,61,63,55,52,35,43,18,34,50,32,60,8,59,2,41,27,13,58,10,49,22,12,1,6,31,14,38,53,40,42,0,20,46,23,29
57,13,12,11,37,10,51,7,63,8,39,59,6,5,55,62,21,1,41,45,17,15,52,25,48,42,43,54,32,27,2,0,9,4,50,44,38,34,35,24,3,47,60,14,28,19,22,53,46,36,58,40,29,61,20,18,49,30,16,23,26,56,33,31
54,4,46,10,26,23,51,58,35,57,40,34,62,24,21,17,30,8,29,52,42,13,37,19,36,56,3,5,9,15,12,61,7,27,50,14,25,31,28,16,41,1,6,32,55,22,45,0,49,44,47,53,18,60,38,20,59,33,2,39,63,48,11,43
39,34,21,28,32,1,44,10,49,20,26,4,55,18,6,42,23,8,5,43,9,2,40,35,48,17,31,19,57,61,25,11,7,15,14,29,56,0,22,63,46,60,47,30,24,62,13,53,37,50,52,3,58,54,41,59,45,27,33,51,12,38,36,16
51,9,8,14,41,48,52,19,45,11,21,55,61,24,3,7,1,35,4,16,50,40,6,56,38,62,28,63,18,31,49,54,29,15,17,42,46,47,53,26,30,43,59,36,37,2,39,25,32,34,5,20,57,0,58,27,12,22,44,23,33,10,13,60
16,56,34,19,58,36,51,7,15,26,23,27,61,53,54,1,11,50,55,37,40,24,22,30,62,25,39,35,52,13,28,18,9,4,42,63,45,46,3,38,10,14,8,47,59,43,31,41,49,33,44,20,60,0,29,2,48,6,17,57,5,21,32,12
47,55,4,33,34,53,41,17,26,21,36,20,0,63,32,50,24,29,18,31,19,40,5,35,42,13,23,57,6,12,11,37,15,16,59,58,9,45,22,3,56,7,48,8,51,27,10,1,62,46,28,2,14,61,30,25,38,39,54,43,60,52,44,49
48,11,53,2,61,55,52,47,5,36,62,19,30,50,46,18,63,33,57,41,44,59,16,3,25,31,49,29,26,39,58,8,37,34,56,0,32,6,1,27,15,17,40,9,4,23,12,24,60,10,54,20,21,35,51,22,28,43,45,13,14,42,38,7
23,10,34,61,62,26,11,21,14,28,56,58,43,49,16,2,22,41,35,53,63,51,31,27,7,48,47,44,18,39,30,19,32,38,52,42,60,1,33,3,36,0,55,45,20,54,4,59,57,8,46,15,12,6,13,24,50,29,25,40,9,5,17,37
3,10,30,29,52,48,50,62,46,45,41,38,12,40,35,25,56,53,5,32,44,49,22,47,28,42,60,4,36,34,21,1,26,11,23,33,51,39,13,8,31,37,6,27,7,16,61,14,20,0,58,15,59,2,9,63,18,19,57,17,24,55,43,54
49,34,17,3,63,16,11,26,37,31,39,54,51,21,20,22,36,48,14,1,38,60,2,19,18,57,32,28,56,0,53,61,41,42,33,29,45,5,15,44,47,4,9,27,13,55,46,7,30,50,58,6,24,12,35,40,10,59,52,62,43,23,8,25
42,51,20,40,46,35,26,12,2,56,49,9,44,30,63,34,17,41,4,36,45,11,54,13,47,37,23,7,43,39,28,59,21,52,5,32,3,1,60,15,62,50,0,8,38,53,57,33,6,55,61,10,16,58,18,48,31,24,22,14,19,25,29,27
4,37,51,60,44,41,19,55,36,46,7,1,5,25,42,20,61,0,2,39,43,35,28,29,48,22,10,56,62,30,49,31,38,24,53,52,54,27,33,14,47,8,50,40,16,21,3,34,45,12,57,13,63,11,17,32,59,26,58,6,9,18,15,23
12,43,8,60,39,27,47,57,30,41,31,22,1,54,15,9,4,56,53,24,16,37,63,23,21,2,32,3,42,11,20,50,0,48,25,36,62,10,5,19,59,38,13,6,45,40,14,52,61,28,7,51,33,34,44,26,49,58,18,55,46,35,17,29
3,45,38,42,30,26,29,23,48,6,19,7,56,55,32,59,43,5,4,51,33,52,15,2,54,40,49,34,20,13,24,17,0,9,63,11,57,62,28,21,16,50,10,36,35,41,25,27,22,31,8,1,53,61,39,60,46,47,12,14,18,37,58,44
16,27,36,0,26,52,7,30,1,22,18,23,60,55,54,9,45,50,48,19,51,11,39,20,57,44,32,4,53,62,42,49,6,63,14,25,21,40,28,46,24,33,59,29,47,8,35,15,56,31,58,10,2,3,41,13,34,37,5,61,43,17,38,12
22,37,59,29,45,54,8,62,6,34,44,26,36,33,20,52,55,39,5,19,17,18,43,21,63,51,2,28,11,0,47,32,27,46,13,57,4,14,61,41,56,42,10,12,58,38,50,40,3,30,16,53,25,31,35,48,24,15,7,23,60,1,9,49
10,1,35,41,25,2,59,4,51,34,29,63,13,36,27,45,17,6,57,48,14,7,46,40,56,5,60,62,43,32,22,12,55,58,3,38,44,19,24,15,28,8,26,53,31,42,16,47,49,11,30,54,61,52,21,50,33,23,20,39,0,9,18,37
61,38,52,57,27,32,29,6,41,28,23,21,51,63,54,8,20,53,25,55,36,11,31,19,16,30,44,4,7,34,35,50,37,9,1,43,24,17,59,10,26,40,48,58,62,46,39,42,13,18,15,2,3,0,12,14,60,5,22,45,33,47,56,49
43,59,1,6,52,14,29,3,16,2,46,40,55,9,24,20,13,17,62,63,15,31,32,26,42,49,60,51,38,5,10,53,47,8,11,57,28,7,56,33,12,39,0,22,30,35,4,21,54,34,27,25,45,41,37,23,19,36,18,48,44,61,50,58
24,50,59,49,53,61,42,62,33,12,3,38,8,40,13,7,58,21,34,60,10,16,23,31,1,48,52,20,30,44,41,17,9,26,28,39,14,2,29,45,54,4,37,46,25,43,35,47,5,56,36,22,18,15,55,27,51,57,19,6,0,11,32,63
9,54,37,13,57,38,32,60,63,41,47,12,1,56,59,3,50,7,48,62,24,18,11,10,52,4,46,35,20,2,19,8,23,27,31,45,5,55,21,44,49,39,58,51,33,28,61,15,17,25,29,0,53,40,26,42,16,22,6,36,34,43,30,14
24,16,4,58,0,17,26,42,12,10,32,56,25,36,60,29,51,59,6,18,55,13,38,44,39,20,28,53,23,61,11,21,19,14,1,34,30,52,22,8,15,62,3,41,57,48,40,33,63,7,9,49,37,31,27,47,35,46,5,54,2,45,43,50
62,5,40,16,21,1,44,56,58,13,49,17,23,54,12,53,15,14,22,24,47,20,39,31,28,9,48,46,59,35,34,61,63,36,4,2,0,3,27,7,43,33,51,45,38,32,10,52,57,25,55,60,11,37,42,19,50,41,18,6,30,8,29,26
13,0,15,59,26,54,53,17,63,32,51,61,58,45,18,39,7,9,29,22,10,56,42,36,33,57,43,12,30,41,25,47,23,11,28,14,52,49,38,5,3,40,21,6,46,34,62,55,4,20,8,16,19,48,1,35,27,2,31,24,60,50,44,37
46,26,61,60,29,38,48,31,2,22,54,7,25,42,23,45,9,55,15,3,43,20,4,58,33,0,24,53,21,6,8,50,62,5,12,17,59,18,35,30,57,10,41,34,11,28,56,49,40,39,36,52,27,13,16,1,19,37,47,63,14,32,51,44
55,23,24,48,53,28,41,38,1,19,27,9,44,45,29,0,31,43,20,16,18,10,34,6,37,13,62,11,59,30,40,54,60,35,36,26,17,56,3,47,61,57,7,12,14,52,39,33,5,25,42,22,63,58,4,49,50,8,21,32,46,15,2,51
5,49,46,53,33,23,16,19,10,0,14,15,32,34,21,18,4,24,52,22,51,31,1,48,25,42,45,26,47,56,9,29,63,37,50,11,17,59,60,27,40,58,62,3,44,54,28,2,20,30,41,39,38,6,35,7,61,36,57,13,43,12,55,8
11,58,52,50,23,39,60,31,16,12,20,62,53,7,0,45,3,33,18,35,34,13,40,36,6,15,17,42,49,10,47,63,51,29,22,21,59,19,26,46,43,5,55,44,1,54,48,14,8,57,61,30,2,4,56,24,27,37,38,25,28,9,41,32
63,51,32,31,47,6,33,17,20,30,28,49,0,11,39,60,42,16,5,23,40,4,54,12,52,46,35,19,8,37,22,10,61,57,36,18,50,24,15,43,14,45,53,9,41,62,56,26,29,58,13,27,59,38,1,48,7,34,2,25,3,55,21,44
4,1,5,16,44,32,11,30,62,25,48,33,63,7,28,29,49,36,42,18,13,39,3,20,52,10,8,59,50,57,34,38,54,53,19,26,14,27,31,9,22,40,15,0,6,45,35,12,23,55,58,51,41,2,56,47,60,37,61,24,21,43,46,17
39,53,60,30,47,4,55,22,63,42,26,1,12,5,20,15,27,57,34,13,2,52,37,61,43,3,32,31,18,6,24,16,49,33,46,11,35,17,38,23,7,59,56,44,51,40,14,28,41,9,19,0,48,36,54,29,45,8,10,58,62,50,21,25
0,28,49,43,27,2,51,33,55,6,59,57,38,31,42,50,26,46,7,22,23,24,20,10,1,16,61,14,47,9,60,3,56,48,15,21,4,19,45,35,36,53,63,17,41,34,32,11,39,37,12,29,30,54,52,13,58,8,62,5,18,44,25,40
33,22,35,37,12,28,50,45,44,10,29,1,14,7,54,24,31,0,6,49,4,20,32,62,46,36,39,26,17,9,63,61,43,25,11,55,19,40,5,16,30,27,15,51,58,41,8,23,59,13,57,47,48,3,60,52,2,18,42,34,38,53,21,56
45,52,59,33,47,60,53,55,18,26,56,1,50,0,5,49,37,14,19,51,21,7,40,54,41,36,8,30,38,43,2,32,34,31,12,58,3,42,48,62,24,17,28,25,6,9,39,57,35,11,4,20,23,22,27,46,63,10,13,44,61,15,29,16
2,58,0,50,55,40,56,6,54,49,30,9,24,36,62,31,14,12,42,44,17,29,52,59,38,34,5,8,57,47,41,7,32,53,27,35,18,20,19,28,39,16,13,1,4,22,23,46,33,37,25,51,11,26,21,43,63,61,45,15,10,3,60,48
52,49,59,44,30,1,60,33,36,22,46,42,12,23,56,55,62,9,7,6,37,8,10,0,18,11,24,31,4,53,27,41,57,21,2,48,63,40,54,17,5,61,51,32,26,19,58,14,3,29,15,20,43,28,34,50,13,45,39,25,16,47,35,38
49,13,2,29,55,51,28,19,39,50,10,1,60,14,41,58,6,45,16,53,37,9,25,46,11,59,33,8,32,12,3,54,35,26,63,62,52,42,22,20,15,21,30,7,23,27,44,31,57,5,18,38,34,61,4,0,40,48,43,47,56,17,36,24
4,1,60,14,57,56,28,40,15,24,38,17,3,18,50,53,39,2,62,33,42,22,0,9,5,23,46,43,55,61,21,37,19,30,12,32,16,34,49,59,51,8,63,7,52,10,20,29,58,25,48,26,36,54,44,47,31,11,13,27,35,41,6,45
16,17,9,49,29,6,56,31,54,35,3,57,50,63,23,15,10,18,21,14,43,60,48,13,26,51,0,58,1,27,61,42,11,36,19,46,24,7,33,12,40,47,8,55,37,34,62,5,20,39,38,52,4,32,28,59,25,53,2,41,44,45,30,22
56,17,29,28,58,6,9,14,10,48,5,63,16,18,57,31,46,54,44,62,19,2,21,1,30,42,45,35,7,52,39,61,40,60,15,24,27,49,0,8,33,37,32,3,25,59,36,47,26,34,50,22,53,41,12,11,43,20,51,13,55,23,38,4
40,32,49,3,34,51,10,35,12,45,9,15,63,17,58,4,27,7,46,36,56,57,1,38,28,13,48,59,52,43,22,19,5,55,21,23,18,26,0,47,2,50,14,24,62,31,25,44,33,37,60,8,6,30,16,53,42,11,61,41,39,54,29,20
56,55,27,13,54,32,1,52,14,9,63,35,5,53,24,51,22,18,15,61,46,31,16,40,50,26,42,19,7,29,30,39,37,4,10,43,28,6,3,47,44,20,36,38,25,60,57,49,21,0,17,33,34,48,62,23,45,8,59,11,2,12,41,58
7,14,50,30,46,20,42,31,54,59,1,45,19,34,9,25,47,60,44,33,10,2,29,57,62,16,13,53,32,61,12,21,51,43,8,63,27,38,6,36,28,0,49,15,26,4,35,48,39,17,18,5,55,11,24,40,56,3,41,58,52,23,37,22
48,29,57,60,56,50,12,0,26,63,27,8,43,28,5,20,1,55,52,40,51,38,49,16,39,13,21,62,53,4,3,9,18,37,35,25,31,30,44,33,36,45,7,41,42,14,10,34,61,2,58,22,47,59,46,15,24,11,54,17,6,19,32,23
47,30,35,13,6,58,49,32,29,41,40,31,33,15,7,8,27,34,60,24,25,18,1,52,55,19,0,4,59,22,16,62,14,43,57,54,17,53,48,21,11,50,26,56,45,37,23,20,3,9,44,10,38,51,63,39,2,5,42,36,46,61,28,12
58,5,50,53,63,31,27,4,30,54,23,15,2,12,8,25,18,35,13,48,26,3,38,21,40,47,55,6,59,0,22,43,60,16,45,39,37,41,17,44,61,56,33,7,9,10,57,51,11,28,20,46,24,1,62,32,49,29,14,42,34,36,19,52
20,47,24,18,62,21,44,2,46,23,29,38,52,14,33,1,26,48,30,0,12,61,41,25,39,6,57,13,45,55,42,54,43,53,9,4,7,19,15,63,3,58,22,10,8,35,40,60,16,50,56,32,17,36,11,59,37,28,49,5,51,34,31,27
59,32,62,56,33,45,46,47,22,18,52,19,49,24,51,40,54,44,36,9,20,28,31,25,50,23,5,29,58,37,4,10,14,12,42,34,60,6,15,16,43,13,55,27,38,35,61,2,30,48,26,1,21,7,39,57,41,53,11,3,8,0,63,17
9,14,55,20,7,51,43,57,31,12,46,50,39,18,61,19,54,1,41,44,16,25,36,32,62,0,49,6,2,30,5,38,26,52,60,17,56,45,53,23,4,34,40,22,48,27,11,37,15,33,3,21,42,8,10,29,35,59,13,58,47,63,24,28
57,25,1,27,30,23,35,36,50,11,29,41,31,6,46,13,48,34,19,52,10,17,45,3,44,38,4,42,7,21,55,18,5,33,26,56,49,51,37,22,12,8,32,9,14,61,2,59,62,0,24,53,60,47,40,63,58,54,15,16,43,28,20,39
24,36,17,43,7,45,46,11,27,8,58,50,2,14,61,22,28,20,3,31,4,32,55,15,18,41,52,60,1,53,13,39,10,26,63,56,25,21,42,51,0,16,37,23,57,5,34,30,12,35,62,6,38,48,19,47,54,44,49,29,40,33,59,9
25,11,29,5,62,31,30,49,4,21,10,54,7,47,34,20,19,45,18,53,28,8,15,9,63,50,40,36,27,3,52,24,33,23,42,16,2,6,60,26,56,59,13,32,44,55,57,58,1,51,61,46,14,17,38,12,37,43,22,41,35,0,48,39
32,16,53,42,52,25,11,5,18,61,27,17,7,13,14,59,26,23,2,34,22,31,47,36,24,3,40,54,1,10,57,39,62,6,12,37,19,55,4,48,8,44,46,0,33,30,58,9,20,43,51,50,21,35,29,56,15,63,28,60,41,45,49,38
62,43,45,27,56,55,47,53,26,10,6,34,5,4,7,39,13,29,21,60,36,1,25,22,11,44,3,41,46,0,42,24,31,9,20,14,58,57,28,16,51,37,61,49,2,54,17,23,32,38,19,52,15,48,33,30,59,40,50,35,18,8,63,12
52,56,60,2,18,41,48,43,5,40,49,12,34,10,31,53,17,63,61,29,37,45,46,22,20,28,54,55,57,1,30,26,33,8,7,25,32,23,21,0,62,47,36,42,27,3,44,16,58,38,59,35,4,6,39,13,19,51,15,9,24,11,50,14
37,12,47,52,4,5,58,13,22,44,17,16,19,1,43,24,10,30,55,2,41,20,9,33,0,53,32,36,50,8,35,62,38,60,45,14,25,39,59,51,49,42,11,18,23,61,21,54,48,27,15,46,29,26,3,31,63,57,40,34,28,7,6,56
28,50,18,23,60,24,47,42,22,49,32,36,48,61,10,55,46,59,25,54,29,16,56,57,17,21,58,19,40,41,45,34,35,63,4,6,39,9,3,12,31,20,38,52,14,13,37,27,43,51,33,2,53,8,11,7,1,15,30,62,44,26,5,0
34,53,22,43,44,49,39,26,28,42,13,55,36,21,11,5,27,15,31,0,62,45,18,50,8,60,32,1,10,3,63,56,25,24,17,29,37,51,16,14,2,57,58,19,48,20,9,33,12,23,40,7,61,30,47,41,38,6,4,46,54,59,35,52
19,40,51,44,10,28,3,6,24,53,18,25,29,7,30,62,56,37,42,31,61,49,2,22,57,27,63,0,5,16,21,59,50,46,23,13,15,33,32,36,35,17,45,38,43,4,52,20,8,11,39,34,26,12,54,14,41,48,55,1,9,47,58,60
62,38,12,55,18,20,56,58,43,53,42,3,8,10,26,31,30,16,35,54,36,27,41,46,15,21,61,40,47,51,22,2,37,14,29,49,19,0,7,45,33,9,57,4,11,5,17,25,52,48,32,1,39,60,6,13,24,34,23,59,63,44,28,50
9,5,12,2,55,34,59,47,8,13,39,43,19,50,58,32,10,33,56,28,36,53,41,30,17,57,44,29,38,40,61,7,21,24,46,27,37,11,6,62,20,15,60,23,14,31,54,42,49,16,4,35,48,3,52,0,45,26,1,22,25,63,18,51
62,0,16,14,52,42,38,58,33,60,35,37,13,15,45,12,39,26,34,50,2,43,51,19,46,29,59,55,25,30,4,54,7,44,24,11,27,61,63,48,1,53,20,23,47,17,57,6,8,5,9,3,40,41,18,22,36,56,32,31,49,28,21,10
17,46,23,54,53,29,49,44,18,0,55,21,37,30,58,38,12,1,33,32,27,50,62,40,9,7,35,5,63,47,42,41,36,14,8,15,24,28,20,2,16,61,48,4,31,13,11,56,51,57,34,6,59,45,52,26,39,22,10,25,3,60,19,43
23,43,9,6,34,50,39,5,40,1,17,2,26,54,60,37,3,15,29,48,31,38,55,62,36,4,20,58,61,44,57,51,0,49,13,25,59,18,41,32,47,30,24,19,14,22,7,53,63,28,10,35,33,11,46,21,45,42,16,12,27,8,52,56
63,25,54,29,49,32,60,7,23,39,56,33,30,0,40,22,48,47,17,38,46,59,44,52,58,53,50,45,5,51,2,42,41,62,10,6,4,61,18,31,43,13,8,12,24,35,27,20,36,28,55,15,11,21,14,16,34,37,19,57,9,1,3,26
4,12,6,33,61,56,31,15,46,36,24,13,45,49,55,34,18,26,5,40,48,41,21,52,25,9,23,8,3,44,17,54,60,43,29,47,57,22,16,28,10,51,32,39,42,58,35,38,30,0,14,62,59,63,50,19,27,53,11,2,1,20,7,37
23,39,8,51,19,62,21,31,54,40,49,55,32,20,27,45,60,26,6,18,50,22,34,0,44,38,3,9,14,52,2,47,53,57,7,59,35,43,30,5,1,13,15,16,63,42,28,11,41,36,48,17,4,56,29,10,61,25,33,46,24,58,37,12
28,30,9,58,2,8,37,3,34,59,51,56,22,27,17,38,57,40,20,48,21,18,53,46,26,0,5,36,14,60,13,47,19,16,49,52,23,41,62,4,6,63,44,32,43,42,29,15,25,39,12,33,11,24,45,50,55,10,61,35,31,54,7,1
48,47,7,56,36,33,27,17,23,26,28,34,53,0,18,41,2,4,22,38,14,54,5,42,31,62,32,11,15,57,59,3,45,12,16,10,24,37,60,44,49,35,51,9,46,55,50,63,25,1,6,19,61,58,40,21,13,52,39,29,43,20,8,30
8,47,17,54,21,43,38,60,33,49,1,32,53,51,28,52,62,7,42,63,23,27,16,13,36,5,15,10,31,39,25,55,50,58,37,11,14,20,57,34,44,18,26,35,24,12,19,59,45,30,22,40,46,41,61,6,2,56,3,9,48,29,4,0
29,5,51,45,2,7,38,52,12,25,41,11,27,34,18,10,19,63,48,26,46,59,56,49,15,55,60,21,28,9,24,39,43,47,20,4,13,44,17,3,32,50,6,42,16,22,23,61,0,8,62,54,36,30,1,31,53,35,58,14,40,33,57,37
12,47,42,31,63,38,4,21,22,53,7,48,56,33,29,59,23,50,58,46,45,43,55,27,10,54,52,41,1,28,26,49,44,20,37,61,39,25,36,60,9,32,6,8,34,2,62,19,40,57,11,51,35,14,15,24,0,13,5,3,30,17,18,16
10,62,22,18,44,53,6,42,37,46,9,35,49,19,17,45,13,2,16,61,3,50,23,36,5,57,8,26,33,54,25,40,28,56,21,32,7,63,29,39,47,27,55,4,15,31,0,30,52,12,60,34,41,43,14,59,1,58,24,51,38,20,48,11
51,60,3,36,0,28,27,9,40,34,61,30,22,33,1,44,10,24,49,45,11,58,20,41,57,25,7,8,4,63,2,59,50,53,62,19,17,6,15,35,38,21,29,12,32,18,42,5,43,54,52,55,23,37,56,16,14,39,46,31,13,47,26,48
55,32,59,62,57,9,58,40,12,1,36,8,54,7,3,28,14,4,31,23,15,56,52,30,18,5,45,39,60,6,11,0,34,53,16,24,61,35,43,10,63,47,37,27,38,25,13,49,26,22,46,2,41,33,44,51,42,48,20,17,19,21,29,50
46,33,10,26,9,19,53,0,58,36,31,54,34,25,4,17,63,21,27,45,11,14,6,16,49,5,13,40,2,39,23,43,30,41,20,48,51,12,57,15,55,24,28,29,3,59,61,8,22,60,18,44,1,56,62,7,38,37,50,35,52,47,32,42
13,60,41,42,48,46,17,59,5,31,47,40,53,26,36,61,37,1,0,50,45,55,18,14,6,34,28,23,25,49,8,38,63,11,4,19,56,33,22,10,44,39,2,32,29,15,12,51,30,16,43,54,9,52,21,3,57,58,20,62,35,7,27,24
3,19,42,44,8,25,37,9,39,48,54,26,40,35,0,49,29,21,2,12,56,50,23,4,15,20,51,31,6,55,33,38,41,47,22,18,27,5,63,11,30,46,43,52,62,13,17,59,16,58,24,61,1,57,32,45,7,36,14,28,34,10,53,60
49,53,29,0,3,19,11,31,62,44,56,45,30,7,24,47,41,57,48,40,51,15,20,8,33,23,43,9,1,37,35,32,28,13,59,63,25,34,39,38,10,42,60,50,54,16,2,4,6,61,21,36,18,5,52,17,22,46,27,58,55,14,26,12
63,27,35,33,19,9,30,58,48,14,51,57,18,0,44,39,15,21,59,3,10,47,26,5,62,60,28,41,1,56,22,38,37,53,43,45,50,23,42,8,17,2,29,52,34,36,24,20,6,40,13,32,49,46,11,12,7,31,55,4,61,25,16,54
19,61,10,38,47,13,18,32,16,34,40,36,7,15,28,24,43,39,6,59,45,33,54,63,57,48,22,42,5,3,9,52,55,50,14,20,56,26,53,51,30,4,37,35,58,11,44,17,31,23,0,1,60,46,29,25,8,41,12,27,49,2,62,21
34,32,18,1,43,37,55,54,29,17,61,11,30,47,12,56,51,21,15,53,0,41,10,33,20,42,38,40,27,4,22,2,52,48,59,5,19,9,39,57,24,63,46,23,28,62,60,49,36,26,3,44,13,16,6,8,35,31,50,14,58,7,25,45
44,58,54,14,22,0,36,23,7,29,51,40,2,9,42,49,33,1,30,12,28,47,18,62,45,4,52,16,38,56,59,5,26,25,10,17,8,60,13,48,31,34,43,24,27,53,3,55,20,63,41,39,50,37,11,6,19,21,57,35,15,61,46,32
61,40,22,60,30,24,39,7,19,10,46,58,43,1,9,57,36,20,16,29,13,11,49,35,12,52,18,56,32,33,51,31,53,59,23,27,62,34,5,0,38,3,26,47,48,17,4,55,21,41,54,63,25,50,6,14,42,37,8,45,28,44,2,15
32,0,63,6,59,35,4,44,51,57,29,8,42,56,39,21,16,9,30,36,13,23,7,34,43,40,18,50,22,26,28,19,46,1,17,54,27,41,10,62,52,33,31,3,12,15,60,37,47,14,48,11,38,20,55,53,2,45,58,49,24,25,5,61
8,12,25,10,21,39,24,1,42,44,60,16,29,27,62,18,47,54,53,14,2,43,52,3,41,6,59,46,45,35,31,26,63,34,17,28,56,38,22,33,37,40,50,13,57,20,19,9,30,61,4,15,51,49,0,5,58,7,48,23,32,36,11,55
2,57,1,49,39,32,37,6,26,54,30,5,63,25,34,41,18,62,40,56,42,12,0,29,8,19,58,53,15,36,3,13,28,31,17,9,4,33,20,7,22,23,43,48,11,46,35,10,24,47,38,14,55,51,61,60,59,45,27,52,50,44,21,16
23,26,55,21,32,22,45,18,7,50,51,28,6,42,52,31,63,48,61,25,46,10,9,41,4,56,35,58,60,36,20,2,54,59,19,27,3,39,29,24,16,13,34,15,38,30,57,47,11,14,49,5,33,17,53,44,62,12,37,40,1,0,8,43
1,43,49,41,15,2,18,38,23,12,19,45,14,39,59,52,31,50,27,33,62,34,28,13,36,53,4,3,57,0,21,55,8,61,48,30,42,29,58,51,16,11,5,10,60,9,24,47,37,22,44,26,63,6,56,54,46,7,17,25,20,40,32,35
56,59,51,32,9,19,15,41,40,14,3,1,46,26,44,54,13,22,63,18,37,23,6,33,24,48,30,0,27,4,34,35,5,8,62,43,39,29,31,12,50,55,52,61,57,47,10,58,2,38,16,7,21,42,20,53,60,17,11,28,49,45,36,25
57,13,51,22,38,4,47,8,3,11,12,21,42,41,10,20,39,49,7,56,24,15,61,32,46,14,17,18,60,23,40,26,59,48,25,9,62,37,16,43,50,35,36,31,27,34,33,6,63,52,5,44,19,30,29,55,0,58,45,28,53,2,54,1
15,32,2,33,22,25,10,9,37,61,62,16,48,30,60,7,8,50,18,38,44,63,17,26,46,1,31,0,53,3,51,36,41,39,56,11,55,40,4,58,12,21,35,20,49,24,23,47,19,28,54,13,29,6,43,52,34,14,5,45,57,27,59,42
44,41,26,5,28,50,30,52,10,33,13,35,22,16,14,31,21,54,49,48,32,17,63,56,0,36,47,6,55,23,51,34,43,9,45,60,29,12,7,59,42,11,27,3,4,57,61,24,38,46,58,39,20,8,18,15,19,25,1,40,62,37,53,2
26,9,49,60,5,2,47,29,52,28,37,33,14,13,40,18,34,51,8,19,20,50,42,53,44,45,62,0,59,39,30,22,7,48,46,24,55,10,23,12,25,35,4,31,56,3,38,32,36,1,54,41,21,63,15,27,16,11,6,58,43,17,61,57
58,23,27,16,39,31,28,62,51,12,9,21,37,35,56,29,36,10,45,3,61,25,57,2,40,13,63,52,42,49,24,46,17,6,48,15,14,7,38,41,44,8,18,60,5,47,11,20,4,43,55,22,30,54,59,0,33,53,34,1,19,50,32,26
59,23,40,45,11,54,36,61,7,12,44,58,42,18,26,30,53,10,4,1,20,49,63,5,51,62,8,21,27,47,31,24,55,13,46,37,43,6,22,52,15,9,57,17,41,50,0,39,33,3,29,19,16,14,48,60,28,2,34,56,25,35,38,32
3,22,56,26,23,49,43,4,28,18,5,39,52,60,9,35,50,6,41,47,36,40,2,17,16,57,53,27,44,38,58,62,45,13,1,29,7,11,12,0,59,25,61,46,54,55,51,10,34,31,63,15,33,30,48,8,20,14,19,42,21,37,32,24
9,18,21,58,39,25,34,50,13,37,11,19,54,56,32,29,45,22,40,47,7,4,1,6,52,3,55,44,14,24,17,27,60,8,36,51,43,12,38,16,49,23,15,26,31,53,30,0,41,63,42,35,61,57,48,62,10,33,59,28,20,5,46,2
0,37,40,45,27,51,53,32,36,52,26,11,41,54,29,30,61,16,10,22,59,20,5,14,18,17,43,47,49,58,62,42,23,63,19,39,50,46,24,1,31,38,60,3,33,15,57,2,28,7,55,6,35,48,4,21,25,56,13,9,12,34,44,8
32,37,61,48,11,27,46,6,18,45,50,33,63,38,20,21,34,17,59,25,51,41,10,40,29,24,54,39,9,62,19,44,23,60,47,5,30,56,15,22,57,26,2,53,0,8,43,28,49,58,42,35,14,7,12,36,3,31,1,55,4,13,52,16
3,29,52,57,32,12,18,20,37,63,61,24,39,22,10,44,60,9,40,54,47,27,17,50,26,14,8,55,25,51,33,5,19,6,53,58,48,4,41,0,21,31,13,62,11,38,7,30,16,56,59,28,35,2,49,15,34,1,36,46,45,43,42,23
46,58,2,39,28,4,63,57,37,20,49,45,10,17,62,1,6,31,53,61,18,38,9,16,47,27,5,55,54,12,56,60,7,42,21,15,32,30,29,44,43,24,22,59,23,33,52,8,11,36,14,50,26,25,48,35,40,13,51,3,41,19,0,34
36,3,8,39,51,21,18,33,52,23,4,19,62,46,22,43,50,1,26,0,14,24,57,7,40,56,41,63,25,45,38,44,28,31,53,30,42,17,55,11,60,13,48,47,5,12,29,37,59,6,49,34,32,15,54,27,16,35,9,58,20,61,2,10
2,11,57,49,0,23,15,31,38,62,21,33,56,52,13,14,54,58,63,1,8,28,39,29,25,51,7,46,60,26,27,43,44,41,42,9,47,59,37,24,32,53,6,4,50,12,45,34,16,20,35,40,5,61,55,10,36,17,3,18,19,22,30,48
4,7,58,39,42,12,9,47,38,31,62,40,26,50,24,45,28,15,13,10,11,56,29,6,23,8,17,48,32,41,18,33,43,61,19,52,0,44,16,22,20,27,63,54,51,37,60,35,2,5,3,21,14,30,55,25,59,36,1,49,34,46,57,53
52,2,61,56,26,46,9,6,19,12,10,58,63,43,18,33,27,36,7,48,62,30,24,51,13,11,44,60,39,55,23,22,40,54,31,5,28,14,1,4,8,15,41,38,20,25,34,50,42,57,47,53,37,16,0,49,3,17,29,35,21,45,59,32
48,61,22,19,31,43,9,37,36,16,27,14,4,44,30,50,62,1,41,15,3,7,26,13,11,8,24,40,63,58,54,38,57,47,51,39,23,17,59,28,45,5,42,35,18,25,21,53,32,49,6,52,60,33,29,12,20,34,55,56,46,0,10,2
21,43,13,25,63,49,35,62,18,28,42,23,59,38,53,39,48,60,36,37,40,61,0,10,55,30,54,2,51,7,57,3,34,50,14,11,46,32,4,29,52,47,56,17,31,16,45,58,26,41,33,44,15,1,20,8,9,22,19,24,12,5,27,6
9,54,33,56,44,42,22,29,62,50,16,59,12,2,47,34,37,27,30,55,49,13,5,25,4,36,20,3,58,52,38,60,17,51,28,48,18,1,10,35,61,63,40,32,39,24,26,46,6,31,7,21,15,14,8,0,41,23,19,57,53,43,45,11
60,21,59,22,0,36,50,41,8,38,15,6,30,62,2,1,13,58,17,51,3,10,39,57,11,54,48,25,23,52,40,24,42,18,49,46,5,7,44,45,20,56,61,27,4,53,63,19,26,55,47,9,33,34,35,14,43,32,31,29,16,12,37,28
3,41,7,34,47,35,57,61,15,29,45,50,27,1,43,0,31,10,46,28,12,5,11,53,23,48,8,52,2,60,42,55,18,63,38,25,49,22,26,17,24,32,62,37,30,59,21,58,6,54,51,44,33,16,56,9,40,20,13,36,14,39,4,19
53,25,41,18,16,61,52,13,62,48,12,35,5,36,17,57,9,24,19,23,56,21,60,45,51,4,6,50,33,39,0,14,44,47,49,8,54,59,27,40,46,32,1,30,2,28,22,20,34,42,55,37,7,58,43,63,3,15,31,29,10,38,26,11
15,16,7,9,52,61,39,18,10,27,6,60,42,62,34,53,23,41,31,32,63,11,51,54,47,5,37,46,8,2,13,4,17,30,12,21,19,43,33,14,57,28,24,58,48,56,0,25,22,36,1,38,40,26,29,50,20,59,49,55,45,3,44,35
17,36,14,0,32,11,28,24,39,54,37,56,34,10,60,22,29,27,49,43,46,3,7,21,57,20,13,2,16,45,33,12,6,61,15,8,41,4,55,25,62,9,52,18,31,58,1,35,30,19,63,50,59,23,40,26,38,47,53,48,44,5,42,51
17,15,24,47,0,43,3,21,41,2,37,29,18,39,14,48,4,51,54,6,55,34,35,42,22,26,23,46,57,60,32,38,8,50,16,53,25,27,10,59,28,19,56,11,12,49,13,1,31,45,9,62,33,52,20,44,30,40,58,36,63,5,61,7
16,7,34,9,33,22,20,59,19,29,17,24,31,11,42,13,23,37,14,54,44,21,56,48,25,3,58,60,10,1,12,53,4,27,6,2,18,45,61,32,63,62,52,47,50,30,15,55,0,8,57,49,38,39,5,36,35,28,43,51,41,26,46,40
7,19,57,38,21,50,61,12,42,62,40,15,55,0,6,28,41,26,53,11,58,47,24,44,32,27,51,35,59,22,60,2,37,45,18,34,10,48,3,30,25,52,33,29,43,1,31,14,4,46,13,8,17,39,56,5,49,63,20,9,23,54,16,36
62,33,63,24,16,20,22,38,28,36,31,17,10,23,27,25,13,2,12,58,54,18,21,5,34,44,53,1,52,8,40,56,9,14,46,7,49,39,59,32,11,50,60,42,35,30,19,0,43,47,4,61,48,15,41,3,6,29,26,55,45,57,37,51
2,35,52,28,51,18,55,31,56,9,20,61,37,57,33,42,47,50,23,46,39,5,30,7,40,13,38,12,1,15,22,41,44,3,6,32,29,58,0,36,43,26,21,63,45,54,60,49,48,14,62,4,53,34,27,25,10,19,24,16,11,17,59,8
39,23,14,26,18,29,62,27,24,50,13,15,7,37,40,11,57,55,38,2,59,28,52,20,6,48,63,22,60,53,42,56,25,35,12,8,33,1,51,16,49,10,41,45,17,36,34,3,47,30,61,43,46,5,0,21,4,19,32,58,54,9,44,31
27,39,35,6,58,26,14,28,0,48,34,42,13,50,18,23,22,63,54,37,59,47,32,61,45,9,55,36,19,38,2,11,46,20,49,3,30,10,62,53,21,56,40,51,41,7,5,1,8,15,44,17,33,31,16,60,25,29,57,24,4,52,43,12
12,45,0,29,14,24,11,16,47,36,44,63,32,7,19,6,9,27,17,48,31,2,10,41,38,60,42,33,58,5,1,22,50,59,61,39,30,53,46,28,18,25,26,3,4,15,34,55,8,52,51,49,40,13,54,56,23,43,20,35,62,37,21,57
35,4,58,16,22,26,60,34,53,38,28,45,51,2,61,23,5,8,43,41,46,47,12,0,14,48,32,7,40,63,36,18,37,59,15,30,10,62,54,3,56,21,27,44,24,57,39,49,13,42,11,31,33,52,55,9,25,1,29,50,6,19,17,20
47,33,23,46,16,30,63,18,14,28,56,50,34,52,31,25,2,13,8,1,58,15,61,20,53,26,59,0,37,10,57,62,17,35,38,49,19,4,27,60,9,45,7,43,22,11,48,29,5,24,21,55,44,41,42,6,51,36,40,32,54,3,39,12
57,54,22,47,27,4,9,51,60,30,62,40,7,25,53,61,1,63,34,59,20,21,31,23,48,35,45,2,26,37,17,12,50,49,5,39,43,52,55,38,13,15,11,33,29,58,10,16,0,41,28,32,36,14,19,18,8,6,46,44,56,42,24,3
36,4,52,2,12,60,15,28,3,20,9,49,40,27,24,57,37,13,35,39,17,48,54,38,45,58,29,55,7,5,22,21,63,6,47,11,16,19,32,46,18,8,30,41,56,42,53,43,31,25,26,34,62,44,10,1,33,23,61,51,50,14,59,0
62,61,40,31,14,47,52,41,43,57,23,38,49,50,33,56,0,13,17,44,32,28,7,46,45,15,35,53,26,5,3,2,19,39,25,54,30,48,34,4,42,20,11,55,1,18,8,16,6,12,27,37,29,22,51,63,24,9,10,21,36,60,59,58
5,9,48,32,17,27,62,30,45,26,24,36,59,46,21,54,60,15,34,10,13,40,56,43,50,52,4,57,55,37,7,8,18,28,31,1,33,2,19,42,11,25,3,6,23,39,14,38,63,53,16,44,61,20,58,29,49,51,35,41,0,22,12,47
49,55,35,15,63,59,42,41,16,21,53,19,46,52,12,37,3,47,30,40,61,51,38,60,8,32,20,27,29,44,1,56,58,6,50,18,34,2,28,23,33,7,54,25,36,48,57,14,24,45,39,4,9,10,31,17,43,0,11,5,13,62,26,22
14,42,63,28,41,31,10,29,1,39,9,40,18,47,55,37,22,11,36,58,30,53,20,2,52,35,56,16,32,33,45,62,26,49,17,8,13,51,6,27,50,12,23,7,4,61,46,5,21,25,24,0,19,48,60,3,43,34,38,54,57,15,59,44
63,45,21,4,52,53,6,57,54,33,3,10,49,62,12,11,7,15,50,40,56,22,23,48,44,16,26,27,30,61,36,20,13,17,8,0,34,37,58,51,38,14,35,47,24,28,60,32,9,43,1,19,39,18,42,5,2,25,55,46,29,31,41,59
46,16,59,24,39,6,44,25,23,10,57,62,26,61,47,48,7,29,5,35,20,19,27,22,21,3,32,60,52,63,42,11,53,0,1,40,55,50,38,37,15,18,9,14,58,36,12,13,45,54,51,2,4,17,49,31,56,34,41,28,43,8,30,33
44,21,46,32,3,15,62,60,33,16,22,61,27,55,41,0,6,11,58,10,8,40,14,43,2,49,12,25,57,23,35,4,59,26,17,52,28,7,56,13,36,63,54,45,29,39,51,19,42,37,50,31,24,9,48,5,34,30,38,20,53,1,18,47
59,49,45,28,33,60,20,2,36,50,6,15,61,54,34,62,56,51,39,1,30,3,27,18,22,29,19,58,41,48,44,63,10,40,53,21,5,55,43,25,52,7,26,24,16,38,37,0,31,42,14,17,12,47,23,32,46,35,8,4,57,11,9,13
7,61,13,47,4,22,30,44,25,32,48,14,55,28,60,62,17,58,26,20,12,35,42,29,50,9,46,39,40,31,8,10,27,54,1,5,37,18,59,45,24,53,15,49,11,43,3,6,56,0,57,23,38,2,33,52,19,36,63,21,34,41,16,51
25,5,12,35,30,38,42,6,7,3,50,40,60,32,61,63,14,54,31,58,53,39,13,22,8,55,16,21,19,45,47,15,41,26,46,51,0,59,18,49,36,44,1,24,43,33,27,28,34,2,10,48,56,9,11,20,29,4,57,23,52,62,17,37
27,5,22,40,63,29,35,62,6,48,25,16,11,37,38,59,8,45,0,51,21,32,9,18,52,58,23,42,46,56,31,4,55,17,15,49,20,24,2,61,44,60,30,47,33,13,12,43,39,28,36,3,53,7,57,50,10,41,54,19,26,1,14,34
46,49,32,44,10,15,12,29,42,3,22,19,59,43,25,2,11,51,47,17,23,0,57,58,6,34,56,63,20,13,39,14,41,60,7,30,9,48,33,38,26,45,52,61,28,36,54,8,53,50,37,31,18,4,62,5,21,27,35,16,55,40,24,1
29,32,41,55,53,51,40,47,61,33,43,58,54,18,9,57,39,56,25,21,24,37,17,50,63,44,48,52,59,6,11,15,60,12,7,42,34,26,16,20,5,10,30,62,35,49,22,2,3,46,28,0,23,19,38,13,8,1,14,45,31,27,36,4
30,47,36,2,37,53,41,60,31,58,44,13,11,59,34,28,39,18,23,38,26,40,8,46,27,17,0,3,51,14,54,33,56,21,55,63,50,9,25,62,12,16,7,15,49,57,42,61,6,19,45,20,32,24,43,22,29,52,10,35,48,5,1,4
32,44,24,39,31,10,4,46,22,35,62,6,20,57,26,43,9,16,2,40,36,23,48,12,54,63,55,7,50,3,0,47,51,60,14,15,34,21,8,53,25,58,41,5,27,37,29,33,42,49,30,28,45,61,18,38,19,56,52,1,13,17,59,11
41,12,59,36,10,32,61,7,24,18,43,21,49,28,56,39,8,45,37,47,16,27,40,62,30,31,58,9,2,63,13,19,17,57,51,5,11,15,4,20,25,1,38,14,35,26,42,22,48,52,60,46,50,33,0,44,6,23,3,34,55,29,54,53
44,16,20,25,3,29,39,24,41,9,53,7,1,18,49,63,48,43,10,60,37,31,22,11,46,38,52,32,33,12,27,59,4,6,28,34,23,42,40,30,54,58,0,15,8,50,61,55,2,19,36,26,47,17,21,14,5,35,57,56,45,62,51,13
24,8,3,5,52,6,2,18,32,35,34,10,23,19,51,1,42,25,53,0,27,41,59,40,15,58,62,4,12,56,45,37,14,13,20,50,17,26,22,47,36,21,61,63,60,49,44,38,7,46,57,54,31,16,30,55,33,39,28,29,48,11,43,9
28,24,22,16,43,30,35,44,55,36,48,20,21,50,49,23,46,5,4,13,57,27,26,47,51,40,25,33,32,18,52,63,3,14,31,39,17,12,62,2,0,59,15,61,53,38,6,56,54,34,42,37,8,58,41,19,1,9,11,60,29,10,7,45
18,42,32,59,30,5,14,26,46,0,27,29,60,16,4,34,9,58,55,53,22,15,23,24,63,31,17,47,39,2,36,51,49,43,8,19,48,12,62,11,10,25,3,44,20,38,40,41,61,28,33,37,13,50,1,45,56,6,21,35,54,57,7,52
28,50,34,30,60,41,9,42,2,12,29,31,21,52,13,40,45,58,59,11,16,27,61,43,57,38,49,33,26,17,10,44,63,3,36,39,4,19,48,53,24,55,25,5,1,0,47,62,20,6,37,56,15,51,35,18,54,7,22,32,8,46,23,14
61,36,33,49,6,22,41,62,17,10,12,7,42,5,26,53,34,3,37,40,57,27,58,23,2,25,24,20,11,45,18,50,28,56,1,54,0,4,47,32,44,19,16,39,21,59,13,51,9,8,35,43,48,29,14,46,52,15,30,60,38,63,31,55
27,35,3,7,4,18,29,48,13,33,19,17,30,59,39,15,52,57,51,38,60,46,47,41,9,62,37,55,0,32,56,14,31,5,28,20,50,11,1,40,49,26,2,6,42,45,36,34,58,43,21,25,16,61,54,24,23,12,22,44,8,63,53,10
57,58,18,27,59,3,47,22,38,51,34,30,11,28,50,17,24,41,43,46,19,36,15,4,44,5,23,0,55,37,2,13,20,48,9,10,63,56,31,1,8,61,16,32,62,49,21,26,40,29,52,6,33,60,12,7,42,54,35,25,39,53,14,45
62,4,61,32,48,5,39,46,59,13,49,29,1,36,14,31,10,8,44,25,3,23,41,15,52,27,17,18,2,35,24,21,37,19,28,7,63,12,22,47,60,9,0,6,43,56,42,38,30,51,53,58,54,34,26,55,45,16,20,40,33,50,11,57
46,26,27,51,9,48,42,1,35,39,13,60,63,38,22,58,44,37,53,55,52,4,61,12,10,41,50,23,19,18,14,3,54,49,2,15,24,16,59,29,8,25,17,31,6,32,0,40,62,47,45,36,7,57,33,21,20,28,56,43,34,30,5,11
57,56,44,63,60,54,42,15,37,8,31,50,5,24,52,13,17,55,39,34,0,12,28,6,3,16,30,36,58,49,38,10,22,48,1,61,46,14,2,27,18,45,23,53,43,41,51,7,20,25,11,19,47,62,33,59,21,29,35,40,4,9,32,26
6,17,11,9,59,52,49,27,38,15,41,20,56,14,63,12,60,51,25,61,47,48,33,10,21,29,55,39,40,18,1,50,22,28,30,8,16,23,24,5,26,57,3,13,0,46,2,58,53,7,34,42,37,62,36,44,31,32,54,45,4,35,43,19
44,20,30,34,40,19,35,42,25,29,63,56,18,0,3,37,36,51,47,2,48,6,38,57,62,59,45,9,23,46,5,58,41,16,1,53,52,27,22,55,12,8,11,14,31,32,24,28,33,15,50,21,61,43,7,10,49,4,54,26,39,17,13,60
24,8,50,44,54,39,53,28,40,9,19,31,1,51,0,7,45,10,25,33,30,17,21,15,63,48,38,61,59,57,23,18,43,13,4,11,52,32,46,5,26,56,34,36,49,47,58,12,37,2,27,60,14,35,20,16,41,6,29,22,3,62,42,55
27,8,5,26,60,48,36,59,42,34,50,37,6,45,29,40,18,19,7,17,35,4,10,30,54,56,49,31,1,9,28,0,62,53,63,58,23,16,20,51,46,12,47,2,57,52,33,15,55,13,24,41,22,61,14,3,25,44,11,43,21,38,32,39
37,44,58,4,8,11,57,27,51,45,3,55,7,40,33,48,34,29,26,39,56,52,15,2,23,60,13,10,31,59,54,41,32,1,25,63,36,0,22,9,50,35,19,47,38,30,61,12,18,42,17,20,46,16,6,53,14,43,24,21,28,5,62,49
29,32,62,24,30,27,17,38,45,28,52,25,43,31,7,18,2,11,58,22,61,46,19,40,34,41,8,14,60,55,54,26,5,13,49,47,21,9,10,4,59,51,63,23,0,36,12,42,37,48,39,1,50,20,57,53,16,6,3,15,56,33,35,44
60,62,12,38,48,54,47,15,63,41,33,23,26,35,10,3,1,49,28,20,56,11,16,34,17,24,44,25,39,43,53,58,50,46,21,29,40,59,37,36,18,19,51,30,52,55,31,6,5,0,7,14,4,8,27,9,45,32,2,57,61,13,42,22
10,63,25,27,16,48,2,33,6,7,49,3,1,20,9,28,43,0,22,8,53,12,29,42,51,30,38,35,17,57,58,14,34,46,19,61,62,44,37,31,11,23,41,59,26,24,56,55,50,21,40,54,4,5,45,36,47,18,39,13,32,52,60,15
19,27,51,31,30,24,59,36,9,40,58,43,56,17,57,16,4,13,62,39,10,35,46,12,21,5,3,25,53,26,6,45,41,32,2,42,7,1,37,60,11,49,0,28,8,52,18,33,61,14,63,29,54,23,15,44,22,34,38,48,50,20,47,55
21,2,31,28,43,33,48,46,53,10,44,56,1,37,22,18,5,54,58,14,42,59,16,51,52,23,47,38,12,35,26,40,41,36,3,32,55,62,13,39,49,0,27,20,25,8,24,11,34,6,30,60,17,9,50,4,61,45,15,63,19,7,57,29
57,17,28,32,63,61,62,48,0,45,29,60,43,7,47,44,19,27,46,16,38,33,25,23,2,37,59,22,15,13,10,4,5,9,50,3,31,52,26,55,51,40,58,11,53,21,36,35,6,49,41,56,14,20,39,8,54,42,30,1,24,12,34,18
21,45,46,24,44,16,10,13,8,11,35,56,52,61,62,51,0,39,63,7,59,34,22,15,58,50,32,38,54,5,6,17,37,55,31,2,1,4,18,9,26,48,29,25,42,3,60,23,20,33,30,40,53,19,36,27,14,28,12,41,57,49,43,47
2,39,8,49,23,53,12,58,9,6,3,37,4,19,27,55,34,61,50,43,51,26,31,45,47,56,28,14,16,40,36,52,57,7,22,18,63,60,29,17,21,5,59,24,42,25,35,32,46,13,54,48,33,30,62,1,11,41,10,0,20,15,44,38
27,14,6,26,53,54,31,49,21,17,12,24,55,52,62,10,1,38,47,25,30,42,43,48,51,36,32,7,61,5,22,3,4,39,58,23,46,59,11,2,28,29,9,19,33,13,44,20,34,56,40,60,18,37,15,0,16,45,50,41,63,8,57,35
17,41,18,60,62,2,14,25,46,20,5,16,47,10,59,31,33,55,39,19,11,29,43,42,13,48,51,54,34,1,24,53,57,15,28,8,61,12,49,32,21,6,26,3,50,9,27,35,37,45,36,4,44,38,63,40,56,7,58,30,52,22,23,0
27,20,3,14,48,24,12,17,39,50,18,6,34,5,62,32,60,7,51,33,15,9,61,22,63,47,21,42,49,55,13,44,26,2,53,16,30,54,40,56,4,29,41,23,25,8,28,52,1,46,38,11,0,57,43,36,19,58,37,10,35,45,31,59
62,49,1,16,43,28,48,3,29,13,15,6,47,59,60,18,4,5,17,26,38,50,42,37,58,55,2,52,63,0,14,41,22,33,36,46,11,53,25,61,35,12,20,10,19,56,44,24,32,7,23,45,21,54,8,57,34,39,9,27,30,31,51,40
43,62,44,11,29,51,40,32,58,52,17,15,23,5,22,18,19,47,24,1,8,49,4,33,56,57,10,21,9,26,39,35,42,37,60,20,53,12,7,45,34,50,55,6,2,14,61,0,25,28,36,41,31,3,16,38,63,27,13,54,59,46,30,48
27,16,61,10,5,52,17,34,2,29,42,3,1,54,24,26,22,51,23,56,62,41,36,55,39,58,47,20,53,46,43,7,37,18,30,45,63,32,48,60,8,25,14,21,33,59,44,15,13,9,4,57,40,6,35,31,0,19,11,12,28,50,38,49
48,39,63,14,16,44,62,2,29,28,49,46,51,50,24,47,9,26,23,30,37,45,38,0,19,11,35,33,21,32,40,42,25,3,59,52,55,4,17,8,61,12,43,10,31,58,20,53,5,7,54,41,1,57,27,36,18,60,13,56,15,6,34,22
3,60,32,31,45,54,33,22,62,17,12,46,6,50,36,10,38,51,34,1,24,28,7,40,25,0,11,14,56,18,58,48,49,15,55,37,44,52,59,41,21,42,20,39,43,8,9,23,5,61,30,26,63,27,53,57,16,29,2,19,4,35,47,13
49,9,41,52,0,11,47,58,12,46,53,36,24,21,62,27,48,19,44,22,26,23,8,16,28,33,5,13,56,31,57,17,61,43,4,34,50,60,15,1,45,40,10,29,38,51,42,6,7,20,30,59,25,39,63,18,3,32,54,37,2,14,55,35
34,15,54,31,62,61,7,47,25,16,33,60,21,20,35,2,36,1,5,9,26,52,55,37,50,41,4,12,8,43,40,57,59,30,18,6,46,32,27,48,23,19,29,28,63,38,0,51,56,17,45,13,24,53,11,3,42,22,49,44,39,58,14,10
38,55,60,57,20,14,26,51,23,29,52,8,44,4,28,5,31,21,19,45,10,41,59,24,54,34,37,43,56,40,63,2,6,15,17,25,46,61,30,32,36,7,13,12,16,35,3,58,0,18,11,33,49,42,50,22,47,53,27,1,48,62,39,9
56,51,29,36,22,10,48,17,39,49,6,45,50,57,27,30,35,33,25,18,60,8,12,31,38,46,16,20,42,3,58,37,24,41,28,40,14,32,15,13,11,61,21,52,19,4,23,44,9,7,53,34,59,47,43,26,5,54,0,62,1,2,55,63
54,7,49,30,17,22,18,59,15,26,33,35,51,28,8,2,3,0,43,46,63,56,47,6,39,27,34,12,25,57,62,53,61,11,10,45,37,23,48,29,13,40,19,44,9,50,4,52,20,21,32,38,58,55,1,14,36,5,31,16,60,24,42,41
42,47,44,55,12,19,54,36,17,40,26,31,34,51,11,61,20,56,60,39,46,50,2,22,57,3,9,62,59,5,43,0,18,38,53,23,49,32,13,48,21,41,10,6,29,8,28,7,1,16,27,58,15,4,37,25,30,33,45,24,35,63,52,14
33,35,36,23,59,0,50,39,18,30,51,47,9,48,19,55,5,49,10,52,53,13,31,7,11,4,37,32,16,3,20,45,62,46,2,6,43,57,61,29,58,25,22,21,27,12,1,34,38,8,28,54,24,14,56,26,60,15,42,63,17,40,41,44
55,35,7,58,45,9,57,3,15,62,27,56,37,41,34,1,32,13,29,25,17,26,40,47,10,23,59,44,21,28,6,8,18,33,51,19,60,22,54,63,5,46,52,16,11,4,2,20,61,14,36,53,43,31,49,0,39,30,38,50,24,12,42,48
18,60,57,15,22,63,9,32,6,56,50,44,19,4,49,24,42,51,48,13,29,25,28,55,16,12,35,2,37,40,0,34,3,53,36,8,17,38,58,1,31,46,5,39,26,43,10,59,52,54,62,41,61,27,33,47,30,7,45,11,20,14,23,21
17,1,7,31,2,41,61,46,60,11,28,34,10,45,62,54,9,8,50,14,63,18,24,3,44,39,48,15,43,55,5,22,0,26,58,32,53,42,47,51,4,56,36,59,25,33,30,52,38,16,19,12,27,21,49,6,37,29,23,35,13,57,40,20
20,50,49,57,12,13,5,26,8,22,53,37,60,15,51,7,1,45,34,30,58,48,24,63,56,17,35,0,41,59,31,46,38,62,19,52,25,27,54,2,44,18,40,6,33,23,39,55,42,10,32,21,36,9,3,29,28,14,11,61,47,16,43,4
13,51,11,48,38,60,31,27,3,46,15,2,7,53,14,16,23,6,5,62,57,52,22,18,63,10,21,8,9,42,45,37,32,33,58,61,0,50,34,12,17,55,54,20,29,24,25,47,59,39,36,44,28,35,26,30,4,41,40,43,49,56,1,19
44,29,3,12,32,9,59,2,19,17,18,42,49,0,51,22,50,57,60,6,35,7,55,24,63,56,48,31,10,8,1,11,61,30,26,13,41,36,21,53,47,39,25,23,40,28,20,58,27,34,5,37,43,46,62,4,52,14,15,38,54,45,33,16
36,9,34,2,50,28,38,41,40,3,18,48,24,46,20,32,47,63,17,4,35,5,13,7,44,60,56,61,33,52,39,55,15,62,12,21,31,54,19,51,53,26,1,22,45,30,37,25,8,14,43,42,29,57,0,27,58,49,23,6,59,11,10,16
60,48,45,11,14,16,31,57,20,29,10,24,23,61,36,26,40,12,2,5,39,18,55,21,1,17,33,0,41,4,44,51,3,59,8,58,34,43,38,13,62,28,9,22,35,63,7,47,25,50,32,15,54,46,52,27,56,30,37,19,49,6,53,42
47,51,14,42,33,43,41,31,34,57,27,38,59,25,19,7,46,32,28,12,17,56,3,6,9,39,26,53,55,4,52,61,22,62,50,37,45,20,24,29,2,54,8,44,35,60,49,5,18,30,10,36,11,16,0,15,21,40,13,58,1,23,63,48
5,47,21,35,25,20,7,31,12,39,62,10,43,1,14,46,42,52,26,6,45,3,9,29,19,37,11,57,48,36,2,63,60,51,13,22,54,50,15,38,59,17,55,41,40,53,44,23,18,58,4,16,56,8,24,34,30,61,49,32,33,0,27,28
48,50,45,25,19,13,42,61,3,43,44,16,46,58,7,32,52,14,4,47,26,12,41,51,56,38,59,34,29,27,37,24,30,54,9,10,62,6,39,49,35,36,5,20,33,60,22,21,31,17,57,55,8,11,23,0,18,15,63,40,28,1,2,53
25,24,62,45,3,41,63,39,32,1,18,49,23,42,30,38,28,7,33,34,51,59,35,52,21,14,0,17,20,9,19,22,61,44,47,50,26,55,36,4,11,57,43,16,56,8,31,46,12,60,10,15,29,2,37,27,54,5,6,53,13,48,58,40
23,63,51,44,15,12,31,45,33,57,22,20,18,25,53,36,11,30,5,6,0,62,37,54,56,14,60,2,4,1,61,55,35,42,26,16,58,9,49,38,19,17,39,40,10,59,27,21,8,29,47,48,13,34,50,43,32,24,28,46,41,7,3,52
24,34,41,27,10,31,46,33,32,5,37,18,48,44,55,6,3,15,22,19,61,50,1,60,40,12,47,42,9,36,53,0,39,26,30,17,14,7,28,29,2,57,25,52,13,8,38,20,16,43,45,58,11,59,51,35,62,56,21,4,54,63,49,23
57,1,4,63,62,42,21,35,10,39,44,2,45,33,31,49,20,32,24,25,6,59,60,22,16,14,7,0,55,53,15,38,13,17,54,40,3,48,56,46,8,47,58,41,43,27,34,23,30,36,11,9,18,52,19,28,37,26,12,29,50,61,5,51
16,34,6,36,27,10,0,35,60,28,4,26,18,56,38,46,44,8,15,32,31,13,50,33,37,12,54,63,43,3,5,59,25,24,58,53,30,29,41,11,42,52,49,19,57,48,20,45,9,62,14,51,17,39,22,55,1,2,23,47,7,61,21,40
59,39,0,35,8,55,15,40,17,28,49,16,24,53,57,34,20,42,4,38,27,43,14,54,50,13,51,36,9,1,46,3,48,52,21,37,58,30,22,12,6,25,32,41,26,11,61,56,7,44,29,19,45,33,10,23,63,62,5,47,60,18,2,31
9,22,26,23,30,57,15,18,58,53,8,46,62,2,38,60,55,20,37,16,63,48,43,27,49,52,13,14,0,6,33,25,59,1,39,40,29,61,56,34,19,44,24,17,50,5,47,7,35,54,42,41,28,51,12,45,11,36,10,3,21,32,31,4
24,30,58,31,42,26,60,25,28,19,29,36,46,21,59,14,32,47,61,52,41,2,7,3,51,48,0,37,5,57,35,1,33,55,23,4,22,38,49,16,63,45,34,40,17,39,27,18,44,11,6,56,20,13,62,53,8,54,43,10,9,50,15,12
40,22,60,19,34,31,27,21,26,42,32,8,29,0,13,62,58,36,35,20,18,49,44,41,2,30,1,43,39,24,6,57,14,47,33,15,23,53,61,55,45,52,54,46,50,48,17,9,37,63,5,16,25,56,28,12,11,51,4,59,10,3,38,7
6,45,58,23,43,19,11,0,47,53,61,40,37,7,18,29,26,30,15,12,56,22,21,20,57,17,39,4,27,55,50,28,46,1,48,31,42,13,44,9,38,54,60,62,33,35,5,59,41,2,24,16,63,34,25,52,32,49,36,51,3,14,8,10
30,29,59,21,42,54,45,23,17,46,36,25,38,28,7,41,35,50,13,11,14,19,12,32,31,3,5,51,24,53,52,44,22,2,62,4,9,0,10,34,27,58,60,61,20,40,33,16,55,18,1,47,63,57,6,37,56,39,43,49,26,15,8,48
46,25,50,31,28,11,45,9,58,63,0,38,3,33,59,61,15,7,55,24,51,5,39,12,32,14,57,43,1,27,47,2,42,56,19,35,4,44,13,60,20,53,48,10,34,26,21,23,22,54,49,36,29,16,62,8,30,6,52,18,41,37,40,17
19,8,56,11,13,5,25,30,43,62,49,9,46,34,18,45,14,35,33,40,10,21,20,58,63,0,36,37,59,31,4,38,55,50,28,42,51,15,39,54,12,27,17,6,29,47,41,23,22,60,32,24,2,48,26,53,3,16,57,1,61,44,52,7
19,4,35,7,25,2,63,54,33,26,36,6,41,55,53,62,10,21,44,38,37,17,34,48,29,56,16,28,18,24,45,42,30,11,23,39,52,58,14,9,22,43,20,15,57,59,49,0,31,50,27,60,5,3,13,12,47,32,40,1,46,51,61,8
13,40,14,37,41,4,58,38,57,33,21,17,47,59,43,15,62,61,34,11,32,27,54,39,28,48,12,29,18,10,60,46,0,63,5,22,49,16,35,51,53,42,3,30,56,23,25,45,7,9,50,55,2,31,8,20,52,19,44,26,36,6,24,1
34,28,19,0,1,38,44,46,7,24,59,35,25,53,39,63,51,56,13,22,15,49,62,30,33,26,12,58,52,57,5,9,47,2,16,29,21,45,40,41,61,43,32,37,54,55,31,50,20,14,60,48,18,42,27,11,23,10,3,8,17,4,36,6
45,0,35,15,53,42,2,54,61,36,30,29,4,38,33,9,62,13,20,43,22,63,18,8,58,41,47,14,12,56,60,44,17,55,3,57,7,25,16,37,32,28,34,31,52,48,27,5,11,49,50,21,23,26,10,24,39,51,40,46,6,59,19,1
25,16,30,42,46,35,9,31,0,4,52,21,50,44,61,37,38,56,29,12,24,22,58,47,63,55,15,23,54,7,19,1,49,43,18,59,13,53,26,48,45,36,5,33,51,10,39,6,41,20,40,32,8,62,3,28,34,11,17,57,14,60,27,2
45,60,2,23,35,9,24,16,42,7,29,31,43,20,57,54,4,6,40,50,34,27,3,22,46,19,51,52,32,10,30,36,63,14,62,25,18,28,33,11,12,53,55,8,58,41,0,38,21,61,47,13,1,5,56,48,17,44,37,15,49,59,26,39
40,9,54,49,30,12,6,10,31,56,48,2,38,26,25,46,43,4,50,3,58,22,42,29,20,63,55,16,23,51,14,45,61,32,47,18,17,35,28,5,15,53,1,62,59,27,44,52,21,36,41,39,34,60,19,37,11,7,13,0,33,57,8,24
3,5,46,14,39,6,37,36,38,61,48,2,19,62,43,18,57,20,35,15,26,1,24,23,42,13,54,33,41,56,17,28,40,8,9,34,25,55,58,60,7,4,63,44,51,30,32,0,49,21,47,12,59,45,10,52,27,16,53,22,11,50,31,29
40,22,42,53,35,36,10,63,20,28,46,3,62,30,15,44,4,6,7,27,33,58,59,1,11,19,52,54,32,43,48,37,39,25,49,61,55,13,21,16,34,8,12,47,50,24,56,0,38,41,29,5,9,17,23,2,18,51,60,45,57,31,26,14
55,12,0,22,39,16,29,26,38,15,45,18,33,47,8,40,31,19,56,60,61,36,11,2,28,35,34,37,4,58,46,20,27,23,7,42,5,49,1,44,43,13,30,32,59,41,14,53,9,24,6,50,48,54,57,52,3,10,63,17,62,21,25,51
31,6,54,26,20,33,7,4,1,9,34,35,62,30,23,0,52,11,21,17,51,43,45,59,38,58,56,8,2,16,63,24,37,48,61,10,12,47,3,5,14,13,50,57,19,36,46,49,39,27,60,32,25,55,40,41,42,22,28,15,53,44,18,29
43,61,54,58,20,10,45,31,48,12,17,28,26,44,59,38,41,5,25,34,56,7,14,51,0,27,18,52,40,8,1,50,9,35,29,2,19,4,21,47,22,11,13,30,3,24,53,62,39,16,60,49,37,42,6,32,23,55,57,46,36,15,63,33
59,58,48,2,27,0,36,20,12,32,40,16,35,41,25,63,61,28,4,45,43,8,60,53,17,23,50,44,57,18,26,46,15,33,42,7,14,11,47,31,56,19,5,22,6,29,34,9,37,24,52,1,38,13,39,62,30,51,49,54,10,55,3,21
17,18,19,50,23,31,54,13,0,32,8,5,60,37,43,20,26,24,62,55,51,11,1,40,14,9,21,15,45,53,61,25,28,57,6,16,42,56,59,4,47,41,38,39,44,58,48,3,2,34,52,36,63,22,33,7,27,35,46,29,30,12,10,49
21,39,31,14,17,53,38,44,22,56,45,46,47,7,19,25,61,33,6,8,30,9,50,16,10,27,62,1,18,26,51,58,20,0,37,54,4,60,49,5,42,12,52,23,11,24,63,55,32,13,43,29,28,35,41,15,40,3,2,36,59,48,34,57
62,41,25,37,1,11,33,46,6,21,5,43,36,16,45,55,18,32,2,56,27,60,59,4,42,34,19,30,35,29,10,54,9,58,24,52,15,14,50,26,49,63,61,23,38,13,0,44,31,17,51,40,20,22,3,7,39,53,48,12,57,47,28,8
60,2,13,52,38,37,42,33,47,16,9,49,11,14,8,34,21,45,7,28,58,35,56,61,48,10,26,25,53,15,4,19,30,57,1,22,17,27,6,23,18,24,55,41,44,46,54,29,3,59,31,43,0,62,20,50,51,12,40,63,39,36,32,5
54,25,62,4,5,36,22,11,9,55,29,42,19,47,57,63,38,18,20,6,58,39,59,14,51,52,31,27,49,33,37,40,21,53,10,3,41,26,48,23,28,34,32,12,56,60,45,61,0,30,15,7,17,35,43,1,24,50,8,2,16,46,13,44
26,7,30,37,13,61,12,62,43,45,54,24,15,3,51,52,59,46,23,16,53,56,50,27,34,14,35,47,8,44,4,25,41,17,42,19,6,60,33,2,49,0,18,5,48,39,55,58,63,1,21,32,38,22,57,40,20,36,10,9,29,28,31,11
21,31,56,60,41,14,0,23,50,22,32,1,12,34,57,51,19,44,2,24,13,62,36,40,18,54,37,27,33,47,53,25,20,35,4,52,9,39,8,5,46,45,16,6,11,30,49,17,58,3,42,7,15,48,43,63,59,28,55,10,38,61,26,29
15,20,37,13,28,62,6,48,11,61,32,49,55,34,4,53,5,35,39,45,27,33,51,29,10,19,47,17,43,52,3,8,0,18,54,24,38,14,56,31,36,59,30,50,25,21,63,1,9,57,26,58,41,16,22,12,2,42,7,44,40,60,23,46
20,39,12,61,60,9,1,10,32,55,30,58,52,50,34,35,41,42,26,62,36,18,23,37,25,46,8,4,28,17,21,63,11,13,14,48,6,51,38,33,22,45,2,54,15,40,49,47,0,29,53,24,27,44,5,59,16,19,56,43,7,57,3,31
36,56,49,27,25,22,30,61,15,7,57,19,43,10,0,47,54,63,14,24,20,6,17,13,39,9,11,37,32,2,35,3,40,4,53,34,44,1,50,26,8,12,55,52,59,33,46,38,51,5,16,45,60,48,41,21,62,42,29,31,18,28,58,23
29,56,33,39,18,63,1,32,60,34,41,16,40,13,9,37,36,6,55,10,24,28,50,61,27,7,5,20,52,17,51,54,2,48,21,12,0,49,43,47,53,44,19,23,25,15,22,42,59,46,14,38,45,35,11,3,26,58,8,62,30,31,4,57
37,17,7,18,24,22,14,53,1,20,29,58,63,36,25,40,13,42,32,49,51,31,16,19,38,44,56,61,2,39,11,9,41,45,12,46,27,10,35,55,48,15,3,43,23,50,57,5,4,54,34,21,6,60,26,0,33,8,30,28,62,52,47,59
34,23,57,9,12,6,27,35,2,45,55,29,46,59,60,47,1,63,22,14,58,13,24,33,4,31,20,21,0,5,43,53,11,18,62,44,7,38,51,50,10,37,61,15,36,16,32,52,54,30,26,39,19,49,25,28,42,3,41,40,56,48,8,17
5,58,62,43,45,50,21,17,1,61,41,52,63,7,4,6,22,31,55,53,56,33,25,59,23,27,37,36,28,32,19,42,2,15,35,40,18,47,30,11,51,24,20,14,34,16,60,57,12,44,8,13,3,38,46,26,0,9,49,48,10,29,39,54
57,4,1,42,11,36,32,16,39,44,8,15,17,38,13,45,12,5,51,24,43,60,20,7,56,37,61,47,52,55,0,3,19,26,6,23,29,22,63,2,49,48,10,30,18,25,33,62,35,31,28,50,9,41,27,53,59,54,58,34,21,46,14,40
41,39,36,52,10,27,21,57,59,7,60,63,37,0,47,33,44,49,25,51,31,3,11,28,50,61,53,4,29,13,12,35,43,55,20,22,15,46,34,19,23,5,8,56,62,16,45,24,58,9,40,18,54,48,17,26,1,6,38,30,42,2,14,32
44,33,3,63,45,47,54,60,21,46,52,11,14,59,25,26,20,8,13,39,62,30,42,1,43,2,40,57,10,27,19,9,41,15,29,56,55,35,32,51,61,34,50,58,31,36,23,18,24,16,7,37,49,4,5,28,38,12,0,6,22,17,48,53
18,42,35,20,26,54,60,22,36,39,32,12,44,62,3,24,14,59,11,8,58,30,33,51,19,50,46,63,28,55,10,52,53,1,41,15,29,31,48,5,27,34,4,7,17,40,13,61,0,38,2,16,9,37,56,49,25,57,21,45,43,6,23,47
40,4,5,53,0,44,2,33,62,55,45,58,56,7,57,59,17,1,29,9,28,51,24,25,11,38,52,46,8,34,30,18,27,23,61,21,60,49,10,16,22,37,32,50,20,12,19,35,63,14,26,48,41,54,31,39,13,36,3,6,42,43,47,15
38,31,27,10,50,62,46,18,32,40,3,7,9,35,21,30,53,49,36,15,6,17,19,52,12,25,59,55,48,23,4,58,20,42,0,24,29,60,63,51,5,39,8,13,47,22,45,28,33,43,1,37,61,56,34,14,11,44,16,2,26,57,54,41
34,38,39,49,35,12,46,3,37,6,1,45,51,7,30,22,16,29,44,56,55,63,14,18,21,33,26,61,48,20,9,54,11,62,53,41,42,24,2,43,40,0,23,25,5,10,36,15,27,50,47,31,57,17,19,52,28,32,13,58,4,8,60,59
7,28,37,54,62,33,51,36,4,61,63,59,14,44,6,45,48,31,15,8,10,2,40,20,35,17,47,13,43,30,22,16,9,39,18,38,27,19,42,3,23,50,56,5,41,57,21,11,58,24,0,34,55,1,60,26,25,52,29,49,12,53,32,46
16,29,44,17,41,61,24,1,40,4,38,56,0,20,51,47,15,55,9,35,46,33,36,22,28,49,19,48,43,63,13,30,26,37,53,6,11,31,10,62,59,60,58,52,12,25,57,50,27,34,2,54,18,21,8,32,3,5,7,23,39,45,42,14
56,1,51,39,9,29,15,17,46,22,47,3,18,63,37,6,60,55,52,45,40,41,43,57,53,5,38,21,36,50,42,19,58,30,32,10,48,16,24,23,35,11,26,4,61,27,0,20,8,12,44,59,34,13,33,62,14,7,49,2,28,25,31,54
7,27,29,61,32,16,63,62,14,54,58,50,25,59,35,40,52,36,1,33,0,31,24,46,26,9,3,5,4,30,45,43,23,8,57,51,22,49,28,38,11,34,19,55,6,41,15,48,53,21,39,42,56,18,17,37,60,2,12,20,47,13,10,44
58,22,0,50,36,29,8,41,62,53,24,6,60,34,45,55,13,38,35,10,46,7,44,16,2,30,61,40,12,1,17,19,15,48,3,56,39,57,54,23,4,37,49,47,42,20,27,25,9,33,32,18,43,5,31,52,63,28,26,14,51,11,59,21
5,16,20,27,57,46,29,37,52,21,35,51,55,6,24,54,25,56,4,22,8,10,28,30,23,42,3,1,7,40,15,49,41,11,53,17,32,39,36,59,13,12,44,19,50,60,18,62,33,63,31,61,38,26,43,9,48,0,45,2,34,58,14,47
53,19,20,12,40,2,37,7,5,6,36,21,42,25,23,41,1,26,27,10,60,46,63,15,55,24,9,50,33,8,34,29,30,11,54,3,58,13,28,0,49,32,4,56,38,52,57,18,48,43,31,16,14,17,44,35,39,22,45,61,47,59,62,51
12,62,13,31,15,57,3,37,38,14,10,44,59,6,4,48,28,34,22,33,41,51,36,53,56,2,21,47,9,50,45,7,27,55,30,18,11,46,40,42,19,39,25,29,61,16,8,43,26,58,32,49,52,1,5,20,23,0,35,60,24,54,63,17
47,2,58,13,49,24,16,41,36,26,11,51,60,7,50,34,52,37,18,20,1,6,57,56,59,55,43,31,44,38,14,29,53,39,0,12,22,9,28,63,61,23,3,46,27,21,35,10,48,42,30,15,54,32,40,62,19,25,45,4,33,5,17,8
50,35,1,29,34,41,33,14,36,23,62,56,61,46,7,57,28,20,43,25,30,9,52,27,17,58,31,42,18,0,5,59,4,15,44,49,26,60,22,19,38,12,3,37,39,40,45,13,6,54,2,8,10,47,24,11,16,48,55,32,53,51,63,21
3,48,17,36,27,21,23,10,38,43,62,47,22,8,35,26,54,56,28,13,34,2,25,40,44,57,4,12,1,46,9,61,39,16,24,29,37,50,19,60,15,45,7,33,59,42,41,53,5,55,11,30,6,52,0,20,18,63,32,58,14,51,49,31
61,11,37,17,60,33,0,1,46,26,49,16,40,4,2,57,54,5,23,20,63,59,29,44,45,22,34,62,6,30,32,10,43,25,41,14,21,42,15,9,7,24,12,38,35,18,52,56,58,31,13,55,39,50,19,28,51,27,53,8,3,36,47,48
22,43,57,25,44,13,17,2,53,51,56,55,11,26,20,3,19,0,9,41,23,45,46,54,48,12,62,24,34,63,5,47,30,49,40,10,6,32,39,52,60,21,27,15,29,18,14,36,4,7,35,16,50,61,8,42,1,31,38,59,33,28,58,37
7,25,35,24,20,5,26,6,36,16,41,18,40,42,52,29,4,2,3,48,46,21,39,43,19,27,60,50,28,59,10,1,55,8,31,23,47,53,12,45,57,14,13,38,37,0,63,33,61,15,56,51,11,22,49,54,17,44,30,34,62,9,58,32
18,44,13,17,29,32,6,47,25,19,48,5,37,41,7,33,22,51,30,49,53,28,59,60,46,55,43,23,20,62,27,56,4,50,52,3,10,12,54,58,24,40,39,16,26,9,34,31,14,1,21,15,2,8,45,61,42,0,36,11,38,63,35,57
40,1,25,59,37,53,46,23,22,61,57,36,10,5,60,54,26,42,4,29,0,45,56,48,39,27,49,19,3,7,44,30,8,52,9,43,16,6,62,33,15,31,20,24,11,47,12,58,18,55,50,35,63,17,41,32,14,38,13,21,2,28,51,34
3,1,46,43,31,61,12,50,40,56,28,44,53,18,51,29,63,26,54,45,55,2,14,42,21,20,6,16,11,38,60,9,32,57,41,48,62,27,24,37,17,4,7,15,52,5,0,22,25,35,58,39,33,47,23,34,49,8,59,10,19,30,13,36
49,32,54,36,48,52,29,9,16,7,25,27,10,33,46,26,0,45,53,1,40,21,37,59,3,11,43,56,61,31,51,41,13,34,18,28,20,24,39,60,30,5,58,62,12,17,38,63,2,14,42,57,44,55,15,22,19,23,50,35,8,6,4,47
20,62,59,12,4,13,46,39,16,21,49,24,14,8,57,41,6,31,33,5,23,37,26,32,45,7,38,10,47,17,35,50,3,27,55,19,30,51,1,60,54,63,18,25,11,56,2,29,36,58,52,34,44,40,22,61,0,42,43,9,28,53,15,48
26,18,8,15,62,45,5,51,0,38,33,4,1,59,3,7,9,30,44,53,6,10,43,50,34,41,17,52,20,36,61,47,14,39,46,32,54,19,23,48,37,49,29,25,56,11,28,27,22,13,35,24,40,58,2,21,63,60,55,42,12,16,31,57
6,40,22,2,23,51,62,50,39,58,37,10,47,53,55,43,16,57,18,52,19,49,7,3,26,33,13,41,60,5,21,25,17,34,8,29,61,48,30,38,15,46,11,20,4,35,0,28,27,31,56,9,44,12,63,14,54,42,36,45,59,24,1,32
51,45,1,37,63,52,60,0,59,42,35,40,55,28,33,26,30,24,3,15,14,20,44,29,9,25,53,12,41,10,49,38,58,31,56,54,47,61,23,22,34,11,16,43,36,6,57,48,4,13,39,2,27,8,50,7,18,17,19,5,62,46,21,32
59,1,48,39,3,16,56,8,50,20,35,19,18,12,17,14,33,7,4,38,52,13,44,51,41,36,5,0,63,58,26,21,43,24,45,60,31,29,9,30,10,54,23,28,37,40,61,47,34,42,32,22,15,53,55,25,57,11,27,49,6,62,46,2
40,2,4,53,9,25,59,51,23,41,22,63,54,15,45,48,58,38,37,16,13,19,44,8,39,1,35,14,55,49,12,30,10,56,60,27,28,32,17,33,5,21,7,3,36,26,43,47,52,31,29,50,0,24,62,46,34,6,20,11,42,61,57,18
45,31,49,16,20,57,7,21,44,3,50,6,48,2,60,30,59,8,61,23,4,58,38,32,40,46,28,34,17,52,43,36,24,14,37,1,54,13,62,9,11,5,42,33,15,19,10,41,39,27,56,12,53,0,25,18,63,55,47,35,29,26,22,51
23,44,27,6,39,11,55,56,40,14,46,9,57,50,42,7,5,34,29,8,48,60,21,3,37,2,47,12,22,0,54,51,32,10,62,1,35,28,58,25,61,49,59,31,41,52,38,19,30,4,17,45,63,36,16,24,13,53,20,18,15,33,43,26
4,29,13,34,40,21,48,7,44,52,51,19,22,55,60,54,17,39,62,33,43,27,23,9,61,53,36,10,12,6,20,14,26,11,63,50,46,32,35,49,59,3,30,38,57,0,56,2,47,58,41,28,42,5,25,15,16,45,31,37,18,1,24,8
56,52,1,47,37,27,46,24,17,6,20,29,61,23,25,4,48,54,59,60,33,18,50,12,40,3,7,34,51,32,63,45,38,15,49,13,0,31,21,9,44,22,28,10,35,11,5,26,30,8,14,62,53,19,55,2,36,57,42,41,58,16,43,39
18,48,32,31,15,57,26,24,28,51,8,16,25,52,9,12,40,1,7,33,36,59,53,39,63,4,29,43,2,41,3,37,13,20,46,6,5,50,21,62,11,27,60,0,49,42,14,35,55,54,22,56,34,61,10,38,19,58,23,30,45,47,17,44
24,5,12,41,31,63,6,47,62,8,34,13,53,52,32,10,38,59,46,28,27,51,36,22,4,35,21,57,45,1,49,44,56,14,39,19,20,33,61,55,0,42,54,9,11,2,25,15,7,60,26,17,40,37,50,18,43,58,48,23,16,30,29,3
34,12,21,56,57,22,29,47,31,5,62,10,32,63,18,44,38,8,23,48,58,24,30,15,0,2,9,3,19,7,55,41,20,60,33,43,42,52,40,25,16,36,27,17,45,50,59,51,46,13,35,54,11,39,28,53,6,1,61,4,14,37,49,26
45,13,29,28,9,14,51,60,44,34,18,0,40,11,50,6,36,35,37,12,24,22,49,41,20,43,25,63,59,5,55,3,21,54,46,38,58,8,53,26,17,1,32,23,31,19,27,62,42,2,56,48,30,15,4,61,16,52,57,10,39,47,7,33
14,44,45,6,50,30,37,47,40,7,32,21,51,55,34,53,48,2,52,9,8,25,56,16,13,3,42,60,10,43,61,19,38,5,54,57,28,26,27,29,35,24,12,39,20,1,31,49,59,33,62,41,22,15,0,63,36,11,17,4,23,18,58,46
53,3,39,33,55,48,18,37,58,8,25,19,44,16,17,41,50,56,9,4,45,38,51,52,23,42,14,28,35,32,12,15,11,29,27,54,26,36,60,1,47,2,5,63,34,62,30,61,7,59,46,20,10,49,24,6,43,22,40,57,0,31,13,21
3,19,4,50,24,6,43,11,51,57,40,8,34,21,13,5,12,60,10,38,15,1,47,30,18,17,9,56,62,44,28,46,32,45,29,49,53,55,63,52,59,26,16,14,37,42,25,33,22,0,61,20,48,35,2,39,36,7,58,23,27,31,41,54
19,57,4,25,13,41,22,12,30,40,45,6,29,5,54,28,36,43,62,21,52,8,55,7,49,31,38,0,3,14,16,32,35,15,58,47,37,18,44,51,11,9,2,60,34,10,39,48,53,46,59,33,56,1,61,26,24,63,23,42,27,17,20,50
58,22,24,28,62,35,0,47,11,32,60,25,13,55,10,9,4,42,40,59,52,33,27,61,29,37,56,15,21,19,2,34,49,14,53,54,20,12,1,39,30,17,31,51,57,16,38,6,18,5,43,48,41,7,44,50,23,8,63,46,3,26,36,45
51,62,39,26,6,10,16,9,43,32,4,13,50,41,7,35,31,44,40,55,19,23,5,25,15,11,61,58,17,33,34,22,27,36,20,48,49,24,45,47,46,12,29,8,56,37,53,54,63,3,57,38,59,60,0,18,28,1,2,30,52,14,42,21
16,20,7,35,36,50,44,59,4,32,39,38,22,33,12,19,21,27,29,13,53,37,23,61,63,46,1,0,41,52,51,48,55,11,34,24,25,26,47,2,9,60,30,31,49,3,8,18,42,10,17,6,40,45,56,58,28,57,62,43,5,54,14,15
33,58,37,17,62,47,34,44,18,53,24,48,3,31,38,16,10,46,61,25,12,45,13,2,54,7,11,63,30,42,23,32,29,19,15,56,21,8,14,0,28,41,49,60,51,26,4,40,9,36,35,52,5,6,20,43,39,59,57,55,27,50,1,22
8,16,11,50,24,43,53,63,47,25,49,4,31,18,61,28,14,55,10,15,21,3,58,26,29,60,23,41,6,5,40,20,9,56,59,51,36,37,38,7,48,19,27,2,12,44,13,33,39,22,34,17,45,52,57,46,0,1,62,54,30,32,42,35
48,45,51,9,31,39,57,22,2,37,8,29,1,59,36,50,63,28,53,55,13,34,11,54,62,7,38,20,19,25,35,26,32,42,17,18,33,47,4,24,10,12,16,21,6,15,43,49,58,60,3,14,30,61,0,56,41,5,44,27,23,46,52,40
63,58,14,62,42,41,32,31,20,56,49,17,22,28,23,36,9,35,51,3,25,59,6,30,34,27,44,15,54,26,11,53,60,12,46,0,61,5,7,43,8,45,47,57,33,29,19,21,52,48,24,55,2,1,18,16,4,13,39,10,37,50,38,40
57,7,40,30,25,0,10,31,58,33,26,3,15,53,6,52,11,59,24,23,21,63,29,47,16,17,28,41,38,42,1,8,19,54,36,37,2,12,48,56,55,45,14,51,60,50,32,5,13,43,61,9,22,27,44,39,46,18,49,62,20,4,35,34
24,6,51,49,35,34,31,2,46,7,45,48,14,40,50,19,0,56,63,43,5,13,20,16,27,10,60,57,1,44,53,22,54,17,37,39,28,30,41,3,11,15,58,61,47,55,25,8,52,62,9,4,23,26,59,18,33,12,42,21,29,38,32,36
46,5,29,40,55,4,61,59,57,27,54,19,33,25,24,35,1,43,30,60,15,16,31,17,2,47,11,49,41,10,14,3,20,13,7,53,8,37,45,32,39,36,48,22,26,6,44,42,34,38,50,58,18,9,21,23,62,52,0,63,28,51,56,12
53,3,36,57,9,5,55,33,49,35,41,51,47,62,40,13,15,34,18,16,32,10,7,14,63,4,59,56,37,26,50,11,17,6,31,48,1,27,21,54,20,0,43,39,61,8,58,60,29,44,12,24,28,52,25,23,2,38,22,19,46,30,45,42
55,18,50,15,58,38,27,14,10,60,22,33,48,45,4,63,16,36,51,11,2,49,32,1,62,31,12,35,26,19,20,29,39,46,47,41,44,7,53,6,23,43,24,17,3,61,21,57,42,40,34,5,52,30,9,54,25,0,56,28,59,13,37,8
39,58,8,56,23,22,9,11,3,20,30,36,46,6,44,25,21,34,43,38,4,55,13,12,15,10,1,37,24,62,18,0,26,52,61,7,50,47,63,41,14,29,5,27,35,2,31,28,60,48,40,51,45,33,54,42,17,16,57,53,32,59,49,19
4,53,42,8,26,7,31,49,58,39,22,60,41,19,17,3,15,9,50,55,47,32,54,34,27,23,14,59,12,56,36,37,1,20,25,61,46,43,0,6,2,38,29,10,51,21,52,5,57,45,48,24,16,63,40,13,35,62,18,33,11,44,28,30
28,30,40,62,12,54,31,11,2,0,19,34,18,60,21,51,47,9,50,24,39,8,49,48,22,20,5,45,23,55,6,52,32,4,26,14,41,37,38,46,13,59,29,42,33,63,58,57,16,1,15,44,3,56,43,10,36,53,35,7,17,25,61,27
16,34,59,47,46,21,42,19,10,44,40,18,7,1,15,37,24,25,12,4,35,30,5,22,29,50,61,63,55,56,60,23,28,43,52,36,45,57,6,8,33,31,39,9,62,32,3,20,2,49,53,41,58,38,48,54,14,0,13,11,26,27,17,51
53,2,31,24,36,11,20,22,54,15,37,6,32,9,43,7,34,51,19,14,5,1,50,33,10,61,21,47,23,55,48,56,8,30,0,46,26,13,49,38,39,62,58,35,42,60,40,57,52,17,12,4,28,16,45,44,59,27,18,41,63,29,3,25
3,7,61,16,27,56,28,30,32,44,19,14,35,0,6,59,2,9,26,40,17,47,20,24,18,53,34,51,60,42,21,41,43,46,31,39,63,45,10,15,22,50,12,52,57,4,11,48,58,55,25,62,23,49,8,33,38,1,37,54,13,5,36,29
63,37,42,23,46,5,10,0,30,9,12,54,58,40,20,61,18,47,60,45,34,53,19,38,21,3,25,36,17,59,14,32,48,15,33,62,11,13,28,4,16,44,52,51,24,41,29,8,50,26,55,2,31,56,35,22,49,6,57,7,1,39,27,43
1,25,12,8,56,31,63,17,6,22,29,59,20,39,5,40,41,30,21,19,47,36,27,10,14,48,23,60,3,7,11,26,55,2,0,50,15,43,9,52,37,35,49,34,16,45,61,58,38,13,24,42,54,32,62,4,51,33,57,44,18,53,46,28
41,10,14,38,15,8,30,7,11,61,6,29,20,44,23,50,3,40,51,58,33,52,47,57,25,36,37,53,63,5,48,21,22,45,55,59,24,19,56,2,0,54,27,31,34,26,12,46,39,60,4,32,49,28,18,43,16,42,17,1,62,35,13,9
6,29,19,52,14,9,26,35,42,10,12,8,15,28,18,59,5,21,25,43,37,11,49,30,1,54,60,23,48,47,0,41,45,13,39,56,31,2,24,4,16,3,62,36,55,46,33,50,63,20,7,57,38,44,22,61,34,32,27,40,51,17,53,58
21,51,60,22,42,36,35,62,31,28,30,19,43,54,9,56,14,53,38,3,29,15,39,17,41,52,44,50,32,16,59,25,33,5,26,58,6,34,48,27,45,49,61,55,12,7,40,0,47,57,18,24,4,37,10,8,2,46,1,23,20,13,11,63
10,9,57,47,43,37,4,52,32,36,15,1,21,61,42,27,53,23,48,38,16,35,22,34,3,2,33,18,14,45,50,59,60,20,46,0,29,49,25,58,8,56,17,12,41,40,28,7,30,63,26,11,6,19,62,54,24,44,55,39,13,51,5,31
56,3,18,48,51,17,55,59,2,35,53,4,29,23,42,36,49,45,14,11,39,47,62,19,57,41,25,61,63,20,52,13,38,33,1,50,5,34,10,44,54,6,24,22,58,26,27,43,0,46,40,30,60,12,16,9,15,28,21,7,32,31,37,8
61,6,24,23,26,56,47,3,60,7,8,22,53,36,16,34,45,58,15,54,9,27,32,38,57,40,19,17,63,30,37,51,4,5,49,44,14,11,41,2,55,50,12,52,1,39,28,59,0,10,29,18,31,42,21,20,25,13,62,43,33,48,46,35
27,46,32,23,54,18,51,52,5,55,6,13,12,49,31,41,2,11,29,1,34,24,21,36,0,30,63,28,3,60,26,10,39,25,43,14,50,15,38,40,7,33,42,44,20,62,59,47,35,19,17,58,45,4,8,22,57,56,9,48,61,53,16,37
41,1,32,17,24,34,60,59,25,15,61,31,20,27,0,46,28,22,33,5,29,38,12,43,62,52,9,7,63,19,13,8,55,36,56,37,30,21,57,45,48,10,53,44,2,16,35,50,58,11,14,54,47,26,39,3,51,40,18,6,4,49,23,42
18,30,16,38,49,52,61,58,27,55,47,60,23,2,41,31,56,59,1,22,42,62,32,37,25,40,45,20,26,46,12,21,0,44,51,14,8,63,57,24,4,29,10,9,33,17,43,5,34,35,19,54,28,48,53,11,15,3,36,7,13,6,50,39
5,9,34,13,25,52,49,40,6,30,29,10,55,14,17,44,20,1,7,39,56,3,53,38,42,41,54,61,32,47,33,27,36,18,2,31,60,37,19,15,46,51,4,11,35,21,45,23,24,0,16,62,63,26,28,50,59,12,58,43,57,8,22,48
38,10,29,43,47,41,7,12,26,36,19,27,39,11,42,58,17,44,30,18,6,56,33,5,45,61,13,22,46,54,4,57,0,34,31,62,9,28,63,49,25,8,3,60,48,53,51,40,1,20,37,16,24,32,50,2,21,55,23,35,59,15,14,52
63,62,36,13,15,19,30,38,10,48,45,50,0,16,40,47,28,25,59,29,56,41,32,24,54,18,35,8,5,52,27,14,58,3,39,61,20,44,11,6,26,9,43,57,42,34,21,53,7,55,60,1,46,2,12,49,31,51,4,37,22,17,33,23
57,18,24,36,25,50,62,14,60,47,22,31,26,20,54,61,1,52,37,8,29,0,59,34,55,23,46,42,41,12,43,5,44,49,63,10,32,48,56,3,51,2,4,35,7,40,30,21,45,17,27,6,58,16,11,9,33,19,28,39,15,53,13,38
4,61,45,0,2,50,56,16,39,33,53,43,55,40,32,15,26,1,9,36,52,12,59,11,14,19,8,54,63,13,18,3,30,6,24,17,22,7,35,10,5,47,49,44,28,25,62,51,23,20,58,37,34,31,60,38,27,41,29,21,42,57,48,46
42,6,30,5,56,29,34,47,17,39,14,10,51,28,27,63,52,24,36,46,19,7,35,31,41,55,4,2,33,3,57,12,53,26,44,25,32,0,20,8,37,48,11,38,62,60,58,9,45,1,23,13,16,43,22,21,50,49,15,18,61,59,40,54
20,6,47,8,27,25,51,42,52,12,49,38,30,7,45,28,15,4,58,21,35,11,13,33,14,29,24,31,56,1,36,62,41,19,44,43,61,9,40,34,50,17,59,63,54,23,57,26,18,5,16,0,53,22,37,32,60,2,46,48,55,10,3,39
30,6,61,53,20,3,14,36,57,62,32,23,27,11,47,22,39,21,44,41,42,56,24,5,1,60,38,43,59,19,40,26,46,12,45,48,7,34,15,10,18,9,35,28,52,49,54,31,16,51,17,33,50,55,8,2,37,63,0,25,29,58,13,4
10,17,27,34,63,53,15,30,8,45,19,29,24,56,0,5,37,55,28,60,21,18,57,32,4,1,22,43,12,23,6,48,49,39,13,51,46,52,62,33,2,47,31,50,25,3,41,14,36,59,20,61,16,58,7,42,54,26,9,38,40,35,11,44
1,12,17,14,54,22,5,3,18,47,53,44,58,30,32,39,25,0,34,27,24,15,35,62,55,51,61,42,45,43,49,37,36,23,60,4,19,26,57,8,56,21,50,38,2,48,7,10,6,33,59,40,63,20,16,13,31,9,29,28,41,52,46,11
37,33,32,34,19,3,20,61,44,5,42,18,38,8,47,30,4,53,46,49,9,15,57,36,10,17,13,58,29,23,54,45,48,50,6,59,27,40,55,51,26,22,41,28,2,35,52,21,24,39,1,43,11,60,7,12,56,31,62,16,14,25,63,0
60,31,24,63,49,59,25,17,62,9,26,41,22,51,34,11,33,43,35,50,55,18,5,37,4,32,56,12,6,40,45,29,21,53,57,16,8,7,14,54,44,1,23,10,15,46,30,28,0,39,3,27,20,36,61,13,47,58,42,19,38,52,2,48
12,42,52,9,47,41,63,49,30,4,13,57,7,44,54,56,36,60,18,10,8,61,23,48,21,1,15,2,40,37,25,50,33,38,14,24,28,26,16,59,29,11,5,6,3,31,22,62,39,35,58,20,43,53,32,55,27,45,46,0,19,17,51,34
39,31,51,3,52,26,29,47,53,8,63,22,48,56,13,32,62,11,10,20,61,9,45,28,27,40,46,5,4,0,33,24,41,25,59,35,14,38,60,30,21,19,57,54,37,18,49,43,17,23,1,50,42,2,36,34,44,7,58,12,15,16,55,6
1,5,24,45,23,50,38,22,4,17,54,35,14,18,63,32,9,49,41,42,26,52,51,61,58,16,37,33,55,53,15,21,48,11,34,47,20,31,29,57,59,7,44,43,13,46,36,10,40,56,2,30,6,28,39,60,12,3,19,25,62,0,8,27
3,57,8,5,48,61,25,60,33,11,4,32,35,17,43,29,51,49,56,34,20,58,50,41,9,47,27,40,45,54,38,53,55,24,59,6,37,36,18,12,39,42,15,26,31,62,21,16,22,46,44,13,30,19,1,28,23,0,63,14,7,52,10,2
25,35,37,0,38,60,20,43,18,19,46,51,39,12,3,61,45,9,27,31,63,57,48,29,41,8,33,58,2,30,36,49,4,54,10,40,22,28,52,5,17,13,62,1,21,7,47,6,16,53,55,14,24,32,50,11,23,15,34,59,42,56,26,44
32,47,9,52,56,44,15,27,13,1,63,31,28,37,14,45,5,6,16,34,54,8,41,3,11,33,51,53,49,39,22,4,62,21,18,26,2,42,55,7,60,50,46,61,23,59,17,0,40,58,12,38,20,36,24,43,19,30,29,25,57,35,10,48
56,31,22,7,30,39,6,49,38,17,21,61,5,18,44,1,11,26,40,46,25,12,8,29,51,28,63,24,15,35,2,20,16,37,23,34,54,55,58,53,36,42,43,19,33,50,57,52,32,62,48,14,60,45,47,41,13,4,59,27,9,3,0,10
54,0,52,48,22,55,4,29,20,2,51,17,47,8,62,26,24,21,13,3,23,59,16,31,15,19,5,56,14,44,43,1,27,58,35,9,18,53,7,46,33,30,36,39,41,50,28,32,57,49,6,45,10,37,63,38,34,61,42,25,60,11,40,12
5,13,34,51,25,14,62,7,48,52,1,30,50,18,33,39,35,17,47,40,43,15,42,55,8,22,38,60,41,58,16,61,21,46,59,29,24,12,63,28,54,32,36,11,3,2,10,23,19,9,37,26,27,31,20,6,44,4,45,53,0,57,49,56
11,35,23,29,9,45,4,47,53,38,60,61,21,32,56,49,20,18,13,24,42,15,12,3,31,36,22,40,39,10,17,7,6,62,2,34,44,28,55,59,27,26,0,54,5,41,58,19,8,63,37,57,46,30,25,14,16,51,33,50,52,48,1,43
53,52,61,41,30,26,33,22,54,17,25,38,37,57,15,12,18,55,21,60,13,44,8,62,11,28,0,4,36,2,20,35,50,6,31,1,48,63,32,9,39,46,47,24,10,14,42,34,27,29,51,59,23,58,19,16,7,40,43,3,56,49,5,45
45,33,38,29,60,63,62,16,54,55,15,61,46,23,0,10,49,34,41,6,30,37,24,12,32,44,31,13,20,27,22,26,48,19,53,21,42,11,40,5,43,52,58,47,4,57,18,7,50,25,14,56,1,39,51,9,3,17,36,2,35,8,28,59
9,3,47,19,30,31,43,18,57,4,23,13,55,12,16,37,51,6,63,42,24,29,26,25,22,32,60,46,33,15,20,7,45,38,39,17,49,54,2,53,50,58,14,28,40,52,11,1,8,34,59,36,27,56,35,48,41,44,10,62,61,21,0,5
22,23,62,3,58,42,36,51,8,60,14,26,50,12,6,48,21,7,33,49,19,61,25,16,53,28,0,9,59,13,46,41,1,63,31,38,55,40,44,30,39,32,29,52,11,34,2,27,37,43,47,20,18,4,17,54,56,5,10,35,24,57,45,15
17,36,25,27,51,41,31,46,10,14,19,56,1,54,35,58,18,29,47,9,32,39,40,59,5,57,63,20,62,30,42,2,45,49,55,48,60,61,24,22,52,16,37,23,13,26,28,11,15,33,0,6,8,50,44,4,3,38,12,43,34,7,53,21
25,15,51,60,18,28,52,30,5,59,27,36,33,48,4,1,47,39,38,31,61,44,35,11,45,57,10,55,8,23,0,26,56,29,3,12,46,62,42,14,58,41,17,34,2,13,19,21,24,63,53,16,20,50,40,6,43,9,49,37,22,7,32,54
26,55,48,11,52,18,33,4,50,59,7,58,21,42,46,37,15,24,17,49,0,60,51,56,53,12,14,35,19,45,1,10,31,63,16,23,13,40,41,27,29,20,54,39,25,5,32,36,61,57,44,8,28,2,38,30,6,9,3,22,43,47,62,34
52,32,13,27,6,18,33,58,45,8,46,35,56,54,20,51,44,53,63,39,7,22,12,40,37,55,1,25,62,34,24,15,26,59,16,42,2,36,43,0,30,31,19,38,9,14,3,49,47,11,5,4,28,41,17,21,60,48,57,61,23,29,50,10
6,2,26,0,29,49,47,53,12,24,42,39,37,48,27,45,19,8,52,33,9,35,50,22,30,44,54,20,36,31,60,46,11,43,28,63,34,15,18,57,58,59,40,17,41,55,25,5,56,21,32,16,1,3,38,23,61,4,14,7,51,62,10,13
59,24,19,61,52,11,41,2,45,53,36,40,55,28,51,54,10,38,56,4,62,3,1,21,7,49,50,60,8,47,18,29,32,6,17,0,25,43,42,34,31,46,26,57,5,14,22,9,15,63,12,23,27,35,20,13,44,39,48,30,37,33,58,16
59,48,18,51,1,23,31,62,22,56,17,45,40,58,2,47,13,27,43,36,29,7,30,16,42,55,21,11,20,54,26,6,41,63,12,25,49,15,38,33,10,8,52,46,5,28,50,53,57,19,9,24,61,14,60,34,35,3,0,32,39,37,4,44
49,56,41,22,16,26,47,58,43,15,24,4,13,21,10,27,29,50,38,3,39,14,42,51,45,17,40,19,18,25,60,11,28,30,1,35,34,46,9,0,23,52,59,20,61,32,33,63,48,53,8,44,62,12,37,36,31,57,54,7,55,2,5,6
45,55,35,20,2,48,24,36,3,23,31,46,39,27,33,47,54,22,13,57,21,7,10,8,28,15,37,34,9,61,19,5,16,62,38,58,6,4,49,60,42,40,12,30,0,43,63,41,29,26,59,53,18,32,14,44,17,1,50,51,25,56,52,11
23,17,54,47,33,50,7,25,39,45,37,13,59,4,0,48,11,31,51,22,41,38,1,34,18,49,15,62,44,53,57,27,52,58,9,6,55,63,61,2,36,42,46,30,24,3,14,8,40,20,29,5,19,10,21,56,35,12,32,16,43,28,60,26
7,14,13,19,44,56,43,29,38,54,57,62,2,41,48,18,20,3,35,12,23,5,39,50,9,36,53,26,58,45,59,34,33,37,21,42,32,52,63,60,30,1,28,25,17,27,4,15,31,61,22,46,11,16,49,6,55,47,8,51,40,24,0,10
10,46,4,19,31,6,20,28,58,57,36,33,59,52,5,30,43,23,22,45,50,34,47,25,51,40,2,21,54,62,9,39,61,32,7,60,38,1,35,3,14,0,42,49,55,41,48,15,44,37,8,18,24,12,16,63,27,26,17,11,13,56,53,29
39,52,46,35,42,0,23,47,21,33,50,40,16,58,30,26,61,31,12,45,8,62,41,60,48,2,13,11,51,36,37,29,10,57,63,18,24,20,43,34,6,55,32,53,4,17,25,19,28,15,14,7,5,1,27,49,3,54,44,56,38,9,59,22
3,63,6,0,28,18,19,2,33,61,8,62,36,45,56,35,4,22,53,37,23,39,1,50,57,44,59,48,60,12,51,42,15,10,31,54,41,52,47,14,55,38,46,11,20,29,13,40,43,17,24,26,9,49,58,32,25,30,21,7,5,16,27,34
61,60,16,4,39,3,18,19,22,30,37,51,42,6,53,38,63,31,49,23,59,8,11,57,36,34,5,10,50,46,55,21,7,28,43,58,56,20,2,32,0,15,17,41,14,47,52,27,48,1,25,44,9,26,13,24,62,29,54,35,12,40,33,45
27,30,33,58,36,50,14,63,17,55,4,9,15,59,2,54,19,12,8,53,45,22,0,34,11,62,42,44,48,43,16,3,47,60,24,41,18,57,32,10,6,46,29,25,38,35,40,31,1,13,37,28,56,5,61,20,7,26,52,39,49,51,23,21
7,60,4,38,24,12,11,43,9,10,62,28,42,47,3,6,30,58,20,51,2,25,26,29,52,59,50,44,34,45,21,19,13,18,54,48,49,1,63,22,27,46,15,17,16,56,61,23,5,36,37,55,14,32,35,39,41,0,57,8,31,40,33,53
44,17,54,19,35,16,34,4,63,57,62,3,20,55,49,12,32,51,21,25,43,42,13,36,14,22,30,6,2,10,58,0,41,1,45,26,15,18,52,31,7,56,60,50,53,27,61,48,37,47,5,40,11,23,38,46,24,39,59,28,33,8,29,9
62,21,26,10,15,14,60,24,34,57,48,51,38,63,49,54,5,42,27,59,47,8,19,33,20,31,37,3,45,2,0,1,39,53,32,29,41,9,30,6,4,22,7,40,18,50,55,58,44,36,11,61,12,46,17,35,28,52,43,56,23,13,25,16
30,60,51,0,16,33,46,34,2,37,20,35,52,29,23,61,27,17,44,11,56,10,45,9,42,49,38,54,18,47,40,8,26,43,25,7,55,41,53,28,31,32,24,39,14,19,6,1,12,59,5,57,4,15,13,48,22,50,58,21,63,62,3,36
37,2,6,18,8,20,31,59,62,61,39,50,63,45,42,51,57,46,0,9,55,53,30,4,10,54,17,44,52,23,35,11,34,29,32,12,40,27,56,48,14,36,1,38,41,58,15,43,60,28,16,49,5,25,24,22,26,33,19,7,3,13,21,47
27,62,37,2,10,38,44,17,0,59,20,15,22,56,60,50,52,14,54,21,18,19,6,9,63,33,43,25,42,32,7,45,40,47,1,57,8,53,3,55,30,12,29,35,26,61,5,23,36,39,4,48,51,34,31,11,13,58,41,16,49,28,24,46
30,24,14,39,49,35,53,59,51,11,58,36,55,31,8,19,1,60,29,38,56,17,4,61,7,41,54,32,15,20,10,46,37,47,45,0,40,62,44,50,26,9,63,3,5,6,43,21,18,27,22,2,16,52,12,13,57,42,28,25,48,33,23,34
30,25,7,4,18,10,20,27,60,26,41,2,1,31,0,13,53,19,50,5,52,45,57,34,9,43,51,62,21,8,44,12,56,17,48,40,16,22,11,28,63,37,33,39,54,24,58,35,61,32,46,14,55,36,49,47,29,23,38,42,6,3,15,59
17,1,49,19,56,63,9,14,33,48,4,8,32,58,42,18,28,13,26,36,5,43,44,53,34,0,2,16,41,55,3,11,39,25,23,52,29,37,27,38,40,61,12,50,20,35,24,46,30,57,62,6,59,10,21,7,15,60,47,22,31,54,51,45
17,61,8,9,31,55,51,49,47,20,22,0,57,35,45,7,62,25,15,11,29,34,5,43,21,6,12,60,53,14,24,27,4,2,48,10,26,36,42,39,1,52,50,38,40,44,28,33,30,63,37,59,18,56,32,46,54,13,23,19,16,3,58,41
53,12,47,55,16,41,24,61,40,34,62,13,29,32,45,44,48,43,2,57,7,4,35,22,27,6,30,31,0,1,42,5,20,14,46,25,39,49,54,11,3,36,18,33,10,15,19,17,9,52,59,60,58,23,38,37,50,63,21,8,56,26,28,51
61,26,49,10,12,5,28,41,44,43,27,8,9,30,36,32,52,45,6,16,35,40,3,55,63,15,0,11,53,2,20,62,38,51,47,19,42,13,31,48,57,60,58,17,22,14,1,4,46,37,25,33,7,54,39,18,50,29,59,34,21,24,56,23
48,36,37,38,18,16,35,49,50,6,20,28,24,46,29,54,0,5,11,42,27,51,4,39,43,23,61,26,45,40,10,55,19,60,47,14,9,8,41,21,22,52,17,44,30,63,32,62,3,2,53,59,7,1,33,13,31,34,12,25,56,15,58,57
1,9,5,48,39,47,34,61,40,55,10,22,46,13,35,23,8,27,42,28,29,26,56,33,62,16,53,31,21,3,25,38,50,11,60,14,59,49,36,58,32,57,6,15,44,18,4,19,41,30,63,0,45,2,52,24,12,51,43,20,37,7,17,54
4,61,53,39,5,22,29,8,19,37,1,2,57,11,10,14,56,31,24,34,52,20,47,48,28,9,55,6,58,25,33,32,41,26,44,40,54,45,35,3,23,59,60,7,18,0,12,36,50,38,63,49,21,51,30,13,16,17,42,15,43,27,62,46
15,13,7,40,60,46,8,50,18,27,39,62,51,23,19,47,54,48,33,22,16,11,45,44,53,1,31,52,49,4,9,24,21,10,20,25,38,2,57,14,34,56,55,36,43,59,29,26,32,41,30,5,3,42,17,35,12,58,63,61,28,6,0,37
55,39,37,34,51,38,3,52,45,57,5,32,42,53,19,18,9,60,11,10,23,58,1,41,31,22,7,24,27,16,48,14,4,29,28,6,12,56,8,33,30,21,25,17,63,62,36,44,59,46,0,13,26,47,40,20,15,35,2,50,43,61,54,49
23,19,2,63,40,62,13,4,33,6,10,49,7,50,5,43,44,55,24,22,46,60,17,15,8,42,25,29,30,41,53,56,47,21,0,39,59,18,11,58,54,45,31,52,32,51,57,26,37,14,61,20,34,16,36,12,35,38,1,48,9,27,28,3
37,34,45,2,28,18,0,49,21,38,8,44,27,48,19,40,59,61,1,47,6,9,24,43,16,54,17,50,36,41,5,63,46,57,14,35,58,7,52,15,33,60,51,13,22,39,30,12,11,56,26,3,42,29,32,25,4,20,31,53,10,23,62,55
2,52,26,30,15,53,40,38,37,51,31,29,8,56,63,6,43,25,60,35,11,24,36,3,48,27,54,32,18,58,45,47,23,21,50,12,17,5,62,14,49,34,10,0,7,13,44,55,16,33,19,20,41,39,57,61,28,9,1,46,42,22,4,59
38,39,33,60,51,56,55,30,27,29,7,16,58,62,25,37,40,32,46,8,35,5,2,57,15,6,63,24,49,17,41,13,48,9,42,19,0,50,53,59,52,22,26,47,34,54,31,43,36,20,10,1,3,28,12,14,4,11,45,61,18,23,21,44
8,5,62,15,61,11,57,30,41,40,55,54,25,58,16,13,36,56,45,42,37,17,21,10,22,23,32,31,4,52,63,53,60,59,43,2,46,44,27,33,6,9,38,12,39,14,50,3,20,0,26,35,29,51,49,47,24,34,28,19,18,7,48,1
49,3,59,12,30,54,58,51,4,19,37,38,26,29,28,34,46,50,7,63,16,55,10,41,33,9,6,35,1,14,24,32,36,52,57,15,42,11,25,60,47,0,56,31,40,39,44,2,13,17,62,43,5,22,20,23,61,27,48,8,21,45,18,53
28,63,23,7,3,29,25,22,33,32,46,24,53,42,26,39,40,35,10,45,54,21,38,44,36,50,13,6,55,18,59,43,61,49,51,16,34,5,9,12,2,11,14,47,57,4,0,48,15,56,20,31,17,52,37,8,60,1,62,19,58,27,30,41
27,1,29,21,18,12,51,39,63,41,42,33,34,62,44,25,52,16,50,26,35,57,59,10,37,54,19,0,20,47,6,23,55,58,9,17,60,24,28,48,36,4,14,43,22,8,32,56,5,11,45,38,2,40,53,49,15,30,31,3,46,7,13,61
14,47,50,44,27,54,60,34,32,31,58,48,33,42,46,36,39,7,9,63,45,13,3,2,30,8,18,26,21,57,62,12,28,49,5,35,52,24,53,15,1,19,23,38,10,40,51,43,61,20,22,11,41,56,37,29,17,16,6,59,55,0,25,4
31,10,3,16,27,20,40,26,35,45,0,48,28,14,29,44,47,49,63,55,17,25,42,19,46,11,56,36,39,13,41,30,21,32,34,54,2,58,61,4,24,9,37,12,52,51,6,7,15,38,1,5,59,62,50,23,57,33,18,53,60,8,43,22
60,55,59,40,47,28,52,21,10,18,45,17,29,44,12,26,3,7,48,54,46,49,37,31,23,6,57,63,27,19,43,33,58,35,56,13,51,22,1,4,15,62,41,16,39,36,24,42,25,2,20,34,9,50,38,32,53,0,30,61,5,11,14,8
9,50,5,25,1,10,2,60,40,20,44,14,19,11,15,53,58,41,33,55,34,35,4,0,56,48,8,21,46,42,51,22,59,18,52,24,47,57,6,27,16,38,37,30,26,13,62,32,54,23,45,29,3,63,17,61,28,43,36,49,31,12,7,39
54,60,56,19,55,33,3,8,11,45,48,26,37,29,12,43,31,61,27,40,21,36,18,22,62,5,51,35,41,49,10,30,25,0,6,32,16,9,47,23,44,46,34,38,7,42,63,1,24,4,50,52,28,17,39,13,20,59,53,57,14,15,2,58
27,4,46,16,33,36,56,18,25,38,63,15,28,8,32,6,21,23,12,26,22,49,61,17,40,59,41,54,48,52,14,31,20,29,0,9,53,39,45,57,3,43,37,50,30,42,19,51,10,60,5,24,35,44,2,11,47,62,13,7,55,1,34,58
63,59,4,30,42,20,31,26,35,34,40,5,48,60,1,36,23,15,24,2,33,61,49,0,43,54,45,16,44,39,29,6,47,53,27,56,25,28,3,12,62,50,7,21,10,17,51,13,32,38,9,11,19,46,18,14,57,41,37,55,22,58,8,52
34,5,9,28,6,62,18,48,8,50,38,22,1,36,11,7,14,26,35,31,19,63,3,53,55,61,51,44,24,39,15,40,57,16,32,21,2,42,49,29,58,60,47,37,45,0,17,13,43,59,41,46,12,56,33,4,25,52,30,23,27,10,54,20
8,51,35,24,55,40,21,13,17,53,49,26,18,3,31,48,19,29,59,20,60,52,11,34,7,44,5,10,61,38,57,33,15,25,50,12,58,0,56,45,37,63,22,14,1,39,16,32,2,6,47,41,30,42,43,36,54,9,62,23,28,27,46,4
60,56,53,46,48,52,12,49,20,62,5,23,58,3,30,33,22,35,2,8,25,55,36,34,51,21,9,42,19,43,26,15,59,41,6,31,47,28,39,14,29,4,11,27,45,32,0,1,40,10,7,13,37,50,63,24,57,38,61,18,44,54,17,16
55,10,7,60,36,25,20,14,21,44,51,26,43,4,35,5,27,61,15,46,50,12,39,63,17,62,33,42,59,52,54,38,58,3,40,18,8,9,28,13,49,2,11,22,56,31,34,24,6,1,19,16,0,45,30,47,41,48,29,37,53,57,32,23
38,44,25,39,21,11,28,0,18,56,32,2,47,57,36,43,40,19,55,9,7,59,62,20,30,46,26,29,6,63,34,12,60,35,53,4,54,37,22,48,8,24,42,17,27,51,14,45,41,5,31,10,13,50,16,58,1,3,33,61,15,49,52,23
61,8,46,2,17,21,44,57,39,56,53,36,49,5,1,62,50,6,22,48,45,40,12,47,27,24,59,43,15,20,63,55,29,19,38,31,33,10,28,37,4,42,9,13,18,23,54,58,14,34,3,30,25,26,52,7,41,11,16,51,32,35,60,0
17,31,57,23,33,41,32,25,53,45,62,47,3,1,19,34,54,49,12,43,24,15,48,8,14,55,56,39,18,0,36,22,21,4,46,50,29,61,7,38,35,10,60,27,63,40,5,9,6,28,2,42,20,58,30,13,37,51,11,52,44,59,26,16
48,19,7,54,13,1,38,21,60,36,51,5,11,42,10,16,62,41,25,31,23,35,53,6,39,17,56,52,57,20,30,9,49,37,45,18,27,63,40,55,32,34,2,29,33,22,12,0,14,24,59,28,46,3,43,8,50,58,47,15,26,61,44,4
51,1,52,26,53,32,46,29,48,44,25,55,34,13,15,16,0,19,38,21,59,2,37,5,12,18,27,35,22,60,11,56,50,57,8,3,43,39,45,23,31,30,40,24,20,41,10,6,17,7,14,62,47,9,36,4,61,33,58,63,54,28,42,49
42,47,34,36,37,7,21,9,25,41,35,53,3,11,4,43,39,31,60,51,0,27,44,2,12,8,45,48,57,58,10,61,40,62,59,24,32,5,18,22,28,23,56,6,16,50,52,26,38,55,19,30,17,14,13,63,49,33,15,54,20,1,46,29
28,50,25,21,52,0,36,26,10,51,41,38,44,60,12,56,59,7,20,19,15,8,57,18,23,14,11,58,33,30,53,46,17,37,3,42,43,48,1,39,40,6,35,32,13,45,61,27,31,2,9,24,29,54,55,62,4,16,63,47,22,5,49,34
60,27,39,57,12,5,13,22,38,61,26,10,29,30,14,62,19,58,21,40,28,55,63,33,6,54,51,50,3,42,52,18,46,15,35,32,41,49,48,45,23,37,2,9,17,44,24,47,11,4,43,53,16,59,1,36,25,7,20,31,34,56,0,8
61,20,57,42,24,13,47,3,27,4,41,37,52,14,10,40,58,5,2,23,48,16,17,12,22,50,11,55,54,45,26,1,8,51,43,0,36,32,56,31,39,33,18,25,9,63,35,38,62,15,59,29,21,6,53,44,34,60,28,19,49,7,46,30
32,37,46,12,10,44,26,19,57,55,50,39,43,31,25,36,52,8,59,11,41,40,33,0,24,20,18,14,4,16,21,38,22,23,34,6,54,58,51,27,35,53,1,60,48,49,30,45,13,2,28,15,17,63,47,9,7,62,29,42,3,56,5,61
23,11,60,24,8,47,12,16,13,39,0,6,17,57,30,4,14,22,61,35,28,51,36,45,20,38,9,40,7,52,58,50,34,1,48,32,62,26,10,44,27,31,5,2,46,43,56,25,3,19,49,54,55,63,42,59,53,15,29,33,37,18,41,21
7,41,40,50,20,34,8,30,13,24,48,29,58,63,57,28,31,2,54,25,33,62,26,51,61,38,27,49,36,52,60,19,55,18,46,5,32,56,44,39,0,59,53,15,10,23,4,14,6,17,35,3,22,21,16,11,37,42,12,43,45,47,9,1
14,21,54,35,1,5,50,29,28,6,58,17,0,34,33,23,39,19,20,26,22,60,13,49,52,42,18,62,44,40,56,41,46,4,27,7,16,9,57,2,8,61,38,43,63,48,3,51,55,45,15,30,59,47,24,11,37,32,31,53,10,36,12,25
0,19,21,40,7,56,12,34,46,39,15,31,26,53,30,18,41,10,37,45,49,16,52,57,63,8,1,55,20,5,38,42,61,14,47,3,50,54,25,13,51,59,32,60,27,17,9,22,35,6,24,44,48,2,29,43,28,11,58,23,33,62,4,36
27,57,46,9,24,33,25,1,32,48,31,35,2,41,26,7,18,6,49,63,36,44,51,16,39,15,19,45,55,20,5,54,34,3,4,23,0,53,61,11,37,56,29,60,21,38,62,12,17,14,47,40,28,52,30,8,58,10,22,42,50,13,59,43
10,42,47,60,62,5,40,4,24,46,43,63,28,33,58,6,45,59,39,44,19,51,26,14,29,23,18,52,50,27,61,21,41,8,13,32,56,31,22,20,7,0,55,17,53,57,49,25,48,3,37,54,38,12,35,15,16,30,1,9,2,11,34,36
45,7,23,6,24,43,19,61,30,17,44,22,48,33,1,38,13,50,16,57,25,41,32,34,14,11,62,37,39,28,42,54,26,56,10,63,46,12,31,35,9,15,40,53,51,29,36,18,3,0,5,58,21,2,8,4,27,49,59,60,20,55,52,47
2,49,0,19,63,18,11,39,25,41,6,4,48,36,28,5,54,47,51,32,38,31,1,12,23,62,26,45,43,57,20,21,7,24,35,37,61,9,17,56,46,14,53,3,52,59,27,16,44,42,40,50,30,34,13,8,55,22,29,58,60,15,33,10
11,45,38,9,42,47,58,27,36,33,8,63,7,62,25,20,26,10,1,14,52,54,48,15,51,57,16,49,12,31,18,22,5,34,24,43,2,53,55,28,60,29,41,23,6,17,44,0,37,21,13,61,35,3,39,50,32,40,56,19,30,46,4,59
44,28,7,39,20,13,35,34,48,41,54,56,2,59,43,58,21,31,55,19,33,15,37,3,32,26,52,50,62,8,47,46,42,57,22,36,61,60,12,1,40,6,29,11,51,38,17,45,18,16,9,53,0,24,49,27,25,4,14,10,5,30,23,63
52,2,29,22,50,30,27,24,4,9,63,14,43,10,60,58,62,57,31,0,32,33,36,37,7,59,1,15,41,26,18,8,56,16,19,17,12,34,25,13,45,20,48,35,38,39,55,54,44,23,53,49,11,21,6,40,47,42,61,51,28,3,46,5
41,39,6,13,22,34,37,20,40,19,4,28,24,57,3,61,1,46,55,23,17,5,2,42,33,25,60,9,58,44,45,51,26,62,18,36,43,27,47,12,15,14,10,30,7,59,56,52,35,50,48,54,11,31,53,21,0,63,38,32,16,8,29,49
30,35,36,62,24,9,38,22,1,34,25,14,44,53,59,5,58,4,23,19,15,57,10,32,61,6,46,0,41,3,52,17,13,50,27,11,63,42,16,51,18,20,48,26,49,47,45,31,29,12,8,43,37,28,54,7,33,55,21,2,60,39,40,56
42,8,20,55,59,57,60,58,11,5,38,37,15,25,41,7,16,56,45,30,12,44,24,61,43,26,34,48,28,52,4,17,14,6,3,29,19,40,22,50,35,13,36,62,53,31,32,27,9,1,0,63,10,46,23,54,33,51,18,47,39,49,21,2
4,1,38,2,44,48,36,6,28,60,49,5,18,37,7,15,34,35,16,53,14,21,30,19,52,46,51,47,23,22,33,50,57,10,3,41,45,39,40,27,26,31,0,9,20,25,17,11,59,54,24,8,29,43,56,62,32,55,12,63,42,61,58,13
61,11,17,26,20,41,10,15,34,59,42,9,8,12,16,57,23,49,60,55,63,22,31,14,28,25,58,40,4,18,0,27,56,54,45,7,51,32,62,29,35,1,6,44,2,38,46,24,43,39,53,50,13,52,5,21,47,30,36,3,48,37,19,33
13,54,37,8,14,36,43,23,42,18,31,30,2,26,50,40,20,34,39,41,6,9,0,16,5,28,19,17,11,35,60,45,46,49,51,58,15,56,33,57,44,10,47,27,3,48,4,63,55,21,52,32,12,38,1,29,7,22,24,25,61,53,59,62
35,32,33,60,41,56,24,21,22,25,26,0,10,34,31,48,12,3,2,62,5,19,17,11,9,38,37,29,1,18,20,39,4,40,6,28,47,7,13,59,58,52,8,61,46,27,36,15,23,44,63,14,53,42,16,54,30,51,43,50,49,57,45,55
19,0,52,1,20,50,26,55,60,21,18,54,38,39,4,31,51,11,22,63,57,61,44,59,15,43,40,8,7,17,36,34,5,62,53,58,35,41,46,3,56,6,48,28,47,14,33,23,30,49,27,45,32,12,42,25,13,16,10,29,24,2,9,37
48,2,42,43,22,46,19,25,0,12,33,8,4,6,59,20,52,17,26,54,47,16,56,60,37,1,44,27,36,13,28,49,34,45,15,51,50,61,30,55,41,63,10,24,9,11,39,58,57,31,3,62,7,5,35,18,38,21,23,32,40,53,29,14
9,29,19,53,45,40,28,0,61,58,43,37,4,63,18,26,5,39,62,21,54,32,13,56,55,44,1,7,6,30,23,41,51,49,48,3,8,12,42,34,11,38,46,59,2,17,15,36,25,35,27,24,14,31,52,60,10,57,50,20,33,16,22,47
18,8,12,39,61,40,7,54,42,30,37,52,28,17,32,19,59,38,41,49,2,4,24,35,55,10,0,23,44,1,11,9,25,15,14,31,13,46,45,62,5,29,36,50,22,33,63,53,20,58,16,51,34,47,43,21,48,3,60,27,6,57,56,26
29,30,8,37,19,42,4,13,43,54,61,46,35,2,55,62,36,27,57,0,9,1,33,5,20,45,21,14,7,47,50,23,11,63,12,32,53,28,25,17,34,10,15,48,26,6,56,38,44,24,51,31,22,49,16,3,40,60,59,41,52,39,18,58
44,39,29,50,51,14,43,8,55,40,41,15,34,2,31,13,37,32,18,53,52,12,56,9,45,1,10,26,4,59,33,22,16,57,24,30,6,0,21,48,3,27,54,38,20,49,36,58,7,46,47,11,63,5,17,25,28,62,35,61,23,19,60,42
22,28,17,0,33,38,32,56,6,50,27,49,57,23,1,9,54,29,4,11,26,63,42,34,35,2,61,39,18,60,36,53,62,48,31,25,7,58,3,55,20,45,16,51,21,41,59,46,24,52,40,37,5,44,12,15,13,47,19,43,14,10,30,8
38,61,56,53,32,22,27,25,60,9,31,6,20,55,59,21,43,54,52,7,40,10,62,4,19,58,39,24,30,41,35,2,16,8,48,11,33,49,1,34,18,26,3,57,0,45,51,29,63,13,5,37,50,14,36,47,12,28,15,42,46,17,23,44
46,48,60,25,35,42,14,32,5,43,4,29,58,6,44,41,36,16,3,54,38,1,34,27,20,17,31,13,40,62,33,7,51,15,61,26,12,55,11,19,53,23,50,49,39,45,21,30,59,18,2,9,0,63,52,56,24,22,37,57,10,47,8,28
15,31,27,50,35,30,4,18,25,39,51,52,38,24,54,5,47,36,2,58,44,55,21,20,28,11,26,63,49,6,43,12,29,46,9,13,61,34,40,59,41,7,8,3,16,32,53,1,57,60,42,14,62,19,10,37,48,22,45,23,56,17,0,33
27,15,60,52,44,24,51,23,30,8,46,47,56,53,12,19,1,2,5,58,57,11,22,49,21,34,33,31,13,6,17,18,9,62,14,48,45,26,20,61,7,63,40,38,36,29,0,4,50,42,41,59,43,3,55,37,35,32,10,28,16,54,39,25
58,53,43,42,52,40,11,61,16,49,5,29,4,37,31,56,19,47,38,59,48,0,23,13,14,18,44,3,22,34,12,10,54,28,60,62,17,21,45,26,51,20,50,35,8,41,7,24,30,57,9,27,39,2,32,55,15,63,25,6,46,36,33,1
45,20,12,18,30,24,44,47,29,22,26,62,21,16,51,39,1,33,58,4,25,34,53,11,42,36,52,28,59,27,57,35,17,55,19,38,37,32,49,5,54,14,46,7,0,13,2,56,43,48,8,60,23,9,15,10,6,40,61,3,50,41,31,63
45,24,7,57,48,22,0,8,56,32,39,14,4,35,19,51,16,52,59,27,15,40,11,21,26,43,49,28,47,61,54,46,50,63,34,58,33,1,2,5,20,12,55,38,23,3,6,44,62,37,17,25,41,30,36,29,13,53,9,10,42,31,60,18
5,54,58,55,14,31,59,45,32,19,6,60,22,50,0,24,4,20,49,40,2,11,36,15,42,33,35,44,48,37,9,27,13,62,12,30,3,38,26,17,61,23,51,29,56,21,41,1,46,57,34,39,8,10,25,7,16,53,18,28,52,47,63,43
39,63,27,26,23,19,12,13,33,25,28,29,15,62,20,59,2,45,49,14,6,3,4,44,37,48,60,1,56,9,58,34,10,57,0,41,31,61,17,35,38,16,8,32,40,24,52,50,46,53,42,7,36,43,51,54,30,21,55,18,22,11,47,5
57,24,54,47,42,27,29,0,41,50,40,23,11,30,51,5,48,62,25,38,13,15,53,39,21,59,46,32,61,2,1,20,16,55,17,12,10,31,9,45,26,3,37,8,56,60,14,34,33,44,18,58,4,35,43,22,7,28,63,52,19,6,36,49
38,25,41,50,63,28,40,22,55,54,8,24,36,32,6,34,29,0,14,43,5,17,11,51,44,48,30,61,10,26,18,20,52,56,58,1,62,49,53,46,9,21,33,57,60,19,47,35,4,23,3,16,15,27,59,2,7,42,12,37,39,45,31,13
41,32,7,10,39,24,58,42,34,36,53,45,21,33,6,46,37,43,31,19,51,57,5,16,17,12,20,23,54,22,1,47,40,2,56,30,48,14,52,55,61,11,63,38,28,26,13,60,50,49,62,18,59,29,3,9,4,15,44,25,35,27,0,8
32,38,20,36,53,7,63,8,25,45,29,39,59,24,56,33,41,28,21,2,30,49,47,19,15,1,31,51,37,26,48,60,35,0,46,9,61,17,40,22,55,62,14,11,52,43,23,44,16,3,6,4,27,34,10,50,5,18,58,12,42,57,13,54
53,28,4,58,43,8,12,22,5,52,20,40,54,36,45,48,3,2,47,34,33,56,41,0,19,39,7,62,57,15,26,51,6,61,30,49,23,1,59,63,35,29,21,44,27,11,17,38,9,32,14,37,50,31,18,24,55,10,16,60,42,25,13,46
6,22,54,51,23,53,0,58,47,62,49,4,41,15,37,12,20,39,56,29,52,31,44,48,8,63,30,25,10,3,38,42,18,60,55,21,33,32,59,40,61,26,17,11,13,24,28,57,27,43,5,45,50,16,2,9,36,7,1,14,34,35,19,46
1,10,51,17,39,53,63,15,24,52,11,13,22,18,56,2,37,33,57,40,46,19,9,45,16,26,59,29,36,55,38,32,8,62,58,47,49,20,14,44,12,35,23,28,5,34,27,21,54,48,41,3,43,42,25,60,31,50,4,30,7,6,0,61
7,24,4,20,22,51,6,31,21,53,33,10,60,41,38,45,59,42,17,46,9,14,49,57,18,1,54,43,39,63,28,0,37,27,29,5,23,11,12,52,16,32,35,30,26,13,15,8,2,55,61,34,40,19,36,62,56,3,44,48,58,50,25,47
11,59,26,7,24,23,61,30,1,56,55,20,2,18,52,22,51,34,29,57,10,8,44,49,45,54,33,4,0,12,37,43,35,25,50,47,9,31,32,3,15,41,16,58,13,38,42,53,5,48,46,62,21,40,14,17,63,60,6,28,19,39,27,36
37,51,6,38,26,48,21,41,62,14,17,60,23,36,15,52,32,13,57,27,55,40,20,9,19,44,1,28,24,11,34,39,59,50,5,43,18,16,45,7,54,42,31,3,25,56,4,2,63,58,10,0,61,49,22,12,8,47,30,35,29,46,33,53
18,22,15,29,50,35,25,48,46,26,60,36,5,33,7,47,11,32,51,63,0,20,54,39,24,31,21,8,13,34,12,30,2,10,38,52,16,28,27,23,45,1,55,41,3,44,53,19,9,42,37,57,4,49,59,62,58,6,43,56,40,61,14,17
50,39,0,21,8,53,23,43,58,46,63,31,6,47,13,57,28,41,19,38,14,48,42,55,20,18,33,61,4,52,16,59,56,26,24,29,44,32,60,37,5,45,40,15,9,22,36,25,62,34,51,3,2,30,27,11,17,12,35,10,7,1,49,54
14,42,27,39,48,25,29,28,33,5,34,41,26,12,55,9,50,30,51,57,40,45,17,2,56,32,24,0,7,52,19,59,47,13,62,60,61,31,18,36,1,54,20,16,53,11,35,3,4,43,21,46,58,38,44,22,63,49,6,10,15,37,23,8
28,47,14,21,36,8,15,9,41,60,49,52,40,22,24,38,26,63,53,7,62,50,16,31,45,59,25,6,2,56,37,46,18,42,12,3,11,27,51,61,48,35,5,4,58,54,32,34,39,13,17,55,0,30,43,20,1,23,33,10,19,57,29,44
63,54,9,27,33,21,53,34,44,24,22,61,49,8,31,55,28,17,2,37,10,46,48,38,42,52,3,45,35,43,23,16,59,32,39,62,41,5,4,12,18,57,56,15,14,47,1,30,60,19,29,11,51,20,6,50,25,0,58,36,7,40,13,26
9,47,26,8,19,41,13,14,11,34,10,49,33,59,61,48,12,46,42,40,39,3,58,23,45,32,51,24,62,15,20,36,18,4,37,35,29,55,44,5,1,22,16,25,57,7,60,43,50,27,21,63,54,2,31,17,30,38,28,6,0,52,53,56
46,41,48,11,6,49,42,20,37,33,29,58,39,28,30,21,52,59,3,13,24,40,7,2,22,56,38,23,27,34,50,10,61,53,26,1,15,63,16,4,44,9,18,8,55,45,31,36,32,19,43,60,35,62,12,54,17,47,57,0,5,14,51,25
6,19,26,57,8,30,38,0,53,9,48,23,54,44,63,7,37,52,41,59,20,45,5,60,12,55,24,13,31,2,40,50,14,42,58,33,47,11,29,46,36,4,3,16,62,10,39,15,35,18,28,32,51,49,56,1,61,21,25,22,43,17,27,34
22,41,63,62,53,40,49,32,39,4,0,11,56,6,9,20,26,5,8,61,27,59,50,36,54,60,23,17,51,33,30,10,15,46,28,43,35,25,21,47,14,3,58,29,45,42,1,37,24,57,16,12,55,2,13,19,34,52,31,38,18,44,7,48
5,51,10,31,25,56,39,44,42,54,52,63,41,58,55,27,18,14,49,35,53,11,37,26,61,6,1,28,57,24,9,17,60,0,34,62,29,23,46,50,43,33,19,47,36,3,8,30,20,45,38,16,13,4,15,48,21,40,59,2,22,32,7,12
31,18,36,26,47,45,57,29,4,3,38,17,51,50,34,33,49,56,55,39,61,1,8,5,40,48,28,30,63,54,52,58,37,44,25,13,19,35,60,24,11,23,2,15,62,12,6,9,14,16,21,41,53,46,7,42,32,10,59,20,43,0,22,27
40,53,45,57,33,47,52,14,42,60,30,56,15,34,6,9,7,16,62,38,8,28,61,35,31,2,63,22,18,23,46,10,32,0,41,49,12,27,50,37,48,13,4,29,24,54,11,39,17,58,59,36,26,43,55,3,5,44,20,51,1,25,19,21
41,24,50,15,18,52,11,4,28,21,62,45,16,39,29,10,22,63,48,60,59,37,36,0,35,58,38,32,19,7,46,34,1,25,55,40,8,33,57,51,26,61,5,31,47,12,14,56,44,13,43,23,27,30,9,17,53,2,6,49,3,20,42,54
52,37,47,15,41,17,36,27,29,9,7,10,13,5,33,55,62,14,22,23,59,0,54,34,19,53,20,60,39,11,48,58,31,57,42,26,50,46,1,61,43,3,8,38,51,12,63,32,45,28,56,30,16,2,35,6,18,49,21,44,25,24,40,4
15,12,46,51,55,58,9,50,20,40,13,48,42,10,0,41,36,3,8,31,22,29,11,52,43,62,6,26,47,24,59,1,38,56,16,49,61,23,57,30,34,33,14,44,5,18,37,60,19,7,27,17,25,35,54,28,32,45,4,53,63,21,39,2
21,11,36,27,3,17,42,18,31,44,53,35,60,15,22,40,2,39,26,50,8,13,19,34,47,51,1,54,9,25,20,6,49,57,56,45,0,59,48,61,10,55,41,32,28,23,16,14,58,4,37,29,43,5,7,62,63,30,38,12,33,52,46,24
32,8,29,59,23,5,49,37,39,45,26,38,4,41,55,17,58,24,21,15,31,63,12,22,18,48,53,40,1,13,54,10,9,43,36,44,33,20,3,2,35,52,56,30,14,47,6,0,51,28,50,25,34,11,7,19,62,27,42,16,46,61,57,60
58,47,4,60,40,35,27,42,61,43,19,21,57,51,36,7,5,30,44,46,28,10,48,1,52,20,15,59,3,12,16,23,55,41,34,45,9,2,37,32,0,22,31,56,39,53,13,8,29,26,62,49,14,11,24,18,25,33,38,6,17,54,50,63
5,63,40,47,31,27,13,29,38,42,61,54,28,10,21,34,26,37,14,9,25,44,48,46,3,12,49,58,22,62,18,2,4,56,24,52,50,35,1,33,15,45,11,57,8,43,39,51,17,0,60,32,23,20,41,53,19,59,7,6,36,55,16,30
44,50,41,40,4,63,56,47,9,23,7,5,33,57,15,51,14,31,34,29,32,37,22,45,8,52,35,11,49,36,10,53,60,0,17,59,12,39,25,19,46,26,55,38,61,24,20,21,42,6,62,16,43,1,13,3,48,58,27,28,2,30,18,54
51,35,42,4,18,20,31,52,10,47,36,60,56,54,16,26,40,9,21,27,45,33,30,46,61,29,6,39,37,50,62,2,0,63,38,28,15,58,49,48,11,5,32,12,1,8,22,34,55,59,3,25,23,14,43,53,17,24,44,7,13,57,41,19
19,56,25,30,57,31,63,23,51,29,60,58,40,45,9,41,13,42,54,33,5,61,43,62,46,24,32,0,6,47,7,55,12,52,22,26,21,14,49,34,53,20,48,11,38,37,28,3,59,2,35,39,15,44,50,36,1,27,8,10,4,18,16,17
42,58,19,34,37,20,46,5,28,38,61,31,32,55,39,18,8,23,48,9,2,44,52,26,60,0,24,22,56,59,36,13,30,49,47,40,1,3,50,45,21,54,35,15,41,12,43,4,11,6,10,17,29,14,57,62,25,51,16,27,33,53,63,7
32,3,26,35,12,10,23,58,46,63,57,21,29,20,5,40,13,55,18,4,37,2,11,39,8,44,9,15,19,42,45,54,48,0,33,51,47,1,24,50,60,28,25,49,41,52,27,14,34,17,62,30,38,6,16,7,31,53,43,61,56,59,22,36
15,31,58,21,0,16,6,55,61,11,3,14,26,27,29,28,45,33,63,35,10,62,32,43,41,23,60,54,8,24,56,4,19,25,22,52,34,2,36,59,13,57,47,20,50,5,18,53,38,17,12,49,46,42,39,48,37,7,40,30,44,51,9,1
11,7,50,17,57,25,23,8,26,20,18,40,16,15,1,14,46,32,19,24,51,3,49,30,28,53,56,45,12,37,48,27,36,4,31,60,33,47,39,29,63,0,2,52,55,58,38,10,6,13,5,44,61,54,43,22,35,21,34,9,59,42,62,41
28,24,18,61,35,5,41,4,62,51,9,55,1,39,3,20,34,29,26,30,6,47,46,59,38,60,37,15,42,10,17,0,16,63,27,54,52,43,49,22,57,31,53,21,44,25,40,32,14,56,23,45,11,50,48,58,2,7,33,8,36,13,19,12
29,27,5,25,9,39,12,7,53,63,58,50,59,13,2,49,55,4,17,18,52,24,10,22,20,23,34,43,56,32,21,6,36,61,42,40,16,54,60,8,48,45,19,62,51,57,44,28,15,30,14,38,0,41,11,31,37,35,26,1,47,33,3,46
24,51,33,36,47,17,63,38,41,48,0,53,50,18,52,56,29,23,8,62,26,5,59,57,1,54,61,34,40,31,13,14,2,4,58,9,37,25,20,15,55,27,35,44,49,39,10,28,16,30,11,7,6,12,45,21,32,22,60,19,3,46,43,42
60,14,41,61,29,59,16,32,50,19,47,63,23,43,0,38,1,62,40,12,58,53,10,34,36,54,20,39,52,37,9,48,24,21,28,30,33,45,4,25,55,5,6,2,56,3,7,27,26,13,46,31,17,57,22,44,35,42,18,51,11,15,49,8
51,29,21,44,1,28,6,61,0,49,43,32,25,50,30,60,33,19,31,59,5,15,9,22,56,35,7,48,53,2,38,12,16,41,42,47,40,27,18,52,13,36,39,58,20,8,46,54,10,45,24,3,37,4,11,23,63,55,26,14,34,17,62,57
16,35,14,15,31,8,58,43,6,51,1,26,42,61,41,63,13,11,49,28,55,47,57,40,56,23,37,60,27,32,12,59,22,34,17,2,62,21,29,0,45,44,4,7,46,3,5,25,50,38,33,20,19,9,36,48,39,53,52,10,54,18,24,30
12,16,40,27,28,2,62,53,14,36,33,55,24,60,11,30,48,15,44,49,10,61,57,41,18,39,26,4,52,23,9,8,3,13,22,19,35,46,0,29,45,58,37,59,6,38,25,1,42,50,21,54,17,47,43,5,34,32,7,51,31,20,56,63
6,11,37,39,57,16,3,4,28,61,44,34,8,49,24,14,12,63,56,27,29,62,53,15,21,2,58,43,47,19,33,36,54,20,51,50,48,41,45,31,0,17,13,30,22,59,32,35,42,60,7,23,18,38,52,40,5,25,55,10,9,1,46,26
40,25,17,31,15,3,63,22,55,21,57,20,24,26,51,48,27,7,8,6,18,56,34,37,30,23,41,53,28,62,16,50,42,12,44,38,36,2,4,10,14,1,54,11,61,45,47,29,52,9,59,5,49,35,60,33,39,13,58,32,19,46,0,43
57,52,23,18,4,20,38,13,34,40,46,30,27,33,49,9,0,22,36,50,58,39,51,16,2,28,62,32,21,12,10,6,24,17,54,3,37,45,59,41,14,42,29,53,55,15,47,8,63,60,48,1,56,35,61,43,5,19,25,44,26,31,11,7
26,54,19,58,13,31,8,59,4,40,32,37,6,21,42,17,7,63,27,43,24,56,39,10,12,57,35,14,20,23,60,45,48,33,38,53,61,1,44,55,16,47,0,52,9,15,46,41,36,49,30,25,2,29,3,51,34,22,18,62,28,50,11,5
29,11,2,20,4,16,27,1,17,26,33,25,56,12,34,35,49,15,50,47,18,8,19,31,61,48,44,54,46,58,42,22,38,43,21,53,7,13,57,39,40,24,23,14,55,32,28,0,52,60,9,41,63,10,37,36,30,62,3,51,5,45,59,6
51,23,46,50,41,11,40,9,57,22,39,4,14,54,0,35,33,1,43,52,6,20,59,55,29,38,49,27,2,17,47,31,44,36,18,3,56,15,45,28,58,7,32,19,48,10,13,63,5,42,26,25,8,60,53,24,62,12,16,61,34,37,21,30
48,58,40,15,51,12,49,0,31,33,44,42,21,13,3,39,4,1,9,55,63,53,41,50,34,16,6,23,62,22,57,24,17,47,60,45,28,29,30,56,35,14,36,54,20,46,32,59,43,2,25,10,5,38,19,37,11,61,26,8,52,7,27,18
25,17,39,15,0,30,38,33,36,56,14,13,60,26,10,43,4,48,8,6,59,42,11,3,1,21,54,45,20,2,32,53,47,41,55,61,58,46,35,52,34,23,12,51,22,29,40,49,24,57,37,62,50,19,7,31,63,18,27,28,5,44,16,9
2,41,57,0,18,44,56,9,51,39,20,8,53,34,17,42,33,7,27,25,6,24,1,3,23,14,32,40,47,5,60,43,62,13,31,22,4,36,52,37,30,46,49,10,50,61,19,16,29,21,55,48,38,15,45,59,58,26,63,35,12,11,28,54
11,60,23,4,44,56,53,15,19,32,43,25,10,0,55,59,35,7,52,6,20,1,40,16,27,24,61,29,46,47,26,12,57,54,63,45,5,37,51,9,50,36,34,42,58,33,21,13,18,30,14,39,31,49,8,2,3,28,48,22,17,62,38,41
57,52,24,51,27,55,41,48,21,1,43,59,63,35,42,22,19,28,12,34,26,40,54,16,20,61,37,6,44,10,14,45,11,31,49,56,33,5,17,39,15,29,30,0,18,36,7,32,25,4,23,13,50,53,38,46,47,58,62,2,9,60,8,3
29,21,23,42,10,18,39,52,15,26,14,53,55,61,41,3,25,44,51,56,13,47,32,22,2,46,36,59,31,11,9,5,45,49,50,16,37,63,54,40,20,1,8,60,38,48,17,6,27,12,33,19,35,34,62,43,28,24,57,0,4,30,7,58
16,28,26,31,10,15,1,20,17,0,37,8,7,4,47,29,53,12,32,23,63,27,19,18,39,40,59,43,24,2,55,44,30,56,6,54,51,11,57,35,60,61,38,21,50,62,13,42,58,36,48,45,22,33,52,49,9,34,14,5,3,46,41,25
41,11,20,38,18,50,25,45,28,49,24,40,55,26,36,2,4,7,0,15,51,47,31,48,52,8,17,59,53,34,56,57,37,60,32,12,54,63,30,44,58,33,13,16,42,23,6,1,10,46,21,9,19,22,14,5,27,62,29,39,35,3,61,43
19,8,61,4,54,34,32,41,21,9,29,17,3,40,0,28,7,22,6,25,2,42,20,47,55,49,52,36,16,30,1,46,63,10,12,27,23,18,51,58,56,14,60,59,26,5,48,62,50,39,24,15,33,38,37,13,44,57,43,31,45,11,35,53
32,15,28,46,41,20,34,36,42,56,4,54,10,27,45,9,62,49,43,2,35,25,47,38,60,61,40,31,29,24,26,8,57,52,39,1,14,23,6,21,16,3,44,55,30,53,11,18,19,0,58,51,50,37,63,48,33,22,17,12,7,13,5,59
44,47,38,22,55,9,31,61,35,20,62,16,3,7,63,27,37,56,60,11,33,25,19,32,14,12,59,51,39,28,21,0,40,6,18,53,8,2,48,4,43,45,30,29,49,50,54,23,15,58,26,57,52,36,24,5,1,42,13,17,41,10,34,46
62,25,29,30,43,57,39,60,59,63,21,3,52,12,16,33,53,0,23,41,50,40,36,6,58,24,18,32,1,47,15,22,61,51,56,55,8,54,48,13,11,5,42,31,10,7,19,20,14,17,46,37,44,35,26,49,27,45,2,38,28,34,4,9
43,25,50,32,62,40,19,35,13,14,20,59,21,47,37,7,22,49,1,63,51,23,26,48,42,57,60,33,56,52,41,4,53,39,0,36,46,28,58,5,6,2,12,24,38,31,45,15,55,54,8,9,34,18,29,10,17,44,11,30,16,27,61,3
4,37,58,51,11,62,48,22,49,55,15,7,3,27,26,33,5,35,52,14,28,56,6,36,1,50,24,42,9,46,13,60,8,12,2,47,41,63,16,21,0,29,59,19,17,32,44,45,61,34,20,31,57,30,40,43,54,23,39,38,10,25,53,18
24,2,44,63,55,9,48,40,32,21,5,37,13,42,52,29,46,22,51,43,10,49,6,41,25,1,19,7,60,45,4,16,57,31,26,18,27,34,20,62,35,58,14,17,11,8,50,23,33,53,0,28,39,59,38,15,56,61,47,36,30,54,3,12
50,61,60,10,39,47,1,22,15,51,23,27,0,59,16,8,20,43,44,11,48,17,24,3,12,31,41,21,63,40,57,32,52,42,58,38,35,25,13,36,19,29,49,30,56,4,14,45,26,28,7,54,18,37,6,53,33,9,2,5,34,55,46,62
21,50,32,48,41,3,56,19,53,15,5,49,36,37,18,43,60,20,54,13,7,45,25,42,9,11,34,22,26,33,62,8,28,31,61,2,14,24,35,55,57,63,4,30,39,27,40,44,38,29,46,1,58,12,59,51,0,10,23,6,17,52,47,16
34,46,29,11,48,5,13,56,47,9,12,63,37,23,21,14,55,32,33,58,28,42,51,0,52,62,1,54,61,25,20,24,59,35,8,15,26,43,30,27,19,39,17,45,50,10,2,41,36,18,3,4,57,6,22,44,16,7,53,31,60,38,49,40
53,30,15,42,13,56,4,7,16,38,43,48,11,27,32,47,20,39,5,6,22,35,1,21,14,37,8,33,31,2,17,18,62,44,46,10,49,63,41,45,61,40,57,19,24,58,60,52,54,26,23,51,59,9,36,55,34,28,29,50,25,12,3,0
7,3,11,0,58,52,18,20,1,49,47,61,26,53,21,5,14,44,31,55,56,29,16,39,30,28,17,34,41,24,19,59,32,36,63,15,12,57,6,10,8,2,51,60,45,42,62,9,22,38,40,50,23,13,46,25,4,43,33,37,48,54,35,27
41,21,43,13,55,3,54,6,49,61,0,2,14,32,30,38,8,20,52,26,45,15,53,58,47,34,40,50,16,11,37,24,7,28,33,4,44,17,22,57,51,60,10,25,9,5,19,18,35,48,46,56,59,62,39,1,29,27,42,36,12,23,63,31
7,45,34,24,43,20,57,19,13,46,18,35,4,50,53,6,32,54,52,5,9,59,60,29,1,15,37,27,40,0,61,3,49,2,41,28,10,36,62,17,44,55,56,30,31,51,63,22,26,16,14,12,47,39,8,33,21,23,48,11,25,42,58,38
59,33,17,57,51,15,46,8,0,36,56,28,31,30,45,4,58,2,40,11,13,34,49,1,3,35,12,48,24,18,63,19,41,27,52,55,44,14,37,23,5,25,42,29,6,47,21,10,22,54,26,20,62,53,61,16,38,50,7,43,60,32,39,9
24,28,29,16,47,11,9,35,41,15,34,5,61,31,33,53,63,39,3,6,26,46,7,23,42,62,13,1,20,32,60,52,12,45,4,49,8,57,51,2,22,38,54,56,37,48,55,21,40,44,10,43,17,58,27,59,18,25,0,50,14,36,30,19
54,62,24,50,3,32,2,5,57,52,9,49,21,37,60,31,1,48,38,30,10,59,45,39,28,51,13,15,34,19,25,33,29,14,41,26,58,20,27,55,53,12,56,35,47,0,46,43,61,7,36,42,44,6,8,16,11,18,40,17,4,23,63,22
40,45,58,30,39,50,13,53,35,6,47,27,7,26,5,11,56,38,19,23,62,15,63,14,54,52,57,4,10,51,33,9,3,17,0,2,32,59,16,12,34,18,49,21,48,42,46,41,24,1,8,28,20,55,36,43,29,22,31,25,44,60,61,37
59,13,50,12,29,39,28,48,49,63,40,27,31,41,47,58,26,56,53,22,34,0,24,46,36,52,15,17,30,6,35,23,25,57,1,21,55,61,2,62,9,11,44,19,33,42,38,5,32,14,4,60,54,10,43,8,18,20,7,37,3,16,45,51
60,5,46,43,57,3,35,45,0,50,10,39,16,22,15,37,31,7,49,13,4,48,9,18,59,19,28,61,54,40,1,2,52,53,29,58,33,47,36,55,23,11,38,21,51,6,56,24,17,14,25,26,30,44,42,63,20,8,41,12,62,27,34,32
48,27,13,7,52,6,50,33,60,8,53,38,39,4,9,19,26,37,42,29,18,15,35,51,23,56,20,3,59,49,25,45,34,36,63,41,61,28,17,5,24,58,30,46,1,16,55,12,2,31,54,11,22,62,21,47,44,32,57,14,10,40,0,43
45,23,11,21,38,62,44,0,57,22,63,55,31,61,15,17,1,53,10,8,58,7,12,33,20,28,29,37,5,14,13,34,42,27,52,49,47,41,3,6,9,35,43,25,30,26,48,24,59,36,32,60,40,39,51,54,2,4,16,50,46,19,18,56
34,14,58,39,47,8,21,26,63,15,37,17,10,11,4,62,40,45,36,23,55,52,35,48,9,3,1,41,59,38,43,25,31,42,28,30,54,6,33,29,22,2,60,12,16,19,46,61,56,44,49,53,7,32,20,57,18,24,27,5,0,13,51,50
33,59,22,53,31,28,11,10,55,41,37,17,25,16,47,36,21,42,0,4,61,34,40,56,54,2,44,26,30,18,29,13,27,7,15,1,58,39,57,38,5,20,51,52,12,6,62,43,45,46,60,24,32,35,63,8,9,14,3,50,48,49,19,23
4,17,38,44,6,13,22,33,8,11,56,18,12,51,47,35,24,50,49,30,3,5,19,63,53,40,36,32,55,42,1,46,48,37,59,25,54,43,16,61,29,23,60,14,62,57,0,52,10,9,45,20,26,31,39,34,7,58,41,21,15,27,2,28
3,58,23,20,46,49,55,21,42,38,62,48,56,26,59,37,4,28,25,14,50,0,40,24,1,44,17,22,13,60,15,54,8,61,10,30,35,12,11,41,34,2,6,51,5,52,33,18,32,19,7,31,57,53,45,36,27,9,43,47,29,39,16,63
41,62,11,58,36,59,55,46,1,54,50,47,53,37,61,16,63,14,13,60,19,0,31,23,8,33,24,7,17,25,51,45,42,20,48,22,28,38,29,18,5,30,39,56,2,49,44,40,10,32,12,34,52,21,27,35,3,26,9,4,15,57,6,43
46,56,10,16,3,39,33,0,23,2,62,41,13,9,18,31,38,8,34,21,52,53,48,60,50,29,26,24,61,20,45,58,32,35,6,59,7,17,40,44,47,36,63,11,12,43,57,14,27,19,5,30,55,1,25,15,42,28,54,49,37,22,51,4
6,36,47,33,46,2,13,19,10,62,11,54,59,40,5,30,45,14,7,61,44,25,26,48,51,34,39,27,41,0,35,63,24,17,49,22,1,53,8,37,58,20,15,55,12,29,52,4,16,60,42,43,32,9,21,28,38,56,57,23,31,18,3,50
53,41,39,33,4,32,31,44,18,60,52,13,14,56,59,26,45,46,16,9,35,1,36,57,2,19,17,48,8,6,63,38,40,20,51,24,0,12,62,25,29,42,21,50,5,10,37,15,55,23,34,28,30,22,43,7,11,58,3,49,54,61,47,27
49,43,8,10,13,27,32,30,48,38,18,35,11,21,33,1,22,45,34,7,20,6,56,53,29,60,36,40,25,39,16,15,28,51,59,50,17,3,58,61,5,2,63,37,52,19,62,26,12,57,42,55,46,9,14,4,24,44,31,41,23,0,47,54
32,29,9,21,18,57,10,42,61,48,17,41,49,19,3,4,22,58,62,37,40,35,24,15,38,5,8,0,50,31,45,23,36,20,14,60,47,1,53,39,6,11,59,25,26,43,7,52,16,46,34,13,30,27,55,44,63,28,54,56,33,2,51,12
0,32,25,41,44,49,19,7,1,17,23,62,12,60,37,47,39,33,5,26,22,34,13,51,14,28,8,2,52,35,30,55,46,11,40,36,43,38,9,53,18,50,59,45,31,20,54,61,6,10,4,15,27,16,21,57,29,3,24,48,42,58,56,63
61,18,34,49,4,59,43,51,32,37,63,30,39,21,24,12,26,10,31,1,3,42,2,36,33,14,28,7,44,0,58,56,8,5,16,22,60,35,52,15,19,55,48,47,53,38,9,6,40,17,25,20,57,11,46,50,13,23,54,62,27,29,45,41
8,51,37,55,34,52,27,36,32,54,2,45,41,30,58,12,21,35,17,33,31,63,59,22,56,43,57,61,19,39,26,50,38,46,5,49,23,48,42,6,20,13,15,4,3,9,18,47,28,24,62,29,14,11,25,60,16,10,1,7,44,0,40,53
28,50,49,18,48,53,22,19,51,3,36,25,62,38,0,58,11,29,15,27,47,44,52,63,20,8,6,59,56,32,14,30,45,10,23,4,55,24,42,21,16,54,37,17,9,2,46,1,57,34,40,7,39,33,61,5,12,26,31,43,35,41,60,13
26,13,43,50,3,12,60,17,30,6,7,23,63,55,19,39,59,8,41,40,35,22,27,25,42,28,62,20,45,51,52,5,53,47,38,1,61,16,11,10,58,37,14,18,57,9,36,21,48,46,34,15,49,54,33,32,24,4,31,0,56,29,2,44
7,44,0,16,14,45,30,10,21,59,43,4,31,22,32,39,11,61,48,19,17,8,6,15,3,9,58,28,33,1,5,13,18,34,36,52,24,25,49,40,2,62,50,55,41,56,38,53,20,12,26,27,60,46,42,63,23,47,57,35,29,51,54,37
7,33,45,4,42,59,50,19,12,61,44,60,56,30,32,26,3,40,11,22,24,18,58,34,35,62,52,23,0,57,41,37,9,39,21,14,46,20,48,29,63,17,47,8,38,53,15,6,49,51,31,27,5,16,1,28,10,2,13,36,25,43,55,54
38,49,36,19,17,25,24,33,2,0,29,58,9,31,1,39,55,50,35,52,18,59,13,6,51,42,48,7,41,46,12,23,43,47,21,37,16,27,62,53,11,30,5,54,56,10,20,4,14,61,26,40,3,44,57,32,45,15,34,63,60,22,8,28
0,19,58,27,7,2,14,23,17,56,20,62,41,28,39,1,10,22,9,49,11,12,51,63,38,47,50,42,8,15,30,4,18,16,25,24,29,37,34,48,52,6,59,5,40,61,21,3,60,46,53,44,31,35,33,36,13,26,32,55,54,57,43,45
44,46,39,2,58,43,49,23,13,27,15,55,45,36,8,32,48,30,31,40,61,60,62,52,21,24,42,50,63,0,37,34,26,38,4,22,11,29,1,18,6,17,9,54,7,25,20,3,33,53,10,12,28,56,57,19,59,47,35,16,41,51,5,14
44,19,18,57,20,48,24,16,11,42,46,47,37,35,6,5,22,41,27,45,30,14,34,29,17,7,23,40,50,33,63,9,43,2,49,56,12,62,58,60,0,55,59,53,4,38,21,26,39,15,25,13,1,10,28,52,3,31,36,8,54,51,32,61
45,44,33,41,34,50,29,4,48,25,20,39,28,3,21,36,0,32,49,58,2,46,62,51,16,40,37,35,53,31,38,57,47,61,59,18,52,5,27,11,12,23,8,55,24,7,9,1,43,56,63,17,10,19,30,6,13,60,14,15,22,54,42,26
40,50,32,34,5,61,43,29,54,56,7,28,15,3,16,47,11,6,18,23,1,57,41,46,21,2,27,55,10,60,33,35,59,44,36,39,13,22,14,24,0,8,63,48,58,12,4,42,31,25,51,38,62,37,52,49,19,53,20,30,9,26,45,17
29,1,17,43,54,27,42,49,34,56,6,55,50,14,18,58,45,9,23,4,63,12,37,30,31,32,3,2,46,44,21,8,16,62,22,0,15,10,25,26,13,59,61,24,36,11,60,47,38,40,53,39,7,52,5,35,28,48,19,20,41,57,51,33
49,25,15,62,40,61,51,4,54,3,17,6,24,8,38,16,32,37,20,63,53,23,41,22,50,10,30,39,33,29,26,43,0,56,42,45,58,34,44,11,7,2,9,18,60,47,14,5,27,19,31,55,35,13,21,48,46,28,59,36,12,52,1,57
53,7,54,15,52,16,30,1,36,45,13,44,24,43,62,40,42,58,10,46,0,8,9,39,31,18,50,61,38,29,19,49,3,22,14,11,26,35,57,34,63,21,23,25,27,28,48,6,60,2,37,47,51,41,17,4,55,32,5,59,12,33,56,20
30,10,4,55,40,58,0,32,46,21,39,44,23,57,49,25,60,5,2,53,24,37,15,45,59,31,36,33,19,27,12,56,18,51,8,63,20,35,48,7,62,22,29,54,17,11,47,34,41,3,28,9,26,1,16,13,61,50,14,42,43,6,38,52
16,39,53,15,7,60,54,5,32,34,27,12,62,46,40,0,25,58,63,18,41,51,37,35,43,4,52,20,6,17,10,48,49,24,8,36,30,61,55,42,9,21,26,38,50,14,59,44,56,22,19,23,2,45,13,28,47,31,11,29,1,57,33,3
59,51,17,49,58,33,12,48,56,20,6,54,7,36,2,13,29,38,14,45,62,10,61,35,22,27,19,50,46,26,44,25,30,5,16,37,0,39,40,43,53,9,60,1,57,34,8,11,31,21,41,55,47,42,28,23,24,63,15,32,3,4,52,18
45,8,58,31,62,42,51,15,57,53,0,19,13,20,37,27,63,29,40,26,9,30,55,6,28,52,56,25,48,4,41,36,49,16,23,22,54,12,35,50,34,3,38,32,61,60,24,11,47,2,46,21,1,14,39,44,59,10,43,7,5,33,18,17
61,39,60,57,13,48,15,46,36,31,27,11,3,7,49,0,41,2,8,1,24,58,47,19,33,10,6,14,56,28,25,45,62,35,42,18,17,43,59,63,51,40,21,44,23,50,30,53,20,4,55,54,26,9,52,38,12,34,22,16,37,29,32,5
8,60,53,22,50,7,58,12,3,27,45,32,0,43,21,16,49,33,35,42,2,36,23,20,51,25,62,15,34,41,11,56,5,55,40,1,63,44,59,37,9,19,38,31,52,6,18,30,4,14,13,46,39,57,47,10,17,26,61,28,24,54,29,48
56,40,15,37,9,61,44,30,23,10,4,63,51,39,5,14,13,12,0,16,27,54,31,26,38,20,35,8,48,22,58,62,32,34,3,2,24,57,25,43,45,55,6,1,50,19,49,29,7,28,36,53,11,17,60,52,21,47,18,59,46,33,41,42
21,15,1,56,58,48,42,32,34,23,41,52,2,6,33,20,59,16,57,26,24,50,60,31,36,17,5,18,39,55,43,28,30,37,44,63,7,4,29,19,61,40,45,38,35,13,62,46,51,12,10,22,53,8,14,54,3,0,9,47,25,11,49,27
20,43,57,52,55,62,42,22,17,59,58,50,33,45,31,21,12,60,6,1,26,34,51,18,37,53,39,54,61,48,49,28,35,9,7,56,24,44,15,2,19,0,30,11,5,47,16,13,41,36,14,25,40,8,38,46,23,27,63,10,29,32,4,3
58,12,45,32,13,20,52,19,18,40,21,43,7,29,28,59,46,11,60,27,0,54,36,39,57,3,35,37,16,48,50,14,38,51,30,53,33,2,23,63,34,8,9,6,22,55,31,24,42,25,10,56,47,26,41,15,62,5,17,4,44,49,61,1
57,28,51,23,12,60,14,63,58,4,30,49,26,27,42,21,29,32,5,38,24,61,45,19,43,37,22,2,41,11,56,62,52,39,0,40,54,20,1,48,33,9,25,31,34,46,10,18,17,47,59,16,55,44,50,53,6,13,8,35,36,7,3,15
17,44,35,20,7,40,27,57,63,3,61,19,50,62,18,45,21,6,9,31,26,47,30,56,13,34,12,25,38,0,53,52,37,2,10,22,23,58,32,36,60,5,55,39,28,51,59,4,29,15,16,46,43,54,49,1,41,14,11,48,8,24,33,42
24,46,62,7,30,16,26,47,49,5,13,42,29,31,51,45,20,61,36,19,18,38,57,4,32,54,10,6,21,34,12,22,52,35,48,58,44,25,39,37,23,3,9,50,17,43,14,27,1,11,60,40,41,0,59,2,28,56,63,53,33,15,55,8
30,56,50,54,18,13,10,7,61,26,29,20,5,23,19,41,21,51,45,43,25,49,11,31,15,62,35,53,14,58,63,9,12,3,37,55,44,60,33,8,17,4,2,36,16,38,47,6,40,34,22,28,27,46,42,1,59,57,32,52,0,24,39,48
15,30,24,26,8,19,37,34,16,35,27,0,20,55,48,21,36,61,60,44,4,53,3,54,57,10,2,38,51,18,25,7,23,50,43,47,14,49,11,6,12,5,42,41,39,1,59,45,56,52,32,9,13,40,29,62,46,33,28,22,17,58,31,63
8,27,2,10,47,35,25,36,44,59,31,9,60,61,17,57,32,28,50,63,54,23,14,24,41,52,5,20,34,11,38,55,58,19,6,56,13,7,12,45,3,43,21,39,0,18,22,1,42,46,15,26,33,51,30,4,37,49,29,53,48,40,62,16
3,9,33,15,52,45,56,40,58,13,11,17,2,49,24,59,5,61,35,47,26,57,16,29,32,28,31,20,51,48,41,10,63,46,42,39,18,50,44,14,23,54,25,27,8,30,36,4,19,55,37,62,12,34,7,38,22,21,6,53,0,1,60,43
12,3,28,21,44,43,53,11,38,36,59,9,4,56,39,32,34,54,49,0,35,22,48,7,10,42,50,29,1,24,41,58,60,13,33,2,8,17,15,45,27,6,51,23,46,16,14,47,37,18,26,57,61,40,55,30,19,20,25,62,31,63,52,5
49,45,43,27,35,41,36,5,10,51,24,40,6,42,62,4,2,22,14,19,11,39,55,0,16,12,8,37,50,46,1,18,61,29,23,54,31,63,58,15,34,25,52,9,7,26,57,13,48,33,60,17,21,28,47,3,38,20,44,56,59,30,53,32
56,61,9,33,12,49,30,59,18,15,20,11,58,35,5,42,1,55,24,45,23,38,48,40,39,41,13,2,4,53,25,51,29,54,6,14,8,36,44,0,28,3,52,62,43,19,63,7,34,37,21,27,57,47,50,22,16,60,46,17,32,10,26,31
41,3,5,18,20,4,31,49,23,1,52,13,39,15,36,6,42,62,30,40,26,46,57,47,25,32,35,43,55,58,17,14,34,2,56,53,24,61,48,10,44,7,54,11,59,37,33,63,38,21,12,51,9,28,8,27,45,16,0,50,60,29,19,22
54,39,46,17,59,21,27,1,31,2,40,55,45,20,6,49,8,5,51,29,9,48,38,32,52,42,50,7,47,41,30,25,14,22,60,43,53,0,44,28,18,10,12,23,11,13,37,62,57,58,35,16,15,56,33,61,24,3,26,36,4,63,19,34
26,39,30,31,12,13,50,44,10,7,40,35,42,41,58,32,38,17,27,56,53,54,28,43,37,6,62,22,18,36,34,11,21,0,29,15,49,51,24,3,25,59,48,52,23,19,63,61,46,57,47,14,4,8,45,5,20,1,60,33,55,16,2,9
48,38,36,23,31,6,33,50,35,25,1,34,43,12,60,18,16,19,29,14,40,32,37,44,21,5,46,27,0,13,49,4,26,55,62,17,22,15,10,3,54,28,41,58,56,8,30,53,20,57,9,39,24,59,2,51,45,63,11,61,42,47,7,52
2,50,48,39,59,41,49,13,6,47,26,23,51,10,58,52,0,42,43,25,34,20,46,36,55,37,27,38,32,44,30,19,17,56,28,24,62,9,31,61,16,3,21,12,14,4,53,60,54,8,29,5,40,11,35,63,57,15,22,1,33,45,7,18
15,54,7,9,32,62,2,51,25,34,12,28,29,47,26,50,38,4,49,19,58,0,21,41,22,16,42,60,48,3,55,23,56,46,35,6,1,45,11,53,43,30,24,40,44,63,39,14,27,37,36,18,57,17,33,59,31,8,5,10,52,13,61,20
63,17,28,26,56,25,59,18,13,23,29,60,7,46,11,52,5,34,40,15,50,21,4,3,20,43,16,24,30,9,41,39,1,22,14,2,37,31,12,54,57,8,10,36,62,45,27,49,19,6,58,53,61,55,44,32,33,42,38,48,47,0,51,35
54,15,7,31,51,6,63,58,55,14,28,44,47,39,2,38,0,45,50,18,5,10,8,17,11,24,57,29,48,36,34,49,4,1,13,27,22,61,16,56,46,42,53,30,33,60,37,25,9,23,40,62,12,41,35,32,52,19,26,59,20,21,43,3
27,36,16,41,55,13,60,18,32,61,12,14,59,39,3,8,56,62,50,48,63,54,47,21,37,38,33,53,1,9,42,31,2,5,40,20,11,10,25,7,0,57,28,43,34,26,58,30,29,24,35,44,15,17,22,19,51,46,6,49,23,45,52,4
16,58,56,63,45,60,36,33,3,15,24,13,50,55,26,0,14,28,47,30,61,48,8,59,29,2,4,34,21,22,57,20,10,18,5,7,11,51,44,27,31,53,37,17,46,40,54,43,52,25,41,39,19,62,38,9,49,6,42,23,12,1,32,35
42,30,57,20,24,7,45,4,56,16,63,32,12,37,5,14,52,41,21,27,29,25,0,34,13,33,17,35,15,54,60,23,26,46,39,51,49,8,1,58,11,18,61,43,50,44,22,28,36,62,38,6,55,10,2,40,48,19,31,9,53,3,59,47
43,11,0,48,13,31,5,34,35,2,50,47,46,24,18,49,44,51,33,63,17,30,22,40,19,16,45,59,8,29,36,12,39,28,58,42,15,38,61,25,54,55,6,20,4,56,37,3,57,14,23,32,53,62,7,60,1,21,41,52,27,10,26,9
46,9,10,52,47,40,14,15,6,58,37,61,34,60,26,38,33,32,3,5,28,17,57,36,16,22,45,20,53,11,7,27,8,19,48,30,50,56,31,51,24,55,4,44,23,25,0,39,13,18,54,21,1,41,59,63,43,62,2,49,42,12,29,35
58,37,30,52,60,56,34,20,28,62,11,33,7,4,36,3,24,27,8,18,16,59,5,38,22,0,25,1,50,12,53,57,15,14,46,49,10,23,40,41,61,21,48,9,51,63,32,17,2,55,47,45,35,42,26,44,13,29,19,54,6,43,39,31
49,59,37,39,50,21,5,34,38,29,12,17,28,40,6,27,11,41,33,47,24,30,35,58,18,36,45,10,14,15,1,62,57,9,16,42,26,56,19,52,55,25,2,32,63,31,46,54,22,44,3,48,8,7,60,20,43,0,51,4,23,61,53,13
41,2,7,47,44,61,32,21,5,40,0,1,33,26,55,8,60,34,27,14,36,50,58,20,42,22,19,56,4,52,43,39,3,9,11,30,46,37,29,31,53,24,35,28,6,62,23,49,38,51,17,15,48,16,57,18,25,13,10,12,59,54,45,63
60,41,31,19,24,3,63,61,2,16,53,10,27,40,20,30,49,55,57,29,22,52,51,58,26,21,62,42,11,23,4,13,8,37,1,7,28,43,38,5,46,54,12,18,39,15,14,9,32,44,59,36,17,0,50,34,47,45,35,25,6,48,33,56
37,36,25,50,18,5,11,31,34,56,54,26,15,32,35,40,42,27,38,30,7,29,63,45,21,48,22,16,44,61,24,4,2,57,20,33,51,58,62,23,41,47,10,3,1,17,14,39,53,46,28,19,59,43,8,49,6,52,9,55,13,60,12,0
10,7,29,24,44,17,32,39,20,47,25,23,3,5,6,4,60,56,55,48,16,62,31,51,12,50,33,63,22,37,18,13,28,42,53,57,21,34,54,15,11,30,49,27,52,0,9,41,14,8,45,35,40,58,26,46,38,1,19,36,61,59,43,2
56,18,29,10,24,47,63,44,34,0,43,51,4,25,39,33,22,12,31,58,19,46,37,13,23,38,6,55,9,32,7,17,48,2,16,21,11,59,40,20,60,27,1,50,61,45,57,3,14,52,53,35,26,62,28,54,15,36,30,42,5,49,8,41
24,1,46,53,36,62,39,60,47,27,38,55,51,5,14,13,45,49,2,20,29,11,61,59,17,52,22,40,56,33,19,31,50,41,3,23,37,28,0,9,42,15,18,63,25,12,48,7,21,6,10,58,8,43,34,54,16,35,26,44,30,57,32,4
28,31,36,32,0,49,8,12,23,52,46,51,35,61,2,53,21,37,62,3,42,60,39,9,24,22,20,34,54,41,19,33,43,59,6,1,13,47,50,63,45,58,10,44,26,30,57,55,16,29,18,40,11,5,48,14,7,25,27,15,4,56,38,17
31,2,37,61,9,46,16,41,57,26,21,59,58,7,42,27,33,60,14,44,45,10,30,49,5,62,18,54,51,28,3,50,19,52,32,23,53,20,34,43,56,8,11,12,38,47,25,22,1,17,24,4,15,63,6,35,48,13,0,36,55,39,29,40
54,9,55,23,26,2,6,48,8,57,25,1,42,29,61,37,53,15,58,0,38,27,10,31,60,32,52,62,18,16,43,30,24,50,45,46,3,51,44,20,59,63,40,5,11,17,33,36,12,13,39,14,47,21,41,19,7,28,34,56,4,35,22,49
25,38,48,36,60,47,27,19,55,13,35,26,2,34,6,58,22,32,49,30,9,40,21,5,28,51,16,61,8,20,3,10,52,41,37,45,59,56,29,63,11,12,57,14,31,1,4,50,53,33,42,23,7,18,44,24,54,0,43,62,39,17,15,46
16,20,57,6,35,12,19,4,0,48,3,5,21,63,46,39,38,24,44,26,51,14,62,25,27,8,60,1,41,47,2,18,55,61,29,22,59,17,33,53,40,54,7,34,50,37,9,13,28,58,49,15,56,31,30,32,36,45,42,43,52,23,11,10
38,7,3,10,46,52,50,35,11,62,22,8,14,58,45,13,17,26,37,19,5,34,12,55,44,32,63,21,16,47,33,25,60,36,6,30,59,39,4,49,28,20,23,24,53,18,1,2,43,40,42,57,31,54,0,27,41,61,48,29,51,56,15,9
11,56,23,38,37,43,9,60,22,25,44,26,51,8,39,49,30,21,47,59,4,46,31,58,52,27,14,6,17,28,57,7,13,24,53,1,15,61,34,54,32,0,33,16,29,36,12,62,45,2,55,63,50,3,35,41,5,20,18,42,40,10,19,48
34,58,11,32,54,3,40,47,6,37,28,27,14,51,19,0,41,63,18,53,13,39,38,36,2,48,45,4,46,26,7,1,25,22,31,35,42,9,43,10,23,44,33,29,12,60,8,50,30,15,49,56,21,55,59,61,5,52,17,62,24,57,20,16
46,45,6,34,13,25,47,3,63,32,11,43,59,4,52,53,35,16,27,2,44,19,48,0,15,49,9,30,26,42,1,28,33,23,24,56,17,54,58,41,51,55,7,60,50,21,22,38,14,36,10,8,61,39,18,29,57,20,40,62,31,12,37,5
45,31,44,46,58,1,18,53,6,8,32,7,39,9,3,54,33,23,35,5,36,38,50,57,42,56,17,2,4,48,60,49,27,13,62,28,0,20,22,47,51,34,16,14,40,26,41,19,52,61,37,43,25,24,30,29,21,10,12,11,55,15,63,59
3,12,31,20,23,0,13,41,16,58,57,46,33,45,2,56,7,18,32,54,39,60,25,48,11,28,10,53,34,36,15,22,17,27,55,5,43,59,35,49,37,61,1,51,26,50,4,9,38,63,42,8,19,6,52,44,29,62,21,47,40,14,24,30
34,58,3,9,13,59,49,48,6,14,0,20,31,47,41,15,43,18,60,21,39,62,32,33,52,17,28,12,46,63,4,1,16,37,54,19,24,57,25,56,27,45,38,53,40,7,51,11,29,22,35,23,26,30,55,5,42,61,50,44,10,8,2,36
29,36,28,39,51,17,62,1,35,55,52,14,0,31,44,10,56,41,13,57,59,9,15,2,27,21,30,26,47,4,20,50,8,42,40,34,5,38,3,24,53,46,45,49,63,23,12,54,48,58,60,33,32,25,19,7,16,22,11,18,43,61,37,6
58,59,50,57,35,61,15,36,53,6,18,9,41,14,33,21,3,40,60,25,43,29,10,63,34,23,24,37,0,27,56,26,45,49,20,4,17,47,54,44,39,2,31,28,13,12,30,46,32,16,7,51,48,38,8,1,11,42,22,52,19,62,5,55
49,21,37,62,10,15,40,45,42,38,55,0,56,48,44,6,24,33,11,31,18,8,19,28,22,53,13,52,14,32,34,51,17,12,63,36,7,16,54,25,60,29,27,50,30,5,41,26,46,58,43,2,4,59,9,23,1,57,20,3,61,47,39,35
15,42,19,23,34,22,45,60,44,21,26,40,13,28,1,35,3,14,50,10,61,9,25,37,59,29,16,30,27,33,62,55,63,46,39,47,24,7,2,51,20,52,56,11,8,6,38,0,5,54,43,36,53,58,49,12,48,17,41,18,4,57,31,32
2,26,0,19,13,44,16,10,43,31,33,9,59,17,60,3,50,28,63,52,45,18,46,27,12,56,61,4,54,25,11,51,36,6,24,5,1,38,62,29,57,55,41,58,14,32,21,15,35,49,37,23,22,34,53,30,8,39,48,7,47,42,40,20
31,15,33,63,46,36,13,35,21,38,55,45,25,39,62,42,29,16,61,56,9,24,2,48,26,12,41,34,27,22,4,14,50,28,43,51,0,40,49,37,54,53,60,23,32,20,19,44,11,6,5,59,3,17,47,30,58,7,52,10,1,18,8,57
16,49,52,14,57,50,62,8,32,36,5,4,51,23,40,59,47,38,21,28,35,10,30,1,37,2,24,44,12,19,54,22,13,63,31,6,20,33,17,0,29,39,34,3,58,45,46,26,60,56,43,9,42,61,41,55,11,48,53,7,18,25,15,27
30,36,45,5,47,41,28,35,16,22,29,2,44,57,14,0,18,21,10,23,11,49,7,46,20,32,15,33,56,37,1,26,19,3,60,59,9,52,27,50,51,8,54,55,6,48,53,61,4,17,62,31,34,40,42,13,63,43,38,39,12,24,58,25
4,49,63,5,18,41,23,58,55,6,10,12,29,37,39,56,20,52,54,51,30,15,1,57,13,2,22,24,16,33,60,8,27,19,28,47,32,50,40,59,0,3,43,25,9,34,21,17,45,14,61,46,7,44,53,31,26,62,35,11,38,42,36,48
46,10,55,24,33,30,39,53,15,57,0,51,19,37,41,29,34,8,58,17,42,32,56,25,18,28,9,54,36,22,20,3,7,16,44,11,2,12,62,40,47,60,26,52,13,63,14,35,38,43,45,27,61,49,31,1,48,6,21,50,4,59,5,23
4,8,17,25,60,61,16,57,26,36,59,40,62,29,19,51,39,48,7,15,12,58,20,9,28,46,3,43,37,53,42,23,21,14,11,32,13,55,34,50,45,41,63,52,31,54,24,2,35,1,10,6,47,56,44,18,33,27,0,49,38,30,22,5
17,26,54,15,20,51,4,27,8,24,1,16,61,60,39,22,10,42,36,6,0,3,46,63,32,59,52,21,12,41,25,2,11,53,23,40,29,43,48,47,28,45,31,7,56,30,33,38,9,57,5,18,14,19,37,58,50,13,55,49,44,34,62,35
47,53,55,35,26,54,56,40,27,13,37,10,4,44,51,45,22,19,41,36,11,61,7,16,9,30,28,49,39,46,48,2,20,52,29,25,3,23,62,14,50,12,0,5,43,57,24,60,31,6,21,58,18,59,32,15,42,8,1,38,33,63,17,34
17,33,1,10,2,46,53,0,45,49,5,40,25,31,20,36,14,39,4,27,26,11,62,8,34,9,41,44,59,43,51,52,28,38,13,56,42,50,19,7,58,24,30,16,60,6,35,32,48,18,15,61,57,3,22,55,47,21,23,37,54,29,63,12
60,46,18,13,38,44,29,5,7,48,51,58,40,37,25,55,62,0,17,35,43,3,45,41,34,22,11,8,6,4,28,42,53,39,59,23,26,19,30,24,2,10,61,16,63,15,12,14,56,9,57,1,31,50,54,32,49,52,33,36,27,21,20,47
56,55,9,61,38,58,50,48,18,12,43,10,40,57,32,35,22,51,53,14,0,8,16,37,63,24,49,31,30,52,59,54,28,11,33,1,44,36,5,17,27,4,34,41,25,21,19,3,42,2,7,20,15,29,39,26,23,45,62,47,13,46,60,6
43,38,16,31,30,15,11,45,32,23,39,62,59,55,14,29,5,54,10,2,48,6,50,21,58,3,1,12,40,46,57,47,27,56,34,37,20,24,44,0,18,8,61,19,60,26,33,22,49,41,63,17,53,28,51,35,13,7,4,25,52,9,42,36
24,34,32,23,31,30,41,62,8,42,63,0,59,4,43,15,6,13,20,36,19,60,5,44,45,7,1,29,47,40,3,21,33,12,49,10,17,11,27,46,54,51,2,57,14,16,35,38,9,58,22,37,26,55,61,56,18,52,50,39,53,48,28,25
54,53,22,12,1,36,39,49,18,61,14,6,25,31,42,20,57,44,38,11,7,55,45,17,27,30,5,9,0,32,10,13,21,4,19,37,34,41,24,2,50,33,16,60,15,56,3,47,26,43,8,59,52,48,28,58,62,51,40,23,63,35,46,29
26,57,20,36,43,1,45,62,9,5,25,39,40,46,58,19,56,3,7,17,54,42,16,18,21,29,55,59,6,28,23,30,48,15,61,31,0,53,49,4,22,47,50,38,41,35,60,34,27,51,33,44,63,24,37,2,10,14,8,12,52,11,32,13
16,34,15,57,55,54,44,1,19,14,30,31,8,9,20,29,42,47,4,0,48,41,43,13,25,26,53,62,61,18,39,49,38,12,59,6,23,36,63,22,17,24,3,58,52,60,51,37,46,2,56,5,35,28,33,7,21,10,50,45,40,27,11,32
46,55,54,7,13,17,34,2,37,52,15,31,56,51,5,44,29,6,57,35,42,45,10,16,24,8,30,36,1,48,20,0,38,47,28,50,12,49,23,25,53,62,21,60,40,18,43,14,22,41,11,3,27,61,59,33,63,9,32,19,26,39,4,58
48,49,15,62,7,54,57,14,8,47,18,41,43,1,29,16,23,32,44,58,51,37,50,4,19,10,33,28,46,59,55,6,39,60,20,45,34,21,40,22,30,11,56,12,53,61,13,31,63,0,27,2,3,42,25,35,9,36,17,5,38,52,24,26
13,57,19,40,63,54,62,60,12,37,38,30,51,50,9,26,41,45,49,52,29,11,5,31,47,58,21,44,46,0,55,61,56,1,59,24,27,34,16,35,15,3,22,33,2,7,23,36,17,6,18,48,32,20,10,4,39,53,42,8,14,28,25,43
54,39,32,4,30,7,15,22,2,8,58,43,44,47,48,34,60,52,5,24,49,57,9,21,28,38,31,51,6,3,12,59,11,56,55,36,61,26,17,27,37,25,63,50,40,20,33,14,18,53,23,0,35,62,42,45,10,41,29,16,1,19,13,46
57,30,49,14,20,13,15,36,12,38,51,21,42,50,25,22,31,61,46,58,8,62,63,55,59,19,10,47,28,5,33,7,44,41,35,29,24,4,56,60,0,37,39,26,6,2,53,48,9,52,1,17,18,3,27,23,45,32,54,11,34,40,16,43
31,7,55,52,24,21,13,62,9,28,27,39,42,0,14,16,36,60,44,37,33,51,1,63,34,6,32,12,22,10,15,45,41,29,59,35,38,48,8,53,47,58,23,56,19,50,20,3,49,26,11,46,43,57,17,4,2,61,5,18,25,30,54,40
39,18,56,55,1,54,37,48,27,60,28,61,24,45,15,17,20,7,33,26,51,57,34,40,53,3,8,2,62,9,36,19,41,21,35,42,0,29,13,25,63,50,43,16,47,4,11,6,59,12,22,44,10,23,31,52,58,46,32,5,30,49,14,38
35,28,43,59,60,1,3,16,48,6,25,61,15,34,33,18,11,32,42,54,8,58,41,29,57,14,56,10,36,26,5,51,24,63,53,52,47,46,45,20,13,40,23,44,55,38,9,27,0,17,30,21,31,7,39,37,2,62,22,19,50,4,12,49
37,18,41,47,25,42,28,48,40,29,32,4,24,2,16,26,8,0,54,22,50,17,23,49,36,1,62,7,3,55,11,6,5,59,45,52,39,20,13,35,21,33,9,10,43,61,14,30,51,46,12,15,56,38,63,44,53,34,19,60,58,31,57,27
9,52,38,45,55,3,19,39,53,2,10,56,18,41,62,40,29,22,12,13,50,7,54,44,35,1,14,51,59,17,0,61,60,21,28,43,16,20,31,57,46,33,8,32,58,5,63,23,26,34,49,6,15,30,11,4,37,27,24,25,48,42,36,47
35,24,58,14,54,3,12,41,55,47,52,61,59,13,34,42,19,37,21,39,30,29,46,26,20,43,33,57,63,50,17,15,38,6,32,31,9,60,5,45,49,23,2,11,56,28,8,36,27,40,44,16,62,25,48,18,0,1,51,10,4,53,22,7
13,16,2,1,25,44,55,10,20,53,62,49,52,58,47,17,26,48,28,37,0,7,33,60,12,39,5,19,54,8,45,32,29,46,40,35,4,34,41,6,15,9,57,22,21,14,38,31,30,50,36,51,42,3,23,59,63,11,56,61,24,43,27,18
56,60,11,61,51,35,19,27,13,25,33,52,26,17,54,58,37,6,3,31,28,14,57,4,34,48,39,62,40,43,32,44,29,59,10,47,55,7,53,42,24,63,16,22,5,41,8,21,23,30,38,0,12,45,1,36,50,18,15,9,46,20,2,49
29,39,55,19,51,24,45,27,26,22,14,38,9,61,16,35,58,50,30,46,33,32,57,63,1,47,36,54,21,18,59,52,15,40,41,31,60,10,2,25,20,56,11,5,7,37,23,62,48,4,53,17,3,8,34,49,6,44,12,13,42,0,28,43
58,38,42,59,50,56,26,55,3,28,62,18,51,8,0,21,30,6,11,19,31,32,29,2,35,45,41,27,23,47,17,34,57,49,13,7,46,36,12,5,25,53,10,33,61,52,63,16,4,1,40,44,20,60,15,43,9,37,24,39,48,54,22,14
24,33,2,45,43,12,38,31,39,63,6,29,49,58,16,21,47,23,26,61,57,7,59,10,52,54,40,5,51,22,32,28,4,11,9,8,27,46,1,53,20,35,15,62,56,36,41,37,60,14,0,30,42,17,25,19,50,18,44,3,55,48,34,13
47,54,20,7,36,6,27,21,24,9,45,4,0,15,33,53,52,38,18,44,2,30,16,28,3,13,11,26,51,1,60,43,39,42,59,34,10,25,12,41,22,5,17,55,62,35,61,32,63,40,37,50,48,57,14,56,29,46,19,8,58,31,23,49
62,12,55,31,5,48,6,11,19,33,51,40,26,22,8,46,28,0,36,43,61,27,47,25,63,21,44,1,42,30,41,56,54,49,3,57,7,16,50,9,32,38,35,60,58,53,23,59,14,37,17,13,20,18,45,29,4,15,34,10,52,24,2,39
25,24,29,28,57,12,35,30,21,49,1,5,37,58,60,18,45,40,54,22,39,61,46,44,43,52,0,8,55,34,32,48,31,10,50,19,27,7,4,2,20,63,59,36,17,6,53,41,51,56,9,14,16,13,15,38,42,47,11,26,3,62,33,23
10,20,38,15,18,39,35,7,28,24,48,30,14,34,9,16,29,44,3,23,60,26,22,47,46,27,43,17,12,19,32,0,25,42,33,49,59,40,45,56,1,4,2,58,63,41,8,55,57,37,13,21,54,50,36,62,11,61,6,52,5,31,53,51
27,33,8,52,13,39,0,28,21,49,48,61,46,36,38,22,18,31,34,4,58,37,5,40,24,42,60,10,50,26,62,43,2,12,29,30,56,1,54,17,57,6,55,16,59,44,35,23,11,14,3,51,32,19,47,63,7,20,53,45,41,15,9,25
18,29,50,37,12,8,46,25,58,40,13,54,20,1,48,5,41,32,53,9,7,3,28,38,14,34,31,39,33,47,43,17,60,42,36,61,16,62,57,30,35,21,56,19,45,26,11,6,55,15,51,22,59,24,2,44,10,49,63,4,23,27,0,52
40,37,2,57,0,42,50,47,33,41,29,32,44,14,61,24,3,36,38,4,39,51,5,52,15,26,20,7,19,60,6,59,56,43,1,13,45,27,25,21,62,23,31,55,12,9,63,48,8,54,16,28,34,18,46,53,11,30,22,49,35,58,10,17
11,10,34,57,20,55,14,50,42,7,32,29,18,1,38,48,39,56,36,22,25,23,61,43,21,41,63,60,49,37,26,51,6,45,17,62,53,52,46,27,13,40,3,44,31,9,54,16,15,4,12,58,59,47,8,2,33,24,28,0,5,19,35,30
49,57,3,10,43,53,42,29,32,35,4,40,41,45,56,18,23,62,27,44,51,48,12,30,37,39,5,16,59,61,36,60,6,15,54,22,58,0,46,17,7,33,9,26,24,21,34,47,13,28,20,1,55,11,25,2,52,38,50,8,63,31,14,19
5,12,47,61,9,27,16,54,30,23,59,0,36,3,49,31,60,25,63,37,24,17,15,53,19,44,2,42,46,56,39,26,55,10,7,32,41,13,57,8,35,34,43,20,38,1,58,4,11,6,21,40,18,22,51,52,62,45,50,14,28,48,29,33
37,5,36,55,8,6,57,43,9,34,32,1,13,46,28,61,0,40,17,44,38,39,12,35,52,14,53,41,20,50,45,51,54,47,7,62,22,16,19,15,58,49,18,63,29,10,11,26,42,33,21,2,23,30,48,56,25,31,3,59,24,4,27,60
21,33,40,29,22,11,14,58,4,41,35,50,44,34,54,46,2,19,53,38,43,45,23,55,15,5,57,25,60,16,6,51,61,30,39,62,63,7,3,0,24,10,48,26,32,9,42,28,12,18,27,52,59,20,13,47,17,31,56,8,37,36,49,1
61,28,4,42,39,19,0,18,48,45,1,35,41,46,24,50,63,20,32,54,60,58,12,34,7,16,8,5,44,6,59,57,33,29,52,49,2,31,13,51,25,62,40,21,17,36,47,37,9,56,3,23,15,14,10,27,30,11,43,22,26,55,38,53
25,49,48,42,31,11,53,13,5,62,43,8,23,56,36,14,7,35,60,9,45,22,50,26,51,54,58,15,3,21,33,38,27,57,10,20,61,30,19,52,46,55,34,40,32,37,24,16,41,44,1,18,17,0,28,6,47,63,29,39,4,59,2,12
46,17,60,50,28,20,51,61,21,16,47,62,52,48,43,25,36,59,37,56,10,5,57,18,8,45,49,7,30,39,4,34,53,35,15,54,29,1,41,19,0,42,23,12,44,22,6,63,14,33,24,13,2,11,27,26,9,55,38,40,31,58,3,32
33,6,47,46,53,7,2,58,29,49,21,26,17,63,22,52,48,45,13,23,31,11,16,41,38,35,59,30,55,56,40,61,44,9,39,50,60,4,43,18,1,28,34,8,62,19,27,32,15,54,24,3,37,51,10,12,0,14,5,36,42,57,25,20
54,29,58,61,21,55,1,39,40,51,32,20,2,15,49,38,35,57,31,48,63,50,12,0,11,5,24,56,19,59,3,37,22,46,25,26,47,41,28,4,16,52,17,9,8,33,23,43,27,6,30,14,62,7,45,44,36,10,34,42,53,60,13,18
17,36,22,47,42,45,13,49,35,14,24,53,37,23,25,55,32,48,61,58,54,19,15,26,21,18,56,10,5,41,62,33,12,1,46,6,4,51,57,39,9,20,38,43,63,8,11,28,7,31,59,2,50,34,27,52,3,16,40,60,30,29,44,0
23,6,58,56,2,62,47,0,3,15,63,13,30,20,14,22,49,59,34,10,5,33,50,26,1,48,28,8,37,19,38,21,17,27,60,46,52,32,53,9,12,29,43,24,31,55,44,41,11,25,36,16,18,39,54,57,7,61,35,40,51,4,45,42
4,27,17,19,53,22,24,10,9,30,34,56,43,40,55,32,5,46,57,29,60,15,18,50,16,21,1,11,33,41,23,54,2,31,49,7,35,20,48,52,12,6,3,28,58,36,62,14,38,59,47,61,26,25,8,42,45,39,0,44,63,37,51,13
57,16,5,19,25,8,30,52,62,55,20,40,53,31,9,17,32,10,41,12,4,42,33,3,23,34,15,26,39,59,18,43,49,45,35,29,27,44,56,0,24,7,60,46,54,38,50,1,14,6,51,61,22,47,63,11,58,13,2,48,36,21,37,28
4,34,25,37,7,16,10,14,53,55,2,18,13,41,27,23,57,61,59,58,47,22,50,9,20,3,40,56,17,36,19,44,38,39,49,29,0,43,30,8,26,60,6,5,31,12,32,33,45,54,15,63,48,35,21,52,51,46,42,11,28,62,24,1
15,53,59,38,21,33,26,57,44,52,28,1,41,8,47,55,58,45,0,9,14,56,19,5,17,16,43,36,54,31,27,40,11,18,48,61,30,37,46,51,35,42,7,60,13,4,25,50,2,23,22,62,12,29,6,49,20,10,39,32,3,63,24,34
45,25,21,37,8,29,6,31,19,40,24,26,35,56,20,11,22,2,14,39,58,46,7,61,1,34,47,30,38,59,27,54,44,32,28,9,0,5,42,15,12,3,18,49,13,36,48,60,33,53,16,63,51,17,57,52,41,62,10,43,50,55,4,23
39,49,18,19,24,61,40,47,12,26,34,50,37,3,13,8,29,35,62,48,43,22,46,20,53,56,30,33,25,45,31,15,32,14,60,7,28,41,59,51,17,9,58,27,4,23,10,38,16,55,63,2,42,44,5,0,6,11,36,21,57,52,54,1
24,29,47,57,46,38,13,30,37,42,62,50,52,41,60,23,61,6,22,2,7,33,43,40,25,27,3,63,1,44,11,59,39,16,35,51,36,18,0,20,31,45,56,28,32,49,21,58,9,8,14,55,12,10,4,34,19,26,48,5,53,17,15,54
24,36,61,42,25,44,19,27,28,35,49,39,60,15,48,17,53,57,20,23,0,4,50,33,59,13,8,34,1,3,10,5,30,6,62,16,9,31,55,40,37,63,2,21,22,58,32,18,38,29,26,51,56,54,52,41,47,43,7,14,11,46,45,12
18,27,23,43,60,39,24,50,57,58,12,13,48,42,63,26,15,8,52,4,53,16,7,30,62,40,17,35,55,22,41,10,29,25,6,2,51,38,37,21,47,32,31,61,49,45,28,19,9,59,34,20,5,11,56,36,44,3,0,54,46,1,33,14
9,18,10,44,37,59,25,12,19,16,35,30,4,31,20,36,62,24,29,17,48,47,56,5,14,0,27,11,40,45,43,38,53,41,6,39,55,13,54,21,63,28,61,34,1,26,52,42,22,7,32,46,51,58,60,15,33,8,23,57,50,3,49,2
27,36,42,40,30,49,47,48,20,7,51,28,59,39,60,37,13,29,8,52,9,25,23,1,43,57,58,35,12,62,10,4,16,55,14,53,61,5,11,19,0,50,3,17,41,44,32,21,63,6,18,15,56,31,22,34,33,38,54,26,45,46,24,2
18,8,29,37,11,5,39,51,61,47,4,59,19,12,22,53,7,55,48,31,9,44,57,26,36,33,0,10,35,58,6,24,13,42,1,16,50,52,27,62,40,25,17,15,38,49,32,45,46,28,56,30,41,54,2,34,21,3,60,43,63,20,14,23
34,13,63,29,0,56,41,35,18,1,5,12,60,53,6,57,11,16,42,47,37,10,31,9,51,4,50,23,15,43,21,33,8,61,27,24,46,20,48,22,39,30,28,55,25,36,17,54,14,3,59,40,38,49,32,26,2,7,45,52,44,62,19,58
34,48,41,20,18,10,44,58,43,35,21,2,22,33,24,50,17,7,25,55,54,26,14,13,30,62,42,46,1,12,38,56,49,0,9,40,36,11,60,61,15,53,23,19,52,63,8,45,28,37,3,32,16,6,31,47,4,5,29,59,27,51,39,57
59,48,38,36,39,6,28,54,27,40,51,58,29,26,41,21,37,35,12,55,17,30,42,49,43,56,60,63,16,22,0,8,13,18,23,25,57,47,4,61,5,62,15,34,24,20,53,7,44,52,14,1,19,50,9,3,32,10,11,46,33,31,45,2
29,28,25,31,44,0,56,61,32,57,24,12,18,43,55,15,37,38,16,50,2,51,30,22,7,27,11,63,45,5,1,35,6,53,40,62,23,34,13,26,4,54,33,58,47,42,60,14,39,9,52,49,36,3,41,19,20,8,59,48,10,46,21,17
17,13,27,44,11,8,42,26,10,50,41,14,0,59,31,60,40,55,29,1,34,22,49,39,3,2,16,30,6,15,51,45,43,5,18,58,33,23,38,35,46,24,63,52,48,20,7,32,12,56,25,61,19,53,57,4,62,21,37,47,9,28,54,36
4,56,49,14,37,9,48,30,1,59,7,20,5,62,45,52,38,44,51,42,28,11,36,43,8,21,2,25,24,19,23,13,6,22,63,39,47,17,57,61,50,16,0,41,27,40,18,46,60,54,33,34,32,53,15,58,12,35,31,29,10,26,3,55
60,58,36,28,9,41,17,12,51,23,43,42,44,50,14,45,56,21,46,5,16,63,24,11,61,27,55,29,62,4,2,0,37,6,40,13,32,8,35,47,10,34,57,3,20,38,48,49,1,31,18,59,39,53,54,26,30,33,22,19,7,15,25,52
6,11,31,1,25,30,3,42,56,26,63,29,33,2,55,41,47,21,54,52,32,38,45,4,16,14,36,12,46,43,35,9,24,44,17,57,22,37,59,15,7,10,13,23,58,61,27,48,51,19,53,18,28,20,8,34,39,62,0,5,49,60,40,50
11,16,62,47,63,2,59,6,7,18,9,51,13,48,33,45,27,40,3,23,10,15,46,34,5,21,44,41,52,8,43,14,4,1,55,24,25,35,49,38,57,19,0,42,56,31,50,26,37,28,53,61,54,58,32,60,29,20,30,36,22,17,12,39
62,8,61,59,20,27,30,55,56,16,14,35,63,44,43,40,24,36,28,10,47,26,12,50,2,46,22,38,60,9,21,31,37,7,48,25,17,53,15,41,54,49,3,51,1,39,42,57,23,32,11,29,13,6,0,58,52,34,19,18,5,4,33,45
58,20,14,56,23,28,13,30,19,10,0,51,60,46,42,9,37,55,38,12,53,47,17,31,61,2,5,59,15,25,44,27,40,41,34,52,18,43,26,21,49,39,63,22,7,8,32,48,45,50,6,62,36,1,16,29,24,4,54,3,33,35,57,11
26,45,59,60,7,56,39,52,43,28,49,37,30,46,35,25,2,4,21,1,24,20,48,57,10,9,38,15,42,61,3,36,54,8,17,63,27,40,19,58,50,53,0,44,33,47,29,23,41,51,6,55,22,62,32,18,14,11,13,31,12,5,16,34
42,4,58,44,14,33,32,21,29,50,51,43,38,47,12,48,56,30,55,18,13,57,52,8,5,16,24,46,10,23,2,53,63,15,20,60,31,19,34,62,37,35,3,45,7,11,22,41,6,27,17,59,0,25,39,9,26,49,61,40,28,1,54,36
55,52,5,1,25,38,22,50,34,6,15,9,45,11,18,0,14,56,7,59,40,43,16,3,62,13,8,49,21,58,28,26,30,36,51,31,2,39,47,32,41,10,24,53,48,29,17,19,27,61,42,12,57,63,33,4,54,44,23,60,37,35,46,20
23,29,32,15,20,45,18,61,41,14,52,12,34,43,35,55,5,47,49,56,9,48,16,2,10,50,21,13,39,0,27,8,31,4,37,1,19,63,28,3,42,53,46,17,24,51,62,25,59,6,11,36,7,22,44,54,38,33,26,58,40,30,57,60
35,30,57,51,18,53,37,52,54,6,34,16,38,44,33,31,11,20,9,58,39,55,50,27,29,60,2,23,10,47,4,46,24,61,22,36,13,15,59,32,56,41,63,26,40,7,21,25,19,43,8,1,5,12,0,14,28,42,62,3,49,17,45,48
18,16,42,0,1,27,37,29,41,39,56,47,38,3,12,34,25,52,6,7,46,17,48,54,58,53,28,33,21,45,43,23,50,24,35,2,4,11,13,32,10,61,49,30,31,14,59,9,5,20,22,51,60,26,40,55,62,19,8,57,36,44,15,63
20,50,51,16,4,46,27,35,0,36,5,7,62,49,34,30,6,9,1,3,15,48,13,19,12,58,39,56,8,21,32,43,26,45,10,53,52,47,54,24,31,2,25,37,14,61,22,11,57,40,41,42,38,63,18,23,33,59,60,55,28,29,17,44
5,53,1,52,60,27,33,14,11,44,41,31,39,30,25,24,15,46,49,17,18,36,13,28,22,61,59,20,29,16,4,23,42,0,12,56,63,38,51,47,10,8,37,48,9,2,50,7,62,3,6,32,57,45,34,26,43,35,21,58,19,55,54,40
32,50,11,53,48,55,16,58,22,21,17,25,26,61,62,51,54,15,4,31,59,40,47,33,12,60,9,63,5,27,36,8,23,13,45,52,56,29,43,10,28,42,49,24,41,20,35,7,34,57,37,6,2,14,44,39,19,30,46,38,3,1,0,18
32,9,31,44,30,45,23,8,59,42,15,12,3,38,11,17,27,57,47,36,43,41,40,33,2,19,63,20,16,46,7,0,14,56,34,58,21,4,25,37,54,26,48,1,55,50,22,28,13,51,62,10,35,53,18,61,5,24,49,39,29,6,52,60
45,47,52,5,0,57,29,30,49,58,61,25,17,6,32,37,27,18,33,14,56,31,41,24,60,35,34,12,2,39,53,62,28,38,54,50,48,11,3,19,42,46,44,7,16,63,9,1,59,20,22,13,23,36,26,55,43,8,10,4,15,40,21,51
51,38,61,5,11,33,60,25,40,4,53,49,1,16,39,26,63,8,14,6,15,59,46,27,44,22,31,41,55,47,43,30,45,34,56,35,54,50,2,29,23,0,24,37,13,19,9,10,7,17,32,48,12,36,20,42,57,62,58,52,18,3,21,28
6,30,43,28,12,5,62,42,14,51,38,31,46,50,47,54,34,59,37,16,0,32,36,19,39,15,9,33,35,21,61,20,22,4,53,27,25,63,58,55,29,17,49,8,2,48,13,23,3,18,11,40,7,10,26,45,41,56,60,1,24,52,57,44
33,46,40,36,45,42,53,0,55,12,11,62,50,35,57,15,47,37,39,52,51,25,26,4,41,24,61,14,30,17,43,31,48,7,28,58,5,49,18,8,16,29,9,19,21,13,6,20,34,23,63,60,54,32,38,1,44,10,22,59,27,2,3,56
48,18,32,20,13,51,43,37,12,60,44,5,10,55,39,34,19,56,21,40,1,22,33,7,8,14,57,38,15,11,54,9,0,61,50,30,47,46,49,58,27,24,3,23,63,62,42,26,29,4,45,2,6,59,16,31,36,53,28,25,52,41,17,35
38,60,53,7,6,32,15,1,30,39,5,2,49,56,46,13,45,36,37,33,27,29,9,47,63,16,35,40,10,42,20,28,4,17,3,18,52,14,59,57,22,23,43,24,19,25,50,58,51,21,8,48,54,41,61,55,62,12,34,31,11,44,0,26
15,30,5,60,57,34,33,20,44,48,17,40,35,62,16,36,8,7,24,37,39,19,52,4,3,42,26,9,6,54,2,12,31,21,41,38,13,53,51,59,22,63,0,43,49,46,14,55,10,61,50,1,47,32,25,29,18,28,23,58,45,11,56,27
39,36,29,3,12,53,17,58,43,9,46,37,21,22,27,40,2,52,24,49,1,57,41,15,25,45,35,63,20,8,31,44,32,33,5,55,28,50,11,38,59,62,47,0,23,6,60,54,48,7,19,30,10,16,18,56,61,14,42,51,4,13,26,34
33,2,61,29,50,28,43,38,56,8,57,19,55,53,9,14,59,13,1,24,16,4,20,6,60,15,44,34,30,7,46,49,51,21,32,52,0,42,22,45,18,25,27,40,5,48,58,39,10,54,63,36,11,37,41,12,3,62,47,31,17,35,26,23
50,8,11,13,49,33,14,55,16,45,22,52,61,12,41,56,30,58,28,48,9,4,60,27,0,40,53,18,51,1,31,36,19,44,39,15,32,57,63,37,7,3,20,34,2,6,26,5,17,62,47,43,38,25,29,21,10,23,59,46,54,35,42,24
36,55,10,60,37,20,56,1,24,21,18,3,33,5,27,22,6,16,26,62,59,28,45,46,54,13,47,9,44,58,30,4,0,61,7,48,34,8,2,42,19,29,15,49,40,35,14,31,38,51,23,57,52,39,63,50,53,17,32,25,12,11,43,41
27,37,63,35,8,47,58,9,10,5,50,52,18,19,25,61,21,17,3,46,30,2,26,34,56,32,55,51,0,1,20,59,36,33,38,28,57,43,14,6,41,12,16,40,53,7,39,23,45,44,15,49,22,29,24,42,11,60,4,31,48,62,13,54
43,0,31,47,14,61,13,39,8,33,26,38,53,37,19,28,35,3,48,29,17,16,46,4,27,23,40,21,36,10,58,25,1,9,20,62,63,54,56,2,55,45,22,59,52,60,44,57,18,32,41,42,51,50,12,5,11,30,6,7,24,49,34,15
10,1,6,3,37,17,19,12,58,23,60,36,30,38,8,25,51,56,4,42,47,35,45,55,62,34,18,2,43,14,26,20,46,54,11,33,22,40,57,29,49,15,50,44,27,16,53,41,39,59,28,32,61,31,7,63,13,21,9,5,52,24,48,0
42,5,16,52,40,49,34,22,24,8,45,25,17,9,63,53,60,50,0,32,56,1,7,35,30,48,38,61,4,54,39,57,20,62,28,31,37,2,55,58,36,14,44,10,3,6,51,46,27,29,43,41,12,59,47,18,15,21,33,13,19,11,23,26
49,34,26,6,56,37,36,20,12,28,43,51,38,32,25,60,61,2,15,23,54,8,16,3,24,48,30,14,31,19,17,47,11,57,58,18,42,55,33,27,35,10,45,29,21,40,22,7,62,52,41,13,53,44,9,50,63,0,5,1,59,46,39,4
1,62,44,8,32,29,54,7,37,0,47,10,34,38,26,23,55,11,49,12,59,42,5,13,60,43,4,24,40,53,63,28,14,3,27,18,6,22,52,25,17,15,61,31,21,58,57,9,50,41,36,33,30,51,48,46,20,56,19,35,45,39,16,2
45,52,43,4,22,6,13,7,51,60,63,34,58,14,55,42,10,2,30,48,54,39,25,1,29,24,40,28,18,37,44,38,50,9,17,36,5,61,12,47,46,21,41,16,8,26,32,0,59,62,31,35,20,3,57,11,33,15,53,49,19,56,23,27
18,43,4,8,59,14,37,3,9,15,60,7,53,26,31,49,20,48,30,34,28,0,39,17,22,25,6,42,36,29,56,32,16,44,46,13,12,61,10,54,1,23,47,11,27,2,24,45,38,33,52,58,50,55,41,35,5,62,63,21,57,19,51,40
3,7,1,12,0,26,48,60,35,16,34,23,14,36,62,52,13,22,54,17,5,40,57,30,49,32,38,28,41,24,58,37,46,50,29,10,19,39,4,9,53,47,61,45,2,56,6,18,43,33,63,42,25,8,51,21,59,20,31,27,11,55,15,44
13,21,27,33,46,25,48,16,12,43,8,51,37,60,23,32,31,29,35,45,30,36,57,7,42,18,44,4,50,26,0,15,47,14,58,40,39,20,54,1,2,11,10,63,59,6,9,55,41,61,3,24,53,49,34,5,22,52,38,56,62,19,28,17
12,47,42,34,41,49,20,28,36,44,23,51,26,15,21,13,0,5,16,59,10,8,52,4,19,46,39,9,38,33,37,30,45,57,32,53,35,29,60,40,3,61,11,54,22,50,1,48,18,56,62,27,31,7,58,6,63,24,17,43,55,14,2,25
1,45,30,15,51,53,62,5,34,27,21,23,58,39,8,20,57,61,0,18,9,13,7,11,59,16,24,33,56,47,60,43,10,63,32,17,6,25,22,31,49,28,41,35,42,3,36,4,40,26,2,37,29,48,19,50,38,14,52,46,12,44,54,55
55,16,54,7,17,20,22,40,19,28,10,57,52,41,35,45,38,5,21,12,53,25,18,15,36,13,50,29,62,56,11,27,26,59,31,34,37,23,51,33,9,49,58,32,2,3,6,60,1,4,0,61,42,46,30,8,48,24,44,14,47,43,63,39
15,20,38,37,30,26,63,7,2,58,10,43,50,16,14,6,39,29,12,28,4,40,18,36,11,60,24,34,5,51,62,59,47,22,8,56,46,31,27,3,45,44,55,53,49,19,13,41,0,35,25,57,52,54,23,61,32,33,48,1,17,21,9,42
33,7,18,43,14,20,21,44,30,6,36,31,24,46,53,1,52,4,62,49,11,48,28,12,54,32,16,29,42,41,22,56,0,17,51,57,50,55,2,3,27,61,23,37,13,25,47,19,34,60,10,35,8,15,45,40,26,39,59,63,58,38,9,5
2,41,9,55,35,24,45,14,40,56,23,10,29,32,53,6,7,43,61,47,17,21,34,39,11,19,38,15,30,8,31,20,49,48,26,63,0,13,4,3,33,42,25,59,36,5,28,51,57,37,58,50,44,22,16,27,60,62,12,1,54,46,52,18
33,45,9,41,42,60,48,37,4,43,11,63,2,47,22,26,31,23,0,12,40,24,10,44,21,62,3,30,39,15,13,35,8,5,49,32,34,61,14,54,56,28,55,38,58,51,59,27,50,46,53,36,17,18,52,29,57,20,7,25,1,19,16,6
45,58,2,35,3,30,37,53,28,13,23,15,50,46,32,22,57,18,52,29,21,26,49,24,48,0,19,41,12,59,7,11,44,31,9,40,47,8,6,63,36,56,43,16,14,34,51,54,42,10,4,33,39,61,38,55,20,27,17,1,5,25,62,60
54,50,33,45,10,48,6,63,1,32,27,8,2,37,40,41,14,53,29,46,7,11,3,36,15,52,26,5,49,17,39,60,16,59,47,57,13,25,42,44,31,51,23,62,35,9,0,24,56,22,18,61,43,28,34,38,58,12,21,30,55,19,20,4
11,6,58,2,44,41,21,10,15,4,24,31,17,7,14,54,45,50,19,63,60,34,0,49,56,59,25,38,30,39,55,48,23,61,47,26,12,33,40,29,62,46,28,37,8,43,27,35,18,9,32,1,5,16,22,52,20,36,57,53,42,3,13,51
19,1,8,44,57,5,58,37,32,40,51,59,55,36,25,6,47,50,43,45,60,22,12,33,31,3,34,23,21,35,28,16,46,20,41,38,14,18,13,54,0,7,61,9,48,30,49,56,11,15,62,26,10,17,4,27,2,53,39,24,42,52,63,29
36,58,24,20,21,13,25,61,34,41,28,17,33,18,10,11,26,32,12,19,4,7,47,30,31,45,51,52,15,9,14,35,22,55,37,50,49,2,38,46,44,5,59,48,27,3,54,63,16,42,1,0,39,6,8,43,62,40,60,57,29,53,23,56
17,22,57,4,6,46,36,50,44,63,32,7,23,38,16,11,3,58,24,10,9,20,2,52,53,43,40,18,41,12,33,14,42,26,61,29,30,27,13,28,5,62,19,8,37,21,31,59,48,0,60,51,15,54,39,55,56,34,1,47,49,25,35,45
3,29,54,57,4,52,50,58,2,48,5,23,46,31,20,47,42,60,25,12,41,6,26,15,33,38,11,34,49,45,37,30,14,59,35,0,32,10,39,1,17,8,40,53,24,22,55,16,61,28,18,63,56,7,27,51,9,43,44,19,62,36,21,13
30,29,47,17,54,63,19,40,35,58,46,25,32,3,24,18,8,12,1,49,23,38,2,0,27,31,61,44,41,56,48,22,6,37,5,33,51,20,43,7,9,55,62,21,4,14,13,59,50,36,39,52,45,26,60,34,10,28,15,53,57,11,42,16
63,13,10,40,27,49,22,14,5,18,19,33,61,15,3,16,46,24,62,26,23,32,57,56,8,36,25,58,52,6,2,50,34,29,43,37,12,1,20,42,59,4,41,55,54,31,44,17,21,53,11,45,47,7,48,9,0,35,60,51,39,30,38,28
62,42,13,43,59,38,47,17,6,27,3,37,9,61,7,10,16,18,60,46,23,41,25,34,36,26,32,48,55,51,45,28,40,33,54,19,50,31,58,35,8,63,1,29,39,53,52,49,0,20,2,12,11,56,57,15,21,22,24,14,4,30,5,44
58,61,4,16,44,51,2,1,49,38,33,50,23,56,34,28,11,52,24,9,59,12,26,10,42,6,19,62,60,18,36,32,13,25,15,20,31,39,54,8,48,55,40,35,53,37,27,41,45,3,29,43,63,46,17,47,14,57,7,22,0,5,21,30
26,20,57,12,7,37,34,28,60,48,61,59,47,51,55,32,31,6,13,54,30,5,21,14,23,29,10,15,62,44,1,22,18,52,27,36,43,2,56,45,19,46,0,25,16,39,11,3,40,38,4,41,49,42,9,50,8,33,35,17,58,53,24,63
38,61,27,34,29,28,46,6,25,4,22,8,3,35,1,26,44,19,40,16,18,39,12,14,21,57,23,42,45,7,10,49,53,20,17,48,5,9,56,15,51,52,33,55,2,37,58,43,0,24,60,59,41,13,31,62,30,47,11,54,50,32,63,36
28,17,56,18,43,6,49,9,25,21,62,39,32,60,16,54,23,40,29,34,22,31,41,3,38,58,48,37,42,47,57,46,33,19,44,12,53,26,5,61,63,7,11,55,4,50,0,59,20,2,36,13,45,30,15,52,1,10,8,14,51,35,27,24
7,33,50,34,25,19,45,1,44,5,8,55,17,16,37,63,31,48,22,11,40,14,30,18,35,58,32,6,41,53,15,27,60,62,4,2,57,43,21,42,56,59,38,9,47,0,13,28,29,46,49,23,12,24,3,61,26,51,52,54,39,20,36,10
5,3,15,17,54,18,21,31,22,8,1,10,2,33,7,26,41,49,34,27,30,52,29,23,35,9,11,51,28,42,40,56,63,44,24,39,6,20,38,4,12,14,58,13,36,60,16,50,19,48,43,37,55,0,62,47,59,46,53,32,57,25,45,61
38,56,13,19,54,37,31,34,44,59,62,2,43,52,18,3,48,33,39,51,41,26,8,6,40,22,57,55,47,24,50,27,45,32,11,25,28,23,35,5,60,53,0,21,1,9,7,42,12,49,17,46,58,4,61,29,63,20,10,16,14,30,36,15
49,57,33,4,18,48,1,10,43,38,5,3,24,26,46,42,28,6,62,16,44,59,7,51,60,54,9,63,20,17,56,2,36,30,37,47,52,58,21,8,14,45,22,32,13,12,11,15,19,39,40,29,50,35,0,53,27,25,41,31,61,55,23,34
29,41,19,59,57,21,42,46,43,25,60,32,48,22,12,13,6,31,53,63,8,1,0,51,5,17,33,55,23,54,37,28,40,52,56,11,45,26,14,58,39,9,49,47,38,34,61,62,30,44,7,50,10,2,3,35,18,36,20,27,24,4,16,15
42,41,20,34,2,3,57,62,21,48,19,59,58,35,10,12,11,22,46,6,1,17,32,55,47,14,15,24,28,38,5,63,43,61,36,37,30,31,39,9,23,54,53,33,52,45,8,13,25,0,18,44,60,50,7,26,27,4,16,49,56,29,40,51
12,21,50,42,3,49,41,20,46,5,6,62,34,0,60,30,2,17,22,45,53,56,16,29,9,10,14,23,48,52,11,39,25,1,32,54,28,15,37,40,24,26,63,44,4,8,51,57,58,43,38,18,61,47,55,36,19,31,13,59,33,7,35,27
9,17,30,52,19,20,40,54,31,43,34,28,49,42,46,10,33,13,4,59,21,6,27,29,11,57,60,61,36,39,58,63,23,53,7,2,47,22,15,12,14,1,45,37,32,62,3,50,26,18,38,51,0,35,41,16,24,44,48,8,5,56,55,25
44,4,50,25,33,18,40,26,30,53,49,23,1,17,5,2,57,42,38,0,31,39,37,34,12,56,51,6,3,13,54,63,9,11,24,29,43,62,48,58,45,59,35,22,21,27,36,14,47,10,32,20,61,15,28,41,7,55,52,60,46,16,19,8
58,29,49,1,34,22,18,42,27,19,43,57,51,54,6,25,10,62,26,2,56,9,48,55,45,23,4,7,33,59,30,60,53,31,39,44,63,11,13,21,0,61,14,3,35,46,40,5,38,32,36,16,52,17,8,24,15,28,50,12,41,20,37,47
26,60,54,8,59,27,50,13,30,45,24,12,19,46,49,43,42,11,34,39,1,32,16,52,2,28,0,3,41,36,6,10,31,58,20,47,61,22,17,56,33,9,63,35,44,21,29,38,51,14,53,55,40,5,15,25,23,4,57,62,48,37,18,7
13,39,44,21,24,15,63,38,41,23,48,51,0,58,22,34,61,8,57,35,53,52,11,10,45,55,4,16,43,28,46,25,26,19,31,20,40,47,27,7,49,6,50,5,60,1,3,42,33,30,37,54,59,32,18,12,56,17,2,62,9,14,36,29
47,58,38,10,12,24,1,50,31,32,28,29,63,36,30,16,0,48,37,52,40,43,57,3,22,11,4,26,39,34,14,21,9,18,6,60,19,35,54,45,41,27,46,25,56,8,59,17,55,42,53,2,61,49,51,23,20,7,15,5,62,44,33,13
52,1,44,54,2,50,45,17,35,19,58,3,60,21,18,24,25,11,39,55,38,15,63,30,27,61,8,62,31,10,22,5,12,28,43,0,48,29,51,56,16,26,42,9,59,36,40,13,14,23,20,37,47,7,49,33,34,41,32,57,6,46,53,4
59,9,56,14,60,10,35,48,46,36,38,12,11,21,0,8,43,44,45,22,28,57,6,4,15,52,55,1,40,30,50,62,32,42,3,33,18,19,61,25,39,51,24,16,23,20,26,17,13,41,34,7,2,53,47,54,27,5,58,29,37,49,31,63
32,56,55,58,31,57,17,39,25,38,63,21,59,42,14,28,1,48,7,0,50,23,5,9,33,40,24,10,22,12,36,37,52,16,8,26,62,15,6,51,13,3,41,45,18,61,4,20,53,27,60,29,2,34,46,43,11,30,49,47,44,35,19,54
40,38,32,41,15,8,42,31,55,45,27,53,58,56,23,48,6,36,5,60,19,2,13,49,37,17,46,34,59,12,30,28,22,1,54,61,29,33,47,25,35,63,21,10,44,52,3,24,62,16,26,57,50,4,9,0,7,43,39,18,11,20,14,51
62,10,1,63,13,53,4,18,59,58,52,15,26,11,54,42,61,22,43,35,25,51,44,17,55,30,37,45,12,36,38,39,6,21,50,56,2,27,28,14,9,0,3,19,41,24,40,8,46,29,60,34,7,33,5,32,49,16,20,31,23,48,47,57
29,26,9,21,17,8,45,47,35,14,57,56,63,2,23,24,34,3,15,19,32,25,20,6,54,13,1,40,60,61,16,38,53,27,22,30,33,44,58,49,52,51,55,10,4,59,42,48,7,5,12,50,41,36,28,11,0,31,39,43,18,37,62,46
25,11,33,13,59,44,29,41,5,62,4,37,20,0,49,34,30,12,54,46,52,50,3,10,14,6,1,47,7,2,32,23,21,35,38,63,51,57,53,28,45,9,39,26,56,8,55,15,31,61,58,16,27,42,48,43,36,19,22,60,18,40,24,17
53,43,21,54,44,4,18,36,8,51,1,2,16,31,38,32,55,34,14,46,62,23,5,39,40,60,7,6,37,61,63,19,58,10,29,57,52,15,13,42,0,48,41,3,56,47,22,20,25,45,59,49,9,33,12,17,30,28,27,11,24,26,50,35
62,48,34,61,5,53,14,41,24,8,46,44,19,25,37,18,17,12,30,54,4,59,27,13,45,6,32,57,15,47,11,49,56,63,1,0,58,35,10,42,3,36,55,7,23,16,33,38,51,21,43,50,22,39,60,2,31,29,26,40,52,20,9,28
10,28,47,7,61,46,6,42,51,48,29,37,21,33,25,14,0,15,9,41,17,5,2,35,27,55,34,20,26,8,16,19,57,43,12,62,54,59,60,49,52,3,4,11,31,23,45,63,22,44,58,38,36,39,56,50,53,18,1,24,13,30,40,32
31,61,57,44,17,35,14,52,54,27,3,10,9,46,34,59,36,42,11,38,2,32,62,48,16,40,60,0,53,21,1,51,13,43,37,8,19,18,30,24,50,33,41,55,7,58,20,5,49,47,63,26,4,39,29,56,45,23,28,22,25,6,12,15
58,41,11,42,57,62,43,32,14,18,34,49,48,23,35,33,9,22,61,39,6,38,63,47,15,3,59,16,36,40,46,50,25,24,13,5,1,12,21,28,10,0,44,20,52,27,55,31,17,60,51,45,19,30,56,54,8,7,37,26,4,53,29,2
8,19,34,3,26,53,52,41,57,36,20,10,0,18,40,6,49,58,47,37,15,23,38,14,5,48,60,55,17,63,44,27,33,45,7,32,29,61,43,24,56,1,4,42,30,12,54,31,62,46,22,11,25,2,9,21,28,50,13,16,59,39,51,35
30,36,47,4,34,56,48,54,3,27,28,38,37,15,5,44,40,53,10,22,57,26,50,25,58,59,14,43,60,2,24,55,29,61,8,31,11,52,62,23,9,17,41,42,12,33,21,18,39,1,51,32,7,63,0,45,35,16,20,13,46,49,19,6
5,25,38,49,33,11,35,9,0,2,14,34,56,19,8,51,63,40,58,26,4,45,23,54,13,6,52,53,22,7,21,61,17,30,59,24,42,28,36,62,32,16,46,47,29,57,20,37,31,39,15,41,48,18,1,12,10,43,27,3,44,60,55,50
29,11,47,42,19,30,3,8,17,25,31,45,56,38,33,6,62,53,40,9,32,0,50,48,57,21,44,27,13,35,39,18,36,59,14,61,43,15,54,7,4,52,55,2,28,63,5,46,49,22,10,26,37,51,23,24,60,12,1,34,16,41,20,58
47,8,0,51,4,52,62,44,33,57,5,31,63,29,28,43,37,58,61,40,55,20,46,18,35,34,13,59,14,49,12,30,54,15,10,1,50,38,60,16,36,56,27,39,7,23,17,3,11,48,9,24,42,41,53,25,26,22,45,2,19,6,32,21
35,37,26,48,6,46,41,4,16,7,38,5,2,40,50,9,59,8,1,22,63,39,17,30,33,43,29,62,27,45,36,20,10,49,44,14,57,61,18,11,53,58,25,19,47,55,60,56,28,23,12,21,15,31,42,24,3,13,52,51,54,0,34,32
6,12,59,43,19,40,1,20,47,38,14,62,37,49,41,45,57,35,53,44,58,46,31,13,26,50,60,25,42,39,23,17,33,15,22,63,28,7,16,2,30,0,54,3,9,51,52,61,27,8,21,56,4,55,36,24,48,29,10,34,18,32,5,11
15,40,27,7,59,48,29,49,53,4,45,44,5,63,41,50,12,2,52,20,34,9,61,32,31,23,25,47,35,1,57,54,13,55,16,46,30,37,11,22,42,28,6,21,0,18,51,43,56,58,10,19,14,26,60,36,17,33,8,24,39,62,3,38
55,16,7,28,21,46,5,60,37,10,40,56,1,48,26,25,4,39,30,12,17,8,18,6,13,36,61,57,11,41,42,22,9,53,54,3,44,27,63,23,43,19,2,15,45,20,59,51,52,29,0,14,24,62,38,31,34,49,32,58,50,33,35,47
30,2,20,52,21,15,0,55,44,7,9,63,39,37,45,19,42,56,11,27,29,49,54,5,32,26,10,28,43,50,8,48,3,38,36,40,58,34,62,61,1,53,14,46,59,4,57,41,22,12,23,13,60,18,24,51,47,17,35,31,25,6,33,16
42,33,52,16,12,23,21,58,35,48,13,24,14,26,51,15,34,4,60,18,45,19,55,0,59,20,1,27,43,38,25,7,22,54,62,2,49,37,40,17,46,56,28,47,6,50,29,8,39,32,63,5,11,44,3,57,30,10,36,61,31,53,41,9
4,32,54,23,27,48,9,46,21,26,35,29,57,22,18,58,10,1,20,31,49,50,25,45,37,0,61,55,60,12,59,40,44,13,43,17,63,7,8,47,39,53,36,6,41,62,52,38,19,2,11,51,28,3,16,15,34,30,24,42,33,5,14,56
13,43,6,33,3,55,54,39,60,7,57,36,62,46,12,10,15,1,27,52,58,61,25,0,17,21,29,24,32,18,56,47,40,49,44,42,19,8,22,45,11,53,51,4,48,34,2,31,30,37,63,20,16,50,14,5,26,9,28,23,41,35,38,59
0,6,1,61,58,24,48,50,18,62,28,55,35,63,10,20,47,5,46,13,31,41,23,3,17,36,60,14,32,45,37,30,26,52,42,11,59,29,44,40,15,43,38,25,51,39,8,27,56,57,12,33,7,49,21,54,34,2,22,4,16,19,9,53
23,18,14,51,58,3,48,34,62,55,43,21,10,56,61,60,20,30,13,0,38,63,17,53,36,15,52,39,49,47,8,40,19,9,1,54,33,41,7,45,42,57,22,28,27,4,25,6,44,37,46,35,12,31,26,29,32,2,11,16,59,24,5,50
38,18,12,59,27,22,20,9,3,32,37,4,5,0,49,6,54,45,61,10,46,44,57,24,14,55,33,48,28,25,16,62,29,34,11,36,63,39,56,8,1,52,53,17,43,40,2,41,31,23,13,58,47,21,30,19,42,35,26,15,60,51,50,7
7,41,45,22,24,10,59,51,50,57,52,9,34,61,42,63,1,26,27,48,46,5,2,19,38,55,23,43,60,32,28,58,39,18,13,12,11,36,54,14,56,6,21,16,15,30,49,31,29,0,33,35,25,40,4,20,47,44,3,37,62,17,53,8
14,49,33,55,10,12,29,23,61,3,32,34,48,22,43,5,54,56,13,15,26,60,7,21,2,57,47,53,30,19,18,25,59,45,37,17,51,42,44,27,36,0,41,35,58,40,31,50,38,62,24,52,20,46,63,9,28,8,4,1,11,6,39,16
35,62,10,60,53,32,18,31,20,48,45,1,55,15,37,17,12,39,58,59,27,2,57,51,7,52,8,28,11,24,50,54,16,5,34,46,14,23,19,22,63,47,0,21,9,30,49,38,29,61,42,41,4,43,25,40,26,44,6,36,13,3,33,56
22,17,40,0,18,4,3,1,45,9,58,31,24,27,25,59,37,41,54,16,57,8,38,60,15,50,51,6,33,5,19,36,49,42,63,46,23,62,48,61,52,26,44,35,7,28,21,14,11,39,2,47,29,43,10,34,13,56,12,20,32,55,53,30
35,1,63,30,48,43,25,46,33,60,57,2,22,13,49,31,39,5,37,45,0,19,28,20,4,24,55,14,8,58,38,62,40,3,59,9,56,54,16,61,27,36,42,6,32,26,15,11,52,53,23,17,51,47,50,21,41,34,29,44,7,10,12,18
13,57,62,18,12,30,38,46,22,53,55,49,1,32,20,36,47,42,61,2,24,10,4,35,48,56,21,26,44,19,52,43,39,33,54,31,63,3,51,8,59,0,15,14,60,11,29,34,16,41,37,5,25,7,23,27,58,6,9,40,50,45,28,17
43,54,10,16,32,18,12,45,42,60,21,17,39,56,20,0,30,11,23,19,28,25,14,49,7,9,5,8,62,29,13,38,57,63,33,55,26,59,52,48,6,4,40,27,24,51,41,1,58,61,53,35,2,36,47,3,46,22,44,15,37,31,50,34
24,62,33,6,12,43,4,11,35,3,56,23,15,25,53,57,10,63,21,31,42,16,17,55,58,28,0,34,13,38,26,51,30,49,46,59,45,52,2,9,19,7,40,47,14,39,8,32,44,41,1,60,50,37,36,29,5,48,22,18,20,54,27,61
11,13,59,63,15,52,45,10,35,43,41,56,14,39,40,31,12,1,29,62,28,27,57,24,36,55,23,51,49,17,21,60,42,5,34,22,61,8,38,19,47,26,33,58,32,18,6,7,44,9,46,50,3,30,16,53,4,2,25,37,20,0,48,54
34,13,42,40,32,3,48,61,24,58,43,57,30,60,35,56,63,59,25,10,55,2,44,47,5,28,49,14,52,9,31,62,23,27,45,4,20,21,38,37,6,29,8,11,19,54,16,15,17,18,46,36,26,53,41,1,50,0,12,22,33,39,7,51
30,32,37,14,15,13,25,54,19,17,34,33,1,11,0,42,31,40,48,55,62,8,52,28,60,46,49,6,24,10,29,50,47,2,51,45,58,9,23,4,38,16,21,56,43,59,36,63,3,26,41,57,39,61,20,5,27,22,12,7,44,53,35,18
19,42,31,25,58,60,50,7,49,56,29,46,32,28,3,33,43,47,35,38,63,4,51,15,62,20,8,13,11,22,0,34,12,6,57,39,2,5,53,55,37,10,18,1,26,44,17,52,36,21,14,45,27,54,9,40,61,24,41,30,16,48,23,59
20,52,22,15,41,46,10,42,21,63,53,40,61,24,39,36,43,49,54,29,1,6,3,19,48,7,16,60,18,37,62,26,33,58,2,11,44,47,59,13,23,38,51,25,8,56,17,27,4,31,45,34,14,9,28,12,32,0,35,55,57,50,5,30
33,15,42,20,11,26,58,62,61,16,44,34,18,3,29,32,0,40,50,55,47,56,21,14,46,9,22,7,60,12,1,54,27,2,38,8,4,17,63,41,19,30,53,43,49,59,36,23,39,48,6,28,37,25,10,35,13,5,24,45,57,51,31,52
4,37,22,58,27,41,9,62,52,29,63,18,8,45,38,23,6,21,42,25,54,5,2,10,33,7,46,56,57,35,40,48,14,36,47,0,12,24,26,32,28,17,60,44,30,13,39,20,43,34,59,51,19,1,11,31,49,55,50,16,15,53,61,3
34,5,17,53,26,35,30,48,62,20,4,50,42,41,0,19,56,7,27,54,18,60,58,31,16,33,21,46,39,57,22,44,32,1,25,11,14,47,29,40,8,43,6,15,63,12,61,13,38,45,36,28,9,24,10,55,37,49,51,3,52,23,2,59
51,0,4,55,57,52,9,53,12,3,34,32,27,2,11,17,42,50,21,22,14,39,38,23,8,10,31,43,18,45,59,19,25,54,49,33,56,5,20,48,29,46,1,6,37,30,26,47,16,15,40,41,44,60,24,13,35,62,58,36,28,61,63,7
23,6,44,3,57,2,9,34,29,59,27,53,48,50,0,15,17,18,54,19,31,38,63,4,21,22,25,46,12,32,16,55,58,42,52,11,8,10,45,35,51,43,56,39,36,33,61,1,62,5,20,26,30,28,60,49,41,40,13,14,37,47,24,7
23,42,0,55,32,41,39,24,54,2,62,45,63,43,44,29,3,37,17,16,48,53,5,1,46,12,26,7,60,31,61,49,13,10,15,21,57,51,27,50,4,11,34,14,8,25,33,9,30,52,56,20,36,58,28,47,59,22,35,40,18,19,38,6
12,37,24,59,20,14,44,29,56,1,36,4,32,38,39,50,52,54,42,60,55,11,62,45,22,46,18,43,53,10,19,33,7,31,16,13,41,17,0,28,6,26,57,23,8,3,15,5,51,47,61,9,34,35,40,30,21,49,48,63,58,27,25,2
15,61,55,12,49,10,8,27,19,43,5,36,11,63,13,57,53,54,23,1,42,38,20,58,62,9,41,31,16,46,25,22,48,39,3,52,24,37,56,2,40,30,14,7,28,45,59,44,0,17,26,34,33,35,6,60,47,4,18,50,29,21,51,32
33,34,25,58,1,62,42,36,4,39,40,10,32,0,47,56,14,50,18,22,11,63,13,12,49,35,46,23,24,5,16,60,21,7,61,51,48,9,57,20,29,15,52,37,17,38,45,26,27,41,59,30,3,55,2,53,6,28,8,19,44,43,31,54
3,37,7,36,30,61,48,31,40,54,26,62,19,55,2,33,24,0,10,15,20,57,34,46,16,22,51,38,53,4,41,47,23,13,59,49,32,12,25,27,21,56,45,42,1,6,9,58,17,29,44,35,39,50,43,28,18,52,14,63,5,11,60,8
26,10,6,51,49,4,60,38,9,32,52,25,5,27,62,19,45,57,59,56,22,0,29,41,48,44,43,24,55,11,39,16,54,14,18,30,21,46,2,47,34,53,12,63,1,33,40,42,17,8,58,35,15,31,7,37,61,36,28,20,50,23,3,13
48,25,54,50,20,61,49,33,46,15,26,35,40,56,44,32,24,57,27,8,6,9,17,4,39,59,29,38,47,2,1,63,10,62,36,22,60,55,23,51,21,12,18,41,53,16,31,0,45,34,37,7,52,43,5,28,3,14,11,30,13,19,42,58
40,61,30,0,25,14,58,46,23,21,31,1,17,33,16,10,47,57,5,34,53,43,19,37,8,48,36,51,15,60,49,26,39,59,2,24,27,20,3,9,35,41,42,44,12,38,55,18,52,7,54,50,13,11,4,62,22,45,63,32,29,28,56,6
46,56,55,22,60,42,54,40,31,34,10,0,51,24,18,20,57,35,27,25,49,1,45,37,16,43,38,19,15,7,52,11,58,47,4,48,53,26,33,30,61,14,23,39,28,29,32,13,6,50,36,2,41,62,21,8,3,9,17,12,44,5,63,59
12,49,9,58,42,8,13,31,26,33,36,10,46,30,38,47,37,59,41,39,62,50,56,28,51,57,16,35,53,4,54,3,14,29,21,2,60,34,17,11,27,1,40,55,61,7,15,18,22,5,24,0,19,45,32,43,6,44,25,20,23,52,63,48
19,47,50,9,22,39,52,11,21,55,32,23,34,14,45,26,1,44,43,12,4,59,8,6,62,53,35,57,0,16,31,41,38,7,48,29,18,63,17,2,27,40,13,3,30,60,15,28,49,24,5,61,46,37,51,25,56,36,58,20,42,10,33,54
4,1,2,3,58,5,38,56,8,15,47,14,39,20,26,24,34,63,28,35,57,32,53,51,59,9,25,42,23,49,46,27,22,41,52,43,16,19,13,61,60,30,48,6,37,10,44,62,40,45,7,29,0,33,54,36,31,50,18,12,17,11,55,21
7,55,39,44,33,57,30,25,47,53,23,34,5,41,14,62,43,6,50,8,4,12,2,46,16,27,13,51,9,63,48,38,26,56,28,24,45,18,52,32,29,36,3,22,40,20,10,42,61,59,37,31,19,21,60,1,58,54,15,35,17,0,11,49
35,6,28,20,29,2,62,63,61,3,18,5,19,55,36,1,31,22,25,39,44,12,54,9,46,58,40,7,60,24,48,57,56,33,38,43,16,23,0,49,27,21,14,10,17,51,42,34,37,32,41,50,4,52,45,30,8,47,13,59,11,15,26,53
63,9,38,55,49,33,52,50,30,5,22,16,1,11,0,44,61,14,4,35,54,41,18,10,37,45,28,12,62,15,46,3,36,56,6,42,53,26,27,13,20,7,48,17,60,8,23,59,2,21,29,32,43,34,39,19,51,58,25,40,47,24,31,57
20,60,63,54,48,34,32,33,25,10,41,35,7,61,52,56,17,50,15,14,16,47,13,3,29,46,26,53,21,43,22,55,18,24,1,45,39,31,51,6,0,38,5,49,4,44,57,40,2,8,42,62,37,36,28,27,59,19,11,58,30,12,23,9
7,8,30,20,12,51,24,5,35,29,61,55,16,58,60,13,3,4,52,26,19,40,45,21,18,2,62,38,54,32,23,10,39,1,17,44,15,6,53,31,11,41,34,22,56,36,25,63,42,37,48,49,33,50,59,0,28,14,9,57,27,43,46,47
46,43,47,20,42,38,61,23,16,35,58,51,1,33,39,6,57,44,7,18,4,48,56,53,60,21,40,49,59,12,52,9,30,50,5,36,28,13,15,17,32,24,55,3,11,29,22,31,62,19,54,37,14,63,0,41,26,25,45,34,27,8,2,10
39,48,1,24,22,9,57,20,8,32,44,52,59,13,62,33,7,34,0,17,49,10,25,37,6,58,15,40,61,16,3,11,50,29,38,42,45,36,2,14,35,4,47,55,30,28,56,43,31,53,27,5,63,19,60,21,41,18,54,51,23,12,26,46
48,19,13,23,27,41,59,60,16,53,3,61,54,34,14,52,49,42,35,2,0,7,5,51,37,17,21,38,36,50,40,46,47,8,15,55,31,9,32,63,12,33,43,28,56,22,18,57,6,25,1,11,24,4,45,30,29,58,62,44,26,10,39,20
44,47,61,11,24,25,10,63,16,58,45,54,14,6,23,9,27,46,20,4,37,34,21,1,51,55,48,0,50,39,12,53,29,18,15,41,28,26,59,2,42,38,62,57,17,60,31,33,22,8,49,5,43,35,52,7,40,32,3,30,19,36,56,13
51,25,55,18,56,47,53,35,36,15,41,48,57,34,13,54,33,10,6,8,37,32,60,20,28,61,63,39,3,24,29,22,38,4,11,21,62,50,12,44,52,17,1,9,40,46,14,16,43,42,31,5,45,2,19,0,7,49,58,59,26,30,27,23
50,61,53,17,8,32,47,13,19,56,27,41,34,37,7,6,42,62,54,3,11,36,1,20,38,24,44,39,4,57,46,14,63,0,59,49,40,22,29,25,58,55,28,51,43,12,16,2,10,33,5,52,21,45,60,15,48,30,9,26,35,18,31,23
15,1,20,60,10,58,2,27,56,8,26,12,25,51,42,45,43,49,33,46,52,14,3,30,17,55,19,54,38,7,32,48,44,53,47,18,39,0,9,5,13,57,36,62,61,4,59,24,16,22,37,21,23,11,6,41,29,50,35,28,31,40,34,63
58,35,37,42,48,10,13,14,3,46,17,4,32,40,27,7,36,31,53,34,45,8,56,41,49,44,23,16,54,29,18,12,6,25,50,19,55,52,9,61,28,57,38,22,21,59,11,33,39,47,30,20,60,0,62,5,1,51,63,2,15,43,26,24
29,35,23,22,9,16,54,61,39,36,13,45,51,63,59,34,37,2,57,62,20,26,19,15,12,58,7,8,53,11,6,17,43,50,44,47,0,4,46,41,21,30,49,18,32,42,10,27,33,1,38,25,60,28,48,3,55,52,14,5,31,24,40,56
61,3,24,62,28,56,47,54,38,8,30,4,37,31,22,48,34,15,17,55,16,50,53,27,60,45,23,12,32,36,25,1,19,58,52,2,51,44,9,20,40,7,59,41,0,63,43,57,46,14,10,35,5,49,39,21,33,6,26,42,11,29,18,13
58,21,12,28,60,57,43,51,10,18,1,3,40,36,54,29,13,44,49,9,59,38,34,6,11,56,32,20,50,53,35,63,7,62,24,2,46,26,22,19,25,42,31,52,8,61,27,47,16,17,33,55,23,37,41,14,48,0,15,30,5,39,4,45
20,13,21,62,29,15,23,12,24,17,37,4,46,22,50,36,8,49,9,1,7,59,58,41,18,0,14,51,25,32,35,40,19,31,60,27,53,47,39,34,6,48,45,43,11,55,38,16,26,57,44,63,30,10,33,54,56,42,28,5,2,61,52,3
30,11,52,47,35,38,27,2,37,40,17,61,5,9,46,13,54,19,18,3,14,4,33,49,20,42,24,32,60,26,63,51,25,15,10,7,0,8,50,41,1,34,6,22,29,59,12,43,23,62,39,36,31,45,57,21,55,44,48,28,56,58,16,53
36,28,23,9,63,52,40,53,60,47,29,43,33,27,39,12,10,59,26,24,46,15,5,41,38,51,3,0,1,17,37,44,35,45,34,31,8,48,58,11,42,55,16,56,57,30,18,22,54,7,20,2,6,4,25,13,32,61,21,62,50,19,14,49
20,9,53,62,8,57,31,35,50,17,6,37,42,49,11,60,43,14,21,30,16,2,12,27,40,18,28,45,58,59,33,3,54,19,55,34,23,5,46,22,29,56,7,44,39,13,63,25,10,36,51,38,15,0,48,4,1,61,26,52,24,32,47,41
42,37,9,46,16,22,50,40,2,47,36,0,8,51,24,35,15,13,43,26,6,3,63,53,34,20,39,18,38,21,44,23,29,52,27,41,62,31,7,49,4,60,54,12,14,55,58,48,61,11,10,56,57,45,32,1,28,33,30,19,5,17,59,25
48,14,32,38,28,43,37,51,21,56,7,49,34,9,61,19,4,15,35,0,25,16,40,50,11,23,26,6,5,24,13,62,52,42,57,60,12,53,17,58,2,8,20,46,55,59,29,10,30,39,47,3,63,44,41,36,31,33,22,18,1,45,27,54
32,45,30,46,10,28,12,15,11,35,62,51,49,33,47,57,14,55,40,50,43,29,42,7,4,21,44,39,2,18,22,38,59,24,52,13,61,58,36,31,17,25,0,9,5,54,53,41,1,60,16,6,3,56,8,19,27,48,34,26,23,37,20,63
2,46,18,43,34,29,60,19,10,6,31,25,48,24,54,23,37,22,53,42,7,49,59,41,17,5,51,12,21,45,36,16,26,52,33,58,39,14,4,27,13,35,9,20,8,30,32,15,47,28,40,50,57,63,11,1,55,38,0,56,61,44,3,62
3,36,7,61,4,28,0,13,12,32,10,17,50,62,5,25,2,55,29,45,63,44,30,51,47,42,49,38,53,57,46,27,59,15,16,18,14,48,8,56,19,35,6,40,54,24,41,9,60,58,1,43,20,31,34,26,52,11,39,21,23,37,22,33
8,29,39,51,18,12,34,43,56,17,24,50,14,40,48,20,38,6,10,30,5,1,59,16,62,21,7,60,53,33,26,0,15,55,41,11,27,4,63,37,35,42,31,3,54,61,58,36,23,45,47,13,49,25,9,2,57,19,28,32,22,52,46,44
20,57,42,24,50,0,46,26,9,51,54,59,21,41,32,55,44,60,19,61,25,52,5,14,53,15,8,4,56,40,29,45,28,2,33,58,35,31,49,10,3,27,11,16,13,34,18,23,43,17,7,1,12,62,39,30,47,36,22,48,63,6,38,37
37,34,23,59,16,4,21,55,5,44,28,8,38,51,27,62,12,1,29,2,56,36,49,31,54,6,39,43,9,10,41,32,24,58,30,45,22,18,25,35,26,63,53,40,7,60,11,15,46,61,33,19,57,13,3,14,48,0,47,52,50,42,17,20
30,47,59,1,36,43,2,32,38,63,23,8,6,52,40,7,27,5,61,53,57,34,33,15,10,18,17,24,21,3,50,55,26,35,62,16,37,19,31,13,20,54,22,48,60,56,41,12,39,42,51,49,0,9,14,45,58,46,4,44,28,11,25,29
52,35,18,16,61,2,62,6,4,15,49,55,8,21,60,47,25,38,12,46,19,29,48,7,0,20,43,34,1,3,44,53,11,26,22,13,23,58,17,42,59,37,51,27,10,63,45,56,40,31,39,32,24,41,30,14,9,50,54,5,28,33,57,36
7,42,6,54,5,0,3,13,59,27,9,45,58,52,48,51,28,40,30,61,22,34,18,60,49,14,56,47,31,43,11,19,20,37,10,2,16,29,12,21,1,38,62,36,17,25,44,41,32,57,63,46,35,39,26,55,53,23,8,24,4,50,15,33
62,1,36,13,35,32,22,39,51,59,12,56,46,34,37,21,45,2,20,27,31,42,28,48,58,0,11,25,41,6,3,29,8,18,26,50,14,4,47,7,17,10,44,63,53,54,61,5,52,40,16,55,49,60,23,19,38,9,43,30,15,57,24,33
61,0,21,23,6,53,41,49,16,34,8,50,28,44,5,7,1,32,19,40,12,20,37,38,14,13,42,10,54,29,55,39,3,30,22,52,48,33,63,47,35,11,57,58,17,27,15,43,62,59,2,56,26,31,46,60,9,36,18,24,51,4,25,45
40,34,32,17,11,4,27,38,43,31,37,63,52,50,26,36,53,6,18,29,35,12,33,59,16,2,56,10,23,41,22,19,55,21,1,44,46,42,57,45,24,51,58,0,20,28,61,13,48,14,54,49,39,30,5,3,9,7,60,15,8,25,47,62
60,24,43,4,44,61,42,33,47,7,55,46,41,36,20,51,1,5,54,8,14,9,0,26,22,37,63,57,34,48,32,30,59,53,25,45,2,38,56,27,29,31,28,15,18,58,50,40,23,21,39,10,62,17,11,52,19,49,6,3,35,13,12,16
51,8,53,50,37,0,21,31,57,20,11,61,60,48,1,5,42,12,6,43,29,25,23,52,2,33,15,55,32,7,3,26,28,40,58,34,35,41,9,10,38,63,22,44,62,56,47,24,46,4,49,17,59,39,13,54,18,36,45,14,30,16,19,27
7,45,13,18,24,36,40,49,37,29,57,43,34,20,50,59,58,17,12,3,5,61,1,46,16,32,25,63,56,2,54,23,30,22,27,26,0,47,35,62,28,38,10,4,55,53,31,14,41,48,21,44,6,42,19,60,15,52,9,39,11,8,33,51
41,55,8,38,49,42,24,27,6,57,30,17,35,2,52,5,48,31,22,34,25,23,46,50,10,7,56,0,60,29,61,59,1,33,47,19,13,15,20,58,63,40,54,9,4,26,45,3,62,28,43,18,16,53,44,14,21,12,36,37,11,39,32,51
39,57,11,0,54,45,58,62,48,20,18,21,4,26,38,51,56,44,41,8,28,29,17,12,61,55,30,47,10,35,16,33,43,31,9,15,19,59,52,60,32,13,22,2,36,24,27,23,40,50,6,7,34,42,5,46,49,25,14,63,3,53,37,1
18,5,63,16,37,20,28,2,35,36,21,7,41,59,12,26,24,22,31,23,52,57,53,4,45,29,38,42,39,6,44,1,15,30,25,13,14,50,3,56,33,43,0,58,54,47,9,34,60,10,8,48,32,49,17,40,51,46,55,62,27,11,19,61
47,52,11,63,53,46,55,42,43,38,54,27,17,44,24,15,39,58,8,33,13,20,40,0,31,36,60,34,6,18,56,14,41,19,2,62,35,12,4,30,59,51,3,22,25,28,29,50,61,21,16,9,37,26,48,5,7,49,1,23,32,10,45,57
0,4,57,59,27,10,48,32,2,24,30,50,14,26,12,56,15,18,51,35,49,6,52,45,40,63,61,41,29,5,36,20,28,42,11,43,22,54,53,8,34,62,47,13,25,39,37,9,23,58,31,17,60,7,44,1,55,16,38,33,3,46,19,21
37,18,23,9,5,55,40,8,58,17,45,47,24,31,2,35,0,36,14,10,51,61,39,60,32,30,34,25,7,63,57,49,53,26,28,59,44,29,4,16,52,27,13,19,38,11,22,50,54,20,33,12,46,21,48,56,43,6,42,15,41,62,1,3
4,17,31,21,40,12,10,63,0,2,55,56,53,42,60,62,7,6,23,41,47,46,52,27,45,43,34,30,39,13,44,48,11,29,51,8,32,3,22,54,49,57,5,16,36,18,37,35,28,9,15,38,58,50,59,33,61,26,19,25,14,1,20,24
29,51,26,47,49,62,32,0,35,22,43,60,58,25,54,46,17,16,12,23,7,33,13,61,8,6,57,39,44,59,20,52,50,11,2,40,31,36,9,21,28,14,18,38,27,55,34,4,42,19,5,1,3,30,56,53,37,63,24,15,41,48,45,10
58,63,7,15,38,12,14,24,48,28,9,23,10,33,47,30,29,22,49,41,3,40,62,37,6,59,45,27,18,19,43,25,46,52,16,4,20,39,36,50,26,8,21,32,34,44,53,11,55,57,31,1,61,0,56,60,42,2,51,5,13,17,54,35
49,23,39,21,59,24,22,48,18,32,12,25,17,43,14,2,11,56,29,15,33,31,19,5,61,34,37,13,46,50,10,47,35,9,42,52,36,20,58,41,4,27,38,1,57,63,45,30,62,40,55,7,51,54,26,44,3,53,60,0,28,6,16,8
7,17,4,37,12,48,11,39,58,21,16,2,10,15,33,62,20,5,8,46,53,41,40,25,9,22,30,59,52,13,0,31,36,44,61,50,29,28,19,14,55,32,38,49,27,51,57,54,24,43,3,26,6,18,56,63,35,42,45,23,47,60,1,34
46,13,3,9,39,50,12,15,31,52,6,24,25,16,20,5,22,11,51,14,56,59,63,26,19,49,21,38,47,1,23,41,35,27,45,17,58,37,53,34,60,30,7,36,4,8,2,54,44,28,33,32,55,57,0,18,48,43,62,40,10,29,61,42
18,35,40,51,42,53,4,5,21,9,56,0,55,3,36,38,16,13,45,60,61,28,8,52,57,48,63,7,11,43,44,23,41,20,24,49,50,17,26,22,27,30,12,31,39,1,14,10,19,54,47,15,46,6,29,58,59,62,25,33,37,34,32,2
26,4,27,39,54,6,18,24,45,16,15,30,53,8,40,19,31,38,61,13,59,28,0,23,11,21,5,42,32,37,52,62,7,63,9,12,60,25,20,49,43,50,1,48,34,17,14,44,47,41,33,51,36,56,3,55,35,2,58,29,22,10,46,57
53,26,48,8,45,30,41,16,46,24,13,10,38,2,34,33,25,56,35,17,23,62,1,50,4,49,0,42,12,28,47,36,21,55,27,52,40,43,44,61,15,20,6,7,19,3,5,14,29,18,39,9,11,63,37,22,58,59,31,57,32,60,54,51
59,15,62,18,17,25,19,63,42,55,48,8,14,34,53,12,37,45,10,60,56,23,49,52,51,57,44,3,0,32,47,20,30,9,35,6,38,50,36,13,21,27,39,5,33,29,58,31,22,16,11,61,54,46,4,26,2,24,7,28,41,40,1,43
38,53,58,6,20,29,27,54,51,43,57,8,7,21,9,33,45,4,32,44,37,26,46,42,63,5,36,62,22,13,41,52,12,28,25,16,39,14,49,56,50,15,47,2,1,3,48,17,11,18,61,40,59,24,55,31,34,19,0,23,60,30,10,35
32,33,14,42,47,0,60,35,2,22,38,30,23,24,54,10,43,7,41,9,11,45,4,8,27,61,53,25,55,6,40,29,15,1,20,39,31,49,21,16,37,52,26,12,19,56,18,63,28,46,36,44,17,58,51,50,5,59,48,13,57,62,34,3
35,19,14,36,55,37,28,33,58,18,57,23,3,50,11,61,59,27,53,13,54,12,47,43,0,8,48,56,25,63,20,60,26,9,40,46,24,15,32,51,34,41,30,1,45,62,10,29,38,5,16,6,44,31,22,42,17,4,52,39,7,21,49,2
28,47,21,10,40,39,53,37,12,19,59,5,63,27,51,31,56,33,57,54,16,3,60,55,50,20,8,62,43,18,1,14,29,58,49,52,38,42,6,13,23,32,24,36,26,46,15,17,44,7,25,9,22,2,45,48,30,0,4,34,35,11,61,41
27,15,37,32,40,30,33,25,1,56,11,39,24,22,58,0,31,34,23,48,3,46,7,10,63,26,14,20,55,19,6,53,5,49,17,43,2,57,41,28,44,54,35,18,12,9,38,8,60,29,21,45,16,52,36,47,59,4,51,13,61,50,42,62
20,25,49,44,6,1,48,45,14,29,34,63,21,50,36,22,55,40,59,38,58,60,16,42,56,54,35,51,11,27,32,43,9,26,4,47,18,52,15,57,2,41,8,5,13,37,46,12,39,61,31,33,23,30,24,62,7,0,28,10,3,17,53,19
8,31,30,43,2,21,39,19,22,9,36,15,13,57,18,34,58,55,3,10,14,37,35,1,12,26,51,50,4,56,23,11,33,59,0,46,6,60,28,40,62,53,44,42,5,52,17,29,32,24,16,20,54,27,25,38,7,45,61,47,41,49,48,63
44,62,49,35,39,1,4,17,57,14,23,54,28,63,9,18,10,51,32,46,52,58,37,42,43,12,47,0,16,31,56,27,11,40,22,3,53,30,38,34,50,60,55,15,5,8,45,6,2,33,36,26,19,21,41,13,29,61,25,7,24,48,59,20
52,12,58,51,24,44,42,43,34,19,33,10,7,17,32,1,45,35,6,16,53,9,13,54,31,47,3,23,50,46,62,30,49,26,63,0,61,28,14,56,55,60,27,18,29,41,39,15,38,2,40,5,22,37,48,4,25,11,21,20,59,8,57,36
60,11,62,61,7,43,26,37,9,34,10,44,4,49,53,55,39,46,21,57,47,52,12,8,15,0,13,35,20,2,6,18,58,29,63,3,32,50,36,30,40,42,51,5,1,19,24,54,17,45,48,27,22,31,38,28,56,16,23,59,25,14,33,41
62,11,59,15,2,46,60,7,21,37,61,24,20,17,54,51,19,32,55,30,16,26,5,58,52,0,39,47,38,49,1,50,45,12,13,41,57,48,42,25,53,31,18,8,22,36,44,14,4,3,10,33,35,40,23,28,29,34,56,9,27,6,63,43
17,29,6,32,44,47,33,24,58,57,3,14,19,8,52,59,60,38,42,7,34,48,18,25,62,9,51,41,43,54,23,22,53,56,16,36,0,45,63,49,31,26,4,2,15,27,21,46,10,28,37,1,55,40,50,61,20,5,39,35,11,30,13,12
23,53,25,35,55,48,22,21,7,51,36,57,61,60,13,9,32,24,16,26,45,38,12,49,42,39,5,8,2,30,10,6,43,58,31,33,1,28,17,59,52,27,14,41,62,46,40,47,18,0,63,3,56,50,34,20,4,44,54,37,11,15,19,29
46,5,57,15,39,30,55,51,44,24,38,23,8,36,22,29,37,11,14,47,21,49,7,20,3,28,17,45,19,16,62,13,2,6,18,9,0,40,56,41,50,1,4,60,34,27,43,42,31,52,32,59,54,35,63,48,61,33,58,12,26,53,10,25
39,44,18,45,0,41,54,33,47,62,46,16,52,48,21,29,36,35,32,8,38,19,17,34,50,2,23,13,59,20,26,3,55,58,6,15,11,57,22,30,9,49,51,7,10,5,1,37,60,12,25,28,24,43,42,27,31,40,53,56,61,63,14,4
32,36,47,42,60,33,35,17,15,62,58,26,25,31,57,23,41,20,38,2,39,50,63,18,52,56,14,24,45,6,7,27,51,13,34,5,19,49,29,1,37,0,16,4,8,3,59,30,28,61,54,53,43,46,40,10,21,55,44,9,48,12,11,22
53,28,62,17,24,12,27,20,38,18,3,45,37,50,61,26,32,30,13,21,63,41,5,16,59,44,2,19,52,14,55,1,8,49,11,47,36,33,48,40,35,6,46,56,15,57,51,7,4,34,25,9,0,43,60,42,58,29,23,39,10,22,31,54
5,15,59,37,21,4,26,16,14,47,38,60,28,51,19,31,10,27,20,18,61,29,52,56,48,2,9,1,7,3,23,17,12,8,44,62,40,6,50,45,42,24,0,43,39,63,54,32,49,58,36,13,53,33,46,34,25,35,30,57,41,11,55,22
9,2,52,49,28,54,58,15,8,21,26,51,44,23,35,29,42,6,10,50,22,18,48,46,16,14,24,30,47,56,7,11,39,3,63,12,62,61,34,59,0,31,20,27,38,33,55,40,25,32,57,1,17,4,43,60,5,19,36,53,45,13,41,37
20,53,39,23,6,36,55,59,32,19,63,11,37,7,3,43,61,56,14,34,17,42,30,15,10,47,41,24,13,22,57,40,12,26,52,46,27,4,38,62,16,21,51,44,60,35,31,48,25,49,8,28,29,9,1,58,5,0,45,2,18,33,50,54
8,49,58,28,39,13,18,4,20,34,51,14,32,33,26,29,59,35,15,10,57,54,11,12,45,62,41,44,1,5,61,36,7,23,30,31,38,53,19,0,63,55,42,43,22,50,27,9,40,21,6,46,47,48,37,52,60,17,3,16,2,56,25,24
27,60,30,55,13,0,33,15,9,14,54,3,34,47,26,44,21,10,42,18,62,11,17,1,12,48,41,37,16,38,24,8,45,53,39,51,59,46,35,20,50,56,58,52,36,2,61,6,23,19,7,31,5,29,57,43,25,49,40,4,28,32,22,63
60,2,39,51,38,5,61,53,42,34,52,26,63,56,40,21,33,16,29,17,3,36,47,28,50,14,9,62,19,32,12,25,45,54,24,44,43,20,10,23,27,11,30,31,8,0,48,18,49,1,22,58,13,37,46,59,4,57,15,7,55,41,6,35
48,55,43,63,13,40,15,41,56,22,4,31,20,60,18,50,47,23,30,29,51,35,53,6,62,1,27,33,11,44,2,57,10,38,34,61,52,45,59,12,21,26,36,54,49,28,17,3,37,16,39,19,0,58,25,5,24,9,42,46,7,8,14,32
9,4,62,26,7,39,6,14,17,21,52,31,56,18,0,53,61,41,19,44,5,45,22,33,51,54,15,49,1,13,3,35,59,58,57,2,60,50,42,24,20,46,10,8,27,43,34,40,23,25,29,30,63,38,37,47,12,11,32,48,36,28,16,55
44,59,26,61,55,63,36,33,47,8,32,62,24,50,53,58,30,21,45,40,41,49,42,0,3,39,9,38,60,5,16,27,43,10,31,17,28,19,7,56,25,54,48,52,46,37,20,11,4,35,2,34,18,14,12,22,23,13,15,6,1,29,51,57
0,51,13,21,42,57,12,25,47,10,55,20,54,61,56,52,4,53,31,62,1,46,40,24,38,9,16,14,34,58,45,6,59,29,33,39,22,17,48,60,37,27,7,30,32,19,49,26,41,35,2,28,23,15,11,18,63,43,50,36,3,8,5,44
46,57,12,31,10,50,54,9,44,62,21,48,6,4,15,3,61,13,28,16,14,56,51,18,58,2,63,41,40,43,29,39,23,25,26,7,47,27,32,30,38,11,33,0,36,1,59,42,49,8,35,17,37,45,53,24,34,55,5,19,52,60,22,20
41,0,45,62,32,61,7,26,4,36,46,35,43,56,9,24,19,57,27,51,14,15,52,22,11,18,3,42,54,50,44,6,49,16,1,60,10,25,40,38,30,8,63,12,34,2,31,33,48,13,28,37,20,17,5,39,47,58,23,53,29,55,59,21
39,40,28,60,11,23,31,43,34,26,36,0,46,27,21,61,51,30,35,22,48,63,14,56,57,25,49,2,1,42,58,52,47,10,7,5,45,6,53,13,15,54,24,33,12,29,9,55,18,16,32,59,50,3,41,44,8,17,20,38,19,4,37,62
49,53,54,59,13,60,9,62,57,63,27,31,32,61,12,22,6,2,21,3,55,41,20,46,11,24,1,25,39,29,15,14,51,10,34,48,47,36,5,30,44,35,42,50,23,56,52,17,0,26,38,8,4,33,40,28,58,7,43,19,45,37,16,18
17,27,8,52,38,26,51,49,28,48,55,30,61,0,5,39,16,11,35,7,2,46,3,56,42,36,9,1,10,33,43,40,29,57,12,50,37,53,25,15,23,58,14,24,45,32,22,13,60,19,47,59,54,62,34,20,44,21,6,18,31,63,4,41
0,44,60,8,43,47,45,57,17,21,32,31,15,39,24,14,5,36,37,2,18,9,23,48,46,55,63,3,12,51,25,11,38,27,52,59,33,20,54,4,61,29,62,41,35,26,30,40,7,22,58,42,1,50,19,16,53,10,34,56,49,28,13,6
17,41,42,38,53,3,57,36,37,28,24,10,9,16,31,22,50,26,52,25,21,48,11,63,56,32,62,60,8,59,2,40,15,49,6,13,54,35,39,46,45,20,27,34,58,19,33,43,5,4,23,51,55,12,44,1,47,18,29,7,61,30,14,0
26,1,61,19,63,6,23,15,20,34,10,2,17,4,9,16,55,38,28,22,47,54,43,36,56,13,60,51,12,42,30,35,18,11,62,27,50,37,8,59,3,29,49,31,0,45,53,33,5,39,32,40,14,7,48,46,41,25,44,57,52,58,24,21
39,30,8,63,23,22,56,38,11,25,10,49,3,31,46,17,41,9,21,26,48,5,15,47,33,7,19,32,35,43,40,37,18,6,59,0,14,58,12,36,55,50,45,44,1,2,20,61,4,52,42,62,34,29,28,16,13,51,24,54,60,27,53,57
40,46,53,2,47,36,12,56,21,14,58,55,11,57,32,59,3,44,51,24,8,42,6,16,37,54,31,27,7,45,62,22,52,30,26,9,35,15,28,23,33,17,18,29,13,38,50,1,61,25,19,0,4,10,41,5,43,39,60,63,48,20,49,34
36,33,44,14,38,60,46,30,6,32,21,47,41,0,7,63,23,35,54,8,12,45,27,16,40,58,52,59,5,19,24,61,42,50,20,15,28,56,11,9,37,2,1,49,3,53,22,13,57,18,29,43,4,25,39,51,26,48,31,34,62,17,55,10
59,22,12,18,61,42,7,8,17,36,51,2,32,10,27,48,49,11,54,25,30,43,31,13,1,33,46,50,5,23,47,45,15,3,20,62,26,44,24,35,58,52,39,56,28,0,34,60,57,37,40,19,63,9,41,4,55,21,14,6,53,29,16,38
57,41,52,28,10,50,3,37,43,11,2,9,51,58,48,27,24,42,13,25,29,8,23,44,15,46,36,0,62,38,60,63,45,61,21,49,22,5,14,1,26,18,53,12,31,40,32,16,6,30,17,7,47,4,56,19,55,20,33,35,34,59,54,39
1,63,42,37,14,47,33,6,3,21,58,28,18,60,36,39,26,45,9,40,2,25,61,57,11,24,0,10,53,46,22,15,4,48,54,35,32,56,27,41,55,13,7,49,52,17,31,50,8,29,19,51,12,38,5,34,43,20,23,59,16,44,30,62
45,25,35,12,50,57,53,31,17,51,16,39,38,5,22,44,19,47,43,61,27,34,14,29,59,2,63,23,46,49,20,56,48,42,30,11,54,52,40,24,62,18,9,32,7,8,4,10,55,60,13,21,1,28,41,0,15,33,6,58,37,36,26,3
61,31,40,19,4,21,60,32,30,18,41,48,2,29,14,45,49,3,36,23,26,34,13,62,16,44,63,12,11,56,38,58,57,53,22,8,37,5,59,27,50,42,6,47,25,43,46,1,54,9,7,28,51,15,33,10,24,39,17,20,55,0,52,35
59,58,36,43,26,11,50,33,4,61,18,46,55,16,10,13,38,30,20,19,44,53,5,32,0,47,23,6,39,49,57,41,34,63,48,31,3,17,24,12,60,37,1,8,28,51,54,40,14,25,22,15,42,7,2,21,62,35,27,52,9,45,29,56
0,47,7,30,51,14,49,48,24,62,53,5,56,15,21,3,52,46,22,29,1,36,54,43,28,60,63,35,20,50,57,39,41,17,11,37,33,26,32,18,61,9,44,2,34,12,4,16,6,25,55,38,58,59,45,10,19,40,8,27,42,13,31,23
31,15,9,60,8,55,6,50,40,48,46,39,36,7,16,23,56,21,61,38,54,12,11,0,34,47,42,32,20,19,13,10,52,25,58,26,53,2,27,30,49,45,22,59,44,37,17,28,51,1,4,35,3,5,57,43,24,33,18,41,29,63,62,14
35,3,2,59,61,1,24,54,7,16,58,47,56,29,34,49,39,18,4,20,40,44,6,32,11,37,14,45,5,12,62,30,10,13,31,38,33,25,55,15,43,8,53,9,17,52,21,60,23,28,57,51,27,48,22,0,46,19,36,42,41,50,63,26
48,0,16,58,50,38,11,17,8,51,61,44,23,63,37,7,31,6,4,49,59,34,25,10,14,3,12,18,62,56,45,21,53,52,41,19,36,55,32,15,20,46,5,47,28,22,39,60,42,1,9,43,2,29,13,30,27,26,57,35,40,24,54,33
60,56,36,8,39,37,43,1,38,19,20,11,52,47,58,61,62,6,50,41,24,54,35,14,40,23,42,53,63,29,46,30,9,21,44,32,13,7,55,57,33,31,10,59,15,4,28,27,17,26,3,2,12,51,45,5,18,22,49,0,34,25,16,48
46,13,54,45,58,16,10,31,9,0,60,7,1,55,18,23,53,43,14,25,26,50,24,5,3,37,34,51,39,8,63,40,33,28,52,11,19,49,27,36,20,17,48,2,38,59,4,57,44,61,12,6,22,42,41,35,32,56,29,21,15,30,62,47
7,38,12,34,39,21,57,17,44,52,2,15,37,14,53,28,62,13,47,9,1,36,42,23,0,20,22,40,60,61,35,45,41,49,58,46,63,54,55,18,43,3,11,33,4,27,32,24,56,8,48,59,31,51,29,6,50,26,25,16,10,19,30,5
16,46,63,36,56,21,27,38,54,19,34,2,52,22,48,30,33,8,44,1,61,4,60,23,14,35,59,57,11,28,20,37,47,40,41,31,24,49,26,25,13,43,50,39,55,17,45,51,9,5,42,12,3,0,58,62,7,29,15,18,53,32,6,10
2,6,16,53,22,23,31,32,39,51,8,3,36,60,57,5,49,48,12,21,43,20,26,30,11,17,41,59,44,10,7,63,61,46,19,9,35,34,38,50,56,18,58,47,40,25,14,33,62,42,54,28,52,37,55,29,1,45,24,0,27,15,4,13
45,4,16,30,58,48,35,36,44,15,61,52,3,21,13,8,6,51,54,42,60,63,20,29,9,53,10,43,18,17,14,34,46,49,39,47,25,37,55,57,23,19,56,7,33,28,40,27,32,31,12,41,22,5,50,59,62,0,38,2,1,26,11,24
48,9,4,51,19,24,27,18,55,20,22,37,28,58,11,25,30,39,31,5,7,47,53,14,49,15,59,8,35,60,21,17,23,6,40,46,33,3,13,45,26,32,36,63,2,50,12,56,41,29,10,43,57,16,62,42,52,54,44,61,38,1,34,0
26,59,7,10,43,56,63,44,2,27,57,51,30,13,47,5,6,17,9,3,24,31,0,21,62,12,61,41,1,33,42,55,14,40,25,48,18,15,58,35,34,20,60,36,11,46,45,29,52,49,32,50,19,53,4,16,39,22,8,23,54,38,37,28
18,32,24,49,14,3,17,42,52,37,40,31,43,20,11,2,53,38,44,60,1,48,34,21,10,33,39,0,54,45,56,55,9,13,25,51,16,30,46,6,50,57,15,22,36,58,23,4,27,41,7,8,26,63,59,28,5,35,19,12,47,61,62,29
14,52,13,34,53,24,62,26,7,12,58,10,41,0,38,35,50,55,3,56,6,5,45,49,2,36,51,16,15,40,31,27,48,47,32,19,21,39,22,33,18,57,30,20,63,59,37,54,1,44,29,60,17,28,4,23,46,9,42,11,61,25,43,8
42,22,19,29,46,15,3,31,62,47,12,30,35,2,39,49,18,48,53,6,23,51,55,5,56,11,43,33,10,38,63,54,36,45,61,40,16,21,1,32,26,58,8,52,28,14,37,4,57,0,17,25,20,44,7,59,24,9,41,60,13,50,27,34
22,40,2,26,54,46,4,27,32,9,11,12,17,19,42,57,5,0,55,28,51,58,6,14,15,41,20,56,33,10,16,63,31,38,23,29,45,34,13,39,43,50,48,1,62,44,3,59,35,49,37,21,24,60,47,18,30,53,36,7,61,25,8,52
63,55,19,44,27,6,61,14,49,16,26,11,3,37,32,22,54,47,4,57,56,20,36,40,21,29,53,42,39,17,48,34,50,28,38,30,2,13,18,0,8,25,33,41,15,1,59,12,5,60,45,24,43,31,62,58,52,9,10,23,51,35,46,7
54,41,43,8,45,51,57,16,5,33,38,52,6,30,7,61,20,53,22,63,12,37,32,21,44,27,62,35,3,10,18,24,50,34,29,47,42,17,59,48,0,14,19,36,31,11,46,40,55,60,28,58,23,39,49,56,1,4,15,25,9,2,26,13
33,51,45,26,50,25,42,12,13,0,38,3,11,1,23,18,7,43,6,63,16,62,35,53,49,22,8,4,24,32,17,31,21,36,5,27,14,29,47,9,57,59,46,15,2,41,48,54,37,40,61,55,52,34,58,10,30,56,60,39,20,28,19,44
19,49,7,23,26,29,51,62,6,28,30,36,54,44,3,5,63,17,34,55,37,11,38,27,56,46,21,35,15,14,33,0,24,9,40,20,4,22,32,61,59,31,18,43,25,60,1,10,52,39,53,13,42,58,45,12,2,47,8,16,50,57,41,48
41,9,52,1,43,25,50,32,51,27,45,44,47,56,7,30,19,0,24,15,6,48,14,46,33,18,31,42,12,36,4,61,49,34,38,35,28,58,60,57,21,54,37,8,59,10,16,23,62,40,29,11,20,5,17,63,53,55,3,2,39,26,22,13
12,46,15,60,4,39,41,37,53,24,38,22,33,18,36,52,27,14,34,21,62,10,8,16,56,5,0,63,23,40,7,35,11,57,45,3,19,28,32,2,1,55,49,51,30,31,25,59,54,42,61,6,17,48,44,26,47,29,58,9,43,13,20,50
36,0,54,11,56,33,63,28,19,53,32,12,14,6,26,46,17,47,13,42,52,39,37,4,38,20,10,15,9,24,29,21,60,34,35,57,23,7,41,58,61,25,2,44,3,40,49,43,50,5,31,27,45,18,62,48,1,16,55,51,30,8,59,22
35,34,6,36,13,18,3,45,50,2,23,33,1,28,62,9,30,42,7,10,38,52,56,4,11,60,15,29,46,58,51,43,41,5,37,44,32,55,47,0,57,14,27,21,8,24,25,54,63,26,16,59,49,22,19,17,20,61,40,48,12,53,31,39
59,58,10,56,36,63,37,0,8,34,15,42,23,20,30,22,62,54,44,31,45,52,16,61,4,6,29,7,11,1,39,32,41,40,19,50,28,60,2,55,46,3,38,33,35,21,53,49,18,12,14,5,24,26,51,47,57,27,13,43,48,17,9,25
12,9,13,41,45,39,29,33,58,16,3,44,1,18,53,11,24,0,31,59,37,17,60,25,26,50,27,5,2,42,57,14,36,46,61,48,47,7,20,22,52,10,30,38,51,6,56,21,35,4,15,8,34,54,28,49,23,40,43,62,32,55,19,63
5,37,29,39,52,27,51,41,23,62,56,14,8,22,11,3,26,21,1,2,12,9,17,32,58,44,45,20,30,19,25,49,31,10,13,47,54,36,24,16,28,15,53,33,18,50,6,38,0,42,46,61,59,7,43,40,57,34,55,4,48,35,63,60
34,63,62,23,59,13,49,37,43,48,27,16,52,35,31,5,7,53,50,61,55,11,4,28,12,60,10,39,15,38,40,24,0,47,42,41,51,56,46,36,8,17,2,32,45,6,54,9,18,21,3,19,58,14,1,26,57,29,33,25,20,30,44,22
60,10,29,11,55,52,58,38,51,4,28,37,20,30,21,50,63,49,22,57,25,61,27,39,5,59,8,43,41,46,1,31,0,23,62,54,36,33,53,7,2,15,9,42,40,3,45,19,44,17,32,26,34,16,13,14,24,47,48,56,18,35,6,12
50,54,51,53,48,45,28,47,44,31,60,3,22,52,1,62,38,7,29,59,61,37,12,40,58,9,41,0,19,56,27,14,63,16,32,20,43,36,23,5,21,55,2,8,4,15,26,13,6,34,46,30,33,42,11,57,35,25,24,17,18,49,10,39
28,52,32,23,27,63,2,45,7,3,15,46,10,54,11,9,22,1,56,12,42,5,62,53,58,34,61,30,51,55,57,48,60,44,19,36,38,47,43,39,16,33,14,50,49,21,41,13,37,35,18,29,31,25,6,17,4,0,8,40,59,24,26,20
7,15,20,48,50,56,4,57,46,8,49,54,33,27,53,52,19,2,30,34,40,32,25,9,24,5,47,35,21,0,58,28,38,11,13,55,3,59,17,1,29,14,22,26,45,31,6,42,63,60,37,62,39,61,36,10,51,12,23,16,18,44,43,41
5,27,19,0,12,25,49,52,10,6,37,29,36,50,33,20,32,15,2,63,18,23,3,35,8,54,60,16,41,26,7,30,57,22,43,56,44,17,58,53,24,21,47,62,14,59,48,51,28,31,38,1,61,9,46,34,55,42,40,4,45,11,13,39
29,59,35,16,45,22,36,51,14,54,24,38,25,1,50,42,4,60,31,23,52,57,47,9,55,49,0,6,21,32,3,8,43,58,39,11,15,34,53,7,12,62,46,41,27,2,26,28,37,48,56,63,5,33,10,44,20,17,19,18,40,61,13,30
29,22,56,53,45,40,61,37,0,19,30,21,11,31,46,23,14,17,41,47,55,42,54,26,35,7,15,1,63,57,51,13,36,24,8,49,25,28,9,27,60,62,2,50,39,4,34,58,20,16,44,32,3,5,38,52,59,10,43,33,18,48,12,6
31,20,40,56,0,62,54,44,38,42,17,1,48,59,13,41,22,4,32,39,26,61,21,52,19,10,25,15,24,49,55,8,43,12,51,35,18,37,58,45,28,23,30,46,29,3,11,47,27,50,63,57,5,6,16,36,60,2,14,7,9,53,33,34
41,7,51,3,39,59,31,49,23,36,55,1,50,56,17,47,42,48,16,57,26,29,14,22,53,15,38,28,52,32,58,34,19,4,21,44,61,40,54,30,2,25,12,6,0,9,5,24,20,18,60,35,63,43,45,62,46,27,10,33,8,13,11,37
0,58,54,61,9,25,49,55,48,4,44,46,20,19,13,40,18,63,50,57,31,15,14,51,6,29,34,27,23,17,30,41,26,16,47,21,38,53,33,59,28,22,24,62,12,39,43,42,32,37,5,52,7,3,8,2,56,11,45,1,35,60,36,10
25,56,32,53,26,54,7,18,58,49,48,29,39,60,8,2,51,17,44,30,40,43,5,45,59,37,12,6,16,20,46,9,28,19,62,21,4,55,14,47,23,35,50,22,57,1,13,34,61,52,0,33,3,31,11,24,42,10,41,63,36,38,15,27
40,9,27,59,53,15,4,1,55,21,49,58,56,11,7,25,50,62,36,14,61,45,2,8,46,24,10,6,12,38,3,63,44,30,33,31,18,32,23,16,28,0,20,47,22,54,34,19,26,17,37,42,43,51,52,41,39,13,5,35,48,57,60,29
62,51,63,37,59,58,57,10,9,13,30,7,43,16,24,48,45,11,12,42,47,56,53,52,54,41,29,39,2,4,35,50,22,25,46,17,5,1,8,23,28,55,21,33,32,20,60,27,6,18,44,40,14,36,38,3,19,15,61,0,26,34,31,49
38,56,42,60,26,7,36,10,9,46,21,25,13,45,34,24,17,18,47,30,41,0,14,28,48,16,54,53,37,39,4,44,58,15,2,5,29,20,63,59,11,3,12,19,8,33,62,22,27,50,57,40,23,43,51,55,35,1,6,49,32,31,61,52
11,28,25,58,6,38,19,33,5,48,4,10,17,22,51,9,47,1,30,42,44,39,56,35,29,50,14,57,8,46,12,0,43,34,41,59,23,61,53,63,13,2,60,20,24,62,7,40,52,16,32,15,21,49,36,54,27,3,18,45,37,26,55,31
37,7,60,46,13,24,61,44,52,39,15,11,40,42,53,62,57,8,63,10,14,12,26,54,28,55,22,4,19,2,23,5,36,21,30,3,47,35,59,43,20,16,41,49,56,1,0,17,51,25,18,27,6,9,58,34,50,29,48,45,33,32,38,31
50,36,0,16,40,7,35,52,17,33,13,56,51,44,30,5,43,38,37,47,54,45,21,11,41,49,23,63,48,31,20,29,1,42,18,4,26,59,24,19,27,12,22,3,62,34,57,53,9,10,58,55,15,39,46,6,8,61,25,28,60,2,32,14
17,54,44,37,39,25,43,59,20,36,24,9,21,63,42,6,33,28,52,0,14,40,2,29,5,35,50,62,53,32,48,56,27,10,45,31,47,58,26,41,60,30,51,46,4,8,55,22,49,13,15,23,1,12,38,3,7,16,34,19,18,57,11,61
13,2,56,63,35,57,59,11,45,55,40,41,36,7,24,52,3,5,28,30,31,1,8,39,48,58,23,25,17,62,46,50,20,18,6,33,4,10,54,61,37,27,12,21,51,14,53,15,26,32,49,22,34,38,60,44,29,0,42,19,43,47,16,9
13,32,43,25,21,41,62,61,18,46,11,60,4,28,59,45,47,3,54,7,33,42,50,24,58,20,8,31,63,10,30,49,1,56,35,6,17,0,39,16,40,48,53,14,57,36,23,51,44,37,29,2,52,34,5,26,55,12,15,19,22,27,9,38
19,59,54,14,16,44,40,18,32,24,6,17,1,41,11,23,5,9,50,31,33,22,36,42,60,2,38,46,56,29,62,52,8,10,3,48,61,7,55,49,20,53,26,57,12,28,43,37,35,51,13,47,21,58,4,39,27,15,34,45,30,0,63,25
37,60,61,4,39,40,20,49,31,16,41,25,2,63,30,24,29,51,34,38,42,11,28,62,48,57,56,36,54,22,53,52,9,46,14,13,45,3,47,8,43,17,19,59,32,10,18,5,23,35,12,55,44,27,7,58,21,50,0,15,26,6,33,1
50,31,47,26,58,13,1,61,22,21,34,4,8,29,6,7,30,20,28,19,33,23,52,62,57,38,48,54,10,5,36,41,17,12,3,37,49,44,46,2,18,56,32,42,59,63,14,43,55,53,25,15,51,39,35,24,60,45,40,16,0,11,27,9
41,15,53,50,39,13,48,25,47,51,1,49,3,42,24,9,44,26,38,58,18,27,56,11,16,14,5,8,28,7,20,6,46,19,36,52,12,21,63,54,62,60,22,33,17,43,59,30,29,10,0,57,45,4,2,34,55,32,37,40,23,61,35,31
56,26,1,49,38,23,39,18,22,17,45,33,24,31,10,36,37,13,6,25,43,51,42,28,52,15,12,46,63,41,35,4,14,2,20,40,55,11,59,47,50,32,19,5,0,27,48,61,3,58,9,30,7,62,29,8,44,54,60,16,53,57,34,21
48,23,31,24,36,16,7,52,18,58,6,11,38,40,49,57,1,13,15,10,14,21,63,17,34,50,55,56,32,39,3,33,5,0,53,25,47,59,27,62,44,51,9,26,46,37,4,19,2,29,28,12,54,42,20,45,22,35,60,61,8,41,43,30
61,23,56,20,13,47,63,27,36,41,43,19,4,24,34,40,14,29,44,39,35,5,21,15,62,12,17,0,58,18,1,38,57,8,60,2,48,45,25,3,9,51,55,30,10,22,33,6,42,49,16,54,28,32,11,31,52,50,7,37,53,46,26,59
30,53,44,55,15,11,14,36,46,34,4,16,17,31,3,7,0,47,51,48,35,13,57,20,40,1,2,22,56,38,42,5,54,19,59,28,45,12,18,50,49,52,41,63,26,23,37,43,6,25,8,32,60,33,61,10,29,9,24,62,39,27,21,58
29,53,39,51,23,48,35,61,16,36,47,17,62,24,20,32,11,37,42,27,3,9,8,2,63,58,6,59,7,40,10,57,46,49,34,33,54,60,5,4,44,21,28,22,45,31,43,50,12,1,38,14,30,0,25,19,26,13,55,18,41,15,52,56
27,45,2,3,38,25,15,32,61,9,22,8,13,44,28,40,58,11,43,4,0,23,21,10,35,24,36,19,47,31,46,42,7,62,41,50,37,14,63,51,34,20,1,18,26,56,5,29,30,60,48,59,12,53,33,17,57,52,16,49,55,6,54,39
55,26,46,0,36,22,43,39,52,25,27,28,51,18,11,38,9,48,37,33,23,13,49,57,32,59,24,6,10,31,16,34,63,29,47,54,35,61,1,15,3,50,2,41,19,56,42,44,58,30,17,60,12,45,62,5,53,40,4,14,7,8,20,21
5,21,53,32,8,36,18,24,9,41,38,54,43,63,6,42,45,46,14,61,34,16,11,56,17,15,48,31,40,51,55,25,59,60,19,26,39,27,58,52,33,47,44,12,1,57,3,23,49,13,30,7,37,20,10,50,35,22,62,0,28,2,29,4
31,1,42,24,28,23,60,33,25,45,27,21,15,10,46,12,56,49,4,26,39,14,48,51,36,43,40,6,61,59,38,55,8,32,34,50,41,30,17,57,13,58,5,63,16,52,19,11,22,18,44,2,3,35,29,7,20,47,62,53,54,37,9,0
13,22,17,10,43,0,29,50,15,63,36,14,46,53,35,52,3,34,7,48,41,28,62,38,33,44,8,5,51,26,12,16,55,54,37,56,25,39,31,2,1,47,49,32,57,27,42,11,19,23,4,20,6,18,9,45,61,24,58,30,59,40,60,21
0,33,21,44,30,4,36,17,55,39,40,51,27,45,57,49,41,34,54,31,56,63,38,14,37,62,16,46,47,32,29,20,26,23,9,53,6,12,50,11,28,22,24,58,7,8,13,2,1,48,18,43,61,35,15,59,5,60,3,42,25,10,19,52
26,24,60,32,21,42,7,53,0,14,41,36,40,54,20,22,39,57,25,4,17,19,44,47,30,58,48,27,15,49,1,13,56,11,6,38,16,18,28,55,50,2,35,62,61,8,5,31,12,29,45,63,10,33,51,37,52,23,34,46,59,43,9,3
29,54,58,30,25,19,23,11,39,32,20,42,8,37,18,49,4,10,7,3,27,17,47,6,28,51,33,48,36,53,5,44,62,31,63,61,57,40,9,26,14,41,12,13,56,52,35,15,46,1,38,43,0,21,2,34,16,55,45,50,22,59,60,24
39,45,31,0,37,61,51,8,19,35,34,30,18,60,49,5,55,3,6,42,58,7,44,52,10,21,9,28,63,33,16,32,24,46,48,22,26,41,13,56,1,2,29,50,17,38,4,14,53,57,12,59,27,23,54,47,20,11,43,36,25,40,15,62
63,4,54,10,46,44,51,61,39,30,40,1,6,23,15,28,16,34,19,17,33,56,37,49,58,13,47,18,50,62,60,29,12,42,25,0,31,21,52,20,41,38,45,26,55,8,36,14,2,35,22,3,57,53,59,48,24,7,32,5,27,9,43,11
49,56,19,14,21,33,47,15,46,59,62,18,58,13,30,36,24,9,63,6,17,57,20,37,40,27,0,45,10,41,55,44,26,50,54,53,23,29,51,61,31,39,4,22,7,35,28,5,2,3,32,12,43,16,48,42,60,38,34,11,25,8,52,1
45,61,43,41,30,33,52,51,59,20,32,21,53,22,49,3,54,47,8,14,4,55,7,27,62,36,60,11,1,56,26,5,13,57,29,12,9,19,38,44,2,31,15,25,0,18,58,17,39,63,24,10,37,40,46,16,34,23,28,48,50,6,42,35
47,41,5,17,28,51,11,39,42,43,46,1,62,49,37,9,26,57,59,48,13,58,16,8,12,36,38,45,40,35,20,6,24,2,52,3,53,34,0,55,15,54,23,56,10,21,44,22,25,60,7,30,33,19,4,50,32,61,27,18,63,14,29,31
37,58,39,50,61,35,13,1,17,60,27,57,20,0,12,62,10,52,4,53,33,3,59,18,15,14,38,24,41,40,44,48,8,5,63,7,16,22,34,29,19,49,55,51,43,11,6,23,46,2,30,26,42,47,25,54,56,31,45,9,36,32,28,21
61,43,30,40,3,24,38,4,58,7,15,2,6,56,9,36,19,48,42,55,37,28,25,51,57,31,60,26,41,22,46,10,21,49,34,59,33,62,45,63,20,0,32,54,17,23,18,16,11,35,14,1,47,52,12,39,13,5,27,53,44,29,50,8
4,59,23,14,46,17,21,28,39,1,61,52,13,32,36,8,26,0,18,22,62,16,35,15,29,48,20,33,37,43,56,7,55,53,49,45,51,31,11,6,10,41,60,2,3,58,38,9,12,19,50,42,57,47,24,27,30,54,44,25,63,34,40,5
38,29,63,50,31,21,37,61,62,20,11,30,53,1,13,47,24,45,60,46,32,15,51,28,33,44,57,12,55,9,34,26,2,42,16,23,56,18,5,6,7,39,40,43,58,52,10,0,54,27,19,4,59,14,17,25,8,35,22,49,41,36,48,3
58,56,48,41,14,62,1,45,8,59,42,46,7,2,15,47,26,36,11,30,63,24,10,61,21,55,37,31,27,39,57,13,54,51,44,35,50,28,23,29,53,40,25,60,49,38,18,43,4,9,0,19,34,52,3,32,12,33,16,20,17,5,22,6
46,51,2,18,20,31,42,16,24,21,37,56,40,19,6,35,22,41,61,26,0,50,23,38,7,58,30,13,43,39,4,44,60,53,12,62,14,32,25,57,45,8,36,10,47,49,27,63,28,3,9,15,17,5,33,52,54,34,55,59,48,1,11,29
13,30,43,15,16,54,32,20,1,60,42,47,40,23,6,37,41,22,10,4,62,45,55,52,59,24,21,8,28,12,61,9,38,49,48,27,26,53,35,31,5,33,19,51,50,25,56,34,2,11,39,58,46,44,63,29,7,17,36,3,14,0,18,57
1,62,14,53,42,16,20,29,47,23,19,43,15,32,6,55,9,48,63,60,17,54,31,11,49,28,12,50,58,46,22,13,0,7,5,18,40,25,26,2,10,30,3,39,35,37,38,4,51,36,33,24,8,41,52,57,45,34,61,44,59,56,21,27
12,56,44,36,27,48,22,41,30,61,6,11,5,4,13,19,28,9,25,39,20,51,32,37,53,15,26,35,0,43,1,38,47,16,29,23,52,21,40,60,54,2,33,59,62,3,55,42,46,63,58,45,17,31,10,7,18,8,24,14,49,50,57,34
56,62,10,5,13,8,14,34,24,23,15,17,30,52,33,54,37,46,11,3,59,63,28,32,61,9,21,18,31,7,27,55,58,44,6,26,38,49,48,39,43,50,51,29,60,42,41,4,2,12,25,40,1,47,19,20,45,16,22,35,36,53,57,0
37,16,20,45,41,18,33,29,17,55,54,23,38,7,15,50,49,14,28,39,0,22,19,13,46,9,21,42,53,1,6,24,27,8,63,2,47,52,31,48,44,11,5,3,61,34,57,60,43,30,62,56,12,40,32,35,51,36,4,26,10,59,25,58
51,43,4,47,53,31,30,5,19,34,49,9,13,55,7,17,11,59,45,57,52,41,48,28,14,15,18,8,42,22,44,32,33,10,60,58,61,46,56,20,50,24,12,2,25,3,21,6,40,37,62,38,29,1,39,35,27,23,0,63,26,54,36,16
53,58,14,8,59,5,4,39,46,0,49,43,60,47,12,9,56,37,29,38,15,16,40,42,21,27,63,54,17,23,32,13,36,24,18,28,11,61,26,48,50,20,44,33,1,45,10,31,51,41,6,34,22,55,19,25,7,3,30,57,35,52,2,62
0,56,46,22,29,19,34,51,28,6,61,15,30,47,14,27,48,55,53,49,21,54,26,25,37,12,4,8,39,20,24,57,7,58,5,50,1,45,59,13,38,40,3,9,62,41,31,23,16,35,18,52,43,42,2,33,10,36,32,44,11,60,63,17
38,4,42,3,52,22,21,54,35,56,49,5,39,62,19,10,12,32,16,11,58,61,37,9,41,44,24,47,0,15,8,51,48,59,17,63,53,30,46,26,40,31,36,28,33,2,7,57,13,43,1,14,6,50,27,18,20,55,45,25,29,34,60,23
5,48,54,29,1,55,13,32,15,30,62,36,52,45,38,59,41,6,4,2,61,53,40,12,20,17,7,42,47,18,34,58,51,43,21,46,24,23,3,39,56,31,60,19,28,33,10,9,37,22,8,26,63,35,11,44,27,14,16,0,49,25,50,57
42,49,22,8,10,45,47,36,57,9,63,51,40,48,30,16,31,50,12,0,6,53,34,27,2,26,39,28,1,24,19,44,55,61,23,21,11,7,62,33,25,29,13,20,17,15,59,35,54,38,3,4,37,60,18,5,58,14,56,52,43,32,41,46
18,42,54,39,29,50,63,23,43,35,6,58,16,9,3,15,57,25,32,24,13,61,45,44,22,51,52,19,20,62,17,10,49,37,59,38,46,53,21,31,30,33,14,41,34,4,1,26,56,7,11,40,2,12,27,28,48,55,0,36,47,8,60,5
5,21,47,22,11,63,8,33,30,35,49,60,42,45,0,37,44,12,41,62,56,15,39,18,16,19,9,24,54,14,61,26,17,53,3,55,40,51,52,57,7,34,38,46,23,32,10,4,27,58,36,43,25,31,6,59,29,48,2,13,50,20,28,1
17,21,7,10,15,2,20,61,56,29,37,3,57,39,9,52,33,31,26,5,11,4,12,30,59,34,28,35,25,50,46,54,48,42,55,14,41,22,0,51,60,44,40,23,1,6,43,45,27,32,24,16,13,8,49,36,18,19,58,53,38,62,47,63
53,59,21,57,26,6,42,3,28,47,39,2,25,55,58,1,11,37,48,50,46,60,61,23,40,7,41,49,38,52,36,17,44,43,18,24,4,13,35,29,5,19,63,20,31,45,51,22,34,54,32,10,9,0,15,12,62,33,8,16,56,14,30,27
4,55,13,44,36,46,62,5,50,10,32,58,35,61,53,57,16,27,31,14,7,0,51,25,52,47,40,60,20,2,12,56,33,63,43,49,18,45,54,11,15,24,42,59,34,1,39,29,28,48,3,21,22,37,6,30,17,26,23,8,9,38,41,19
61,7,58,11,12,40,52,25,4,15,0,28,31,30,9,54,18,26,51,36,56,5,44,32,13,27,63,60,46,8,21,35,49,16,37,38,55,62,10,17,3,34,14,19,2,24,48,29,1,6,50,43,53,47,22,59,42,57,41,45,20,39,33,23
29,13,51,32,36,43,58,53,12,49,37,22,26,33,18,41,57,28,42,9,27,31,48,63,15,56,62,59,19,61,40,47,7,39,55,50,35,60,3,2,52,44,25,45,14,5,23,16,8,46,1,6,30,17,24,0,54,20,34,10,21,4,11,38
51,3,24,19,55,46,28,22,43,63,1,30,10,16,48,42,20,27,21,18,49,4,56,29,26,54,32,12,59,0,61,11,13,41,52,15,44,58,40,53,9,38,5,35,33,7,50,31,23,36,37,57,17,6,8,60,45,62,47,39,14,34,2,25
1,52,18,36,61,58,7,34,49,57,5,11,47,17,35,10,41,8,27,59,13,3,56,44,51,22,19,62,54,29,63,32,33,6,43,60,24,53,31,0,38,4,28,2,14,15,21,45,30,39,9,48,50,42,46,20,12,16,23,26,40,37,25,55
52,60,56,49,54,13,6,8,15,17,55,9,21,26,29,18,46,62,37,25,44,1,32,4,16,47,42,7,39,53,10,58,28,57,14,20,63,43,11,51,45,31,12,33,38,36,0,22,27,61,50,2,30,41,24,48,5,35,19,23,59,3,34,40
58,52,47,56,55,6,62,3,8,10,41,22,60,59,61,57,4,42,39,63,26,53,23,49,1,34,46,11,15,9,13,2,27,0,7,29,25,21,37,50,35,54,16,28,36,32,24,18,31,45,14,44,20,38,33,19,40,12,17,51,5,30,48,43
12,24,26,17,52,0,1,47,46,41,13,60,44,56,36,22,27,58,25,23,37,35,39,10,53,43,9,5,57,61,34,8,50,19,7,38,45,28,4,3,63,18,31,33,30,14,40,21,15,29,16,20,2,49,11,32,51,62,55,6,54,42,48,59
13,25,40,11,39,51,60,33,6,1,20,47,30,63,43,32,19,56,5,7,49,42,61,45,14,59,8,29,38,4,31,10,55,58,57,15,24,54,28,12,18,2,27,41,0,50,44,21,22,62,37,9,48,35,23,26,53,16,34,36,3,52,17,46
11,46,32,0,18,60,20,1,42,26,53,37,27,63,4,25,14,6,21,52,56,9,40,5,3,13,50,12,15,61,22,36,44,31,8,51,33,39,23,45,29,62,41,48,24,2,47,28,17,57,7,10,54,55,30,38,19,59,43,16,35,34,58,49
17,18,6,24,35,20,36,38,60,25,56,13,19,21,49,59,34,29,54,28,41,55,47,45,43,27,26,46,11,58,39,50,0,48,61,14,5,7,23,22,62,44,8,37,2,52,15,40,16,42,63,12,33,32,10,30,4,53,1,51,9,3,57,31
24,48,19,59,4,15,11,33,35,38,6,34,43,41,17,30,8,40,57,60,3,39,61,36,10,29,62,14,53,16,0,23,58,27,25,2,5,9,50,21,12,26,44,28,7,55,63,13,51,45,37,20,47,46,52,56,54,32,18,1,49,31,42,22
4,15,17,26,12,27,35,9,61,48,21,62,5,50,23,40,49,45,7,42,37,2,29,6,19,22,43,58,36,13,53,8,11,33,30,31,1,59,46,52,57,44,28,54,51,24,55,3,32,56,20,18,25,63,41,10,39,16,47,38,34,14,60,0
12,63,26,57,37,44,18,43,49,16,60,45,61,9,59,53,21,17,35,36,11,30,19,22,33,28,15,51,40,50,58,13,1,0,14,54,27,38,29,62,2,6,52,41,47,4,34,39,32,8,10,7,24,25,31,20,5,56,23,46,55,3,48,42
41,35,29,33,25,27,43,20,4,55,62,53,51,40,26,52,2,39,30,12,61,60,18,31,46,13,10,17,24,44,50,34,23,36,3,21,38,59,58,49,7,8,16,45,5,15,22,6,32,1,42,19,9,14,57,48,56,11,47,37,0,54,28,63
25,15,0,12,63,61,36,48,29,49,52,11,4,40,31,13,50,47,55,35,54,19,62,24,7,16,10,32,33,41,56,39,59,58,20,26,51,45,38,3,42,44,37,2,18,22,21,28,30,8,9,5,1,6,57,17,23,43,53,27,34,46,60,14
46,8,49,53,18,45,19,39,6,23,44,28,20,3,0,62,11,25,42,35,5,50,52,63,9,58,26,7,32,16,59,21,38,43,57,22,4,12,61,17,29,24,47,34,36,60,27,31,55,40,15,2,51,1,10,14,56,37,48,33,54,13,41,30
35,20,53,32,31,7,19,42,55,5,37,62,44,57,12,15,46,60,23,29,33,38,58,51,34,27,24,49,41,11,22,8,16,13,9,45,36,0,2,17,3,1,59,39,63,26,47,54,61,50,4,43,10,21,48,30,14,6,52,25,56,28,40,18
53,0,41,32,16,11,45,61,56,55,13,46,18,1,29,10,35,63,39,3,59,52,31,20,27,5,17,19,30,57,54,42,9,24,60,44,2,25,7,28,49,50,47,14,62,21,43,51,48,23,26,12,58,38,4,37,8,34,36,15,22,33,40,6
32,62,56,51,19,33,36,3,21,40,28,49,45,13,2,35,38,25,54,10,14,41,43,47,37,60,30,39,8,16,52,61,23,26,31,50,63,42,57,11,17,46,15,0,18,53,58,1,22,44,6,12,55,7,9,5,4,20,27,34,24,29,59,48
43,5,59,56,60,27,15,36,58,55,29,30,3,25,21,6,62,8,47,28,61,49,7,40,52,57,45,24,4,1,39,2,9,35,48,51,0,31,10,38,44,22,46,26,63,23,32,54,20,42,50,14,11,41,19,13,37,12,53,34,18,17,33,16
19,12,57,46,25,30,38,37,54,23,44,6,51,9,48,39,59,34,61,24,15,45,26,36,10,63,28,60,35,2,52,5,1,8,29,40,47,20,7,27,56,4,18,41,3,33,32,21,16,49,58,22,55,42,14,17,0,62,50,11,13,53,31,43
28,32,15,52,13,22,42,63,7,56,50,17,55,40,41,39,34,20,60,9,33,24,31,51,12,37,26,36,16,45,58,46,8,2,10,54,14,23,21,35,3,44,19,47,30,59,11,43,6,53,18,49,57,5,4,62,61,27,38,48,0,1,25,29
35,30,57,60,58,44,36,21,12,56,45,48,42,59,40,39,38,11,50,0,26,53,51,43,28,37,55,15,54,14,31,7,4,1,63,10,49,47,8,20,61,62,25,18,9,46,23,17,2,5,52,19,24,33,41,34,22,16,13,29,3,27,6,32
3,4,58,34,43,11,55,22,16,5,10,41,49,19,13,39,20,38,9,21,45,40,18,33,15,28,59,42,23,61,17,53,52,51,47,26,12,7,35,60,8,14,46,27,31,32,57,63,30,6,44,0,29,56,50,54,48,62,37,2,1,36,25,24
37,17,32,4,33,36,24,49,0,23,55,54,20,22,2,58,34,50,61,15,30,57,27,16,29,43,48,12,28,41,10,47,42,45,59,60,51,6,39,3,63,26,9,19,14,44,31,46,40,18,38,21,62,35,52,11,25,53,1,56,5,7,8,13
60,8,12,44,2,1,61,18,63,5,6,29,20,30,35,54,37,57,43,10,9,16,28,24,46,27,50,39,58,33,34,40,41,42,32,52,0,55,19,48,3,47,53,4,45,13,17,49,59,15,36,11,7,26,22,62,14,31,56,25,23,38,51,21
39,52,28,43,26,16,46,40,23,47,13,12,44,5,50,56,6,18,19,49,14,20,57,8,17,41,34,9,37,29,42,1,54,63,10,7,22,33,48,60,51,0,25,59,11,53,62,2,32,61,24,4,21,3,35,38,55,30,45,58,27,31,15,36
52,41,23,26,5,62,45,51,3,4,38,31,24,59,40,56,16,21,11,15,55,34,42,13,61,20,17,7,14,53,18,39,0,57,37,35,1,30,46,47,8,6,50,58,54,12,48,19,2,60,36,63,44,33,49,22,25,27,28,10,32,29,43,9
53,60,19,47,56,9,1,51,46,41,10,8,13,25,34,44,23,15,55,33,22,16,32,50,21,49,6,20,59,2,11,29,63,37,31,61,24,36,57,26,38,3,39,52,27,40,45,58,42,62,28,30,7,0,17,43,12,5,54,14,48,4,18,35
47,4,7,5,52,14,23,24,37,59,42,60,46,3,50,31,10,30,18,57,6,26,20,35,28,15,0,36,51,63,58,61,53,19,54,22,43,27,21,9,41,62,48,38,29,49,33,12,40,44,39,56,13,25,11,17,8,16,45,32,55,34,2,1
49,1,31,9,62,0,40,54,14,3,51,55,18,10,52,15,19,35,58,39,41,57,8,23,43,29,56,28,17,61,53,44,33,26,21,60,42,32,22,5,38,50,45,12,59,4,63,47,34,27,20,13,11,46,16,48,36,25,30,24,7,6,2,37
27,40,1,42,26,32,21,33,44,50,35,6,31,10,12,36,62,24,9,11,48,3,14,51,4,63,47,22,60,56,43,46,57,23,19,38,18,45,16,15,25,61,41,52,58,2,59,5,0,39,13,49,53,54,55,29,20,37,34,7,17,8,30,28
11,7,9,30,5,54,32,40,41,0,37,45,39,24,19,16,29,46,42,28,12,44,4,36,17,31,63,56,3,18,59,48,21,33,47,23,61,2,14,6,43,60,10,49,53,1,15,35,13,51,34,52,8,62,26,27,22,25,50,57,38,58,20,55
9,21,29,42,23,40,18,28,27,49,57,38,13,61,50,26,33,58,48,45,17,53,56,30,54,7,4,63,35,52,36,5,46,37,47,62,8,16,15,24,39,31,51,1,0,43,22,3,11,10,44,19,32,25,2,59,6,14,55,41,34,12,60,20
60,35,41,18,25,21,63,1,61,45,12,4,27,47,55,30,8,59,3,2,51,10,6,20,56,33,49,36,9,34,54,43,22,11,40,48,39,19,28,14,13,31,26,16,44,5,62,7,0,32,46,24,42,17,52,15,58,50,38,37,23,29,57,53
58,38,27,16,18,50,20,34,37,25,47,14,23,11,28,48,7,2,29,62,36,4,0,17,22,57,53,5,49,61,55,6,56,60,21,1,42,3,41,12,30,15,32,59,35,52,26,43,31,13,19,45,33,54,24,9,44,10,46,51,40,63,8,39
17,28,26,3,21,34,5,38,48,19,24,18,20,31,43,27,30,33,29,2,8,13,40,41,9,25,42,55,63,14,32,6,0,52,54,60,58,51,45,47,49,39,22,56,50,59,46,1,7,37,10,15,23,35,62,4,44,61,12,57,16,36,53,11
57,3,61,38,46,17,32,22,41,43,39,59,26,16,5,60,21,33,42,51,37,4,35,54,19,1,14,12,52,0,55,62,7,8,24,13,11,31,29,63,34,44,56,50,58,53,36,27,30,10,18,45,49,23,25,40,20,48,2,9,15,28,6,47
10,4,41,45,27,31,57,32,40,59,33,38,23,55,56,11,9,54,37,47,43,18,35,28,61,50,48,0,25,44,7,1,29,30,13,53,52,19,8,62,51,58,14,60,15,21,2,36,20,22,34,16,63,6,39,42,24,12,46,17,26,49,5,3
12,15,45,30,32,5,13,26,62,6,49,57,42,53,17,31,40,58,21,63,14,4,27,18,11,50,37,52,29,3,2,16,20,38,8,59,60,34,33,25,10,35,7,36,47,19,46,0,9,56,41,54,61,22,24,51,44,28,1,43,55,39,48,23
49,43,4,54,12,60,28,56,63,47,16,34,57,13,14,17,9,27,52,21,51,42,38,35,46,20,48,33,62,58,0,37,45,61,23,22,40,25,24,10,6,55,8,59,39,3,29,7,32,44,1,50,19,41,18,36,5,31,11,15,26,30,2,53
10,53,6,56,59,41,43,15,12,55,14,22,19,44,40,35,28,36,13,51,32,8,9,60,42,23,11,4,50,27,30,52,63,25,61,21,62,5,18,37,16,49,1,3,7,58,17,2,33,45,39,0,24,20,29,47,38,46,34,31,57,48,54,26
35,45,40,51,18,32,50,59,38,12,8,47,62,41,23,37,21,2,63,36,57,1,27,24,60,10,25,11,44,3,43,30,15,6,31,42,0,29,5,26,46,17,33,9,55,53,56,4,54,34,16,22,7,49,20,61,14,28,52,39,48,19,58,13
43,48,55,16,60,1,59,11,17,47,31,44,49,23,26,21,34,14,53,0,54,19,40,3,32,9,58,2,36,39,61,33,35,38,20,29,12,37,4,6,27,28,10,41,22,5,51,42,56,46,25,63,8,30,7,15,52,18,13,50,45,57,24,62
33,59,1,16,32,42,27,61,52,7,23,18,11,31,48,46,57,35,26,54,36,45,62,15,9,28,25,53,12,30,49,8,29,41,44,13,39,22,50,24,2,34,5,21,19,0,3,63,47,17,55,37,4,51,58,56,14,40,38,10,60,20,43,6
0,3,31,42,61,33,47,60,10,46,8,35,57,7,20,32,52,16,55,38,13,9,30,56,23,17,12,28,11,53,44,26,51,36,14,24,21,25,37,54,18,22,41,48,49,19,50,2,43,4,58,45,6,62,40,29,59,39,15,1,34,5,63,27
44,24,28,36,9,40,60,4,31,21,18,27,29,6,13,1,57,2,3,39,15,56,37,11,59,35,12,10,5,14,8,51,50,34,41,43,52,38,45,19,53,16,7,30,26,48,22,46,33,58,20,49,32,62,42,63,61,55,54,0,23,47,17,25
54,10,38,53,5,52,40,18,51,57,14,47,21,63,27,22,58,62,46,12,1,24,43,25,50,9,41,23,56,20,42,48,2,4,3,29,36,11,19,26,28,33,17,49,6,37,45,0,15,35,39,55,13,60,44,32,31,8,30,7,34,16,59,61
5,7,17,49,35,14,11,48,53,23,1,36,51,41,57,10,9,4,0,16,33,43,59,18,8,20,61,2,12,21,60,22,46,63,44,39,45,54,6,52,15,29,50,25,26,56,28,3,19,58,13,47,37,31,30,32,38,34,42,27,40,55,24,62
16,30,13,62,41,2,38,23,43,4,10,52,61,18,27,31,7,14,35,32,9,1,46,45,11,57,54,25,19,42,44,56,22,0,47,48,26,50,36,58,37,29,3,53,28,51,40,8,63,21,60,6,12,34,33,15,59,5,49,17,20,39,24,55
35,51,10,52,22,40,61,26,18,48,14,13,20,62,53,43,21,8,24,42,57,39,9,11,45,54,4,6,17,63,0,27,50,56,12,19,55,37,2,41,47,7,25,15,38,30,49,5,36,29,44,28,60,34,23,1,46,58,31,33,16,32,59,3
53,63,0,35,42,49,57,30,50,25,14,20,62,47,17,15,43,11,60,41,21,36,19,32,61,37,8,9,27,59,45,5,31,33,12,52,48,23,10,1,4,28,55,18,26,16,51,54,38,44,39,22,29,46,6,34,24,13,40,2,56,58,3,7
34,47,19,22,17,62,13,45,12,53,43,16,61,24,49,0,55,41,5,42,60,7,28,20,3,37,59,38,40,39,4,27,23,8,46,32,14,35,58,52,31,26,50,56,51,54,48,63,30,29,10,11,2,18,25,1,6,33,36,57,21,15,9,44
0,18,54,1,15,40,46,41,20,17,43,5,10,42,52,8,30,32,26,39,50,62,21,6,58,48,61,60,12,23,37,44,22,35,13,28,27,45,29,4,33,56,51,34,47,9,24,19,53,14,3,36,11,31,25,38,57,59,7,49,55,16,2,63
37,22,44,5,13,16,33,62,38,12,7,46,42,40,17,3,34,15,8,6,48,55,63,11,0,51,59,1,28,24,18,49,35,21,25,50,53,32,31,26,9,58,52,36,29,57,14,30,41,2,27,20,4,43,56,60,10,61,19,45,39,23,47,54
38,18,26,28,58,4,39,1,42,53,19,52,63,57,62,44,10,5,30,17,59,32,56,7,29,50,47,3,48,13,0,31,54,8,15,2,34,45,43,61,51,11,22,27,25,46,55,35,41,6,9,33,14,37,23,36,24,21,12,60,20,49,40,16
37,22,42,51,33,14,3,24,27,46,12,2,40,52,17,15,59,53,25,13,0,63,23,1,60,47,6,7,48,56,26,49,38,39,54,36,8,44,20,45,4,29,16,62,41,10,11,19,28,34,18,9,32,35,31,43,55,30,57,61,5,50,21,58
63,43,24,28,10,18,31,35,58,36,61,34,54,13,55,5,59,33,42,11,9,16,56,53,47,40,62,49,57,37,30,20,23,39,60,2,15,12,41,25,50,4,22,46,27,6,0,21,26,44,8,29,19,3,14,52,32,38,48,7,51,17,45,1
8,58,55,46,36,40,15,37,52,61,60,47,11,7,63,56,18,9,39,25,57,44,35,32,42,23,4,26,1,3,24,51,59,38,54,10,43,5,14,41,50,20,22,21,27,17,0,48,33,29,49,19,34,13,30,53,45,6,2,16,31,62,28,12
44,26,8,46,27,3,2,31,23,38,4,14,24,48,1,6,37,7,54,60,51,45,20,62,12,58,11,28,49,21,53,19,34,5,17,55,36,29,33,57,18,30,39,32,41,61,63,22,0,43,42,16,13,25,40,52,47,10,9,35,50,59,56,15
14,25,56,48,42,55,62,52,11,0,17,34,28,2,57,45,47,33,8,29,13,7,51,53,60,21,31,18,4,20,5,43,22,61,15,1,50,12,10,63,40,46,54,38,6,24,19,16,59,9,49,23,32,26,44,39,35,3,36,27,41,30,37,58
61,5,44,35,13,31,11,33,40,8,39,30,12,38,62,43,63,32,58,21,18,54,60,24,42,51,3,25,14,29,10,46,15,17,53,55,49,6,52,1,57,16,41,23,48,19,56,36,26,27,37,20,59,50,45,22,47,0,9,7,28,4,34,2
48,41,51,53,39,2,24,34,30,35,37,16,63,43,31,32,36,27,26,58,57,52,6,22,13,29,56,17,23,15,11,1,59,42,8,21,61,44,7,28,50,55,5,20,14,38,49,19,3,33,40,46,0,12,25,62,54,9,18,10,4,60,47,45
63,62,34,43,25,48,10,32,16,27,40,37,21,13,50,1,23,7,29,20,18,31,61,56,45,24,42,44,51,28,19,17,3,11,9,22,49,57,15,39,4,38,52,47,0,8,2,12,6,33,53,54,59,5,26,36,60,55,41,30,14,35,58,46
46,32,40,42,33,55,43,14,1,15,62,60,58,25,56,45,57,38,29,4,3,2,22,53,37,19,35,9,20,49,23,7,11,59,0,47,5,48,41,26,44,24,18,21,13,31,51,34,63,17,50,54,61,12,8,27,39,6,10,28,52,16,36,30
49,54,28,61,10,33,3,11,29,46,14,39,4,55,37,58,44,25,8,41,26,36,40,32,60,35,56,45,22,2,27,13,0,18,5,12,53,20,48,47,1,42,38,57,6,62,31,21,59,30,16,15,7,63,19,34,52,51,9,43,17,23,50,24
10,25,22,9,62,46,40,15,35,50,55,26,61,24,31,13,20,56,60,11,54,32,7,52,44,57,43,36,49,27,8,33,19,18,47,39,17,12,30,3,1,16,28,42,58,48,45,14,4,29,51,0,2,38,41,37,59,53,23,63,21,5,34,6
43,39,11,56,5,24,29,52,2,19,10,49,38,58,48,44,3,17,9,28,35,15,30,16,7,23,63,54,40,25,55,33,59,14,0,21,8,37,20,13,6,45,32,51,31,27,12,57,60,42,22,53,1,18,34,41,26,47,46,62,4,50,36,61
8,53,44,31,15,48,18,34,52,56,54,51,19,30,21,11,63,16,7,22,32,57,50,4,23,28,6,27,45,61,37,35,1,33,14,0,24,38,40,49,59,2,17,5,20,12,47,39,43,13,41,36,42,60,3,9,10,25,26,58,62,46,55,29
53,36,55,9,41,54,3,13,18,59,21,25,46,49,15,31,52,2,56,37,32,12,26,29,8,42,0,7,6,44,48,28,14,17,10,19,39,1,61,11,35,33,20,27,22,34,24,47,51,62,50,58,30,38,16,5,40,4,63,23,43,45,57,60
36,58,35,11,26,25,18,55,4,16,37,0,54,17,1,47,5,30,63,38,29,6,61,23,56,9,33,45,14,7,10,2,48,50,13,40,8,24,21,41,53,46,49,32,12,39,3,60,59,22,27,44,52,19,62,31,57,15,28,43,51,20,42,34
26,19,13,36,27,44,23,55,61,21,52,38,40,43,3,0,15,18,51,37,31,6,62,48,42,10,12,45,4,49,16,14,9,25,54,41,60,22,63,32,58,53,11,39,59,34,30,1,7,5,2,8,47,20,57,24,33,35,28,29,50,46,17,56
49,16,3,40,42,59,13,57,11,28,5,46,53,58,0,37,18,51,7,22,41,32,23,19,1,2,62,24,20,56,30,45,9,52,38,8,60,50,4,21,63,27,39,29,34,48,44,10,33,12,61,47,17,6,14,15,26,36,35,25,54,31,43,55
1,60,16,45,19,23,52,12,3,58,11,62,14,59,2,31,43,26,48,44,36,56,24,61,0,53,39,17,35,63,29,4,18,55,28,51,8,15,32,40,38,33,42,7,13,21,37,30,22,10,20,34,47,25,6,49,54,50,9,46,27,57,5,41
51,21,18,31,26,3,14,48,4,19,1,53,61,6,46,0,2,17,40,32,45,16,20,35,63,38,34,7,15,9,11,39,42,13,8,44,24,28,12,30,23,47,62,37,5,27,29,55,22,41,43,25,59,33,54,56,49,36,60,10,50,57,52,58
50,13,54,11,2,57,53,24,48,3,29,32,36,23,4,26,14,46,16,37,5,8,63,19,6,20,47,30,60,1,38,12,28,62,55,39,15,18,10,58,27,21,31,0,35,49,9,56,41,22,40,34,43,44,17,52,33,61,7,42,59,25,45,51
10,16,29,14,18,57,22,9,47,56,58,61,42,17,43,41,20,31,24,23,48,2,45,21,51,5,0,19,28,59,11,30,60,6,26,46,37,1,50,13,54,32,36,8,62,52,40,27,63,33,4,15,7,55,12,34,35,25,44,53,49,38,39,3
31,59,21,36,34,18,49,39,0,22,41,57,10,55,11,3,2,35,30,46,33,61,23,26,28,4,53,51,50,48,45,13,12,8,43,47,1,7,42,24,38,27,5,17,63,60,20,52,32,29,6,16,37,14,62,56,58,25,15,40,9,54,44,19
32,44,35,29,38,34,19,36,47,11,30,1,13,4,14,15,60,40,0,20,24,56,61,31,50,46,37,6,7,9,49,59,43,54,39,62,2,42,18,55,52,16,25,21,48,12,41,58,8,33,23,45,51,63,10,57,17,3,22,28,53,27,26,5
59,39,48,15,5,19,38,63,4,29,13,61,62,56,21,3,41,58,52,31,25,9,34,47,32,35,28,44,18,53,45,17,50,51,37,24,54,30,7,11,49,2,16,20,1,42,46,10,27,12,57,6,23,0,55,33,60,22,40,26,36,43,14,8
12,11,24,63,14,45,46,26,3,57,38,21,49,53,30,37,27,18,9,48,43,20,19,44,50,35,8,0,17,7,34,25,2,41,22,47,54,28,42,5,33,55,23,52,13,51,6,29,15,39,58,59,4,61,16,40,1,56,32,31,60,10,62,36
51,26,41,57,6,44,42,14,18,56,34,53,4,31,17,13,52,10,48,16,11,8,12,0,30,24,62,35,3,55,59,60,43,49,28,40,45,15,19,5,1,58,7,46,23,37,9,27,29,32,36,47,25,20,22,2,63,39,21,50,38,33,61,54
41,20,29,9,22,55,18,36,39,24,33,42,32,1,47,61,3,2,31,12,60,11,21,49,59,54,0,48,17,15,30,7,14,58,23,50,43,52,28,34,51,27,10,38,53,44,8,26,25,4,16,45,37,57,46,63,62,6,56,35,40,13,5,19
24,19,8,61,54,14,35,51,9,57,49,0,26,12,5,17,63,32,43,28,2,4,13,16,20,44,25,41,52,34,46,47,53,48,7,6,62,1,56,3,55,18,38,36,60,42,39,45,23,11,37,33,40,27,10,22,21,15,58,59,29,50,31,30
38,57,60,45,35,27,9,59,62,40,41,3,6,31,12,43,63,14,28,30,0,24,8,44,47,56,32,7,37,21,2,11,58,33,4,10,36,46,53,48,61,29,42,15,23,13,50,19,25,51,22,26,54,16,1,49,52,39,20,5,17,34,55,18
36,61,63,41,3,49,30,25,4,58,59,6,48,53,12,50,0,10,42,27,57,35,14,56,11,54,1,44,62,45,47,21,32,15,43,34,18,19,2,60,13,46,29,55,31,16,22,28,20,7,8,26,5,52,37,39,24,33,9,23,17,40,38,51
22,44,12,15,32,36,7,0,61,63,47,62,54,51,46,58,16,18,35,55,34,29,39,33,20,43,48,57,42,5,8,13,1,31,50,37,4,19,53,30,6,10,28,41,2,26,38,59,49,52,11,3,23,56,24,45,27,17,25,9,40,14,21,60
21,42,29,11,57,19,50,54,7,0,60,59,46,62,43,30,52,14,5,16,33,24,38,17,56,45,36,35,44,26,2,9,20,40,51,48,10,25,1,49,27,3,34,4,58,41,39,47,61,28,32,31,63,6,22,13,53,12,55,37,23,8,18,15
63,18,20,61,35,19,47,40,57,32,58,36,8,12,17,46,11,30,52,56,44,33,37,38,26,24,39,2,16,55,22,34,48,25,29,49,28,6,9,10,53,60,15,27,62,31,21,0,7,3,41,54,13,42,51,4,14,5,43,1,23,59,50,45
16,21,49,26,30,53,3,14,9,52,4,29,37,55,7,34,56,50,1,58,62,39,47,51,0,36,42,63,61,24,12,6,28,32,40,10,18,54,25,33,22,38,19,2,13,43,8,48,60,5,31,35,45,41,20,17,27,15,46,59,23,44,57,11
50,43,37,10,5,51,44,56,21,27,45,49,62,6,18,38,1,19,30,47,41,25,0,24,14,57,46,28,17,36,42,40,55,22,33,11,52,4,48,9,12,60,32,34,2,20,59,35,7,23,39,26,61,29,13,63,16,54,31,3,58,8,15,53
27,33,12,7,34,47,50,19,36,54,14,44,46,55,39,9,41,24,59,16,45,42,56,11,30,26,10,1,52,43,8,13,61,6,28,31,48,0,53,22,51,18,63,15,23,37,4,20,60,21,38,5,32,3,40,35,17,57,58,49,29,25,2,62
40,58,47,60,14,13,63,5,37,7,39,9,41,2,12,3,51,49,10,53,62,11,4,8,33,17,44,43,61,30,28,42,59,38,19,18,15,46,34,45,22,1,36,6,48,23,31,0,21,55,29,25,57,26,35,54,24,27,32,52,16,20,50,56
56,28,42,36,16,45,37,9,31,54,32,30,48,8,59,61,23,17,25,7,18,52,21,57,49,3,44,11,46,14,43,24,34,51,50,22,58,63,5,47,12,2,0,13,27,10,15,62,29,60,40,26,19,1,20,39,35,41,6,55,38,53,33,4
17,18,3,51,14,20,9,22,43,59,50,1,33,41,34,61,54,47,12,30,6,8,44,16,62,2,49,11,37,58,40,26,55,27,0,56,15,42,31,46,28,32,19,45,57,38,10,25,7,21,29,48,35,53,36,5,13,24,60,63,52,23,39,4
0,40,58,51,35,32,17,44,31,9,18,60,15,7,49,38,52,19,28,48,59,23,4,43,16,27,22,56,62,29,46,41,3,30,5,53,47,61,45,12,6,54,25,10,26,37,63,8,36,13,57,42,39,21,20,1,14,55,34,50,11,2,24,33
59,28,30,58,20,27,4,2,7,24,34,1,11,52,6,63,0,18,19,42,56,25,41,13,45,55,38,44,3,15,39,36,48,57,32,51,10,33,43,22,14,60,46,29,54,37,62,9,50,53,49,21,35,26,17,31,47,5,61,16,40,23,8,12
5,9,22,6,2,32,43,47,8,30,49,62,13,37,57,4,35,28,16,56,42,55,60,3,53,52,31,21,40,24,12,54,19,51,41,1,39,23,34,25,10,17,7,27,26,48,46,59,45,29,18,20,33,11,58,15,36,63,38,44,50,0,14,61
48,44,43,58,12,22,46,42,1,27,61,63,41,4,49,37,19,18,59,56,55,26,36,9,53,11,2,29,57,13,14,51,32,28,33,40,16,23,52,31,24,39,3,10,60,15,54,5,50,38,21,7,45,25,17,30,35,34,20,47,8,6,62,0
61,21,57,37,36,48,14,52,62,7,58,4,15,25,41,19,42,47,13,46,53,43,8,30,51,29,11,12,35,2,56,26,40,9,1,28,45,10,54,18,6,59,55,23,50,33,27,16,49,20,17,34,24,32,60,38,5,0,39,63,31,22,3,44
19,22,51,13,20,1,47,39,34,40,10,33,2,5,9,28,21,41,15,0,23,58,53,57,25,24,45,52,3,61,43,42,30,16,36,50,12,54,8,60,7,44,55,27,18,6,35,56,17,59,37,29,63,14,48,26,49,31,11,32,38,4,46,62
4,45,3,1,32,58,10,25,12,11,49,18,52,43,20,7,50,63,23,44,53,29,60,62,56,30,46,27,33,26,61,28,59,35,37,15,57,34,21,16,8,36,2,47,9,0,6,51,54,41,38,55,39,24,13,19,31,42,5,17,40,48,22,14
54,13,17,24,35,60,61,15,0,31,36,6,39,43,32,45,3,59,46,62,33,51,41,47,58,4,44,30,1,49,5,56,48,14,19,63,52,40,38,34,42,22,7,16,27,9,11,8,21,23,53,25,37,26,50,20,18,10,29,28,2,12,55,57
53,14,10,43,12,31,16,22,18,60,32,0,44,50,62,21,35,2,56,42,61,8,47,19,49,17,38,15,30,13,54,4,63,57,40,36,26,41,51,6,5,3,23,24,20,55,33,7,29,11,58,9,25,46,34,1,39,37,27,45,48,52,28,59
54,0,12,40,56,37,42,21,61,35,38,13,50,8,17,45,28,2,58,11,14,55,33,15,47,46,19,31,23,9,39,16,59,20,3,32,60,36,57,44,7,43,6,29,24,25,51,4,27,5,41,30,10,49,26,63,1,62,22,53,34,18,48,52
30,8,40,48,51,63,21,15,53,59,56,44,0,11,24,47,32,10,17,33,36,18,14,27,3,16,60,49,46,55,58,20,31,7,41,57,28,38,6,37,1,2,9,29,62,19,39,43,61,54,23,12,34,5,45,22,25,52,4,13,26,35,50,42
62,23,22,12,63,40,25,55,58,13,1,27,49,2,52,38,0,24,26,44,37,54,61,53,42,57,50,60,20,15,21,29,5,39,33,18,14,35,8,56,32,43,16,17,51,36,6,11,34,59,28,4,3,41,30,19,7,48,9,45,47,31,46,10
58,51,34,25,35,13,28,31,0,54,53,49,5,6,32,26,22,63,46,38,24,44,9,3,41,60,47,8,7,1,19,10,52,50,37,40,62,15,43,14,16,23,30,2,18,36,56,42,55,20,17,27,57,4,45,61,59,48,11,12,29,33,21,39
21,43,52,22,27,61,40,16,0,57,4,5,2,42,44,6,47,39,46,33,14,56,41,62,8,60,37,17,7,24,38,1,9,45,55,54,28,15,11,35,51,48,20,29,23,18,10,13,30,36,26,58,25,32,59,53,49,19,31,3,50,34,12,63
59,45,3,61,31,15,53,5,27,22,36,42,23,19,47,8,2,7,10,12,34,39,11,57,38,6,24,55,9,58,13,62,44,52,0,43,25,56,54,26,46,14,41,60,51,20,40,50,1,49,29,48,16,17,35,28,21,33,30,63,18,37,4,32
4,53,44,12,45,24,3,62,14,21,50,49,33,34,5,31,51,9,8,52,27,36,63,59,11,2,13,17,15,61,6,23,20,41,7,46,38,1,35,42,58,26,10,25,54,48,28,60,0,19,30,18,43,37,29,16,40,47,55,39,56,57,32,22
51,29,38,46,33,58,61,31,19,2,48,16,30,52,11,10,15,21,53,32,44,35,25,40,8,20,17,36,18,9,45,22,5,4,12,13,0,3,1,14,24,28,60,47,49,7,55,6,23,27,42,34,54,43,63,41,62,57,37,50,39,59,26,56
37,53,12,61,28,25,51,17,52,31,54,32,49,19,24,46,6,40,3,30,48,2,57,38,59,22,62,27,47,20,16,4,15,44,9,11,0,10,33,56,42,60,23,5,21,55,39,7,14,45,1,18,34,8,58,26,41,43,35,50,13,36,63,29
30,54,38,21,4,17,36,47,5,19,25,34,12,22,48,61,24,45,52,63,43,59,39,16,44,37,14,7,15,62,10,49,56,41,26,23,13,31,18,51,28,58,40,0,9,8,6,33,50,35,57,20,11,46,60,32,27,53,2,1,3,42,29,55
39,22,1,25,16,46,36,32,31,58,29,37,40,42,61,8,0,4,44,9,38,33,19,5,57,47,15,45,53,12,21,11,48,14,28,43,26,3,51,10,63,20,41,6,17,7,35,56,18,49,24,52,55,50,59,13,2,60,27,54,62,34,30,23
59,57,27,15,48,30,56,19,23,58,47,18,45,39,63,52,42,22,41,12,17,13,4,43,2,31,54,1,35,53,7,10,55,61,24,51,38,5,37,21,34,20,36,29,62,14,16,49,0,25,26,50,9,46,6,32,44,11,40,3,28,60,33,8
7,22,30,15,39,10,52,49,60,23,61,43,48,32,12,59,16,27,46,28,42,62,36,45,9,26,33,56,38,44,14,47,58,53,29,20,55,13,57,18,19,6,8,50,5,51,54,11,34,17,21,63,1,3,0,35,24,2,25,40,41,37,4,31
38,21,57,28,44,19,42,27,35,13,20,9,22,54,61,43,6,53,1,45,46,58,52,29,33,59,49,48,16,18,60,30,55,0,62,41,31,14,24,8,4,3,36,26,17,40,2,39,25,47,11,5,15,10,32,34,56,23,7,63,37,50,12,51
39,33,4,55,31,48,21,38,57,22,0,63,56,51,50,26,52,11,17,42,16,1,47,12,54,8,34,45,9,24,36,10,58,30,18,7,27,29,35,28,15,13,32,14,59,6,46,5,62,2,61,41,25,53,43,60,44,23,19,49,3,40,37,20
46,3,27,20,58,23,33,55,37,41,34,8,28,35,6,44,45,48,32,26,29,42,2,56,10,25,52,16,60,14,47,15,0,62,1,59,38,18,11,43,17,31,21,4,57,63,51,22,36,50,9,40,39,19,24,12,13,30,54,53,61,5,7,49
23,36,19,42,11,25,20,57,59,24,9,26,50,8,54,12,38,21,17,49,2,13,18,5,40,62,4,46,61,52,55,60,58,29,35,34,48,43,14,31,33,10,41,39,51,16,63,3,37,53,44,22,47,27,45,32,56,7,1,15,30,6,0,28
12,30,7,9,58,55,35,50,27,42,22,14,15,13,19,56,25,43,23,32,36,63,41,46,52,49,61,34,54,38,59,28,10,26,62,16,3,11,17,2,53,47,57,60,44,37,1,39,45,24,4,20,29,6,8,51,31,48,33,5,21,18,0,40
54,60,52,23,36,25,18,56,50,59,19,15,8,6,42,13,14,20,31,49,34,16,27,53,21,24,4,48,0,9,26,39,33,45,1,38,58,30,57,43,29,32,44,17,10,7,55,5,47,63,2,62,35,41,46,61,3,12,28,22,40,11,51,37
55,10,43,28,9,38,36,24,56,47,26,13,60,39,4,57,35,41,23,17,25,5,2,27,0,50,62,44,22,7,32,63,16,18,53,37,42,52,49,31,48,46,21,59,30,8,3,34,58,45,54,14,12,51,1,6,33,61,19,29,40,20,15,11
56,30,47,29,11,31,24,18,12,38,61,59,44,60,16,14,13,43,55,41,45,49,26,17,32,21,48,33,4,36,6,7,1,15,62,0,50,19,46,53,22,54,5,3,40,9,42,35,37,34,57,52,8,58,51,25,23,27,2,39,20,10,63,28
16,29,18,45,10,59,25,7,12,42,3,39,31,17,38,51,28,60,20,43,15,4,21,53,61,19,0,32,14,63,1,62,33,27,13,40,58,52,30,48,56,6,34,49,26,46,41,35,11,55,37,22,9,44,50,8,36,47,24,57,23,5,2,54
52,45,16,25,28,56,31,20,59,53,6,35,4,10,40,57,33,21,38,44,51,32,42,12,48,63,5,18,34,0,26,13,2,49,22,37,61,43,50,24,11,60,39,58,15,19,29,7,14,55,30,8,23,54,17,36,41,9,3,47,62,1,46,27
2,27,61,54,10,28,23,45,38,33,35,11,42,7,21,5,32,43,41,18,49,36,20,16,59,57,22,24,60,12,55,44,52,39,58,8,47,46,30,13,56,62,19,17,53,63,26,29,40,50,9,3,4,0,37,25,34,15,31,14,6,1,48,51
27,31,24,47,1,53,34,35,18,37,33,60,12,49,39,51,21,52,13,58,38,61,4,8,44,63,0,15,17,25,54,55,9,62,16,3,45,14,32,59,46,6,50,10,7,2,20,56,28,23,57,41,36,48,22,43,11,29,30,26,5,40,19,42
49,0,38,16,54,31,20,10,48,8,9,29,35,3,4,32,50,15,24,7,60,51,28,57,39,37,5,2,43,45,6,13,58,52,17,33,53,61,36,30,18,14,42,44,11,41,56,63,62,22,26,55,25,12,59,23,21,27,1,40,47,19,34,46
37,35,47,45,60,6,20,40,29,23,11,63,8,53,21,54,31,62,22,34,10,3,24,26,42,57,32,55,56,52,5,49,7,41,44,9,19,58,30,48,1,59,28,13,50,12,61,17,25,15,36,14,43,46,2,0,4,27,38,16,33,18,51,39
53,12,14,63,5,42,28,54,17,7,35,37,4,24,19,47,18,40,33,20,8,55,27,2,21,22,25,59,9,3,51,57,61,49,38,56,48,10,34,6,41,58,62,44,52,60,45,1,31,13,30,16,0,23,15,39,36,32,29,46,11,26,43,50
36,26,11,46,24,45,29,14,47,40,3,9,41,5,0,55,62,21,10,2,56,57,22,38,33,27,61,28,44,25,51,50,18,19,42,43,23,58,34,13,37,30,12,7,53,32,17,49,35,16,1,20,15,31,8,39,63,60,59,54,48,52,4,6
50,12,49,30,37,11,61,24,36,28,34,62,63,45,26,21,8,57,22,16,18,19,3,29,43,38,44,27,51,25,10,48,4,2,14,9,40,7,58,6,31,15,13,5,23,32,41,53,56,39,0,54,1,35,46,42,60,17,20,52,59,33,47,55
39,40,24,11,51,37,14,50,61,42,23,29,57,60,20,13,17,56,43,18,48,44,54,16,7,12,49,19,38,4,52,5,45,1,35,8,33,62,34,22,10,55,26,6,32,15,47,41,0,58,59,36,63,9,46,3,27,25,21,28,53,31,2,30
51,6,14,60,59,47,57,38,58,36,55,27,13,54,52,61,29,18,42,37,12,30,1,22,45,28,4,25,63,16,50,44,11,5,62,46,7,41,43,35,31,48,9,33,24,34,56,40,21,3,15,49,0,8,23,10,53,32,19,17,2,39,20,26
19,3,61,12,35,43,56,5,51,41,40,14,45,57,1,28,25,10,31,39,30,17,22,0,8,20,24,9,48,32,42,38,50,26,60,62,7,18,21,59,37,46,15,16,44,27,47,49,63,4,53,2,33,6,13,52,54,23,55,11,29,58,34,36
13,43,44,10,52,4,59,2,31,14,49,41,60,45,28,32,63,12,7,20,11,18,1,54,57,17,39,48,56,33,24,0,23,6,51,55,42,35,40,25,19,27,38,47,9,29,21,34,62,22,61,58,3,36,46,15,37,53,30,16,8,50,5,26
14,3,28,25,23,38,20,5,46,9,55,39,60,0,53,57,10,17,19,24,33,34,42,32,36,12,1,22,26,21,35,30,31,49,29,50,52,54,4,8,48,47,11,40,62,37,44,56,15,16,41,61,2,58,27,63,59,13,51,18,6,45,7,43
12,29,36,45,18,55,56,44,27,57,23,52,3,49,60,46,63,40,30,32,31,16,15,4,6,22,42,62,8,50,11,20,19,25,54,41,24,0,37,35,43,38,2,1,14,26,5,48,7,33,53,58,21,13,34,47,59,17,9,39,51,28,10,61
2,44,28,50,51,47,54,9,37,57,15,60,27,62,33,8,63,29,55,6,45,26,24,53,32,17,0,31,22,43,40,20,61,56,59,12,5,7,23,14,36,30,48,41,16,18,10,42,52,3,4,11,46,49,21,39,34,58,35,13,19,38,1,25
34,19,40,50,11,7,55,28,41,53,6,60,42,45,8,3,21,48,22,4,27,5,32,47,20,13,25,61,23,54,62,0,2,17,56,16,9,49,58,36,29,39,18,52,57,46,63,43,59,30,31,37,38,12,51,1,44,10,14,35,26,15,24,33
41,47,49,3,13,23,1,20,25,18,10,5,7,55,56,16,59,37,21,29,11,19,45,57,12,34,17,53,14,28,9,32,62,39,61,27,43,38,60,31,51,33,44,46,35,22,48,0,36,8,54,42,63,2,40,15,52,58,6,26,30,4,50,24
9,26,30,25,62,55,24,3,2,14,23,18,34,56,20,10,59,52,28,37,12,39,58,13,32,44,53,35,21,47,5,31,60,0,40,11,8,4,15,45,22,36,16,48,49,29,63,27,17,46,57,6,7,1,41,43,38,61,50,33,42,19,51,54
29,36,30,15,6,19,20,46,25,31,34,57,28,22,54,14,33,40,23,37,48,24,56,61,3,39,27,8,38,50,58,63,47,21,49,52,4,60,1,12,0,55,18,51,41,5,11,16,17,59,35,43,7,26,62,44,9,32,53,2,45,10,42,13
28,26,22,45,41,30,18,32,8,12,31,10,23,48,53,52,27,49,20,35,40,50,39,5,1,17,6,61,34,60,14,29,0,55,54,43,46,36,37,25,59,33,24,21,16,62,63,56,15,7,11,47,42,38,44,51,9,58,13,57,3,19,4,2
22,9,11,57,39,27,38,28,19,37,8,30,36,15,45,53,62,2,3,42,63,32,59,5,52,6,48,50,54,14,13,20,44,10,58,29,17,56,16,49,7,26,33,35,24,40,4,43,18,23,41,47,34,1,12,46,0,60,55,21,25,61,31,51
50,37,25,41,63,62,28,44,34,15,0,32,22,45,12,18,51,53,24,9,36,57,30,7,46,19,1,58,4,17,21,35,31,5,27,38,40,49,56,26,61,43,13,11,33,52,60,42,59,8,55,14,39,6,48,16,20,23,47,54,29,10,3,2
19,48,39,50,38,27,56,46,13,52,15,43,26,25,6,44,4,30,10,47,33,55,24,45,2,14,54,31,63,62,23,21,7,29,53,8,40,61,34,49,22,42,58,60,36,32,57,18,59,41,9,51,5,28,11,12,16,20,0,1,37,3,35,17
8,0,13,27,63,44,19,50,47,32,31,3,11,60,52,9,54,40,5,43,6,61,7,22,58,1,62,55,17,45,14,33,36,15,57,37,41,34,20,18,23,29,53,46,30,21,48,12,28,25,2,16,10,56,4,35,59,42,26,24,39,51,38,49
41,19,27,32,62,7,22,57,45,61,0,25,3,14,28,23,2,56,39,36,8,43,46,42,30,60,17,49,9,6,26,59,16,1,50,20,21,13,51,37,34,4,31,33,12,44,5,11,55,40,48,54,58,29,63,47,35,10,52,15,53,18,24,38
52,0,2,46,13,29,7,27,40,8,36,49,59,63,33,61,5,20,37,23,38,12,56,55,47,19,6,41,15,51,34,54,28,44,21,57,30,24,39,17,62,53,10,11,35,9,60,58,25,32,14,42,48,43,26,3,16,31,1,22,45,18,50,4
24,34,58,56,27,57,2,53,47,46,12,59,43,39,50,25,48,1,8,33,41,7,3,18,13,54,29,15,23,32,16,49,17,30,60,0,9,20,22,55,28,6,14,61,5,52,4,38,26,42,44,11,51,35,40,10,62,21,19,37,31,45,63,36
3,43,18,32,59,7,27,30,26,56,46,8,17,50,24,34,42,0,48,4,6,22,31,36,11,63,35,33,37,9,23,12,57,38,21,62,47,5,19,28,44,49,55,15,58,25,40,1,13,54,20,60,29,2,51,41,10,16,52,39,45,61,53,14
0,37,62,38,33,34,17,44,21,27,41,18,26,14,47,23,16,25,50,5,40,32,12,2,3,30,28,45,61,22,56,8,7,39,58,57,20,48,31,63,49,13,55,24,51,59,19,54,1,10,43,46,60,9,35,36,29,53,15,52,4,42,6,11
24,49,55,38,46,51,29,7,10,36,3,48,58,47,26,59,42,6,34,11,52,53,41,54,14,50,61,57,2,30,32,63,39,45,22,28,44,35,37,9,0,25,18,31,8,17,40,60,62,33,20,4,1,56,27,5,43,15,21,16,19,23,13,12
61,1,51,50,36,48,56,57,5,23,22,11,28,24,20,4,43,37,52,31,3,34,15,17,25,63,46,14,54,62,0,53,45,21,12,18,8,59,35,6,32,49,42,26,41,38,19,58,9,10,40,55,47,27,16,60,33,30,29,7,44,39,13,2
32,36,53,8,62,22,52,21,25,17,51,47,6,49,41,43,10,61,57,19,40,63,28,4,50,39,56,35,30,14,20,45,18,55,44,13,31,7,27,60,26,12,23,54,48,37,0,29,46,34,15,42,1,24,3,33,5,11,16,9,58,59,38,2
48,8,55,39,29,4,0,15,37,61,34,51,23,63,56,14,53,24,25,6,58,18,60,1,50,12,45,16,38,44,30,41,10,35,22,26,13,59,31,2,54,36,9,5,40,17,46,20,57,49,52,21,3,62,33,11,47,42,27,19,7,32,28,43
58,6,28,21,24,39,25,16,35,59,56,3,33,4,46,12,19,54,37,27,11,50,2,10,60,0,57,26,30,61,15,13,43,22,63,45,38,51,52,7,14,40,36,48,62,18,20,34,55,32,42,29,5,53,8,49,47,9,44,31,23,1,41,17
16,24,9,26,11,42,27,23,15,5,62,13,54,44,57,29,3,60,59,7,63,12,39,51,31,0,50,22,17,45,34,36,4,48,19,33,6,35,52,21,20,41,43,40,8,10,37,30,55,2,14,61,46,49,1,18,53,58,56,25,38,47,32,28
55,54,0,2,35,17,56,9,1,12,46,26,16,51,48,27,37,33,11,23,4,59,15,3,24,44,61,60,6,32,30,58,40,5,39,34,22,10,20,31,7,36,25,53,50,49,41,19,43,18,47,28,38,21,13,8,52,45,42,29,14,57,63,62
9,48,37,1,49,2,23,62,13,56,39,63,42,10,45,46,47,34,60,21,17,7,27,18,25,32,36,50,53,22,12,51,5,29,15,61,35,24,19,33,20,44,28,55,30,43,3,8,4,31,58,57,40,38,0,6,54,14,11,52,59,16,41,26
35,21,60,49,47,32,29,8,25,26,33,38,23,27,59,22,62,54,31,63,19,30,11,48,13,15,43,10,24,53,46,9,6,28,40,55,37,41,20,39,18,7,45,34,4,2,0,61,42,50,5,3,56,57,58,16,36,1,14,17,51,52,12,44
14,33,3,26,59,23,1,27,9,10,52,29,39,38,20,28,2,56,49,21,8,51,5,58,60,46,37,11,18,34,41,12,32,35,24,6,31,17,13,48,42,54,61,57,50,0,62,63,40,44,47,4,16,55,45,30,22,19,36,15,43,53,25,7
37,6,21,47,19,61,28,31,46,41,32,39,7,38,27,43,49,3,26,44,24,62,63,10,33,4,13,45,17,30,23,60,25,15,52,1,29,5,20,36,58,48,12,9,14,0,54,53,57,18,2,50,34,55,11,51,40,42,35,8,22,16,59,56
47,0,60,35,4,57,56,54,2,6,5,43,9,1,61,58,40,62,25,51,32,34,41,24,16,52,18,29,15,50,23,44,13,33,39,46,49,55,36,22,48,42,28,37,31,12,45,19,10,8,17,3,53,63,27,26,59,11,38,21,14,20,30,7
1,11,62,13,12,25,41,31,34,2,22,8,47,46,36,40,45,44,52,16,4,50,0,35,29,5,58,38,32,18,43,17,9,7,20,49,23,48,6,28,56,10,54,63,3,19,55,37,14,24,51,53,39,33,30,26,60,21,61,27,15,59,57,42
11,18,40,41,45,2,58,7,33,20,22,46,21,49,39,51,47,5,56,8,43,29,31,13,25,28,38,54,37,23,6,57,30,60,63,16,4,3,48,62,61,50,0,52,24,59,44,55,15,53,9,42,36,27,12,35,34,32,14,10,1,17,26,19
22,24,2,39,19,55,47,56,18,54,42,7,40,3,51,36,33,37,34,13,8,10,26,0,38,17,63,5,53,60,44,57,4,9,61,25,62,21,27,11,12,29,35,28,41,46,20,15,43,31,23,45,32,52,16,6,49,48,58,59,30,14,1,50
51,27,32,25,47,44,1,56,20,53,40,48,41,2,52,42,15,13,7,4,14,21,63,34,8,37,10,26,31,23,57,45,30,59,22,54,24,46,18,55,62,36,0,9,43,16,11,6,29,50,3,5,60,33,39,35,49,19,17,12,28,61,38,58
20,10,6,59,36,27,58,60,47,57,45,61,49,0,48,42,44,26,15,32,7,50,23,8,22,24,1,33,19,9,12,2,4,39,53,13,21,34,14,46,38,29,18,31,5,54,51,11,41,43,30,3,55,52,17,62,63,25,16,56,35,37,40,28
38,1,18,17,29,27,0,60,30,37,11,61,51,46,44,15,48,22,24,43,34,9,5,2,47,62,42,49,50,13,39,63,3,59,19,10,6,32,8,53,52,40,31,16,4,26,36,33,20,21,54,45,7,28,14,41,55,23,25,57,35,12,58,56
57,32,7,51,21,60,38,30,9,14,28,23,40,47,41,39,31,19,37,56,53,3,49,35,10,26,55,48,4,27,43,29,17,63,46,1,11,8,52,50,62,54,42,59,36,58,6,12,20,5,18,15,25,22,13,45,0,24,16,34,61,33,2,44
28,30,31,53,39,18,56,13,10,3,8,46,41,33,9,44,29,5,7,43,40,37,12,55,34,42,38,4,17,35,60,59,45,25,58,57,50,49,22,47,20,51,54,63,52,61,36,62,6,19,16,21,2,14,48,11,32,1,23,27,26,24,0,15
59,16,53,19,23,57,41,45,47,42,38,35,26,24,6,9,58,11,1,51,48,0,36,30,17,33,12,61,32,55,10,43,4,14,56,5,13,52,50,44,37,25,40,49,3,2,21,7,22,54,27,34,18,8,15,29,62,31,63,39,20,28,46,60
30,60,3,35,40,63,36,9,48,62,43,26,7,33,49,55,22,41,45,47,24,1,44,31,23,2,12,53,32,0,34,42,59,57,38,19,51,29,52,28,54,39,16,18,17,13,8,25,58,5,11,15,46,37,10,4,21,6,61,27,56,50,20,14
42,40,37,5,38,49,35,43,61,53,7,18,10,30,56,21,16,34,19,47,15,12,27,26,60,11,59,13,58,39,23,0,29,20,45,4,63,1,55,8,28,9,33,32,31,54,62,25,51,24,48,6,2,50,14,52,17,41,36,57,44,46,22,3
50,24,45,30,12,28,53,40,31,51,7,60,36,29,4,23,3,43,63,58,41,13,56,33,14,10,17,25,54,55,15,11,42,26,2,6,57,61,59,32,39,52,16,47,44,0,20,46,27,35,22,38,19,48,49,37,34,21,18,5,1,9,62,8
35,1,48,41,28,12,8,30,49,60,4,18,54,21,0,42,55,53,11,59,57,29,47,45,25,22,5,38,34,26,39,36,61,20,23,40,3,10,31,9,13,43,33,62,27,44,56,63,15,19,46,7,16,2,58,51,32,14,52,24,17,6,37,50
60,55,9,56,32,63,36,24,15,53,23,35,47,59,19,5,8,48,17,14,37,52,50,43,28,1,62,11,26,38,45,27,13,18,22,20,30,2,25,40,12,51,61,31,58,39,7,54,44,10,6,42,0,21,3,16,29,33,46,57,4,34,49,41
0,62,56,26,17,48,22,60,8,5,31,23,16,10,54,34,39,13,47,30,12,2,38,58,33,19,57,52,43,51,53,21,40,15,28,25,37,4,24,50,29,55,35,42,46,1,27,32,61,63,3,41,6,59,7,9,20,49,11,14,45,36,18,44
1,45,31,3,50,60,34,51,44,0,9,59,32,24,7,57,5,40,53,25,13,37,14,61,23,12,62,19,20,29,26,56,30,11,47,36,27,48,42,15,8,16,41,38,49,54,21,35,39,46,6,58,43,63,52,33,18,55,4,2,17,28,10,22
4,24,7,50,6,37,63,3,61,22,56,57,53,59,39,42,60,54,28,15,43,29,13,38,32,55,30,17,21,35,26,8,62,16,0,44,48,14,36,20,12,27,11,23,31,34,47,46,49,5,9,10,18,58,40,45,51,25,19,2,52,41,1,33
53,46,26,30,2,1,39,51,59,33,52,27,22,54,49,18,44,17,48,13,6,35,31,43,5,9,50,12,32,10,60,61,40,42,37,45,63,29,23,41,62,15,38,8,34,28,57,3,25,36,11,56,16,14,21,24,55,47,7,20,4,58,0,19
32,50,15,35,27,0,38,59,54,11,7,31,41,9,13,26,12,34,44,30,22,25,17,20,8,37,49,46,55,58,42,16,45,40,39,1,52,62,57,21,61,23,56,4,18,6,28,14,10,53,43,51,47,19,33,24,60,48,29,36,5,2,63,3
50,42,44,61,35,37,25,12,15,28,20,49,3,51,39,62,29,56,16,23,22,43,5,26,30,11,8,32,57,45,46,47,38,1,53,7,19,60,4,40,54,14,48,24,27,9,2,55,0,52,6,36,17,63,10,21,34,13,18,31,41,58,59,33
61,37,17,44,7,43,35,28,9,55,16,63,24,26,1,34,32,0,15,23,12,2,48,27,25,54,47,3,31,20,42,45,39,59,29,40,58,49,5,22,52,13,6,36,8,21,14,53,56,33,57,19,51,41,62,60,11,46,50,30,4,38,10,18
6,25,62,61,27,63,38,34,0,51,35,15,32,30,18,52,45,16,57,33,17,8,7,56,31,54,4,9,29,58,37,11,59,12,60,23,21,1,42,13,26,43,48,41,14,36,44,20,2,53,55,46,39,49,40,28,3,10,47,50,24,5,22,19
55,26,29,41,27,10,17,18,35,43,32,12,20,57,31,47,48,39,40,51,22,34,45,2,42,7,24,37,1,52,25,46,44,60,15,30,54,13,8,61,36,62,3,11,5,53,33,23,9,21,50,6,49,58,28,63,56,14,19,4,16,38,0,59
22,61,25,54,9,4,13,34,17,2,7,11,32,50,15,44,19,62,58,1,27,36,52,46,51,24,5,59,45,43,63,40,37,57,53,38,10,12,33,55,60,56,14,30,48,0,29,41,3,42,39,21,31,6,16,8,26,20,18,35,49,23,28,47
22,38,19,44,31,17,60,24,59,51,14,62,2,53,16,49,4,50,47,39,63,21,36,61,11,1,20,30,18,29,8,6,13,12,37,7,3,41,35,23,33,43,34,27,46,45,26,48,5,32,9,15,58,40,10,25,52,54,42,56,28,57,0,55
32,11,12,41,15,42,24,21,53,62,9,52,57,51,43,7,61,6,18,3,31,49,63,17,34,23,20,35,13,28,30,47,56,46,27,1,54,37,10,0,5,36,2,39,58,16,14,50,38,19,29,33,40,26,25,59,8,60,48,22,45,4,44,55
62,17,63,30,39,29,4,47,14,2,54,7,25,33,34,45,12,42,15,28,31,23,18,13,26,49,53,10,52,36,43,0,57,61,46,59,19,5,50,58,6,3,56,20,16,41,8,22,48,51,40,21,11,37,35,60,32,55,1,27,24,9,38,44
1,33,42,57,22,48,3,2,5,31,38,36,10,30,34,46,29,9,62,60,52,12,59,25,11,16,27,13,41,49,0,17,63,44,26,53,8,58,40,15,43,39,37,19,51,61,47,35,14,56,20,21,18,6,32,23,28,4,50,24,54,55,45,7
16,6,9,63,22,48,37,52,59,26,12,35,44,46,2,1,4,61,32,36,3,19,5,50,47,54,17,15,14,62,58,53,31,11,49,45,39,25,57,29,60,8,41,10,23,7,33,0,24,18,13,43,21,38,55,42,20,30,56,40,51,28,34,27
62,18,32,49,55,9,54,22,4,43,15,0,45,51,21,13,11,6,35,31,27,41,57,50,40,5,25,56,38,46,39,63,33,1,28,52,19,59,47,14,17,16,12,2,10,20,34,48,3,26,30,60,7,29,8,24,53,23,44,61,37,42,36,58
37,7,27,49,6,28,39,50,61,9,1,10,20,44,36,15,53,11,5,34,63,31,57,33,22,13,12,29,25,30,45,54,26,17,2,47,55,18,52,35,48,14,23,60,16,21,56,40,43,59,4,19,42,41,51,0,24,3,46,32,38,8,62,58
55,32,26,8,4,63,14,15,29,9,13,54,49,40,34,43,18,21,1,11,35,37,39,24,38,60,47,36,57,20,48,23,27,30,10,62,17,19,51,31,5,53,12,6,56,25,7,22,59,50,45,33,0,16,2,42,58,52,46,28,41,3,44,61
45,39,25,60,1,12,15,8,16,58,10,26,6,54,59,35,19,34,5,3,32,48,7,22,37,46,21,53,50,47,36,0,2,52,20,24,18,40,44,30,4,57,23,55,13,11,9,62,51,41,33,61,17,49,56,27,42,28,31,43,63,38,29,14
6,29,1,49,36,9,43,32,62,21,54,30,41,27,15,23,56,55,40,50,26,8,47,37,7,39,17,28,16,59,0,34,20,11,57,2,42,58,46,10,53,22,12,61,38,44,18,35,5,31,3,19,33,63,13,4,24,51,14,52,48,60,25,45
47,29,21,6,38,58,36,57,44,0,22,7,25,48,32,12,50,59,34,28,63,3,33,55,45,39,13,46,27,42,40,61,30,19,2,26,10,60,51,41,49,37,11,17,4,8,56,9,14,24,15,54,20,23,16,62,5,31,52,53,1,35,18,43
18,50,4,3,23,1,22,10,15,11,43,0,40,53,31,35,49,19,57,5,17,29,13,59,38,47,42,21,24,20,52,62,46,34,28,2,33,9,51,37,54,61,63,56,25,55,16,58,45,30,7,6,14,27,26,39,44,36,60,8,48,41,32,12
44,47,22,32,10,63,29,28,54,3,35,49,56,37,39,42,5,9,41,23,0,52,2,53,31,57,14,25,17,12,50,8,60,55,46,43,38,6,18,40,20,27,30,36,21,61,16,19,51,34,1,24,26,62,15,4,33,13,58,48,45,59,7,11
45,2,49,55,48,16,0,34,43,10,21,26,7,24,40,37,38,13,56,62,42,15,53,60,32,51,36,4,12,27,14,6,30,18,41,44,22,31,3,28,9,1,29,23,17,46,50,63,11,25,52,20,5,47,19,8,35,54,61,39,57,33,58,59
22,62,52,11,56,9,38,0,58,36,35,15,13,26,60,34,10,45,23,37,30,41,2,27,42,57,16,18,46,54,63,20,12,5,39,32,48,14,33,29,25,51,24,1,50,55,17,40,3,6,8,61,28,59,53,49,43,21,4,19,47,44,31,7
19,35,27,16,36,33,32,23,54,43,53,39,56,30,29,21,45,0,11,15,62,41,8,48,3,7,40,58,46,52,13,9,12,49,59,31,6,5,37,18,63,4,44,24,10,50,2,38,47,42,55,17,57,51,1,61,34,25,26,14,60,20,28,22
21,36,49,42,58,61,2,32,8,46,3,23,48,57,22,5,0,19,55,31,45,1,54,37,34,43,10,6,39,30,25,14,41,40,4,56,62,12,60,15,52,7,53,50,26,24,18,44,47,63,29,33,13,35,16,17,20,59,28,51,38,27,11,9
30,25,26,41,13,12,11,21,44,16,31,6,2,38,15,36,19,35,0,18,37,4,40,33,9,27,20,54,39,5,45,60,50,14,47,61,32,56,29,46,62,1,42,59,48,24,8,49,3,51,58,10,52,28,34,53,23,57,17,22,55,7,63,43
31,1,62,52,56,46,2,20,63,28,61,34,50,14,38,23,39,40,35,5,33,60,8,9,30,22,51,24,4,37,47,58,41,36,55,53,54,6,43,10,11,49,16,7,0,17,32,59,26,19,57,42,15,13,45,21,48,3,12,27,44,29,18,25
39,1,20,29,52,23,47,13,43,16,7,42,8,30,0,54,28,24,19,58,62,48,17,18,9,3,56,21,50,26,31,38,15,14,32,10,22,46,53,40,35,45,51,55,33,59,44,60,37,4,34,25,12,27,49,5,2,36,63,57,61,6,41,11
1,48,44,41,31,30,53,11,42,2,3,60,9,54,28,49,32,51,43,33,58,29,17,56,0,10,50,62,15,40,61,14,63,55,22,12,20,36,18,39,25,24,5,8,21,59,34,4,45,23,35,57,27,6,19,26,13,46,38,7,52,16,47,37
48,50,5,34,6,33,59,56,35,1,54,17,25,21,11,42,47,55,10,53,63,2,24,41,61,22,28,27,7,36,20,15,31,60,18,37,29,49,3,46,58,13,14,52,62,19,4,12,26,16,32,38,51,39,8,0,45,44,9,30,43,40,23,57
60,55,19,61,37,25,14,30,24,48,35,42,21,33,51,38,29,7,57,1,49,28,0,20,10,32,39,16,23,4,15,5,62,18,13,2,43,45,53,46,58,26,3,27,40,59,8,44,6,36,56,47,52,31,17,11,50,34,63,41,9,54,12,22
24,9,3,14,15,63,31,13,18,57,34,22,60,40,44,49,21,23,51,43,45,41,2,62,20,42,32,33,54,25,37,8,5,46,55,58,29,1,26,38,50,16,47,30,0,28,19,59,11,17,10,36,61,56,6,53,48,7,27,4,35,39,52,12
59,16,7,60,29,36,20,22,11,41,44,26,15,5,47,57,63,3,62,13,4,17,33,53,40,1,31,21,58,61,30,2,14,35,12,25,42,0,6,56,49,55,51,32,24,52,27,23,45,9,48,43,10,28,19,34,8,37,54,46,18,38,50,39
36,6,33,50,37,57,52,29,42,32,4,10,61,62,8,46,39,15,60,58,54,44,21,40,35,5,38,14,45,3,59,11,56,24,16,49,22,47,34,23,55,0,2,25,26,28,31,7,17,13,53,9,30,20,1,48,18,43,63,41,12,51,27,19
4,11,7,30,22,35,15,24,25,58,18,57,17,41,46,39,23,53,37,61,49,45,0,52,16,56,21,1,8,48,5,54,13,27,20,50,38,28,14,6,63,26,60,42,32,29,19,55,33,9,12,51,2,3,44,40,47,36,43,10,62,34,59,31
2,42,57,19,50,60,20,30,38,1,0,26,13,14,6,46,62,59,4,11,7,25,44,16,12,21,51,31,37,24,27,47,18,54,63,15,35,28,3,8,29,53,17,40,22,56,45,61,48,52,33,23,39,49,32,55,34,5,10,9,41,58,36,43
51,57,48,6,31,41,14,58,25,38,0,36,20,2,27,4,22,40,37,52,53,50,54,5,13,16,24,60,17,43,19,29,26,55,18,34,10,39,12,3,11,23,59,7,30,32,33,8,1,35,21,15,49,28,63,9,62,46,47,42,61,56,44,45
5,35,7,15,43,22,14,41,51,27,4,57,24,25,2,34,48,58,40,46,1,37,3,61,6,62,36,44,56,33,50,16,11,49,12,32,0,8,53,13,26,42,18,38,55,20,19,47,29,39,17,63,23,54,59,28,31,10,52,60,45,21,9,30
47,12,37,44,55,10,4,58,45,2,13,9,27,31,54,59,28,49,25,21,39,51,7,40,29,6,52,16,61,53,14,35,50,43,41,46,60,24,36,23,0,30,8,38,32,34,20,18,3,33,62,1,17,22,63,42,48,11,56,26,5,57,19,15
27,38,50,23,17,44,20,12,5,34,1,13,56,35,15,42,32,49,55,60,28,25,36,40,39,21,58,53,26,14,33,10,22,3,54,52,47,62,41,31,16,0,45,29,37,8,4,59,19,61,7,57,63,18,11,6,9,46,30,48,24,2,51,43
10,39,27,28,61,19,7,5,37,15,59,13,44,38,14,43,4,26,0,22,18,40,41,52,50,20,11,57,21,24,3,60,32,30,17,42,2,55,31,63,25,47,35,33,58,34,49,9,45,12,54,56,48,16,53,36,6,29,46,51,1,62,23,8
47,0,17,5,23,35,53,26,39,4,15,61,48,10,57,54,24,8,52,6,32,25,44,1,2,31,41,55,63,36,14,11,42,9,28,56,62,51,3,12,21,46,45,40,49,43,18,22,34,16,19,58,60,59,30,27,38,13,50,33,37,29,20,7
53,2,6,55,19,35,62,8,21,49,30,40,43,14,46,38,0,1,45,27,25,60,10,4,16,22,63,26,28,51,52,57,15,20,18,34,39,7,24,41,37,31,48,59,12,9,42,47,17,32,13,61,44,54,11,56,36,3,23,33,58,29,5,50
32,21,57,19,9,0,42,26,10,52,29,17,40,48,20,41,23,31,49,55,15,47,22,34,12,59,18,14,1,8,46,3,36,50,56,39,2,25,28,53,45,33,35,7,5,37,38,27,51,11,62,16,54,43,4,60,24,61,44,6,30,13,63,58
9,21,10,50,46,3,32,58,34,62,31,1,59,7,12,55,28,52,56,4,53,43,5,26,16,48,60,47,6,17,24,41,2,11,54,15,0,63,27,18,36,49,29,14,42,45,35,39,57,61,38,30,44,51,13,8,25,33,37,23,40,22,20,19
55,29,6,45,62,39,42,7,31,61,48,51,36,63,32,24,22,40,44,35,16,21,46,11,15,41,56,12,52,33,28,9,1,25,18,34,23,37,47,38,17,60,49,0,10,3,59,2,14,53,8,4,20,54,26,50,13,5,30,27,57,19,43,58
0,63,44,32,34,28,35,12,56,41,37,16,39,1,31,36,33,7,3,49,2,10,8,50,61,51,5,46,53,29,6,47,22,42,9,24,26,30,25,15,14,43,20,23,58,40,60,62,48,17,54,11,18,59,45,55,52,57,13,27,38,4,21,19
61,11,54,0,42,47,29,46,33,55,17,38,8,21,39,23,44,12,60,5,63,59,51,2,32,56,30,13,10,19,62,15,43,4,24,58,3,14,48,7,6,28,41,40,18,25,45,22,31,16,34,35,57,50,1,52,49,36,53,26,37,20,27,9
25,24,31,59,15,37,4,18,27,8,56,47,2,43,44,50,52,49,55,61,48,42,63,35,41,60,26,16,20,29,3,62,46,57,54,12,6,33,39,30,53,19,38,23,58,22,13,34,32,45,21,9,0,14,17,5,7,1,40,10,11,51,36,28
3,60,55,63,44,33,54,11,38,42,48,21,17,39,28,35,49,25,29,6,37,18,8,22,30,41,15,32,51,2,40,52,36,59,9,0,26,1,46,10,19,47,13,50,61,43,56,57,16,27,5,34,14,53,20,45,23,12,31,24,4,7,62,58
0,57,13,45,59,35,49,9,20,15,37,3,55,30,58,1,26,60,4,6,32,42,63,23,33,22,56,61,47,53,5,18,48,8,24,52,27,10,16,11,51,41,38,17,40,31,14,36,2,12,19,34,43,39,21,29,46,44,7,62,28,25,50,54
13,27,3,60,7,48,21,23,38,41,24,43,55,47,15,59,45,52,37,40,19,1,18,54,58,44,26,8,11,6,28,53,4,30,22,33,17,50,42,49,20,16,39,31,35,5,32,12,0,2,51,14,57,34,63,36,62,9,29,56,61,10,25,46
23,29,39,13,25,58,26,6,57,56,14,63,28,42,3,4,15,5,54,32,52,21,36,51,34,8,20,27,30,60,35,9,53,24,45,44,16,10,50,38,33,43,17,12,7,46,48,2,40,1,22,59,47,49,31,37,18,62,55,61,41,19,0,11
12,40,48,57,25,34,59,61,56,2,21,30,37,6,5,47,45,7,27,0,11,14,23,43,55,19,10,17,32,9,38,33,1,62,22,46,49,4,50,41,8,3,24,53,42,20,15,51,39,18,16,13,44,26,60,63,36,54,52,58,31,35,29,28
44,46,6,39,30,54,40,13,11,8,38,33,48,28,19,14,63,34,62,50,27,36,49,37,59,15,58,12,42,47,41,5,60,18,16,20,7,24,2,10,61,0,52,57,17,29,31,1,45,3,55,21,51,32,26,43,56,23,4,53,35,9,22,25
7,56,27,35,4,49,30,63,1,31,9,25,50,14,62,32,51,13,5,33,54,22,43,44,52,47,42,36,20,38,6,15,55,59,12,17,8,61,0,11,41,57,37,2,24,45,21,40,28,29,34,19,58,23,60,16,18,10,39,46,48,53,26,3
28,2,50,56,42,31,63,37,32,3,21,57,7,20,29,43,15,55,9,8,61,12,33,26,27,11,40,62,59,41,36,10,0,30,22,5,19,6,53,16,58,54,17,60,1,45,18,38,51,49,4,34,39,48,47,13,23,44,46,14,25,35,24,52
55,6,53,42,18,13,49,39,60,62,14,7,41,17,15,40,61,48,44,58,12,36,2,4,22,63,20,24,5,34,51,59,35,1,29,3,26,9,38,0,54,21,23,57,43,31,30,8,27,47,46,28,52,16,11,56,50,45,37,32,19,10,25,33
41,14,18,6,13,24,52,20,12,10,42,37,30,33,7,48,5,22,49,32,21,15,25,8,43,50,51,26,3,59,57,28,35,23,62,36,34,29,2,45,44,56,58,19,9,54,39,60,40,27,47,0,63,17,61,55,11,16,53,4,38,31,1,46
28,40,46,48,14,42,51,22,53,7,36,12,6,4,43,2,29,47,19,20,15,57,10,44,49,41,50,26,21,61,24,11,30,8,58,60,59,33,3,1,25,31,17,0,13,54,35,34,23,62,5,56,27,52,39,32,45,18,63,16,9,37,55,38
47,21,53,31,43,49,51,63,28,52,41,40,20,57,4,24,6,30,34,36,44,54,12,46,45,11,25,29,0,8,3,38,33,2,18,37,17,35,50,26,5,48,1,56,7,16,19,59,42,55,15,61,13,60,14,58,22,32,23,39,62,27,9,10
8,19,17,14,37,63,48,54,47,51,31,5,45,2,26,50,10,49,44,41,24,23,4,13,61,11,62,32,57,20,53,0,59,6,29,33,34,21,3,60,27,40,46,55,58,30,43,1,36,28,56,15,52,9,7,25,22,38,12,42,39,16,18,35
15,29,8,19,0,20,31,41,40,53,2,63,22,5,50,6,54,14,26,4,57,47,32,58,9,34,55,27,60,51,10,42,56,59,49,44,43,24,37,35,25,52,13,28,21,16,23,11,62,61,7,48,3,12,39,33,1,17,45,30,46,38,36,18
56,63,46,57,10,28,53,59,54,12,13,55,43,14,15,5,20,7,0,50,22,60,36,47,31,48,18,41,16,30,58,37,25,52,21,23,8,62,32,29,39,26,2,49,61,44,1,51,34,6,17,24,9,4,19,27,33,11,45,3,38,40,35,42
50,40,42,33,45,14,27,11,7,38,29,9,32,54,15,13,21,36,0,10,25,31,26,3,1,39,8,57,6,20,56,44,4,46,12,17,30,53,49,16,2,34,51,58,37,23,43,55,35,62,24,5,18,28,48,61,63,47,59,22,19,52,41,60
38,20,10,14,6,2,62,30,48,40,3,43,41,11,58,57,55,21,13,49,42,56,22,44,46,16,19,34,35,15,59,37,53,28,45,39,33,23,18,32,26,47,36,29,0,24,4,1,50,31,7,63,27,61,17,9,60,54,25,12,5,52,8,51
57,17,13,27,3,40,38,56,62,26,29,7,10,24,33,21,55,0,22,41,48,15,52,16,23,12,47,37,31,30,14,54,9,60,63,1,49,36,34,20,39,45,6,25,8,18,32,35,58,59,61,50,53,51,4,19,2,28,11,46,44,42,43,5
30,11,48,6,41,51,38,27,3,15,47,59,40,4,26,19,46,60,7,10,0,61,39,32,9,22,23,31,12,28,49,50,58,17,14,25,55,16,54,5,33,2,37,57,45,13,62,52,20,21,42,35,34,1,29,24,36,56,18,63,53,43,44,8
56,1,4,46,32,28,36,22,42,0,23,15,44,39,26,38,5,30,57,54,59,14,58,27,7,33,16,49,24,6,3,43,11,63,13,41,48,55,2,40,53,35,9,47,10,60,29,37,51,61,12,45,20,18,21,52,25,50,31,19,17,34,62,8
26,3,15,2,48,21,49,22,14,1,11,25,45,61,46,38,30,41,51,7,47,6,34,17,63,59,4,36,55,37,35,19,13,28,12,62,0,50,24,60,18,56,43,27,16,5,53,31,57,54,39,32,40,10,8,52,9,58,23,20,42,44,29,33
22,4,51,32,59,56,47,9,8,33,55,16,40,24,27,48,28,36,17,5,41,15,18,25,60,52,1,0,49,58,50,13,38,43,26,63,23,62,53,34,11,45,6,20,39,29,19,21,7,37,10,14,12,2,44,42,31,54,57,35,46,30,61,3
56,60,34,45,1,38,7,2,17,22,47,46,10,62,51,55,49,23,19,53,42,16,13,35,4,41,44,32,31,59,20,54,25,9,18,8,33,14,30,12,39,43,5,50,21,24,52,57,26,0,48,36,61,28,15,63,40,6,11,58,3,29,37,27
53,58,0,2,22,11,18,7,40,50,47,36,23,39,61,4,19,12,5,49,38,43,52,3,57,56,16,63,24,8,15,37,33,9,59,13,25,28,54,46,27,51,42,10,45,31,30,26,55,32,60,1,29,41,6,21,62,44,14,35,20,48,34,17
31,62,50,51,13,43,2,49,4,39,60,52,15,1,30,34,38,22,25,19,7,21,20,40,41,6,29,59,26,47,12,28,16,46,9,18,53,3,57,35,55,45,0,8,17,42,58,36,54,5,32,33,48,11,10,24,27,14,37,61,44,56,23,63
12,23,7,10,31,60,15,9,32,3,39,41,38,28,51,8,42,36,34,52,54,11,35,13,17,26,20,40,53,16,18,43,62,47,58,0,63,44,24,49,56,55,22,37,50,4,48,21,2,45,59,1,5,14,6,33,61,30,46,57,25,27,29,19
49,41,30,39,22,61,10,16,45,44,38,0,56,13,25,8,12,48,51,21,6,32,23,50,59,7,54,4,9,33,20,37,28,5,43,1,47,35,60,58,53,57,3,14,15,11,19,34,40,18,27,2,62,55,26,31,63,17,42,29,24,36,46,52
4,55,19,38,40,53,61,27,41,28,23,47,54,26,39,15,21,14,48,42,57,29,44,11,59,58,6,2,43,5,13,7,56,10,63,36,16,35,1,50,12,62,8,17,34,31,32,0,33,30,3,20,49,45,25,9,22,60,37,18,51,24,52,46
20,41,63,46,33,3,47,24,7,8,35,1,48,54,5,52,56,26,37,0,51,59,11,21,60,43,40,42,45,62,30,27,39,53,9,2,16,36,34,23,4,44,31,50,12,55,17,38,13,61,25,19,29,49,18,58,14,6,10,32,57,15,22,28
21,60,61,55,44,24,47,54,51,59,42,13,50,37,49,2,57,56,43,14,27,33,18,38,32,26,16,28,45,10,41,6,29,5,12,11,1,46,8,58,31,62,63,52,35,3,30,40,19,36,48,39,20,4,9,15,25,23,7,34,17,22,0,53
31,1,27,51,60,9,2,58,63,55,39,61,40,26,43,30,49,48,20,36,7,38,35,23,17,44,59,28,12,11,46,0,18,6,41,15,54,62,8,5,25,21,57,53,50,42,14,33,45,29,13,56,34,3,4,22,19,24,16,10,32,37,47,52
37,45,18,17,60,23,47,41,24,2,44,32,63,21,13,49,54,1,36,5,22,40,10,12,27,38,15,52,57,59,4,61,30,0,16,33,6,8,58,28,11,7,53,46,50,55,35,62,29,42,9,43,20,25,19,51,31,3,14,34,48,56,26,39
47,59,1,44,16,18,2,27,56,58,29,26,23,4,49,40,24,0,61,51,3,35,38,57,41,48,8,46,32,54,43,30,60,17,63,7,52,53,12,25,45,36,20,13,33,39,28,6,10,14,5,9,11,22,62,42,34,19,31,37,15,50,21,55
42,7,29,45,23,37,35,47,2,51,4,12,22,21,8,49,20,31,17,28,19,11,63,3,59,6,46,53,54,0,9,15,41,25,44,16,10,58,57,39,26,27,34,30,24,13,48,33,61,14,40,1,55,38,52,50,60,36,5,18,43,62,32,56
36,14,50,57,63,27,34,31,45,16,4,5,37,49,26,48,10,41,28,17,61,7,19,9,53,6,29,52,0,58,18,43,42,46,55,44,25,22,51,3,21,54,15,13,32,11,56,12,1,39,47,33,38,8,20,60,2,62,23,24,59,30,35,40
6,18,3,10,56,39,59,34,37,16,7,26,46,27,61,51,48,52,35,4,9,43,54,5,40,28,12,44,29,63,38,0,14,23,17,22,41,31,25,11,49,45,2,55,57,20,30,47,62,33,50,1,21,13,32,19,15,42,8,36,53,58,24,60
7,21,43,41,62,37,49,20,10,60,12,8,16,18,35,29,27,6,23,45,47,55,14,4,1,44,32,13,40,51,36,24,50,48,11,0,28,5,25,15,3,52,19,56,39,61,59,34,33,53,30,42,54,63,26,38,31,58,46,22,2,57,9,17
19,25,63,41,47,24,3,53,35,48,42,0,30,60,11,32,1,51,23,56,26,6,39,9,50,45,2,16,38,28,54,18,12,36,40,46,17,15,37,7,44,33,8,10,49,61,13,29,59,4,20,31,43,22,14,62,55,58,52,34,57,5,27,21
42,10,8,28,18,31,3,52,4,12,55,41,33,14,34,30,53,17,38,7,36,13,32,22,57,43,6,19,40,1,51,50,27,2,56,54,37,46,9,16,39,0,59,11,63,15,5,26,24,44,29,47,25,62,60,20,61,58,49,35,23,48,21,45
21,51,25,44,2,34,47,13,23,45,35,9,61,12,30,16,27,8,28,18,38,1,43,57,20,42,29,31,62,60,46,49,41,14,36,0,22,50,40,33,55,58,48,3,10,54,39,32,4,63,5,59,56,19,17,15,11,6,24,53,37,7,52,26
2,50,56,14,7,19,40,48,0,20,9,36,59,10,45,43,34,52,33,63,47,35,54,58,12,3,13,55,30,11,46,60,27,38,1,25,23,49,16,15,17,44,8,42,31,22,57,6,5,39,41,21,29,37,28,26,24,4,32,61,62,51,18,53
55,25,39,11,1,22,48,37,41,31,43,26,8,9,0,34,62,19,28,58,12,45,59,14,38,52,42,33,46,53,17,57,16,21,30,23,60,15,49,6,35,50,18,56,27,44,4,24,47,3,13,54,7,61,32,29,5,51,2,10,36,63,20,40
17,38,63,36,33,51,41,12,35,45,54,13,26,46,23,3,43,6,15,22,49,61,5,21,18,56,27,42,28,30,0,47,32,39,25,44,7,14,9,59,55,11,50,2,16,40,1,8,62,57,34,24,10,37,29,31,19,58,20,52,48,53,60,4
54,41,19,59,56,36,30,61,43,34,14,51,15,53,24,46,11,25,44,18,63,45,1,5,29,3,20,26,35,9,39,37,48,21,58,62,52,50,47,38,2,32,33,27,60,16,55,17,0,23,57,28,22,7,13,8,42,10,12,4,49,31,6,40
44,48,22,55,13,45,43,35,33,49,21,51,50,36,2,39,0,8,54,63,7,11,58,62,28,53,52,61,29,20,46,32,41,19,6,31,24,9,18,57,12,59,10,38,56,15,5,47,14,4,1,3,60,25,30,17,40,23,26,37,42,34,16,27
26,12,37,14,47,62,39,49,30,60,23,21,29,52,18,51,22,13,19,1,59,25,53,35,34,48,6,36,24,38,15,42,54,10,61,5,20,44,3,0,55,46,7,9,27,50,58,11,2,31,4,17,45,28,63,43,33,32,56,40,41,8,16,57
0,55,32,5,8,16,17,15,54,12,13,39,4,33,29,31,11,26,20,59,53,21,44,60,63,19,9,30,7,22,49,14,56,41,46,45,27,43,28,52,25,18,42,57,37,38,2,10,50,47,62,24,6,1,36,48,51,35,61,3,58,23,40,34
27,44,16,45,15,28,36,10,56,37,53,40,24,2,33,48,14,11,3,47,9,23,61,32,29,26,38,4,8,21,54,20,0,49,43,57,19,35,5,52,17,60,41,63,1,62,50,13,39,22,6,55,18,42,58,51,7,12,34,30,25,59,46,31
27,34,50,55,3,36,18,37,61,28,19,16,6,5,33,13,35,1,57,21,12,7,60,17,15,14,24,30,38,10,62,46,23,4,53,22,56,26,8,0,52,63,49,39,2,40,59,29,31,51,42,48,25,20,58,43,9,41,11,32,44,54,47,45
