8,57,18,38,61,11,40,2,24,23,48,27,19,44,1,45,39,14,53,3,46,26,10,9,21,6,33,59,12,29,5,15,55,50,58,51,7,17,52,34,31,35,16,32,49,62,54,41,28,4,22,13,25,36,43,37,63,60,20,0,42,30,56,47
40,52,26,48,59,60,63,46,49,57,9,39,19,53,30,20,32,23,11,37,5,17,35,10,28,18,15,51,21,41,14,22,31,43,38,27,50,16,45,29,56,55,8,42,36,47,13,62,33,44,7,12,54,1,4,34,3,24,6,58,0,25,61,2
43,20,11,49,25,52,46,23,55,22,13,58,26,1,14,36,24,63,12,40,34,0,44,47,19,4,54,21,42,41,18,32,2,5,28,7,3,30,50,53,61,31,6,10,9,57,59,29,8,16,27,38,45,48,62,35,39,17,51,33,60,15,56,37
60,40,23,61,18,35,16,45,25,27,49,10,22,0,8,34,38,52,39,7,47,48,20,28,30,42,59,12,57,53,4,46,11,29,14,37,26,24,6,50,44,36,1,9,17,32,58,33,62,51,41,3,5,63,55,15,2,13,21,43,19,31,54,56
3,50,43,2,32,25,28,7,39,40,38,58,20,21,26,37,34,57,31,48,45,19,47,17,42,4,10,14,11,62,61,56,59,13,22,9,27,29,16,36,60,35,5,30,41,49,15,54,0,18,8,52,46,23,6,24,1,63,44,51,12,33,53,55
4,38,27,9,42,58,21,60,29,24,31,13,49,59,16,39,17,3,63,19,6,8,44,30,34,56,36,25,53,40,33,18,26,1,20,57,7,50,35,15,10,54,0,51,23,14,48,43,37,52,41,5,28,46,62,2,47,61,22,32,45,55,11,12
51,30,11,39,18,28,13,60,12,24,4,16,40,26,47,61,44,41,37,0,22,14,36,57,46,55,19,3,31,17,27,56,43,33,29,49,10,48,42,20,15,58,9,45,50,62,54,6,7,5,1,32,23,59,21,35,38,2,53,63,8,52,34,25
60,20,59,32,53,28,12,34,47,25,43,21,33,45,23,11,44,50,10,57,4,13,46,39,55,42,52,0,8,24,63,48,1,54,5,14,61,41,2,62,38,58,17,37,29,6,40,18,30,19,22,31,36,26,49,9,35,56,27,7,3,15,16,51
17,32,39,11,3,45,1,43,21,10,41,35,52,56,50,24,29,62,57,19,4,26,30,2,55,58,12,27,7,22,54,38,15,33,28,48,60,49,13,59,20,42,25,23,5,37,47,9,6,40,51,61,18,34,53,0,36,63,31,14,44,16,46,8
28,20,62,27,51,47,32,56,38,29,48,24,57,17,11,23,16,52,61,12,45,1,36,15,39,44,30,33,19,14,41,31,35,53,54,49,2,18,9,7,34,3,0,50,5,42,10,46,63,13,60,55,6,21,25,59,37,8,40,43,58,22,4,26
22,8,54,58,47,55,14,46,4,57,18,13,48,41,9,34,51,25,42,15,39,23,61,0,37,60,20,33,50,30,35,59,16,44,62,40,43,53,12,27,5,49,32,7,29,17,26,36,45,28,2,1,10,3,52,21,19,6,24,56,38,11,63,31
37,4,3,17,10,31,59,24,57,27,21,8,14,12,19,13,56,22,5,45,43,46,48,38,41,60,23,61,58,15,30,20,62,34,25,1,63,9,54,18,39,55,52,7,36,35,44,16,51,50,40,32,11,6,26,2,53,29,42,28,0,47,49,33
16,10,13,46,3,41,26,0,8,2,30,43,11,34,63,5,60,7,39,12,56,21,50,52,36,45,55,47,15,38,17,31,40,22,1,24,61,6,9,20,27,42,37,28,59,33,48,53,57,19,4,14,44,49,23,51,62,25,35,32,54,58,18,29
42,24,6,32,47,39,18,50,2,15,27,11,38,36,7,44,58,16,5,30,26,60,43,54,9,14,22,55,3,48,19,62,10,53,4,31,12,57,23,20,56,28,17,8,59,41,29,63,46,34,25,40,33,37,61,0,35,21,45,1,13,52,51,49
18,12,44,36,53,56,40,22,15,58,38,33,4,20,14,6,46,30,23,47,37,28,29,7,42,62,10,21,27,52,8,9,60,1,24,43,25,63,50,45,2,31,39,34,61,51,3,57,5,59,49,26,17,16,19,0,55,32,35,48,54,11,13,41
30,41,7,50,44,38,32,22,46,63,26,51,36,54,20,24,43,48,28,8,1,37,60,40,52,23,49,29,13,55,11,0,17,9,21,58,18,57,45,16,33,61,5,42,4,62,14,47,53,12,31,59,3,19,39,25,35,6,15,27,2,34,10,56
43,51,52,45,44,4,56,23,41,19,1,61,59,8,46,49,39,58,60,29,36,21,12,24,26,17,14,55,2,6,30,38,54,27,13,9,10,62,5,0,22,3,50,53,33,15,40,18,11,28,42,31,25,63,48,57,16,7,37,35,47,32,20,34
13,44,43,60,16,49,56,33,62,14,3,52,25,10,40,57,11,5,37,7,21,12,36,42,47,9,18,26,63,48,54,1,0,30,4,15,50,31,58,35,28,38,53,45,17,55,20,19,8,22,61,32,41,24,59,46,23,6,2,34,39,29,27,51
33,16,2,26,14,47,20,37,19,15,31,55,56,32,5,57,34,18,60,7,29,42,43,12,63,50,48,61,38,25,24,45,35,10,53,58,27,62,4,36,41,59,21,44,28,51,17,46,54,49,9,30,22,23,0,39,40,11,52,3,13,1,8,6
10,62,52,47,14,48,22,25,16,0,35,46,6,9,31,17,11,54,20,15,45,36,13,5,63,21,4,7,30,60,28,44,19,57,24,29,43,55,41,12,42,27,58,50,40,34,33,37,56,8,53,23,59,39,18,3,49,2,38,26,51,1,32,61
53,46,32,11,33,52,13,26,57,3,60,1,61,7,18,2,25,40,19,35,48,47,27,51,30,62,44,55,14,42,54,9,16,6,20,49,36,37,28,17,31,8,56,4,50,10,5,58,24,0,15,29,23,21,38,12,59,43,63,22,39,45,41,34
43,53,6,9,3,31,0,39,14,22,44,58,29,19,42,47,11,28,40,60,26,12,2,21,49,32,41,15,35,62,48,37,8,1,17,52,20,18,55,4,46,5,56,7,10,61,50,36,45,16,23,57,27,33,59,63,25,13,34,38,30,24,51,54
58,63,54,51,42,4,15,17,41,16,22,31,53,47,33,39,36,40,14,56,57,52,38,5,27,59,9,20,1,48,43,6,44,34,55,19,25,61,60,49,8,37,28,35,30,10,13,0,7,11,18,62,23,32,12,3,45,50,26,21,46,2,24,29
24,11,31,5,7,40,63,53,49,42,51,56,52,30,37,55,62,39,25,18,13,59,43,47,38,22,0,14,36,57,3,15,6,61,48,46,10,21,54,2,12,58,1,9,45,16,29,33,27,26,50,8,20,35,60,4,23,28,44,41,34,19,17,32
40,58,13,57,9,29,17,8,60,38,37,34,51,59,62,36,50,43,30,47,22,6,53,44,54,10,1,41,15,28,7,56,19,45,0,63,25,26,24,61,55,32,11,12,21,35,20,18,46,3,5,4,27,49,2,31,39,52,48,42,33,14,16,23
61,51,46,11,44,12,26,63,5,22,20,7,62,54,30,0,33,21,40,29,17,55,38,6,13,4,1,43,31,23,37,47,8,15,10,57,39,60,36,28,56,24,52,53,58,3,14,41,34,32,19,35,49,18,48,27,25,2,9,59,42,16,50,45
8,46,59,28,62,5,3,34,45,27,63,55,16,29,9,57,19,10,41,12,4,1,52,7,36,61,0,43,20,18,25,32,24,11,42,58,23,13,38,6,49,56,30,50,48,54,40,39,21,26,14,33,37,15,44,22,35,51,17,2,31,47,60,53
19,25,32,53,3,33,56,59,4,46,15,0,38,60,29,42,51,20,26,61,45,6,34,44,21,9,63,58,5,14,18,62,39,52,49,54,43,23,31,30,50,8,48,1,13,55,57,37,17,28,40,22,2,12,35,7,36,10,47,24,16,27,41,11
52,49,63,45,34,42,1,35,27,47,26,15,37,38,39,20,13,50,40,46,10,3,29,12,18,2,14,6,55,21,0,4,61,22,51,24,57,44,48,32,25,36,7,41,60,62,5,8,59,56,54,58,11,17,28,31,33,30,9,43,16,53,19,23
19,18,54,7,20,10,21,14,28,47,4,15,31,34,39,8,62,59,29,52,61,43,44,58,45,3,42,40,38,16,33,30,0,23,22,9,26,12,60,2,32,63,37,49,48,27,51,35,55,57,25,41,1,17,11,50,53,46,13,24,36,56,6,5
23,38,10,29,12,28,39,13,43,54,21,32,50,41,25,62,1,59,33,46,63,48,49,52,18,51,9,14,60,19,17,16,15,30,34,3,4,36,44,26,7,27,20,24,31,47,0,42,56,5,37,45,11,61,8,40,55,6,58,35,53,57,2,22
35,18,31,43,0,17,40,6,25,8,56,27,55,3,19,32,48,4,5,15,59,7,9,44,36,20,39,22,41,30,58,13,12,62,2,26,16,46,51,61,45,60,47,52,63,50,11,10,1,14,23,34,42,54,28,29,38,21,57,24,33,53,37,49
33,4,28,40,54,22,34,31,62,53,5,25,37,27,41,15,3,24,2,14,50,47,51,63,1,45,52,43,17,42,0,46,36,61,55,57,18,6,9,19,29,38,58,44,56,26,39,7,60,35,20,16,48,59,13,32,21,11,10,23,49,8,30,12
53,57,31,36,61,7,34,14,8,47,23,39,27,50,59,38,28,11,19,9,3,30,54,48,51,1,35,63,60,0,10,26,16,41,12,42,43,46,22,18,62,2,13,33,15,25,58,17,20,52,32,56,29,55,4,6,37,40,24,45,21,5,44,49
18,57,61,13,6,19,37,60,26,47,20,42,50,1,30,35,0,24,29,36,59,49,58,31,15,11,40,12,9,45,23,43,46,56,52,3,55,44,4,48,5,2,33,25,7,17,10,62,28,8,21,51,22,32,54,53,16,39,63,41,14,34,27,38
3,58,9,43,28,37,6,27,50,4,57,12,62,31,61,33,41,19,15,30,5,20,51,35,40,56,14,54,7,18,34,10,46,22,25,1,32,2,52,23,11,13,26,8,16,29,44,45,39,17,55,38,59,42,60,49,53,21,0,48,24,47,36,63
6,44,49,45,41,20,46,4,17,16,32,0,31,3,61,35,58,28,39,2,5,57,24,11,23,51,1,21,62,29,12,48,14,10,9,54,60,36,53,15,52,40,7,63,13,33,43,34,22,50,59,30,25,55,19,26,8,37,56,47,38,27,18,42
22,28,41,51,62,21,31,34,56,60,48,15,55,47,43,24,20,23,17,30,16,61,54,7,25,4,45,9,35,36,18,1,44,42,26,50,32,29,40,6,2,52,14,27,33,5,0,63,10,19,8,39,58,38,13,12,37,59,46,49,3,11,53,57
61,39,27,17,28,31,45,19,36,5,8,16,57,1,58,50,30,22,26,33,10,48,49,18,42,40,7,13,54,60,41,0,38,15,11,32,62,14,47,55,6,53,63,24,44,59,21,34,12,25,51,37,2,46,52,43,3,56,35,4,9,29,20,23
60,55,29,56,24,36,14,19,57,49,43,13,22,0,54,20,8,44,51,38,25,46,17,63,37,27,39,6,16,30,2,11,28,34,59,61,10,9,4,52,58,32,7,21,31,53,5,33,3,45,50,18,41,42,15,1,47,23,48,40,35,12,62,26
32,8,51,12,28,18,40,22,10,7,46,38,49,16,41,56,17,47,25,39,31,14,33,19,45,15,54,9,37,58,43,50,29,36,48,3,42,21,61,26,20,27,2,44,5,35,59,23,11,63,34,53,0,30,1,6,52,24,57,62,55,60,4,13
42,50,16,63,52,35,34,57,6,5,54,40,18,43,8,3,61,58,41,13,0,14,31,59,7,22,36,4,44,38,28,2,10,45,24,60,53,32,33,12,26,25,30,11,51,55,19,23,49,39,29,27,62,9,46,47,20,37,48,15,56,17,21,1
31,48,54,30,60,17,51,46,1,50,11,34,8,10,18,14,52,29,0,36,27,58,5,45,37,33,55,42,61,19,39,24,22,6,62,38,44,20,57,16,2,63,26,53,9,40,15,47,4,25,35,32,7,12,23,13,56,3,49,59,21,28,41,43
3,0,14,48,42,27,34,37,52,6,1,62,28,4,13,8,51,63,58,44,20,60,54,7,22,30,31,9,61,50,32,29,45,36,43,26,16,35,38,10,59,18,25,56,33,21,24,55,2,19,11,15,49,41,57,5,46,12,53,40,17,39,23,47
62,3,33,46,30,41,56,52,1,45,54,2,19,50,15,49,8,10,53,31,59,34,5,32,36,43,4,57,42,23,27,63,12,11,47,16,13,29,38,28,40,61,25,60,24,20,6,21,35,18,37,22,0,7,58,48,9,26,14,51,44,39,17,55
50,14,19,6,46,33,11,37,16,10,58,41,29,62,8,21,52,30,53,56,60,17,45,35,51,49,36,20,9,57,24,34,3,38,4,7,22,55,26,13,63,28,54,40,0,42,43,44,25,61,39,1,59,15,48,32,2,5,18,12,23,31,47,27
62,16,27,63,38,17,54,46,3,1,19,10,30,50,6,40,0,44,56,59,7,21,39,15,12,23,29,34,11,31,48,52,49,14,55,22,5,32,43,28,45,2,26,33,58,36,53,20,24,41,9,57,25,61,13,4,18,8,35,42,51,47,60,37
42,24,34,3,21,5,53,36,20,32,59,47,48,12,49,9,13,39,62,8,60,51,6,26,38,57,29,56,52,61,7,31,55,14,44,17,45,18,30,50,40,35,2,28,63,33,58,54,1,43,25,46,27,16,22,41,19,15,11,37,4,23,0,10
48,17,9,37,0,51,56,58,40,54,47,23,38,10,62,36,14,27,45,11,20,49,53,18,15,39,8,13,63,22,34,61,43,28,60,57,6,29,31,46,50,1,44,59,3,2,21,16,12,33,41,26,5,52,7,4,19,42,32,35,30,24,55,25
18,41,7,57,33,59,25,44,43,3,11,45,15,38,62,19,27,61,51,9,46,35,31,47,28,13,37,50,10,58,40,54,48,53,63,24,17,60,22,1,39,2,49,21,30,20,56,23,26,42,14,32,6,29,8,55,4,36,52,16,0,12,5,34
15,44,32,40,34,18,27,54,14,42,60,59,26,19,31,9,1,29,58,0,22,47,4,11,38,10,48,8,36,62,7,49,61,30,33,56,57,3,23,52,25,2,16,13,46,39,24,20,41,43,17,21,63,51,35,53,12,50,6,37,28,55,45,5
12,24,60,9,43,41,28,25,32,10,8,3,48,39,47,26,31,57,2,58,22,46,50,35,7,17,44,40,34,49,27,23,11,6,62,42,53,21,61,5,20,0,36,33,51,29,30,16,1,56,52,59,55,54,15,18,37,13,38,14,45,19,63,4
59,48,7,39,16,23,37,10,11,4,21,50,46,45,18,1,44,34,9,31,36,52,24,29,15,56,57,13,55,27,35,26,47,6,17,30,33,61,25,41,60,14,38,62,63,32,2,42,3,20,51,19,12,8,53,43,28,40,58,5,54,49,22,0
52,23,40,25,36,35,9,34,1,44,8,46,22,20,62,58,56,55,63,32,4,14,54,16,31,57,18,61,39,5,3,6,28,26,13,24,41,12,50,27,49,51,10,19,53,21,43,33,15,2,45,11,7,29,59,60,42,0,37,38,17,48,47,30
0,1,9,52,21,31,45,57,46,44,40,30,22,63,4,39,62,50,38,23,35,27,33,13,61,6,58,7,56,51,59,29,19,36,47,34,54,55,43,18,32,3,48,11,20,8,53,26,14,25,42,28,41,2,16,49,24,17,5,15,37,12,60,10
61,7,5,18,20,26,1,12,40,45,42,28,46,36,54,63,43,13,30,27,19,53,4,57,51,47,48,17,52,37,56,60,10,14,33,25,35,11,29,2,58,0,32,22,15,24,31,34,8,23,55,9,41,38,6,50,44,59,49,16,39,21,3,62
11,61,57,0,56,60,15,31,28,48,13,52,8,20,25,29,2,23,24,26,50,14,9,19,51,1,62,32,36,7,58,22,37,5,63,21,17,27,44,41,59,12,6,33,46,10,45,53,47,55,3,49,54,38,18,40,4,39,30,34,43,42,16,35
54,9,13,50,44,12,10,5,28,17,25,26,35,48,38,57,23,8,62,6,51,33,18,59,2,47,31,21,11,40,61,49,29,52,39,41,1,56,3,20,43,27,30,19,53,0,14,42,63,24,7,36,46,16,15,32,37,34,60,58,55,22,45,4
45,57,49,4,13,60,51,29,40,34,10,37,58,21,22,36,46,35,42,1,28,61,43,48,62,16,12,47,6,56,24,23,39,54,31,20,38,11,8,33,14,25,53,50,19,5,59,2,0,63,26,55,9,27,30,32,41,52,3,18,15,7,44,17
33,34,22,38,51,55,15,46,35,37,32,4,10,25,17,6,1,59,56,18,7,3,54,16,9,20,60,58,12,23,13,27,29,2,30,61,24,57,43,21,52,8,44,26,39,42,50,14,0,40,62,47,11,19,5,63,31,36,48,53,49,28,45,41
62,60,59,48,15,56,16,41,39,17,44,33,13,34,54,43,29,27,5,50,42,19,53,0,8,21,14,6,49,26,35,57,58,20,11,1,18,55,23,51,32,30,28,7,47,61,45,10,25,22,2,3,46,24,52,31,9,12,37,40,63,38,36,4
14,12,39,35,60,13,24,25,28,43,29,9,56,55,52,21,32,8,46,5,27,19,37,41,57,38,33,53,30,10,58,11,36,54,31,45,6,17,44,59,1,23,34,22,15,61,48,47,16,42,40,50,49,2,26,18,20,51,7,62,63,3,0,4
47,22,42,62,50,13,63,43,60,39,1,5,51,58,12,17,29,45,19,7,34,49,0,33,56,20,46,24,14,15,52,9,16,11,10,57,28,36,59,53,54,25,31,8,3,21,32,23,61,38,44,35,41,27,18,55,2,4,26,30,6,48,40,37
12,23,38,45,43,31,61,62,55,19,48,39,17,27,1,32,58,49,25,33,63,0,3,42,40,30,57,56,21,4,54,59,44,13,34,41,7,15,47,5,20,51,28,11,2,52,10,53,9,29,60,50,26,18,35,8,6,24,22,37,36,14,46,16
49,11,43,22,42,27,25,53,35,13,29,57,47,41,28,19,45,9,48,16,7,0,56,51,52,14,6,26,24,17,58,10,46,32,15,3,44,62,12,36,50,5,61,37,55,21,38,59,33,23,2,39,1,8,4,18,60,40,30,31,34,63,20,54
63,43,36,28,19,23,21,39,59,6,40,3,45,26,53,20,13,22,18,11,7,2,47,8,25,58,42,41,56,38,5,15,60,46,9,10,57,62,31,27,44,29,30,32,12,16,4,50,24,0,52,35,17,51,33,49,55,61,48,34,14,54,37,1
17,19,30,8,28,49,7,34,40,3,33,10,58,0,55,2,53,44,25,27,21,14,9,35,6,61,20,23,11,18,1,57,46,5,43,42,12,54,16,48,13,26,45,41,38,36,39,15,56,24,32,60,52,22,59,37,51,47,29,50,4,62,31,63
28,10,53,34,56,58,14,42,57,48,4,55,33,27,1,26,13,51,43,16,38,19,60,3,17,24,5,47,44,40,20,2,15,49,8,9,50,46,59,41,39,7,54,31,62,52,61,11,12,23,29,63,36,35,37,22,18,30,25,6,0,32,21,45
20,48,1,36,44,57,0,7,12,51,19,59,4,42,37,5,30,60,24,45,17,39,14,56,46,40,55,28,6,43,23,22,53,8,33,21,32,52,29,31,3,15,9,50,2,47,34,54,38,16,35,49,61,10,13,58,11,18,25,63,26,41,62,27
19,16,43,59,11,25,1,60,8,45,38,35,62,54,61,30,42,29,47,18,23,55,41,56,13,21,57,6,15,28,31,26,24,44,9,2,5,22,32,37,4,20,34,33,49,63,46,51,14,58,48,53,39,36,52,10,17,0,7,27,40,3,50,12
44,43,15,53,61,28,57,8,37,63,34,39,12,36,50,21,5,54,14,25,56,60,22,23,33,49,27,10,4,24,41,45,7,42,18,17,11,16,52,20,6,26,47,9,55,59,0,30,31,13,51,3,29,40,2,58,62,32,48,46,38,1,19,35
41,43,55,6,57,31,36,15,24,39,29,13,38,4,46,5,45,42,27,19,52,14,58,10,8,16,0,63,32,59,7,1,28,60,21,2,22,62,35,54,18,53,17,3,37,56,23,51,50,30,34,44,61,40,49,12,20,48,25,26,33,47,9,11
1,10,42,58,56,31,35,41,43,49,30,29,33,44,22,8,50,13,38,40,23,62,39,60,9,27,11,4,7,20,48,55,17,21,3,2,26,57,24,46,47,52,37,0,25,12,18,19,14,34,59,16,15,32,36,51,5,53,54,28,45,61,6,63
23,15,51,7,39,13,9,30,12,38,50,27,17,8,21,48,33,53,31,35,3,55,34,26,41,37,20,16,49,57,36,45,5,42,19,22,43,25,58,40,0,62,63,44,54,11,60,18,24,52,32,10,47,28,6,59,29,61,4,56,2,1,46,14
53,29,39,34,33,2,27,32,19,48,21,17,55,6,40,38,23,9,5,50,45,61,57,20,42,0,25,18,47,52,13,62,37,4,41,30,11,1,44,24,35,43,16,22,60,10,36,28,46,8,31,49,58,7,26,12,56,51,3,59,54,15,14,63
19,18,13,14,12,0,35,62,20,29,34,26,56,61,24,32,23,44,48,11,6,31,55,63,28,45,21,57,7,36,22,9,42,30,52,49,54,25,17,37,33,58,8,1,5,60,51,46,59,15,27,10,2,38,40,16,43,50,41,47,4,39,53,3
23,53,52,7,60,55,51,49,10,8,37,34,25,42,4,26,22,20,44,13,1,50,33,18,40,6,54,19,3,41,5,36,14,58,24,56,35,16,28,48,29,43,27,63,59,17,47,30,9,31,11,39,32,46,57,0,21,12,2,15,62,61,45,38
1,46,14,27,24,61,12,53,3,26,16,13,9,10,33,0,22,4,28,52,2,38,7,20,25,48,55,15,23,63,39,45,29,8,56,51,30,60,62,54,50,47,42,6,36,21,17,35,57,11,49,19,44,41,40,59,5,37,18,34,43,32,58,31
18,6,19,43,4,3,17,32,7,5,27,1,13,0,9,51,63,33,16,2,41,50,56,24,37,42,52,47,45,53,31,55,23,29,44,46,36,14,21,40,26,25,30,22,58,62,59,11,57,60,54,15,12,8,34,38,10,49,39,28,61,35,20,48
13,30,38,34,2,43,61,8,44,51,14,27,1,48,60,26,9,36,39,50,63,41,35,20,10,18,19,57,22,4,52,46,62,5,45,28,29,58,32,37,33,3,0,21,25,23,40,47,56,7,53,54,15,16,55,31,17,6,42,49,12,24,59,11
29,25,18,23,10,35,21,7,5,1,47,54,57,9,43,45,24,34,40,2,32,36,56,11,38,27,8,0,48,44,30,17,60,37,59,33,16,28,14,15,50,42,49,6,20,4,61,3,62,12,26,31,19,58,51,39,46,53,13,52,41,22,55,63
49,18,54,43,1,3,23,9,25,0,51,15,12,41,34,50,10,58,42,55,21,35,33,63,6,53,62,11,36,16,61,8,57,31,52,27,45,39,38,7,4,60,20,48,56,32,14,40,5,26,13,47,24,17,28,30,22,19,44,59,37,46,2,29
44,7,13,41,15,60,8,55,10,12,29,23,58,53,49,62,43,21,33,42,45,20,2,17,31,63,50,37,3,14,46,52,48,6,56,27,9,28,18,4,26,51,1,22,11,34,54,40,57,39,0,25,32,38,30,35,5,36,59,61,19,47,16,24
57,6,51,3,54,39,8,2,40,38,4,10,21,17,15,59,20,53,36,32,26,56,33,30,34,44,52,63,13,11,35,25,50,28,48,49,0,16,46,58,43,37,23,14,7,18,22,12,45,62,29,61,27,19,60,42,31,55,41,1,47,9,24,5
35,16,25,33,17,12,36,8,61,57,39,22,32,4,20,7,44,2,19,50,9,62,49,18,14,42,45,58,28,53,3,56,11,1,55,24,26,27,41,23,63,51,40,13,34,6,30,59,31,10,15,43,38,47,29,37,5,48,60,46,54,0,21,52
19,47,23,24,9,43,56,13,46,39,8,50,48,21,18,22,51,1,26,0,25,15,28,6,36,35,38,34,12,37,11,33,2,60,16,32,54,27,61,57,44,14,52,29,31,49,40,63,4,30,42,41,58,17,5,7,20,10,3,62,53,59,55,45
59,44,53,26,12,47,31,28,51,48,21,24,57,37,63,45,41,15,58,10,27,25,8,2,62,46,23,61,49,11,40,29,1,35,34,54,3,42,16,7,17,5,55,38,39,18,20,60,50,22,56,6,43,19,13,30,9,4,14,0,52,32,36,33
19,37,28,5,55,61,53,29,31,40,42,8,4,25,30,43,50,22,38,11,0,16,2,14,18,9,27,36,34,15,46,10,45,58,3,59,49,24,48,47,39,35,26,33,12,41,32,57,54,6,51,60,21,20,17,7,23,62,56,1,52,63,13,44
61,33,7,48,15,63,60,50,21,47,1,19,6,8,53,14,29,39,52,3,23,17,62,16,43,20,46,28,5,9,56,55,11,2,41,30,26,44,32,59,42,37,34,4,27,22,49,40,35,58,12,10,45,24,36,25,0,38,57,54,31,13,51,18
19,38,40,29,34,5,18,52,26,32,47,24,53,42,10,9,33,3,56,48,46,8,21,41,11,25,43,28,16,15,37,27,59,4,13,35,17,44,54,31,55,58,45,36,51,49,20,6,60,7,50,12,63,39,0,2,14,23,57,1,30,62,61,22
19,16,59,1,29,35,34,2,25,32,39,60,63,10,45,4,9,21,48,28,24,49,15,56,37,52,55,14,43,3,23,57,33,36,7,31,6,44,30,18,17,53,50,8,13,5,27,42,46,38,62,58,22,47,41,20,61,26,12,54,40,51,0,11
13,29,3,61,60,48,34,32,25,42,18,2,57,46,37,0,50,43,26,22,41,24,17,45,7,12,54,47,56,35,14,9,30,38,19,58,49,6,52,39,31,5,8,1,28,10,23,36,55,44,20,40,16,15,4,62,21,59,51,33,11,27,63,53
14,12,46,52,45,20,4,36,39,53,28,18,57,34,48,40,16,27,29,37,54,6,9,49,58,26,23,55,35,59,60,3,7,33,19,38,62,41,10,30,42,32,51,2,43,1,63,15,47,17,5,13,25,21,61,22,56,31,0,44,8,11,24,50
11,6,26,42,5,23,63,39,38,9,51,53,27,57,32,47,35,41,36,22,58,13,56,24,62,48,60,1,4,12,31,20,59,40,10,14,61,19,46,44,29,15,50,16,2,17,0,3,28,43,54,33,52,21,49,18,34,7,8,55,37,45,25,30
13,50,46,43,20,10,33,0,45,24,54,61,38,1,31,12,15,22,34,58,14,56,8,7,25,32,39,40,59,52,44,37,27,51,16,36,4,29,42,9,57,2,3,62,5,41,49,17,60,48,53,55,35,19,18,6,28,26,23,47,63,21,11,30
32,53,10,26,14,25,35,5,2,11,8,22,58,61,51,34,55,1,60,27,47,16,57,37,12,54,19,30,9,24,62,21,0,39,49,63,46,59,3,48,44,4,50,42,23,40,45,36,31,33,15,38,13,52,18,17,41,6,7,20,28,56,43,29
6,5,2,59,58,30,9,15,39,43,35,45,7,51,47,19,17,36,16,63,23,41,27,48,60,34,26,42,28,37,10,55,52,46,4,24,0,62,22,21,11,40,1,38,32,14,29,25,56,54,8,44,31,50,18,20,12,49,53,33,13,61,3,57
2,0,16,27,5,4,61,38,44,34,32,11,26,31,20,55,43,13,24,57,8,59,52,25,56,62,19,40,39,54,28,7,46,45,50,48,18,6,33,3,35,49,47,23,63,53,17,15,60,58,30,9,51,36,12,37,29,22,1,41,42,21,14,10
9,28,0,30,51,61,37,55,60,16,50,49,14,2,17,6,52,18,33,7,23,32,10,8,20,29,26,3,39,43,42,54,38,22,44,4,24,45,41,5,58,11,15,57,35,21,53,12,40,34,1,25,62,46,56,27,48,47,31,19,36,63,59,13
39,13,0,7,52,57,30,41,8,43,44,23,22,36,51,14,37,4,38,15,59,53,29,11,48,2,49,21,61,17,34,40,12,3,42,9,10,46,58,6,50,62,47,31,54,60,16,27,32,20,18,63,5,28,24,26,45,33,55,19,25,35,56,1
35,20,1,30,5,40,58,36,11,45,60,9,47,16,2,59,19,63,8,57,38,49,32,24,4,10,12,54,3,14,26,37,51,55,39,0,21,42,13,23,28,41,25,46,27,61,15,52,34,33,18,44,48,62,43,31,53,7,17,56,22,29,50,6
41,5,23,47,53,48,36,30,54,45,52,8,27,56,49,0,61,42,46,15,57,58,20,34,18,10,50,11,6,14,13,16,29,55,59,21,38,31,51,32,62,35,3,17,4,7,63,19,39,28,2,24,25,33,1,12,60,22,26,44,40,9,37,43
44,9,38,51,31,61,20,59,17,25,40,53,30,13,16,11,55,35,21,34,37,60,19,18,8,58,41,57,54,56,6,50,43,28,42,47,26,3,0,22,39,5,12,27,62,46,4,15,1,23,29,10,33,32,48,7,52,2,45,24,14,36,49,63
12,41,11,5,4,59,43,32,38,14,63,47,1,34,6,8,52,15,40,30,49,46,57,2,18,7,62,33,20,50,36,16,31,44,51,42,55,24,19,0,58,23,25,28,13,27,26,35,29,37,53,39,22,9,45,61,17,56,60,54,48,3,21,10
23,54,8,38,56,5,60,57,62,50,3,51,26,35,0,2,61,25,43,19,22,49,10,9,59,37,28,13,15,53,20,45,48,52,46,55,31,40,1,58,34,47,11,24,44,39,18,14,41,4,27,63,7,29,42,16,33,6,30,21,12,32,36,17
3,12,49,18,53,57,36,22,47,30,21,46,31,29,59,0,8,32,9,48,14,54,25,56,45,15,4,44,27,19,38,11,23,17,40,33,6,2,7,42,13,55,24,58,20,62,51,61,63,43,50,41,5,10,28,60,39,35,16,1,52,26,34,37
1,5,43,3,54,60,10,35,29,19,27,38,12,2,21,55,51,25,11,8,30,48,32,37,56,61,59,17,0,52,28,53,4,41,50,58,22,34,15,16,7,36,63,42,57,14,6,13,33,45,40,44,31,20,39,49,23,9,62,47,18,46,24,26
42,16,18,59,40,21,7,51,14,11,29,8,63,37,27,46,30,32,39,55,26,31,2,57,22,5,9,34,52,44,28,23,61,20,12,3,62,49,45,6,38,24,60,17,36,33,50,15,25,56,41,0,43,10,47,35,4,13,19,1,58,53,54,48
60,61,31,27,37,24,58,47,25,16,39,7,52,11,10,48,30,2,6,20,40,21,41,32,18,49,57,59,42,23,62,35,14,15,33,9,28,12,56,3,45,19,0,44,53,54,36,38,55,4,1,43,22,46,50,63,5,29,8,51,26,13,34,17
42,49,36,10,32,28,37,14,9,48,20,4,6,33,57,27,62,30,43,26,18,21,45,13,31,44,19,15,46,39,53,41,29,0,7,63,55,54,40,60,22,38,47,23,16,34,3,1,5,50,12,17,25,52,59,35,56,2,11,8,24,61,51,58
19,27,49,56,50,5,18,11,9,47,16,34,37,45,29,53,13,32,12,8,61,41,35,46,62,43,4,22,63,21,6,48,59,55,7,31,1,51,25,33,15,28,40,14,24,52,0,44,20,17,36,30,38,26,54,39,60,3,2,57,23,10,58,42
36,13,17,39,48,6,43,31,54,27,41,46,44,20,4,11,32,30,35,25,33,16,38,21,55,53,57,9,29,63,59,24,42,50,62,22,45,8,18,10,0,49,15,2,26,37,56,51,61,19,3,12,28,60,5,7,47,34,40,1,23,14,58,52
55,4,33,16,39,13,3,10,46,9,18,2,58,50,28,59,40,6,37,54,0,34,22,26,38,44,63,1,61,47,52,48,24,35,57,27,7,60,23,21,45,42,51,12,41,19,25,20,29,56,14,15,49,31,30,8,43,32,11,53,17,5,62,36
56,1,63,36,29,24,10,37,62,3,0,43,57,14,28,38,52,15,45,61,11,6,42,32,44,53,17,18,39,16,23,55,27,20,4,31,48,26,47,59,33,9,34,49,22,13,60,7,51,58,25,5,40,2,41,21,12,46,35,8,50,30,19,54
9,3,21,32,29,46,54,51,6,57,31,53,43,36,7,49,11,1,58,62,13,38,19,17,41,20,34,10,40,39,28,45,44,27,47,5,24,8,48,52,22,26,30,42,55,63,14,35,12,59,16,2,61,18,23,56,50,60,15,37,25,4,33,0
18,61,24,50,17,12,26,13,45,58,3,54,47,38,63,49,9,0,30,4,10,40,60,8,14,39,52,55,36,19,16,21,59,28,2,56,22,42,1,44,5,31,53,37,15,25,43,62,29,20,41,34,46,27,48,35,32,33,51,57,11,23,6,7
37,61,56,46,55,34,14,62,57,27,59,60,21,22,16,17,41,31,33,35,7,51,52,11,43,58,39,40,36,10,8,54,5,0,3,47,30,63,48,9,23,29,1,18,42,20,53,4,38,45,50,2,44,15,28,26,24,6,19,25,32,12,13,49
61,60,43,24,6,12,59,53,29,50,45,10,25,33,11,34,20,55,14,13,36,17,57,16,37,23,31,30,49,28,9,62,8,38,39,19,22,47,46,21,56,26,18,3,41,0,4,5,27,32,7,15,54,40,52,2,35,1,48,63,42,44,58,51
20,62,6,50,23,2,61,47,48,60,55,24,25,51,57,41,21,59,43,45,27,39,36,28,30,52,35,32,37,53,56,38,29,5,8,7,0,13,17,58,18,19,42,26,40,11,16,10,9,1,46,3,22,12,4,33,15,63,34,14,49,31,44,54
53,37,51,17,59,21,1,4,60,31,61,2,28,32,6,45,0,54,13,36,26,29,23,44,34,48,57,12,43,56,27,20,19,14,50,62,41,30,52,5,39,22,46,47,42,16,63,8,33,40,55,58,18,49,11,9,7,38,10,3,35,25,24,15
51,49,23,9,45,36,29,24,37,41,12,0,11,44,10,1,50,28,34,59,30,46,62,7,40,4,56,13,19,8,27,54,31,57,6,48,58,38,15,20,61,63,32,55,35,17,22,25,5,26,42,47,60,3,18,52,33,16,21,14,39,2,53,43
22,5,12,18,9,56,51,28,2,29,58,63,16,7,3,35,49,23,14,30,33,46,27,26,10,43,55,15,54,47,34,21,41,60,25,19,45,48,17,44,36,13,6,11,0,38,39,8,42,20,32,57,1,24,50,37,4,52,31,40,62,59,61,53
28,38,54,18,53,31,27,21,7,25,44,12,22,49,47,16,14,24,4,26,57,58,50,56,9,19,10,3,59,30,52,48,15,39,5,32,43,45,20,36,41,60,37,29,2,35,13,40,33,51,61,1,42,0,17,62,63,34,11,8,55,6,23,46
19,15,36,53,32,16,63,4,10,25,59,31,30,62,34,52,51,9,17,14,54,48,28,22,41,24,0,27,49,8,26,1,13,57,38,56,23,12,18,61,55,39,50,46,5,11,33,43,20,45,21,60,44,6,40,3,47,37,35,58,2,42,7,29
0,54,53,60,18,27,30,61,8,11,40,19,23,33,32,57,52,22,35,17,59,26,7,16,63,31,21,25,42,48,38,12,43,13,45,50,44,5,2,20,10,46,56,4,58,62,37,34,3,41,49,39,28,14,47,15,51,29,24,9,36,1,6,55
62,23,26,42,54,33,18,38,61,43,4,6,21,63,50,8,2,57,13,52,30,3,32,34,36,0,27,40,44,60,49,56,29,11,41,53,37,10,1,51,20,24,39,35,45,19,7,25,15,14,9,55,28,58,59,47,48,46,12,5,22,17,31,16
20,30,52,48,63,18,8,57,59,28,17,1,32,21,51,19,42,54,23,5,14,34,24,55,11,46,10,26,60,3,33,6,36,25,0,53,50,15,47,7,40,41,38,31,12,9,4,27,61,62,2,37,56,49,35,29,16,13,58,39,43,44,45,22
7,19,27,43,38,2,34,53,50,59,35,54,47,57,32,23,15,4,14,1,13,29,8,45,20,61,6,26,9,63,22,37,16,10,46,12,30,62,33,18,51,49,48,56,5,25,52,39,24,28,17,58,40,44,60,21,42,41,0,11,36,3,55,31
27,63,23,39,19,37,32,55,12,7,47,29,9,26,11,60,40,38,8,3,35,1,4,49,25,24,44,48,34,20,10,58,14,21,43,5,59,46,28,33,54,56,13,57,16,51,17,42,41,62,53,36,2,45,50,61,0,15,22,30,6,18,31,52
44,38,24,33,25,3,13,27,12,41,14,62,61,5,32,54,26,63,28,56,58,9,34,19,4,29,8,15,2,30,31,53,57,35,18,49,42,11,51,45,17,36,0,23,1,48,55,16,39,60,50,52,6,47,43,20,46,7,21,40,10,37,22,59
28,61,50,20,44,6,35,58,10,23,37,46,51,62,22,36,13,21,29,0,27,9,4,11,54,53,7,2,25,33,8,63,57,3,41,45,43,34,52,32,56,31,15,18,19,40,24,55,17,38,30,49,16,48,5,42,1,60,59,14,12,26,47,39
36,39,28,5,23,61,12,18,26,30,50,55,41,48,19,58,3,59,9,10,11,4,15,51,13,8,0,17,46,42,60,40,32,37,22,24,33,44,38,2,52,21,49,57,43,56,1,7,20,6,53,35,25,45,63,14,54,47,27,16,31,62,29,34
43,42,47,3,41,31,63,36,21,52,38,24,14,45,44,35,40,0,23,62,53,25,51,10,29,32,17,30,5,26,54,4,18,56,16,19,55,6,1,13,20,61,2,9,34,33,50,7,8,15,48,12,28,58,49,57,11,59,22,37,39,60,27,46
38,60,47,39,11,9,10,2,16,45,63,12,56,29,8,57,51,35,6,15,18,50,13,36,34,30,49,53,26,33,41,59,19,46,20,55,27,43,37,1,22,32,31,52,61,0,62,42,58,23,24,48,17,14,28,7,5,4,25,3,54,21,40,44
31,51,56,37,28,43,48,24,4,33,44,16,10,0,27,50,20,32,30,22,35,15,2,29,62,60,26,57,63,54,1,58,53,3,47,8,17,45,36,61,52,23,14,46,6,12,13,38,39,25,5,7,59,41,55,34,49,9,11,18,21,19,42,40
22,44,33,15,45,55,32,46,26,42,38,48,35,20,21,34,54,6,41,14,3,5,25,37,39,61,59,2,49,8,17,50,24,23,0,40,13,51,47,16,18,36,58,52,11,1,27,62,43,63,9,4,7,60,30,53,31,19,57,29,12,28,56,10
11,10,3,24,41,47,2,37,17,39,22,26,62,53,14,56,42,51,9,59,45,54,55,52,5,15,60,8,1,4,30,35,7,28,0,33,12,57,23,18,25,50,20,13,31,49,43,21,40,36,58,29,27,6,38,63,16,48,19,46,34,61,44,32
23,59,18,11,25,47,26,21,36,10,19,55,42,20,27,60,43,1,51,61,46,30,0,9,62,57,12,3,16,13,5,39,8,50,22,6,41,4,32,40,45,28,14,49,56,2,17,35,58,48,44,31,24,54,53,34,33,52,15,29,7,63,37,38
52,28,25,56,29,8,55,45,4,43,42,6,17,26,13,46,44,22,2,40,58,50,36,0,34,61,20,35,31,5,15,16,21,60,33,39,54,63,7,24,32,37,53,12,3,23,49,51,27,10,1,18,47,62,59,11,30,48,19,41,9,14,38,57
47,13,19,39,12,35,28,5,27,4,51,62,25,55,16,60,48,31,37,17,56,57,7,42,36,61,52,34,14,30,22,21,33,1,23,46,54,18,41,45,20,2,44,0,59,38,50,6,29,58,49,32,3,24,10,11,26,43,40,15,8,9,53,63
36,30,46,53,62,33,34,23,16,2,63,10,25,3,22,58,41,24,32,37,9,26,19,12,39,20,42,47,52,11,1,61,45,31,59,43,54,18,40,51,6,7,4,57,55,50,60,21,49,0,14,5,27,56,48,15,13,44,28,8,29,17,35,38
47,35,40,56,33,7,48,29,46,50,44,25,60,0,53,16,32,1,12,22,14,13,45,24,15,17,28,23,8,49,39,37,52,26,2,5,61,3,19,10,63,34,62,36,58,18,57,59,20,42,4,41,11,27,30,38,43,54,31,6,55,21,9,51
6,53,60,18,44,38,61,46,37,40,4,36,41,50,24,17,23,28,19,54,63,51,34,42,56,2,31,55,47,45,11,33,3,59,9,32,10,25,58,35,30,0,39,13,12,21,49,62,22,5,29,48,14,1,26,43,7,15,52,20,27,57,16,8
34,3,59,5,38,39,0,51,16,6,25,12,48,33,60,9,45,42,14,1,7,18,47,32,31,27,41,10,54,63,37,44,8,26,30,50,28,56,4,52,22,2,23,13,20,61,19,36,43,57,17,49,35,29,24,40,46,53,55,58,11,15,62,21
2,22,12,63,45,14,60,25,48,17,1,19,53,9,21,4,23,7,5,35,33,36,20,10,39,31,43,29,6,59,41,8,54,40,32,18,47,0,55,46,52,57,11,42,61,13,30,26,24,49,28,38,56,58,34,37,16,44,51,15,50,3,27,62
42,18,48,8,25,28,43,54,29,7,32,27,36,12,3,34,60,61,14,39,1,2,31,52,22,38,44,35,47,51,6,37,16,30,4,57,53,49,46,58,59,10,0,19,21,50,5,41,15,11,23,40,13,9,55,24,26,62,20,33,56,45,17,63
18,21,32,15,13,17,8,25,23,37,46,14,24,51,27,4,6,19,60,34,48,62,58,26,10,31,52,2,53,39,41,47,56,30,45,5,16,7,44,61,63,3,29,22,59,1,54,0,11,43,57,49,40,33,50,42,55,12,35,38,20,36,9,28
40,4,7,28,5,44,33,51,9,47,29,16,23,13,17,54,34,25,10,19,35,58,2,62,22,8,39,56,3,11,61,53,12,63,15,57,41,1,55,46,24,60,45,31,48,43,32,30,50,21,52,18,42,37,20,0,26,27,36,38,49,14,6,59
4,18,37,12,10,59,46,43,39,15,35,6,17,2,42,13,29,25,34,45,27,26,60,41,44,52,21,33,1,19,32,22,54,36,58,62,31,14,5,23,7,30,8,20,47,3,51,28,0,48,57,53,49,40,55,11,24,63,16,38,50,9,61,56
26,35,62,63,5,47,27,11,15,32,6,58,28,1,41,29,37,25,33,59,8,18,36,7,42,4,17,51,40,24,23,14,3,19,44,60,20,30,52,57,9,16,10,50,49,43,22,21,55,12,46,39,2,0,31,53,56,34,61,45,48,54,13,38
6,37,8,48,47,16,5,53,24,39,33,58,15,32,30,2,40,57,25,54,51,59,43,7,17,21,44,60,31,55,56,22,13,34,52,23,50,42,12,49,35,10,38,18,41,4,19,20,14,26,45,9,46,28,0,61,29,27,11,36,62,3,1,63
16,5,51,19,55,61,30,46,47,63,43,50,0,21,39,60,58,62,25,8,6,11,59,9,53,29,28,23,13,22,31,38,15,27,37,45,35,32,17,57,14,4,33,49,20,2,12,10,54,56,34,24,40,41,44,36,1,7,42,48,3,52,26,18
39,49,46,43,40,19,22,54,5,23,55,47,61,32,21,11,27,57,59,52,6,25,0,34,13,7,24,33,12,37,31,63,35,3,17,50,45,36,42,18,1,48,58,15,10,20,16,9,38,14,26,30,28,41,8,2,4,51,62,60,44,53,29,56
0,10,38,52,39,15,58,16,8,49,47,27,2,53,3,6,59,46,20,33,25,63,44,24,5,28,4,34,36,41,48,21,62,42,61,9,18,13,26,17,50,1,43,31,40,37,29,54,55,22,57,51,56,14,11,30,23,60,45,35,7,12,19,32
27,22,1,8,51,7,58,44,31,12,24,61,25,52,11,36,39,54,6,28,32,10,2,0,45,46,14,35,59,5,26,57,29,43,33,53,60,37,16,38,17,13,21,20,34,42,15,41,55,63,56,9,47,19,18,4,50,62,40,49,3,23,30,48
3,58,48,11,15,14,63,2,30,41,50,5,52,29,8,59,44,9,25,46,4,43,42,39,22,35,0,21,60,34,56,13,12,24,27,32,23,55,19,45,36,51,54,61,16,31,49,7,6,62,17,26,20,28,37,33,53,1,10,47,18,57,40,38
43,56,12,46,42,41,13,50,17,44,31,22,21,59,4,1,47,60,33,5,29,36,62,49,2,39,32,45,7,37,34,3,8,16,23,35,24,57,30,20,28,54,11,52,27,10,61,48,58,25,0,55,6,40,14,26,9,63,15,38,51,19,53,18
59,15,39,1,37,3,35,55,7,14,33,26,61,49,48,45,40,10,27,13,18,58,60,2,36,24,38,4,32,46,17,5,43,22,0,12,54,50,42,34,56,44,30,9,20,8,16,6,62,21,41,63,53,52,25,28,19,51,47,23,31,29,57,11
22,34,35,7,19,1,45,9,50,38,55,26,56,23,41,63,61,3,44,48,16,14,52,58,53,36,37,40,10,18,49,32,59,47,20,42,60,12,5,24,6,8,15,57,27,43,4,0,11,31,46,25,51,28,29,33,13,17,30,39,54,21,2,62
37,12,50,42,39,9,36,35,30,1,63,53,54,46,3,45,40,33,21,60,29,17,56,11,22,19,47,55,27,48,41,10,32,0,18,16,14,58,51,24,5,7,34,38,43,52,15,23,2,28,49,4,59,61,8,25,13,62,31,26,6,20,57,44
37,6,28,23,63,56,45,40,9,21,35,39,54,53,33,22,44,41,46,18,47,52,12,14,36,8,34,10,2,42,24,17,15,29,30,49,32,61,59,3,38,27,48,26,20,7,11,1,43,51,4,58,16,13,31,0,25,50,62,5,57,55,19,60
0,59,34,5,47,32,1,26,49,62,22,42,28,18,4,25,54,41,15,20,13,57,60,35,39,14,61,19,30,23,50,21,55,52,6,11,8,51,27,58,31,36,63,48,2,56,46,24,12,40,37,33,43,53,3,16,38,29,7,9,17,45,10,44
4,41,6,25,59,24,0,58,11,31,1,50,39,32,22,42,53,61,29,3,49,33,7,57,18,36,63,43,51,28,48,19,10,13,17,47,35,23,52,8,62,20,14,2,37,16,30,60,12,26,56,44,46,15,34,21,55,27,9,54,45,5,40,38
28,5,37,57,29,24,44,46,38,26,7,58,42,62,33,21,50,53,10,60,43,51,0,3,12,34,47,15,9,6,17,8,52,23,40,41,36,32,11,55,63,45,1,49,2,16,30,4,14,18,56,59,25,54,39,13,20,22,35,19,48,61,27,31
0,43,25,21,1,11,62,20,48,60,55,14,17,49,22,36,35,5,12,27,42,47,10,26,51,33,34,6,9,30,28,15,58,3,7,45,18,57,24,29,63,40,19,50,53,46,32,38,61,2,37,39,8,31,41,54,23,13,56,16,59,4,52,44
54,15,10,8,37,9,59,21,36,52,19,53,14,30,34,46,45,4,29,50,6,25,3,55,33,61,47,39,56,60,7,12,44,31,38,57,42,20,40,2,32,35,27,63,0,16,41,13,62,1,11,49,26,24,28,23,51,48,5,43,22,18,17,58
0,43,23,37,16,57,40,61,44,3,51,32,59,8,20,63,52,7,35,26,19,42,56,45,18,5,46,12,62,24,21,6,17,13,36,29,47,50,14,60,58,48,49,22,4,34,53,30,28,2,25,54,15,1,11,41,27,39,55,31,10,33,9,38
59,44,2,15,30,21,20,13,57,54,61,63,22,42,58,32,11,37,31,8,62,50,24,3,10,19,47,12,16,46,0,56,6,43,34,23,17,7,9,14,40,18,28,35,25,60,1,29,49,4,5,39,36,45,55,48,33,41,38,26,27,51,52,53
11,45,36,47,58,61,14,38,18,22,53,37,10,50,2,7,6,33,40,63,51,29,28,27,16,39,56,34,55,5,17,4,35,13,54,30,8,0,60,48,12,49,19,15,57,46,20,32,31,44,3,1,26,52,59,23,62,24,43,9,41,21,42,25
37,60,51,5,25,48,7,16,14,20,6,27,62,2,18,38,23,9,29,61,41,45,12,15,53,1,49,32,55,24,43,35,33,63,44,21,39,40,58,52,50,19,42,56,36,8,17,0,34,22,28,10,57,59,47,4,3,46,54,26,13,11,30,31
45,52,31,39,14,34,51,61,13,1,3,21,38,57,59,16,5,62,27,44,42,40,60,18,15,25,46,9,7,10,0,23,56,12,4,43,30,41,63,32,19,35,47,53,2,29,33,8,22,49,6,20,26,55,24,37,36,58,50,48,17,11,54,28
14,17,38,15,35,40,24,7,0,49,10,36,54,8,28,46,41,44,39,47,6,55,62,2,30,34,13,37,53,33,23,50,57,27,61,4,31,21,11,20,48,42,25,43,60,56,12,59,18,29,32,63,16,26,9,3,1,5,51,19,58,22,52,45
43,34,0,13,28,60,16,5,35,19,27,57,33,21,2,9,48,44,31,45,1,38,58,3,61,20,42,47,52,56,54,6,12,32,63,17,50,51,25,26,11,41,59,8,22,49,39,15,55,40,4,24,23,46,36,7,30,14,37,62,18,53,29,10
43,33,46,13,32,38,10,48,49,51,21,60,7,12,11,1,37,2,36,28,23,9,19,40,20,35,55,24,59,4,61,50,44,16,58,5,0,56,47,34,3,30,62,29,6,14,54,45,57,27,25,17,22,52,39,53,26,41,63,31,15,8,18,42
53,41,0,35,1,16,30,23,25,55,57,62,56,15,9,48,58,38,63,31,11,59,22,36,10,5,17,61,52,26,28,51,29,3,54,20,32,7,37,60,2,18,46,8,42,44,6,24,47,39,49,13,4,45,43,34,33,50,19,12,21,40,27,14
27,25,40,7,53,12,46,39,8,45,33,51,13,57,18,42,26,31,47,54,30,43,20,11,55,38,56,50,37,62,9,17,2,35,10,44,36,48,41,1,0,14,28,5,19,49,21,15,52,60,29,32,22,34,58,23,59,61,6,24,4,63,16,3
2,45,58,32,3,4,26,61,0,33,24,22,52,21,8,36,19,60,29,62,6,63,43,27,50,9,57,38,42,25,28,34,46,39,47,41,30,40,11,10,17,20,49,48,55,1,53,5,14,23,15,31,7,37,44,54,35,13,59,18,51,12,16,56
37,21,23,48,33,2,9,4,25,17,44,8,27,29,46,51,19,11,58,61,7,28,32,53,43,10,14,63,62,47,5,31,20,55,39,57,38,59,3,6,54,30,36,60,13,49,12,18,35,0,15,24,52,26,22,16,42,45,1,34,56,40,50,41
2,51,50,40,23,3,28,53,61,58,27,42,8,52,19,31,54,59,17,15,47,56,44,13,12,35,55,60,62,48,1,5,29,10,4,21,63,34,16,26,24,37,32,20,25,57,6,45,11,36,49,38,7,46,30,14,18,43,9,39,41,33,22,0
63,20,40,30,24,60,51,18,26,54,59,36,43,44,49,53,31,39,14,28,11,52,3,33,17,47,9,5,16,37,38,6,41,48,46,8,34,55,35,56,61,10,4,1,32,27,12,23,50,42,45,57,15,29,58,7,22,62,21,2,25,19,13,0
13,27,20,56,58,48,45,28,9,36,47,39,60,22,8,29,6,54,19,14,57,62,53,3,25,23,43,44,49,26,12,52,32,38,51,41,2,15,10,21,30,63,59,61,42,40,0,18,35,5,31,24,11,34,1,7,16,55,33,50,46,37,17,4
62,57,8,1,48,28,7,31,0,39,45,54,49,26,35,32,6,43,5,29,30,41,3,10,4,22,52,51,18,37,55,11,12,47,50,16,46,60,25,40,14,23,36,56,63,20,38,21,34,17,59,13,9,15,44,24,2,33,58,61,19,27,42,53
19,58,52,49,53,55,21,29,24,22,34,3,35,14,36,48,16,5,39,25,43,44,50,12,10,6,54,8,15,17,60,27,26,31,30,18,9,40,23,61,41,4,56,13,47,1,57,46,28,33,37,42,63,7,32,38,62,51,0,59,11,2,20,45
53,34,46,12,14,2,19,43,32,40,0,11,25,41,13,51,62,20,9,1,52,4,3,59,5,15,37,35,27,61,47,63,28,31,42,58,10,39,7,6,16,8,30,48,17,57,29,55,33,36,49,22,26,45,60,23,21,54,24,50,44,18,38,56
46,58,43,48,25,9,56,12,7,51,10,4,18,27,3,42,5,22,8,20,17,37,0,55,19,52,53,13,59,39,36,33,40,54,38,32,23,15,24,1,41,28,6,62,30,63,50,21,2,16,60,61,34,26,47,29,14,49,31,35,57,44,45,11
20,31,24,26,58,57,12,42,30,45,55,9,2,34,23,17,36,8,15,38,0,59,3,44,47,14,50,6,33,4,5,37,25,51,18,53,22,56,41,32,49,52,21,10,39,60,11,63,7,1,43,46,54,16,13,40,35,28,48,62,27,19,61,29
49,32,27,28,60,41,2,35,6,56,14,42,12,36,45,43,20,30,31,63,47,58,15,26,16,46,29,21,5,13,55,8,9,38,19,48,37,7,17,25,1,3,52,57,54,39,4,23,44,51,11,61,40,18,10,0,62,50,22,24,33,53,34,59
2,49,38,48,3,18,40,52,45,22,19,39,27,1,20,24,55,10,25,47,23,63,51,9,60,0,43,32,28,16,34,58,50,29,36,41,8,17,12,26,44,57,33,14,7,53,46,54,11,61,31,5,56,21,35,42,37,4,15,59,13,6,30,62
18,23,8,6,0,20,30,35,29,9,27,31,12,19,10,5,16,58,11,43,59,62,33,28,7,54,42,25,49,48,46,47,50,14,24,36,1,45,44,26,15,37,2,3,39,55,34,38,57,22,40,41,63,51,4,32,17,60,13,56,21,53,52,61
33,59,50,40,7,46,20,10,24,26,25,14,18,34,39,31,13,55,21,60,54,49,47,8,30,41,3,0,23,51,38,53,27,48,17,57,19,22,61,36,5,12,9,6,62,35,32,11,4,29,15,1,63,28,16,52,37,2,58,43,44,45,56,42
16,54,22,58,34,0,32,33,6,26,52,63,59,2,14,13,40,30,60,61,50,4,57,5,44,49,31,53,62,35,19,48,45,12,18,11,10,24,27,29,3,47,1,51,42,38,9,56,8,21,43,15,23,41,46,25,37,55,39,17,7,28,36,20
54,15,18,28,30,26,55,27,21,5,60,38,6,62,53,20,32,44,63,17,1,11,50,57,12,14,33,36,16,34,40,39,48,46,45,59,25,61,8,42,3,4,49,2,52,24,35,37,56,58,0,10,19,47,51,41,23,13,43,29,31,22,7,9
21,10,37,34,52,29,19,30,38,7,12,18,60,63,13,48,55,20,26,5,46,49,3,27,45,47,42,33,32,41,56,22,35,57,54,43,14,53,59,58,4,0,24,17,39,15,23,50,25,61,28,2,9,1,31,62,16,11,6,51,8,44,36,40
63,4,50,61,39,20,60,29,14,8,42,33,40,49,10,38,31,9,16,22,17,28,52,34,5,13,57,1,2,0,37,32,62,55,27,43,19,18,46,24,36,59,41,53,26,11,47,7,48,54,25,35,56,44,58,6,51,21,12,3,30,45,15,23
63,42,49,19,2,32,46,9,52,15,36,38,57,51,4,62,13,3,22,23,16,14,34,60,33,30,1,28,17,50,44,39,43,47,41,55,61,27,54,31,26,21,8,40,24,58,11,45,29,10,18,7,25,48,20,5,35,56,12,6,37,0,59,53
59,16,25,15,57,60,51,26,29,13,4,17,20,32,37,3,53,5,62,41,45,27,19,1,31,6,54,28,42,21,61,55,7,10,46,23,40,39,8,18,63,56,52,0,44,12,24,58,49,47,9,36,30,35,34,33,38,2,43,50,14,48,22,11
11,57,30,56,4,39,22,43,42,33,25,3,48,6,28,8,12,45,10,62,36,16,60,20,24,53,54,5,18,55,14,0,34,2,1,26,47,9,40,44,32,13,17,50,35,49,52,38,58,31,61,59,7,21,63,19,15,51,23,46,27,41,37,29
39,27,55,50,15,51,13,48,9,21,17,52,38,22,33,10,56,35,5,18,23,4,49,53,8,47,12,42,11,1,31,60,20,24,40,63,6,62,41,7,59,29,0,44,61,3,34,37,16,19,32,58,28,45,14,30,25,54,26,46,43,57,36,2
6,63,53,60,31,44,16,30,25,2,33,9,22,11,1,10,13,14,56,29,0,18,50,24,19,4,41,40,46,62,38,3,49,15,57,17,51,43,58,27,61,37,32,48,34,45,5,52,7,23,42,59,36,8,47,28,39,20,35,54,12,26,21,55
25,16,62,30,32,14,61,31,7,26,17,4,42,0,44,54,53,19,48,50,41,21,55,58,56,18,3,10,51,1,37,22,9,45,35,11,20,13,40,29,8,59,36,12,63,60,38,52,28,24,49,47,15,23,57,5,2,33,34,39,6,46,43,27
44,55,14,40,43,4,60,25,13,17,34,31,29,38,54,11,0,51,30,47,12,52,20,15,62,53,19,45,10,42,33,1,3,2,23,48,46,18,32,61,59,22,26,16,63,6,7,49,28,27,50,58,36,39,8,9,56,57,41,35,24,5,37,21
26,21,24,20,46,61,41,19,2,15,7,63,1,32,22,30,28,55,12,25,5,8,56,6,52,10,0,23,34,44,35,29,58,53,51,4,9,45,48,27,16,40,42,43,38,49,13,33,47,59,62,54,31,37,3,39,57,11,17,14,18,60,36,50
1,13,25,49,39,46,42,2,23,8,29,14,12,3,47,15,7,50,24,56,35,36,45,6,55,34,41,30,18,32,26,9,31,51,16,22,60,59,58,53,57,33,5,44,21,37,11,54,61,62,19,27,48,10,4,40,38,20,17,63,52,43,28,0
5,29,48,24,51,61,33,36,50,62,8,32,54,59,19,9,21,40,35,16,46,58,11,14,28,42,49,18,27,44,45,52,47,43,25,1,2,39,38,26,20,17,10,34,53,37,0,30,56,4,6,15,13,63,22,57,23,7,41,55,12,60,31,3
44,27,19,10,1,11,26,45,22,63,0,4,39,13,48,37,58,36,40,14,30,20,59,55,31,62,35,2,38,28,41,7,53,5,17,46,29,34,51,23,32,21,25,56,47,52,57,16,3,49,9,54,61,18,33,42,50,6,8,15,12,60,43,24
8,56,39,37,9,52,60,45,55,1,61,11,53,19,33,32,50,44,49,5,46,13,26,25,3,30,22,2,28,10,42,34,57,43,58,14,23,51,21,29,18,24,54,59,4,6,35,20,0,48,62,31,41,7,17,40,16,15,27,63,47,12,36,38
45,51,61,4,26,18,28,60,41,37,2,50,56,16,3,47,32,55,30,15,39,19,9,59,17,22,20,43,1,44,46,52,58,35,36,53,31,29,7,13,6,54,21,49,40,63,23,57,24,25,10,5,12,48,0,42,27,8,38,14,62,11,34,33
41,7,32,13,23,40,17,4,30,59,18,43,20,2,5,55,63,0,27,53,39,16,3,50,52,1,33,19,54,62,34,38,58,10,37,42,12,60,47,57,31,9,56,6,61,46,11,49,44,29,36,26,25,14,28,35,8,45,21,48,22,24,51,15
21,47,17,60,12,1,29,39,44,55,63,18,6,61,32,27,40,20,51,50,23,14,5,30,52,33,53,0,34,15,26,48,49,37,25,54,38,56,57,59,24,58,11,46,13,41,2,42,22,9,36,4,31,19,7,62,43,28,16,10,35,3,8,45
13,62,32,24,54,41,12,7,0,55,51,26,14,40,20,57,11,29,43,36,56,15,22,45,25,47,33,35,61,42,34,49,17,53,30,3,63,58,6,2,31,48,46,1,59,52,16,21,38,10,28,19,37,39,23,5,9,44,8,18,27,60,50,4
61,50,40,5,47,44,24,32,9,62,15,0,39,14,21,29,22,16,13,43,3,25,20,28,45,30,23,53,27,11,35,57,8,4,34,41,42,63,51,58,38,7,31,6,26,12,55,2,46,36,54,33,60,1,59,17,18,10,49,19,37,56,48,52
3,60,5,44,14,37,1,49,35,32,0,47,34,42,6,28,2,63,26,22,18,13,45,10,38,57,50,59,46,16,19,9,40,25,11,55,31,4,36,41,27,24,61,20,51,43,52,58,33,7,54,8,53,48,39,23,56,15,29,62,17,30,21,12
48,53,41,63,21,15,2,8,38,58,32,5,4,37,35,7,57,19,50,44,30,26,31,1,27,36,55,42,23,28,29,9,61,45,62,33,12,25,22,18,11,3,56,13,20,39,49,0,59,10,6,54,60,52,24,47,43,17,46,14,16,51,34,40
61,40,46,31,58,11,32,35,21,28,9,57,39,52,3,18,15,6,53,62,1,33,24,59,5,38,8,34,55,2,51,63,17,50,36,60,20,43,37,54,12,23,22,30,47,7,29,26,41,14,49,44,0,13,42,45,56,19,4,25,10,27,16,48
9,57,51,5,56,4,40,35,50,11,41,38,20,37,8,19,46,63,60,52,31,61,2,10,1,34,49,0,58,43,59,26,42,14,25,18,47,29,23,17,55,54,44,3,7,15,39,21,12,45,62,28,24,32,13,48,30,27,53,22,36,33,6,16
12,32,0,6,9,53,28,58,35,49,1,34,47,51,26,3,52,50,46,54,22,10,56,27,8,13,16,24,42,19,62,21,2,30,55,48,29,5,36,39,37,40,17,41,63,31,38,7,23,20,43,14,4,33,60,18,15,45,44,57,59,25,61,11
39,1,23,49,38,57,2,63,34,13,18,7,35,36,21,44,25,53,28,22,50,6,14,33,30,40,51,48,0,11,19,41,31,32,8,27,20,15,45,42,55,5,54,60,3,46,62,4,61,43,29,56,9,24,16,59,17,37,26,58,10,12,52,47
18,54,26,32,5,50,28,1,42,13,60,15,59,51,31,37,34,63,35,7,30,41,17,4,43,0,33,27,57,40,16,62,10,53,48,24,20,36,21,29,14,2,52,58,8,39,47,22,46,23,56,12,61,11,3,44,45,55,19,38,6,49,25,9
3,13,15,16,45,12,27,33,22,29,24,31,62,36,49,52,53,0,39,60,9,17,8,11,41,32,21,63,56,34,1,20,44,42,4,57,40,18,26,61,6,10,28,23,59,48,5,55,50,46,30,37,43,35,25,58,14,2,38,19,7,47,51,54
41,9,47,37,18,50,54,24,34,27,20,43,3,21,57,29,38,23,39,32,35,59,60,6,0,58,1,2,25,10,42,12,46,17,5,44,51,48,40,16,36,61,13,31,55,62,49,52,26,4,53,8,28,45,30,14,22,19,56,63,7,33,11,15
8,24,38,0,47,52,4,23,6,61,12,17,49,53,22,28,44,1,29,63,55,41,57,15,60,3,11,34,58,30,54,2,21,5,59,40,20,16,48,42,25,10,46,13,35,36,37,50,18,9,43,32,19,51,33,27,26,31,62,56,7,14,39,45
27,10,4,20,15,7,53,19,48,8,3,57,45,42,50,29,63,38,16,26,30,56,25,14,0,23,52,2,54,28,6,34,5,13,33,49,43,18,24,40,39,55,36,51,31,37,1,21,17,47,59,60,58,41,12,35,32,22,11,44,62,61,46,9
44,58,25,43,7,50,15,9,63,57,23,17,16,11,41,14,38,40,19,5,26,4,33,49,31,1,29,45,34,37,0,21,61,56,24,55,36,8,53,22,46,54,3,51,10,52,2,62,59,18,30,6,35,47,13,27,20,60,42,32,12,48,39,28
41,34,23,17,10,5,39,7,46,63,28,27,29,35,22,55,45,4,42,8,37,43,38,0,26,32,12,25,56,11,58,47,3,1,40,62,53,57,33,18,36,52,49,30,2,54,44,20,6,48,60,16,61,51,14,13,31,9,15,50,24,59,21,19
42,55,25,57,52,35,38,19,8,50,56,54,58,20,16,53,18,61,63,3,39,22,5,41,40,59,28,23,49,36,12,31,4,46,43,51,32,10,9,34,13,6,17,15,11,60,26,45,7,27,33,1,29,0,37,30,21,48,24,14,2,47,62,44
3,31,33,7,16,50,25,47,43,30,29,56,63,19,1,13,24,14,45,32,15,38,52,60,48,10,40,53,37,9,61,17,62,42,12,27,6,54,20,44,57,55,2,51,18,28,36,34,41,23,21,22,58,0,39,26,5,49,4,35,59,8,11,46
62,60,16,17,21,3,59,6,31,24,30,13,4,44,53,61,52,37,27,14,2,11,28,20,8,45,29,0,5,43,35,19,50,22,57,32,46,1,33,18,15,42,26,40,58,9,55,38,39,34,54,48,10,23,47,7,36,56,41,25,12,49,51,63
6,20,41,35,21,29,12,23,26,3,1,4,40,53,30,38,48,47,14,42,32,19,55,37,62,44,60,17,8,5,24,34,63,50,11,27,46,54,43,2,52,36,22,18,0,28,25,7,16,33,58,45,10,51,13,49,57,56,31,39,9,59,61,15
56,10,43,5,13,44,30,22,36,61,4,37,31,54,20,25,15,7,53,32,2,28,3,47,29,24,1,11,0,50,8,51,33,16,49,6,9,21,19,55,23,52,38,42,60,26,27,46,62,35,39,34,14,48,17,12,59,45,57,18,40,63,41,58
30,43,19,63,33,12,25,36,18,7,59,10,50,11,60,51,0,17,46,45,38,22,9,56,21,2,31,39,28,53,52,27,5,26,23,20,40,6,16,34,42,13,37,15,32,47,3,54,8,35,1,55,48,62,57,14,24,29,61,58,4,49,44,41
24,35,61,43,11,55,48,16,50,19,21,22,60,12,52,2,29,20,0,5,26,17,56,63,40,38,39,15,62,4,58,47,33,49,59,8,23,42,9,46,1,54,36,57,3,30,51,45,13,37,31,25,34,32,14,44,7,53,10,28,6,27,18,41
37,61,49,52,38,51,35,4,53,60,26,12,0,13,24,43,30,14,50,57,21,20,48,7,17,32,59,5,45,19,28,58,54,3,25,2,18,41,23,44,11,62,56,34,39,6,10,9,27,46,36,29,15,63,8,31,40,42,47,22,55,33,16,1
1,56,37,35,8,60,27,57,33,46,44,4,9,11,40,62,7,10,14,32,41,54,34,28,21,31,5,29,0,24,15,61,47,63,13,12,50,6,25,55,19,3,2,39,22,17,43,51,42,16,45,30,20,26,59,49,48,23,58,53,36,38,52,18
12,22,13,5,14,56,59,60,43,20,57,8,24,1,2,49,27,3,38,45,29,33,4,16,54,0,21,44,42,46,47,52,55,58,30,31,34,48,32,17,35,37,53,15,19,63,50,18,25,23,36,41,39,26,9,6,28,10,40,11,61,62,7,51
34,57,18,14,5,54,10,12,27,50,37,22,28,8,46,25,44,20,43,24,35,4,59,52,31,63,19,33,6,17,32,2,29,7,38,56,40,15,42,62,51,58,11,16,23,60,39,0,53,61,13,1,55,49,21,3,45,30,36,48,47,41,9,26
7,4,17,33,45,22,62,1,38,3,44,28,51,52,55,23,21,6,32,40,43,47,49,12,63,39,14,15,58,11,34,2,61,29,36,53,56,31,42,54,26,48,16,9,20,30,5,25,46,10,50,8,27,59,0,19,13,41,60,57,18,35,24,37
57,17,18,30,51,3,2,21,1,25,42,61,11,39,0,7,63,8,16,40,4,13,55,56,36,12,37,62,41,50,54,52,20,58,15,28,49,26,60,53,59,35,27,45,31,34,19,38,6,29,32,46,44,22,10,33,47,24,14,9,5,43,23,48
39,30,57,37,29,58,8,26,16,46,55,33,3,11,54,38,41,60,63,25,48,4,44,42,59,1,12,32,61,34,18,51,7,53,9,28,2,27,62,35,13,52,21,17,6,14,36,49,31,19,40,23,24,43,5,45,0,22,50,56,20,15,10,47
41,14,54,45,8,19,29,58,10,49,3,46,60,17,42,28,39,20,13,9,48,5,31,47,37,50,53,56,52,32,43,22,6,61,55,25,11,34,38,15,12,35,36,26,2,24,63,7,33,4,40,23,30,57,44,62,51,0,1,18,21,59,16,27
41,10,49,50,19,21,13,60,26,38,30,37,33,52,2,11,62,47,7,45,0,5,46,4,25,12,53,14,1,6,23,20,8,28,9,59,3,58,44,16,27,36,43,56,42,54,40,29,63,48,15,17,61,55,32,57,51,22,24,35,34,18,31,39
16,54,51,13,36,6,34,32,43,1,17,3,46,26,52,10,29,60,23,45,58,44,28,49,31,7,39,38,35,2,22,14,25,8,9,55,41,40,21,56,57,50,30,19,15,61,11,62,0,53,24,4,20,12,42,59,33,5,47,48,27,37,18,63
7,34,50,18,27,39,0,5,14,61,16,24,59,12,4,1,17,45,54,15,62,13,30,25,60,38,10,57,48,47,31,8,19,32,58,3,41,55,40,22,28,44,53,36,43,42,49,37,52,33,51,46,35,11,56,29,6,9,21,2,63,23,20,26
19,24,39,1,46,56,9,32,57,63,60,50,8,36,15,29,62,33,5,45,28,54,41,27,61,49,7,25,35,6,2,3,55,14,31,38,58,37,12,10,21,17,34,16,30,26,40,47,43,53,22,18,0,13,20,44,52,59,42,11,51,23,48,4
57,4,32,13,52,7,15,31,39,5,51,50,45,21,41,17,62,18,16,42,9,12,29,34,43,58,55,37,60,19,40,23,28,36,59,44,24,0,1,8,49,26,33,63,11,30,61,3,53,6,2,25,54,35,48,10,46,27,38,56,22,20,14,47
0,3,52,33,1,44,18,45,12,29,30,57,54,39,35,6,31,36,49,50,19,43,8,41,32,9,2,10,17,11,56,53,26,4,61,20,38,27,7,46,40,16,59,58,34,15,51,22,24,37,21,14,28,48,55,25,47,5,60,63,62,13,23,42
53,41,19,21,5,47,16,59,57,24,18,0,9,51,44,50,39,40,42,7,37,60,28,30,20,29,55,22,23,61,54,17,4,49,38,46,3,1,12,34,13,2,27,8,45,35,62,10,25,52,15,6,48,31,14,32,58,63,11,43,56,36,26,33
22,52,15,48,28,5,3,18,35,56,46,54,51,7,16,29,43,61,13,31,9,55,27,45,60,21,38,19,53,6,32,0,4,59,24,23,17,50,8,41,42,40,26,63,10,37,33,58,39,57,20,11,36,30,44,47,62,2,25,14,1,12,49,34
59,5,28,53,3,6,20,56,55,44,26,45,57,46,22,31,8,34,1,60,24,35,40,14,52,16,13,12,37,51,54,27,49,15,61,29,36,11,17,7,63,58,2,32,38,47,62,18,41,30,9,23,4,39,43,50,21,48,25,0,10,19,33,42
49,37,46,51,5,32,55,43,12,0,8,19,38,58,27,10,42,62,47,54,63,21,1,28,4,56,11,24,45,34,14,2,22,16,53,6,20,7,39,41,50,25,52,44,15,29,60,23,3,31,30,26,36,9,17,48,57,33,13,40,35,18,59,61
21,44,45,63,20,33,58,47,23,15,57,1,19,40,14,29,46,0,18,28,61,38,17,35,22,42,53,12,41,50,27,10,60,3,25,2,43,4,5,26,55,24,52,31,56,11,48,49,13,16,30,37,39,62,9,8,6,34,32,7,54,51,59,36
3,55,57,18,52,32,11,8,49,48,47,63,25,42,23,1,46,26,39,4,50,19,34,43,24,17,59,44,27,45,54,14,15,61,22,56,40,53,41,5,33,58,28,13,60,2,9,38,10,36,21,37,62,6,7,12,20,0,31,30,29,51,16,35
12,6,61,35,55,26,8,41,19,22,18,5,59,40,63,39,23,10,60,20,58,25,30,31,4,3,17,21,38,2,52,7,62,14,29,42,45,15,57,27,37,51,33,34,13,48,43,44,36,32,16,54,46,0,28,9,24,56,1,47,50,11,49,53
47,35,22,12,2,58,23,6,56,51,44,63,54,61,25,45,38,15,28,57,33,43,19,10,50,39,13,52,0,30,9,11,29,21,42,7,24,48,37,53,1,32,20,46,26,34,55,3,18,59,60,49,4,5,14,27,36,40,31,17,16,8,41,62
20,24,42,48,2,35,13,43,44,41,31,63,0,52,36,30,55,56,22,17,39,45,12,61,47,62,19,27,25,38,1,54,14,46,4,59,8,58,49,53,34,26,18,10,57,32,33,15,5,21,6,28,7,9,60,23,51,40,3,29,16,11,37,50
47,16,39,0,4,11,2,5,40,25,12,6,37,48,17,50,60,1,31,13,49,44,43,22,3,41,55,35,34,62,29,20,15,46,42,27,53,19,54,57,52,36,23,8,28,21,59,51,32,63,45,61,9,18,14,10,56,58,38,30,7,26,24,33
50,12,60,58,17,13,41,47,32,18,62,48,10,33,37,27,59,29,28,55,20,22,57,44,26,39,4,49,15,45,5,9,25,8,6,7,0,54,42,46,16,11,21,1,43,3,53,24,63,30,23,40,19,2,38,61,52,35,51,31,34,14,36,56
42,26,6,33,5,28,19,44,35,8,63,31,23,54,34,55,9,52,2,32,41,61,16,57,27,30,47,50,36,46,48,59,53,12,20,56,29,15,14,25,11,10,21,39,49,22,60,58,7,18,4,37,3,43,1,17,40,45,24,51,62,0,38,13
14,11,50,60,45,34,0,56,43,44,41,37,23,63,36,39,30,10,22,40,15,24,26,20,32,55,33,6,53,3,57,31,28,47,27,52,13,51,18,61,16,4,38,9,59,42,29,62,25,12,17,35,8,7,2,54,1,49,21,19,48,5,46,58
29,16,57,11,42,53,48,61,49,36,58,63,22,52,26,37,38,41,12,15,54,23,14,1,25,51,30,40,33,31,32,13,47,19,45,2,18,21,27,56,3,50,0,4,28,7,55,43,24,46,5,34,10,20,62,17,39,35,60,44,59,8,6,9
30,8,9,59,36,22,27,14,17,42,0,54,24,4,58,25,23,41,56,20,60,15,55,1,11,21,3,39,52,26,43,63,53,50,34,46,31,28,32,40,5,44,35,48,33,2,57,19,37,45,29,62,12,49,51,38,18,61,7,16,47,13,10,6
23,58,51,30,37,17,34,15,60,10,24,27,21,56,9,57,16,48,53,44,22,26,47,31,18,29,52,55,20,59,41,13,45,62,40,36,32,0,39,63,42,2,6,61,4,19,5,3,46,33,25,50,12,28,54,38,7,14,11,1,8,43,49,35
12,48,61,4,18,10,21,57,26,53,1,34,8,41,54,60,29,2,43,14,13,27,5,25,63,32,7,46,16,30,58,52,38,31,19,42,51,40,17,45,49,37,47,50,56,15,39,3,59,33,28,36,0,9,22,55,23,62,35,6,11,20,44,24
33,57,5,52,58,35,13,6,21,42,8,7,18,20,44,47,61,1,62,34,38,43,31,0,41,63,32,36,48,15,17,14,30,49,4,54,46,22,40,39,10,23,60,11,50,2,51,29,3,28,37,59,16,12,27,45,19,56,9,25,26,24,53,55
10,49,59,38,52,28,19,26,18,0,16,2,46,31,58,63,5,32,20,56,7,29,8,42,45,27,57,25,60,3,13,24,17,53,44,6,41,21,12,50,55,47,51,23,37,43,61,39,48,40,4,34,1,11,9,30,15,36,54,33,62,14,35,22
61,10,33,7,25,20,34,53,52,36,22,11,42,47,0,49,48,2,59,50,45,29,57,39,38,27,37,19,17,51,40,13,41,55,6,1,30,35,58,46,18,28,32,12,23,15,8,3,14,60,4,43,31,54,62,24,9,63,21,26,5,56,44,16
39,13,31,48,54,19,53,5,15,45,51,4,34,59,11,25,47,20,18,7,62,56,14,22,37,55,8,58,43,61,44,3,21,50,41,30,1,23,2,17,63,33,38,32,28,42,10,46,36,16,26,60,27,24,49,35,57,52,6,40,0,12,29,9
3,45,32,1,4,22,51,55,46,40,18,27,2,48,53,25,29,9,59,49,56,10,5,58,43,26,33,54,17,47,14,13,7,21,6,41,30,31,8,60,11,19,24,35,0,38,20,36,44,37,28,23,57,62,42,34,16,12,63,61,15,52,39,50
13,60,46,55,34,59,10,18,43,20,36,6,63,50,0,29,28,8,16,56,31,30,3,48,53,5,47,2,44,41,7,32,19,24,23,51,12,11,4,27,39,14,9,58,52,35,57,54,45,42,33,15,26,38,17,37,22,62,49,40,61,1,25,21
61,39,55,53,10,3,57,7,13,43,38,4,19,40,47,8,54,42,11,6,15,18,48,28,52,5,35,36,63,12,59,21,51,60,1,50,2,9,41,46,30,34,16,27,29,17,32,49,23,33,45,0,20,22,14,25,62,24,37,31,58,26,44,56
23,45,15,24,22,49,2,36,11,55,62,3,34,39,60,32,35,27,20,59,37,50,30,46,54,21,52,0,58,13,28,44,41,29,61,42,12,51,17,40,33,18,48,14,6,4,16,5,25,10,9,26,38,19,43,47,1,31,53,56,8,7,57,63
4,47,39,43,28,7,55,22,49,52,57,62,23,34,24,15,11,25,3,37,26,61,33,9,14,27,18,42,54,40,38,50,30,44,6,45,46,35,31,58,2,36,21,16,51,10,59,48,63,20,12,29,17,60,5,19,1,56,13,41,8,53,0,32
29,28,16,9,12,53,62,17,63,20,5,49,42,19,8,30,4,1,35,56,22,7,54,25,57,18,6,27,61,46,52,31,14,15,58,38,2,43,24,40,21,32,39,34,13,59,51,55,44,47,0,10,23,33,37,45,36,11,50,26,60,3,41,48
33,36,45,31,43,20,41,11,61,47,55,32,37,56,49,13,5,23,19,44,28,54,8,51,1,59,9,10,38,25,40,0,30,26,58,17,16,21,3,18,52,60,53,57,15,62,63,27,6,46,34,29,4,48,2,22,42,24,12,7,35,39,14,50
25,12,57,43,20,19,40,32,23,45,55,58,61,34,3,21,4,41,24,52,11,1,38,35,46,27,22,29,56,16,48,14,6,44,18,17,42,15,54,60,47,33,39,50,59,10,51,9,26,36,30,62,7,31,37,28,0,13,2,63,5,49,8,53
26,0,39,54,62,43,48,47,36,40,46,57,18,30,19,31,15,63,6,42,56,41,13,28,27,35,7,23,12,16,29,11,53,5,4,24,59,10,14,20,17,37,3,49,58,9,32,50,44,21,2,38,1,22,51,52,61,34,8,60,25,33,45,55
36,30,11,35,34,48,57,0,15,2,56,49,3,59,1,29,27,45,37,24,25,23,44,46,40,22,47,5,51,18,61,28,20,26,6,53,7,60,54,8,21,19,4,12,10,17,63,50,42,32,14,33,43,16,9,52,58,55,41,31,38,62,13,39
41,15,4,5,44,50,0,46,32,33,1,57,14,20,52,58,61,6,37,16,7,21,60,28,30,11,13,63,26,36,45,22,40,47,34,59,17,42,54,31,53,10,35,12,29,8,39,51,18,38,25,56,3,24,2,9,19,49,43,55,23,62,48,27
29,49,28,31,40,6,51,46,9,2,44,20,17,19,18,23,61,0,16,24,22,38,48,27,12,33,47,36,52,30,13,8,50,25,58,39,14,59,26,60,54,62,41,21,56,4,37,10,45,1,57,34,55,43,35,42,5,3,53,32,15,11,7,63
38,33,8,53,0,34,4,29,15,61,11,36,62,32,10,19,44,25,1,20,31,12,2,28,45,23,59,16,24,37,22,3,47,57,60,5,58,54,35,52,21,40,30,63,55,6,7,14,9,17,50,26,51,18,27,13,43,42,48,46,56,39,49,41
41,30,59,46,32,50,62,26,4,28,39,36,9,15,21,52,33,18,63,40,42,22,48,61,19,14,53,47,8,51,25,29,54,44,38,55,34,23,56,1,31,45,37,27,6,7,60,35,57,3,43,0,11,12,24,20,5,16,10,58,13,49,2,17
12,62,37,45,52,63,21,46,5,42,32,18,35,34,61,38,59,44,24,19,56,22,6,50,49,2,30,55,9,39,29,23,10,3,60,40,48,13,41,57,11,28,15,54,0,31,51,53,7,20,27,47,25,14,1,58,8,16,4,36,43,33,26,17
31,34,59,23,60,6,53,47,24,46,57,62,20,19,15,16,48,11,3,52,40,42,43,33,29,37,9,35,26,51,4,28,10,38,50,45,0,13,5,21,54,22,32,61,55,56,36,17,58,25,39,14,12,63,44,8,30,27,7,1,41,49,2,18
62,39,32,27,28,25,7,43,60,29,16,36,12,58,40,21,2,37,15,5,38,23,3,50,30,56,34,42,13,1,46,41,48,47,4,14,26,63,35,59,51,19,11,52,8,54,45,0,24,57,9,17,31,20,49,10,55,53,61,22,18,6,44,33
44,52,26,0,22,4,28,37,11,40,31,50,57,38,41,33,42,7,58,17,8,43,51,49,54,25,16,55,2,46,32,30,1,6,21,35,47,9,36,48,45,39,62,20,5,24,27,10,19,53,59,3,60,13,18,14,15,63,34,29,61,12,23,56
55,26,42,44,33,23,43,27,31,2,10,37,36,1,0,61,11,52,48,51,19,8,41,5,46,28,38,17,60,49,9,30,20,45,32,56,35,24,12,57,40,59,16,4,53,34,3,50,47,6,62,58,22,54,14,15,18,7,21,63,25,29,13,39
60,45,57,8,39,24,22,12,34,58,61,15,18,1,33,3,26,37,14,46,47,32,16,49,59,5,9,27,29,31,30,10,20,11,40,54,48,52,4,2,56,21,50,51,41,6,19,42,25,63,7,23,13,38,0,55,53,28,44,36,62,17,35,43
23,15,20,49,61,5,63,54,32,37,47,45,22,38,58,0,29,55,3,14,17,41,28,13,30,31,60,53,8,4,27,11,7,62,1,26,18,40,39,19,56,51,21,25,24,6,57,52,2,48,42,12,50,36,9,59,10,44,34,35,43,33,46,16
30,35,47,21,2,5,22,39,15,26,10,19,46,3,16,27,8,4,45,7,0,9,40,32,50,1,28,55,14,13,23,31,18,24,56,54,6,57,60,58,49,37,52,51,44,17,36,25,62,34,48,12,42,29,63,53,20,61,33,41,43,59,38,11
45,19,15,28,26,59,11,3,58,24,20,60,48,52,40,0,1,38,17,10,47,18,9,43,53,23,57,31,5,6,44,54,35,63,27,21,36,12,14,56,29,30,42,39,33,41,7,25,51,22,13,61,16,2,62,8,37,50,46,34,4,55,49,32
59,57,10,22,50,54,7,37,14,62,58,26,9,31,43,36,42,55,24,29,46,28,34,16,45,21,12,4,13,61,35,30,33,41,20,11,63,17,56,3,25,2,52,48,18,27,0,5,32,19,40,1,39,23,8,38,44,53,51,15,47,6,49,60
21,20,23,55,60,59,48,22,5,13,31,49,36,12,4,16,39,28,44,62,6,25,51,24,27,34,26,38,35,17,47,42,1,7,40,0,56,14,30,63,45,33,41,8,50,58,9,15,3,43,10,18,52,32,19,2,37,54,53,46,61,29,57,11
39,50,18,42,57,44,2,31,34,20,15,61,8,63,29,38,6,51,62,13,11,35,24,45,7,9,27,46,5,54,40,30,41,21,47,49,53,58,48,26,60,0,36,25,3,22,14,32,12,17,4,33,43,23,1,52,16,59,55,56,10,28,19,37
10,29,59,50,53,16,20,1,38,61,26,60,2,55,13,37,36,40,3,39,54,62,47,35,30,7,63,4,9,12,21,5,57,41,18,48,42,34,0,58,31,11,14,19,51,52,43,25,46,32,49,24,23,45,6,22,56,27,17,44,15,28,33,8
60,30,56,8,55,29,21,4,51,49,25,37,1,63,27,18,0,36,38,22,59,48,35,2,50,61,47,5,20,19,24,34,14,57,46,33,40,11,12,41,43,17,9,53,7,6,26,58,62,42,28,44,32,54,31,45,10,39,52,15,3,16,23,13
21,34,33,28,36,39,35,17,46,61,62,10,8,41,4,31,13,40,32,24,2,63,22,26,20,60,55,19,5,58,47,56,45,50,11,38,25,57,42,37,18,6,7,59,0,52,54,16,15,44,1,27,30,3,51,9,53,29,48,23,49,12,14,43
2,53,58,59,20,50,40,35,13,22,46,12,28,32,56,29,11,48,23,16,38,14,0,57,25,42,33,37,54,4,55,51,45,21,30,10,27,31,52,60,3,26,5,17,7,9,63,6,44,61,36,47,49,15,39,19,1,34,8,62,18,43,24,41
55,48,42,44,37,60,57,11,63,56,53,49,26,35,25,20,27,2,6,10,43,7,59,46,29,36,41,31,1,5,19,22,62,51,24,15,32,45,23,52,12,0,28,18,14,3,50,54,58,9,8,17,40,13,61,30,39,33,38,47,16,34,4,21
40,48,58,46,31,56,47,39,52,19,61,6,16,37,43,49,33,18,0,35,21,44,28,32,41,25,12,1,5,63,7,59,36,60,34,30,55,2,3,22,13,26,20,14,8,29,51,24,11,23,38,62,10,57,27,50,9,53,42,54,15,4,45,17
25,19,23,27,18,43,46,17,51,48,55,50,34,15,29,37,36,54,52,20,26,9,40,58,14,63,11,31,7,61,38,45,30,53,10,59,49,4,1,44,57,5,12,32,21,24,56,39,0,28,8,60,16,22,6,62,2,42,35,47,3,13,41,33
24,42,15,60,27,33,63,18,43,46,56,30,4,37,36,50,52,31,23,17,3,1,48,16,35,59,20,54,14,57,47,49,5,9,10,26,39,12,6,61,19,44,58,7,45,8,32,0,41,38,13,25,55,62,28,22,51,53,34,21,40,11,2,29
46,14,2,31,12,36,52,32,13,54,44,37,27,20,34,9,42,33,30,58,41,5,39,50,45,62,26,0,10,61,7,40,57,23,35,3,6,21,56,17,24,25,48,4,60,53,1,49,11,28,47,63,43,16,19,15,29,8,18,38,51,22,55,59
49,6,8,42,23,22,1,51,54,52,9,39,30,31,7,38,37,57,17,61,27,48,13,62,47,12,29,0,41,56,5,3,10,24,15,58,4,59,16,25,34,32,26,53,11,14,46,55,33,20,40,28,35,19,21,60,63,36,45,44,18,2,43,50
15,44,33,52,8,19,45,63,60,59,3,16,20,39,30,49,31,55,12,32,57,10,26,37,51,18,28,34,5,4,25,22,24,53,36,61,27,48,17,62,9,0,23,13,47,14,35,56,43,1,38,50,29,46,6,7,41,2,58,42,21,40,11,54
44,10,60,46,62,17,20,37,16,51,29,4,63,59,25,23,57,50,26,1,54,14,11,2,47,9,35,61,15,6,21,32,24,53,3,27,28,7,41,43,58,18,31,49,12,22,30,45,19,56,40,52,55,48,5,0,39,34,38,42,8,13,33,36
54,3,43,12,13,62,49,38,11,40,42,53,41,44,5,4,16,1,17,33,59,37,48,63,34,18,61,55,47,39,19,46,21,50,7,45,60,14,26,24,27,20,56,29,36,6,58,8,15,35,0,28,10,57,51,23,9,2,25,30,32,52,22,31
33,26,30,2,7,6,13,40,47,17,48,55,51,22,35,44,1,42,38,41,49,8,15,59,32,23,37,29,19,10,45,43,14,34,4,5,9,50,0,18,46,12,62,25,27,53,39,57,11,36,52,21,60,31,24,3,28,20,54,56,16,58,61,63
4,52,53,39,11,45,49,19,27,5,41,28,31,44,15,61,1,42,60,2,0,14,63,13,54,38,46,56,34,51,12,25,6,43,32,3,48,59,36,40,17,58,23,35,22,8,37,9,24,50,18,10,16,21,26,7,47,33,62,30,20,29,55,57
61,27,40,55,0,7,19,13,37,42,62,31,29,8,6,15,43,20,1,5,21,9,25,56,16,10,34,17,39,41,32,46,44,38,47,24,49,48,54,58,22,63,14,50,3,53,36,33,45,57,18,11,30,59,26,4,2,12,52,60,51,35,23,28
29,54,2,0,39,47,3,7,59,44,6,28,10,24,57,51,25,30,13,34,5,42,22,33,23,56,52,20,35,4,63,60,62,53,32,26,14,19,11,1,17,27,8,37,21,43,58,18,36,50,15,9,40,46,16,45,31,61,41,12,48,49,38,55
23,52,3,21,10,7,50,32,61,26,39,22,11,58,38,27,63,29,44,12,40,41,46,59,37,16,28,14,20,48,42,55,35,47,49,25,5,57,56,34,53,17,60,62,24,15,33,36,0,13,6,2,30,43,31,51,4,19,18,8,1,54,45,9
41,51,24,61,15,34,14,38,44,3,2,20,12,19,47,53,9,5,10,33,8,1,4,39,30,58,48,11,62,28,36,52,29,45,22,21,42,27,37,35,46,57,26,13,63,16,59,18,0,40,50,54,17,55,31,49,7,32,6,60,43,56,23,25
17,16,43,23,10,24,56,55,9,3,18,6,40,12,0,60,47,33,7,39,1,22,21,59,50,14,15,42,37,8,51,38,25,11,58,19,27,35,20,32,54,28,63,62,13,46,4,34,5,52,30,41,61,49,31,45,29,36,26,57,48,53,2,44
12,62,21,29,40,25,2,43,57,6,0,16,22,33,50,59,20,8,31,7,9,63,45,47,34,32,5,10,41,51,60,49,61,24,14,37,46,26,36,23,19,54,35,28,53,52,11,38,18,15,55,58,56,44,3,17,42,39,4,48,13,1,27,30
58,55,2,14,28,17,31,30,63,59,56,19,13,50,60,3,45,10,23,18,15,26,6,53,51,52,33,40,8,25,54,32,34,62,1,43,36,22,44,41,0,5,9,39,12,46,42,4,49,29,38,21,7,27,20,61,37,16,11,35,57,47,48,24
46,31,59,63,3,60,24,58,39,33,51,16,27,61,43,2,25,13,19,52,62,42,5,4,9,21,49,7,35,23,14,44,57,48,1,22,34,41,20,50,40,11,18,29,53,30,10,55,12,54,37,17,8,26,56,28,0,32,45,6,38,36,15,47
21,36,15,20,54,56,34,32,53,27,50,44,61,7,40,28,4,59,0,2,37,12,58,60,35,48,52,30,17,19,16,10,6,26,5,18,33,41,29,3,11,22,39,9,1,31,45,42,24,49,8,14,23,43,13,62,38,47,51,57,55,25,63,46
54,31,21,48,56,18,10,1,59,6,9,49,57,58,32,13,12,19,46,2,16,60,44,43,25,11,17,40,23,62,22,29,33,47,26,0,24,41,7,51,63,15,53,27,45,36,42,34,38,55,30,3,20,50,4,8,35,61,52,5,28,39,37,14
14,53,19,34,16,50,7,51,42,23,17,43,26,27,41,32,63,45,5,6,55,20,4,62,48,18,57,21,10,60,0,44,61,9,37,31,24,52,46,3,12,59,33,35,47,38,25,56,8,29,1,11,39,36,58,15,54,30,49,40,13,2,22,28
48,53,32,28,0,42,8,7,55,43,31,45,5,39,6,30,38,41,60,2,46,37,62,20,11,3,49,51,35,61,33,40,19,54,9,17,1,26,21,59,57,12,27,4,22,44,36,25,24,23,52,34,14,10,29,13,16,50,47,56,18,58,15,63
23,30,41,40,31,60,29,13,2,54,36,17,6,42,7,1,22,18,50,5,62,43,44,32,3,14,33,12,57,34,51,47,19,9,38,10,58,35,27,48,45,20,11,25,8,37,28,56,24,53,16,26,55,46,59,52,61,63,39,15,4,49,0,21
53,27,5,49,61,7,0,43,24,60,57,36,42,4,37,18,45,59,12,8,29,54,19,2,16,22,3,50,9,20,33,15,48,58,1,13,35,14,28,6,17,25,11,63,41,46,40,10,23,52,55,30,26,39,34,47,44,31,32,21,38,62,56,51
32,3,52,47,40,25,23,28,33,5,42,58,8,21,61,53,4,6,24,49,20,29,51,2,0,13,44,26,14,15,35,60,54,50,62,16,1,41,7,10,9,19,17,31,39,48,27,59,30,34,55,45,57,11,36,43,46,56,37,18,63,12,38,22
33,4,24,7,48,47,26,57,5,32,51,36,44,13,12,41,54,15,63,0,23,31,6,56,25,53,35,43,42,14,40,59,27,11,55,28,10,9,61,17,49,30,21,22,37,45,52,46,2,20,34,19,18,62,29,16,1,39,58,3,50,38,8,60
46,8,51,58,14,15,41,53,1,62,18,47,40,34,45,60,37,44,6,16,13,42,27,24,38,29,23,19,12,26,35,21,36,11,25,31,22,17,52,5,59,9,57,43,20,4,56,50,30,2,10,54,28,61,63,33,49,3,55,7,0,39,48,32
60,23,4,59,38,7,34,40,48,10,33,17,58,29,11,47,16,41,61,30,12,37,55,46,42,18,52,2,49,22,6,8,45,28,57,20,13,1,21,5,3,24,14,62,50,44,19,36,53,32,31,63,27,0,26,35,15,25,56,51,54,9,43,39
23,16,15,32,47,60,27,45,0,48,3,7,11,37,54,25,5,31,4,42,51,56,50,24,61,58,18,26,22,57,62,41,13,52,9,19,14,35,2,33,21,17,36,39,40,44,49,1,12,59,28,30,55,43,63,20,34,38,6,29,10,46,53,8
1,41,46,28,24,32,15,8,33,14,19,29,26,5,18,16,59,45,9,17,3,57,58,49,40,53,30,11,35,48,62,34,44,22,50,52,6,39,63,55,7,27,20,12,51,25,43,37,13,2,56,36,23,4,38,21,47,0,42,54,60,10,61,31
57,21,6,49,42,52,40,34,50,14,26,43,41,47,32,8,19,35,15,58,13,54,59,12,31,1,0,9,27,39,18,10,48,4,51,63,23,11,25,38,5,24,30,3,53,62,61,2,7,16,60,28,22,33,17,46,20,55,37,29,45,56,44,36
15,22,46,63,32,14,2,43,60,38,47,33,55,9,0,54,19,7,34,12,42,26,29,31,62,45,51,13,58,25,35,50,10,52,41,48,53,6,21,5,17,27,37,30,16,18,56,4,49,59,40,20,8,3,11,44,1,57,23,61,24,39,28,36
1,27,25,59,21,56,36,53,44,40,52,10,35,48,15,33,3,6,13,62,38,49,22,51,9,5,58,11,54,30,29,32,31,17,4,57,37,16,42,24,19,47,34,14,39,8,60,20,45,50,2,7,0,23,61,55,63,41,18,12,28,46,43,26
35,8,53,48,23,60,18,41,49,46,5,0,47,59,63,40,31,6,37,13,42,57,62,61,36,43,24,38,29,45,10,54,34,56,2,32,58,52,33,16,1,55,21,39,15,7,11,19,26,44,30,51,3,12,27,14,50,28,20,22,9,4,17,25
43,13,28,63,8,22,54,46,33,11,37,29,6,60,31,27,32,41,51,40,21,20,26,9,7,58,45,61,19,42,47,57,24,4,56,30,14,62,18,52,23,5,34,25,1,38,44,55,48,12,35,53,49,50,16,36,15,39,17,3,10,2,0,59
2,12,8,36,21,40,44,43,48,3,57,52,4,25,59,46,31,24,33,16,5,37,51,49,11,60,23,39,19,29,32,41,14,17,22,7,20,63,27,18,1,47,62,53,55,61,13,45,26,30,38,28,15,58,50,6,56,0,9,10,34,35,42,54
7,23,17,37,50,24,42,43,32,41,28,3,16,12,46,39,1,6,56,47,49,5,0,4,21,13,57,11,14,59,25,58,63,51,31,35,19,53,55,45,44,2,26,22,61,54,10,29,60,18,48,38,34,27,62,33,20,15,52,30,9,36,40,8
21,39,53,0,28,4,20,2,7,42,29,16,50,63,54,30,46,22,58,25,23,24,41,3,34,36,17,11,32,13,8,56,15,51,59,14,9,38,12,43,44,37,49,52,55,48,31,6,40,33,62,1,10,5,45,47,27,57,60,35,26,18,19,61
62,59,22,18,19,6,17,25,37,40,56,28,30,2,50,34,32,55,3,45,52,57,11,12,4,61,53,35,36,29,9,14,42,16,51,8,44,26,27,47,5,13,23,10,21,58,7,15,60,43,20,24,0,41,48,63,46,49,54,39,38,33,31,1
54,15,24,36,5,47,25,7,56,10,4,12,19,34,9,22,51,46,41,8,44,32,27,59,13,60,18,43,50,21,29,37,14,3,26,1,40,28,55,33,6,20,57,48,63,2,62,39,30,61,23,11,17,0,16,45,52,49,31,38,58,35,42,53
9,24,25,8,62,10,42,57,51,0,23,22,63,44,34,43,61,39,32,45,36,1,48,40,7,41,54,6,20,33,35,4,12,59,30,16,18,31,38,5,2,55,3,53,15,21,17,28,13,58,46,14,26,50,11,47,29,49,52,56,37,27,19,60
8,52,43,3,37,24,60,42,38,36,19,25,58,51,53,55,18,23,11,28,46,33,29,62,61,63,54,34,6,35,7,50,5,12,4,10,32,26,49,27,41,13,17,39,22,48,9,31,1,45,16,15,30,44,40,21,2,20,59,57,0,47,14,56
37,23,17,60,21,19,42,39,44,40,33,38,10,9,20,3,26,1,34,8,53,15,7,30,36,63,56,25,18,61,28,59,12,62,50,0,4,14,46,35,58,27,43,5,31,45,32,22,47,13,16,57,48,52,11,49,2,51,29,55,41,6,54,24
32,47,55,42,8,31,14,46,7,62,33,4,3,35,57,53,10,23,17,19,28,54,40,51,29,52,25,20,0,44,26,24,45,34,60,43,15,48,56,59,16,36,39,13,61,5,38,22,63,30,21,11,6,58,1,9,49,50,2,41,37,18,27,12
41,17,10,49,11,46,38,45,35,57,2,58,19,7,23,6,50,9,56,34,42,36,20,18,48,63,47,40,29,25,33,60,12,15,37,44,0,62,14,59,30,31,24,26,28,52,5,16,51,43,1,39,22,8,4,32,61,21,3,53,54,55,13,27
6,14,56,40,45,25,30,43,22,0,61,3,19,62,28,58,59,17,54,51,9,49,21,41,36,35,53,42,52,57,31,12,2,33,50,5,47,27,29,23,1,26,60,10,13,18,24,20,7,37,44,11,38,16,15,55,32,39,63,8,4,48,46,34
4,62,27,7,52,35,55,48,54,26,59,45,5,3,32,50,58,40,57,12,28,34,42,53,29,13,36,8,39,30,25,9,33,56,22,37,23,31,6,51,16,1,60,14,10,17,24,18,2,61,41,15,0,43,19,38,44,46,63,11,47,49,20,21
38,40,60,20,33,34,12,52,53,46,56,41,35,10,63,21,14,27,58,9,16,15,31,36,19,32,24,50,8,7,42,2,28,22,18,3,37,23,5,6,17,59,54,49,30,55,29,4,26,25,13,61,62,48,1,0,51,44,57,39,47,11,43,45
47,38,43,33,23,34,28,17,56,3,63,21,40,10,45,41,16,7,54,12,58,20,37,25,8,32,62,14,51,29,15,18,50,57,55,13,39,44,53,46,6,59,61,27,19,36,5,30,49,1,0,42,11,9,48,35,22,31,26,60,52,4,2,24
14,7,24,34,57,1,56,55,52,6,19,35,5,42,63,20,23,40,30,54,27,26,12,50,49,25,8,18,61,9,13,59,21,41,38,44,53,17,28,60,4,11,51,43,29,48,22,32,15,45,2,39,33,47,0,3,36,46,37,31,58,62,16,10
5,47,23,17,63,16,34,12,40,46,28,1,49,33,35,51,52,8,57,29,4,54,61,30,59,36,14,31,58,10,43,0,6,19,42,18,20,62,15,55,44,25,26,9,21,27,24,41,39,32,50,11,56,3,7,13,38,45,2,60,48,53,22,37
37,59,40,63,39,26,17,30,48,32,22,56,33,44,19,15,21,2,28,60,36,14,23,13,27,42,55,46,41,43,18,0,1,51,8,6,25,57,47,4,3,20,53,52,24,34,50,58,49,11,61,7,10,5,35,54,45,16,38,29,9,12,31,62
27,49,16,17,42,28,55,53,35,37,1,4,56,32,20,18,24,52,2,47,14,61,11,12,63,3,21,26,54,51,8,25,62,29,58,41,22,6,43,45,39,23,50,38,44,40,34,31,59,46,0,10,57,36,15,9,33,13,30,5,60,19,7,48
23,40,38,32,7,28,45,59,19,60,21,41,58,50,6,39,51,15,53,46,57,61,37,11,56,35,34,55,14,9,25,48,42,22,52,31,2,44,16,30,36,29,17,47,0,1,8,18,13,54,10,4,26,20,12,24,43,27,63,33,49,5,62,3
6,25,62,20,54,34,38,36,59,19,10,39,9,32,13,56,5,40,23,29,37,63,51,49,26,17,27,28,57,16,42,31,48,45,35,15,24,53,52,43,3,41,50,0,4,22,30,2,8,55,21,60,18,7,33,1,44,14,47,46,58,61,11,12
17,18,37,20,41,5,51,50,21,42,38,61,59,6,27,0,4,7,62,19,33,28,16,10,26,2,30,9,3,24,31,47,63,54,43,52,25,58,8,34,1,57,45,32,22,49,15,46,14,39,36,60,44,35,40,13,11,48,53,29,56,55,23,12
41,53,0,58,10,62,42,56,17,23,30,29,31,51,59,38,54,22,47,21,24,9,50,16,28,39,37,45,19,33,43,36,11,49,25,48,46,26,60,40,63,35,15,55,14,61,8,34,52,5,4,57,32,6,18,44,3,13,20,1,7,2,27,12
21,44,33,57,51,32,62,31,52,7,11,41,38,29,60,0,15,4,50,23,26,5,53,18,47,16,8,43,28,12,22,20,27,14,59,30,13,56,36,39,25,55,34,24,3,2,35,46,1,42,61,54,45,17,49,58,40,9,10,63,19,6,37,48
15,49,37,51,57,47,52,53,30,3,36,10,9,6,31,63,27,41,58,14,55,0,56,11,4,54,42,48,23,16,60,19,7,2,22,5,26,46,50,24,25,13,18,62,43,1,39,17,59,45,33,32,21,35,8,40,38,29,61,34,20,28,44,12
12,16,33,15,58,62,39,53,59,49,2,29,3,0,32,6,57,38,18,55,17,51,24,5,8,10,26,34,22,42,11,60,21,48,50,37,61,41,30,43,36,20,7,56,52,9,19,4,45,25,47,44,54,46,27,14,63,23,28,35,13,1,31,40
8,24,32,12,18,40,31,52,51,36,27,22,59,56,33,49,28,4,7,21,3,6,26,37,50,23,46,0,1,38,57,34,2,47,60,16,54,9,20,63,61,58,44,39,35,5,62,41,43,45,30,13,11,55,29,15,14,10,42,17,19,53,25,48
33,32,50,26,55,48,9,4,15,63,5,39,18,13,54,41,6,12,34,28,60,52,51,31,40,57,53,45,59,49,43,38,24,3,46,10,2,30,44,22,7,62,0,17,36,37,21,58,35,47,61,14,19,16,29,23,27,1,25,42,8,20,11,56
4,51,42,11,48,27,41,21,54,17,8,53,40,37,25,52,43,19,28,56,63,12,46,44,57,1,16,5,3,10,61,0,50,6,7,59,35,55,33,29,9,47,13,31,39,30,32,58,62,34,38,45,2,18,36,22,60,24,49,26,14,20,23,15
60,32,15,51,45,35,61,53,20,49,7,57,59,25,58,12,46,1,33,48,4,39,52,34,54,2,62,31,37,6,26,55,21,63,14,43,10,27,18,30,40,19,23,47,41,28,50,29,56,5,8,11,42,3,38,13,36,0,44,24,22,9,17,16
49,6,11,26,34,36,22,38,15,48,18,44,42,37,39,0,53,59,63,25,17,61,19,58,20,28,23,55,31,16,57,52,33,30,27,1,9,62,35,41,40,3,32,24,43,2,7,50,29,14,46,60,51,10,21,4,56,45,54,13,12,8,47,5
14,20,29,26,2,28,0,59,24,47,12,39,19,44,30,46,23,32,48,9,6,43,41,56,18,33,61,38,5,45,8,42,1,57,21,35,31,16,10,7,40,3,53,63,11,13,4,15,49,34,27,52,51,55,62,37,54,22,58,60,50,36,25,17
48,62,52,39,54,53,28,21,36,10,8,43,5,58,7,29,22,6,60,20,59,25,50,33,55,1,44,14,15,13,32,40,4,19,3,57,26,24,27,0,9,47,51,23,17,30,35,42,2,34,41,63,46,49,12,38,31,18,16,45,11,56,61,37
54,36,44,9,39,55,27,41,23,1,61,40,20,35,53,7,16,25,63,59,45,30,58,18,8,6,62,56,11,13,37,47,50,26,49,46,28,38,10,32,42,60,34,33,3,5,21,19,48,0,2,43,24,4,29,15,51,52,12,31,17,14,57,22
33,30,36,37,21,34,54,0,39,19,49,17,25,4,32,23,1,45,63,28,46,48,57,14,11,35,41,42,55,5,13,47,8,9,53,59,40,3,27,24,29,7,22,16,18,26,51,58,10,52,43,44,38,56,62,60,2,12,61,15,6,20,50,31
24,62,13,11,19,54,26,6,17,15,57,2,36,23,35,9,50,14,32,21,20,55,7,51,46,56,37,38,29,49,61,39,45,8,3,22,60,10,40,53,42,41,16,52,43,12,18,47,59,27,1,44,25,0,5,28,48,30,4,63,31,33,34,58
0,53,20,8,39,6,11,25,45,12,32,41,13,59,35,47,21,16,33,50,9,7,60,2,17,26,24,4,29,56,18,42,61,14,54,57,52,46,27,30,62,51,1,49,55,34,63,5,19,58,23,15,3,28,36,37,48,31,44,40,22,10,38,43
13,17,21,36,19,53,57,34,23,38,42,14,31,50,10,63,7,48,46,55,54,1,32,27,5,3,22,33,12,29,0,25,11,49,39,45,15,24,58,20,37,9,35,52,61,44,16,2,8,28,47,26,62,59,4,51,41,60,6,18,56,40,30,43
53,41,11,20,28,1,8,26,13,14,23,32,12,45,9,15,33,47,36,60,44,10,18,22,0,59,50,24,16,39,46,58,21,2,37,4,40,29,61,54,27,42,31,55,52,43,35,57,48,17,56,30,25,3,62,7,19,5,63,51,38,6,34,49
26,7,13,36,32,31,11,29,61,49,51,40,52,2,41,53,28,48,23,63,54,6,47,24,39,35,9,38,59,46,16,43,22,34,5,57,62,42,17,19,10,58,18,3,1,56,33,44,20,12,45,21,4,50,8,30,25,0,60,55,14,27,15,37
10,60,39,55,49,11,2,54,17,23,51,59,12,38,14,3,25,62,56,40,31,22,45,52,41,46,42,32,4,61,33,1,57,5,13,50,20,21,16,48,30,36,27,9,28,24,58,44,26,35,47,43,8,18,34,63,7,15,6,29,53,37,19,0
46,55,3,18,35,39,41,49,53,19,25,50,36,54,62,2,52,42,30,0,61,23,7,63,26,16,59,21,12,5,47,33,6,32,27,60,58,56,37,44,51,1,4,8,13,31,14,38,29,15,20,17,48,28,40,57,22,11,9,45,43,24,10,34
32,28,22,35,6,41,9,23,20,12,50,39,49,30,37,15,36,46,0,1,54,33,21,59,2,48,3,11,10,53,16,45,14,17,51,24,4,7,31,13,63,55,61,47,18,34,29,58,8,43,25,52,44,57,26,42,5,62,40,38,19,27,56,60
45,40,10,12,41,17,48,21,54,57,29,14,4,33,8,56,13,18,28,55,37,59,3,1,38,46,51,16,32,30,43,22,7,27,42,35,19,0,63,34,47,39,49,11,58,36,52,6,62,5,24,44,26,53,31,25,23,20,61,15,60,50,2,9
30,14,10,47,18,63,50,12,8,21,23,11,9,24,37,52,17,41,58,42,4,0,40,19,33,48,16,29,43,56,60,32,53,31,28,35,26,51,62,57,2,59,13,38,15,36,54,3,44,34,55,25,49,6,5,7,1,45,20,61,22,46,27,39
0,52,23,48,12,45,62,13,11,9,46,1,6,15,29,27,14,31,21,51,50,5,26,38,25,42,17,22,54,57,41,36,60,58,53,33,20,56,35,39,55,44,16,4,3,24,43,34,7,59,49,32,19,8,61,63,2,37,30,47,28,40,10,18
46,18,25,23,4,31,12,58,36,10,49,30,61,52,53,55,13,24,33,44,19,37,1,51,60,41,22,42,62,28,43,16,21,6,63,45,40,26,0,47,7,35,11,56,8,9,38,20,59,48,27,34,57,3,17,14,29,32,50,15,5,39,2,54
50,3,40,24,1,16,53,44,63,45,35,60,23,43,11,56,13,26,2,12,29,31,34,28,10,62,9,51,47,36,37,21,58,25,22,42,59,17,19,39,57,15,20,27,0,5,8,41,55,14,18,6,33,49,46,38,7,32,61,30,4,52,54,48
10,9,42,26,3,51,2,49,43,53,15,31,55,46,0,30,39,61,22,19,36,52,20,56,44,1,28,13,12,35,59,40,17,5,34,18,8,45,29,33,6,24,47,41,11,25,23,21,57,27,7,48,50,16,37,63,32,60,38,14,4,58,62,54
28,6,0,63,8,43,40,55,25,44,35,13,39,1,46,24,12,62,31,57,51,36,34,54,38,9,20,30,5,19,33,2,14,59,22,27,17,23,3,21,42,29,4,47,53,18,11,48,60,45,15,37,26,49,32,41,58,61,52,56,10,7,16,50
60,16,33,24,36,30,23,28,15,3,43,26,7,53,4,59,25,35,13,40,34,12,54,0,38,10,56,41,18,9,39,5,6,8,19,21,17,29,22,46,47,45,27,32,44,51,11,52,63,61,31,37,1,62,55,49,20,42,57,2,50,14,48,58
28,17,46,0,13,38,57,34,61,59,14,44,36,41,23,9,56,49,27,25,10,20,21,5,4,39,11,60,63,19,43,50,62,58,1,53,42,40,37,30,51,26,3,15,2,31,22,33,24,29,45,32,35,8,6,55,52,18,12,7,54,47,48,16
39,48,50,23,8,21,28,40,36,61,45,63,58,27,4,6,44,53,54,46,62,32,56,43,17,29,60,10,59,35,9,18,15,25,0,38,7,51,11,2,24,5,55,12,20,33,26,1,52,34,31,41,37,42,57,14,3,13,30,19,16,47,22,49
39,48,55,2,30,0,60,11,19,43,31,16,33,61,56,23,8,45,41,5,1,21,32,38,36,37,40,58,6,28,9,59,14,3,26,27,46,49,35,25,24,54,34,20,62,52,15,50,29,10,13,17,12,47,22,4,63,44,53,42,57,7,18,51
6,43,15,20,22,40,13,11,56,30,27,60,57,49,14,28,18,23,1,19,21,31,61,3,45,4,39,42,63,34,55,9,48,58,59,47,52,36,54,35,24,62,26,7,51,38,17,29,32,46,37,12,44,53,41,16,8,10,5,33,2,0,25,50
48,21,31,61,50,32,18,17,37,5,39,1,47,60,44,20,46,54,27,19,53,34,28,14,9,63,7,16,51,23,45,36,35,24,29,40,33,2,15,58,11,41,55,10,42,22,0,59,56,12,8,13,57,3,6,26,62,4,30,52,25,49,43,38
23,12,50,15,19,17,16,40,60,57,20,1,13,51,9,35,55,29,33,14,21,37,44,10,54,63,41,61,30,49,56,25,18,2,36,34,28,0,45,4,32,7,22,5,58,24,38,59,43,42,6,8,11,62,26,27,52,46,31,48,39,47,53,3
12,21,53,16,58,46,55,6,25,47,15,49,26,34,31,41,27,45,54,57,63,35,40,28,5,39,60,42,38,52,10,4,0,8,33,59,3,18,1,61,32,50,37,22,48,9,13,14,19,11,36,30,20,24,2,62,23,7,29,44,51,43,17,56
3,54,60,45,22,33,44,63,10,14,21,42,56,58,1,39,62,2,16,12,9,34,27,23,57,50,11,51,4,13,25,5,20,31,15,6,7,47,24,38,29,61,18,0,35,48,36,52,59,37,17,19,40,28,49,8,53,26,32,41,30,55,46,43
33,10,31,52,55,50,0,5,20,24,11,39,17,42,29,6,57,41,47,27,14,26,44,16,32,7,37,45,61,63,62,28,59,8,4,30,25,40,1,56,38,21,18,3,22,13,9,2,23,54,60,49,53,15,46,19,48,36,35,43,58,34,51,12
37,46,28,23,19,36,30,8,63,20,12,34,54,18,27,47,24,59,57,38,55,53,32,4,58,22,10,17,6,26,33,49,11,42,51,29,60,14,1,45,48,2,13,61,43,5,40,9,52,44,62,16,21,56,41,25,3,39,7,0,15,50,35,31
14,50,38,63,61,54,13,55,4,29,62,6,53,5,22,58,60,11,8,7,16,30,48,44,33,28,45,26,9,2,43,21,42,57,41,39,15,10,24,12,40,25,18,20,31,1,37,35,23,27,51,19,59,34,52,3,56,46,32,17,47,49,36,0
4,31,18,11,42,13,12,49,25,17,2,22,51,9,1,5,19,56,53,61,62,23,54,47,46,3,43,34,58,30,16,45,8,50,55,26,0,15,52,32,21,6,14,28,27,36,38,37,60,33,10,57,39,7,20,41,48,29,24,59,35,44,40,63
3,12,9,38,57,52,15,37,4,41,33,43,48,51,20,30,45,25,42,55,54,44,6,17,22,59,62,63,36,60,31,18,0,26,28,13,21,29,56,39,10,2,34,5,49,58,23,61,1,40,19,24,7,14,47,11,35,50,32,46,16,27,8,53
36,22,21,30,33,17,45,54,18,9,40,43,6,41,58,15,42,38,13,20,5,52,2,31,60,11,47,55,27,56,59,57,34,50,19,62,24,35,46,26,23,0,1,4,3,48,28,51,8,16,10,37,25,44,7,29,32,39,61,63,14,12,49,53
61,4,26,62,57,3,50,17,1,12,58,34,11,9,53,47,16,0,22,54,46,59,31,25,10,40,38,32,15,35,13,24,52,23,41,20,28,39,21,42,36,37,29,2,63,48,60,45,19,14,18,51,44,56,43,55,8,30,33,6,7,49,5,27
21,60,4,26,19,14,29,59,6,42,27,10,55,50,43,30,40,37,45,18,51,52,17,47,24,46,34,49,16,58,61,15,35,53,8,33,36,32,1,54,2,23,9,13,57,7,20,31,25,63,22,28,11,39,38,5,41,0,48,12,3,44,56,62
37,21,11,44,35,36,40,23,22,2,13,41,32,38,26,51,34,29,31,45,0,42,18,54,7,16,60,46,49,25,9,12,6,63,20,8,57,48,43,15,14,10,50,4,19,62,30,33,53,39,17,56,58,59,47,61,28,3,55,1,52,27,5,24
32,6,4,38,61,29,41,9,50,54,33,22,17,21,11,43,13,31,36,42,48,7,35,34,10,5,60,52,57,19,2,26,8,3,53,12,0,18,25,30,28,59,27,37,14,63,45,16,1,23,24,20,39,15,40,49,47,51,62,44,58,55,56,46
40,46,62,19,6,24,11,9,47,13,33,61,58,49,0,22,36,29,4,21,17,39,60,10,14,48,63,30,25,7,44,31,55,20,43,37,2,54,53,59,52,35,51,50,8,45,5,27,28,23,57,15,26,18,41,56,42,38,3,16,1,34,32,12
57,14,0,35,31,28,33,42,61,16,26,24,58,21,36,25,19,15,45,2,59,40,46,20,11,5,37,30,55,54,60,9,52,38,7,17,1,63,41,12,48,56,47,4,3,62,39,34,6,23,51,43,44,50,32,22,53,49,10,29,27,13,8,18
48,42,9,0,11,47,62,27,12,49,30,22,2,53,6,54,56,41,44,4,33,38,20,3,13,31,34,58,7,61,8,43,24,14,18,5,50,17,23,10,59,25,46,55,39,35,28,21,29,40,60,32,1,19,37,52,15,57,51,45,63,36,26,16
18,42,9,44,40,7,16,30,43,4,45,14,13,49,46,60,61,26,50,23,34,3,27,32,39,2,55,29,56,59,25,17,1,24,5,10,48,8,57,20,37,52,6,0,38,62,36,54,53,33,58,63,28,51,12,15,31,41,35,11,19,21,47,22
37,1,21,50,32,30,36,12,57,17,59,0,8,48,28,7,14,63,35,42,26,54,38,29,23,25,61,34,52,4,55,33,44,46,2,10,9,27,22,51,6,47,20,58,45,53,18,24,41,5,31,49,13,11,60,56,43,15,16,19,40,39,62,3
4,30,63,1,14,56,62,2,48,10,50,38,16,32,0,43,45,3,6,35,42,7,52,25,36,18,19,60,57,41,53,47,27,33,49,13,15,17,61,55,39,31,29,59,34,5,40,37,54,44,24,28,58,23,9,11,20,46,51,21,12,8,26,22
51,38,41,10,28,45,37,60,12,7,57,63,4,50,33,8,36,54,34,40,24,42,32,15,9,47,58,6,46,16,26,35,2,44,14,3,48,61,49,30,23,55,31,11,0,27,1,5,25,53,20,13,52,18,19,59,62,43,22,39,29,17,56,21
41,48,42,3,40,16,34,30,1,61,46,47,33,10,52,5,53,15,27,29,59,8,2,54,35,55,28,22,62,49,11,21,25,24,20,26,7,38,23,60,57,18,0,4,50,9,31,6,14,43,17,12,39,36,32,56,37,45,19,58,51,44,13,63
42,63,32,43,45,12,19,23,10,16,18,28,11,3,8,39,21,34,60,51,33,5,44,56,36,25,47,7,1,52,61,14,27,6,0,58,40,46,2,20,30,53,41,31,4,49,50,15,35,48,17,26,29,57,13,55,24,54,59,38,37,9,62,22
19,13,33,51,22,20,14,37,5,59,23,9,29,63,58,25,52,49,4,34,8,45,15,46,54,56,7,35,1,32,53,16,41,0,10,48,50,39,30,31,55,27,28,60,47,18,17,2,44,62,61,38,42,43,40,36,24,57,12,21,11,6,26,3
33,35,5,1,47,2,22,54,37,50,10,14,3,24,27,7,9,36,55,41,52,29,30,23,44,31,51,20,48,13,12,16,61,49,15,34,59,19,6,32,39,17,53,40,28,45,56,58,4,57,62,46,0,11,8,21,18,38,26,43,25,60,42,63
46,1,9,6,58,45,15,17,31,44,25,18,30,53,10,28,37,43,34,20,41,24,51,59,19,36,8,62,16,49,21,7,23,63,50,12,35,55,40,61,27,52,26,22,32,47,3,29,48,39,14,57,60,38,5,13,42,4,56,33,2,11,0,54
30,62,20,61,1,43,35,10,41,26,44,0,2,38,49,34,17,5,24,47,4,9,28,31,55,11,23,21,39,19,16,13,32,37,7,33,52,42,51,12,6,50,18,40,15,60,53,36,46,3,29,56,45,58,48,54,8,57,63,59,25,22,27,14
8,11,30,10,7,20,63,26,51,29,41,53,22,47,55,17,56,44,1,2,59,15,58,21,0,49,14,16,37,32,5,13,62,3,6,40,24,43,36,23,57,46,34,9,35,27,33,45,52,54,25,28,39,48,4,42,38,60,50,61,12,31,18,19
49,23,2,33,11,55,22,15,3,41,6,16,47,39,12,59,35,32,4,17,31,30,38,60,9,54,57,26,18,10,5,50,51,56,21,43,48,42,7,45,37,28,8,25,63,36,61,27,52,29,46,58,44,24,40,53,1,20,0,19,14,13,34,62
14,30,25,45,22,15,39,11,6,40,5,0,28,27,62,56,4,36,2,43,8,38,51,31,21,63,17,32,52,24,53,42,33,16,47,34,26,61,44,35,49,7,18,58,10,23,19,37,1,54,48,50,60,57,20,59,12,55,9,13,29,41,46,3
41,4,3,17,12,6,34,39,30,0,52,16,2,8,21,33,55,54,10,31,9,42,48,27,40,15,22,19,5,47,13,49,35,53,60,51,44,14,45,37,61,29,7,1,62,58,36,63,18,50,20,57,28,23,25,11,46,32,43,38,26,24,59,56
62,32,18,30,44,55,25,12,63,23,8,4,58,38,14,0,6,39,40,37,45,21,47,16,11,26,60,19,35,52,10,2,50,49,9,42,20,46,34,24,57,59,5,13,53,31,56,48,29,7,3,22,41,54,51,17,33,1,61,27,36,15,43,28
13,16,42,17,3,38,6,50,40,51,45,33,27,14,26,37,61,60,52,55,1,28,15,11,8,18,35,10,41,44,0,53,9,58,59,54,24,21,48,57,29,5,46,32,49,62,4,43,34,56,12,47,39,30,19,25,2,20,31,63,36,22,23,7
26,55,5,61,44,4,46,38,50,53,20,13,54,49,36,43,63,0,30,32,8,29,21,52,3,7,24,11,27,12,48,16,58,35,47,56,28,34,51,62,22,57,45,10,39,9,33,23,6,60,41,42,17,37,1,18,2,25,31,14,15,19,59,40
30,53,61,38,25,18,5,12,52,46,54,11,41,16,4,42,29,33,35,2,9,48,8,58,44,10,26,39,19,21,55,59,14,28,43,27,62,6,56,50,31,36,3,49,17,15,13,32,0,51,47,7,24,37,20,1,34,40,45,23,60,57,22,63
33,12,43,10,0,41,45,23,13,3,57,14,22,58,34,30,37,7,25,24,46,21,50,49,8,55,51,17,56,59,36,29,9,31,61,40,54,4,11,6,20,63,47,27,44,1,62,48,15,38,16,18,60,26,28,2,52,5,39,53,42,32,35,19
2,9,52,17,24,26,25,7,20,55,0,27,44,42,15,48,53,22,56,14,32,18,10,63,62,13,6,36,35,54,43,58,38,28,47,51,16,49,41,60,30,61,46,12,50,23,40,57,1,19,11,33,37,45,3,59,21,29,5,4,8,39,34,31
44,20,42,41,60,15,46,48,55,38,36,62,25,4,19,43,7,30,56,16,31,54,10,1,22,47,58,3,49,45,57,21,63,6,12,24,28,27,51,40,18,8,11,37,14,61,52,0,34,59,53,33,35,17,2,50,23,39,13,29,32,9,5,26
31,23,20,19,62,36,12,2,24,30,48,42,3,43,13,58,35,63,54,22,61,9,32,56,21,16,7,17,46,25,10,52,27,29,59,0,34,15,14,8,33,39,53,49,5,1,37,51,26,4,41,11,44,55,60,47,18,28,38,50,6,45,40,57
8,36,37,61,32,29,53,7,52,45,47,20,26,48,24,1,51,13,33,28,57,46,63,31,17,44,22,50,0,6,42,16,21,14,59,25,3,5,39,38,2,27,30,56,49,35,62,15,55,11,12,18,40,23,10,58,34,60,41,43,9,4,19,54
33,53,38,39,55,21,34,57,29,58,40,9,15,1,43,18,61,6,60,13,44,2,62,17,11,41,10,31,8,28,42,50,25,45,27,52,49,7,22,20,59,47,24,30,63,19,16,0,37,5,46,56,35,51,4,36,32,14,23,54,3,48,12,26
0,58,30,1,23,10,34,51,56,61,6,14,15,22,27,33,45,26,44,3,57,4,42,41,29,36,35,54,25,24,53,16,43,47,62,52,40,32,48,50,21,39,28,18,8,17,31,13,19,5,63,2,20,49,60,38,11,7,46,55,12,9,37,59
35,19,3,46,56,8,54,14,59,52,38,58,0,9,6,31,15,12,57,42,4,28,25,45,13,55,34,61,40,48,30,50,1,11,63,10,23,16,62,60,53,20,17,33,41,26,22,43,21,44,32,29,47,37,7,24,2,5,36,27,51,49,39,18
31,3,10,49,19,23,21,14,11,36,26,17,37,63,18,7,62,29,54,48,20,22,61,34,41,2,56,6,58,27,35,40,4,53,5,60,12,59,30,43,9,42,45,13,24,38,16,25,55,51,0,47,52,44,46,57,28,39,50,8,33,1,32,15
0,35,46,51,3,2,56,18,36,44,28,58,15,39,19,31,34,41,61,62,32,7,45,1,59,10,9,54,38,8,5,29,6,33,60,20,55,23,48,57,25,53,12,24,13,50,26,52,16,49,40,4,21,47,30,17,43,14,63,22,37,11,27,42
26,51,38,16,30,2,19,48,0,50,54,23,41,15,40,24,6,9,36,20,31,14,28,63,49,61,33,57,37,59,22,5,29,62,60,27,25,55,56,11,58,3,7,32,52,42,44,43,45,34,21,4,53,1,35,17,8,47,13,10,12,39,18,46
43,3,55,6,7,24,57,53,23,22,21,11,13,19,62,2,9,49,58,41,18,38,60,10,46,59,51,34,35,44,17,1,12,5,47,0,28,36,52,40,25,15,45,29,4,32,48,50,63,26,31,39,20,16,61,8,37,54,30,33,56,42,27,14
3,44,61,14,15,40,37,63,2,23,34,51,45,18,24,58,52,56,59,55,0,16,53,6,13,47,12,49,60,62,39,50,17,21,9,33,7,20,26,25,57,31,43,29,42,22,4,10,38,54,48,28,32,35,1,11,41,30,5,19,27,8,36,46
61,26,11,62,1,34,29,48,31,52,21,59,23,15,25,43,55,7,2,50,0,5,42,22,16,18,8,60,53,58,38,12,9,39,47,49,63,13,30,4,19,10,32,57,27,44,51,17,37,41,28,54,6,46,56,20,40,36,24,14,3,33,45,35
5,39,58,53,8,62,56,14,46,36,10,21,9,52,19,63,57,15,0,44,26,22,61,49,47,18,12,55,3,32,50,42,60,13,51,6,28,16,1,37,54,7,11,17,48,4,41,31,27,30,29,43,2,59,35,23,34,24,33,25,45,40,20,38
62,25,57,13,16,63,37,1,50,41,36,4,9,53,52,48,27,14,38,18,12,49,44,11,24,28,45,7,58,20,39,23,0,5,46,55,30,40,43,51,54,21,15,3,8,33,32,31,60,10,19,47,59,22,29,61,56,2,6,26,35,42,34,17
16,54,42,26,4,14,27,22,11,31,9,2,43,50,38,39,17,10,35,8,51,33,1,53,25,63,0,47,59,58,18,21,20,60,5,32,19,12,13,45,57,49,48,28,44,23,61,6,37,15,52,3,34,36,56,62,55,30,29,7,24,40,46,41
37,62,56,30,39,47,18,46,13,48,17,33,32,16,35,22,36,12,55,45,4,41,28,42,29,58,61,25,14,10,19,53,21,23,1,11,8,40,15,54,26,52,9,5,44,57,3,59,43,49,24,34,63,7,20,38,6,0,31,60,27,50,51,2
13,54,46,7,45,27,63,57,59,16,20,37,8,56,31,39,34,62,61,5,43,9,26,18,40,42,35,4,1,44,33,12,49,17,55,19,14,11,50,25,52,38,51,60,41,21,32,10,6,2,15,48,24,36,47,0,23,28,22,30,58,3,53,29
49,9,57,43,32,37,21,0,48,6,19,47,63,56,42,20,4,35,51,46,52,34,41,16,39,50,45,40,31,3,59,14,1,22,58,53,61,12,27,26,7,62,11,17,33,38,54,30,55,24,13,28,36,10,8,44,2,29,18,15,25,5,60,23
51,10,15,1,50,58,28,22,0,47,53,45,7,23,63,16,27,61,25,13,14,43,54,33,39,21,44,6,46,38,8,24,29,31,37,20,19,30,56,17,41,4,36,32,18,2,62,57,35,59,55,12,52,9,3,49,60,40,34,42,48,26,5,11
24,23,22,5,54,7,27,40,48,41,9,56,58,19,43,55,36,47,60,17,15,3,26,44,6,13,46,53,57,37,38,61,42,62,1,21,30,14,29,25,0,2,39,32,18,35,33,12,63,11,59,51,52,28,4,34,8,10,20,50,16,49,45,31
25,49,47,3,27,56,30,61,8,10,0,15,21,26,13,63,36,51,4,14,9,39,7,45,38,20,32,48,5,6,17,59,42,40,34,46,23,28,29,22,11,35,37,19,43,31,41,54,60,52,16,58,1,62,44,50,2,33,55,53,12,57,18,24
47,7,32,45,1,57,31,51,16,4,3,23,13,42,54,11,30,50,14,43,41,10,48,25,9,60,6,8,58,62,46,5,44,36,12,21,40,56,2,53,61,29,17,52,28,18,63,26,37,0,33,59,38,49,55,24,35,19,34,39,22,20,27,15
11,35,44,14,0,24,45,28,40,49,1,15,32,62,59,13,3,22,50,58,60,38,33,56,47,52,43,37,5,31,20,36,21,34,61,10,16,17,23,9,48,53,46,57,26,63,8,6,19,7,54,51,42,55,29,4,25,18,41,30,2,12,39,27
7,25,32,39,11,8,1,17,31,30,56,2,63,20,3,26,50,57,49,45,48,10,14,29,41,62,15,53,23,4,6,52,61,28,27,47,33,58,38,18,16,51,37,54,36,55,43,13,19,5,21,9,24,42,60,22,44,35,46,59,40,0,34,12
42,34,33,32,27,0,2,3,16,35,14,54,38,58,29,28,53,4,56,8,9,47,1,44,30,60,63,24,31,45,6,36,23,62,21,61,39,20,18,41,40,57,37,52,11,12,10,55,49,13,46,26,25,5,17,59,43,19,7,22,48,51,15,50
12,40,9,63,59,61,14,10,28,23,19,52,58,47,31,24,13,21,42,3,36,55,16,18,48,35,50,34,49,37,32,45,51,6,27,29,44,17,54,57,22,56,33,25,26,15,11,30,38,60,2,20,0,39,62,5,8,7,41,4,43,1,53,46
17,13,27,28,9,8,11,38,20,24,63,56,29,21,7,6,55,3,39,0,10,18,49,44,26,47,16,31,50,4,22,58,52,15,12,1,41,51,32,40,60,5,25,37,42,30,54,35,2,46,43,62,19,33,45,14,61,57,36,53,59,34,23,48
52,33,47,28,6,44,41,54,9,1,61,4,5,3,30,11,29,57,40,18,19,35,15,42,62,58,48,0,55,43,25,60,34,51,49,22,24,63,37,17,50,59,39,21,10,38,27,7,12,20,46,26,2,36,32,23,14,45,16,8,53,13,56,31
13,19,20,28,56,10,4,14,21,15,7,39,33,55,12,54,58,27,29,48,35,17,6,47,37,18,46,5,23,34,50,49,11,44,26,36,9,24,30,3,41,61,8,0,1,42,40,57,62,45,2,22,63,52,32,38,25,53,16,59,51,60,43,31
40,47,9,34,45,61,26,14,29,44,27,17,23,24,5,59,54,52,0,38,35,33,41,30,2,58,7,63,1,10,37,56,51,20,11,25,60,39,3,4,28,22,53,13,55,49,8,15,32,21,46,57,6,48,62,19,12,42,36,16,18,50,43,31
3,0,30,22,12,43,29,33,49,18,35,57,52,11,63,17,60,24,46,10,8,21,51,58,16,7,9,53,32,15,2,26,1,20,37,13,28,45,54,42,27,40,5,4,14,56,25,34,38,39,41,19,59,50,48,31,6,55,44,61,47,62,23,36
48,54,25,31,8,20,43,41,27,39,63,35,44,53,29,22,17,46,50,14,19,13,55,49,7,34,4,56,52,23,32,9,58,40,24,33,38,59,12,21,37,16,36,61,1,0,11,62,57,6,47,42,26,30,18,2,15,28,60,45,10,51,5,3
62,18,21,48,61,0,20,9,3,37,10,32,56,40,45,29,36,25,49,17,19,54,33,58,31,15,43,5,4,60,47,44,42,27,28,6,30,1,63,59,38,55,22,34,16,11,24,8,13,7,39,52,23,57,41,2,12,51,46,35,26,50,53,14
39,9,4,50,45,10,21,41,20,0,47,23,63,27,43,19,37,29,38,46,1,3,31,42,22,17,7,14,51,40,44,48,54,16,12,52,15,6,60,57,33,56,28,24,5,62,36,35,61,8,25,59,32,26,34,53,2,11,18,13,49,30,55,58
8,0,16,42,41,10,40,44,38,25,11,23,27,18,30,62,32,35,43,13,58,56,49,22,14,7,24,3,12,59,4,1,33,46,54,15,2,37,48,61,63,36,39,17,57,53,47,31,51,29,21,50,45,6,34,55,28,52,26,19,9,60,20,5
13,18,23,2,34,24,54,35,50,46,1,17,27,37,44,42,12,6,31,59,61,58,38,4,55,30,56,14,19,33,51,9,21,8,3,41,45,29,7,10,60,25,49,22,57,0,11,43,62,39,40,20,48,52,26,53,28,47,16,5,32,15,63,36
2,15,7,35,38,6,51,27,39,48,62,18,41,3,21,63,42,25,55,58,28,60,1,14,9,46,30,10,31,36,26,22,4,19,50,59,47,23,54,44,40,43,45,32,12,52,57,24,20,16,13,49,56,34,53,61,29,17,5,11,8,33,0,37
47,14,40,53,59,57,12,2,7,20,26,43,61,52,60,4,56,15,23,58,13,22,39,29,18,28,55,44,1,42,17,62,34,36,5,54,37,48,35,33,16,0,50,49,6,24,8,41,11,51,21,45,32,25,19,31,30,38,10,9,3,46,27,63
43,8,10,12,53,37,39,56,27,57,61,28,25,0,4,9,14,62,5,63,7,36,41,21,22,18,42,34,6,58,50,32,44,24,38,45,55,31,48,19,17,49,13,16,23,20,51,40,2,26,54,35,33,11,47,46,60,52,30,1,59,29,15,3
17,26,12,39,59,19,29,42,5,48,33,6,55,60,62,36,22,15,46,27,14,2,53,24,47,16,20,38,31,54,18,34,51,45,10,49,32,57,30,61,4,52,11,0,3,9,1,21,58,13,8,56,37,25,23,41,63,40,28,44,35,50,43,7
12,30,54,20,35,3,42,28,10,51,4,31,41,16,1,53,57,14,49,26,38,11,19,52,13,5,58,0,6,32,23,7,8,46,39,34,24,50,2,9,25,27,59,56,44,61,21,17,63,22,33,60,55,18,43,47,40,45,62,48,29,15,36,37
19,60,29,46,10,39,53,5,11,31,14,43,40,9,16,22,50,49,6,21,61,56,17,15,34,3,27,4,28,44,2,23,47,32,8,57,30,20,45,26,42,7,54,48,35,18,13,25,12,1,36,38,63,59,41,0,52,33,37,58,51,55,62,24
56,53,2,10,18,25,29,38,49,39,52,58,23,30,22,37,47,5,61,15,20,51,21,35,36,62,33,34,0,1,16,28,9,48,6,24,55,54,40,42,45,12,46,26,8,32,50,3,63,60,41,14,11,17,19,13,59,7,43,4,27,44,57,31
23,45,47,0,19,39,12,40,17,55,41,42,2,15,60,21,5,51,44,36,4,63,62,38,8,26,24,16,30,14,48,54,29,56,57,7,9,53,59,50,18,52,32,10,25,22,31,37,3,34,46,6,58,1,13,27,43,11,61,35,49,33,28,20
17,23,51,31,44,32,49,50,42,52,25,40,2,35,55,46,57,47,43,15,18,39,63,11,3,7,53,22,10,60,19,16,14,24,36,6,45,33,61,13,12,0,4,54,48,29,1,27,28,62,34,58,26,8,59,21,30,41,37,20,5,56,38,9
11,22,42,1,36,20,34,33,25,47,50,37,8,41,30,26,51,55,23,63,44,40,45,46,9,60,28,31,7,35,17,6,4,16,19,15,5,3,56,2,39,29,24,13,27,14,0,18,57,21,48,54,52,49,59,10,61,32,43,62,58,38,53,12
2,9,53,47,1,43,17,5,0,37,21,39,14,24,35,28,62,15,52,50,55,25,54,40,57,26,61,18,36,56,46,3,41,27,22,34,16,12,59,60,44,10,58,42,33,4,49,63,6,29,13,19,48,7,51,8,30,11,45,32,31,23,38,20
60,48,30,46,45,14,27,24,33,2,50,63,18,1,58,52,8,49,13,4,40,62,28,61,0,59,3,43,29,21,22,9,39,36,17,19,35,23,57,6,41,53,32,51,42,47,55,20,11,12,44,5,16,15,25,34,31,56,38,54,37,7,26,10
10,22,32,19,1,30,3,41,53,37,27,54,15,5,55,43,18,40,63,57,35,6,52,48,51,31,50,24,2,61,14,60,38,49,62,7,9,46,21,13,34,56,11,36,47,12,23,26,42,39,20,4,33,0,17,29,45,25,8,59,44,28,16,58
16,42,46,2,8,59,3,20,48,57,39,44,53,26,51,56,22,15,7,13,25,61,32,23,28,34,36,9,55,29,1,19,50,49,24,35,5,47,43,58,18,62,37,41,31,0,52,10,40,17,21,38,63,6,54,33,45,12,14,30,60,4,27,11
20,13,62,15,14,37,59,45,47,4,2,33,16,0,49,10,44,61,28,21,41,35,51,24,31,27,8,55,19,39,1,5,32,42,18,48,58,26,25,17,29,3,52,22,63,40,54,30,50,46,7,60,6,43,57,12,38,11,9,56,53,34,36,23
26,39,47,13,54,6,61,14,25,20,57,15,0,51,49,48,9,42,58,16,30,12,53,32,36,43,19,18,2,31,37,45,38,22,33,44,60,41,29,59,63,40,8,3,56,17,46,1,27,35,10,21,62,34,7,4,50,28,24,5,23,52,11,55
37,52,48,58,57,15,6,22,49,12,62,59,32,7,31,53,8,16,25,42,47,17,20,23,0,14,38,63,24,27,45,36,39,3,10,41,55,54,9,19,26,61,2,35,18,4,1,56,29,51,33,50,11,5,44,30,46,13,40,34,43,28,21,60
42,10,19,60,51,37,34,41,20,11,21,3,30,13,43,6,9,23,48,24,7,52,44,57,45,16,36,25,32,33,40,4,8,58,18,54,56,49,0,63,27,39,2,59,46,50,31,12,28,55,61,47,35,15,5,1,62,17,53,14,26,38,22,29
51,4,17,42,13,0,7,18,61,28,9,44,46,47,53,32,56,36,10,60,49,14,26,58,31,55,41,27,12,20,43,45,52,15,1,25,62,57,8,19,48,50,24,59,54,40,22,29,37,6,39,11,38,21,30,16,35,5,23,63,33,2,34,3
9,25,3,44,8,49,27,38,51,35,29,43,33,12,0,14,37,16,46,61,6,50,10,22,39,23,34,20,40,60,15,24,18,54,13,26,28,11,19,57,48,4,56,36,52,5,32,2,1,30,17,53,47,7,45,55,41,21,31,63,58,59,42,62
26,23,11,38,53,54,27,28,2,18,13,61,40,42,1,57,49,3,52,21,43,12,9,19,37,22,47,36,33,32,10,6,63,55,46,45,15,56,30,34,59,44,58,62,24,41,39,7,48,4,16,35,8,31,20,25,60,17,29,5,51,0,14,50
14,47,15,23,21,27,29,12,28,9,33,38,8,24,43,53,50,26,30,17,48,5,46,52,42,58,34,57,25,51,59,45,41,55,40,13,56,19,4,3,49,32,22,6,61,37,16,44,11,63,36,20,1,18,35,7,60,0,31,2,54,62,10,39
45,23,39,34,27,2,58,56,51,46,37,17,9,47,62,19,48,26,44,49,14,7,52,8,20,0,28,1,6,53,60,40,31,59,61,38,13,29,25,36,12,3,24,42,55,21,41,22,10,32,30,33,54,43,63,18,16,15,35,50,4,11,57,5
29,46,61,54,57,17,42,5,6,3,48,36,1,55,31,51,4,23,30,56,28,41,13,8,53,15,32,49,45,37,16,24,2,14,44,40,60,63,47,38,10,21,27,62,50,35,11,19,58,7,26,39,43,20,59,9,0,18,12,22,52,34,33,25
5,60,8,50,0,56,3,63,37,19,24,49,40,46,36,34,35,23,53,58,55,18,21,59,45,42,38,16,7,10,6,1,31,57,52,4,13,61,17,15,22,51,9,14,39,20,2,29,30,33,11,28,12,47,27,62,32,54,25,26,43,48,41,44
59,28,4,48,17,39,34,55,16,33,18,56,11,37,32,8,62,15,5,20,1,3,42,45,50,38,14,12,2,24,26,51,60,25,49,54,29,63,36,57,23,52,46,40,35,7,10,41,44,31,47,21,22,30,43,6,9,13,27,0,53,19,61,58
17,55,58,14,45,20,57,50,10,21,43,3,51,56,22,18,30,36,63,33,25,42,26,53,39,47,6,34,28,1,5,38,7,41,48,32,54,46,0,31,40,37,16,19,59,27,4,8,2,24,15,61,12,62,35,44,9,52,49,23,60,13,11,29
53,13,31,25,40,16,42,34,6,37,55,11,50,20,58,4,52,49,17,14,60,12,32,41,57,1,27,15,43,44,9,2,22,59,36,3,23,10,19,7,28,48,39,5,38,24,0,62,30,29,35,21,45,33,63,46,61,47,26,56,18,8,51,54
63,13,48,32,8,2,51,33,55,3,31,34,27,62,37,52,18,6,60,16,43,12,46,61,56,24,57,15,30,26,28,20,14,35,23,25,38,47,4,7,5,59,45,54,50,58,36,11,40,29,44,49,22,41,21,39,53,19,10,42,0,17,9,1
23,15,56,24,16,8,29,57,21,20,10,11,55,18,5,46,51,33,54,32,2,62,43,12,38,58,40,49,36,1,50,19,45,7,39,13,25,59,27,41,47,44,26,31,61,37,3,30,14,52,63,9,42,4,53,22,48,34,6,0,60,28,17,35
23,4,14,32,60,57,58,13,50,28,45,9,11,55,54,35,62,1,24,8,37,43,16,2,38,12,42,31,25,27,3,59,36,26,29,33,40,20,18,7,0,19,21,34,52,10,44,63,61,39,5,17,47,41,15,48,51,46,49,30,22,6,56,53
35,37,11,43,33,49,48,27,36,23,60,9,17,22,13,50,7,59,52,20,44,53,56,29,41,2,31,4,34,57,14,3,6,30,62,32,61,18,16,24,25,12,19,38,46,5,54,42,21,1,8,28,26,15,39,63,0,47,40,45,55,10,58,51
23,51,16,15,2,62,12,34,41,45,7,50,11,24,10,63,22,5,44,54,6,49,1,17,59,37,53,61,48,26,30,56,19,29,20,25,42,4,46,55,47,3,21,18,28,38,13,58,0,52,8,27,14,39,31,32,36,9,33,40,60,57,35,43
13,58,45,62,9,5,50,55,29,12,30,56,59,22,21,2,27,24,40,32,41,46,53,25,60,3,37,8,11,54,61,52,19,20,34,51,44,57,14,28,1,42,26,7,48,17,6,0,63,33,18,38,15,10,31,23,36,39,49,4,43,35,47,16
10,53,8,30,22,29,14,40,32,1,19,5,4,59,7,33,37,34,16,47,62,54,45,60,18,58,52,0,43,61,17,44,3,24,51,25,50,36,42,57,48,6,49,38,20,56,27,31,28,23,9,35,12,46,55,15,11,63,39,21,41,2,13,26
35,29,24,27,52,61,48,28,16,22,44,20,13,39,17,19,6,50,23,31,57,10,40,45,7,15,62,42,12,3,34,0,46,41,63,59,14,11,37,21,5,1,8,38,58,55,9,36,25,26,43,49,60,33,51,18,56,47,53,2,54,32,4,30
0,11,28,46,31,9,62,19,51,24,7,42,16,4,22,35,30,32,21,25,44,12,20,17,63,34,39,23,52,14,53,50,45,43,27,2,33,26,29,59,38,55,47,37,1,54,10,56,18,5,3,36,15,49,8,61,13,41,6,58,48,57,60,40
34,19,27,60,49,61,55,33,30,9,29,58,11,31,53,14,44,57,28,25,48,1,5,6,20,26,18,7,21,56,8,24,42,39,51,2,37,16,62,12,45,41,50,4,32,22,36,38,63,40,35,13,3,23,0,47,17,15,52,43,59,10,54,46
26,5,15,42,13,56,50,12,40,23,38,11,54,61,21,57,53,19,33,47,63,34,10,17,32,37,7,44,60,36,24,59,58,25,2,29,55,51,43,30,9,46,18,16,8,35,22,48,52,3,27,41,14,39,4,28,62,31,20,1,0,45,49,6
9,4,23,63,14,44,49,48,15,47,45,46,55,61,43,59,41,11,26,42,3,7,20,0,29,10,17,22,32,40,50,51,53,30,2,35,24,57,25,36,27,18,62,38,6,12,16,60,37,56,5,13,39,19,31,28,8,34,58,1,21,33,52,54
16,15,25,28,42,59,26,6,38,14,12,5,54,53,33,45,3,41,39,7,37,56,34,30,0,61,31,23,40,62,11,49,29,17,9,21,60,46,50,48,22,55,44,2,63,19,57,32,47,24,52,8,10,20,36,51,27,1,58,43,18,35,4,13
26,32,13,18,23,10,16,4,52,41,36,53,33,44,1,59,46,56,50,55,0,29,37,48,30,9,3,54,60,58,35,22,14,5,11,51,49,39,40,57,43,15,45,27,47,61,28,34,62,24,7,2,21,20,31,38,12,17,42,63,25,6,19,8
31,52,58,44,11,8,18,61,16,49,24,1,9,37,10,53,40,13,39,54,62,20,56,51,32,28,2,26,27,42,6,33,46,0,41,47,21,7,15,50,25,36,45,12,60,59,38,48,55,57,63,22,17,4,19,30,14,23,34,29,35,3,5,43
40,5,6,35,60,47,58,20,7,29,43,42,62,56,4,39,8,59,17,10,23,28,21,45,9,30,54,55,27,52,1,44,36,13,51,0,57,46,33,2,53,19,22,31,63,3,16,11,14,61,49,18,34,15,41,24,26,25,38,37,12,32,48,50
23,59,31,10,5,47,0,61,14,17,13,26,16,43,56,60,1,3,39,4,37,18,46,30,32,22,42,19,40,35,20,63,15,57,2,62,27,55,54,50,36,53,29,45,51,12,48,25,33,34,9,49,21,44,52,58,41,7,38,8,6,11,24,28
61,30,34,6,21,63,23,44,41,58,19,59,33,20,17,25,35,45,51,10,49,36,7,5,38,54,32,28,15,1,3,48,37,22,24,2,8,62,50,14,4,57,42,43,0,47,39,26,40,13,56,16,53,29,55,9,46,60,11,31,12,18,52,27
36,15,54,52,60,3,41,49,59,30,9,58,20,38,26,53,46,45,33,39,22,0,50,12,25,48,21,42,34,11,57,6,23,13,61,8,40,37,4,10,35,28,5,44,56,27,29,7,2,18,24,17,51,63,14,19,43,16,55,32,47,31,62,1
31,39,24,45,27,44,55,3,18,36,5,41,0,34,33,26,6,43,21,13,37,2,17,49,1,12,54,46,9,48,32,57,15,14,23,11,16,53,61,51,60,50,58,22,19,52,38,7,8,25,20,56,63,30,28,40,29,10,59,62,4,47,35,42
33,52,32,39,24,7,27,2,15,20,3,37,28,43,8,61,29,41,55,21,48,19,35,12,17,9,30,49,45,53,11,63,34,38,31,58,59,6,57,46,60,36,47,23,0,1,10,62,25,44,50,42,4,54,40,26,14,16,51,22,56,13,5,18
21,52,24,8,53,9,4,19,38,20,43,39,7,5,14,25,2,56,18,42,49,31,35,22,23,16,17,10,13,44,62,50,47,41,59,48,37,27,46,33,63,1,51,55,29,61,30,57,26,58,11,28,32,60,6,0,12,15,40,3,54,36,34,45
55,22,34,36,14,45,32,6,59,13,60,47,1,40,54,61,49,46,20,26,41,19,7,11,51,35,57,56,27,12,53,9,62,15,38,4,43,8,50,23,48,10,30,44,21,42,33,24,39,5,0,63,58,37,18,17,2,52,25,28,31,16,29,3
37,14,9,7,22,44,23,18,17,5,3,61,41,10,15,19,4,45,43,60,47,46,0,31,52,28,30,33,13,27,25,40,62,42,26,2,38,55,54,35,63,11,58,59,50,20,24,57,49,32,6,12,48,16,51,34,56,53,8,39,1,21,36,29
28,1,44,29,57,20,48,38,60,2,12,15,34,16,22,5,11,41,53,0,24,18,46,25,32,7,14,54,3,35,42,50,51,49,9,13,8,23,58,40,19,21,31,4,59,63,39,10,56,61,33,62,55,6,30,47,45,17,52,36,26,43,37,27
36,33,8,2,23,62,24,43,7,25,4,18,61,51,17,5,50,3,6,34,27,16,37,11,56,54,0,40,63,21,49,52,29,57,53,12,22,32,46,39,59,1,60,55,19,13,35,42,26,10,28,30,47,38,58,45,15,44,20,9,14,31,41,48
29,17,48,21,46,33,47,56,35,18,24,55,4,45,25,42,20,50,52,11,15,61,9,57,23,44,5,43,31,8,6,3,63,16,58,22,14,37,2,13,12,40,32,60,19,0,41,59,34,62,53,39,27,49,51,10,28,30,54,36,7,38,26,1
51,49,43,5,24,30,37,38,58,31,19,10,36,59,46,50,56,28,15,53,39,41,48,25,11,55,54,14,8,13,32,20,7,0,17,1,26,29,42,27,45,12,23,34,44,16,35,62,47,33,61,2,4,9,21,18,60,40,6,63,22,57,52,3
27,41,11,12,54,9,38,40,13,31,44,53,4,2,18,25,29,50,33,6,20,0,8,7,39,35,23,26,63,52,45,24,34,55,61,51,5,37,58,15,36,28,60,62,10,56,48,1,32,16,42,19,3,21,57,17,47,22,46,49,59,14,30,43
52,13,48,57,58,44,43,1,2,27,11,26,59,46,42,54,8,32,49,37,41,5,47,6,22,55,39,34,9,31,50,3,56,21,10,18,4,28,7,36,30,20,45,14,0,62,33,19,17,25,24,15,61,12,29,40,23,16,38,51,60,63,53,35
31,52,4,14,49,60,48,33,55,54,23,26,38,40,15,17,21,62,5,45,37,57,19,36,1,20,42,3,9,8,47,41,6,30,58,0,35,12,53,10,2,56,16,51,44,39,28,24,27,11,61,22,29,46,25,13,63,34,7,18,32,43,59,50
37,58,28,29,31,8,23,55,63,18,1,46,9,20,45,33,26,53,35,36,4,0,34,57,13,54,2,22,7,19,16,38,30,15,56,3,44,6,62,25,61,39,49,5,43,10,27,41,42,51,12,48,21,52,40,11,14,59,60,24,17,47,50,32
26,48,18,63,51,62,29,37,47,57,2,30,54,27,17,38,43,61,56,7,28,3,16,14,20,39,58,23,53,32,15,22,8,24,60,36,35,1,55,21,44,25,52,34,33,49,46,11,41,45,4,31,50,13,42,0,9,59,6,5,12,19,40,10
29,9,62,54,58,61,24,50,41,37,10,56,21,55,35,34,39,32,51,12,26,22,23,0,52,4,47,8,28,6,2,31,7,42,16,33,43,63,48,1,5,53,17,36,60,30,44,46,3,38,13,18,25,19,59,15,49,27,45,14,57,20,11,40
16,10,7,44,11,12,50,8,38,39,47,53,46,32,31,25,3,45,2,48,14,42,41,30,51,9,5,43,52,4,18,62,28,20,17,19,55,21,23,24,33,49,57,6,60,29,37,13,35,26,54,40,22,34,0,15,58,1,63,36,61,56,27,59
45,36,54,40,26,32,34,0,5,19,47,27,20,39,49,24,33,52,13,1,60,3,56,9,29,48,28,41,44,59,31,12,15,17,38,11,55,10,14,62,61,42,7,63,2,18,25,22,35,51,43,8,57,50,53,23,46,37,6,58,4,16,21,30
6,3,63,9,35,36,25,8,16,32,57,46,60,13,15,54,1,12,27,34,19,51,20,53,61,50,0,44,28,2,26,52,56,18,14,37,41,11,31,58,4,24,45,5,59,47,38,29,48,33,43,42,30,21,17,22,40,23,10,39,7,55,49,62
31,7,18,15,39,33,32,54,50,27,21,14,58,28,56,49,60,48,4,41,8,1,53,38,51,35,16,63,47,11,45,34,37,0,6,59,20,40,46,57,62,5,52,12,19,44,43,13,2,55,22,10,29,42,17,30,26,61,36,24,25,23,9,3
21,33,49,15,11,19,0,46,3,51,41,16,42,8,9,39,44,30,13,14,48,40,23,25,18,12,26,54,37,57,52,63,43,45,22,34,5,29,32,58,17,2,50,27,20,60,31,36,4,6,61,62,47,28,7,38,24,1,59,10,56,53,55,35
33,42,17,4,20,52,53,16,56,55,0,6,14,60,22,9,54,40,49,48,37,21,36,15,11,10,23,2,62,50,19,3,39,28,13,12,61,51,29,25,35,18,59,46,27,32,63,41,1,58,45,7,43,30,44,5,26,57,24,8,31,47,38,34
61,1,23,7,35,38,52,39,15,49,25,36,42,8,10,32,31,29,19,26,14,30,9,54,2,0,18,28,24,46,56,34,47,21,48,4,44,55,17,41,45,53,50,62,33,16,60,20,5,6,11,43,27,58,3,13,51,57,63,40,12,59,22,37
46,56,39,15,44,7,10,25,41,1,31,23,6,58,37,62,21,38,53,29,28,47,18,45,2,59,27,54,8,20,12,57,3,16,35,36,19,24,51,55,43,61,14,63,48,26,0,17,22,49,9,34,33,50,30,11,42,32,52,60,4,40,13,5
26,0,42,43,15,44,35,32,27,20,34,61,62,2,28,16,38,25,60,30,3,55,9,31,4,33,41,63,18,1,21,14,57,49,7,23,17,10,5,46,53,54,58,29,19,59,12,36,47,52,13,8,40,24,22,50,45,51,37,6,48,39,56,11
42,48,41,63,44,46,54,37,38,58,40,30,2,50,45,1,23,25,33,34,3,22,0,35,57,51,29,17,8,19,18,39,9,60,26,56,11,27,5,28,15,36,47,20,10,7,49,61,24,21,16,4,59,13,55,14,32,62,43,53,6,52,31,12
42,33,49,60,46,39,0,61,27,44,40,17,59,2,9,48,3,34,22,7,26,4,52,51,28,24,43,23,25,21,35,32,55,50,14,53,5,62,11,56,30,38,15,12,29,18,63,45,36,8,37,57,1,20,54,58,47,16,31,13,41,10,19,6
40,20,43,10,16,22,59,61,54,5,45,33,24,17,8,12,60,55,32,1,37,23,44,34,29,4,47,49,38,7,15,28,21,56,31,27,42,39,58,63,50,41,36,9,13,57,18,0,52,48,3,14,62,35,25,46,26,30,19,51,6,11,53,2
34,48,55,45,21,15,37,58,8,42,11,32,62,5,41,22,49,36,9,19,12,47,18,54,46,16,1,38,4,33,35,28,52,2,27,30,61,43,63,20,31,25,60,57,23,53,10,51,26,13,40,39,3,59,0,24,29,56,7,6,44,17,14,50
61,57,17,41,37,55,5,13,26,20,3,6,22,15,30,39,43,48,51,25,4,27,18,0,53,16,54,38,52,47,62,11,9,23,12,24,56,31,10,46,19,21,49,32,35,29,40,28,33,7,8,36,44,63,14,34,45,50,59,60,1,2,58,42
25,36,2,43,39,42,15,51,52,46,7,59,20,58,17,9,35,47,56,23,38,26,19,50,41,37,31,8,57,22,62,27,21,48,10,60,29,53,34,12,18,1,63,4,32,3,40,55,24,49,54,44,16,11,5,33,0,6,14,13,61,45,30,28
13,46,21,30,14,48,12,16,59,8,44,33,2,19,57,24,9,10,7,11,20,49,47,22,50,35,38,41,26,40,17,52,54,39,37,61,1,55,62,15,25,0,63,43,58,31,29,32,53,27,56,3,34,51,28,42,60,4,36,18,5,45,6,23
63,38,29,22,3,34,10,57,4,8,1,16,32,14,13,18,31,58,28,50,52,46,41,30,43,48,40,53,39,7,5,11,6,17,44,37,19,51,12,26,27,54,42,36,45,35,60,0,2,55,9,23,47,25,56,33,61,21,20,49,59,15,24,62
63,29,33,48,34,32,43,30,26,27,41,15,8,35,17,18,4,11,31,12,28,45,55,37,2,9,21,5,57,20,25,19,59,54,51,42,24,47,10,22,60,3,61,13,0,58,6,56,38,62,39,36,46,7,14,44,49,52,16,23,50,1,53,40
5,43,7,0,35,25,1,31,45,37,10,20,16,27,41,34,54,13,12,19,63,42,24,18,11,58,23,29,61,46,44,40,6,32,30,9,21,8,39,14,62,4,48,22,50,33,36,56,59,53,55,2,49,51,3,52,28,47,15,38,17,57,26,60
49,4,47,20,34,27,15,10,40,57,7,42,14,13,35,25,59,61,21,12,5,52,19,53,16,55,36,43,37,11,56,54,51,38,1,50,30,17,28,60,8,58,46,9,41,33,6,26,29,2,22,45,18,48,32,63,0,44,24,23,31,39,3,62
58,55,60,19,62,63,50,53,46,11,32,45,1,41,37,3,56,22,26,29,39,40,30,61,35,2,36,33,34,16,9,21,6,10,5,20,59,12,7,44,43,13,47,0,42,48,57,31,49,14,38,27,51,25,54,24,4,15,23,17,52,8,28,18
60,14,53,23,50,10,59,38,62,41,58,2,11,56,42,9,54,3,20,24,18,12,37,25,63,48,19,33,16,47,0,1,28,30,51,57,4,55,7,17,34,49,26,36,40,21,46,6,29,44,27,8,22,15,31,45,43,13,61,35,39,5,32,52
50,17,7,62,52,33,8,30,16,53,11,61,45,22,23,37,20,28,41,0,32,26,24,4,21,43,55,58,56,44,19,36,46,10,18,48,9,12,31,34,14,13,15,39,57,5,38,49,42,51,1,63,2,60,6,40,47,29,25,3,54,27,35,59
13,40,35,61,36,21,28,34,29,16,8,1,14,30,3,43,38,52,20,23,0,15,6,37,24,47,45,7,59,32,55,4,49,19,26,50,2,17,51,44,18,27,56,63,42,58,46,9,39,41,5,60,62,12,11,54,33,25,57,48,22,10,31,53
37,1,57,17,36,54,39,7,10,19,11,48,9,33,58,5,31,52,63,8,32,21,41,29,20,4,40,22,18,61,2,0,26,24,50,62,16,53,60,23,25,49,44,6,51,59,47,55,27,14,15,35,56,28,43,38,34,13,3,42,30,45,46,12
41,10,39,34,26,30,13,40,1,49,43,48,28,55,27,46,47,37,15,57,45,44,38,18,8,56,5,29,60,6,16,3,33,52,9,61,31,0,62,58,36,22,21,42,63,53,2,35,51,25,19,12,4,14,23,59,24,32,50,11,20,54,7,17
24,31,45,8,51,50,59,5,27,21,53,7,37,29,0,25,4,36,55,49,44,38,13,3,16,62,10,33,61,9,40,46,57,60,15,63,19,43,52,41,34,2,30,26,47,23,18,54,39,14,58,1,22,6,35,20,48,32,28,11,17,12,42,56
30,26,19,54,15,37,45,25,3,17,27,42,52,9,32,5,13,53,55,23,7,60,14,62,33,36,2,10,0,21,1,4,43,44,12,18,63,49,56,48,41,57,28,59,46,6,58,34,40,51,50,20,8,29,61,31,47,39,22,38,24,16,11,35
47,41,53,25,42,61,59,20,9,43,58,10,52,12,5,27,54,55,44,2,49,34,30,17,60,23,31,63,48,6,18,22,39,13,38,11,50,46,8,0,35,15,56,40,19,4,51,37,14,7,29,24,28,45,62,57,26,32,21,36,3,1,33,16
10,49,58,43,41,53,36,27,56,4,22,34,15,44,48,57,63,7,61,60,62,9,25,11,21,50,47,52,32,6,42,20,33,35,51,37,40,8,31,59,45,13,2,30,54,12,0,29,26,39,18,24,19,38,23,16,17,46,55,1,28,3,14,5
47,56,49,48,21,16,27,2,63,54,41,30,5,11,19,45,6,60,58,26,17,25,53,34,44,39,57,52,61,13,62,10,1,18,8,7,28,9,15,4,59,37,38,31,24,50,51,33,40,23,12,42,3,55,0,32,43,36,20,46,35,14,29,22
12,28,43,51,6,24,0,58,52,2,30,37,50,49,41,55,17,23,45,40,9,4,57,47,46,33,11,48,16,7,1,5,63,31,26,42,44,54,15,19,13,53,14,62,59,18,36,20,10,21,61,29,34,35,56,60,22,39,25,27,3,8,32,38
29,14,16,47,42,49,61,44,59,43,36,37,1,63,51,26,57,2,7,28,10,27,21,12,39,53,55,8,17,23,60,32,11,45,35,40,56,20,33,15,54,38,34,52,50,0,41,19,62,31,22,4,3,18,58,5,24,25,48,13,6,46,9,30
60,61,0,39,11,10,52,8,57,37,12,47,5,45,3,48,46,14,54,26,41,1,20,58,24,16,15,7,36,49,33,32,22,63,9,51,18,2,23,35,59,6,31,56,27,17,30,40,21,44,42,4,43,19,53,34,13,28,50,55,62,38,29,25
10,51,0,47,58,52,12,1,36,30,41,40,57,54,8,33,17,23,48,43,15,55,32,29,28,35,62,56,11,14,27,24,18,45,13,20,34,63,59,21,6,39,9,19,22,46,3,26,16,42,49,38,5,37,4,31,50,44,60,2,61,7,25,53
5,14,34,60,12,7,50,2,53,62,29,33,25,21,38,6,9,52,15,49,0,3,17,11,63,54,4,16,35,32,42,28,10,48,57,47,22,46,24,8,40,43,19,20,13,61,26,31,37,27,45,39,55,59,41,1,56,44,30,23,58,18,51,36
3,0,32,62,22,37,11,57,10,7,8,59,20,55,43,60,26,49,44,42,14,56,48,1,61,27,6,45,34,53,16,39,40,46,35,24,18,51,50,36,15,52,63,47,9,5,30,12,54,2,21,33,29,23,31,58,13,28,19,25,4,41,17,38
11,45,39,63,17,54,28,27,25,62,51,12,3,38,44,49,36,7,23,10,13,33,55,32,20,26,4,46,40,8,52,42,58,21,43,2,48,59,60,50,41,37,18,6,31,14,53,56,9,61,0,16,24,29,47,35,19,1,34,30,15,5,22,57
14,12,13,63,59,30,46,40,28,3,17,4,41,53,45,57,22,9,44,36,26,20,5,35,37,39,34,2,58,18,32,15,7,50,19,29,8,10,11,49,48,47,38,52,62,31,43,42,21,0,6,1,56,24,23,16,60,51,54,25,27,55,61,33
45,26,42,48,32,17,43,10,30,6,0,59,44,20,23,25,1,60,52,57,61,7,36,49,13,54,50,37,19,46,11,21,40,5,35,27,39,18,4,34,3,47,53,2,63,55,14,56,15,28,58,38,51,9,41,24,33,62,12,31,16,8,29,22
54,52,40,13,39,3,63,16,4,31,32,17,50,53,38,57,24,49,0,15,22,12,1,51,8,6,42,28,9,45,23,5,44,47,25,19,21,46,55,59,11,35,10,30,7,20,60,18,56,27,34,36,58,33,2,26,61,62,48,41,14,43,37,29
2,44,29,12,33,35,62,13,52,3,34,43,10,9,46,42,6,1,36,50,24,0,17,4,20,54,48,28,40,21,14,19,37,22,32,59,60,38,7,49,25,26,61,51,31,63,45,41,39,11,16,18,15,30,27,56,47,57,55,23,5,8,58,53
9,33,12,2,6,30,43,54,8,46,26,41,60,50,22,48,35,53,58,11,17,21,25,31,32,5,61,13,39,56,55,37,49,18,20,38,23,3,29,45,7,59,16,28,1,40,34,52,24,51,63,62,27,4,0,42,47,15,57,10,36,19,14,44
63,34,54,0,32,8,59,40,14,45,47,5,26,27,9,10,39,52,6,25,51,58,56,3,20,42,43,57,21,16,4,53,24,23,18,12,17,46,36,48,19,44,35,13,37,61,29,15,62,2,38,31,1,30,50,55,60,41,7,22,49,28,33,11
12,40,23,11,57,49,60,39,5,10,51,31,4,27,22,41,33,6,15,19,48,36,24,52,50,34,0,58,56,46,45,61,55,63,30,28,38,59,18,25,20,35,37,43,54,2,42,3,13,21,7,9,14,44,16,8,17,32,1,26,62,53,29,47
28,18,44,36,12,34,31,62,21,15,16,7,1,46,52,60,25,4,42,33,63,13,23,57,61,20,45,22,29,32,5,30,27,40,26,53,37,35,17,0,59,19,39,3,51,54,47,38,48,14,58,9,50,8,55,10,41,24,6,2,56,49,11,43
40,1,2,51,62,56,44,39,0,34,32,13,11,61,19,23,36,48,15,43,18,22,16,35,21,27,41,3,58,47,37,55,28,24,45,6,25,46,14,42,12,10,53,54,49,9,5,29,50,7,31,26,57,20,52,63,17,8,4,38,59,60,30,33
51,53,25,1,35,24,9,50,55,7,31,43,15,5,6,37,27,10,52,48,14,29,30,54,56,34,0,59,22,61,28,16,38,46,39,42,62,26,41,8,45,20,2,19,12,49,13,11,21,63,60,23,32,18,40,44,17,57,33,36,3,4,58,47
50,56,44,61,12,45,18,14,9,30,25,38,54,41,48,22,26,31,34,55,23,5,3,19,35,24,63,62,0,11,10,1,37,2,40,16,42,21,47,60,27,52,13,49,6,32,39,20,36,33,7,17,28,57,46,4,8,53,29,59,43,51,58,15
4,31,19,2,22,28,32,49,52,43,46,15,33,26,59,30,18,21,58,60,37,3,62,44,61,38,27,35,39,47,16,34,5,13,48,17,23,53,36,24,10,42,63,45,14,54,41,50,8,11,12,0,9,25,20,56,6,51,29,57,40,7,55,1
46,48,45,15,2,5,19,62,14,12,0,55,32,30,26,9,20,24,54,18,50,35,17,16,61,25,13,47,33,10,22,11,44,56,57,29,41,40,4,58,42,37,27,31,8,49,23,38,28,39,7,53,34,63,1,43,60,3,52,36,51,21,6,59
42,54,1,16,52,17,46,21,48,19,28,11,23,60,13,6,15,37,4,58,31,57,49,25,53,41,56,38,62,10,30,26,18,0,55,51,45,47,39,63,20,8,22,33,7,3,27,32,34,9,2,43,14,29,44,5,12,59,36,24,61,40,50,35
38,29,56,50,7,4,25,6,36,3,33,54,40,34,16,46,23,20,10,11,1,28,32,9,45,60,2,47,55,59,15,0,30,41,43,63,14,19,62,44,18,26,37,58,5,27,48,13,49,31,8,53,57,61,42,52,12,51,17,21,22,39,24,35
15,55,62,28,0,13,10,11,41,48,44,27,59,37,45,42,61,12,56,25,2,3,47,18,46,22,58,30,43,34,1,17,53,29,51,14,19,50,38,5,9,7,33,32,57,36,16,52,6,24,21,4,8,54,40,20,49,26,60,31,39,23,63,35
17,43,40,41,29,36,6,58,61,3,11,7,44,1,60,50,45,8,27,0,39,32,62,54,49,25,55,56,12,63,48,33,13,5,38,22,23,9,28,18,35,20,53,57,31,15,24,59,37,2,51,4,10,47,46,42,26,14,52,19,34,30,16,21
42,55,33,17,20,30,41,14,9,8,3,58,12,51,23,47,2,40,39,35,28,59,49,16,5,43,1,31,6,44,18,63,62,7,19,4,36,24,54,22,45,57,52,10,50,34,11,26,27,25,37,15,48,56,53,13,29,60,38,21,32,46,61,0
53,47,59,52,45,25,27,62,43,23,31,41,14,7,22,19,8,13,48,26,18,58,16,33,21,3,38,63,1,57,55,61,56,2,20,17,39,32,54,12,4,28,49,36,51,44,60,29,30,34,37,46,0,5,50,35,40,15,10,24,6,42,11,9
30,46,14,7,50,57,39,19,1,24,49,61,33,26,31,25,53,59,34,45,35,36,11,9,48,23,4,15,56,20,52,16,47,41,2,12,62,60,8,32,17,43,27,18,55,54,28,22,0,21,29,58,38,3,5,40,6,37,63,10,13,51,44,42
16,7,27,46,1,5,29,25,42,40,20,45,32,4,50,38,28,53,49,58,18,17,57,26,41,51,21,43,37,59,23,9,55,31,11,35,62,12,3,14,2,22,6,24,10,63,44,8,15,19,56,60,0,13,54,34,33,30,39,47,61,52,48,36
28,7,36,38,4,30,60,32,51,20,1,59,37,47,57,62,18,44,45,12,10,2,35,54,46,19,40,43,53,8,21,17,49,13,55,3,16,5,52,0,48,56,61,11,50,39,42,33,9,26,63,58,31,23,24,22,27,15,25,14,34,41,29,6
57,32,6,38,41,3,54,12,61,1,30,58,51,39,49,34,47,20,0,21,44,18,63,28,11,59,31,29,5,13,10,60,7,14,23,36,52,50,16,56,15,4,17,46,48,25,19,26,27,53,22,35,37,33,43,24,62,45,9,2,55,8,40,42
17,22,47,63,51,60,57,62,1,52,61,7,54,59,53,18,55,40,14,28,35,41,50,37,19,0,36,26,25,31,6,29,38,15,45,33,10,8,43,27,39,2,11,23,4,16,9,24,20,34,42,46,56,30,3,13,58,5,21,32,49,48,12,44
51,60,8,40,19,1,57,3,44,21,10,52,43,25,41,24,34,13,56,37,45,15,17,36,9,33,53,54,2,39,38,20,59,7,35,22,31,6,29,62,61,12,48,27,50,46,55,16,63,28,42,0,58,26,23,47,32,14,18,4,49,30,11,5
24,36,6,25,45,35,40,63,4,30,2,12,37,10,18,44,49,48,0,13,60,57,52,5,61,16,28,41,39,21,23,62,19,54,3,27,9,7,38,55,31,33,11,53,1,47,15,59,8,26,29,46,17,42,32,22,50,20,43,34,51,58,14,56
29,47,3,44,62,58,63,8,5,40,28,48,39,59,37,50,23,32,14,53,13,19,10,60,38,43,41,12,30,6,49,22,42,35,18,61,0,55,57,56,9,21,51,52,36,27,7,11,20,45,16,15,1,4,24,2,25,26,33,31,34,54,17,46
6,59,16,46,47,8,27,13,62,63,3,42,38,44,33,49,61,1,7,5,58,30,9,41,23,37,45,52,17,14,18,39,57,12,34,43,20,36,55,50,11,10,60,54,28,21,0,35,32,31,15,4,29,53,40,48,2,26,51,25,22,24,19,56
30,62,40,41,6,19,17,47,2,13,27,32,60,10,29,4,0,18,28,7,26,43,54,42,23,21,56,58,55,44,25,48,31,49,53,3,51,14,1,61,36,11,35,9,38,20,8,34,24,5,57,46,33,12,45,22,52,63,59,50,15,37,39,16
11,20,23,37,12,55,8,26,1,34,5,2,35,0,41,60,13,61,33,10,18,63,49,15,14,38,36,53,16,52,62,45,57,48,56,6,46,47,43,9,42,21,17,54,27,51,44,58,19,24,50,30,28,29,4,22,32,25,40,7,59,3,39,31
9,25,60,36,10,40,11,26,39,2,30,48,43,15,18,42,5,1,52,7,23,33,21,62,38,53,50,0,17,55,61,44,14,32,27,37,31,12,6,46,49,16,3,19,34,54,58,41,47,35,24,22,13,45,28,57,29,4,56,8,63,59,51,20
12,28,11,22,2,13,36,25,62,0,34,15,32,5,52,40,26,27,4,59,17,39,19,30,20,42,58,50,14,56,1,10,47,49,55,60,41,21,33,53,54,7,48,9,63,18,3,46,57,8,44,45,61,31,35,23,43,38,29,16,24,6,37,51
55,60,30,18,63,61,14,21,31,2,25,41,54,11,19,62,15,53,46,26,58,23,28,34,33,56,3,22,13,32,10,36,57,52,20,44,47,27,42,51,17,0,38,1,59,45,48,35,40,7,29,43,49,5,37,39,6,8,4,50,24,16,9,12
3,10,58,27,6,50,31,23,45,34,61,39,19,7,12,1,51,25,56,20,55,63,43,0,53,60,59,18,16,28,9,32,5,2,44,8,15,38,62,14,26,11,40,22,33,30,57,17,52,35,54,46,24,48,49,21,36,42,41,4,37,13,47,29
13,61,20,35,16,54,30,3,39,18,34,15,9,55,59,1,8,51,12,10,49,44,43,48,25,56,33,6,57,40,32,11,63,26,46,23,62,19,27,7,0,42,36,2,45,31,17,29,52,37,21,5,60,53,24,38,50,28,41,47,4,58,22,14
61,29,2,10,32,59,4,30,7,17,16,28,40,43,26,36,39,9,37,38,48,24,54,18,47,55,8,41,58,27,51,57,45,14,22,46,34,56,44,63,13,6,35,60,19,52,0,20,49,23,11,31,1,12,53,15,5,25,21,62,42,33,3,50
15,40,53,19,63,4,3,61,11,10,50,45,31,35,60,43,28,49,48,47,32,5,56,34,51,30,14,13,59,27,6,0,26,33,42,37,1,39,62,36,41,20,46,44,8,29,38,23,12,55,54,17,57,21,25,7,58,16,52,22,9,24,2,18
61,22,57,1,46,8,23,62,38,29,42,58,47,20,40,37,54,11,2,35,4,50,45,63,55,0,43,16,52,34,59,30,13,19,33,49,31,26,44,39,10,56,41,24,9,12,5,3,60,28,53,18,15,32,21,25,14,36,51,27,6,17,48,7
47,7,0,44,2,53,63,6,14,10,49,22,18,43,29,58,21,13,30,9,61,26,28,55,48,62,40,27,56,37,46,57,15,3,20,17,32,1,25,24,16,41,45,23,4,60,50,35,59,38,33,36,8,31,39,5,52,12,19,54,42,34,51,11
5,1,40,24,49,30,19,27,44,31,11,7,43,62,38,3,55,50,14,9,35,26,39,47,36,54,48,21,13,0,37,51,18,8,34,41,59,42,33,58,56,52,25,17,63,16,46,57,61,45,4,53,28,15,10,60,22,6,2,23,32,29,12,20
49,58,18,46,10,47,56,48,36,4,3,51,35,14,7,31,9,61,44,34,16,42,43,30,45,27,39,8,60,25,38,53,17,6,19,41,21,63,50,33,1,23,28,20,13,29,62,40,5,11,54,37,22,59,32,15,52,26,0,24,57,55,2,12
52,48,34,25,28,31,53,3,24,36,50,32,56,21,59,29,46,42,1,9,11,58,0,12,57,8,4,37,2,16,27,49,45,15,38,51,22,62,55,33,20,35,18,7,13,61,6,54,14,63,23,44,39,30,10,41,40,60,5,47,26,17,19,43
39,2,60,59,13,0,47,61,32,24,34,56,18,5,45,17,25,35,28,7,53,62,46,58,44,63,12,10,3,26,51,19,38,55,41,37,43,52,49,29,27,9,31,6,36,23,1,14,8,30,42,33,16,22,4,15,54,50,20,11,57,48,21,40
47,54,45,48,16,14,11,36,49,37,39,20,29,24,22,60,33,56,35,57,25,30,55,31,7,13,5,26,53,9,0,52,59,41,40,21,42,43,3,51,61,12,8,58,62,46,23,28,19,17,27,63,50,32,38,4,2,1,34,15,44,10,18,6
33,39,26,6,36,40,3,14,5,30,58,22,42,38,28,44,9,59,51,29,54,60,27,15,16,31,21,17,19,8,18,46,1,34,49,52,11,62,32,37,0,61,45,24,20,12,10,2,57,48,63,43,55,50,53,47,4,23,7,35,56,41,25,13
52,27,22,25,51,54,13,21,17,1,43,46,44,59,47,57,37,60,24,18,42,20,31,40,26,41,63,33,12,3,48,50,8,15,9,2,61,36,11,55,5,62,10,4,7,19,38,53,49,58,56,39,28,16,14,45,32,35,0,6,30,23,34,29
14,12,43,30,19,51,9,40,56,41,63,17,44,4,54,57,36,20,11,31,29,27,21,8,37,48,47,58,49,52,33,2,61,0,1,38,59,25,23,6,3,24,45,35,28,55,50,34,10,39,18,32,22,15,62,16,46,13,7,26,5,53,42,60
34,18,49,1,40,13,58,10,6,33,25,44,11,45,51,57,36,52,17,42,28,22,23,24,39,9,5,15,31,53,3,8,0,41,26,30,20,43,46,50,27,19,62,21,29,4,14,48,61,32,7,16,63,2,56,60,12,55,37,35,59,47,38,54
9,10,53,32,43,34,42,59,14,6,35,29,20,19,49,38,1,46,7,30,36,31,55,51,60,48,5,16,40,54,27,63,11,62,25,61,3,58,12,18,15,23,33,50,13,17,26,0,21,41,24,47,4,8,56,44,2,39,22,57,37,45,28,52
45,47,10,44,1,48,53,16,15,57,9,60,30,37,20,43,5,19,18,13,46,24,62,39,35,33,29,51,14,50,7,28,32,3,25,42,12,31,59,56,6,11,8,4,23,58,34,41,2,36,27,61,0,38,63,17,21,52,26,54,22,40,49,55
3,36,18,0,34,20,43,17,5,39,33,30,32,8,42,40,55,44,63,59,26,41,21,56,38,35,47,10,49,15,22,16,60,6,62,24,46,57,48,27,12,50,1,7,37,54,51,2,9,52,31,4,14,11,28,19,53,61,25,45,58,29,23,13
47,43,21,11,20,17,39,57,60,54,56,18,52,46,8,9,16,50,7,58,24,19,31,38,6,37,12,4,35,41,23,13,30,29,3,45,14,53,34,36,44,48,55,49,63,61,59,22,26,15,62,51,0,10,42,2,33,28,27,1,40,32,25,5
54,16,13,61,46,8,41,43,11,34,18,1,9,38,44,6,35,10,30,29,12,23,20,37,27,5,31,14,15,50,40,47,17,32,59,49,56,25,0,42,3,63,21,55,62,51,58,2,52,60,33,39,19,45,4,22,57,36,26,28,7,53,48,24
10,50,24,39,13,29,37,52,38,62,54,4,20,63,19,11,5,30,0,3,55,8,1,25,21,42,53,28,12,59,36,51,61,58,57,31,47,49,41,33,14,48,34,45,35,43,17,26,7,9,2,56,44,23,46,6,60,40,15,22,16,27,18,32
46,59,55,56,61,60,38,57,53,41,33,52,16,21,17,36,51,40,47,63,31,1,12,35,15,13,3,62,50,49,18,28,54,9,7,32,39,8,48,58,19,11,14,37,10,45,29,26,5,20,34,43,42,4,23,22,44,24,25,30,6,2,0,27
6,29,20,2,63,18,22,54,53,9,58,31,38,59,41,25,44,24,55,43,4,48,32,12,27,5,47,49,11,10,0,61,19,50,15,3,57,14,35,21,34,56,40,46,16,8,52,13,28,1,62,17,36,26,39,37,33,60,45,7,23,30,51,42
47,48,16,14,8,56,38,54,41,34,40,51,9,17,28,20,52,63,43,25,37,24,7,23,39,1,5,21,45,35,55,61,49,32,42,30,60,22,13,12,33,3,58,59,0,10,46,29,2,18,62,36,31,4,53,19,27,11,6,26,15,50,57,44
46,11,36,2,6,30,34,33,60,9,13,27,52,45,25,21,8,57,35,16,42,18,55,12,54,53,51,39,49,22,40,50,0,48,23,56,20,17,26,59,14,63,28,44,37,47,62,7,15,43,19,58,1,3,4,10,61,29,38,24,31,5,41,32
29,40,54,55,23,19,0,41,45,37,43,14,30,1,42,56,21,51,38,24,26,13,59,17,35,4,61,2,39,63,5,60,8,16,33,22,36,12,10,53,49,50,27,62,52,57,48,31,6,18,47,7,3,28,11,58,9,20,34,44,46,25,32,15
46,39,37,41,21,48,4,59,28,26,19,32,44,2,43,30,31,45,10,5,27,36,49,25,35,6,54,52,8,56,51,40,16,23,0,63,3,61,38,22,34,15,53,1,18,58,9,11,7,24,42,29,60,62,13,12,55,14,47,50,20,17,57,33
39,24,11,5,33,0,60,10,8,63,35,4,28,25,23,44,29,21,62,43,58,61,49,19,51,46,37,32,31,15,17,9,12,57,20,59,41,40,2,55,45,27,26,14,52,42,47,36,38,48,22,34,16,7,6,54,3,53,13,18,30,50,56,1
53,12,33,19,0,25,35,5,15,1,16,52,4,62,8,9,63,61,26,48,32,22,28,38,39,10,37,43,60,31,42,55,14,13,2,49,20,23,3,30,34,29,17,18,36,7,51,44,50,40,56,57,59,58,45,24,27,21,46,54,11,47,6,41
62,48,28,30,46,42,22,40,26,53,3,43,1,20,19,24,9,10,11,36,56,45,18,6,25,54,47,23,14,52,34,33,12,51,50,5,7,55,0,31,63,61,4,8,21,29,59,49,13,27,60,35,2,39,16,17,44,38,41,37,15,32,58,57
6,10,3,8,34,32,20,43,35,31,36,46,41,49,44,39,48,16,11,30,18,55,62,26,4,53,9,51,28,56,13,47,38,21,27,1,63,61,0,22,29,59,14,5,42,12,52,37,54,33,2,45,40,60,23,7,50,17,25,24,58,19,57,15
10,43,34,37,19,54,12,58,57,21,0,2,20,60,29,48,1,63,59,41,49,50,42,32,16,25,17,47,22,62,44,38,4,46,33,3,35,56,5,26,9,8,27,52,39,14,31,36,40,45,55,15,51,61,13,23,6,18,7,11,30,53,24,28
51,47,23,41,8,24,34,42,20,43,57,37,59,62,32,15,35,40,36,9,53,14,44,58,1,63,46,30,60,45,48,38,26,29,16,25,10,18,28,2,49,54,3,7,0,4,31,22,27,52,50,61,21,56,55,11,39,17,12,6,33,5,13,19
21,29,36,63,0,15,52,62,34,46,9,14,39,53,59,26,3,32,31,49,47,6,56,37,19,50,11,13,54,48,57,2,18,43,5,1,40,4,17,10,8,20,55,33,60,28,38,22,7,61,42,27,25,23,12,16,44,24,41,30,45,51,58,35
57,55,13,60,10,47,32,49,20,33,21,22,51,28,18,9,1,46,27,62,25,2,6,4,52,50,19,31,15,56,38,11,48,45,36,58,29,24,59,37,43,39,42,35,54,7,61,63,40,30,12,3,17,14,44,0,53,23,16,26,5,8,41,34
29,49,33,39,1,34,56,41,51,42,6,48,3,32,52,17,44,19,13,24,2,38,36,43,4,57,9,62,15,55,46,47,5,28,61,0,16,30,18,37,27,63,10,8,22,26,21,25,20,54,7,31,12,53,60,45,11,23,14,50,40,58,59,35
43,53,39,9,28,0,47,30,45,8,5,34,31,54,33,57,25,42,56,22,13,35,14,63,24,37,49,19,3,12,10,44,52,2,4,40,36,15,62,38,60,50,17,29,27,51,32,1,61,55,11,16,23,58,20,6,18,48,26,41,7,21,46,59
43,19,61,4,52,8,33,10,42,51,17,30,34,41,12,40,32,35,39,11,44,60,18,48,50,7,0,25,63,9,21,45,29,23,15,5,49,1,59,14,20,58,62,56,22,53,28,47,31,2,54,38,55,13,16,27,3,37,24,46,36,57,6,26
38,28,7,21,0,36,43,52,32,62,30,1,40,49,2,44,15,60,19,11,20,61,26,12,24,8,9,42,34,51,22,4,54,14,53,57,25,41,18,16,47,46,58,3,56,13,37,39,10,59,50,5,29,23,63,6,31,17,27,35,48,33,45,55
24,11,51,58,33,44,8,2,40,27,25,23,26,57,15,16,29,14,35,61,54,21,32,43,48,1,36,63,22,50,37,42,19,12,9,28,59,60,20,13,39,7,56,0,41,31,45,62,53,5,47,38,46,49,4,18,17,10,55,52,30,3,6,34
62,50,11,22,56,51,14,59,63,49,58,15,4,35,33,60,9,30,28,32,6,34,3,18,61,42,12,5,45,43,23,52,53,40,17,1,13,46,24,47,39,29,8,27,54,55,31,26,2,16,44,37,20,25,38,21,10,48,41,36,19,7,0,57
36,39,9,54,20,24,1,57,4,49,40,25,0,29,37,21,33,53,45,41,7,13,17,18,27,63,35,30,23,12,61,26,43,32,56,14,58,51,31,3,11,55,38,34,10,60,59,8,44,2,47,5,16,22,19,6,62,52,15,42,46,50,48,28
32,21,22,10,18,38,1,51,40,61,24,9,27,33,50,14,36,2,0,47,46,37,3,15,54,59,29,19,6,39,16,4,7,57,30,58,63,17,11,49,43,31,41,56,44,26,62,20,12,45,8,52,28,13,42,55,35,60,5,34,25,53,48,23
10,22,7,23,20,32,9,25,48,17,19,2,46,53,21,41,0,37,11,8,57,12,39,3,59,56,40,51,28,16,58,26,24,55,61,31,30,42,14,29,38,1,15,6,35,4,13,62,52,18,44,5,50,49,36,33,63,47,34,54,60,43,27,45
37,17,25,6,38,58,36,31,42,7,16,28,41,52,35,14,23,2,53,32,54,62,43,15,10,22,5,55,21,27,34,61,48,40,11,3,45,4,8,33,0,49,1,44,19,30,29,46,59,26,56,57,20,39,13,63,50,47,9,60,24,51,12,18
48,34,19,5,12,10,29,47,16,2,1,36,63,23,38,59,0,51,3,53,54,62,14,15,32,61,44,43,41,18,60,22,45,50,37,4,11,49,40,42,7,52,39,13,24,33,58,17,25,57,46,26,30,9,8,28,6,21,20,55,35,56,27,31
33,60,62,36,17,48,43,20,29,19,51,12,50,25,32,15,59,11,46,54,13,23,39,63,24,3,45,34,2,30,28,42,16,37,35,9,52,49,47,22,41,5,56,44,40,53,0,61,38,10,31,21,57,27,18,26,6,7,58,55,1,4,14,8
49,59,54,24,33,23,52,0,51,27,26,9,48,21,44,37,11,14,10,17,45,42,50,63,8,18,53,32,31,15,25,34,43,28,40,60,7,4,13,35,6,20,58,30,1,36,22,46,47,62,41,55,16,61,57,39,5,38,12,29,19,56,2,3
10,28,1,19,11,40,18,0,37,59,3,2,46,13,8,29,34,58,7,41,22,15,39,42,32,35,61,55,23,27,52,63,9,17,25,60,26,47,4,51,45,20,31,6,56,24,16,12,49,5,53,50,57,21,44,54,62,14,48,36,33,38,43,30
22,32,11,42,15,20,10,43,48,40,13,0,50,39,23,47,38,63,1,25,59,41,12,49,52,54,17,53,24,9,45,21,16,4,58,2,29,33,51,26,34,30,55,19,56,60,14,57,8,5,27,35,7,44,36,61,46,62,37,18,31,3,6,28
27,61,54,5,55,16,42,35,53,36,19,45,52,28,3,44,38,30,60,37,49,32,13,43,22,17,59,24,40,20,50,31,4,14,11,57,46,56,29,33,1,7,34,8,18,51,0,23,2,21,63,12,10,58,9,41,62,25,47,48,39,6,15,26
17,24,47,51,54,18,40,30,36,20,45,55,43,21,62,22,4,49,2,37,25,7,59,16,58,32,33,48,13,14,31,56,11,34,57,46,35,38,52,12,10,29,0,3,50,39,28,63,5,26,27,41,19,44,8,15,1,60,53,9,23,6,42,61
40,41,39,51,29,63,6,37,52,60,45,10,11,33,59,55,4,48,3,12,13,47,19,26,9,5,0,31,34,16,20,22,62,38,57,42,53,21,36,14,28,58,25,8,61,17,35,54,44,2,23,46,50,56,30,24,32,43,18,7,15,49,1,27
7,44,30,22,60,24,31,47,61,29,32,8,53,14,39,63,43,20,3,55,50,28,52,26,6,56,15,36,4,37,45,11,54,62,48,34,57,5,16,46,58,41,0,18,19,9,1,25,51,13,23,38,2,35,59,21,33,40,17,27,49,12,10,42
59,56,27,10,2,39,5,13,29,55,1,14,42,54,49,63,15,4,53,30,32,28,22,36,60,7,24,62,19,16,21,6,33,8,43,47,61,40,51,48,17,41,25,37,26,0,46,3,38,31,12,58,50,45,23,18,52,9,44,11,35,57,34,20
18,32,0,25,19,52,51,13,43,45,58,21,24,53,59,31,56,30,33,4,12,48,23,46,20,54,27,34,63,9,16,57,62,38,15,49,47,2,50,40,36,5,29,41,42,10,61,7,8,39,6,1,26,60,35,17,28,37,11,55,44,14,22,3
50,32,41,6,9,42,1,61,14,47,39,43,26,4,51,25,59,52,30,13,37,28,56,57,5,21,10,44,45,20,36,35,27,8,53,24,11,19,63,34,17,33,31,3,60,62,29,16,58,18,23,15,46,54,22,2,40,38,49,0,12,48,55,7
60,8,55,9,30,24,13,5,6,14,44,54,41,46,32,43,53,57,18,21,29,50,47,12,26,10,28,39,63,4,37,17,48,56,42,20,19,58,2,40,0,34,35,25,36,38,15,45,3,52,62,23,61,49,11,7,16,59,51,33,1,22,27,31
32,14,1,19,13,22,56,57,31,30,59,4,63,36,47,2,46,3,20,17,55,61,51,49,58,60,34,15,25,53,29,16,0,62,39,44,54,24,35,52,48,11,7,37,18,38,10,45,26,12,8,28,6,50,42,40,9,43,23,33,5,41,21,27
1,51,15,14,49,50,32,9,47,8,10,46,28,26,24,56,53,4,16,41,19,27,33,57,13,45,35,58,60,30,20,55,52,21,40,29,18,36,39,25,62,5,44,37,63,34,12,3,59,61,48,22,54,38,2,23,17,0,42,6,11,43,31,7
26,44,13,36,39,60,6,15,7,40,32,57,19,61,38,3,4,16,34,49,22,14,62,42,56,35,37,0,8,25,53,28,47,24,17,21,11,45,12,58,52,2,1,31,54,33,59,41,46,48,50,30,10,63,43,23,9,55,27,20,51,29,18,5
54,61,44,13,23,24,56,58,12,38,43,48,9,33,50,39,8,60,2,53,55,34,51,11,20,42,26,10,32,19,47,52,46,63,30,27,62,41,17,5,21,1,3,7,45,18,36,57,31,0,16,4,59,29,6,37,14,49,15,25,35,28,22,40
54,43,20,12,26,5,23,62,33,10,21,0,7,58,32,18,40,42,35,36,24,30,8,29,15,47,3,1,22,17,49,41,16,44,27,53,31,2,46,34,37,6,19,51,11,25,56,14,13,57,9,61,50,39,45,4,38,48,55,59,63,52,60,28
38,51,24,28,34,30,27,50,29,62,12,26,20,13,7,6,18,39,10,61,32,1,47,19,49,3,16,56,63,14,60,43,25,42,48,31,8,46,37,11,23,41,15,45,40,21,33,5,57,52,53,4,2,54,9,55,36,58,17,0,22,59,35,44
23,25,12,21,62,38,5,36,29,14,0,20,17,22,53,63,57,8,16,58,45,54,31,9,34,51,49,35,32,28,52,40,46,33,37,27,50,13,4,19,41,10,7,48,55,2,6,56,30,26,60,18,1,47,42,11,39,61,15,43,44,59,3,24
17,47,46,11,21,52,36,60,28,63,59,23,2,16,5,14,51,10,48,18,3,50,13,55,44,38,9,30,26,20,40,58,34,43,7,32,25,56,45,62,31,35,61,27,39,15,42,6,37,57,19,33,29,1,54,4,41,12,49,53,0,22,8,24
32,43,60,22,38,48,40,24,13,63,42,54,1,57,29,36,31,26,17,33,28,8,56,53,55,12,45,47,30,35,6,25,59,15,7,62,52,16,37,0,19,2,18,61,50,21,4,27,44,5,11,20,9,3,51,39,34,23,10,41,58,49,14,46
47,57,19,12,42,58,15,37,25,39,49,27,17,44,28,56,51,61,26,3,52,48,5,38,4,0,24,21,32,53,8,10,55,9,18,16,34,2,7,46,40,43,14,1,13,59,11,45,41,35,63,54,23,20,22,33,6,29,31,62,36,50,60,30
19,31,15,49,42,38,11,9,39,30,32,33,27,58,60,55,57,21,20,45,23,43,50,59,24,4,28,37,2,22,17,56,3,54,47,46,61,25,40,52,44,18,41,10,6,5,1,36,62,7,48,13,34,16,51,0,53,29,26,35,8,63,14,12
34,46,45,47,9,2,35,11,1,44,22,58,33,62,28,3,15,21,36,4,31,32,40,13,60,14,20,37,59,61,17,57,30,42,10,26,24,55,8,6,27,48,52,7,39,29,16,43,41,51,25,50,49,63,19,23,54,53,12,5,18,0,38,56
12,24,39,30,42,55,14,20,47,36,27,48,29,63,10,37,38,46,1,61,40,13,17,11,43,56,44,9,5,19,21,23,62,53,22,8,15,49,51,41,6,7,28,32,45,0,16,58,3,4,34,31,60,33,52,18,2,25,57,35,59,26,54,50
26,52,53,45,33,16,2,39,20,14,27,50,30,7,60,37,44,17,62,49,6,61,32,15,12,25,36,8,57,13,59,11,56,9,42,29,34,1,4,24,46,19,47,31,18,10,5,41,21,35,40,63,28,58,23,48,22,3,0,38,43,55,54,51
9,47,17,46,6,40,8,29,20,2,26,18,33,43,48,0,53,7,19,36,35,21,50,10,22,61,31,23,30,63,54,14,3,24,4,12,5,25,42,1,27,41,49,16,51,55,11,34,28,44,45,56,60,32,39,62,58,37,13,59,52,57,15,38
30,31,9,15,42,13,19,36,17,37,20,3,41,59,50,51,53,12,48,14,58,7,21,60,43,25,62,46,22,5,11,56,0,34,47,8,54,28,61,29,10,18,45,55,23,32,44,57,38,52,33,24,16,27,49,6,1,26,40,2,39,4,35,63
20,12,18,46,13,9,62,56,52,41,10,34,47,45,27,49,44,23,31,26,3,29,11,6,63,36,38,24,48,32,2,55,61,35,16,15,8,28,59,0,43,57,21,50,30,4,51,42,40,37,17,54,7,33,14,39,60,53,19,1,22,25,58,5
46,47,41,55,10,18,28,20,58,30,31,60,40,38,1,43,6,61,5,24,48,62,21,51,9,7,49,14,13,29,56,12,34,4,3,11,0,59,33,8,54,25,32,37,50,16,36,19,52,42,63,23,53,57,17,22,2,39,15,35,45,44,27,26
7,48,55,20,59,53,36,33,40,1,17,26,30,0,31,54,63,46,57,60,56,28,51,12,22,37,35,13,41,50,10,58,61,29,15,21,11,32,42,27,25,19,14,47,52,38,16,9,2,62,5,18,34,6,45,43,24,23,44,3,49,4,39,8
34,23,44,48,29,41,0,16,3,14,7,43,57,37,10,24,53,25,36,39,2,13,62,60,8,15,17,21,38,47,49,61,45,50,33,55,30,27,31,54,40,46,11,52,19,28,1,51,5,18,4,26,59,32,12,6,63,42,20,58,22,56,35,9
21,39,46,30,11,12,50,41,43,34,36,6,4,13,57,10,9,26,51,27,7,49,22,52,8,24,60,61,35,53,45,37,33,18,17,23,42,62,48,31,3,58,2,28,63,40,56,55,1,59,14,47,29,54,19,25,20,0,38,15,5,44,32,16
49,30,12,22,19,53,63,15,42,13,48,8,14,4,27,45,46,20,21,37,32,6,31,28,43,50,25,7,23,11,16,26,9,33,18,3,10,61,39,2,60,62,44,52,56,40,1,34,36,35,5,47,58,55,17,41,54,59,57,29,24,51,0,38
13,15,6,5,7,59,23,40,46,1,48,52,0,44,50,54,32,43,47,27,41,35,38,26,58,33,28,61,63,3,42,11,14,37,10,24,17,57,2,22,60,16,18,31,29,62,45,20,12,55,53,56,30,9,4,8,21,39,34,19,49,51,36,25
57,53,17,36,40,28,32,2,47,19,34,12,5,39,43,6,10,27,29,44,20,42,58,23,45,9,41,30,63,60,0,18,1,50,48,38,7,33,37,13,35,4,59,49,52,16,21,61,55,22,56,26,54,46,25,24,11,8,31,62,51,3,15,14
24,14,17,55,41,16,62,56,49,45,53,43,39,13,57,20,40,63,4,42,23,54,38,12,15,52,28,50,48,37,60,21,19,1,0,7,18,31,34,26,29,25,3,33,59,46,6,32,61,35,5,47,8,51,2,10,58,30,44,11,27,9,36,22
1,55,63,54,25,27,52,56,42,36,4,62,48,49,34,30,39,3,24,61,31,40,6,8,53,38,2,35,9,10,16,0,43,37,46,28,47,41,50,18,12,13,58,21,45,14,20,51,17,11,22,15,60,5,29,7,23,32,57,44,19,33,26,59
10,50,29,51,17,19,56,62,38,33,58,52,46,48,61,55,3,43,22,39,0,20,60,35,24,59,9,63,36,30,28,21,47,42,40,45,37,23,13,12,5,32,11,31,8,2,7,27,26,25,4,1,34,15,18,14,57,16,53,54,49,44,6,41
27,50,59,46,47,36,24,41,32,38,0,52,53,44,43,6,33,17,10,21,58,13,61,18,2,5,49,30,31,19,35,12,34,54,8,29,14,20,16,26,37,42,9,56,40,23,7,39,51,11,55,62,15,57,25,3,1,48,60,22,4,63,45,28
59,1,58,9,51,35,53,32,21,6,57,43,29,0,46,54,22,38,52,48,25,39,41,37,33,7,12,19,40,47,23,4,24,49,13,55,27,16,34,11,62,26,50,45,15,61,2,14,63,3,30,20,28,5,60,44,8,10,31,36,56,18,17,42
9,62,17,47,43,21,27,52,55,44,51,49,3,37,60,7,6,15,4,46,1,33,23,31,19,36,10,20,39,53,13,35,24,26,59,22,34,45,25,16,11,12,48,42,5,29,32,57,63,40,18,50,58,28,2,8,14,41,56,54,0,38,61,30
5,47,20,41,34,32,2,12,42,55,9,16,33,4,53,28,37,62,7,40,22,26,19,43,21,3,10,61,52,0,27,17,60,50,63,14,48,44,24,8,35,57,39,45,23,31,49,13,29,58,36,25,18,56,1,59,6,30,38,51,11,54,15,46
56,46,60,43,31,62,14,29,53,52,44,22,39,32,4,8,11,19,24,54,42,18,3,35,30,37,41,33,36,49,7,38,10,17,40,57,20,34,2,27,48,0,12,28,50,63,45,5,1,16,61,21,13,59,51,23,47,55,25,26,58,15,6,9
37,25,44,32,11,24,57,51,49,53,58,29,18,27,2,62,41,1,8,50,0,19,20,42,28,59,47,17,56,33,31,36,34,16,15,3,52,61,46,40,45,10,48,54,13,55,23,12,9,35,22,21,30,63,5,43,38,6,4,60,14,7,39,26
37,34,11,50,58,39,27,31,59,23,20,1,3,38,44,60,14,63,0,19,4,13,10,28,47,16,45,7,21,29,36,49,53,55,2,25,57,62,5,33,18,40,22,32,48,30,6,12,51,24,35,56,9,61,41,52,46,15,8,42,54,26,17,43
39,32,16,49,35,36,45,22,52,28,59,3,6,4,34,5,19,20,38,25,53,57,27,41,21,0,61,2,50,8,18,62,14,12,56,26,44,17,47,63,29,11,1,43,9,24,51,42,13,23,33,7,46,31,58,48,60,15,10,55,40,37,54,30
19,35,5,7,11,6,43,28,8,49,41,12,26,31,51,23,34,9,47,62,25,16,57,14,29,38,2,56,1,13,37,10,45,54,40,32,33,3,36,17,46,52,27,39,24,18,55,48,22,61,63,53,42,60,4,21,59,0,58,20,44,30,15,50
2,12,35,46,13,63,10,34,57,4,54,50,30,24,23,40,7,31,16,39,36,21,58,29,15,32,19,26,59,52,18,9,25,56,60,45,27,48,14,51,20,49,38,61,3,53,37,42,41,6,62,17,44,55,11,1,0,33,28,43,5,8,47,22
59,46,28,62,57,15,56,50,19,54,0,14,23,41,37,44,36,7,40,20,39,45,43,17,25,34,18,51,6,27,53,42,12,10,4,3,48,11,35,58,1,29,63,31,52,55,8,30,49,16,24,13,61,9,2,38,32,5,22,21,33,60,47,26
17,56,48,34,59,55,32,5,13,16,29,39,12,37,51,62,49,20,4,26,47,53,44,43,40,45,18,11,1,52,19,8,15,23,57,61,54,14,41,24,3,9,42,0,38,30,50,7,21,60,46,33,28,63,36,35,22,6,10,31,25,2,58,27
60,28,8,12,44,34,36,39,48,45,0,42,9,35,23,7,21,58,32,19,55,20,29,43,5,47,30,41,38,49,31,14,1,53,52,62,10,6,4,11,22,46,15,27,3,61,40,59,50,51,56,37,25,33,24,63,54,18,2,26,57,16,17,13
59,63,17,11,50,34,26,9,54,7,4,18,21,2,48,23,42,43,45,56,30,58,52,49,29,38,6,13,14,0,12,40,22,41,10,35,36,44,15,20,5,37,55,16,1,27,24,19,3,32,60,39,62,25,31,28,57,47,33,46,61,51,8,53
43,49,31,9,37,53,14,55,22,20,21,61,52,60,12,18,45,24,11,42,2,36,34,33,29,25,13,3,23,50,6,32,63,35,57,28,47,0,1,8,54,59,51,15,30,19,10,56,46,4,40,48,41,39,26,58,27,5,62,44,38,17,7,16
1,28,62,5,58,32,63,11,16,61,10,35,29,19,23,45,56,39,46,47,55,22,33,17,31,34,27,8,12,3,38,50,36,59,42,57,43,25,60,6,49,30,4,24,2,26,53,52,51,13,44,7,41,18,0,20,21,54,37,15,14,48,9,40
31,27,33,44,60,2,12,18,8,38,40,41,61,50,55,0,45,59,1,28,46,6,56,11,15,51,19,16,36,48,26,20,21,63,49,7,62,32,29,35,4,37,42,25,5,10,57,34,22,14,47,3,39,58,54,53,30,23,13,43,9,52,24,17
63,10,37,31,49,45,36,55,58,34,30,24,59,51,41,32,27,38,44,7,47,53,42,9,0,43,5,4,3,35,33,26,39,6,46,1,23,57,18,20,22,50,52,17,25,16,2,19,54,62,60,56,12,40,28,21,13,48,11,29,15,14,8,61
37,8,20,40,33,5,11,29,32,60,27,15,46,47,10,34,26,16,6,57,58,53,55,25,19,56,38,9,42,51,7,1,28,21,62,44,3,22,17,24,61,50,13,36,23,31,43,30,14,39,45,52,63,18,48,2,41,4,12,49,54,0,59,35
27,2,24,49,33,62,37,5,22,40,26,8,36,20,31,56,3,54,46,13,29,43,42,45,14,38,19,6,53,35,47,0,44,39,18,21,25,10,34,1,7,28,23,52,61,15,51,59,63,9,41,55,17,16,30,12,57,11,48,58,4,60,32,50
2,12,7,43,61,19,33,8,11,49,63,50,32,6,22,37,53,54,62,10,52,45,51,9,5,44,13,48,17,47,3,57,55,30,1,59,20,56,29,38,39,28,31,25,35,40,60,46,24,36,16,18,27,34,42,4,26,15,41,21,14,58,23,0
5,28,51,50,1,59,32,13,61,23,56,41,39,0,60,36,47,6,44,7,17,53,30,26,55,22,31,12,52,24,15,2,45,49,8,57,9,16,21,25,63,34,38,19,46,10,3,35,54,33,62,42,14,20,27,48,43,58,4,18,11,29,37,40
25,8,11,13,49,35,41,19,53,28,40,6,48,4,17,20,62,10,16,22,23,9,2,43,58,50,51,46,61,57,38,30,37,29,34,52,26,15,3,12,44,42,60,0,45,47,33,1,27,21,54,31,14,56,24,18,39,59,5,36,55,7,32,63
11,13,22,30,32,46,47,10,42,6,20,38,2,1,4,41,48,3,52,16,21,43,15,49,14,62,19,61,39,33,35,40,51,34,27,18,23,0,26,28,45,50,44,55,37,12,8,54,60,58,63,56,53,9,31,17,36,5,57,24,59,29,25,7
52,14,56,9,53,27,6,42,15,51,29,46,22,3,36,17,2,43,58,47,38,37,11,54,60,31,25,39,10,33,34,41,4,61,30,44,45,5,23,26,16,59,12,35,24,0,7,62,13,49,20,57,1,19,8,32,21,48,63,28,18,50,40,55
20,58,61,36,35,8,40,27,39,49,11,30,60,57,53,10,56,41,4,3,5,34,48,15,23,12,52,50,44,45,62,26,33,22,1,6,18,54,63,21,55,7,28,0,13,59,25,19,46,17,51,9,47,32,42,37,38,29,31,14,2,16,24,43
10,38,25,41,43,33,29,31,51,52,18,61,26,34,16,45,56,12,21,3,47,32,48,57,63,62,40,60,11,59,9,42,53,39,23,36,22,30,13,35,46,28,58,14,54,49,6,1,15,8,19,17,4,50,24,55,7,20,5,44,2,37,27,0
61,16,3,59,40,19,14,13,37,50,23,57,8,43,6,56,36,27,49,18,55,58,25,60,33,52,29,12,24,47,34,32,63,31,11,2,51,4,15,17,42,26,53,28,5,7,46,0,20,54,22,35,41,44,21,62,9,30,10,39,45,38,1,48
23,55,48,39,17,38,53,6,13,31,50,52,19,47,42,30,27,51,60,32,25,9,2,61,58,35,14,16,3,8,22,59,24,28,36,45,62,40,4,54,56,18,44,26,33,41,5,1,43,15,21,49,63,7,12,37,46,0,20,34,11,29,57,10
29,38,7,37,42,5,6,50,35,19,54,47,58,12,18,39,36,30,22,32,40,16,55,52,27,26,21,43,9,3,49,57,14,24,2,41,61,4,28,25,31,44,13,10,11,53,15,33,23,62,17,56,63,48,59,60,45,20,51,34,0,46,1,8
56,62,60,55,43,44,38,3,57,58,10,26,11,54,28,39,29,13,19,30,20,63,33,51,21,22,14,34,53,23,0,40,24,8,25,52,6,7,1,42,9,15,36,37,27,5,17,61,48,47,46,31,49,32,45,2,4,16,12,50,18,41,35,59
4,52,9,54,33,36,47,49,26,1,35,40,10,44,11,28,31,59,8,30,41,62,51,60,5,2,42,29,13,61,15,23,55,14,17,37,48,19,56,27,63,34,12,18,43,25,38,20,32,22,7,39,6,24,45,50,0,21,3,58,57,46,16,53
36,21,48,45,7,42,19,9,59,28,63,51,34,30,23,8,52,37,46,14,43,12,27,13,32,58,16,4,47,39,50,49,10,38,3,53,40,0,24,31,57,25,55,20,35,11,15,17,60,62,1,56,29,6,26,5,2,41,54,44,18,33,22,61
60,39,30,42,22,31,4,45,56,21,26,40,18,32,10,63,61,16,34,23,15,17,36,49,20,43,24,27,1,53,41,35,47,2,33,58,51,29,25,28,3,6,62,9,48,7,11,0,38,57,55,44,37,54,46,12,14,50,8,52,19,13,5,59
44,4,54,62,10,56,18,39,0,47,24,5,19,52,15,29,36,27,35,38,58,30,12,49,40,14,33,50,32,2,9,8,34,1,57,7,16,51,25,60,63,61,21,23,55,11,53,48,6,13,59,31,3,20,28,17,43,46,26,37,22,45,41,42
47,46,37,58,45,33,56,43,36,53,32,60,13,28,59,52,54,51,21,42,10,18,49,29,7,41,23,17,50,25,55,8,6,39,16,34,5,20,57,12,38,24,19,0,27,61,31,1,35,15,3,4,22,26,62,40,11,44,14,2,48,30,9,63
46,62,31,56,4,30,17,7,57,19,51,16,49,43,12,55,48,39,45,29,27,23,44,2,40,54,41,33,15,0,1,32,42,9,61,34,22,50,20,8,5,21,37,24,11,18,38,3,35,59,6,52,25,28,13,26,58,47,60,63,14,53,10,36
54,20,42,41,29,3,8,12,2,36,4,56,21,17,57,6,43,22,23,33,48,53,46,40,0,10,63,18,34,5,32,14,59,1,30,39,50,52,25,7,47,27,58,49,13,9,35,24,55,62,37,51,15,61,28,16,26,45,44,31,38,60,11,19
16,61,33,51,30,53,24,32,26,42,48,11,20,7,35,59,17,4,21,2,34,57,37,38,47,18,58,45,39,62,23,36,10,29,43,27,50,31,41,8,49,46,40,22,12,56,44,14,13,52,60,5,25,1,55,6,9,63,28,3,54,15,19,0
25,8,21,13,60,47,57,39,32,56,18,15,31,53,42,20,34,9,5,45,59,61,63,4,10,37,40,54,30,62,29,38,51,55,19,14,7,36,3,0,22,12,33,44,11,48,46,26,28,52,43,23,16,27,41,50,2,58,6,49,24,35,1,17
6,46,14,48,15,25,49,55,28,31,36,32,44,5,12,47,53,45,1,56,10,21,58,35,17,37,16,29,51,40,4,18,52,23,2,54,19,39,13,11,60,27,34,42,63,62,41,30,3,8,0,24,61,57,22,26,50,33,43,9,38,7,20,59
15,58,50,29,10,31,17,13,26,43,25,16,7,33,63,55,27,48,20,49,37,6,38,5,1,40,51,18,52,12,60,41,46,19,8,3,53,24,23,59,39,22,21,2,61,4,0,54,32,42,62,44,56,36,9,34,57,14,11,45,30,28,47,35
48,57,16,30,27,51,20,50,28,32,62,53,8,33,46,12,19,35,38,7,21,25,59,41,56,15,42,9,14,40,23,36,2,6,52,44,49,24,39,0,5,34,17,58,22,55,26,29,1,47,37,43,31,18,60,54,45,63,4,11,3,61,10,13
0,56,47,45,3,29,34,21,35,18,38,12,5,4,10,11,58,59,37,60,63,49,1,32,52,14,36,19,26,8,46,51,43,31,24,33,28,27,61,40,20,6,23,62,55,57,41,44,50,39,25,30,7,9,2,15,53,48,13,54,16,42,22,17
25,30,53,2,48,16,23,41,47,60,56,45,21,36,5,13,34,55,26,61,7,17,14,29,10,1,49,28,24,27,19,3,46,20,12,6,37,52,57,15,43,38,51,0,31,50,9,42,4,40,58,35,59,33,32,8,63,62,22,39,54,44,11,18
35,26,25,46,34,7,39,59,3,16,36,53,55,33,48,27,12,10,63,54,11,14,9,49,38,13,32,30,31,62,40,42,6,57,28,50,18,4,1,29,37,44,41,24,47,21,19,17,8,51,61,23,5,15,58,52,43,22,60,56,45,2,20,0
54,4,21,35,53,27,14,10,20,41,7,40,32,42,29,56,9,15,31,23,61,16,49,13,5,25,44,52,33,1,50,12,38,6,26,62,36,48,34,63,58,59,39,11,2,57,47,51,8,17,24,3,37,0,19,43,55,18,45,22,30,28,60,46
16,28,60,37,38,32,10,2,49,59,45,13,40,48,5,63,1,53,22,61,23,56,47,52,36,9,18,31,51,35,0,3,42,7,50,62,15,14,43,54,55,20,17,27,21,39,58,12,24,33,29,57,44,8,4,19,25,30,41,11,26,34,6,46
26,59,34,28,7,19,61,40,10,4,25,13,35,3,47,21,22,58,12,60,53,20,30,27,41,6,51,5,1,23,46,42,48,50,54,43,52,31,14,38,18,37,36,45,2,15,44,29,8,11,16,32,56,24,33,0,49,57,63,39,9,55,17,62
42,7,52,49,17,6,63,40,3,50,20,57,12,55,34,54,47,5,14,60,2,22,36,59,33,31,51,29,41,25,45,4,44,28,26,18,9,8,13,24,35,0,37,1,43,61,39,46,56,38,32,19,23,15,58,21,62,16,10,53,30,11,48,27
26,1,51,62,36,41,42,29,19,48,59,30,43,24,12,57,21,7,9,55,14,2,37,52,27,23,22,20,35,61,17,50,11,53,49,33,4,28,34,6,18,40,31,38,32,8,45,56,0,39,60,10,16,13,3,15,47,58,25,46,54,5,44,63
26,10,29,59,50,9,61,16,6,25,47,5,23,40,28,4,33,8,2,21,11,31,41,43,58,54,63,19,35,13,52,22,7,48,42,32,45,20,36,51,57,3,14,37,38,12,27,53,17,44,56,39,1,55,0,18,30,49,24,15,60,62,46,34
55,62,34,54,42,51,17,32,6,19,5,60,4,57,23,59,22,15,16,31,44,10,39,7,13,49,48,27,8,20,50,36,0,45,61,28,1,25,24,47,41,26,9,3,38,43,14,46,53,12,37,30,63,18,52,56,58,21,35,40,33,2,11,29
7,20,47,56,10,36,9,32,2,63,29,8,33,53,12,34,5,27,22,0,17,37,50,23,49,18,59,58,54,52,48,31,24,60,45,42,61,15,62,14,19,57,1,41,44,16,21,55,40,46,51,25,3,35,38,4,30,28,6,13,43,39,11,26
44,30,22,23,27,15,36,38,56,46,52,3,55,21,62,29,19,35,51,11,42,58,13,20,25,6,37,53,41,8,47,49,28,12,17,31,24,50,5,34,45,32,48,57,4,39,9,26,10,18,7,33,63,60,54,61,59,2,40,1,16,0,43,14
61,34,35,8,20,25,53,39,17,19,6,29,27,23,59,36,18,47,15,16,50,63,12,58,54,2,3,30,24,5,11,33,42,14,26,4,40,55,1,49,22,38,44,62,31,7,52,32,48,9,57,43,21,51,46,45,13,60,37,0,41,10,28,56
44,14,9,33,35,18,61,31,57,43,21,41,45,17,1,4,47,7,30,53,5,24,56,51,32,50,52,19,46,12,2,13,34,22,0,63,40,49,8,29,42,62,25,10,55,11,15,6,3,58,26,48,16,39,59,37,23,38,27,36,54,20,28,60
15,44,47,52,46,7,48,20,61,27,19,45,12,25,32,62,33,29,58,3,40,36,9,53,42,43,2,0,30,35,23,57,63,59,38,49,34,14,22,51,31,6,39,50,28,26,17,21,10,11,41,4,5,54,1,13,18,16,60,56,37,8,24,55
3,23,40,43,32,12,42,50,31,34,17,44,25,57,27,15,56,47,58,55,35,37,45,49,39,11,7,36,62,26,18,19,60,48,59,14,61,46,33,16,21,1,6,10,41,20,24,54,8,63,9,51,52,13,28,22,5,29,4,0,2,38,53,30
27,30,39,54,1,50,49,4,59,60,20,10,16,24,5,55,13,3,0,34,46,17,2,35,45,58,62,23,57,25,61,40,8,26,12,36,19,48,11,33,51,63,38,9,41,28,56,15,43,14,42,7,32,6,31,52,37,47,22,18,21,53,44,29
56,0,55,33,50,10,37,59,36,30,17,6,13,44,4,34,29,11,42,57,48,2,62,54,38,39,41,47,12,58,27,19,45,24,40,20,3,22,60,14,8,21,1,61,15,28,25,31,35,16,53,7,32,26,49,52,46,18,63,5,23,51,9,43
32,28,55,6,47,21,17,62,41,61,2,63,50,37,57,26,44,58,14,31,23,42,0,24,15,27,1,34,49,7,18,30,35,39,48,54,16,13,5,45,56,11,38,40,10,33,60,3,22,25,43,20,12,4,46,29,59,52,19,53,9,51,8,36
13,26,41,3,5,50,7,43,4,44,22,16,0,33,34,24,48,59,53,23,36,6,19,35,14,37,31,54,9,32,25,52,60,30,17,21,2,38,12,61,42,27,45,49,20,62,15,11,28,10,55,46,18,63,40,51,1,57,47,39,58,56,8,29
46,44,38,35,24,39,62,2,60,16,51,10,4,12,40,7,11,21,57,23,45,48,14,26,34,17,0,58,29,31,5,42,47,36,56,61,28,33,20,53,9,13,15,43,8,63,3,25,54,22,18,52,49,1,50,41,55,19,32,30,37,6,59,27
58,51,48,8,5,0,38,27,6,62,12,16,37,29,17,18,24,40,26,44,41,45,39,60,57,11,46,28,54,1,21,63,49,50,20,14,47,4,35,34,10,56,55,3,53,30,59,42,7,43,32,2,13,25,15,22,23,52,61,36,31,33,9,19
2,3,33,11,0,6,23,37,17,5,34,62,36,29,56,40,32,25,45,15,44,14,21,61,13,39,41,16,1,38,60,49,7,63,55,46,8,28,12,9,47,42,30,10,31,35,58,22,53,52,4,18,48,19,57,54,20,43,50,59,27,24,51,26
1,17,57,0,63,15,29,33,26,25,62,18,39,23,13,32,56,6,46,14,51,12,21,7,48,55,53,47,60,52,38,36,49,19,9,34,54,40,3,2,42,35,5,37,44,4,43,30,41,27,16,20,50,59,61,24,8,22,31,28,45,58,11,10
24,50,61,52,49,19,5,6,23,18,34,12,10,37,17,59,35,44,2,57,29,9,42,56,0,25,48,13,60,45,46,28,30,27,1,11,31,3,38,41,36,33,8,14,47,63,54,55,39,26,4,32,40,62,20,22,43,58,7,53,16,21,51,15
50,9,13,59,3,17,63,28,19,34,60,62,29,48,53,37,52,11,5,16,7,49,41,6,24,39,30,55,31,10,45,35,26,1,23,22,8,15,2,47,51,54,42,61,33,14,46,0,27,57,43,21,40,32,20,4,56,25,44,36,58,38,12,18
58,63,60,54,29,57,28,24,53,34,17,21,45,4,31,49,26,36,48,23,62,22,47,43,2,61,12,7,52,3,1,42,38,15,44,27,8,10,13,35,11,25,16,32,9,40,33,6,37,51,30,46,59,50,19,14,56,20,0,5,55,39,18,41
10,0,54,14,48,13,55,1,51,63,52,57,22,47,8,21,35,36,42,31,27,6,62,11,29,2,49,16,23,4,28,9,38,58,33,34,26,43,46,3,19,15,7,18,60,12,25,30,53,44,5,39,24,45,32,61,56,37,50,59,17,41,20,40
54,39,3,37,9,30,55,15,42,8,29,46,52,49,47,1,44,5,4,25,19,23,2,63,57,59,31,51,27,13,56,18,26,60,43,45,32,62,10,38,58,21,35,6,17,22,11,16,40,41,0,61,50,36,7,53,33,34,20,14,24,28,12,48
3,0,62,24,20,13,57,28,5,29,8,47,63,18,42,34,12,60,36,30,35,56,44,1,59,51,49,39,23,15,6,54,27,31,55,21,43,16,4,9,61,22,46,17,41,14,19,11,33,26,38,7,50,32,40,25,10,2,58,48,45,52,37,53
14,51,53,42,58,11,17,23,36,27,44,61,63,41,18,49,55,2,30,57,28,3,47,5,54,12,1,0,25,40,46,37,35,24,9,31,48,7,22,39,56,33,45,15,43,62,60,16,26,20,29,21,8,6,19,59,4,52,50,34,38,32,10,13
22,28,54,15,12,23,0,44,36,7,56,10,46,26,63,52,34,4,62,41,8,5,55,33,19,39,29,42,17,25,32,50,3,40,16,11,9,21,18,53,14,61,58,24,60,31,47,48,45,49,57,30,27,51,59,6,38,35,1,37,43,20,13,2
57,58,5,36,40,45,3,20,22,16,9,53,62,48,61,56,24,4,51,41,11,33,46,27,49,52,0,50,12,31,37,38,34,42,47,25,29,63,2,17,14,30,23,44,59,39,8,35,21,13,18,10,43,26,28,6,15,19,54,1,32,60,7,55
34,63,31,22,59,10,12,47,11,14,38,8,1,17,7,56,19,54,30,25,23,20,44,37,36,28,62,53,29,24,55,50,0,4,18,3,49,43,35,45,58,2,33,9,51,48,40,15,41,16,6,39,27,21,57,61,32,5,60,42,13,52,26,46
26,23,4,43,18,37,12,39,1,57,20,6,38,55,15,19,50,36,16,52,61,8,47,56,49,34,51,45,31,2,27,24,59,44,35,25,22,17,53,11,3,29,14,30,32,5,10,42,58,48,62,40,13,33,0,46,28,63,9,60,7,21,54,41
50,6,45,30,3,1,13,34,55,14,58,15,40,54,61,28,17,24,16,12,48,21,37,47,41,20,60,2,36,31,57,7,32,33,43,27,23,53,11,18,59,44,5,0,35,29,39,63,26,51,8,9,49,42,4,52,25,19,46,38,10,22,62,56
50,51,9,32,28,23,30,63,33,48,59,34,18,8,24,1,62,55,61,5,47,22,27,12,13,60,25,39,10,21,45,43,7,42,44,46,53,41,14,16,35,52,26,37,4,57,15,0,19,58,20,36,56,3,38,31,2,17,11,40,29,49,54,6
58,46,16,60,56,44,0,8,63,35,20,18,26,13,15,53,22,28,19,1,52,34,9,50,32,27,38,7,62,2,40,61,21,23,4,45,14,31,24,43,5,25,29,39,17,11,55,36,57,37,54,48,49,47,12,10,33,30,59,3,51,42,41,6
22,25,55,42,43,29,4,37,49,45,41,60,23,53,7,32,35,63,12,20,34,47,58,14,56,33,54,21,15,28,16,11,40,38,0,19,31,59,26,3,2,39,6,10,62,50,24,44,1,51,13,52,9,48,46,18,17,8,57,36,5,27,30,61
57,43,45,47,18,26,4,60,19,33,27,15,12,24,2,56,37,50,40,9,44,46,16,23,39,61,17,34,29,30,10,59,1,8,38,55,42,25,36,35,48,58,31,21,52,28,14,54,22,3,11,20,6,0,51,7,32,62,49,63,5,41,13,53
45,60,59,43,61,16,6,32,58,39,36,38,63,23,18,4,21,7,44,8,10,37,54,35,17,28,14,50,47,55,19,51,22,1,26,33,41,46,13,40,2,56,5,57,34,11,49,48,15,27,12,53,29,25,62,9,0,31,24,3,52,42,20,30
21,2,48,34,22,32,11,52,12,3,37,57,5,60,30,49,35,16,40,1,59,42,41,8,24,47,36,53,26,44,50,9,0,13,14,4,51,39,23,62,7,29,43,46,55,33,28,31,19,61,10,20,38,15,56,45,6,17,18,54,25,58,27,63
9,63,29,31,2,23,55,24,7,47,3,42,46,44,6,33,32,59,54,45,0,62,19,41,58,27,56,39,26,4,61,25,10,40,28,52,50,57,1,38,35,36,34,20,5,13,8,18,17,15,37,22,11,51,49,48,14,30,60,43,16,12,21,53
13,47,34,4,50,15,24,11,41,43,38,32,18,42,49,9,56,58,1,0,31,37,14,27,45,33,57,19,23,59,5,26,51,20,3,52,29,21,22,12,35,25,8,62,61,2,48,53,7,28,40,6,10,16,39,17,54,55,36,60,63,46,30,44
6,36,38,19,53,54,11,14,35,45,61,46,31,55,23,40,59,0,29,28,5,9,21,33,4,47,17,2,52,20,44,50,51,60,34,56,63,37,22,42,15,12,1,57,62,39,27,10,30,32,48,8,49,24,7,16,43,58,26,18,41,25,13,3
41,31,36,56,26,20,45,39,7,38,29,50,15,0,9,54,53,5,63,14,60,23,48,27,10,35,61,13,59,37,1,25,16,40,51,42,52,30,33,55,47,24,34,46,18,21,19,8,11,2,49,4,6,22,62,3,57,58,17,32,43,28,12,44
39,9,2,1,21,31,53,60,37,59,6,43,63,50,26,58,19,61,48,41,32,20,15,0,54,42,13,11,46,12,5,35,30,28,23,55,8,7,14,57,44,45,56,22,51,18,47,27,10,34,38,4,52,16,17,24,62,49,29,36,33,3,25,40
38,22,18,10,9,5,57,52,41,17,11,24,62,21,2,26,48,15,12,47,20,16,49,30,14,32,54,36,13,19,44,63,37,28,55,43,1,27,46,31,3,50,7,8,4,34,61,25,51,33,53,56,35,42,40,6,58,29,45,59,60,23,39,0
60,16,57,58,42,22,2,31,41,61,30,62,18,29,6,3,12,39,33,5,26,27,20,49,34,11,36,38,53,63,50,35,45,17,59,32,19,48,25,0,13,8,10,47,24,51,23,55,37,46,44,56,9,40,43,28,14,1,52,4,54,21,7,15
50,31,11,63,57,47,14,54,18,41,37,61,34,56,62,9,53,42,22,59,52,29,26,44,20,38,10,16,46,25,32,5,40,6,8,1,45,28,12,60,43,39,35,2,7,4,13,19,21,33,0,15,55,51,30,23,36,24,3,49,58,48,27,17
45,60,1,49,27,31,47,53,46,9,42,5,23,58,62,14,40,55,11,24,2,59,41,61,52,10,38,7,37,22,3,28,15,43,16,32,30,6,8,34,48,44,57,17,33,20,12,26,51,25,39,54,19,0,21,35,63,18,29,4,36,50,56,13
17,41,40,16,48,49,31,23,29,18,4,63,19,21,3,6,55,20,36,37,47,12,53,25,0,2,44,9,15,10,28,1,11,26,35,38,52,51,7,34,32,13,58,27,56,61,39,54,14,60,62,46,5,45,22,59,57,8,43,24,42,33,30,50
60,34,62,26,53,30,5,28,1,2,45,32,51,23,54,47,49,58,41,43,3,11,31,6,15,21,19,13,57,61,33,46,24,59,55,8,27,48,38,50,14,35,0,4,36,16,12,10,22,44,9,39,63,29,20,56,42,52,18,40,25,37,7,17
31,44,9,10,28,29,3,13,54,8,33,37,7,39,50,18,58,60,16,40,38,14,46,55,61,0,6,17,23,27,52,59,21,63,51,36,43,2,45,41,62,35,15,42,4,24,19,26,30,1,57,25,47,34,49,48,53,5,32,11,12,56,22,20
59,12,28,43,39,2,37,7,14,6,22,5,26,51,40,33,4,1,18,30,54,3,52,48,23,17,61,20,9,41,57,34,25,8,24,32,42,15,49,21,31,53,13,45,55,36,58,44,0,27,29,56,38,10,19,11,60,46,63,16,47,62,50,35
43,30,24,0,55,3,4,17,25,44,5,27,42,11,59,50,8,60,12,47,36,39,48,1,53,26,7,13,21,49,22,16,54,10,29,18,58,38,14,20,56,51,57,23,46,19,33,61,15,45,41,6,63,9,31,52,40,62,37,35,34,2,28,32
63,35,31,52,60,29,11,28,4,17,62,34,37,41,7,27,36,38,15,56,59,9,51,24,46,13,61,40,33,57,32,49,12,47,8,54,0,48,55,21,45,26,5,2,44,1,19,16,23,39,25,53,42,18,14,58,20,30,10,22,50,43,3,6
29,36,41,38,58,20,33,11,3,28,56,25,52,15,6,32,14,35,61,45,43,55,49,16,47,1,22,37,8,18,26,30,2,59,48,31,5,50,21,63,0,12,51,53,27,4,9,39,23,62,46,34,24,54,19,10,57,40,7,13,60,42,17,44
54,5,62,39,23,1,61,26,43,20,7,4,52,17,22,47,45,8,31,24,49,50,28,35,58,13,12,6,11,27,60,38,32,46,15,42,14,57,19,55,18,29,51,44,36,34,41,40,30,21,2,9,37,10,0,56,59,25,48,3,16,53,63,33
32,29,50,47,58,1,31,51,30,12,48,37,55,22,61,43,42,24,8,62,18,56,57,49,10,44,20,21,13,0,36,53,34,27,14,60,38,3,5,52,23,4,35,15,16,28,19,25,9,33,26,54,59,40,2,6,11,45,41,7,63,46,17,39
1,22,15,52,44,45,19,38,5,42,54,61,0,58,31,27,39,17,30,47,55,4,7,11,6,49,50,32,40,59,18,62,29,60,37,63,35,28,51,25,48,26,14,46,16,3,20,34,24,57,2,12,10,43,9,8,53,21,56,13,33,23,41,36
42,17,27,48,0,47,52,3,57,22,58,39,31,26,11,56,14,15,6,55,29,50,19,32,4,35,54,41,28,9,62,7,46,40,43,36,23,44,61,20,37,25,33,38,60,34,18,13,49,12,21,59,45,16,53,30,1,24,5,10,51,2,63,8
43,15,58,56,46,19,8,11,28,41,2,31,49,63,36,51,25,34,6,14,45,32,42,13,18,26,61,38,50,3,57,16,23,33,29,30,35,22,44,55,5,59,12,27,62,47,39,54,48,20,40,53,24,17,7,4,60,37,10,1,0,9,52,21
29,21,28,15,14,16,50,38,40,9,37,48,13,56,42,46,60,59,19,45,12,8,53,62,54,23,17,33,30,20,61,34,55,1,32,43,44,2,58,6,26,27,0,18,4,63,39,49,11,36,5,7,47,52,41,31,57,51,3,25,22,10,24,35
46,60,24,9,0,35,62,53,59,28,63,33,57,1,40,34,50,21,37,27,56,39,17,58,26,13,8,5,29,51,32,6,12,11,36,55,44,52,41,7,3,19,25,38,61,23,47,22,14,16,2,31,48,4,10,45,43,30,20,54,42,15,18,49
31,32,7,56,26,48,35,8,53,14,17,49,34,37,11,38,44,23,36,9,40,60,28,54,47,16,20,4,18,61,42,21,57,50,43,63,5,12,25,2,13,51,10,6,39,24,30,0,33,52,58,19,45,62,55,41,59,15,46,1,29,27,22,3
53,56,17,6,14,32,28,37,62,57,47,60,21,61,36,31,50,13,58,46,19,5,63,16,8,23,33,20,40,55,2,24,49,51,10,3,27,7,44,34,45,42,0,12,11,30,18,25,9,26,48,54,22,59,29,52,41,43,4,1,15,39,35,38
60,41,24,61,39,48,59,5,13,8,18,2,23,58,31,20,1,12,47,43,35,16,27,53,15,40,34,46,54,49,10,57,11,55,29,56,63,21,4,45,42,0,3,51,22,52,50,7,30,37,9,44,33,38,26,14,36,25,19,6,32,28,62,17
18,48,39,41,59,52,32,2,30,47,42,58,53,19,61,63,56,33,62,20,1,21,36,0,57,23,26,38,22,9,12,55,8,40,31,51,11,17,44,7,34,14,49,16,46,4,43,13,35,24,25,10,27,5,29,60,28,37,50,3,54,15,45,6
4,23,53,20,19,59,32,61,24,44,25,11,12,8,62,41,50,14,40,7,34,49,63,45,36,60,33,6,15,2,58,21,43,29,13,31,55,39,47,22,9,30,3,52,28,57,37,48,10,35,56,18,16,54,51,26,0,27,38,17,46,42,5,1
46,16,14,21,0,7,23,49,42,22,58,25,4,36,28,15,61,19,57,43,18,56,5,35,11,1,40,31,59,63,38,30,10,53,24,51,44,55,3,2,45,60,34,52,6,48,26,20,62,17,50,9,13,47,37,32,8,54,12,41,27,39,29,33
57,4,19,47,53,27,10,25,23,41,49,35,59,15,48,60,21,24,22,33,29,56,26,58,7,1,3,30,34,36,39,63,37,12,14,11,18,2,5,28,54,6,43,52,45,40,32,13,9,50,55,51,0,8,16,42,62,61,31,38,20,44,46,17
35,5,31,23,58,62,28,24,61,4,8,34,55,3,1,9,50,63,39,29,57,47,22,59,0,37,49,2,25,36,56,20,12,7,27,41,40,11,30,54,21,6,44,38,13,51,14,26,33,19,45,10,60,46,17,32,16,52,53,18,43,48,42,15
50,37,0,33,38,60,55,3,9,17,11,4,56,10,54,26,48,7,36,6,39,49,45,61,52,21,40,57,5,24,59,2,25,13,46,35,47,15,31,32,30,34,62,8,27,58,16,18,63,1,53,12,29,19,23,43,42,28,20,51,14,22,41,44
13,51,36,32,21,43,34,0,44,52,15,35,62,30,31,7,1,29,27,49,59,8,45,48,20,53,16,54,5,11,42,23,18,46,9,3,50,33,55,61,57,24,6,25,14,17,37,26,40,19,39,58,63,28,41,2,56,4,38,10,22,47,12,60
29,43,51,5,61,34,55,54,17,62,46,44,30,33,7,11,4,20,8,36,21,0,42,53,6,58,15,37,35,24,57,28,59,16,56,38,52,23,13,63,12,48,27,47,25,39,1,10,22,45,19,18,9,60,41,14,2,3,50,26,32,40,31,49
32,52,4,8,14,19,31,57,60,33,27,41,59,47,30,2,39,40,51,25,63,12,36,1,61,16,21,24,11,9,48,53,22,45,49,44,35,28,5,38,6,26,43,42,56,20,7,18,37,58,3,46,10,34,17,23,15,13,0,29,50,55,62,54
37,52,35,47,22,10,15,2,50,56,6,20,7,43,21,3,16,42,36,27,40,57,49,38,54,8,12,46,39,5,62,31,34,45,53,59,0,60,17,63,4,61,13,24,18,11,25,44,1,19,32,28,33,30,48,29,23,51,58,41,55,9,14,26
19,0,49,61,21,17,54,36,58,33,40,5,15,1,6,38,24,14,63,31,10,30,39,51,42,9,34,2,60,11,48,25,28,55,16,20,26,43,8,46,52,12,57,53,56,62,50,32,23,3,41,37,59,29,13,27,44,22,7,35,45,47,4,18
29,54,62,3,41,36,30,38,39,12,27,4,26,34,1,20,59,45,43,44,47,46,56,0,9,22,32,23,19,6,24,58,61,15,10,25,28,63,8,18,21,48,50,16,31,17,2,14,52,11,33,13,35,37,49,42,40,53,7,60,51,57,55,5
53,16,18,44,8,1,52,20,11,25,14,22,37,19,43,62,55,12,27,47,26,49,9,21,6,4,45,34,10,36,7,46,56,2,30,60,13,57,61,42,59,51,40,15,3,54,31,32,39,0,63,29,17,50,28,35,33,58,23,38,41,48,24,5
18,25,44,63,9,4,20,53,24,33,8,13,42,7,0,55,37,41,51,10,11,34,16,17,49,35,36,28,21,39,22,43,60,54,12,61,58,59,62,45,52,46,3,57,2,1,32,29,50,47,23,14,5,56,30,27,31,26,48,19,40,38,15,6
46,32,63,4,9,1,38,43,24,18,19,50,45,36,27,55,30,42,41,29,8,31,13,12,11,62,51,56,22,21,25,44,54,47,49,10,58,23,60,48,28,16,5,6,7,15,0,59,14,53,40,26,33,20,61,17,34,35,3,52,37,39,57,2
15,47,22,17,48,32,25,5,60,11,53,62,18,44,28,40,13,16,19,57,27,7,50,35,3,61,23,49,10,63,56,46,14,59,33,0,43,1,58,24,31,20,41,39,38,8,36,6,30,37,9,34,51,42,54,26,29,2,45,52,21,12,55,4
60,1,0,20,35,22,15,48,14,52,47,54,17,23,6,31,46,18,27,49,5,36,7,29,56,30,26,2,28,32,13,51,40,61,39,43,12,10,11,3,24,16,57,41,34,37,58,9,21,4,38,59,63,44,45,53,50,33,55,42,19,25,62,8
10,22,50,39,17,2,55,37,41,19,21,24,62,34,3,63,15,28,20,0,59,12,27,7,46,60,52,57,40,53,32,9,8,26,33,29,11,58,36,48,18,49,47,31,35,43,4,6,13,54,56,61,14,25,30,44,42,51,38,16,1,5,23,45
38,8,63,53,18,10,9,23,16,12,17,3,2,48,24,45,32,61,29,39,11,21,20,59,46,40,26,25,34,28,1,44,19,0,51,4,37,15,50,14,35,30,55,60,58,36,5,7,13,42,49,33,47,41,54,62,6,22,31,43,56,52,57,27
44,14,42,26,38,6,0,5,24,34,41,36,25,56,21,30,17,31,22,61,18,47,62,29,4,16,60,50,57,53,54,32,23,2,45,51,10,37,43,59,11,19,33,55,3,39,15,28,8,58,46,9,49,40,27,63,20,12,35,1,52,13,48,7
24,61,17,52,48,41,16,57,45,3,11,4,14,53,15,49,18,34,10,58,19,26,31,20,39,43,12,1,27,36,59,6,54,38,60,50,33,55,42,0,44,62,37,9,47,35,5,23,30,56,25,21,28,8,40,51,7,29,63,2,32,46,22,13
1,30,15,29,61,59,44,55,34,11,24,27,22,45,6,16,38,39,19,50,21,35,4,28,60,23,5,62,17,52,14,36,48,25,57,2,51,37,58,33,3,0,7,42,46,26,56,40,9,8,13,47,49,41,53,31,20,43,54,18,10,32,63,12
26,39,6,47,7,3,19,2,48,45,21,53,0,44,10,56,15,61,29,25,55,58,31,30,41,33,35,37,24,59,9,63,52,40,43,54,22,5,50,28,27,20,1,18,46,14,17,13,4,16,49,42,57,32,12,23,11,8,36,34,38,62,51,60
63,52,38,17,56,50,51,4,41,21,46,60,61,48,19,0,55,8,12,53,43,58,24,32,15,29,54,18,42,36,37,27,59,2,13,20,10,7,31,30,3,1,26,25,39,9,35,5,23,44,6,40,57,45,22,11,14,49,62,34,33,16,47,28
14,10,37,41,39,3,0,62,2,49,13,54,21,55,28,50,30,29,60,1,17,36,6,34,11,46,19,12,58,43,15,16,35,53,33,52,48,4,40,59,9,42,45,8,51,7,20,5,61,32,22,24,56,63,25,18,23,57,44,47,38,31,26,27
3,61,40,24,62,56,53,59,51,44,10,36,37,21,34,50,11,27,14,8,7,33,25,12,39,43,42,28,0,57,52,31,2,47,48,63,22,18,4,30,54,17,9,58,26,16,32,35,23,20,41,13,29,49,45,46,60,38,55,19,1,6,15,5
0,5,51,23,62,7,39,8,13,25,46,52,58,59,38,11,42,3,22,21,34,2,18,19,55,29,35,49,4,36,27,61,56,50,14,57,31,6,16,60,26,40,9,10,32,12,28,15,54,17,30,53,33,44,20,48,47,1,41,37,45,63,24,43
56,18,55,1,43,13,25,3,54,48,61,34,59,46,2,36,30,0,47,51,16,19,5,12,11,40,58,63,35,42,50,57,29,53,27,23,37,32,14,26,20,41,10,7,39,33,21,8,31,52,9,15,22,17,28,6,49,45,62,24,38,44,4,60
44,43,28,22,37,52,61,62,48,40,9,55,2,47,36,46,63,17,27,58,7,32,51,53,50,29,33,35,15,14,4,23,1,57,26,16,39,49,8,31,56,24,6,34,60,38,13,12,18,0,25,11,20,21,59,42,54,5,41,3,10,19,30,45
33,63,28,61,35,8,58,17,7,29,49,51,37,48,42,26,36,12,10,38,60,22,62,53,18,44,24,6,50,45,56,57,15,25,13,16,27,4,55,0,46,1,47,2,34,19,31,54,20,5,30,3,39,9,40,43,59,14,11,21,41,52,23,32
8,22,11,36,37,62,16,54,46,5,23,10,43,42,13,31,24,35,1,38,60,0,63,4,21,45,9,55,18,29,26,14,7,57,3,58,33,17,56,19,2,61,34,20,47,27,53,48,50,15,51,6,39,12,28,32,49,40,59,52,44,30,25,41
3,46,57,11,63,1,53,15,51,23,54,16,35,37,40,13,33,6,5,17,2,45,26,8,10,9,58,43,48,29,36,28,42,19,47,55,34,60,49,25,12,44,24,32,30,27,4,18,14,20,7,59,39,56,21,50,31,0,41,52,61,62,22,38
8,20,42,32,47,55,40,6,44,36,62,26,39,13,52,50,17,54,35,58,63,27,34,61,16,45,24,56,33,10,38,59,2,5,3,21,57,49,14,19,31,48,25,46,51,15,12,18,29,0,11,53,30,7,37,23,1,4,43,41,60,22,9,28
18,36,8,52,47,13,28,14,42,43,23,57,17,37,62,15,30,11,61,53,19,48,35,22,34,7,24,12,29,51,1,27,54,39,44,2,16,20,63,41,38,10,50,5,9,40,26,45,33,60,55,56,58,21,25,0,6,3,32,4,49,31,59,46
46,47,18,61,2,52,31,57,34,60,11,5,6,27,51,0,24,62,25,54,50,38,12,9,26,13,56,33,45,16,53,28,42,35,3,40,48,4,17,22,7,41,55,37,39,29,19,44,20,58,43,49,59,32,8,30,14,1,10,36,15,23,21,63
6,50,61,24,57,63,58,43,18,27,16,56,37,20,41,22,1,21,17,5,48,13,31,33,44,46,7,26,25,8,28,30,59,49,35,53,34,39,11,9,51,4,38,14,42,60,0,47,55,62,3,36,19,12,23,15,40,32,10,52,29,45,2,54
26,63,19,2,24,49,4,55,15,1,10,62,50,5,7,48,42,60,0,34,59,54,29,18,33,56,35,58,53,52,57,32,21,23,11,25,31,47,37,45,6,20,36,46,17,14,41,39,22,13,8,12,16,38,44,30,51,27,40,9,3,28,61,43
31,52,56,35,34,49,7,20,58,2,44,63,15,38,45,28,9,39,22,29,41,37,16,54,59,24,60,27,8,10,6,5,12,1,14,33,18,43,4,23,47,13,0,40,42,36,55,50,46,53,48,26,11,51,25,57,30,62,32,21,19,61,3,17
17,52,27,44,55,23,33,3,7,31,24,21,56,50,42,1,18,43,35,30,5,32,12,36,57,28,59,16,10,58,20,38,9,40,6,41,22,49,26,37,39,0,2,45,47,13,48,60,14,62,25,34,51,54,19,8,61,53,46,4,11,15,63,29
45,29,39,5,34,16,18,15,4,46,56,50,32,38,51,44,17,58,19,36,60,25,2,41,43,22,49,20,62,8,52,48,3,27,13,61,28,31,33,23,37,11,30,59,12,55,7,14,10,57,35,21,6,9,42,0,53,26,47,63,24,54,40,1
23,6,40,13,5,31,30,22,10,34,39,62,28,9,25,14,57,63,58,45,12,52,37,47,11,3,0,51,43,36,17,56,38,20,55,24,46,27,42,8,49,44,1,33,18,50,29,41,21,48,19,2,53,32,15,54,26,61,59,4,16,7,60,35
53,47,19,56,44,33,50,27,49,62,60,52,46,15,10,42,2,6,36,59,18,4,16,58,28,54,37,7,31,57,40,23,20,24,55,13,34,11,39,35,26,63,51,0,30,14,22,45,38,29,9,5,12,48,32,8,17,41,61,43,21,1,3,25
46,31,20,32,36,3,19,29,18,33,26,17,58,59,49,47,4,39,62,35,61,23,25,51,28,54,1,15,8,44,22,42,2,21,13,16,45,50,30,0,7,9,14,38,43,11,27,52,34,37,10,53,55,57,5,41,48,12,24,60,6,40,56,63
59,13,12,25,9,54,11,36,0,58,10,29,14,4,56,45,46,53,27,5,26,17,43,3,52,28,41,61,8,39,18,60,63,24,47,23,7,30,15,31,20,32,34,6,50,1,38,33,57,40,62,2,44,48,51,42,19,49,55,37,21,22,16,35
57,59,30,6,3,14,50,55,41,11,45,23,60,0,29,36,22,46,37,21,34,32,43,35,5,13,54,48,40,42,2,15,27,49,53,18,47,17,62,10,39,24,63,33,44,8,9,26,58,56,28,31,52,16,61,1,19,4,12,38,25,7,51,20
18,37,41,8,49,23,24,61,39,28,62,13,58,14,7,16,44,60,12,31,17,50,35,3,1,26,6,10,30,46,21,20,40,63,25,29,54,34,22,27,55,56,5,19,36,0,11,4,2,32,47,57,33,51,48,43,45,53,59,38,42,52,15,9
29,11,49,62,25,44,7,19,28,26,42,58,39,63,60,43,61,13,10,22,8,55,56,24,18,17,23,57,2,33,47,34,5,37,6,50,1,35,54,30,52,27,21,53,38,41,16,4,51,20,0,45,9,46,14,12,15,48,36,32,3,59,31,40
31,30,26,38,52,20,47,14,10,22,3,50,9,54,13,5,35,49,34,44,28,55,53,29,27,0,36,37,6,23,61,60,56,11,12,18,21,48,15,59,1,62,19,57,40,43,2,24,39,8,58,41,4,42,46,45,32,51,63,33,7,17,16,25
8,45,0,26,49,10,20,61,55,3,63,48,9,62,19,7,35,29,12,52,41,1,42,59,51,58,50,27,2,13,40,32,36,38,22,30,4,46,60,11,56,16,28,44,54,6,31,43,17,37,14,53,18,34,25,39,15,21,5,47,33,23,57,24
28,44,32,9,11,19,29,17,8,39,23,15,5,7,24,31,59,12,18,35,20,60,53,13,41,16,56,50,6,36,37,47,51,0,27,40,21,62,57,25,46,34,63,10,49,22,61,58,38,3,30,4,14,55,43,33,1,52,48,26,42,45,54,2
49,60,20,40,36,39,8,13,9,32,18,5,45,28,14,31,29,35,22,24,51,1,57,15,54,12,56,44,10,21,11,37,26,19,41,63,48,33,52,47,3,55,46,4,62,59,7,0,34,42,25,2,53,23,17,27,43,16,50,61,38,58,6,30
23,45,56,52,1,3,18,14,46,13,38,5,47,36,42,28,39,60,32,20,29,58,30,50,24,57,7,48,6,22,31,12,16,21,26,44,51,2,27,41,25,55,33,19,11,61,59,9,37,15,43,4,53,17,40,34,8,49,0,63,62,35,54,10
7,10,28,53,59,26,46,44,43,17,45,47,49,19,22,6,57,11,23,15,40,58,51,41,52,60,5,42,30,27,56,31,16,37,4,34,8,9,63,32,13,21,2,0,3,36,54,20,48,39,12,29,14,18,25,61,62,35,33,38,50,55,24,1
53,2,22,47,43,38,41,54,15,25,1,62,31,46,39,60,59,10,28,24,18,44,34,8,26,50,6,0,17,5,29,63,12,45,19,20,23,55,33,56,32,36,11,14,57,27,58,42,9,61,49,35,21,40,16,7,4,30,3,37,48,13,52,51
26,19,50,10,34,57,46,33,52,37,6,14,8,44,11,45,36,61,2,30,4,9,42,27,62,28,51,20,21,18,13,39,47,29,1,41,35,0,58,54,17,40,32,7,3,63,49,5,60,22,59,15,23,53,24,25,56,16,48,43,12,55,38,31
63,36,52,55,56,50,47,53,9,17,13,5,62,61,21,23,58,37,57,33,48,4,51,10,39,43,40,29,6,32,24,42,41,34,60,26,7,54,49,8,38,2,14,18,1,15,27,31,16,0,45,19,46,20,3,25,30,59,28,12,22,35,44,11
11,39,44,43,7,60,50,14,54,56,0,34,57,46,5,49,10,13,1,53,30,25,36,15,32,58,29,3,33,4,12,19,48,2,41,8,35,31,62,26,59,24,22,51,9,52,38,18,47,27,23,55,37,17,20,28,6,63,45,61,21,16,40,42
3,53,37,59,0,43,48,60,10,50,44,22,4,57,46,45,32,41,30,34,23,35,51,1,42,18,12,8,13,39,58,61,25,11,49,33,6,5,7,27,24,28,36,40,62,31,2,56,21,47,26,63,14,16,29,17,19,54,52,38,55,15,9,20
12,39,7,6,13,8,27,24,53,25,57,15,61,20,26,30,52,58,3,49,10,43,32,5,19,17,56,48,0,4,11,16,42,35,59,9,14,37,36,34,22,47,38,29,31,54,18,63,44,33,1,62,28,50,51,46,41,55,23,40,45,60,2,21
29,31,49,1,39,43,17,0,46,28,26,48,60,40,58,18,3,11,47,24,56,36,42,30,27,7,25,14,8,19,23,20,45,59,41,15,57,55,61,13,9,62,53,4,51,10,50,21,12,33,5,54,16,32,63,34,2,38,22,44,37,35,6,52
43,30,55,45,3,4,11,17,10,47,42,8,53,20,27,58,25,26,52,12,37,50,22,51,16,59,44,5,19,1,41,31,0,6,56,62,48,35,15,32,28,29,61,39,49,63,33,7,2,40,60,23,38,36,21,24,14,13,57,46,54,34,9,18
6,11,5,29,15,4,48,53,22,25,56,33,31,61,27,1,50,59,46,21,55,7,34,54,35,47,58,63,0,51,17,45,57,52,32,42,41,12,37,43,20,24,13,36,30,28,49,2,3,39,14,44,19,16,23,18,26,9,10,40,38,60,8,62
0,51,46,34,22,40,63,33,17,7,2,15,26,52,44,61,5,19,38,43,4,21,32,18,50,45,6,31,36,12,30,58,59,20,57,37,25,24,39,10,27,54,42,14,28,9,8,16,11,56,3,60,29,53,1,55,47,41,48,13,35,49,62,23
22,53,40,16,30,59,62,41,36,63,57,60,56,13,38,42,8,20,4,9,12,5,21,45,51,1,32,3,18,55,31,19,39,25,52,50,14,15,6,23,2,49,47,7,11,44,61,37,48,58,10,26,33,29,28,27,0,17,34,24,46,54,43,35
23,29,50,26,19,13,14,63,34,21,51,41,4,58,60,56,48,44,62,33,24,36,37,49,3,9,8,59,20,6,46,32,52,18,15,35,42,47,31,54,2,53,40,12,17,28,39,38,30,10,55,61,43,57,16,25,1,45,7,22,5,11,0,27
30,47,19,18,57,62,3,43,34,42,13,20,54,6,59,23,1,38,40,41,5,15,46,24,56,12,37,33,45,35,8,7,53,21,10,22,28,17,48,11,2,58,4,60,52,27,0,44,55,9,50,49,26,39,36,63,61,14,29,32,25,16,31,51
59,4,26,33,39,49,0,48,47,1,9,18,6,7,2,36,25,42,14,53,21,38,50,60,62,63,43,27,16,22,52,17,28,13,57,11,10,20,55,24,51,45,8,40,44,58,19,30,5,56,23,41,46,3,15,29,34,12,37,61,31,32,54,35
18,19,15,47,5,21,60,6,30,28,37,4,1,44,53,13,8,23,50,58,46,56,24,31,0,11,9,52,17,26,20,63,42,55,27,34,2,49,59,10,7,45,38,35,25,16,14,54,29,57,41,36,39,12,62,61,32,48,3,33,40,51,43,22
25,57,22,14,52,43,56,38,46,62,34,23,11,21,63,9,18,44,41,4,5,0,61,35,30,45,40,50,26,42,2,32,28,8,60,48,13,16,36,24,17,12,33,10,54,6,20,27,7,58,53,47,49,39,15,55,51,29,1,59,37,31,3,19
52,0,47,41,53,60,17,31,13,54,48,12,56,50,44,35,10,6,29,20,25,51,61,8,42,5,24,62,55,26,14,16,40,22,32,28,4,1,7,43,49,45,34,30,19,38,9,11,15,46,33,57,39,63,36,3,2,27,59,23,21,37,58,18
16,33,56,32,49,10,7,6,3,38,63,23,25,22,35,9,5,21,47,28,17,19,1,40,41,39,61,30,51,58,4,20,27,26,15,53,14,12,43,0,62,42,50,52,46,34,44,24,11,13,29,18,59,45,54,31,48,60,57,36,37,2,8,55
59,35,31,10,52,8,30,14,29,58,18,22,20,48,24,19,33,61,49,13,38,51,54,15,60,42,17,55,53,41,27,26,40,39,1,4,9,6,12,63,37,44,46,23,32,47,34,57,56,43,28,50,16,3,21,62,45,25,7,11,5,36,2,0
8,38,37,43,28,1,48,45,24,61,11,4,27,34,52,5,59,44,33,13,7,30,0,51,2,23,47,32,42,10,58,16,50,15,21,18,22,54,39,55,17,40,36,46,53,29,56,25,35,49,12,14,60,63,26,9,31,19,6,3,57,20,41,62
51,63,55,53,23,29,57,4,61,10,1,17,60,2,3,25,22,27,43,62,54,21,26,6,35,33,42,16,28,7,46,15,59,12,24,5,0,58,47,18,20,45,40,44,41,49,37,39,14,34,8,52,48,36,9,38,56,32,19,11,13,50,31,30
32,3,20,36,21,57,41,51,15,26,45,44,8,34,6,30,49,10,7,39,24,29,25,55,42,22,18,17,33,43,1,9,28,48,46,31,37,35,54,62,60,27,23,12,2,14,13,52,56,5,0,11,53,16,38,58,50,4,61,63,40,59,47,19
38,47,41,7,2,46,59,11,37,28,32,49,39,63,54,51,29,8,20,42,43,9,24,44,18,6,14,1,31,10,30,0,58,22,57,26,13,62,50,61,60,56,12,53,48,15,16,52,23,35,33,25,21,45,34,17,3,4,40,19,5,36,27,55
25,58,43,51,36,6,55,54,53,45,41,5,12,49,38,10,44,60,16,24,0,15,1,17,59,27,48,30,11,61,33,20,14,29,7,40,19,9,63,50,26,31,4,13,28,47,42,8,37,32,21,56,22,23,35,62,39,2,34,18,46,3,52,57
60,51,30,47,45,55,24,33,1,14,29,35,62,54,32,34,10,25,50,31,16,37,46,56,49,39,8,57,58,63,11,0,12,52,59,7,21,26,38,13,27,5,61,9,42,53,48,3,40,36,6,4,43,22,41,2,17,23,15,44,28,20,19,18
26,59,47,1,57,4,21,9,20,63,60,30,12,52,3,43,22,40,41,55,15,18,10,45,13,50,2,29,0,35,56,31,25,49,58,33,7,39,61,37,14,44,34,51,32,46,38,53,17,62,24,6,8,19,42,23,48,27,5,16,11,54,28,36
13,14,22,62,7,52,20,50,29,36,56,45,21,43,55,46,24,35,9,34,12,37,26,6,17,30,59,11,39,51,2,48,1,58,54,0,16,28,57,53,63,49,3,32,47,23,4,18,15,60,61,31,25,10,5,8,27,38,41,40,42,19,33,44
26,21,25,6,42,56,30,60,50,14,3,38,5,37,58,24,46,48,54,4,40,35,57,45,1,7,59,33,63,28,8,10,44,29,53,31,12,36,11,34,18,0,13,32,27,55,15,17,19,9,41,51,2,52,16,20,49,39,23,22,62,61,43,47
30,48,20,51,47,59,31,63,1,61,38,56,32,33,2,6,28,8,43,25,46,50,19,7,39,44,22,4,37,26,62,11,12,15,40,0,14,42,49,10,55,57,58,45,34,5,36,52,54,29,53,23,27,24,21,35,3,18,41,13,17,60,9,16
42,27,24,7,43,32,2,39,63,8,21,10,18,60,20,22,59,48,35,36,46,11,44,57,19,54,49,9,13,28,0,40,4,29,61,50,62,53,38,5,30,52,56,1,55,34,41,17,25,37,6,58,3,45,14,26,51,33,31,23,15,47,16,12
60,61,46,62,26,48,5,58,32,40,15,10,43,12,29,3,24,31,51,39,16,34,25,38,63,49,41,9,35,2,27,44,37,52,47,21,36,1,57,14,23,8,33,19,28,55,42,4,17,53,50,59,13,30,0,18,56,11,45,22,6,7,54,20
37,60,44,17,63,6,39,45,8,40,1,49,18,22,57,10,48,53,51,38,24,54,0,59,31,16,13,43,28,7,21,11,23,3,20,25,52,14,30,9,32,47,56,12,4,15,19,62,2,29,61,35,46,41,55,58,27,26,5,36,42,50,33,34
52,14,35,23,57,41,44,56,46,63,34,48,11,30,37,50,32,62,19,42,15,27,28,26,10,20,21,13,31,22,5,59,58,49,51,8,55,38,53,29,40,0,16,25,18,2,12,9,47,3,61,17,60,33,24,4,36,54,7,43,39,6,1,45
36,41,39,15,31,57,60,26,29,35,56,16,50,10,45,13,24,52,33,34,27,1,0,40,5,12,51,21,43,30,3,28,44,4,46,25,58,20,11,63,6,22,42,59,61,38,9,48,7,8,53,55,32,23,37,18,47,49,14,17,54,2,19,62
3,14,50,38,58,33,27,11,30,56,2,36,57,63,60,59,49,18,45,46,24,52,9,31,10,6,22,5,28,0,20,41,25,29,16,26,47,54,43,42,13,48,19,61,35,12,7,1,15,39,44,55,32,23,40,37,34,53,21,17,4,8,51,62
19,59,44,48,23,50,27,57,22,62,13,56,4,32,14,54,53,42,15,49,45,3,18,1,9,61,41,12,5,28,26,37,33,40,24,6,36,39,10,30,17,34,46,25,58,43,16,47,60,2,29,52,35,55,8,63,7,20,0,38,31,51,21,11
46,4,33,63,49,62,19,38,48,15,16,61,36,30,37,12,44,39,52,0,18,26,20,14,47,5,60,8,34,51,23,21,27,2,40,41,45,10,6,29,32,11,55,43,42,9,25,59,7,3,24,17,1,28,22,35,50,58,56,57,53,31,13,54
0,11,24,23,43,3,52,26,42,44,30,4,20,46,59,10,48,12,55,28,1,35,17,51,22,14,29,13,63,56,58,19,38,61,53,50,2,40,49,33,34,6,62,31,54,15,32,8,60,27,36,18,57,9,5,21,47,45,39,37,7,41,16,25
35,45,21,55,5,10,31,57,59,37,53,38,15,32,4,12,13,50,6,14,29,16,39,58,61,1,46,60,28,36,44,2,27,34,19,48,24,40,7,8,25,49,22,33,18,51,3,17,56,23,0,11,52,9,26,63,62,41,47,42,20,43,54,30
0,18,13,7,43,58,47,40,6,3,14,21,27,11,17,61,55,12,9,57,35,52,8,2,10,48,25,22,5,45,37,63,41,23,49,20,59,15,50,16,26,38,34,44,36,46,56,32,30,24,19,42,4,60,1,53,28,39,54,29,62,33,51,31
14,5,32,7,61,1,16,15,2,50,42,21,52,28,47,4,45,41,58,20,35,63,55,22,46,39,59,40,9,38,17,60,23,18,10,24,3,12,25,27,43,57,6,34,11,62,51,26,49,13,8,44,19,33,48,37,36,56,53,31,54,0,30,29
49,19,43,28,0,4,8,27,38,30,16,11,63,51,3,2,10,13,45,33,29,36,6,59,52,7,21,57,20,55,50,5,39,62,9,42,37,44,22,15,54,48,41,40,1,60,18,56,24,58,14,61,25,35,34,32,26,46,23,12,31,17,47,53
20,61,4,34,21,62,46,40,9,18,36,25,50,10,13,0,54,52,31,35,63,43,44,15,47,37,19,16,55,24,22,42,56,12,51,3,57,58,28,14,6,26,29,60,53,23,38,41,2,8,59,30,27,5,1,32,11,45,33,17,49,48,39,7
58,7,8,21,38,52,4,33,61,62,57,35,17,11,12,19,23,2,63,56,6,18,34,15,29,50,16,40,46,39,42,55,53,54,44,28,47,60,9,27,20,1,14,5,59,43,22,37,3,41,24,0,26,30,45,13,36,51,31,48,10,49,25,32
6,38,2,11,56,31,3,51,35,34,5,22,61,20,23,4,24,62,46,27,53,18,30,12,25,13,52,60,36,29,39,54,16,7,59,63,42,10,32,33,14,21,19,26,1,50,15,45,43,48,44,17,40,55,9,28,57,49,8,0,41,47,37,58
56,47,27,14,19,50,10,38,25,48,4,39,12,8,51,49,0,54,41,21,57,31,42,45,35,24,40,11,17,15,7,52,62,5,63,33,58,46,36,60,59,44,23,1,34,55,32,2,30,13,6,61,53,43,26,37,16,22,20,29,28,3,18,9
46,63,14,62,6,57,32,38,7,56,1,48,22,2,9,50,24,49,10,61,18,51,12,39,27,0,13,29,55,58,54,52,42,40,4,34,44,30,43,21,8,15,23,25,3,37,41,11,45,59,35,17,60,53,20,16,26,28,33,36,31,5,47,19
22,52,5,32,15,21,61,24,39,37,40,34,49,35,57,63,43,16,26,29,3,50,9,4,6,12,10,60,46,31,42,7,44,2,45,36,18,62,47,55,27,17,33,53,25,0,54,23,30,38,13,8,28,41,48,56,1,14,19,58,51,20,59,11
45,40,16,63,10,24,50,47,20,25,34,12,31,5,0,46,55,3,53,26,32,60,17,1,18,2,39,43,21,7,59,42,28,52,35,14,4,29,49,22,11,57,23,48,19,37,9,15,62,44,13,61,36,38,8,41,33,30,58,27,54,51,6,56
63,28,38,44,11,37,45,47,16,40,1,51,59,41,8,46,54,52,12,55,26,10,39,42,4,19,2,22,49,17,25,18,34,36,23,3,21,9,20,15,48,62,60,7,14,6,58,56,24,33,57,27,50,0,35,31,61,53,43,5,30,32,29,13
8,32,23,10,14,24,59,34,9,13,21,45,17,63,51,22,19,38,50,2,49,54,44,1,52,29,37,53,39,33,48,15,25,28,36,30,35,47,12,26,58,16,3,18,41,40,0,46,5,61,6,55,42,31,57,62,4,27,56,20,60,43,7,11
52,27,42,30,47,19,46,45,57,24,20,59,51,1,62,60,8,41,25,2,0,33,53,63,58,23,6,39,26,49,22,29,18,38,12,5,10,17,15,40,31,14,37,4,36,7,44,54,50,32,35,13,56,43,55,48,28,34,3,61,11,21,9,16
26,10,24,53,27,62,49,13,4,29,28,52,48,1,63,8,60,43,35,20,15,58,9,33,37,5,12,19,39,36,47,11,50,41,0,34,40,45,46,14,44,55,57,21,59,38,54,17,31,7,23,6,51,16,22,30,32,61,42,56,2,25,3,18
27,48,32,44,17,40,54,31,13,21,63,51,3,12,37,34,56,35,10,5,52,28,23,6,39,2,0,25,62,58,49,55,59,1,30,53,41,38,57,36,61,20,29,33,16,4,14,47,15,60,9,42,26,22,45,50,19,43,18,7,46,11,24,8
29,40,27,41,13,7,37,34,9,57,55,39,51,5,33,14,1,16,61,43,30,32,38,47,54,60,4,20,11,21,3,42,22,46,19,45,28,62,53,50,12,48,0,52,23,2,26,35,36,59,24,56,8,58,17,18,10,15,63,49,31,6,44,25
33,10,28,15,21,46,57,8,22,9,43,41,36,59,45,5,54,30,26,44,55,14,19,12,18,51,34,13,48,27,23,3,20,50,56,38,40,61,24,31,60,6,1,7,29,0,32,58,53,2,25,47,17,16,37,49,52,11,35,42,62,4,63,39
21,0,25,47,59,52,26,34,31,12,56,15,51,53,18,24,7,60,58,14,10,37,16,6,63,29,40,38,50,43,19,20,55,9,35,13,2,3,4,33,61,39,57,30,23,5,27,54,22,36,1,45,48,17,32,62,28,11,44,42,8,41,49,46
49,63,8,48,43,42,27,45,60,2,20,5,14,26,9,3,11,24,13,37,25,56,50,41,1,62,47,46,38,40,16,39,55,12,54,18,58,7,21,4,61,44,0,31,36,29,52,34,35,15,59,6,10,57,23,53,17,19,33,32,30,51,28,22
58,9,8,23,10,3,62,11,46,18,1,4,28,16,51,42,38,52,24,25,59,31,22,33,32,54,30,39,50,13,63,44,2,27,60,57,49,35,17,21,12,34,15,14,43,5,45,61,41,55,36,6,40,47,29,20,19,26,7,0,53,48,37,56
24,2,7,10,19,16,26,46,32,48,4,17,58,49,29,61,1,60,30,52,42,34,44,27,11,21,63,41,36,22,40,6,37,39,12,50,0,35,18,38,8,47,15,3,9,25,5,33,62,57,13,54,53,43,56,51,14,23,20,45,31,59,55,28
18,17,10,4,3,23,6,45,55,35,63,34,46,1,41,40,53,12,33,58,47,43,0,48,32,49,59,19,20,24,9,11,13,28,14,25,7,31,60,30,8,51,56,50,62,54,22,61,26,42,57,15,37,16,44,5,21,52,29,27,38,2,39,36
4,52,30,16,50,0,22,36,14,7,8,11,56,55,61,1,5,18,12,24,43,38,28,21,57,41,37,15,58,6,23,48,35,46,27,49,33,31,32,44,42,10,29,51,45,17,2,25,63,19,54,26,39,47,13,60,62,9,34,20,40,3,53,59
4,45,2,30,7,38,9,8,0,26,24,15,52,54,47,48,60,55,59,6,16,3,12,39,10,17,28,34,41,20,11,33,40,14,25,21,27,23,57,51,29,18,56,19,46,1,61,32,5,62,53,36,50,13,44,37,42,58,63,49,22,31,43,35
13,46,31,57,10,2,11,56,37,45,44,16,20,42,7,60,53,25,35,63,43,3,51,49,34,19,30,5,61,1,54,38,26,28,58,40,27,6,52,33,29,15,9,17,24,32,0,47,39,18,22,23,62,14,4,48,8,12,21,50,41,59,36,55
59,26,47,38,27,15,51,3,17,10,35,24,52,43,16,2,32,41,48,63,57,14,6,37,8,34,7,36,58,4,18,31,1,9,33,19,0,30,42,11,20,50,56,39,28,29,61,62,60,12,23,53,44,21,49,13,46,40,25,45,5,22,55,54
32,6,2,28,9,12,8,59,39,46,20,7,21,36,19,38,24,11,18,60,35,63,58,31,40,17,26,53,50,0,61,3,52,14,30,22,23,54,1,49,5,4,41,37,55,48,51,13,43,10,27,45,56,25,16,57,42,33,62,29,47,15,44,34
34,24,2,36,31,20,21,48,37,58,62,57,4,55,51,46,11,30,28,18,3,59,60,22,42,32,12,17,41,53,7,43,23,26,0,47,45,39,19,49,38,40,27,61,8,63,29,54,44,16,15,35,50,33,1,14,9,56,5,25,52,13,6,10
35,14,20,41,39,5,36,17,52,3,7,53,25,16,30,49,44,4,54,9,13,29,32,55,12,57,42,34,40,22,2,10,63,51,1,47,26,59,33,21,38,60,27,37,18,6,50,45,8,43,46,19,23,62,56,58,61,15,48,24,31,28,11,0
34,33,57,17,16,20,7,35,43,40,55,54,45,63,61,15,38,31,6,41,39,52,36,51,2,59,1,9,46,48,42,56,13,10,37,25,47,5,4,24,53,32,19,30,50,8,26,44,12,21,49,23,3,29,27,22,58,60,11,62,14,0,28,18
41,54,47,25,57,27,22,58,51,26,12,11,15,44,1,29,39,0,46,5,21,31,42,40,48,7,3,10,55,28,23,13,9,49,18,60,34,56,37,19,59,53,50,45,17,61,43,8,6,4,24,38,2,20,35,33,62,32,16,36,14,52,63,30
0,41,62,9,15,48,16,5,50,22,27,14,12,3,53,43,63,36,18,40,38,25,58,39,55,26,51,47,29,11,2,32,19,37,54,52,7,21,23,56,17,57,45,44,6,30,28,4,61,33,59,31,10,8,1,46,13,34,20,49,42,35,24,60
2,40,60,22,44,3,30,55,19,51,9,38,39,28,46,24,52,12,45,41,47,56,37,0,21,43,31,26,1,42,57,27,36,23,61,11,17,14,58,6,7,34,4,63,8,13,48,18,15,62,29,50,53,35,16,5,32,54,59,10,33,25,49,20
61,26,22,45,57,55,35,51,24,42,2,56,18,4,37,17,36,13,0,5,11,20,43,52,44,30,60,7,47,27,59,54,28,25,21,34,33,62,53,38,32,15,58,49,10,23,46,63,19,31,6,1,40,8,41,14,29,9,3,50,12,16,39,48
33,40,63,3,59,27,43,9,57,13,34,50,14,35,38,58,30,36,61,21,22,44,10,51,23,47,62,15,20,52,0,42,46,31,49,39,41,5,8,29,48,19,55,24,56,17,45,16,7,18,54,25,1,2,12,4,60,32,53,37,11,6,26,28
59,42,20,56,37,17,45,10,48,11,33,18,62,52,51,47,32,12,38,53,23,16,60,28,6,57,34,44,35,58,31,9,1,22,29,26,43,25,2,40,30,13,61,14,63,50,41,19,24,15,5,54,21,7,39,3,36,0,55,8,4,46,49,27
0,27,54,9,41,35,43,59,36,25,37,4,1,26,48,38,32,10,55,46,5,63,28,24,60,49,33,12,39,29,8,31,47,22,58,57,17,13,44,53,11,7,34,51,50,14,2,56,21,23,18,61,20,42,40,16,62,3,19,30,52,15,6,45
27,6,0,28,42,38,17,21,40,39,59,62,34,51,1,50,45,19,2,41,32,55,7,61,12,10,20,4,44,58,48,37,30,26,22,5,23,31,15,13,43,53,63,47,49,52,16,24,36,9,60,18,46,56,54,25,35,11,33,57,3,29,8,14
24,44,17,48,46,50,45,58,62,39,38,54,23,10,36,42,35,52,34,13,31,53,41,16,51,21,40,2,60,3,28,59,0,29,11,4,27,26,19,49,1,57,22,61,9,63,5,12,37,18,7,25,30,8,6,55,33,47,14,15,32,43,56,20
39,11,54,26,24,61,16,2,34,6,30,25,38,9,23,44,57,63,5,35,19,58,62,45,8,49,42,20,18,53,7,46,43,55,33,0,12,21,14,22,41,17,1,40,3,47,29,56,27,51,60,52,28,48,50,4,10,37,31,15,59,13,32,36
2,12,60,48,11,51,39,26,42,4,24,29,0,14,10,50,23,28,34,59,61,17,33,20,21,30,3,41,8,47,62,31,53,16,49,38,32,37,58,18,27,44,45,63,15,43,46,13,40,36,35,54,25,57,55,5,9,7,22,6,1,19,56,52
1,8,49,12,43,9,33,21,41,3,61,46,28,40,25,31,27,16,47,60,39,11,2,42,5,14,26,29,20,13,19,63,37,44,36,32,57,35,52,50,53,54,55,0,51,10,30,17,45,56,24,6,62,48,58,18,34,59,7,4,23,22,38,15
17,21,0,2,45,52,51,19,13,7,22,23,54,35,30,3,46,15,37,56,29,33,48,11,5,61,31,55,36,44,18,63,38,32,49,4,9,6,39,59,53,43,42,40,8,62,50,12,14,28,25,24,26,57,47,58,41,1,27,16,20,10,34,60
7,42,14,1,2,54,18,59,36,43,57,41,50,32,27,44,61,28,52,37,13,22,46,58,40,34,31,62,10,33,11,63,15,53,5,9,8,38,47,17,6,35,49,30,45,26,16,20,0,23,56,48,39,29,55,25,21,60,4,19,51,24,3,12
44,63,43,11,46,27,7,49,12,17,5,37,42,8,20,38,56,54,30,14,16,26,15,51,50,55,62,6,58,18,57,59,28,10,53,24,35,34,36,22,52,23,60,33,3,9,0,39,13,32,19,2,61,40,21,41,47,45,48,31,25,29,1,4
44,55,12,37,5,42,35,19,17,38,61,57,50,53,11,22,13,1,30,32,31,9,14,36,23,54,25,21,33,27,26,18,15,63,34,7,16,48,20,46,28,45,59,62,43,10,58,49,40,60,47,51,2,6,41,3,8,52,56,39,24,4,29,0
51,36,8,35,62,38,23,15,45,6,56,4,5,59,0,19,49,41,2,46,9,43,50,28,16,11,39,30,37,63,55,17,1,58,7,20,44,3,60,14,13,31,40,54,48,47,32,53,24,25,10,33,18,61,34,26,57,29,12,42,52,22,21,27
58,51,4,31,30,12,10,33,39,34,18,23,40,2,43,17,46,15,54,9,47,7,27,20,28,37,32,21,48,29,63,35,44,56,49,61,38,13,0,14,19,5,57,52,16,55,11,22,42,62,60,25,41,26,1,6,8,59,3,36,24,50,45,53
61,29,13,0,10,57,15,39,45,42,16,56,14,4,1,18,46,5,52,32,19,55,28,43,53,7,31,26,23,49,20,41,54,40,33,51,50,22,27,48,36,38,9,17,59,3,34,47,24,58,63,8,35,21,37,62,11,30,25,12,2,44,6,60
17,0,53,7,54,9,14,27,19,21,37,33,2,61,50,16,32,51,34,29,6,28,42,23,8,60,46,22,52,56,24,15,35,38,1,30,26,12,36,25,10,43,41,48,13,49,39,20,62,11,40,4,59,31,44,63,18,3,47,55,57,58,5,45
7,45,13,31,4,57,21,22,5,59,11,62,43,58,49,28,29,53,54,39,6,48,15,25,60,37,51,47,12,26,8,41,24,2,17,16,42,46,9,20,18,3,30,23,1,38,34,56,0,36,40,32,33,35,44,10,55,50,27,52,61,19,63,14
61,34,42,12,11,55,31,18,50,62,4,33,10,19,8,16,48,5,13,35,46,41,51,6,26,36,1,22,37,47,28,53,20,32,44,30,23,17,45,27,14,57,40,43,3,39,63,29,0,58,25,56,2,52,21,7,15,38,59,60,9,24,49,54
15,23,34,7,12,47,27,41,59,21,35,49,45,29,17,36,10,46,5,31,8,56,44,62,19,26,58,3,30,42,52,51,37,6,25,20,24,63,2,28,16,14,4,33,40,32,11,38,1,18,61,53,54,50,0,60,22,55,9,39,48,13,57,43
35,14,12,18,55,4,0,58,51,28,44,48,23,24,57,8,42,22,16,54,10,1,52,36,43,21,27,63,61,45,41,19,3,46,11,2,31,7,32,30,9,37,47,34,56,26,15,20,33,60,50,59,25,29,39,49,17,5,40,6,13,62,53,38
14,4,40,30,22,34,47,58,41,24,13,53,1,37,29,20,49,9,33,31,39,7,21,16,54,59,19,57,28,17,50,52,44,12,55,18,60,3,36,42,23,0,32,10,61,26,63,62,56,51,8,38,45,43,46,11,15,27,48,6,35,25,5,2
8,5,14,42,24,59,6,4,58,49,44,29,62,33,60,45,46,31,37,43,56,22,3,27,1,9,50,20,52,61,28,7,25,0,12,41,21,13,23,55,39,51,16,38,19,47,57,32,34,40,30,18,26,53,63,15,17,2,11,35,10,36,54,48
34,57,39,14,29,21,51,33,58,26,46,5,13,63,35,42,11,47,50,28,1,2,15,40,55,56,31,30,45,27,22,17,10,60,41,62,19,43,4,23,8,61,3,12,18,59,44,53,52,37,48,54,38,7,49,32,25,0,9,16,36,24,6,20
28,30,17,41,0,6,23,42,11,53,60,14,61,32,31,29,58,44,38,2,20,4,13,25,18,48,22,59,46,63,5,7,43,57,34,40,12,3,21,36,33,54,16,49,51,24,56,55,47,8,26,50,10,37,39,62,52,19,27,35,9,15,45,1
40,37,28,57,26,27,63,22,47,24,7,18,45,55,15,2,32,1,23,12,21,13,33,38,0,56,43,44,10,11,20,50,36,29,60,9,39,34,17,52,54,30,6,4,8,41,16,5,59,25,42,46,35,31,19,62,51,53,48,14,61,3,58,49
0,23,20,14,49,9,13,55,48,40,4,32,22,47,41,54,15,37,45,24,38,2,42,10,44,39,19,6,33,25,18,43,3,30,58,31,53,21,27,29,52,34,60,17,59,5,12,62,35,28,46,26,63,1,7,50,8,61,16,56,36,57,51,11
52,5,48,40,36,32,60,41,33,57,17,3,50,24,61,49,31,12,26,19,11,7,37,22,44,46,38,4,18,9,53,35,20,14,39,2,0,55,58,27,28,43,6,23,10,29,42,21,13,30,47,15,1,56,62,25,51,45,34,54,63,8,16,59
5,16,32,61,40,21,39,31,19,7,8,20,41,57,45,23,37,59,47,27,18,46,12,33,26,14,2,48,62,17,15,52,28,6,60,55,25,43,29,36,22,10,4,13,3,9,34,44,53,58,24,42,54,56,51,49,38,63,11,0,30,50,35,1
27,15,8,11,43,13,63,36,46,6,16,51,50,29,18,52,62,5,12,55,47,59,2,7,28,44,57,21,34,60,58,37,39,26,30,56,25,33,45,4,54,35,48,1,38,24,42,41,22,61,49,14,3,0,40,17,23,19,20,53,32,31,10,9
14,30,37,33,6,48,59,28,58,47,52,18,2,0,13,39,56,40,27,29,31,10,12,36,26,57,61,46,25,3,34,42,19,35,15,50,62,63,54,32,44,11,17,45,16,51,21,38,4,24,41,5,22,60,7,53,55,8,1,23,49,43,9,20
48,11,41,36,4,61,3,21,13,6,50,33,1,12,14,8,45,59,57,25,22,53,29,39,16,30,28,5,35,23,52,0,62,19,24,18,10,31,42,32,40,17,49,38,27,46,58,9,7,51,56,20,15,47,54,37,44,2,63,43,55,60,26,34
20,39,40,12,16,22,55,30,48,8,58,35,2,29,11,18,44,19,41,0,60,46,34,38,50,10,63,3,51,7,28,45,56,26,36,14,9,25,62,33,53,37,31,23,54,6,15,47,43,27,4,5,21,24,61,52,57,42,59,32,13,1,17,49
51,46,49,5,29,57,9,13,63,25,48,19,20,32,16,37,15,28,61,26,47,4,18,27,55,53,22,10,62,50,11,56,7,2,17,8,33,34,30,23,21,6,54,39,31,14,59,43,36,0,40,52,12,1,41,60,38,3,24,42,58,45,44,35
51,26,32,23,48,41,54,21,18,40,17,60,62,19,22,9,3,6,38,63,15,11,59,34,56,16,4,52,35,49,2,47,37,29,58,14,50,25,20,44,33,7,1,45,31,13,5,46,0,55,43,8,42,39,12,28,61,30,53,10,36,27,57,24
26,9,62,5,1,50,61,19,24,31,59,29,53,13,32,60,63,54,37,40,10,33,52,16,11,58,27,43,41,39,28,45,48,30,56,12,17,20,49,14,42,55,2,18,6,22,0,57,47,51,38,25,35,15,46,8,44,36,23,34,3,21,7,4
46,24,62,5,35,31,54,42,29,37,13,6,41,18,7,19,38,8,28,55,11,2,59,51,39,22,33,36,49,0,32,26,61,23,30,34,4,16,43,12,47,40,57,10,21,60,27,45,52,17,25,44,50,9,15,1,56,53,14,48,3,58,20,63
47,29,50,3,55,32,28,21,45,60,56,8,46,35,37,19,61,58,44,7,13,25,38,20,54,62,49,9,53,43,42,51,6,15,0,52,4,26,40,16,24,22,14,41,10,57,17,30,39,18,59,63,36,27,34,5,11,23,48,1,12,33,2,31
58,9,30,34,42,15,57,17,23,55,53,20,44,7,31,61,22,4,45,35,21,43,3,46,39,63,26,40,6,41,60,0,59,19,2,1,50,25,51,12,33,47,56,16,24,18,5,52,27,37,49,29,28,11,38,10,13,32,36,14,48,62,54,8
63,60,49,62,19,17,31,35,40,20,32,45,7,11,27,6,2,56,15,38,50,57,43,51,24,39,37,48,34,54,10,18,61,22,28,53,59,21,52,33,44,16,29,3,0,5,42,12,1,8,47,30,46,4,26,55,13,36,58,23,41,9,25,14
27,18,5,40,58,22,49,1,45,47,54,8,23,57,21,36,15,2,9,30,44,46,48,55,24,56,14,3,25,28,51,29,34,19,59,37,50,10,32,60,0,7,35,4,62,63,42,33,43,31,20,12,39,61,41,38,26,6,16,17,11,13,53,52
10,53,56,55,61,5,14,11,4,26,16,41,50,48,15,31,19,33,7,46,57,24,47,13,17,2,0,20,60,8,32,42,58,3,21,39,44,40,27,12,25,34,1,63,6,52,54,49,37,22,59,35,23,18,28,62,51,43,9,29,38,36,45,30
29,16,24,50,55,7,47,32,53,41,62,18,43,8,58,36,46,0,25,21,26,5,11,44,51,49,42,38,22,37,30,15,3,35,28,6,52,34,4,33,31,12,27,48,9,10,40,61,45,57,14,60,54,2,20,59,63,23,13,19,56,39,1,17
29,30,44,20,33,58,2,18,12,4,36,39,32,25,5,7,16,31,3,50,23,10,53,48,34,54,15,6,21,11,19,61,17,9,8,51,49,1,26,27,46,28,59,57,62,41,47,22,13,14,52,35,43,40,0,24,55,56,45,42,60,37,63,38
10,31,3,49,22,5,52,13,12,55,39,42,45,57,44,50,8,16,60,20,36,54,40,56,14,9,29,15,46,17,18,41,4,63,6,23,27,33,51,11,32,28,0,59,61,7,21,2,25,43,62,37,19,30,48,35,38,34,47,58,1,26,24,53
2,13,50,56,52,25,16,41,5,34,31,7,58,63,19,4,6,3,11,17,57,32,55,10,53,43,22,18,35,33,61,28,8,26,62,12,1,51,45,42,36,59,54,21,48,9,20,24,29,49,39,27,30,38,15,40,23,60,44,37,0,47,46,14
13,6,39,59,15,26,57,46,56,60,21,8,54,61,12,63,11,53,0,17,31,58,55,3,32,23,19,45,20,48,29,25,7,35,10,50,47,2,27,49,33,41,44,5,62,51,40,36,4,30,43,16,9,14,37,18,28,42,1,52,24,22,38,34
23,1,49,26,7,55,19,53,57,37,42,16,27,29,0,50,24,22,52,36,40,2,11,30,48,38,4,20,8,32,51,60,39,33,41,10,62,15,18,3,21,17,47,13,45,25,9,63,61,34,5,44,43,35,46,31,12,58,14,56,6,59,28,54
16,6,27,3,41,2,9,62,35,52,50,11,20,40,58,61,33,10,0,23,42,12,36,21,54,14,34,1,43,48,32,13,19,56,39,17,63,15,44,8,57,29,55,5,46,24,31,25,30,51,47,7,18,45,49,59,37,26,22,4,60,28,38,53
6,26,43,61,9,13,60,7,40,53,4,2,57,25,51,0,47,32,58,63,12,48,16,20,3,36,24,30,59,45,49,55,50,44,42,54,28,27,34,11,19,29,1,17,38,46,33,41,10,35,21,8,52,31,5,56,14,22,39,62,18,37,23,15
37,46,15,45,61,13,19,22,63,58,4,50,47,40,3,51,49,32,12,35,62,55,54,24,36,31,29,25,6,7,20,38,33,9,8,42,10,11,34,52,39,26,17,23,18,16,59,44,57,43,28,1,48,56,53,14,30,0,21,2,60,27,41,5
1,8,44,62,22,42,58,47,12,51,2,17,32,9,41,36,19,6,38,52,37,53,63,60,30,57,3,61,10,14,15,28,11,49,24,16,50,5,7,31,23,20,40,34,25,35,46,55,56,21,54,27,39,59,13,43,48,26,4,45,18,29,0,33
17,51,26,37,40,29,59,36,43,61,14,31,13,57,32,1,58,45,8,33,39,30,25,60,50,44,55,11,53,12,21,19,48,42,15,56,9,41,49,52,4,27,16,5,34,7,3,22,18,20,23,38,24,10,2,6,46,62,47,28,0,54,63,35
51,8,2,10,14,59,60,31,29,50,25,19,46,37,15,23,52,41,43,36,17,11,32,0,62,4,24,35,21,40,5,16,54,61,38,34,56,9,13,6,1,57,3,28,47,39,7,45,63,26,48,55,42,22,12,20,49,33,58,44,53,27,30,18
27,1,51,9,52,38,32,28,2,6,54,11,60,13,44,33,25,61,26,36,10,47,55,39,59,16,43,23,37,19,50,30,45,41,46,57,62,56,40,15,22,12,29,8,49,53,14,48,63,21,42,0,17,4,5,34,24,18,35,20,3,58,31,7
38,16,10,14,34,29,1,8,28,57,26,37,46,33,27,50,41,20,18,51,49,35,47,45,25,52,61,3,17,0,7,30,24,58,39,21,42,53,5,59,9,62,13,15,22,11,19,12,36,63,60,56,4,23,43,2,31,40,6,44,48,54,55,32
33,13,30,5,41,59,25,48,10,53,37,8,55,63,34,26,2,18,3,54,60,42,24,38,20,6,46,28,16,23,62,52,50,19,29,43,51,9,45,31,32,21,11,56,17,15,39,1,14,49,22,12,61,0,58,36,35,40,27,44,57,47,4,7
56,10,51,26,18,16,61,14,25,27,40,41,5,11,48,37,17,9,24,22,54,43,35,38,47,39,63,0,4,3,1,32,57,28,23,15,60,33,55,36,30,50,2,45,49,62,53,31,13,12,34,29,21,44,19,59,52,7,20,6,8,46,58,42
11,47,2,32,23,17,1,29,63,20,27,59,9,49,33,16,46,3,52,37,4,48,56,34,15,24,26,13,39,8,0,30,7,14,21,55,50,5,18,10,60,36,53,41,62,40,31,6,42,45,28,35,22,12,58,38,44,57,43,25,51,61,19,54
25,47,39,0,15,57,6,52,37,31,51,27,60,56,30,40,11,1,19,49,46,20,42,26,34,7,5,48,32,22,33,3,28,45,10,41,13,59,18,24,35,54,50,38,44,8,9,16,4,14,12,29,53,63,21,23,36,17,61,43,62,58,55,2
49,33,60,51,19,29,37,56,35,17,14,40,3,44,7,63,16,48,31,26,41,9,22,47,52,12,38,36,1,18,4,24,0,5,30,54,34,58,15,46,61,6,21,11,39,45,25,23,27,32,13,8,28,10,43,20,62,50,2,57,42,55,53,59
58,38,40,37,63,25,35,11,29,33,34,52,28,26,48,12,10,54,57,62,43,42,27,22,6,23,20,3,31,16,4,44,9,7,61,13,45,36,5,0,32,59,49,21,24,15,53,55,17,51,56,1,47,14,60,18,50,41,19,39,46,30,2,8
34,37,32,13,19,23,6,24,49,5,33,53,36,57,46,12,35,50,54,61,38,43,25,4,56,63,48,10,21,22,44,30,31,7,59,3,58,60,40,17,18,55,62,51,28,0,26,20,16,47,45,41,27,42,29,39,52,8,9,2,15,11,14,1
42,53,59,9,25,47,43,48,33,32,37,16,45,8,57,27,22,0,15,24,44,1,11,46,56,38,62,20,3,17,54,34,36,60,23,13,35,26,6,50,39,29,21,63,5,7,28,12,52,41,58,18,31,30,10,55,4,61,19,14,51,49,40,2
46,20,62,1,49,10,63,25,32,58,56,60,14,16,52,31,51,41,42,13,7,34,54,3,45,5,59,9,12,43,26,48,15,17,36,40,8,61,29,18,22,23,55,28,38,2,50,0,6,53,19,37,27,4,39,24,30,11,57,21,33,44,47,35
42,0,18,7,57,55,1,60,49,45,27,22,34,16,35,51,2,6,12,25,21,33,59,30,4,63,17,52,62,46,10,9,39,15,29,40,61,47,56,41,53,11,24,44,31,26,13,3,50,48,54,23,14,19,38,36,58,28,43,5,32,8,37,20
15,33,43,5,16,42,56,3,41,58,6,63,50,49,2,22,10,21,14,30,36,54,20,29,37,44,35,24,39,61,12,13,55,31,38,45,48,46,1,40,59,51,60,47,17,26,4,27,19,52,7,23,34,11,28,53,18,9,32,57,25,0,8,62
38,10,55,1,52,5,31,28,3,40,20,25,21,62,44,43,60,45,24,41,30,39,8,17,59,2,29,56,14,16,58,32,12,15,4,37,57,35,63,9,46,47,19,33,18,22,23,42,50,51,11,6,0,36,27,49,48,54,61,53,26,7,34,13
14,52,1,62,43,10,37,23,47,8,54,48,38,12,17,28,7,63,60,4,42,30,13,16,21,9,2,5,19,61,59,53,41,51,45,0,27,34,55,35,46,33,15,39,29,22,11,31,58,20,44,40,32,18,6,57,50,36,25,3,26,24,49,56
48,12,57,43,60,47,13,2,22,38,5,27,26,46,42,53,61,6,44,33,49,30,23,31,24,3,1,16,55,8,51,7,41,45,63,20,54,59,34,36,14,17,11,32,18,28,15,35,40,25,37,9,19,0,21,10,4,62,39,52,50,56,29,58
10,3,15,30,40,32,4,55,6,17,0,54,46,52,37,7,9,25,38,22,36,53,11,48,56,39,18,51,12,20,61,16,35,24,29,62,60,5,21,63,45,50,19,57,42,8,27,14,23,1,26,49,13,43,34,58,41,31,47,33,59,44,2,28
22,29,23,10,21,39,2,30,19,32,5,47,37,63,56,8,7,62,57,58,54,11,46,31,38,12,26,16,59,50,6,0,41,13,27,35,34,44,1,14,60,51,17,40,43,61,42,9,24,25,15,4,49,20,28,53,18,45,33,3,36,48,55,52
34,39,1,31,49,35,52,27,6,51,44,23,18,37,12,13,56,61,4,42,38,19,8,58,2,63,48,22,11,24,53,59,47,62,15,20,9,54,30,5,25,3,41,7,33,43,10,21,17,50,29,14,26,32,55,46,40,57,45,0,28,36,60,16
15,39,0,36,9,44,22,53,42,55,31,7,12,38,50,33,30,54,26,20,61,5,19,56,63,47,32,58,57,6,37,13,46,59,29,2,40,14,43,51,48,45,1,35,25,4,28,16,11,23,21,52,3,49,17,8,27,60,62,18,24,10,34,41
47,39,60,30,50,5,19,22,48,16,7,38,51,33,42,58,49,46,2,9,23,29,28,0,44,18,31,14,56,15,52,4,59,1,37,63,17,35,36,57,55,21,43,24,3,13,62,8,45,25,11,34,40,61,54,10,27,32,6,53,26,20,41,12
4,28,15,42,52,43,34,37,3,24,33,51,27,16,8,60,11,45,19,63,53,47,21,49,1,41,35,7,30,13,38,25,18,6,54,5,55,12,62,46,14,9,29,44,0,50,40,32,2,31,58,61,56,22,10,59,48,57,20,36,23,17,26,39
3,52,25,42,56,9,29,1,11,35,49,13,59,21,62,47,14,60,24,33,46,48,51,57,15,44,6,26,19,39,4,36,28,7,27,38,18,20,37,54,40,31,58,50,53,17,16,41,63,0,23,34,61,8,2,43,32,12,30,5,45,22,55,10
12,26,61,29,34,18,16,36,5,40,22,1,49,7,56,4,21,11,8,58,24,15,39,51,9,57,3,30,55,50,35,37,43,41,27,42,14,20,45,0,25,54,28,60,44,10,17,53,48,19,38,52,13,59,46,47,62,63,6,32,33,31,2,23
44,12,63,32,13,30,2,22,1,49,11,58,6,39,28,41,9,24,53,42,33,23,15,7,62,29,51,60,10,14,55,38,19,47,3,36,31,5,16,4,34,25,61,35,46,50,20,59,48,57,52,8,17,43,37,18,26,54,0,21,27,45,40,56
18,9,17,10,44,19,2,46,23,59,47,8,58,24,14,40,15,39,22,45,3,41,1,16,35,63,5,28,26,61,36,13,12,52,55,42,56,25,6,57,21,54,4,27,29,49,32,50,30,0,60,33,37,62,20,7,48,34,53,31,51,38,43,11
43,14,48,0,23,18,41,22,44,57,50,20,39,24,35,52,31,34,5,51,13,38,9,25,3,32,1,37,21,62,63,61,28,7,4,6,58,45,15,46,56,36,10,40,8,47,33,60,27,55,42,29,26,59,11,54,19,17,12,49,30,16,2,53
40,60,56,8,10,42,4,22,61,58,5,38,44,25,46,13,55,50,52,27,54,32,48,59,7,36,30,18,41,19,39,3,16,29,47,21,17,1,0,14,35,62,33,26,20,12,24,34,49,28,43,11,15,6,2,31,9,57,63,51,45,53,37,23
31,29,60,56,52,21,42,61,57,47,58,33,15,18,62,27,12,54,63,44,13,41,7,24,1,50,20,8,55,9,46,2,35,40,23,28,34,26,36,0,32,48,43,6,19,30,4,17,38,11,59,25,3,5,45,37,22,53,10,51,49,14,16,39
56,62,8,10,14,6,52,57,17,46,16,33,30,5,27,21,55,0,11,37,18,41,9,45,60,58,3,4,63,38,12,61,42,25,15,28,39,22,48,59,44,29,26,20,2,32,50,13,35,53,47,1,34,19,54,49,31,40,36,24,7,43,23,51
22,55,52,21,34,62,25,49,45,32,38,14,15,30,37,42,50,46,44,8,9,59,47,4,20,39,24,33,63,1,5,11,19,56,51,12,3,2,13,41,53,18,43,10,7,54,40,6,0,23,60,61,27,48,57,26,28,58,17,31,35,36,29,16
2,57,53,38,17,50,61,27,33,3,23,45,12,0,28,30,54,55,15,42,20,44,51,13,7,21,9,35,41,62,43,32,29,5,59,37,36,19,14,4,31,46,63,47,34,8,58,24,6,18,39,52,25,40,16,1,60,10,11,26,22,49,56,48
54,56,58,40,51,22,39,50,0,52,19,44,2,38,60,36,17,43,32,20,15,49,28,47,12,30,46,13,59,11,33,1,62,27,29,53,42,23,34,5,48,14,63,45,61,10,25,26,24,57,55,4,3,7,9,6,37,41,21,8,16,35,31,18
60,11,59,58,15,41,1,56,35,36,28,50,0,14,2,8,20,62,46,29,53,47,52,12,44,7,45,23,31,3,19,21,22,51,9,55,26,25,63,27,13,17,16,32,61,49,4,6,43,57,18,40,42,54,39,10,5,33,24,34,37,48,38,30
13,52,42,10,6,7,2,20,58,3,5,47,17,31,16,27,23,14,19,34,61,33,60,35,22,57,62,12,32,63,11,48,40,15,26,36,37,24,9,30,21,56,46,38,54,4,45,18,1,53,49,51,25,41,44,59,55,8,39,28,43,0,50,29
24,20,40,2,51,36,33,8,31,53,61,43,32,21,38,55,15,4,50,63,42,16,14,25,46,60,56,34,57,19,17,11,58,35,18,54,9,0,6,28,1,62,22,59,12,37,7,47,44,39,48,26,30,3,13,45,10,23,52,49,27,5,41,29
7,59,45,44,4,1,0,25,8,10,37,35,24,39,38,13,29,62,46,12,18,26,11,43,23,28,54,52,14,5,16,41,50,34,17,32,19,20,51,55,53,3,36,40,30,6,31,27,58,63,49,60,21,47,61,48,33,2,15,56,57,42,22,9
51,11,36,9,18,7,40,50,4,23,48,1,22,61,8,47,26,49,27,63,54,30,2,15,43,34,16,56,3,21,17,32,58,28,24,6,60,13,31,44,12,35,57,20,42,39,37,25,62,52,41,29,46,14,0,38,55,5,59,53,10,19,45,33
51,2,8,62,4,1,20,56,39,25,30,53,9,49,57,45,31,12,15,32,24,54,55,19,16,3,46,33,61,44,18,23,50,40,13,7,29,27,41,35,42,48,43,14,22,47,63,5,6,21,26,10,17,38,52,34,11,0,36,37,28,59,60,58
30,24,60,12,57,48,42,11,54,26,22,34,16,2,46,31,8,5,39,38,61,0,9,40,51,25,52,27,44,6,28,14,56,41,3,49,47,33,10,62,29,1,13,45,35,50,21,15,4,36,43,19,58,55,7,59,37,63,18,32,20,23,17,53
15,50,63,26,52,24,29,22,49,23,53,36,32,37,40,8,7,4,5,18,46,1,34,11,3,10,47,44,62,12,57,33,39,42,6,60,2,38,0,17,48,30,16,31,56,9,14,59,20,45,51,21,25,35,58,28,54,43,61,55,27,19,41,13
57,59,45,53,39,0,37,27,3,63,10,9,41,46,31,2,12,54,34,47,58,26,60,29,40,18,7,14,5,16,36,8,20,43,35,6,52,38,62,11,22,19,50,1,4,21,30,17,61,55,13,25,42,24,44,28,33,32,15,49,56,51,48,23
50,56,46,22,4,36,14,2,54,40,28,52,19,5,23,33,34,29,43,63,44,20,47,55,12,17,57,37,6,53,8,42,9,49,59,10,39,35,30,60,58,48,31,3,32,27,15,25,11,38,21,7,51,1,26,16,13,24,45,62,18,0,41,61
57,29,8,3,7,21,27,36,47,17,25,46,30,42,63,31,45,39,24,37,61,35,48,60,41,5,62,33,16,12,43,15,55,13,38,40,14,6,23,2,26,50,59,22,10,32,18,34,49,20,19,4,53,56,9,54,28,0,58,51,11,1,52,44
51,59,12,53,7,29,19,54,45,41,31,23,62,49,28,33,6,35,42,43,30,50,46,1,56,63,25,10,8,13,9,38,11,14,48,44,5,55,15,39,27,37,52,47,4,60,16,0,26,57,36,61,18,40,3,58,24,34,22,2,32,17,20,21
8,50,58,9,0,33,34,60,47,2,27,29,46,28,61,15,4,48,7,62,38,37,21,35,44,53,32,13,10,14,20,17,41,45,54,5,55,42,43,22,16,52,56,11,57,51,39,59,1,26,23,63,36,3,6,40,30,49,12,19,31,25,18,24
23,12,43,61,35,60,6,22,56,13,62,10,16,59,39,32,33,7,52,20,51,9,57,44,29,34,45,30,63,38,42,40,47,1,49,24,15,58,50,41,4,5,26,25,2,18,37,28,36,0,48,21,55,46,14,19,3,27,53,54,17,8,11,31
1,35,28,30,42,33,13,59,15,29,38,62,61,17,50,45,8,43,32,46,36,49,22,2,60,52,31,39,14,5,41,34,56,11,26,12,21,9,23,40,18,47,19,20,54,7,27,10,44,58,24,25,37,6,57,4,48,63,16,0,55,53,3,51
22,10,37,3,42,2,26,29,39,28,44,14,13,61,60,12,8,34,52,4,53,63,51,59,47,5,54,1,30,27,50,23,56,24,6,58,43,15,49,45,55,33,62,18,9,25,21,40,7,41,11,20,38,36,32,19,35,57,16,0,17,48,46,31
26,52,29,12,32,39,17,0,59,9,61,4,11,48,40,54,16,58,8,7,28,55,38,37,47,41,57,18,33,19,2,50,25,51,23,14,5,20,45,24,13,62,60,63,30,10,46,36,15,1,53,35,34,42,3,43,6,44,31,56,22,49,27,21
25,26,41,55,1,46,43,10,13,20,27,47,30,39,31,6,49,21,45,5,34,37,38,57,14,42,40,11,50,44,12,32,2,53,60,15,63,23,18,9,62,29,3,51,28,8,22,17,35,4,16,36,56,52,48,24,58,54,7,33,0,61,59,19
8,36,31,47,12,14,13,40,28,10,58,5,61,44,25,50,55,32,3,57,60,20,38,46,22,56,45,15,33,39,24,30,4,18,6,37,11,19,54,34,62,27,53,7,9,0,52,42,2,16,43,17,1,41,59,35,63,51,48,23,49,29,21,26
56,42,57,16,19,7,39,44,29,36,45,28,0,62,38,59,17,50,63,34,51,13,27,4,43,24,55,35,49,52,3,5,2,14,37,11,58,1,26,25,47,32,60,61,48,41,6,10,30,21,33,9,53,8,15,18,22,31,12,23,46,40,54,20
60,5,54,7,53,32,58,22,33,36,29,27,59,14,11,39,61,15,46,24,37,43,57,12,17,31,9,19,63,48,26,1,55,2,42,28,16,10,6,18,23,3,35,30,52,45,38,25,44,62,8,41,47,20,51,49,34,56,40,21,13,50,0,4
34,39,21,0,59,32,3,19,30,12,16,46,9,2,56,42,38,13,5,18,15,31,17,45,57,41,48,14,40,27,23,63,58,25,55,49,62,35,43,11,44,33,47,61,54,29,26,6,20,37,53,60,51,4,24,1,8,22,50,10,36,28,52,7
6,45,12,23,8,13,17,47,14,24,36,42,43,55,49,34,40,38,25,28,11,51,44,37,31,58,46,57,32,10,39,16,19,63,4,22,2,53,15,60,5,48,26,56,35,21,27,59,9,61,29,62,18,30,0,20,50,1,33,52,7,54,41,3
30,41,42,43,32,54,8,31,38,48,59,25,10,51,34,3,39,19,5,13,62,45,11,24,50,27,52,55,29,7,33,44,61,60,1,40,56,26,58,0,14,16,17,53,35,20,57,49,12,6,21,15,63,36,2,22,4,23,28,47,46,18,9,37
26,56,47,18,16,8,46,12,27,13,45,53,57,14,24,44,48,50,6,5,7,2,35,17,15,1,59,39,3,32,23,61,10,29,40,54,9,22,25,41,11,20,31,58,51,34,43,52,4,60,21,55,37,0,28,38,62,63,36,19,33,49,30,42
41,23,35,19,63,61,14,25,20,30,6,54,10,15,40,4,51,33,37,7,62,55,47,38,59,50,11,31,32,22,0,27,8,36,57,13,42,39,21,2,34,52,44,43,48,28,29,9,60,1,58,5,24,49,56,17,46,45,18,26,12,16,3,53
42,2,14,37,8,63,39,21,19,54,50,33,7,28,4,12,29,11,44,59,15,24,53,57,0,1,43,13,23,48,3,46,55,62,35,34,52,17,30,32,40,49,25,61,10,20,26,6,27,22,51,47,16,9,18,36,58,60,56,38,31,5,41,45
52,49,8,5,36,20,35,14,63,54,38,9,15,18,26,39,51,30,0,3,25,22,21,48,17,58,24,59,13,10,57,4,43,6,42,37,29,56,27,32,16,33,46,1,47,31,23,61,53,40,45,11,12,28,44,41,34,7,55,19,50,62,2,60
29,35,48,2,16,22,3,30,13,43,39,14,9,26,19,17,38,21,20,40,46,4,62,60,59,27,5,15,25,63,45,57,10,51,37,18,12,52,47,42,11,53,32,28,0,7,34,49,55,1,50,44,41,56,8,6,61,31,33,58,24,23,36,54
51,53,55,8,31,5,2,36,50,39,18,30,1,22,61,56,11,33,43,35,10,32,57,28,0,46,47,60,48,19,25,59,38,15,44,58,29,41,17,52,23,54,12,14,7,24,63,16,20,37,62,40,3,9,45,26,13,6,49,21,42,4,34,27
40,13,52,53,62,50,9,41,51,32,19,59,7,47,12,10,18,11,34,36,46,39,17,37,15,56,49,42,44,30,26,4,58,3,27,24,8,0,33,25,35,60,48,14,23,38,2,57,43,61,54,21,20,16,6,31,63,5,28,22,55,1,29,45
50,6,31,62,42,28,0,37,9,39,48,8,25,24,29,15,33,20,30,13,53,22,12,56,55,51,2,19,44,3,47,38,41,32,14,16,35,45,17,43,40,60,11,1,27,54,59,5,21,63,4,26,58,46,10,57,7,49,36,52,23,18,61,34
44,34,56,2,59,7,11,36,29,60,61,38,47,21,58,45,46,42,19,33,27,26,9,31,63,12,15,35,48,25,52,57,53,16,13,3,40,24,14,23,8,10,49,4,30,28,22,0,43,39,6,37,1,17,51,18,20,5,50,41,55,54,62,32
24,18,6,33,51,44,35,48,7,3,13,56,57,8,58,47,39,19,2,10,20,30,16,27,42,63,43,31,60,28,12,55,32,36,46,26,11,14,41,4,38,29,45,17,53,0,21,9,34,62,54,5,52,25,23,1,59,40,50,37,15,61,49,22
49,31,7,28,46,30,55,56,15,21,29,34,44,50,5,2,43,17,32,54,53,36,52,58,33,3,45,20,16,13,9,10,8,48,51,60,6,25,61,4,37,62,40,47,14,57,26,19,12,23,59,22,38,41,24,42,27,39,63,1,18,11,0,35
45,5,50,30,7,36,15,4,34,11,26,35,47,56,25,59,27,21,22,51,23,28,63,49,6,52,39,16,44,61,2,12,17,29,8,54,40,55,42,37,0,46,62,3,14,9,41,19,24,32,58,20,1,43,57,31,48,38,53,13,18,60,33,10
26,57,18,39,7,13,52,56,62,37,14,28,61,44,58,48,17,36,9,34,35,19,43,63,20,51,12,3,41,60,27,15,21,8,23,49,6,47,30,24,1,54,22,4,32,42,33,5,31,40,53,10,38,0,59,11,50,55,29,45,25,2,16,46
63,59,0,3,22,55,2,38,20,27,21,30,62,24,39,5,19,29,53,43,13,7,31,60,42,34,10,44,54,46,52,17,15,4,28,36,51,49,6,35,16,12,9,45,61,41,58,14,8,40,26,18,11,25,23,48,33,56,32,57,1,47,37,50
32,18,10,20,6,31,4,58,27,11,41,42,28,24,59,50,26,23,40,21,25,36,61,2,38,55,0,33,19,9,56,62,39,8,54,3,16,1,46,43,52,34,14,63,35,37,45,17,48,44,22,13,47,60,51,49,30,29,7,57,15,53,5,12
13,27,30,54,21,52,16,14,19,34,37,1,39,55,11,5,33,48,6,26,50,18,28,7,41,2,53,47,20,51,25,40,35,56,43,61,63,15,10,60,42,0,4,24,12,44,49,32,29,62,46,3,23,22,45,17,9,59,36,58,31,57,38,8
60,40,38,51,32,54,12,63,31,6,56,5,42,9,49,48,2,41,7,0,29,52,22,53,39,25,11,34,36,45,15,59,61,43,14,3,27,16,26,4,35,33,19,1,24,46,20,17,30,47,55,62,44,37,21,57,23,50,18,8,13,10,28,58
1,42,58,49,26,47,55,37,11,21,53,16,3,17,50,46,4,61,18,43,34,27,13,9,48,6,52,20,23,56,25,12,22,8,44,14,63,5,57,24,29,39,51,33,41,38,30,45,60,40,62,36,2,32,15,0,31,35,7,54,59,10,19,28
61,10,39,56,11,54,40,22,43,19,44,1,31,16,4,36,45,46,28,14,30,18,21,51,59,50,20,23,17,58,42,2,35,38,57,37,13,52,63,53,33,26,7,0,5,49,24,15,55,27,3,25,48,62,32,60,29,34,12,47,8,41,6,9
0,58,22,40,32,27,3,30,48,29,5,4,54,61,55,41,26,13,11,51,37,35,53,59,52,63,6,39,43,38,33,7,44,34,31,18,28,9,50,47,60,10,16,36,15,42,17,45,25,1,20,24,12,49,2,14,21,19,23,8,46,62,57,56
12,3,42,1,52,36,35,58,45,43,55,21,38,40,61,54,39,20,4,11,18,29,23,31,32,2,41,14,59,27,15,26,51,56,19,9,62,33,10,5,16,47,24,34,46,6,17,22,28,50,57,37,7,0,53,13,44,30,48,60,25,8,63,49
47,7,27,5,49,14,56,48,57,37,23,25,22,35,45,61,44,58,60,1,34,32,33,12,39,51,3,13,18,15,28,38,24,63,17,16,29,20,54,10,53,0,52,9,11,43,19,30,42,50,26,41,62,46,40,2,59,8,55,21,36,31,6,4
33,30,48,38,10,31,4,29,60,51,24,3,17,35,15,59,0,7,54,58,22,18,63,20,61,43,49,5,2,62,12,21,56,36,45,26,37,40,44,47,42,41,8,50,14,1,11,19,9,25,46,28,23,34,16,55,32,13,57,27,39,6,52,53
27,31,14,0,34,25,12,36,48,32,50,1,13,3,49,10,52,11,46,8,24,53,41,35,37,58,59,19,28,45,17,26,6,55,47,23,44,39,2,15,29,63,22,40,5,20,60,21,56,51,61,9,7,4,18,16,57,30,42,62,33,54,38,43
26,15,49,14,55,42,32,54,9,24,1,25,19,40,31,7,27,51,18,33,39,37,63,13,11,35,41,34,16,10,38,28,21,20,4,36,50,6,61,29,30,8,43,53,57,48,62,60,12,46,59,23,17,3,56,44,52,2,58,45,47,0,22,5
29,22,39,1,49,20,34,10,28,7,41,43,45,40,47,5,0,61,35,52,44,54,31,26,60,12,21,38,30,11,6,63,13,15,37,23,55,33,62,2,46,14,42,25,3,4,9,53,17,59,32,58,19,27,36,50,16,18,51,57,48,56,8,24
27,59,7,58,10,16,61,2,3,6,13,23,45,51,22,5,41,50,33,0,14,4,24,39,53,43,60,36,55,20,32,1,17,26,52,11,48,35,49,30,28,19,57,25,62,21,9,44,56,31,18,54,46,40,15,8,38,42,34,47,12,63,37,29
54,40,55,63,18,13,27,43,19,41,53,57,62,50,9,21,15,48,12,45,0,56,17,42,51,1,14,11,39,31,33,6,58,29,4,44,7,3,16,20,10,32,2,25,36,8,22,34,28,23,52,47,38,24,5,37,35,30,49,46,26,61,60,59
13,30,17,0,48,18,36,19,22,7,42,20,6,40,58,11,26,59,8,41,29,50,9,27,37,49,4,57,56,53,25,51,12,39,31,5,60,2,63,38,3,32,21,15,24,1,34,54,45,33,52,62,16,14,47,55,35,10,46,61,43,44,28,23
10,2,27,22,4,44,35,62,60,11,15,25,54,34,38,16,51,3,13,6,50,36,21,1,63,24,18,56,59,53,58,55,37,26,61,23,30,46,40,57,5,31,9,48,52,43,42,33,14,20,47,45,7,41,19,8,17,28,12,32,29,49,0,39
55,57,18,36,28,46,32,58,4,25,1,11,16,15,23,21,34,14,53,10,27,13,41,30,54,2,17,35,49,47,56,44,20,60,3,6,9,48,37,62,33,5,29,0,38,63,52,61,43,50,40,51,26,42,22,39,19,31,45,59,24,12,7,8
42,5,22,2,40,31,19,50,61,35,62,12,9,23,41,14,0,32,38,11,39,30,37,33,26,58,25,1,8,4,15,54,44,3,53,6,63,60,7,52,57,47,59,56,21,48,27,45,55,28,36,29,24,13,16,10,49,17,20,43,46,34,18,51
2,17,50,34,1,57,63,18,55,53,7,22,31,5,52,33,51,42,62,59,24,32,14,58,6,43,47,54,0,37,16,9,28,39,44,10,4,49,19,41,12,30,11,13,26,38,8,61,3,15,36,56,20,46,48,27,23,45,25,21,35,40,60,29
60,49,61,51,21,58,25,41,32,38,9,54,63,29,20,62,22,15,36,7,1,5,14,44,37,57,31,8,34,0,47,2,28,40,23,11,10,39,18,45,55,42,33,13,46,24,52,6,30,4,43,19,16,53,35,17,56,26,12,27,48,3,50,59
45,0,48,22,43,54,52,61,40,38,15,17,42,41,19,25,39,10,31,59,34,46,14,18,30,28,24,4,21,47,63,7,12,53,50,5,58,11,36,16,3,8,60,20,6,51,33,9,37,29,27,1,57,44,32,13,26,23,56,2,55,49,35,62
32,12,0,52,61,49,19,48,58,50,46,11,60,26,43,59,45,34,57,40,36,30,47,9,24,28,27,42,44,5,62,2,18,51,41,14,56,13,54,55,21,23,22,63,31,33,39,53,8,35,17,16,10,3,7,38,6,15,4,20,37,29,25,1
36,16,33,2,18,56,3,47,37,9,24,11,45,61,28,26,1,55,53,44,7,40,20,48,51,59,54,8,41,23,60,43,0,10,27,38,15,39,21,63,49,62,29,30,52,32,31,25,4,19,34,12,6,13,17,22,35,14,46,57,42,50,5,58
59,48,44,4,50,63,0,29,10,56,9,62,47,31,7,22,25,13,1,61,30,12,58,20,27,28,55,54,36,57,32,17,42,34,16,33,23,45,3,49,51,39,18,21,40,8,14,53,52,5,46,19,43,26,35,60,37,2,11,6,24,41,38,15
14,12,22,10,27,40,34,35,56,53,7,36,0,45,8,11,50,3,55,26,62,41,59,54,1,52,57,16,48,19,20,44,21,60,46,30,23,31,37,29,33,5,28,4,61,9,2,51,32,17,6,18,13,38,39,63,24,58,42,49,47,43,15,25
51,0,24,20,33,27,40,50,25,5,56,55,37,14,4,1,15,57,59,28,6,7,12,53,61,32,39,3,63,52,34,30,43,19,45,38,48,47,58,54,26,13,8,42,16,62,60,36,46,35,18,23,21,41,10,29,49,31,11,22,9,2,17,44
58,53,55,8,21,6,49,16,59,34,9,40,5,10,44,50,14,24,37,32,1,31,39,60,17,29,42,15,30,61,46,23,26,48,52,22,20,25,13,47,63,57,28,38,4,36,12,7,19,18,43,56,45,0,2,62,33,11,51,27,3,41,35,54
29,48,35,30,62,43,7,9,26,54,56,31,13,47,61,8,32,59,55,42,3,25,52,50,34,45,60,40,22,53,39,11,15,1,37,20,24,0,23,46,18,27,58,28,57,6,10,41,63,4,21,38,51,14,33,19,17,2,12,49,44,16,5,36
33,18,5,25,62,48,34,38,11,43,22,53,2,23,41,58,55,20,29,35,49,46,30,13,1,51,57,6,61,59,42,12,4,17,15,39,9,37,47,56,14,60,52,16,54,45,26,44,31,7,32,3,19,36,10,28,40,27,0,63,8,50,21,24
20,4,47,28,49,7,27,18,14,1,53,63,13,43,3,50,17,0,21,61,48,12,56,58,35,52,10,42,59,26,46,25,33,23,38,51,44,55,32,31,54,19,62,24,16,2,8,45,22,41,29,39,6,5,37,11,60,9,34,30,15,36,40,57
14,1,21,56,7,25,8,47,55,11,2,49,35,45,39,10,59,28,0,50,30,48,57,32,46,62,36,6,26,19,51,29,31,43,15,34,37,13,53,41,4,33,22,38,54,61,27,5,60,42,58,9,63,16,24,40,12,44,20,52,17,23,3,18
27,34,55,47,46,48,29,6,28,41,16,24,9,22,36,32,59,12,42,11,62,5,58,44,40,50,20,19,35,39,60,3,51,2,26,17,37,33,4,0,7,54,25,61,49,18,31,14,8,43,57,30,53,21,1,38,56,13,10,63,52,23,15,45
21,8,31,40,1,35,30,23,63,15,46,11,51,29,45,12,24,14,55,16,44,47,54,27,20,28,52,49,37,62,36,59,18,61,25,33,0,53,2,57,10,32,7,60,58,19,50,38,48,3,42,13,41,5,34,22,56,43,6,17,26,4,9,39
9,39,50,29,30,53,28,10,2,1,4,3,19,57,51,45,60,55,21,24,37,44,11,46,40,12,48,7,26,27,16,8,32,41,38,15,31,18,61,52,20,63,22,17,5,33,58,49,0,43,25,56,14,35,34,62,54,36,42,13,6,59,47,23
45,11,44,22,15,23,41,26,20,34,13,1,61,31,56,7,4,14,0,16,40,28,60,21,32,36,47,46,59,6,62,63,19,30,48,38,35,9,8,58,29,54,50,10,12,55,5,24,17,42,2,27,39,37,3,53,25,33,52,51,43,18,57,49
33,43,21,58,8,53,10,30,14,12,28,9,27,32,55,18,7,2,17,54,24,3,25,5,0,49,57,16,59,37,63,44,47,40,31,29,6,13,4,61,1,38,39,23,51,45,26,60,34,41,48,52,22,11,62,36,42,56,20,46,19,50,15,35
59,4,25,47,52,22,42,41,13,45,39,0,2,57,24,20,14,3,21,32,28,31,16,27,62,30,43,23,37,55,5,34,11,61,63,36,15,44,17,38,53,9,12,46,7,18,29,48,60,6,33,35,49,26,8,40,56,10,19,51,58,1,54,50
28,26,42,46,55,9,18,59,48,27,13,8,52,31,35,21,2,19,23,45,56,1,7,39,57,5,53,14,43,33,6,30,24,63,47,51,29,0,32,12,17,4,54,11,20,49,34,15,61,16,22,44,60,62,58,25,50,10,3,38,36,40,41,37
24,46,51,28,17,52,11,3,21,55,54,38,23,41,19,48,59,25,20,53,8,18,61,5,57,42,1,30,37,34,39,33,35,10,36,15,40,26,63,12,6,49,14,13,4,9,22,62,58,0,45,44,27,7,31,16,60,2,47,29,56,43,32,50
45,58,46,4,11,20,9,31,56,10,51,24,42,44,41,34,49,1,22,5,57,63,36,28,21,2,25,60,23,15,13,26,3,8,18,52,39,40,54,33,43,19,0,38,17,30,61,48,29,7,50,47,27,62,37,35,12,32,14,55,16,6,59,53
16,22,31,25,6,62,17,60,53,46,9,19,2,0,24,1,30,12,48,32,61,27,56,39,20,28,63,7,49,40,45,10,47,42,38,23,4,54,21,51,36,50,44,57,41,55,18,11,13,43,3,26,8,37,15,35,34,5,52,58,29,14,33,59
32,41,18,3,34,5,6,0,36,21,9,42,33,14,17,26,35,50,55,30,11,7,31,27,43,51,15,20,46,62,60,39,4,29,24,1,45,52,25,58,54,61,59,2,63,57,22,23,48,53,49,13,16,56,10,28,38,12,8,47,44,19,37,40
54,56,60,3,62,22,12,40,9,2,25,8,21,51,38,30,7,44,31,55,43,50,57,16,63,45,24,47,32,28,1,4,52,29,0,26,58,34,13,39,48,46,41,37,5,35,14,11,18,17,20,53,19,23,27,36,33,6,15,10,59,42,49,61
62,12,7,49,16,35,48,47,6,38,54,0,24,13,19,42,43,52,27,40,46,21,1,57,4,14,37,50,51,44,61,2,60,53,28,34,45,11,63,39,17,23,30,59,25,3,29,20,9,8,10,55,36,31,58,41,32,22,15,18,56,5,33,26
6,48,7,9,32,63,13,59,51,47,58,31,60,19,45,46,34,50,25,14,49,61,52,40,39,29,26,8,54,17,62,37,11,44,10,56,30,4,36,24,3,57,18,0,22,1,53,20,41,55,12,43,28,21,2,5,23,27,15,35,42,33,16,38
48,19,6,3,51,40,35,44,52,7,9,39,34,18,22,38,5,21,27,15,58,0,1,10,2,61,56,24,16,12,29,43,17,32,26,49,60,63,14,59,23,20,41,31,37,62,53,36,46,45,8,50,28,55,57,13,25,11,47,4,33,42,30,54
49,60,52,3,47,35,54,13,31,27,17,37,57,41,22,6,7,48,19,9,40,28,59,36,56,26,14,39,29,25,5,43,11,12,33,58,16,21,45,4,46,42,2,1,44,15,53,8,63,34,50,23,30,24,51,55,38,10,18,32,20,0,62,61
20,36,14,3,22,61,10,2,53,28,58,18,30,59,7,33,17,56,48,27,63,12,57,46,29,11,62,41,54,23,5,25,9,43,15,42,60,13,55,6,44,38,40,45,35,0,50,26,24,8,4,21,19,32,34,51,31,39,47,37,52,49,16,1
13,52,6,61,25,38,63,42,36,15,44,24,47,21,33,55,57,23,11,14,7,28,17,26,3,50,39,49,8,1,37,58,34,22,31,30,5,0,40,53,29,19,41,12,2,62,59,18,43,35,10,16,60,27,20,46,32,9,54,51,48,45,56,4
20,63,52,35,30,40,3,9,14,38,48,13,56,22,42,15,36,37,47,33,43,32,49,16,34,58,59,19,57,21,11,26,60,45,17,12,29,61,39,55,10,31,53,54,2,51,4,24,23,62,25,0,41,5,44,7,28,46,27,1,50,8,18,6
16,21,42,5,24,39,54,53,6,59,41,57,55,48,47,52,40,36,15,46,28,62,49,31,9,30,45,0,38,8,3,20,34,2,35,4,12,63,22,23,25,10,19,26,56,61,58,50,37,44,17,32,27,60,14,11,13,51,1,7,33,43,29,18
33,7,60,41,61,18,17,4,53,2,11,13,25,3,46,5,0,39,1,23,16,30,15,10,62,57,56,28,51,55,26,36,50,59,29,42,58,31,43,63,32,19,21,37,47,40,49,44,12,22,45,48,9,52,8,54,14,27,38,34,24,6,35,20
15,37,22,34,10,8,12,24,0,25,56,28,9,19,60,40,30,58,46,18,44,45,7,57,52,49,53,3,21,6,32,42,43,27,48,5,54,51,38,47,17,61,50,4,11,23,39,41,35,36,14,29,59,63,26,31,13,62,16,2,33,20,1,55
46,23,62,28,9,22,27,63,0,54,53,45,6,30,57,60,14,59,17,21,42,36,3,38,26,37,1,4,58,25,39,29,13,61,44,12,31,55,49,56,8,24,43,20,41,7,19,15,51,11,5,18,52,34,10,32,16,48,2,50,47,40,35,33
17,58,7,19,47,13,52,24,55,20,51,44,38,27,18,10,61,4,36,33,15,6,29,43,22,25,56,39,0,26,11,54,3,42,57,32,49,35,53,62,60,9,34,48,31,30,50,2,5,16,8,28,21,12,46,63,1,14,40,45,23,37,59,41
3,4,6,14,40,37,11,35,59,57,58,30,28,5,63,9,53,25,26,8,2,49,13,19,61,51,20,24,15,56,1,48,22,7,54,38,36,44,52,27,29,18,39,42,12,46,62,16,60,17,41,23,32,21,34,33,0,55,50,31,47,45,10,43
6,15,18,21,36,32,44,8,50,63,54,47,49,11,12,62,37,7,55,38,53,35,24,51,23,14,17,30,39,27,45,3,13,19,22,1,5,28,52,59,56,60,10,31,2,4,61,46,43,57,25,16,20,26,42,9,29,0,33,41,48,34,58,40
26,63,36,44,55,22,62,21,17,41,31,30,15,42,35,47,54,14,51,3,38,11,2,39,48,6,33,13,58,50,40,45,49,18,46,43,61,60,9,7,8,0,20,29,19,16,23,27,12,52,57,32,28,34,37,53,5,1,10,24,25,59,4,56
34,36,55,26,5,62,61,30,27,7,46,41,25,56,24,1,45,12,3,23,38,33,9,57,50,17,59,14,53,4,37,39,43,21,31,35,51,20,48,32,44,52,40,60,29,19,0,22,10,28,42,47,18,63,2,16,13,58,54,8,6,15,11,49
19,10,26,0,49,30,37,16,36,33,48,20,61,13,8,14,40,5,23,6,17,46,29,2,54,31,62,7,42,55,60,50,57,41,27,32,52,47,39,21,53,3,56,18,45,12,1,44,38,34,63,51,59,58,25,9,24,35,43,28,15,4,11,22
46,56,45,20,40,43,37,51,17,31,42,23,55,13,11,5,12,38,29,1,28,22,53,0,54,61,57,59,24,6,15,30,50,63,41,21,26,18,10,4,44,32,47,62,48,9,35,3,52,49,33,16,2,27,36,60,25,8,7,39,14,19,58,34
25,55,62,27,14,11,28,59,22,26,15,9,46,37,23,7,6,47,10,13,63,17,43,34,40,8,44,19,49,30,0,48,16,2,1,36,38,42,29,54,39,56,24,53,32,3,58,18,60,61,41,45,5,31,33,52,57,21,12,51,4,20,50,35
26,17,21,11,19,14,32,47,33,1,55,43,61,50,30,41,42,2,25,51,12,34,54,0,22,29,39,7,31,62,53,4,49,38,13,60,57,10,8,20,63,52,44,24,16,23,58,37,9,27,56,5,59,46,15,48,40,3,45,36,18,28,35,6
9,42,2,57,36,15,43,52,24,34,35,58,32,61,25,10,48,60,38,54,16,41,51,29,20,30,45,47,19,18,8,22,40,33,5,14,44,55,17,13,7,21,31,53,63,59,4,39,50,27,49,1,62,11,37,0,23,12,46,56,28,3,6,26
54,21,43,59,42,5,36,34,46,58,12,23,10,55,16,22,1,28,62,38,35,63,3,19,17,47,53,24,11,39,13,8,51,44,31,56,37,25,45,52,15,29,30,4,49,32,61,60,9,50,0,48,40,14,2,41,18,6,27,7,20,26,57,33
63,51,61,36,2,1,42,49,17,33,9,5,52,11,46,26,39,38,41,22,7,3,12,24,8,27,34,28,53,60,47,21,4,37,62,35,45,25,59,50,29,13,10,40,54,18,57,20,32,31,44,15,58,0,16,30,23,14,55,56,6,43,48,19
50,27,17,40,21,46,44,0,3,45,58,6,61,13,54,63,42,51,36,48,60,31,11,30,2,23,16,59,53,34,26,14,19,29,38,10,62,43,49,32,1,7,24,47,25,4,8,52,33,28,5,35,39,41,15,12,57,55,56,37,20,9,22,18
57,32,13,55,3,44,17,35,30,38,37,16,11,7,41,23,6,58,28,60,31,8,56,49,26,48,15,1,59,19,12,21,24,34,47,45,4,5,53,63,40,33,2,9,39,50,51,36,61,29,20,22,54,42,52,43,27,62,10,0,46,14,25,18
62,48,22,32,29,25,50,16,36,35,43,44,42,41,7,15,59,52,40,26,33,19,27,10,38,3,13,4,58,11,57,45,56,18,2,1,49,54,47,55,12,37,60,6,21,0,51,61,23,28,14,20,31,39,8,9,34,63,24,17,46,53,5,30
7,51,47,26,41,31,59,56,44,35,55,29,63,15,1,8,23,49,48,27,58,3,60,12,30,0,54,53,62,46,61,18,17,37,24,36,33,13,43,9,28,5,40,34,38,4,16,11,50,14,32,25,45,42,21,22,39,20,57,10,6,2,19,52
30,48,55,6,24,41,14,59,47,54,36,58,62,63,50,16,57,56,33,44,37,21,15,46,12,39,51,9,0,53,38,61,35,13,10,43,8,49,4,7,42,19,2,23,3,27,52,22,60,18,5,26,34,20,28,11,40,32,1,29,45,17,31,25
43,2,62,3,5,29,4,14,28,46,11,27,17,33,56,25,57,6,1,0,32,7,48,63,61,44,60,40,55,41,53,20,22,19,16,36,10,58,38,31,23,42,35,39,45,50,47,51,52,26,8,9,15,59,49,18,37,21,13,30,24,54,34,12
10,56,25,46,44,54,26,4,30,0,7,57,62,22,1,32,39,49,11,47,59,17,38,8,9,51,2,40,43,58,12,52,13,23,42,27,48,33,31,15,5,6,35,61,60,18,29,24,14,36,21,63,20,45,19,37,28,34,41,53,16,50,3,55
14,55,43,60,22,38,7,29,47,53,62,37,59,54,10,33,2,21,17,19,50,12,48,30,28,35,1,3,56,25,26,15,23,11,58,27,36,9,57,46,16,61,18,63,44,49,42,4,40,41,39,52,51,24,31,34,5,45,20,32,6,8,13,0
39,9,54,16,21,25,55,6,3,37,5,7,53,50,23,49,8,60,10,48,27,35,14,22,2,4,46,26,58,43,31,29,51,19,15,41,56,61,40,28,13,33,63,17,47,59,1,0,42,38,34,24,12,32,52,20,11,18,62,30,44,45,57,36
18,46,34,19,56,52,49,2,35,5,15,42,51,37,13,44,36,33,57,53,1,58,39,30,16,63,11,40,3,50,48,47,41,31,7,14,27,32,20,25,59,55,54,8,29,24,17,21,9,38,60,61,12,28,23,45,10,22,4,43,26,6,62,0
12,51,32,42,46,62,35,47,15,18,37,16,27,48,38,4,59,0,56,55,6,8,22,9,24,29,57,17,54,5,45,63,7,1,36,11,39,40,28,10,43,33,2,14,19,58,60,44,3,53,52,30,41,49,23,26,34,25,50,61,13,21,31,20
8,63,44,22,18,41,6,39,59,5,45,27,3,1,48,60,9,30,15,29,37,32,49,17,16,42,38,10,54,24,33,2,62,35,20,7,56,52,23,53,47,36,14,55,4,26,13,50,40,57,25,34,21,11,58,19,28,12,31,43,51,46,61,0
22,16,8,36,11,33,58,37,19,63,32,9,26,6,2,47,27,29,60,43,54,39,25,57,40,52,13,24,61,35,4,0,15,51,23,7,28,59,53,10,48,55,1,44,38,18,49,17,5,56,20,31,46,62,34,45,30,41,14,12,42,50,3,21
8,33,54,60,39,18,25,28,20,49,43,30,59,27,44,31,22,63,55,4,3,9,53,26,42,51,40,32,5,14,47,36,2,41,48,12,34,35,16,37,13,15,11,46,19,62,38,21,0,23,45,52,17,58,6,10,29,24,7,61,57,50,1,56
1,38,43,57,51,45,17,48,63,16,9,40,6,32,34,31,4,58,12,50,26,14,20,56,47,46,39,18,8,62,59,13,11,7,23,15,30,60,3,21,33,53,42,29,27,24,52,44,22,49,10,55,61,36,5,19,54,25,2,28,35,41,37,0
11,57,16,48,13,5,9,27,56,62,10,53,41,40,52,34,35,1,60,3,17,20,36,18,8,63,19,25,54,46,12,24,45,32,0,7,49,23,28,44,15,47,55,31,6,61,51,4,2,29,33,59,50,58,42,30,43,37,39,26,38,22,14,21
1,48,18,8,11,24,9,28,59,60,41,45,32,49,46,47,26,54,40,29,44,37,21,15,23,43,35,3,2,57,6,53,17,52,10,7,36,63,22,56,62,16,55,4,31,38,19,25,61,51,0,13,12,34,30,58,14,33,20,27,42,5,50,39
47,60,40,39,46,58,7,22,34,9,63,24,18,26,23,4,38,21,31,5,12,8,42,1,30,10,49,51,16,3,43,29,59,33,53,44,32,62,56,0,25,11,28,17,6,52,27,61,36,13,19,55,57,35,37,15,45,2,14,48,41,50,20,54
24,27,21,43,61,62,38,25,49,16,2,41,8,42,37,19,33,58,28,55,14,56,53,0,51,26,11,32,29,59,15,22,54,6,13,60,10,20,23,39,12,34,7,48,40,17,30,36,45,46,18,52,4,57,47,1,44,3,9,50,5,35,63,31
17,20,34,28,35,6,32,48,9,7,63,27,41,39,4,13,1,36,14,31,47,11,54,29,49,46,45,52,42,30,60,12,19,10,23,26,43,53,15,3,50,37,24,58,55,56,57,59,44,40,2,62,38,16,5,51,8,21,33,0,61,22,18,25
63,49,60,37,35,1,59,51,3,12,22,5,46,8,25,30,50,14,24,4,61,57,58,9,62,17,0,13,48,20,7,38,33,36,6,53,32,43,27,19,54,55,31,44,28,2,15,42,26,40,21,23,56,18,16,11,10,39,47,45,29,41,34,52
38,34,53,28,36,33,52,54,7,22,41,23,39,62,47,5,55,0,44,12,26,17,21,60,24,51,45,8,50,35,48,49,1,19,37,16,32,6,3,57,31,63,58,25,2,15,9,59,18,29,42,27,56,13,43,61,20,10,40,11,4,30,14,46
49,10,47,25,9,14,55,38,7,62,22,2,8,28,1,31,53,20,30,6,27,37,44,63,32,29,0,11,59,5,23,56,51,15,36,4,18,41,61,26,12,24,3,16,21,35,34,45,43,13,48,33,57,54,19,46,17,40,42,39,60,58,52,50
48,26,7,47,10,38,32,54,17,25,53,21,14,59,13,31,41,36,35,24,30,16,40,5,6,52,42,56,11,22,15,33,19,49,63,39,37,0,62,34,27,61,1,8,55,28,18,9,2,60,29,51,58,57,45,44,4,3,20,12,46,43,23,50
35,58,29,57,47,6,2,14,18,31,17,7,34,50,8,49,0,25,62,63,54,41,37,5,38,20,59,40,11,52,26,13,1,44,28,16,15,39,4,22,33,45,32,9,51,12,27,61,10,19,36,21,48,46,30,42,43,56,55,24,60,23,53,3
3,62,24,34,32,1,40,16,61,42,26,43,36,8,22,35,21,58,25,20,57,63,49,59,31,9,5,18,41,46,53,12,27,55,47,50,0,45,15,17,38,52,10,4,13,48,37,44,54,11,23,56,60,29,14,51,2,6,7,30,19,39,33,28
47,51,22,31,13,1,41,54,0,15,59,23,55,44,34,36,24,16,28,38,45,20,32,53,50,7,46,27,56,30,37,62,25,18,14,19,26,10,49,52,11,8,17,12,60,48,5,61,40,63,3,21,29,39,4,42,57,2,33,35,43,58,6,9
45,60,18,34,40,36,37,61,1,2,35,41,43,29,10,33,63,31,46,27,11,42,55,21,30,12,5,51,20,8,6,39,25,3,17,50,49,28,15,52,19,14,22,62,23,4,32,44,59,57,13,38,7,54,48,56,0,58,53,9,16,24,47,26
44,32,25,6,3,63,46,37,41,8,57,35,15,29,22,43,5,27,23,53,51,34,48,61,60,45,40,11,47,26,24,20,7,17,18,62,39,30,56,12,28,13,16,59,21,55,42,14,2,9,19,33,0,1,31,10,50,38,36,58,49,52,4,54
49,44,42,9,48,63,15,62,54,13,16,3,41,35,6,31,14,38,18,53,59,40,1,34,50,57,10,43,12,8,39,22,36,7,17,55,28,11,37,52,56,24,30,33,27,60,46,45,26,21,61,5,2,20,0,29,19,58,32,25,23,51,4,47
48,12,31,5,4,61,2,59,19,46,50,34,9,8,22,62,33,60,3,17,49,10,35,25,39,13,51,40,42,26,28,57,53,56,15,30,37,45,29,0,63,47,1,24,54,52,14,44,32,6,11,55,23,38,20,43,27,18,7,36,58,21,41,16
15,41,48,10,61,39,44,27,16,45,42,23,25,63,47,36,53,21,40,18,50,52,1,24,37,7,20,0,32,30,14,26,34,13,62,49,56,43,60,33,3,57,58,51,31,55,11,12,4,6,38,29,22,28,59,2,46,54,17,5,19,35,9,8
23,6,51,17,1,49,41,39,34,38,16,33,42,37,2,26,59,31,18,62,40,32,52,57,58,27,5,60,12,7,19,4,8,48,11,36,56,61,21,15,50,13,43,55,22,28,30,44,0,25,20,35,9,29,54,10,24,53,45,3,63,14,47,46
32,47,11,59,0,46,42,63,26,44,43,48,22,9,37,49,10,16,19,60,12,23,28,38,35,50,24,62,54,13,57,56,8,51,55,36,15,30,21,41,2,5,61,58,20,25,27,45,31,29,3,1,34,39,17,33,53,7,52,40,4,6,14,18
8,17,10,61,40,34,30,39,20,9,48,12,32,36,16,2,43,7,59,1,38,23,41,0,33,60,11,52,6,18,63,15,25,29,24,42,49,26,47,57,3,22,46,44,21,53,56,31,14,50,19,45,28,5,4,55,37,51,62,13,35,58,27,54
17,31,33,23,41,61,45,1,52,34,0,9,15,59,44,57,10,6,49,2,14,37,27,3,16,19,36,5,28,48,21,47,18,62,38,58,7,46,40,50,55,56,11,26,8,22,29,39,35,32,42,24,51,54,60,30,53,63,12,13,25,4,20,43
19,54,13,15,24,14,12,6,52,22,3,32,43,51,9,17,10,25,53,57,4,44,45,40,0,18,26,20,31,38,30,59,63,23,61,41,5,60,8,46,33,50,29,37,28,21,7,39,48,42,16,58,62,2,1,35,55,34,36,27,56,47,11,49
1,10,63,40,47,25,29,3,12,46,33,0,11,36,54,14,8,7,41,5,48,62,34,32,6,38,15,16,22,9,57,44,51,13,26,21,19,53,31,52,55,39,23,43,56,45,61,59,35,30,27,37,42,20,50,17,4,60,58,2,28,24,18,49
29,26,34,45,0,8,23,37,17,62,49,27,55,58,2,25,50,61,63,51,40,9,14,19,44,12,21,48,22,10,54,20,5,13,35,4,11,24,30,16,31,57,60,59,33,56,52,47,46,39,6,36,15,3,43,1,18,7,38,32,53,28,41,42
41,15,31,16,33,26,14,52,13,8,40,60,58,29,7,53,56,21,23,4,12,47,1,39,45,24,2,11,22,20,44,42,59,50,25,9,49,36,28,57,61,46,37,10,5,38,55,32,6,51,18,43,54,27,35,17,48,30,3,34,19,63,62,0
61,58,40,32,41,28,63,55,19,31,56,62,16,47,4,8,33,22,48,6,36,5,14,23,18,59,15,51,27,21,35,38,60,2,13,39,7,53,42,20,0,1,44,9,50,34,52,24,43,3,45,30,26,57,46,12,49,29,11,37,25,17,10,54
17,53,6,47,44,32,31,50,26,19,1,30,0,40,57,11,16,37,18,7,52,34,4,55,10,62,13,15,25,29,61,5,38,63,27,2,56,59,54,58,22,41,42,24,20,12,14,3,8,49,43,33,9,39,23,21,45,60,36,28,35,51,48,46
17,11,2,22,61,56,47,52,19,7,41,45,30,1,4,15,49,18,62,27,33,46,20,16,38,50,57,12,14,23,44,31,43,0,28,34,24,55,9,53,36,42,6,3,5,25,39,54,48,29,63,10,51,40,21,58,59,37,13,35,60,32,8,26
26,3,9,5,48,49,8,36,34,21,44,24,47,40,27,58,38,61,55,57,50,30,43,2,59,14,28,29,31,39,10,16,19,35,4,7,6,46,25,17,12,23,15,60,51,32,42,22,18,54,37,53,52,11,1,63,62,0,45,41,56,13,33,20
37,21,0,54,13,23,17,41,53,46,26,25,14,63,50,1,9,22,19,39,18,62,60,4,7,16,20,47,55,57,56,8,29,10,36,43,44,48,33,31,35,45,15,11,51,49,24,27,28,5,12,30,32,34,58,2,52,40,42,6,38,3,61,59
44,28,48,1,41,39,18,12,19,5,47,3,55,25,17,63,16,14,30,58,0,49,27,60,51,11,31,33,10,13,35,45,53,46,54,23,61,24,9,42,6,4,62,40,57,43,29,36,34,56,2,32,15,37,7,8,26,59,50,21,20,52,22,38
33,12,15,36,2,18,56,27,1,55,34,49,0,5,22,45,60,63,62,51,59,53,9,3,4,52,42,10,58,47,26,54,25,37,20,19,44,41,13,21,7,16,11,23,46,61,6,8,17,31,35,30,57,28,24,50,29,32,38,43,39,40,14,48
5,9,29,30,25,0,15,26,38,59,2,3,40,7,33,62,58,31,28,20,10,56,13,55,50,44,22,11,21,12,42,43,41,51,23,52,19,54,46,27,57,8,24,61,6,16,63,17,60,32,48,49,34,39,4,1,37,18,14,53,35,36,45,47
1,61,4,54,50,8,25,18,44,12,58,57,27,43,15,34,41,16,31,62,63,39,52,45,51,19,28,10,23,24,35,14,21,7,5,60,56,37,0,29,55,30,33,32,13,17,48,3,6,22,42,53,20,40,46,2,36,49,11,38,9,26,47,59
1,53,14,0,25,13,29,22,10,18,36,23,28,21,16,62,37,41,9,59,60,49,45,34,12,6,24,46,56,7,40,61,5,27,3,15,50,57,55,4,26,30,47,63,32,17,31,43,44,11,48,35,8,39,52,2,58,33,51,20,38,19,54,42
63,22,34,35,42,23,51,24,61,8,6,27,40,44,55,20,43,53,58,4,29,37,36,56,32,38,45,11,52,31,16,48,33,12,50,46,2,54,41,9,3,57,21,15,14,18,10,30,17,26,60,13,19,47,49,7,1,28,0,62,59,39,25,5
60,14,50,48,22,53,52,10,37,39,8,7,28,0,43,31,33,51,46,34,13,15,61,63,2,5,57,36,27,6,42,9,17,49,4,11,45,1,3,56,41,54,23,47,44,55,40,26,21,18,25,32,12,20,24,38,16,30,58,19,59,35,29,62
16,17,44,41,8,57,34,18,4,47,50,53,11,46,25,0,13,12,61,51,43,59,10,7,52,30,60,24,22,2,58,38,37,32,40,21,6,35,26,23,49,14,54,15,28,27,36,19,1,3,62,20,29,48,33,63,45,56,55,31,39,42,9,5
12,0,28,53,6,38,19,50,7,29,20,14,16,51,22,9,1,31,21,60,46,41,5,25,42,58,55,59,61,57,44,26,45,47,43,18,15,17,10,24,30,11,3,4,34,56,40,27,8,37,2,23,39,52,33,63,62,13,48,32,35,54,49,36
44,45,11,46,33,18,23,25,1,0,21,49,43,41,55,12,56,59,50,48,13,8,53,30,3,40,58,24,17,19,28,32,34,52,35,37,61,5,10,14,16,9,6,4,29,63,38,7,22,31,54,42,26,60,47,20,57,51,36,27,39,2,15,62
22,6,12,15,51,55,57,24,49,4,52,26,25,33,29,21,53,48,35,3,18,14,59,28,36,41,58,23,7,31,9,63,1,11,37,32,27,43,13,5,60,45,30,61,39,62,19,46,10,0,34,44,54,47,17,8,42,38,56,50,16,2,20,40
37,39,21,25,52,7,20,40,44,2,14,13,31,41,56,8,47,42,30,63,50,62,59,38,6,5,19,23,12,28,35,17,10,9,15,48,11,22,34,16,1,45,26,0,57,24,49,43,18,32,4,27,53,36,61,58,3,33,51,46,55,60,54,29
16,52,8,62,37,47,22,31,38,24,57,11,4,13,20,43,54,10,32,27,35,15,34,6,36,42,28,33,19,45,41,7,17,26,39,9,51,1,40,23,5,58,0,56,2,12,60,3,44,55,48,14,25,50,49,29,53,61,18,63,46,59,30,21
56,53,46,5,40,50,51,23,39,28,32,35,30,7,2,26,55,37,44,11,15,25,8,43,24,10,18,63,38,29,0,47,16,13,61,57,34,3,45,17,31,6,12,58,54,1,14,59,60,22,52,9,20,33,27,21,4,19,48,41,36,42,62,49
7,53,2,33,8,25,58,43,14,30,18,31,36,10,63,0,46,56,21,54,34,11,62,20,49,29,48,22,61,24,15,5,59,6,1,37,35,55,39,50,23,13,19,60,3,26,4,42,28,16,9,27,45,51,47,32,38,44,40,57,12,17,52,41
27,59,34,61,0,19,10,37,55,13,56,3,53,44,29,43,9,57,39,16,14,38,4,2,48,25,60,1,12,21,11,35,54,22,20,36,7,8,41,42,32,46,49,33,26,17,28,52,51,58,31,30,6,62,47,15,23,63,18,40,24,50,45,5
58,2,63,6,56,24,50,16,53,46,48,11,43,41,10,7,33,1,17,52,60,13,57,23,54,0,9,32,37,27,29,20,12,59,49,42,44,3,34,62,31,39,26,45,21,15,47,28,14,55,5,19,22,36,61,35,51,38,40,8,4,30,18,25
3,43,55,31,59,8,28,56,25,54,21,12,60,6,29,4,7,50,15,24,30,51,17,53,18,38,47,11,26,58,52,46,42,40,32,44,57,23,13,9,1,14,37,48,62,34,45,20,27,39,33,2,35,0,49,22,63,16,61,10,41,19,5,36
61,55,17,42,25,57,37,16,45,32,26,63,56,44,62,41,40,46,35,24,14,43,15,12,20,48,19,5,38,28,27,10,2,4,34,13,3,33,29,18,53,54,1,50,31,21,0,58,23,8,11,22,6,52,47,49,60,36,59,30,7,51,39,9
1,12,54,59,22,49,0,34,20,4,50,51,56,47,21,38,57,25,31,41,60,26,61,55,30,5,63,23,35,9,16,8,11,46,48,42,2,36,53,39,14,37,45,27,10,44,13,29,40,18,17,52,28,58,43,32,3,24,6,15,33,7,19,62
6,25,49,62,26,24,28,9,7,46,47,57,44,23,42,61,0,15,48,37,35,14,58,53,19,34,55,16,21,11,5,52,63,8,32,12,39,10,40,56,31,50,33,29,17,22,43,38,51,18,27,20,3,54,13,2,36,30,4,60,1,45,59,41
34,8,49,21,32,15,2,17,56,31,29,1,12,10,53,58,47,23,39,22,16,48,14,38,3,26,59,42,37,62,7,40,30,41,44,55,27,9,5,50,43,33,6,28,51,52,18,54,20,25,57,61,46,13,11,45,0,19,24,36,60,63,4,35
35,40,61,15,55,60,56,7,57,18,10,44,59,54,38,58,51,1,32,48,2,3,25,42,9,37,5,12,8,13,20,45,14,21,28,43,0,29,47,11,46,16,27,36,24,22,19,6,17,50,39,26,49,34,23,62,31,41,63,53,4,30,33,52
62,28,33,51,12,5,40,17,42,8,13,47,9,44,56,26,25,21,20,29,61,45,0,39,60,22,27,63,11,15,58,19,23,32,55,31,10,38,59,1,18,4,30,35,24,46,48,43,3,6,49,37,53,52,2,7,14,41,54,36,16,57,50,34
29,48,5,39,60,15,62,58,43,25,17,3,37,10,59,55,21,28,19,4,54,35,12,13,31,1,33,20,36,14,53,23,38,26,9,49,16,63,50,46,6,41,22,52,56,18,24,27,0,34,44,32,42,30,61,45,57,51,47,40,2,8,7,11
54,63,10,50,59,24,8,43,31,37,16,15,57,41,33,32,58,55,56,38,12,61,5,40,9,14,35,3,21,44,30,17,46,1,62,36,53,6,4,19,11,22,48,39,47,49,28,0,7,13,20,27,23,2,25,18,60,26,42,34,45,29,52,51
42,58,14,21,54,40,24,1,62,11,57,28,61,51,33,22,44,17,56,41,4,55,31,6,26,37,16,38,20,29,25,48,46,18,12,27,30,34,7,60,50,13,5,3,8,52,0,10,45,35,53,36,43,63,23,2,47,19,59,15,39,49,32,9
24,11,31,55,41,51,42,47,2,56,45,61,28,52,48,44,63,19,25,54,10,0,50,58,30,62,22,20,35,49,43,14,38,8,9,40,33,57,39,7,60,59,32,6,53,13,23,5,12,37,17,16,1,46,27,21,34,29,15,36,4,3,26,18
60,33,57,6,40,36,15,0,29,26,24,58,19,44,34,50,42,7,5,27,8,2,1,47,20,17,18,28,54,32,53,25,12,9,56,46,14,37,38,10,39,61,35,3,55,30,45,4,23,21,31,48,63,22,43,62,41,59,49,11,51,16,13,52
9,24,54,37,13,48,23,51,32,43,0,62,38,41,60,16,18,2,6,49,58,35,34,27,8,29,7,55,40,4,22,52,21,46,42,15,12,14,61,39,33,28,50,3,17,56,26,11,36,20,1,5,19,57,10,63,31,30,59,53,25,45,47,44
29,12,47,7,43,10,59,62,16,57,14,48,27,45,54,15,1,0,58,42,51,2,35,60,50,17,39,6,44,33,19,31,8,23,46,28,52,49,38,53,55,40,25,63,26,41,4,11,36,20,30,32,18,9,56,3,21,34,5,61,37,13,24,22
41,14,53,31,56,34,19,30,18,45,5,50,24,44,43,15,12,55,26,2,9,21,61,40,23,51,16,0,57,35,47,25,22,60,63,29,10,62,1,39,27,28,59,54,48,20,13,11,52,37,4,42,33,49,58,32,17,6,7,38,46,3,8,36
6,18,2,20,0,36,56,13,57,28,27,45,21,30,1,41,23,9,5,42,60,47,35,38,16,29,48,3,52,54,7,61,63,59,62,50,37,19,49,15,22,53,44,25,43,55,46,39,12,58,11,51,31,32,33,4,40,17,14,26,8,10,34,24
23,43,44,47,15,46,5,40,6,34,49,55,32,45,42,22,24,37,56,28,58,9,52,59,19,14,62,16,35,18,57,1,20,29,27,51,61,7,0,33,48,63,36,13,54,2,26,21,12,30,25,39,38,17,8,4,60,11,41,53,31,3,50,10
14,31,0,26,24,17,3,59,25,30,47,43,28,12,35,61,5,39,46,37,9,57,52,21,42,41,6,51,8,60,53,55,2,23,58,11,32,34,20,44,22,29,15,49,1,19,63,40,50,18,10,48,62,16,4,33,7,45,13,56,27,38,54,36
20,54,41,21,42,53,61,38,63,17,43,55,8,32,45,37,13,11,36,51,44,62,18,56,47,50,25,7,3,49,48,35,60,10,15,24,39,14,59,40,16,22,2,4,9,30,26,0,1,34,23,27,33,19,12,58,6,28,29,57,5,52,31,46
40,22,7,47,48,33,62,16,24,18,27,51,30,8,25,36,63,20,28,29,12,38,57,35,42,45,49,41,13,21,58,1,10,4,37,46,0,11,26,14,59,5,55,54,44,19,31,34,23,9,43,50,52,2,61,6,60,15,53,17,39,56,32,3
60,41,17,11,39,21,10,22,59,62,27,18,19,54,16,23,43,4,53,38,34,8,33,6,55,36,26,24,13,31,52,14,37,2,7,1,45,48,29,12,32,50,20,51,28,63,30,9,46,0,47,3,35,49,40,42,61,58,5,56,44,25,57,15
36,8,21,41,14,15,12,40,19,7,63,53,48,1,56,39,51,18,43,60,24,46,38,37,52,50,23,58,30,6,27,25,10,4,44,31,35,42,62,54,13,9,59,3,57,33,34,29,49,47,22,0,55,20,45,11,2,28,32,61,26,16,5,17
60,19,46,57,24,6,14,25,10,42,50,17,26,16,63,52,59,53,1,32,12,37,39,36,13,40,55,54,35,8,18,27,28,45,43,7,20,41,23,11,30,44,15,51,47,56,61,4,48,2,38,31,0,21,34,62,58,3,22,49,9,5,33,29
62,15,36,4,47,10,6,19,48,7,5,37,33,34,38,59,60,56,57,16,50,31,39,9,20,32,49,51,11,17,53,25,28,43,40,12,26,27,18,55,46,8,45,13,22,58,0,21,42,24,41,54,61,44,29,30,3,23,35,63,1,14,2,52
4,23,12,52,5,54,21,15,20,46,7,30,60,53,57,6,44,29,3,37,17,14,50,34,39,9,56,16,28,62,10,38,42,11,51,59,36,33,2,35,18,27,1,40,31,13,63,22,32,0,47,55,24,8,26,25,45,41,48,43,61,49,19,58
42,38,57,9,55,37,19,30,24,17,52,53,11,44,22,39,29,60,34,7,31,33,51,8,27,58,36,15,61,59,20,10,43,5,63,13,21,6,32,62,23,47,0,45,40,56,41,54,12,48,46,1,35,2,3,28,4,49,14,16,18,50,26,25
4,42,12,13,47,24,26,5,50,28,48,23,1,29,22,35,6,21,25,10,14,32,63,57,37,56,33,3,58,31,43,60,53,44,2,7,55,15,8,38,40,20,45,59,62,30,51,11,46,9,27,34,61,17,39,41,16,36,18,49,52,0,19,54
15,31,16,57,0,26,52,47,13,48,43,29,17,6,32,54,44,35,23,60,40,25,33,21,1,7,38,39,62,11,41,53,36,50,19,45,42,18,51,63,49,55,22,20,14,59,34,3,10,46,12,30,8,27,24,37,58,5,28,61,4,2,56,9
6,27,0,55,38,31,52,48,51,44,12,43,21,26,45,15,5,42,28,57,61,39,17,29,32,60,22,23,10,59,41,3,34,37,62,2,20,16,14,56,36,33,46,40,9,30,19,53,63,25,50,54,47,11,24,13,18,8,1,7,35,58,49,4
20,1,16,54,5,38,50,17,49,4,28,21,2,14,57,61,29,12,63,34,26,53,11,31,23,60,19,39,43,3,24,37,30,56,40,7,48,35,41,22,46,8,27,9,32,45,6,52,33,44,0,58,47,59,51,10,62,18,15,36,25,13,55,42
26,8,51,13,41,59,58,11,6,38,50,24,42,29,32,27,22,15,47,37,10,21,7,1,17,33,2,63,5,57,16,20,40,56,55,19,12,62,3,34,14,49,36,31,25,46,39,28,4,48,43,54,45,53,18,30,44,52,9,0,61,35,23,60
38,26,15,16,10,49,37,21,5,22,36,39,58,56,62,24,23,61,46,0,19,53,31,3,14,44,42,2,50,54,1,34,33,55,60,30,51,47,25,18,48,28,20,6,9,7,11,4,35,32,13,17,57,8,59,63,29,43,52,41,40,12,27,45
42,9,47,13,41,60,5,48,18,50,25,58,59,56,4,40,36,24,26,43,8,57,53,44,46,30,1,21,7,29,22,62,28,27,49,14,52,32,19,31,3,17,11,0,55,33,15,20,61,51,45,63,54,2,12,10,23,35,37,6,16,39,38,34
37,38,39,27,43,52,1,19,51,35,25,12,20,45,61,5,56,49,9,13,10,33,34,29,59,18,0,17,28,8,15,54,41,26,7,58,40,36,47,3,31,44,6,53,2,32,63,30,48,23,62,57,21,4,50,60,11,55,24,22,16,14,42,46
25,21,8,34,42,27,2,48,62,41,3,29,22,32,7,55,9,38,33,12,15,30,51,4,47,28,49,43,23,40,13,17,50,5,24,11,6,20,58,52,63,54,59,36,14,46,10,61,31,44,1,26,60,16,57,53,37,35,39,18,45,56,0,19
24,25,8,35,23,1,20,21,14,62,47,16,38,28,27,52,40,43,9,18,10,37,3,58,12,30,50,31,45,41,57,17,29,49,0,56,15,44,61,34,33,63,5,59,51,48,26,32,22,55,6,2,4,13,54,39,19,7,53,46,36,60,42,11
43,14,3,32,51,17,19,52,22,50,26,15,59,5,57,55,31,60,28,45,37,7,48,13,53,9,0,63,56,4,10,25,61,6,41,44,16,62,49,23,21,12,39,27,33,8,42,20,46,18,36,11,35,1,54,58,47,30,29,24,40,38,2,34
25,32,47,13,18,7,9,44,15,51,36,19,53,17,10,34,28,24,27,12,59,22,55,35,5,14,16,2,3,45,42,31,37,33,58,1,40,39,49,6,50,8,60,0,61,41,29,63,48,4,20,38,21,30,46,26,56,52,54,57,62,23,11,43
29,43,5,17,6,63,14,1,42,48,38,19,23,40,41,22,44,25,55,62,56,4,12,24,60,7,37,31,50,26,52,13,32,16,20,10,15,51,21,8,39,35,36,3,57,53,46,49,18,47,9,27,59,11,0,54,2,34,28,30,33,45,61,58
24,13,0,41,40,21,36,32,2,44,4,17,38,3,56,6,58,37,48,60,51,20,1,33,18,54,57,26,29,25,14,9,23,7,27,61,12,55,19,53,30,39,5,8,52,45,28,22,11,10,42,43,59,50,35,46,15,31,47,63,16,34,49,62
45,54,16,25,19,8,9,53,52,26,30,33,56,43,59,11,35,38,15,5,6,12,62,28,60,63,29,48,41,34,31,0,39,57,2,42,27,36,13,40,23,50,7,58,22,1,18,61,46,51,55,10,32,47,17,14,44,21,3,49,4,24,20,37
26,1,15,48,52,3,46,2,56,43,18,9,51,49,34,60,36,61,39,23,31,41,35,30,6,13,28,42,62,11,0,50,17,45,25,10,29,63,59,38,4,22,7,47,14,24,55,37,21,8,5,57,19,58,54,27,32,40,12,53,44,20,16,33
42,50,48,8,9,6,49,24,58,59,61,3,28,56,25,31,57,30,35,62,12,21,37,29,60,26,4,45,53,38,44,15,18,11,63,27,39,33,32,1,41,19,51,47,7,54,0,22,43,17,20,34,13,55,2,10,52,5,23,16,46,36,14,40
13,62,6,59,46,41,63,43,57,14,12,9,60,8,27,35,4,1,24,17,55,21,47,5,58,61,45,28,30,39,53,34,10,52,15,26,51,20,0,32,54,49,25,16,18,31,48,42,7,3,44,56,37,22,40,19,2,36,29,33,50,11,23,38
6,37,12,17,59,48,60,43,8,39,24,32,56,55,50,19,63,61,13,3,15,28,44,27,46,58,45,22,20,40,9,41,33,35,54,11,62,52,49,42,30,25,14,18,36,4,7,23,16,26,2,38,53,31,51,21,0,47,34,10,57,29,5,1
55,28,47,10,17,48,32,42,56,20,34,40,13,53,39,50,6,29,2,44,9,38,31,58,27,26,23,63,54,36,3,24,30,1,49,62,16,12,46,61,33,4,21,60,41,5,57,11,19,14,45,7,22,8,52,18,35,15,59,43,51,37,0,25
10,43,8,27,30,31,47,46,26,15,62,20,53,5,32,49,33,37,7,36,34,24,61,41,23,42,35,14,9,21,11,17,29,63,16,54,6,13,40,19,0,18,60,45,57,12,51,38,2,59,28,56,52,22,3,50,55,25,44,58,1,4,39,48
46,14,21,58,35,25,30,23,29,9,37,36,19,16,34,50,54,45,57,39,52,55,42,3,41,60,15,28,20,48,17,2,24,4,33,26,22,56,0,8,63,12,10,6,13,53,44,18,62,49,51,1,40,61,38,47,59,27,43,7,32,31,11,5
46,10,23,25,45,4,60,1,50,40,18,39,33,43,62,32,44,48,5,14,57,11,22,56,31,58,19,38,9,20,2,53,37,30,0,13,6,47,42,54,7,16,26,51,41,34,63,24,61,28,29,3,8,36,15,59,17,49,21,52,12,55,27,35
18,6,54,57,61,62,8,9,15,41,4,63,19,33,26,16,12,27,20,36,32,28,53,7,51,44,17,47,31,55,1,22,3,48,21,42,59,46,30,40,2,58,60,23,11,38,37,49,50,35,24,45,29,52,13,34,43,39,10,0,56,5,25,14
40,13,18,12,43,56,62,53,60,28,63,41,61,8,29,25,24,58,50,51,47,37,11,9,35,31,19,22,20,6,42,0,33,44,34,16,7,1,45,36,5,23,57,32,30,4,54,46,48,27,38,10,59,55,3,15,17,21,14,2,26,39,52,49
51,13,25,39,46,49,37,10,3,50,56,26,59,42,43,52,18,63,35,33,44,17,32,9,61,16,28,23,48,31,58,0,41,11,57,20,53,54,14,38,15,22,40,29,47,60,30,2,36,1,27,62,19,7,12,55,5,4,24,6,34,8,45,21
48,11,53,62,60,42,27,49,46,1,22,50,63,7,5,9,38,13,24,14,3,10,35,0,47,17,57,45,2,12,15,31,40,55,25,37,54,41,8,58,19,4,6,34,59,18,28,39,26,52,44,30,16,36,21,20,56,23,61,29,43,51,32,33
35,46,59,53,25,21,26,55,50,4,15,34,16,22,24,61,40,28,51,29,5,11,14,57,32,45,18,9,54,62,56,17,3,12,43,31,60,7,23,44,2,30,0,8,19,37,38,49,20,47,13,6,1,52,39,48,33,63,58,36,41,27,42,10
39,17,12,35,62,8,28,59,47,20,60,16,45,18,34,52,57,2,32,58,26,15,3,61,48,54,42,13,6,53,49,21,1,56,55,23,4,41,33,29,31,14,0,44,10,46,5,24,50,30,43,36,7,19,40,25,9,38,51,22,11,63,27,37
1,31,55,43,5,6,42,23,18,25,27,40,47,29,62,30,39,44,2,8,54,53,16,58,24,10,4,35,12,52,26,28,50,37,38,13,46,61,56,60,59,0,49,32,17,57,41,7,45,22,3,33,20,9,48,34,21,63,36,11,51,15,19,14
13,58,41,34,42,39,33,18,30,37,53,31,61,43,49,29,62,3,19,59,24,54,23,35,50,11,57,22,16,0,46,17,48,60,9,52,14,44,20,8,32,6,56,55,10,25,12,63,5,45,26,28,15,47,21,40,1,38,4,27,2,36,7,51
13,56,59,3,50,32,46,52,7,60,27,42,63,35,58,62,9,53,48,29,38,12,41,54,6,0,39,24,2,55,19,26,20,33,40,45,21,18,49,31,10,15,28,4,11,23,8,1,61,51,44,14,47,37,57,5,36,22,25,16,34,43,30,17
40,51,2,61,42,15,47,49,57,54,23,58,59,12,43,20,10,25,6,16,31,56,11,32,28,39,50,7,9,30,22,63,1,0,14,46,62,33,21,5,8,29,3,45,19,13,34,48,52,4,60,35,41,44,26,37,38,24,36,18,53,27,55,17
53,62,63,32,52,49,15,45,58,2,40,41,39,38,20,17,36,21,61,31,28,35,24,59,30,16,50,8,22,10,13,54,4,25,23,47,48,3,11,43,0,60,18,56,12,1,37,51,9,44,26,19,27,6,42,55,46,57,5,14,33,29,7,34
0,45,33,63,57,44,23,9,20,37,55,26,32,15,13,6,24,5,29,54,31,10,14,12,59,51,58,40,53,60,47,48,11,17,43,34,28,25,36,1,4,19,7,50,22,2,61,46,27,38,16,39,42,41,8,30,35,3,49,18,56,21,62,52
31,53,11,34,9,45,10,3,35,32,59,16,63,61,27,15,1,22,49,46,29,36,5,12,33,6,48,47,52,40,38,54,62,44,0,37,23,19,13,21,50,25,30,42,56,14,60,26,39,2,20,58,24,28,4,7,57,43,17,41,8,51,18,55
51,56,49,60,5,35,11,12,50,42,58,55,28,6,31,57,34,45,23,46,30,7,63,19,22,54,29,47,27,41,52,21,32,61,0,20,53,26,44,17,38,18,10,40,36,4,15,13,33,2,8,14,9,39,59,3,37,16,48,1,24,25,62,43
55,36,3,58,30,4,52,63,12,27,13,44,10,35,17,33,49,57,32,40,1,34,14,50,20,6,15,7,37,22,23,51,11,0,24,38,21,60,29,39,46,9,45,5,53,59,41,25,28,16,18,43,56,8,31,2,26,61,54,62,19,47,48,42
38,3,61,44,57,1,51,25,12,28,13,45,32,40,53,59,42,60,8,6,47,27,15,33,24,56,63,23,22,36,50,26,46,16,29,49,41,35,54,17,10,34,48,18,5,2,11,20,58,7,37,14,30,55,19,39,31,52,62,4,9,0,21,43
44,15,0,59,25,58,45,56,23,43,41,60,46,51,20,12,57,27,19,34,10,61,42,53,26,24,49,4,62,2,6,21,7,1,30,55,35,54,50,32,8,37,63,22,18,9,5,52,36,11,16,38,13,39,28,47,31,40,48,29,14,3,33,17
29,43,27,45,8,42,49,14,13,25,16,34,44,18,32,31,4,12,10,19,46,59,61,53,11,62,50,38,7,9,2,1,47,52,33,55,17,20,30,23,40,37,21,36,39,0,57,28,58,54,5,6,60,63,3,26,56,22,51,35,24,48,15,41
39,4,55,8,62,59,51,13,22,15,5,54,12,41,29,7,18,50,1,34,40,56,61,42,46,44,30,9,11,43,47,37,26,20,58,63,28,35,10,23,38,31,45,33,25,36,53,49,2,52,57,24,27,32,16,0,14,19,3,6,48,17,60,21
15,29,44,20,24,10,5,61,3,14,37,30,13,4,27,39,11,7,62,32,26,40,31,56,16,51,12,21,46,59,49,60,6,23,28,25,52,35,22,43,19,53,55,1,17,38,9,47,2,45,63,36,41,57,54,33,42,34,0,18,58,48,50,8
58,59,1,3,57,60,0,49,31,20,24,4,46,26,36,48,17,47,21,62,27,63,15,33,53,23,43,19,44,35,5,9,14,39,55,22,61,52,54,29,30,7,16,28,25,40,12,18,2,11,38,32,51,37,34,56,50,10,41,6,13,45,8,42
41,14,5,15,37,23,11,52,54,18,19,17,39,3,49,13,16,2,28,63,32,24,43,42,22,9,0,25,33,62,35,20,10,8,46,48,59,51,60,56,57,30,34,45,61,21,40,12,55,7,53,27,44,47,29,50,38,26,1,4,36,58,31,6
16,49,2,34,48,7,39,55,36,57,19,41,27,14,17,12,31,10,24,42,30,40,37,26,22,63,0,51,59,23,3,32,47,33,9,18,4,21,28,20,62,56,45,38,8,29,11,6,61,46,58,25,50,35,1,13,5,60,53,52,15,54,43,44
25,30,49,37,46,26,43,62,6,33,20,7,32,0,59,24,38,18,23,14,35,2,57,58,47,44,34,12,60,13,56,16,53,51,11,55,27,4,42,17,50,8,5,40,15,21,41,3,9,31,19,63,29,10,1,61,22,28,52,36,48,54,39,45
34,24,17,59,37,27,14,48,28,52,61,10,20,2,1,35,22,46,49,53,62,57,21,8,44,54,9,15,23,31,18,39,50,40,25,6,60,36,3,13,55,33,29,12,45,32,11,19,58,26,41,56,43,5,16,7,51,63,0,42,47,38,4,30
22,12,20,47,44,32,50,54,51,21,46,19,15,9,43,58,11,6,24,49,42,34,17,39,40,16,27,1,29,56,30,25,57,41,48,28,53,7,26,33,55,31,63,3,8,14,62,45,59,60,35,61,23,2,36,10,13,37,18,4,5,52,38,0
14,57,24,34,46,43,27,48,47,39,49,13,10,2,63,28,32,52,8,6,0,36,40,7,9,56,42,60,23,37,11,31,3,55,26,1,17,51,54,62,16,61,35,50,18,5,29,58,53,12,4,30,15,44,19,22,20,21,38,25,59,45,41,33
19,59,36,58,2,37,25,34,44,29,16,43,35,56,3,33,27,46,9,48,60,20,38,61,24,28,12,15,6,51,21,62,1,49,11,30,10,14,5,7,13,22,47,39,52,57,45,32,42,26,63,18,23,54,31,40,0,17,50,4,55,8,53,41
49,2,58,33,15,32,47,48,42,29,62,20,0,61,59,28,16,12,1,14,39,55,21,37,31,53,23,17,8,25,60,41,11,57,27,30,38,22,24,9,34,19,26,45,50,36,51,5,46,56,4,63,40,43,3,6,10,7,44,54,35,52,13,18
51,61,52,18,2,38,29,5,9,41,62,59,3,13,63,1,56,22,44,10,14,21,37,26,17,39,11,53,7,55,23,43,20,19,47,25,48,6,16,32,57,33,49,15,60,28,12,8,31,34,42,40,58,27,4,45,54,35,46,36,50,0,30,24
53,46,51,17,38,4,24,33,34,60,41,7,15,43,54,9,36,22,6,39,0,12,13,55,30,32,25,20,27,23,14,29,5,63,45,62,1,56,16,18,8,50,59,48,10,28,37,19,58,3,21,57,26,61,49,42,40,52,2,44,11,35,31,47
58,5,33,23,7,1,26,47,17,37,51,12,13,61,60,14,8,54,20,24,4,40,10,11,49,15,6,34,35,39,55,31,28,25,53,32,9,56,22,16,44,3,21,43,59,46,19,41,38,36,62,30,27,52,63,45,29,50,57,48,18,2,0,42
6,42,55,59,48,46,45,0,26,43,53,29,33,63,25,11,37,41,27,16,19,17,56,4,24,10,54,30,15,52,13,49,8,44,14,58,28,51,31,23,12,20,18,40,38,57,2,35,39,3,60,7,5,1,32,50,21,34,61,62,47,36,9,22
5,47,24,48,6,45,50,29,25,53,1,39,34,27,52,12,59,4,63,20,55,7,46,15,26,38,13,51,49,58,62,33,16,44,42,10,60,18,43,31,40,54,0,3,57,56,36,9,8,30,21,14,37,17,23,2,61,32,11,22,19,41,28,35
6,0,40,38,8,18,42,39,17,59,3,10,36,2,55,4,56,9,23,49,1,51,29,11,5,52,26,20,61,54,21,27,34,47,7,13,48,53,50,63,60,33,57,25,16,37,31,44,15,14,58,46,24,62,30,12,35,41,43,45,22,28,32,19
51,6,38,63,23,15,30,35,22,10,8,34,3,62,32,56,17,27,21,29,53,16,7,28,24,40,20,31,39,48,41,47,49,59,33,25,37,14,42,5,54,9,1,57,46,11,50,2,13,36,61,44,0,52,19,43,12,55,18,60,45,26,4,58
24,39,36,10,51,63,50,11,27,30,15,8,0,17,44,18,9,14,43,31,55,40,45,16,48,60,1,26,33,53,22,28,19,6,56,23,7,38,13,21,12,59,49,32,34,4,58,62,61,47,20,41,52,3,46,35,25,57,37,5,2,42,54,29
8,29,16,54,25,9,63,1,28,5,36,12,45,10,23,2,57,15,13,39,34,27,7,14,56,19,61,52,30,20,4,11,53,35,42,3,32,48,38,17,43,55,47,0,44,58,51,60,6,21,49,41,46,40,62,50,59,18,33,26,31,24,37,22
25,36,26,56,29,24,63,48,37,59,23,14,47,34,11,19,21,20,7,62,50,40,52,22,43,28,30,51,58,6,13,33,15,55,39,38,42,49,4,10,60,17,61,16,32,12,9,27,31,18,0,5,54,1,53,57,45,46,3,35,2,41,44,8
51,3,6,19,28,11,1,36,8,39,12,26,33,58,41,24,48,0,31,42,18,17,23,40,16,22,46,38,37,4,57,14,34,60,55,49,15,54,30,35,10,29,59,61,13,53,25,56,43,2,7,50,20,9,52,45,62,27,47,21,5,44,32,63
49,60,26,50,61,58,55,23,2,35,51,4,16,45,27,20,24,56,44,36,59,1,3,62,41,22,47,32,46,38,7,33,13,31,54,30,5,15,28,8,37,17,34,11,25,19,48,52,21,10,43,63,12,40,53,39,18,14,29,42,0,57,9,6
44,30,16,7,27,38,28,10,36,43,61,11,49,52,47,59,48,12,63,8,21,42,29,46,58,51,45,2,19,13,56,31,14,53,26,60,20,23,34,62,1,5,41,3,24,39,4,54,15,9,17,0,32,55,33,22,40,35,37,50,25,18,57,6
31,25,49,57,43,61,63,44,53,4,23,3,37,21,59,60,46,0,52,35,10,5,18,47,27,62,12,55,38,51,7,24,42,17,15,54,8,45,19,1,39,56,14,13,30,50,26,9,33,48,28,6,40,41,29,32,58,2,22,20,36,16,34,11
38,56,36,47,62,59,13,10,57,28,55,63,34,8,9,29,23,24,58,18,7,6,31,52,22,44,1,48,17,27,35,5,30,53,11,43,21,61,50,16,14,42,26,0,37,2,4,49,60,15,54,51,41,45,33,39,40,3,46,12,20,32,25,19
25,40,30,42,4,52,50,61,1,36,55,28,37,53,23,60,38,54,5,48,2,32,6,14,24,17,10,9,59,47,26,43,57,27,21,7,31,39,49,29,19,11,12,20,35,44,33,8,58,18,41,0,34,46,13,56,3,22,15,63,62,51,16,45
45,22,13,26,47,54,63,44,5,1,39,11,6,2,20,23,9,30,16,48,57,36,61,15,4,50,56,21,7,25,37,27,35,60,53,29,31,40,49,0,34,3,58,41,59,46,12,28,14,51,38,42,43,18,10,32,8,62,52,55,17,24,19,33
60,63,34,51,47,45,35,59,13,37,33,16,38,44,10,24,58,30,4,57,22,50,23,28,14,26,43,29,62,56,1,9,41,49,19,7,8,61,40,48,2,25,11,21,0,39,31,6,42,18,54,27,12,15,53,17,55,36,52,46,3,32,20,5
29,9,51,25,58,31,44,28,38,52,49,59,37,23,60,33,48,53,1,22,47,14,10,24,63,12,16,4,17,32,6,15,7,27,20,5,42,13,0,50,36,2,62,26,45,18,34,46,56,11,19,55,57,61,40,21,54,3,39,35,43,30,8,41
48,28,52,2,16,60,0,62,58,25,47,39,22,55,6,19,35,26,11,34,41,3,23,15,49,12,21,29,50,20,18,38,9,51,36,5,46,27,59,43,56,44,32,1,53,37,31,33,7,4,13,24,10,40,61,45,63,54,17,14,42,8,30,57
39,59,54,7,60,15,26,25,46,30,21,51,49,36,40,8,34,50,27,17,11,42,33,31,13,32,12,19,1,53,62,58,18,52,37,3,43,10,61,35,41,22,44,29,5,38,45,2,48,6,16,0,14,20,47,28,24,4,23,63,57,55,9,56
14,62,53,33,29,4,3,55,51,50,24,25,43,35,39,12,63,48,8,0,15,58,18,7,22,41,49,17,57,5,36,61,42,46,54,21,6,28,27,60,56,37,44,47,59,45,19,2,40,10,16,9,30,13,34,52,31,1,32,38,26,23,20,11
36,1,15,6,5,29,12,51,55,30,23,41,52,10,37,14,58,62,57,21,2,42,54,28,11,31,20,24,60,26,45,9,34,4,49,40,46,19,27,63,48,44,38,39,18,35,53,56,0,8,59,47,61,43,22,32,33,25,3,50,17,7,13,16
33,22,9,35,28,50,45,24,52,57,36,0,19,20,23,4,44,10,11,6,32,5,38,53,14,37,58,63,39,13,21,46,42,3,54,2,31,8,7,15,1,47,18,29,27,60,43,25,41,40,30,61,48,34,49,12,59,16,51,56,17,26,55,62
6,3,29,10,28,20,9,48,42,31,13,46,49,47,57,1,22,61,15,40,56,51,7,11,37,27,4,24,2,21,39,54,30,8,0,44,34,17,55,52,62,12,36,23,43,53,58,41,14,60,18,63,35,38,5,25,50,16,45,33,32,59,19,26
2,63,46,28,39,57,45,14,9,32,26,6,18,62,7,19,30,16,27,29,15,22,40,35,44,53,47,1,60,20,21,10,61,58,59,48,55,17,13,34,33,56,3,52,37,42,23,25,36,12,4,43,41,38,31,8,54,0,50,51,49,24,5,11
5,28,42,20,53,37,4,13,54,32,58,16,10,41,6,34,27,15,48,17,38,12,60,19,22,23,47,1,31,36,0,21,29,45,24,39,61,7,44,25,59,50,33,35,8,26,2,62,57,63,46,3,14,9,51,18,52,49,40,56,11,30,55,43
18,22,34,3,7,10,0,57,54,6,24,40,9,59,14,52,44,30,60,17,35,33,16,53,31,20,46,19,4,47,27,25,56,63,32,48,61,45,39,12,38,51,13,29,37,42,50,36,5,1,62,43,28,21,55,15,58,41,23,49,2,26,11,8
14,43,6,41,0,19,11,8,22,40,38,50,16,53,47,61,15,4,32,24,17,9,7,45,31,21,34,59,57,51,44,1,2,26,52,42,13,63,29,39,30,18,20,33,5,35,54,12,48,55,62,23,37,28,25,46,27,3,49,36,10,56,60,58
15,49,13,23,46,37,11,24,22,56,38,50,1,58,0,28,36,20,25,40,34,44,43,32,33,48,29,57,51,14,12,42,55,54,41,35,2,18,30,61,8,4,7,47,10,53,27,39,62,60,45,59,16,52,31,19,26,5,3,6,63,21,17,9
5,40,54,61,17,30,25,59,37,16,53,36,51,33,60,32,42,21,58,19,11,45,18,24,12,20,50,2,27,44,4,62,31,49,1,26,48,8,9,46,15,35,43,23,0,38,22,52,6,29,34,39,3,28,56,47,63,55,13,57,41,10,14,7
51,32,59,23,33,41,12,30,28,45,43,2,10,46,8,3,0,48,20,40,31,35,13,4,5,60,55,37,42,21,49,34,14,38,47,22,44,62,36,17,26,1,19,52,6,27,53,39,61,16,24,57,56,11,15,29,58,7,9,54,18,63,25,50
53,24,10,19,27,42,6,0,47,40,33,49,59,52,60,5,26,2,8,58,37,57,4,14,54,12,56,44,46,9,30,15,28,55,17,21,36,13,38,51,63,32,7,41,25,62,61,39,45,43,20,11,3,18,35,22,50,16,48,31,23,29,1,34
51,6,49,58,22,19,57,15,7,59,37,21,46,33,61,36,38,47,45,63,55,32,48,35,18,60,4,31,14,44,54,25,20,8,23,52,11,39,10,62,34,30,41,0,3,12,1,5,56,43,13,9,2,50,16,17,27,29,42,40,26,24,28,53
51,61,56,0,2,45,48,13,16,15,23,21,44,29,57,59,24,27,62,28,25,1,10,9,55,54,43,7,63,14,52,17,31,30,53,20,60,34,50,36,6,8,41,33,3,35,11,32,37,40,26,58,19,22,4,18,38,46,49,42,12,47,39,5
6,10,46,61,63,42,2,17,12,40,36,37,53,4,59,51,20,50,60,49,33,30,47,18,29,16,24,14,13,45,22,32,43,62,11,56,58,44,57,31,7,1,0,8,38,23,26,21,54,3,35,5,28,55,34,19,52,27,41,15,48,9,39,25
49,54,33,62,57,11,1,22,40,12,34,38,36,37,28,61,17,42,16,0,3,32,14,39,7,31,46,59,9,10,55,58,21,44,27,60,45,5,48,30,63,51,6,41,19,4,18,50,15,25,43,2,53,13,24,52,8,29,26,47,56,20,23,35
21,49,36,28,2,9,8,57,52,13,33,3,15,25,59,35,43,7,4,46,56,20,47,23,54,26,32,53,1,22,39,48,6,11,24,19,0,27,5,34,31,18,44,58,63,62,14,51,30,38,41,61,37,42,16,10,50,17,55,45,12,60,29,40
32,37,3,30,56,47,18,63,23,58,10,16,43,19,17,51,41,44,45,25,49,33,52,28,61,15,57,4,48,46,24,26,14,13,11,34,39,20,40,8,0,21,2,50,5,7,60,38,22,59,54,31,9,1,12,55,6,42,53,27,36,62,35,29
5,48,7,42,55,46,34,10,16,37,47,21,36,61,27,62,43,41,23,24,22,6,39,52,26,45,17,35,44,49,51,57,3,18,59,30,40,50,2,58,25,63,53,9,11,31,13,14,60,33,12,28,38,15,19,29,56,8,1,4,54,0,32,20
14,11,23,31,43,2,44,19,38,34,52,59,48,16,26,45,20,12,36,37,39,10,62,13,32,7,25,60,15,47,42,18,50,28,58,8,55,35,27,1,51,40,30,63,5,46,24,49,9,41,21,56,6,29,54,4,33,0,53,22,57,61,3,17
29,23,14,2,35,63,40,8,59,37,58,21,10,56,46,61,53,13,33,57,43,6,18,17,49,42,30,31,55,20,60,47,15,16,19,36,7,34,32,28,27,26,1,9,22,52,12,11,44,62,39,54,48,25,3,51,4,24,50,5,38,45,41,0
24,39,38,41,29,9,44,53,8,55,31,45,58,61,15,19,7,18,49,46,10,27,6,43,3,62,23,12,28,30,21,56,14,63,40,1,35,57,37,50,5,22,60,32,4,11,36,26,17,52,0,2,20,42,51,25,16,59,33,13,47,48,34,54
34,52,32,0,13,33,7,45,6,3,58,21,55,44,27,9,63,46,54,2,31,43,30,14,60,61,24,1,25,49,35,50,11,28,62,36,17,22,40,18,15,42,19,51,59,8,26,4,41,20,53,37,47,56,12,23,38,10,57,39,29,5,48,16
7,35,0,21,56,12,55,3,34,14,52,30,44,25,29,32,16,1,62,54,48,27,10,18,28,60,31,2,59,9,4,38,22,23,33,43,53,13,61,20,37,42,5,6,49,15,26,57,58,46,50,41,24,45,8,17,51,36,63,40,39,19,11,47
48,29,24,28,56,1,54,26,20,50,58,17,55,12,43,22,61,30,59,16,15,33,11,46,37,52,63,23,38,45,2,62,32,13,49,8,40,14,51,7,44,9,47,3,25,21,31,35,5,36,34,41,0,60,27,39,4,18,42,10,53,57,6,19
40,17,22,2,28,24,23,8,54,41,57,56,53,6,4,62,48,25,34,5,50,9,35,18,7,36,42,45,38,15,3,16,14,46,55,10,52,21,61,39,19,27,12,49,31,0,13,47,29,60,33,58,63,20,30,26,37,44,51,11,59,1,32,43
58,44,1,55,14,31,4,49,30,51,47,43,24,5,54,21,10,20,19,42,35,8,22,6,59,17,52,39,48,53,36,11,33,38,0,56,57,15,26,25,16,46,18,13,41,29,12,45,40,62,27,3,34,9,60,61,32,2,63,23,28,7,37,50
36,20,24,44,60,13,52,40,37,16,53,63,49,32,11,26,62,43,48,58,3,6,29,55,33,18,7,56,59,9,61,31,34,17,12,25,51,50,21,38,1,54,45,39,46,15,10,4,14,23,5,42,27,8,2,28,19,57,0,41,47,30,35,22
30,15,5,43,24,47,25,41,53,63,38,56,60,52,35,22,40,48,49,14,6,54,31,34,28,0,4,45,59,18,11,10,9,2,7,29,32,27,21,50,20,36,58,33,8,44,62,17,1,13,3,39,42,37,57,12,51,61,16,19,55,23,46,26
9,23,21,45,59,11,61,13,3,57,35,31,50,7,56,15,46,28,53,26,58,8,30,49,19,62,5,44,2,34,29,12,37,1,27,20,10,52,51,63,47,22,41,16,24,25,14,60,43,54,42,36,17,4,32,55,0,48,39,6,38,33,18,40
37,63,31,41,19,8,58,52,36,44,6,18,32,27,17,21,29,50,24,39,20,11,43,54,4,47,30,23,7,59,33,1,9,10,35,51,40,3,62,13,38,14,61,16,53,49,42,57,2,46,22,34,25,26,55,45,48,0,56,60,15,12,5,28
4,61,33,42,17,30,8,51,6,55,15,28,12,11,19,58,31,1,14,57,35,60,13,43,32,54,7,26,45,59,48,9,50,16,47,18,3,22,53,41,46,38,2,23,44,29,40,62,52,63,37,56,39,0,34,20,27,49,5,25,36,21,24,10
52,56,0,26,19,57,47,44,23,24,46,14,18,38,9,60,50,40,1,61,59,55,32,58,11,37,35,39,34,12,15,30,21,54,25,43,42,17,7,49,33,8,3,36,5,2,51,29,6,22,62,48,63,27,20,53,10,13,45,28,4,41,31,16
53,6,62,59,23,4,3,50,15,54,31,33,36,17,7,46,43,12,35,41,18,8,28,60,22,40,49,16,44,37,10,29,52,21,56,63,5,38,32,11,26,51,14,1,47,45,30,2,27,61,20,13,9,48,19,24,0,39,34,25,42,57,58,55
9,23,38,50,7,3,10,39,37,19,46,5,44,17,21,56,51,29,63,27,41,18,55,62,52,54,28,59,58,8,30,31,60,13,45,6,24,12,25,20,11,43,0,49,48,35,36,15,4,32,53,33,22,40,26,61,14,42,34,1,16,47,2,57
40,32,17,60,59,52,20,3,15,13,62,23,19,39,49,36,34,28,58,22,31,9,8,4,50,11,5,18,44,10,24,30,61,7,63,27,47,55,0,33,2,48,38,29,53,43,42,37,57,54,21,12,14,1,6,56,25,16,41,26,45,51,46,35
7,12,51,2,54,41,40,25,14,10,32,53,30,11,42,4,38,44,57,23,9,39,35,17,50,45,43,0,8,55,37,24,22,49,19,58,26,31,21,15,46,62,27,29,48,5,3,13,18,36,63,20,56,47,33,6,28,52,16,34,61,60,59,1
10,21,18,1,48,15,37,4,26,50,25,57,43,41,28,63,39,59,54,9,22,17,19,23,49,36,14,32,12,46,40,61,2,60,62,42,44,47,3,11,13,0,51,38,52,20,45,8,55,5,35,30,34,16,29,58,27,7,56,53,6,31,24,33
55,34,5,39,53,48,28,36,61,37,51,26,17,59,54,21,13,33,0,31,11,24,10,47,25,49,27,3,19,15,16,60,4,30,18,42,1,14,7,45,20,9,8,58,46,2,32,23,38,63,41,44,22,57,50,12,29,35,56,6,43,62,52,40
48,29,51,12,32,15,31,61,25,58,38,34,26,6,18,9,56,5,45,10,1,22,57,62,13,44,59,2,28,47,33,52,20,35,3,63,30,4,27,7,43,21,46,36,8,11,19,23,42,24,49,41,60,14,17,40,0,53,16,39,54,50,37,55
20,29,2,46,37,47,43,1,19,63,59,12,25,54,15,52,22,33,24,10,4,7,21,11,26,3,9,56,32,27,34,41,61,57,36,17,16,53,60,38,42,39,31,49,40,8,44,28,6,23,14,48,30,58,55,51,18,0,62,13,35,45,5,50
57,12,33,9,27,43,16,17,37,61,35,31,46,5,26,59,2,7,52,3,48,50,10,39,58,42,55,22,14,47,28,53,41,40,38,0,21,56,51,63,36,29,25,32,24,8,34,1,20,6,18,44,45,30,11,15,4,19,49,54,13,60,62,23
6,17,32,33,2,59,12,58,9,14,61,38,52,49,41,47,13,15,54,16,45,3,37,60,42,56,21,36,34,8,26,24,7,11,29,57,44,53,5,23,39,18,1,43,35,63,50,10,25,40,22,20,28,4,62,19,27,55,0,31,30,51,48,46
17,49,28,25,33,9,38,26,63,12,60,21,42,48,54,30,46,62,44,32,16,13,59,55,61,50,53,39,3,20,29,8,45,37,11,36,19,35,14,58,41,23,5,6,0,27,15,18,1,31,10,43,24,51,40,47,57,4,52,34,22,7,2,56
48,17,62,31,33,15,10,45,49,47,2,43,20,59,54,4,11,29,60,12,40,5,61,7,36,0,46,56,9,37,44,19,28,52,22,14,38,6,35,1,57,42,24,18,30,55,63,8,53,58,32,41,34,27,25,21,16,51,50,26,23,39,3,13
32,23,8,53,15,25,18,42,58,26,46,33,7,9,47,62,13,57,61,12,24,5,10,37,63,17,11,49,43,38,39,21,41,0,22,4,27,29,20,30,19,60,2,55,28,35,59,48,14,44,16,3,56,50,51,36,54,6,34,40,1,52,45,31
55,41,10,18,23,46,24,8,5,48,54,57,50,12,13,39,33,22,63,45,19,2,20,16,44,60,25,58,51,40,35,56,59,49,27,11,7,52,34,31,17,38,0,4,36,26,43,53,62,15,61,14,32,1,37,47,21,42,29,6,9,30,28,3
59,56,20,23,28,58,12,0,53,8,27,33,48,43,39,47,31,26,51,62,2,25,16,50,35,17,5,44,49,22,63,19,46,11,32,29,1,10,14,21,36,42,24,41,61,54,18,7,40,13,60,57,15,3,6,37,52,45,30,38,4,55,9,34
18,56,54,23,4,8,20,58,29,44,6,49,1,11,63,33,60,52,30,24,9,19,51,14,0,10,5,37,32,53,16,40,48,35,47,41,62,13,42,12,27,45,22,2,15,17,43,57,28,38,50,61,25,7,59,39,31,3,46,34,36,21,26,55
56,4,51,1,13,41,0,28,47,23,35,33,12,2,11,16,18,38,63,42,59,27,52,61,20,22,37,40,48,5,25,17,57,45,3,15,34,26,19,9,14,46,36,8,53,55,49,62,21,31,32,7,24,60,50,54,43,6,44,30,39,10,29,58
51,58,47,1,7,50,46,38,28,42,17,43,34,36,20,32,16,0,52,55,11,41,40,31,61,2,26,6,59,21,30,49,60,37,19,33,22,9,8,27,45,63,29,48,25,4,57,13,44,62,5,15,24,12,23,35,3,14,56,54,10,18,53,39
37,62,0,3,23,61,59,40,25,18,52,27,26,38,44,35,51,9,7,50,55,39,33,2,45,60,49,31,53,43,22,30,48,1,19,20,34,16,54,17,46,10,32,57,14,56,12,41,4,21,8,58,24,29,6,42,15,47,13,11,63,28,5,36
45,9,31,0,43,1,41,22,61,38,6,40,17,16,47,28,3,26,21,35,53,44,2,12,36,57,30,34,62,51,39,29,23,54,7,5,18,46,32,49,27,60,59,20,42,8,4,19,25,55,14,33,58,37,52,50,13,63,10,11,48,56,15,24
7,34,21,17,16,26,38,29,14,10,52,47,45,54,11,59,62,25,53,12,6,43,49,60,4,24,9,32,48,61,28,8,57,35,22,56,5,50,30,23,19,27,31,42,55,2,39,13,37,44,51,46,20,0,15,41,3,40,1,18,58,36,33,63
1,39,10,6,63,19,0,22,7,24,21,49,33,52,30,16,2,62,31,36,17,45,15,57,48,47,12,25,56,9,35,14,28,26,40,13,3,54,55,37,8,46,60,34,42,53,23,29,51,59,61,5,58,38,27,50,18,41,32,11,44,4,20,43
58,28,29,62,42,8,3,24,39,57,51,20,0,49,54,38,2,22,61,5,30,50,41,10,18,35,40,56,27,48,59,26,44,4,33,17,63,25,47,9,31,11,34,23,52,53,19,45,16,1,12,60,43,6,37,32,46,13,14,21,15,55,7,36
31,13,30,57,8,38,60,21,58,4,26,63,16,59,37,24,27,55,11,29,34,44,18,3,14,20,19,51,54,43,40,39,5,61,56,32,36,17,41,46,33,42,22,7,35,10,47,6,28,45,50,15,25,0,52,2,23,9,1,62,12,48,49,53
50,44,5,7,33,0,47,38,1,58,35,62,3,27,48,40,46,29,61,26,31,16,36,23,49,13,14,41,8,18,63,45,57,51,54,53,15,17,60,42,21,4,52,25,32,39,28,2,9,20,24,56,10,43,11,6,30,22,34,55,37,12,19,59
13,11,28,1,50,55,8,29,49,44,33,36,32,31,43,35,25,7,12,41,52,21,51,6,48,47,57,3,19,17,59,23,14,42,37,40,62,38,46,61,0,60,30,15,22,45,34,2,26,27,9,56,18,53,4,5,16,58,24,63,39,20,10,54
59,44,37,55,39,60,10,5,33,12,0,25,6,27,58,54,38,15,16,40,32,63,51,11,61,3,1,41,42,18,52,62,26,35,28,49,19,36,8,45,2,47,30,34,9,50,20,53,57,22,48,46,14,24,17,56,31,29,7,13,23,4,21,43
63,48,59,11,43,47,57,27,7,60,24,13,44,45,42,3,21,52,5,38,36,23,58,41,32,15,31,29,2,9,20,51,0,33,46,18,6,61,10,28,55,30,50,17,39,12,34,4,53,25,37,49,19,56,14,16,62,26,40,8,35,22,1,54
10,13,15,20,45,46,43,29,6,12,60,35,9,17,58,41,44,27,63,3,38,7,24,47,16,56,22,53,32,19,4,49,31,5,52,18,42,57,23,54,14,1,0,37,26,30,8,11,48,2,39,62,33,59,36,34,40,28,25,55,50,21,51,61
3,48,34,15,1,21,53,6,11,0,39,13,17,52,35,18,44,2,46,56,23,57,47,51,61,25,7,22,49,14,54,28,27,42,60,63,40,31,24,4,33,29,19,8,62,26,55,5,37,59,32,45,20,30,41,9,50,10,16,58,43,38,12,36
20,19,48,10,36,11,14,41,17,56,54,15,1,63,3,24,62,40,29,52,5,23,42,57,9,44,2,50,21,51,31,37,59,27,61,47,13,7,32,8,33,22,35,38,60,0,26,55,46,28,6,39,43,12,16,25,4,58,45,18,30,53,49,34
29,22,63,11,27,18,6,61,14,43,15,32,1,24,4,35,23,19,49,26,59,16,44,46,47,41,28,36,62,0,31,58,40,12,53,45,13,5,39,9,57,38,50,51,2,21,8,10,20,3,33,42,25,56,60,48,7,54,52,17,30,55,34,37
31,20,41,21,51,19,48,18,28,61,0,32,52,50,36,55,26,1,34,44,17,23,10,63,22,62,24,37,35,14,2,38,6,43,27,30,59,3,45,4,33,11,12,60,47,46,8,42,54,13,9,57,25,56,29,16,40,7,39,15,49,5,53,58
62,12,43,17,31,41,63,13,29,10,47,4,60,46,30,23,40,38,33,44,2,1,25,57,58,7,48,24,15,0,22,61,6,35,11,52,19,16,14,50,45,27,54,26,56,18,55,36,5,49,9,59,53,28,21,34,20,32,51,39,3,8,37,42
60,13,40,54,8,58,7,11,21,47,36,1,30,6,15,57,24,17,2,26,61,29,31,19,16,9,37,51,63,45,59,53,49,18,41,10,56,12,4,22,3,44,23,38,14,32,28,0,62,5,25,27,50,42,34,35,20,48,46,55,52,39,33,43
21,49,54,32,50,15,29,51,43,28,53,37,17,7,23,62,25,40,35,24,38,34,59,8,46,6,30,19,45,0,44,61,9,5,16,33,11,4,2,14,47,31,36,22,42,57,20,56,10,60,26,48,52,3,58,39,55,12,13,63,41,18,1,27
1,30,39,29,58,3,4,33,24,46,38,40,8,32,36,12,57,34,27,53,48,52,51,16,60,59,11,50,63,18,56,25,42,26,0,9,62,49,7,61,28,19,6,14,37,13,45,55,43,44,54,22,23,15,21,2,17,47,20,31,41,35,10,5
19,62,18,61,3,0,38,46,60,2,49,37,29,5,54,17,6,48,1,34,44,21,30,23,8,16,52,36,25,41,22,27,63,4,24,28,40,43,26,7,56,47,39,32,58,50,55,33,11,57,12,14,42,20,51,13,45,53,35,10,15,31,59,9
54,57,40,6,14,24,8,20,9,63,41,43,2,28,4,52,10,44,59,5,0,46,29,35,61,60,25,18,1,47,21,16,32,26,51,22,39,37,62,23,42,12,3,55,33,36,27,45,31,17,11,48,56,13,50,15,38,19,53,30,34,58,7,49
28,18,55,4,54,8,3,34,52,9,40,29,7,50,43,6,59,51,0,13,46,49,41,22,36,24,25,63,5,57,15,39,45,37,47,56,62,32,19,35,10,31,58,30,33,11,42,23,26,61,1,17,48,12,20,21,2,53,60,38,14,16,44,27
11,32,6,27,44,29,36,43,40,7,46,59,14,18,34,51,42,23,5,52,10,17,22,25,56,38,20,2,50,26,13,4,33,60,58,55,54,28,62,31,16,19,63,15,47,41,57,12,37,24,61,3,30,8,9,0,53,35,21,1,39,45,48,49
63,20,60,56,29,12,40,27,59,18,45,36,39,35,32,38,54,23,8,57,33,15,25,51,46,16,55,19,28,53,24,26,52,44,22,50,14,11,1,13,9,47,5,3,37,17,21,43,7,10,42,58,62,0,30,2,41,49,31,34,6,4,61,48
1,4,7,51,13,15,11,60,2,45,49,22,53,32,0,28,25,43,9,17,50,39,18,61,16,21,8,44,23,3,56,40,52,62,33,36,27,34,48,54,24,58,41,31,38,20,5,30,29,63,10,47,19,12,42,59,14,26,35,57,37,55,46,6
28,6,14,44,23,13,11,22,0,1,36,25,56,50,7,15,53,34,55,39,3,26,41,38,30,57,17,62,27,21,49,48,47,63,8,60,40,51,31,43,10,33,19,58,20,29,4,12,35,61,16,18,46,45,52,24,5,42,9,59,2,54,32,37
0,33,57,62,53,6,20,55,50,3,19,28,16,8,29,39,14,2,49,38,17,25,52,47,26,21,40,36,30,45,9,7,37,41,63,4,60,31,59,46,44,34,61,58,24,18,13,56,15,54,23,10,32,27,51,43,1,12,22,48,35,5,42,11
59,34,0,38,41,43,18,33,3,45,57,52,61,28,56,16,23,7,17,46,24,42,48,9,19,10,2,13,11,12,55,47,14,39,44,20,32,15,62,37,22,26,58,29,27,40,53,60,49,36,5,31,30,54,35,21,25,50,63,8,4,1,51,6
31,62,63,9,40,7,48,22,25,38,49,51,61,20,0,27,18,45,10,15,6,39,30,41,33,56,44,55,5,14,24,52,2,32,17,58,46,47,23,43,12,60,11,57,34,50,13,16,8,59,29,35,36,28,3,53,4,19,54,26,37,1,42,21
20,37,63,56,55,9,22,30,42,24,21,25,18,27,49,14,34,33,3,36,13,59,43,0,50,17,44,58,54,52,1,28,45,35,41,19,32,57,16,12,10,4,40,53,61,29,31,48,51,7,11,2,15,23,39,62,38,60,46,8,26,6,5,47
3,41,29,5,2,16,12,36,15,33,37,56,57,24,46,26,51,9,1,20,49,21,19,42,7,45,18,40,11,6,14,30,59,35,48,8,27,13,58,0,52,53,39,22,47,4,61,55,34,32,62,31,63,38,28,10,25,44,54,17,43,50,23,60
22,33,55,24,59,13,5,10,1,17,39,31,44,11,43,34,45,47,15,23,60,56,20,7,53,63,18,41,49,48,26,27,9,0,19,42,35,62,58,6,12,32,14,29,4,21,36,16,38,37,57,28,8,25,50,3,2,52,46,61,40,30,51,54
45,11,1,12,10,33,31,54,50,2,21,37,35,28,36,38,13,59,30,56,40,5,34,62,23,7,41,3,49,20,19,4,0,47,32,57,24,60,51,44,17,14,52,61,9,48,43,29,8,53,63,16,6,58,15,39,55,25,27,46,42,26,18,22
27,48,60,19,47,1,39,45,2,0,46,55,32,37,18,62,38,23,29,30,49,25,17,21,57,12,10,16,20,53,14,15,43,63,24,33,42,35,56,31,9,4,41,5,22,7,13,6,40,59,8,26,44,52,34,61,3,54,36,28,51,58,11,50
15,9,27,18,17,29,10,39,2,11,35,23,13,4,49,54,57,26,47,45,40,55,42,58,60,61,33,52,62,63,28,25,48,12,0,50,43,7,19,51,32,5,24,34,53,46,38,6,16,8,30,14,21,41,36,3,20,37,59,22,31,56,44,1
33,41,13,38,61,57,45,35,2,46,4,42,29,49,51,32,36,0,3,19,8,21,53,20,6,44,37,55,59,60,10,31,11,43,58,7,30,52,12,9,50,17,15,63,25,47,14,1,48,18,34,24,39,22,54,40,5,28,27,26,62,16,56,23
12,22,60,53,36,37,43,62,24,45,29,38,30,3,10,40,46,54,39,52,42,57,32,6,20,26,7,2,50,58,27,55,31,41,34,61,51,19,23,25,5,47,63,13,8,21,9,0,59,16,18,48,4,35,14,17,33,15,11,44,1,49,56,28
26,17,20,34,30,3,57,47,7,46,15,52,4,51,61,22,53,39,62,48,8,16,25,21,23,59,12,2,0,29,58,9,32,14,49,50,28,37,35,19,6,10,33,55,41,18,56,27,45,31,11,42,40,5,36,43,44,60,24,63,54,1,38,13
29,62,42,53,6,36,3,55,49,4,35,22,17,58,8,50,25,43,31,32,18,26,33,54,39,40,60,13,21,19,34,47,7,57,9,11,44,12,14,24,5,41,15,63,30,2,0,61,23,52,1,28,27,48,20,56,38,16,37,51,10,59,46,45
6,38,62,16,26,15,17,31,25,24,57,13,7,39,12,1,61,47,35,22,5,49,63,8,36,28,34,48,9,20,52,29,45,14,53,58,40,4,19,56,23,50,2,55,54,37,43,3,32,0,51,10,44,41,42,59,18,30,33,46,21,60,27,11
22,20,29,39,12,25,2,40,6,42,35,7,54,26,13,50,36,10,46,16,30,38,59,18,61,52,60,58,41,44,15,55,49,33,24,53,17,51,28,5,63,14,43,19,27,45,3,57,11,4,1,34,37,56,23,48,9,31,32,0,21,47,62,8
13,63,48,33,44,45,42,40,61,16,4,51,31,38,26,9,29,27,41,35,23,34,57,11,50,30,25,12,54,19,49,8,10,14,24,46,17,6,32,56,59,43,21,7,2,15,62,0,18,58,1,39,28,36,53,20,22,37,3,47,55,60,5,52
12,30,40,25,44,1,42,10,24,22,46,49,60,31,0,5,50,6,58,26,41,16,48,32,56,11,20,57,7,21,28,27,51,2,63,43,19,45,34,23,39,47,17,37,38,13,54,3,59,8,52,61,29,36,33,53,62,35,18,9,55,4,14,15
60,13,42,10,20,59,28,54,26,18,34,19,35,33,31,50,43,25,62,2,36,1,39,29,41,0,17,12,49,3,53,40,11,23,56,5,6,24,16,38,4,44,45,9,21,46,27,7,22,57,58,61,32,15,37,55,51,63,52,8,14,47,30,48
44,24,8,43,57,26,13,32,51,40,34,53,7,1,15,50,36,30,41,6,27,11,18,23,3,52,45,60,55,63,2,25,47,35,39,46,48,42,54,21,58,4,38,20,9,33,37,49,5,19,28,22,56,29,61,17,59,12,62,31,14,0,16,10
6,44,19,33,0,12,60,43,56,50,61,49,2,27,41,46,31,23,54,57,59,34,18,48,8,42,55,1,28,13,53,11,5,22,17,3,26,38,14,21,37,20,62,58,16,35,10,7,36,29,45,25,30,9,39,47,63,15,40,32,52,51,24,4
39,14,19,5,23,52,0,22,36,54,35,26,1,61,3,29,28,53,34,46,42,50,38,6,17,21,16,20,41,37,30,12,31,24,7,56,18,27,45,10,2,4,48,58,33,60,13,59,57,8,47,25,55,32,62,43,63,44,51,9,11,49,40,15
52,53,28,17,37,19,35,51,48,1,13,9,3,54,45,29,63,10,58,27,14,31,26,0,22,47,16,43,44,34,62,30,55,12,2,60,25,21,36,18,59,38,5,40,39,24,57,15,8,50,49,32,61,20,11,23,4,33,6,56,41,42,46,7
7,46,14,54,3,11,29,40,0,43,62,6,13,26,1,38,41,22,4,24,44,58,8,10,12,63,47,60,48,2,31,5,34,9,39,55,51,28,25,53,56,35,57,30,36,16,45,18,21,23,42,20,52,27,17,15,49,19,59,37,32,33,50,61
58,43,35,10,23,20,40,19,63,17,50,16,49,7,5,25,46,44,15,28,12,37,4,13,54,1,0,3,29,11,22,42,2,53,31,6,30,41,45,8,33,59,34,27,9,57,24,39,36,62,26,48,21,51,61,55,47,38,32,52,14,60,56,18
44,28,24,51,37,34,57,55,25,60,10,31,59,56,36,29,53,48,12,52,54,8,33,35,43,38,40,32,22,21,3,4,42,5,41,15,45,23,6,58,26,16,47,20,2,9,1,39,49,30,19,0,27,63,17,14,46,61,62,18,7,11,50,13
48,20,63,3,21,19,1,35,5,9,44,28,57,8,11,62,17,6,31,29,32,45,46,55,49,37,26,53,54,42,2,0,16,38,60,23,51,7,12,41,24,33,22,40,43,59,10,61,14,39,4,18,30,52,25,58,34,13,36,47,50,56,27,15
60,4,3,41,29,24,50,14,61,8,28,58,62,40,56,0,54,59,45,20,7,16,21,27,63,13,25,26,39,52,43,57,38,49,17,48,36,23,37,46,30,19,34,31,1,47,6,32,33,10,44,18,12,15,42,51,53,55,11,35,9,5,2,22
45,55,58,22,54,41,48,12,3,49,30,19,4,59,24,0,26,11,1,27,46,25,62,23,20,57,6,28,40,52,38,60,15,9,21,5,34,36,35,29,16,56,32,18,2,63,13,50,39,53,37,10,31,44,8,43,7,61,14,47,17,33,42,51
25,7,6,29,20,26,63,45,27,59,1,0,40,30,19,16,53,28,35,11,49,42,34,24,33,48,47,44,31,57,41,17,36,60,37,12,62,61,55,46,39,56,58,23,10,9,18,43,4,32,8,38,22,51,54,2,50,21,14,13,15,52,3,5
49,23,15,40,17,36,6,18,54,21,39,57,44,32,46,26,42,27,38,37,3,12,43,53,62,34,25,50,19,51,0,47,41,35,24,10,61,16,59,5,1,4,22,13,60,33,55,58,11,52,8,48,7,14,45,2,20,30,29,28,63,31,9,56
51,55,47,39,41,26,60,54,32,58,25,0,7,38,49,17,22,21,53,56,18,62,16,61,33,31,40,14,35,13,11,50,59,27,19,28,45,1,29,8,20,36,63,9,15,37,4,52,42,6,34,30,5,10,24,44,48,3,23,46,43,57,12,2
10,21,7,35,12,16,47,38,46,9,41,27,24,59,60,53,55,20,23,25,42,5,51,18,36,58,45,39,40,15,2,19,54,31,49,48,44,28,3,30,43,22,4,1,52,29,63,26,0,33,8,56,57,13,14,62,34,11,37,6,61,50,17,32
38,25,5,58,49,35,27,60,55,48,20,33,37,34,3,11,17,19,30,53,6,0,16,36,41,52,10,42,40,43,18,23,1,54,2,26,63,21,29,28,9,46,59,45,4,39,7,24,22,62,56,12,44,61,31,15,8,47,13,32,57,51,14,50
56,52,60,53,20,26,14,17,11,5,37,41,43,42,55,2,62,7,25,50,38,3,39,18,21,47,15,63,48,13,33,57,12,29,0,44,23,36,46,19,59,22,34,30,10,31,6,58,40,4,32,24,8,49,61,45,1,9,54,16,28,27,35,51
20,0,31,6,29,38,58,57,46,41,48,10,14,3,60,42,15,21,27,40,45,30,50,17,7,32,59,19,13,56,8,25,43,9,63,35,24,39,55,4,26,62,37,36,34,18,1,33,47,44,22,49,16,12,11,2,54,53,28,23,51,5,61,52
43,63,29,35,48,62,27,31,8,45,17,9,37,11,10,46,7,28,57,49,25,53,47,4,34,58,56,51,41,5,32,18,21,61,16,55,19,22,39,44,30,3,6,12,26,52,24,23,2,60,42,1,33,38,0,36,54,50,15,20,40,14,59,13
15,56,53,32,21,51,16,25,44,62,37,10,61,50,33,49,27,9,11,13,39,58,42,35,63,46,7,45,30,22,18,59,38,48,28,20,5,57,31,19,34,60,17,8,29,26,6,2,4,3,41,40,24,55,23,14,52,36,0,43,1,54,47,12
6,7,12,18,11,25,57,61,42,34,33,59,19,10,38,15,27,55,62,29,63,5,51,60,32,21,54,16,47,23,50,9,44,2,20,56,3,36,53,1,39,37,43,31,45,35,4,46,41,13,58,0,40,17,24,22,8,49,26,14,28,48,30,52
21,59,18,7,43,23,55,13,12,53,34,2,46,25,42,28,30,10,29,37,1,57,51,19,27,44,31,36,52,22,41,9,0,6,5,58,4,38,50,14,26,49,17,11,56,33,47,32,15,24,8,54,40,60,16,20,62,3,48,39,35,63,45,61
44,57,14,52,55,13,53,4,46,15,10,20,40,8,1,34,24,26,42,5,17,0,6,22,25,51,12,45,56,38,3,27,30,31,19,63,48,61,18,43,29,47,39,21,7,36,54,16,37,59,9,49,60,32,28,62,33,50,35,2,41,23,11,58
60,34,15,12,2,36,6,24,8,40,23,41,10,39,63,9,13,58,19,61,14,25,38,29,53,45,20,56,44,16,17,31,28,22,47,42,18,33,4,3,52,54,37,11,49,46,51,48,21,1,5,59,32,50,35,27,57,26,0,62,55,7,30,43
2,10,17,34,30,63,43,19,53,3,4,36,38,50,49,1,8,57,61,20,47,60,33,56,42,11,51,46,35,15,44,7,37,48,58,21,6,14,25,52,29,24,26,0,39,22,31,16,18,32,45,12,55,5,28,41,9,27,59,23,13,54,40,62
43,30,35,59,32,26,11,14,41,49,44,10,27,7,15,21,9,17,18,25,19,62,24,23,0,45,6,29,58,40,37,55,2,51,34,5,50,61,28,38,39,60,46,4,57,53,48,12,33,36,1,42,31,56,20,47,22,52,63,8,13,3,16,54
16,56,47,14,51,2,37,53,19,18,4,33,46,55,5,24,20,45,41,62,57,54,17,26,27,50,25,7,60,3,43,11,12,0,10,36,32,61,21,40,15,9,49,8,59,48,63,34,39,13,38,29,42,35,31,6,1,44,28,58,52,30,22,23
25,21,55,6,63,44,0,2,13,57,20,38,22,35,11,59,62,42,29,60,7,12,34,9,10,50,23,43,30,27,56,28,40,54,16,31,17,3,53,51,18,36,52,32,37,45,4,49,8,46,48,24,61,15,47,19,14,5,58,39,1,33,26,41
8,5,12,19,32,44,47,17,61,54,21,46,1,48,23,24,49,62,51,3,27,22,20,37,6,63,57,29,45,43,7,9,33,56,26,10,13,59,15,25,30,34,41,39,50,53,16,4,38,31,0,2,11,58,42,36,52,28,18,35,14,40,60,55
53,36,23,33,12,63,54,38,21,13,26,58,20,27,25,59,5,6,28,35,37,50,4,2,43,16,47,8,24,10,41,44,52,22,17,1,61,30,29,3,34,32,62,48,19,18,0,60,42,46,14,9,31,11,56,39,15,49,51,40,57,55,45,7
57,20,54,30,4,19,49,7,16,33,60,11,2,62,5,10,63,38,56,25,9,41,31,46,36,29,24,61,35,48,12,53,44,34,39,8,50,40,47,15,6,13,37,32,22,59,21,18,28,0,27,45,3,42,51,14,52,26,17,1,55,23,43,58
5,58,52,61,17,25,23,14,46,44,31,15,41,37,42,11,24,54,6,49,20,35,57,18,34,51,59,40,29,16,2,38,27,39,28,45,3,1,32,50,63,9,7,53,56,4,26,55,60,8,21,33,43,47,30,13,62,48,10,12,19,22,36,0
37,2,33,43,9,36,4,44,54,55,35,47,11,52,40,3,41,31,6,46,0,19,60,16,56,27,23,63,32,34,38,51,1,21,10,45,29,5,48,59,61,12,25,14,30,53,28,49,50,26,8,7,18,39,13,57,22,15,58,42,62,17,20,24
43,37,55,4,40,52,29,58,50,22,48,20,44,62,21,12,60,56,53,8,42,30,49,0,11,61,5,32,23,9,31,45,63,46,3,57,25,18,36,54,16,14,59,7,1,6,19,24,33,10,34,27,26,47,17,15,13,38,39,28,2,41,51,35
57,54,15,19,28,30,49,37,22,43,4,51,41,48,35,59,17,60,58,18,9,39,47,50,14,53,21,31,63,45,55,25,40,62,34,56,10,36,1,11,12,7,8,26,20,61,33,32,0,13,52,5,24,16,38,42,29,3,23,44,46,27,2,6
26,59,50,0,10,62,18,44,25,61,29,51,53,7,52,28,5,63,11,17,14,57,22,33,34,41,23,12,37,49,8,16,46,6,31,19,20,30,55,32,35,47,60,58,24,42,45,48,2,39,3,13,43,56,27,15,1,40,4,54,38,21,36,9
38,22,15,43,31,30,8,57,3,26,25,1,27,18,60,41,11,47,24,56,28,33,55,13,23,58,21,40,39,46,19,4,49,20,63,35,51,62,34,37,45,12,53,14,29,6,42,17,54,16,59,50,5,0,10,32,9,7,48,2,52,36,44,61
19,12,46,31,29,36,41,10,62,4,54,14,39,28,49,47,11,22,58,13,30,18,9,33,38,55,59,32,27,40,56,21,44,42,20,5,3,16,2,1,25,37,45,15,35,48,43,63,17,57,24,7,34,6,23,52,53,8,0,26,51,60,50,61
50,31,58,14,21,11,20,59,9,17,29,62,15,51,60,8,16,43,49,3,42,57,33,22,45,63,38,12,25,13,7,24,34,4,1,56,37,26,0,30,28,19,61,47,27,53,36,23,41,5,54,10,39,32,52,48,18,55,35,46,6,40,44,2
1,7,39,29,57,48,42,41,24,47,25,34,37,12,28,22,33,27,26,5,15,18,44,56,36,61,32,2,31,16,40,62,46,21,35,38,54,19,4,20,3,58,11,23,59,6,55,52,14,30,17,9,13,8,63,49,0,51,50,10,45,53,43,60
31,56,44,5,61,0,39,30,28,8,20,26,6,22,49,23,38,57,55,27,37,36,15,41,45,40,59,1,33,13,2,21,51,12,25,46,60,62,9,43,24,19,47,53,54,3,29,11,18,17,58,50,48,42,35,10,32,14,4,16,7,52,63,34
18,54,36,15,46,43,24,4,1,16,47,0,22,19,38,50,63,60,49,58,8,26,6,48,31,59,45,32,10,52,33,53,55,7,44,25,23,30,20,27,9,42,35,56,37,28,5,61,62,14,2,29,13,11,51,3,39,21,41,57,40,12,17,34
10,11,18,29,52,27,25,45,51,53,30,8,7,41,43,3,48,13,36,23,44,62,31,42,17,47,24,57,40,5,63,38,15,37,14,19,35,0,60,12,54,46,4,59,22,50,32,28,56,33,9,34,2,1,55,58,20,49,6,26,39,21,61,16
10,27,32,42,23,39,56,8,41,11,57,44,29,35,2,47,40,5,43,20,58,33,14,38,48,59,60,3,26,6,0,34,21,22,62,30,37,53,63,49,9,25,17,45,1,46,12,7,61,31,4,54,15,16,50,18,13,52,55,24,36,51,19,28
48,10,54,62,56,33,24,12,45,6,40,20,51,18,9,37,14,53,21,39,8,17,47,43,63,34,59,11,61,49,36,0,3,35,41,52,27,32,15,30,22,7,38,1,23,58,19,46,29,13,28,5,50,42,4,16,2,44,26,60,31,57,55,25
41,29,24,63,35,34,17,59,22,28,2,44,20,58,3,0,8,23,57,6,46,18,50,21,11,31,55,1,49,62,38,53,4,51,9,27,15,30,16,60,19,61,48,43,25,37,33,5,52,40,36,56,32,42,26,14,12,47,45,39,13,54,7,10
21,28,0,46,63,44,27,34,57,37,62,36,24,58,10,49,4,26,50,60,7,13,43,25,19,3,47,12,59,11,9,30,8,16,39,61,31,22,40,20,32,18,56,14,52,15,17,23,29,45,2,33,41,6,48,42,38,35,1,51,54,53,5,55
33,15,52,37,9,54,32,38,56,25,4,10,35,0,27,41,47,6,51,20,28,1,31,63,24,44,12,42,45,55,21,26,11,19,17,36,14,23,62,49,16,34,50,29,2,58,40,53,46,7,3,13,30,43,60,39,48,61,5,57,8,59,18,22
55,5,22,48,42,27,28,6,63,49,3,39,47,51,23,13,32,62,4,17,30,56,31,58,61,21,45,9,52,1,2,53,12,20,36,37,34,29,15,24,7,18,57,59,44,60,41,11,50,38,14,8,43,25,40,35,16,33,10,26,0,19,54,46
35,25,39,20,44,16,7,34,1,50,21,52,18,2,59,15,27,5,58,0,13,47,56,24,22,4,54,26,49,30,53,41,55,28,3,61,63,45,62,29,48,40,6,36,8,38,10,12,17,43,23,57,42,19,33,37,11,31,32,9,51,60,14,46
39,43,3,24,1,31,30,25,62,51,11,38,5,18,52,21,27,17,7,47,32,41,53,2,56,46,59,19,60,26,4,6,15,23,49,54,45,50,8,61,48,28,42,9,57,44,36,29,33,0,55,35,63,12,16,37,14,34,22,13,10,40,20,58
31,47,27,16,45,51,22,9,8,12,28,30,53,54,32,59,4,62,20,49,15,24,52,11,7,38,26,1,37,17,50,3,61,14,60,21,55,40,18,41,56,43,58,35,10,2,34,46,23,63,13,36,19,57,6,29,33,5,44,0,39,42,25,48
57,41,21,54,62,44,48,1,36,43,38,63,28,0,23,19,34,26,50,49,7,61,56,60,59,58,42,27,25,24,51,35,32,39,20,8,16,30,5,53,11,22,40,2,31,47,52,15,33,18,3,6,55,29,12,45,9,10,14,46,4,17,13,37
5,26,17,21,13,41,60,39,8,19,36,57,50,61,54,45,22,51,23,0,24,43,20,15,29,16,49,32,42,58,31,30,53,52,2,11,44,4,12,28,62,47,3,18,7,59,56,25,48,33,9,10,6,55,14,35,27,37,38,46,63,34,40,1
36,59,15,34,17,12,37,55,8,39,21,44,45,51,26,24,9,3,53,10,62,16,58,6,49,54,56,28,5,47,31,20,40,11,1,32,42,30,0,29,35,43,50,13,4,60,18,48,57,22,14,25,46,23,19,7,33,61,52,63,38,41,2,27
54,63,48,17,8,11,58,5,27,42,26,61,39,18,1,45,21,38,12,23,52,55,43,3,33,4,56,36,51,40,19,6,20,47,59,7,53,62,0,49,29,30,44,24,50,16,32,22,57,10,46,25,37,35,15,34,2,28,9,14,13,60,41,31
15,51,16,28,54,53,55,23,3,47,7,1,8,40,50,56,38,63,41,26,14,18,0,25,22,45,46,32,4,12,11,42,24,58,33,61,39,21,10,9,44,20,57,48,34,6,36,60,62,49,59,19,37,30,35,27,31,17,29,5,43,2,52,13
50,18,49,32,52,45,31,6,59,56,63,38,17,8,10,37,61,20,13,42,33,14,39,15,2,58,0,7,41,30,21,23,46,40,51,11,44,47,26,24,9,1,28,29,19,5,22,53,55,48,35,16,12,3,25,36,62,54,43,4,60,57,27,34
18,2,52,10,53,32,3,21,29,28,42,6,19,63,25,56,59,17,54,60,31,58,45,62,39,48,26,51,40,38,44,22,5,12,16,57,14,4,30,27,41,47,35,37,11,13,49,0,34,55,20,43,9,46,33,50,1,23,24,36,7,61,8,15
28,36,44,30,18,20,43,12,55,31,47,23,45,1,62,15,17,2,49,52,10,42,22,32,6,9,54,25,58,5,51,37,33,0,63,8,21,19,27,35,16,50,59,61,56,38,24,57,40,14,13,46,11,34,41,48,53,29,7,39,4,60,3,26
51,26,49,19,13,23,56,7,12,40,55,10,34,62,46,3,48,53,47,52,35,1,9,11,25,14,15,30,20,41,59,63,32,50,31,27,60,16,21,58,42,18,61,4,45,57,28,33,54,5,36,0,38,6,17,39,37,22,2,8,43,44,29,24
6,2,52,15,28,44,30,0,18,49,12,39,63,29,36,9,45,51,31,21,50,4,26,40,14,3,57,53,42,55,60,58,32,20,24,33,25,27,37,23,10,48,43,61,19,7,47,13,8,5,35,17,41,62,1,34,59,46,16,56,22,38,54,11
40,52,0,14,32,11,6,35,2,54,42,23,53,59,48,15,17,57,24,49,43,36,39,20,63,13,29,12,38,34,41,28,31,56,45,60,47,37,3,30,5,51,19,18,9,61,21,26,44,62,16,50,22,10,46,8,33,27,4,58,7,25,55,1
47,46,61,3,29,41,50,7,18,26,1,53,20,22,33,11,4,57,27,13,6,30,35,49,19,23,17,42,52,32,62,14,0,37,28,21,15,54,31,25,9,45,51,48,43,40,60,36,56,38,58,55,24,12,10,39,63,59,44,5,16,34,8,2
25,17,56,51,54,21,55,28,36,30,29,16,35,34,46,19,43,11,2,33,39,8,42,7,0,57,5,22,27,58,53,52,12,41,13,9,61,38,31,4,44,1,3,50,59,62,37,24,45,23,20,40,47,48,49,6,63,18,15,60,10,26,32,14
45,47,50,26,49,7,32,0,3,23,14,36,37,5,22,39,12,51,20,24,34,21,18,54,41,27,46,56,38,61,43,44,4,31,55,60,28,30,52,11,59,19,48,33,58,62,16,29,40,6,63,8,2,10,53,25,35,42,15,57,17,9,1,13
26,12,50,32,45,40,41,3,20,36,1,10,33,7,9,52,55,51,19,54,53,27,34,4,6,13,15,21,47,24,46,0,42,44,58,31,2,25,59,30,63,35,62,5,39,61,37,28,16,22,48,57,60,49,29,11,18,14,17,23,38,56,8,43
42,39,23,18,36,29,6,32,13,3,5,17,21,4,1,62,38,20,27,52,53,51,60,15,61,58,59,54,44,7,37,16,33,9,50,47,2,35,30,11,19,8,48,31,12,41,45,46,22,40,28,0,25,43,56,63,57,14,49,55,10,26,24,34
46,21,11,7,27,4,49,31,14,39,8,2,36,32,25,59,38,56,10,60,22,18,63,58,62,23,12,33,1,6,15,41,3,34,0,47,30,26,54,45,17,28,20,52,13,42,55,43,37,48,24,51,53,19,35,16,40,44,5,61,50,9,29,57
31,33,61,4,50,60,20,51,21,62,13,55,27,43,14,39,7,37,44,10,24,9,26,18,35,59,32,57,47,40,3,11,6,49,28,0,63,8,46,41,1,54,16,53,5,23,19,30,38,42,22,48,12,29,15,17,58,2,56,45,25,36,34,52
5,15,42,28,3,1,47,32,60,52,16,62,13,2,21,53,20,34,17,61,59,46,56,48,41,63,19,9,36,0,50,51,33,27,40,58,44,39,37,49,29,18,54,11,35,38,24,7,57,4,6,31,23,10,45,26,25,43,12,30,55,14,22,8
32,39,12,41,45,62,60,9,48,46,11,56,49,59,20,3,61,13,58,37,26,15,0,14,44,47,23,54,4,43,51,7,5,8,2,34,18,27,1,22,10,24,28,25,42,17,38,33,36,29,16,63,52,6,57,31,40,50,55,35,21,53,30,19
52,16,15,26,55,45,33,31,44,58,35,18,36,25,23,62,51,12,59,17,30,38,1,39,11,49,3,10,56,2,42,7,61,8,27,24,53,48,6,41,21,20,22,14,40,13,4,29,5,0,19,34,32,28,43,50,37,9,47,57,46,54,63,60
15,8,9,31,54,29,61,44,27,45,3,2,19,26,60,52,34,6,32,42,53,50,55,57,36,35,14,51,20,4,21,1,30,13,24,63,58,10,59,43,47,5,49,39,48,40,0,16,18,7,25,11,38,41,37,56,33,22,46,12,62,17,28,23
5,21,43,31,22,45,54,37,63,53,30,25,20,51,6,0,57,4,19,60,35,17,28,50,9,29,49,27,18,26,33,48,12,11,15,13,61,36,47,52,41,44,42,55,62,10,34,8,38,23,59,24,40,14,56,16,1,2,32,3,39,46,58,7
27,11,7,32,2,54,18,31,42,34,12,4,22,39,51,58,29,40,13,35,50,23,16,36,33,46,47,48,53,20,61,38,43,49,9,62,41,15,28,10,63,21,17,44,19,57,25,56,59,0,14,45,5,60,26,52,3,24,30,55,37,6,1,8
31,10,13,39,12,27,17,5,36,53,16,55,49,46,7,34,28,3,14,0,30,26,33,1,22,41,15,32,63,62,29,9,40,24,18,19,57,43,37,38,51,25,56,20,60,8,35,59,58,11,45,23,42,47,54,44,48,2,4,21,6,50,61,52
22,46,29,1,18,58,41,38,53,49,26,4,31,17,0,28,25,20,27,12,54,50,21,51,48,63,35,62,37,57,43,16,44,32,10,55,59,36,39,7,2,9,61,14,33,15,42,6,40,24,60,5,56,23,19,34,52,3,30,8,13,11,47,45
15,1,0,37,23,13,49,11,25,63,32,16,14,33,52,18,60,26,2,19,57,10,20,9,46,61,3,35,43,62,4,12,7,24,38,48,39,50,6,36,30,45,27,8,56,55,44,42,21,53,17,41,34,47,29,54,58,59,28,31,22,40,51,5
54,35,12,43,63,8,4,18,53,15,61,39,20,1,42,28,44,40,50,23,32,10,21,2,22,11,62,33,58,36,56,5,55,60,57,46,51,6,26,34,38,9,0,16,3,29,7,47,45,25,41,31,59,14,48,27,13,37,17,24,49,19,30,52
58,62,52,35,24,55,56,29,57,32,15,47,21,49,26,38,51,25,7,14,41,20,19,44,22,34,63,16,6,27,10,18,43,39,50,4,31,23,61,28,36,8,45,46,48,11,37,12,9,42,3,2,17,54,60,30,53,33,0,13,1,40,59,5
0,11,45,37,14,17,32,27,55,50,12,23,48,18,20,41,36,9,25,52,7,24,49,53,63,6,43,3,57,42,31,33,16,62,60,19,40,26,35,34,10,4,38,54,30,47,5,29,15,44,56,46,28,51,39,1,21,59,61,8,13,2,58,22
34,58,5,30,4,12,57,59,25,9,50,55,62,53,37,40,45,41,15,51,63,38,10,17,0,54,14,11,24,29,26,39,48,16,47,27,28,6,7,19,18,44,61,22,42,32,31,36,56,33,20,1,3,46,23,49,21,2,35,60,52,43,13,8
13,8,24,35,2,39,60,44,16,11,45,53,63,48,19,52,42,36,25,14,23,18,0,61,34,40,55,17,21,56,29,3,6,1,54,7,49,15,57,38,12,5,9,50,4,28,33,30,51,32,22,41,27,58,31,62,43,37,26,20,46,47,10,59
4,40,2,43,31,0,8,12,33,56,50,61,63,3,39,15,34,6,41,48,22,5,20,19,9,59,45,21,60,25,13,11,51,58,32,37,1,26,10,18,27,28,52,53,57,38,46,35,23,16,30,7,17,29,44,47,36,42,54,62,49,55,24,14
28,8,62,16,26,6,49,2,40,48,15,54,14,34,24,7,58,0,11,30,60,37,51,38,33,41,20,59,31,36,56,47,1,27,18,22,46,9,55,4,21,23,12,63,19,45,53,13,43,50,10,17,29,61,25,32,52,5,39,57,35,3,42,44
13,28,54,9,5,18,38,40,47,61,48,53,27,31,3,2,55,10,63,44,46,50,41,22,29,34,8,37,4,6,0,39,14,45,15,11,17,59,43,20,56,51,62,23,60,30,12,52,33,42,19,49,58,1,7,16,26,25,57,35,21,24,32,36
41,16,58,25,46,26,54,50,62,44,36,17,28,13,32,19,37,18,30,33,31,9,39,20,29,14,23,7,56,59,55,57,2,61,6,63,51,53,24,27,48,11,43,45,47,10,35,8,42,21,12,3,34,49,5,0,60,38,40,22,1,4,15,52
60,37,40,5,56,34,42,36,54,0,41,63,38,43,16,20,50,27,21,48,17,52,35,28,9,15,19,49,46,13,4,7,45,30,11,18,29,61,12,14,33,44,24,8,2,10,22,6,57,58,26,62,32,55,25,1,53,23,51,3,31,39,47,59
28,50,59,44,19,2,27,15,4,56,60,61,62,18,42,55,14,47,7,51,22,37,54,5,53,10,13,30,0,39,26,9,16,32,43,29,36,1,31,6,38,23,17,21,41,48,63,8,52,24,25,11,45,46,12,33,49,40,35,58,20,3,34,57
0,13,31,44,29,15,34,1,12,30,54,27,24,22,61,25,8,28,42,7,55,36,57,5,6,53,43,45,58,41,40,20,52,38,2,37,39,4,59,62,26,9,10,17,47,16,23,56,48,35,21,46,32,50,51,3,14,49,63,18,19,11,33,60
29,52,25,24,0,20,17,58,41,27,60,54,55,4,16,11,62,18,2,43,49,51,38,14,39,30,31,5,23,42,53,6,45,61,8,40,15,63,22,12,59,32,44,50,56,7,46,10,26,3,9,34,37,47,21,35,19,28,48,36,1,33,13,57
8,1,5,28,47,40,59,30,21,3,24,43,50,13,31,22,11,58,27,4,16,61,33,6,49,32,37,45,34,42,62,12,60,29,15,10,23,48,54,46,41,25,18,57,51,55,36,38,52,9,39,44,19,7,35,14,53,2,56,0,26,63,20,17
23,37,46,31,36,61,58,17,48,19,56,1,16,25,54,53,63,60,40,45,10,34,49,28,51,35,2,7,5,4,3,29,42,59,41,39,14,12,33,47,55,0,32,22,27,6,50,43,24,30,57,13,52,26,15,20,38,18,62,44,11,21,8,9
40,31,10,16,53,14,54,12,11,63,56,60,59,34,17,58,20,57,19,46,22,9,13,2,21,7,8,42,47,1,28,48,62,32,4,43,51,36,52,49,15,61,41,5,50,35,55,38,6,45,44,0,23,25,18,24,30,37,33,29,26,39,27,3
40,35,0,7,60,22,30,12,10,27,24,19,54,42,44,51,2,31,26,46,47,23,36,8,21,63,53,18,37,25,52,29,58,1,59,41,16,9,28,6,39,48,17,20,34,55,62,3,33,50,11,43,4,5,56,13,38,45,32,57,49,61,14,15
45,58,50,47,18,17,34,56,19,10,57,23,46,53,4,3,12,14,32,40,37,22,7,51,30,2,16,60,63,48,9,54,43,0,44,31,35,28,42,13,21,52,59,29,49,1,62,20,25,26,11,5,24,8,15,33,36,55,6,39,27,61,38,41
22,37,47,20,45,24,36,44,23,53,7,0,11,33,56,16,52,58,34,14,31,60,49,40,3,30,28,59,13,32,57,55,41,18,5,1,25,21,10,19,54,51,6,35,63,15,12,9,61,42,17,4,8,46,27,26,48,50,29,39,38,2,62,43
49,61,18,53,52,8,57,36,63,19,11,55,9,7,12,37,20,0,43,41,60,50,14,22,5,16,30,2,42,29,10,24,3,17,4,51,47,35,48,31,38,13,23,27,46,58,15,44,25,33,28,26,54,21,40,45,59,56,6,62,39,1,32,34
3,7,4,22,18,0,30,36,6,47,33,32,48,1,5,16,45,15,31,51,42,62,8,10,27,21,12,55,9,39,59,34,46,29,24,53,58,43,63,35,60,40,52,28,61,44,37,2,56,49,50,57,25,41,38,11,23,17,20,54,26,19,13,14
17,52,20,59,41,0,62,7,49,51,13,6,24,5,63,3,44,55,32,9,14,61,19,39,8,47,40,31,37,35,4,54,53,48,28,22,16,10,57,46,45,34,25,56,15,50,43,30,23,36,21,38,1,27,60,33,42,2,58,11,26,12,18,29
17,2,8,43,37,13,45,51,12,35,34,62,63,1,16,48,39,57,56,20,19,5,6,52,53,10,61,40,50,38,23,44,28,33,36,55,26,31,15,46,29,58,54,47,49,41,27,32,7,24,3,18,22,9,21,4,30,25,0,60,42,11,14,59
32,7,40,38,63,55,62,3,10,23,53,58,42,8,44,26,33,25,18,6,21,54,36,22,1,59,56,39,4,46,9,51,11,57,29,13,49,5,30,27,2,47,15,0,24,45,12,61,14,43,50,35,20,34,17,60,41,16,19,52,31,48,28,37
25,47,63,45,55,33,12,0,17,20,6,31,11,19,27,48,42,53,22,4,15,7,26,18,57,21,1,23,29,44,24,54,30,59,39,38,9,51,37,52,43,16,3,60,56,62,61,49,35,5,36,28,46,41,40,34,50,32,2,14,58,8,13,10
62,11,29,2,3,40,31,47,35,8,59,36,46,12,38,45,54,15,32,27,0,51,57,19,10,53,63,13,18,56,24,9,33,20,48,6,41,44,26,58,50,37,43,4,14,17,52,55,28,39,22,42,25,61,23,34,21,5,30,60,7,49,1,16
4,22,25,35,29,16,38,7,15,20,40,55,33,43,61,39,59,26,58,52,24,37,50,54,10,49,30,60,6,0,46,36,63,18,3,21,32,2,56,62,19,44,31,51,47,48,23,45,14,12,53,8,41,34,5,27,9,11,28,57,42,17,1,13
48,52,63,26,14,38,45,43,54,23,22,47,44,8,55,6,29,57,33,20,12,56,62,40,1,58,31,51,24,61,7,46,28,13,27,50,15,35,4,42,17,19,11,10,36,41,16,30,2,32,3,21,18,53,60,59,5,49,9,37,34,0,39,25
39,25,40,21,6,7,59,42,4,35,17,45,12,38,16,2,27,43,51,22,60,23,1,11,49,10,29,36,8,53,54,20,63,15,5,41,44,33,9,28,19,61,32,13,58,46,57,50,62,48,26,37,18,24,34,30,52,55,3,47,0,14,31,56
6,14,38,1,27,15,58,8,60,56,31,21,17,53,48,44,52,25,16,43,0,37,36,55,24,22,63,2,40,46,3,30,57,28,26,42,11,29,47,34,39,61,33,7,23,20,9,59,54,12,41,4,19,62,51,10,45,13,5,32,50,18,35,49
56,12,2,6,16,50,5,38,26,44,21,49,62,1,17,28,24,37,30,55,14,10,0,20,52,23,51,54,18,42,59,48,9,39,13,60,31,57,36,15,34,45,32,47,63,11,7,8,33,19,61,29,40,4,3,22,25,58,27,46,53,41,43,35
30,51,61,50,36,27,26,62,1,60,28,54,24,21,46,41,34,9,12,13,31,32,58,63,37,33,45,10,39,22,23,40,8,6,56,52,48,42,7,59,43,19,55,4,38,57,11,18,35,2,20,49,16,3,5,25,0,14,44,53,17,47,29,15
14,9,6,37,24,12,26,22,16,50,62,23,47,39,28,21,55,19,43,31,40,46,11,20,13,18,48,3,41,38,17,36,27,35,8,7,10,33,54,45,34,44,2,63,4,61,58,57,25,5,52,60,30,49,1,59,15,51,42,0,53,56,32,29
56,47,63,13,37,46,7,61,30,25,5,19,60,11,8,58,51,3,18,40,48,44,2,29,14,23,33,39,17,49,36,38,27,12,24,21,59,10,41,20,22,45,6,26,55,53,42,35,54,62,50,4,0,15,43,1,52,9,16,28,32,34,31,57
18,60,31,29,57,53,59,16,41,25,8,1,17,19,36,45,44,35,37,11,48,55,32,52,6,15,43,3,46,63,28,34,21,26,24,9,30,7,14,20,49,23,42,38,27,10,12,33,51,58,5,40,13,4,39,47,62,56,2,22,54,50,61,0
42,40,22,12,7,6,56,26,51,43,23,10,8,35,36,21,39,57,17,33,14,60,62,55,16,13,5,31,2,37,28,27,3,63,54,47,48,61,58,1,44,0,9,4,53,59,34,32,41,11,15,24,50,29,25,30,45,52,46,38,20,19,18,49
40,58,0,37,31,54,14,30,47,62,60,45,17,56,24,8,36,20,29,33,46,13,15,21,35,16,12,32,38,44,6,51,4,61,55,57,41,53,25,26,34,63,23,50,5,48,43,49,3,27,10,52,19,2,7,22,18,28,1,59,39,9,11,42
43,39,37,60,6,11,8,14,30,56,42,1,24,45,36,54,0,50,9,25,63,38,51,22,7,34,19,35,21,5,46,15,48,31,55,26,52,10,49,57,33,47,2,44,40,3,18,28,59,4,41,61,23,16,13,17,62,27,29,32,20,58,53,12
1,24,18,4,10,49,29,48,25,47,55,21,44,34,32,15,22,43,60,26,28,50,27,42,9,6,38,33,11,3,31,46,37,30,35,62,39,16,63,7,54,12,36,2,51,17,0,58,8,52,59,19,61,56,23,45,13,5,14,53,40,20,57,41
19,55,56,3,8,4,12,11,34,28,18,53,31,26,63,58,10,27,45,25,51,0,59,42,32,7,13,17,36,62,2,14,37,1,52,60,21,23,22,47,46,43,33,44,5,48,57,49,38,29,30,9,16,20,24,40,61,15,41,6,54,35,39,50
16,7,12,45,31,2,41,9,52,39,38,25,49,17,14,46,20,11,61,15,34,44,57,50,58,4,30,0,23,22,33,27,5,36,18,53,43,63,40,62,8,1,60,37,42,28,13,51,56,24,3,6,21,26,59,48,35,32,55,54,47,29,10,19
17,2,48,43,49,6,28,32,60,51,16,26,13,35,4,10,9,50,44,52,1,40,45,33,61,63,15,34,56,37,62,36,22,21,20,58,14,42,25,57,47,3,8,39,55,19,54,23,53,31,41,46,18,24,12,29,59,7,5,27,11,0,38,30
28,1,49,48,10,15,5,8,32,40,36,44,6,53,52,30,58,13,33,39,55,62,63,38,54,50,22,29,43,16,7,3,11,4,31,59,46,61,42,41,18,14,9,25,12,47,21,51,23,37,2,17,57,19,24,60,27,34,26,56,45,35,20,0
33,37,11,7,15,63,57,22,9,17,30,45,32,27,5,49,25,23,50,1,18,28,39,34,3,48,56,8,13,35,20,46,42,4,41,55,44,16,62,24,12,0,38,31,54,6,29,19,61,43,26,47,40,2,53,58,14,36,21,59,52,10,60,51
62,61,40,54,9,4,28,19,20,47,15,5,26,59,7,42,45,14,36,44,22,51,58,48,35,12,16,30,29,1,46,24,38,8,31,25,49,27,56,3,33,63,53,0,34,41,37,11,13,55,17,21,32,18,60,52,57,39,2,43,23,6,50,10
35,11,58,32,30,19,21,2,9,62,3,53,34,50,47,26,55,18,22,42,14,60,38,39,27,16,63,1,45,46,61,4,31,24,36,41,40,37,54,44,6,49,13,12,43,59,0,52,48,57,8,33,5,10,23,29,28,51,15,17,25,20,56,7
25,16,33,14,43,24,32,22,17,6,28,50,51,21,54,12,37,10,40,60,48,13,26,35,44,58,18,41,45,46,4,30,36,27,59,15,57,19,49,20,62,8,0,31,55,2,23,52,61,63,9,11,56,42,3,38,47,29,53,1,5,39,34,7
18,21,49,59,47,56,32,1,50,57,23,45,48,0,39,58,36,63,3,31,62,28,6,46,61,55,16,10,24,53,15,30,17,51,43,33,14,11,40,19,22,38,44,42,12,52,35,27,9,60,54,29,20,2,5,25,4,41,13,7,26,37,34,8
40,48,8,44,34,1,14,26,4,59,45,24,60,46,11,63,51,61,0,31,50,27,30,38,29,57,16,49,6,62,36,37,21,52,56,3,33,28,35,54,39,47,22,5,20,19,32,58,42,23,55,41,15,13,18,2,43,10,17,9,7,25,12,53
48,1,9,60,22,53,30,19,12,52,36,45,11,62,26,28,59,20,56,47,49,34,18,40,27,6,42,37,50,16,35,55,39,31,63,23,7,41,24,29,17,13,21,8,3,46,57,32,2,4,33,14,0,25,15,5,61,38,58,51,10,44,54,43
45,53,9,2,41,42,36,13,31,38,20,37,30,7,6,35,0,29,58,18,63,10,19,21,62,49,27,52,59,60,40,34,4,47,15,55,43,28,57,46,22,51,3,61,32,25,56,14,23,50,1,8,39,24,54,12,48,11,26,44,5,16,33,17
35,45,47,55,14,25,59,15,2,62,50,5,53,6,7,30,46,57,39,26,38,48,3,49,37,32,60,28,4,58,20,13,51,42,12,24,19,56,0,40,10,16,29,31,11,43,22,21,34,36,18,9,41,63,61,33,8,52,54,17,27,1,23,44
29,42,27,6,1,46,18,13,5,60,31,22,51,34,14,61,43,0,38,36,33,40,41,26,50,49,15,48,30,44,54,56,4,37,12,35,3,25,11,45,53,16,55,20,19,9,8,23,2,57,17,52,63,58,28,47,7,59,24,62,32,10,21,39
50,45,27,14,38,4,0,48,41,36,51,7,46,35,8,29,25,15,3,52,16,9,21,17,20,19,5,40,2,53,63,47,57,6,10,31,62,37,18,22,56,61,55,44,49,33,54,11,59,60,23,43,30,1,39,12,13,34,28,58,42,32,26,24
57,25,33,48,17,18,27,8,63,37,49,35,14,13,23,61,47,54,53,62,60,59,44,2,52,12,10,40,31,16,55,42,6,30,41,50,36,3,1,5,45,26,39,24,9,29,58,0,20,46,11,43,56,22,4,34,38,32,19,15,28,21,51,7
41,15,5,63,9,24,58,57,16,52,42,51,29,19,62,23,0,3,2,37,59,34,25,28,10,54,7,39,46,43,6,12,53,38,17,20,45,11,4,44,60,27,61,14,31,13,21,33,55,22,30,35,50,47,32,1,36,56,18,40,48,26,49,8
62,16,28,7,53,10,49,2,30,57,37,33,12,45,14,15,59,17,29,39,44,54,21,50,8,58,32,13,35,46,38,18,24,1,26,48,0,61,60,34,55,9,40,27,52,47,5,4,19,22,31,11,6,3,43,42,56,63,36,23,20,51,25,41
11,4,30,18,52,32,37,48,9,23,10,5,0,22,38,24,31,36,49,59,14,43,60,20,39,40,35,62,3,58,21,33,45,28,16,61,29,15,54,57,7,19,27,2,26,41,47,12,53,56,50,25,55,17,46,63,1,13,34,44,6,42,51,8
4,13,35,56,60,53,2,23,26,59,38,5,18,39,52,33,61,40,6,32,25,50,10,28,58,41,54,57,8,22,27,49,29,47,14,7,63,44,46,1,3,51,42,16,48,0,20,9,21,24,19,12,30,34,17,36,43,37,31,62,11,15,55,45
4,9,3,28,54,39,34,0,27,15,2,31,62,53,52,51,11,20,55,17,41,60,56,58,36,25,23,29,24,59,45,35,1,57,42,6,14,18,61,63,7,32,21,38,10,47,8,49,5,40,13,19,46,33,43,44,37,16,48,50,26,30,12,22
45,19,39,14,61,52,13,60,7,58,55,44,43,48,3,10,34,2,21,16,15,23,33,9,53,35,12,41,17,18,5,11,36,50,22,0,28,26,38,46,59,29,27,24,6,1,30,20,51,37,49,25,54,62,32,8,63,31,4,40,42,56,47,57
59,14,19,49,46,32,56,12,27,25,1,48,50,38,44,53,55,15,61,28,60,6,3,17,16,29,24,37,41,62,20,5,52,13,43,40,0,18,7,58,26,47,45,34,22,2,23,51,21,11,36,4,30,33,39,8,42,54,9,63,35,10,57,31
63,35,9,22,26,24,50,0,2,43,61,39,55,49,30,36,4,56,57,54,16,21,7,34,46,11,59,18,33,47,40,25,27,62,19,23,6,20,12,41,45,13,1,17,48,32,42,44,53,58,31,10,60,3,51,14,28,15,5,29,8,38,37,52
40,27,8,18,41,4,37,59,30,36,39,13,52,46,48,21,26,56,35,43,6,47,12,44,49,16,22,53,19,10,9,15,23,11,62,60,58,51,5,57,14,32,31,61,20,0,38,24,2,34,50,3,25,55,1,33,63,45,54,7,29,28,42,17
6,8,42,62,26,17,44,30,51,57,27,34,24,18,61,20,37,46,48,25,13,59,10,41,15,55,50,28,45,14,9,47,43,2,29,54,56,63,3,39,36,58,11,12,53,31,49,23,5,35,22,0,32,16,60,40,1,33,52,7,21,19,38,4
62,58,49,30,60,55,33,21,7,46,54,40,35,51,38,48,1,10,22,56,26,39,2,15,16,24,44,45,52,41,42,63,53,6,11,18,20,36,0,29,3,14,50,37,8,57,9,13,59,12,47,23,32,17,34,43,5,19,27,61,31,28,4,25
45,34,29,18,36,41,0,33,60,44,42,43,54,28,26,31,3,9,52,7,51,40,2,57,24,5,12,46,10,8,39,21,47,1,56,38,48,49,63,22,58,53,15,11,16,6,13,4,20,23,61,25,37,30,35,62,50,55,32,19,17,14,59,27
17,30,38,19,13,0,45,63,3,20,31,7,57,39,29,34,44,43,21,25,47,24,62,53,46,50,58,49,59,54,40,41,32,60,61,9,52,1,56,5,33,15,2,55,26,51,42,16,11,12,35,18,37,36,23,10,28,4,6,27,22,14,8,48
27,33,43,57,14,8,24,19,62,17,18,48,1,22,3,59,23,46,49,26,2,50,55,52,60,11,56,12,37,40,9,25,4,35,51,38,15,34,30,36,41,32,53,31,39,61,21,16,6,5,54,10,28,58,47,44,0,13,29,45,7,42,20,63
32,5,9,6,40,35,18,19,47,21,20,42,11,37,56,1,54,31,43,27,63,50,16,25,0,26,2,23,61,10,46,53,52,3,4,57,48,15,8,36,29,60,34,17,14,62,28,38,12,24,59,45,13,7,30,58,39,55,49,22,51,33,41,44
42,63,23,32,61,6,2,3,34,52,38,21,10,54,12,29,45,51,41,33,37,18,1,58,17,36,56,19,27,9,46,50,13,43,14,5,24,16,44,53,48,47,49,26,55,25,28,11,0,60,40,57,22,31,35,39,30,20,62,7,15,59,8,4
14,11,19,6,31,25,9,36,16,5,44,29,1,42,15,10,40,48,22,45,33,53,60,17,46,26,51,41,52,49,32,24,18,54,63,12,50,28,4,23,38,59,37,61,13,56,20,0,3,7,43,47,34,27,30,35,62,55,21,57,2,39,58,8
4,16,48,38,10,3,43,40,32,5,58,2,11,31,28,50,27,24,18,14,49,61,22,15,47,55,30,0,19,12,45,6,20,13,26,8,63,36,9,56,33,42,54,62,52,57,59,29,44,53,35,46,37,21,7,60,34,17,1,51,41,39,25,23
30,13,53,55,39,24,25,31,34,58,8,32,20,6,2,0,17,47,51,62,5,57,59,18,9,28,19,16,45,33,21,10,22,35,14,41,36,11,15,1,42,48,54,4,43,63,26,7,37,29,56,27,44,60,12,50,61,23,38,52,40,49,46,3
47,0,42,63,46,32,38,10,4,35,49,7,61,62,8,1,20,45,16,50,24,59,21,41,28,2,9,27,6,33,56,44,30,23,11,5,25,22,53,3,52,34,54,12,40,26,18,31,13,60,15,57,19,55,14,17,48,43,37,36,39,58,29,51
55,28,1,12,10,3,59,36,5,32,19,45,4,35,47,20,40,7,62,34,24,63,42,39,17,21,11,57,2,33,52,51,41,6,37,30,25,44,31,16,61,48,54,23,43,46,22,38,50,29,14,9,60,26,0,27,15,13,18,49,58,8,56,53
6,58,1,56,14,2,57,11,32,63,55,51,31,43,21,15,25,48,13,53,60,36,41,12,37,18,8,19,17,38,35,46,45,40,44,27,29,26,33,7,22,61,52,30,20,59,24,16,42,23,47,3,5,0,10,39,49,9,62,34,54,50,4,28
33,9,52,53,16,43,54,1,47,31,45,56,28,23,58,13,5,21,20,57,41,39,42,14,24,2,55,26,34,10,32,40,51,0,46,63,61,44,48,12,27,36,18,8,59,62,6,49,3,35,4,22,50,17,37,11,15,25,38,60,19,29,7,30
17,35,8,19,26,51,5,6,22,38,18,50,47,37,54,20,31,43,16,10,25,53,4,24,58,34,23,56,27,39,33,30,63,44,11,15,2,42,28,12,32,55,49,62,9,41,1,14,45,46,57,0,29,36,61,21,7,59,40,48,3,52,13,60
14,41,29,22,35,25,9,54,45,33,61,58,52,34,38,7,10,49,59,44,15,42,0,27,2,55,3,53,11,18,40,24,6,62,32,12,48,1,26,4,30,8,19,28,51,47,50,17,20,60,21,57,5,43,46,13,63,23,37,39,36,16,56,31
36,30,33,17,49,13,35,54,10,40,7,1,2,62,28,16,21,47,34,22,45,57,59,29,27,52,18,46,61,48,58,5,26,37,63,51,44,42,0,56,50,23,4,14,41,55,19,31,9,53,12,39,38,20,32,43,24,15,3,6,11,60,8,25
44,6,39,59,63,48,41,3,51,49,8,11,36,4,62,52,46,0,58,1,61,53,14,33,28,35,24,19,7,15,57,29,34,18,26,20,56,37,2,55,31,54,27,45,32,43,42,60,12,17,9,10,21,16,38,30,5,13,25,23,22,40,47,50
45,61,49,47,26,62,56,46,25,35,33,50,23,55,30,24,34,0,16,18,5,40,9,17,39,10,32,36,2,60,38,11,15,37,19,48,29,51,52,22,59,44,7,13,63,53,4,14,54,42,31,57,41,20,58,21,8,1,28,43,27,12,3,6
48,3,62,19,5,16,26,31,0,18,25,36,45,30,13,42,56,61,35,38,41,43,9,55,54,49,37,27,59,39,52,1,50,46,29,33,40,11,14,28,15,6,17,7,10,23,63,34,4,8,51,24,22,58,2,47,44,60,53,32,21,57,12,20
25,31,54,15,5,60,20,41,9,50,42,14,43,19,10,51,1,30,16,18,7,39,28,61,48,34,2,63,24,58,55,49,29,45,44,13,22,26,56,57,8,46,12,52,6,36,59,3,40,47,11,37,21,35,38,32,33,62,4,53,27,17,23,0
33,16,12,44,34,50,15,37,39,53,1,5,21,56,57,3,35,4,23,24,63,40,32,46,36,11,8,29,52,60,58,31,25,45,6,62,13,26,20,22,2,42,55,18,28,48,43,10,14,61,47,9,27,30,51,0,49,59,19,41,54,38,7,17
20,47,31,14,44,25,19,63,56,11,45,32,50,40,12,62,48,27,22,9,61,54,58,28,21,57,18,36,2,30,10,26,23,1,33,6,17,8,41,5,38,16,60,35,53,59,51,15,42,0,49,29,3,46,4,24,39,52,13,43,7,34,37,55
7,39,55,9,61,62,17,6,32,59,40,14,3,24,15,58,43,46,60,25,54,38,27,10,11,19,23,28,47,30,35,44,57,53,34,13,1,26,12,20,18,31,22,16,21,2,29,36,52,8,5,49,0,42,51,45,37,41,4,56,50,48,33,63
30,2,6,53,56,15,41,10,47,27,18,26,62,46,20,51,57,61,39,23,59,31,21,3,42,5,45,52,11,34,24,1,60,48,0,4,58,43,7,37,50,32,19,8,49,16,9,63,29,36,54,14,12,44,13,38,17,35,22,28,25,40,55,33
53,43,15,24,25,60,7,23,54,26,52,55,12,36,21,5,59,19,34,51,31,30,49,50,63,8,11,39,9,37,42,18,38,0,22,47,57,20,16,35,1,6,61,29,45,4,32,62,48,17,33,46,27,14,44,10,40,28,2,56,3,58,13,41
1,35,50,36,46,45,42,57,27,30,47,18,34,43,60,21,33,40,12,62,39,61,15,5,25,58,63,2,7,53,55,51,16,41,52,20,4,28,37,9,38,22,54,14,32,3,26,19,59,44,17,56,0,31,11,29,24,23,13,48,49,8,10,6
24,55,58,47,12,51,14,32,35,11,41,5,34,0,3,39,59,62,49,44,7,6,54,10,50,16,57,19,22,21,60,25,9,52,20,61,42,56,18,53,28,2,30,23,48,45,17,4,29,15,31,13,33,27,26,38,36,40,43,8,63,46,37,1
2,11,47,4,22,33,30,62,8,57,39,52,34,1,0,18,21,7,48,3,32,60,40,43,59,37,53,55,46,38,45,14,6,51,24,12,41,44,5,35,23,58,9,16,17,49,50,20,26,27,31,63,54,19,42,13,61,29,10,56,25,28,15,36
12,46,1,18,37,35,49,27,2,23,47,13,53,20,52,36,6,45,11,24,61,57,60,63,51,30,25,43,8,55,21,17,7,31,56,16,29,62,42,38,40,50,19,39,26,34,33,28,10,4,14,9,59,48,5,3,54,44,58,0,15,22,41,32
38,37,36,42,15,31,28,39,6,10,8,16,49,48,58,13,33,4,34,14,63,12,54,21,11,20,26,44,40,47,24,1,30,60,29,45,17,56,0,43,61,18,32,2,27,41,25,52,7,22,19,9,50,3,57,62,51,35,23,53,59,55,46,5
28,40,37,11,41,32,62,22,54,12,29,18,59,8,7,15,16,57,55,50,61,53,52,38,56,44,26,49,63,14,6,43,0,30,60,35,19,42,25,46,9,21,39,2,47,3,27,1,23,34,13,33,4,58,48,20,36,24,10,17,5,45,51,31
40,54,7,44,23,19,10,50,62,25,46,15,1,53,49,47,18,48,36,42,61,17,0,2,28,8,41,59,60,14,38,9,22,58,45,16,37,43,55,30,51,33,29,24,32,6,35,57,12,3,21,4,13,39,31,27,5,56,52,20,11,34,63,26
15,14,36,20,30,51,29,60,35,49,23,21,41,58,28,10,6,3,33,61,12,17,13,26,39,34,48,59,5,24,16,43,42,18,8,62,44,47,25,40,11,31,50,45,9,56,55,54,7,22,52,1,0,32,27,38,53,2,57,46,4,19,37,63
14,49,36,0,37,16,17,25,4,61,42,26,7,33,44,41,3,9,63,34,39,12,11,30,5,32,57,31,24,20,58,45,15,8,50,18,19,27,62,43,56,10,6,59,21,2,48,54,60,53,46,23,52,51,22,29,55,13,35,1,47,28,40,38
34,19,62,24,41,35,12,23,1,42,28,16,9,48,60,63,32,37,0,38,31,8,13,21,17,2,40,30,3,22,10,18,7,51,25,6,33,14,45,20,49,36,29,4,44,26,39,59,27,5,52,50,58,46,43,47,56,55,57,61,53,54,15,11
47,63,60,18,29,8,24,34,17,62,5,50,32,58,48,16,55,52,22,42,37,40,36,12,54,23,30,33,45,26,13,7,20,27,19,46,53,1,0,31,44,9,41,57,25,61,49,15,14,10,59,21,6,39,51,11,35,28,56,2,3,43,38,4
27,23,35,15,54,21,24,57,13,44,25,4,34,62,7,43,50,8,38,22,29,53,5,18,37,28,0,6,12,30,16,40,58,59,33,45,39,46,61,32,52,9,63,41,60,48,10,42,1,49,36,56,47,2,26,20,11,31,19,14,17,3,55,51
3,62,1,18,11,55,5,30,19,34,26,53,43,51,58,22,0,63,33,38,40,4,52,17,48,2,24,29,6,44,37,60,27,16,25,21,8,56,12,50,61,7,32,23,15,41,57,35,14,13,9,59,54,47,46,20,45,36,10,28,49,39,42,31
10,30,49,31,44,13,14,51,4,38,43,18,56,29,16,40,20,5,53,0,15,22,26,12,35,27,61,28,41,62,48,47,34,2,55,21,9,52,60,36,3,7,32,58,17,54,42,25,57,63,23,50,46,8,39,24,1,19,45,11,33,37,59,6
39,41,19,6,55,33,21,32,22,20,48,25,29,49,46,2,10,53,24,17,51,59,0,16,40,31,1,56,34,7,57,36,43,14,50,13,15,45,44,5,54,11,63,12,3,47,52,9,18,62,23,60,4,37,27,61,28,8,42,30,26,58,35,38
61,1,4,39,59,27,47,41,45,20,6,54,46,26,44,34,36,21,33,32,8,25,5,49,0,48,22,52,29,3,57,2,37,35,12,56,30,9,19,17,16,42,53,14,62,43,11,18,15,10,23,28,40,7,58,63,60,31,38,24,50,51,55,13
48,58,49,15,29,39,42,31,44,51,23,25,8,38,7,10,6,30,36,4,60,28,2,1,50,3,52,11,32,47,26,62,57,5,53,18,27,46,12,22,24,41,35,56,40,17,33,45,43,61,55,34,0,14,37,20,21,13,54,9,59,63,19,16
22,10,34,31,41,44,42,59,16,45,15,13,51,27,7,61,50,38,48,4,26,53,54,40,19,56,46,17,29,25,21,18,55,30,11,63,39,9,35,58,20,8,0,62,3,5,24,1,28,47,12,60,2,57,14,6,52,49,37,33,36,32,43,23
20,29,33,43,8,56,24,21,14,42,40,2,55,27,53,28,49,23,17,35,1,13,37,61,63,44,4,58,54,62,36,7,48,32,47,34,11,15,51,0,38,31,59,16,45,25,22,30,46,5,39,6,52,12,3,60,18,50,9,26,41,57,19,10
30,56,29,14,60,40,35,50,47,41,34,44,4,57,12,25,9,53,55,32,22,38,1,58,11,23,27,0,26,13,8,2,24,10,33,51,7,20,46,62,42,63,48,18,52,16,15,31,54,28,3,37,19,59,49,45,39,6,43,17,5,36,21,61
51,0,62,30,1,12,33,34,28,23,63,39,56,54,31,6,14,2,57,11,60,25,50,27,10,43,4,7,61,21,40,15,44,13,41,47,38,5,32,48,45,19,24,59,58,9,46,36,16,18,35,8,53,3,29,55,22,42,49,26,52,20,17,37
6,10,32,60,29,47,27,21,33,23,20,34,40,57,46,14,59,56,13,2,3,16,63,52,55,30,0,4,26,48,19,39,11,45,43,37,15,44,25,18,61,8,1,17,49,62,7,50,5,28,58,35,42,12,31,51,22,38,53,41,54,36,24,9
27,61,44,31,60,56,57,55,42,13,63,15,5,50,36,1,11,48,35,23,9,6,52,25,49,8,58,32,51,59,39,45,33,10,14,62,16,40,46,20,43,34,26,7,12,47,19,41,3,54,37,18,38,2,24,21,53,30,17,22,28,4,29,0
24,29,63,54,22,10,3,2,26,44,52,20,14,28,4,33,40,49,53,36,17,34,9,8,51,57,30,41,7,6,50,42,47,12,58,45,62,55,11,56,23,35,43,0,61,39,16,13,46,25,19,15,31,32,59,18,27,1,21,60,37,5,38,48
3,59,19,16,45,5,29,18,28,62,31,47,27,2,20,61,34,17,0,39,35,8,55,49,7,24,58,23,13,36,1,48,52,43,14,37,44,4,63,15,25,40,30,32,6,41,51,56,21,53,11,42,22,9,26,10,50,12,54,33,38,46,60,57
51,14,35,25,17,52,15,37,40,1,47,13,4,33,36,56,46,7,0,59,23,6,34,32,58,50,42,3,38,5,44,27,60,22,30,55,54,9,43,28,57,18,19,62,10,11,45,12,26,53,39,63,24,16,61,31,49,2,8,48,29,20,41,21
55,1,62,38,33,40,45,37,32,59,63,21,43,61,26,9,7,57,44,39,3,47,0,58,16,4,2,25,31,50,10,46,49,11,48,42,35,60,29,5,28,19,34,14,27,56,13,51,20,24,6,23,53,18,36,41,12,52,8,30,54,22,17,15
38,37,56,44,7,8,25,23,47,52,63,49,28,54,22,13,40,48,24,15,33,3,34,12,17,57,50,31,14,61,35,6,16,29,59,27,26,0,45,36,4,42,9,60,62,18,10,43,1,53,30,32,5,21,46,41,2,20,19,39,11,51,58,55
18,9,23,2,46,55,24,39,59,58,37,41,43,26,29,0,4,49,31,8,51,32,19,27,16,44,13,36,47,20,34,57,10,52,17,33,21,56,12,25,35,61,7,53,1,5,38,3,40,63,45,50,62,15,42,54,28,60,30,22,48,11,14,6
61,23,49,47,12,32,2,34,50,43,26,57,14,27,11,19,15,35,5,37,44,56,6,18,42,33,10,36,41,7,29,52,16,40,38,53,8,62,9,0,55,46,58,4,24,21,31,30,17,54,1,51,60,3,20,25,39,45,59,28,22,48,13,63
19,62,44,40,46,42,14,22,23,6,50,21,54,49,25,12,52,1,55,20,24,45,26,43,59,36,47,0,8,27,7,15,60,10,37,38,11,2,34,30,5,3,29,58,33,35,56,51,16,48,39,31,53,63,32,4,41,9,28,18,57,13,17,61
12,41,38,0,8,48,31,32,54,28,23,60,7,47,35,52,26,20,34,45,46,42,56,50,55,57,59,36,16,15,25,4,9,22,33,10,51,6,37,62,44,14,13,40,24,19,63,39,2,29,27,21,30,3,53,61,18,1,49,17,5,11,58,43
19,35,21,8,5,3,33,46,51,44,39,56,24,29,6,23,14,43,41,20,54,17,32,42,27,1,26,30,62,63,25,34,55,37,47,18,9,4,57,12,2,38,0,53,60,58,31,16,15,7,40,22,59,49,45,11,36,50,10,61,28,52,13,48
38,36,49,62,35,56,6,59,11,31,37,0,14,8,18,50,27,15,9,28,39,45,44,34,51,55,41,60,30,1,29,2,23,46,53,21,5,32,54,58,57,10,16,4,17,24,40,3,61,33,25,63,7,52,22,20,43,48,26,42,12,13,47,19
50,25,41,19,51,62,63,39,2,54,5,36,23,24,52,6,10,34,22,16,43,35,46,12,3,14,18,58,1,31,28,4,37,55,53,15,11,33,42,27,44,17,59,38,7,29,20,30,26,21,60,40,32,49,47,0,61,56,8,9,13,45,48,57
15,63,34,19,32,46,1,39,25,12,16,3,45,49,29,37,24,43,18,23,58,13,44,55,22,4,56,14,26,62,2,36,60,11,54,33,8,51,10,38,48,31,6,20,42,59,7,53,0,28,35,9,61,27,17,40,21,52,30,57,47,41,5,50
27,37,40,54,42,35,56,9,50,16,18,62,58,3,7,13,47,8,43,51,26,55,49,6,4,10,5,46,52,38,1,53,31,22,21,39,61,19,12,17,25,15,20,44,45,33,32,34,11,2,24,48,59,23,57,63,41,29,60,14,30,0,36,28
10,6,28,55,61,20,23,50,15,9,51,53,54,16,22,44,1,19,4,46,26,5,39,60,21,24,41,45,47,17,27,58,52,8,29,30,56,18,13,49,3,59,48,31,62,33,25,32,36,2,42,37,12,40,7,35,63,38,57,34,14,43,0,11
62,11,2,17,19,0,49,39,31,48,21,7,57,10,46,4,43,35,25,27,5,55,56,54,22,3,47,13,8,16,60,44,41,14,23,18,20,12,42,29,9,52,34,15,50,45,30,51,24,28,1,40,33,38,37,63,59,36,32,6,61,53,26,58
47,43,21,62,52,2,55,20,1,7,26,32,54,17,19,60,28,4,36,3,63,18,24,9,30,22,33,29,5,51,45,57,40,12,50,25,16,11,13,23,0,39,44,41,10,14,35,46,31,59,42,6,61,49,8,34,38,58,56,48,37,53,27,15
52,16,4,33,1,53,36,40,30,29,5,37,58,51,45,2,32,24,15,54,6,20,31,34,55,22,28,50,35,12,61,23,13,17,48,39,56,25,8,18,27,14,62,21,44,26,46,38,47,42,59,3,41,10,19,49,43,9,11,57,60,0,63,7
4,21,15,3,17,46,34,44,12,51,8,28,7,58,5,14,42,1,48,35,9,20,45,18,13,56,16,26,32,30,23,37,39,41,22,62,49,61,0,43,57,59,25,24,54,33,2,63,38,53,31,50,60,55,36,11,52,6,29,47,40,19,10,27
21,41,50,17,36,37,10,60,18,20,63,58,52,4,25,53,47,8,54,51,5,31,34,32,15,23,59,24,42,56,44,26,43,0,35,55,6,49,40,19,39,48,33,57,22,38,9,28,30,14,16,1,11,13,7,46,2,62,12,61,29,3,27,45
40,55,59,32,38,5,3,42,36,53,1,60,24,56,41,23,37,2,57,17,15,33,46,18,50,30,25,58,39,44,22,26,35,43,14,9,28,4,49,8,54,47,20,45,16,12,10,52,7,61,11,29,62,21,13,48,51,6,0,34,27,63,19,31
14,37,54,19,60,1,8,46,10,0,29,26,43,25,11,55,51,44,61,15,62,24,6,20,63,41,13,32,50,31,7,17,42,53,30,4,52,27,5,47,45,3,12,56,48,22,18,33,38,58,36,57,39,34,35,21,40,16,28,59,23,49,9,2
36,58,13,49,48,9,32,40,54,63,34,38,14,23,6,59,39,0,26,62,24,46,27,45,47,50,19,43,17,4,42,15,28,57,53,44,3,56,30,37,52,35,41,31,25,8,1,18,60,55,29,21,7,20,10,51,22,2,11,16,5,61,33,12
45,33,51,10,12,19,26,60,44,7,11,3,16,59,6,53,43,20,36,23,14,47,49,8,56,17,41,29,22,9,15,42,4,57,24,63,2,32,58,27,55,1,40,13,48,28,37,50,38,39,52,18,61,34,0,25,30,21,5,35,46,62,54,31
12,26,6,14,23,50,52,54,31,32,47,63,46,24,20,22,38,7,10,1,40,3,59,43,35,56,11,9,48,61,42,0,53,36,33,13,25,44,8,2,57,5,58,45,51,62,27,15,18,21,30,17,41,60,34,49,28,16,37,4,29,55,39,19
2,0,40,27,11,4,49,30,29,51,13,60,43,28,39,20,31,53,41,48,32,56,18,7,46,45,34,8,24,26,23,58,3,12,57,16,37,38,63,36,62,35,6,47,19,61,33,55,59,54,14,44,42,1,25,50,17,10,5,9,52,15,22,21
53,41,1,35,57,27,23,30,17,28,5,16,20,60,52,47,32,2,63,44,15,34,54,48,18,6,14,56,21,61,4,29,43,39,26,62,50,45,59,51,58,9,12,19,0,55,24,49,7,8,11,42,33,22,25,40,10,36,3,46,13,38,37,31
34,21,58,24,4,61,25,63,14,43,48,13,33,38,49,27,42,23,15,16,28,19,0,7,37,26,35,46,44,29,39,45,47,59,20,30,22,5,31,2,55,62,10,1,51,12,32,9,6,41,17,36,57,54,3,60,53,18,40,50,8,56,11,52
39,24,62,26,55,53,23,56,31,8,25,54,32,42,57,10,1,14,47,21,22,15,63,6,0,45,41,44,4,9,13,37,43,20,35,2,48,30,18,38,58,49,52,61,40,5,36,7,46,59,12,27,34,60,19,16,28,33,17,51,50,3,29,11
51,53,16,48,26,41,10,44,49,34,63,56,57,18,54,12,5,42,46,17,20,4,0,59,40,55,24,2,52,3,39,43,9,29,33,14,6,32,50,36,7,8,1,37,11,19,45,27,61,38,35,28,21,47,25,15,22,30,23,13,31,58,62,60
39,34,7,15,54,8,51,42,25,56,47,3,43,27,36,63,50,2,22,4,40,26,23,20,57,13,24,10,49,37,12,33,11,52,62,29,48,16,58,9,30,6,14,41,18,35,59,44,61,19,46,17,5,55,21,1,28,53,0,32,60,38,31,45
4,20,13,2,8,34,40,51,23,35,44,10,54,6,24,55,52,18,1,62,3,12,37,7,21,22,56,39,59,5,45,9,15,43,14,48,0,53,47,19,11,29,58,63,41,28,32,50,31,33,25,36,17,16,27,57,61,30,46,60,38,42,49,26
34,41,6,54,46,23,43,20,62,2,36,59,17,33,60,18,50,21,22,16,45,58,7,63,56,53,51,9,31,28,35,48,14,40,13,27,5,49,32,4,1,47,10,8,11,61,37,3,12,25,0,30,52,42,55,24,26,29,44,19,15,57,38,39
58,34,11,19,3,41,20,61,26,29,37,23,49,0,44,9,53,4,8,30,5,32,45,63,35,38,48,24,60,54,14,15,33,55,31,62,25,43,2,18,1,59,46,28,56,42,27,12,47,13,17,50,22,21,57,16,6,10,40,36,39,52,51,7
55,6,10,4,15,49,45,36,53,43,5,59,2,24,14,7,39,13,63,0,20,29,41,30,54,33,1,28,60,50,17,18,34,11,31,44,62,9,19,61,26,37,22,46,47,3,42,35,57,16,56,27,12,48,38,58,52,21,40,23,8,25,32,51
37,27,32,40,52,41,19,48,18,30,8,25,36,63,26,33,44,46,56,57,0,14,60,51,2,38,3,1,23,13,11,10,22,58,7,62,20,54,15,35,29,43,6,49,24,45,16,39,53,34,61,17,50,9,21,42,59,55,4,31,5,47,28,12
6,9,37,23,11,5,16,35,61,43,30,8,53,49,57,21,26,32,7,48,19,59,10,56,1,28,42,51,18,4,36,0,33,46,31,40,52,17,12,50,15,58,2,24,62,14,3,22,29,44,47,13,45,39,54,60,38,27,55,25,41,20,34,63
40,18,53,46,52,48,51,63,44,9,19,42,15,10,57,11,34,23,43,62,55,14,24,50,25,45,59,30,32,27,17,31,35,7,20,13,60,58,38,4,49,54,1,56,21,3,41,2,61,26,28,5,22,39,16,12,37,8,6,47,0,36,33,29
48,24,28,4,29,23,53,6,20,40,39,8,19,54,55,45,15,33,5,16,43,18,60,41,46,35,38,51,50,0,58,44,30,17,7,57,1,36,49,2,63,42,21,12,59,34,14,26,37,61,11,52,13,10,62,27,25,31,32,47,3,9,22,56
35,4,1,46,33,18,32,2,6,39,59,20,55,41,29,42,17,57,30,63,11,47,24,27,31,16,56,50,49,43,5,53,21,61,7,52,37,58,25,22,12,9,45,10,62,19,44,28,60,54,0,15,36,40,14,8,34,38,48,51,23,3,26,13
49,22,57,34,59,50,35,11,39,7,23,12,26,32,53,56,52,19,41,61,60,44,14,27,20,33,54,4,58,16,31,45,37,36,55,3,48,0,47,63,42,5,8,6,10,28,1,24,2,43,13,51,30,25,18,15,21,38,62,9,29,17,46,40
46,58,18,63,8,44,5,28,49,11,36,27,55,1,33,59,20,22,48,14,13,37,16,0,9,12,21,19,6,50,56,2,43,40,24,32,41,35,61,52,39,31,60,4,30,15,25,26,29,10,47,54,62,23,7,38,3,17,51,45,53,34,57,42
13,33,58,31,36,28,37,8,22,6,34,2,53,15,24,29,56,50,10,27,3,40,57,38,63,5,14,30,17,18,61,16,59,44,45,9,62,54,41,11,55,52,12,35,21,23,60,1,32,4,26,39,48,47,51,49,43,0,25,19,42,46,7,20
15,32,35,17,24,52,19,1,3,33,27,25,13,41,55,59,6,63,54,57,2,51,23,29,53,60,18,46,16,26,45,37,62,0,28,42,56,38,58,50,4,31,30,40,44,21,43,61,10,11,12,22,8,14,9,36,5,48,47,20,7,34,39,49
25,11,60,58,36,59,24,44,48,6,61,10,37,5,28,23,54,38,21,57,55,47,4,32,30,31,17,14,51,26,18,39,52,22,15,2,63,42,56,29,40,9,16,3,13,12,53,33,46,62,1,43,8,41,35,7,20,0,34,50,49,27,19,45
46,30,34,17,22,62,56,0,44,23,47,32,36,60,59,8,18,2,21,4,54,58,50,6,63,26,55,11,37,33,14,27,12,15,16,53,48,1,35,43,28,3,29,5,41,39,57,13,61,38,20,10,31,45,42,51,49,9,25,24,7,40,52,19
54,26,34,56,58,11,59,10,60,27,2,35,32,21,36,1,29,43,49,23,38,51,41,12,14,30,18,5,22,15,3,25,28,7,17,57,53,37,33,16,48,0,47,62,20,31,61,50,6,39,24,45,63,9,40,42,13,4,52,46,44,8,19,55
23,1,5,45,7,12,43,8,6,35,0,48,46,29,11,42,33,56,18,53,62,50,59,15,44,19,13,31,27,10,16,32,60,49,40,63,28,61,38,30,14,55,4,34,37,25,9,39,3,52,54,51,17,24,26,36,22,58,57,47,2,41,21,20
21,44,51,20,42,43,61,14,9,23,2,12,56,33,10,37,26,24,13,31,40,63,11,32,6,16,48,62,34,4,28,5,55,47,35,46,50,45,22,30,52,49,57,19,41,29,53,25,17,38,59,27,39,60,18,1,7,15,58,0,8,36,3,54
63,40,61,2,47,39,51,36,57,45,41,23,29,24,58,3,50,14,9,55,4,25,18,31,43,38,30,44,54,60,22,12,35,46,15,59,53,13,33,52,8,17,0,10,42,62,26,32,48,1,7,20,34,37,28,16,19,49,5,56,21,27,6,11
43,56,24,47,32,4,21,17,57,15,44,16,12,34,29,22,59,1,18,8,20,7,23,48,38,6,53,33,0,41,2,9,46,5,40,31,51,54,14,25,45,30,19,27,58,63,10,42,55,26,49,37,39,36,35,52,3,60,28,13,50,61,11,62
49,50,61,43,35,19,14,51,34,1,0,27,12,38,40,5,24,11,47,44,55,52,42,39,36,41,10,7,37,26,58,13,46,4,62,31,57,18,21,60,63,56,30,29,32,25,16,48,53,23,45,9,6,59,22,54,8,15,20,33,17,3,2,28
5,15,46,45,37,21,3,63,19,43,49,4,51,10,28,33,40,42,26,23,11,36,34,22,38,48,52,14,44,27,31,35,1,60,57,54,6,18,25,0,13,17,59,8,9,55,41,20,12,7,16,58,56,61,32,50,29,24,62,30,2,39,47,53
56,58,6,45,16,51,10,42,62,19,34,52,32,60,59,23,7,41,25,50,63,0,13,39,4,46,18,5,30,8,28,9,33,35,54,27,47,20,55,21,44,43,31,24,12,38,17,11,49,26,1,57,40,14,48,22,15,2,61,53,36,3,37,29
56,36,47,63,21,18,38,19,39,31,26,1,41,52,2,15,0,17,5,25,7,32,30,10,54,35,12,57,33,59,60,46,40,6,20,29,37,28,11,45,4,43,22,61,8,42,3,62,44,50,49,51,14,27,34,23,53,48,55,16,24,13,58,9
37,52,30,35,44,33,51,27,18,28,23,20,36,29,22,3,17,15,31,58,26,56,7,38,47,24,32,61,2,21,8,57,55,54,45,59,25,49,53,16,12,43,14,4,19,9,39,0,5,41,50,13,10,48,63,34,6,40,46,62,60,42,1,11
13,20,35,6,56,58,34,1,9,32,11,59,5,36,61,4,8,33,52,18,46,50,44,49,16,60,45,21,10,0,27,39,14,25,51,15,7,3,19,40,22,47,41,54,28,31,30,37,2,62,38,48,17,12,55,42,29,23,24,43,26,57,53,63
52,62,8,34,30,46,21,45,15,20,4,3,16,48,5,22,61,50,44,23,60,37,57,27,33,47,55,7,1,43,31,12,13,40,24,2,10,51,42,54,28,18,17,19,58,39,14,32,56,49,38,9,41,63,29,0,25,11,6,53,59,35,26,36
41,20,15,42,1,40,61,44,26,3,47,54,4,19,55,49,8,52,29,30,28,0,36,10,60,62,31,48,46,5,12,45,50,43,34,7,32,24,51,35,39,23,14,17,33,58,53,56,57,37,11,22,9,59,13,38,18,27,6,16,2,25,21,63
40,55,15,28,58,54,0,39,57,10,47,14,42,12,46,8,50,56,63,1,61,36,21,13,30,25,44,62,24,23,29,19,60,31,33,37,20,22,53,45,41,18,11,38,26,27,9,3,5,7,43,6,16,2,4,48,35,49,34,32,52,17,51,59
1,45,4,28,9,31,15,21,10,30,20,40,11,19,8,46,22,0,6,3,58,35,49,38,25,29,42,63,24,17,62,39,34,41,12,47,55,18,60,52,48,7,56,59,5,61,54,43,27,36,14,51,57,33,50,13,26,44,32,2,53,37,16,23
17,40,11,42,53,49,55,63,33,58,34,19,4,8,10,43,21,45,25,22,37,36,48,7,60,59,2,24,29,41,46,28,6,52,32,1,38,57,56,20,3,47,16,30,13,23,31,44,0,18,39,61,12,9,26,62,15,27,35,51,14,54,50,5
35,38,11,62,52,6,13,8,32,42,27,43,47,51,4,60,36,58,45,7,2,14,20,16,18,30,61,44,12,57,56,41,10,23,15,48,49,17,33,53,55,19,31,59,21,0,40,46,25,54,29,9,28,5,1,26,34,39,37,24,50,3,63,22
18,31,0,47,3,48,51,52,32,15,25,50,23,39,37,58,46,16,45,36,44,53,41,55,38,26,49,19,59,34,27,35,4,56,9,21,6,1,13,28,63,54,12,10,42,20,57,14,11,62,24,33,17,30,8,7,40,22,43,60,29,5,2,61
7,15,18,19,6,2,47,63,35,11,60,55,39,52,54,36,21,46,49,25,42,56,31,24,38,51,0,62,41,33,58,26,17,57,53,43,27,5,3,8,1,10,40,34,30,22,13,9,23,4,44,16,12,20,61,48,59,32,50,37,29,14,45,28
33,37,16,0,63,5,20,3,30,13,4,43,57,14,31,53,54,32,48,18,55,6,11,12,21,50,59,47,46,22,51,62,40,45,19,23,44,35,9,2,27,60,28,10,36,49,39,61,24,7,58,52,1,29,38,42,25,41,8,56,34,17,15,26
6,30,63,21,12,17,26,23,43,33,55,54,34,60,0,5,39,50,62,37,52,11,46,40,22,51,13,15,18,29,57,24,19,20,9,36,49,1,44,58,16,8,27,48,41,35,14,31,3,61,2,56,42,7,47,59,10,4,53,38,25,32,28,45
41,1,3,31,16,6,61,47,42,52,17,30,28,18,24,46,12,50,29,45,48,13,57,49,44,39,36,37,63,56,40,22,8,11,35,59,26,2,58,62,51,60,14,7,54,15,19,21,32,55,53,4,43,5,0,23,25,27,34,20,38,10,33,9
3,13,0,32,52,35,37,20,49,25,5,60,15,50,63,47,55,8,34,45,43,39,58,22,17,36,51,26,9,41,46,14,56,38,21,23,61,42,19,18,16,44,54,30,12,40,2,62,27,48,33,59,31,11,28,6,24,7,10,4,53,29,57,1
32,37,18,51,15,14,1,6,13,38,5,40,42,7,3,48,46,60,36,50,31,43,30,28,61,56,19,55,25,11,21,52,62,59,41,47,22,24,17,53,57,26,63,12,34,27,29,9,0,35,16,8,23,58,10,39,54,44,20,33,4,45,49,2
31,29,9,32,63,47,3,52,45,0,46,54,39,5,8,62,30,18,44,37,11,17,7,36,13,10,51,56,15,21,43,41,27,35,14,59,57,6,25,55,2,49,48,12,50,42,28,34,20,19,60,16,58,53,4,23,26,1,40,38,22,61,24,33
31,15,10,49,9,48,38,53,37,33,11,47,16,25,23,24,61,44,4,54,62,8,29,57,46,51,5,32,21,60,12,19,22,2,27,52,17,26,14,55,43,40,41,35,0,13,7,39,6,30,34,42,3,20,18,63,36,58,59,1,45,56,50,28
58,41,12,21,43,14,1,4,28,25,39,44,22,24,53,30,45,35,3,27,37,47,11,19,59,13,20,55,54,50,23,36,63,62,61,5,40,17,38,2,9,32,33,52,6,16,26,15,48,18,49,29,10,34,46,31,42,56,7,51,8,57,60,0
57,45,35,21,19,8,17,10,7,60,27,63,50,13,55,49,34,5,22,1,54,47,32,38,16,23,24,6,9,29,41,2,11,58,4,25,20,56,28,0,46,33,36,31,62,52,44,39,43,53,30,61,42,59,14,40,15,48,51,18,3,26,12,37
21,28,42,57,63,61,43,20,4,39,15,33,34,40,49,9,47,1,23,32,59,5,3,31,0,27,18,54,7,8,11,30,51,56,45,19,14,50,17,12,62,24,44,16,22,48,53,46,36,37,6,25,13,2,55,38,52,41,58,60,26,10,35,29
53,10,36,16,30,39,14,17,42,63,60,19,51,49,8,46,18,50,2,61,48,20,40,9,21,32,1,58,22,47,13,38,43,59,24,15,6,45,41,28,5,23,37,12,26,3,57,44,34,55,11,56,62,52,0,7,27,35,31,29,4,54,25,33
50,30,31,43,22,20,58,33,26,46,23,57,62,37,15,1,54,32,8,61,0,63,10,18,56,55,49,13,39,59,36,11,47,25,28,19,45,4,42,29,51,48,12,6,53,52,21,60,7,17,34,27,38,35,2,14,44,24,5,9,41,40,3,16
25,38,28,31,19,57,12,35,13,27,55,34,6,8,40,33,49,41,48,7,56,0,51,50,1,4,30,9,36,47,52,26,29,20,46,45,11,24,43,37,22,63,32,54,59,42,21,14,23,53,61,39,16,60,5,15,10,58,17,62,44,2,3,18
18,26,29,8,54,61,5,39,55,25,10,46,62,50,22,31,33,34,20,19,11,52,3,56,48,59,51,37,21,60,42,1,57,38,12,9,45,53,35,44,30,23,47,0,43,14,32,27,41,13,24,6,36,15,63,58,2,40,49,17,16,4,7,28
29,17,22,47,1,20,41,5,45,52,37,30,59,36,32,61,3,10,19,16,33,8,31,0,11,35,63,57,62,46,40,15,21,27,55,39,48,56,60,58,7,49,50,28,23,26,54,13,51,42,34,4,53,44,12,6,43,25,24,38,2,14,9,18
49,1,58,11,24,5,29,42,43,22,38,35,45,13,6,17,39,61,9,40,19,28,21,37,63,55,4,34,59,48,51,41,10,32,18,54,16,0,47,15,31,8,20,25,52,44,57,27,14,50,3,33,26,56,60,46,30,2,36,23,62,53,12,7
49,10,3,53,41,4,36,54,57,47,16,63,45,30,13,38,20,27,0,7,15,31,25,50,62,1,52,61,17,43,6,26,8,34,18,9,28,46,33,56,32,39,35,2,51,60,5,19,48,29,55,12,14,21,59,58,23,37,42,11,40,24,44,22
32,59,43,55,19,26,14,9,11,51,22,27,31,30,3,29,37,15,6,16,5,42,10,56,8,36,23,38,53,63,57,50,52,28,61,21,62,12,25,44,46,4,18,33,48,7,24,17,49,47,41,60,40,45,58,13,2,34,39,1,35,54,0,20
4,60,27,55,47,22,57,59,53,43,23,61,34,7,39,32,29,15,13,1,14,17,11,35,25,3,50,56,20,41,62,9,5,21,24,63,26,45,16,44,18,19,49,36,51,30,31,33,10,58,42,28,2,12,40,38,54,52,6,46,37,48,8,0
48,11,18,37,2,17,13,26,61,56,41,32,50,62,57,22,36,24,14,53,8,21,27,59,49,47,16,1,39,55,20,60,46,25,31,5,0,29,63,45,30,34,3,19,44,43,28,35,23,52,54,33,51,10,40,4,7,9,12,6,58,42,15,38
44,0,59,63,14,17,2,12,47,13,37,23,5,60,24,26,11,35,48,9,19,46,31,53,40,55,56,42,22,1,25,57,30,43,4,16,21,20,58,3,28,15,39,51,41,49,29,10,18,34,45,6,27,62,61,54,52,36,7,8,33,38,32,50
18,22,25,47,0,28,30,49,33,15,43,29,55,61,3,26,9,6,4,14,19,59,44,48,60,10,1,38,56,23,27,62,34,20,40,39,42,58,16,17,53,46,5,35,51,13,8,63,52,24,45,36,54,41,50,7,2,31,21,32,12,11,57,37
33,29,55,9,32,5,30,38,41,31,47,8,39,12,52,2,4,27,60,44,62,43,56,1,13,34,48,20,28,59,22,15,26,46,14,51,11,21,6,63,17,24,61,23,19,25,36,58,42,40,37,53,16,7,18,0,10,54,50,49,35,57,45,3
28,33,59,10,15,44,63,54,13,27,49,19,5,23,4,42,40,55,6,17,36,8,29,32,53,50,11,2,30,21,31,41,25,52,26,60,51,62,9,20,18,12,0,7,1,34,47,48,35,39,46,45,57,38,61,56,3,37,58,24,16,14,22,43
46,37,12,51,20,28,57,22,58,60,59,36,47,3,48,0,19,52,13,61,31,50,56,4,63,8,25,14,53,1,55,32,9,54,24,45,30,15,49,39,43,41,21,33,23,6,40,18,17,26,2,7,35,62,38,5,42,34,27,10,44,29,11,16
6,60,27,62,5,14,31,32,44,28,57,12,34,17,35,4,46,56,15,25,8,29,63,7,52,43,21,61,48,3,36,51,59,26,18,11,40,24,30,9,53,23,2,1,0,47,58,20,49,38,37,39,13,22,54,16,42,10,45,33,55,19,41,50
31,60,48,28,46,2,49,32,42,52,24,41,0,6,12,58,37,13,40,57,39,21,54,4,53,25,47,27,10,14,18,35,19,5,26,55,51,29,15,8,1,3,56,34,36,61,43,44,7,17,11,20,22,50,45,9,59,38,23,63,30,33,62,16
26,40,2,8,33,41,11,61,3,25,4,37,5,12,53,29,38,6,23,42,32,49,39,45,10,15,34,13,56,46,36,63,44,52,35,28,58,22,14,19,30,31,59,27,54,60,17,43,62,18,9,47,57,50,7,21,0,1,55,48,20,51,16,24
32,27,39,49,51,41,13,30,14,38,56,28,3,9,17,47,8,29,33,60,5,19,2,62,46,42,26,52,24,53,43,54,50,45,48,63,11,6,35,34,58,61,31,40,1,23,18,4,21,22,44,12,0,59,55,10,37,36,16,15,25,57,7,20
42,0,45,21,57,31,9,55,37,58,29,13,38,11,50,41,62,39,44,48,60,6,17,52,28,19,7,63,35,25,40,27,30,61,43,8,59,3,23,34,47,46,49,10,5,24,54,36,32,16,1,56,26,22,12,14,2,51,4,18,53,20,15,33
37,4,59,26,24,6,5,13,1,53,7,12,43,47,50,25,49,10,3,33,34,20,15,11,29,57,56,23,22,14,41,42,48,58,36,39,2,54,9,61,19,52,51,18,35,45,46,44,21,17,55,63,38,30,27,60,31,32,8,28,40,62,16,0
41,62,20,53,8,33,2,25,31,56,34,11,12,42,40,49,17,29,55,3,0,59,48,44,23,39,16,35,43,4,54,58,5,51,21,9,50,46,10,27,30,15,63,52,61,37,57,6,19,47,36,7,28,18,26,60,32,38,13,22,45,14,1,24
20,9,52,1,36,22,11,30,35,2,27,4,57,60,13,15,44,39,38,47,31,53,51,17,3,40,62,42,55,43,8,63,49,37,10,0,28,26,59,21,14,48,32,50,25,24,19,46,6,34,33,56,23,18,54,61,7,58,5,45,12,16,29,41
7,46,2,20,18,5,19,32,57,42,36,11,14,16,39,41,44,23,12,15,9,51,58,4,47,40,55,34,63,48,45,30,3,29,25,35,26,62,43,49,61,1,24,0,59,60,22,33,6,56,8,27,52,31,28,10,54,17,13,37,21,50,38,53
11,0,6,7,46,16,23,8,3,4,18,15,12,42,19,35,57,33,38,37,47,52,56,17,21,20,28,9,60,61,2,51,32,13,1,41,59,39,14,58,31,26,10,40,36,50,53,62,55,43,24,48,44,54,25,22,27,34,29,5,45,30,49,63
31,25,50,22,32,12,5,39,23,4,7,47,14,3,27,29,63,43,55,56,38,36,17,35,62,49,6,61,24,10,26,51,13,30,37,48,57,28,2,46,0,19,11,21,53,41,1,44,18,34,8,42,60,59,40,45,20,33,58,9,52,16,54,15
47,20,11,18,43,29,34,51,9,50,48,10,35,4,21,46,15,32,6,19,57,55,42,38,61,39,44,2,62,59,17,52,23,14,0,24,41,40,27,5,58,1,26,22,25,31,54,30,36,53,8,63,60,45,13,49,7,56,37,28,16,33,3,12
49,26,31,19,57,51,29,24,16,17,37,41,40,13,18,7,52,33,59,34,58,62,0,48,27,2,10,4,14,32,23,1,28,39,25,11,9,53,50,46,6,5,21,44,35,56,55,30,54,60,3,22,63,15,43,45,8,38,61,20,42,12,36,47
50,52,5,17,26,60,27,51,46,38,40,3,29,37,56,35,57,10,34,12,53,25,32,28,55,36,41,47,44,1,54,20,8,24,19,43,14,22,11,45,18,49,2,48,4,59,13,42,62,58,15,33,7,63,6,9,61,30,23,0,39,21,31,16
4,39,32,54,27,29,18,11,46,2,33,38,10,36,17,25,45,28,49,16,35,52,20,14,59,15,13,31,51,57,50,55,44,58,5,12,30,43,22,7,34,61,41,6,3,63,47,26,60,19,8,62,9,53,1,0,42,56,37,23,40,24,48,21
21,33,14,41,2,59,26,45,51,1,54,57,46,60,22,28,27,3,47,24,55,29,23,35,63,49,43,52,50,18,53,25,38,42,7,32,40,13,48,0,44,36,20,16,6,10,61,39,30,9,58,15,56,11,12,5,4,8,19,37,31,17,62,34
32,49,25,6,4,20,60,36,62,26,3,23,47,40,54,52,12,61,11,13,5,44,1,34,42,24,48,0,39,43,27,28,35,17,21,30,59,19,63,2,7,50,45,9,58,8,31,33,46,10,18,57,14,55,22,41,53,37,51,29,38,56,16,15
33,10,55,23,19,45,32,50,38,56,36,16,53,31,17,47,26,11,22,8,46,51,2,34,40,48,28,42,4,5,49,43,35,57,12,1,9,62,61,15,14,27,25,59,13,63,24,39,6,44,52,21,30,7,18,54,60,0,20,3,37,58,29,41
21,44,47,55,22,5,25,58,42,13,39,10,37,19,43,62,49,50,63,16,18,33,2,24,56,26,38,28,8,31,1,51,14,27,59,40,41,3,29,61,54,9,46,57,30,15,52,34,4,32,0,20,35,48,17,53,60,6,7,45,23,36,11,12
36,35,52,60,29,58,51,1,59,54,12,34,0,22,49,43,18,63,56,11,24,27,31,25,8,6,53,19,14,23,48,5,20,50,42,9,37,26,39,44,32,55,10,7,45,38,46,57,15,4,17,3,33,16,30,62,61,13,28,47,40,2,41,21
51,34,60,14,0,7,47,32,33,21,18,52,54,11,57,56,27,28,59,45,12,50,58,40,26,10,23,3,41,17,53,22,15,19,1,62,4,25,42,31,5,2,29,13,24,37,20,38,35,61,48,46,8,36,43,30,6,9,49,39,55,16,44,63
58,4,46,7,20,19,31,43,39,24,15,45,0,55,44,56,38,26,60,16,48,35,30,28,37,40,10,9,41,42,23,57,50,25,62,1,29,18,53,49,17,27,13,8,36,54,3,52,61,33,21,51,32,63,47,2,22,14,6,11,59,5,34,12
23,9,50,4,26,29,63,53,33,47,59,2,0,34,41,56,27,20,55,46,22,14,51,13,62,16,30,40,39,18,19,5,58,12,37,8,57,11,44,3,36,38,54,24,35,42,52,7,48,21,17,32,43,49,28,61,6,60,31,45,15,1,25,10
7,46,25,6,4,19,56,60,5,2,54,45,47,14,11,58,36,12,62,48,43,28,53,49,27,20,59,61,39,51,22,40,37,50,23,31,16,33,44,1,3,34,41,57,35,18,32,55,42,63,8,0,10,21,29,9,17,15,38,26,52,30,24,13
43,30,52,56,57,24,48,5,4,23,44,28,33,7,54,9,63,1,8,36,55,3,47,40,61,11,14,51,39,22,60,62,26,37,32,46,58,2,31,20,16,35,17,15,41,27,12,45,21,6,29,49,59,53,19,38,50,25,34,0,18,13,10,42
39,6,4,61,5,7,54,63,48,50,3,46,16,20,30,37,49,34,40,42,43,51,58,45,0,18,25,59,23,12,10,11,41,26,57,55,21,19,32,29,15,33,22,1,14,35,53,47,28,60,27,8,31,17,13,56,9,44,52,62,24,36,2,38
60,58,30,8,26,24,10,2,34,53,43,20,22,59,29,39,1,14,63,31,19,12,17,61,35,11,21,32,49,47,18,6,16,7,13,55,3,44,56,15,27,57,25,54,62,0,41,46,52,38,48,37,45,5,40,51,36,4,28,50,42,33,23,9
61,13,30,23,56,14,40,20,24,11,44,49,62,9,4,42,0,18,10,31,25,7,57,32,27,50,28,34,35,21,12,45,47,36,54,43,33,53,22,29,39,15,16,46,26,37,2,63,6,52,38,1,19,59,17,51,5,48,8,60,58,3,41,55
9,4,62,37,58,41,31,5,2,48,29,55,13,23,49,61,8,52,27,33,30,38,54,14,7,25,21,50,63,42,44,24,45,60,43,26,20,32,36,53,12,56,35,39,11,3,22,16,10,0,47,1,59,40,17,46,19,28,18,6,15,57,51,34
3,23,63,49,59,29,61,32,8,52,41,46,11,62,18,0,19,26,9,54,39,38,45,30,53,13,58,7,6,16,33,42,34,15,56,27,44,2,4,57,24,25,1,50,36,37,14,28,22,17,12,21,20,40,60,43,48,35,31,55,47,5,10,51
17,60,2,19,13,23,52,56,11,51,25,24,12,55,7,57,5,39,8,37,50,3,28,14,20,46,42,47,16,44,45,53,10,22,33,62,6,35,27,63,30,49,32,34,41,43,36,31,48,15,9,1,40,29,26,59,18,54,21,61,0,38,58,4
18,57,35,15,1,44,46,26,59,56,52,12,23,28,37,5,45,61,43,13,2,25,40,62,9,32,6,7,41,34,24,39,21,16,33,51,38,10,42,54,20,27,47,14,60,0,17,19,50,29,30,63,8,55,4,31,49,3,11,58,53,36,22,48
48,50,37,62,29,19,36,25,31,59,47,9,21,1,39,42,34,17,18,20,30,10,2,13,27,3,24,23,44,49,26,55,0,32,43,45,15,61,51,57,52,6,7,12,63,60,58,53,35,5,41,11,40,38,22,33,46,54,56,28,4,16,14,8
37,0,27,15,9,38,56,20,16,47,62,31,2,6,19,7,41,43,58,11,42,18,5,61,54,12,8,10,36,63,39,35,59,29,60,22,14,52,33,25,40,32,24,21,30,44,50,1,3,28,49,4,45,26,46,13,57,23,48,17,34,53,55,51
53,0,9,26,42,1,21,37,3,49,51,8,54,63,44,10,19,25,33,34,56,28,20,52,30,46,48,24,2,32,60,16,61,13,39,36,14,18,15,22,31,6,23,45,27,41,17,4,43,50,35,38,62,7,40,29,55,11,58,5,59,47,12,57
13,54,32,21,7,60,39,47,36,35,33,30,59,25,5,11,20,16,58,53,55,18,12,1,27,52,61,29,44,51,31,4,42,56,57,34,14,40,37,10,28,62,46,41,17,0,43,2,26,8,15,6,38,49,48,45,23,22,19,3,24,50,63,9
52,3,58,24,42,51,45,28,29,15,20,63,33,36,48,53,9,39,14,46,6,60,5,59,38,13,56,27,30,1,44,18,4,12,31,34,55,23,17,62,0,22,49,50,21,37,47,26,10,61,43,16,40,57,54,2,35,7,11,25,8,41,19,32
49,11,50,20,55,31,1,34,33,30,59,43,7,6,44,38,27,15,19,12,8,5,56,37,36,48,53,62,25,22,61,24,58,51,60,52,40,0,23,16,47,2,63,26,54,42,21,41,14,57,3,28,45,13,17,4,10,32,29,46,39,9,35,18
15,21,33,53,39,58,62,25,17,63,48,61,60,30,32,9,41,59,31,10,3,35,45,26,40,55,36,18,37,34,56,4,44,2,13,57,5,51,8,1,29,27,43,49,22,20,19,42,11,14,7,24,16,23,12,38,46,28,47,52,50,54,0,6
63,31,1,16,29,42,37,9,13,33,54,40,51,36,2,56,32,24,5,6,26,19,27,58,0,60,47,18,8,25,41,53,38,48,28,44,57,52,21,43,46,7,59,17,15,50,14,35,34,62,3,12,61,39,20,55,49,30,23,10,45,11,22,4
33,27,40,16,47,60,8,6,13,5,21,31,10,2,0,55,4,15,12,59,58,39,41,54,28,36,48,9,24,32,26,34,30,43,11,42,18,53,17,50,29,20,63,56,62,25,51,44,45,49,57,14,38,19,52,23,7,37,46,35,1,22,3,61
46,49,16,57,62,25,2,13,44,7,38,19,27,28,31,43,23,3,48,52,35,15,50,34,1,17,54,56,9,5,6,39,10,18,30,4,11,53,60,36,33,47,55,8,32,40,0,41,29,63,45,24,61,12,58,14,20,37,42,22,21,59,26,51
57,56,14,25,38,19,35,23,50,0,36,5,6,34,44,30,48,51,47,37,45,28,18,55,33,63,21,60,4,59,41,10,40,26,29,62,43,16,11,32,46,12,7,27,39,17,42,13,31,58,9,20,3,52,24,53,22,2,1,15,54,49,8,61
43,59,25,18,9,41,45,19,1,28,38,17,52,40,23,57,13,4,62,12,58,51,44,16,30,54,55,3,33,32,63,56,46,6,14,21,20,31,35,2,42,27,61,15,8,48,7,47,50,53,39,49,26,29,34,37,36,5,11,22,24,60,0,10
4,54,9,8,0,48,22,37,29,12,3,44,36,30,18,27,39,33,40,60,7,23,52,13,21,11,24,15,55,56,45,1,46,10,35,63,50,20,16,19,57,28,6,51,43,31,59,49,34,5,14,32,42,17,38,62,58,26,25,61,2,41,53,47
55,19,37,23,24,16,28,60,10,2,33,41,14,59,50,27,36,39,6,47,52,0,8,22,31,62,38,43,58,1,9,40,63,21,20,57,49,34,11,7,12,30,18,45,56,35,3,42,44,15,4,53,48,17,54,51,25,46,26,5,13,61,29,32
17,23,63,42,47,16,7,10,54,24,61,13,0,6,8,56,39,27,21,44,35,43,14,31,25,22,36,26,37,41,20,45,12,38,4,51,18,33,48,52,15,19,5,1,49,28,9,60,30,62,59,55,11,40,3,50,58,46,29,53,2,34,32,57
0,50,46,49,44,43,2,15,39,60,5,55,26,58,30,32,51,12,31,28,25,36,40,34,45,52,19,47,14,56,63,24,35,59,42,7,9,13,23,57,41,3,18,11,10,1,8,54,48,22,16,21,6,29,27,20,17,37,33,4,38,53,61,62
43,54,46,60,45,6,11,13,29,19,35,53,20,10,21,44,32,57,34,30,58,7,33,16,62,37,63,15,5,41,28,38,0,12,23,22,31,3,49,40,25,26,47,27,8,1,14,9,18,50,42,55,2,61,24,52,56,17,39,59,36,4,51,48
52,14,57,62,39,20,32,7,13,63,43,53,51,34,40,0,37,26,41,61,12,55,5,56,58,11,35,33,59,25,46,19,30,29,60,47,15,10,17,50,24,21,8,54,4,44,9,22,18,45,6,38,1,23,16,28,49,48,2,27,3,36,31,42
57,30,55,43,27,50,9,23,46,52,0,53,13,28,3,63,54,48,26,8,34,11,16,35,49,6,5,4,60,29,19,33,18,62,58,1,24,17,12,20,39,38,15,22,21,61,2,44,59,14,47,42,31,32,37,10,56,41,25,45,36,51,40,7
3,36,49,46,21,31,58,50,8,30,62,51,44,19,28,9,41,39,63,2,24,54,5,6,38,53,40,35,26,16,10,20,11,12,47,34,57,18,33,59,29,1,32,14,0,25,45,7,61,4,27,52,23,48,43,42,22,37,55,15,60,13,17,56
15,16,53,50,49,36,44,32,19,18,5,42,7,48,59,9,21,39,38,54,3,27,47,29,17,56,11,28,51,62,40,8,22,35,10,12,37,20,46,4,34,33,26,0,43,30,13,63,25,55,57,1,2,45,60,23,58,41,6,14,61,52,31,24
43,21,4,50,29,22,17,56,15,41,0,48,37,34,2,19,10,26,20,36,44,51,33,18,28,8,24,14,52,60,42,62,5,27,47,3,35,53,57,25,13,58,46,59,7,49,38,31,30,9,63,39,61,12,6,16,54,32,55,45,1,11,23,40
15,3,22,29,46,54,50,42,28,9,19,41,44,47,43,60,62,57,51,20,0,8,55,35,48,38,7,23,37,10,63,17,36,33,4,25,34,40,61,56,26,53,31,59,13,30,5,11,49,14,52,58,18,6,39,16,12,1,32,45,21,24,2,27
33,34,0,40,17,58,38,13,41,49,12,8,53,26,46,31,59,32,7,48,5,39,44,23,52,9,1,54,37,2,24,35,47,43,10,63,20,3,50,19,15,27,56,21,11,30,55,18,60,42,36,14,16,45,4,28,57,62,29,22,51,6,25,61
34,36,40,47,62,54,57,35,7,50,13,27,61,5,46,41,52,33,9,63,43,32,37,39,2,11,14,58,15,38,29,44,17,4,60,59,31,23,12,51,16,0,28,3,24,21,10,42,45,19,30,26,18,56,20,55,48,49,25,8,22,53,1,6
11,36,26,17,28,12,10,3,56,43,59,1,22,30,33,18,48,57,37,40,58,38,16,4,35,6,2,20,7,23,27,55,0,47,62,24,25,8,5,50,60,15,42,45,34,51,41,52,9,46,29,49,63,21,61,14,19,44,39,32,13,31,54,53
17,50,37,19,21,49,25,31,3,13,14,63,57,44,1,12,27,2,30,18,6,15,39,23,46,20,34,52,47,16,48,4,29,11,5,54,36,26,61,43,56,33,42,62,41,53,24,35,8,55,40,51,60,10,58,7,59,45,32,9,28,22,0,38
10,34,46,62,55,19,59,23,1,16,6,30,9,39,38,13,37,4,21,3,27,17,63,25,44,32,33,53,12,45,58,28,50,42,29,35,11,15,14,7,36,60,56,22,26,47,48,57,2,43,40,52,0,5,18,24,49,54,41,8,61,31,20,51
43,39,34,22,46,19,16,32,47,27,35,52,29,62,41,36,33,24,15,48,63,20,54,49,1,7,3,60,56,12,8,13,38,17,28,23,45,53,59,18,40,14,26,11,42,6,58,4,5,30,31,21,44,25,61,10,51,37,57,50,0,55,9,2
11,54,53,8,49,22,27,42,40,38,56,32,33,34,26,46,30,28,58,2,23,48,61,52,60,29,50,36,63,15,45,18,17,59,7,0,25,4,12,43,21,9,14,3,6,31,16,24,41,13,62,35,19,20,37,10,39,44,1,5,47,57,51,55
42,14,52,51,2,11,22,13,53,49,50,39,48,54,59,29,60,21,23,62,16,45,17,10,47,26,38,27,28,6,24,41,15,1,56,58,46,55,63,12,7,35,32,9,4,5,44,43,25,19,18,33,34,40,31,0,61,37,30,36,8,3,20,57
50,2,27,17,4,16,32,44,43,38,22,29,42,6,21,1,18,40,13,47,49,20,60,5,53,3,52,56,31,39,55,54,48,57,8,9,30,46,59,14,11,28,63,24,25,10,36,19,23,61,41,37,45,51,15,62,26,0,12,7,58,33,34,35
16,1,13,51,10,35,42,26,25,33,23,39,6,54,49,56,31,48,22,29,21,37,5,4,15,44,60,62,47,43,34,20,59,28,41,12,46,24,9,3,17,36,8,55,18,14,19,61,50,0,58,11,40,7,52,57,32,2,63,45,27,53,30,38
16,20,31,42,8,34,26,0,15,40,1,56,57,51,32,55,13,29,4,59,35,60,62,5,50,10,37,19,12,21,45,39,43,9,7,24,17,36,54,23,53,25,63,58,30,61,38,41,44,22,47,14,18,48,49,52,28,11,46,2,33,3,27,6
42,19,17,14,48,31,53,51,34,63,11,2,47,12,54,21,44,7,46,61,39,25,8,28,16,50,4,0,40,62,35,29,57,20,56,26,5,45,6,15,3,58,55,43,24,13,32,36,30,23,33,9,49,59,10,60,22,1,18,38,27,52,41,37
57,13,50,40,52,21,20,39,46,28,3,55,36,38,15,44,1,48,26,14,19,27,58,8,5,41,56,4,43,49,53,22,32,54,11,9,18,6,59,33,29,2,37,34,23,61,17,30,63,51,31,42,60,24,45,47,62,16,10,7,12,25,35,0
27,2,8,31,41,62,57,44,21,47,9,13,46,59,63,17,42,39,30,60,38,33,14,48,16,36,45,53,52,5,7,61,6,1,51,50,15,26,4,22,25,49,10,32,23,37,19,11,24,34,43,40,29,12,18,56,55,20,3,58,35,28,0,54
39,33,59,10,55,2,50,43,13,47,19,9,54,16,53,14,22,44,38,45,8,63,42,15,6,48,37,31,62,35,1,36,34,57,28,3,25,60,21,26,49,27,11,17,51,24,40,23,58,20,0,4,61,46,41,7,52,30,18,32,29,56,5,12
57,38,53,26,1,31,55,41,10,32,27,58,13,34,15,44,36,9,18,24,0,60,20,22,63,28,12,51,6,4,50,59,16,56,54,21,33,17,7,19,43,62,61,23,30,42,40,3,29,8,45,46,14,47,49,2,11,25,35,39,5,48,52,37
25,0,32,61,3,55,35,51,40,27,42,59,41,57,36,63,2,60,20,37,1,58,24,44,10,34,52,46,38,47,23,18,31,30,29,17,48,49,6,14,11,21,43,56,15,8,54,45,9,33,62,22,39,50,53,13,16,5,28,19,26,4,12,7
52,43,2,28,12,10,16,30,56,27,26,47,60,45,38,51,23,17,35,41,36,42,18,33,9,14,62,24,34,8,0,29,19,4,54,25,13,59,21,46,40,57,50,11,20,39,32,55,31,7,49,44,37,22,58,15,53,63,48,3,6,61,5,1
2,55,62,60,59,56,27,23,33,61,50,58,45,26,63,52,40,48,10,9,11,39,6,44,12,30,31,15,25,13,21,22,49,7,36,20,57,1,43,28,38,3,35,32,16,19,34,5,47,42,18,37,8,54,51,14,17,53,41,46,0,24,4,29
42,11,52,25,8,5,3,47,24,30,43,60,13,63,33,9,48,46,19,56,57,37,20,45,41,58,22,16,39,61,28,4,36,34,23,35,15,59,31,12,7,1,6,54,0,32,17,40,27,21,10,2,44,50,55,51,18,62,26,38,49,29,14,53
52,61,22,59,18,55,63,13,14,26,48,2,0,8,20,15,12,32,43,5,27,57,50,36,62,39,19,1,3,49,58,7,38,54,31,35,41,23,16,30,60,17,45,21,46,4,10,37,47,28,56,42,24,11,25,9,34,29,44,53,6,33,51,40
41,56,62,60,33,48,58,61,38,31,30,24,35,26,4,8,45,44,53,1,55,43,13,47,37,15,25,19,23,54,57,22,27,49,51,39,52,63,32,14,46,0,42,34,9,59,5,21,50,18,11,36,10,20,6,3,2,29,28,7,17,12,16,40
8,52,15,42,41,43,48,7,62,55,18,37,25,32,58,47,12,63,30,44,49,36,2,22,59,27,1,24,10,50,46,39,56,45,54,0,34,14,33,35,29,61,53,20,19,38,13,60,16,26,6,9,57,4,51,17,21,3,28,5,23,11,31,40
12,6,13,55,21,18,50,35,52,49,20,38,42,1,23,15,61,44,4,59,28,63,46,48,7,39,56,47,19,53,37,36,3,31,26,45,0,14,40,62,34,11,5,29,16,22,9,57,60,2,43,32,25,10,30,54,27,8,33,17,58,51,24,41
0,58,51,40,48,36,9,8,42,31,14,30,37,6,59,57,61,4,32,16,52,54,35,41,17,53,13,45,26,21,12,63,20,3,56,47,24,22,25,19,23,33,28,38,46,43,44,49,27,34,10,60,1,50,7,29,15,11,62,55,2,39,5,18
43,31,12,8,54,1,52,39,53,16,14,13,57,62,10,40,6,21,3,49,7,32,61,26,38,9,44,28,20,33,19,2,36,50,25,42,41,63,59,4,30,11,48,45,56,37,35,23,15,58,51,18,0,46,27,34,24,60,55,47,5,17,22,29
57,33,30,17,3,13,61,28,60,44,38,53,48,12,42,37,9,23,29,62,51,19,27,56,20,43,54,35,36,7,34,10,4,59,21,47,63,52,18,32,8,6,26,14,49,58,2,22,39,16,5,15,0,55,45,11,25,24,41,31,50,46,40,1
47,52,9,23,21,30,36,12,44,43,3,42,45,25,59,18,7,27,35,14,46,28,48,37,55,60,41,1,62,31,61,33,50,29,13,51,0,54,58,20,4,49,5,57,22,38,56,32,19,26,53,10,11,40,15,8,39,2,6,63,17,24,16,34
58,54,37,24,4,59,49,21,61,34,30,35,1,12,27,25,22,32,45,55,10,44,26,11,39,47,2,56,41,50,63,33,42,3,38,19,13,16,15,17,0,20,62,43,9,53,36,18,6,14,8,51,7,23,40,48,29,31,46,52,57,28,5,60
53,13,11,3,1,49,48,37,20,57,14,40,10,24,15,16,51,42,19,21,26,46,60,33,28,47,0,41,63,35,52,29,59,56,22,61,62,7,54,34,4,58,17,6,30,44,23,38,27,8,18,2,9,39,36,32,55,25,43,5,31,50,45,12
3,60,57,30,35,47,34,61,8,20,54,19,28,39,26,16,12,43,49,40,56,18,2,32,37,52,15,4,17,6,14,63,23,48,22,36,55,5,50,27,7,51,10,11,31,59,38,1,58,45,29,53,24,21,41,13,44,46,33,42,62,0,9,25
27,39,22,2,1,54,11,42,33,4,29,12,37,60,6,45,41,0,56,14,15,48,23,18,59,20,51,58,44,40,17,5,36,52,38,31,26,28,35,30,49,19,61,43,62,9,63,53,13,50,25,16,21,7,55,10,34,24,46,47,3,32,57,8
54,60,22,24,3,36,16,12,53,0,44,32,18,30,57,31,62,20,50,15,35,5,25,47,41,19,26,58,28,59,61,52,2,21,39,6,23,51,49,48,33,17,56,34,38,40,55,4,43,1,7,46,45,42,63,9,8,13,27,11,14,29,37,10
19,54,30,8,44,36,2,35,26,5,33,7,20,39,57,61,0,15,55,43,9,51,59,3,50,17,22,46,10,49,13,1,18,23,48,63,24,40,21,58,29,31,47,45,25,4,52,38,53,27,6,42,60,62,14,32,11,28,12,34,56,41,37,16
20,51,39,26,60,36,16,47,52,21,43,63,4,46,7,5,30,29,17,15,19,53,18,14,3,10,23,34,13,8,32,59,25,31,57,54,45,48,38,28,24,35,11,42,41,58,27,9,2,33,6,50,1,44,55,40,49,22,61,62,56,0,12,37
41,13,11,9,36,3,45,18,52,38,1,40,8,48,14,25,2,19,35,61,63,49,43,42,7,53,34,32,0,46,33,37,60,30,20,5,15,58,57,10,26,47,55,22,29,24,44,17,51,50,56,62,6,28,39,54,16,12,59,4,31,21,27,23
12,49,34,46,54,40,59,42,32,17,41,29,7,18,3,16,61,43,20,50,13,52,45,38,23,15,1,55,51,53,44,30,24,0,8,27,36,28,31,11,19,6,4,10,22,33,48,39,47,58,63,26,9,14,25,37,35,60,57,62,2,21,56,5
57,32,27,52,41,29,2,33,58,26,19,24,59,44,18,45,48,21,4,14,55,38,9,42,1,17,50,63,5,11,7,62,28,37,46,51,20,0,31,13,30,47,25,15,34,36,39,61,35,56,23,8,53,22,3,43,54,6,16,10,40,49,60,12
47,28,22,4,27,50,9,33,59,60,16,0,45,11,8,20,56,23,18,39,55,57,21,2,40,46,51,10,62,54,63,12,30,24,42,26,29,36,48,58,6,31,15,43,38,25,19,41,34,44,49,7,37,53,14,17,3,52,13,5,1,35,32,61
62,39,1,25,0,59,29,16,61,50,51,5,35,58,20,18,11,53,15,49,27,2,6,44,32,56,24,45,55,28,33,21,41,30,36,38,42,26,14,63,34,19,52,9,17,37,46,13,43,12,57,8,7,23,54,3,47,60,22,10,40,48,31,4
49,5,39,27,38,17,63,61,59,48,23,43,57,10,4,2,6,14,21,40,52,26,60,62,37,29,46,13,41,55,11,16,3,12,35,0,32,47,8,34,53,30,20,18,56,22,25,45,15,33,36,58,50,42,7,9,1,28,19,51,24,54,31,44
45,17,29,51,54,38,22,48,58,37,50,13,55,16,57,18,24,15,26,56,40,35,60,42,2,46,49,12,53,61,7,47,36,25,44,10,1,39,31,62,30,3,28,43,33,9,52,32,19,41,23,59,5,21,20,63,14,0,11,6,8,27,34,4
34,20,52,23,12,43,40,46,6,4,30,51,25,48,22,36,27,38,42,57,49,8,3,24,47,28,35,15,10,59,7,13,62,5,1,9,11,17,26,41,45,60,0,14,37,33,21,44,39,50,18,53,31,63,19,56,2,16,54,61,55,29,32,58
60,9,18,24,8,29,13,10,7,63,27,35,5,54,36,51,33,52,22,59,34,43,20,45,0,50,37,47,2,62,44,6,21,39,23,15,32,42,1,16,49,57,11,53,31,28,3,38,14,12,55,41,46,19,56,17,40,48,30,26,58,4,25,61
38,41,47,60,52,46,7,19,40,59,61,10,35,34,42,22,53,18,3,49,48,13,24,27,23,54,29,2,12,28,9,56,21,25,0,57,1,11,33,50,55,51,32,44,43,37,45,16,26,39,36,17,62,5,31,63,14,15,4,8,58,20,30,6
47,58,8,20,42,52,33,11,5,27,53,17,46,0,29,56,43,2,39,4,21,38,15,3,22,25,6,30,7,62,19,41,12,50,34,23,49,57,31,60,10,40,1,35,24,18,28,32,63,36,14,16,54,9,37,13,55,59,51,48,45,61,44,26
13,61,9,22,47,42,37,26,18,43,50,14,62,35,56,54,58,34,3,25,45,1,53,10,24,7,27,51,17,39,0,16,20,33,32,52,29,4,2,31,5,30,36,63,6,12,15,38,41,60,11,44,28,40,21,55,49,59,23,46,19,57,8,48
19,60,32,0,12,1,41,25,4,55,28,11,16,6,27,20,39,58,18,35,51,44,50,38,17,30,42,53,24,10,31,29,52,8,57,13,36,7,63,59,22,2,46,34,37,40,47,3,54,49,48,56,43,33,45,9,23,61,21,62,14,15,5,26
41,21,62,35,3,20,40,27,63,60,0,50,47,29,19,26,36,31,34,55,46,42,14,58,6,25,39,7,4,48,15,43,61,51,32,8,5,2,18,59,30,45,28,12,17,16,11,22,37,54,24,57,23,10,56,1,44,9,52,53,33,13,38,49
25,15,13,37,52,41,43,0,60,12,16,57,54,50,19,28,32,35,27,5,20,18,59,39,10,31,2,23,44,22,40,36,34,17,48,53,62,21,4,45,42,63,61,8,49,47,38,26,33,46,7,9,29,55,56,11,58,14,51,1,3,24,30,6
35,30,17,36,0,5,20,25,50,54,57,13,14,15,1,8,51,24,32,2,33,56,63,27,23,45,31,62,19,16,11,4,48,41,52,22,58,6,38,40,59,21,47,44,7,37,43,9,53,29,34,12,3,28,46,18,10,26,39,55,49,61,60,42
36,23,12,18,61,17,54,25,49,15,39,53,27,21,32,31,58,60,38,40,1,20,28,2,52,48,14,11,41,37,56,59,29,7,10,63,6,33,22,62,44,34,43,51,8,13,35,4,50,45,16,47,57,24,0,9,30,19,42,46,55,3,5,26
14,33,45,3,59,46,15,60,47,25,54,13,50,6,34,32,11,31,23,22,28,30,63,12,48,36,49,29,37,58,42,19,18,8,1,40,26,7,41,61,24,53,16,17,5,27,62,9,20,10,38,4,57,44,55,21,51,56,43,52,39,2,0,35
21,50,34,35,61,32,13,63,55,44,0,31,29,62,59,5,41,4,51,3,8,36,28,52,33,27,11,19,9,1,56,18,7,20,17,47,60,37,23,14,26,15,12,54,53,40,46,58,43,38,2,24,16,49,57,10,6,48,39,45,25,42,22,30
41,47,14,32,61,25,60,11,62,36,57,31,17,23,21,22,56,12,8,18,46,5,51,48,4,34,42,27,28,37,30,26,1,39,59,52,53,45,33,58,29,15,10,43,3,35,6,0,9,50,40,63,13,49,7,20,19,55,54,38,16,44,2,24
7,60,29,8,30,45,44,27,9,53,58,43,56,35,57,63,28,48,47,39,33,38,59,46,25,37,15,24,14,5,50,42,61,32,16,2,34,1,55,18,21,36,6,51,52,40,11,49,10,12,13,31,17,4,20,22,41,54,0,23,19,62,3,26
43,26,19,27,55,44,20,41,32,25,62,35,56,60,0,33,7,40,52,11,42,3,30,22,49,8,45,31,51,63,9,48,38,14,34,2,47,15,37,13,54,28,50,16,61,58,59,18,39,5,57,36,6,10,53,24,23,12,4,17,21,46,29,1
50,5,10,15,39,32,9,24,18,36,16,40,56,61,22,54,25,8,44,58,27,48,49,38,3,47,35,11,63,2,62,41,34,13,53,31,51,19,59,12,7,52,6,55,45,30,23,21,28,26,57,4,0,37,60,1,43,42,46,20,33,14,29,17
52,63,3,37,32,56,20,33,28,55,31,49,61,38,17,25,47,6,34,23,43,30,51,26,18,24,62,10,60,44,21,59,53,2,27,22,7,57,13,8,36,11,39,12,9,29,48,19,1,58,15,50,35,40,54,0,42,5,16,45,4,14,41,46
31,25,63,45,62,56,10,44,46,38,29,5,40,20,51,13,52,2,22,35,24,37,17,23,0,43,57,7,59,42,53,48,4,41,11,55,28,26,58,47,50,14,1,27,9,21,49,30,32,60,19,15,3,18,34,12,8,33,6,36,54,61,39,16
4,15,52,6,30,40,26,58,37,36,56,24,62,46,34,10,42,59,17,63,13,0,43,60,32,41,7,1,9,51,35,53,27,11,5,20,38,25,3,21,39,48,45,14,50,61,54,12,19,28,47,23,44,33,57,55,16,8,18,49,29,22,31,2
49,31,39,54,56,42,59,11,61,17,43,9,34,36,30,16,28,48,12,51,3,63,40,26,60,58,38,53,1,0,8,5,4,2,6,46,18,47,35,21,55,62,41,22,45,24,20,15,7,10,27,23,33,37,14,13,57,52,19,29,44,50,25,32
12,46,39,57,16,18,3,25,1,29,4,44,61,2,21,48,24,32,37,38,35,53,42,47,15,34,60,11,9,43,22,62,14,26,54,7,50,51,49,52,17,13,56,6,23,0,40,63,10,33,28,19,8,27,58,55,20,59,41,36,30,45,5,31
40,2,39,12,53,25,3,17,28,29,54,0,1,44,30,33,23,6,10,5,41,36,22,63,62,20,18,32,19,57,9,43,38,50,37,15,61,31,56,14,51,48,16,13,42,8,52,24,55,46,4,59,27,35,60,58,7,34,11,26,21,47,49,45
18,61,58,22,54,36,29,30,41,15,52,12,24,8,10,11,20,13,0,5,63,37,2,4,27,48,26,45,9,1,19,62,31,6,17,47,50,56,32,59,40,34,53,33,46,38,60,43,49,16,42,39,51,25,3,14,28,7,57,23,44,35,21,55
6,52,58,53,34,42,19,29,60,40,28,22,36,50,18,20,39,0,33,59,30,63,51,26,7,48,31,17,1,4,8,13,25,54,47,23,15,16,35,41,62,32,27,49,38,45,3,55,46,44,12,10,2,37,61,9,21,57,5,14,11,43,56,24
59,21,37,9,58,36,45,18,60,46,30,7,48,47,5,19,4,23,12,35,3,10,49,63,38,41,16,11,50,42,1,22,33,44,40,29,39,32,62,8,13,0,24,56,51,57,27,15,6,52,34,53,26,2,14,17,43,54,31,28,55,20,25,61
47,34,45,16,7,30,38,61,54,22,13,48,23,50,46,11,59,41,4,21,20,31,25,28,12,1,26,9,62,19,14,42,39,53,15,63,17,10,57,52,58,36,5,40,0,37,44,33,43,24,60,32,18,27,3,49,35,55,8,56,51,29,2,6
49,8,45,21,22,1,50,3,0,52,25,2,44,34,60,11,46,10,61,54,19,30,9,15,56,14,57,43,40,55,41,24,28,13,17,42,48,37,6,7,59,53,12,58,32,63,51,16,39,20,4,18,36,62,38,31,29,5,27,33,23,26,47,35
12,8,24,46,56,45,50,7,11,60,41,39,0,26,23,38,28,58,32,44,35,16,5,2,48,49,34,59,14,22,33,51,42,62,25,30,21,9,17,10,54,1,29,61,57,55,31,36,53,43,63,3,15,6,18,4,40,52,37,20,27,13,47,19
52,29,41,17,10,35,6,8,24,12,22,15,60,2,16,34,39,28,56,57,30,51,47,58,49,19,32,11,26,31,21,3,25,42,20,55,23,63,36,14,0,44,4,43,45,62,54,7,59,13,37,40,33,50,61,46,48,5,27,1,9,18,38,53
47,3,9,2,52,11,0,58,48,63,19,36,41,4,28,14,27,15,55,39,12,44,56,34,18,45,17,23,49,24,57,62,20,5,26,61,50,10,35,22,30,33,32,43,7,54,59,42,8,16,1,60,29,13,21,37,31,53,40,6,51,46,25,38
27,15,14,40,10,23,6,25,55,4,16,11,28,35,41,52,0,57,63,47,9,7,46,32,31,53,50,3,61,38,18,8,1,33,29,39,56,49,12,45,36,20,19,34,17,54,30,59,37,22,42,48,5,26,2,62,24,44,21,51,13,58,60,43
19,28,36,56,48,62,57,12,14,13,24,5,60,1,55,8,31,26,11,41,50,47,39,27,45,3,9,25,17,6,35,40,63,44,43,32,22,4,42,37,18,46,0,58,51,2,16,34,54,52,33,29,15,61,49,38,7,20,53,10,23,30,21,59
63,60,24,55,37,13,48,35,58,39,42,3,53,36,15,56,31,41,38,0,50,30,32,1,11,2,9,4,14,61,25,10,21,26,49,20,29,59,45,57,40,7,43,8,51,62,34,52,17,28,12,19,54,44,23,33,27,46,18,5,6,22,16,47
44,50,33,32,23,13,34,21,63,14,46,48,3,42,38,30,19,2,45,49,39,28,10,17,4,27,11,26,37,6,51,62,59,9,52,36,54,24,47,57,55,22,12,20,53,1,7,29,18,43,15,16,5,0,31,8,56,25,58,35,40,41,61,60
58,40,3,59,52,20,39,19,34,14,29,56,16,44,31,9,50,11,1,13,54,46,2,24,15,4,57,63,0,7,22,28,27,10,38,42,30,61,51,41,17,8,45,49,18,32,53,12,43,60,55,35,36,21,25,47,62,5,6,33,23,26,48,37
18,5,19,28,3,37,34,32,40,27,48,35,63,53,24,0,13,36,46,43,39,16,7,52,54,33,11,10,26,57,42,21,12,15,61,2,51,59,25,31,6,44,14,45,23,56,22,62,49,1,30,58,9,4,17,55,38,50,20,41,29,47,8,60
60,31,12,57,18,56,17,15,22,58,32,8,4,30,41,0,10,38,3,28,13,20,46,21,61,16,54,62,33,14,51,29,55,7,36,5,25,48,26,37,27,6,2,9,59,35,47,40,39,43,45,19,44,42,24,23,63,1,52,34,49,11,50,53
62,19,28,48,4,21,39,51,53,14,60,10,59,7,0,30,16,25,31,29,61,42,56,1,45,55,54,27,3,52,6,36,17,63,41,11,46,44,35,38,24,20,5,37,58,57,34,49,33,2,50,47,22,43,18,8,9,26,15,40,12,23,13,32
26,55,11,20,42,8,13,50,17,10,29,0,31,63,54,7,35,62,32,34,3,5,1,59,21,39,53,47,56,18,44,37,49,30,16,40,36,57,14,43,19,61,22,45,2,25,52,27,51,33,46,23,4,24,9,15,28,12,58,41,38,6,48,60
55,32,51,5,26,10,56,19,8,33,16,50,48,34,23,62,58,21,27,9,37,1,28,52,20,7,13,22,39,12,57,30,35,11,41,36,49,38,40,53,29,2,24,61,6,18,3,45,25,47,54,46,0,31,14,15,4,42,59,63,17,60,43,44
16,31,29,15,27,20,48,22,61,54,32,45,36,11,30,3,40,17,14,6,26,42,52,58,7,1,47,56,59,38,19,51,28,8,25,46,60,21,50,2,23,18,9,43,5,4,55,49,13,12,10,34,44,33,37,39,41,35,53,57,0,63,62,24
12,48,33,20,25,34,47,22,41,2,11,1,14,32,30,37,4,7,21,36,8,46,59,9,15,53,60,26,43,63,45,38,10,39,18,40,6,28,27,58,17,54,24,3,61,56,44,51,5,50,42,57,35,29,49,13,31,55,19,0,16,62,52,23
31,0,2,3,9,17,51,49,5,42,36,58,19,39,53,26,7,54,48,55,8,12,61,35,56,23,22,15,29,13,63,20,43,4,27,28,6,14,25,1,50,44,52,32,41,40,18,46,24,45,37,21,33,34,62,16,57,47,60,59,11,30,10,38
9,20,55,47,42,12,54,34,50,63,33,29,1,3,15,4,18,35,25,44,27,26,24,23,7,56,43,0,61,39,36,17,49,11,57,45,30,14,21,8,59,41,19,53,40,32,10,62,22,6,2,37,28,5,48,38,31,13,16,52,46,58,51,60
29,28,22,9,44,26,2,4,56,52,31,10,38,17,3,8,45,11,43,57,61,23,35,0,19,40,7,5,54,33,53,34,24,39,25,41,42,60,18,13,1,6,21,14,46,62,36,16,37,58,32,47,30,63,48,59,27,51,55,49,50,12,20,15
59,15,0,2,32,60,21,31,44,53,45,17,20,30,34,35,3,1,56,55,37,5,19,58,57,9,11,38,6,14,50,16,48,52,10,54,13,36,29,41,33,23,62,61,40,4,26,22,47,42,39,7,27,12,43,24,46,28,51,8,18,49,63,25
46,10,55,52,43,54,62,21,27,26,14,13,36,29,18,16,9,3,7,44,41,39,24,6,19,17,63,37,34,35,56,20,60,53,1,15,59,31,30,28,58,0,8,42,57,48,22,51,33,2,49,47,50,38,32,61,25,45,5,11,4,23,40,12
1,2,58,33,56,36,47,45,54,7,55,43,38,60,13,16,22,11,50,14,18,24,46,37,51,3,40,42,48,6,28,15,4,30,41,34,10,20,8,63,12,53,0,19,61,25,9,23,21,26,57,44,31,5,39,27,29,17,32,59,52,49,35,62
29,2,18,19,1,49,61,26,48,60,0,17,45,3,28,33,43,14,22,63,40,34,13,47,15,21,35,41,54,6,50,53,12,11,55,10,23,44,8,38,57,51,7,4,5,59,30,24,58,16,20,39,27,56,36,37,31,46,32,9,42,25,62,52
33,45,2,3,47,55,15,1,38,24,31,62,59,42,60,52,50,7,49,14,37,28,53,22,20,11,41,57,9,54,19,63,51,23,39,16,8,4,35,61,58,13,40,32,6,44,26,18,36,17,34,56,0,5,25,46,10,29,30,48,21,43,12,27
35,10,59,51,31,63,58,62,50,24,25,16,56,1,11,19,40,60,45,8,36,17,0,34,48,5,57,15,7,27,12,46,47,23,21,29,22,52,55,18,61,41,33,20,14,37,38,30,42,32,6,53,54,3,4,26,49,28,39,9,2,13,43,44
22,61,40,59,16,4,23,63,14,1,55,9,26,35,6,53,28,31,0,54,47,51,13,42,33,58,34,39,49,38,30,2,44,27,21,29,5,46,52,24,17,8,45,41,37,11,36,19,43,62,10,18,32,7,12,20,15,60,48,57,3,25,56,50
1,61,42,44,5,52,10,8,28,4,7,35,51,47,19,15,43,20,2,57,13,0,25,27,40,54,41,21,11,39,12,63,22,9,53,6,23,33,24,32,30,26,18,3,31,59,62,14,55,48,50,56,45,17,37,29,36,38,34,60,16,49,46,58
28,40,38,31,10,20,33,3,56,21,11,35,46,48,19,57,39,22,54,14,52,26,51,8,24,58,4,2,49,15,29,7,62,27,34,23,55,9,16,43,37,32,50,61,41,0,25,60,30,5,17,42,18,12,63,6,44,59,36,13,53,1,45,47
25,20,47,22,35,26,42,52,19,7,44,54,51,40,5,30,46,34,61,39,58,37,18,14,62,50,11,10,23,48,28,0,13,21,45,60,1,41,56,32,6,27,63,36,33,38,43,53,24,49,4,55,15,31,29,59,2,3,12,9,16,8,17,57
57,47,2,41,62,54,22,13,29,12,59,27,0,5,17,51,38,63,20,60,55,16,21,9,32,50,6,43,58,11,53,19,52,3,42,36,15,40,46,23,48,61,8,34,7,14,26,44,4,37,39,24,18,10,25,31,56,35,45,28,33,30,1,49
44,63,27,22,39,32,5,51,20,29,10,61,17,43,18,62,38,45,36,4,37,15,3,49,31,1,48,11,26,33,52,23,14,7,41,42,0,53,9,24,46,57,35,2,25,56,13,19,8,40,47,28,21,58,54,50,30,59,6,60,55,16,12,34
59,8,62,26,39,35,4,10,18,27,17,57,32,7,29,53,38,43,47,41,40,42,14,63,31,15,28,22,16,50,44,19,24,51,48,3,46,61,55,20,52,12,49,11,21,13,56,45,30,58,6,33,54,1,36,5,25,34,37,23,2,0,60,9
61,26,34,21,5,20,35,63,39,52,50,41,38,49,22,40,9,44,36,43,31,54,13,25,15,55,11,29,27,56,47,18,42,10,0,46,6,17,23,28,58,37,48,45,16,24,33,1,7,57,32,8,60,4,59,51,14,12,3,53,2,19,62,30
15,52,48,10,31,43,42,19,14,37,5,53,41,51,11,6,40,30,24,4,7,33,60,50,59,54,21,45,62,17,25,2,38,13,27,9,55,26,29,61,18,35,23,44,58,1,46,0,47,63,20,12,22,28,36,3,56,16,34,39,57,8,49,32
19,49,59,4,46,17,57,61,50,16,51,30,43,25,44,36,40,11,24,35,63,62,31,34,1,56,48,29,0,8,58,18,33,3,52,37,2,28,5,60,14,22,20,6,42,23,15,21,47,45,41,7,53,39,54,27,12,9,55,38,26,32,10,13
2,1,4,28,59,16,33,40,27,19,54,47,38,46,0,56,57,43,30,8,49,63,45,31,44,32,34,9,41,17,3,22,37,13,42,18,51,14,21,52,48,58,39,10,60,26,6,5,11,50,24,61,62,15,23,53,7,25,36,55,35,20,12,29
49,54,57,56,41,34,4,60,24,29,30,25,63,47,31,27,16,53,7,2,9,1,8,12,15,21,11,33,38,17,36,3,45,26,32,40,5,23,35,46,14,22,6,18,62,39,0,55,10,13,19,44,48,50,61,20,52,43,59,42,37,58,28,51
16,15,36,45,49,38,27,39,62,1,58,46,9,12,50,29,42,2,40,19,44,0,5,52,33,7,51,37,21,20,23,14,6,4,43,48,17,30,55,3,34,13,56,41,60,10,61,26,22,63,18,57,54,8,47,28,25,11,31,59,35,24,53,32
10,32,24,18,30,3,8,48,57,63,17,39,38,53,7,41,15,37,1,44,60,54,20,28,34,61,31,26,59,5,13,36,21,52,2,27,49,9,42,22,16,50,46,14,56,43,40,11,62,23,33,51,35,4,0,6,25,55,12,29,45,58,19,47
7,25,52,15,23,44,32,33,30,51,10,13,2,5,36,37,46,48,16,35,57,34,62,8,50,60,29,22,4,47,14,6,31,28,24,43,55,1,26,3,41,9,59,0,38,18,27,11,49,58,63,39,17,21,61,56,19,45,42,53,20,54,40,12
58,31,17,40,59,35,4,30,52,29,57,25,34,50,46,14,23,42,2,9,55,19,51,11,13,15,63,7,47,1,8,16,62,56,45,28,24,48,22,36,43,20,3,53,49,27,5,39,10,6,37,33,26,12,60,38,32,0,18,54,61,21,44,41
56,63,51,58,41,45,49,29,34,47,28,59,60,25,15,32,11,17,21,10,40,42,33,31,38,8,23,35,2,1,46,18,50,0,52,14,36,48,3,39,16,53,20,43,13,9,4,61,30,62,44,26,22,54,55,57,19,6,5,7,27,12,37,24
59,1,41,56,60,4,19,53,61,27,0,2,7,15,29,33,63,51,46,62,39,14,42,37,31,32,18,36,11,34,35,22,49,38,58,57,20,55,52,26,48,43,10,12,16,6,54,45,8,40,3,30,24,21,5,47,25,17,13,50,23,9,28,44
13,25,19,58,45,28,32,3,14,22,10,49,56,55,15,6,23,41,44,17,9,1,53,29,50,48,46,63,16,8,43,51,38,24,57,26,35,37,11,21,30,27,61,2,36,20,59,18,39,40,34,42,5,0,47,4,31,7,33,62,52,54,60,12
42,26,21,33,59,41,15,3,57,5,34,63,24,8,7,46,31,58,35,45,12,6,32,30,53,55,29,25,52,43,47,16,11,60,44,19,50,56,13,62,61,0,37,40,9,22,27,17,2,18,49,48,36,39,28,20,14,1,10,51,23,54,4,38
3,43,31,4,35,34,55,37,62,28,29,39,14,8,56,26,19,17,16,44,51,38,23,40,1,48,61,45,25,53,59,11,49,58,46,60,30,41,2,15,54,50,24,13,12,10,20,27,36,63,7,22,5,21,18,0,33,9,57,42,6,52,32,47
46,14,37,57,21,53,4,51,38,54,13,28,42,43,6,25,36,9,8,20,49,32,62,31,19,47,26,17,7,40,33,18,45,10,16,60,30,11,5,1,2,61,48,24,50,35,23,41,29,0,56,59,55,44,34,63,22,39,15,58,52,27,3,12
19,57,63,33,62,61,27,8,10,4,14,60,24,18,16,41,50,9,37,43,39,3,49,22,59,7,34,47,58,44,42,52,46,5,2,32,45,54,30,40,31,38,36,21,13,55,51,26,48,56,11,35,23,53,17,25,1,6,15,28,0,20,29,12
37,39,47,43,38,11,57,13,7,10,48,23,55,35,61,50,12,52,54,20,32,17,27,19,9,62,44,3,22,24,36,2,21,60,29,1,14,59,46,30,0,40,56,15,18,51,8,5,6,26,4,28,41,25,33,53,49,63,42,16,34,31,45,58
5,62,32,49,17,13,24,19,36,9,55,10,53,38,22,18,56,15,41,61,11,3,63,37,33,44,52,50,34,25,57,20,0,16,30,6,58,28,1,7,47,46,21,29,14,40,48,45,8,27,12,39,59,42,35,2,26,43,31,51,60,4,23,54
5,18,6,42,57,33,7,41,58,29,46,2,51,40,10,24,17,62,63,47,44,32,45,20,22,31,0,35,38,3,56,1,21,25,60,14,19,39,53,48,37,43,16,30,4,36,9,50,15,61,28,52,55,12,13,34,11,27,26,49,54,23,59,8
62,16,30,24,44,52,17,3,45,55,39,14,33,7,38,5,19,6,36,10,18,23,13,28,25,37,53,35,4,49,46,60,21,2,51,34,48,9,8,27,22,59,41,12,20,32,29,63,57,15,40,0,58,47,31,1,26,54,61,43,56,11,42,50
52,17,31,50,33,34,18,16,48,58,11,10,4,63,27,2,25,35,38,46,57,45,24,1,32,42,0,23,62,28,22,49,30,20,13,43,39,6,60,47,3,36,21,19,54,40,15,8,5,51,14,59,56,44,7,26,61,37,55,9,41,12,29,53
9,4,10,31,53,1,50,36,35,11,19,13,12,33,6,48,32,37,55,49,44,22,42,59,51,45,56,18,23,20,29,60,57,24,5,25,61,47,26,34,28,2,39,0,43,7,27,17,15,40,16,54,41,58,8,63,52,21,62,3,46,38,30,14
45,39,24,44,25,5,38,10,34,62,56,20,59,8,12,60,40,61,21,63,11,6,0,16,57,22,13,52,54,47,58,37,31,7,23,35,27,3,4,9,18,55,41,19,17,29,28,14,42,26,30,50,1,49,33,53,36,15,43,51,2,46,48,32
12,26,11,16,42,63,27,61,21,32,58,46,7,22,0,56,57,43,13,47,35,29,25,15,44,62,20,14,60,9,23,49,39,17,36,10,48,4,2,19,41,1,33,30,50,31,59,18,52,3,28,37,40,6,24,34,54,5,53,45,8,51,38,55
23,3,14,19,22,63,58,26,61,13,37,47,9,48,16,31,21,4,20,52,8,39,40,6,56,59,45,25,35,24,51,62,34,54,15,11,49,38,41,30,1,29,18,5,0,17,27,57,33,55,50,53,10,32,7,43,28,36,2,12,60,44,46,42
11,49,4,40,52,51,33,20,6,16,56,47,37,35,12,55,30,25,19,3,31,10,21,41,60,42,53,18,2,36,58,1,8,28,38,54,26,61,43,13,9,15,57,0,59,45,32,17,46,23,14,5,24,22,27,39,29,48,44,62,7,34,50,63
41,38,26,4,60,15,14,33,50,49,6,25,17,19,43,28,36,8,61,3,53,63,22,46,1,34,42,35,23,55,13,39,7,59,0,12,54,24,62,40,21,47,44,9,2,27,51,11,58,18,52,31,45,57,32,30,37,56,20,29,10,16,48,5
3,13,17,21,7,26,19,54,22,1,16,20,30,63,59,42,44,52,32,23,10,57,53,37,60,6,50,4,45,8,56,12,33,39,9,38,43,24,34,28,31,58,27,15,41,51,61,48,18,14,35,55,5,11,36,0,47,40,2,46,62,49,29,25
35,43,34,44,47,55,4,41,18,24,11,56,13,23,16,2,48,10,38,59,32,46,51,9,50,52,28,7,58,54,27,5,42,37,29,49,22,57,17,19,63,40,8,31,25,0,61,30,33,36,45,15,14,39,62,20,12,21,3,26,60,1,6,53
50,45,12,47,31,52,55,48,16,41,34,63,6,32,20,7,44,19,15,1,14,28,27,30,49,57,53,54,26,58,33,37,21,4,39,35,59,29,22,42,3,56,8,46,13,25,23,40,62,5,61,9,43,0,10,17,36,24,2,11,38,60,51,18
47,39,45,43,11,28,26,57,60,30,53,22,63,16,7,46,6,40,19,12,52,33,1,51,23,18,13,59,35,20,5,42,8,10,38,36,4,54,27,41,50,15,56,49,61,29,32,48,2,24,44,31,25,37,14,17,62,9,34,58,21,0,3,55
40,44,29,20,32,47,49,39,28,55,3,63,14,17,62,50,30,59,46,42,51,25,16,35,18,52,6,13,2,5,48,60,34,8,12,11,38,15,1,58,37,33,4,45,24,31,23,57,21,43,41,27,10,56,0,26,61,7,36,19,54,53,22,9
28,51,42,39,12,22,7,45,17,37,30,36,2,26,50,20,58,9,18,47,62,63,31,16,24,56,11,15,57,4,32,21,14,54,19,34,13,55,33,52,8,59,49,23,6,60,43,0,5,61,25,3,53,46,1,27,29,48,44,10,40,38,41,35
6,4,31,61,9,27,21,3,18,12,13,36,33,58,40,23,38,51,39,34,49,52,26,42,59,0,54,19,53,11,48,17,45,46,25,28,62,47,43,5,10,14,55,29,37,30,44,24,20,32,63,35,56,41,2,22,60,8,50,57,1,15,7,16
61,4,38,26,63,43,47,59,56,5,34,24,42,40,9,12,32,28,49,50,13,57,35,7,8,48,51,54,11,3,58,29,19,44,15,30,23,33,10,20,27,37,0,25,52,21,14,60,18,62,55,1,22,39,6,53,2,17,46,45,41,31,16,36
18,33,59,16,58,25,21,13,6,53,43,19,30,28,55,39,9,12,27,62,7,31,24,60,22,44,34,41,5,26,3,8,38,11,2,52,51,48,29,32,14,1,17,0,46,4,49,37,36,10,50,61,57,40,56,20,47,54,23,35,42,15,63,45
0,3,62,11,25,18,45,48,39,52,26,36,41,50,10,42,60,2,56,1,23,57,61,33,7,24,49,31,16,4,63,8,30,35,58,29,28,15,6,5,9,20,53,47,44,54,51,21,13,43,19,17,34,32,27,14,59,55,22,40,46,37,12,38
13,55,63,33,31,23,61,54,45,57,49,56,17,15,24,41,50,35,19,37,3,9,32,20,11,18,16,43,21,1,29,39,0,60,2,42,25,44,30,40,48,4,28,36,38,10,34,14,5,46,58,51,52,22,62,47,12,59,27,7,8,53,26,6
51,45,53,60,15,31,56,42,16,63,29,1,19,21,54,12,49,9,23,57,0,55,40,34,58,4,30,3,52,35,26,18,37,17,46,44,50,7,36,20,22,2,13,48,47,28,11,39,38,8,62,24,43,5,41,6,10,61,32,27,33,25,59,14
44,12,28,42,9,29,57,13,30,36,35,22,49,27,19,25,52,40,20,59,50,39,45,46,15,6,60,48,5,63,54,34,31,7,24,37,17,43,4,21,11,3,41,2,51,61,62,23,14,47,56,16,58,10,0,55,33,38,1,26,53,8,18,32
3,28,40,63,16,7,31,57,1,52,23,51,25,24,56,8,6,61,45,46,9,48,53,13,26,62,38,12,55,50,0,49,33,42,39,43,36,21,17,14,10,5,15,58,22,44,54,29,19,4,35,37,47,20,59,2,11,18,41,32,27,60,30,34
32,22,59,12,52,19,7,45,56,27,26,36,40,58,62,8,44,1,30,5,43,41,42,25,23,4,63,49,18,16,20,38,47,61,6,48,9,15,2,37,34,10,55,46,3,51,11,35,24,53,54,39,31,17,28,29,60,57,0,13,21,33,14,50
55,47,12,56,27,20,7,28,15,31,30,34,37,2,11,62,49,57,13,1,22,8,39,53,9,60,25,26,42,44,52,45,10,14,48,21,33,40,50,54,38,18,24,4,3,43,16,6,5,19,58,36,41,35,61,32,0,46,17,51,63,29,23,59
50,52,42,36,33,49,55,20,27,61,44,57,25,43,5,54,51,56,11,29,45,17,46,13,60,23,41,39,38,28,47,9,62,31,34,2,6,63,18,26,8,14,19,37,53,16,22,35,1,24,7,10,3,12,59,58,21,32,4,15,40,48,0,30
27,42,55,47,15,63,39,1,54,29,11,56,30,31,6,58,18,32,37,59,16,62,34,46,60,28,41,57,17,51,13,50,53,0,4,48,61,38,10,49,40,43,33,14,45,3,21,22,5,19,20,12,52,23,2,7,44,35,24,25,8,36,26,9
53,7,14,4,39,61,1,30,41,13,63,0,8,56,2,44,50,34,28,35,10,17,37,46,62,9,18,6,21,52,23,22,60,57,27,43,31,58,12,40,3,5,42,26,16,48,59,36,55,15,49,47,25,11,32,38,20,51,54,19,33,24,29,45
54,38,8,62,9,47,30,33,7,12,40,36,56,61,14,29,35,42,49,11,43,5,24,25,19,16,21,45,17,32,13,26,63,15,59,31,39,0,44,53,48,27,6,4,51,60,10,55,50,23,52,41,18,20,57,1,28,37,2,3,22,46,58,34
24,18,8,6,10,15,21,47,39,33,35,7,55,14,54,0,42,2,26,41,19,50,44,17,11,5,28,46,63,4,32,34,22,45,57,43,51,27,60,36,23,49,16,38,61,58,31,48,3,30,25,52,20,59,1,40,29,37,13,56,12,62,53,9
2,54,35,13,41,12,0,58,46,40,9,49,25,29,26,31,20,43,7,51,38,33,44,53,59,57,18,1,11,37,28,22,36,50,5,61,17,16,24,55,47,4,60,48,30,6,52,56,62,27,8,15,45,14,63,10,32,23,3,21,34,19,42,39
47,34,36,22,59,9,30,28,58,52,48,4,16,33,35,43,8,19,51,21,29,39,2,7,1,46,37,15,41,49,6,61,38,0,14,42,24,13,40,45,44,32,53,25,63,27,3,10,54,20,18,5,55,62,11,31,23,26,57,50,17,12,56,60
45,17,34,13,28,26,12,61,16,42,44,24,60,38,32,0,62,11,40,21,59,30,2,15,5,4,10,36,20,22,3,23,29,63,57,6,52,7,37,27,54,8,18,53,50,49,51,56,55,19,14,58,31,1,41,48,47,9,35,46,43,25,39,33
20,44,15,53,2,41,5,56,31,21,58,23,51,52,34,37,60,29,47,18,11,24,43,16,63,42,27,62,50,6,59,33,25,38,7,48,26,17,9,55,49,40,46,45,19,39,57,3,30,1,10,14,22,13,54,8,12,28,32,36,35,4,0,61
41,56,47,34,33,23,16,36,35,61,25,15,54,40,26,55,53,38,48,9,32,20,42,7,52,24,5,14,1,39,51,37,11,46,44,50,57,2,18,4,43,17,45,10,13,63,0,59,31,6,22,58,62,3,8,27,19,28,60,29,49,21,30,12
10,26,46,31,59,39,62,38,16,54,47,61,0,35,63,20,5,1,52,7,27,60,12,30,44,32,28,29,3,53,9,42,36,34,13,45,49,57,11,43,21,24,19,58,50,51,2,56,48,15,8,40,22,33,6,14,4,55,17,25,41,37,18,23
1,20,50,6,53,22,47,61,9,39,4,63,26,54,46,23,49,31,43,14,10,36,38,13,5,59,41,27,57,45,8,21,3,2,16,58,34,11,17,44,62,40,29,32,42,55,35,24,19,15,51,18,12,33,30,60,56,37,28,7,52,48,0,25
0,25,41,22,48,54,28,56,36,43,31,6,39,57,59,27,15,60,34,29,42,51,46,23,49,11,38,10,52,8,5,2,47,50,18,35,53,1,32,61,16,55,20,45,7,40,12,4,24,30,19,17,44,62,3,14,26,37,13,63,21,58,33,9
33,51,50,40,12,9,60,26,36,8,11,35,56,23,58,37,61,30,22,44,48,2,10,20,31,14,45,19,3,47,32,54,25,24,63,17,15,6,16,38,49,57,39,62,41,4,28,46,18,52,59,1,29,5,27,13,43,21,7,34,0,55,42,53
2,51,34,28,8,22,50,39,45,23,61,7,54,29,17,13,40,37,41,16,26,6,59,49,46,4,24,19,20,21,9,62,38,58,47,48,5,0,60,14,27,42,55,52,11,25,12,63,57,32,30,36,3,56,10,1,33,53,18,35,44,43,15,31
24,52,20,50,10,37,38,0,63,13,42,41,51,9,18,43,5,23,46,55,25,34,19,8,39,44,62,16,54,59,49,48,3,26,14,6,53,12,7,27,2,57,4,28,47,15,22,58,29,40,60,33,30,11,35,21,17,1,56,61,31,32,45,36
0,26,22,19,31,18,41,40,49,25,5,12,15,32,34,54,6,9,35,8,28,39,33,16,52,23,51,47,48,50,10,42,57,44,55,24,21,38,27,36,53,30,1,62,4,17,14,20,58,59,37,45,3,61,46,56,11,43,7,29,13,63,60,2
34,32,14,55,53,50,31,7,61,25,18,23,13,35,17,12,15,49,10,20,30,27,51,6,56,43,58,16,54,59,62,33,46,36,1,39,52,37,22,45,19,57,21,40,44,11,9,28,48,0,26,63,3,60,4,8,42,38,5,2,24,41,47,29
40,25,22,43,14,39,33,60,1,42,24,31,20,62,34,17,16,41,23,29,51,57,55,48,18,59,63,35,13,49,46,45,27,50,26,2,3,61,21,6,32,11,19,44,58,28,5,12,30,56,53,15,8,38,52,37,9,36,10,0,7,47,54,4
29,22,10,8,6,53,39,43,18,60,47,54,52,5,15,0,25,62,27,33,36,30,34,24,16,1,59,14,50,37,26,57,13,23,42,45,49,63,20,58,21,2,31,7,46,40,51,3,32,12,17,19,11,56,38,55,48,4,28,35,9,61,41,44
51,9,3,42,45,48,50,29,53,7,11,37,35,24,13,28,27,62,18,46,58,22,52,20,40,36,14,16,15,1,33,61,41,32,6,4,2,5,44,17,39,25,38,19,60,59,23,63,54,12,0,26,8,30,31,10,43,49,57,21,47,34,55,56
28,42,37,32,44,19,7,59,16,54,9,12,10,18,45,60,27,20,51,23,14,0,1,34,57,25,33,39,17,26,11,6,22,41,31,29,38,8,50,4,5,53,21,35,3,47,52,15,46,49,62,13,56,2,61,43,63,24,55,58,40,48,30,36
59,46,13,21,18,26,17,22,23,28,49,12,27,20,32,3,58,15,10,37,50,9,35,4,0,44,52,53,43,42,36,24,45,51,11,60,19,14,47,7,5,1,2,61,8,63,48,40,30,56,57,33,16,31,6,54,34,41,39,55,29,25,38,62
9,59,63,4,50,48,29,22,47,45,58,46,20,31,14,15,61,39,12,6,49,5,44,35,19,7,0,18,40,25,8,33,2,54,55,13,36,32,30,17,42,1,11,53,34,60,52,10,43,27,41,51,3,56,28,62,57,21,23,38,26,37,24,16
4,35,6,59,41,19,15,50,20,58,38,17,27,11,12,0,18,2,28,9,43,33,7,60,52,61,51,56,55,63,22,48,53,1,32,49,26,23,16,8,46,5,36,21,44,42,62,39,13,30,29,25,10,47,24,34,54,14,3,37,31,45,57,40
49,53,51,61,35,62,34,36,21,0,23,40,9,45,16,39,7,25,26,24,63,1,6,13,37,41,18,31,28,43,2,58,30,12,47,42,32,29,3,11,8,56,33,19,60,22,17,50,5,27,14,55,10,20,48,59,15,46,52,54,44,57,38,4
56,25,22,38,3,32,6,61,9,52,28,48,57,8,14,39,37,34,54,55,20,10,43,49,27,50,5,40,15,1,30,33,59,45,23,63,31,51,58,26,53,13,41,12,24,4,35,7,2,44,19,18,62,17,42,46,11,60,29,36,47,0,16,21
63,33,25,18,56,10,36,22,19,15,5,29,1,48,39,46,55,44,35,45,6,58,24,28,8,53,26,49,14,52,16,40,50,17,54,51,20,11,57,37,43,9,41,27,4,32,38,23,2,0,3,13,12,47,31,62,59,30,60,21,61,34,7,42
28,45,25,12,48,8,4,20,34,46,35,41,24,52,9,7,59,30,17,47,57,60,32,36,2,51,6,40,31,21,22,62,3,23,37,39,49,61,5,56,42,53,18,29,16,11,54,27,50,10,26,15,1,43,38,33,58,19,55,63,0,13,14,44
62,40,9,31,39,38,3,0,5,12,6,35,17,7,24,43,44,13,18,33,53,45,19,1,57,4,51,16,27,36,28,23,49,52,15,37,25,46,10,54,26,22,48,30,55,42,47,2,59,8,50,58,14,34,60,21,63,32,20,29,11,61,41,56
55,59,27,21,28,30,17,12,36,32,24,5,53,7,33,23,8,45,14,3,48,42,41,10,62,39,11,51,63,58,37,40,25,0,16,44,38,43,15,2,22,1,52,26,47,31,56,29,13,54,35,49,60,57,46,19,9,6,50,20,61,34,4,18
31,3,28,46,51,48,63,8,11,27,35,21,41,54,20,42,30,4,25,37,56,53,17,6,10,61,52,39,1,32,9,58,24,14,16,7,15,49,43,23,59,19,0,34,36,26,12,22,33,60,38,13,57,18,55,40,45,47,50,2,62,5,44,29
21,38,4,1,3,10,41,49,40,52,12,54,27,33,47,57,20,6,0,36,43,37,16,29,42,17,35,61,28,22,44,15,19,32,63,51,48,18,58,46,50,14,53,5,60,62,31,45,56,7,30,55,34,24,9,11,26,23,2,8,39,13,59,25
12,25,32,19,38,42,35,30,48,8,21,62,22,34,6,47,5,26,13,24,0,55,53,9,37,1,40,49,43,16,56,51,23,39,45,2,10,63,18,14,28,50,61,15,44,36,46,7,29,4,58,60,41,54,57,17,33,31,3,52,11,27,20,59
8,7,0,38,37,3,40,5,35,22,32,34,43,2,46,26,25,11,58,30,27,13,47,49,36,59,42,17,45,15,16,54,50,53,4,20,18,57,21,44,62,48,61,31,9,60,33,19,12,14,39,6,1,10,55,23,56,52,28,24,41,51,29,63
48,42,5,19,60,15,38,9,54,10,23,8,16,45,3,40,61,13,1,50,25,26,59,27,30,18,44,35,31,29,53,28,36,41,21,7,62,47,11,57,52,14,0,63,4,37,46,58,24,17,20,39,2,55,33,34,43,56,6,49,32,12,51,22
5,57,12,63,6,44,51,2,35,26,59,1,14,18,24,25,31,16,30,62,8,49,19,10,29,41,61,0,17,3,50,23,46,11,56,45,38,37,20,32,4,39,34,22,43,13,55,58,47,33,42,28,21,27,53,60,48,7,52,40,15,36,54,9
32,21,31,12,3,33,46,13,54,7,44,47,4,43,50,26,52,39,17,38,18,58,2,15,55,48,6,57,16,41,61,1,29,22,11,60,9,30,28,53,37,5,24,35,63,8,36,25,59,56,19,23,0,34,27,10,40,14,49,45,62,42,20,51
9,30,3,10,28,53,58,36,29,49,35,38,17,31,59,20,16,21,14,8,63,42,51,60,40,13,39,57,48,26,52,7,25,11,15,6,1,4,12,47,18,46,23,55,61,22,43,19,37,54,56,33,45,0,24,27,62,5,32,34,41,50,44,2
3,60,4,43,20,31,34,51,28,52,40,6,38,39,7,50,54,26,5,61,8,58,10,9,13,62,53,44,30,63,18,46,45,36,23,42,49,56,12,35,25,32,48,27,41,19,29,17,15,2,24,57,1,16,37,47,59,22,55,33,0,11,21,14
31,48,55,26,60,5,6,7,40,27,22,21,63,1,38,45,59,19,37,8,18,33,14,16,11,24,34,43,46,49,15,4,10,57,12,42,52,41,61,53,30,44,23,0,47,51,39,25,58,35,56,50,28,3,9,36,2,29,32,62,13,20,54,17
48,20,18,30,3,41,4,1,32,61,34,5,0,23,54,11,9,8,25,10,35,42,29,50,55,46,27,37,15,40,33,6,38,7,2,57,21,26,59,13,22,45,53,24,28,12,44,49,58,14,47,17,43,31,63,39,62,56,51,16,36,52,19,60
44,45,33,53,28,6,43,16,39,62,54,24,9,22,14,32,36,58,4,2,29,5,12,63,61,15,20,41,19,18,42,13,37,38,49,17,48,25,0,26,46,7,47,40,52,3,57,51,27,59,31,1,11,55,50,56,35,8,34,30,23,21,10,60
38,50,35,23,1,48,17,62,18,21,0,28,11,19,26,13,10,54,57,22,12,2,25,59,53,37,16,47,14,6,46,49,44,36,8,41,3,30,52,29,40,20,63,32,4,55,9,5,24,45,33,7,31,58,39,34,56,43,15,27,61,42,51,60
33,34,32,42,16,61,30,19,12,9,45,35,14,2,3,25,23,48,47,44,13,41,40,11,46,26,62,53,52,20,24,28,17,29,59,60,7,21,8,63,39,0,6,55,31,36,10,56,5,58,15,43,38,57,37,51,4,49,1,54,27,18,22,50
39,25,11,12,4,7,51,34,0,32,41,16,58,19,48,47,53,13,63,50,3,28,27,2,8,57,60,29,56,5,61,37,45,10,52,36,35,14,30,31,43,40,62,21,59,33,22,15,1,6,20,24,26,54,44,38,55,9,17,46,23,49,42,18
31,44,22,40,46,36,15,45,20,39,21,7,12,59,25,2,26,1,10,37,56,58,34,33,35,19,30,13,51,55,28,17,50,3,6,63,9,27,0,43,57,29,38,53,41,60,14,18,52,47,23,16,54,32,11,24,62,4,42,49,5,61,8,48
52,46,21,18,25,13,60,41,29,63,57,23,35,16,56,33,26,43,12,30,58,37,51,22,31,7,20,28,8,45,10,4,1,39,17,19,6,54,47,53,3,48,62,40,59,24,61,36,2,44,11,9,38,55,15,49,32,50,14,0,27,5,42,34
49,50,10,61,52,42,39,24,60,17,5,55,38,62,9,26,34,8,58,1,43,0,36,3,21,63,48,19,31,27,33,13,11,28,54,20,14,47,40,59,46,57,16,12,6,32,7,51,53,56,23,35,22,30,44,15,2,29,37,25,18,41,4,45
55,31,57,23,33,44,52,27,3,2,40,54,60,18,35,26,5,34,14,41,32,22,24,48,21,7,63,37,25,10,17,20,15,61,47,56,0,43,13,58,62,39,45,29,53,49,36,38,8,16,50,4,51,42,59,6,28,46,12,30,9,1,19,11
23,54,22,46,8,3,16,28,32,4,6,20,21,38,37,45,12,33,5,0,50,15,63,7,1,59,10,56,31,29,57,48,19,2,42,52,11,58,44,34,36,51,30,39,17,43,35,47,60,55,9,13,61,18,27,14,26,49,24,41,40,53,62,25
59,32,2,28,13,37,9,21,6,31,49,5,10,0,4,46,26,23,19,35,24,63,48,56,55,41,47,50,11,14,57,38,1,25,16,17,54,33,60,18,36,20,58,42,29,3,27,7,12,34,39,8,53,30,45,44,61,52,22,62,43,51,40,15
1,17,42,45,12,49,8,31,39,55,58,29,2,21,19,38,10,11,48,37,52,41,62,36,43,23,3,44,40,20,24,53,16,15,30,32,6,47,51,56,9,50,61,46,18,22,28,57,26,63,59,35,27,60,0,4,54,7,5,13,34,25,33,14
34,47,1,29,27,7,44,51,33,46,30,3,57,5,63,40,9,24,59,36,61,37,17,11,52,28,62,48,39,20,26,16,55,18,23,31,53,50,56,45,13,21,4,58,25,10,19,6,14,15,42,8,43,0,54,38,49,12,60,41,32,22,35,2
57,8,13,51,7,38,16,45,0,63,26,11,56,37,36,12,5,1,30,18,54,44,3,35,17,10,42,58,21,52,4,14,59,9,39,33,23,6,27,2,34,22,47,20,62,53,29,24,25,49,50,43,28,41,60,61,19,48,31,40,46,55,15,32
50,55,21,1,7,3,48,13,42,20,61,18,35,9,2,36,26,25,17,11,47,43,15,63,30,38,31,46,40,53,54,19,58,41,28,8,0,16,4,51,39,59,33,14,37,24,44,5,49,29,32,60,62,57,22,56,12,10,23,52,6,45,34,27
32,37,20,53,42,38,51,0,46,50,21,22,57,52,63,1,40,15,59,16,44,5,28,10,48,43,39,6,27,35,23,19,47,34,58,31,2,41,61,24,4,45,13,60,54,12,17,36,56,55,9,62,8,11,7,29,30,3,33,18,26,49,14,25
21,4,49,48,41,55,43,45,38,11,39,30,56,34,10,42,31,58,2,6,0,44,14,59,8,61,15,1,33,3,37,13,40,27,5,50,35,23,32,57,47,54,26,60,46,20,7,12,52,28,29,24,63,51,36,9,25,19,53,17,22,62,16,18
49,41,8,3,30,24,1,46,10,19,5,18,17,29,12,11,38,4,34,56,27,28,59,52,22,54,35,61,50,20,0,7,16,48,53,21,6,57,13,40,33,9,32,39,15,58,36,23,45,44,47,43,42,2,55,37,63,25,14,51,60,26,62,31
41,59,25,31,44,57,0,4,30,2,50,5,52,34,1,43,36,17,40,33,7,11,37,51,16,9,35,29,24,32,62,45,13,3,12,46,60,58,23,14,22,47,27,28,15,6,42,18,8,55,54,10,19,48,39,20,56,26,38,63,21,49,61,53
11,12,9,50,55,13,58,22,15,4,27,21,38,1,0,44,10,40,39,61,53,49,7,37,46,52,26,36,25,34,63,54,32,5,42,33,29,62,60,57,3,17,14,30,43,8,59,20,18,51,41,48,23,47,19,45,35,31,24,2,28,16,6,56
49,41,13,28,18,45,8,17,58,14,56,59,40,32,22,62,31,50,27,53,0,52,44,29,2,5,55,57,35,10,1,48,39,20,38,61,11,33,30,7,36,42,21,60,34,46,26,19,37,6,24,15,63,12,23,16,4,3,47,43,9,54,51,25
28,46,55,23,34,15,19,21,51,26,59,42,44,62,32,1,25,24,47,35,52,49,53,4,22,41,20,13,37,36,45,0,12,30,63,38,33,8,50,9,6,5,56,58,60,11,39,2,31,61,43,57,10,16,40,18,3,17,7,29,27,14,48,54
7,6,60,8,39,5,42,35,10,51,26,44,33,37,36,28,0,54,50,27,4,9,53,1,45,12,15,34,59,29,3,56,17,31,46,62,57,23,40,38,30,24,58,20,52,55,25,49,16,18,13,21,14,2,43,19,48,41,63,32,61,11,22,47
36,15,5,59,2,7,38,21,14,63,31,33,47,60,12,62,43,49,37,6,1,42,44,19,22,11,57,56,51,25,39,8,32,20,27,35,45,10,41,29,28,58,61,23,50,55,40,48,0,52,54,13,3,16,30,9,53,26,46,18,4,34,17,24
51,30,21,48,34,32,6,20,44,37,47,46,13,40,11,23,18,63,52,43,7,5,26,57,50,39,60,28,53,16,8,19,31,3,2,24,36,35,0,42,10,15,33,62,59,14,27,1,58,41,55,4,54,17,61,56,22,25,29,9,45,38,49,12
44,48,21,16,25,17,14,45,52,3,55,24,39,61,11,54,13,36,60,43,34,51,23,38,42,9,6,63,31,62,12,20,46,22,18,40,57,19,30,58,37,49,2,32,35,33,41,4,0,53,8,7,29,50,15,26,47,56,27,10,5,1,28,59
21,22,53,14,55,26,42,43,35,56,7,33,59,16,44,39,60,40,1,38,11,0,37,28,9,50,3,48,34,31,20,8,15,2,47,24,5,58,45,19,18,54,41,25,29,51,17,52,23,32,57,27,49,30,36,6,13,46,10,63,61,12,62,4
59,37,47,1,44,40,6,19,8,9,49,42,54,10,13,17,32,46,62,29,41,5,2,50,15,58,51,63,48,14,21,60,45,27,43,39,3,25,36,20,0,16,53,18,38,31,24,56,55,57,23,4,35,52,11,28,26,61,30,12,34,22,7,33
22,59,1,48,9,41,24,27,23,2,28,3,53,60,62,33,63,15,58,13,43,21,32,14,5,6,40,39,52,20,36,31,42,8,37,55,61,12,16,7,17,56,29,35,11,46,10,45,25,18,26,38,57,50,47,4,19,30,34,51,54,0,49,44
9,21,22,3,62,2,40,45,63,56,17,57,8,25,42,60,27,28,54,39,0,44,24,12,33,15,51,16,10,11,23,34,61,14,48,35,5,26,13,38,49,31,50,36,29,4,41,55,37,6,52,46,59,20,58,7,47,18,32,1,53,43,19,30
7,60,12,40,18,61,11,25,62,48,1,16,19,28,51,36,34,29,56,33,27,41,22,26,50,31,47,23,43,49,63,13,32,53,39,35,3,24,14,21,0,5,2,54,59,52,37,57,17,44,4,6,58,38,45,30,55,15,20,46,8,9,10,42
29,44,52,32,9,5,28,11,17,60,23,40,58,50,13,4,21,22,51,56,57,24,42,14,20,36,63,1,16,35,33,30,34,7,6,31,49,27,61,39,10,55,47,53,45,2,37,0,43,12,26,46,48,62,19,3,54,59,25,18,15,41,8,38
17,15,37,30,31,49,47,35,61,57,3,11,60,7,53,43,26,25,8,4,39,6,29,34,62,36,63,42,10,22,54,46,50,5,23,12,20,9,56,52,33,32,19,40,24,16,27,41,58,2,59,44,45,55,14,38,18,21,51,28,1,13,0,48
19,21,25,9,1,7,57,53,44,58,39,52,42,15,33,40,0,26,6,37,51,35,55,56,11,49,13,36,3,4,22,30,32,16,2,63,38,14,18,12,60,27,50,59,17,10,23,24,47,54,31,45,34,61,8,28,62,29,48,20,46,43,41,5
14,5,12,57,35,31,41,29,17,40,61,6,3,63,46,22,43,8,27,20,45,16,56,2,53,1,44,33,38,28,54,39,7,19,48,24,50,13,49,23,60,55,30,36,47,18,21,11,34,9,58,52,10,25,26,4,15,62,51,59,42,0,32,37
6,32,29,53,61,39,0,51,57,63,54,40,36,7,34,19,2,55,46,27,45,23,44,47,33,38,42,1,28,16,58,43,52,56,3,59,9,41,50,10,12,5,22,31,37,24,11,60,8,30,4,21,48,20,35,15,25,26,17,13,49,14,18,62
3,31,38,54,46,42,51,45,35,23,8,9,19,14,1,20,15,18,34,40,49,28,12,2,52,55,26,4,62,53,6,58,17,21,7,47,50,0,25,16,11,61,22,57,29,30,5,27,32,43,24,36,33,41,48,44,37,63,39,13,60,59,56,10
58,30,42,26,51,19,32,52,24,48,41,22,20,35,44,12,0,23,34,13,33,27,1,31,29,59,40,25,57,46,61,49,14,11,45,38,56,55,7,21,36,4,3,50,6,37,8,16,53,18,47,60,2,17,9,10,63,43,62,54,28,5,15,39
7,50,19,4,10,2,52,36,47,15,23,54,1,38,37,32,18,20,55,57,12,21,29,9,45,22,48,34,27,49,58,11,25,24,6,3,33,53,59,14,56,51,39,43,62,60,5,0,30,61,13,26,63,44,31,46,42,28,35,17,16,40,8,41
63,31,50,53,3,58,21,33,55,62,37,17,32,22,57,60,59,8,9,36,5,20,15,26,54,25,11,56,49,44,0,51,18,42,1,47,2,6,46,28,4,12,40,16,19,27,61,23,29,41,45,34,43,13,52,39,24,7,14,48,30,35,10,38
19,31,7,52,24,22,48,47,11,13,12,45,51,40,33,36,50,25,5,0,16,41,63,46,4,35,61,32,60,9,59,1,17,14,56,20,2,6,30,55,18,49,3,38,57,54,8,28,29,58,43,21,26,27,23,44,10,53,42,39,34,15,62,37
39,52,32,3,38,5,14,24,29,48,21,0,55,53,23,63,6,37,26,13,31,58,54,30,59,35,7,47,62,60,4,28,56,57,51,9,61,46,27,45,12,50,17,2,18,34,10,42,49,16,11,1,33,40,36,22,20,25,44,41,8,15,43,19
8,10,50,53,23,13,21,54,34,4,63,60,57,28,44,27,61,1,5,42,30,29,37,31,15,0,22,56,46,26,6,19,20,17,38,62,16,51,3,40,58,18,59,11,35,2,33,25,52,36,49,14,32,12,39,9,45,55,41,48,24,43,47,7
12,5,0,6,28,17,27,47,18,61,2,13,33,38,54,7,39,3,59,21,57,63,26,37,46,58,24,1,11,25,36,43,56,42,10,14,55,49,35,15,41,50,9,40,4,52,8,19,22,62,31,53,20,34,60,30,44,29,51,48,45,16,23,32
51,53,9,59,34,7,35,56,48,12,49,22,45,43,41,47,16,4,23,6,27,62,25,57,10,28,24,44,8,54,38,0,2,63,31,60,19,39,5,50,46,52,33,21,17,40,13,58,15,3,1,37,42,30,11,14,18,32,36,55,26,29,20,61
36,31,25,48,51,37,23,28,55,24,52,49,33,16,60,21,41,0,45,7,20,5,3,63,9,57,1,39,61,35,14,29,19,30,6,38,13,12,4,44,26,59,56,2,27,62,18,58,47,46,8,32,10,11,40,15,42,54,43,53,50,22,34,17
3,50,0,26,45,5,15,16,37,54,48,36,21,17,58,44,53,6,56,1,42,11,55,38,2,49,47,39,61,51,40,34,7,33,14,41,13,4,52,57,9,12,19,20,10,27,43,62,22,30,28,59,24,32,8,31,35,46,25,63,23,18,29,60
36,59,24,47,25,0,41,62,4,15,28,50,16,13,54,21,49,11,19,23,45,27,55,18,33,5,58,30,6,29,8,38,10,46,35,56,22,39,52,51,17,2,34,26,60,42,48,9,31,1,37,3,12,32,14,53,44,61,63,57,20,7,43,40
18,62,20,7,48,55,47,43,61,38,39,51,5,12,63,33,32,60,11,23,0,10,59,52,17,21,57,37,35,8,58,46,4,44,22,42,24,28,36,15,2,16,41,31,3,25,26,53,49,54,34,56,13,29,45,27,14,6,19,30,50,40,9,1
4,42,41,54,38,48,58,24,25,28,17,47,61,50,33,56,23,34,9,8,43,57,39,27,35,40,20,1,30,29,37,26,10,59,51,36,52,16,21,3,32,60,46,63,12,11,5,14,13,62,0,44,19,45,49,15,18,55,2,53,31,7,6,22
21,55,58,62,5,19,14,22,57,8,35,26,43,28,25,54,9,23,50,30,27,18,49,3,44,36,2,15,17,32,31,52,13,53,60,34,7,10,6,59,41,29,61,0,39,45,11,24,40,51,46,20,12,38,37,47,4,1,33,63,56,42,16,48
6,5,3,17,14,1,21,15,30,28,60,23,36,34,7,44,9,42,2,31,11,51,46,4,24,32,54,55,57,8,62,58,63,27,22,47,49,48,33,61,35,43,45,20,19,50,41,10,37,26,16,25,13,12,53,29,40,18,0,39,52,56,38,59
5,31,56,16,21,12,17,62,18,53,23,10,54,11,35,46,22,61,59,4,3,52,44,25,40,27,28,51,45,14,34,24,47,13,41,37,36,42,15,9,60,58,33,7,32,30,19,20,55,43,38,8,29,57,26,6,63,39,1,49,50,48,0,2
17,26,7,63,62,55,39,33,3,48,58,1,2,35,49,21,12,32,19,6,31,20,50,60,16,13,23,27,5,11,40,56,10,51,25,28,4,38,44,54,45,8,61,34,47,18,42,53,41,59,43,57,14,29,0,24,36,52,37,9,30,22,46,15
52,58,1,29,2,14,11,56,30,16,33,53,22,31,26,12,43,42,27,45,60,25,32,62,24,28,23,44,55,7,57,40,4,20,10,0,50,3,46,18,38,6,21,8,5,63,39,37,59,13,54,34,9,15,41,19,36,47,17,61,48,49,51,35
34,49,51,35,16,6,47,25,2,17,26,9,14,42,59,31,27,62,30,22,48,33,13,5,63,29,57,61,38,19,23,37,7,53,15,54,11,21,1,24,45,58,40,36,50,4,32,46,41,52,44,60,55,43,18,12,39,10,0,28,56,8,20,3
23,61,50,24,34,45,8,52,2,25,27,57,29,36,12,30,62,13,15,44,33,32,47,26,49,4,31,55,63,46,48,53,7,20,11,6,40,18,38,37,21,9,59,28,51,22,60,56,17,16,43,35,42,14,1,3,54,58,5,39,0,41,10,19
59,1,13,16,56,58,54,4,35,27,26,55,52,61,0,24,5,44,20,15,29,60,62,33,47,17,48,45,57,23,51,37,12,25,42,19,9,31,41,6,46,43,11,2,34,28,10,21,7,38,49,32,8,14,63,50,30,3,36,40,53,22,39,18
29,50,32,2,15,37,0,14,59,46,41,53,39,19,1,34,20,26,7,17,35,47,6,16,44,52,45,60,8,36,18,61,13,63,51,58,12,11,33,42,9,23,43,31,5,4,28,10,40,27,3,48,57,62,25,55,54,21,38,56,24,49,30,22
29,6,42,3,34,58,4,31,48,20,16,9,15,28,45,36,53,24,44,49,56,62,51,43,37,0,5,39,21,14,30,22,1,63,61,54,25,55,41,27,7,32,19,13,23,17,33,38,35,59,57,12,11,60,8,2,18,47,52,40,26,50,46,10
49,0,10,35,45,8,46,47,26,31,48,3,4,57,43,27,42,9,14,41,54,40,56,17,22,30,24,59,51,55,53,34,58,39,21,7,36,50,11,32,61,33,62,2,19,60,25,63,15,13,52,16,37,29,6,5,44,12,23,1,20,18,28,38
17,18,55,25,49,60,61,13,35,9,45,16,33,21,5,40,42,26,22,27,7,3,50,47,28,34,14,36,15,0,52,30,4,41,24,63,1,6,44,57,32,19,62,51,48,12,8,53,39,31,43,10,11,20,46,29,59,56,54,58,37,38,23,2
14,55,21,23,42,27,25,18,49,19,54,56,20,10,4,2,15,40,53,45,17,6,22,24,29,11,34,36,33,0,9,8,7,1,51,13,48,43,31,47,35,3,60,38,16,50,57,52,37,32,63,59,46,44,41,61,39,58,30,26,5,62,28,12
42,24,9,56,46,33,39,0,29,37,25,8,5,55,38,13,62,35,1,17,31,16,26,30,2,53,45,52,11,41,60,59,3,20,6,44,27,43,36,28,40,18,49,7,51,57,23,12,19,21,61,10,50,15,22,4,58,48,32,63,47,34,54,14
44,32,58,48,30,46,31,42,10,54,39,28,35,2,26,63,37,0,12,62,22,57,13,18,29,16,7,59,3,50,40,51,25,6,20,60,4,27,19,52,23,14,8,1,11,33,49,53,17,56,55,24,43,34,38,5,9,47,45,41,61,21,36,15
20,47,59,32,34,6,16,17,10,28,18,3,21,13,36,63,42,7,39,1,23,58,38,40,54,24,15,53,48,8,26,33,9,46,29,51,41,52,62,19,27,5,4,60,11,25,22,35,12,61,44,2,57,31,14,0,50,45,43,37,30,56,55,49
53,37,41,50,38,47,57,51,59,34,2,23,48,27,36,28,43,55,10,24,12,8,56,30,6,26,17,62,4,61,42,3,45,58,20,46,0,11,44,13,60,54,35,9,19,39,16,33,1,63,7,49,14,52,15,21,40,18,29,25,31,22,5,32
44,54,15,22,48,57,12,63,27,60,35,26,20,59,41,4,29,8,2,24,43,3,17,30,0,40,1,25,19,6,61,42,52,36,21,55,45,5,11,16,28,56,47,51,9,53,49,31,34,14,50,10,33,39,58,37,38,62,32,23,46,13,7,18
54,5,19,26,2,38,59,50,15,8,32,34,57,17,13,62,23,58,37,39,30,16,33,18,6,9,21,11,28,53,61,35,56,31,51,24,14,20,10,42,44,0,55,7,1,22,12,25,49,40,36,60,45,41,46,47,27,48,29,52,43,3,63,4
53,35,63,14,11,31,51,42,61,49,6,20,15,59,7,60,57,33,27,62,44,29,8,56,5,54,3,45,18,34,21,52,10,41,40,4,47,23,2,16,38,13,25,55,17,48,19,26,43,30,0,22,50,37,39,24,46,9,32,12,36,1,58,28
43,3,56,50,4,30,35,46,23,14,48,37,24,54,2,6,47,62,8,21,39,59,34,9,22,13,33,53,31,20,7,55,42,57,12,63,61,38,10,40,51,44,15,26,28,11,27,19,5,1,36,16,41,18,49,32,25,29,45,60,17,58,52,0
40,25,53,29,47,31,8,22,24,6,26,7,28,39,10,50,2,16,62,21,45,5,46,34,38,19,61,32,36,33,63,1,59,13,4,27,9,14,42,52,43,56,54,18,30,20,60,57,11,49,3,41,48,37,51,15,44,23,55,58,17,35,0,12
0,30,63,8,10,33,42,58,32,38,1,55,61,6,3,59,16,21,4,23,34,40,46,7,53,9,47,20,18,50,56,14,25,54,43,41,57,5,13,62,24,35,39,45,28,12,60,44,22,2,37,19,11,36,51,31,17,27,15,26,49,48,29,52
9,12,20,60,58,42,11,54,52,25,5,43,1,38,34,3,63,55,31,39,29,26,37,13,44,6,17,41,0,30,19,45,24,56,8,33,62,16,40,18,2,28,23,14,59,51,47,53,49,32,21,36,61,27,48,46,10,22,7,35,50,57,4,15
43,37,53,48,49,10,46,59,50,1,40,11,16,58,25,51,47,28,41,31,9,57,19,29,33,45,23,27,5,24,14,20,17,36,63,35,60,38,12,21,44,34,26,52,6,30,42,61,2,13,8,18,55,54,39,4,22,56,32,62,3,15,7,0
2,19,6,44,42,61,8,52,62,30,53,40,49,3,33,54,25,22,12,21,59,17,0,29,34,51,23,18,55,20,41,60,4,50,57,24,28,45,36,47,37,5,43,11,14,1,48,35,26,56,38,9,15,46,39,31,27,7,13,10,58,63,32,16
51,31,10,3,26,46,62,52,54,22,53,42,35,16,32,60,18,44,13,7,61,21,39,8,36,9,11,37,41,2,56,1,4,5,20,38,57,55,27,0,45,34,17,15,49,33,47,40,14,59,24,19,43,48,28,58,12,30,29,6,25,63,50,23
42,39,17,50,62,53,40,11,38,57,52,21,10,18,58,31,27,13,63,56,51,5,6,45,12,22,61,9,14,30,47,24,29,4,23,7,44,59,37,36,8,43,46,55,0,33,25,48,15,2,28,41,19,16,26,20,1,49,54,3,35,32,60,34
12,27,14,32,28,26,20,61,31,10,18,8,47,7,53,58,3,1,55,35,11,24,37,29,23,5,17,22,6,62,38,63,42,57,9,40,30,33,60,45,41,59,46,34,51,39,2,50,44,54,19,43,56,15,16,4,25,36,48,13,49,21,0,52
43,5,24,35,38,0,53,61,48,34,30,28,26,9,57,58,54,27,59,14,1,17,49,31,13,40,6,44,2,18,52,33,41,4,63,29,23,32,11,19,47,22,8,37,56,7,42,12,10,51,25,60,39,55,36,21,62,46,3,15,45,50,16,20
59,4,15,28,56,52,12,22,45,20,61,7,0,5,19,36,38,10,57,43,62,8,32,17,13,16,54,50,37,26,49,39,41,48,6,27,11,23,42,1,3,63,58,35,55,46,24,9,34,60,29,2,47,51,21,53,14,33,18,30,25,40,44,31
53,61,50,24,28,51,35,59,30,10,62,45,13,46,27,39,0,4,26,56,40,44,25,1,19,42,9,23,3,22,58,48,36,32,2,49,33,55,11,63,47,31,5,37,57,20,16,21,60,52,15,38,34,54,29,41,6,43,14,7,8,12,17,18
48,27,14,44,23,17,50,61,57,47,39,51,56,2,54,33,36,55,22,46,60,12,28,29,59,63,32,43,16,21,13,5,18,4,40,38,10,31,26,30,1,37,6,8,42,9,62,58,24,7,49,0,19,20,41,53,3,25,34,11,52,35,15,45
40,18,51,34,54,53,62,36,38,7,27,28,59,1,10,4,19,26,60,5,15,63,29,14,47,21,13,31,35,43,56,3,30,16,20,44,11,6,8,41,24,23,57,42,61,2,46,0,52,12,55,50,25,9,49,58,48,32,45,39,37,17,33,22
14,4,18,38,40,21,34,47,16,32,12,20,41,19,39,50,60,44,54,43,45,48,52,26,13,3,23,11,59,1,31,15,36,35,6,57,37,63,8,5,58,25,17,29,28,24,46,0,61,55,62,7,22,56,9,53,27,30,42,51,10,49,33,2
27,53,59,24,13,41,48,6,31,3,8,49,47,17,50,28,10,42,5,0,39,44,21,37,36,25,18,34,35,54,51,11,63,46,1,33,43,2,23,60,14,62,38,56,9,19,20,32,55,26,40,12,52,58,4,29,16,61,57,15,7,22,45,30
21,6,55,37,49,41,12,47,1,10,48,60,61,31,29,39,8,22,3,59,54,57,42,13,23,24,34,7,28,26,43,14,53,17,16,36,19,62,33,38,35,50,58,11,20,25,18,27,52,40,51,63,56,44,32,2,5,46,30,4,0,15,9,45
24,30,51,38,63,53,57,0,32,15,37,47,33,36,14,55,44,25,11,49,19,41,45,3,34,59,43,2,12,21,9,13,42,48,27,10,61,4,1,20,17,6,58,18,16,28,23,40,46,60,62,29,52,5,50,35,26,7,56,8,22,31,39,54
60,20,21,3,55,5,13,0,7,11,63,38,10,32,31,14,4,45,41,6,39,37,30,2,58,34,29,54,40,47,33,19,18,57,62,56,17,49,61,46,27,50,28,48,9,22,44,12,15,43,42,36,25,52,59,16,1,35,24,23,8,51,53,26
61,4,35,62,47,32,44,54,60,18,2,9,57,51,26,43,28,7,27,14,15,13,16,6,33,63,1,5,19,20,50,21,40,10,42,3,17,55,8,49,37,56,30,23,38,29,48,11,58,53,22,24,39,31,52,12,45,34,59,41,36,0,25,46
56,58,6,29,30,55,54,4,7,21,28,52,38,49,23,18,47,9,57,32,20,25,2,8,11,42,24,45,40,36,59,22,27,43,26,53,41,50,48,3,19,13,60,51,61,44,46,1,15,35,34,17,63,14,37,5,31,0,12,33,10,39,16,62
46,60,24,31,27,1,37,11,63,2,48,39,28,5,20,21,14,33,18,7,47,3,55,30,29,54,32,34,56,35,26,59,36,10,42,23,17,8,15,50,45,51,12,16,19,13,44,62,52,4,6,22,57,53,25,58,9,61,41,40,38,43,49,0
2,10,34,43,47,14,3,31,32,39,12,54,36,7,49,61,37,25,24,50,41,16,56,45,33,62,17,63,42,46,58,40,13,35,21,55,23,60,6,0,38,44,4,19,51,27,18,15,57,52,8,59,53,26,9,1,22,20,5,28,29,48,11,30
57,36,24,53,26,28,8,6,46,59,0,23,14,19,3,62,29,35,2,21,22,45,27,13,49,52,40,63,32,20,61,44,12,42,10,58,11,4,7,5,18,17,39,54,34,56,37,55,41,30,38,50,51,43,31,25,48,16,9,33,1,15,60,47
55,12,50,23,54,27,22,7,19,35,20,42,41,4,3,14,32,53,57,62,39,8,10,2,58,13,1,6,15,16,33,29,9,11,40,0,24,38,31,21,25,5,26,34,36,61,51,48,44,46,47,63,56,43,45,30,49,18,37,52,17,59,28,60
22,1,37,52,9,7,40,58,0,39,30,10,55,34,35,41,33,6,29,18,16,8,38,11,44,31,12,56,19,63,26,4,20,45,62,3,14,24,32,5,54,28,53,42,15,51,17,36,61,49,47,2,46,59,25,43,27,50,48,13,60,23,57,21
56,63,26,41,31,52,42,4,47,13,15,23,46,6,45,35,20,11,12,54,7,40,44,49,59,30,25,37,53,0,36,14,19,62,16,60,10,57,27,58,24,3,61,8,18,43,48,55,38,9,34,32,29,33,51,2,5,21,17,39,1,50,22,28
13,9,57,7,41,21,54,55,3,22,46,33,42,40,0,61,37,25,29,8,32,48,17,12,2,49,63,36,44,52,1,27,60,62,28,39,30,14,23,20,56,31,5,26,35,34,24,38,47,53,18,11,50,19,4,15,6,58,51,16,45,59,10,43
20,50,56,60,8,6,39,45,10,4,63,13,41,21,44,9,25,3,51,62,42,43,12,26,30,54,47,14,1,15,53,33,28,31,24,49,57,36,27,5,48,59,37,46,17,34,18,29,55,52,35,38,16,7,2,23,32,40,22,0,19,58,11,61
41,43,29,44,48,56,1,15,28,63,51,26,30,31,42,10,16,13,45,4,11,6,9,32,8,54,62,14,57,7,19,3,23,55,53,27,50,33,0,5,20,35,46,12,2,18,61,34,40,25,47,58,21,36,22,59,39,52,17,37,60,49,38,24
57,38,31,44,42,15,11,30,49,28,9,50,35,63,12,58,25,19,7,61,39,60,21,14,51,5,27,3,18,56,46,16,10,53,17,26,22,4,32,33,2,20,47,52,23,8,37,29,55,36,45,41,0,62,34,6,48,43,13,1,40,24,59,54
43,31,42,57,11,47,54,7,44,55,1,2,29,3,59,52,20,24,49,36,13,10,51,23,14,8,6,45,53,39,0,26,16,19,28,30,21,38,63,15,17,37,4,62,56,34,33,18,25,5,35,48,9,12,22,46,41,27,40,32,50,58,60,61
51,14,9,62,2,20,0,34,49,7,21,50,54,32,56,59,42,24,6,23,26,38,36,55,43,31,13,46,29,35,61,5,37,10,15,47,18,53,19,27,48,63,28,58,52,45,33,44,11,30,4,12,16,17,60,41,25,40,22,39,1,8,57,3
43,63,13,58,47,2,51,10,50,5,0,20,23,44,16,18,28,12,49,41,8,29,32,52,27,46,42,39,14,35,61,21,1,30,3,54,33,22,57,38,4,7,6,45,11,31,15,36,55,34,19,24,56,62,40,9,59,48,37,53,60,17,25,26
48,7,62,21,54,42,22,43,4,13,25,41,28,9,26,0,50,53,60,38,11,37,31,15,52,61,17,49,35,10,2,34,33,1,51,24,27,36,46,59,45,40,8,29,58,16,56,5,63,32,18,6,3,30,57,19,14,47,44,39,55,23,12,20
41,46,24,5,22,14,17,63,40,2,62,38,25,35,43,36,16,44,34,49,61,13,48,26,29,8,51,27,58,59,18,52,53,19,30,32,21,37,9,50,20,28,0,57,11,55,31,23,45,15,6,10,54,1,56,33,60,4,42,12,3,39,47,7
1,24,37,50,53,18,44,33,0,58,48,25,55,27,23,63,60,36,59,51,14,19,34,46,38,16,43,17,52,13,29,28,57,49,47,5,4,42,6,10,7,62,35,26,32,21,41,54,20,22,15,40,8,31,9,45,3,56,12,2,30,11,39,61
30,3,21,20,37,51,27,28,47,36,31,18,58,40,16,39,34,46,13,49,59,50,63,12,33,32,60,22,9,24,57,55,5,53,1,29,35,52,25,45,54,56,62,41,11,43,6,14,23,10,19,8,0,44,17,38,26,2,42,15,61,7,48,4
6,52,60,21,0,55,19,23,63,50,16,46,43,53,1,28,56,29,57,18,30,27,59,62,7,41,37,49,11,12,10,15,26,20,9,39,36,8,13,45,38,24,34,33,54,58,2,3,17,31,35,42,5,22,51,25,47,32,61,4,44,14,48,40
0,8,15,39,18,54,63,16,47,10,20,52,53,30,46,1,24,23,55,33,56,32,12,27,6,58,38,41,22,19,5,45,2,60,49,35,42,26,40,34,13,62,37,48,9,28,4,17,50,43,11,14,21,7,36,3,57,44,31,51,25,61,59,29
13,20,14,9,41,60,38,37,10,55,45,4,51,57,28,43,63,18,54,24,49,56,59,47,17,6,22,36,40,12,29,11,26,25,21,33,27,42,2,58,1,44,31,46,30,48,34,15,7,5,3,8,50,61,39,35,16,0,53,23,62,19,52,32
55,4,25,21,9,57,7,47,3,53,56,48,52,18,60,20,5,50,26,37,23,40,44,49,58,43,59,61,16,14,1,46,62,63,24,19,6,36,15,30,2,39,35,17,41,27,8,54,29,45,12,42,10,38,0,22,13,51,33,34,31,11,28,32
9,27,18,46,53,3,24,42,13,25,52,11,30,5,34,60,22,37,59,38,20,19,57,47,15,6,32,31,17,61,23,29,55,33,8,0,63,49,39,45,16,44,28,21,26,35,10,62,1,58,51,12,36,14,41,2,43,50,56,4,7,48,54,40
27,29,6,62,44,30,19,14,46,31,48,43,5,42,1,26,25,10,17,9,2,58,40,12,28,22,20,41,51,60,57,47,50,54,56,15,37,35,49,3,13,63,61,32,16,39,33,38,7,36,23,34,24,52,8,59,0,53,45,4,55,21,18,11
25,37,29,35,13,14,26,49,60,16,40,4,63,62,47,20,39,51,30,56,10,21,54,24,55,8,15,31,41,12,61,17,7,58,6,59,38,46,23,42,45,53,34,11,3,27,2,9,57,1,18,48,36,32,22,0,28,5,50,44,33,43,52,19
42,45,44,51,21,18,63,3,47,39,56,20,53,10,16,59,13,62,31,58,37,57,60,25,35,11,1,14,33,5,38,12,41,46,36,40,55,24,22,30,17,52,9,19,0,15,34,49,32,48,54,7,43,2,4,23,61,27,8,28,29,6,50,26
6,62,48,8,13,0,42,10,45,52,5,55,49,11,37,26,58,25,40,34,17,47,36,60,61,43,50,35,41,29,3,28,20,44,7,30,15,59,53,56,63,54,4,27,33,18,31,32,38,23,19,16,57,2,1,21,39,9,14,24,22,46,51,12
57,38,62,25,21,40,45,47,58,16,61,39,29,54,51,18,32,24,46,27,56,19,52,15,23,36,3,43,31,6,63,34,14,35,42,20,5,44,26,0,60,4,22,7,9,8,55,48,49,10,53,59,11,30,50,37,1,17,33,28,13,12,41,2
40,33,2,51,63,56,50,9,20,26,44,39,23,43,12,37,55,15,54,46,30,38,52,25,16,27,49,31,13,36,60,29,42,17,59,7,22,48,5,10,19,32,53,61,57,1,24,0,3,34,62,6,58,41,28,11,18,35,14,45,47,4,8,21
6,27,23,38,44,20,10,18,51,48,62,9,11,57,36,1,7,60,56,54,14,26,40,58,16,42,35,2,47,63,25,30,37,53,3,59,19,49,5,8,50,22,21,55,41,29,61,46,45,32,17,4,31,24,13,12,33,52,39,0,34,15,28,43
