38,49,52,33,26,29,0,18,51,19,14,53,2,16,60,25,63,40,35,58,21,9,36,57,6,59,54,15,32,28,11,41,12,5,1,61,8,34,13,23,24,55,17,45,27,7,44,56,30,22,48,39,43,3,46,31,47,37,4,10,62,42,50,20
57,61,35,52,60,53,7,43,51,23,4,46,55,56,10,27,62,25,58,6,36,3,11,19,37,14,59,22,38,48,12,44,2,5,9,21,39,41,29,1,47,49,45,30,31,50,26,24,15,28,20,42,33,13,16,0,18,63,34,40,32,54,8,17
37,43,16,59,9,47,6,36,56,52,27,4,35,11,38,23,2,20,40,3,42,8,1,22,48,62,26,50,53,49,10,39,13,18,29,15,33,32,34,17,5,46,51,31,61,57,28,54,24,19,7,30,55,41,12,0,45,21,44,60,63,25,58,14
7,47,26,12,45,36,63,24,5,11,38,2,28,46,9,10,60,4,30,8,23,41,61,40,49,56,6,42,53,19,29,62,27,32,48,17,39,51,52,3,25,44,34,14,59,37,54,21,58,55,50,15,33,0,1,22,43,35,57,16,13,20,18,31
43,27,30,48,56,59,31,21,41,36,26,24,39,17,10,0,5,35,19,15,1,40,52,50,32,7,23,16,11,42,28,29,34,61,58,44,55,3,20,22,4,53,45,6,14,18,57,46,47,49,13,38,62,2,12,54,60,33,63,37,51,9,25,8
39,1,16,21,40,4,59,61,14,28,13,60,42,50,44,53,37,54,36,57,5,43,18,0,22,11,56,47,31,46,63,7,58,34,32,6,2,9,45,29,19,23,3,55,20,33,8,51,26,17,62,10,27,25,38,52,30,49,35,12,48,24,41,15
2,13,55,4,11,52,56,36,33,19,53,62,45,38,9,29,18,47,46,59,40,63,31,12,60,43,22,25,14,5,27,8,35,20,48,42,61,58,37,50,6,30,1,16,44,57,49,51,28,23,7,10,17,26,21,34,39,0,54,24,32,41,3,15
58,8,42,36,61,40,6,50,54,45,21,33,60,35,7,13,48,55,49,44,63,27,4,34,47,18,56,43,26,30,2,11,59,52,31,32,28,51,41,15,29,22,14,5,10,53,39,16,25,3,9,24,23,57,37,1,0,38,12,62,46,20,17,19
7,20,8,38,15,6,44,61,19,28,36,60,47,45,51,52,26,49,2,17,13,33,57,5,23,18,56,31,9,32,12,34,27,50,10,0,21,24,30,11,54,35,14,55,1,16,48,58,62,22,37,3,43,39,25,42,4,53,63,41,59,46,40,29
14,55,37,27,13,49,39,17,11,43,34,5,59,33,3,12,46,56,36,0,4,15,57,60,45,53,35,26,42,62,7,6,28,25,61,52,44,38,32,40,50,47,8,18,54,10,19,22,20,16,29,2,1,21,31,48,24,51,58,23,41,9,63,30
6,34,58,57,10,25,43,30,46,12,55,62,52,3,26,16,5,14,35,28,36,0,27,31,33,18,63,9,49,59,54,19,32,8,45,56,42,22,15,47,60,48,21,37,13,38,7,23,44,50,51,53,29,17,24,20,2,41,40,11,61,39,4,1
59,60,0,39,31,2,5,13,50,30,41,1,9,21,26,11,55,37,52,16,33,27,58,24,35,17,4,7,43,10,23,15,25,8,61,3,34,29,44,40,42,18,48,22,62,38,14,53,28,46,54,51,12,57,36,47,20,19,63,49,45,56,6,32
26,32,50,61,27,36,20,31,34,38,2,13,45,55,54,6,41,42,40,24,30,25,15,58,60,16,0,43,9,7,21,3,19,22,33,23,17,63,4,53,28,46,59,48,51,44,52,18,37,47,62,57,12,39,1,35,14,29,49,11,8,56,10,5
61,0,22,53,58,11,52,45,27,59,12,6,50,15,31,2,20,44,13,10,39,46,5,21,35,17,51,33,1,24,57,36,62,28,32,55,18,8,7,19,3,4,56,23,47,38,26,16,54,29,30,49,37,40,42,63,48,9,60,25,41,34,14,43
41,24,35,29,0,31,37,54,38,44,43,59,17,49,8,9,46,13,63,20,26,60,58,48,45,19,32,33,34,7,25,22,16,1,56,2,50,21,30,42,53,14,3,61,6,55,27,23,36,57,39,62,18,40,10,51,15,52,47,28,5,12,11,4
57,47,0,10,59,4,54,18,19,58,61,52,8,21,36,28,30,62,49,45,38,53,34,44,16,6,24,39,33,51,55,1,31,32,15,40,7,42,43,29,26,5,13,11,9,60,12,50,23,48,46,14,27,2,56,20,25,3,35,37,17,41,22,63
14,50,4,9,56,53,54,59,28,49,39,27,5,25,20,42,37,11,1,48,44,46,62,57,52,43,51,55,35,61,21,32,17,15,13,34,45,8,18,24,12,38,41,16,7,33,63,30,3,47,31,10,29,6,26,60,22,23,58,36,2,0,19,40
15,18,35,17,2,23,60,28,37,43,46,55,52,7,41,51,20,6,48,39,0,11,21,9,54,50,31,16,36,30,49,19,62,24,57,56,27,34,10,29,8,47,42,13,45,53,3,61,5,14,40,58,32,59,25,38,44,22,26,1,63,4,12,33
22,25,39,29,58,52,54,31,60,50,55,1,9,57,61,24,33,43,49,37,28,38,15,45,51,40,10,26,32,36,5,42,13,2,16,19,48,47,11,53,12,3,20,63,18,8,4,21,56,59,23,14,41,0,62,17,35,46,7,44,30,27,34,6
4,39,34,38,29,49,24,11,2,31,14,53,28,41,63,9,44,21,56,30,48,12,17,57,58,20,42,33,16,36,43,3,40,18,46,19,1,51,6,47,35,0,8,62,22,5,13,23,59,25,45,15,55,7,52,27,54,26,61,10,37,60,50,32
11,60,40,10,49,28,1,35,22,39,26,43,44,14,31,19,34,13,47,53,59,52,23,50,16,9,54,45,41,5,42,7,46,27,20,2,38,36,55,8,37,63,62,12,25,61,4,15,17,6,24,33,29,21,57,30,51,58,32,56,18,48,0,3
61,26,54,22,20,35,58,24,43,6,25,41,8,56,11,29,44,52,49,45,32,34,37,27,10,19,3,0,23,36,55,47,62,33,21,30,50,57,4,13,53,16,14,18,63,15,28,12,42,9,2,39,59,40,31,51,5,38,60,17,7,46,1,48
34,58,13,30,21,59,55,22,60,44,23,39,3,57,33,0,4,17,27,25,45,47,5,11,43,29,1,36,38,49,42,53,54,9,28,40,51,61,31,2,20,26,10,6,37,41,19,52,62,18,12,56,14,50,32,46,16,48,35,15,63,7,24,8
40,59,56,48,17,16,37,49,14,27,19,22,7,57,10,0,8,2,20,38,28,51,5,62,11,23,53,55,25,47,63,13,52,50,36,29,24,58,43,31,34,60,33,4,15,61,41,35,1,44,46,39,18,12,9,42,30,21,26,6,3,54,32,45
59,57,61,55,6,3,15,44,5,58,28,7,49,41,50,27,20,23,48,63,34,56,38,14,52,60,25,30,0,54,11,29,46,42,10,33,8,47,43,62,1,22,9,13,17,40,21,45,2,51,16,39,53,32,31,12,37,35,36,4,18,19,24,26
16,33,42,18,22,57,44,36,31,10,8,2,39,47,20,61,1,62,40,0,55,60,38,52,28,35,45,50,12,4,48,41,7,21,63,9,14,26,56,29,54,11,34,19,37,13,30,53,23,15,25,46,58,17,3,27,5,24,32,59,6,49,51,43
63,7,38,14,17,42,22,39,37,2,44,11,20,46,52,6,41,15,25,53,60,55,33,5,43,12,3,54,62,4,19,13,30,10,50,34,32,40,24,0,57,36,27,1,51,29,49,35,47,18,48,56,58,59,31,16,8,23,61,9,45,26,21,28
53,24,43,44,38,39,35,37,56,7,28,45,62,29,49,19,4,16,2,0,25,10,17,54,8,27,40,58,47,63,32,13,42,51,61,48,23,5,18,60,11,3,46,52,6,34,30,12,15,31,22,21,57,20,33,26,36,1,9,41,55,14,59,50
45,8,22,60,4,46,54,19,23,12,43,58,10,31,11,34,7,48,35,63,14,56,16,28,27,53,61,20,6,17,13,51,3,33,42,62,0,29,1,55,32,21,15,9,30,36,25,57,37,5,26,24,44,47,38,40,2,49,50,18,41,39,52,59
42,59,41,18,36,17,44,61,25,63,11,49,14,5,50,48,7,24,12,9,10,35,40,56,6,1,2,20,31,19,57,21,54,45,38,46,32,29,28,51,33,30,53,4,8,37,34,39,55,0,26,16,58,23,62,3,60,13,47,22,43,15,27,52
29,16,30,28,44,0,47,2,52,5,54,57,39,46,53,32,3,38,63,25,23,48,10,20,21,55,8,35,22,26,56,58,11,27,15,40,33,1,62,13,36,7,31,9,45,37,34,18,59,51,17,12,50,60,41,4,42,49,14,43,6,24,61,19
17,53,28,43,45,4,36,9,38,24,15,18,10,26,50,48,62,41,27,11,8,59,31,52,55,21,56,61,20,7,0,37,23,2,63,46,49,13,25,57,19,16,51,47,1,3,33,34,6,54,39,35,40,42,32,44,22,12,60,29,5,30,58,14
37,46,22,19,41,36,6,5,29,59,62,2,56,28,51,8,34,24,31,4,54,20,45,39,49,44,27,60,53,18,50,55,35,61,42,30,23,10,16,48,15,0,40,11,58,63,14,52,3,43,47,9,32,25,12,38,57,17,1,33,21,7,13,26
12,1,9,6,5,31,29,53,14,34,13,7,19,39,36,22,35,32,44,56,49,38,37,57,11,0,55,40,16,48,25,28,43,52,3,26,54,4,15,62,46,30,33,51,17,20,41,59,18,8,2,61,58,47,60,45,24,63,50,21,42,27,10,23
34,58,7,60,31,17,15,62,11,50,57,13,35,39,21,4,20,32,55,30,12,63,51,25,47,26,45,1,36,38,44,48,16,61,24,10,37,42,3,27,49,28,56,6,43,52,0,8,14,22,41,19,18,23,54,33,9,5,46,29,40,59,2,53
11,33,4,58,22,13,24,1,7,55,40,34,45,43,15,49,39,3,57,63,52,61,54,17,38,25,48,20,31,2,10,0,37,28,46,18,51,47,26,35,30,12,32,60,36,19,5,62,50,53,9,29,6,41,27,23,8,21,59,56,44,42,16,14
13,6,25,4,57,31,15,63,11,40,38,26,28,50,24,44,10,39,7,9,12,27,49,46,53,8,54,62,21,52,48,61,47,36,18,55,43,60,0,23,30,59,22,3,58,33,37,56,34,45,32,42,1,29,5,51,20,16,17,2,35,19,14,41
50,37,31,25,16,17,11,35,63,15,43,6,24,38,5,55,41,22,61,27,44,62,52,33,10,32,1,20,9,53,36,28,18,54,56,26,12,13,59,39,34,23,47,4,49,3,14,48,8,58,57,46,2,29,7,40,51,60,30,45,0,19,21,42
42,57,13,30,10,53,26,21,36,16,1,59,54,12,4,15,11,20,18,25,40,34,29,2,22,9,14,48,58,31,5,8,37,6,35,27,23,61,38,51,63,43,3,0,17,33,47,19,60,49,45,44,24,41,55,56,7,50,28,32,52,46,39,62
5,6,59,4,10,26,18,56,3,39,16,30,12,14,20,37,27,33,28,25,9,2,7,51,42,36,50,53,13,34,43,47,15,0,41,52,40,17,38,49,55,46,21,35,31,63,44,32,48,11,1,61,8,22,58,57,62,60,24,19,23,29,45,54
39,62,24,45,32,41,7,4,33,3,58,20,22,25,57,36,16,2,47,18,44,53,31,50,13,61,5,19,63,15,48,6,23,51,38,8,9,40,56,35,30,17,12,0,29,60,59,28,37,1,49,42,34,21,46,27,11,54,52,14,10,55,43,26
45,42,1,59,17,63,22,10,40,20,32,9,47,3,24,46,18,44,6,61,14,41,13,19,0,15,55,8,58,26,25,11,49,60,33,50,12,54,31,34,5,39,27,36,29,57,2,51,28,21,56,4,35,7,48,62,38,37,30,23,52,43,53,16
46,29,11,5,26,22,55,16,9,53,50,61,8,43,56,27,2,44,24,49,32,28,39,12,15,36,51,59,35,14,52,10,37,19,23,62,57,17,1,7,47,34,58,30,18,31,20,42,6,54,33,4,48,0,38,45,40,60,13,3,63,21,41,25
20,8,13,21,36,16,1,3,44,47,24,33,40,5,11,6,14,55,0,28,10,60,62,9,59,7,27,15,58,31,49,57,38,37,41,12,63,23,26,50,45,35,19,42,46,51,34,25,54,17,32,29,18,48,52,2,4,56,53,61,22,30,39,43
50,57,1,20,15,33,62,7,28,47,46,30,23,60,61,43,48,3,56,52,54,25,53,55,2,63,26,19,12,37,44,5,34,40,36,9,38,59,18,51,58,11,22,35,32,14,17,39,4,16,0,24,8,27,41,21,10,31,42,29,6,49,13,45
39,35,30,3,4,33,13,14,41,31,28,46,0,54,49,53,42,6,23,37,50,56,34,8,38,12,5,24,55,62,60,18,22,27,21,15,36,29,63,19,26,10,48,57,2,47,20,32,11,45,61,51,52,16,9,40,58,59,43,7,44,25,17,1
9,62,57,14,17,19,47,20,23,11,49,32,54,53,26,59,0,45,48,63,56,8,18,22,25,52,46,60,39,44,61,37,43,38,21,27,34,16,6,41,42,40,7,58,51,50,29,3,5,30,36,1,31,28,13,15,10,24,2,12,4,33,55,35
60,2,54,49,35,56,50,53,26,38,30,44,48,52,36,43,46,15,10,58,8,33,24,61,31,47,13,5,27,22,19,39,25,45,18,28,11,40,9,51,41,1,3,62,6,17,4,21,12,55,59,29,34,32,37,63,7,0,42,57,20,23,16,14
2,10,46,58,3,41,52,44,60,31,29,30,16,38,62,57,14,59,11,7,0,34,1,24,9,32,42,37,6,61,45,15,39,35,49,20,48,21,40,43,50,4,28,63,27,36,22,55,25,51,47,54,8,23,17,12,19,33,56,26,53,13,5,18
41,21,16,8,59,26,57,48,52,18,40,4,1,19,38,33,37,35,50,54,5,55,22,29,25,17,44,32,23,3,36,30,13,56,47,6,63,34,53,46,24,0,61,10,43,12,11,15,7,45,20,60,9,51,31,42,2,14,62,28,27,49,39,58
33,11,12,3,57,17,36,46,14,19,16,58,27,59,37,63,29,43,50,34,55,52,0,13,4,51,35,28,32,25,42,39,62,56,20,22,40,45,54,30,10,61,9,41,24,2,38,44,6,47,5,8,49,7,31,18,1,23,26,21,53,48,60,15
12,1,34,15,51,28,63,31,59,4,47,50,36,9,2,14,37,24,23,57,45,22,0,62,43,7,18,53,38,35,20,17,52,11,33,46,48,19,30,60,29,21,49,40,32,16,5,10,25,58,42,6,56,55,44,39,54,27,26,3,61,8,41,13
53,28,24,22,61,11,52,16,14,49,7,8,45,47,27,17,60,12,15,56,32,23,41,59,25,57,19,13,2,31,9,0,1,43,40,30,35,54,29,38,55,26,18,51,37,39,48,33,44,34,62,42,6,4,36,21,58,63,50,46,3,10,20,5
53,12,57,42,1,25,62,26,44,34,59,35,31,29,45,43,32,48,55,51,61,54,19,49,50,2,6,60,11,14,17,47,23,33,28,22,38,21,8,3,30,52,9,56,63,18,39,46,36,58,16,5,13,37,27,7,24,4,0,20,41,10,15,40
25,8,52,48,19,41,27,3,20,54,11,24,50,37,18,5,15,14,17,46,43,57,7,55,12,10,38,0,56,63,34,33,30,28,32,62,23,29,58,44,4,53,60,9,2,42,39,61,51,13,1,40,36,59,35,45,22,47,16,26,31,49,6,21
39,20,38,63,29,23,10,27,4,11,62,28,45,60,40,8,57,22,17,48,2,53,26,3,24,50,61,42,55,18,58,32,5,56,16,31,59,34,37,36,12,54,6,52,0,35,25,44,7,43,33,14,1,9,13,30,15,21,49,46,41,19,51,47
40,44,28,57,25,37,32,47,19,11,30,63,53,1,16,10,41,27,4,13,48,56,21,42,20,24,52,7,3,15,60,61,49,39,23,43,18,0,55,31,46,34,45,17,2,38,58,36,33,12,59,5,29,6,9,50,26,51,22,8,14,62,54,35
43,46,14,6,31,21,36,8,15,53,51,33,58,55,29,20,54,34,28,37,10,62,16,12,38,61,18,9,25,49,22,11,5,26,63,3,13,50,44,39,32,56,19,35,24,1,48,60,23,4,42,41,2,47,57,40,59,17,27,30,0,52,7,45
36,60,57,46,28,34,41,20,14,42,54,18,39,38,26,50,63,32,17,1,22,59,21,24,12,55,45,0,4,8,43,48,47,7,58,5,10,3,23,33,9,13,16,51,35,44,56,2,49,19,30,62,40,52,25,29,31,37,27,53,11,61,15,6
53,17,24,11,41,57,13,43,39,45,54,16,63,48,5,46,62,9,15,31,21,3,14,22,50,2,28,20,23,59,26,7,4,6,37,19,8,0,52,40,10,49,36,44,1,25,38,27,47,18,60,58,35,61,51,56,29,55,12,32,42,34,33,30
47,32,8,50,48,26,16,12,4,2,21,20,41,63,28,61,46,52,11,60,9,55,59,51,58,22,62,0,40,3,49,43,1,56,15,24,33,7,57,5,37,54,14,19,35,18,53,44,42,30,29,45,34,27,23,10,36,38,31,25,6,13,39,17
57,61,16,2,10,3,52,58,18,37,0,43,44,34,1,6,49,51,36,56,46,62,53,12,55,38,63,41,24,35,25,26,31,54,47,39,5,30,33,45,42,11,23,50,21,22,20,40,13,19,8,7,32,28,29,4,14,15,60,48,17,27,59,9
17,30,29,15,63,44,57,35,0,18,10,2,37,50,7,24,14,40,45,26,22,61,43,39,47,58,41,59,34,62,23,9,60,13,38,54,48,53,25,12,36,31,20,4,16,55,42,1,49,33,8,6,11,27,51,21,52,19,56,46,28,3,5,32
0,32,24,44,15,53,41,61,4,5,12,27,2,8,43,47,58,19,1,14,9,21,48,45,50,59,11,39,18,56,6,49,26,20,40,28,60,7,37,57,46,38,63,16,42,10,3,55,23,62,52,36,29,25,17,51,35,30,13,34,54,31,22,33
26,33,20,42,1,40,25,7,38,14,2,23,48,46,12,61,62,29,11,17,49,55,57,41,52,36,13,50,47,30,22,0,58,27,60,6,43,56,19,37,15,34,8,59,3,4,21,28,39,16,18,53,45,44,31,5,32,54,9,24,51,63,35,10
8,37,26,29,52,43,49,23,30,40,18,46,62,16,42,21,38,41,19,17,59,44,32,55,14,57,35,24,54,61,51,31,27,20,34,50,12,7,56,10,58,0,5,6,2,53,45,1,48,63,3,22,33,28,9,15,13,4,11,25,36,39,60,47
18,24,39,17,29,34,14,3,12,57,19,31,1,27,41,56,49,22,16,26,15,10,58,13,28,52,0,2,38,60,8,5,54,21,23,61,9,51,11,55,59,20,32,33,42,48,30,36,43,45,7,50,62,47,4,53,40,46,25,44,37,63,6,35
57,52,28,2,39,54,29,48,46,14,36,19,27,49,5,12,62,18,47,63,20,58,17,53,7,43,42,0,33,21,6,13,51,1,30,37,44,45,4,11,40,56,9,22,23,15,16,34,55,10,41,32,50,3,24,61,35,31,38,8,60,25,26,59
24,33,60,26,41,28,12,0,31,43,16,39,19,10,52,45,8,32,47,51,4,61,44,25,49,22,54,34,40,56,3,13,36,9,18,21,35,48,15,30,53,14,42,1,11,7,37,62,29,2,27,38,46,57,58,50,59,5,63,55,17,20,23,6
7,2,57,22,20,18,61,27,44,55,24,4,37,32,60,50,14,16,11,12,58,1,34,43,63,21,25,13,47,54,39,9,29,56,40,6,10,0,49,42,5,19,51,17,48,41,8,30,53,59,62,36,52,38,26,23,28,35,45,3,33,15,46,31
22,46,31,26,62,30,20,42,16,23,24,43,19,15,45,47,33,2,40,10,59,41,13,36,9,12,56,5,58,51,7,34,52,57,63,0,14,3,8,35,1,25,49,50,48,38,60,29,54,11,18,6,61,32,55,39,37,4,17,28,27,53,44,21
1,5,36,9,51,58,60,14,21,20,55,15,37,0,38,2,46,52,18,56,48,6,44,10,23,7,3,22,34,63,53,4,50,29,35,54,41,57,32,17,19,62,30,39,31,27,16,47,11,40,33,24,61,26,49,8,28,13,45,25,12,42,43,59
62,5,13,18,16,20,17,21,50,42,41,1,63,47,55,15,57,38,26,30,34,7,14,32,37,28,31,60,22,3,25,8,51,9,33,36,27,23,61,59,56,29,49,39,4,12,24,6,54,19,40,43,52,48,10,2,53,0,44,46,58,45,35,11
16,20,52,9,31,53,24,6,5,12,61,51,37,39,43,58,29,35,40,3,19,32,41,45,50,2,62,38,36,25,28,63,46,10,4,27,15,33,21,60,55,13,22,57,26,17,14,0,8,34,23,44,30,54,56,49,48,1,42,59,18,11,7,47
3,49,29,4,12,27,37,41,36,52,47,2,35,62,7,63,61,31,22,9,21,40,17,28,50,19,48,58,34,20,39,8,14,32,24,15,5,56,18,60,26,44,43,6,13,55,33,30,54,46,45,42,10,51,23,25,38,1,59,16,53,0,11,57
52,2,36,15,39,50,47,62,28,13,44,24,27,5,3,49,4,11,29,0,37,48,26,19,46,60,8,16,20,33,59,43,34,45,40,31,7,57,42,63,58,23,61,56,6,9,22,54,21,53,30,32,55,12,1,18,10,35,17,38,14,41,25,51
49,19,51,21,9,46,59,3,7,39,36,12,15,63,56,24,54,32,5,14,35,11,23,13,48,62,50,40,34,33,58,37,47,16,0,53,27,2,60,10,20,26,41,18,25,17,4,28,31,61,52,55,42,1,29,30,57,45,6,38,8,43,44,22
14,39,44,22,40,46,57,50,30,58,38,18,5,2,12,19,20,60,1,36,11,9,48,63,13,33,43,23,59,26,27,0,8,6,25,31,47,37,10,7,24,21,29,42,54,4,53,3,61,49,55,35,16,15,41,56,51,62,28,34,45,52,32,17
4,5,61,31,43,16,23,62,3,24,6,39,14,20,19,28,2,1,22,15,46,37,13,49,59,40,56,26,51,47,60,57,54,0,38,10,50,41,17,7,45,11,42,34,33,48,12,36,18,53,27,63,52,29,8,55,35,30,44,9,32,58,25,21
55,52,1,0,60,46,11,30,37,19,48,54,35,42,17,5,39,24,25,9,32,49,43,15,33,29,50,28,57,18,51,56,14,63,53,27,38,21,45,31,41,16,8,20,12,4,40,7,59,23,44,22,47,10,26,36,6,62,2,61,13,58,3,34
7,47,38,62,18,53,39,31,21,59,48,41,63,29,45,12,16,61,58,8,14,54,42,10,30,32,60,13,15,20,35,23,3,1,11,0,55,25,37,24,9,34,2,40,4,51,26,49,46,52,19,56,44,50,5,17,22,33,36,28,43,6,27,57
39,62,61,26,27,18,17,63,6,43,49,42,57,31,9,34,46,25,60,51,7,41,13,56,1,23,44,15,38,30,22,58,33,59,28,50,10,20,14,54,8,3,16,37,24,19,48,36,40,32,5,52,55,47,35,29,4,2,12,21,11,53,45,0
19,18,34,15,58,23,40,2,32,11,55,5,29,51,50,1,41,3,48,39,0,6,22,31,56,44,36,30,14,21,60,53,43,63,27,38,59,7,62,4,10,57,46,47,28,49,33,26,9,35,42,17,52,37,20,24,45,13,12,25,16,8,61,54
18,7,46,60,34,11,9,21,54,28,57,14,3,38,45,63,2,23,35,1,62,59,29,25,15,58,8,0,5,19,26,13,39,33,51,40,36,16,27,12,37,30,41,6,50,61,56,47,20,10,55,43,52,22,4,53,17,44,31,24,32,42,49,48
8,32,52,48,58,34,39,16,30,20,61,0,13,14,36,38,28,3,6,19,37,27,42,44,31,53,18,41,21,60,55,40,9,62,47,12,2,35,25,51,26,49,50,54,23,15,24,33,22,59,5,29,17,45,7,10,1,63,4,46,57,56,43,11
50,33,54,7,20,53,17,49,44,63,57,24,36,62,39,8,12,26,0,27,25,47,29,11,51,37,3,59,35,48,6,10,30,41,34,45,13,2,1,40,18,43,21,38,56,61,52,4,31,60,22,28,5,58,32,23,19,15,46,42,9,55,14,16
25,31,37,11,61,63,53,0,16,55,7,60,9,52,15,56,6,21,36,51,54,50,1,59,34,47,38,20,62,12,5,18,41,3,14,43,2,28,22,23,19,40,33,57,48,17,26,35,8,39,42,45,49,24,10,27,4,46,32,29,44,30,13,58
11,12,3,21,20,35,5,30,31,44,60,32,36,62,54,50,14,46,34,57,55,47,58,1,7,9,52,0,45,53,49,51,28,38,10,17,59,15,48,6,29,19,13,25,61,41,56,63,4,43,23,26,24,16,40,39,42,22,18,33,37,27,8,2
19,0,62,47,56,59,16,5,57,3,32,50,20,28,24,38,7,13,48,35,53,8,18,9,44,63,23,39,55,40,49,26,52,4,17,41,22,37,1,45,11,34,2,29,21,10,46,15,61,42,58,25,33,14,43,30,51,27,36,6,54,60,12,31
27,63,0,4,52,53,36,10,18,22,31,43,48,7,47,30,15,25,11,54,20,50,62,26,12,55,5,6,56,3,59,37,1,39,14,40,33,49,35,44,57,2,32,19,46,51,17,21,34,24,29,41,28,60,45,8,23,61,13,58,9,38,16,42
59,63,41,55,15,12,18,54,42,23,50,49,28,4,7,26,20,48,29,30,27,8,52,3,34,45,53,22,56,6,24,57,58,33,51,9,0,39,44,38,21,17,32,35,31,1,61,16,19,36,47,43,2,62,46,14,11,37,5,60,25,40,13,10
14,30,26,29,20,5,22,60,61,34,8,45,50,15,10,59,42,46,32,39,35,25,6,38,41,56,48,21,9,31,43,4,62,11,1,57,36,47,19,33,49,0,44,24,54,52,16,12,18,23,3,51,58,63,55,40,27,53,2,17,7,13,28,37
38,35,57,59,51,47,13,10,16,14,17,41,58,63,28,36,52,34,29,27,42,40,21,18,1,39,4,0,3,30,19,7,60,62,24,61,31,32,15,8,37,6,22,48,56,45,12,55,33,20,43,25,46,50,11,53,5,44,23,2,49,9,54,26
36,37,33,16,35,25,58,56,18,48,11,63,55,29,43,38,5,15,57,26,41,9,12,49,0,4,50,28,42,1,27,3,59,14,54,46,2,40,60,53,13,7,32,39,31,45,10,22,52,21,34,44,30,23,20,61,19,8,6,62,17,24,51,47
46,21,56,23,11,0,52,43,2,14,59,13,25,63,6,38,17,62,47,19,5,37,12,51,39,27,34,8,50,15,35,1,44,55,57,22,48,9,58,60,16,10,26,18,31,45,40,32,42,20,7,30,36,28,41,4,53,54,61,29,33,24,3,49
56,62,24,15,28,33,0,41,6,53,31,12,45,58,60,61,51,54,29,38,52,16,11,36,7,22,27,30,32,17,40,14,19,13,5,46,21,44,39,8,2,25,26,47,3,63,23,55,10,37,35,43,34,9,50,42,18,57,1,20,4,48,49,59
9,59,36,52,29,25,53,55,58,48,22,17,44,47,24,5,33,14,40,32,3,27,38,56,50,46,8,34,0,57,7,61,60,1,23,20,37,18,15,45,35,21,28,62,11,2,49,51,42,13,63,4,41,31,39,19,16,12,6,26,54,30,10,43
63,10,15,48,56,30,53,0,1,61,18,57,38,11,14,24,19,9,41,28,45,51,42,44,47,8,3,35,33,59,43,31,39,46,27,62,20,25,40,17,22,5,60,55,32,37,23,34,29,2,26,36,4,13,58,21,54,12,49,50,6,7,16,52
28,22,3,25,30,40,41,58,37,2,16,38,53,18,48,29,34,9,17,33,0,47,6,39,13,21,4,55,51,43,11,14,61,63,50,56,5,31,62,52,36,24,44,32,27,12,20,10,42,59,54,57,35,19,45,7,8,1,46,23,49,15,60,26
51,5,33,36,10,47,0,25,4,24,45,37,57,34,60,62,43,46,30,14,63,27,41,9,19,26,52,7,11,54,49,38,12,18,44,28,1,22,58,20,50,40,53,35,55,48,2,59,15,29,42,61,13,31,8,21,32,6,3,56,39,16,23,17
12,60,25,56,15,39,35,0,2,9,11,8,4,37,33,49,62,13,52,17,23,43,3,22,34,46,41,59,24,16,55,6,20,53,57,27,44,45,58,19,10,31,26,63,42,61,48,14,5,21,28,18,32,54,7,51,30,50,38,29,40,47,36,1
27,10,37,40,55,38,35,53,44,13,56,0,60,50,8,2,48,39,57,3,28,16,33,32,42,21,34,61,31,52,9,30,63,12,7,51,11,26,49,5,4,18,14,1,23,43,45,17,62,15,59,54,20,29,46,58,6,41,19,36,47,22,25,24
44,28,17,25,0,40,30,11,5,16,42,15,22,10,31,24,56,52,3,59,1,46,34,53,60,50,4,63,41,21,19,20,12,13,48,7,43,9,33,61,14,36,51,32,26,58,49,62,6,8,35,37,55,54,39,45,57,47,23,2,18,29,38,27
10,13,59,12,46,41,25,9,34,11,44,35,18,58,37,48,27,51,60,50,21,1,57,43,54,39,4,16,63,26,6,55,3,7,31,56,15,53,61,14,30,38,19,24,2,40,28,22,0,20,49,32,45,29,5,36,23,52,62,8,33,17,47,42
6,56,31,44,61,23,37,57,21,25,33,13,5,52,58,2,55,8,30,29,1,11,27,18,15,63,53,60,16,62,38,59,7,10,46,32,4,3,48,0,50,26,12,20,40,19,34,28,42,17,54,14,36,49,43,35,9,22,51,39,45,47,24,41
51,23,62,9,22,25,5,6,8,55,48,63,2,42,17,21,57,28,3,37,12,27,33,36,26,38,56,14,13,45,41,19,59,35,54,34,58,0,11,49,16,32,29,46,18,60,44,1,7,40,43,30,20,52,24,4,50,15,47,31,53,61,39,10
60,37,31,43,53,9,46,33,42,39,52,38,11,44,12,3,54,57,55,8,27,40,0,48,26,5,59,14,16,51,49,28,23,41,61,50,35,19,15,62,17,22,32,58,45,56,36,6,10,29,2,24,7,4,1,34,47,30,18,63,25,21,13,20
49,15,7,34,22,18,48,38,17,29,32,23,59,11,56,45,19,40,55,53,39,30,14,10,57,54,1,46,27,31,3,51,28,16,6,52,8,36,21,0,4,13,9,12,20,44,42,63,41,43,47,5,37,61,60,24,62,58,35,2,25,33,26,50
19,55,37,15,62,21,22,39,3,10,2,6,35,0,26,18,48,36,46,27,45,4,57,5,41,59,1,20,34,50,14,52,38,31,28,24,43,40,56,58,61,53,17,47,42,51,63,33,44,11,7,16,9,12,25,23,49,8,54,29,13,32,60,30
0,30,31,24,4,18,49,23,11,51,1,29,60,34,33,48,27,40,6,25,43,28,55,3,42,5,52,15,36,7,12,38,13,8,10,9,59,56,26,20,53,16,63,57,44,19,21,39,47,32,37,22,45,35,17,61,2,58,54,41,62,46,14,50
2,45,62,54,52,59,31,26,20,30,22,60,46,55,37,24,35,0,61,44,13,38,1,47,17,21,51,42,34,29,7,23,40,39,19,41,6,25,63,57,3,50,12,15,11,16,18,8,9,32,53,14,4,58,36,27,28,5,43,10,33,48,56,49
55,25,8,13,58,6,41,37,28,4,0,31,33,12,34,54,51,18,26,52,40,29,63,10,2,50,23,19,24,48,16,44,3,14,36,7,30,20,45,35,42,59,21,49,43,53,5,56,22,46,60,39,61,27,62,57,38,1,15,17,11,9,47,32
16,42,21,38,3,53,40,7,61,10,12,60,8,27,63,1,15,43,33,25,47,18,26,24,45,35,5,22,31,19,28,59,37,6,4,34,0,23,44,32,57,55,30,36,50,58,29,20,62,9,49,17,51,54,46,11,14,2,39,56,13,48,52,41
45,63,38,59,13,3,26,9,50,29,7,24,11,32,55,33,39,2,42,25,54,52,61,43,20,48,60,17,18,30,15,62,47,6,10,31,49,53,46,1,44,36,0,23,58,57,41,28,22,4,35,27,56,37,5,51,14,19,34,21,12,40,8,16
16,25,37,13,56,40,15,51,38,32,20,29,34,54,44,62,5,46,63,39,27,45,53,61,33,18,21,6,60,7,9,52,59,43,12,58,3,35,1,30,28,57,26,17,10,11,48,19,22,50,31,36,41,42,55,49,0,8,14,2,23,47,4,24
37,29,48,31,3,53,60,22,41,5,55,51,42,32,58,49,56,23,18,59,12,15,52,26,16,27,9,11,47,28,30,17,33,57,25,4,45,10,34,63,1,54,19,14,38,8,21,13,43,44,50,24,20,6,0,7,36,2,35,46,40,39,61,62
33,37,60,8,27,49,25,39,17,29,52,30,0,36,3,24,53,23,55,9,28,63,45,42,21,54,14,59,1,16,13,47,18,22,19,15,50,11,46,2,20,51,58,7,38,44,41,40,4,26,43,34,12,62,31,48,5,10,6,57,32,61,35,56
53,23,6,22,47,62,31,28,25,4,0,11,61,63,12,24,58,37,5,55,59,13,9,35,19,1,8,44,39,33,40,41,30,34,3,49,20,27,54,48,21,56,32,46,7,43,52,18,15,10,29,42,17,45,26,51,36,14,16,2,50,57,38,60
6,32,16,18,58,45,43,4,41,34,19,35,57,52,21,7,29,56,48,42,38,1,60,63,49,44,15,59,12,39,20,13,23,8,55,22,53,28,40,9,27,11,46,31,37,14,51,30,2,24,17,36,0,54,62,10,47,61,25,50,33,3,5,26
48,6,25,17,7,60,55,19,52,61,27,11,58,13,62,41,29,59,32,28,0,38,22,24,42,26,3,30,21,23,2,54,10,39,31,5,9,40,4,37,16,57,45,47,33,43,14,49,63,20,15,51,18,8,56,36,50,1,44,35,34,46,12,53
60,12,40,17,2,6,23,37,50,47,8,34,51,48,53,33,42,27,46,26,49,29,57,56,61,3,7,21,4,45,11,58,14,24,20,30,18,25,13,62,36,0,5,22,19,15,39,28,10,1,32,52,55,38,35,63,16,31,43,44,54,41,9,59
35,51,52,40,57,15,5,34,49,13,9,18,23,60,16,48,44,6,2,47,22,41,19,38,30,63,26,3,56,46,28,58,36,14,45,20,8,12,4,7,27,55,43,50,11,10,31,24,62,33,21,37,53,0,54,1,32,42,25,59,61,17,29,39
38,40,13,8,47,22,39,42,46,31,9,14,1,10,51,11,5,16,19,45,60,35,54,48,24,17,18,55,28,7,58,43,15,30,49,29,57,23,20,50,56,12,53,4,37,27,2,3,21,36,63,6,25,62,44,0,26,52,61,59,32,33,41,34
35,61,37,58,43,17,46,52,24,10,50,60,30,1,26,4,3,25,51,9,62,15,5,39,34,45,22,23,41,31,38,49,42,28,21,12,6,20,56,53,2,44,63,48,59,40,32,19,14,27,13,11,0,29,54,16,18,55,47,33,7,36,57,8
20,5,58,26,33,19,11,42,12,27,49,59,0,63,35,46,55,25,36,22,51,8,7,21,52,40,37,30,39,45,61,44,3,6,50,47,16,34,28,56,54,9,14,43,48,2,23,24,29,18,62,31,4,17,15,41,32,57,1,13,38,53,10,60
59,52,11,35,7,27,5,54,31,63,15,16,46,9,51,43,38,39,3,8,44,6,20,40,36,49,18,19,56,17,28,58,25,21,22,34,26,30,55,53,47,12,23,29,33,2,32,4,50,48,10,45,14,13,1,60,61,42,41,37,0,62,24,57
9,12,2,42,37,45,19,21,57,26,43,49,27,17,63,29,44,59,58,47,51,10,14,5,7,40,33,38,56,11,3,28,55,53,60,41,48,39,25,30,18,24,35,54,52,20,34,50,22,23,13,36,16,8,1,15,6,4,61,32,0,62,31,46
4,15,6,13,52,47,55,8,2,51,27,1,48,20,5,41,29,30,36,49,56,53,35,21,44,14,34,42,12,57,23,43,19,62,61,7,59,54,16,58,24,32,3,18,26,39,22,63,28,40,38,9,31,60,33,11,0,37,50,10,46,45,17,25
30,63,32,49,17,13,6,20,28,8,29,19,40,2,37,59,12,7,33,48,56,21,14,46,36,60,35,26,34,27,16,50,3,10,57,18,55,62,45,58,11,42,0,43,61,24,47,9,39,23,15,53,31,44,38,54,22,41,4,25,52,5,1,51
56,39,46,33,5,38,6,14,44,15,24,22,54,30,3,1,21,7,43,31,18,55,23,47,25,40,8,48,29,42,51,53,60,57,16,45,52,10,12,37,4,62,41,49,63,59,50,26,19,35,58,28,13,32,34,0,36,27,20,2,11,9,17,61
29,32,53,25,38,16,52,54,24,0,46,1,48,34,44,39,20,35,11,5,41,49,10,12,8,13,7,43,28,6,55,2,30,63,14,22,60,61,58,42,45,56,50,47,57,15,23,9,19,36,3,27,18,31,33,51,62,26,40,37,17,4,21,59
36,31,56,49,17,37,41,1,7,0,33,43,47,21,60,62,35,57,12,38,14,22,45,52,16,54,23,32,27,46,26,30,55,61,39,4,28,58,34,48,5,10,2,44,18,25,59,20,53,63,13,8,51,11,15,24,42,9,3,6,19,29,50,40
44,15,26,41,45,23,60,9,59,58,14,13,40,52,6,29,4,55,17,35,43,24,27,51,49,63,33,34,8,50,1,54,2,30,57,47,62,5,61,7,39,10,42,53,28,0,46,37,18,16,3,12,21,36,19,25,22,11,48,56,31,20,38,32
2,19,47,10,54,24,40,30,59,16,7,56,36,9,1,39,43,55,53,44,45,29,25,35,63,51,4,34,60,23,8,31,22,42,26,20,32,0,57,28,46,62,18,33,50,15,11,61,3,5,37,14,21,49,52,13,38,41,12,17,27,58,6,48
38,4,24,14,51,7,48,9,60,17,19,45,36,13,30,37,34,27,57,62,40,41,10,29,8,5,28,15,55,63,46,23,22,54,35,11,39,12,21,31,59,49,2,20,18,42,43,1,44,50,33,56,58,53,26,47,61,0,52,32,16,6,25,3
6,61,32,15,18,27,59,62,53,17,48,12,20,21,5,29,45,9,36,26,37,4,34,43,50,40,19,47,28,46,63,7,58,39,0,31,8,52,23,3,25,55,57,1,33,42,54,24,38,30,44,49,11,60,51,10,56,16,22,35,41,2,14,13
23,14,4,55,12,26,63,56,59,52,29,24,33,15,11,39,61,7,10,47,40,3,51,46,6,8,0,60,44,35,28,25,58,13,62,34,36,16,1,19,37,17,53,18,50,2,54,49,21,48,32,42,45,22,30,57,20,41,31,27,43,9,5,38
30,10,22,18,61,25,21,54,48,46,26,33,5,36,4,17,2,15,40,37,60,51,23,20,42,45,6,27,19,29,57,11,62,52,58,47,9,34,7,43,0,13,35,3,55,14,39,1,49,56,24,63,12,28,50,38,53,31,44,16,32,41,59,8
26,32,33,22,9,41,48,54,51,6,12,37,16,18,53,25,40,60,44,50,13,36,30,43,15,7,24,3,11,58,39,1,46,38,47,35,4,29,59,8,0,61,21,2,23,10,45,62,28,17,57,31,19,27,63,42,49,5,55,14,52,20,56,34
34,14,44,1,56,48,13,8,29,6,58,54,61,12,52,40,33,63,45,53,55,49,39,7,26,22,42,36,50,46,19,11,5,43,15,3,37,25,59,0,35,18,20,30,9,47,10,16,24,4,17,62,41,31,21,57,32,2,60,27,51,23,28,38
1,18,24,25,38,20,36,51,17,35,57,40,43,2,60,55,9,61,62,54,41,14,28,39,58,47,50,8,10,11,26,48,44,22,46,16,56,6,23,59,21,3,15,31,5,7,0,63,33,29,4,19,42,27,37,34,45,52,49,30,32,53,12,13
48,38,59,49,36,30,14,39,57,60,61,40,24,0,27,35,5,18,33,31,20,62,46,28,9,25,23,22,19,7,54,37,63,55,56,16,1,17,8,6,3,53,51,21,45,10,34,44,26,2,58,11,29,13,12,42,4,43,41,15,47,52,32,50
7,2,47,15,55,19,57,22,14,9,5,48,49,35,30,34,8,61,37,28,45,36,33,54,60,31,42,32,1,4,20,40,16,59,0,56,52,23,43,51,58,62,27,6,11,29,50,46,63,18,25,39,10,24,12,41,38,3,44,17,53,26,21,13
11,60,12,27,57,42,62,31,46,61,37,44,54,34,35,38,16,52,6,4,30,10,43,63,14,3,29,23,8,9,53,7,49,47,40,32,48,58,39,19,45,2,25,13,15,56,20,26,33,55,17,21,5,22,51,18,36,0,59,41,24,28,1,50
42,10,5,11,60,58,62,47,25,12,16,53,50,9,6,57,13,38,17,41,52,20,40,49,43,37,26,54,3,23,44,22,31,4,56,34,2,45,51,48,14,18,30,29,59,33,24,8,27,7,28,36,15,46,63,39,32,0,1,61,35,19,55,21
0,55,43,46,23,32,13,45,6,51,57,59,30,14,50,37,1,3,61,63,44,53,34,27,7,33,17,24,35,31,2,11,36,20,38,28,12,49,54,39,16,18,62,41,9,25,40,58,48,26,56,52,5,29,4,19,60,21,22,15,47,42,8,10
32,25,47,35,37,34,21,13,42,48,58,54,2,18,63,12,6,39,7,11,53,31,40,45,46,3,61,10,23,19,16,22,20,43,29,41,14,38,49,60,59,26,1,24,50,55,17,57,15,62,51,9,33,56,8,5,27,36,28,4,44,52,0,30
17,19,37,5,61,7,50,22,54,46,2,21,24,34,60,42,40,23,53,44,18,32,14,57,31,25,20,39,38,15,62,63,16,3,51,35,6,52,33,41,45,26,13,56,30,9,58,10,43,47,29,28,12,1,27,0,49,4,48,8,11,59,55,36
9,21,17,29,4,23,12,54,60,34,19,14,52,41,18,33,8,16,59,58,10,28,0,3,24,57,46,37,2,44,25,26,56,27,22,1,48,51,55,30,42,11,62,49,6,53,20,39,40,31,50,5,7,61,35,63,45,15,36,38,43,13,32,47
19,37,27,41,50,14,62,28,3,57,23,31,49,16,1,20,15,11,45,54,44,34,17,59,9,8,58,47,2,18,21,4,33,40,24,43,60,22,12,26,25,7,36,0,29,39,32,61,35,63,48,42,55,10,51,6,46,5,38,13,53,30,52,56
8,17,14,33,22,52,63,10,29,12,37,25,32,18,42,45,53,1,7,61,38,16,56,23,49,30,51,39,9,11,62,0,47,20,24,13,59,6,2,35,57,40,34,15,3,43,5,36,50,46,21,19,26,4,31,44,28,41,60,54,58,48,27,55
18,8,6,14,34,50,29,58,46,62,26,7,54,30,61,32,35,51,9,0,19,25,53,16,45,37,10,1,39,28,31,41,44,42,47,57,38,36,15,56,17,13,3,59,21,4,60,55,49,52,5,48,33,12,22,20,40,23,27,2,24,11,63,43
38,30,63,19,21,25,12,61,48,34,10,35,20,50,5,54,58,44,46,17,37,56,27,31,15,39,40,51,41,14,28,13,32,23,47,42,0,62,60,1,55,53,36,18,22,52,49,57,9,3,26,45,43,59,24,29,4,11,2,6,33,16,8,7
8,59,47,18,57,12,23,58,61,55,53,39,31,21,19,52,48,22,43,5,27,28,16,42,2,62,24,41,38,7,15,60,25,51,33,0,32,26,30,44,34,29,20,45,3,46,40,36,54,63,4,13,35,49,50,17,56,9,14,10,37,6,11,1
38,33,30,46,62,15,11,42,23,60,59,4,1,37,9,32,3,61,5,22,36,17,54,29,14,19,57,47,21,20,56,27,2,53,35,44,0,10,24,34,18,51,26,55,13,6,45,52,41,25,31,39,58,63,8,49,16,7,50,43,12,40,48,28
8,10,9,62,49,3,35,30,31,32,44,26,40,46,58,21,1,27,12,54,11,17,61,16,25,52,41,29,6,24,34,47,50,28,14,53,4,23,2,18,48,57,60,22,19,55,5,36,63,20,13,51,0,39,33,7,42,56,37,59,45,38,15,43
57,25,12,59,54,13,61,28,35,45,29,27,5,6,0,43,2,50,42,9,56,53,40,18,26,31,3,58,38,11,46,20,62,10,22,24,60,21,4,8,49,16,63,32,55,52,30,7,23,36,47,17,34,1,39,19,33,14,41,44,51,48,37,15
11,58,8,2,56,49,63,19,32,26,13,60,30,54,20,38,50,24,39,1,12,5,28,16,21,3,41,9,34,45,33,10,35,7,43,57,18,62,46,42,0,27,40,61,44,48,47,22,4,52,6,17,37,53,51,31,25,23,55,15,59,36,29,14
51,9,27,4,8,60,63,12,7,19,22,46,35,48,58,16,31,15,52,20,47,44,45,29,39,32,57,38,24,26,50,49,56,28,41,1,53,43,40,34,21,55,42,62,33,11,14,54,36,13,3,23,59,61,25,2,6,37,17,10,0,18,5,30
33,31,24,11,5,37,15,44,29,40,20,50,38,8,45,57,39,16,25,3,54,14,49,6,23,27,56,59,22,62,1,2,46,42,26,47,48,21,13,43,63,55,9,19,4,30,28,17,58,32,51,0,7,61,12,60,36,53,18,34,41,10,35,52
61,0,29,7,38,57,43,50,13,22,4,9,52,14,31,59,30,39,53,34,2,56,24,11,45,26,42,28,33,18,25,35,6,44,3,47,20,40,55,63,48,8,15,51,1,17,36,41,23,49,62,16,21,10,46,19,32,58,37,60,54,5,12,27
26,5,0,31,24,21,1,8,51,32,33,29,39,63,49,55,16,44,53,37,30,50,52,47,17,23,40,3,61,41,9,27,11,19,2,54,13,58,15,56,46,10,28,38,14,18,22,60,59,20,42,25,6,45,7,36,62,35,43,57,34,4,12,48
16,63,28,24,29,48,23,6,38,9,39,61,54,18,27,53,45,52,32,42,14,3,37,17,33,36,58,50,15,35,26,44,49,4,20,46,30,31,12,1,40,41,22,57,25,0,19,47,21,43,62,7,5,11,55,13,8,59,10,56,60,51,34,2
23,22,60,50,28,61,39,41,36,43,62,18,6,20,52,47,30,24,38,26,49,63,53,34,58,46,12,11,40,8,21,14,57,59,13,31,25,9,45,44,3,27,35,10,32,42,19,51,7,0,17,54,55,1,29,33,4,2,5,56,15,48,16,37
12,7,26,23,56,4,0,24,62,47,16,3,30,40,42,6,52,45,36,11,53,31,10,25,39,58,61,15,51,19,13,43,46,2,29,59,32,37,20,50,55,5,9,63,44,17,34,48,28,38,35,49,41,22,1,57,60,14,27,54,8,18,33,21
30,48,23,51,56,55,9,24,62,60,2,37,53,58,3,27,38,61,21,25,59,44,40,35,14,22,47,42,54,17,26,43,57,7,32,16,20,13,45,1,33,12,34,46,29,36,5,15,18,11,31,50,4,6,41,19,52,10,49,63,28,8,39,0
12,53,29,27,5,18,21,4,1,26,55,35,7,13,9,54,31,15,2,58,3,43,23,8,62,41,60,24,28,40,39,52,17,36,25,19,47,51,0,33,61,30,44,34,63,49,56,16,48,6,32,22,59,11,57,14,45,37,10,42,20,46,50,38
45,38,18,59,46,24,50,36,52,8,23,39,9,47,40,43,13,58,14,63,32,34,56,55,10,61,31,1,57,2,60,22,53,41,19,12,15,26,30,27,42,5,35,21,37,4,0,28,11,6,29,33,54,25,3,16,48,51,49,62,7,20,17,44
43,39,57,21,58,55,47,8,50,35,46,25,20,15,24,2,51,27,18,16,60,49,62,12,48,37,52,54,13,3,14,32,28,9,10,17,53,44,56,38,11,30,29,34,45,61,40,5,59,33,1,7,42,4,26,0,41,36,6,22,19,63,23,31
60,17,56,55,10,49,31,3,61,52,11,2,24,42,50,19,57,21,40,18,13,44,47,9,34,8,53,35,32,5,46,45,39,33,27,1,26,14,63,16,38,23,37,59,25,62,15,43,48,22,12,51,41,30,7,20,29,0,36,6,58,54,28,4
6,7,54,51,4,13,32,53,30,18,45,9,46,5,19,36,63,35,17,10,8,21,23,62,55,34,28,42,29,0,12,1,57,39,31,14,27,3,41,33,25,11,43,60,16,61,24,20,38,49,47,59,58,40,2,26,52,15,56,37,22,48,50,44
33,42,25,49,41,14,0,21,31,17,8,58,7,23,3,39,9,34,63,30,50,55,46,32,38,20,15,44,26,1,11,59,52,45,40,2,10,35,48,13,47,19,4,54,57,6,29,36,22,61,5,16,51,43,27,56,60,18,24,53,62,37,28,12
23,45,59,56,62,17,3,6,12,22,21,35,47,51,24,30,18,42,55,33,49,57,40,19,28,39,43,58,63,31,61,16,2,37,53,5,60,48,10,7,14,13,52,0,9,44,41,1,34,8,26,54,4,32,15,36,25,50,46,29,20,27,11,38
44,59,19,7,21,10,54,46,37,14,55,57,35,60,26,28,20,36,8,17,38,4,13,63,51,52,39,53,45,3,32,29,41,0,11,40,15,2,22,16,62,56,33,42,9,23,34,49,18,1,58,31,48,50,30,25,43,5,47,12,61,27,6,24
0,3,17,47,49,46,27,13,62,16,2,28,14,24,5,7,44,50,31,51,55,61,32,42,59,37,35,12,15,52,1,19,34,39,60,23,22,6,36,57,63,38,25,21,4,41,40,20,48,33,30,45,53,8,58,11,54,26,9,18,10,29,56,43
23,38,20,56,5,2,60,6,4,39,0,44,3,1,54,45,19,22,34,25,9,10,33,49,14,52,21,30,18,55,8,63,24,26,12,48,37,43,61,59,7,50,28,53,47,32,16,58,42,31,40,27,62,17,57,41,13,46,15,35,29,51,36,11
51,57,8,58,33,26,42,38,43,15,19,18,37,28,60,49,54,5,29,48,52,61,59,7,11,1,4,21,41,23,53,32,31,24,10,44,25,20,0,39,45,2,30,22,3,40,14,35,16,46,63,27,9,12,17,62,36,56,13,34,50,6,55,47
47,56,1,2,42,63,50,40,16,17,10,9,55,21,24,48,26,23,37,60,43,29,34,25,8,53,31,41,57,30,39,49,4,3,44,13,0,6,38,58,19,5,35,61,52,46,12,54,33,15,7,62,22,20,59,27,18,11,28,32,14,45,36,51
20,24,48,44,60,63,10,28,11,41,27,22,3,29,37,49,21,50,1,38,35,4,18,13,59,0,16,43,31,46,14,52,57,25,32,47,55,2,7,6,12,40,19,62,39,56,17,30,36,15,26,54,45,42,34,23,53,58,33,8,5,51,61,9
17,49,15,37,19,8,38,24,50,5,13,46,22,18,3,42,28,56,47,43,39,63,48,4,0,1,14,23,26,62,11,36,9,55,12,29,40,51,10,44,53,35,2,31,32,57,52,41,59,58,30,27,61,33,6,16,20,25,7,21,45,60,34,54
23,41,12,37,7,33,36,24,52,29,0,19,58,39,5,57,45,20,35,40,48,51,55,34,38,22,6,13,56,63,42,4,53,59,54,16,61,30,46,32,28,1,27,62,26,17,2,11,9,47,3,25,18,8,10,49,60,21,44,50,43,14,15,31
9,22,61,63,52,0,7,54,30,57,23,49,16,46,37,2,43,13,62,18,38,47,36,32,28,41,6,19,45,14,34,8,15,11,60,58,10,5,35,55,1,56,4,17,42,3,12,29,50,40,59,31,27,21,33,25,39,26,48,44,53,51,24,20
61,49,1,32,15,31,37,39,63,10,0,55,2,8,24,17,57,22,56,20,47,12,14,50,38,62,23,16,44,25,59,18,11,51,46,36,6,52,5,9,19,42,27,33,30,60,40,3,43,48,21,26,28,4,34,53,35,45,54,7,41,13,58,29
54,50,39,32,15,61,10,34,35,5,49,56,12,45,57,46,11,28,44,31,17,14,58,13,47,27,53,21,24,25,60,42,38,8,19,41,59,37,48,62,55,26,9,20,52,36,23,7,29,16,1,30,63,33,22,3,6,43,4,0,18,2,40,51
37,23,52,5,59,29,22,60,40,46,26,38,39,27,1,13,14,41,10,31,61,16,42,32,7,51,50,45,47,49,19,4,36,20,44,54,0,8,30,15,48,21,53,6,35,3,17,11,24,56,2,62,55,28,9,58,43,57,25,63,34,12,18,33
36,1,40,3,8,54,16,14,0,55,12,41,63,52,37,6,7,33,22,13,2,23,48,15,59,51,24,19,38,61,45,17,43,57,39,5,18,62,46,44,10,56,58,53,60,30,47,29,31,28,26,49,35,34,25,21,27,20,4,50,9,32,11,42
17,20,53,8,42,9,46,29,28,10,61,36,12,14,43,59,44,56,35,49,47,13,27,58,5,51,24,7,22,1,48,41,34,3,15,18,45,55,40,4,31,52,16,26,50,32,57,23,63,39,38,60,54,62,6,21,37,19,33,0,11,30,2,25
61,30,47,37,17,4,12,55,42,41,58,62,5,15,9,28,50,20,51,0,1,57,2,3,45,36,14,6,49,44,22,31,13,56,54,40,48,11,23,19,7,8,16,33,26,10,63,35,25,29,39,43,52,46,38,21,53,34,59,24,32,60,18,27
38,6,44,1,42,13,41,30,58,27,14,32,49,56,34,59,52,20,16,61,54,24,11,23,53,43,31,26,28,9,15,48,36,60,62,22,63,17,40,4,7,21,8,25,29,33,55,2,5,0,47,45,35,3,12,57,50,51,37,18,19,46,39,10
50,19,49,57,42,3,21,40,28,34,20,16,24,25,41,44,29,63,58,47,48,33,23,62,1,53,9,2,0,11,17,60,39,31,15,51,12,43,27,55,5,36,37,13,45,61,38,22,52,10,4,26,14,59,54,46,18,32,56,35,6,30,7,8
22,51,40,23,12,33,21,4,52,26,54,29,49,60,61,63,2,24,11,16,59,30,43,28,18,14,37,47,56,27,45,31,13,9,39,8,46,50,55,53,58,10,5,6,0,41,15,38,35,48,62,17,20,32,36,7,19,34,44,42,1,3,57,25
24,20,5,47,41,9,18,15,14,19,1,35,56,38,59,55,17,46,40,49,8,13,25,16,54,27,60,53,30,32,51,21,50,39,22,23,42,37,10,31,34,4,11,63,36,29,57,45,28,33,0,58,6,61,62,26,43,44,3,48,2,52,7,12
47,27,7,1,25,3,49,59,31,53,26,63,28,39,60,46,58,4,61,29,34,17,19,2,55,52,14,22,5,13,56,0,35,50,40,45,57,37,24,15,10,54,18,16,11,8,32,38,42,43,44,9,23,20,6,12,36,33,62,48,21,51,30,41
56,35,7,16,4,28,39,31,58,30,62,52,57,27,25,22,9,38,61,36,3,6,18,63,49,17,43,15,12,19,11,41,2,20,26,21,5,0,33,50,40,24,37,51,13,45,44,55,60,53,42,23,46,48,54,32,47,29,14,1,59,8,34,10
52,33,54,22,19,20,9,53,61,45,55,17,7,59,6,56,39,13,23,31,37,18,36,3,57,34,0,27,32,42,50,26,24,15,40,51,46,14,60,5,58,8,38,4,49,21,44,2,48,63,10,41,11,62,1,25,29,30,35,28,47,12,16,43
41,22,35,59,15,13,7,11,63,61,51,20,54,27,31,0,39,52,34,43,5,55,6,56,44,9,62,46,23,57,24,28,45,32,19,18,14,29,37,2,4,25,12,17,8,1,58,10,30,48,49,42,36,3,40,38,50,33,60,26,21,53,16,47
8,23,33,0,7,10,3,38,54,16,42,47,39,14,62,12,53,24,35,11,36,45,55,60,21,56,18,26,52,6,27,34,25,1,19,9,41,48,2,28,50,58,31,5,17,46,49,40,44,29,13,4,37,22,32,61,51,30,63,20,43,59,57,15
21,60,25,22,28,24,63,37,35,48,61,14,15,18,10,20,46,26,54,12,23,3,50,44,42,5,40,29,6,38,53,41,7,19,2,30,32,31,4,51,34,13,57,0,49,16,55,56,27,9,43,36,39,62,58,59,45,47,52,1,17,8,33,11
50,32,48,49,52,19,23,36,22,30,12,40,16,13,56,55,7,59,31,21,24,39,0,9,35,58,61,34,8,20,54,45,44,1,28,26,15,3,46,2,53,60,6,43,11,33,27,42,25,51,14,29,38,57,10,37,17,62,5,47,4,18,63,41
29,53,62,40,36,63,16,61,59,57,0,27,31,15,3,60,2,37,38,48,24,41,51,21,30,13,10,47,42,9,7,34,55,35,25,26,12,49,32,5,4,50,19,52,58,17,8,39,28,18,46,54,11,56,14,6,33,20,23,22,1,45,43,44
33,19,10,1,51,16,56,32,58,23,60,2,36,4,57,35,52,3,45,28,48,0,27,62,54,63,5,43,55,24,26,17,29,42,6,22,61,9,38,30,34,18,59,39,47,37,40,13,31,49,7,21,20,41,25,53,11,46,50,8,15,14,12,44
28,21,13,34,60,18,9,0,24,57,6,12,1,58,63,54,15,51,44,30,23,62,20,25,8,53,49,27,59,4,32,50,39,52,19,5,10,3,42,46,38,47,22,36,35,7,29,37,26,33,48,45,61,2,56,14,43,11,17,31,40,55,16,41
25,9,19,14,50,12,4,62,1,46,61,60,49,63,26,56,30,27,52,36,53,29,39,0,10,48,45,59,28,43,17,7,33,18,31,44,55,51,38,8,40,34,3,15,57,47,41,5,13,16,6,32,24,58,2,20,11,23,42,54,37,22,35,21
49,48,4,59,36,5,24,45,31,53,19,62,37,13,15,55,10,51,47,2,21,1,38,63,29,56,17,6,57,40,9,14,46,41,0,12,60,58,32,50,33,3,22,43,52,35,34,30,23,20,39,18,54,61,8,25,16,27,11,28,26,44,7,42
45,59,9,3,47,4,48,18,2,17,22,36,6,28,52,35,26,19,61,10,44,51,53,24,8,11,34,57,15,20,33,32,42,43,46,1,58,27,31,49,14,41,5,62,12,29,37,21,30,38,63,56,25,16,55,23,0,13,7,39,50,40,54,60
44,24,50,51,41,54,56,11,3,29,49,0,21,22,58,26,39,42,5,43,14,1,53,34,40,62,27,36,9,30,37,18,52,33,15,7,16,4,60,28,13,10,32,35,48,19,12,20,38,46,45,55,17,63,2,57,61,8,31,23,6,25,47,59
51,22,28,40,10,38,59,30,35,32,25,26,0,37,49,15,9,61,60,2,36,27,4,23,57,18,19,13,41,33,12,45,55,29,63,6,11,56,14,52,20,42,43,62,1,8,50,44,24,7,17,47,53,54,34,16,58,21,39,48,31,5,46,3
62,37,52,24,22,1,8,36,27,10,4,7,31,46,53,45,5,41,15,17,38,47,21,29,34,57,0,48,14,12,60,19,56,58,13,18,3,61,40,63,54,25,28,9,44,32,23,20,6,30,49,26,43,16,50,42,51,39,59,35,33,55,2,11
39,24,22,40,55,62,48,33,52,57,36,27,49,45,44,5,19,63,7,8,16,61,2,51,20,43,15,9,25,30,4,34,54,1,56,42,58,13,6,10,14,23,38,3,11,0,46,47,60,37,29,26,41,50,28,18,53,35,17,12,21,31,59,32
45,51,35,20,60,37,14,18,42,31,23,15,54,0,39,16,13,36,17,27,43,63,62,6,28,4,11,26,48,33,2,3,55,59,30,19,12,7,29,61,52,10,8,49,22,44,47,41,57,32,46,40,1,24,34,25,38,9,53,58,50,5,21,56
36,15,37,40,58,11,16,57,2,21,39,22,14,33,61,13,54,38,5,53,31,27,6,42,17,43,30,29,32,28,44,19,8,7,52,47,4,26,23,24,18,51,62,35,50,45,48,1,3,34,10,63,60,49,56,9,25,41,0,46,55,20,59,12
13,32,43,36,62,51,31,16,6,1,23,22,45,15,57,29,20,30,41,9,33,61,28,3,14,55,48,46,12,54,11,42,10,58,40,37,18,24,60,5,49,44,50,25,52,0,35,19,34,26,56,38,47,53,21,4,39,2,27,17,7,8,63,59
10,39,30,31,28,48,0,60,36,40,47,1,12,54,33,6,20,23,3,59,32,26,2,43,35,18,34,63,4,38,51,8,62,14,15,58,45,24,13,27,46,56,5,7,44,53,52,29,21,11,57,61,42,17,9,49,19,37,50,41,55,16,25,22
19,25,15,21,50,36,35,20,17,32,10,24,27,49,53,28,41,3,58,22,48,63,16,43,26,2,23,47,59,60,11,62,12,7,8,5,57,61,39,46,51,30,13,4,33,18,31,6,9,44,34,1,0,14,37,38,54,55,56,29,42,45,52,40
58,13,14,52,49,8,25,19,35,46,11,5,63,15,32,57,45,60,16,29,36,7,47,37,61,43,20,4,62,28,33,56,23,48,55,41,10,40,44,53,12,31,6,54,59,38,24,17,21,27,30,39,9,50,22,18,34,1,0,2,3,51,42,26
47,37,51,24,32,1,35,34,39,10,55,43,49,3,57,2,62,11,59,0,25,13,50,16,38,41,44,9,40,8,48,27,29,6,53,63,54,36,21,31,15,26,30,52,46,17,12,19,33,5,60,45,56,20,42,22,7,61,18,4,58,23,14,28
63,36,41,62,9,26,32,0,40,16,19,44,7,10,55,17,43,3,52,18,21,14,24,37,30,12,23,28,15,61,33,39,42,5,58,2,47,35,20,11,1,59,22,6,46,4,45,29,51,56,48,38,31,53,25,34,57,49,13,60,27,8,54,50
35,24,17,2,26,8,28,29,19,0,22,47,33,50,59,16,37,4,27,18,25,38,21,15,44,39,63,54,34,62,10,9,42,46,57,52,23,40,48,3,12,5,55,30,56,43,49,6,53,31,60,32,14,51,11,45,13,7,20,61,58,1,41,36
58,31,15,40,8,36,53,27,21,39,9,56,61,4,19,62,51,28,29,46,26,12,47,30,11,24,37,17,45,16,44,13,3,25,52,23,7,42,10,41,32,54,60,0,20,43,49,5,18,48,50,14,22,57,38,1,63,55,34,6,33,35,59,2
4,24,7,10,38,50,32,44,40,20,6,34,62,30,51,21,37,26,15,31,1,3,36,17,60,48,42,53,35,8,61,11,41,16,49,46,2,39,0,47,14,23,54,59,63,45,27,58,18,56,28,25,57,5,22,52,55,12,33,13,29,9,43,19
30,38,16,34,5,13,17,53,61,31,15,9,27,11,62,39,33,50,45,21,22,23,63,54,32,36,4,59,18,10,26,0,37,49,7,60,43,42,3,8,19,6,55,46,1,58,51,48,12,57,14,2,20,41,40,44,47,52,29,28,35,56,25,24
27,34,0,37,33,36,44,18,32,15,42,57,45,12,23,50,19,4,13,35,51,31,61,55,6,25,60,5,43,48,46,40,20,10,47,1,14,2,63,29,53,59,28,17,26,52,8,39,38,16,9,54,7,56,24,49,58,62,11,30,3,22,41,21
47,26,21,13,29,31,7,46,11,22,48,10,61,55,50,34,8,0,36,41,24,15,56,12,45,52,62,23,38,57,6,60,27,32,58,44,5,42,4,16,1,2,40,53,43,54,18,59,19,3,33,17,20,30,28,39,49,37,25,9,14,35,63,51
32,7,38,57,24,54,47,58,53,56,52,49,37,26,13,21,15,22,10,59,63,44,9,12,17,23,61,41,16,8,55,46,4,42,48,25,1,0,40,36,29,31,43,20,18,3,62,19,35,39,30,45,27,2,14,28,50,51,34,6,60,33,11,5
53,35,36,46,42,4,44,33,40,23,26,24,16,20,54,19,28,63,43,47,8,31,32,14,60,12,5,49,18,15,7,58,13,50,55,11,21,52,57,59,62,34,56,61,30,9,0,48,17,22,29,25,38,45,2,3,10,37,39,1,41,6,27,51
53,25,26,37,57,50,33,3,29,19,55,49,52,28,12,39,21,11,17,46,13,32,24,38,14,45,7,10,43,54,4,6,36,47,15,8,9,35,18,23,56,16,61,30,60,27,34,42,0,31,63,40,44,2,51,48,41,62,59,58,5,22,20,1
60,58,52,10,2,20,11,47,13,28,12,36,22,33,59,6,29,55,34,32,19,40,21,39,24,0,62,56,41,43,9,50,26,54,42,1,27,14,48,7,45,46,23,53,3,31,49,17,15,30,5,57,8,4,44,37,63,16,61,18,38,25,51,35
1,10,9,4,30,58,2,29,26,46,20,27,55,36,33,38,6,53,39,5,25,47,21,13,14,16,18,44,51,50,7,34,63,52,62,49,56,11,12,40,23,0,3,61,57,59,32,15,31,48,37,24,41,60,43,8,28,35,17,42,19,54,45,22
40,56,62,41,11,9,24,22,38,53,46,14,15,35,61,4,10,49,47,12,32,51,54,3,30,48,34,59,13,8,63,37,0,31,19,57,28,60,17,2,33,44,5,23,36,43,27,58,50,39,20,45,7,1,42,16,25,29,55,21,52,18,6,26
43,8,45,3,23,60,52,56,24,10,41,46,47,51,15,31,58,53,49,28,62,36,19,26,2,27,59,5,13,50,34,21,61,1,48,39,29,4,17,42,12,9,0,63,11,40,16,6,37,57,30,18,7,44,33,54,14,38,35,55,25,22,32,20
38,54,26,1,8,52,43,10,50,41,34,49,31,63,15,13,61,20,55,23,0,33,14,11,47,46,58,3,44,27,36,37,5,22,30,48,18,7,40,53,28,60,2,57,16,19,35,62,56,21,29,9,51,17,32,12,59,24,45,25,6,42,4,39
32,2,24,37,19,43,14,28,1,27,25,18,61,56,49,31,6,0,58,9,8,23,40,53,59,35,51,26,54,3,45,47,33,50,20,62,55,22,30,42,10,48,16,34,41,57,36,17,46,52,4,29,38,63,44,7,12,60,13,21,5,15,39,11
28,7,63,32,19,54,4,47,1,59,56,38,17,6,55,22,34,49,0,15,45,43,48,57,25,61,35,5,14,30,21,13,36,12,2,27,20,50,41,40,18,44,3,29,23,11,46,42,31,60,58,33,62,53,39,37,51,10,8,9,26,52,24,16
16,19,33,60,5,39,36,48,52,30,57,7,9,31,10,44,20,41,38,23,11,1,32,61,42,34,0,59,29,58,26,51,55,53,62,43,27,14,2,28,17,6,15,35,46,3,22,37,63,21,47,45,4,40,50,56,24,8,12,49,13,54,18,25
50,2,29,21,48,59,11,56,19,7,37,38,45,52,44,28,35,1,33,12,14,8,0,10,55,32,3,62,17,47,36,41,18,63,16,30,5,13,51,58,53,15,43,24,49,20,4,54,40,26,60,39,42,25,23,34,31,27,9,46,61,57,22,6
2,60,35,40,15,43,34,61,59,10,38,22,5,46,57,55,3,25,53,7,58,48,20,29,30,50,39,23,6,21,32,24,62,19,44,26,37,33,17,36,1,47,42,28,56,41,31,14,51,12,8,9,27,63,0,52,4,13,18,45,49,11,16,54
54,47,24,33,30,40,19,21,46,49,55,37,3,4,27,5,8,56,48,36,7,9,45,51,35,18,10,38,28,6,17,13,14,11,53,29,62,44,61,12,52,43,26,63,39,58,23,16,0,57,22,34,2,59,25,42,15,41,50,60,31,32,1,20
7,55,8,43,0,20,46,14,3,60,44,23,30,24,48,11,41,32,19,34,54,31,51,50,22,21,5,12,29,4,57,16,1,63,17,35,36,6,9,40,61,38,49,45,53,37,18,39,2,33,56,27,26,58,13,52,25,47,59,42,62,28,15,10
3,15,12,56,30,53,54,33,49,52,63,46,1,6,23,24,59,61,7,43,19,62,51,28,32,5,25,17,58,22,50,57,13,47,31,37,36,45,60,21,10,20,35,18,29,39,48,9,14,38,27,42,0,4,55,2,34,26,16,11,44,41,8,40
28,62,40,54,29,45,16,30,12,26,10,49,20,25,34,6,59,21,27,58,41,18,4,3,47,39,35,56,44,8,63,33,37,53,0,9,17,31,15,22,42,11,32,43,13,1,48,61,19,23,50,46,51,38,60,14,52,55,36,5,57,2,7,24
13,61,16,54,5,1,60,8,33,37,25,11,4,50,22,47,62,21,36,12,40,49,44,32,19,58,34,46,9,39,51,14,63,20,7,41,43,0,29,45,38,6,57,52,55,53,26,2,28,56,10,23,30,17,27,3,18,59,24,15,42,48,31,35
43,63,13,28,5,52,34,30,55,33,42,61,50,40,44,48,60,1,26,31,38,53,16,59,23,36,58,15,17,39,41,7,57,14,27,3,11,46,24,6,2,49,12,22,8,10,45,54,62,0,21,37,51,18,29,19,32,35,25,56,47,20,9,4
33,36,14,35,38,16,48,47,17,62,61,51,22,24,57,40,7,34,19,56,9,60,58,42,18,52,41,23,1,11,13,3,59,39,29,44,12,53,25,5,46,27,31,10,15,20,55,49,54,21,63,2,4,45,37,30,6,28,43,50,8,32,0,26
45,28,42,30,22,0,25,11,19,26,63,52,51,41,36,29,18,13,50,16,7,59,34,44,27,4,2,15,58,8,9,60,53,46,56,5,37,6,38,35,10,61,14,12,39,21,54,1,17,23,33,32,62,43,40,57,31,24,55,48,49,47,20,3
22,41,29,14,28,1,27,58,54,2,32,50,26,31,42,63,48,19,23,33,7,15,5,47,11,9,6,13,55,37,57,51,16,18,25,39,17,40,62,38,49,60,8,56,24,4,21,46,30,43,44,35,52,3,45,10,53,34,59,36,20,0,12,61
7,14,62,36,56,12,21,47,24,27,9,44,45,18,41,57,13,10,32,43,28,40,38,51,52,53,15,33,11,60,55,54,31,16,63,58,46,17,25,22,3,26,37,6,49,50,30,34,8,19,35,39,0,5,23,20,59,4,2,61,29,1,48,42
18,51,62,34,60,14,35,20,24,46,58,1,39,38,31,57,54,4,2,43,59,56,63,6,52,44,49,27,3,32,36,16,55,17,0,50,61,42,33,11,37,40,26,19,48,25,10,12,47,7,21,23,22,9,45,13,5,41,15,53,30,28,8,29
11,47,21,12,22,27,43,1,45,60,29,8,0,55,59,18,15,17,35,57,10,26,3,16,63,24,52,13,9,61,4,58,44,23,54,19,41,7,5,56,37,48,50,28,6,39,20,51,53,33,30,42,2,38,14,25,49,34,32,31,36,46,40,62
18,63,53,62,51,30,41,31,2,29,3,15,36,61,10,49,4,19,37,0,9,55,58,35,14,32,8,57,25,1,56,23,24,47,26,60,28,44,39,42,16,5,17,48,46,13,34,52,11,6,45,27,33,40,50,7,38,21,59,54,12,22,43,20
55,21,52,60,9,44,0,11,6,8,31,63,14,34,38,59,24,25,7,62,51,57,26,54,18,35,47,30,17,33,56,53,5,42,39,41,2,61,48,50,32,16,15,49,3,29,43,40,13,20,46,1,45,58,23,27,37,19,12,4,36,28,10,22
26,10,34,47,25,28,56,13,55,6,30,48,44,16,9,33,7,54,39,21,5,17,60,50,49,46,14,61,57,40,43,31,41,2,11,23,18,27,38,59,3,52,4,37,42,62,8,24,22,1,12,35,32,63,19,36,29,20,45,53,0,15,58,51
52,60,38,5,59,4,28,43,39,26,29,48,8,23,54,32,35,6,47,24,16,2,17,44,13,12,46,22,31,41,21,63,40,33,20,37,14,30,36,45,15,50,18,61,11,19,27,56,7,10,0,53,49,34,1,25,42,9,55,58,3,57,51,62
48,62,17,49,5,53,54,39,52,57,3,44,8,58,16,19,26,6,12,20,11,4,43,9,33,61,36,0,55,51,56,35,59,47,34,60,13,31,38,45,1,29,42,10,2,27,40,30,37,15,7,41,23,21,22,24,25,28,18,63,50,14,46,32
61,43,16,3,39,54,49,36,58,18,32,42,5,34,35,27,14,11,21,50,46,4,55,8,57,6,25,29,0,2,17,62,13,23,12,63,7,52,30,9,26,59,41,1,40,53,44,48,51,22,45,38,15,56,60,28,31,24,19,33,20,47,37,10
46,63,6,59,39,54,34,58,35,7,38,60,52,51,21,53,13,4,11,37,20,56,28,29,27,33,25,32,47,50,55,1,24,43,22,19,10,3,9,42,16,49,36,40,14,26,57,15,61,44,30,8,62,0,5,48,12,41,17,2,31,23,18,45
19,59,29,33,16,21,30,50,9,57,14,61,39,20,5,15,17,32,36,63,24,22,10,2,40,26,58,43,54,18,62,48,52,56,49,3,51,12,8,42,4,34,0,37,41,6,25,47,7,46,28,1,38,55,60,35,27,11,44,23,31,53,13,45
54,16,9,17,20,1,15,28,43,57,36,48,41,42,52,33,56,49,0,26,47,61,35,62,22,19,30,50,53,34,45,7,21,13,24,14,10,63,3,58,51,44,37,29,8,6,46,60,38,27,59,40,2,18,31,11,39,25,4,12,55,23,32,5
50,58,20,9,24,54,15,11,1,25,10,53,26,27,40,49,6,13,44,37,47,8,33,3,55,17,4,28,35,32,0,14,60,22,59,7,52,29,61,48,30,18,57,62,46,5,39,63,36,31,2,45,12,56,23,21,51,42,34,16,41,19,43,38
34,4,50,31,63,46,52,45,1,30,33,57,44,42,48,27,37,58,49,9,53,43,2,59,11,51,24,0,54,36,62,15,41,20,19,5,29,17,10,21,28,38,47,25,14,60,13,8,32,55,7,35,23,61,16,22,18,56,39,26,12,3,40,6
8,40,53,36,45,28,13,41,35,9,24,18,37,15,25,11,7,42,26,49,50,1,59,51,31,2,12,52,38,20,63,58,33,30,17,27,22,43,16,32,14,4,6,21,54,61,48,29,56,57,34,44,39,46,55,3,47,60,0,10,62,23,5,19
39,56,48,46,40,36,34,47,5,15,10,27,57,6,13,7,50,19,29,37,8,32,52,23,63,28,1,43,26,38,12,53,17,11,49,3,25,45,33,30,59,18,24,44,16,2,62,61,55,20,41,31,21,22,35,0,58,14,4,60,54,42,9,51
45,30,22,27,50,41,40,13,55,3,18,24,58,16,32,31,4,12,53,48,43,35,34,2,63,8,52,51,15,20,37,42,14,23,47,10,44,9,38,61,62,19,6,33,46,60,57,11,28,54,36,17,26,59,5,56,49,0,21,39,25,29,7,1
29,3,45,18,41,26,35,49,12,47,56,40,32,27,38,6,36,44,60,25,17,2,30,22,23,43,16,24,53,37,39,28,52,9,33,59,54,20,50,34,19,8,61,48,10,57,1,15,21,62,13,4,63,55,46,14,58,0,31,51,7,11,5,42
46,47,24,49,31,34,32,42,3,11,1,16,19,17,53,54,21,20,4,22,35,9,48,26,59,57,18,33,13,52,12,58,2,23,15,30,50,5,51,14,7,6,8,40,39,41,63,62,37,0,55,10,44,38,28,27,45,61,29,43,60,25,36,56
57,0,6,43,38,28,56,31,45,40,11,9,7,24,54,3,55,48,51,12,20,42,59,8,61,60,23,1,37,18,58,22,39,49,36,10,17,4,35,46,41,44,53,47,29,2,14,16,62,19,25,13,21,52,26,34,33,63,5,27,30,32,50,15
32,27,48,11,22,38,41,42,18,52,55,40,56,16,39,19,3,4,50,49,24,30,51,44,62,63,26,5,46,35,45,54,9,17,23,28,34,13,7,2,14,20,43,37,1,15,12,29,31,21,58,59,47,10,61,33,57,36,60,25,0,53,8,6
30,9,45,17,58,55,57,15,10,27,19,18,52,16,7,41,43,63,33,28,60,23,36,14,62,24,61,2,11,6,59,35,12,34,44,50,1,42,40,4,53,26,46,48,56,20,39,54,3,47,29,25,51,21,5,32,37,8,31,22,49,38,13,0
50,22,43,7,24,40,20,28,45,42,8,31,1,47,6,5,11,52,15,58,56,30,35,41,18,39,55,26,0,3,23,33,46,4,14,32,54,29,34,12,53,27,13,63,19,9,49,57,2,36,21,48,37,51,25,62,17,10,38,16,44,60,59,61
40,38,15,1,56,16,36,2,60,22,7,3,29,51,57,62,41,14,4,49,43,26,11,24,12,10,35,13,32,6,25,44,54,21,23,27,45,18,33,31,0,39,55,34,46,5,63,48,30,59,17,37,9,53,50,47,61,52,8,20,28,42,19,58
25,41,13,0,17,61,51,47,62,29,5,39,26,35,8,24,37,3,2,49,22,57,12,31,15,63,14,20,7,52,50,27,44,10,6,32,42,38,16,21,36,23,34,56,43,30,18,55,46,53,4,59,54,19,33,45,58,9,60,28,11,40,48,1
13,32,46,34,35,17,21,29,28,36,15,19,63,6,40,59,51,7,58,52,37,23,54,5,3,24,11,44,57,45,38,25,55,27,12,42,4,18,20,0,2,22,31,30,26,53,62,8,43,61,9,16,49,60,33,1,10,48,56,41,50,47,14,39
26,37,3,13,41,31,32,8,9,33,1,7,51,15,30,20,44,42,39,55,35,60,21,52,40,14,12,24,62,47,25,27,45,48,16,17,19,4,57,43,29,22,36,28,5,61,53,11,59,23,50,10,38,2,0,34,63,18,58,56,54,49,46,6
61,22,54,3,38,37,39,36,56,20,33,28,40,46,21,31,1,18,30,51,57,55,43,4,16,47,13,15,26,17,11,53,52,59,49,50,62,23,5,19,14,12,2,6,9,7,44,25,34,27,58,0,29,41,63,35,42,48,60,8,10,45,24,32
7,26,28,1,31,20,42,8,38,5,54,35,11,53,3,32,48,59,34,12,19,56,13,46,9,37,18,6,51,17,63,33,23,4,49,43,57,41,14,27,25,58,15,44,47,55,24,0,16,39,40,52,10,21,62,22,2,36,50,60,29,61,45,30
36,28,24,33,6,59,61,31,19,1,3,42,4,41,38,7,45,8,63,62,54,56,57,12,14,23,40,55,58,17,22,34,5,18,25,47,35,44,16,60,29,11,21,37,13,10,20,32,46,51,27,52,50,43,49,2,53,39,26,48,9,15,0,30
1,12,59,4,46,44,56,37,52,2,36,5,47,38,8,35,26,63,34,21,39,41,32,62,58,42,16,3,51,45,7,15,30,55,11,19,57,22,28,20,13,24,10,17,31,61,60,23,40,9,53,14,27,18,48,49,0,50,6,29,25,33,54,43
12,14,5,15,43,46,17,60,62,51,10,27,38,20,16,22,6,7,63,11,56,40,3,19,4,0,24,29,23,18,25,47,45,31,13,30,2,32,26,59,9,42,21,36,48,1,28,39,33,57,44,50,37,58,34,53,54,52,61,55,8,35,41,49
62,57,50,6,13,11,4,60,55,52,17,39,41,40,63,33,37,3,44,42,5,31,36,47,30,46,23,48,49,27,58,1,43,38,24,56,10,14,8,53,54,9,32,2,0,20,35,22,7,25,59,28,34,26,16,45,18,12,61,29,21,51,15,19
28,37,53,31,38,44,39,23,43,41,6,1,2,11,40,7,48,8,60,52,59,51,58,26,19,50,17,9,20,10,56,49,54,15,22,46,45,36,30,42,55,34,16,18,57,61,25,0,4,47,27,13,24,63,32,62,3,33,21,14,35,29,12,5
29,8,12,41,23,28,58,45,59,31,35,27,49,10,13,9,33,61,22,43,30,7,50,44,25,53,62,34,47,39,36,54,55,60,0,63,11,52,5,3,16,17,1,14,19,24,37,21,56,32,4,48,46,6,26,57,20,42,40,38,15,51,2,18
53,12,37,48,15,42,4,5,11,20,56,40,6,44,17,36,57,31,51,21,61,3,38,52,1,47,24,58,49,29,7,25,0,39,2,10,14,18,63,54,30,45,60,26,16,19,23,28,22,34,43,50,27,46,8,41,9,13,32,33,59,62,35,55
11,60,36,34,6,38,7,33,13,23,8,43,37,22,31,21,54,39,4,62,2,16,46,48,14,12,55,44,49,0,17,42,30,29,25,24,52,19,57,47,50,53,59,63,40,9,45,15,10,1,58,18,51,56,32,41,5,27,26,61,28,3,35,20
15,31,10,58,26,37,22,29,7,50,42,30,36,21,16,63,61,18,17,24,11,27,53,1,59,8,20,52,33,0,57,39,5,23,28,34,56,35,55,3,44,54,2,47,25,6,45,62,12,46,14,48,19,38,51,4,32,9,40,41,60,43,13,49
16,57,63,32,61,17,12,53,10,28,27,29,42,54,25,52,45,30,9,50,8,2,0,13,51,41,6,4,24,35,14,38,20,46,56,33,58,62,11,47,19,18,40,21,39,60,36,31,3,59,34,23,44,43,1,26,22,55,48,49,7,15,5,37
32,18,37,40,23,9,13,42,8,28,4,34,54,46,3,16,48,59,10,6,26,51,61,55,20,31,30,5,0,47,43,17,29,35,63,57,2,39,12,27,21,25,14,41,53,24,7,56,11,52,62,45,33,1,19,38,50,15,22,49,60,36,44,58
22,3,47,33,50,45,16,51,6,49,1,8,44,5,46,29,34,4,59,21,24,26,61,52,48,58,7,30,20,55,14,25,60,53,0,28,36,15,13,27,31,37,32,62,23,42,63,18,17,56,9,43,11,57,41,12,38,54,2,35,39,10,19,40
19,38,5,8,23,56,58,47,49,42,60,11,30,52,1,48,25,26,4,35,15,9,53,44,29,31,34,7,46,2,41,13,36,12,62,55,32,21,63,6,24,17,39,27,0,37,51,54,45,57,22,40,43,16,28,18,14,3,59,50,20,61,10,33
19,21,55,24,54,56,40,28,30,42,43,0,31,36,23,57,9,8,16,1,7,14,33,41,60,58,12,51,53,39,2,47,29,4,38,61,18,37,35,50,49,48,11,52,22,59,13,6,62,3,34,17,63,32,10,26,15,25,20,45,44,5,46,27
51,16,52,46,54,62,13,49,19,50,3,59,14,32,0,60,28,55,24,9,1,2,21,53,35,6,37,30,10,4,15,41,33,56,38,22,48,47,63,42,57,40,45,7,17,39,18,23,27,5,36,25,26,8,11,20,31,12,29,34,61,58,44,43
54,29,26,31,32,19,53,20,37,25,52,49,24,36,44,28,41,30,16,58,34,43,61,60,33,27,51,47,62,3,5,45,4,38,15,6,35,23,10,2,12,14,50,22,39,17,40,21,0,56,46,1,42,48,7,18,55,59,63,11,8,13,9,57
42,60,50,16,30,13,37,39,49,43,57,10,6,27,20,2,22,32,7,3,51,56,26,31,21,38,55,41,19,59,53,40,33,29,11,52,4,24,8,62,34,17,23,44,9,28,12,54,47,58,61,18,46,35,63,36,45,5,48,14,0,25,15,1
15,20,63,38,28,40,11,17,6,27,12,21,35,42,16,36,24,55,59,23,45,56,60,3,0,51,58,54,61,52,53,31,29,46,18,8,10,34,32,14,37,43,1,25,33,13,48,9,39,4,47,50,26,19,49,30,22,7,41,44,5,57,2,62
14,11,4,33,32,12,16,28,51,52,60,18,9,7,29,55,46,8,53,61,23,31,37,22,43,21,48,39,38,44,58,34,40,20,42,24,41,62,25,10,17,47,56,49,19,13,26,57,27,6,3,45,1,0,35,5,54,30,2,36,50,63,59,15
25,15,49,18,42,14,33,17,37,60,10,7,36,22,46,50,29,1,41,61,43,3,38,20,24,9,26,8,11,40,2,31,54,4,57,58,56,23,5,53,45,59,55,47,34,63,35,16,0,32,51,6,44,62,39,28,30,21,13,12,19,48,27,52
42,44,4,46,26,34,49,55,24,47,3,10,16,11,25,8,1,37,17,30,60,28,14,9,0,7,5,48,53,57,61,39,50,21,51,52,31,15,13,40,54,6,38,45,35,29,59,43,19,2,27,56,12,63,41,62,18,22,23,33,36,20,58,32
51,48,56,49,20,42,45,3,8,55,50,30,2,5,59,31,10,24,37,58,52,12,36,33,35,23,29,54,61,14,0,41,62,4,43,57,7,46,19,17,28,18,21,25,15,60,53,63,11,9,13,47,26,40,39,34,32,16,22,1,6,38,27,44
40,30,29,42,59,14,32,60,1,45,35,10,36,16,61,44,19,54,52,31,33,3,38,48,56,4,62,18,27,24,28,17,26,57,55,49,51,53,41,11,47,50,15,22,23,25,0,43,39,21,63,13,6,58,2,12,37,34,5,9,20,8,46,7
41,51,0,18,29,61,23,8,21,59,19,15,27,43,1,5,35,45,12,52,6,53,20,38,30,48,24,44,28,7,47,36,33,62,11,60,16,3,37,14,10,50,57,25,31,13,26,58,63,2,39,49,17,40,42,56,46,22,54,4,55,34,9,32
20,2,46,49,47,13,33,31,34,38,17,8,52,59,51,45,14,10,63,37,3,5,36,44,19,21,22,12,29,23,61,41,55,18,58,7,42,50,48,6,1,56,54,16,9,57,26,35,0,40,43,62,11,4,28,25,39,15,32,53,27,24,30,60
54,27,42,8,31,16,17,39,47,11,52,55,53,48,40,4,43,35,3,6,7,37,45,62,22,33,1,59,28,44,23,0,5,56,36,49,20,24,46,18,38,50,30,25,19,60,13,29,26,63,9,14,12,21,34,58,10,2,41,57,15,51,32,61
56,35,60,9,8,30,38,61,52,53,41,23,42,16,20,49,21,28,27,36,48,12,50,0,26,15,3,43,33,45,7,54,63,24,37,14,44,40,18,11,62,19,31,58,25,5,10,2,32,17,34,59,13,51,4,1,39,29,55,6,57,46,22,47
53,45,55,24,19,50,30,11,22,59,3,6,4,10,20,62,49,29,48,17,21,23,56,39,14,61,42,43,16,58,63,34,35,15,37,13,8,27,36,44,1,38,9,18,28,40,7,0,25,54,26,32,12,57,52,5,2,60,41,51,46,33,31,47
33,10,29,9,53,49,36,30,13,57,17,45,20,41,5,38,56,59,6,28,15,25,2,0,50,46,1,23,32,61,4,51,35,22,48,8,24,12,27,34,16,47,63,21,7,37,19,39,54,52,60,3,26,11,55,14,44,43,58,18,40,31,62,42
38,46,19,14,21,11,50,4,56,47,43,37,5,51,23,31,17,10,32,13,25,58,55,15,20,52,48,6,34,35,1,53,42,18,0,41,62,3,36,2,57,8,59,27,16,28,26,44,63,12,22,9,29,61,40,60,49,33,54,39,30,45,7,24
63,54,26,0,9,62,48,6,46,25,53,3,24,34,12,50,23,28,4,55,30,36,16,10,27,52,29,8,5,61,20,45,7,11,37,42,17,13,43,49,56,40,47,59,15,32,22,1,57,14,21,19,58,51,38,39,60,41,35,31,2,18,33,44
0,61,7,37,51,40,9,50,29,11,43,14,60,54,49,5,42,1,8,44,30,12,17,46,38,39,2,53,22,32,21,13,23,3,55,58,52,6,47,34,25,26,48,56,10,28,15,33,35,45,36,59,62,24,18,63,4,27,19,31,20,16,41,57
20,0,14,61,43,23,56,51,36,6,11,47,54,52,32,19,1,25,16,7,13,39,41,31,53,9,21,44,5,27,37,46,60,49,57,3,59,28,58,26,29,48,62,40,15,8,10,33,30,63,4,38,17,35,22,55,2,50,12,24,42,45,18,34
9,34,7,40,25,43,50,62,6,26,28,37,56,33,8,57,11,53,42,49,27,16,63,23,48,18,19,22,38,60,45,52,17,12,54,13,51,46,24,44,2,31,55,0,15,1,4,14,30,59,3,5,32,36,39,41,58,20,47,21,10,29,35,61
57,16,9,32,30,45,2,37,3,4,52,14,36,26,34,19,38,33,53,18,15,28,51,27,42,24,50,40,47,41,7,44,46,8,21,1,49,17,48,22,5,43,62,13,59,10,56,20,61,6,60,29,31,63,55,12,58,54,35,39,11,0,23,25
43,2,3,33,11,9,39,30,5,26,19,4,55,17,46,38,18,54,58,37,16,7,12,31,42,53,59,24,25,61,20,15,51,13,21,49,57,23,32,10,36,22,0,44,27,52,41,63,29,1,56,48,28,40,35,8,62,60,50,14,47,6,45,34
54,53,24,10,57,37,1,2,39,15,26,27,33,47,43,34,44,5,30,36,6,17,49,29,21,63,3,25,23,40,32,60,14,16,7,55,18,31,51,58,46,35,0,42,59,22,41,8,56,4,45,9,28,50,12,20,48,38,11,62,52,13,61,19
35,19,56,47,54,30,53,18,11,37,52,61,45,49,34,9,40,63,36,32,6,7,20,57,21,13,16,3,42,51,2,10,8,12,50,33,1,28,0,46,58,59,41,17,27,55,43,24,38,22,26,39,25,4,23,62,29,44,5,60,48,14,31,15
44,34,61,47,36,59,39,18,48,12,50,51,16,5,8,30,60,13,1,26,6,53,28,9,45,58,21,22,0,63,17,33,43,3,62,42,49,15,4,57,27,40,37,10,38,11,19,20,52,7,2,14,32,41,35,23,54,56,24,25,29,55,46,31
32,0,8,61,10,58,49,17,31,21,4,40,47,2,23,36,28,51,54,53,5,60,11,50,1,45,37,39,59,44,3,15,55,12,25,57,20,34,41,56,7,35,30,52,14,6,9,18,24,13,63,33,62,43,22,46,16,29,38,26,27,48,19,42
19,29,63,7,62,60,25,21,16,26,31,10,14,37,54,24,18,11,51,33,5,38,56,17,41,42,49,12,40,22,39,58,20,8,43,4,0,44,61,55,34,1,32,9,30,50,6,45,15,46,23,28,27,2,47,3,35,57,48,59,53,13,36,52
27,2,43,41,4,28,23,17,53,1,21,31,33,13,26,35,49,55,29,61,12,59,36,52,10,20,22,50,16,0,24,58,54,45,44,14,48,18,42,7,47,39,25,60,46,30,57,15,63,11,56,19,51,9,34,40,8,38,37,32,62,5,6,3
15,44,54,6,29,42,56,45,22,27,24,35,48,20,60,5,53,62,47,55,46,13,0,36,30,59,32,11,50,7,33,14,31,28,58,57,49,37,9,2,26,17,40,16,4,23,25,18,12,34,21,39,41,61,1,63,3,38,51,10,8,43,19,52
44,16,6,3,20,25,21,1,36,54,5,33,11,43,58,50,60,28,32,45,48,18,59,39,27,10,7,62,51,30,4,2,52,63,26,34,9,29,24,55,17,14,46,12,15,31,38,57,56,47,53,19,49,40,0,13,8,37,42,41,35,23,22,61
35,52,60,21,40,7,53,39,4,48,62,51,36,34,59,3,50,61,19,37,27,15,58,25,46,14,2,43,47,42,56,49,17,9,16,63,33,32,11,0,55,28,23,8,30,54,26,24,18,41,38,12,22,6,5,31,29,45,20,1,10,44,13,57
6,37,4,39,22,10,47,12,19,25,31,53,27,30,24,46,40,5,29,17,49,43,55,15,51,16,44,42,7,60,11,63,48,45,20,23,26,34,28,59,9,50,0,3,35,56,52,1,38,21,61,62,36,2,54,18,58,32,41,33,57,8,13,14
61,49,41,10,46,33,50,16,48,45,26,32,52,24,17,44,8,40,28,58,9,18,53,4,11,21,5,0,1,3,25,43,23,63,59,37,27,47,56,42,14,34,36,2,12,7,57,29,62,51,60,19,55,39,13,38,6,15,31,35,30,54,20,22
22,62,59,30,63,48,23,61,56,0,34,50,15,32,20,45,58,54,36,49,9,43,46,52,47,1,28,51,19,24,35,8,13,38,12,41,27,55,2,33,44,26,14,10,7,37,40,3,39,31,21,42,16,29,5,4,17,25,57,60,11,6,53,18
12,30,60,1,22,32,10,44,14,33,26,48,5,4,13,28,20,55,15,18,23,17,39,16,49,29,25,11,0,24,50,58,31,35,45,2,56,42,51,38,6,8,63,36,47,21,9,53,46,40,7,62,27,34,59,37,41,54,43,61,3,19,57,52
57,62,1,31,4,14,25,43,28,53,9,16,40,30,21,51,17,0,34,48,59,45,2,60,3,33,29,35,5,22,41,32,61,42,11,63,47,18,55,39,54,10,52,56,50,12,8,24,7,13,6,19,15,20,58,38,27,23,44,26,36,37,46,49
30,23,54,49,32,12,62,50,1,34,47,3,18,2,41,17,31,25,40,9,56,63,57,29,53,4,16,0,11,21,45,27,8,42,38,36,15,22,19,7,5,33,60,51,52,6,35,26,24,14,43,59,61,44,13,20,46,10,55,48,39,58,37,28
5,50,53,10,37,2,17,49,23,36,56,25,3,34,51,42,44,18,61,38,41,27,26,47,40,48,39,19,11,52,33,32,31,22,1,46,35,7,0,63,16,55,60,43,14,12,45,54,6,62,28,20,30,57,9,8,21,24,59,4,29,13,58,15
27,54,9,12,14,37,8,46,23,41,29,2,50,59,58,11,28,52,18,16,31,20,47,62,39,57,33,15,30,55,24,61,25,19,22,35,5,40,63,4,21,13,56,6,0,51,43,48,44,17,26,7,60,53,38,1,34,3,42,45,49,10,36,32
26,46,25,44,23,1,47,29,59,15,38,16,7,40,32,24,17,11,55,4,20,30,62,34,37,3,43,31,57,2,54,33,0,27,8,6,60,36,51,22,52,61,42,5,53,63,28,12,39,14,9,18,21,56,45,13,48,49,10,19,50,41,35,58
55,59,8,9,12,15,0,14,35,41,16,5,60,43,54,50,11,26,4,7,21,23,17,49,2,57,48,37,6,22,52,58,39,45,47,61,44,36,38,31,46,32,20,33,29,62,10,18,1,63,19,24,56,42,34,51,13,30,53,40,27,3,28,25
3,43,37,22,24,47,58,53,0,33,32,39,50,11,31,12,10,40,8,57,36,6,48,44,14,61,62,52,46,23,19,38,18,5,7,15,20,55,30,26,41,25,35,28,49,4,2,27,29,17,63,56,34,59,16,21,45,9,54,42,13,1,60,51
29,10,56,47,3,0,20,8,16,5,49,38,28,51,1,4,15,59,7,2,21,23,63,11,43,14,40,52,57,30,17,6,61,58,25,12,13,26,39,45,55,54,19,42,33,24,32,62,44,41,50,36,46,22,53,35,9,27,48,37,34,18,31,60
14,27,56,62,17,63,18,42,38,57,0,21,40,29,35,19,9,39,46,34,51,10,53,50,2,4,45,12,24,25,13,30,26,20,60,58,49,1,31,8,11,28,41,7,5,6,47,44,15,52,23,55,22,16,61,33,59,3,32,36,48,54,43,37
9,4,21,10,11,44,41,55,57,50,33,37,18,12,13,24,8,22,52,29,51,46,56,60,61,28,48,53,40,1,47,15,36,17,0,43,58,7,42,2,32,30,59,63,23,16,54,3,14,6,34,25,49,26,5,19,27,39,20,35,38,31,45,62
19,28,29,38,60,34,33,39,3,25,40,32,55,20,8,4,52,37,54,14,43,16,18,56,30,41,23,15,35,47,24,22,46,42,51,49,61,63,9,62,27,2,53,36,0,58,31,17,26,44,11,21,13,50,48,5,7,10,45,57,1,59,6,12
45,28,1,6,24,53,60,37,59,13,29,36,16,21,48,61,51,22,40,25,35,8,50,2,17,46,9,23,41,43,38,52,31,3,32,62,4,27,30,58,14,42,63,47,12,44,56,10,7,0,49,19,33,5,54,39,11,20,55,34,18,15,26,57
47,60,20,39,63,21,62,17,54,6,0,13,1,55,34,15,56,4,52,38,36,12,32,2,5,3,22,53,7,28,26,24,49,33,57,8,45,37,58,19,31,61,9,43,25,35,30,59,40,46,23,42,29,27,16,14,10,51,50,48,44,41,18,11
17,57,23,14,63,39,38,31,26,10,58,50,1,5,2,28,60,51,32,59,0,45,33,8,49,46,18,6,12,42,15,48,47,19,40,24,9,44,29,36,35,7,21,52,13,62,16,53,34,11,54,27,41,3,61,25,22,4,55,30,37,20,43,56
14,30,22,40,17,51,61,57,49,11,44,55,27,39,0,33,8,18,3,37,34,5,24,15,23,42,12,31,60,4,26,29,25,58,54,2,19,7,38,13,50,35,62,21,46,52,41,43,36,6,20,63,53,56,9,1,32,45,48,47,16,10,59,28
62,63,38,9,14,46,60,44,39,49,23,2,54,3,15,36,56,25,52,21,35,10,0,57,47,33,8,27,24,34,37,43,29,13,59,31,55,5,4,61,41,32,50,19,48,7,51,26,12,20,30,11,58,1,18,45,16,40,53,17,28,6,22,42
46,14,29,63,56,23,33,47,28,49,27,55,12,17,11,8,30,57,7,10,37,62,44,9,5,19,48,25,16,34,21,40,60,3,43,26,6,31,15,13,61,2,0,22,54,38,52,18,58,4,20,59,41,1,50,51,35,45,32,53,39,24,42,36
17,49,40,10,11,43,13,37,16,44,4,53,27,34,41,35,2,7,18,24,31,26,52,14,55,47,25,28,19,42,30,63,33,9,51,38,56,48,50,5,1,61,32,3,46,23,12,0,54,20,45,29,22,8,39,36,21,6,57,59,62,60,58,15
34,56,49,3,61,46,62,16,36,22,33,38,25,14,52,20,17,19,9,48,7,41,13,44,57,27,55,10,58,40,54,21,26,30,32,39,5,0,23,63,4,51,42,28,6,45,12,43,1,35,2,11,59,15,29,50,8,18,37,60,53,31,24,47
53,28,61,6,5,0,2,60,41,27,59,39,24,49,10,58,20,8,47,19,25,51,43,16,26,12,63,3,46,17,44,52,42,33,21,11,40,18,32,9,4,7,15,45,1,22,57,55,48,38,30,56,35,14,31,54,29,34,23,62,37,13,36,50
14,49,27,19,50,39,37,18,32,47,5,22,55,41,0,13,7,51,26,24,6,33,60,44,31,59,45,34,28,20,57,30,17,3,54,61,53,11,46,10,43,4,12,23,52,1,15,42,35,58,62,36,21,38,48,9,63,16,8,25,29,56,40,2
26,14,15,45,60,46,62,17,43,53,39,44,12,40,5,49,6,16,18,19,28,20,51,48,7,52,61,1,2,10,63,35,54,8,13,31,30,50,37,0,56,59,25,22,42,11,41,32,47,9,34,3,38,55,58,33,24,57,21,27,4,36,23,29
25,15,16,38,62,18,51,50,55,14,33,36,35,5,23,4,54,10,45,30,31,58,61,32,24,28,57,56,22,53,27,63,52,19,42,17,3,40,13,44,49,29,7,43,12,59,47,46,39,11,0,2,1,37,41,20,34,48,8,60,21,9,26,6
24,26,5,30,10,49,51,0,38,58,40,36,53,44,2,54,61,4,39,13,45,37,62,47,63,6,48,43,22,31,15,42,55,29,7,12,60,11,25,18,19,57,28,1,8,14,33,3,20,34,32,21,17,9,59,27,46,56,35,52,23,50,16,41
3,42,34,54,53,36,59,33,57,47,15,32,10,39,37,26,20,55,51,45,14,48,17,8,40,52,1,28,23,6,19,56,22,24,62,31,46,60,29,18,50,5,9,27,63,38,12,4,49,61,16,2,58,41,21,7,35,25,13,44,11,43,0,30
63,61,9,37,54,33,56,38,35,24,3,42,14,17,6,44,27,4,50,8,62,52,25,18,45,11,23,15,12,10,49,47,1,58,21,59,39,16,29,51,19,53,40,22,0,20,48,57,2,46,26,31,34,30,28,43,13,7,32,60,5,41,55,36
0,34,2,55,4,12,43,22,36,53,40,42,19,44,28,5,62,7,32,17,51,6,41,26,50,1,23,35,60,61,47,58,15,29,24,59,30,3,38,45,20,31,39,56,48,52,18,10,8,46,25,63,27,16,14,9,37,57,13,11,54,33,49,21
15,16,5,58,4,11,55,38,30,12,45,44,10,31,62,25,24,14,22,57,53,40,17,33,23,36,3,49,9,54,60,1,63,29,34,0,37,8,7,41,50,46,52,26,13,32,42,19,6,28,21,27,61,43,59,20,18,39,51,47,48,2,35,56
7,19,39,42,38,8,54,49,0,59,26,24,3,18,1,63,43,30,14,27,6,56,57,13,45,31,21,2,17,52,60,58,46,16,41,20,15,28,22,23,36,29,61,10,44,50,51,47,9,33,62,32,5,55,53,40,25,48,12,34,35,11,4,37
48,1,53,21,8,15,46,50,32,29,47,60,57,26,40,34,19,33,39,58,61,41,6,30,55,5,62,59,12,37,23,54,63,45,2,38,18,36,35,16,49,51,44,4,31,28,43,9,42,17,22,0,20,7,27,10,14,52,24,13,25,3,11,56
13,28,18,54,6,7,39,43,48,50,15,19,25,36,41,40,9,8,56,46,32,17,14,5,16,3,1,53,38,23,29,42,20,60,45,47,30,37,24,21,27,52,12,63,10,59,58,22,51,57,44,11,35,62,55,0,4,26,2,33,31,49,34,61
40,15,51,11,5,28,46,8,10,21,25,42,44,12,48,24,47,55,57,4,30,60,14,61,7,56,17,13,31,36,6,29,26,50,59,63,22,33,41,62,20,58,23,52,53,16,19,45,43,3,1,35,9,32,34,54,38,18,0,49,2,39,27,37
3,21,28,57,52,46,45,63,6,58,53,9,23,24,39,42,36,38,17,18,25,32,60,55,16,1,2,56,13,11,51,27,41,22,4,49,5,50,14,61,48,33,34,10,59,20,35,7,12,37,44,40,31,54,26,43,0,15,29,30,47,62,19,8
57,11,7,52,37,9,10,4,53,28,27,5,16,31,58,3,15,19,12,13,34,26,2,60,36,56,63,44,17,1,43,25,30,32,40,41,49,21,55,8,6,24,42,46,20,61,14,38,35,29,33,51,22,18,54,0,50,47,48,59,23,62,45,39
53,12,40,39,43,22,63,2,51,18,31,19,41,50,34,17,11,52,13,23,7,0,20,60,27,47,42,37,6,10,55,29,45,9,3,33,57,54,35,48,44,14,15,59,21,61,5,30,38,28,16,32,8,26,24,25,49,46,62,1,56,36,58,4
12,28,49,13,5,55,53,1,62,10,24,9,41,63,14,25,50,0,61,48,43,46,57,54,38,19,34,23,6,52,40,11,47,58,60,36,2,32,7,59,31,45,30,3,22,56,51,37,44,20,42,39,35,8,21,27,29,16,15,17,18,4,33,26
30,38,60,15,21,29,24,41,23,59,16,1,52,51,35,13,55,49,8,9,28,34,10,56,0,7,17,50,54,5,22,12,47,48,4,3,27,57,63,32,46,36,33,45,11,44,14,42,40,62,53,20,18,37,6,39,2,58,26,19,61,25,31,43
55,5,43,38,54,36,13,32,48,51,3,4,22,61,47,31,28,16,18,6,37,24,23,56,20,44,45,50,15,62,33,14,7,58,42,53,35,8,46,1,49,63,30,39,26,60,12,27,10,21,40,25,29,11,0,41,59,17,19,34,52,57,2,9
45,35,43,19,50,2,44,27,4,12,7,39,49,10,37,63,54,3,29,0,20,23,38,15,17,21,36,52,24,13,31,14,53,58,48,22,34,5,18,1,46,57,16,6,40,55,41,30,9,26,61,32,8,62,51,42,56,60,28,47,33,59,11,25
1,61,15,60,54,36,50,58,3,43,32,47,33,24,55,14,46,10,62,30,17,29,31,16,56,59,11,49,18,6,52,45,37,57,25,8,9,26,38,41,48,5,12,44,0,2,39,40,7,51,19,35,13,28,27,63,22,20,23,42,34,53,21,4
45,19,53,37,18,24,22,47,28,12,56,23,1,9,4,41,54,11,21,44,40,5,7,52,46,61,31,30,42,29,43,55,20,39,62,60,27,14,51,3,6,13,63,17,32,59,36,25,16,8,49,2,57,58,50,34,33,48,0,35,38,10,15,26
28,51,48,31,29,21,25,57,7,43,24,12,8,9,13,35,58,5,63,50,62,22,4,38,42,16,60,32,20,2,19,59,10,53,45,30,0,17,52,3,54,55,40,47,27,1,49,39,6,37,23,26,56,36,61,41,11,33,15,34,18,14,46,44
11,31,10,6,4,3,2,62,29,41,46,22,58,21,43,34,56,18,52,33,54,38,26,51,39,37,12,1,32,14,55,30,49,35,36,40,27,50,59,7,19,17,9,63,13,25,61,8,20,24,44,42,0,57,23,16,15,53,60,28,48,47,5,45
20,30,57,52,7,22,19,26,28,12,34,37,46,13,0,38,42,44,5,49,54,62,23,25,24,3,47,14,31,11,36,50,61,10,53,43,18,41,55,35,58,33,9,4,16,15,63,2,40,6,60,32,45,17,56,51,29,21,1,39,48,27,8,59
0,36,50,29,15,47,41,52,22,56,34,55,14,26,20,28,31,63,13,60,7,2,12,24,33,19,58,39,43,57,5,9,37,30,62,32,6,54,40,16,18,48,11,53,45,3,1,38,61,35,59,25,46,42,49,23,17,51,4,44,27,8,21,10
60,56,62,63,22,25,35,49,12,10,52,32,43,4,17,24,7,59,3,48,39,54,5,41,58,13,28,27,6,45,9,29,1,46,2,30,40,18,53,23,55,11,34,16,26,14,57,21,8,19,38,42,51,44,50,61,33,47,15,20,0,36,37,31
34,41,20,12,59,21,48,28,9,40,39,37,27,10,15,38,31,17,49,44,42,7,22,13,43,23,2,63,18,57,56,46,25,6,16,5,35,29,0,55,14,52,1,53,4,3,33,45,50,58,26,36,8,11,62,51,60,32,19,47,30,24,54,61
43,9,25,59,42,29,35,49,53,34,30,19,18,44,46,5,33,54,38,60,57,55,26,50,32,23,62,52,13,40,24,41,17,6,14,61,51,7,56,58,20,36,39,16,0,21,22,37,47,4,45,3,2,10,12,63,1,11,27,28,31,8,15,48
35,28,63,51,6,30,13,26,53,37,1,27,11,38,45,8,25,43,9,46,10,23,44,15,36,54,4,29,39,21,22,0,18,33,32,52,56,16,50,59,3,49,41,62,34,19,55,48,7,42,61,57,5,31,60,12,24,47,17,40,14,58,20,2
32,36,55,1,40,20,0,23,17,3,47,7,12,35,46,53,39,51,19,59,38,27,60,22,54,57,48,25,8,2,4,58,61,33,6,43,15,42,41,63,62,21,49,16,44,9,29,26,56,45,31,34,11,24,10,52,28,5,13,14,18,50,30,37
16,50,47,63,36,2,51,43,57,54,33,9,55,28,17,42,14,39,5,41,53,46,35,25,26,23,20,15,32,0,7,11,27,22,10,38,24,1,45,52,40,3,18,31,48,6,8,30,49,56,12,62,61,58,60,21,19,59,37,29,13,4,44,34
8,17,51,20,1,22,54,18,21,23,40,24,13,57,58,16,36,44,3,15,19,50,34,61,6,52,45,14,2,29,0,49,28,41,11,4,5,10,33,38,55,39,32,12,27,9,25,53,63,46,60,7,47,42,26,43,59,56,48,37,35,31,30,62
57,17,24,10,20,56,51,63,43,48,52,33,22,58,54,40,19,9,35,53,7,11,49,36,39,0,59,31,2,28,50,62,60,38,45,32,30,42,55,41,47,34,23,5,25,13,16,26,14,15,46,37,6,29,4,27,21,44,12,8,1,61,3,18
46,26,59,4,13,18,34,47,32,12,16,49,53,50,27,58,0,44,25,55,42,61,45,7,1,9,51,5,2,39,28,36,62,15,35,63,33,52,30,8,21,29,37,56,17,23,11,24,14,6,60,40,31,48,19,10,57,43,22,38,3,20,41,54
6,30,48,31,33,11,14,5,17,63,38,16,59,18,56,57,50,51,44,3,46,45,43,49,42,24,9,28,61,41,13,19,47,8,0,27,58,37,35,2,15,7,34,40,25,32,55,26,54,60,1,21,36,53,29,10,62,12,20,22,4,39,23,52
54,20,57,40,35,0,31,1,58,6,22,10,41,26,42,51,21,14,53,5,47,2,39,63,49,18,45,4,11,27,44,61,52,33,24,46,29,3,7,9,37,34,48,17,60,50,12,23,16,38,55,56,25,28,15,62,19,59,36,32,8,43,13,30
36,29,24,27,11,48,52,59,49,7,35,44,20,6,14,33,4,57,58,40,46,56,55,9,42,50,21,30,13,2,54,23,34,22,60,1,3,16,53,51,37,12,32,0,45,28,62,47,31,15,10,19,43,26,63,5,18,61,17,39,38,8,41,25
45,0,14,1,43,12,38,54,31,49,32,62,10,36,29,59,28,19,52,37,13,4,46,40,15,50,58,44,25,16,60,27,8,51,33,57,17,56,48,18,47,9,3,61,39,26,63,20,24,42,30,21,6,53,35,41,34,23,11,22,2,5,7,55
2,26,29,7,45,33,13,22,28,36,42,12,10,30,44,4,32,56,24,15,48,6,3,25,60,39,21,57,47,19,43,23,34,27,8,20,51,53,49,61,46,17,50,35,41,31,38,9,59,5,54,1,18,16,37,14,11,52,40,58,55,62,0,63
2,56,14,37,34,61,16,41,38,57,51,28,15,48,30,32,27,11,8,12,35,13,55,43,50,42,23,22,33,31,5,1,47,24,58,40,19,0,17,52,25,18,21,3,39,20,54,45,53,46,10,44,49,7,4,63,9,62,26,36,6,60,29,59
56,31,62,50,51,41,40,58,35,29,32,34,52,55,16,30,18,19,8,38,13,23,22,5,4,44,46,53,61,3,17,57,25,63,10,60,36,33,59,49,45,11,43,7,0,37,21,39,6,2,54,20,1,47,28,9,27,42,48,14,15,26,12,24
9,23,30,26,56,3,39,47,38,5,17,20,51,46,36,1,16,59,4,12,6,49,19,33,27,54,29,11,34,28,43,32,21,37,61,22,35,52,55,57,8,44,60,18,0,10,42,45,41,58,48,25,24,15,63,31,13,62,53,7,2,14,40,50
47,14,7,50,12,13,45,27,52,21,6,58,22,3,54,17,42,39,30,31,59,49,41,63,24,46,60,10,56,48,53,20,55,23,40,61,0,1,36,43,9,2,15,33,8,62,32,38,16,37,26,29,28,19,11,51,25,57,35,44,34,4,18,5
31,33,4,22,35,61,43,32,20,45,54,21,17,37,62,6,19,18,2,3,41,53,8,59,50,47,34,55,30,13,57,44,7,16,12,23,10,25,48,1,40,27,36,39,60,26,15,46,56,0,38,29,51,63,49,52,9,5,28,42,11,24,58,14
37,58,55,56,61,36,22,41,18,29,46,63,19,51,9,23,4,34,0,49,21,28,38,54,1,60,45,32,10,15,24,31,8,59,62,20,2,47,6,33,12,14,50,42,7,11,5,48,43,25,53,27,16,17,39,35,40,30,52,13,44,57,3,26
44,50,36,23,22,58,34,33,42,3,15,54,53,39,14,60,0,46,40,57,1,47,41,61,48,37,20,62,28,35,16,55,5,49,45,51,29,17,38,43,24,32,10,9,4,27,56,13,25,18,26,6,7,52,2,30,59,12,19,8,21,63,31,11
55,11,20,12,43,13,47,57,28,15,32,4,17,60,1,39,58,29,31,35,21,42,22,61,59,3,44,54,45,19,62,24,16,9,50,40,63,25,10,23,37,38,14,0,41,33,27,49,2,36,30,26,46,48,53,8,6,51,5,56,18,7,52,34
42,27,41,54,39,53,3,22,48,15,28,62,63,11,1,0,6,37,5,23,16,20,26,34,13,12,57,45,29,49,58,40,10,47,51,2,33,32,14,44,55,43,35,25,30,61,60,50,56,46,52,19,17,31,59,24,9,18,4,36,7,21,38,8
63,51,24,20,52,19,7,27,40,28,57,50,42,31,53,9,0,44,13,61,45,38,55,14,39,23,34,59,25,22,11,37,35,1,5,62,26,2,15,18,6,17,3,41,47,43,8,36,32,30,4,12,54,21,46,10,58,33,48,60,49,29,16,56
12,17,4,3,51,13,43,49,19,34,40,31,6,36,54,46,2,35,37,23,28,20,60,16,53,26,42,11,41,52,39,27,55,14,22,21,32,38,47,5,0,8,50,10,15,45,63,30,48,44,59,33,9,29,1,56,24,57,18,25,61,62,58,7
1,49,51,16,56,14,5,35,8,23,13,21,60,6,45,10,29,28,34,24,40,58,53,39,43,26,7,42,59,54,48,3,11,27,46,19,52,41,44,12,37,30,31,36,17,62,9,47,22,55,32,4,38,0,2,15,25,20,63,57,61,33,18,50
47,27,26,43,9,20,45,28,54,3,32,46,8,1,25,17,15,24,7,4,30,48,38,41,34,13,19,61,16,5,21,37,31,11,58,33,39,56,62,6,51,57,2,0,35,60,63,36,18,10,23,55,59,29,14,44,40,22,52,53,12,42,50,49
60,11,53,9,63,18,62,56,58,49,21,17,47,39,44,8,6,35,5,7,46,23,38,22,45,1,24,41,57,26,19,32,48,36,52,61,27,15,31,50,42,37,28,14,16,10,13,40,51,33,2,29,59,4,55,3,54,12,34,25,43,20,30,0
36,1,6,32,13,44,48,39,14,24,42,3,28,46,20,60,25,26,35,18,2,8,55,34,10,33,11,9,15,58,4,59,52,49,22,23,47,61,17,7,12,50,27,37,56,43,16,5,38,19,29,40,51,63,53,54,57,41,31,0,45,21,30,62
26,16,30,51,63,61,44,57,52,58,46,19,14,39,53,7,42,56,35,43,36,41,4,0,37,38,29,28,20,12,59,60,17,15,25,50,9,55,47,5,62,1,23,34,32,13,33,45,31,2,21,6,8,3,18,54,22,10,40,11,48,24,49,27
53,12,15,60,5,50,63,7,36,18,58,38,62,30,23,16,40,11,49,31,57,39,25,3,34,1,21,46,52,19,42,24,59,47,54,45,48,6,43,37,41,10,9,14,0,29,8,4,17,32,20,27,26,22,61,55,33,56,35,51,28,13,44,2
5,26,55,8,22,3,49,15,4,57,59,39,21,35,19,43,51,24,44,0,30,60,31,6,33,13,18,17,50,23,53,16,1,12,61,41,52,34,2,47,36,54,10,9,32,56,38,29,40,28,63,37,62,11,25,48,20,58,7,14,46,27,42,45
51,27,7,15,23,52,2,57,46,19,50,59,29,42,22,4,18,58,28,49,26,55,48,37,35,14,25,34,36,60,38,31,61,53,8,21,30,5,11,1,20,12,9,13,62,6,40,33,41,45,24,43,56,0,39,16,47,44,17,32,63,54,10,3
39,23,12,47,49,45,25,59,17,15,24,35,16,34,3,29,4,33,36,0,31,5,58,7,1,61,43,28,55,57,63,46,38,50,60,37,10,62,54,53,8,30,40,52,51,42,18,26,14,44,6,48,19,56,41,11,13,27,2,20,21,9,32,22
41,50,31,9,20,29,15,2,11,0,56,7,36,3,13,6,27,42,12,57,61,16,51,52,62,34,14,18,38,8,45,10,4,43,48,53,58,54,21,26,35,40,19,24,28,32,1,59,44,30,5,60,33,47,17,46,23,22,63,37,55,39,25,49
40,19,31,62,10,28,15,47,24,50,54,7,44,13,63,51,29,35,1,12,59,41,45,23,46,34,38,27,9,17,5,58,39,3,56,48,52,18,6,53,14,22,49,20,2,33,16,55,42,37,4,21,61,60,0,26,8,25,36,43,30,57,11,32
44,45,8,19,7,52,18,17,32,26,30,53,28,54,22,10,16,13,49,36,47,15,43,6,21,35,1,37,39,0,56,27,48,9,50,61,40,11,20,3,25,46,59,57,60,4,24,55,23,33,63,38,41,5,29,12,2,51,58,14,62,42,34,31
41,22,3,4,12,10,52,40,14,50,32,27,42,15,38,63,23,51,33,25,29,6,19,37,57,43,24,20,7,35,8,17,36,56,61,31,11,54,28,58,21,55,5,60,47,59,62,46,18,53,0,30,2,34,16,1,39,9,49,26,45,48,13,44
39,21,20,43,24,37,60,17,32,53,40,0,33,5,61,13,28,35,19,14,10,26,48,44,2,1,49,16,62,29,38,52,54,46,50,30,11,47,3,59,51,42,55,4,57,9,25,23,18,12,22,31,56,41,45,7,36,8,58,6,15,27,34,63
56,11,34,39,60,36,45,38,41,53,44,48,27,57,54,61,28,63,35,14,33,3,13,23,24,55,62,51,22,31,40,5,20,7,50,19,52,4,25,29,58,26,17,21,30,2,42,32,47,0,1,59,15,49,46,10,43,16,18,9,12,37,6,8
7,26,52,13,42,11,44,32,51,38,59,60,41,4,30,28,62,33,8,48,50,37,55,57,18,6,31,3,17,29,1,39,15,27,14,61,53,5,47,2,36,58,22,35,63,20,54,0,19,40,24,43,46,16,21,10,45,34,23,56,12,25,9,49
3,28,18,60,45,38,61,32,42,20,52,1,19,25,43,62,15,17,29,21,10,14,6,31,9,35,40,56,39,13,36,4,48,8,59,54,58,33,16,30,5,46,34,12,53,41,57,47,11,49,55,44,24,26,50,27,51,63,37,0,2,23,7,22
57,54,45,26,24,12,59,20,0,38,7,40,46,36,37,22,28,52,49,34,47,6,30,43,4,17,50,35,3,39,58,33,18,11,21,55,14,27,19,61,48,1,63,60,53,51,13,56,10,15,41,29,16,42,25,23,31,5,62,44,8,2,9,32
60,1,13,23,35,15,37,9,22,31,38,21,49,58,26,20,25,24,48,57,50,63,8,29,54,14,43,36,52,45,33,4,5,28,16,40,17,6,32,30,7,18,11,34,19,46,44,51,56,12,42,62,61,27,10,3,39,47,0,53,55,2,59,41
21,37,12,31,4,19,24,53,41,22,5,52,13,32,2,58,26,28,29,39,45,50,34,61,7,18,6,47,56,49,11,38,42,0,36,55,62,40,54,9,30,1,17,14,51,60,3,43,25,33,46,23,27,8,63,10,35,15,59,20,57,48,44,16
43,8,56,18,14,46,11,59,24,23,13,32,25,52,42,31,0,1,16,2,51,9,53,44,49,34,5,19,28,21,22,45,3,40,10,33,58,4,30,37,17,61,20,27,15,38,12,55,47,29,48,26,62,7,63,35,50,54,57,36,39,6,41,60
28,25,11,24,3,62,4,21,58,31,59,23,10,56,44,49,0,2,53,52,54,48,60,13,9,30,39,32,40,26,29,6,27,19,8,41,15,14,1,34,16,42,50,18,38,63,43,36,46,12,20,7,33,51,45,5,61,22,55,47,17,35,57,37
13,58,31,25,61,48,5,62,3,49,42,6,40,4,23,15,55,33,37,30,50,7,57,22,19,35,12,24,1,10,47,53,41,44,9,56,11,46,14,0,45,59,43,2,29,36,52,16,17,63,20,54,60,34,39,18,38,51,21,32,28,27,8,26
54,33,60,26,12,0,50,37,22,6,8,35,19,63,11,46,25,10,59,51,9,20,56,7,2,38,49,23,48,42,24,31,43,27,39,40,57,44,16,58,21,53,36,62,14,32,15,5,13,4,30,47,3,41,1,18,28,52,17,55,34,29,61,45
61,29,23,37,10,60,0,8,47,27,35,62,54,1,33,38,53,2,32,51,7,24,3,15,21,63,16,28,13,20,31,4,14,44,12,17,58,40,11,26,56,39,43,18,45,30,46,6,34,59,25,9,22,41,5,48,57,36,55,50,49,52,42,19
24,58,38,40,48,6,23,4,49,36,57,51,3,8,27,32,10,34,30,1,14,62,26,59,33,61,28,25,45,31,56,52,12,39,46,16,43,29,21,44,2,13,5,7,41,11,15,37,42,0,22,18,63,53,54,55,47,35,50,19,60,17,20,9
9,7,56,25,43,34,26,40,2,30,27,61,20,47,8,28,58,4,62,19,59,16,23,39,37,12,38,60,5,55,41,44,57,46,35,33,42,51,3,32,11,24,63,54,21,45,31,1,10,52,49,29,48,17,18,6,53,13,15,0,22,50,36,14
11,20,31,28,16,51,21,22,55,24,48,2,10,44,57,8,25,63,49,3,14,56,50,45,34,0,46,37,53,47,18,5,26,62,36,33,39,42,12,43,13,15,6,1,23,52,60,61,54,41,38,4,59,9,29,27,40,19,35,58,7,30,17,32
13,3,62,29,28,55,43,32,39,19,20,46,48,60,15,1,58,30,7,33,56,27,25,16,40,49,36,31,0,38,54,14,45,59,2,61,4,52,51,47,17,42,37,26,63,9,22,34,41,5,53,23,10,12,35,44,8,18,57,24,21,11,50,6
25,27,41,32,62,45,6,53,61,19,30,1,59,12,26,36,20,28,49,9,23,46,18,4,35,10,60,48,50,16,24,42,37,56,57,40,54,15,13,51,63,5,47,31,44,52,11,0,38,21,14,17,43,22,39,55,33,34,7,2,58,29,3,8
58,53,38,50,32,57,40,47,8,5,61,55,52,3,16,39,27,7,33,10,24,2,17,54,42,45,41,28,19,37,34,26,35,56,29,11,4,25,62,46,6,20,44,12,60,59,48,18,13,31,63,0,51,49,43,15,36,21,23,1,30,22,9,14
13,11,37,7,34,42,40,35,30,12,53,4,44,43,49,52,55,19,15,36,61,60,3,33,17,31,16,24,0,38,21,8,18,59,10,2,50,46,51,28,58,62,22,9,39,14,26,5,27,45,32,56,29,63,54,20,6,23,41,57,25,48,47,1
52,47,23,55,43,50,5,36,32,22,28,4,48,2,62,20,61,1,26,63,35,49,33,17,3,13,25,45,12,15,14,54,10,53,60,44,11,27,56,59,29,6,51,21,7,16,30,39,34,38,41,46,57,18,58,31,37,19,8,42,40,9,24,0
49,58,63,6,52,9,44,47,2,5,43,40,17,34,50,51,33,31,30,19,24,8,57,55,15,54,61,62,56,46,53,45,23,16,25,3,29,21,60,18,41,48,38,12,14,42,4,11,59,28,39,7,26,13,37,36,20,22,27,35,10,0,32,1
29,61,20,4,52,24,1,38,27,15,51,40,34,13,14,31,43,57,26,21,18,35,22,59,63,9,46,2,47,23,50,33,28,48,7,17,36,16,49,62,37,19,58,12,56,25,3,41,45,8,60,0,39,54,53,30,10,55,32,44,6,11,42,5
38,28,35,55,46,63,15,58,41,14,2,62,12,43,3,26,19,25,9,45,18,36,59,6,32,42,10,16,7,52,13,44,27,51,30,24,33,8,49,31,11,4,37,40,23,56,54,0,50,17,53,29,57,48,21,60,5,39,47,61,22,34,20,1
5,54,29,35,23,43,61,47,62,19,26,53,30,4,27,38,11,49,52,25,22,7,31,45,20,9,0,14,28,41,1,12,17,33,57,34,2,60,3,59,39,6,8,32,42,63,37,58,51,13,36,16,40,15,46,44,18,21,56,48,24,55,50,10
21,32,34,11,47,7,36,53,6,35,25,26,17,51,29,55,41,13,42,54,12,44,27,45,39,57,48,40,15,31,38,22,28,60,46,2,33,19,9,3,63,58,43,4,16,24,1,56,49,10,23,59,62,0,18,14,61,50,37,52,5,20,30,8
51,43,22,0,55,33,16,11,52,40,28,59,13,50,56,19,15,26,37,38,31,18,21,42,34,47,44,48,29,6,58,9,10,61,3,62,7,41,4,8,46,36,35,20,5,32,24,12,1,63,53,25,27,54,14,45,39,2,60,17,30,23,57,49
29,26,36,47,4,25,34,50,21,7,57,27,61,0,48,24,52,12,14,11,43,30,32,9,55,19,44,38,31,39,15,13,59,18,22,2,37,42,33,40,35,23,17,63,54,60,41,45,6,1,10,16,56,20,8,5,53,28,3,51,49,46,58,62
33,60,3,47,18,30,59,25,46,14,52,40,19,31,11,24,44,61,2,16,62,56,0,55,39,6,26,28,43,41,57,1,20,38,22,42,12,54,10,37,8,27,23,7,5,15,9,50,63,35,4,48,45,13,32,29,36,17,49,58,51,53,21,34
19,52,18,47,30,11,14,53,39,20,50,40,9,4,43,41,35,5,17,48,12,1,58,6,8,56,13,2,37,55,54,23,59,24,60,38,51,0,33,25,16,3,7,36,49,63,29,31,15,34,42,46,22,26,62,28,57,27,32,61,10,44,21,45
15,56,57,42,43,50,40,23,32,47,60,5,20,44,19,58,9,2,26,25,13,51,22,29,30,55,0,16,24,11,3,18,49,34,6,54,35,31,53,38,48,21,10,7,37,61,63,59,62,36,12,17,14,28,45,46,27,41,33,8,52,39,4,1
19,18,2,5,27,37,52,63,38,32,14,41,40,26,33,50,11,15,12,42,46,56,23,61,35,39,9,36,57,16,7,1,48,28,30,22,13,47,60,54,49,51,3,59,10,6,34,53,20,4,43,62,24,0,44,21,29,17,31,8,55,58,45,25
24,51,5,9,17,31,11,0,27,35,25,10,36,14,40,55,60,59,52,63,46,33,21,6,58,45,42,49,43,18,57,62,23,39,19,8,29,28,1,32,22,15,20,16,56,50,61,38,13,48,53,26,41,2,54,30,3,44,12,4,47,37,7,34
44,27,62,11,16,49,45,25,38,23,59,50,36,56,34,7,24,35,46,55,29,21,52,1,5,47,57,40,10,28,31,9,42,53,20,8,48,43,41,12,39,30,60,14,63,15,33,4,37,32,2,22,54,18,61,17,3,6,51,0,13,26,19,58
49,50,7,18,4,10,53,3,23,24,63,21,34,39,30,11,42,29,54,48,2,14,12,6,8,32,1,61,16,62,45,25,56,43,38,46,35,52,33,55,59,41,26,22,15,9,58,0,57,19,36,31,60,47,20,28,17,51,37,5,13,44,40,27
48,16,5,62,31,34,26,59,43,29,35,36,37,18,9,4,12,0,41,56,8,27,57,40,55,60,21,15,13,14,38,49,10,33,24,39,44,11,28,45,25,46,32,17,19,23,61,42,51,7,47,54,30,63,3,50,53,58,22,52,6,2,20,1
46,21,9,62,60,43,18,48,8,12,4,29,32,40,52,28,0,30,16,44,26,27,57,63,2,61,5,1,20,13,53,17,56,23,55,42,7,10,22,14,24,51,54,33,38,39,15,19,35,37,34,6,41,25,58,47,11,59,31,3,50,49,36,45
3,39,53,47,49,62,56,45,10,9,54,38,30,36,29,20,14,40,16,60,57,32,4,43,13,23,55,27,52,34,44,26,41,21,11,48,50,0,28,37,7,59,46,61,2,22,31,63,15,51,17,18,12,42,25,6,19,1,24,35,58,8,5,33
63,10,33,23,0,16,42,11,39,25,34,52,36,56,37,6,24,50,20,55,57,40,12,15,38,51,8,21,59,46,44,27,48,49,1,47,58,60,29,7,17,35,43,19,4,31,41,54,14,5,30,53,62,2,3,18,32,61,45,26,9,13,28,22
29,62,13,5,39,7,51,35,36,16,47,3,28,42,44,38,1,34,4,56,10,9,22,25,2,40,8,26,60,41,59,53,0,32,49,31,11,14,45,43,21,58,24,46,19,17,48,61,52,57,23,27,50,54,63,6,20,33,37,18,30,12,55,15
39,31,10,2,59,22,33,15,43,45,0,5,14,26,37,35,40,17,54,8,9,50,7,30,58,38,29,44,36,34,23,20,42,11,18,1,63,55,19,13,46,49,53,56,41,21,27,51,24,6,3,25,12,61,52,48,60,57,32,62,4,47,16,28
17,42,19,22,9,23,8,44,15,51,39,58,13,48,45,40,31,3,27,41,1,47,12,49,56,62,35,16,20,36,21,54,52,6,28,34,18,2,30,63,43,53,11,10,33,60,32,26,24,4,55,61,5,59,50,57,14,7,37,0,25,46,29,38
63,15,53,41,48,3,47,34,10,56,8,1,5,42,7,27,0,13,51,14,43,30,25,22,49,19,11,31,54,17,9,29,58,35,44,46,37,24,45,62,50,32,38,33,4,61,59,40,39,6,57,2,23,36,21,16,60,26,28,12,18,52,20,55
36,19,45,17,35,11,43,0,37,28,34,4,29,3,32,16,62,40,27,30,60,14,25,20,8,31,56,13,59,61,10,41,52,48,6,9,18,5,49,57,23,46,21,53,24,33,39,12,51,50,63,26,55,42,54,22,38,15,44,47,7,58,2,1
34,14,17,62,48,6,15,61,52,54,51,18,28,57,56,9,58,49,46,3,27,29,25,13,4,35,60,50,31,10,40,36,19,43,26,20,45,47,37,39,38,22,55,59,30,32,53,12,1,0,11,42,16,41,44,33,8,21,7,23,63,2,24,5
25,30,26,1,42,16,23,10,57,51,56,38,41,36,33,9,32,35,50,6,59,27,20,24,34,53,2,29,14,48,7,18,46,17,44,12,39,52,0,21,3,58,47,45,43,8,11,55,61,37,31,28,22,5,4,13,62,19,60,54,40,15,63,49
16,31,37,40,62,11,38,52,15,58,44,2,13,63,49,56,20,48,32,43,51,18,25,8,41,45,50,55,10,4,9,22,24,29,17,33,30,3,0,27,53,34,19,26,39,61,59,47,42,57,7,21,1,23,36,28,12,46,6,14,54,5,60,35
41,18,28,49,4,11,3,20,17,25,19,9,40,55,63,42,12,22,33,45,53,30,21,62,57,37,0,7,26,36,32,39,58,52,1,59,43,35,44,10,13,48,60,14,54,61,34,46,31,15,8,50,38,51,6,16,29,27,47,2,56,24,23,5
7,49,39,47,4,25,6,19,36,29,12,52,45,51,48,15,50,57,55,37,10,0,21,9,23,42,32,61,1,2,63,41,18,17,60,13,24,14,43,40,56,62,59,5,30,26,38,8,31,16,34,28,22,44,3,27,33,11,54,46,20,53,35,58
0,7,11,60,62,50,44,6,25,40,10,54,24,23,13,26,4,30,41,16,58,9,37,5,47,21,38,63,56,42,12,55,46,29,19,49,59,39,51,17,36,8,28,2,48,31,15,35,52,33,61,20,27,32,34,43,22,45,3,18,53,14,57,1
51,45,0,53,55,5,60,44,15,62,49,24,52,57,35,36,25,12,40,2,27,6,37,9,32,26,61,41,56,29,16,3,43,48,10,20,8,31,21,30,28,17,59,11,22,58,23,33,54,47,38,19,34,7,13,42,4,14,18,63,39,1,46,50
39,0,19,24,23,36,40,62,1,3,32,34,35,20,44,15,37,47,7,14,51,58,42,18,63,22,26,43,41,17,4,55,56,12,11,59,13,2,50,8,9,10,25,28,53,49,16,38,46,45,61,21,52,57,54,6,31,60,29,5,27,33,30,48
13,1,35,16,38,48,57,61,15,31,5,33,3,36,4,55,25,26,32,43,54,47,24,52,29,18,39,21,11,37,46,22,19,53,42,7,49,58,45,28,41,27,14,50,0,9,60,44,56,62,2,10,8,12,23,59,40,30,51,17,6,20,63,34
35,54,4,60,49,23,26,15,61,30,1,31,48,59,44,27,55,62,51,52,29,12,58,40,47,33,45,42,39,56,36,13,2,32,22,10,25,28,41,9,8,20,6,46,50,16,19,17,43,11,63,24,37,38,14,7,5,57,21,18,34,0,3,53
8,48,36,2,17,44,33,22,56,23,43,37,35,32,39,40,54,28,14,38,29,25,31,53,55,62,11,60,21,57,4,20,59,42,6,16,47,13,49,30,50,12,58,15,3,24,18,45,63,0,51,34,26,10,61,7,1,5,52,46,19,41,27,9
31,18,4,37,46,15,49,45,3,28,35,48,50,47,55,54,33,40,12,27,58,25,43,63,11,0,29,21,41,62,42,24,38,8,51,60,59,52,26,34,39,6,5,1,30,36,13,53,17,9,16,10,14,32,2,23,22,44,57,7,19,56,61,20
57,55,13,27,28,4,39,19,5,59,62,14,31,12,51,45,18,42,33,41,49,61,23,58,60,10,38,20,0,6,56,47,25,26,63,17,52,37,16,15,32,54,29,30,2,53,7,1,46,44,9,21,35,40,11,3,24,48,36,43,22,34,50,8
29,38,62,4,9,22,6,42,51,11,25,55,2,58,61,19,36,12,1,13,59,20,30,5,8,39,50,21,15,7,57,43,31,0,53,16,34,44,23,14,47,54,10,24,33,32,56,45,18,40,48,17,63,27,3,37,35,28,52,41,26,46,49,60
10,63,21,42,14,62,30,28,57,59,41,55,23,18,52,40,33,51,11,0,44,58,47,49,50,60,45,7,29,24,36,27,54,26,31,38,17,61,56,4,34,37,22,53,39,5,3,1,43,25,8,20,2,6,48,13,32,46,15,19,9,12,35,16
59,10,27,44,55,45,2,62,39,24,51,6,23,3,5,63,56,30,60,7,20,41,36,33,4,43,22,49,19,16,46,61,15,50,9,34,57,14,31,21,26,52,54,11,42,13,8,25,29,1,32,12,58,18,37,38,53,17,28,35,40,0,48,47
46,0,29,58,1,35,23,56,40,50,36,7,12,53,62,37,19,42,54,20,27,44,33,22,15,30,39,43,28,41,24,17,52,2,59,48,14,10,5,38,47,6,21,61,8,31,63,57,3,45,34,49,18,13,4,32,26,9,16,25,11,60,51,55
42,38,52,36,58,33,28,2,47,53,12,51,24,11,60,44,59,48,4,14,18,63,56,8,13,26,25,17,37,55,7,0,54,19,21,29,23,20,46,43,57,41,34,62,40,16,35,31,1,49,10,30,3,27,45,61,15,22,9,32,6,5,39,50
1,59,54,43,61,13,42,27,46,19,12,49,56,57,44,36,58,35,11,15,23,0,3,10,25,32,29,40,45,26,63,38,7,16,48,6,55,33,53,8,39,60,31,18,51,21,2,14,37,5,20,9,24,50,62,4,30,28,52,34,17,47,22,41
20,48,42,27,63,45,29,31,19,1,28,10,58,44,34,41,26,25,57,51,36,61,23,0,18,60,13,59,21,33,53,17,4,50,32,3,30,8,52,55,56,7,39,6,40,47,24,37,49,15,43,11,16,9,22,5,12,14,62,54,2,38,46,35
15,30,10,28,60,49,5,32,24,1,53,18,63,38,35,40,50,56,55,19,25,44,58,22,13,9,57,33,37,0,12,41,31,45,47,48,26,51,7,42,61,11,52,2,39,23,6,16,59,27,8,21,43,34,54,14,46,4,3,20,36,17,29,62
44,9,39,32,40,43,60,14,23,24,11,38,3,8,15,29,12,31,52,0,10,55,57,22,17,28,18,4,41,63,13,33,61,20,26,21,49,7,34,36,51,27,59,42,54,5,19,56,48,1,30,25,16,58,45,46,37,6,53,62,50,2,35,47
53,47,15,51,5,27,28,36,59,16,42,10,26,4,37,7,33,31,38,12,29,23,20,8,63,18,40,9,46,32,25,21,17,56,24,11,22,30,14,61,62,6,55,19,54,50,34,2,41,48,49,45,39,52,0,57,60,58,44,35,1,13,43,3
50,2,48,44,35,42,40,61,21,30,37,11,3,5,32,52,16,49,57,19,18,51,53,23,1,38,62,10,9,29,0,34,15,39,6,47,25,17,45,8,31,7,4,26,24,27,60,59,14,46,12,54,41,63,13,36,56,58,43,55,20,22,28,33
45,37,16,24,47,12,54,32,22,51,21,26,33,15,58,25,27,11,50,19,31,5,3,63,7,34,4,52,8,20,48,38,56,62,41,40,18,44,13,2,36,61,35,30,9,29,59,23,14,57,1,43,55,28,17,6,39,49,42,0,46,10,53,60
50,44,57,46,19,61,27,0,51,41,25,7,11,22,43,21,13,32,58,9,26,47,40,54,12,60,28,14,55,30,15,16,20,45,59,24,48,8,31,49,62,33,38,37,52,35,3,23,53,42,17,18,56,36,29,1,10,39,2,63,34,4,6,5
29,53,49,10,17,0,58,31,11,4,26,45,27,34,2,52,6,36,38,28,42,37,43,18,9,30,16,48,54,15,46,35,21,13,61,39,44,1,32,33,62,5,51,57,56,22,8,63,47,19,41,7,40,23,50,24,55,25,3,60,20,12,59,14
28,26,41,51,48,16,36,59,42,9,17,24,52,47,37,49,20,8,44,63,7,29,25,56,0,30,57,32,11,22,18,34,38,54,10,6,58,27,12,46,62,19,40,53,43,50,39,31,1,14,4,60,3,2,45,15,61,13,35,23,5,21,33,55
55,18,53,13,10,45,27,32,62,8,4,14,36,41,26,58,9,38,50,21,52,31,34,30,40,51,56,29,37,42,46,1,5,22,60,39,3,17,16,23,57,54,28,47,63,19,12,49,44,59,6,2,15,61,20,11,48,33,35,25,7,0,24,43
7,56,28,13,27,12,20,62,50,9,54,8,42,14,37,32,38,59,31,21,22,39,53,17,3,25,44,35,24,5,33,47,6,11,60,30,23,61,19,15,18,16,36,58,63,48,1,57,55,10,49,52,0,41,26,40,51,43,2,29,34,4,45,46
26,28,22,37,9,10,56,16,60,0,54,49,36,58,40,18,50,63,52,62,12,31,3,7,25,15,51,11,47,43,61,13,19,32,34,6,53,23,1,14,17,27,57,46,48,21,38,5,8,35,29,2,45,42,30,39,59,4,33,24,55,20,44,41
57,33,49,34,1,36,25,53,38,47,17,8,11,30,45,52,22,14,2,48,35,19,24,40,61,54,29,28,60,46,31,59,9,63,0,55,16,7,26,20,44,32,18,3,43,23,27,41,5,15,56,10,62,12,51,42,39,13,4,21,58,6,37,50
0,4,61,6,25,55,26,10,23,21,18,15,48,54,13,42,29,16,14,40,52,5,9,39,56,45,43,17,53,44,46,37,60,35,3,32,38,11,24,28,30,31,12,2,34,49,47,33,1,63,58,62,19,36,57,8,59,20,51,50,27,41,7,22
18,19,35,5,25,7,3,53,59,11,49,24,31,55,47,9,58,63,2,21,12,34,42,14,51,33,6,36,40,30,56,29,4,27,15,50,39,41,54,61,10,23,16,52,43,57,20,38,48,28,32,45,0,60,62,46,26,44,8,17,22,13,37,1
1,14,25,0,48,49,55,12,6,34,20,39,19,57,23,27,15,40,36,58,8,11,2,51,21,26,37,28,45,52,60,30,16,17,50,63,4,7,5,35,61,53,33,62,42,9,43,3,13,47,10,54,31,22,46,18,56,29,44,32,59,38,41,24
50,28,13,42,45,2,8,16,59,41,22,54,29,12,32,47,3,7,18,51,5,34,6,17,36,19,46,53,61,9,27,44,52,1,62,23,26,38,40,11,15,39,31,58,21,33,4,25,56,55,14,20,0,57,43,10,35,48,37,24,30,63,49,60
22,4,46,16,60,55,19,26,47,12,62,21,44,50,34,29,36,56,5,49,31,7,18,53,33,45,42,48,23,54,14,58,59,30,28,10,35,32,40,8,24,39,9,63,38,15,1,3,41,57,52,17,25,13,2,20,61,27,11,37,0,43,51,6
34,61,21,45,4,58,55,48,42,30,25,63,26,15,13,20,49,18,28,6,38,8,54,5,9,3,12,37,53,44,2,16,10,50,24,22,56,33,51,23,31,46,41,11,17,59,35,43,60,47,1,0,39,19,36,52,7,14,29,40,32,62,57,27
1,59,25,51,57,29,61,15,4,62,38,30,12,3,0,35,16,28,43,24,47,39,26,46,37,33,6,7,54,49,48,8,41,55,32,34,45,31,23,53,11,40,17,10,18,20,60,13,56,44,27,14,50,9,63,42,19,52,36,5,2,58,22,21
31,16,11,39,25,18,3,2,33,37,27,20,53,55,4,8,6,30,17,21,63,34,61,45,32,14,5,43,48,13,41,26,40,50,7,49,1,23,22,42,47,57,51,52,29,12,28,36,46,10,38,44,59,54,19,9,24,56,15,60,35,58,62,0
30,33,31,1,46,49,48,44,54,23,38,39,4,40,28,57,51,27,35,20,3,47,52,60,8,55,9,11,36,41,21,59,25,13,17,62,32,0,53,45,34,29,22,37,43,42,16,19,24,61,63,50,5,15,58,18,26,56,14,7,10,12,2,6
16,25,37,28,49,59,51,47,13,21,35,44,15,7,29,24,17,22,55,63,18,56,11,2,32,48,36,3,57,8,61,1,58,12,33,4,34,6,52,45,53,38,30,23,40,54,0,62,19,27,46,60,42,14,31,5,43,10,26,50,41,20,9,39
32,8,22,53,10,50,21,59,33,15,63,49,18,35,62,27,14,5,12,36,44,2,13,55,54,52,39,11,30,24,60,47,0,46,61,31,19,1,23,29,41,56,3,4,51,16,7,17,43,9,37,34,28,6,58,42,40,45,38,25,48,26,57,20
7,12,25,52,60,49,42,37,0,51,39,53,43,22,19,46,21,62,31,24,32,63,10,57,48,11,8,5,61,50,35,13,58,20,59,17,2,6,41,33,9,45,26,16,3,27,4,23,30,40,15,54,38,36,56,55,14,34,28,44,47,1,29,18
58,62,54,39,48,53,21,51,4,11,13,2,50,1,24,5,0,16,59,57,44,42,33,6,17,32,31,23,56,37,49,9,8,12,43,35,38,29,63,10,46,40,20,25,47,60,45,30,52,18,36,7,34,55,14,26,22,27,3,19,61,15,41,28
33,63,42,39,14,0,58,45,22,57,25,11,6,10,1,31,54,59,61,13,24,26,17,62,7,29,51,18,38,16,48,3,4,20,21,27,8,34,55,37,40,50,60,32,52,23,43,15,30,36,12,28,44,35,5,56,9,47,19,53,41,2,49,46
36,44,17,43,52,59,3,48,61,0,49,22,18,27,5,42,11,31,1,14,7,45,62,24,29,46,4,23,38,6,51,30,8,37,19,63,20,53,41,21,34,57,50,33,58,39,16,32,28,56,55,60,10,26,47,25,35,9,15,40,2,13,12,54
34,37,28,36,24,1,27,60,44,39,23,15,53,30,5,20,10,45,12,41,22,19,6,4,8,51,47,3,42,29,32,33,18,43,58,54,21,35,63,46,50,38,2,7,17,62,26,31,56,57,0,25,16,14,49,55,48,52,9,40,61,13,59,11
24,44,18,3,42,51,2,26,43,7,36,52,15,33,5,22,19,16,57,59,37,60,27,29,58,20,41,17,9,49,10,45,56,39,50,23,1,21,14,61,32,12,38,11,8,46,6,13,4,25,35,40,62,54,0,63,28,30,53,48,31,55,47,34
5,3,40,51,28,38,8,35,0,13,10,2,43,47,20,44,54,57,9,1,21,23,31,49,16,59,7,61,26,6,30,22,50,62,53,12,33,25,56,41,11,37,39,60,32,58,63,34,17,29,36,45,24,18,42,27,46,19,4,55,52,48,14,15
17,1,49,4,34,41,48,15,6,0,55,12,47,3,54,27,60,26,40,8,62,52,25,37,9,50,30,61,63,2,57,32,13,33,29,19,28,38,22,31,56,51,42,23,18,20,14,35,24,36,53,46,39,45,11,10,16,44,21,5,59,7,58,43
41,4,28,63,58,26,53,3,30,24,51,42,37,17,45,6,2,19,60,25,48,34,50,8,52,36,44,40,15,5,20,57,11,38,55,39,1,22,47,21,14,61,59,35,16,62,49,43,27,33,9,46,12,0,10,13,56,7,18,32,23,29,54,31
26,40,10,50,11,59,53,36,60,32,52,3,29,15,33,44,13,41,30,27,43,22,38,61,8,16,12,46,34,39,9,18,45,42,56,2,57,47,62,55,31,25,6,63,24,5,1,35,14,28,49,37,0,19,17,54,58,23,21,51,48,4,20,7
11,63,24,30,47,57,18,42,20,53,31,58,39,12,5,49,54,33,28,29,23,48,9,6,27,8,34,36,62,44,21,43,56,7,13,61,32,1,59,0,15,16,22,40,4,46,25,19,3,52,17,38,14,37,55,26,60,50,10,51,41,2,35,45
14,35,0,1,58,37,24,41,27,26,52,50,53,49,56,13,43,17,62,19,16,57,47,7,42,5,6,32,38,46,3,8,10,11,2,60,44,61,51,36,29,63,40,28,12,4,9,18,59,30,45,20,54,55,22,34,48,33,21,15,31,39,23,25
21,58,11,13,50,20,26,7,31,49,54,5,45,39,43,61,2,53,32,14,52,51,29,1,28,57,34,35,18,9,23,15,30,19,41,36,44,38,37,16,40,56,46,48,62,12,63,8,47,6,55,24,17,10,27,42,0,3,22,33,4,60,25,59
15,10,11,6,19,46,60,24,43,53,28,25,52,14,17,36,16,12,7,55,5,44,54,45,42,22,30,35,9,27,63,58,26,21,37,56,40,1,62,57,0,50,18,29,49,23,51,20,3,59,8,31,39,61,13,48,38,33,2,41,32,47,34,4
4,52,12,36,20,61,6,46,57,7,47,16,1,27,41,51,15,31,58,62,8,45,40,59,5,28,25,23,38,29,17,37,11,19,3,13,32,26,60,14,50,18,43,2,9,56,63,42,10,21,0,24,30,48,54,55,44,33,53,49,22,39,34,35
1,24,63,21,16,2,20,35,12,58,33,34,59,42,47,17,57,6,56,22,45,31,62,5,36,32,29,8,53,38,25,10,60,23,37,52,41,9,15,11,7,51,46,44,48,3,13,50,0,54,43,28,14,4,27,55,19,49,30,26,40,61,18,39
31,41,37,39,25,42,18,12,58,15,26,54,63,33,9,49,22,0,7,19,62,29,59,40,6,4,34,48,45,51,11,28,1,57,52,44,32,55,38,20,53,50,46,60,35,47,17,61,21,3,23,16,5,14,24,8,30,13,27,10,43,56,36,2
1,52,10,9,48,3,32,0,43,54,40,33,17,38,31,41,21,50,22,12,47,51,19,5,18,7,39,6,27,53,60,56,30,29,58,55,25,34,62,61,45,44,49,13,14,11,16,42,24,57,2,28,26,36,8,46,20,35,15,63,59,37,4,23
46,29,54,60,59,10,0,41,57,36,14,32,21,20,55,42,18,47,49,40,27,23,15,2,8,63,62,4,52,19,37,5,38,51,56,61,58,7,16,48,3,50,39,45,44,25,1,43,30,24,22,28,17,11,13,33,53,26,31,6,9,35,12,34
46,42,54,17,33,1,2,22,20,19,28,34,48,61,9,23,63,7,39,58,45,35,30,10,27,13,25,11,41,47,56,14,21,62,55,57,16,40,0,49,29,32,26,59,53,50,18,31,36,12,6,44,52,43,38,51,15,4,24,5,37,60,8,3
36,3,35,28,47,55,42,51,48,1,21,25,45,10,38,26,16,9,22,8,27,58,59,14,2,6,54,61,53,40,60,56,29,50,17,4,7,33,15,31,43,63,11,18,32,30,13,57,37,20,41,39,19,0,12,23,34,44,62,24,52,46,49,5
61,35,3,6,14,48,23,10,45,59,50,32,18,17,25,24,9,22,11,7,15,0,31,47,52,54,56,8,16,29,4,63,21,28,5,53,60,20,42,2,36,37,41,39,44,40,34,62,38,57,46,51,49,27,19,55,58,26,33,1,13,43,30,12
13,26,29,0,37,49,32,46,7,16,6,18,1,48,30,15,24,42,3,31,28,45,54,40,41,19,44,38,8,61,39,60,59,36,56,55,50,5,17,11,20,21,57,9,10,63,27,22,53,58,23,52,43,14,25,4,33,51,47,34,12,35,2,62
33,11,47,25,5,22,43,29,0,4,18,58,49,8,53,39,6,44,13,31,17,14,28,16,20,2,61,60,57,59,42,41,56,27,21,51,34,3,19,12,24,52,48,26,54,36,46,30,15,45,40,32,63,35,50,23,38,7,10,62,37,1,9,55
49,38,25,48,39,29,27,7,19,50,16,24,5,62,30,0,35,37,45,8,13,40,14,20,55,32,28,26,60,3,58,4,56,41,34,44,57,59,15,47,10,6,17,36,61,33,1,52,54,31,2,12,43,46,18,21,63,42,9,53,22,51,11,23
13,3,41,12,8,32,38,51,59,60,45,62,44,63,20,37,25,27,16,14,1,50,11,30,43,58,46,26,34,31,18,49,10,55,57,40,17,4,24,35,6,7,19,28,15,54,53,42,23,39,29,61,52,48,2,56,9,22,21,36,0,33,47,5
1,27,56,7,13,5,0,16,54,37,33,31,40,2,48,59,46,15,44,29,6,28,22,26,3,36,35,63,8,50,42,61,23,21,20,9,53,57,62,4,60,49,19,24,38,45,30,17,11,52,18,43,34,10,41,58,39,14,55,47,32,25,12,51
27,0,42,15,2,30,29,44,63,19,55,60,25,39,47,4,46,1,23,12,16,34,52,6,38,43,5,26,31,54,62,61,18,33,8,36,48,28,51,9,45,53,10,35,20,37,11,40,58,3,13,57,49,21,41,22,17,7,24,32,50,14,56,59
44,28,21,11,22,17,16,31,6,42,27,29,9,54,41,59,35,53,38,19,12,62,57,36,37,46,50,56,14,13,30,1,47,20,4,26,3,18,33,45,43,2,51,8,61,0,25,23,34,5,60,15,63,39,49,55,58,40,7,32,52,24,48,10
1,37,20,29,45,43,47,42,17,56,19,34,3,39,4,11,31,18,28,51,32,62,60,54,14,21,7,26,16,12,25,49,40,41,46,23,33,13,27,36,0,52,55,53,5,6,8,24,30,2,44,57,22,15,63,48,38,58,9,61,35,10,59,50
49,18,23,36,29,37,41,44,47,48,35,15,55,30,5,33,21,59,25,22,32,11,13,9,53,7,51,10,31,34,6,3,38,45,63,19,24,40,52,60,4,54,61,8,62,46,57,56,43,12,2,42,27,17,26,16,14,28,50,39,1,20,58,0
52,5,63,51,6,61,7,57,8,22,29,35,0,45,36,49,21,32,48,27,54,3,47,46,31,44,25,59,58,30,18,53,42,55,12,50,15,39,14,19,20,11,16,10,37,56,28,60,43,17,9,62,1,40,26,24,2,34,23,38,4,41,33,13
3,12,46,4,42,62,53,33,49,24,39,25,40,55,54,57,50,56,47,17,13,51,60,23,30,14,1,59,63,38,15,18,27,2,11,43,6,20,31,35,32,58,0,7,22,52,36,28,5,9,21,10,19,44,8,37,26,48,34,61,41,45,16,29
5,14,47,42,3,31,1,49,4,56,40,52,28,60,54,16,57,39,43,20,41,32,36,48,15,55,24,30,29,35,23,11,58,17,45,59,46,26,38,62,61,7,21,6,8,53,37,50,63,19,25,9,27,12,18,44,33,0,22,34,2,51,10,13
10,5,22,34,61,29,0,2,12,24,59,39,36,56,15,13,19,9,38,26,62,40,53,48,49,6,31,3,35,17,25,4,33,16,18,58,27,11,63,44,37,47,21,55,43,14,50,28,54,46,20,1,51,42,57,30,7,23,45,32,60,41,8,52
42,58,15,45,52,31,61,1,21,12,34,22,9,36,56,8,5,57,53,24,39,44,4,19,14,13,10,37,26,7,32,25,59,63,33,11,46,6,49,48,30,35,17,43,47,41,18,23,54,2,0,3,40,38,50,28,55,27,62,20,60,16,51,29
35,52,21,49,26,1,23,8,47,55,63,42,50,33,5,62,2,53,54,38,56,7,46,22,27,36,31,0,37,24,30,40,43,17,41,34,32,15,39,10,59,28,18,13,9,3,4,11,48,51,57,29,25,58,61,16,19,14,6,44,60,12,45,20
60,38,53,44,51,36,41,11,58,35,43,52,31,56,59,63,26,33,62,6,16,0,28,42,27,47,23,21,29,24,37,5,39,4,25,50,18,32,10,9,55,17,46,54,48,14,3,57,19,45,8,61,22,20,1,49,30,13,7,2,12,34,40,15
40,5,42,61,50,28,27,19,23,33,59,18,15,37,26,49,57,45,44,1,54,58,43,51,34,7,22,17,55,47,36,9,60,14,53,46,63,11,4,39,35,38,29,16,62,30,21,48,2,10,25,8,20,0,12,6,3,52,56,13,41,32,31,24
36,20,52,9,19,17,59,15,55,44,42,58,56,5,25,31,11,4,21,28,1,54,32,51,22,57,38,2,26,29,53,6,12,16,46,8,34,63,50,7,62,24,47,49,45,33,48,39,43,3,60,35,37,18,27,0,41,40,13,14,23,30,10,61
41,45,37,16,20,8,5,38,25,59,54,61,1,23,48,57,27,33,56,32,12,30,63,40,31,44,53,49,28,0,24,47,42,50,4,6,35,36,3,21,62,43,17,55,46,7,22,60,39,58,19,2,34,52,26,51,18,29,14,15,9,10,11,13
56,10,12,55,63,37,57,1,5,46,13,23,11,3,62,0,24,34,27,19,22,29,43,44,42,18,30,40,31,61,2,39,28,15,32,45,26,41,58,17,33,25,20,38,47,48,36,59,60,51,9,35,50,7,54,6,52,8,49,53,16,21,14,4
25,15,55,28,31,46,8,50,26,39,43,10,24,1,62,22,4,53,11,3,33,30,20,38,7,9,44,14,12,27,48,29,37,18,52,6,32,35,63,54,2,19,17,36,42,61,60,51,47,57,41,0,21,40,45,5,56,34,59,49,16,23,58,13
0,6,18,15,34,42,8,57,28,1,13,12,7,50,56,43,47,5,49,22,17,48,35,36,19,41,21,62,37,10,46,23,33,2,29,63,31,9,60,14,20,45,30,4,24,27,53,58,40,55,32,38,39,3,59,16,51,54,25,44,11,52,26,61
0,30,6,63,3,48,46,56,49,1,57,14,53,13,59,35,9,2,22,52,34,23,24,29,10,19,38,12,5,27,40,21,47,41,42,18,55,61,60,7,31,17,37,43,45,51,15,8,36,44,62,16,20,58,26,25,50,11,39,28,54,4,32,33
29,60,18,17,24,49,42,34,40,7,43,32,36,63,10,56,8,50,45,46,1,51,33,53,44,55,27,5,35,2,4,62,59,30,23,37,61,20,15,19,52,14,28,58,3,0,12,38,13,47,48,16,54,39,57,26,21,11,9,41,31,22,6,25
58,42,50,0,59,38,62,27,49,52,9,4,24,47,29,40,22,2,23,36,16,21,10,1,20,55,60,57,51,34,15,35,33,26,6,12,39,37,30,25,14,7,13,19,44,46,8,11,48,54,3,31,63,5,17,43,41,56,45,28,53,18,61,32
36,0,2,63,41,26,14,51,27,16,40,46,21,24,20,44,15,39,35,43,61,55,7,38,19,54,47,34,56,17,18,4,5,31,13,23,32,50,49,29,48,3,6,11,22,52,60,37,62,45,33,1,8,28,30,12,10,57,58,53,9,25,42,59
53,51,48,41,11,21,38,47,52,4,56,30,19,49,20,28,37,26,9,42,2,23,7,17,33,0,55,1,34,43,50,59,44,27,24,14,54,6,18,32,5,15,12,46,58,31,45,63,57,16,22,62,35,3,39,8,61,13,29,60,25,36,10,40
24,1,51,10,38,30,40,17,8,26,37,5,33,20,60,15,22,25,54,59,36,2,55,18,43,50,0,3,57,63,9,52,46,13,27,11,41,14,42,34,56,35,49,39,7,29,58,61,45,47,44,28,31,48,32,6,4,53,16,62,12,23,19,21
19,23,1,47,29,22,33,56,27,4,10,2,50,52,37,35,25,45,44,31,20,13,6,30,17,26,28,18,43,5,42,14,40,0,55,60,36,3,39,51,9,63,38,58,48,21,41,61,16,57,62,59,7,54,49,15,24,12,11,53,32,34,46,8
1,12,6,56,51,22,48,23,28,49,20,24,39,62,41,34,16,11,46,38,29,37,44,58,54,45,53,25,59,5,18,35,10,63,30,40,13,61,17,3,33,36,4,9,26,31,52,2,55,14,60,50,21,57,47,27,32,42,43,7,15,19,0,8
14,6,56,36,35,19,1,58,20,24,13,9,18,42,22,23,26,38,16,7,46,59,49,11,33,41,54,10,4,52,15,29,63,25,60,8,51,62,45,53,34,17,12,55,57,50,40,0,43,39,2,30,37,27,44,47,28,5,61,48,3,21,32,31
27,44,59,10,31,49,37,55,47,62,23,12,4,28,39,36,29,30,0,52,5,14,34,9,38,60,51,26,35,56,3,21,17,41,45,13,33,63,8,42,46,6,16,40,32,48,58,2,43,11,22,24,54,15,18,1,7,25,61,20,53,57,19,50
38,13,55,7,14,2,37,27,18,41,26,35,23,10,40,29,0,59,15,24,43,51,8,60,42,44,16,3,32,31,63,45,30,48,5,34,21,19,58,50,4,28,20,9,56,61,54,39,53,25,6,33,47,17,57,62,1,36,22,49,12,52,11,46
28,61,47,53,63,58,5,19,29,21,16,50,49,33,0,43,35,6,40,52,13,26,17,27,9,2,20,55,45,32,46,18,57,54,11,51,38,44,56,39,23,1,59,10,37,25,62,41,7,4,48,34,24,31,12,8,36,3,42,30,60,15,14,22
61,58,8,31,0,34,10,23,37,38,62,44,60,41,5,14,51,15,11,12,54,21,25,6,36,48,18,43,45,30,28,33,49,13,19,29,55,39,3,42,59,57,53,22,27,17,1,47,35,56,26,50,24,7,20,32,40,52,63,16,4,46,9,2
15,19,12,54,46,20,61,1,51,50,55,36,14,44,58,4,7,16,45,52,49,63,27,42,17,8,60,26,24,30,41,0,43,57,28,6,56,62,13,10,9,32,31,2,3,40,29,38,47,53,25,39,48,11,37,34,59,23,18,21,35,33,22,5
11,17,14,8,38,53,62,36,15,13,45,0,28,49,54,37,44,21,31,58,3,16,55,56,52,1,22,48,60,26,34,59,47,63,25,4,43,27,40,20,33,9,2,18,42,10,6,24,39,30,57,23,7,5,12,41,32,50,61,35,29,46,51,19
21,2,54,1,25,16,63,36,32,38,22,10,62,31,57,4,43,3,48,53,35,60,49,37,7,41,5,30,52,0,13,23,8,50,29,18,59,51,19,58,40,47,42,17,14,55,28,27,15,24,39,11,26,46,45,44,12,6,56,34,9,61,33,20
29,63,43,32,40,13,7,21,58,1,34,18,28,54,10,15,56,6,17,49,4,9,2,55,27,42,11,12,22,0,19,37,8,14,26,59,38,53,41,25,16,60,31,5,35,36,61,20,44,57,52,48,39,24,47,46,23,51,62,30,33,45,3,50
57,50,35,20,6,23,52,13,42,39,34,60,61,32,58,41,45,56,63,10,54,9,36,40,21,27,14,8,29,24,47,30,26,5,3,7,1,38,19,4,51,49,0,62,53,12,31,15,22,59,48,16,43,18,25,46,2,44,33,11,37,55,28,17
43,17,14,20,52,35,45,46,63,42,38,22,29,9,57,56,48,1,47,23,21,12,8,51,24,39,30,37,2,32,26,49,33,27,44,15,62,18,41,61,55,54,60,0,31,34,50,19,28,25,11,3,7,5,16,36,10,13,4,58,6,53,40,59
20,58,62,44,32,48,34,17,2,46,28,41,37,42,30,24,59,31,7,38,0,35,45,27,19,26,39,1,61,33,5,21,52,57,9,29,47,23,53,25,55,4,11,6,14,56,54,8,12,63,22,13,60,15,36,50,3,49,43,40,16,51,18,10
47,43,23,54,8,53,60,15,36,22,33,31,11,19,9,21,30,35,59,7,41,40,26,38,42,57,6,0,32,48,14,37,27,2,61,28,56,29,25,58,52,4,45,55,34,10,46,12,1,13,5,16,3,51,39,62,50,17,44,24,18,63,49,20
57,1,52,55,7,3,61,13,44,60,36,26,20,62,54,0,25,50,48,12,47,10,34,19,38,2,37,42,15,59,32,49,16,51,46,41,14,17,56,63,43,39,23,11,31,30,27,35,29,9,28,22,4,33,45,40,6,24,21,18,53,5,58,8
16,1,48,20,62,6,17,33,14,36,49,59,55,0,63,45,26,10,58,42,57,5,24,37,40,60,53,15,35,8,46,21,44,61,11,38,51,22,32,30,41,52,3,2,19,39,47,7,56,25,28,18,23,4,54,12,34,9,50,31,29,13,27,43
46,62,4,3,37,47,7,58,10,14,27,60,54,38,45,26,41,21,40,39,22,1,53,28,43,16,33,12,57,9,48,55,29,11,17,6,61,44,59,5,23,20,42,49,56,25,63,36,31,19,35,13,18,8,2,24,15,30,51,50,32,0,52,34
19,11,54,52,26,25,34,40,27,7,33,17,20,9,24,61,50,60,10,58,41,2,44,13,29,39,59,46,43,37,14,56,49,47,42,30,3,57,48,12,38,18,23,1,4,5,32,28,45,15,21,22,35,31,53,62,55,6,16,8,36,63,0,51
43,12,1,4,50,58,26,8,44,30,62,53,63,34,48,59,41,54,29,46,35,9,14,57,17,31,55,47,3,11,21,40,10,36,7,28,18,33,60,24,42,61,23,16,32,39,37,2,25,45,22,5,27,6,52,49,56,19,13,38,20,15,51,0
16,38,43,47,50,36,19,10,63,58,25,51,2,12,49,8,1,5,35,27,41,40,28,32,15,17,56,29,3,26,62,30,0,13,24,53,9,48,11,59,4,46,42,55,54,34,21,39,18,37,60,44,31,57,45,7,33,14,6,52,20,23,61,22
28,21,24,14,40,32,48,25,63,3,56,2,26,23,10,5,18,60,11,49,0,34,4,42,31,39,44,36,54,46,35,45,55,30,7,62,27,41,6,57,52,17,51,19,12,50,47,29,43,22,20,53,33,9,8,59,13,16,37,1,58,61,15,38
42,36,15,47,45,4,31,32,25,20,1,0,28,7,26,50,43,52,40,49,8,5,13,2,9,58,30,24,63,23,54,10,61,29,6,21,17,60,22,12,19,3,62,57,53,41,48,51,16,37,18,39,14,46,27,38,59,35,33,44,55,56,34,11
39,5,20,32,3,56,43,0,38,59,54,34,11,9,37,26,48,41,62,57,40,13,17,29,58,42,2,30,63,53,46,47,14,45,21,22,25,6,16,23,27,36,55,15,44,12,4,49,31,8,18,1,50,61,10,35,52,24,19,60,28,7,33,51
16,8,19,25,11,57,6,26,44,53,40,0,63,36,12,45,54,33,51,14,27,34,2,56,18,42,15,5,52,23,22,13,58,50,3,24,7,43,47,31,61,46,17,30,4,21,48,9,41,35,38,62,37,55,59,28,29,1,60,20,49,39,10,32
0,29,62,14,49,60,16,38,46,24,3,48,45,10,17,54,13,44,37,21,39,18,61,34,55,32,51,43,56,40,31,30,28,5,59,11,47,63,57,19,58,7,42,27,6,12,22,33,20,35,25,2,52,41,26,15,50,36,23,53,9,8,1,4
26,8,18,1,44,24,43,51,63,7,0,21,42,45,41,36,27,32,23,22,54,4,19,33,6,15,25,59,17,61,39,38,35,13,16,3,11,5,49,56,58,46,50,40,29,62,31,52,48,34,47,60,20,9,2,30,12,10,53,55,37,28,14,57
0,29,62,61,21,4,55,6,40,38,26,52,35,15,20,48,3,5,30,36,25,49,57,63,12,47,2,23,50,31,28,22,39,51,11,10,19,9,8,43,33,24,42,32,16,45,14,18,7,17,44,27,60,56,34,37,46,41,1,53,13,58,59,54
33,36,52,21,27,49,16,6,15,8,32,18,41,9,12,31,61,45,54,28,5,30,38,47,7,13,56,1,46,17,3,42,24,22,50,63,19,14,34,29,35,59,37,40,51,62,11,10,60,58,0,23,2,44,20,57,43,39,48,55,26,25,4,53
39,0,20,49,48,3,41,61,40,31,27,17,53,16,13,22,47,21,1,38,2,35,18,10,14,45,36,24,60,7,29,50,52,43,46,33,56,6,34,42,51,11,30,19,25,62,58,8,59,9,57,63,44,15,28,4,32,23,5,37,54,55,26,12
34,13,56,62,48,11,54,26,59,21,10,55,2,8,1,4,32,53,57,17,0,22,5,9,46,35,6,14,38,49,27,58,42,18,37,40,39,52,7,16,61,33,28,31,44,15,50,25,45,24,60,23,20,19,43,12,3,47,30,51,41,29,63,36
11,24,36,37,10,19,50,47,62,9,48,18,14,51,33,29,3,58,2,60,45,1,42,25,38,4,55,12,35,32,63,27,5,8,41,40,30,20,15,28,44,49,53,57,17,54,52,26,59,39,34,61,6,23,16,22,0,56,21,43,13,46,7,31
56,52,22,63,50,5,30,54,9,23,12,55,26,1,7,49,8,20,11,59,47,37,62,27,51,53,16,4,38,33,15,34,40,58,28,60,17,21,18,61,42,13,10,14,0,32,35,3,25,39,2,24,48,19,41,44,57,36,29,45,6,43,31,46
43,51,46,45,41,11,47,27,4,15,35,48,61,8,5,14,12,37,55,49,52,18,17,1,44,39,24,42,9,20,0,16,29,30,56,23,34,28,33,21,50,60,3,59,26,25,22,53,10,13,58,63,62,2,32,36,54,6,57,19,7,31,40,38
54,41,8,56,59,48,33,1,7,34,3,26,38,18,9,51,17,21,16,36,31,15,10,22,35,57,50,53,13,25,63,39,28,27,12,29,49,30,32,2,62,46,43,37,52,5,45,23,24,4,20,14,55,40,11,0,44,58,60,42,19,6,47,61
10,36,35,19,28,52,13,23,25,62,43,16,11,55,31,27,20,47,22,50,7,46,48,63,53,3,58,14,12,54,17,38,34,30,26,49,44,45,51,0,9,59,6,32,57,60,15,61,40,29,39,37,4,33,56,2,18,8,41,42,21,1,5,24
60,52,51,17,16,43,8,5,49,31,24,38,39,20,22,33,26,25,40,14,55,23,1,3,2,54,11,10,32,4,41,18,63,50,7,34,45,53,57,42,58,46,21,9,6,37,15,59,29,36,0,61,19,13,48,30,27,56,28,62,47,44,35,12
52,55,10,31,11,51,23,9,21,5,34,7,33,57,38,15,8,27,63,61,3,45,32,25,44,54,50,18,22,17,35,20,29,6,58,0,42,16,60,24,59,30,36,46,12,43,39,53,13,48,49,62,37,1,19,41,28,40,14,47,4,2,56,26
7,8,4,42,57,14,41,28,38,21,23,9,13,18,12,52,15,32,11,51,3,0,47,22,60,43,54,19,62,1,5,56,46,24,44,39,17,40,37,2,26,6,45,49,58,16,33,48,10,55,29,59,53,61,30,35,27,63,31,34,25,50,36,20
29,36,25,59,6,5,50,17,54,11,51,19,0,9,44,14,23,22,18,2,3,45,26,38,8,49,24,62,63,56,60,55,34,27,47,12,46,10,15,61,28,7,43,32,41,52,1,37,33,4,31,53,39,30,57,40,48,16,20,58,35,42,13,21
9,51,43,5,41,15,17,33,29,25,13,36,27,39,63,62,1,20,28,49,34,24,45,54,55,18,6,7,60,53,59,35,23,37,16,47,52,58,46,0,21,31,11,12,38,2,19,57,14,50,8,22,3,61,48,30,56,42,26,4,10,44,32,40
21,53,10,33,59,41,63,9,23,4,26,28,54,40,3,6,56,35,27,61,39,34,32,62,48,31,36,49,7,14,45,55,5,52,16,29,24,13,46,47,20,60,22,18,43,30,25,17,37,50,19,57,44,1,11,0,15,12,42,38,8,2,51,58
6,58,54,1,8,0,20,32,2,45,62,44,16,51,24,61,15,57,47,48,13,39,18,42,9,43,41,49,29,5,21,53,50,26,17,56,27,14,11,40,55,60,23,22,37,30,34,31,19,63,7,33,12,36,10,35,4,25,28,59,38,46,3,52
12,57,40,34,38,30,51,20,48,8,36,24,28,37,62,19,3,46,63,29,14,31,45,23,42,49,6,47,10,56,54,22,18,0,41,7,32,55,4,44,35,53,52,58,60,43,13,27,9,21,2,39,17,61,1,59,50,16,25,11,26,5,33,15
22,51,10,57,33,48,17,6,34,23,1,39,55,40,4,19,60,26,62,38,52,29,45,20,37,50,43,0,36,5,46,13,21,56,35,53,3,63,18,9,11,49,24,58,2,31,15,30,42,54,12,7,25,59,28,41,27,44,32,14,16,47,61,8
20,50,12,5,22,18,17,45,29,2,54,60,27,30,55,59,14,61,39,11,1,47,26,28,57,38,9,49,6,35,19,33,31,25,53,63,4,24,15,3,0,51,46,58,21,7,48,62,41,36,34,13,42,44,52,8,37,23,10,56,43,16,32,40
31,1,36,15,37,54,45,61,27,20,11,17,12,48,14,30,56,35,44,40,43,8,0,24,39,63,47,26,42,21,62,59,46,9,7,53,16,33,34,18,60,29,55,3,52,25,58,41,23,51,4,22,49,28,38,2,57,32,13,6,5,10,50,19
55,56,27,2,25,49,0,13,17,24,52,39,42,60,47,14,62,18,36,37,35,33,1,28,8,45,44,11,10,22,21,4,31,61,3,23,19,40,54,38,58,34,53,59,9,48,57,46,12,16,29,32,51,15,6,30,26,20,41,50,63,43,7,5
15,10,52,1,12,8,25,61,16,42,0,21,24,4,63,34,55,50,53,26,13,17,9,38,29,22,41,36,5,11,60,45,49,43,39,54,14,35,46,19,37,62,48,56,57,33,28,51,6,32,31,40,20,18,2,7,27,30,47,23,58,44,3,59
14,18,20,4,34,1,26,6,61,39,38,51,59,36,62,54,25,32,0,49,27,35,21,9,29,13,50,12,15,63,52,30,41,46,47,42,45,37,2,19,57,10,16,53,11,22,33,48,24,23,56,55,8,58,60,7,5,17,40,44,28,43,3,31
27,28,21,57,1,23,10,32,43,7,35,13,22,55,17,37,60,2,58,48,31,46,26,44,56,6,36,50,12,47,14,42,0,25,9,62,34,33,8,4,45,20,41,53,5,63,29,59,54,49,3,52,15,39,38,19,40,30,51,24,11,18,61,16
12,11,58,44,21,53,30,31,62,0,7,1,4,33,28,5,39,6,25,22,14,24,51,20,3,18,47,40,13,17,60,48,49,43,57,50,32,46,26,56,15,27,2,59,54,29,45,63,10,61,38,23,8,37,42,19,9,52,36,41,34,35,16,55
25,15,62,41,16,42,0,56,19,17,24,8,48,27,47,31,49,35,57,30,34,29,7,50,37,11,9,1,28,46,3,43,32,22,33,2,5,51,14,61,55,39,6,63,44,18,40,13,36,54,21,52,20,38,58,26,12,4,23,59,60,53,10,45
40,28,8,37,35,55,20,36,38,17,30,60,32,46,1,34,6,43,31,29,22,2,61,9,33,49,51,63,54,56,58,3,21,4,48,23,39,18,14,27,53,16,62,24,7,47,41,19,0,12,25,10,5,15,45,26,13,50,57,52,11,42,44,59
4,48,30,15,6,34,45,59,8,26,29,28,41,53,37,16,42,61,3,12,35,43,52,57,32,46,7,24,40,27,1,33,58,14,51,22,23,20,62,63,9,0,10,50,5,36,11,2,55,60,25,56,49,39,31,21,13,54,47,18,19,38,44,17
18,23,61,51,32,29,48,52,20,62,40,38,37,35,42,22,34,30,19,57,14,15,60,49,3,4,46,26,11,0,63,9,39,27,41,7,21,59,31,55,2,58,5,12,44,28,6,25,16,8,50,24,17,36,54,56,53,43,10,13,47,45,33,1
11,30,32,57,59,42,56,27,12,0,7,48,14,5,29,10,43,34,47,36,45,21,23,50,63,8,38,40,20,13,26,18,35,46,37,4,31,1,17,55,16,54,49,60,44,53,51,58,62,28,9,22,3,25,61,24,39,2,15,52,41,19,33,6
48,20,18,14,11,61,40,19,9,39,58,52,29,5,63,49,51,2,55,53,42,7,50,17,56,1,24,38,27,62,23,13,12,59,35,6,0,37,32,36,10,4,46,44,16,3,47,28,31,30,21,41,33,60,57,43,45,25,8,15,22,26,34,54
33,31,48,15,36,18,11,35,26,5,63,12,30,27,14,32,43,0,41,16,45,51,24,3,54,39,47,19,13,52,37,55,10,9,6,59,40,8,29,46,62,56,60,4,28,25,57,50,42,38,2,17,58,53,22,21,20,44,49,61,1,7,23,34
48,54,2,33,13,26,36,41,21,18,39,30,15,29,60,4,37,19,46,16,59,44,45,56,40,12,58,52,10,34,1,57,35,5,14,38,63,0,27,8,28,6,43,53,55,62,61,22,25,7,20,11,24,50,31,42,9,23,17,32,47,3,49,51
12,35,45,22,0,18,2,11,59,23,38,30,37,15,39,27,10,33,32,14,56,49,31,46,52,40,55,9,34,54,24,57,21,48,62,20,1,63,41,3,17,13,7,29,28,58,25,36,4,19,16,47,42,5,26,61,53,6,44,51,43,8,50,60
43,7,37,1,35,27,30,29,18,39,3,53,48,33,55,60,59,21,28,23,19,40,44,36,58,26,12,10,32,56,5,63,54,62,34,41,22,0,16,9,50,4,24,49,42,14,47,6,46,15,57,25,13,52,38,51,17,45,11,61,31,8,2,20
1,47,7,57,5,46,48,55,29,52,38,14,43,32,31,21,35,15,6,53,34,33,11,62,39,10,56,63,24,41,37,42,9,51,61,26,16,17,45,49,58,60,8,50,19,13,25,0,23,2,54,59,4,22,40,20,18,12,36,27,3,44,30,28
42,55,63,1,6,49,40,13,62,8,51,37,31,17,12,0,28,24,38,45,56,43,41,30,7,47,58,26,19,39,2,18,11,25,14,3,23,46,36,57,53,48,52,21,44,61,32,9,35,59,5,34,4,33,10,20,54,16,27,60,15,50,29,22
8,2,12,48,10,54,40,21,61,37,29,56,17,26,20,3,33,9,0,57,30,5,31,55,38,50,34,36,6,51,52,63,42,27,16,53,1,47,60,44,49,43,59,62,7,46,32,41,23,25,39,24,14,18,58,28,35,13,45,15,19,11,4,22
11,2,5,54,32,19,39,23,6,13,38,55,35,37,1,49,62,25,34,26,22,18,12,45,48,29,10,27,14,51,46,17,53,60,33,24,57,20,61,30,59,7,16,42,56,47,58,43,15,3,50,21,41,36,52,63,8,0,4,31,9,28,40,44
2,53,38,34,45,22,59,12,28,33,52,55,26,49,11,47,39,31,43,37,63,3,20,36,62,9,4,41,29,7,54,19,25,60,1,17,50,8,18,58,23,24,16,5,46,15,0,57,56,32,51,27,21,30,35,14,44,48,40,42,61,6,13,10
19,0,42,16,26,25,13,51,4,44,62,14,28,1,6,60,59,61,12,7,32,40,37,9,50,35,45,20,3,49,56,2,21,17,36,22,55,54,41,47,38,11,10,46,15,58,24,31,5,52,18,29,43,63,33,30,27,8,57,34,48,23,39,53
62,36,46,1,57,37,32,63,52,30,42,34,39,5,49,23,47,55,44,33,27,10,16,59,9,7,8,60,56,35,15,29,53,40,4,11,43,13,17,28,12,51,31,2,26,45,18,48,19,21,41,58,3,61,54,24,25,20,22,0,6,14,38,50
10,5,43,40,34,25,15,21,39,54,22,3,33,9,6,35,1,48,31,14,16,30,61,7,24,58,51,29,18,36,23,45,52,12,26,60,55,42,44,57,59,63,53,0,56,2,37,47,8,28,27,38,17,20,4,46,19,11,62,50,41,49,32,13
63,25,39,61,16,35,27,57,4,48,41,52,50,22,23,7,17,60,58,5,51,1,30,11,6,62,36,9,29,21,46,28,34,49,2,42,26,24,8,59,53,37,40,38,43,18,20,44,15,3,56,19,12,33,32,55,14,45,47,54,31,13,10,0
0,44,14,37,52,16,45,58,33,51,19,57,25,61,40,4,20,22,12,28,11,1,55,7,23,6,46,27,13,30,34,62,10,53,56,31,8,41,21,42,60,63,48,36,59,15,2,26,49,38,9,32,29,54,24,3,35,39,50,5,43,17,47,18
50,26,32,35,34,12,28,63,52,29,57,62,41,60,8,14,9,46,23,56,1,53,43,10,30,11,6,31,49,16,17,38,13,18,27,0,54,7,37,48,24,22,47,5,3,39,44,20,21,61,2,45,33,58,59,40,4,25,55,19,51,36,42,15
56,61,17,49,40,33,11,47,45,28,7,24,41,57,31,54,16,5,0,13,44,59,4,29,14,58,37,10,9,53,34,15,60,48,30,39,63,42,23,8,22,20,2,52,55,25,27,50,1,43,26,3,6,19,46,32,12,35,38,21,51,36,18,62
32,62,43,20,26,35,50,1,55,24,10,8,56,59,17,12,53,7,27,48,25,9,28,22,49,61,11,23,6,36,47,58,39,41,52,38,18,13,37,31,63,4,40,5,33,15,21,44,2,34,3,16,0,45,57,14,30,54,29,19,51,60,42,46
41,12,7,25,56,58,33,0,5,26,21,38,32,63,52,37,59,18,44,3,35,61,54,49,29,1,48,6,15,55,47,9,20,51,46,34,31,36,17,42,4,60,45,14,8,27,19,13,16,30,53,23,39,62,11,24,43,28,2,40,57,10,50,22
24,36,30,63,2,47,29,11,35,22,8,56,51,4,59,49,32,53,33,20,18,23,17,9,28,19,37,1,26,46,31,12,50,34,42,25,60,45,54,62,6,52,48,38,41,16,61,5,55,14,15,7,10,27,44,57,3,0,40,58,39,43,13,21
14,17,28,59,50,19,0,38,61,43,6,21,33,7,58,29,8,49,45,26,40,31,5,41,60,37,32,36,23,25,57,63,22,12,62,34,16,44,24,15,39,2,20,4,56,30,53,11,52,46,10,27,1,47,9,54,35,55,3,42,18,48,51,13
44,50,29,8,56,63,51,41,11,9,20,19,33,46,37,28,61,6,23,43,55,45,3,17,25,58,57,12,32,31,35,27,1,2,47,52,53,7,15,34,5,26,39,16,54,42,22,38,24,36,49,30,62,48,40,60,14,10,18,21,13,59,0,4
43,13,48,10,21,30,50,58,49,55,4,60,52,44,3,31,18,9,61,0,63,26,40,1,23,28,62,15,8,12,5,54,38,59,39,45,2,35,27,51,24,32,53,57,47,16,14,29,34,56,25,33,42,17,11,37,7,20,41,22,46,19,36,6
47,59,49,48,31,54,53,58,9,6,19,26,46,23,13,16,7,55,1,40,8,63,38,27,22,25,0,36,11,18,33,14,5,34,24,51,56,52,10,2,44,43,60,35,32,4,42,45,57,29,28,12,3,50,21,20,61,30,15,62,39,37,17,41
30,20,14,57,23,49,46,37,6,3,42,47,52,8,59,41,33,45,32,31,51,10,58,34,4,1,0,48,43,61,11,56,2,17,53,55,19,60,62,39,28,16,63,54,29,25,7,27,9,12,15,24,36,50,35,22,38,44,21,26,13,40,5,18
8,24,3,44,57,17,34,12,40,47,18,9,61,49,59,21,27,41,13,19,2,45,26,58,53,37,15,63,11,4,56,38,52,23,39,33,1,20,30,5,25,51,42,28,62,48,60,35,29,22,54,14,43,36,16,50,46,7,55,31,0,6,10,32
15,56,48,47,7,0,38,49,39,46,37,24,8,19,32,13,36,59,33,4,3,1,62,45,63,53,29,41,20,14,18,17,60,10,12,5,55,35,43,27,22,34,23,58,50,9,26,31,61,54,16,57,30,2,28,25,6,21,11,42,44,51,52,40
59,32,49,24,42,47,18,43,30,2,33,20,61,9,60,25,16,4,57,46,1,62,56,52,11,37,40,23,58,29,22,34,26,63,55,12,6,36,7,19,54,0,21,31,39,44,17,13,48,53,38,41,27,35,14,8,10,45,15,5,28,3,50,51
3,49,19,1,56,31,42,0,32,14,43,20,16,52,48,38,61,58,23,44,59,6,41,26,22,28,18,4,55,37,15,12,47,35,2,24,46,25,7,62,60,8,5,30,54,11,51,10,63,36,21,29,39,45,53,50,33,17,9,13,57,27,40,34
31,60,2,59,50,11,46,10,42,43,24,30,39,61,40,4,26,52,7,19,54,47,9,8,53,1,21,13,16,49,36,55,45,51,37,38,33,34,56,18,15,23,5,6,25,17,29,63,57,0,3,48,27,32,14,58,62,35,12,28,41,44,20,22
55,8,50,21,45,46,2,10,44,28,35,30,37,29,14,23,52,63,39,56,7,38,43,36,19,6,16,40,20,59,11,12,53,41,32,34,1,33,9,48,58,49,22,5,27,17,62,15,0,42,25,13,4,57,3,24,26,31,47,51,60,61,54,18
9,41,53,47,12,48,60,24,44,23,45,8,15,54,14,21,13,11,30,34,7,58,33,42,40,49,50,2,17,4,5,63,28,10,36,39,26,59,16,31,27,57,0,52,22,25,1,38,35,62,56,29,18,43,61,51,37,20,19,6,3,46,32,55
24,55,22,27,44,7,10,1,34,40,51,42,29,14,39,13,23,36,56,26,25,31,20,45,6,46,50,18,11,28,37,2,8,17,4,57,33,59,54,62,3,53,60,21,48,63,5,49,47,32,15,0,43,19,30,58,16,9,12,35,41,52,38,61
19,20,48,36,56,47,40,41,10,22,3,26,52,21,33,6,24,29,25,59,17,11,4,28,18,15,42,49,54,63,5,46,35,16,7,57,23,31,51,34,50,32,1,39,13,0,14,62,44,43,60,58,53,55,61,45,8,27,12,2,30,38,37,9
52,26,16,39,37,45,2,57,4,29,32,24,19,59,36,50,20,17,63,28,14,25,40,27,5,31,21,60,7,12,51,44,10,55,1,15,38,30,53,35,49,61,54,18,42,34,33,46,0,11,62,48,8,47,6,3,13,43,9,58,56,23,41,22
20,5,57,4,8,1,22,31,3,13,14,53,49,18,44,41,27,15,43,52,6,33,38,26,55,10,30,16,25,36,58,7,42,54,48,24,11,17,56,29,39,37,23,35,9,59,40,12,63,51,45,21,46,34,60,0,62,19,61,28,47,2,50,32
15,34,20,50,45,27,8,51,59,22,37,17,13,33,55,3,4,6,30,63,19,1,40,2,25,12,48,57,7,11,18,9,24,0,14,62,41,5,44,61,60,46,28,16,39,56,26,29,49,52,53,58,36,10,35,21,43,47,32,23,54,42,31,38
40,29,9,57,30,34,10,51,26,27,54,55,42,62,52,17,56,25,15,6,5,3,61,0,60,63,18,44,37,53,32,31,46,39,24,38,22,23,48,4,13,36,50,41,14,11,45,58,16,19,33,1,2,20,21,8,43,12,35,7,49,59,47,28
42,52,19,35,27,63,33,14,59,6,30,0,46,40,4,23,3,5,41,9,54,60,20,28,26,39,29,25,51,13,22,49,58,8,17,43,7,18,38,24,2,31,62,53,50,16,15,45,61,11,47,10,37,36,56,34,55,48,32,21,44,12,57,1
36,33,17,46,9,30,19,63,14,3,47,52,2,16,41,56,1,22,4,57,39,8,27,58,6,15,42,7,34,48,11,29,45,40,59,38,60,5,31,20,12,53,32,28,49,37,50,55,43,51,18,23,26,24,21,25,35,44,54,62,10,13,0,61
25,34,23,42,38,44,1,26,43,9,45,33,21,12,10,57,50,36,52,28,40,47,4,63,58,24,54,39,29,30,0,3,27,51,20,59,19,55,17,31,48,22,11,16,2,61,60,41,46,49,37,13,53,15,14,5,56,35,7,8,32,18,6,62
30,61,6,60,47,14,35,26,3,55,53,41,54,28,36,11,12,15,44,5,31,49,57,23,20,38,1,10,8,18,22,2,9,59,43,37,17,56,13,7,21,46,39,52,42,58,33,16,34,51,63,0,29,27,40,32,4,25,48,19,50,45,24,62
36,42,43,52,47,40,18,54,30,21,50,57,61,58,49,34,63,2,28,31,45,3,14,41,19,59,9,8,23,32,4,48,22,25,24,7,38,62,51,27,11,39,15,56,1,44,20,13,0,5,33,53,46,6,16,10,12,29,55,37,26,35,60,17
52,15,63,7,53,45,60,42,36,30,18,51,32,8,59,9,2,0,39,29,16,58,49,22,13,31,34,33,55,17,27,48,37,24,54,26,20,5,46,56,6,25,1,57,4,43,62,14,61,10,3,21,19,28,23,12,11,47,50,38,40,41,44,35
46,33,54,55,11,48,61,44,23,37,56,17,58,40,39,51,57,59,25,2,53,60,49,26,5,43,22,27,16,4,42,0,9,41,12,14,18,24,62,10,20,28,34,38,7,63,3,50,31,45,32,35,29,30,36,13,15,47,19,52,1,6,21,8
19,45,16,26,9,22,38,35,46,41,44,0,13,34,14,62,37,3,17,40,27,47,33,28,59,30,51,36,56,2,48,11,43,55,4,7,21,20,12,32,52,29,57,60,58,54,53,39,42,1,24,8,63,18,25,6,23,49,15,61,5,31,10,50
44,35,46,42,22,47,12,17,13,36,31,18,10,1,37,62,41,38,40,33,48,4,59,32,15,2,25,55,50,5,34,54,8,63,9,56,3,21,30,20,0,16,11,43,58,14,52,28,61,23,29,45,53,6,39,26,24,27,19,49,57,7,60,51
45,42,21,23,54,2,33,49,4,55,35,56,59,10,39,1,40,13,47,27,14,62,46,12,11,30,63,36,51,8,22,3,50,28,0,24,17,48,19,61,7,53,32,41,57,29,34,25,9,37,60,26,20,31,15,52,38,43,18,44,58,16,5,6
11,31,3,4,41,10,63,0,20,23,58,55,38,61,21,6,50,16,12,5,44,17,32,33,57,37,8,46,53,51,56,2,19,29,13,18,40,60,45,54,39,52,34,49,48,30,24,36,42,27,14,9,59,47,15,26,35,22,62,43,7,28,1,25
44,14,58,25,23,45,4,56,46,3,61,0,59,62,48,40,15,50,16,10,19,55,34,22,30,6,32,26,13,8,1,39,2,63,52,31,21,9,5,7,27,36,38,18,35,29,49,43,12,60,24,42,57,37,11,53,20,33,17,47,28,54,51,41
25,24,36,2,39,0,47,22,12,11,14,46,31,17,40,1,45,62,53,28,26,8,34,58,32,60,50,29,37,15,55,6,5,18,3,44,56,23,61,16,38,41,13,19,4,21,9,27,57,7,52,10,49,33,35,20,63,48,54,43,30,59,51,42
22,16,47,8,32,34,54,35,27,6,14,17,4,52,62,45,49,26,51,55,25,20,0,29,10,9,19,44,13,30,31,42,5,41,37,33,18,38,59,12,7,50,43,40,39,36,24,57,23,3,11,53,61,60,46,21,48,28,15,1,2,63,56,58
42,41,40,1,28,45,61,53,50,23,17,48,12,49,57,51,60,2,29,35,8,27,18,32,33,30,21,58,15,13,34,26,37,36,31,54,24,0,22,20,38,16,5,14,55,39,7,47,59,11,44,46,10,3,25,56,19,63,9,43,6,62,4,52
38,26,44,10,32,47,15,4,27,36,48,5,18,28,29,39,19,63,53,34,1,0,20,57,31,17,59,22,21,37,46,60,6,12,2,30,24,43,49,51,25,56,50,8,9,7,52,3,35,16,55,54,41,11,40,33,42,58,61,14,45,62,13,23
60,43,12,50,24,28,20,54,41,53,26,39,48,29,34,32,33,46,7,22,21,35,14,5,4,57,23,6,56,13,9,2,15,45,44,17,58,18,59,37,25,63,3,8,36,19,51,55,40,61,31,62,11,0,10,47,42,49,38,30,52,16,1,27
11,42,56,52,32,55,34,9,0,46,21,39,53,60,2,18,25,10,15,44,30,47,24,54,51,5,45,31,57,63,7,36,40,20,48,12,4,13,17,27,43,50,28,29,59,3,19,14,6,22,41,62,49,58,23,35,1,37,38,61,33,16,26,8
8,6,13,11,28,26,0,24,39,27,17,9,42,41,14,35,19,7,4,59,63,5,58,45,55,40,15,23,52,43,60,47,61,29,46,33,12,20,51,62,38,57,49,36,2,54,30,10,48,31,34,37,56,44,3,50,32,16,25,53,22,21,18,1
39,54,41,28,34,62,26,60,42,30,24,15,45,19,53,21,0,4,48,51,27,33,23,40,56,63,32,59,3,37,22,57,12,47,36,17,61,14,35,46,2,58,29,7,38,6,18,44,52,10,50,43,1,13,31,20,5,8,11,55,49,25,16,9
53,58,62,63,7,38,42,32,26,43,54,55,6,44,33,4,25,12,28,48,50,40,31,52,21,10,23,16,36,14,41,39,22,34,56,11,18,27,57,59,5,35,60,0,45,30,37,61,29,46,19,9,15,51,17,20,3,24,8,47,13,2,1,49
29,9,4,33,11,53,0,59,6,1,62,14,50,27,39,43,58,41,52,42,24,40,16,26,47,10,34,5,13,19,7,61,57,20,44,22,3,56,45,23,55,37,51,21,15,18,36,46,25,2,60,12,49,8,35,63,31,17,54,30,32,28,38,48
63,29,11,0,8,50,36,30,13,9,3,39,60,57,43,15,34,25,55,32,23,62,44,51,54,17,41,42,12,10,38,33,21,40,61,52,16,24,27,37,18,22,46,5,59,2,45,6,20,26,28,14,58,49,35,47,31,53,1,4,19,48,56,7
25,30,29,63,20,45,7,14,52,12,34,35,51,46,6,31,40,50,49,56,4,62,16,3,0,57,59,39,26,2,11,9,10,13,5,54,38,41,44,61,33,32,8,47,48,24,58,53,60,37,22,1,55,27,15,21,42,18,19,28,36,17,43,23
33,39,9,44,38,2,16,7,31,52,37,22,54,32,58,3,48,1,5,23,20,63,10,43,14,13,0,30,61,51,50,53,21,17,34,59,36,26,55,56,62,29,18,19,42,49,15,4,6,47,57,41,28,8,60,40,46,11,35,12,24,27,25,45
16,45,53,52,28,49,17,29,18,62,39,63,7,32,47,0,36,54,51,59,46,12,40,33,23,57,13,34,2,38,35,26,44,10,31,20,8,6,27,56,4,61,60,58,5,9,14,25,19,48,22,37,50,21,42,43,55,1,3,24,15,41,11,30
0,1,61,4,34,40,16,5,56,22,37,57,53,20,17,15,3,39,45,48,31,42,62,21,27,55,52,50,26,6,60,18,7,33,2,49,47,23,14,58,43,54,9,35,8,11,29,32,13,30,19,44,46,36,24,25,51,59,12,10,28,63,41,38
43,56,45,62,27,11,41,0,9,54,47,51,34,14,63,61,10,58,55,16,48,19,12,37,8,39,36,44,24,52,32,17,35,7,26,15,25,28,6,2,38,22,33,29,60,59,46,42,4,40,23,20,49,1,30,18,3,5,31,50,13,57,53,21
13,31,50,37,61,59,52,30,51,22,45,26,39,60,35,40,53,18,8,5,38,9,36,58,2,11,29,1,49,12,41,56,46,42,14,57,47,3,23,0,16,21,48,55,33,34,44,7,20,63,54,17,24,62,43,6,28,25,4,27,15,10,32,19
43,28,57,30,8,56,38,36,42,18,14,33,1,35,53,52,34,7,5,60,54,51,9,44,46,3,45,17,4,31,39,24,21,62,50,32,13,40,58,11,6,49,0,23,15,37,59,27,29,22,47,61,19,55,41,20,16,63,26,2,48,25,10,12
3,23,36,17,27,35,29,32,44,47,57,16,28,52,59,33,31,50,60,51,0,24,8,30,14,22,18,9,20,19,39,21,62,1,58,2,13,12,10,38,37,55,5,53,34,4,48,45,40,56,42,15,26,41,43,25,63,7,61,46,11,49,6,54
26,16,0,6,33,39,60,14,8,41,7,51,2,29,20,27,10,59,47,40,28,43,5,31,37,35,21,54,17,52,36,49,23,25,38,50,46,3,30,19,34,63,56,42,61,44,24,45,48,22,15,57,32,13,12,55,18,11,53,4,1,58,9,62
2,52,28,24,26,37,3,59,18,48,55,6,27,63,61,51,62,45,11,34,42,5,15,33,56,60,30,10,4,46,14,12,16,58,19,9,36,17,22,13,8,29,57,54,20,40,0,43,44,35,47,41,7,32,39,1,53,38,50,31,21,49,25,23
40,13,43,7,59,31,36,26,12,49,44,35,20,46,53,42,37,10,33,56,28,48,63,9,23,50,16,14,25,4,15,21,0,3,55,1,29,6,17,39,61,27,11,18,57,47,32,54,38,62,58,41,2,60,52,24,45,19,51,22,30,8,5,34
33,57,0,10,36,21,35,32,3,63,1,48,42,13,52,4,34,45,25,7,12,44,19,53,62,18,58,5,56,26,39,27,22,17,23,51,20,31,38,15,37,29,46,55,2,61,59,60,30,16,40,54,8,47,6,43,9,28,24,50,49,11,41,14
49,1,28,9,8,0,37,23,4,46,40,44,35,38,50,3,47,19,54,39,6,24,2,29,56,22,21,48,16,63,7,25,36,42,17,58,57,10,52,13,26,5,62,20,45,11,60,34,18,51,43,31,41,12,33,14,59,32,61,27,30,53,15,55
30,28,2,53,18,16,52,35,62,48,37,0,36,5,3,59,49,22,42,23,63,58,50,6,1,20,33,55,29,21,46,38,31,45,17,60,19,25,10,8,54,51,9,24,11,34,61,44,12,43,56,57,47,4,40,15,26,7,14,13,27,39,41,32
1,58,13,62,51,46,56,36,45,17,24,35,8,3,5,27,29,53,34,25,48,14,61,21,41,54,23,22,52,18,9,15,55,11,26,2,6,57,42,44,39,63,31,16,32,38,30,10,19,4,49,40,37,60,0,43,28,12,59,33,50,20,47,7
56,5,39,24,14,11,53,1,41,58,18,62,36,22,21,35,25,7,47,54,42,32,33,44,37,52,20,16,34,2,9,48,49,60,19,61,17,40,63,59,46,15,50,4,31,43,23,6,3,26,13,38,55,51,12,45,8,0,28,29,57,30,27,10
38,42,47,22,26,46,44,19,8,62,14,15,58,4,18,28,9,52,25,48,51,29,37,55,7,27,6,41,24,63,13,45,20,23,21,12,35,39,40,60,36,1,3,2,30,54,32,33,31,43,34,0,50,11,17,57,5,49,16,56,53,59,10,61
45,46,48,58,47,6,20,62,30,19,56,4,41,13,27,21,63,10,43,8,36,42,33,28,59,60,44,22,54,61,2,18,49,35,0,11,40,14,57,32,17,15,38,5,31,51,3,55,24,53,37,26,9,23,50,29,39,12,52,16,1,34,25,7
49,55,30,29,18,60,39,38,32,9,16,54,51,36,28,58,20,26,11,8,12,47,34,15,31,14,56,1,44,7,6,50,33,52,25,41,53,40,45,61,43,3,63,59,48,27,19,37,24,10,57,35,22,13,5,23,62,0,21,17,42,4,46,2
55,9,24,36,37,43,25,29,62,13,50,7,2,60,40,54,58,15,61,56,6,33,32,41,53,17,20,47,12,8,21,10,1,57,51,5,48,19,27,34,22,39,45,52,4,31,26,16,30,46,18,49,3,11,38,0,42,23,59,63,44,28,14,35
51,29,61,53,31,34,15,19,23,56,45,47,43,12,3,39,2,55,40,7,38,49,14,11,27,33,35,58,46,37,21,13,22,32,28,52,10,59,6,60,8,44,16,1,63,30,20,57,36,54,24,5,26,4,25,48,62,42,9,0,50,17,41,18
33,35,10,1,37,17,6,47,39,46,29,0,24,5,2,43,40,20,54,8,58,62,7,31,61,27,9,32,3,52,53,22,26,55,21,38,13,18,59,14,50,36,41,28,48,42,57,49,11,44,51,30,56,63,16,45,15,23,25,60,4,34,12,19
29,28,46,8,21,14,60,61,44,5,26,53,25,59,50,37,23,3,51,2,52,24,1,18,6,38,41,13,48,47,57,4,43,55,10,9,39,31,56,58,33,19,20,62,11,15,42,17,49,16,12,34,35,40,22,36,7,45,32,30,27,0,54,63
32,11,9,44,30,2,47,29,41,36,49,15,21,56,61,33,3,31,46,54,52,57,23,6,4,48,16,20,55,28,8,19,0,17,34,22,50,14,58,42,62,18,7,39,5,38,43,25,24,60,45,12,26,63,40,1,27,35,53,13,51,59,37,10
21,13,50,43,33,49,40,46,56,17,22,53,51,1,60,35,29,45,27,5,19,9,31,44,14,24,15,30,0,25,23,2,16,41,10,59,8,61,28,34,63,58,32,7,39,6,52,3,54,18,12,47,57,48,20,4,42,37,62,26,11,55,36,38
61,52,63,43,62,53,25,45,31,9,42,44,36,5,2,38,60,3,35,57,1,6,0,58,8,18,59,26,22,28,19,11,14,56,10,41,55,50,37,40,33,13,17,12,23,7,27,20,46,4,49,34,15,47,16,51,39,32,21,48,29,30,24,54
12,52,11,29,40,60,62,6,23,9,55,19,18,28,59,15,22,54,24,47,35,51,57,31,20,1,44,39,14,4,3,32,49,34,48,33,30,53,0,38,13,21,27,36,58,17,8,61,46,5,63,45,56,26,7,25,42,41,43,10,50,2,37,16
18,41,32,55,30,4,37,10,52,2,19,36,48,47,38,7,35,33,31,34,3,16,60,20,28,6,45,8,50,29,43,40,63,61,57,59,44,23,13,1,12,14,39,54,21,51,22,46,24,62,25,15,42,17,11,53,0,5,26,58,9,49,56,27
25,58,61,6,55,0,48,20,30,28,8,56,15,36,9,24,34,11,29,35,17,16,45,63,33,10,44,2,60,42,32,12,52,3,47,46,43,4,22,62,21,50,14,23,38,41,37,57,1,53,49,19,26,40,39,51,54,31,5,27,18,59,13,7
45,61,15,44,28,1,3,11,52,62,55,29,59,7,5,50,36,41,49,19,12,27,57,26,22,58,60,4,9,18,48,16,39,8,31,46,42,13,51,63,54,56,33,17,35,38,24,37,47,40,43,10,23,30,14,53,6,25,2,0,21,32,34,20
32,14,52,3,38,17,25,8,62,20,11,18,54,49,12,60,56,40,44,47,7,6,31,30,26,10,34,13,55,24,0,19,37,36,42,51,46,58,33,53,50,45,5,39,63,29,48,23,21,2,43,16,59,27,1,15,35,28,22,61,9,4,41,57
39,28,40,58,22,6,55,32,52,9,15,61,42,3,29,63,27,36,24,33,34,11,4,44,37,0,53,14,60,19,49,54,30,62,1,5,59,46,51,25,2,8,21,35,20,57,7,38,41,13,26,47,18,23,50,48,17,12,31,56,43,45,10,16
44,61,2,51,25,1,9,41,7,21,8,55,28,22,63,34,19,58,50,54,14,60,29,35,18,43,0,38,10,36,52,30,56,57,5,33,4,15,53,16,17,46,24,32,48,37,11,23,45,40,31,12,3,39,13,26,62,59,49,27,42,47,20,6
40,26,9,35,19,57,56,14,7,29,43,34,33,5,30,2,44,4,52,31,0,54,27,58,16,17,24,1,21,60,28,23,32,63,22,45,25,10,47,53,51,38,6,15,20,36,46,49,37,41,11,18,13,48,3,55,62,42,59,12,50,61,39,8
8,14,1,40,52,10,31,11,2,24,56,44,9,54,26,5,53,32,63,34,35,25,4,6,37,55,62,47,33,3,38,61,46,22,23,29,13,18,41,17,50,7,12,39,36,42,16,27,49,28,45,15,58,20,43,19,60,0,21,51,48,57,30,59
26,19,1,2,17,39,9,42,36,27,11,12,55,40,14,4,16,43,22,24,7,21,6,58,3,47,52,62,63,59,25,32,8,10,49,57,60,61,44,41,0,38,20,28,56,53,34,48,15,46,51,23,29,37,31,5,33,45,30,50,13,18,35,54
7,26,45,62,22,53,4,43,23,42,55,27,57,21,13,6,28,63,3,40,14,44,60,8,48,32,46,24,54,15,39,16,11,9,51,30,61,1,10,35,59,50,52,20,12,41,38,34,58,19,0,47,29,17,2,25,33,37,49,18,5,31,56,36
43,3,19,15,2,52,20,36,22,54,18,25,7,30,29,11,27,51,39,10,6,53,13,37,42,33,46,62,5,24,40,14,57,47,60,48,4,17,44,41,38,61,8,34,16,31,23,59,0,32,56,26,1,63,21,50,49,35,12,28,9,55,58,45
10,17,33,44,57,4,43,32,59,56,0,28,38,21,31,15,50,23,51,54,63,29,13,22,2,1,53,37,6,9,61,8,12,62,25,34,19,40,20,41,46,7,60,48,11,24,16,39,26,36,14,35,52,5,3,58,18,47,30,45,55,27,42,49
50,27,9,20,38,13,8,25,14,54,33,5,15,6,3,28,47,0,31,4,16,17,18,19,24,10,51,60,11,23,61,7,39,35,62,56,2,37,36,49,32,43,41,1,63,46,59,48,53,40,58,45,21,22,55,26,44,57,52,42,30,29,12,34
41,25,50,24,15,6,46,27,58,29,2,1,49,51,18,55,40,32,53,37,57,42,10,33,60,13,0,7,11,9,44,21,14,28,5,4,63,16,34,3,39,31,36,52,17,47,8,35,48,19,22,43,30,12,20,45,23,54,61,26,56,59,38,62
14,32,39,51,57,6,9,7,35,33,58,49,60,23,15,25,1,34,13,61,59,48,31,50,8,17,12,55,53,20,24,43,46,4,52,2,3,11,0,29,62,28,5,40,36,10,45,16,44,37,38,21,18,47,26,41,27,63,42,56,30,19,22,54
61,55,14,8,27,56,31,12,20,18,45,30,52,9,48,57,26,53,4,37,6,19,40,5,15,36,22,17,25,33,42,39,21,46,28,34,49,63,2,16,10,51,62,29,60,24,54,44,59,3,13,58,0,1,41,47,50,32,7,35,43,23,38,11
32,33,48,58,60,20,41,8,28,54,50,44,17,57,47,12,51,9,4,21,43,46,63,35,27,22,6,29,24,34,23,38,19,7,26,49,61,31,13,5,62,10,55,14,25,3,1,45,36,18,56,11,39,52,53,2,16,0,30,59,15,40,37,42
31,61,4,21,50,55,49,13,15,38,29,42,9,43,18,23,0,10,37,45,58,14,59,33,28,60,17,16,8,27,51,7,56,1,52,53,25,62,47,36,20,57,12,24,48,22,6,11,44,63,54,2,19,40,34,3,35,30,26,39,46,5,41,32
36,4,49,1,57,60,56,40,18,21,53,28,55,22,0,45,24,35,29,58,34,42,6,47,31,38,41,13,46,43,2,19,14,3,50,51,10,62,37,7,48,32,26,5,33,11,27,44,16,54,12,63,30,59,20,25,17,39,61,9,15,23,52,8
62,48,38,30,28,9,19,7,11,25,10,60,49,16,22,47,31,13,27,26,50,45,46,51,20,12,15,24,54,4,33,55,14,2,18,41,42,57,29,35,43,6,58,59,23,44,3,5,8,1,61,37,32,17,21,56,39,40,63,34,0,53,36,52
57,61,12,42,6,19,62,13,26,54,37,4,50,51,36,29,2,27,24,3,59,49,39,48,23,10,0,55,22,44,8,47,17,11,15,60,52,28,1,41,63,34,7,58,31,46,56,16,14,33,53,21,45,38,43,32,30,9,35,20,5,40,25,18
51,10,45,15,37,57,55,62,56,48,44,1,0,42,43,52,49,6,54,46,30,16,39,22,28,26,34,9,13,29,58,53,40,8,24,32,21,33,23,3,61,59,63,50,11,20,35,38,5,2,25,36,47,4,41,18,19,7,14,31,27,60,17,12
41,16,58,62,14,45,39,54,53,63,21,5,33,59,8,51,7,10,17,9,40,20,35,6,23,1,38,28,37,57,34,4,50,49,43,11,47,61,18,46,26,30,25,19,15,42,2,48,55,56,0,22,36,60,29,44,24,52,3,32,27,13,12,31
44,51,15,26,32,16,61,21,24,14,22,13,20,4,2,36,34,53,45,38,56,42,11,60,48,59,31,54,52,62,39,57,23,35,25,10,28,29,37,27,17,55,19,40,12,58,50,6,7,1,63,5,18,41,43,47,0,30,8,49,46,9,33,3
11,32,47,18,7,45,40,16,1,20,19,6,39,62,23,4,15,9,28,0,60,52,46,17,2,63,57,42,50,44,41,59,37,51,55,25,53,43,14,34,22,31,36,5,54,49,27,33,24,30,12,61,21,56,58,10,29,13,26,48,3,8,35,38
46,6,63,38,12,30,34,2,56,54,28,40,32,18,55,9,24,35,48,21,45,39,16,47,53,62,49,7,51,37,50,26,23,14,8,13,20,27,22,33,31,60,52,59,44,43,17,5,42,36,0,29,4,25,11,61,58,15,10,57,3,19,41,1
44,17,1,55,3,4,54,11,19,60,16,37,28,24,8,14,13,52,5,49,61,7,57,48,21,20,53,40,58,62,33,2,27,26,51,42,36,50,29,43,9,0,59,30,12,31,23,56,10,35,46,15,34,45,6,47,39,18,25,22,38,32,63,41
17,31,62,1,42,48,29,40,59,16,61,34,15,45,49,35,46,11,52,12,56,43,6,50,47,32,22,57,23,51,21,0,25,36,8,37,60,19,7,28,58,63,4,9,33,26,3,24,53,38,13,20,54,41,14,5,2,30,39,44,10,55,18,27
18,26,15,28,40,11,17,27,58,57,55,60,13,29,30,42,39,63,12,20,52,56,36,35,10,49,16,34,1,5,44,19,22,33,3,2,53,31,45,62,8,25,32,37,51,41,38,43,4,23,0,61,50,6,47,9,46,21,7,14,48,54,59,24
40,55,36,13,38,4,53,56,33,59,20,48,45,46,10,63,24,61,41,42,21,58,0,62,16,57,43,51,26,31,30,28,17,22,6,37,50,32,15,7,52,54,18,5,34,49,39,25,9,35,19,44,27,3,47,1,60,8,23,29,14,12,11,2
13,3,8,5,12,49,57,48,47,56,26,17,9,44,10,35,19,18,20,53,51,45,37,63,41,0,15,42,24,54,29,58,52,2,36,43,34,16,23,33,32,62,50,59,55,11,4,40,60,61,46,1,7,30,39,22,27,31,28,21,14,25,6,38
42,48,6,31,60,29,22,5,51,38,62,27,10,39,41,57,17,26,14,35,21,45,11,13,12,47,61,55,15,56,59,23,25,9,2,46,4,32,33,44,30,36,1,40,53,63,0,8,20,58,50,16,49,28,43,18,54,52,19,24,34,37,7,3
32,42,25,53,4,2,35,10,59,5,50,46,7,37,26,30,49,6,31,60,54,36,57,55,17,28,13,41,8,51,24,45,61,63,62,39,9,16,33,48,3,0,20,52,19,12,14,29,58,15,23,27,56,11,22,21,40,1,47,34,18,43,38,44
22,0,3,29,58,36,59,32,40,49,55,54,16,51,48,56,4,62,21,9,26,33,47,10,50,31,61,23,5,24,30,28,12,18,42,34,19,45,37,38,43,6,14,52,60,1,44,13,35,20,41,7,46,39,27,11,8,15,17,53,63,25,2,57
38,28,44,1,3,43,20,59,63,49,16,33,46,57,50,56,52,61,0,47,55,54,8,53,32,29,5,26,19,39,30,37,7,21,58,25,42,45,36,17,22,60,9,34,24,51,6,11,18,14,2,62,15,13,35,40,48,31,23,12,4,27,41,10
17,23,38,34,2,35,36,56,44,47,54,5,41,46,0,57,22,14,31,27,32,1,60,33,43,53,13,10,16,26,61,3,4,24,29,9,59,40,37,8,42,63,39,52,12,18,20,25,30,49,45,55,58,11,19,7,15,6,51,50,28,62,21,48
12,20,8,40,47,56,25,23,13,58,4,7,37,10,46,38,30,29,34,54,49,15,5,45,6,26,32,9,43,14,60,17,19,44,1,53,41,18,51,28,0,55,63,59,35,16,33,62,31,57,11,50,39,42,21,22,24,3,52,2,48,61,36,27
38,48,62,60,19,50,23,31,22,16,59,44,11,46,8,17,6,25,28,43,63,0,51,58,40,56,12,10,9,21,7,4,53,20,13,32,57,36,41,34,49,54,37,24,39,30,26,1,14,45,55,33,61,35,47,5,18,15,3,27,52,2,29,42
14,32,47,53,27,52,38,11,57,60,41,19,36,24,7,0,48,25,40,34,54,20,28,31,9,42,3,37,18,15,12,46,45,6,2,30,35,5,55,17,29,4,59,10,21,58,49,63,39,33,62,8,26,44,51,61,16,43,50,1,22,23,56,13
3,34,57,38,1,53,49,20,22,13,63,15,40,23,55,16,6,52,58,36,8,19,37,9,56,5,0,45,26,41,59,28,17,11,50,2,47,48,42,39,51,18,61,60,14,25,21,29,35,10,33,62,32,44,30,31,7,46,27,54,24,12,4,43
16,41,21,25,32,7,24,40,60,29,44,26,9,20,6,50,51,11,59,27,15,22,55,33,38,17,1,31,2,54,5,39,13,57,58,45,56,42,28,37,23,48,10,47,14,8,36,4,61,62,19,0,43,46,30,3,35,53,49,18,12,34,63,52
28,6,47,16,15,57,48,2,18,38,4,24,21,60,43,37,10,42,9,11,63,0,56,49,25,29,23,62,31,17,53,26,35,22,19,32,30,58,46,14,50,54,44,45,8,34,41,5,51,40,20,33,12,7,59,55,61,36,13,39,3,1,52,27
37,36,41,17,3,21,11,26,18,60,27,38,16,14,5,47,9,44,50,7,52,59,42,57,61,30,39,20,35,33,63,31,51,10,62,58,23,43,19,0,29,28,8,40,46,22,6,4,24,53,12,45,49,32,34,55,13,54,1,48,56,15,2,25
48,15,4,44,40,19,27,59,6,45,0,62,10,9,53,33,22,12,63,24,13,38,29,52,31,3,47,51,16,18,7,54,8,55,2,46,5,50,26,20,30,36,34,58,25,57,39,1,42,60,56,49,37,41,43,32,28,11,14,17,35,61,21,23
38,31,52,49,13,35,25,9,62,48,27,44,29,32,19,50,11,7,6,0,34,42,18,14,33,28,40,10,16,39,24,20,59,12,1,46,30,3,57,23,45,21,26,55,51,15,47,43,41,37,60,61,63,56,5,53,4,54,17,36,58,2,8,22
52,9,6,20,5,37,58,29,7,59,23,10,57,48,61,26,17,45,39,53,0,47,14,42,8,22,16,15,28,27,19,36,56,18,2,62,24,41,46,34,40,35,55,51,1,13,12,49,31,63,44,50,54,21,38,4,25,32,3,43,30,33,11,60
26,4,40,34,53,60,21,5,43,45,50,57,56,3,31,7,8,16,36,17,33,58,46,37,52,1,61,48,62,39,41,24,18,55,28,63,27,19,0,23,22,44,25,20,29,30,32,6,12,11,14,15,2,13,51,59,49,47,10,38,35,9,54,42
47,58,4,43,0,20,36,11,35,26,34,62,5,1,29,45,50,10,14,63,23,21,12,13,40,38,30,60,22,46,18,42,56,32,59,16,49,2,6,31,41,57,19,28,9,52,51,33,61,8,3,17,25,44,48,27,53,24,7,54,15,55,37,39
18,2,32,38,44,39,48,50,1,34,30,26,17,29,58,40,22,15,3,24,49,55,5,12,19,10,23,41,33,20,47,13,51,9,25,56,60,36,31,6,62,4,43,37,28,42,11,27,45,7,52,8,63,0,54,57,53,61,59,21,16,14,46,35
43,38,32,42,8,39,19,63,52,47,18,24,59,10,37,53,23,55,17,49,35,27,50,3,2,0,28,60,36,62,40,9,56,22,48,20,25,4,13,54,61,12,6,7,44,11,46,51,58,34,14,16,1,26,33,57,5,30,15,29,45,31,41,21
62,10,31,53,45,37,59,44,5,34,28,46,9,36,40,41,56,33,18,58,47,14,32,13,60,50,55,30,63,25,24,23,29,2,49,17,61,11,21,26,15,42,54,6,27,20,12,38,43,51,52,4,35,16,1,8,39,7,0,57,22,19,48,3
18,22,63,5,24,40,20,38,21,28,58,41,4,55,39,37,47,9,30,8,54,31,27,57,3,15,17,44,11,56,35,48,46,49,19,60,1,29,61,10,42,45,14,43,2,32,51,50,13,25,26,62,52,7,33,23,59,53,6,36,0,34,16,12
43,17,7,12,25,62,3,11,37,24,1,26,6,57,22,27,32,16,23,20,10,33,30,8,9,18,31,38,56,29,34,5,13,50,40,35,49,59,19,48,52,60,53,42,4,55,58,2,39,61,41,47,44,36,63,51,45,54,21,28,15,0,14,46
54,33,20,27,16,8,15,24,42,31,61,13,52,10,53,6,38,43,37,46,22,62,23,47,12,60,17,58,9,48,19,0,14,29,55,35,18,4,26,63,50,36,11,2,41,39,51,3,49,5,57,7,1,40,21,32,45,28,59,34,44,56,30,25
17,60,25,57,59,26,8,41,38,15,2,46,56,45,52,28,29,37,18,0,19,13,42,47,31,40,4,1,32,14,6,27,9,61,21,10,3,51,12,49,62,55,50,33,43,22,63,44,24,20,5,30,7,23,36,58,54,11,34,35,39,48,16,53
62,30,0,9,26,56,13,59,20,19,36,28,22,12,63,5,4,16,39,37,14,31,41,2,1,3,29,25,45,60,17,33,47,18,48,6,54,50,53,38,46,15,10,52,8,35,42,34,44,58,11,21,40,23,24,57,7,27,43,61,51,55,49,32
16,58,11,40,46,19,45,53,38,51,25,1,26,10,55,39,24,34,22,42,0,15,52,21,57,17,2,59,35,33,28,50,20,9,7,29,3,47,18,13,31,48,5,60,37,27,8,44,30,32,4,62,6,41,43,36,61,12,23,54,14,63,56,49
22,37,1,27,33,26,0,7,44,43,19,11,51,49,21,60,4,17,32,39,23,53,41,14,16,34,13,8,9,24,54,52,3,5,47,63,35,28,55,6,31,56,36,61,12,62,30,25,48,2,58,57,45,20,15,18,40,46,59,10,50,29,42,38
47,37,38,24,28,43,2,42,34,39,26,35,22,12,49,32,45,19,13,16,46,9,58,7,27,0,3,53,6,33,20,54,40,4,18,8,62,44,30,31,11,1,61,15,59,41,63,57,36,17,10,56,29,25,55,14,23,51,5,50,52,48,60,21
10,44,19,43,40,3,58,51,18,5,60,31,8,63,25,62,27,39,0,53,54,57,48,4,34,30,22,38,14,2,20,11,33,59,50,17,35,26,28,15,36,49,47,29,16,52,12,24,55,41,61,1,32,7,46,56,6,13,42,37,23,9,21,45
34,51,2,12,32,48,8,55,56,62,29,16,21,1,15,46,28,54,19,20,33,36,23,50,57,9,44,7,3,25,60,31,37,58,17,47,24,14,63,35,53,5,13,27,40,52,49,10,26,30,18,42,61,59,11,43,4,41,38,45,6,39,0,22
50,16,36,6,26,10,30,45,42,57,48,12,35,40,51,61,43,60,32,41,39,54,37,19,2,15,31,27,44,14,25,18,4,29,7,0,58,1,20,23,52,11,46,3,5,49,63,22,34,33,8,59,24,17,47,38,13,56,62,21,53,28,55,9
9,39,26,34,5,14,18,24,21,62,16,8,50,51,29,41,44,28,36,55,6,46,30,7,53,22,43,3,33,52,27,23,31,49,12,15,47,25,40,2,45,48,1,61,60,11,13,54,38,19,59,56,57,0,17,35,20,4,10,32,37,58,63,42
22,14,49,28,50,48,47,57,11,31,0,26,9,17,37,43,23,6,7,3,25,16,10,63,5,61,59,8,18,30,34,41,36,55,38,51,33,46,53,45,44,58,42,29,24,27,19,21,12,32,2,15,56,13,35,52,20,62,60,4,1,54,40,39
46,37,31,62,13,33,20,41,18,26,60,7,52,36,4,17,9,11,63,2,10,38,54,49,6,1,51,34,30,57,56,47,32,16,3,19,22,0,40,24,59,50,44,58,8,39,27,42,53,48,35,61,55,45,23,12,29,14,5,25,28,15,21,43
40,55,51,23,10,43,4,30,59,7,44,25,14,11,20,33,61,18,39,50,58,49,16,5,13,32,26,8,17,15,38,46,34,42,60,41,31,9,12,6,1,37,57,0,62,45,27,2,63,28,35,52,47,19,48,36,3,24,22,56,54,29,53,21
8,38,62,33,27,32,16,17,46,49,4,36,59,60,11,52,47,12,1,51,14,22,20,5,37,39,40,54,56,26,57,42,55,3,19,13,31,35,15,53,45,41,29,44,30,50,48,23,61,21,10,58,9,34,63,7,25,2,6,24,28,18,43,0
15,1,48,6,39,19,62,0,25,5,9,63,36,13,23,43,41,18,2,8,45,7,37,34,53,11,60,10,27,54,46,59,20,21,38,26,57,40,24,32,51,14,44,16,29,50,47,61,35,22,42,12,30,31,52,3,33,17,55,56,49,58,4,28
24,47,49,22,42,61,19,5,63,51,45,43,41,48,38,44,18,25,53,35,37,30,36,14,58,15,52,56,57,32,39,40,3,11,55,6,34,21,46,62,26,7,13,10,23,31,50,20,17,0,16,4,54,59,29,28,12,60,2,33,27,1,9,8
17,59,56,29,39,14,37,19,10,28,15,40,44,21,24,54,16,13,63,36,41,31,52,62,45,32,26,22,34,58,25,60,18,42,57,5,38,30,51,11,20,43,47,53,12,46,6,50,3,35,8,48,27,7,9,4,0,2,23,55,33,61,1,49
37,21,23,46,57,56,32,50,8,63,36,55,3,39,62,0,45,47,58,22,15,14,41,49,48,13,9,5,10,53,19,30,26,38,42,2,24,29,51,16,60,31,44,4,40,12,18,1,54,20,17,34,33,11,61,25,27,43,28,59,52,6,7,35
0,17,26,53,56,60,32,47,42,8,49,2,33,30,34,55,36,28,6,46,15,58,9,45,43,38,54,52,40,31,18,11,25,48,35,5,51,62,14,19,21,4,16,24,13,3,7,29,57,59,23,12,10,44,20,61,39,1,50,27,37,63,41,22
58,12,1,19,62,20,28,3,61,38,11,6,63,4,27,45,18,23,10,25,8,46,43,15,55,52,33,29,49,30,51,57,41,37,24,2,31,42,34,60,17,44,5,13,32,59,22,39,48,21,35,16,0,9,26,47,14,36,54,53,50,40,7,56
44,28,9,55,32,59,3,39,27,25,51,52,10,42,6,46,38,31,43,14,26,53,8,5,16,20,63,13,15,49,0,30,23,33,62,60,56,22,61,19,1,18,40,34,12,48,58,37,21,2,54,4,11,29,50,57,24,7,17,35,47,45,36,41
13,36,54,57,24,7,22,21,20,15,61,63,23,58,59,48,37,31,1,18,56,38,43,9,45,27,25,62,40,6,53,39,2,30,35,26,5,19,0,34,55,11,60,50,28,44,32,51,47,52,49,41,12,4,33,29,3,17,42,14,46,16,10,8
21,24,5,51,55,28,40,25,7,10,38,43,59,33,47,26,8,45,53,9,22,35,62,30,29,19,15,34,20,60,12,42,6,46,57,39,32,27,23,31,2,4,36,41,3,56,49,63,16,18,13,37,11,58,54,14,44,17,61,1,50,52,48,0
43,20,62,5,49,48,53,18,38,55,50,42,61,2,58,9,30,10,7,27,37,21,17,3,39,31,16,32,26,19,46,12,14,40,8,57,25,34,54,23,22,36,4,63,6,51,11,24,15,0,35,41,59,33,52,28,47,29,56,45,44,60,13,1
35,4,17,34,18,37,52,7,30,20,57,53,55,24,23,2,38,62,32,61,19,36,41,5,45,29,11,14,33,27,58,40,28,48,21,46,31,59,26,9,16,56,6,39,1,43,15,42,54,22,47,13,25,44,12,51,8,50,0,49,10,63,60,3
60,1,23,27,31,4,28,26,21,0,36,63,61,49,6,46,5,16,30,37,47,48,13,33,40,38,62,7,20,43,51,9,14,3,57,22,35,11,41,25,54,58,53,34,12,59,2,42,39,45,10,44,24,52,29,32,50,17,19,15,56,18,55,8
7,34,31,0,17,13,51,54,56,50,58,28,39,22,47,57,14,30,40,35,19,42,8,62,3,55,43,33,2,38,32,60,53,25,10,23,24,4,63,15,52,5,49,18,20,11,36,16,9,41,1,12,46,21,59,48,27,44,26,45,37,6,61,29
40,35,11,53,57,44,19,56,20,59,39,22,8,5,63,21,33,43,62,48,10,2,0,16,34,47,26,38,58,15,49,1,9,37,31,42,30,61,32,50,13,54,24,6,41,12,3,60,7,36,46,28,51,25,27,18,55,14,52,45,17,23,4,29
23,63,45,11,14,31,18,34,46,43,25,61,57,13,54,33,37,42,7,41,5,58,50,24,0,40,2,52,27,21,56,48,10,55,26,9,62,29,36,28,32,38,16,15,39,59,35,30,17,44,53,12,49,6,4,1,3,20,51,8,47,60,19,22
43,49,26,33,54,0,8,50,4,51,27,41,61,45,28,34,15,3,2,10,55,30,60,18,42,29,11,25,20,36,31,44,62,39,6,48,21,59,23,5,47,13,19,35,17,40,14,56,58,53,1,46,57,37,38,32,16,22,63,24,52,12,9,7
21,35,1,6,26,8,7,30,28,59,50,43,37,49,32,53,56,25,63,44,45,5,48,34,42,24,9,39,11,10,33,19,55,18,47,12,14,36,41,40,62,16,27,3,52,4,31,29,38,61,17,20,23,0,15,51,22,13,57,60,46,2,58,54
37,0,24,20,23,29,3,12,1,50,28,34,18,46,35,38,14,9,60,5,2,58,32,7,4,55,6,56,11,54,47,44,25,27,61,51,59,41,48,19,33,53,10,49,57,16,8,43,52,26,22,17,62,39,36,21,31,42,15,63,30,13,40,45
14,38,15,25,0,59,35,46,22,58,11,29,18,10,7,23,52,44,51,9,3,61,47,1,43,53,62,5,20,32,13,4,2,28,63,60,50,54,6,12,17,16,42,21,30,27,37,39,26,19,45,33,36,34,56,57,49,41,24,8,31,48,55,40
59,41,28,12,30,50,33,23,51,55,46,38,39,13,24,31,57,21,19,25,22,3,8,53,26,44,10,37,6,17,48,7,27,52,20,9,1,36,42,34,49,11,29,0,54,58,61,32,60,16,40,56,47,15,5,45,63,4,62,2,35,14,18,43
35,29,30,41,60,25,27,52,1,63,15,11,44,32,47,38,0,17,48,36,6,18,4,51,58,45,59,54,22,62,55,20,7,57,61,28,37,39,49,31,34,43,46,3,42,23,9,2,21,5,10,8,12,50,26,19,53,24,16,33,14,56,13,40
25,58,29,51,45,42,26,35,44,36,16,13,17,24,27,60,38,8,40,14,10,19,61,62,32,11,31,41,39,15,46,28,47,34,4,12,23,5,21,22,37,2,33,18,57,55,52,9,20,50,48,53,59,3,49,30,7,6,1,43,0,54,56,63
57,61,38,39,25,56,2,59,15,53,34,26,8,49,16,12,13,18,50,7,48,45,43,10,62,31,24,14,33,46,4,20,3,1,23,44,63,41,11,36,0,6,60,5,29,28,52,9,19,35,30,21,27,32,47,51,22,40,54,17,37,55,58,42
40,60,21,1,62,61,38,6,33,2,23,44,37,43,35,46,51,28,24,41,0,31,27,10,14,25,45,13,29,22,18,7,15,11,5,36,20,12,63,34,47,8,53,3,55,26,52,16,30,32,42,19,54,59,50,4,49,57,9,56,39,17,58,48
24,47,45,15,9,41,42,60,54,38,30,27,40,21,18,11,50,58,56,46,25,39,7,14,0,53,34,20,43,17,4,62,12,35,31,63,57,5,33,3,61,49,55,10,36,59,13,51,29,8,26,44,19,48,6,22,52,1,16,2,37,23,28,32
9,51,45,46,31,41,24,20,48,12,25,44,29,52,10,61,57,36,16,34,28,50,59,13,5,27,38,40,56,49,21,60,30,19,4,11,2,53,14,62,15,43,63,39,58,55,1,23,7,37,47,35,17,42,32,26,54,33,3,0,6,18,8,22
54,8,24,47,0,17,61,18,37,44,6,36,3,60,53,2,59,22,1,9,49,63,25,34,51,41,29,31,15,43,30,35,38,14,42,58,32,28,23,20,46,16,48,10,50,26,13,52,7,40,12,19,33,57,4,39,56,27,21,62,45,5,55,11
33,28,3,39,16,12,24,35,47,7,43,61,54,37,40,15,32,4,59,11,63,9,52,55,56,58,23,2,8,13,19,41,31,0,27,25,17,51,29,44,20,22,45,50,38,14,18,5,60,46,42,21,36,53,30,57,1,6,26,34,49,62,10,48
19,40,44,21,13,5,10,58,60,2,20,11,31,36,55,16,63,37,47,1,33,3,18,15,43,32,41,39,12,34,57,30,56,50,35,6,59,46,51,9,38,0,62,7,45,4,23,8,24,25,27,48,61,53,54,42,29,17,22,49,52,26,14,28
2,55,28,0,54,62,21,25,46,19,45,42,29,22,63,8,37,5,35,60,24,56,43,41,38,14,51,61,50,13,10,9,58,49,52,39,27,32,57,12,15,7,23,48,33,44,34,47,4,3,20,11,18,59,1,26,40,36,53,30,16,31,6,17
25,63,9,33,32,20,49,54,52,3,19,11,2,27,6,18,15,31,51,46,26,43,53,38,40,24,39,45,30,22,16,35,62,21,48,36,14,56,10,50,7,29,57,23,60,5,1,12,34,28,58,4,61,59,55,41,0,47,13,44,37,42,8,17
48,60,36,41,35,8,10,53,7,16,44,31,61,20,42,13,2,19,37,57,17,25,21,55,54,51,26,46,14,15,29,62,27,28,24,9,43,18,45,23,58,12,50,22,40,1,32,0,63,6,11,3,56,59,34,47,38,33,49,4,52,39,5,30
17,20,39,49,22,50,4,57,34,24,41,2,63,54,33,1,0,23,35,60,25,62,56,11,12,32,47,10,36,44,53,3,16,14,61,40,7,38,9,31,26,19,8,59,52,51,13,46,43,28,21,29,55,58,18,45,37,27,30,5,15,42,6,48
47,39,58,14,8,3,40,17,4,15,6,31,13,36,16,33,41,9,27,52,1,21,42,26,24,54,34,2,38,56,35,25,60,30,48,51,50,0,18,46,19,5,62,11,29,49,61,43,55,45,22,63,59,32,53,20,57,7,10,37,23,44,28,12
52,7,11,42,15,3,10,27,47,13,28,1,16,0,57,56,21,44,5,19,51,20,39,9,14,50,12,55,30,26,36,33,49,32,62,60,17,53,34,29,38,61,41,18,4,8,2,6,31,59,22,25,54,35,23,48,46,58,37,43,40,24,63,45
61,53,35,42,56,0,6,25,37,31,20,39,19,1,40,46,50,48,13,11,12,32,52,51,27,9,45,10,18,16,55,21,8,17,62,4,41,29,3,33,22,14,30,23,2,58,59,7,26,60,34,24,57,63,5,54,49,36,44,28,47,43,15,38
57,10,53,7,35,63,60,23,39,48,15,59,33,47,30,22,4,40,50,37,54,21,19,20,14,29,24,38,62,34,6,41,43,58,32,18,61,26,31,3,9,27,8,1,55,12,46,11,52,0,44,17,42,51,28,56,5,13,16,25,2,49,45,36
33,54,38,12,56,36,37,39,22,25,1,8,14,10,30,7,51,24,15,20,52,4,46,34,47,19,28,16,13,21,31,9,44,61,3,29,45,2,18,40,11,53,17,35,23,49,48,58,0,5,41,59,43,55,60,57,32,42,63,6,27,62,50,26
10,52,16,46,25,21,8,49,34,51,54,28,48,2,12,27,23,38,31,42,3,14,7,60,50,26,58,17,47,18,0,22,19,56,55,13,39,11,30,63,53,20,1,35,59,15,43,33,24,36,40,41,6,9,45,29,4,32,57,5,44,37,62,61
9,0,39,12,55,6,43,4,49,26,5,51,37,24,56,44,25,59,35,34,38,58,21,23,57,16,47,20,41,33,28,45,13,7,18,3,2,15,50,27,1,61,54,52,8,14,60,30,63,62,48,40,31,46,32,17,53,36,42,19,11,10,22,29
62,23,55,30,10,27,59,29,38,63,49,6,48,14,8,42,16,15,9,34,11,18,45,3,24,60,52,19,20,7,44,32,46,51,43,56,61,31,36,17,13,54,41,22,2,5,35,12,57,58,4,47,26,1,37,33,53,50,21,25,39,0,28,40
44,60,51,17,11,38,20,42,9,10,37,59,57,6,13,58,63,31,27,43,54,40,4,5,18,21,52,1,26,35,23,46,30,56,8,19,2,49,53,25,33,15,29,14,3,48,34,39,61,0,24,28,36,45,62,50,47,12,7,32,16,55,41,22
15,54,5,41,32,22,17,23,37,29,44,46,60,57,9,7,53,20,12,35,62,31,58,34,19,16,4,2,50,26,43,51,8,49,11,39,48,56,0,33,30,6,45,10,18,36,27,52,21,3,28,25,63,42,47,59,1,40,38,14,55,61,13,24
18,24,1,40,5,3,37,6,49,19,30,23,11,8,33,58,53,0,34,62,7,21,42,50,15,35,59,27,54,29,36,9,48,25,44,55,16,38,39,12,4,56,31,26,43,52,47,61,13,20,32,14,45,2,60,17,10,22,57,28,41,46,63,51
23,50,41,14,5,38,7,4,52,17,53,16,57,49,18,9,40,36,48,33,56,54,19,59,26,61,47,3,28,1,22,12,0,44,39,30,58,37,10,32,63,8,21,34,2,25,13,42,29,43,20,46,45,11,35,27,51,15,62,24,55,31,6,60
6,1,7,30,47,9,60,19,44,21,0,28,29,58,55,48,24,25,50,57,16,56,33,18,13,43,17,11,26,10,12,22,8,2,35,31,45,36,38,37,23,3,54,53,52,61,5,42,46,63,32,51,20,40,59,39,49,41,4,27,14,62,34,15
53,60,45,43,14,2,62,29,20,23,18,26,32,19,39,50,36,47,34,54,15,21,48,9,42,31,12,61,44,8,22,7,6,30,38,63,3,35,37,49,57,51,40,56,41,11,17,5,25,13,58,59,52,10,33,4,46,55,24,27,1,16,0,28
48,35,14,47,32,26,12,43,59,10,19,63,49,2,31,60,41,18,58,42,29,23,50,27,9,11,38,37,16,33,34,61,8,44,28,3,30,46,22,62,45,57,53,17,40,5,1,4,0,36,21,54,6,13,15,52,39,25,51,24,56,20,55,7
4,10,43,33,8,53,42,60,21,26,7,45,12,15,56,6,30,0,55,59,50,1,61,29,63,23,11,22,20,58,34,49,25,40,5,35,17,47,16,13,14,57,9,51,62,24,52,41,27,32,54,39,48,18,37,38,19,3,31,44,28,2,46,36
30,15,49,8,37,1,17,14,34,61,48,63,56,53,58,26,35,42,3,47,21,31,60,33,16,29,23,52,57,62,28,39,55,51,18,38,41,32,36,10,43,5,40,13,46,54,12,20,2,44,45,19,11,9,27,24,7,6,50,4,59,25,22,0
38,60,48,21,36,50,44,35,10,9,31,6,54,37,4,45,13,32,16,33,12,11,59,19,7,40,15,53,20,57,34,42,61,47,14,63,43,17,23,46,2,25,58,62,8,27,1,26,41,30,56,52,0,28,22,49,5,39,29,3,51,24,55,18
29,23,31,57,39,6,56,20,33,52,58,54,22,48,17,1,18,60,4,63,61,19,59,9,36,15,5,47,8,45,42,62,26,50,41,10,32,16,7,11,28,12,49,21,13,3,34,0,51,55,46,30,37,44,38,43,40,2,53,25,14,24,27,35
60,52,2,32,10,13,16,29,8,17,7,47,42,41,33,36,3,12,27,50,62,43,34,30,14,0,56,57,39,11,55,54,6,53,49,28,44,26,24,40,48,4,22,31,19,59,63,46,38,15,23,45,61,58,9,1,18,5,25,21,51,35,37,20
59,11,45,41,49,36,10,33,18,9,34,3,63,2,58,0,21,17,37,38,23,6,26,47,22,12,39,31,55,42,28,48,16,5,1,62,35,14,4,61,43,40,29,27,32,52,50,8,46,57,20,7,30,19,15,25,60,24,53,44,51,13,54,56
39,16,2,5,44,13,46,37,52,22,59,33,6,62,24,30,41,11,8,25,60,32,57,34,55,9,4,3,40,10,47,7,14,50,21,26,43,17,28,31,15,56,27,35,19,42,1,23,20,12,63,53,0,54,61,49,36,45,51,18,29,38,58,48
13,59,54,60,32,46,57,14,58,26,53,61,27,8,43,6,9,41,35,40,28,62,4,23,17,10,0,30,19,47,51,20,44,45,42,50,31,37,36,29,48,33,25,15,5,16,24,34,21,2,63,52,1,55,49,22,39,56,12,11,38,3,18,7
40,6,63,59,41,54,31,35,24,11,57,62,60,0,45,38,55,15,1,51,61,27,42,19,46,12,30,43,9,14,2,18,50,28,25,3,58,29,32,16,53,48,49,13,4,5,34,8,10,56,22,37,33,17,52,21,23,26,47,36,7,39,20,44
16,30,25,44,33,59,3,63,51,28,50,56,54,62,48,11,19,37,22,9,49,15,13,43,27,12,18,40,20,35,58,10,29,32,26,7,17,2,45,61,41,34,0,46,42,21,23,36,24,39,55,6,57,31,53,1,47,14,4,38,8,52,60,5
30,22,61,24,55,41,5,4,17,18,29,57,44,21,39,43,7,16,3,9,35,42,31,23,53,34,62,0,15,20,1,45,19,32,12,27,59,33,11,51,48,28,6,13,49,2,37,14,63,38,25,50,40,10,47,56,58,54,52,8,26,46,36,60
56,49,29,15,7,43,36,1,39,63,47,57,8,37,30,38,35,3,55,41,12,34,17,48,4,46,26,54,59,42,33,58,53,25,45,20,2,6,27,19,16,13,44,5,28,14,32,62,50,0,22,21,18,9,10,23,60,52,61,51,24,11,40,31
0,24,18,20,54,3,6,49,53,15,12,1,22,36,43,56,55,23,39,52,45,60,33,35,31,11,2,50,62,32,48,42,17,47,58,5,37,30,21,7,57,38,28,14,51,41,27,26,16,9,44,29,25,13,19,8,4,10,46,34,40,63,59,61
37,33,2,35,48,61,6,27,32,44,4,23,43,57,62,55,21,7,24,3,20,36,17,34,13,28,38,59,60,22,46,30,45,40,19,63,50,39,10,51,16,42,12,56,53,26,54,58,5,14,31,49,25,52,18,41,29,11,1,9,47,8,15,0
47,14,0,2,41,63,40,46,51,17,61,50,38,56,28,62,57,52,45,55,35,13,32,44,49,60,54,58,8,39,29,25,43,33,31,30,18,59,3,23,20,10,1,9,34,36,16,27,53,24,15,26,5,42,22,7,19,48,12,21,6,11,4,37
58,34,24,17,14,53,49,1,26,40,44,27,4,56,59,6,36,16,38,54,57,28,42,60,52,35,37,11,23,41,2,51,31,43,45,25,46,50,7,22,13,10,29,33,39,19,30,5,48,61,63,15,20,12,32,47,3,18,0,8,62,55,9,21
9,40,38,20,53,60,27,12,63,3,43,45,52,50,42,7,44,54,30,4,28,6,0,36,35,61,5,55,39,8,19,33,26,11,29,46,31,1,17,18,14,48,34,62,13,23,25,47,24,16,41,15,21,22,37,56,51,32,49,10,59,58,57,2
14,38,0,33,8,19,40,29,56,32,39,54,7,48,52,3,5,46,10,47,61,51,1,12,44,9,20,37,49,23,57,22,36,34,24,6,28,43,18,53,27,60,63,31,11,13,15,45,50,4,2,35,58,17,21,62,25,26,59,55,30,16,41,42
12,9,32,8,21,53,24,56,19,41,49,11,48,1,15,43,37,16,34,35,50,27,25,13,14,57,55,44,10,58,17,28,29,45,62,23,63,52,39,59,5,38,42,3,30,26,36,46,60,6,54,33,22,0,31,47,40,61,2,4,20,7,51,18
2,20,49,11,5,41,34,15,12,9,14,26,28,45,25,27,18,39,0,1,6,24,54,42,55,53,4,3,50,44,17,19,63,61,52,32,31,13,51,59,7,43,8,16,33,48,37,36,60,58,21,35,40,62,56,46,30,47,10,29,57,22,23,38
16,48,50,6,37,13,61,9,35,47,3,54,17,38,29,33,2,30,31,1,57,55,23,56,4,26,0,45,22,8,41,25,5,39,20,27,7,49,11,52,24,12,36,34,40,58,10,44,21,18,59,53,60,19,62,14,46,15,42,63,32,43,51,28
32,48,23,27,57,26,50,58,37,63,36,8,10,39,1,25,38,31,3,0,41,29,15,14,21,44,60,24,22,33,9,17,13,59,53,5,30,51,46,6,19,40,52,56,4,45,54,20,11,35,18,55,61,49,47,62,43,42,12,7,16,2,34,28
16,44,62,31,54,61,25,60,55,40,2,26,46,7,38,49,42,19,29,43,47,51,24,32,3,11,56,27,30,10,57,63,59,48,6,5,53,37,39,13,52,58,17,1,45,14,18,20,9,33,21,0,12,15,36,28,8,22,4,35,23,41,34,50
30,0,61,38,49,6,44,34,7,17,33,3,11,41,25,36,54,29,40,13,63,23,46,19,8,15,31,59,28,5,60,50,37,20,12,18,56,24,9,14,32,48,10,22,43,55,4,47,16,27,1,39,51,26,21,2,58,52,35,42,62,53,45,57
14,26,56,52,41,63,5,4,33,32,6,24,42,61,39,13,29,36,57,2,37,19,17,30,31,12,1,48,15,58,50,46,18,21,51,62,35,55,25,22,45,27,9,44,16,60,43,53,28,23,20,54,49,40,59,8,34,11,0,47,7,10,38,3
28,55,22,8,54,56,15,4,23,38,25,26,7,1,29,16,50,31,32,43,10,59,37,27,24,12,53,17,0,51,21,58,35,36,46,57,19,30,41,49,60,3,52,13,20,34,5,45,42,62,63,18,44,40,33,6,39,11,14,9,61,2,47,48
26,41,31,63,4,16,10,33,62,25,55,43,14,32,42,3,17,60,35,30,5,24,15,8,28,12,40,27,22,34,56,38,9,7,46,21,6,59,39,19,48,51,23,1,50,58,13,11,44,45,29,37,49,20,61,0,53,52,36,54,47,2,57,18
40,44,52,63,37,46,15,51,34,57,13,45,59,22,14,39,50,25,26,8,47,17,1,4,55,56,29,42,18,5,16,7,10,2,62,35,3,23,27,32,31,58,53,28,20,12,19,9,38,60,49,54,21,24,36,43,48,11,41,61,33,0,6,30
0,31,40,22,48,34,47,33,45,21,59,51,11,42,10,28,52,12,58,5,37,44,60,43,49,30,25,15,7,18,57,20,54,8,62,53,46,23,9,56,29,32,17,36,35,13,38,4,63,3,14,27,19,50,39,26,2,24,41,6,55,61,1,16
7,44,18,2,61,41,28,5,47,1,29,60,20,49,15,22,23,39,12,14,63,17,35,42,48,10,6,37,59,45,16,62,0,58,33,27,36,13,24,51,38,21,46,26,53,30,32,40,43,11,57,9,56,52,54,25,19,34,4,3,55,8,50,31
33,19,3,52,48,50,22,5,45,56,29,54,0,30,8,13,51,2,7,6,36,53,14,20,18,21,17,31,47,42,4,15,32,26,37,35,60,43,49,1,40,9,57,11,34,41,23,58,28,25,39,61,27,62,55,59,10,38,24,12,44,46,16,63
34,2,59,17,39,15,3,51,10,22,13,49,42,53,21,18,33,54,52,12,46,61,36,0,47,24,58,29,32,7,50,16,30,56,41,55,31,11,6,45,38,23,63,62,44,37,60,28,40,5,1,35,26,14,8,25,20,19,48,57,27,9,4,43
54,37,40,36,8,51,55,18,33,58,62,16,14,41,19,5,47,4,50,1,27,53,52,24,42,59,31,56,10,44,35,11,20,49,30,63,17,29,28,21,43,2,22,38,3,26,60,0,46,25,61,57,9,34,23,7,13,6,15,48,45,12,39,32
12,35,2,0,53,5,24,29,49,34,40,3,45,27,48,46,39,25,61,41,31,58,54,15,11,50,4,6,55,59,42,16,38,22,47,51,60,33,44,28,26,63,13,9,37,30,57,62,18,36,32,52,19,20,7,56,10,21,8,23,43,1,17,14
33,57,13,5,28,14,52,18,41,51,58,21,11,22,29,35,2,4,9,60,3,45,7,48,49,6,40,1,12,24,59,30,8,56,50,43,23,0,38,26,37,25,19,53,62,61,44,15,27,54,42,32,47,39,16,34,10,20,31,63,55,17,36,46
3,61,9,60,15,12,23,14,27,45,58,59,42,10,62,47,55,6,35,1,28,53,39,51,57,17,50,33,0,2,37,32,16,63,5,13,18,31,22,49,24,25,44,41,11,40,46,30,38,43,29,19,7,21,34,48,56,54,36,8,20,26,4,52
40,41,60,35,28,15,11,34,0,16,61,57,52,56,39,2,51,13,24,23,19,46,5,45,53,25,54,43,42,8,63,3,38,6,9,1,7,17,26,22,29,36,14,59,32,55,58,33,30,10,37,47,31,49,21,18,44,4,62,12,27,20,48,50
44,38,28,34,4,13,37,20,61,53,47,54,29,40,11,51,52,18,2,3,41,57,8,6,56,19,9,14,16,5,43,50,10,32,17,26,58,7,21,39,0,55,31,48,42,27,15,60,63,30,12,62,33,25,46,36,49,35,22,59,1,24,45,23
20,14,34,49,17,47,43,25,54,12,24,6,13,10,9,28,30,1,48,35,5,21,15,11,29,3,57,55,33,63,7,27,22,23,0,4,8,36,60,16,38,53,51,26,58,44,19,32,62,37,59,18,61,41,50,2,45,46,56,31,40,39,42,52
63,34,6,47,37,52,38,48,25,27,24,53,35,45,51,4,13,7,19,33,57,55,5,2,18,59,36,10,49,9,29,60,41,8,42,46,11,44,26,14,58,28,12,30,39,56,23,31,3,40,16,1,0,15,50,62,43,54,17,20,21,32,61,22
44,51,25,57,56,11,7,43,1,19,33,55,13,24,30,27,22,3,61,12,40,21,41,5,17,31,4,46,53,36,62,45,8,38,26,54,35,28,2,42,6,50,58,59,15,49,16,63,18,10,48,37,29,14,34,47,39,9,0,32,20,60,23,52
11,8,14,6,63,25,57,54,20,44,7,32,31,55,61,21,43,12,35,38,51,5,24,52,22,60,29,4,10,50,56,1,9,41,34,47,23,37,58,33,28,2,0,36,53,13,27,39,19,62,26,15,3,17,49,45,46,30,48,16,40,42,59,18
21,62,6,56,59,29,42,58,51,46,34,8,57,7,0,4,55,10,63,3,35,18,60,26,14,54,22,36,50,41,23,5,30,39,16,37,31,9,40,17,48,53,20,11,24,49,28,47,32,61,12,44,43,25,45,1,52,38,27,2,15,13,33,19
52,54,39,8,57,1,6,42,13,28,48,26,41,30,5,19,38,59,53,15,27,11,20,44,16,12,25,36,55,2,21,3,62,9,46,60,22,43,37,14,23,35,32,61,45,63,51,33,58,0,10,56,31,29,7,50,47,17,40,49,34,24,18,4
42,18,19,38,4,49,27,52,32,17,11,56,29,50,48,7,33,22,37,2,58,25,3,24,62,57,26,0,13,12,41,35,63,47,43,46,9,15,30,31,10,54,5,1,60,28,6,59,21,36,53,40,55,20,45,34,8,61,44,51,39,23,16,14
24,14,3,19,61,57,34,35,46,49,25,8,27,58,26,50,13,39,48,6,28,18,9,30,29,12,42,38,52,53,60,51,15,41,4,36,17,56,20,47,5,43,23,62,2,7,31,22,11,1,10,21,32,16,0,59,40,37,45,33,54,63,44,55
33,47,34,3,28,48,52,62,46,14,29,45,6,36,25,17,50,5,61,57,30,56,54,24,12,13,20,51,15,2,9,42,23,18,7,16,4,26,63,58,11,59,40,55,44,19,49,32,22,39,37,8,53,1,0,38,10,21,41,35,60,31,43,27
56,17,46,61,29,12,7,0,30,39,59,11,45,9,35,28,1,18,31,53,24,37,23,4,55,48,43,38,62,33,57,25,34,10,50,36,40,51,22,8,42,60,47,27,3,14,15,52,32,26,20,63,41,19,6,58,2,54,13,49,44,21,5,16
20,45,60,16,6,29,37,28,63,23,51,24,19,43,49,3,0,26,53,59,41,13,25,30,5,12,36,22,2,17,9,46,40,56,7,11,42,50,61,18,31,54,21,10,39,62,33,44,52,15,14,55,48,35,34,58,1,47,32,8,27,57,4,38
13,34,63,27,23,51,11,41,32,26,55,39,7,31,50,29,58,35,62,24,33,46,19,18,42,59,38,17,36,2,21,47,4,53,16,1,10,45,9,40,6,44,52,30,5,14,56,22,57,8,12,61,43,20,28,0,37,48,54,3,49,25,15,60
23,6,47,33,61,54,51,38,24,19,28,50,60,42,58,20,16,44,31,43,13,18,41,0,53,55,62,7,21,45,57,8,22,59,34,49,2,15,30,48,46,14,1,56,63,27,17,36,5,39,25,37,52,10,32,26,11,40,3,4,9,29,12,35
30,39,49,8,13,46,24,52,41,43,22,2,50,62,6,0,28,29,63,57,15,42,33,51,38,58,60,61,26,35,47,20,25,27,45,59,18,10,36,19,16,56,31,44,37,1,14,23,34,55,48,40,9,4,32,7,12,11,21,5,54,53,17,3
61,22,6,36,38,18,19,14,28,40,4,11,57,50,44,52,63,17,5,7,2,0,37,26,24,13,46,41,3,43,60,54,30,58,55,12,51,8,27,35,1,56,62,9,59,16,32,31,25,20,42,53,33,47,45,23,21,48,49,10,39,29,15,34
47,30,46,58,33,42,43,56,45,62,6,16,19,1,28,40,21,10,14,50,52,4,35,37,25,39,38,36,57,2,29,26,8,27,49,55,9,32,34,15,24,20,12,5,11,61,54,48,59,13,22,17,18,3,53,60,0,31,51,63,41,7,23,44
51,60,7,56,29,33,26,59,41,61,31,9,46,12,13,40,58,48,23,24,43,18,30,8,15,17,47,27,32,3,45,35,53,25,20,21,6,62,11,10,16,57,52,54,4,44,38,1,22,49,0,5,36,19,55,2,28,37,14,50,34,63,39,42
20,51,13,2,18,15,50,45,56,63,46,31,37,58,14,21,12,27,30,43,57,29,40,55,9,47,36,3,41,39,22,54,48,24,44,5,32,59,49,60,35,25,23,42,61,17,4,33,62,8,16,1,0,26,38,52,53,19,10,6,34,7,28,11
1,49,46,42,13,59,9,44,17,21,45,18,2,23,6,29,24,53,57,34,43,38,14,47,4,12,39,48,58,19,27,63,3,55,32,16,20,51,25,36,37,10,62,0,8,56,22,60,7,33,54,50,15,35,52,41,26,5,11,61,40,30,31,28
46,30,9,4,39,52,22,8,3,2,26,43,42,23,1,21,10,20,36,13,16,47,60,18,12,55,11,37,29,25,28,49,19,56,58,17,31,34,57,53,40,27,45,44,38,59,24,51,5,63,54,35,50,41,0,15,48,6,33,32,7,62,14,61
57,0,1,23,49,21,61,60,37,7,59,35,63,52,25,32,45,62,9,34,2,56,28,44,8,53,10,27,16,36,50,14,54,58,19,3,33,11,20,30,42,24,48,15,17,40,43,41,6,26,22,18,47,5,12,31,13,4,46,29,38,55,51,39
26,22,62,29,34,8,10,15,55,17,1,13,31,7,25,39,2,56,5,46,24,57,14,54,36,28,47,49,40,42,6,30,38,60,20,16,18,59,4,12,48,63,44,11,50,23,3,27,51,45,41,35,21,9,58,19,32,52,0,43,37,61,53,33
41,2,17,43,26,32,29,14,16,55,31,35,44,34,4,22,15,11,54,10,6,61,48,18,37,63,1,60,19,57,51,25,33,36,62,20,3,49,46,58,13,7,47,56,40,0,24,8,5,59,42,21,39,27,12,38,52,50,30,45,53,28,9,23
56,43,32,19,44,22,55,41,60,36,24,1,16,10,7,8,40,20,9,47,42,5,3,62,48,49,28,30,33,38,63,14,26,52,59,4,31,6,35,50,11,37,0,29,54,17,18,51,13,34,57,2,27,12,39,53,58,61,21,45,15,25,46,23
34,63,52,20,59,6,11,55,54,31,42,50,5,62,44,32,13,14,10,17,51,7,25,35,39,1,0,23,18,48,43,56,2,33,12,9,3,4,16,41,37,24,21,38,61,58,28,19,30,49,8,15,47,53,46,40,29,27,60,36,57,45,26,22
53,33,63,35,58,0,37,41,51,4,13,19,6,39,17,20,1,49,60,15,3,9,57,61,11,25,54,47,40,26,12,55,44,31,38,24,45,7,18,22,23,5,32,46,62,30,8,59,36,43,10,29,21,48,14,2,34,52,56,27,16,28,42,50
52,53,6,4,34,13,22,54,17,47,43,19,1,60,7,49,31,39,24,10,21,25,61,44,50,14,28,57,15,0,48,58,55,11,30,23,35,41,9,45,38,62,16,8,46,5,37,33,26,63,32,56,27,51,29,36,59,40,20,12,2,18,3,42
50,20,3,11,45,30,29,21,37,5,14,32,51,43,42,26,12,18,27,57,61,23,0,48,47,10,38,28,39,16,1,9,46,62,33,15,8,17,44,52,22,6,7,58,54,36,34,35,13,24,25,4,63,56,49,55,60,31,19,40,59,2,53,41
22,11,10,36,46,30,58,59,13,37,14,29,44,17,41,55,47,8,23,42,56,27,50,28,3,19,16,40,7,54,4,48,0,38,15,39,43,6,52,45,32,35,1,33,20,26,57,61,12,62,25,2,31,34,60,21,49,9,63,53,51,5,18,24
40,48,60,4,58,27,50,26,39,45,24,29,36,15,11,10,20,43,2,51,32,44,47,33,42,25,3,62,13,59,17,16,54,52,61,35,55,0,19,12,22,41,30,49,6,46,37,14,56,9,63,38,53,5,28,8,34,31,21,23,1,7,18,57
11,1,52,35,43,4,60,23,32,59,31,21,18,2,0,33,34,56,15,46,55,27,12,25,17,39,62,61,29,10,5,50,14,48,41,38,37,36,24,49,30,54,6,8,51,13,57,58,16,3,53,19,9,63,7,28,42,20,44,22,26,47,40,45
19,34,27,17,45,5,49,18,36,59,46,40,28,1,25,48,24,22,37,32,15,0,51,30,6,60,33,61,10,50,29,35,55,16,54,43,2,42,39,14,8,31,26,53,38,44,7,41,12,9,11,56,57,13,4,63,3,21,23,52,47,62,58,20
62,43,54,8,35,38,33,28,13,41,56,16,37,12,55,27,15,30,17,9,36,0,46,25,23,19,6,63,53,26,49,40,11,5,42,10,18,47,59,29,39,24,50,44,60,3,2,21,31,48,52,1,45,51,7,58,4,20,32,61,14,22,57,34
0,27,53,12,52,4,6,25,22,37,54,36,63,24,46,5,50,16,9,32,3,2,43,47,26,58,62,17,42,7,56,18,61,10,23,30,11,44,21,1,8,39,45,57,13,41,40,60,55,33,14,15,48,38,28,51,35,20,29,19,49,59,31,34
34,20,32,24,36,61,28,49,11,13,45,29,1,37,4,55,7,16,48,17,51,6,46,41,42,43,59,40,33,31,52,14,38,10,5,57,3,53,23,56,12,19,47,39,2,18,25,54,35,63,8,15,30,27,21,60,62,44,26,9,22,58,50,0
15,59,44,56,26,9,17,41,35,20,52,38,47,29,19,18,4,5,37,1,28,53,7,24,10,45,11,50,31,8,36,62,34,0,30,58,16,42,57,32,43,33,25,48,13,40,46,55,2,61,12,22,63,23,54,51,14,21,60,3,27,49,39,6
21,47,39,28,3,40,8,43,7,45,63,26,54,52,16,42,31,48,11,13,18,60,30,12,33,37,46,35,23,53,41,49,14,36,27,1,59,55,62,5,15,58,34,29,2,17,50,56,25,32,6,22,61,51,4,20,10,38,24,9,0,57,44,19
15,44,21,23,14,51,24,37,46,48,5,38,4,8,10,61,50,47,49,1,33,43,30,58,34,32,57,31,41,13,9,11,56,39,42,0,29,55,2,35,16,12,53,3,54,20,62,27,45,28,60,52,59,26,7,63,36,17,18,19,40,6,25,22
24,56,18,29,22,49,7,23,17,62,41,34,55,20,10,33,36,3,1,42,37,2,53,11,43,40,28,31,46,48,60,44,0,6,51,26,39,21,58,38,61,15,27,16,52,8,57,25,59,4,54,5,13,47,35,9,63,12,45,19,14,30,32,50
23,59,61,24,29,60,52,13,17,43,47,6,1,27,50,45,21,0,44,56,42,41,9,14,40,58,55,7,31,5,32,39,63,2,38,62,48,34,35,19,11,51,16,37,53,26,15,10,25,49,8,30,20,33,54,46,57,22,3,28,18,36,12,4
1,54,7,43,58,11,6,30,38,62,8,31,56,50,60,57,27,46,33,28,41,17,20,52,22,59,4,53,35,10,23,29,14,36,18,2,61,51,24,48,26,5,21,40,9,32,25,55,12,63,34,13,45,0,39,49,37,3,15,19,47,44,16,42
43,49,31,48,1,22,35,13,36,9,3,44,58,62,14,8,37,5,55,56,34,17,25,10,30,47,50,57,6,23,19,0,7,12,24,15,42,46,45,41,60,11,18,53,2,38,59,63,40,4,61,16,51,26,28,20,39,32,21,33,52,54,27,29
44,50,10,8,25,11,33,54,61,28,60,29,18,56,37,58,47,55,3,9,34,2,14,16,20,26,13,0,39,45,7,36,41,52,23,4,31,42,62,15,51,6,21,17,24,19,48,1,53,12,5,30,59,35,40,38,32,49,57,43,46,27,63,22
49,56,0,63,32,1,26,60,46,61,20,9,54,34,47,13,27,43,22,53,48,7,15,52,5,55,4,51,42,39,62,33,8,36,10,28,3,12,23,19,40,38,17,35,31,59,30,11,58,50,45,21,16,37,57,44,18,41,2,6,29,14,24,25
53,4,48,59,38,24,27,28,50,21,37,34,15,29,9,19,63,20,61,56,47,26,52,23,40,13,57,39,41,31,32,49,3,43,45,17,30,10,8,16,60,44,11,35,6,12,18,54,33,51,42,25,1,7,22,55,0,36,46,58,62,14,2,5
3,54,26,56,20,15,9,14,29,39,0,41,59,13,10,60,34,61,55,2,19,42,18,63,8,17,62,36,33,1,49,57,11,5,44,22,50,30,31,4,37,43,52,35,16,28,21,58,48,53,24,12,23,51,45,27,47,40,46,38,6,32,25,7
27,44,8,58,53,47,17,5,1,11,43,13,33,19,54,39,30,52,57,22,25,21,23,15,49,60,38,26,12,3,2,6,10,59,46,63,18,56,20,35,0,42,16,28,41,61,51,62,48,9,24,34,45,55,37,29,14,32,31,4,50,36,40,7
18,21,42,3,53,16,37,26,6,12,48,51,62,31,22,11,35,55,61,38,19,5,60,9,32,34,0,25,57,17,20,56,46,29,36,4,43,8,63,39,59,41,47,15,54,13,30,1,44,49,14,28,27,23,58,2,50,40,24,33,10,7,45,52
13,25,58,60,18,44,57,38,47,19,39,51,16,24,2,54,32,27,40,52,59,0,36,34,26,53,50,1,35,15,56,29,61,12,30,62,6,33,49,21,41,42,31,11,55,14,20,22,5,28,43,4,23,9,7,8,48,63,45,10,46,17,37,3
60,31,30,17,1,39,59,18,50,37,14,6,35,5,38,54,61,62,44,7,26,28,16,32,8,25,27,53,10,49,58,45,42,11,33,47,3,52,20,48,56,13,9,12,43,40,51,55,46,29,41,4,34,24,36,2,21,15,23,19,63,57,22,0
52,63,38,45,42,12,19,41,32,10,26,15,14,7,35,1,8,34,22,43,17,20,18,30,40,29,9,44,0,25,13,11,60,46,4,3,28,58,16,59,53,24,21,50,31,27,49,37,23,47,33,51,48,36,62,61,39,56,5,2,55,6,54,57
61,43,53,46,35,57,16,49,0,31,15,39,8,56,1,52,59,55,3,58,20,40,30,47,25,60,6,34,17,51,44,28,11,22,62,36,45,9,5,14,24,48,29,54,63,2,32,42,41,23,12,37,13,7,38,21,19,4,10,27,33,50,18,26
23,10,28,40,61,12,44,29,63,51,38,25,0,34,45,52,21,35,33,4,1,13,46,14,26,56,42,6,47,24,50,18,62,32,39,17,36,20,22,8,48,55,54,60,30,2,15,3,53,19,59,27,49,58,43,31,5,37,57,9,11,41,7,16
50,25,5,46,45,13,28,27,60,9,53,55,14,47,43,32,29,41,42,19,12,39,61,23,21,18,48,30,16,33,51,49,52,35,4,59,37,20,56,44,17,58,34,24,38,8,62,26,7,10,63,36,57,3,1,54,31,22,11,15,40,6,0,2
42,12,1,9,22,28,6,61,5,39,13,11,25,63,59,15,40,19,62,20,14,30,3,27,2,50,54,41,33,21,53,57,37,17,48,36,55,58,56,51,43,60,7,45,52,31,16,46,32,44,8,38,18,26,0,4,29,49,10,35,23,47,24,34
29,26,39,36,53,30,55,32,56,16,10,60,8,41,9,54,2,51,13,6,57,11,45,0,37,35,46,25,19,44,50,15,17,63,43,14,40,61,24,58,7,23,59,28,21,52,4,34,12,3,42,47,5,22,1,38,49,20,27,18,33,48,62,31
16,41,54,5,57,53,28,29,51,33,61,55,12,60,9,48,23,17,47,26,4,52,2,0,39,32,6,18,44,21,25,19,3,11,13,30,58,14,43,38,10,34,20,62,27,35,40,50,8,1,15,63,46,49,36,31,24,45,56,22,37,59,7,42
43,52,32,28,40,21,29,62,0,16,1,61,59,13,22,20,34,58,15,55,51,41,50,42,24,11,10,48,63,57,36,39,26,47,60,7,49,8,3,17,56,19,35,31,53,46,54,33,30,4,9,6,2,44,14,37,27,5,45,38,12,18,23,25
10,62,57,53,26,12,27,22,51,13,49,63,47,37,42,54,28,0,19,8,60,36,50,46,33,23,24,40,4,30,41,15,25,52,39,18,20,35,1,3,5,44,21,58,2,31,11,45,48,56,32,29,14,43,55,61,7,34,6,59,38,17,16,9
4,34,21,63,35,25,16,13,40,32,46,62,36,19,22,38,41,61,43,10,7,20,3,56,57,45,28,49,5,15,17,30,51,0,47,55,60,12,52,2,24,50,48,29,18,33,37,39,23,9,11,59,44,31,58,54,53,27,8,6,14,1,42,26
28,48,1,63,37,7,15,50,0,11,58,53,13,33,60,51,46,47,45,61,10,36,3,31,55,16,54,30,18,43,41,6,21,8,9,42,4,57,17,2,39,23,25,14,40,27,56,52,19,29,22,26,12,34,62,20,44,59,24,35,38,32,5,49
36,22,43,12,5,20,19,58,11,54,35,17,13,41,26,6,50,0,56,27,32,38,31,63,29,45,49,37,18,44,10,24,23,30,55,60,9,21,57,16,42,52,62,51,46,8,28,61,25,48,15,39,34,14,53,7,33,1,2,47,4,59,40,3
0,31,42,25,57,7,12,8,35,16,20,23,15,17,36,53,22,63,10,6,49,14,54,56,26,1,50,38,19,3,59,55,43,40,37,58,9,4,44,51,61,2,60,47,48,29,30,33,28,45,41,21,18,52,13,46,32,39,62,11,24,5,34,27
13,52,2,44,1,15,39,37,9,48,43,34,4,26,7,0,36,49,60,32,41,8,5,57,42,47,18,58,53,3,28,33,50,55,24,17,29,11,59,21,25,12,30,63,22,45,10,51,23,46,16,54,14,56,31,40,27,6,38,20,61,35,19,62
50,21,9,14,20,53,37,25,15,52,8,29,41,59,7,19,63,13,10,22,49,33,36,61,3,38,43,32,26,12,35,2,4,57,23,42,56,40,46,24,16,6,47,62,51,30,18,11,58,0,34,44,60,27,17,54,39,28,55,1,48,5,31,45
58,10,46,43,27,13,3,11,31,26,63,60,25,23,37,47,42,57,8,40,18,7,44,49,24,54,17,19,33,55,21,50,2,34,29,61,6,1,51,15,59,41,56,53,5,4,38,35,48,22,9,45,52,32,0,36,28,39,20,30,16,12,14,62
19,0,47,62,33,40,32,23,48,17,27,12,25,30,59,39,45,1,6,24,60,31,13,10,37,46,21,43,54,38,3,63,42,2,4,51,55,44,9,20,22,34,5,14,16,56,8,7,49,29,35,18,36,28,50,57,52,11,26,53,15,61,58,41
63,33,34,0,39,55,48,36,6,5,37,27,53,18,19,4,41,3,56,59,8,44,7,61,9,38,47,17,11,46,52,25,57,12,49,30,20,14,21,29,58,16,1,60,24,62,23,22,10,28,45,31,54,40,50,42,15,13,43,26,2,32,35,51
0,27,61,3,63,33,31,12,52,4,57,17,41,56,50,25,32,7,18,6,24,34,1,28,22,15,53,11,54,36,19,10,13,44,9,26,40,37,62,38,60,35,16,59,42,45,51,58,43,8,30,29,49,14,23,39,5,2,20,21,47,55,48,46
55,18,27,57,6,20,28,51,42,56,4,52,17,32,46,36,13,60,8,50,41,5,35,19,38,63,54,49,43,9,23,21,33,44,61,53,14,2,24,22,31,39,37,59,0,12,30,16,7,11,26,47,48,25,10,34,1,62,58,15,29,45,3,40
33,26,12,7,62,11,51,60,0,38,1,41,9,61,28,52,57,43,31,15,44,32,56,19,20,18,30,5,53,48,14,25,10,16,63,22,40,21,3,46,17,58,47,13,8,2,34,59,23,39,50,24,4,29,54,37,55,45,36,27,35,49,42,6
28,30,23,59,58,51,41,60,3,43,45,12,26,9,55,47,24,42,57,36,15,1,11,35,61,25,18,29,46,38,50,32,48,4,8,2,7,0,62,56,63,53,49,33,20,14,22,52,31,6,39,13,44,16,19,54,5,10,37,34,17,21,40,27
1,58,29,48,55,41,39,52,38,53,51,34,16,59,18,32,43,0,36,8,25,12,60,47,42,50,49,7,2,21,63,20,17,14,54,10,27,33,56,4,6,46,30,9,22,19,11,3,15,62,44,37,31,45,35,28,24,57,40,61,26,5,23,13
32,2,9,25,3,6,61,60,55,24,17,59,13,37,31,18,52,1,35,16,46,49,36,15,53,45,38,19,5,41,26,33,7,8,63,58,29,12,43,51,10,62,54,4,39,27,57,20,21,48,14,34,42,56,47,11,50,22,23,0,28,40,44,30
5,58,3,37,29,10,34,24,14,57,15,18,35,28,33,6,47,8,61,55,51,19,54,30,40,7,39,36,20,38,27,2,50,11,17,25,4,31,0,13,45,52,12,62,53,26,44,49,41,16,42,43,22,60,9,59,48,56,1,21,63,32,46,23
18,27,43,55,1,13,23,59,21,19,46,28,34,39,54,44,22,53,49,37,2,38,47,56,62,5,42,35,25,41,4,0,17,61,10,3,45,50,32,60,51,30,63,20,15,58,24,7,48,9,52,57,14,40,12,8,29,36,11,6,16,33,31,26
15,9,49,63,31,48,33,10,61,26,7,4,16,13,28,38,3,59,56,42,25,27,12,0,21,6,20,43,34,45,23,41,2,55,17,35,51,57,8,44,36,47,11,54,62,53,5,39,19,52,50,40,32,37,1,58,29,24,30,22,46,60,18,14
27,19,20,2,49,39,5,4,17,41,29,52,37,25,18,28,44,61,54,58,13,59,8,47,3,16,46,55,12,48,32,57,62,36,6,60,45,21,34,7,0,30,22,53,56,43,23,40,1,31,33,38,63,9,10,26,14,35,15,51,42,24,11,50
11,31,35,50,44,24,33,0,56,17,59,29,42,27,38,7,18,45,55,25,26,49,63,53,30,23,40,6,19,14,60,12,43,4,62,15,58,47,1,61,28,57,54,51,10,52,37,41,46,36,16,21,22,32,5,20,13,39,2,8,9,48,3,34
54,33,18,50,58,29,0,47,49,3,4,56,6,32,63,27,52,17,21,44,25,30,62,10,41,31,48,23,38,40,7,8,9,5,45,22,12,15,26,13,51,36,53,24,19,11,35,37,20,14,57,42,55,34,39,59,60,1,61,43,16,46,2,28
3,50,6,57,19,35,56,26,47,2,13,33,53,32,39,61,29,21,60,12,55,30,16,36,9,1,5,49,14,59,18,34,45,42,58,52,40,63,10,37,23,62,27,44,25,4,43,8,7,11,51,24,41,17,38,48,46,0,15,28,31,20,22,54
58,43,47,21,57,51,52,18,30,59,19,41,60,50,1,7,49,54,20,13,5,27,48,40,14,34,9,12,8,24,35,10,22,4,33,32,37,53,23,2,29,26,17,15,44,39,46,25,38,36,6,28,62,16,63,45,56,42,61,55,11,31,3,0
18,13,38,30,8,16,43,51,47,21,33,22,28,0,26,44,40,53,36,11,54,37,29,6,15,1,42,25,12,27,24,19,4,32,14,5,49,34,55,61,50,35,39,9,20,3,45,57,46,10,60,52,41,17,2,56,48,23,31,7,62,59,58,63
38,57,42,4,30,62,23,52,34,3,59,17,24,63,1,46,36,41,25,9,61,43,48,8,16,60,40,29,45,51,14,53,35,0,54,18,11,21,58,56,7,55,13,10,15,6,20,31,39,26,12,33,28,27,44,37,50,2,49,22,32,19,5,47
41,17,57,5,30,10,40,9,63,16,26,28,1,35,27,6,0,46,2,39,45,58,18,38,34,32,22,8,33,54,29,42,13,59,60,53,15,31,11,25,44,21,20,24,62,48,19,47,36,49,23,7,50,61,3,12,52,56,4,14,55,43,51,37
54,57,3,6,37,19,49,14,22,40,44,48,32,5,51,30,35,25,0,43,47,55,2,42,36,9,62,33,4,46,61,34,11,1,52,18,58,13,21,7,29,8,59,20,39,23,10,15,31,60,38,45,53,41,17,50,27,16,63,26,24,12,56,28
11,21,14,3,18,23,29,59,49,27,10,50,57,48,8,13,25,43,16,4,24,19,33,36,37,15,38,63,32,5,41,61,34,26,55,0,7,17,35,46,28,47,20,60,39,22,9,58,40,2,51,30,1,31,6,44,54,12,62,56,53,42,45,52
24,28,60,10,56,63,6,17,38,61,0,57,48,14,41,27,51,18,13,62,58,29,25,8,40,53,23,32,20,44,12,35,54,55,4,9,36,33,26,59,1,43,42,50,7,39,22,3,49,30,47,11,19,16,45,15,46,5,34,31,52,37,2,21
17,11,24,1,41,62,60,38,52,21,43,2,12,31,15,35,18,45,19,53,59,27,4,6,20,5,29,54,34,57,23,56,51,26,61,14,55,33,50,28,22,63,44,25,39,37,13,0,49,47,48,30,9,32,16,36,40,46,10,8,58,7,42,3
39,51,48,31,7,42,4,32,37,21,26,34,45,35,33,58,22,55,56,0,10,9,50,36,6,59,63,61,57,12,2,40,52,60,30,43,47,29,24,27,28,15,41,8,49,1,19,25,62,46,3,13,5,18,11,14,54,17,16,20,23,53,44,38
20,26,41,53,4,13,24,63,31,39,6,57,29,18,14,17,46,44,60,54,27,40,30,7,62,15,50,36,25,35,49,42,61,45,16,5,34,11,48,52,43,19,56,0,33,55,10,1,58,38,28,51,32,47,23,59,21,37,8,22,12,2,3,9
57,42,8,31,12,55,44,49,39,24,40,63,32,4,34,16,38,28,33,48,17,7,41,22,61,20,62,29,21,45,13,35,26,50,51,59,53,2,37,23,1,15,54,36,10,19,43,9,18,5,60,14,27,11,56,25,30,3,0,6,47,46,58,52
34,43,14,6,36,39,56,38,31,23,0,16,22,53,4,21,45,24,62,44,51,61,59,54,57,50,33,20,55,48,41,7,18,35,37,12,40,19,3,42,11,8,30,9,10,5,25,46,17,13,15,49,29,2,28,47,52,58,27,26,60,32,63,1
35,51,41,55,50,39,19,53,27,58,2,31,12,23,37,11,0,18,6,44,63,3,48,34,38,10,62,60,61,56,8,42,30,20,15,14,28,7,22,36,43,24,52,40,59,29,49,47,16,57,32,46,17,54,45,1,4,33,21,13,9,5,26,25
63,23,56,54,55,61,35,53,5,39,49,6,58,11,52,34,62,28,13,20,18,31,12,22,19,10,1,3,51,46,40,0,44,15,32,7,48,36,27,16,60,24,25,43,50,41,33,45,8,9,2,47,26,4,29,38,14,37,30,59,57,17,42,21
36,38,27,37,52,26,45,14,30,59,22,47,10,44,61,13,54,42,39,15,9,53,11,7,62,6,57,17,12,23,19,18,0,56,21,31,50,25,32,20,41,1,33,16,35,40,46,24,5,63,43,34,28,2,51,60,29,49,3,55,8,4,58,48
63,57,43,29,44,56,18,33,9,8,46,36,16,59,34,27,50,0,25,24,14,47,3,37,31,2,5,35,39,32,19,42,20,61,45,28,10,53,49,41,12,52,4,11,38,15,51,54,1,40,30,55,58,26,17,60,23,13,6,48,22,21,7,62
40,43,11,58,9,56,34,29,61,7,32,54,46,45,44,1,41,16,21,22,42,20,62,12,19,27,51,31,35,2,18,30,17,0,39,60,57,5,38,3,37,23,59,10,4,48,55,8,63,15,52,49,53,14,26,36,47,33,50,25,24,28,13,6
53,26,48,22,16,61,12,13,35,33,27,29,51,57,38,43,7,50,49,36,11,30,14,37,4,40,1,45,8,9,25,23,42,41,28,39,24,46,52,6,56,34,44,63,55,47,20,5,59,31,2,15,3,21,17,18,62,19,54,10,58,60,32,0
25,13,9,19,21,59,29,34,37,11,63,6,46,12,3,0,7,38,53,27,42,23,28,8,60,62,58,18,51,47,36,54,30,41,20,43,26,48,32,5,16,55,15,24,10,61,22,1,33,31,2,39,57,4,14,56,40,45,17,44,35,49,50,52
47,19,43,38,55,30,36,44,16,20,2,12,15,13,11,28,27,7,4,51,0,34,26,6,37,5,62,50,17,29,61,10,21,40,56,25,35,24,48,3,60,63,33,39,52,1,59,49,57,46,31,45,9,42,41,53,58,8,18,22,54,14,32,23
15,11,29,19,46,51,0,7,9,42,27,22,32,47,56,34,28,17,43,16,8,36,38,37,5,50,63,41,24,23,13,6,45,59,20,18,25,31,62,12,44,61,52,3,48,10,55,33,60,40,14,26,30,57,4,39,2,53,21,35,1,58,49,54
53,38,62,27,0,21,26,42,5,56,40,39,4,34,58,14,41,29,24,37,60,43,51,63,54,10,33,31,19,13,61,12,25,44,2,45,16,22,23,30,3,8,49,15,20,18,1,11,9,59,28,6,36,17,35,7,50,57,47,52,32,55,48,46
50,15,32,24,10,20,33,47,40,58,28,52,27,57,44,62,2,3,9,51,17,22,48,35,60,29,46,5,7,61,25,12,26,59,30,13,19,34,16,41,14,31,53,11,36,21,1,0,56,6,55,39,63,23,54,42,45,8,43,49,37,38,4,18
17,24,2,6,33,48,3,31,19,41,20,37,4,62,51,28,25,60,10,53,36,12,32,23,14,11,29,35,5,58,0,61,15,47,49,27,40,46,45,57,8,50,9,56,52,42,39,22,18,54,43,13,1,55,26,63,44,30,16,34,38,59,21,7
26,22,41,55,32,14,18,39,62,61,3,46,27,50,47,40,36,28,6,15,8,63,25,2,35,19,38,33,11,12,34,21,29,49,59,7,57,20,24,1,10,53,16,51,31,52,30,17,0,37,4,45,60,54,13,48,9,23,58,56,43,42,44,5
1,50,35,44,52,39,18,53,47,36,45,10,9,17,26,30,42,31,6,46,13,34,14,20,58,28,29,60,49,12,16,27,25,5,38,43,40,24,7,8,37,15,57,63,51,41,0,21,55,32,22,4,61,33,19,3,62,56,2,23,48,54,11,59
42,43,13,56,21,55,47,60,18,54,39,41,14,20,31,19,24,32,16,12,17,38,9,3,59,50,8,40,30,23,5,44,1,36,0,25,46,52,11,58,4,33,37,27,48,63,29,34,53,62,45,28,15,57,35,61,49,2,51,7,10,26,6,22
58,46,48,36,27,0,13,32,54,59,23,8,25,7,29,43,61,60,45,55,41,1,33,22,15,3,30,18,17,12,49,31,42,37,39,57,16,63,62,47,34,21,35,53,19,26,24,14,5,38,2,40,44,4,6,56,11,51,50,10,52,9,28,20
44,41,21,24,37,27,9,45,40,3,20,1,35,17,46,48,31,23,62,47,43,33,59,19,14,36,60,10,53,16,12,18,0,56,11,28,39,7,58,25,4,6,15,50,26,57,29,63,52,61,51,34,30,32,55,42,38,13,22,49,5,54,2,8
29,33,44,0,6,4,38,36,50,22,63,42,46,58,21,37,45,5,16,39,53,20,60,3,32,35,11,24,62,2,13,59,7,48,41,52,61,55,14,9,54,15,25,12,51,49,30,10,34,31,57,26,1,28,56,8,18,17,23,43,27,47,40,19
0,48,16,33,41,31,36,62,24,5,13,42,2,18,10,14,50,21,57,54,47,28,35,52,15,11,27,8,3,60,55,49,38,34,26,39,23,4,45,40,17,43,53,51,58,29,61,20,44,56,46,9,37,1,30,59,22,63,7,12,6,25,19,32
2,4,22,12,47,27,45,7,6,10,63,42,61,48,56,35,21,57,14,43,1,32,54,24,3,8,37,38,34,20,13,19,9,0,55,33,25,23,5,26,53,16,11,46,30,60,44,28,49,36,41,39,40,29,58,17,59,51,52,15,62,31,50,18
2,32,13,59,14,57,6,15,36,38,51,39,20,60,30,29,27,23,24,31,17,12,3,42,56,54,28,62,16,35,26,50,37,4,19,43,11,9,58,18,61,7,53,22,10,34,33,46,8,0,21,40,49,5,63,25,41,45,44,55,48,47,52,1
34,6,3,8,27,18,39,55,38,11,52,5,12,30,13,61,47,58,33,14,28,20,43,50,23,2,35,59,4,54,9,53,57,32,56,41,37,49,0,63,48,36,62,46,17,29,15,42,40,26,45,24,22,31,19,1,21,10,25,7,60,16,44,51
47,39,19,37,54,44,48,59,60,41,18,57,22,23,33,34,40,14,36,26,56,0,4,8,24,50,12,53,38,45,31,43,55,1,58,62,3,30,35,9,17,2,42,29,28,51,7,15,11,5,10,25,46,32,27,13,16,21,63,61,49,6,20,52
53,54,3,0,8,9,31,32,51,11,22,42,28,56,15,23,60,1,57,58,62,43,24,33,13,7,21,27,19,52,47,34,46,40,16,20,35,26,25,39,45,4,17,48,14,18,38,37,61,29,44,55,12,63,50,41,49,5,59,36,30,6,10,2
45,26,23,5,21,19,10,58,51,4,46,57,31,34,11,6,32,25,22,2,41,49,38,53,9,28,8,50,16,24,14,48,60,63,36,30,40,37,3,33,0,35,27,47,61,62,13,12,43,15,52,44,20,29,7,54,18,56,42,39,17,59,55,1
34,10,9,42,36,44,23,41,7,45,30,17,56,19,59,33,46,60,6,53,43,20,26,58,47,62,12,31,8,1,39,15,37,0,4,35,5,11,28,38,40,3,25,13,21,14,29,54,48,16,50,18,32,2,51,49,52,22,24,61,27,63,55,57
3,22,5,42,9,12,14,17,36,16,8,4,43,28,47,48,18,0,23,29,55,33,50,51,1,44,57,56,38,41,37,2,58,63,49,27,20,52,59,46,30,61,35,7,10,24,40,31,54,11,62,21,32,13,25,45,60,6,15,26,19,34,39,53
51,20,10,27,21,61,37,45,34,56,50,54,47,33,46,24,36,16,38,2,52,41,40,31,3,43,25,42,62,23,55,0,39,35,18,30,19,7,29,15,13,44,58,63,12,17,1,11,5,26,8,14,6,48,32,4,49,59,9,57,53,28,60,22
0,63,36,14,43,52,37,11,55,30,6,56,50,42,17,26,19,12,61,46,45,39,25,59,8,40,33,54,20,24,28,62,27,41,7,44,29,10,3,5,53,51,23,35,57,22,49,18,34,15,9,21,16,47,1,2,31,13,48,60,58,38,32,4
55,24,18,62,63,16,14,0,38,56,20,60,3,12,44,42,59,50,17,33,41,37,19,10,31,21,26,9,11,48,40,30,39,58,61,7,25,53,4,32,29,6,28,22,47,5,23,57,27,52,15,34,51,8,35,49,43,1,54,2,36,45,46,13
38,9,7,37,62,13,24,56,4,48,32,44,28,54,40,30,36,52,3,16,23,18,25,10,45,43,63,42,19,58,0,46,27,29,26,55,33,61,34,1,14,22,15,20,8,17,12,60,49,53,6,57,35,41,47,59,5,51,21,11,50,31,39,2
11,44,58,37,10,1,33,21,57,12,42,49,47,43,59,23,25,22,41,24,8,5,34,4,18,13,29,9,7,45,46,35,32,17,38,2,61,28,26,20,31,16,63,40,51,60,6,50,62,3,39,0,52,54,15,55,27,53,19,30,36,56,48,14
46,28,26,32,1,35,30,31,33,29,41,7,49,14,6,54,27,38,53,3,59,15,60,8,23,47,25,44,61,45,57,17,40,0,2,11,19,12,37,51,13,48,55,20,9,39,58,21,24,52,62,36,34,16,56,10,18,22,63,50,42,4,5,43
51,42,55,37,46,62,54,9,36,61,13,10,1,19,49,26,40,53,7,16,6,29,5,63,20,17,0,11,32,58,59,48,60,41,57,38,56,15,52,2,14,30,25,27,39,21,8,3,35,18,22,34,33,44,43,47,4,23,45,24,28,31,50,12
59,49,1,40,9,57,44,58,23,50,63,17,41,4,16,28,54,46,47,61,24,22,48,19,21,18,6,42,29,33,51,10,25,13,43,31,52,37,62,39,11,26,8,56,38,27,3,32,14,35,7,60,53,45,15,55,5,20,30,2,36,34,0,12
6,28,46,16,57,34,59,43,33,42,29,9,4,3,63,62,13,41,60,44,35,54,12,39,55,7,24,18,37,47,20,53,1,45,14,36,51,52,50,17,15,21,27,31,38,8,61,32,11,23,0,5,58,49,25,40,2,10,19,30,26,56,48,22
57,43,18,55,49,36,22,3,25,7,37,53,9,14,51,0,28,39,32,11,41,16,52,42,29,6,56,33,2,20,13,12,60,17,47,35,23,27,40,26,1,62,38,15,31,5,44,8,34,50,61,54,4,46,63,10,21,48,45,30,58,59,24,19
57,45,21,8,58,38,32,7,12,42,27,20,53,22,18,6,54,4,16,56,23,60,50,5,26,17,59,37,44,35,39,52,41,0,30,62,34,31,33,63,51,46,3,9,19,14,29,36,1,40,28,2,55,15,10,13,11,61,43,24,25,48,49,47
5,20,46,41,56,38,45,17,43,21,12,47,59,32,31,58,52,53,29,57,14,54,39,26,63,33,24,22,6,49,8,15,36,44,61,13,50,48,3,2,51,28,25,60,42,34,23,10,55,9,7,18,0,27,40,19,62,1,35,4,16,37,11,30
43,38,15,49,11,54,52,56,31,20,35,57,63,39,48,3,1,25,5,34,62,29,53,24,14,36,58,26,22,61,32,50,6,18,10,4,23,59,12,17,44,28,47,33,41,46,55,45,40,27,21,13,9,2,42,7,8,51,16,60,30,0,37,19
44,53,30,37,18,49,54,4,6,50,3,28,63,58,19,33,1,59,14,15,51,42,34,39,10,25,45,38,7,17,56,62,13,11,60,2,27,55,29,48,8,9,36,61,52,57,23,5,43,24,40,41,26,12,35,16,20,31,21,0,46,22,32,47
62,37,55,28,9,18,42,43,12,16,47,22,57,50,11,40,6,15,29,48,53,0,27,23,19,35,1,30,10,8,60,31,56,61,39,41,32,51,54,3,25,58,46,26,5,49,59,63,38,17,52,44,33,34,13,24,2,14,7,45,4,21,20,36
25,60,41,29,23,34,39,48,49,58,61,44,13,9,21,6,7,18,37,53,10,33,15,57,40,36,56,45,8,32,24,3,59,16,28,14,2,42,43,26,27,52,20,12,38,19,11,31,22,63,46,47,55,0,5,62,4,30,50,1,54,51,17,35
0,56,3,49,40,61,21,9,50,13,51,46,18,35,55,24,36,30,34,42,53,20,19,45,41,25,60,54,27,62,32,22,17,63,7,2,52,10,12,15,11,43,14,48,33,5,57,23,44,26,58,28,6,47,39,8,1,29,37,38,59,16,31,4
49,45,0,15,54,25,31,3,19,17,62,11,13,48,30,22,60,55,16,38,32,14,43,1,10,9,24,51,41,18,44,36,40,26,37,53,39,50,8,29,59,56,27,12,42,23,46,57,5,58,2,7,6,35,33,63,4,61,52,34,21,28,47,20
63,30,41,26,15,17,4,62,48,56,0,42,31,60,12,47,13,3,5,51,45,10,57,1,34,49,27,28,24,43,19,37,2,25,23,18,39,59,40,55,38,16,14,6,8,32,21,33,52,53,22,29,9,54,36,44,20,61,7,11,58,50,35,46
24,50,40,48,42,37,22,23,15,62,18,63,60,36,7,8,38,35,58,61,5,45,3,21,32,49,39,47,2,13,1,53,46,25,14,57,16,30,51,17,33,34,19,55,11,20,29,43,27,26,44,6,0,52,31,10,4,28,41,59,56,12,9,54
8,55,61,38,48,41,28,60,3,22,21,25,53,11,40,52,54,49,15,37,31,14,24,44,5,63,9,18,43,59,42,45,32,17,2,12,0,16,34,62,35,6,29,23,26,39,27,36,57,58,1,10,50,20,30,7,33,47,13,51,56,4,19,46
35,48,60,47,18,52,58,16,38,59,37,10,0,8,27,44,17,41,9,24,36,30,23,2,7,11,20,46,1,13,51,12,55,29,14,54,63,45,21,19,62,31,33,15,56,61,5,6,26,57,4,32,3,50,39,49,28,53,25,34,40,22,43,42
35,49,10,40,12,54,26,60,3,4,7,34,44,52,6,56,31,47,29,17,39,13,19,16,1,50,2,9,38,48,15,41,5,43,53,18,25,0,46,63,28,11,33,27,58,61,14,8,36,51,23,30,59,42,55,62,37,22,57,20,24,21,45,32
42,41,11,31,34,58,25,62,8,57,60,52,29,59,6,38,12,43,39,14,0,54,26,30,4,24,5,32,22,33,19,53,40,28,50,56,13,46,36,2,17,7,21,3,63,55,23,9,45,48,27,49,20,44,61,35,1,18,51,10,47,37,16,15
40,56,6,50,51,61,55,8,4,29,60,43,45,62,13,7,27,14,37,48,5,58,31,47,18,1,42,49,3,10,2,9,25,23,36,39,19,44,35,24,38,21,63,22,54,53,15,16,46,41,20,17,12,28,59,11,30,26,33,0,32,52,34,57
35,2,24,53,51,59,26,15,21,7,42,30,48,39,43,17,5,13,47,46,62,19,57,60,45,61,55,22,44,14,63,11,0,38,29,41,34,8,16,28,56,12,31,1,9,36,10,20,6,25,37,4,32,54,52,58,33,40,3,49,18,27,23,50
19,51,23,50,6,22,38,7,17,61,57,24,43,30,10,49,33,15,47,48,14,12,11,16,60,53,58,8,39,62,44,42,5,55,46,37,26,29,45,35,28,18,59,9,34,3,63,20,1,40,32,54,0,25,4,52,21,2,36,27,56,31,41,13
24,41,3,0,38,23,16,4,52,31,48,25,28,10,20,5,21,55,37,45,14,63,13,15,53,11,35,6,44,56,43,17,2,9,42,57,8,50,34,22,54,26,39,47,40,36,46,7,27,19,18,59,61,33,32,60,58,1,30,62,49,29,12,51
39,12,14,13,9,60,1,29,28,21,50,3,27,45,17,4,37,61,15,52,47,5,20,38,24,16,58,7,56,8,30,33,41,48,23,2,34,59,31,19,63,32,51,42,55,18,22,0,35,53,57,40,25,36,49,62,44,6,54,46,11,26,43,10
18,3,52,7,4,60,63,49,29,25,21,48,24,20,26,9,22,42,45,28,46,53,11,16,37,8,31,34,54,36,27,32,5,35,44,19,43,2,17,15,38,58,23,61,50,1,6,39,10,40,57,62,14,55,33,0,12,59,41,30,51,56,13,47
23,38,19,6,45,35,18,16,26,46,48,7,49,30,12,55,10,27,32,11,37,20,58,62,39,13,40,15,4,42,17,21,2,33,25,47,24,8,51,63,9,29,36,41,59,57,1,31,54,3,43,60,52,22,0,14,5,53,56,34,28,61,44,50
13,62,12,59,38,37,41,57,46,34,15,53,16,30,40,51,44,48,42,54,8,52,49,43,45,24,26,29,3,60,55,31,27,10,17,58,47,50,20,9,39,33,5,56,0,28,36,1,21,18,2,14,63,6,32,61,19,23,4,35,22,7,11,25
40,9,63,52,1,35,11,7,56,30,25,62,31,60,49,3,44,34,36,6,57,5,54,53,41,46,21,10,32,22,37,20,29,19,58,8,47,51,42,39,38,15,55,43,24,16,17,4,13,27,48,59,45,33,12,23,50,0,28,26,14,18,2,61
50,21,18,10,51,36,43,63,17,62,37,6,49,2,35,55,52,4,19,32,56,16,24,3,58,28,48,60,40,25,39,47,44,41,23,57,38,15,12,54,14,27,22,0,11,46,29,7,45,30,42,9,34,26,59,53,5,31,20,1,13,33,61,8
52,38,32,44,17,46,2,12,24,41,57,10,20,60,63,14,47,33,8,26,35,39,43,50,53,61,23,1,42,15,3,56,19,22,36,51,25,48,45,59,54,13,55,27,18,0,49,28,34,58,4,31,9,37,30,62,40,5,29,16,11,21,7,6
27,42,1,18,31,13,30,29,17,25,55,48,32,40,21,59,37,57,46,35,33,3,11,63,23,12,7,15,61,9,22,5,34,26,41,2,20,39,43,47,8,24,44,14,6,19,53,49,56,58,60,4,45,28,50,16,10,52,54,51,38,36,62,0
62,44,47,1,12,51,60,6,0,2,36,3,34,22,10,35,30,8,31,40,56,48,28,57,9,14,18,53,4,52,42,45,23,26,59,58,21,17,20,54,25,37,13,39,27,16,61,63,33,55,19,50,38,43,5,11,49,32,24,46,29,41,7,15
37,4,44,59,14,60,35,41,20,43,49,46,33,0,2,63,28,25,56,1,22,18,12,27,5,61,17,16,10,24,30,39,48,8,23,42,13,53,31,58,45,62,52,38,36,6,29,7,50,21,51,55,40,9,34,54,57,32,47,3,19,26,11,15
29,59,8,41,39,43,51,30,38,48,57,18,7,62,11,36,31,45,60,9,22,12,52,19,47,58,61,55,25,46,26,34,15,3,23,56,44,10,63,20,28,13,49,24,2,42,53,17,40,4,6,5,50,54,32,14,27,1,35,16,37,21,0,33
52,27,51,2,34,55,18,10,26,40,7,48,5,33,9,45,56,50,14,24,16,30,8,60,35,58,3,57,46,25,59,31,28,22,12,29,19,38,53,42,1,11,20,63,21,6,54,43,47,23,37,39,41,36,0,61,62,4,49,17,44,32,15,13
35,26,46,56,55,29,53,37,11,27,14,63,36,19,17,52,47,9,43,57,44,23,6,20,0,49,21,12,1,39,3,61,38,18,5,7,13,28,16,59,22,50,60,58,24,54,40,25,42,62,4,8,34,51,31,41,15,33,48,45,30,10,2,32
60,62,18,16,37,0,5,50,7,6,24,26,2,11,28,55,44,10,61,17,58,23,45,31,51,32,14,38,63,59,9,3,56,42,49,41,25,27,52,4,57,54,20,19,48,40,21,33,36,15,8,43,30,1,39,22,12,35,53,13,29,47,34,46
26,46,16,3,8,10,43,34,57,45,6,44,22,53,27,19,35,58,30,62,61,55,63,48,7,29,49,20,41,33,56,31,39,17,37,36,52,9,11,2,38,13,50,51,40,21,24,15,54,42,0,59,28,32,12,23,18,47,25,1,14,60,4,5
51,29,49,20,42,0,56,55,53,62,9,23,11,27,18,39,22,43,2,33,28,10,58,60,59,15,48,8,50,40,19,37,36,32,57,54,44,24,52,25,38,3,4,16,45,17,7,21,61,31,63,41,12,1,47,46,14,34,5,26,13,35,6,30
21,12,56,47,30,31,35,34,45,10,50,32,1,7,5,15,62,2,19,0,61,57,41,28,6,4,53,11,43,3,27,55,13,38,49,52,54,39,46,29,18,33,8,42,48,22,23,40,58,9,59,51,20,16,17,26,63,60,36,44,24,14,37,25
52,40,35,22,8,29,36,0,30,55,46,28,38,41,42,16,2,10,27,26,58,7,45,4,6,59,51,15,48,24,1,37,13,54,21,32,5,50,43,34,57,56,53,44,9,49,23,19,11,18,60,12,17,62,61,20,14,63,39,47,33,25,31,3
56,11,26,10,41,6,31,51,34,35,60,39,22,16,52,37,27,33,58,21,4,62,18,45,19,49,38,12,59,43,54,23,57,20,8,7,3,1,36,30,24,61,42,28,9,14,47,25,46,0,17,13,50,2,15,44,5,63,29,40,53,55,32,48
22,2,29,45,44,25,27,63,20,56,0,16,53,38,59,21,48,12,24,10,57,55,37,7,30,62,31,34,52,8,60,19,32,39,46,42,54,41,17,50,13,33,36,58,26,14,23,43,18,11,40,9,35,61,28,4,1,15,49,47,3,6,5,51
60,19,61,8,2,38,6,43,20,44,27,9,13,7,16,5,59,14,40,37,31,1,32,17,48,0,62,55,41,12,28,35,25,54,29,57,10,58,47,45,49,36,11,39,51,24,3,42,30,63,33,53,52,4,22,46,15,50,26,23,34,21,56,18
49,25,26,18,53,59,8,39,32,50,2,21,12,22,47,44,60,30,28,62,52,10,24,34,58,37,48,27,36,42,61,54,9,55,23,63,35,45,7,14,33,41,51,43,17,16,0,11,31,38,6,4,57,5,3,13,1,15,29,19,56,46,20,40
38,49,59,30,2,18,62,39,61,34,44,29,5,48,6,51,13,32,16,42,28,50,53,57,1,26,37,40,12,9,60,14,63,11,27,41,22,35,58,45,24,52,15,17,21,3,47,43,7,20,31,23,46,25,19,4,8,54,0,33,56,36,55,10
45,41,11,33,8,30,20,46,2,44,38,23,35,27,24,53,50,25,51,12,22,39,49,61,48,42,21,52,26,37,4,10,31,57,55,60,28,0,7,58,13,59,17,62,34,19,32,1,14,29,16,3,47,5,18,63,54,43,15,6,56,40,9,36
46,9,0,11,7,3,55,32,17,50,43,44,60,40,33,1,47,2,23,57,63,34,22,36,61,27,21,4,14,53,5,28,30,54,15,26,10,51,6,31,19,29,56,58,35,37,52,45,24,42,48,8,49,59,38,13,20,39,18,25,12,62,41,16
61,53,23,21,62,54,51,43,5,56,29,39,25,33,63,7,37,26,16,46,24,32,41,49,36,60,6,52,44,38,14,19,18,57,1,40,42,13,9,35,12,45,28,4,48,11,0,10,34,30,3,22,20,47,59,50,8,17,27,58,2,31,55,15
50,26,23,55,33,13,18,51,62,60,21,15,11,31,48,53,27,3,52,4,37,32,7,40,20,41,43,58,17,22,10,28,0,59,8,12,9,29,44,45,38,56,54,1,35,63,34,2,5,6,46,14,30,25,24,19,61,47,42,49,16,36,57,39
16,8,13,45,10,21,29,11,28,20,22,56,6,35,46,43,17,33,25,14,36,19,0,9,37,44,49,63,38,12,27,42,47,31,7,51,24,40,52,57,23,1,18,48,55,30,54,5,59,53,15,4,3,61,41,50,34,32,60,62,39,26,58,2
35,18,39,62,57,20,40,13,19,11,5,43,37,55,56,33,58,31,2,15,4,34,36,61,23,27,25,63,49,7,28,45,50,3,24,53,16,42,17,12,32,22,0,44,9,47,21,38,8,30,10,6,48,59,51,54,14,1,26,41,29,60,52,46
43,35,40,29,39,45,37,48,58,60,13,5,24,32,41,17,22,59,54,63,2,21,57,30,26,27,16,15,9,53,1,34,42,62,44,52,47,50,18,10,46,7,4,0,19,25,28,49,3,8,6,38,14,20,33,55,12,36,61,11,56,51,31,23
11,1,32,54,47,15,31,39,43,61,57,14,41,4,37,60,9,44,12,33,5,23,7,52,58,27,0,46,18,59,30,62,56,25,34,2,6,51,19,35,42,38,22,45,29,20,3,53,13,21,16,49,8,50,28,48,10,40,36,24,17,26,63,55
62,18,11,51,24,61,37,3,32,53,6,22,16,8,14,1,38,63,23,10,49,17,27,43,56,9,21,19,25,29,35,47,57,34,15,44,20,12,55,4,45,48,0,26,31,58,54,46,40,60,30,59,52,41,13,42,50,36,2,7,28,5,39,33
41,20,46,47,44,25,33,6,32,7,19,62,13,51,37,15,28,54,27,11,50,43,23,59,60,61,21,58,18,10,53,39,36,56,16,26,63,3,0,42,57,40,48,2,24,34,35,38,45,8,52,55,9,49,29,5,31,30,22,14,4,12,17,1
49,55,28,13,29,52,4,51,2,11,10,45,19,26,36,40,27,46,31,21,18,22,60,56,23,17,41,1,34,7,33,50,43,32,58,16,5,48,44,9,42,15,20,39,59,24,3,35,63,0,38,30,47,54,8,37,62,25,57,61,53,14,6,12
21,10,59,5,38,53,45,50,37,30,55,26,1,15,42,7,23,44,47,41,20,29,49,16,43,2,9,54,24,58,25,51,27,60,12,39,52,32,40,34,28,62,0,33,35,48,36,46,18,57,56,14,17,8,13,19,11,31,61,63,4,3,22,6
40,28,10,51,19,45,6,1,53,36,12,56,18,54,11,34,59,43,13,26,8,9,52,14,7,2,58,50,30,21,49,44,4,33,39,23,16,62,25,47,48,60,38,57,32,27,37,63,0,41,55,3,29,22,24,17,20,5,35,31,42,46,61,15
62,2,23,7,1,57,13,32,18,55,49,27,46,11,37,31,6,56,0,21,42,61,5,3,51,19,15,14,35,25,28,53,63,26,12,24,41,58,30,43,47,34,17,48,8,10,39,4,36,44,60,40,22,38,45,16,9,50,29,33,59,54,20,52
47,36,6,48,21,11,18,51,2,14,30,27,43,10,26,40,52,17,57,46,59,22,50,60,23,13,9,62,28,24,0,53,35,20,7,37,15,44,33,16,55,63,34,39,54,31,8,49,32,41,38,1,61,58,12,19,4,56,25,42,3,5,45,29
34,4,62,44,36,0,12,32,26,25,63,60,20,24,2,33,53,37,42,21,39,51,6,38,22,57,40,45,23,55,16,27,35,43,8,13,47,7,1,31,5,50,49,29,54,59,52,58,17,30,10,14,28,18,46,11,19,41,56,3,15,61,48,9
50,42,7,46,6,56,37,53,32,55,13,31,59,23,2,33,43,49,29,19,9,39,61,57,11,0,54,48,25,44,58,35,20,8,3,60,24,5,30,4,52,1,34,62,40,15,38,18,17,63,28,12,10,16,36,21,26,45,27,41,47,51,14,22
5,41,2,62,49,37,36,1,15,55,20,14,7,10,59,38,30,57,50,53,25,52,54,40,9,63,26,27,44,29,17,42,23,24,8,48,21,22,12,28,58,3,35,39,4,45,18,61,16,32,0,60,56,34,46,43,33,31,6,51,47,13,11,19
24,56,36,38,5,42,57,39,33,20,48,37,43,63,18,52,58,62,60,51,11,45,46,53,22,4,17,40,21,55,34,7,23,19,10,2,16,27,15,47,54,0,13,41,29,49,25,32,12,31,9,26,35,8,6,59,30,50,14,61,44,1,28,3
39,40,42,34,53,14,56,38,24,30,36,12,33,63,46,11,5,29,13,16,59,6,10,41,31,54,1,7,15,45,49,25,50,23,52,51,47,44,57,61,55,3,60,0,18,2,48,20,32,21,26,58,35,9,27,19,4,8,17,28,22,43,37,62
55,35,53,22,56,0,48,38,61,41,49,40,10,5,28,17,8,26,24,59,37,21,31,2,63,33,51,34,62,6,58,12,1,47,30,50,54,16,52,45,20,15,18,7,60,3,9,39,19,44,11,42,23,27,29,13,25,14,43,46,32,4,57,36
49,46,35,3,57,6,33,61,8,42,15,47,32,25,55,43,17,2,28,37,16,38,39,63,27,53,21,41,4,45,19,7,58,5,23,44,29,22,30,11,60,56,59,62,34,12,9,40,14,54,10,31,24,50,48,20,18,1,0,36,13,26,51,52
37,4,57,50,23,5,59,2,8,34,0,51,30,12,14,42,38,49,20,28,3,60,1,17,15,39,52,22,45,44,46,26,35,48,40,29,58,32,16,25,31,7,9,53,56,62,21,63,11,18,55,54,19,10,61,47,43,41,13,6,33,24,27,36
44,39,12,55,17,3,14,33,18,21,2,16,15,11,59,60,47,30,28,10,22,63,25,51,50,49,24,54,20,56,43,61,38,23,32,62,6,4,46,7,41,58,36,8,35,48,42,45,29,0,27,13,57,26,40,53,31,37,5,52,19,9,34,1
57,30,26,50,23,15,32,6,39,43,55,44,2,13,16,59,25,18,7,20,62,27,52,21,51,29,11,8,60,17,61,47,34,14,46,28,19,0,4,3,24,22,63,33,10,53,31,12,40,45,56,49,41,38,1,35,5,48,36,37,58,42,9,54
7,29,4,53,13,18,45,3,46,0,21,15,44,34,52,42,50,63,39,49,23,12,24,62,61,6,9,54,8,36,16,56,33,40,22,30,58,27,2,43,11,26,48,35,41,10,47,38,60,31,25,57,5,32,51,37,55,28,1,14,59,20,19,17
14,38,21,22,1,57,41,52,5,8,54,15,26,6,25,24,62,36,29,48,0,33,10,58,39,56,51,35,18,55,13,19,34,4,30,44,61,9,31,12,20,63,47,42,7,53,23,43,32,45,59,28,11,17,40,16,2,60,50,3,49,46,27,37
55,17,45,34,37,56,28,48,52,14,5,50,3,33,36,40,26,2,1,9,53,23,58,12,8,24,20,16,44,38,7,60,25,63,6,61,29,22,49,35,0,10,57,51,62,39,27,31,47,43,21,19,13,54,59,18,46,15,30,32,41,4,11,42
35,1,30,57,63,19,27,42,6,56,55,16,61,24,18,50,59,52,49,15,38,4,41,62,48,54,2,51,25,34,29,23,20,44,40,13,47,14,26,39,31,5,60,11,3,28,12,0,33,53,9,8,58,37,21,10,43,7,17,45,22,32,46,36
58,25,18,11,43,27,24,44,50,22,46,42,19,49,35,39,26,37,38,8,0,28,48,2,23,7,31,32,30,34,16,51,21,4,56,40,6,1,12,13,62,10,45,20,15,57,55,60,47,59,17,52,54,29,9,14,36,33,63,5,3,61,41,53
22,4,18,63,43,38,25,14,44,10,50,42,8,55,23,57,6,39,46,33,0,20,59,2,30,48,15,16,17,37,31,35,36,1,40,11,47,13,26,5,41,3,52,49,28,24,21,32,12,29,34,9,51,60,45,7,56,19,62,27,58,61,54,53
37,10,15,40,4,55,58,1,26,48,17,11,47,6,13,56,12,29,8,7,20,22,60,42,53,51,49,43,34,62,63,38,61,3,24,57,27,36,14,0,5,19,23,2,31,9,28,46,18,21,54,44,30,41,16,25,59,52,35,32,50,33,45,39
2,24,57,10,4,61,59,22,14,40,27,34,21,43,11,5,48,19,49,47,53,62,51,6,3,41,54,37,13,15,16,58,44,20,33,18,45,55,31,25,63,32,29,28,7,17,36,52,39,9,42,1,60,23,35,50,30,46,8,12,26,0,56,38
38,21,29,17,2,62,13,36,31,34,7,25,49,32,48,16,41,46,40,63,55,51,35,1,57,12,42,14,8,52,10,15,50,24,19,53,60,11,33,56,26,28,0,58,27,39,59,9,45,22,61,4,3,43,20,37,54,23,44,30,47,6,5,18
15,1,31,24,8,48,51,40,57,45,61,10,42,27,46,62,5,32,17,33,3,50,37,34,12,58,49,35,47,22,36,60,29,6,11,7,30,23,59,21,52,20,0,53,63,28,38,56,4,43,25,44,55,41,39,2,19,14,9,13,54,16,18,26
23,47,63,57,8,49,17,6,13,1,7,46,50,51,22,25,42,52,18,59,62,38,4,10,43,40,60,44,31,2,12,29,11,34,27,33,37,19,3,56,9,14,55,45,35,30,15,58,32,39,41,53,61,24,36,0,20,26,54,28,48,16,5,21
51,40,26,29,45,22,48,38,54,24,43,32,53,19,63,37,18,9,7,16,42,50,10,28,62,52,41,35,60,25,2,13,17,21,46,5,14,61,11,55,3,31,58,15,36,4,59,12,30,6,1,39,56,20,47,0,27,33,23,34,8,44,49,57
62,57,44,58,5,59,36,23,34,41,53,56,25,52,60,33,39,29,11,61,50,42,26,0,2,30,19,40,22,12,20,35,54,37,6,51,16,46,18,10,27,63,14,47,3,21,32,7,49,38,17,28,1,43,4,8,9,15,48,55,24,45,31,13
27,31,38,11,39,1,35,19,47,33,6,17,24,2,50,4,51,28,0,18,36,57,42,16,55,14,7,5,63,3,56,61,13,25,45,46,52,37,41,12,26,58,9,21,10,20,44,34,40,62,53,32,23,54,22,60,43,59,15,48,29,49,30,8
48,26,20,62,61,45,9,11,59,12,33,28,4,32,0,40,29,3,25,36,49,56,37,13,21,35,54,1,50,19,46,44,38,57,47,10,8,16,52,39,51,23,14,27,60,6,34,22,58,17,2,18,42,31,15,43,41,30,24,53,63,7,5,55
48,49,43,39,27,20,2,14,59,30,60,58,40,28,5,4,61,18,26,29,57,0,42,35,10,34,45,51,32,47,9,38,23,37,33,62,55,19,12,41,8,52,17,21,15,46,53,56,11,6,63,31,50,36,3,7,54,44,22,16,25,1,13,24
44,9,46,2,53,10,11,34,12,23,35,20,57,31,51,15,49,7,40,30,32,54,38,1,14,6,55,50,45,36,21,28,52,17,26,60,56,58,5,63,41,24,16,29,62,47,0,25,43,8,42,22,27,3,19,61,4,33,18,48,39,13,59,37
3,33,0,39,41,40,21,36,22,1,24,63,32,15,13,18,58,14,37,10,6,44,49,61,53,7,46,42,45,26,11,27,31,51,25,38,47,28,57,52,56,5,59,8,54,19,17,29,62,48,30,2,55,16,9,50,60,23,12,35,43,4,20,34
0,10,33,15,48,60,45,26,39,19,9,20,43,42,62,37,3,56,47,8,27,54,14,63,6,31,13,55,11,51,25,16,22,1,61,4,23,2,21,5,18,50,59,34,58,36,49,30,57,46,24,52,17,53,32,35,7,38,29,41,28,44,40,12
28,12,7,8,63,33,11,18,22,54,58,15,59,60,16,34,43,45,38,9,29,20,48,42,10,3,47,4,17,53,37,25,13,62,2,32,1,50,26,49,35,61,52,5,6,27,56,21,51,55,30,19,41,57,23,40,46,0,36,39,24,44,14,31
5,6,26,2,28,25,3,45,38,16,19,57,51,59,8,48,44,55,63,17,12,53,42,15,62,56,21,4,27,0,60,7,36,35,22,10,58,39,18,31,40,61,54,52,14,34,30,33,24,23,9,46,47,50,41,37,11,43,1,29,13,20,49,32
6,21,3,35,2,55,27,49,42,61,36,28,34,60,16,5,29,56,24,10,43,51,11,12,13,26,25,15,18,59,17,19,22,20,41,37,57,44,23,38,54,9,1,7,8,48,45,39,53,14,47,46,0,62,33,52,32,31,40,4,58,50,30,63
48,29,12,55,11,39,58,53,3,17,61,36,59,43,50,5,18,49,25,22,56,40,37,20,47,16,42,23,32,21,41,34,28,62,26,6,4,19,0,46,7,10,52,57,60,13,2,14,8,24,38,9,31,51,30,63,27,35,1,54,45,33,44,15
33,37,14,25,45,10,54,35,23,56,39,50,1,51,21,46,42,26,32,49,28,19,15,13,52,29,6,36,58,30,22,24,63,48,27,20,8,12,53,43,7,47,62,55,5,3,57,59,9,18,0,4,61,60,31,40,38,34,11,44,17,2,41,16
14,25,33,2,12,15,42,58,7,61,28,49,63,30,11,3,1,24,20,41,54,55,10,29,21,34,50,47,38,27,36,5,22,9,8,18,32,37,0,52,16,53,51,62,43,56,31,6,40,48,35,19,39,4,46,59,45,13,57,17,23,44,60,26
52,36,48,32,62,11,8,47,37,22,56,2,14,58,15,59,57,3,12,39,21,16,29,60,5,35,10,4,40,50,38,30,13,46,28,6,20,1,27,51,18,25,54,49,55,61,42,63,19,9,33,17,44,24,7,26,45,34,23,41,43,0,31,53
30,54,37,41,60,23,44,18,61,40,24,29,49,56,19,17,48,58,55,51,10,32,12,38,11,45,15,28,47,50,36,62,52,9,43,34,22,7,6,27,4,3,31,20,16,46,21,42,57,13,14,0,35,5,53,8,2,59,25,1,26,39,33,63
3,57,38,45,39,21,5,11,13,51,6,23,59,24,62,10,35,47,44,27,52,18,2,36,42,20,19,43,60,28,22,16,14,41,26,0,31,40,29,8,58,15,12,25,53,63,54,30,50,34,1,4,55,9,49,32,56,61,33,17,46,7,37,48
17,2,62,30,19,21,16,42,36,46,57,12,10,4,20,47,23,14,25,11,9,63,49,39,31,8,53,51,37,59,41,7,22,15,52,35,27,13,28,44,5,55,56,6,61,60,58,33,3,50,48,32,26,24,34,0,43,29,54,18,45,1,40,38
56,50,60,55,13,10,25,51,46,62,49,34,45,52,19,4,38,48,15,11,57,3,5,59,23,24,28,26,43,36,20,47,22,29,32,0,30,27,33,37,35,58,7,54,63,21,17,31,44,40,8,16,12,14,1,41,39,2,18,6,61,42,9,53
0,41,32,17,28,10,58,61,29,48,11,9,30,62,39,12,42,27,14,52,50,43,7,35,31,15,57,47,38,33,51,19,56,37,18,8,3,49,53,25,2,6,34,1,16,46,5,59,60,4,20,40,54,45,55,26,24,22,44,13,21,23,63,36
25,24,51,27,42,14,54,11,33,21,7,19,6,45,47,3,50,57,23,17,58,10,31,37,12,1,13,30,55,41,39,32,29,40,2,62,59,20,22,44,26,56,28,52,18,8,15,38,34,60,0,35,61,16,5,43,46,36,49,63,4,48,9,53
50,59,35,13,1,46,7,29,15,8,33,20,48,47,10,14,54,16,25,61,51,24,52,55,17,28,12,5,58,40,4,18,57,45,62,34,2,32,31,9,36,39,56,37,19,53,30,60,43,49,44,0,6,11,41,38,26,63,3,23,21,22,42,27
46,3,31,15,11,60,63,14,57,49,7,44,43,62,30,20,16,13,27,12,39,53,42,59,40,18,6,50,58,41,21,22,10,61,36,54,19,51,1,33,5,26,52,25,0,8,23,37,9,29,35,55,2,24,47,38,28,32,56,34,48,17,45,4
25,58,8,17,38,51,14,36,24,32,50,21,56,48,55,3,61,10,16,23,35,15,27,11,42,7,13,19,59,44,40,18,49,28,57,47,52,31,30,46,1,39,9,12,4,0,29,33,53,41,45,60,20,22,37,34,63,54,43,62,26,2,6,5
50,59,10,28,51,57,25,16,22,44,30,15,40,32,24,45,58,54,13,11,35,42,4,39,12,38,9,5,33,56,37,2,3,18,8,52,20,48,41,63,31,1,19,29,34,14,21,55,0,43,49,61,62,6,7,47,23,46,27,17,26,53,36,60
15,59,8,13,29,47,55,1,21,0,25,50,63,44,46,2,39,40,27,30,3,53,31,12,18,41,6,48,57,22,60,20,43,35,32,58,24,49,62,19,26,42,54,9,4,34,23,36,45,38,17,14,37,52,51,16,5,61,11,28,56,33,7,10
58,17,30,10,47,53,12,9,19,24,25,15,51,63,21,48,54,39,13,6,41,56,33,42,5,44,16,45,32,0,57,8,2,38,27,61,50,36,23,43,26,55,37,35,28,62,40,60,18,52,34,4,14,20,7,46,3,31,49,29,1,22,11,59
54,38,33,19,11,15,28,51,30,59,32,18,7,35,61,43,16,62,5,34,25,13,27,1,49,42,4,31,29,63,45,39,57,21,58,46,36,56,44,2,47,12,0,26,20,41,37,3,6,10,9,50,23,24,60,40,52,17,14,55,53,22,8,48
24,1,28,27,32,63,10,8,12,39,41,3,61,26,14,62,20,43,37,58,34,4,44,2,46,31,51,29,45,55,59,56,5,22,11,52,60,38,18,15,33,49,23,9,47,36,25,17,16,30,7,40,21,6,42,35,53,19,50,57,0,48,13,54
55,42,40,52,22,5,18,57,49,46,60,16,23,58,13,17,56,62,37,15,28,48,25,39,30,20,4,51,2,7,21,27,11,47,29,32,14,10,54,31,34,38,36,50,12,44,8,3,63,45,53,9,0,24,41,35,26,61,43,1,59,6,19,33
49,59,38,5,33,56,22,0,2,6,34,25,53,17,63,14,16,19,23,43,51,8,42,20,29,44,10,58,40,32,37,41,3,9,12,39,15,50,60,35,47,62,36,30,48,7,13,46,61,45,52,24,28,57,55,26,54,1,11,27,31,4,21,18
9,17,16,4,41,3,44,54,24,46,8,47,1,35,2,49,29,21,36,19,32,48,38,14,15,39,56,7,20,23,31,11,13,37,28,6,58,22,57,59,26,43,0,63,60,52,61,34,10,5,62,50,53,51,30,40,42,55,12,18,27,33,25,45
20,60,24,47,39,44,30,42,38,25,49,27,58,22,36,2,6,26,35,17,59,50,51,15,40,56,34,57,23,48,10,18,28,8,4,31,41,21,61,46,55,54,0,53,7,5,14,9,52,33,13,45,16,43,11,63,3,1,32,19,37,62,29,12
8,28,57,45,47,0,5,1,36,40,6,11,21,2,27,38,48,24,13,62,22,56,34,20,61,18,54,55,32,26,37,33,19,14,44,9,53,16,25,39,41,51,29,30,17,3,31,60,12,10,63,4,50,52,43,42,23,49,58,59,15,35,46,7
8,48,49,52,14,27,2,5,62,1,54,10,58,37,63,16,21,4,59,22,19,15,17,25,60,55,13,41,3,61,50,33,39,28,51,9,34,18,11,38,0,7,29,12,43,20,35,26,31,44,36,32,46,57,56,45,6,47,40,23,24,30,53,42
16,9,21,20,62,63,5,49,53,2,34,19,8,25,56,48,18,12,24,43,61,10,17,4,22,46,42,23,37,13,41,39,58,0,29,59,36,15,11,3,31,50,38,28,52,51,27,40,14,35,32,54,45,57,26,47,60,6,1,7,30,44,55,33
57,60,11,3,5,36,0,30,35,34,18,19,7,21,63,28,10,56,12,33,24,50,31,27,40,52,62,59,61,25,17,22,29,46,26,47,8,51,49,4,42,54,43,53,55,58,48,38,39,41,1,13,14,15,32,2,37,6,23,9,44,45,20,16
46,5,20,11,17,60,4,6,3,39,13,31,32,33,26,37,41,10,24,54,23,55,35,53,22,1,44,16,45,8,30,42,0,62,50,34,36,12,14,38,18,58,2,25,19,7,61,52,56,48,59,29,9,51,28,57,47,43,63,27,15,40,49,21
12,7,61,34,51,62,52,59,46,31,53,16,26,39,29,28,32,14,10,24,13,20,11,25,60,21,49,1,37,54,41,4,9,43,48,5,33,45,15,57,44,18,19,63,42,50,27,38,35,0,56,8,17,36,2,40,30,6,3,22,55,47,58,23
10,57,17,22,63,11,53,44,33,35,60,46,24,14,30,25,43,31,28,55,0,8,40,36,42,18,32,9,4,34,5,37,38,27,3,16,50,13,6,23,49,56,51,7,62,1,20,29,54,21,48,47,61,2,52,59,15,26,41,19,39,12,58,45
61,16,54,18,34,19,22,4,28,32,39,24,51,53,38,56,59,63,49,50,8,48,30,52,20,58,45,43,47,62,60,42,40,26,3,9,44,14,2,23,6,37,41,7,15,0,21,57,36,29,25,5,31,27,10,35,17,13,55,11,46,33,12,1
63,24,22,1,40,36,30,23,8,57,50,38,62,21,29,31,34,53,6,18,15,11,39,52,41,16,2,35,54,25,45,4,51,3,28,17,26,55,59,14,44,56,20,60,0,43,49,37,42,46,58,48,33,12,27,32,61,19,47,9,7,10,5,13
35,29,59,51,26,30,52,54,24,14,0,61,58,11,21,37,41,32,22,53,10,1,42,49,28,15,27,6,50,23,56,38,44,39,12,16,40,13,25,45,62,36,46,31,47,19,34,2,63,18,17,57,43,8,48,3,7,33,55,5,9,60,20,4
25,53,19,9,32,1,11,58,0,23,20,60,14,43,27,45,21,34,33,24,48,57,29,3,8,12,4,15,56,22,59,44,46,38,13,7,18,49,2,39,51,28,52,40,35,36,47,6,16,31,37,30,5,42,50,61,55,41,17,10,62,63,54,26
3,51,21,31,50,38,60,41,11,6,52,9,2,48,30,61,10,14,45,33,49,29,0,12,44,46,35,62,25,42,32,63,37,59,57,13,40,7,26,36,1,53,20,4,43,23,58,8,28,27,39,19,22,18,17,34,24,16,56,55,47,54,15,5
28,38,20,0,59,33,2,39,43,27,53,6,26,7,51,58,21,8,60,63,9,52,55,19,49,34,62,57,1,56,13,50,47,40,18,29,23,15,22,44,42,36,30,41,17,3,11,35,12,31,32,24,14,4,37,46,5,48,16,61,10,45,25,54
13,10,56,37,60,41,20,47,27,7,32,61,51,17,9,4,22,49,0,40,48,14,33,36,35,5,3,8,44,19,52,25,2,55,6,58,50,53,43,57,11,16,38,29,54,24,21,18,42,30,63,28,23,34,45,46,59,12,62,26,31,15,39,1
26,40,2,21,23,49,43,30,22,58,38,14,63,12,25,4,39,24,13,27,10,31,36,52,56,57,37,6,53,50,9,62,18,42,19,45,32,17,34,51,15,29,3,1,16,5,8,35,0,7,41,47,28,55,44,48,11,20,59,54,33,61,60,46
2,56,22,1,55,17,52,61,60,38,63,11,47,37,10,20,29,45,59,15,41,33,25,28,14,27,58,36,4,8,16,9,40,26,7,34,0,31,49,44,12,30,50,18,46,57,13,43,35,53,23,19,6,3,48,32,42,39,62,54,24,21,5,51
49,25,45,48,21,54,3,47,11,59,39,38,19,34,41,35,22,52,28,5,12,0,20,44,58,46,1,24,29,26,18,43,57,40,17,50,13,42,10,51,31,16,30,8,7,32,4,55,9,23,14,37,2,62,61,36,56,60,6,27,63,53,33,15
33,34,17,50,2,43,19,5,59,55,8,52,42,38,4,27,35,41,61,36,14,25,51,1,0,37,23,10,11,56,47,63,49,40,24,39,15,7,21,60,12,16,31,54,48,29,32,44,6,46,45,30,3,13,58,53,62,26,57,20,28,9,22,18
1,11,5,45,48,27,34,18,28,23,26,55,62,12,32,38,7,33,3,42,20,56,0,10,53,25,36,37,30,21,52,8,22,17,59,19,24,49,39,58,16,31,60,44,14,40,35,54,29,61,43,63,41,9,15,50,13,6,46,57,51,2,4,47
26,29,12,49,55,58,20,17,9,61,60,21,3,36,34,39,46,0,52,50,53,4,62,48,19,59,43,56,57,45,7,32,18,22,63,47,33,44,11,40,16,41,10,42,30,38,5,13,25,1,28,14,15,23,27,54,8,37,31,6,51,24,2,35
26,20,31,16,35,23,27,55,50,22,38,48,56,14,18,7,44,49,2,42,46,59,4,41,24,45,57,25,43,63,51,8,53,54,5,39,10,52,61,47,1,36,58,30,13,33,37,32,28,21,34,40,19,17,12,29,62,0,3,11,6,15,9,60
6,58,1,61,16,41,50,57,12,15,9,33,38,13,40,11,62,27,23,53,32,49,26,51,29,60,2,52,37,36,59,44,34,7,54,48,55,45,21,0,19,10,24,56,39,8,5,18,42,28,30,63,22,43,46,25,4,47,14,31,35,20,3,17
57,59,58,38,4,62,13,15,20,18,36,60,42,49,61,34,24,56,41,28,5,6,48,51,37,35,52,55,11,50,16,23,31,17,29,8,27,12,43,22,10,63,7,30,21,32,44,47,9,46,26,14,40,2,0,33,53,19,3,39,1,45,25,54
12,38,29,18,8,24,60,53,43,4,3,45,13,41,62,32,21,44,51,48,16,42,39,22,63,26,10,36,25,1,23,17,61,15,55,59,50,19,11,14,33,52,40,46,9,57,56,49,47,28,0,58,30,5,35,37,6,34,7,31,27,54,20,2
8,52,4,9,60,30,63,34,2,51,46,53,10,5,50,16,17,49,15,26,14,27,32,42,31,19,45,6,59,3,54,43,55,28,24,57,25,13,12,58,0,38,62,21,36,48,22,18,47,41,23,44,7,1,37,11,61,39,20,40,56,35,33,29
19,2,11,47,48,26,40,62,49,38,5,58,30,42,10,39,0,61,35,54,14,22,27,51,59,41,60,13,18,32,53,25,3,31,56,55,43,36,7,6,17,23,52,24,33,1,50,37,9,46,57,45,12,21,16,8,20,44,29,34,63,4,15,28
43,46,44,34,61,24,32,11,56,49,31,42,58,60,29,50,7,35,5,59,36,27,48,13,51,18,1,15,16,57,9,40,19,23,54,17,26,0,3,37,22,33,41,52,2,6,28,39,45,55,4,30,38,14,63,12,25,47,21,53,20,62,8,10
59,45,23,34,27,12,11,17,38,7,46,37,35,4,47,16,61,25,10,50,44,0,33,1,21,56,32,51,31,55,30,54,9,39,63,8,52,41,13,14,53,3,28,20,26,24,2,60,22,57,18,5,62,49,15,48,29,43,40,19,6,42,58,36
62,49,63,45,39,29,52,33,38,42,57,36,43,13,37,51,1,23,56,55,35,3,40,60,11,9,26,4,21,17,27,0,32,8,22,30,16,53,28,14,59,48,24,61,46,20,58,34,15,10,44,18,25,41,54,6,7,47,2,19,12,50,5,31
11,23,28,27,0,10,5,50,19,2,25,26,43,17,47,12,53,55,20,37,60,8,1,35,29,42,31,56,58,61,34,62,40,30,3,13,33,22,36,48,49,38,44,4,39,14,51,59,18,32,54,46,45,9,63,16,7,52,21,57,15,6,24,41
6,25,15,24,56,10,8,58,22,14,33,40,9,63,16,31,37,28,30,18,23,27,34,39,20,3,62,35,43,45,42,52,0,12,11,51,13,61,29,46,2,5,1,47,48,26,17,53,38,41,44,54,59,19,32,57,7,21,4,36,49,55,60,50
11,61,59,62,38,56,17,3,19,60,16,54,42,21,2,31,50,63,52,7,20,14,26,33,37,27,22,4,44,47,10,15,6,0,13,46,41,9,28,43,30,25,39,32,29,18,40,1,23,48,58,5,51,45,36,34,57,53,8,24,55,35,12,49
54,10,45,35,32,51,23,2,48,15,16,41,14,26,57,42,52,63,27,18,6,29,1,39,20,47,36,31,60,59,4,19,43,3,11,17,21,50,9,34,38,56,24,46,40,44,8,0,25,61,30,49,33,58,22,62,55,7,37,13,5,28,12,53
29,63,58,40,35,16,34,4,30,25,43,27,42,57,2,45,32,56,8,14,31,37,13,39,44,15,22,12,17,55,21,3,51,38,47,23,49,1,19,33,24,62,6,54,60,36,11,28,48,18,26,0,59,20,61,50,46,52,7,41,53,9,5,10
33,15,8,12,11,6,2,60,53,57,56,31,26,48,36,21,17,9,19,43,34,46,61,58,63,20,62,16,59,50,27,0,30,42,54,18,14,24,38,3,28,1,32,10,29,22,5,23,25,37,40,39,13,49,35,52,7,44,51,41,45,4,55,47
60,6,29,23,37,0,11,42,39,45,36,41,26,59,48,21,46,27,49,24,31,40,43,63,62,15,30,54,20,28,14,52,8,10,50,17,38,51,5,18,22,58,13,57,9,47,1,7,4,33,56,2,61,35,55,25,12,16,3,19,32,44,34,53
2,51,5,14,57,47,48,30,54,12,55,11,13,16,41,21,31,6,29,7,22,33,56,42,9,59,26,19,37,40,39,10,18,49,53,23,60,20,3,44,52,8,24,61,63,28,36,32,38,35,17,50,34,45,15,4,58,62,0,27,46,1,43,25
45,61,46,2,9,37,29,52,19,15,42,26,16,13,28,12,10,18,54,39,60,43,59,5,50,41,34,63,40,8,30,25,47,14,62,23,38,6,11,24,21,36,1,56,7,27,48,31,35,53,57,17,20,49,22,4,3,55,0,32,44,58,33,51
47,9,38,31,17,46,30,19,26,55,7,56,40,45,10,25,3,33,60,57,29,11,41,39,59,21,51,20,44,13,2,37,12,5,48,49,15,0,27,35,6,23,43,4,53,16,63,42,61,50,24,34,28,1,32,36,52,8,62,18,58,22,54,14
14,55,40,16,49,56,43,35,11,50,63,24,20,18,33,48,4,28,41,7,36,2,58,25,42,15,30,44,0,21,8,27,29,23,52,39,62,10,57,26,46,6,19,22,45,13,60,9,12,5,34,53,37,61,51,38,32,17,3,47,1,31,59,54
62,56,54,14,11,25,7,15,21,52,60,37,13,12,4,19,9,29,33,40,55,59,46,1,24,17,45,26,47,16,0,63,2,36,51,43,5,20,35,8,30,58,3,10,39,6,49,50,57,18,41,28,61,31,23,27,42,44,38,32,53,34,48,22
40,59,48,44,53,32,21,31,39,29,43,20,23,47,33,27,2,50,0,63,56,7,37,34,24,3,6,5,18,10,54,13,15,11,52,30,16,45,61,17,12,62,38,26,57,8,9,25,22,28,14,42,19,58,41,36,60,49,35,46,51,4,55,1
18,57,14,0,49,63,44,2,7,51,55,59,5,29,31,54,56,50,10,52,24,62,34,40,33,39,37,19,26,20,9,4,53,47,1,25,45,38,21,61,41,43,35,46,48,22,32,16,23,3,28,27,15,13,11,17,36,12,30,6,60,8,42,58
5,62,57,20,49,30,39,37,9,22,60,3,10,59,29,58,45,4,55,28,50,63,16,61,15,36,47,38,56,24,21,11,14,8,43,23,54,35,48,41,40,31,33,6,19,46,52,42,1,17,51,27,32,7,34,26,12,44,53,0,18,2,13,25
14,50,48,13,29,54,56,42,32,33,25,51,53,60,36,38,11,62,45,34,9,37,57,28,26,49,44,23,16,52,19,46,17,18,8,2,59,63,15,24,55,43,41,0,1,58,22,40,47,7,4,61,31,6,12,21,35,20,3,27,5,39,30,10
21,32,58,61,3,30,7,9,63,56,62,8,55,35,28,40,25,51,36,46,48,10,37,39,47,44,19,31,49,29,45,57,20,18,43,23,4,53,11,0,33,42,41,12,13,27,17,52,60,59,24,38,34,50,6,22,1,5,16,14,54,15,26,2
1,28,19,47,18,27,16,43,11,40,49,37,55,23,17,41,8,32,3,33,4,59,5,62,21,34,39,45,20,46,51,22,25,0,58,57,52,42,53,24,29,30,31,36,14,2,13,35,26,61,38,7,6,10,44,15,60,50,48,12,9,54,56,63
7,6,41,13,26,52,23,33,57,10,17,55,4,42,28,37,56,54,15,46,59,2,35,9,25,24,51,1,62,30,31,43,60,12,34,32,8,49,16,45,18,21,14,38,63,44,19,0,61,5,58,47,3,50,48,39,20,29,22,40,36,53,11,27
33,62,25,0,4,46,3,48,54,5,52,34,60,30,59,53,36,41,43,7,26,39,23,35,55,47,19,61,57,1,49,9,50,38,2,58,20,51,29,16,15,10,27,24,17,12,44,63,8,11,18,21,28,40,31,45,37,22,56,32,42,6,14,13
7,16,40,15,44,11,5,1,25,54,41,61,57,17,9,14,56,53,20,58,47,31,35,28,30,52,2,26,46,23,43,4,45,13,19,33,50,29,42,63,37,51,24,36,3,21,12,60,8,48,49,38,39,59,34,6,18,0,10,55,22,62,32,27
40,20,35,37,31,30,44,27,7,4,55,5,57,32,12,3,28,1,13,24,19,29,41,43,54,49,56,33,6,63,46,59,11,42,17,9,34,52,26,21,45,61,51,36,18,23,0,58,10,38,53,60,2,39,22,16,47,50,8,25,15,62,14,48
46,9,35,39,52,37,60,36,17,10,45,4,0,38,50,23,15,18,61,21,6,47,59,41,19,8,56,16,14,48,20,40,43,42,58,24,30,5,2,3,49,26,25,53,34,63,57,13,12,7,33,32,51,55,27,22,28,29,44,31,54,11,62,1
3,14,52,29,9,48,40,63,54,17,12,23,22,15,2,32,1,26,59,51,31,49,20,60,28,5,6,45,38,0,62,41,27,53,30,16,8,42,56,18,4,24,57,39,11,10,61,43,58,34,35,36,55,50,19,47,25,46,21,37,13,33,44,7
12,20,63,29,24,37,3,31,56,26,10,51,9,16,32,59,42,15,27,4,25,50,47,19,1,7,46,5,2,14,28,61,62,33,39,22,11,13,38,49,48,0,58,21,36,54,44,60,6,41,23,57,53,55,40,17,18,45,8,34,35,52,43,30
52,31,50,53,21,56,49,61,0,5,22,25,35,40,12,38,28,51,39,8,18,47,23,32,1,58,29,30,2,44,20,27,7,55,54,13,3,45,46,24,33,16,63,48,15,10,14,9,17,36,41,19,37,6,26,60,62,42,59,4,11,34,57,43
62,54,13,32,6,15,3,60,19,39,26,47,44,16,20,17,28,9,4,18,22,11,42,61,23,35,14,52,56,48,49,24,29,5,27,45,25,30,46,53,58,10,36,40,37,2,34,38,7,43,57,31,50,41,55,59,0,63,8,1,12,33,51,21
12,26,17,50,42,32,2,55,25,40,41,13,43,21,51,0,53,34,4,36,33,23,8,45,31,15,10,60,62,59,54,22,5,30,49,18,1,38,27,48,28,61,7,57,20,39,29,11,14,6,16,44,37,58,47,19,9,3,56,52,35,46,63,24
63,36,44,17,42,47,57,62,19,11,24,29,55,22,48,30,20,5,58,60,39,35,15,33,31,26,25,53,9,7,10,27,56,41,13,49,37,54,6,51,38,12,50,0,4,46,2,28,61,59,23,45,34,1,43,32,52,16,3,40,21,18,8,14
61,49,46,10,12,45,30,59,36,40,1,56,15,48,19,6,42,57,4,2,43,21,8,0,9,16,50,53,3,31,29,35,34,27,37,32,54,28,24,62,20,7,13,33,22,51,38,58,11,60,55,14,47,18,23,17,26,41,39,63,25,44,5,52
19,38,25,56,43,12,22,42,16,48,31,58,10,24,13,20,11,35,45,54,37,7,1,26,59,47,60,57,30,50,46,23,49,9,40,14,39,61,51,63,4,15,52,41,34,29,55,8,21,32,0,17,36,44,6,28,3,18,62,27,5,53,33,2
55,44,43,61,20,31,41,18,17,37,34,24,21,32,9,56,16,30,50,58,28,2,3,29,8,10,45,15,59,63,4,13,62,42,48,25,35,19,52,49,14,6,57,27,11,22,47,1,54,0,26,5,46,12,40,39,51,38,33,53,7,23,60,36
7,46,61,55,43,26,50,6,47,33,40,8,51,11,2,15,36,56,20,62,48,44,59,35,39,31,41,30,22,57,32,25,12,60,52,24,3,1,23,45,17,34,49,0,54,10,42,27,5,4,58,21,14,28,19,18,29,38,9,13,37,53,63,16
17,53,63,43,31,48,55,33,50,23,14,46,4,44,32,2,61,58,10,18,7,49,16,40,57,37,22,60,41,51,34,9,56,36,30,47,12,8,38,11,13,29,3,5,62,1,28,25,0,52,35,26,15,42,6,24,20,59,27,45,21,39,19,54
46,19,31,41,3,9,42,33,32,25,59,34,7,21,56,11,8,37,6,48,55,60,47,36,2,18,17,28,54,43,44,58,0,15,62,61,5,53,14,27,57,4,30,24,13,12,29,52,51,35,39,50,63,40,20,49,38,23,1,22,26,45,16,10
63,53,59,1,11,26,57,15,18,13,20,51,39,52,60,27,9,50,24,48,56,49,12,30,55,16,2,62,36,54,3,8,23,21,46,41,61,38,29,34,44,7,58,33,25,40,0,45,35,22,42,17,43,32,4,5,31,28,10,14,47,19,6,37
21,50,18,55,29,33,16,9,46,59,60,6,51,47,30,56,49,25,54,11,48,38,57,43,2,45,24,10,0,41,34,17,19,36,22,39,20,52,23,12,32,61,62,7,53,58,5,3,15,27,26,4,40,63,31,8,44,1,28,13,35,37,14,42
17,54,53,4,11,56,61,39,14,59,24,48,62,36,6,28,51,42,45,35,8,31,41,9,38,47,10,21,19,22,33,43,57,60,30,0,12,20,58,7,29,44,1,25,46,49,13,32,27,50,16,40,23,3,15,63,18,52,2,55,37,34,26,5
41,6,51,24,27,55,7,45,11,0,38,22,4,37,32,54,61,17,36,44,29,59,12,62,53,33,1,16,9,8,43,15,42,40,13,60,18,2,34,47,3,25,56,30,57,5,20,14,23,58,31,49,48,10,21,26,35,46,28,52,50,39,63,19
46,28,2,23,24,63,20,56,11,32,13,27,0,59,43,30,3,45,5,52,12,54,25,14,58,29,49,34,47,39,10,50,36,44,33,62,35,37,18,8,21,6,1,38,40,17,9,57,16,51,42,60,4,22,19,55,26,7,48,41,61,53,31,15
46,38,16,27,50,23,0,19,20,1,58,60,49,47,10,4,35,55,34,40,17,54,62,15,45,52,30,24,53,28,61,25,5,37,18,11,21,31,8,43,42,2,32,56,7,39,12,63,51,57,22,48,9,36,41,6,13,14,29,59,44,33,3,26
21,55,29,18,48,15,54,57,58,62,38,51,36,24,43,9,61,47,50,27,41,13,8,23,2,42,60,63,4,34,59,35,10,28,7,53,20,37,56,3,45,11,22,0,25,1,40,5,30,6,17,16,32,33,46,49,12,44,31,52,14,26,19,39
60,20,46,23,26,38,2,18,49,24,6,17,14,47,42,11,16,52,61,50,59,3,57,30,15,44,48,31,40,28,45,33,56,19,21,35,10,8,37,5,54,22,12,7,27,0,39,32,1,62,58,4,51,55,53,41,43,13,63,36,9,25,34,29
50,40,48,61,52,39,60,47,1,41,32,30,54,37,14,53,4,33,36,13,15,23,45,51,31,28,6,5,9,22,29,17,16,63,35,46,25,11,0,56,62,38,57,8,12,55,49,10,18,7,19,27,24,44,43,3,42,59,58,26,20,21,34,2
7,51,57,34,35,15,2,17,47,3,40,33,37,0,50,45,9,61,11,25,22,6,4,28,31,24,39,36,59,46,18,21,53,20,10,60,8,41,44,1,55,56,32,63,27,14,23,16,13,38,58,26,49,54,43,30,48,42,12,62,29,5,52,19
32,14,40,61,6,21,17,54,37,51,34,56,11,38,23,46,7,33,0,52,41,26,43,36,24,4,22,9,44,53,42,27,47,55,18,5,57,60,10,15,49,35,13,50,62,12,25,31,63,1,58,48,2,16,29,19,3,28,20,59,8,45,39,30
34,17,43,60,45,20,57,18,19,22,21,27,35,58,52,32,25,33,26,55,38,16,40,13,41,8,36,54,1,2,5,24,62,50,56,14,10,12,53,9,30,3,31,29,15,37,44,4,23,59,6,63,46,49,7,0,51,42,11,47,61,28,48,39
24,6,44,59,35,55,34,39,32,42,28,52,19,45,12,18,14,10,47,1,60,7,57,3,30,13,20,43,22,38,29,46,37,11,9,25,54,27,56,36,61,26,0,50,33,23,16,5,48,2,21,4,15,51,8,62,40,31,53,17,49,41,58,63
35,43,53,9,8,18,36,11,33,29,32,62,31,56,26,47,7,37,28,2,19,3,23,51,24,25,17,14,30,57,55,39,52,12,48,46,6,4,1,15,5,49,21,42,45,34,20,0,22,58,16,50,59,61,60,13,44,27,38,63,41,54,10,40
17,49,16,28,51,20,7,5,39,30,50,56,33,29,43,19,26,13,0,58,11,31,53,22,55,59,42,24,14,23,25,4,2,47,32,35,52,21,37,63,18,57,27,6,36,48,12,61,1,62,10,44,15,40,41,60,3,54,9,46,45,38,8,34
52,28,37,10,60,29,34,44,51,50,31,49,3,22,30,56,26,33,36,46,27,23,45,6,24,42,63,11,20,16,54,21,57,59,15,18,8,4,5,0,14,40,47,62,13,58,32,39,7,38,2,35,25,55,43,61,1,48,41,53,9,12,17,19
37,43,54,41,21,62,34,56,8,44,29,6,30,15,58,26,40,11,10,32,7,49,35,63,1,38,46,53,20,42,13,18,39,12,47,25,36,0,45,33,3,5,9,51,55,50,57,19,16,59,17,31,23,28,52,24,27,2,4,60,48,61,22,14
33,54,61,35,36,18,59,62,5,24,2,7,63,40,44,37,1,32,10,39,47,49,9,43,52,48,56,57,17,14,20,15,8,58,0,25,31,53,46,3,22,11,19,34,30,21,50,28,23,12,41,51,60,16,4,26,38,45,27,29,13,6,42,55
7,25,59,52,47,14,62,9,30,51,10,1,43,48,61,6,3,28,5,19,0,53,8,60,55,31,36,29,44,17,21,58,22,13,32,49,54,37,41,42,39,34,18,23,35,56,27,50,57,11,63,12,45,33,38,24,16,15,40,20,46,2,4,26
41,47,30,26,4,16,21,32,44,35,2,33,7,14,61,40,50,22,53,0,1,37,31,24,43,39,23,17,28,11,55,58,6,62,57,19,29,36,45,38,5,51,3,63,10,52,13,20,27,42,49,8,59,12,9,25,60,15,48,34,54,46,56,18
50,27,1,28,8,16,30,41,39,17,60,38,43,56,47,58,18,62,57,54,24,48,19,11,10,37,35,6,5,23,49,44,53,22,4,12,33,34,2,9,29,3,26,55,25,45,40,14,20,0,21,52,63,15,61,32,36,59,51,31,46,7,13,42
12,21,35,33,14,4,36,53,24,42,19,46,17,15,49,31,25,27,30,40,13,59,2,56,16,51,44,29,11,6,37,58,18,26,5,9,61,38,7,28,47,39,32,34,55,45,20,41,1,52,50,22,3,23,48,8,54,63,10,0,43,62,57,60
2,41,20,44,36,38,52,55,33,13,18,1,51,14,50,0,23,53,29,11,24,30,10,3,49,60,6,54,62,59,63,40,35,22,9,8,56,58,25,17,5,39,19,47,4,16,26,46,57,27,48,61,43,28,34,37,12,15,32,21,45,42,31,7
13,5,4,20,7,12,38,11,45,35,8,54,60,32,40,37,46,0,15,33,61,9,10,41,23,2,51,19,57,31,22,28,62,53,24,49,56,52,59,58,27,17,26,50,44,18,21,34,36,48,63,6,29,39,47,3,43,1,30,25,16,42,55,14
38,30,24,6,17,44,55,13,59,58,28,1,53,3,57,52,21,45,32,47,62,42,8,20,41,56,48,49,10,31,2,61,18,63,54,0,12,46,4,7,25,16,60,26,23,27,36,37,11,43,9,15,29,19,22,39,14,33,50,40,51,34,35,5
12,56,22,11,45,18,5,63,61,60,42,57,53,46,41,17,35,55,47,58,29,49,26,25,3,62,1,0,31,51,2,33,43,27,37,34,52,38,30,14,40,19,32,50,15,28,6,7,9,23,16,48,8,4,21,39,10,13,54,24,20,36,59,44
1,24,40,6,14,60,62,16,15,30,9,2,28,56,29,0,7,19,63,50,18,11,42,20,26,47,4,37,31,39,25,8,58,55,12,54,43,51,52,23,32,3,61,49,53,45,34,41,5,57,13,46,33,22,36,35,48,10,27,21,59,44,17,38
14,2,48,9,21,38,11,56,63,18,62,32,61,17,30,51,25,33,29,8,27,45,53,12,5,3,4,57,42,19,26,55,60,59,28,49,23,13,50,39,37,44,52,31,15,34,7,35,58,6,20,47,40,16,54,36,46,0,41,10,22,43,1,24
46,36,14,19,22,57,17,24,32,13,54,61,51,48,40,28,12,21,26,18,35,4,31,30,0,15,29,58,47,39,11,37,34,33,3,53,2,41,42,25,55,38,45,50,7,9,27,10,20,60,23,63,8,5,43,44,16,49,56,6,62,52,1,59
43,37,56,41,42,47,19,6,9,20,31,57,34,22,30,38,2,55,0,13,4,50,46,51,26,36,12,16,59,14,5,17,3,10,35,24,62,61,32,39,53,27,58,48,45,8,21,15,54,63,23,25,40,28,44,60,18,52,7,1,11,29,33,49
25,53,2,52,12,4,19,5,61,30,16,47,32,9,40,35,36,49,59,27,55,6,20,37,62,54,23,7,10,14,39,41,8,31,56,17,21,24,57,44,46,29,45,60,0,3,48,1,15,50,38,43,26,18,28,34,13,58,33,63,51,42,22,11
55,20,19,25,15,0,34,47,36,50,30,53,62,43,18,54,40,42,1,41,5,6,4,23,24,14,35,7,11,51,56,28,33,60,3,63,12,49,8,48,57,32,16,38,52,31,2,44,17,26,10,58,59,61,22,37,46,29,13,21,39,27,45,9
5,8,6,28,13,15,46,7,40,21,31,44,47,56,53,30,57,37,33,50,59,60,32,25,51,55,22,4,12,61,29,1,23,10,48,18,0,3,17,19,42,39,62,35,45,52,2,26,14,58,16,34,63,54,20,11,27,24,38,9,36,41,43,49
16,46,7,2,42,60,3,39,40,35,53,61,32,54,45,19,15,20,8,13,12,26,29,49,0,22,63,52,58,37,17,38,30,11,14,18,1,59,23,47,34,41,25,28,48,43,33,9,44,62,55,51,50,27,10,31,36,21,6,24,4,57,5,56
24,25,43,40,19,45,16,9,26,30,51,0,49,22,5,62,31,48,60,55,63,47,27,61,59,10,11,52,14,2,57,18,53,17,1,7,56,3,41,38,4,8,37,20,46,50,34,21,42,12,28,44,32,23,35,33,36,58,6,13,54,29,39,15
45,19,41,9,28,37,40,26,59,48,36,60,16,58,0,47,14,32,42,1,3,4,51,21,55,63,53,38,7,23,34,11,25,35,31,18,57,24,15,61,17,2,5,39,22,10,50,52,8,43,27,13,6,46,56,54,29,12,20,62,44,30,49,33
32,50,62,37,31,17,29,4,59,58,60,44,54,21,41,61,6,35,63,18,27,47,12,24,39,40,3,2,55,15,22,7,34,38,49,19,28,46,33,43,53,10,8,14,9,36,20,57,56,51,45,23,48,0,25,5,30,26,13,42,11,16,52,1
20,58,28,40,12,4,24,8,15,22,57,30,53,16,6,55,51,31,26,1,38,49,54,62,46,44,21,19,9,5,50,7,11,23,27,43,61,37,56,45,32,52,14,2,10,34,39,18,36,0,48,25,17,63,41,29,42,3,47,13,60,59,35,33
0,12,39,42,55,23,58,24,51,27,57,38,35,29,48,18,63,7,9,36,21,40,17,8,54,31,44,13,32,10,16,4,46,62,2,47,25,43,30,37,22,60,41,49,11,45,3,19,50,59,61,15,6,34,5,26,1,33,28,52,53,56,20,14
10,7,20,57,23,2,43,58,38,18,21,59,24,46,5,29,8,60,39,12,61,62,47,26,15,51,22,53,37,1,49,25,19,4,34,41,11,3,54,30,45,32,50,40,63,36,27,55,28,17,14,44,52,9,0,6,48,16,31,33,35,13,56,42
41,30,62,10,52,59,54,56,50,46,47,12,17,20,18,44,45,0,19,51,33,21,24,43,3,26,31,61,38,16,60,32,28,40,6,11,15,63,29,53,5,22,1,2,27,49,35,13,7,37,36,9,14,48,55,57,4,39,25,42,23,34,8,58
39,59,63,53,20,16,33,42,31,14,5,51,21,9,35,15,10,6,28,57,37,8,24,50,23,38,46,32,36,18,60,3,25,41,7,17,47,56,44,1,61,52,13,19,55,48,4,27,62,26,43,29,0,45,22,34,40,11,2,54,58,12,30,49
35,31,6,41,7,61,53,38,16,52,49,3,51,9,18,0,63,24,14,26,19,39,42,54,1,10,15,62,50,30,29,36,48,13,5,25,8,46,56,32,60,47,12,57,34,22,27,17,23,2,43,20,44,59,21,45,40,37,4,11,28,58,33,55
50,61,9,34,3,10,55,8,24,19,17,37,1,20,26,35,45,33,22,0,28,60,31,29,53,7,25,47,18,32,6,30,46,4,41,38,16,59,43,15,58,54,40,56,27,51,63,5,14,11,49,62,42,39,21,57,52,12,2,23,48,36,44,13
42,25,57,27,3,6,21,31,26,8,47,30,56,45,22,48,5,54,33,13,55,23,2,39,7,19,51,41,35,17,11,53,4,34,50,44,62,52,15,9,18,1,63,24,28,12,38,10,49,37,40,20,43,36,32,14,61,46,0,60,16,59,29,58
27,39,24,63,43,49,1,26,4,56,36,28,54,3,35,58,46,52,16,11,8,10,34,33,18,17,14,45,6,44,22,60,38,2,47,61,9,50,21,42,51,15,31,37,25,30,55,19,41,12,62,53,7,13,0,20,40,5,48,32,59,29,57,23
15,4,42,27,45,31,2,17,19,6,24,32,35,51,26,22,59,23,21,54,49,25,58,30,40,18,3,20,61,57,52,0,39,13,12,43,46,11,48,37,63,56,16,10,47,60,14,53,5,9,28,55,50,41,1,29,44,33,38,7,36,62,34,8
38,42,29,13,10,51,40,12,58,20,9,46,11,41,33,21,17,45,15,2,61,35,43,49,32,4,22,53,8,1,57,52,56,47,19,7,25,60,16,3,34,39,0,30,63,37,28,5,59,24,26,18,14,62,36,55,48,31,6,54,50,27,23,44
60,53,26,20,61,25,46,28,10,13,12,3,6,4,9,58,0,21,23,41,1,38,34,29,30,19,47,42,31,27,39,5,37,49,62,51,44,45,50,24,56,35,15,22,54,16,32,43,33,7,59,40,52,18,2,14,8,55,48,36,57,17,63,11
58,33,9,10,18,6,39,14,56,61,4,47,29,48,54,53,5,11,51,8,49,43,40,62,50,19,7,36,32,2,59,21,20,31,52,26,38,12,35,42,60,0,34,23,22,63,17,45,46,44,15,30,41,24,1,13,55,3,27,16,25,28,57,37
6,46,28,14,49,10,57,8,38,32,4,43,13,45,27,15,52,48,9,20,29,0,1,60,61,30,54,17,62,34,53,21,51,5,19,55,24,63,2,3,18,35,16,40,59,23,41,39,33,26,37,47,50,56,7,12,44,31,58,42,36,22,11,25
22,20,16,21,47,5,28,24,33,23,18,54,46,34,39,62,4,63,52,59,9,12,19,10,0,32,3,38,6,57,26,35,49,60,41,42,40,53,61,56,51,7,15,48,13,17,45,58,30,55,1,36,2,14,37,29,25,31,50,11,27,43,8,44
33,56,63,34,35,15,58,23,45,46,24,6,57,55,53,44,26,13,42,62,20,50,2,52,8,48,12,18,4,54,1,59,60,14,39,5,41,9,29,28,7,38,30,16,37,27,31,32,11,10,49,22,0,17,51,47,19,61,36,40,3,43,25,21
25,57,2,51,10,18,33,4,53,52,36,6,28,47,37,32,56,62,3,50,27,24,22,58,59,44,39,61,42,14,30,55,20,15,16,43,38,26,19,5,60,13,12,35,46,48,34,29,63,41,40,0,9,21,31,49,7,1,17,45,23,8,54,11
37,18,24,56,49,57,4,48,62,25,39,44,33,50,26,52,21,23,54,43,31,61,46,7,16,12,41,28,15,40,30,3,2,9,27,14,32,20,22,8,47,53,59,34,11,45,51,17,42,38,19,10,29,5,55,63,0,1,6,60,36,58,13,35
42,57,60,10,48,26,53,36,43,14,18,28,59,52,39,9,38,7,41,44,49,15,46,51,16,32,3,23,50,56,54,8,29,1,21,12,19,62,58,22,4,31,6,2,13,55,20,27,33,45,24,47,35,34,11,37,0,25,61,30,40,5,17,63
26,28,48,7,15,36,45,52,6,41,4,38,3,49,57,50,22,53,37,11,54,58,62,18,21,12,33,32,55,30,27,39,51,16,31,17,47,2,5,63,56,59,10,44,40,8,20,42,34,35,0,60,43,23,9,29,19,61,25,1,14,24,46,13
44,20,59,22,8,9,23,42,54,63,41,15,55,45,50,21,6,52,38,39,12,18,32,7,19,51,11,43,27,0,36,24,57,46,1,14,13,48,34,2,61,31,17,40,25,29,49,60,5,58,10,28,35,16,37,4,47,30,62,33,53,26,3,56
22,53,40,41,39,9,49,35,16,10,60,17,59,61,62,51,38,30,27,12,48,34,58,28,29,55,1,3,21,7,2,0,15,52,46,32,19,36,33,47,37,13,23,18,4,31,14,56,45,26,11,20,8,57,5,42,43,6,24,50,25,54,44,63
1,42,63,51,26,6,30,19,52,43,0,34,8,45,28,33,9,46,20,10,22,25,39,13,16,31,58,17,37,48,14,44,61,11,41,60,38,53,40,12,36,21,27,18,57,29,5,23,24,62,7,32,3,59,15,50,54,47,35,49,55,2,56,4
2,35,6,1,63,46,4,3,40,32,26,17,37,55,34,14,10,22,44,60,33,25,0,51,61,43,29,18,13,53,50,5,56,39,62,45,42,30,38,15,27,16,57,47,28,58,20,52,41,11,23,59,7,19,8,12,31,48,21,9,54,36,49,24
7,44,38,48,42,10,28,40,34,58,8,17,50,5,2,32,20,11,59,60,45,27,56,14,16,15,9,36,55,19,18,29,52,24,37,54,0,1,47,30,49,41,35,22,62,13,33,31,39,46,25,43,12,6,23,53,57,21,51,63,3,26,61,4
63,32,12,47,23,34,24,16,31,18,6,33,57,4,60,15,50,54,20,10,53,42,46,44,2,9,14,29,51,37,17,1,28,40,26,61,43,5,35,36,52,27,8,30,45,62,0,11,21,49,7,38,3,58,13,39,56,48,19,55,59,25,22,41
57,52,62,9,30,61,4,12,53,18,37,40,35,60,1,25,39,29,33,54,6,42,56,50,36,48,3,13,58,2,22,14,11,7,55,0,23,44,51,16,27,21,41,47,32,31,28,10,59,46,17,8,63,43,45,5,34,20,24,15,49,26,38,19
30,3,25,46,59,0,8,55,63,37,33,40,4,52,17,15,61,12,35,43,18,2,39,56,53,44,38,24,13,10,28,60,11,5,54,16,1,32,20,51,21,23,57,41,62,36,26,27,22,29,48,6,34,49,19,47,9,14,31,58,42,50,45,7
50,23,54,55,16,52,63,60,51,2,41,34,20,35,27,62,9,30,39,56,43,3,40,57,15,48,42,12,8,17,13,28,24,4,46,18,0,19,38,10,36,25,47,44,49,29,22,5,45,26,7,37,33,53,58,11,61,59,14,1,32,31,21,6
26,56,29,63,42,34,58,9,47,51,31,6,1,53,45,43,39,27,7,12,24,8,14,5,10,17,23,13,44,3,15,20,38,60,62,32,59,30,36,50,4,21,55,33,37,22,48,0,19,57,28,16,52,54,35,40,61,2,46,41,11,18,49,25
39,12,4,51,60,34,53,21,3,11,19,33,49,42,32,18,28,48,50,0,45,59,36,15,26,37,41,30,27,35,13,17,56,58,7,9,61,44,25,23,63,62,1,5,38,10,46,14,57,55,6,20,43,47,52,8,24,31,2,54,16,22,29,40
57,25,58,31,47,43,61,39,20,6,9,24,51,52,62,63,0,45,1,34,4,55,30,28,56,40,3,32,46,10,11,36,19,27,26,33,18,48,13,54,16,44,5,41,35,15,60,42,7,8,22,2,17,12,21,14,29,59,49,50,37,38,23,53
25,57,30,61,35,52,21,4,44,49,55,16,38,43,0,9,26,45,48,32,39,41,10,15,17,24,47,5,27,40,22,6,19,33,37,42,7,54,60,62,3,51,18,50,23,13,8,36,14,29,63,58,28,59,2,34,53,1,12,46,11,56,31,20
58,10,33,3,61,39,56,8,32,7,17,21,46,2,41,50,13,14,20,28,54,60,43,24,48,5,4,37,42,1,52,6,36,30,16,18,44,29,0,25,53,26,45,57,63,9,59,47,51,15,62,22,38,34,12,49,55,40,11,35,23,19,27,31
22,13,8,9,11,3,52,37,35,54,61,42,39,53,60,16,7,40,19,20,25,62,38,21,49,33,1,2,32,58,46,27,29,4,36,34,17,12,26,41,23,18,51,56,63,45,47,43,44,50,14,5,30,48,57,15,10,0,59,55,6,31,28,24
21,5,32,34,47,53,1,45,36,42,13,20,11,57,29,23,52,28,31,50,24,16,12,18,10,54,4,33,30,63,39,37,35,9,58,19,55,22,49,17,48,25,44,51,14,0,6,40,46,7,43,38,59,27,2,8,62,61,3,15,41,26,56,60
40,15,33,29,0,38,36,59,49,43,26,27,41,6,57,62,46,17,39,25,2,61,52,22,13,8,31,21,30,9,44,47,48,60,51,35,16,3,14,63,56,10,7,55,34,23,11,1,50,24,19,12,32,54,45,18,5,37,20,42,58,28,4,53
24,60,29,8,16,15,57,10,31,22,9,23,48,56,52,62,61,26,34,30,25,28,19,33,20,1,3,27,53,17,14,51,35,41,38,32,37,11,13,7,63,12,50,0,36,45,4,39,49,21,40,2,47,6,44,59,42,55,46,43,5,54,58,18
22,58,48,27,20,14,4,9,30,17,49,31,1,25,24,44,23,51,16,15,40,29,6,19,18,57,50,34,41,42,8,21,60,38,12,39,35,13,10,36,59,37,54,32,46,33,45,28,56,26,43,2,53,52,47,62,55,3,7,0,63,11,5,61
37,46,36,13,0,58,17,41,44,15,16,24,61,47,51,5,30,32,56,4,12,42,29,22,52,59,33,28,19,43,25,39,7,11,40,20,10,18,49,31,8,1,2,6,50,54,9,23,14,53,21,48,26,34,57,62,55,3,63,35,38,45,60,27
4,31,27,32,39,47,28,51,23,43,57,48,3,13,12,9,45,37,36,35,38,49,18,17,46,59,50,61,55,26,21,16,60,15,44,56,62,10,30,8,11,34,40,53,24,14,58,1,20,33,41,0,19,5,42,29,6,7,22,25,63,52,54,2
3,32,52,62,56,38,6,26,58,51,16,27,42,5,47,21,48,63,22,30,53,11,43,4,54,45,10,31,20,7,39,29,13,12,50,18,23,24,14,61,41,35,8,36,37,2,34,55,17,33,59,9,15,60,40,44,19,57,49,25,28,46,0,1
19,26,16,27,34,48,60,22,59,17,51,41,38,29,23,58,3,46,37,21,14,24,31,33,44,63,0,15,11,5,61,43,39,50,9,25,56,12,45,4,35,7,6,36,30,32,54,53,28,42,10,8,52,47,62,55,13,20,2,1,49,57,40,18
26,38,48,34,22,6,23,54,3,5,62,31,15,53,11,12,60,49,41,43,44,59,10,30,24,21,19,42,35,52,51,33,63,47,50,18,1,56,14,13,37,39,57,36,8,9,2,17,32,29,46,55,27,28,0,4,25,7,40,16,61,58,20,45
29,14,43,46,25,52,19,5,28,6,32,0,63,8,61,53,55,62,11,57,51,13,33,37,49,27,35,47,31,22,38,48,59,1,4,23,26,18,44,20,7,30,40,15,12,39,2,42,10,58,9,41,36,17,24,56,34,54,16,3,45,50,60,21
44,7,33,1,9,19,42,25,12,27,41,31,28,6,45,62,34,63,37,53,0,3,51,36,26,13,58,32,5,60,59,24,38,22,20,14,61,50,43,29,35,48,49,57,17,2,10,54,56,23,39,18,4,52,47,40,30,15,46,21,16,11,55,8
14,11,37,20,58,24,17,22,59,10,9,27,47,51,60,6,2,40,23,18,5,34,50,63,53,55,62,57,32,43,21,61,35,39,56,29,7,54,49,16,46,19,41,3,30,45,44,31,12,4,28,48,15,33,26,52,0,13,38,42,8,25,1,36
15,1,5,35,47,2,48,58,38,50,39,31,56,8,11,16,37,19,25,41,7,0,34,61,21,28,36,24,60,26,62,6,32,17,49,55,4,59,52,40,30,14,51,10,13,12,29,42,22,45,9,43,63,3,33,46,20,57,53,27,54,44,23,18
57,51,49,53,11,46,3,36,39,35,21,50,4,54,31,15,10,32,34,13,29,33,0,25,47,61,38,8,2,42,30,20,19,48,45,44,62,17,12,22,7,5,24,60,41,56,43,37,14,1,27,59,16,52,40,9,28,58,26,18,23,63,6,55
32,16,59,34,0,8,4,7,15,51,39,37,30,55,3,20,21,44,40,63,45,56,12,17,13,33,22,58,38,27,61,11,52,48,57,14,60,10,19,41,5,49,35,42,46,25,2,53,31,23,54,28,18,6,29,26,62,9,43,1,24,36,50,47
45,63,52,7,0,36,5,28,20,54,49,29,4,37,3,40,22,56,60,42,59,39,12,17,34,25,2,9,61,11,15,26,57,23,6,10,31,41,27,14,33,21,58,38,53,16,35,55,24,47,30,50,43,1,8,44,32,46,48,13,51,19,18,62
59,23,47,58,8,53,6,18,39,62,51,33,56,36,11,3,14,24,1,26,9,30,40,57,15,48,55,46,25,43,7,28,44,10,13,35,22,5,45,38,61,63,42,50,0,37,16,29,31,12,4,60,19,21,34,2,27,20,32,54,52,49,17,41
31,55,49,28,12,9,54,61,5,40,32,45,41,44,39,7,27,29,60,48,0,21,53,52,1,15,59,24,42,8,47,26,11,51,33,19,56,58,17,46,38,4,37,43,25,10,50,22,63,6,14,57,16,23,34,3,36,13,2,35,20,62,30,18
49,38,28,22,53,26,35,63,45,39,6,57,14,30,40,56,11,41,9,29,7,42,27,36,18,0,12,1,58,60,34,43,44,33,25,54,23,3,15,21,2,5,55,13,37,48,24,4,51,52,20,50,10,17,46,16,61,19,8,32,62,31,59,47
57,36,53,39,27,7,10,52,8,3,62,61,0,40,34,16,5,22,58,30,55,20,25,1,19,60,33,37,51,4,47,24,31,14,41,17,35,21,38,29,48,59,9,32,63,44,12,28,43,50,23,56,15,6,26,13,54,18,45,46,42,11,2,49
28,6,0,22,19,23,56,60,31,35,46,11,27,52,17,10,50,42,18,15,40,13,12,1,2,14,58,57,43,55,32,44,25,51,9,38,47,61,8,26,4,36,33,3,16,20,39,54,37,62,41,5,21,30,59,53,34,7,49,63,29,48,24,45
31,38,56,63,41,52,51,39,37,10,24,2,45,25,0,47,5,26,46,16,54,23,18,21,35,59,22,17,60,19,14,27,8,11,55,49,62,6,43,30,3,7,57,34,1,33,42,53,12,48,44,29,20,4,32,61,50,40,36,15,9,28,13,58
33,51,45,42,8,15,17,49,59,63,18,35,16,22,54,47,62,41,57,37,25,28,55,19,2,48,34,29,3,31,21,39,20,9,40,60,38,43,50,12,26,5,14,24,6,52,58,13,30,10,1,53,0,44,23,7,32,61,11,4,46,36,27,56
19,62,43,1,41,52,51,29,33,30,7,35,56,60,54,44,24,53,4,40,63,37,39,20,5,49,9,2,36,38,16,58,12,17,26,42,15,13,23,50,3,45,6,21,10,8,32,59,31,48,0,25,22,57,11,47,14,28,34,27,55,46,18,61
18,36,3,25,16,24,15,52,49,30,26,23,62,56,43,54,60,61,53,46,48,34,11,27,44,57,19,22,4,28,45,42,63,0,41,50,2,47,40,10,5,35,39,55,12,29,37,31,1,17,20,7,58,14,33,21,32,51,13,59,9,38,6,8
17,37,63,58,43,61,41,4,2,22,45,11,39,53,56,55,19,33,28,34,18,24,23,13,36,8,59,42,30,57,46,9,25,38,47,3,0,20,1,51,5,32,6,21,48,26,49,44,52,35,31,27,14,15,50,40,10,29,16,54,7,60,12,62
11,0,50,21,47,51,40,24,13,31,43,45,39,29,26,52,44,8,41,4,28,36,54,38,33,5,3,32,42,19,55,48,53,7,22,34,1,37,58,16,17,30,23,62,25,15,35,56,46,14,18,60,59,12,27,20,61,57,10,2,63,49,6,9
22,34,61,18,52,45,12,35,23,63,30,40,29,13,4,8,6,39,27,25,51,14,60,55,3,5,62,49,7,11,20,9,46,43,50,37,28,24,26,21,54,56,38,32,1,0,36,17,2,42,58,41,33,59,53,10,44,47,31,48,57,19,16,15
32,54,62,33,3,35,11,61,58,26,39,43,41,57,10,7,24,30,31,1,5,34,44,38,13,45,9,48,59,56,51,46,60,28,37,15,19,8,25,49,16,55,20,18,53,14,63,52,36,17,40,4,23,2,12,0,47,27,21,50,6,22,42,29
9,10,40,19,28,12,57,46,11,3,27,29,42,7,49,47,37,53,18,25,39,45,59,17,63,61,22,4,24,52,43,16,21,0,62,5,8,15,14,2,6,32,58,44,48,23,55,30,34,56,54,51,31,33,60,41,38,20,1,13,36,26,35,50
33,59,11,14,23,38,10,1,27,26,29,51,3,43,34,54,60,2,18,41,53,48,24,63,7,61,19,31,4,25,47,8,9,16,37,15,57,22,52,50,12,21,30,46,36,13,5,40,44,0,49,45,20,62,35,56,55,58,17,39,28,6,32,42
63,50,23,44,8,31,17,24,40,12,53,61,62,52,29,14,57,16,7,60,42,56,11,2,26,13,37,4,9,6,20,33,43,21,55,36,49,32,27,51,15,54,1,59,0,39,47,35,5,25,34,46,22,41,45,30,18,58,38,19,3,48,28,10
22,25,41,51,50,16,63,15,5,58,62,20,56,52,43,49,7,23,46,53,26,48,45,9,27,24,61,60,35,59,21,47,57,37,2,32,44,42,8,14,10,34,6,54,12,11,39,40,29,17,13,36,18,28,3,0,19,55,30,4,1,31,33,38
50,23,13,20,9,42,26,28,46,44,21,35,51,10,5,17,18,31,53,54,32,6,58,12,47,1,15,33,3,60,19,37,29,0,41,8,40,22,36,25,61,2,59,38,39,24,62,57,49,45,63,4,11,34,55,27,56,52,43,48,7,14,16,30
2,43,17,16,13,6,26,55,19,10,40,15,7,50,18,52,30,42,0,27,61,1,53,33,29,35,57,23,44,12,37,25,60,47,51,62,45,9,8,31,56,28,32,54,22,48,34,38,58,4,3,5,39,49,14,21,59,20,24,11,46,63,36,41
28,61,11,59,29,19,49,50,45,31,52,57,37,16,14,0,2,1,60,15,23,21,56,58,55,24,12,26,33,47,27,48,43,6,51,18,30,39,42,25,20,9,41,5,35,8,17,4,10,34,53,22,3,32,40,44,38,7,63,54,36,13,46,62
39,36,4,61,56,17,49,40,8,9,13,24,50,10,57,53,6,12,48,32,55,1,31,58,19,20,21,63,35,43,7,59,42,15,5,28,52,37,22,0,33,34,27,3,51,44,29,23,41,46,14,62,38,16,60,25,54,18,26,2,30,45,47,11
49,36,62,35,50,8,24,38,55,2,28,13,11,56,26,46,19,60,32,47,31,10,22,44,39,5,61,45,21,57,23,20,17,14,30,1,40,51,16,41,15,54,58,34,33,59,27,48,53,0,29,7,37,43,18,3,6,25,42,4,9,12,52,63
7,51,31,58,22,46,53,50,52,61,43,3,20,56,38,4,15,35,9,34,26,54,19,41,55,48,10,27,24,25,2,8,16,14,42,11,5,1,28,36,40,6,17,29,59,30,49,37,23,18,47,60,44,13,12,21,63,0,39,33,62,57,45,32
47,55,24,13,43,42,63,26,27,39,34,20,15,22,41,16,30,0,61,62,48,40,31,56,53,35,11,14,25,60,44,19,57,29,36,46,17,49,4,8,5,50,52,21,23,10,59,7,45,38,33,51,3,28,2,9,18,37,6,1,12,32,54,58
24,31,36,6,45,49,61,29,3,39,60,48,34,54,1,58,42,41,53,63,5,40,55,37,13,32,12,15,0,57,9,47,43,11,62,4,52,14,50,35,30,22,25,33,7,38,17,23,46,26,20,8,2,18,59,56,16,51,10,21,27,44,28,19
36,44,13,30,57,61,0,33,52,45,25,14,39,43,47,23,34,32,11,16,63,12,41,15,59,17,6,55,20,46,58,31,10,50,35,1,8,18,29,42,38,5,26,28,37,24,22,62,54,9,27,53,49,3,40,48,2,7,56,19,60,21,51,4
47,38,48,7,55,62,18,31,26,58,23,50,2,57,17,53,30,42,15,21,11,25,41,5,63,8,33,27,60,40,35,59,1,44,56,13,46,19,4,39,32,29,3,45,61,9,52,14,34,16,0,22,10,12,36,37,43,28,54,6,20,49,24,51
60,51,54,17,20,25,45,40,30,32,43,3,28,34,44,27,23,56,19,49,61,35,8,21,2,22,50,0,10,37,13,55,59,38,42,9,12,1,15,31,7,53,6,14,46,29,47,52,24,48,36,33,5,18,4,57,39,63,11,41,58,62,26,16
44,18,51,24,42,23,38,15,48,49,46,28,13,52,9,39,53,19,35,34,6,54,36,30,14,21,41,32,61,33,7,0,43,47,17,22,25,2,8,40,59,57,11,55,12,60,4,37,31,62,27,10,29,20,63,3,16,26,56,5,50,1,58,45
53,41,45,27,39,33,30,37,40,57,4,17,23,6,28,3,0,49,55,50,46,10,8,31,2,54,26,43,34,48,60,21,13,18,9,42,1,20,61,11,19,32,47,56,58,59,12,38,36,14,15,63,52,44,35,7,22,5,25,51,24,16,62,29
19,5,33,53,28,11,9,51,52,3,29,2,48,42,6,8,44,43,46,39,30,20,61,4,34,31,50,27,14,59,35,25,41,57,38,56,49,47,55,7,24,16,15,40,37,45,17,26,1,21,62,0,54,58,23,60,32,63,22,36,10,18,12,13
40,45,61,3,1,57,63,59,46,56,33,62,16,18,20,41,52,43,54,30,12,28,50,2,49,44,25,0,10,7,39,22,51,48,38,31,4,29,47,17,9,34,42,27,15,19,23,36,35,8,37,24,55,21,32,13,53,11,58,26,6,14,5,60
22,57,26,54,36,20,30,50,45,1,49,40,17,60,41,0,2,52,12,6,23,34,61,13,55,43,42,4,25,18,39,59,9,48,19,53,28,38,47,37,24,3,21,15,56,27,14,46,10,62,51,32,16,8,63,58,33,5,44,7,35,11,31,29
58,1,18,63,46,7,40,52,53,0,8,51,5,60,10,41,24,14,62,15,17,49,56,50,27,61,55,11,26,48,39,4,20,16,28,3,57,42,25,38,13,37,33,36,23,59,54,43,2,29,47,21,31,45,22,44,35,9,19,6,30,34,32,12
0,63,38,58,25,53,45,24,35,36,61,17,14,9,42,12,32,16,10,33,50,15,5,39,41,40,47,28,27,1,49,51,37,55,30,31,22,56,54,57,2,8,48,7,59,44,20,62,52,3,34,11,26,29,6,19,60,4,46,23,43,13,18,21
6,63,39,25,15,53,20,49,38,2,29,36,52,58,32,47,1,14,22,4,40,41,16,62,12,0,34,27,17,5,60,24,56,30,7,31,42,19,8,37,61,3,51,23,26,46,44,13,54,33,57,59,11,45,55,35,21,9,28,18,48,50,43,10
51,25,24,18,12,57,14,36,4,38,60,19,3,53,55,33,17,6,58,40,11,7,62,10,22,32,23,31,61,47,45,56,13,27,54,37,59,34,15,1,29,5,8,49,46,35,39,50,26,48,9,21,41,0,28,42,16,30,52,2,44,20,43,63
22,32,61,10,23,6,49,34,31,58,43,44,37,55,15,11,0,29,19,54,60,50,52,41,51,33,35,20,7,30,38,59,14,16,12,24,62,8,3,13,47,56,63,18,48,45,9,46,4,57,2,17,53,21,5,25,1,39,40,36,26,42,28,27
29,54,40,20,39,53,35,36,10,18,31,44,19,13,9,4,61,46,56,23,42,12,0,37,30,43,3,34,41,45,33,38,49,21,6,5,24,26,25,22,2,27,59,51,16,8,17,55,7,57,50,48,1,47,52,63,28,11,60,32,58,62,14,15
8,14,24,45,32,16,43,11,31,17,21,6,2,58,13,3,59,26,29,39,55,40,35,1,10,53,63,9,62,37,48,46,22,52,38,33,57,23,36,20,25,19,60,30,50,44,7,51,4,28,34,42,5,56,0,12,15,61,41,18,54,49,47,27
46,15,49,18,20,37,12,23,30,24,32,51,43,39,9,36,40,41,10,62,22,50,5,29,11,61,38,53,2,56,48,60,27,6,19,44,54,7,4,25,57,58,63,45,31,17,35,33,59,26,8,28,42,1,47,21,55,52,13,14,34,0,16,3
34,4,45,7,46,3,60,13,22,31,44,14,29,52,10,37,57,24,47,36,5,19,16,58,35,12,62,23,32,43,25,50,2,39,28,21,9,6,30,49,20,27,26,59,42,56,0,18,54,1,8,17,55,61,48,40,33,51,53,63,11,38,15,41
13,61,10,47,52,42,24,18,40,32,21,4,54,53,23,59,35,29,6,12,19,20,2,22,9,11,33,49,8,34,43,0,57,55,58,38,45,26,60,30,39,50,36,16,5,17,62,7,46,25,27,56,14,28,1,48,37,51,3,63,31,44,41,15
14,23,7,49,47,32,17,11,19,58,45,2,13,31,61,46,56,9,51,1,57,52,18,25,44,10,3,60,54,21,28,39,22,5,24,37,53,59,8,34,35,40,15,12,55,63,41,0,30,20,4,48,29,38,27,16,6,50,42,33,43,62,26,36
2,29,24,25,1,22,9,40,18,4,31,15,10,28,60,34,5,17,20,11,3,27,59,26,32,56,38,19,48,51,57,47,12,16,63,6,53,44,41,35,46,62,0,54,30,21,58,42,39,52,36,61,55,7,50,33,14,49,43,8,13,23,45,37
38,39,7,12,45,4,1,35,56,49,40,55,62,2,23,22,46,43,20,48,18,41,9,53,61,3,27,28,15,54,63,8,60,31,50,34,47,11,37,16,25,13,33,57,58,24,5,59,30,10,32,44,26,29,17,52,0,19,14,42,6,51,21,36
60,14,27,29,51,61,16,38,62,58,1,47,46,63,59,54,39,2,52,48,55,19,32,33,35,25,31,28,34,20,42,53,30,50,24,57,8,17,40,26,37,43,12,49,23,7,6,45,41,13,4,0,18,15,22,56,36,9,44,21,3,11,10,5
17,50,6,60,5,56,43,25,20,19,37,16,61,44,52,15,41,53,32,22,57,3,55,8,24,33,9,23,31,47,26,54,13,11,2,51,7,49,63,14,38,27,28,40,4,21,62,45,29,30,58,34,0,46,48,39,42,35,59,36,18,10,12,1
15,13,54,33,58,21,17,0,18,14,19,47,10,48,39,2,23,26,56,41,4,42,40,35,37,34,5,53,8,50,60,30,45,52,57,38,28,62,29,31,16,59,61,9,12,1,36,7,27,32,11,44,63,22,6,20,43,55,25,3,24,51,49,46
39,49,37,19,44,9,10,40,56,46,2,60,12,28,11,16,26,20,61,63,21,50,47,51,54,35,24,8,57,48,5,29,6,30,55,59,45,0,7,53,34,42,43,23,62,41,15,14,58,1,18,33,4,38,22,52,36,27,31,13,3,25,17,32
11,63,27,26,51,9,56,6,12,30,28,18,24,52,3,2,42,10,54,20,13,55,19,46,47,21,53,0,43,4,31,57,35,15,16,8,61,38,1,22,32,39,49,37,41,17,33,25,29,23,14,7,50,48,45,62,44,40,36,59,60,34,5,58
28,10,49,59,3,25,18,31,61,21,6,63,44,16,46,0,27,17,35,13,37,60,45,8,19,38,40,43,1,7,58,62,34,53,29,36,9,33,42,22,23,57,5,20,30,41,24,48,14,56,55,2,11,52,51,26,4,32,50,12,47,39,15,54
5,59,47,40,61,30,21,52,48,49,44,24,55,13,45,3,8,17,6,58,11,28,7,53,12,9,14,23,50,27,20,1,16,42,25,0,63,19,35,51,56,34,4,36,37,57,60,18,10,33,31,62,43,41,15,46,29,32,38,54,22,39,2,26
28,43,6,55,20,10,27,49,21,3,22,48,26,16,12,54,42,51,36,38,63,14,41,40,29,34,45,61,31,19,33,24,50,0,7,60,47,13,8,62,53,57,18,11,44,1,39,15,37,2,56,5,9,59,58,46,23,30,32,4,17,25,35,52
37,12,62,0,39,50,38,31,5,58,21,35,49,19,13,6,47,63,29,30,40,59,61,44,1,51,7,43,17,55,20,28,25,16,9,60,3,11,23,27,53,34,2,52,22,33,36,46,48,42,41,8,14,32,26,10,18,56,15,54,45,57,4,24
14,35,54,26,63,21,36,4,58,50,60,3,62,33,27,40,31,17,9,46,11,30,7,42,51,20,12,24,6,38,5,45,57,16,32,61,37,29,34,13,15,23,43,52,0,22,47,19,55,2,49,59,53,48,10,28,8,41,56,18,44,39,1,25
29,4,30,18,51,37,60,32,6,8,62,45,28,38,14,54,21,53,5,9,27,13,35,12,47,56,41,25,24,20,40,50,17,44,42,48,23,49,55,16,46,57,43,19,0,52,2,11,39,59,58,34,7,63,22,61,1,3,26,36,10,15,33,31
56,14,3,46,49,13,2,61,35,22,42,28,4,23,47,33,60,1,8,54,38,25,53,6,10,55,11,41,26,24,44,34,62,9,19,30,7,51,16,39,18,59,58,15,40,29,20,21,57,32,36,12,43,37,63,0,52,17,5,31,50,27,45,48
5,57,22,2,8,58,16,27,59,55,62,1,13,19,25,39,61,33,40,41,31,21,44,43,18,15,36,11,30,7,46,24,51,14,4,12,52,3,23,10,56,53,42,50,9,37,28,45,26,47,60,54,49,17,29,32,38,0,63,35,48,20,6,34
15,40,45,44,29,39,1,33,37,0,3,25,63,57,54,36,2,20,21,56,7,48,5,58,4,52,10,6,23,41,17,27,46,28,34,11,55,53,32,60,59,12,51,8,16,13,19,22,47,38,49,18,14,31,24,43,30,61,50,35,9,26,62,42
27,4,57,34,0,42,21,5,63,39,44,2,58,37,12,31,9,22,26,8,38,45,13,28,18,41,46,56,29,24,3,53,43,17,54,52,1,32,33,50,49,62,35,7,36,60,16,40,19,10,51,30,25,55,11,61,6,20,23,48,47,59,15,14
50,31,44,41,23,40,32,36,39,48,27,7,15,56,24,42,62,1,11,55,34,29,57,8,3,25,6,53,12,16,30,17,38,5,22,20,10,47,19,43,35,2,14,9,45,18,58,63,54,33,46,52,61,0,37,13,51,28,60,59,21,49,4,26
52,7,23,20,15,34,45,31,50,39,54,55,36,47,41,1,14,51,53,40,57,26,29,62,12,46,11,42,28,10,5,61,27,16,58,63,3,8,37,24,60,22,49,2,25,48,32,35,38,43,18,13,59,0,56,33,17,19,6,9,44,4,21,30
44,48,2,19,25,17,58,41,12,23,43,6,20,46,52,13,29,10,47,22,5,49,55,38,57,61,30,11,28,36,15,9,60,33,59,53,37,26,40,7,14,35,45,34,39,50,24,54,32,31,27,4,3,62,56,16,21,63,8,1,51,0,18,42
4,35,59,63,13,12,16,61,53,6,20,3,27,45,55,36,34,28,24,19,2,46,5,58,48,32,30,21,18,22,38,23,42,31,47,0,40,14,62,9,8,1,41,7,10,51,39,37,57,44,52,50,54,26,33,43,11,29,49,17,15,60,56,25
5,62,31,28,29,33,27,25,58,21,35,43,0,17,38,54,39,23,61,7,46,13,42,20,51,12,55,10,1,37,49,18,44,52,24,9,16,11,22,26,32,36,53,59,48,2,3,60,4,57,19,47,41,34,45,40,50,30,8,14,15,56,63,6
46,40,27,1,30,31,59,11,60,21,14,52,36,37,32,3,15,7,57,8,10,6,43,33,13,42,45,54,2,35,49,61,9,4,63,34,25,50,48,47,0,38,18,12,55,5,44,41,58,16,24,51,53,56,22,23,19,26,62,20,29,17,39,28
58,31,28,37,16,24,27,61,57,1,39,29,7,55,14,25,56,47,20,21,53,22,23,4,0,49,13,17,9,10,50,36,19,63,35,54,18,2,51,48,43,38,15,5,46,30,26,6,32,33,40,59,52,11,34,62,12,3,60,42,44,41,8,45
39,1,30,43,52,55,27,17,62,48,25,10,31,41,49,3,57,60,8,44,42,35,26,21,22,5,58,14,23,4,33,19,63,34,0,40,13,50,29,11,20,37,16,38,51,54,24,9,53,2,12,32,45,61,28,56,36,46,47,59,15,7,6,18
9,40,2,50,17,62,63,6,39,59,57,10,23,36,44,29,41,26,34,61,54,49,48,33,11,42,4,46,16,32,8,47,15,21,18,0,37,58,24,35,13,60,3,25,5,20,52,45,55,56,22,7,38,27,1,53,31,19,30,43,14,12,28,51
26,43,10,41,36,14,47,5,48,21,57,18,38,35,22,51,11,31,32,50,6,59,29,49,33,56,55,52,3,37,7,34,12,44,16,15,28,53,20,63,58,17,61,62,4,1,19,13,46,39,0,25,60,30,45,23,54,24,40,9,8,2,27,42
61,11,41,5,3,40,33,22,18,60,29,1,42,38,12,19,36,31,55,48,57,52,9,46,0,49,16,7,43,45,62,47,27,28,15,63,50,34,39,20,51,59,6,30,25,24,53,21,58,32,35,54,23,14,56,8,13,37,17,4,44,10,26,2
6,48,62,15,1,13,54,5,24,61,43,38,55,59,47,58,63,33,56,2,11,44,40,14,16,28,4,34,30,7,35,17,26,31,37,46,25,32,57,21,53,27,42,22,60,51,0,49,19,3,45,18,12,41,36,23,52,20,8,50,29,39,10,9
39,20,48,16,10,50,54,1,53,18,40,61,6,37,56,47,9,25,63,55,23,58,32,4,26,19,59,42,15,0,45,60,27,33,3,49,7,38,51,35,17,46,52,43,36,31,22,28,13,44,29,2,24,5,8,34,41,12,62,57,30,14,11,21
18,26,23,52,14,3,8,51,6,4,0,43,24,44,55,63,2,21,42,47,40,37,60,50,45,17,38,46,15,27,39,29,33,35,5,30,34,25,59,28,32,53,49,48,58,36,1,19,61,41,22,31,11,13,20,7,56,10,12,57,9,62,16,54
62,55,23,57,6,41,35,16,63,14,30,52,17,11,51,15,42,27,45,18,38,44,58,0,40,29,37,28,49,19,48,22,47,61,33,21,8,46,53,32,34,7,25,4,24,9,50,36,3,54,20,59,31,26,56,60,12,2,5,39,13,1,10,43
54,52,26,15,51,35,11,14,32,36,5,4,50,10,19,25,48,44,40,39,16,46,60,29,37,0,23,62,18,7,55,28,61,6,41,56,63,20,2,27,9,24,43,45,22,21,3,38,59,42,12,8,30,47,31,34,57,1,33,53,49,17,13,58
55,46,26,44,37,13,24,27,8,6,4,33,53,62,31,48,35,7,3,29,18,54,57,40,34,25,47,14,21,39,32,23,12,15,36,60,51,59,63,10,56,50,41,28,30,2,19,38,17,20,11,43,22,9,58,49,1,52,0,45,16,61,42,5
46,20,52,27,53,24,49,30,22,10,8,48,62,57,63,60,16,2,9,12,37,42,38,13,58,11,51,35,55,36,15,50,43,47,61,41,1,56,28,26,18,33,39,32,0,45,7,34,44,19,4,29,17,21,54,25,5,40,3,59,6,14,23,31
45,58,9,36,62,27,21,42,41,11,33,35,47,52,46,34,40,17,38,5,13,24,57,55,4,50,31,1,23,29,7,3,37,19,8,25,61,39,59,15,51,14,54,28,12,56,20,22,60,6,10,53,49,0,43,48,18,16,26,63,32,30,44,2
20,6,47,60,25,27,32,61,46,23,1,41,34,11,9,30,57,63,42,15,50,17,29,26,21,38,13,2,56,33,45,10,58,51,40,24,3,54,52,31,4,53,7,62,16,5,36,43,19,28,48,12,0,44,22,37,49,8,14,39,18,59,35,55
12,29,4,28,39,13,60,16,6,43,30,47,36,9,45,34,26,52,44,3,54,0,5,21,40,37,35,51,41,18,14,1,38,25,2,50,58,27,8,24,17,61,7,22,53,57,20,10,49,55,19,63,33,15,48,32,62,46,23,31,59,11,42,56
52,20,63,6,32,36,44,55,51,12,62,9,8,4,40,10,33,24,0,56,18,16,30,61,3,27,13,49,45,60,54,43,1,39,26,14,21,5,47,34,29,42,28,19,11,57,31,15,37,53,48,59,22,38,46,50,17,2,23,7,58,25,41,35
13,22,40,44,23,10,32,16,28,39,1,33,57,62,8,29,12,6,53,60,56,26,48,0,38,20,46,18,7,14,47,2,41,42,55,45,63,3,21,59,52,4,54,35,61,15,43,5,25,34,24,17,30,50,19,37,31,36,27,11,9,51,49,58
34,26,54,45,61,37,8,16,7,40,53,25,27,22,19,29,6,28,31,20,21,30,0,57,24,39,12,14,55,56,33,11,58,4,23,51,38,10,50,44,5,52,9,18,42,49,48,32,43,60,46,41,35,63,17,47,1,62,2,3,59,13,36,15
50,11,16,17,2,24,45,34,48,33,21,26,7,35,49,44,58,18,46,30,5,38,10,19,29,31,43,13,12,36,9,62,63,59,8,39,60,3,56,42,57,28,4,6,51,53,55,23,41,0,32,54,61,37,27,20,47,52,1,22,14,15,40,25
3,29,51,18,13,59,63,21,5,19,25,61,42,37,49,32,53,48,20,6,12,35,15,62,27,41,45,14,58,36,60,10,24,39,8,16,26,23,54,40,57,44,31,22,50,33,4,55,7,38,28,0,30,1,43,52,17,9,47,46,11,34,2,56
56,19,28,59,24,57,52,37,25,35,58,49,14,0,4,54,21,51,46,1,33,15,53,23,39,17,55,40,42,31,50,10,36,27,60,45,9,38,2,32,20,6,41,48,34,18,8,61,12,16,7,11,30,62,29,22,63,13,26,3,47,44,5,43
6,22,62,25,42,54,9,23,27,31,14,18,61,59,52,1,47,50,26,33,10,28,55,21,15,44,7,40,34,11,36,57,5,51,49,41,43,4,30,12,13,60,19,0,39,48,8,35,29,17,63,24,37,38,46,16,32,45,58,20,2,3,53,56
56,57,29,34,10,43,54,28,33,58,18,42,23,47,35,24,52,16,49,4,50,46,26,41,36,51,22,31,32,61,6,11,12,59,7,55,60,45,63,1,21,8,19,48,5,25,53,0,17,2,15,38,44,14,39,62,9,3,27,30,40,20,13,37
5,51,19,61,21,57,38,17,8,59,33,41,43,55,42,31,48,14,60,56,40,49,50,35,27,62,58,23,0,6,54,25,53,26,29,12,13,10,39,9,30,52,24,28,22,2,63,36,44,4,7,18,34,16,47,1,3,15,32,46,45,20,37,11
28,52,2,17,48,60,26,50,9,41,11,54,10,32,39,53,49,27,12,46,5,44,58,24,61,55,16,3,4,47,40,56,62,8,51,36,57,23,22,63,29,18,13,30,19,38,14,15,42,6,1,25,43,33,20,37,34,21,0,31,7,35,45,59
16,60,17,62,40,0,61,37,53,6,5,55,15,33,47,59,48,52,3,36,20,58,29,1,45,54,11,4,49,10,42,23,28,27,32,39,18,13,50,7,56,30,41,38,51,46,2,19,8,24,34,25,14,44,35,21,57,43,9,63,12,31,22,26
36,56,18,19,12,60,20,54,16,39,51,24,9,53,6,27,35,13,5,52,22,11,58,2,26,57,38,10,63,48,61,45,37,59,50,29,33,14,49,41,44,30,7,4,28,0,40,43,31,62,1,34,47,46,32,21,25,8,42,55,15,17,23,3
47,13,39,40,54,34,33,3,10,17,31,59,11,60,1,62,22,4,37,45,35,46,38,44,53,5,57,55,26,30,42,41,32,0,2,6,56,52,36,29,24,49,48,21,15,8,27,63,18,23,58,43,25,12,51,20,9,61,28,50,7,19,14,16
50,63,9,28,13,52,61,48,26,53,55,32,22,47,42,15,3,7,29,41,31,62,40,39,2,44,8,4,23,49,19,11,10,60,38,30,35,25,5,18,57,58,45,24,36,0,1,27,21,20,12,16,51,14,33,6,46,59,34,43,56,17,54,37
39,3,55,63,27,50,9,46,0,58,32,8,52,16,40,26,11,56,41,13,59,44,57,60,23,31,21,2,34,4,19,43,18,47,22,25,17,12,20,15,10,33,28,51,37,61,35,7,49,5,29,24,62,1,45,54,53,38,6,42,48,14,30,36
15,25,17,61,33,11,41,13,21,7,46,39,62,49,14,10,55,34,60,5,57,50,1,24,36,19,51,31,48,3,37,18,53,9,0,38,27,44,56,32,16,42,35,12,20,58,6,47,54,8,4,40,2,52,22,43,26,29,23,59,63,30,28,45
7,27,46,30,26,12,63,48,44,25,47,52,11,31,16,13,21,2,42,55,10,29,33,36,18,34,41,40,17,20,4,60,23,1,49,53,9,5,38,45,28,39,62,54,50,43,56,3,61,8,59,19,37,32,15,22,6,24,51,35,58,14,0,57
61,3,51,40,35,36,47,2,58,46,50,55,13,53,17,38,10,30,42,27,23,28,7,1,34,18,44,20,43,0,14,49,39,9,25,29,52,26,59,15,11,22,19,12,56,21,45,16,33,37,41,6,32,63,60,8,4,57,31,24,54,62,48,5
24,61,23,43,21,47,19,0,27,40,34,51,32,14,9,57,49,39,38,45,59,54,42,58,22,55,41,8,46,35,63,20,48,10,60,31,33,30,44,25,26,11,7,6,16,36,13,2,29,4,1,53,52,56,3,5,15,37,62,50,18,17,12,28
8,16,12,1,15,4,33,5,9,38,41,0,45,47,35,51,10,48,21,50,40,30,34,39,62,13,46,61,18,63,43,26,52,19,37,57,25,6,17,27,55,7,36,58,44,29,22,56,14,23,28,42,54,2,53,24,20,49,59,3,11,32,60,31
15,53,17,8,49,1,6,39,35,60,37,10,30,26,55,51,47,23,57,61,48,4,56,38,27,0,31,62,20,63,42,22,34,18,11,19,9,41,50,43,21,58,40,52,29,3,14,32,5,33,2,16,25,28,24,44,36,45,7,59,13,54,12,46
25,57,35,59,17,31,9,28,15,45,49,23,58,38,61,12,30,33,29,2,44,43,51,7,50,11,24,63,16,21,4,19,40,1,47,32,0,53,42,37,26,20,14,54,56,3,48,46,8,36,27,5,22,34,18,60,52,39,41,62,10,55,6,13
41,58,25,15,27,33,24,32,23,4,49,46,31,13,60,44,20,8,42,17,1,7,59,35,6,45,3,34,22,19,26,55,54,2,62,9,43,21,50,12,47,29,5,39,14,38,63,0,10,37,61,36,40,11,16,48,30,56,53,18,28,51,52,57
54,17,47,35,20,59,61,53,11,10,0,45,29,26,39,5,62,44,50,25,56,8,32,55,42,7,30,19,60,18,49,13,1,6,12,40,15,2,23,38,33,36,48,51,9,14,58,4,3,63,21,34,22,16,27,46,31,57,52,24,37,28,43,41
57,24,22,2,32,61,63,18,54,31,47,27,50,40,13,8,35,59,14,20,9,19,37,26,7,36,17,55,4,39,41,43,29,16,56,52,44,23,1,53,5,51,60,38,48,6,0,25,58,11,15,30,21,3,12,10,28,34,33,45,49,62,46,42
33,19,45,13,46,62,56,44,17,16,53,21,58,48,18,51,59,36,2,40,49,54,39,5,55,31,28,23,60,15,42,24,27,11,14,9,3,22,8,57,38,52,47,20,63,0,29,41,61,6,34,30,12,25,4,35,7,26,43,32,10,50,37,1
2,59,21,41,46,31,50,37,42,39,49,14,12,16,29,5,60,47,23,33,9,48,61,25,20,0,32,10,13,57,54,36,45,30,58,24,6,51,7,62,19,11,40,34,56,22,55,38,43,1,27,44,26,35,18,3,8,4,28,15,17,63,53,52
15,29,56,28,33,51,35,49,16,18,62,20,8,46,13,4,9,34,61,1,24,21,60,11,52,31,0,27,50,38,63,45,2,30,3,54,32,17,42,37,7,5,43,39,12,6,47,23,19,44,14,40,48,53,25,10,22,57,26,58,36,59,41,55
21,55,8,33,47,24,62,22,25,23,58,54,38,6,51,5,63,9,34,44,29,61,13,39,27,1,46,12,26,56,20,52,30,59,10,57,32,11,18,28,45,17,37,4,2,48,41,16,7,53,35,3,42,49,19,0,15,14,40,31,36,60,43,50
43,47,36,37,8,57,42,2,48,26,50,62,21,0,31,29,1,6,30,32,22,20,33,53,60,46,10,16,19,56,24,7,63,28,5,59,45,61,39,12,15,41,38,25,58,17,9,54,44,40,13,35,34,51,27,55,23,14,3,11,4,49,18,52
6,31,45,44,62,10,16,30,57,37,17,50,24,61,9,34,2,22,21,55,19,15,53,5,60,3,29,46,58,39,13,43,20,54,8,7,28,36,25,0,51,12,33,56,48,4,52,23,14,1,32,35,26,41,63,59,38,27,49,47,42,18,11,40
30,45,31,5,4,51,9,27,0,33,39,15,12,62,36,8,24,14,59,21,41,47,26,20,60,22,35,42,46,7,38,61,3,34,23,19,16,43,50,48,44,52,18,58,54,1,6,11,53,28,2,55,49,10,40,29,56,57,37,63,25,32,13,17
17,48,20,61,8,54,46,40,33,32,39,31,57,9,10,27,62,22,0,14,28,35,18,6,60,4,34,23,41,47,26,52,29,12,44,42,45,25,21,36,2,43,7,38,51,19,5,13,1,15,11,56,37,49,63,53,59,55,3,16,58,30,24,50
60,22,23,27,35,58,44,29,50,17,1,20,13,47,16,6,14,51,37,48,57,39,11,33,24,40,26,56,2,54,21,55,34,12,32,36,46,61,3,53,25,52,7,49,5,15,62,41,9,8,31,43,18,30,42,45,4,28,19,59,63,0,10,38
53,10,4,12,30,44,55,59,3,28,52,57,47,62,51,41,8,16,39,27,56,48,31,58,29,54,19,2,46,61,18,24,5,0,50,34,20,13,60,25,49,6,42,45,37,15,35,1,14,63,43,21,9,22,7,11,32,36,38,40,17,23,33,26
51,37,48,8,29,57,25,54,60,28,3,47,53,16,35,62,11,45,2,58,19,24,13,40,15,34,38,59,4,18,23,14,20,63,50,61,32,42,43,7,30,12,6,26,55,39,27,41,52,46,21,31,56,49,1,5,22,17,33,36,10,44,9,0
1,18,24,13,29,44,27,62,4,19,9,7,30,58,10,16,43,63,60,21,14,38,3,45,53,57,33,17,28,51,25,56,42,2,52,40,0,36,32,22,61,39,15,12,6,55,34,31,48,37,11,50,26,23,5,59,47,20,41,54,46,8,49,35
14,23,40,38,48,31,29,34,46,42,49,13,33,44,1,28,37,61,15,11,26,19,22,30,53,58,50,18,41,0,56,55,59,6,35,43,57,7,2,51,16,25,52,60,24,21,47,63,20,12,10,39,3,36,17,5,8,27,62,45,54,4,32,9
32,34,52,1,8,59,19,14,11,29,60,45,18,46,33,6,38,27,55,0,5,44,12,23,4,62,22,43,51,47,20,63,37,9,61,17,2,50,57,48,42,49,36,53,21,56,10,58,7,54,35,30,40,13,31,41,28,26,3,16,39,25,15,24
4,48,42,3,16,26,40,50,41,9,14,10,11,32,33,25,20,34,23,62,43,24,19,0,51,18,37,59,13,22,30,44,8,57,7,15,46,36,45,58,49,28,55,35,27,31,17,12,53,2,1,5,38,21,60,6,39,56,63,47,52,29,61,54
27,30,53,62,51,61,0,6,48,17,32,14,44,28,45,2,50,4,34,26,60,9,16,36,24,33,52,58,43,12,1,56,25,18,37,38,63,39,42,13,7,47,21,5,46,20,54,49,19,35,8,10,3,11,59,57,22,23,55,15,29,41,40,31
45,3,55,57,11,4,5,10,24,51,22,33,17,18,56,8,60,40,25,28,48,41,42,21,15,16,46,2,36,0,59,20,34,58,61,38,52,30,14,13,44,53,54,23,35,37,26,12,43,31,49,6,9,50,19,7,47,32,1,63,27,29,62,39
11,57,18,63,41,54,12,29,34,17,39,30,35,49,40,26,58,61,4,21,42,38,27,55,50,23,59,20,36,33,22,8,62,56,13,19,14,6,24,46,51,7,15,10,44,53,0,32,60,47,37,16,2,45,48,25,1,43,9,28,3,31,52,5
2,60,31,4,7,56,13,21,37,46,17,52,45,14,39,36,12,35,58,54,16,59,41,25,18,32,61,33,3,29,49,8,5,6,0,48,47,63,10,9,50,27,28,24,34,1,20,30,15,44,40,51,22,26,42,62,11,38,53,57,55,19,43,23
51,25,60,42,48,11,38,59,61,19,9,62,37,57,41,10,56,12,24,15,1,21,45,27,36,18,14,58,43,44,3,39,28,35,2,53,5,4,34,54,16,20,13,8,32,55,31,47,22,0,6,23,30,49,46,63,29,33,40,7,52,17,26,50
1,26,56,0,63,37,29,54,58,45,7,38,30,47,32,43,46,36,33,21,27,51,13,28,4,11,39,5,53,59,40,25,12,31,55,20,48,23,41,50,2,18,16,61,10,15,49,9,19,34,44,22,60,14,24,35,8,6,17,42,52,57,3,62
15,44,8,14,4,28,42,16,57,56,55,33,0,41,27,61,1,3,9,11,5,19,12,50,26,32,62,54,38,49,30,7,47,36,40,43,51,6,35,17,53,60,22,48,45,2,59,18,31,34,52,39,23,20,46,24,37,10,25,63,29,58,21,13
54,34,5,21,7,31,56,55,4,17,48,57,51,9,38,23,28,46,16,47,60,20,8,43,2,63,13,11,52,32,14,29,49,19,53,39,22,61,41,45,37,1,36,6,35,24,58,27,44,3,10,40,15,42,30,18,26,25,0,62,33,59,12,50
9,6,49,33,14,8,51,7,63,20,60,12,10,13,56,4,27,28,38,30,35,36,17,31,44,3,1,34,62,41,37,57,19,32,40,5,21,22,18,53,52,43,24,39,2,50,54,42,47,26,15,45,0,55,59,23,61,11,29,25,16,58,48,46
44,43,48,3,29,2,60,1,59,50,17,12,11,35,57,26,8,56,62,33,63,61,23,20,54,4,36,52,6,28,37,34,0,39,10,53,21,41,5,38,32,18,19,30,55,15,13,47,7,25,16,51,22,45,24,40,46,27,58,14,49,31,42,9
47,12,26,51,38,7,33,60,58,15,19,42,61,13,37,44,9,45,6,0,1,54,3,50,22,63,24,2,41,14,36,5,32,59,52,18,16,21,46,23,29,53,48,25,43,49,8,39,34,31,35,27,56,62,30,11,28,4,17,20,10,55,57,40
42,12,22,1,21,24,7,61,58,4,56,20,62,32,26,5,31,28,25,33,15,51,36,27,57,35,48,47,18,11,60,10,34,30,54,59,52,39,23,55,46,8,13,50,53,9,6,38,37,44,14,43,19,3,40,0,17,2,41,49,29,45,63,16
55,27,63,32,6,28,10,9,2,58,20,51,54,46,21,38,11,52,25,16,53,50,15,23,49,44,45,62,26,13,5,17,39,3,29,47,37,30,41,0,57,19,42,36,59,40,4,12,43,56,35,34,48,24,1,8,61,18,60,33,14,7,22,31
23,38,15,57,14,5,55,6,22,0,12,45,62,52,10,7,48,26,24,11,27,61,51,20,44,53,8,3,28,46,17,41,19,13,30,56,2,63,58,59,39,9,32,29,42,25,49,21,37,34,16,36,33,4,31,47,18,40,50,43,60,35,54,1
24,16,55,17,34,31,54,27,33,20,13,42,50,62,49,36,40,59,41,28,10,25,26,32,61,2,19,7,6,3,44,18,39,23,29,30,63,47,48,22,56,43,60,9,8,5,0,1,38,57,46,11,53,37,58,4,45,52,35,51,14,12,15,21
2,52,39,20,17,57,27,49,31,21,45,12,7,11,54,19,6,62,10,8,40,35,3,61,59,4,30,14,47,36,58,22,48,24,18,56,0,32,55,46,13,34,29,5,25,50,16,1,60,23,63,28,15,51,9,41,42,38,43,33,44,53,37,26
22,0,61,40,9,31,51,34,56,16,58,6,54,39,52,10,38,63,44,43,37,1,55,19,59,62,57,50,28,12,3,26,8,32,4,30,41,13,2,23,49,18,33,7,14,24,27,15,11,42,35,45,47,5,48,46,17,60,53,29,21,20,36,25
0,51,40,43,8,12,36,15,31,60,49,21,35,7,26,45,28,48,56,9,63,47,61,4,55,14,2,23,53,34,50,33,19,11,22,24,30,62,10,39,37,52,13,54,25,32,41,46,1,16,29,42,38,17,44,3,5,20,6,58,18,27,57,59
46,31,37,60,50,59,30,6,35,58,15,27,12,3,24,48,22,13,9,11,5,51,17,36,42,20,7,32,54,55,41,19,33,8,4,28,23,47,21,53,18,25,10,56,34,43,16,29,57,1,61,14,2,63,52,40,38,49,45,0,62,44,26,39
55,8,26,35,2,58,12,20,41,61,10,31,0,28,4,36,46,32,5,25,60,54,49,7,59,52,63,45,27,21,39,37,48,38,53,40,50,11,19,17,15,3,47,44,33,29,57,30,14,24,34,22,16,1,23,51,13,42,43,6,62,9,18,56
30,60,14,10,18,19,43,48,5,39,28,0,42,2,20,45,53,59,12,11,13,40,27,29,25,26,63,3,58,57,1,54,21,4,6,33,49,47,15,51,56,22,23,38,31,37,36,44,7,46,17,35,41,24,52,8,16,55,61,32,9,50,62,34
51,48,38,23,60,62,10,14,26,11,63,55,39,58,59,37,56,34,33,17,27,21,43,61,9,22,13,6,42,29,32,49,54,41,47,8,18,0,44,7,30,35,19,3,45,24,50,16,1,40,28,20,15,4,52,57,36,25,46,31,12,5,2,53
5,2,27,23,22,13,19,54,18,61,21,40,34,15,12,33,38,7,47,56,6,46,24,4,16,49,44,31,57,42,48,29,58,37,11,50,9,63,26,30,3,55,20,39,10,8,59,0,62,28,60,25,36,51,14,17,43,35,32,1,52,53,45,41
56,51,22,28,21,27,8,63,42,12,20,38,30,31,23,14,24,50,40,2,15,39,37,9,60,46,25,29,45,6,16,55,26,5,36,57,3,4,11,7,35,34,0,10,33,49,54,17,47,13,53,44,48,41,43,58,61,32,18,19,62,1,52,59
43,33,48,61,50,36,31,54,2,35,29,42,8,22,39,37,21,20,62,18,7,40,57,49,60,38,30,53,16,45,17,12,15,13,32,58,27,14,11,25,0,63,59,4,55,6,19,52,9,24,28,46,1,3,56,41,47,44,23,10,5,51,34,26
52,33,55,6,50,43,28,47,22,10,53,37,38,58,40,49,23,15,24,30,13,32,51,11,5,44,19,17,31,18,25,7,14,9,60,48,54,61,62,63,12,16,46,20,39,21,29,8,59,3,42,34,1,27,4,57,45,0,36,35,56,26,2,41
41,18,1,34,62,51,20,44,42,58,2,37,57,4,28,15,43,22,21,30,49,59,50,38,36,0,55,16,47,32,63,52,25,33,3,54,8,5,6,24,9,13,17,12,60,27,23,46,19,11,26,45,29,14,10,39,40,53,61,56,31,35,7,48
0,49,25,30,35,59,21,62,1,43,9,33,40,22,47,63,7,32,42,28,34,52,37,56,51,50,53,45,12,27,19,54,26,58,29,10,48,41,5,61,11,15,36,55,4,18,14,6,20,23,16,57,39,13,2,60,44,17,38,31,46,3,8,24
56,40,59,53,61,44,62,60,19,7,50,54,33,17,20,55,43,27,25,26,32,8,11,57,14,58,34,2,4,24,48,41,38,37,6,46,1,12,29,21,51,3,35,63,45,16,23,30,42,22,0,10,9,18,31,49,5,13,52,36,15,28,47,39
25,62,39,36,23,51,31,10,11,42,53,47,19,55,44,24,27,59,46,4,45,43,61,28,37,12,54,52,22,1,13,18,3,29,9,5,7,56,15,2,48,32,16,34,60,58,21,57,41,0,35,33,49,38,63,14,17,20,50,30,6,26,8,40
38,63,45,32,25,47,8,50,0,57,26,6,9,49,28,37,1,3,60,51,55,11,4,16,41,2,24,44,56,17,59,29,22,18,12,7,15,40,14,46,5,36,43,61,48,13,33,23,54,20,39,34,35,30,62,19,42,53,27,31,58,21,52,10
34,12,48,61,50,44,1,29,49,60,30,54,63,2,55,62,9,22,11,41,36,14,47,40,13,38,26,17,6,35,16,45,27,52,58,37,33,8,24,10,42,4,57,56,53,25,15,7,31,43,20,23,5,3,18,39,51,59,21,0,28,46,19,32
34,18,8,25,19,14,30,20,23,0,11,2,38,51,12,52,16,24,15,46,59,3,28,26,10,55,60,32,49,42,50,63,22,47,13,27,37,45,17,43,58,62,31,40,61,48,4,1,33,29,54,44,7,21,41,56,39,36,57,9,6,35,53,5
54,33,57,0,46,11,55,15,16,7,17,22,19,1,48,27,35,14,9,47,56,41,52,29,37,45,30,21,3,24,10,31,6,40,28,12,4,61,42,32,43,60,20,23,34,50,13,58,39,49,59,26,38,5,62,18,51,53,8,36,25,63,2,44
31,46,25,8,5,43,0,11,39,36,17,10,59,19,40,34,15,63,28,53,42,20,50,60,32,37,58,49,27,45,62,38,41,23,9,29,55,1,61,21,14,16,12,48,2,35,30,6,52,26,4,47,54,7,3,33,22,18,24,56,51,44,13,57
43,14,8,33,21,30,6,18,46,7,12,48,61,47,4,45,16,11,28,39,52,41,9,5,42,56,20,59,57,37,1,49,10,44,53,55,36,29,24,58,51,15,38,34,40,63,27,31,62,19,26,32,60,25,23,50,0,35,13,17,54,2,22,3
14,58,2,31,60,27,43,47,24,63,33,59,3,1,5,49,18,26,34,12,35,53,46,16,17,37,39,62,57,0,51,55,30,52,19,11,6,10,13,42,23,20,8,36,41,28,40,15,48,45,32,50,21,56,29,44,54,25,7,38,61,9,22,4
6,48,57,50,34,45,56,31,11,7,43,59,14,27,51,13,5,9,15,42,2,22,28,47,17,54,36,53,0,20,37,10,62,24,25,55,39,61,26,38,46,52,18,44,4,33,29,49,63,1,35,12,41,23,30,40,21,32,8,3,19,16,58,60
45,6,47,30,4,18,48,13,41,14,60,29,37,2,22,21,17,62,3,34,32,52,55,16,0,51,44,1,49,24,57,40,25,38,54,31,61,43,9,53,59,19,27,15,42,28,35,50,7,20,12,11,39,26,23,36,58,5,8,46,10,63,33,56
25,23,49,6,8,45,43,14,9,0,55,21,41,24,2,26,32,53,38,51,42,44,10,39,1,63,47,56,59,61,16,28,4,52,36,37,22,60,15,46,54,19,27,3,7,62,33,17,29,13,11,57,12,40,31,18,5,48,34,20,35,50,58,30
59,14,52,45,26,55,30,0,17,7,39,60,29,57,54,47,53,42,27,20,58,35,25,18,13,62,48,56,44,46,34,22,36,32,41,33,28,40,12,24,49,10,37,3,31,63,4,61,38,15,9,8,2,5,19,16,21,6,51,11,1,23,43,50
48,5,53,34,46,24,49,42,17,50,3,55,41,8,2,9,38,58,26,10,44,22,39,20,16,37,19,35,51,6,61,56,54,28,60,63,13,4,36,43,21,29,15,45,47,62,52,23,7,32,0,25,18,33,11,40,31,30,14,1,57,27,12,59
14,12,38,26,6,55,8,13,51,50,60,30,45,47,58,35,36,37,54,21,18,19,29,17,20,56,48,49,4,5,59,28,42,40,15,61,44,31,25,33,3,22,2,57,52,41,1,39,11,0,32,63,24,62,7,43,46,9,16,23,34,27,53,10
36,1,8,47,53,62,29,12,18,56,59,4,15,51,39,49,5,45,50,48,25,6,16,10,54,13,3,19,23,58,7,52,30,44,35,20,9,27,14,55,46,31,24,2,32,28,41,61,26,42,34,38,63,17,22,43,33,40,0,37,60,21,11,57
59,53,30,35,23,18,24,41,17,34,54,51,46,10,40,31,11,50,32,0,56,22,58,9,8,2,39,15,47,14,49,4,6,1,20,12,36,21,26,43,25,27,37,38,29,61,19,33,13,28,44,52,57,62,16,48,3,63,42,5,60,55,7,45
0,33,6,57,60,10,47,41,31,1,58,15,40,17,38,48,7,14,62,54,46,39,32,11,61,2,12,25,5,42,3,30,4,35,51,53,22,49,59,16,56,52,19,50,45,34,8,36,44,24,37,43,13,18,55,9,28,23,20,27,21,26,63,29
2,63,6,26,62,34,31,7,56,60,20,61,13,57,49,53,1,35,51,59,42,36,40,41,17,39,50,18,48,15,14,38,4,27,55,19,47,46,29,3,21,32,37,25,0,22,11,54,24,9,30,28,58,8,44,10,5,33,12,45,16,52,43,23
15,11,38,19,59,22,2,21,60,3,1,9,62,17,28,57,51,18,58,50,5,24,30,14,56,43,34,29,13,49,12,40,26,39,63,27,4,46,23,52,10,37,32,47,35,36,8,20,45,61,44,53,54,55,7,25,6,0,42,16,41,31,33,48
32,6,60,39,62,35,63,26,49,17,55,27,40,61,45,28,3,31,16,18,9,48,15,20,36,33,0,13,11,42,5,7,54,47,23,21,19,38,2,59,10,24,41,37,14,51,58,1,25,56,22,29,50,12,44,46,8,4,34,57,52,53,43,30
21,34,22,2,30,47,61,53,9,39,1,33,20,3,50,19,55,24,40,12,28,43,8,5,15,27,49,38,45,17,46,63,32,60,4,52,6,58,42,13,44,7,29,0,36,16,59,56,48,35,54,11,57,10,31,25,62,51,37,14,18,23,26,41
10,35,3,56,41,60,46,45,51,37,40,19,2,52,18,15,39,36,20,49,32,62,28,27,30,53,63,13,33,43,50,55,17,29,57,0,7,21,26,38,16,4,54,31,25,59,9,48,6,42,14,58,22,24,44,11,1,23,47,5,34,61,12,8
60,30,31,9,7,45,1,36,22,54,24,14,27,11,49,52,6,28,3,13,8,38,5,40,61,62,33,35,25,59,57,37,20,41,47,43,2,63,32,42,55,17,19,53,16,46,51,34,0,50,56,44,29,23,10,4,12,48,15,21,58,26,18,39
2,57,29,48,7,49,25,51,11,27,45,26,50,6,0,62,42,34,17,58,16,5,8,41,22,21,18,38,46,13,44,36,19,47,23,1,39,52,4,10,43,35,59,53,31,3,40,15,63,12,61,30,54,20,14,37,33,28,55,9,56,32,60,24
4,34,13,32,36,24,22,0,61,40,12,37,15,39,28,43,27,25,19,1,50,56,10,55,26,31,30,51,21,35,42,14,23,18,60,6,16,29,9,8,44,17,59,47,49,7,11,57,5,62,2,46,38,41,52,20,45,3,63,53,33,58,54,48
60,52,4,13,8,28,31,57,34,59,54,44,49,27,36,17,25,56,38,19,30,29,20,11,42,51,14,7,23,35,41,10,45,37,50,0,16,63,55,39,12,47,40,43,22,1,3,24,53,9,61,48,5,21,15,46,62,33,32,18,58,6,26,2
44,54,26,34,32,10,36,28,21,9,47,55,31,12,13,6,20,35,46,17,0,8,51,50,14,45,22,19,23,38,53,39,62,61,3,63,27,16,2,25,15,57,49,58,52,29,60,42,56,48,33,43,11,37,1,7,40,30,59,24,41,5,4,18
31,62,15,8,32,18,11,10,24,14,51,45,30,49,40,17,9,2,58,38,22,6,26,63,55,16,35,29,47,36,43,33,52,3,39,1,56,42,7,12,46,54,37,19,27,50,25,20,0,5,13,21,59,4,28,61,44,57,48,53,60,41,34,23
2,49,28,44,29,19,26,63,20,33,23,40,10,57,17,54,21,24,13,7,30,3,55,52,47,16,60,45,61,32,15,14,53,12,27,48,8,5,0,1,42,4,50,46,35,56,22,31,11,36,59,6,62,39,41,18,58,38,51,25,34,37,43,9
25,44,14,61,3,57,6,16,35,62,23,49,1,40,29,46,8,60,41,28,27,45,31,11,18,52,36,13,24,2,7,59,42,10,9,32,48,47,43,30,51,58,20,5,54,17,39,34,15,4,0,56,19,55,33,63,22,38,12,53,21,26,50,37
21,24,14,20,59,2,8,40,41,38,32,33,9,27,26,11,44,55,60,4,56,15,23,13,3,10,51,46,25,62,50,35,53,61,37,6,16,47,29,1,36,43,54,0,17,18,28,63,48,30,5,49,34,22,12,39,42,31,19,58,57,45,52,7
30,2,36,57,14,40,24,11,19,3,60,15,37,52,44,55,61,29,49,9,10,53,32,42,17,28,26,25,21,46,1,45,34,20,18,62,8,22,31,51,48,63,27,12,54,58,16,47,56,59,39,35,50,43,13,23,4,38,41,33,0,5,6,7
61,8,38,15,48,23,39,21,52,35,43,58,28,54,59,34,18,12,46,2,24,60,20,16,47,0,6,37,40,31,29,41,14,25,11,17,56,7,51,42,4,44,62,9,19,27,33,1,26,5,10,32,50,55,53,30,63,45,22,3,13,36,49,57
19,18,49,25,31,0,55,27,30,52,56,39,61,43,4,41,13,16,26,32,40,45,9,63,51,48,6,15,59,17,60,62,54,35,1,3,57,42,22,50,46,44,24,28,23,58,20,21,14,2,37,11,12,10,7,29,5,33,36,47,8,53,34,38
19,63,17,52,45,62,47,55,13,8,54,10,23,57,42,27,0,21,43,60,41,28,24,36,3,38,44,15,26,40,33,12,22,51,4,5,14,2,61,34,59,49,11,48,39,50,58,9,6,29,35,16,56,7,1,20,46,18,37,32,30,25,53,31
40,24,20,3,45,1,43,34,2,31,17,22,42,35,46,53,8,51,44,28,21,60,9,6,37,18,63,32,33,26,25,15,47,23,19,38,48,36,58,29,56,39,57,7,49,5,54,27,62,16,59,61,52,11,0,13,10,55,41,50,14,30,12,4
12,42,47,16,13,41,34,21,55,8,17,50,44,58,20,32,35,26,38,18,9,10,53,15,46,52,36,27,40,14,37,33,59,3,45,0,19,4,2,22,1,43,29,51,23,63,48,25,7,60,62,39,24,11,28,31,5,56,6,54,49,57,30,61
8,57,38,12,4,15,56,20,52,16,34,50,43,2,61,33,63,3,19,49,55,23,39,46,31,32,7,62,30,24,58,13,1,18,42,27,37,21,5,53,29,22,47,28,26,41,17,44,48,40,51,10,35,59,6,0,11,14,25,9,60,45,36,54
35,7,21,43,19,4,26,0,32,61,34,3,59,18,2,10,49,28,54,45,38,11,30,40,20,14,17,62,51,39,60,48,41,24,37,56,12,50,27,58,9,29,52,22,15,55,33,63,53,13,23,36,42,5,25,47,8,57,6,44,16,46,1,31
4,62,0,23,60,20,1,9,29,3,11,14,49,8,22,15,43,28,25,57,35,12,42,7,18,53,61,40,2,31,10,58,38,27,44,19,17,33,24,52,41,21,37,47,48,50,51,13,36,26,46,32,30,16,59,45,56,34,54,6,39,55,63,5
33,53,57,18,19,42,21,40,39,24,51,59,45,13,8,3,63,54,35,50,60,15,6,49,5,26,16,41,32,44,29,10,11,20,14,43,37,2,4,31,7,27,0,56,9,12,25,17,61,34,55,62,48,36,52,22,47,38,30,1,28,23,46,58
21,32,28,58,56,41,5,47,16,50,15,25,3,62,46,40,49,45,20,44,55,12,61,13,8,9,11,31,53,0,36,23,63,51,18,57,59,19,37,42,4,2,43,48,22,35,54,26,27,10,29,1,34,60,52,17,30,33,38,14,7,39,6,24
40,18,35,41,22,11,53,21,38,16,27,59,50,23,63,0,8,3,30,52,31,62,17,39,28,58,9,42,43,60,48,25,12,33,54,45,51,15,44,6,57,26,37,24,10,19,14,46,7,55,13,56,34,1,49,32,5,47,29,36,2,61,20,4
50,58,42,63,48,15,57,0,21,8,59,3,53,60,7,43,36,31,5,62,49,1,2,38,25,23,46,55,20,27,10,37,52,13,9,35,44,19,18,47,11,40,6,14,29,26,4,34,61,39,28,33,24,12,56,32,22,54,17,30,51,41,16,45
39,24,38,44,21,47,63,43,41,9,60,6,7,36,37,14,13,28,59,31,58,15,40,23,18,10,27,48,17,11,16,26,56,22,52,51,50,55,34,20,30,33,53,29,0,35,32,49,57,54,1,3,2,61,62,8,5,42,45,4,46,19,12,25
39,4,56,55,1,38,20,47,23,9,21,40,62,42,63,54,7,46,32,24,50,27,22,49,16,60,52,19,17,36,35,0,26,57,33,51,41,31,45,11,14,29,3,2,12,25,8,13,10,30,28,58,44,48,53,61,37,43,6,15,59,34,18,5
37,51,42,21,29,31,57,27,39,58,30,16,59,32,23,47,2,55,13,14,45,10,3,22,12,62,35,8,63,28,50,48,46,56,19,49,1,0,25,11,38,41,33,4,61,52,24,9,26,54,18,7,53,43,5,44,60,36,40,17,6,15,20,34
56,45,39,20,6,33,16,51,12,54,40,15,31,59,25,46,61,44,13,57,50,41,53,27,23,36,10,35,7,24,11,62,47,5,52,18,42,29,2,55,38,4,37,19,17,8,34,49,32,58,28,3,26,1,43,9,60,63,30,22,48,0,21,14
21,12,25,37,47,35,58,8,0,5,15,10,9,32,51,46,16,55,41,19,38,42,50,52,62,2,27,33,11,29,63,28,45,26,22,54,31,53,60,4,30,61,23,24,1,13,40,49,56,7,3,6,57,36,44,18,34,20,14,39,59,48,43,17
62,63,17,8,23,26,29,50,25,31,61,52,5,16,34,9,49,33,56,60,1,53,59,43,48,15,36,12,39,47,51,32,45,6,35,19,18,54,28,4,22,24,40,41,3,57,10,27,0,13,42,7,38,55,14,2,58,44,37,46,30,20,11,21
46,45,1,36,7,59,37,40,49,47,54,56,8,6,25,63,58,20,26,18,12,43,16,33,10,52,23,41,50,62,39,34,42,22,35,27,4,3,29,53,31,9,51,55,38,30,61,11,44,28,17,57,5,0,24,21,60,32,15,13,14,19,2,48
63,15,49,31,50,43,2,52,0,61,6,27,25,62,14,47,22,44,13,4,56,8,9,34,1,26,59,21,48,35,40,24,33,58,12,60,20,28,55,17,39,54,30,3,11,19,38,5,23,18,10,46,45,51,57,7,36,42,16,32,29,53,41,37
7,44,6,0,25,32,20,31,17,11,54,5,27,26,48,8,34,37,18,51,23,21,53,39,19,28,40,4,46,22,45,43,59,56,15,13,38,62,55,14,36,29,61,41,35,63,57,1,60,16,47,9,3,58,52,12,33,42,49,2,30,50,24,10
42,2,60,5,20,26,0,45,36,4,19,46,12,49,8,3,44,16,63,9,32,34,18,54,48,59,23,37,24,55,38,40,6,21,53,1,15,17,10,43,39,28,27,35,52,57,56,7,29,13,47,51,25,41,30,22,61,62,14,50,11,31,58,33
14,8,22,0,46,35,58,44,41,29,25,62,59,18,15,57,28,27,3,24,39,2,54,48,61,21,47,19,32,16,42,7,53,13,63,40,49,20,52,6,56,38,4,37,1,43,60,31,23,10,17,5,12,26,36,11,45,30,34,9,51,55,50,33
44,63,61,60,22,5,46,24,21,55,51,38,8,45,62,37,26,42,32,1,50,35,15,52,2,36,56,3,23,29,47,19,6,9,28,59,31,43,57,18,27,0,4,54,20,13,14,11,33,30,7,10,34,16,25,12,40,17,41,39,58,53,49,48
34,17,28,20,36,2,33,3,40,7,25,46,51,39,49,47,19,22,14,53,59,1,48,61,4,42,63,8,54,60,31,16,6,44,37,27,38,5,9,55,26,32,29,30,11,41,56,50,57,45,52,43,58,21,13,62,24,18,23,35,10,0,15,12
56,11,45,48,54,60,32,5,38,52,34,10,40,14,21,61,41,28,24,16,59,35,6,58,62,29,49,8,30,25,9,36,43,2,50,0,27,1,20,18,26,4,15,42,51,46,53,17,12,63,31,47,7,13,37,44,23,39,3,33,19,57,55,22
46,49,56,32,15,10,4,30,63,54,19,48,0,45,35,17,28,25,42,22,26,52,1,12,6,34,47,13,58,39,61,24,37,8,27,5,3,7,23,50,21,44,36,9,14,29,60,55,2,40,18,41,53,43,31,11,62,16,57,59,51,38,20,33
25,37,17,24,20,42,62,56,38,26,5,48,50,8,45,57,35,36,60,11,39,30,6,10,34,23,16,21,32,19,3,43,0,46,63,47,29,52,54,31,14,22,27,49,59,7,40,44,41,2,55,28,33,12,9,61,4,58,51,18,15,13,1,53
29,41,62,14,55,60,58,6,34,37,42,32,59,57,12,23,52,19,21,48,25,38,16,61,39,63,47,24,7,43,22,26,27,8,4,53,28,13,1,50,9,31,49,3,54,20,44,56,35,11,2,0,15,17,33,40,46,36,30,18,45,5,10,51
62,12,55,43,35,16,13,23,11,33,14,46,34,9,29,21,41,30,42,44,17,1,59,5,36,48,53,0,52,28,40,6,10,57,38,45,32,58,50,37,3,2,27,63,24,15,4,22,25,20,49,31,8,54,26,61,7,60,51,56,19,18,39,47
7,45,18,2,48,16,1,34,10,9,59,11,24,38,19,58,54,56,8,39,60,42,47,35,3,29,26,53,57,17,32,14,43,0,50,27,33,51,49,46,21,22,23,37,12,30,25,44,20,15,6,31,13,41,4,52,61,62,63,28,5,36,55,40
49,33,59,30,44,52,18,48,39,46,32,6,36,3,55,11,12,24,56,35,50,8,9,51,19,13,20,14,26,7,29,34,60,25,22,57,27,43,58,38,54,4,53,1,40,0,5,16,21,47,41,37,45,61,15,17,23,62,2,28,31,10,42,63
4,8,7,16,57,34,0,25,29,42,51,14,62,32,21,45,13,37,53,12,59,30,20,40,31,60,11,3,28,54,6,50,5,44,26,27,52,2,38,35,47,18,46,10,41,22,55,48,9,23,33,61,24,19,39,17,49,58,43,36,15,63,1,56
40,41,54,20,32,51,0,58,26,7,24,1,44,37,4,19,5,25,21,52,59,34,46,2,60,33,22,50,61,55,57,15,56,62,9,53,13,11,36,39,17,48,12,6,18,63,38,8,35,45,42,10,28,23,3,16,47,27,30,14,43,31,29,49
24,10,62,13,5,28,9,23,16,8,51,50,7,43,15,55,57,18,53,33,21,20,12,37,17,11,46,32,0,44,60,42,39,25,58,31,22,49,26,6,1,48,59,36,38,56,63,40,45,52,4,34,3,61,27,30,2,29,14,19,47,41,35,54
61,23,38,21,15,39,13,11,52,62,19,34,31,17,56,40,33,12,59,29,57,1,26,63,9,60,36,44,20,54,22,51,27,18,49,16,24,46,28,2,6,25,50,7,45,10,5,0,42,8,30,41,4,35,43,37,48,47,55,14,3,53,58,32
40,59,54,28,62,11,36,39,5,30,42,60,4,14,38,47,61,49,35,27,24,51,52,10,8,43,21,37,20,2,1,63,3,7,12,58,55,56,26,32,16,13,57,29,44,41,9,34,18,15,0,17,50,22,33,19,45,6,53,25,48,23,31,46
6,15,59,45,14,5,52,9,35,55,28,21,26,22,18,24,7,40,56,48,37,38,3,53,23,2,47,57,62,16,34,63,8,41,43,25,12,31,10,0,42,50,36,11,29,61,33,30,54,32,44,46,4,39,1,27,19,58,17,51,49,60,20,13
3,22,28,32,10,36,7,57,8,20,23,53,17,18,43,56,16,26,34,19,12,25,35,45,33,60,9,27,0,29,46,50,14,58,15,31,21,24,11,62,37,61,2,5,42,47,1,6,40,54,49,63,4,59,39,30,48,55,38,52,51,44,41,13
15,34,58,27,18,17,11,20,19,54,38,47,56,32,31,55,57,37,28,42,0,50,49,59,4,39,3,6,61,62,5,33,23,53,2,29,43,41,26,36,8,51,48,16,13,1,9,14,10,12,7,45,35,22,24,25,52,60,30,21,40,63,44,46
19,32,8,50,49,56,51,25,16,43,57,6,54,62,28,12,46,15,37,27,0,30,63,36,59,5,48,38,39,31,13,10,55,58,44,52,9,53,29,17,41,24,47,23,34,35,4,18,45,1,60,11,2,40,61,14,7,42,3,33,22,20,21,26
60,20,55,18,8,43,30,3,23,17,44,63,25,4,35,7,32,27,26,15,42,0,52,56,28,24,29,53,19,10,1,62,54,31,57,48,40,37,59,12,33,38,2,50,36,58,61,41,46,21,9,47,45,14,39,11,5,51,49,22,16,6,13,34
33,39,17,25,48,1,26,21,47,7,60,6,44,34,57,35,56,5,4,45,11,8,41,28,42,18,19,55,49,46,40,59,32,12,27,58,2,53,15,51,22,54,24,61,13,63,20,30,14,10,9,16,0,43,31,38,36,52,23,62,37,3,50,29
61,48,14,20,11,46,22,2,30,19,40,55,9,24,28,6,50,29,18,23,56,12,13,31,54,43,4,60,44,8,59,0,32,39,52,25,53,51,1,42,16,58,33,7,45,47,27,10,34,62,26,38,57,41,17,5,21,3,37,36,15,35,49,63
61,22,57,52,19,33,51,25,59,36,3,4,40,26,17,21,24,63,34,31,1,41,23,42,2,58,16,0,13,60,54,37,62,20,43,7,46,35,14,6,38,18,15,47,8,39,48,45,50,56,55,5,11,53,30,9,27,28,12,32,49,44,10,29
59,12,25,46,30,0,45,41,58,50,10,28,54,60,31,16,27,3,61,17,42,37,24,32,29,1,19,6,56,52,63,15,4,40,36,62,34,55,22,23,44,51,8,47,7,49,57,20,39,21,18,43,35,14,33,5,11,53,38,48,26,13,9,2
36,51,38,50,32,59,18,47,53,40,48,30,10,0,23,57,16,4,9,27,11,14,3,17,43,13,19,58,52,25,15,33,6,21,39,55,37,8,34,54,22,41,5,7,56,29,42,62,20,2,60,24,31,61,35,44,45,46,1,63,49,26,12,28
26,14,36,12,1,11,16,5,58,6,48,62,37,57,39,63,50,23,46,61,47,60,18,3,41,52,40,56,22,53,42,33,43,17,38,4,29,31,35,13,51,28,49,27,55,9,44,19,0,8,45,7,34,24,54,32,15,30,2,21,20,10,59,25
20,44,3,46,60,12,28,19,32,38,57,11,30,51,10,54,5,39,33,24,1,31,40,9,41,48,47,16,7,63,27,52,25,2,53,17,45,62,35,6,18,55,34,37,14,8,43,59,49,36,61,21,22,26,56,29,23,0,58,13,4,50,15,42
4,44,47,57,23,11,1,59,30,16,10,52,32,51,20,24,35,22,33,62,21,6,54,50,0,58,29,9,56,38,46,42,8,14,27,55,25,18,17,3,36,19,60,5,41,31,34,26,12,53,49,37,63,15,61,13,48,28,2,43,45,40,39,7
56,31,39,20,12,46,40,19,45,48,61,36,54,29,60,51,25,24,7,18,3,17,1,63,55,6,4,5,52,16,41,37,43,57,50,28,10,9,53,21,42,47,8,35,14,59,32,22,49,33,0,26,2,44,34,11,23,13,27,30,62,38,58,15
36,7,25,61,8,48,3,10,55,19,27,62,54,26,39,63,16,21,29,2,47,22,23,53,35,17,6,46,12,42,31,13,14,43,1,11,50,40,56,58,5,15,20,34,44,49,57,0,18,45,32,4,9,38,33,59,41,28,51,37,52,60,24,30
27,17,0,61,51,31,9,34,46,24,12,50,19,23,25,43,45,3,62,58,21,15,7,47,1,38,10,16,26,28,18,48,63,5,11,60,35,37,42,33,52,4,13,22,39,40,6,54,57,29,30,8,55,36,56,20,49,53,2,41,59,14,44,32
41,9,46,44,51,24,1,42,4,25,38,61,36,19,16,22,27,53,21,32,52,20,40,29,13,3,62,0,26,2,39,30,49,31,7,12,6,60,54,17,55,23,37,15,58,50,10,63,14,56,34,18,57,11,59,48,33,5,28,8,45,35,43,47
23,31,47,62,39,7,48,22,42,28,16,25,27,54,35,63,52,8,6,59,19,18,0,51,33,10,46,29,50,38,24,45,1,17,37,12,55,60,34,49,61,58,40,4,2,21,30,11,20,15,53,56,43,32,5,13,14,36,3,57,9,26,41,44
28,41,7,15,23,37,46,25,53,8,4,17,35,42,33,54,50,47,14,24,21,61,3,56,60,27,26,30,55,62,52,39,40,43,59,44,51,0,18,57,13,32,12,11,19,49,1,5,63,48,38,36,6,2,34,58,22,45,10,16,31,29,9,20
31,17,57,61,20,10,25,16,2,14,1,30,62,59,29,23,21,19,15,37,27,42,54,52,34,36,32,8,11,60,22,0,56,43,47,13,38,26,5,50,12,46,53,28,9,48,39,44,55,40,4,33,3,58,6,35,45,49,63,7,18,41,24,51
24,2,7,18,0,55,12,28,49,36,20,50,21,47,46,17,33,45,4,53,5,61,19,8,54,60,6,44,43,59,10,52,57,48,58,40,51,38,62,11,26,27,41,13,14,22,15,1,37,56,9,16,35,23,32,3,39,63,42,30,31,25,34,29
7,6,32,42,4,25,41,53,34,48,40,1,20,16,51,57,37,29,61,27,12,17,63,3,43,21,11,0,22,45,5,31,10,39,30,55,35,19,59,44,46,24,13,38,56,52,54,47,23,18,33,15,14,2,58,26,49,9,28,8,36,60,62,50
60,56,3,45,4,49,19,50,33,2,0,48,5,46,21,42,17,51,6,24,39,14,38,15,9,11,57,58,40,37,34,63,12,23,16,8,61,36,35,28,41,44,30,29,47,7,43,32,55,59,20,26,13,54,53,25,22,10,27,18,31,52,1,62
0,18,13,33,45,15,47,8,34,20,46,22,16,37,40,57,6,58,25,62,61,28,38,12,17,5,26,14,9,49,63,30,36,55,51,48,31,52,24,10,19,50,1,42,41,59,11,35,53,56,21,4,23,3,2,43,60,7,32,44,54,29,39,27
57,39,15,16,52,19,63,48,0,35,11,61,50,8,1,5,54,2,21,31,53,4,44,45,17,58,23,18,62,9,33,42,46,51,37,36,30,28,60,49,59,12,38,41,7,34,10,6,25,27,29,56,13,26,22,47,40,14,24,43,3,20,55,32
33,36,8,1,25,18,50,19,52,28,15,26,9,38,55,21,20,34,7,13,62,53,5,24,59,12,31,17,41,10,32,22,63,11,27,44,40,58,45,29,51,48,16,49,0,46,6,3,35,2,23,56,4,30,60,39,57,61,37,42,14,43,47,54
45,20,51,11,41,31,58,14,37,30,35,54,62,13,28,18,48,43,46,32,60,9,34,7,10,57,17,8,26,15,23,21,61,12,3,59,6,27,40,47,49,39,38,33,22,56,29,55,1,4,44,42,25,0,24,63,36,2,5,16,50,19,52,53
29,1,8,42,40,36,54,9,28,18,24,41,46,63,62,6,53,44,7,49,12,0,50,47,13,26,25,14,22,59,10,3,51,35,56,23,45,38,30,4,11,55,27,43,58,21,5,20,52,19,2,61,34,33,57,32,16,37,31,15,48,39,17,60
61,29,62,40,27,4,52,45,44,11,22,50,23,17,49,6,60,55,2,53,14,9,35,20,43,42,5,18,57,36,28,21,8,34,13,3,15,31,25,7,63,47,30,39,0,48,26,24,54,32,38,56,19,41,46,12,58,37,16,10,1,51,59,33
17,27,23,29,62,19,43,60,4,49,25,15,36,51,46,12,16,26,21,56,37,45,63,6,24,22,14,18,35,38,0,13,53,7,39,47,34,41,32,10,48,55,59,11,31,44,50,33,28,9,30,40,8,58,2,3,54,42,5,20,1,52,57,61
57,28,19,42,13,50,12,52,48,10,30,9,46,24,8,29,54,32,34,17,16,38,23,55,1,39,62,51,6,41,45,21,61,2,18,37,31,53,0,7,60,33,59,5,27,25,40,22,58,49,56,3,63,20,4,11,36,44,47,14,15,43,26,35
4,28,46,23,41,38,9,43,53,8,12,52,40,1,24,35,36,3,58,27,47,48,45,33,60,50,34,44,15,54,37,25,11,18,62,20,14,29,16,57,19,2,0,63,7,51,22,61,39,26,55,32,31,10,17,59,56,21,42,30,6,13,49,5
60,55,10,20,26,16,31,8,44,47,12,13,7,56,35,62,30,45,42,24,25,27,2,54,43,29,53,5,9,48,33,1,51,0,59,3,57,14,46,37,21,50,18,32,36,11,52,6,15,22,28,41,61,34,38,58,4,49,63,17,19,23,40,39
11,14,38,57,36,42,46,8,19,45,63,7,28,48,24,40,55,12,26,22,20,18,49,33,23,53,47,29,1,34,60,15,3,43,62,31,37,4,59,58,5,56,44,32,35,61,6,21,27,9,13,30,39,52,10,0,16,25,51,54,17,41,2,50
0,31,42,50,5,54,39,26,2,43,41,34,15,62,47,20,59,16,38,48,1,32,53,24,45,8,60,36,19,18,63,28,29,10,40,57,46,23,21,17,13,52,11,25,49,44,14,61,56,12,33,6,35,30,7,55,3,4,58,9,22,37,51,27
31,18,23,29,51,33,0,9,58,32,59,34,1,50,28,19,26,49,61,4,54,5,40,52,13,20,45,35,62,46,56,17,48,22,55,38,8,2,21,3,16,44,15,60,30,43,36,53,7,12,6,41,42,63,27,57,37,14,24,47,10,39,25,11
23,9,49,53,24,14,59,45,5,58,37,61,35,43,34,2,41,16,62,47,6,54,52,26,1,60,40,0,63,7,4,31,29,50,10,36,30,8,33,13,20,55,11,46,38,48,22,19,15,27,42,57,25,17,21,39,51,3,12,28,18,44,56,32
63,29,19,39,61,3,62,40,34,60,7,14,12,24,23,36,16,50,33,48,44,47,55,10,17,45,22,57,21,42,11,4,20,31,49,30,5,43,52,28,37,32,27,1,59,0,15,41,56,35,13,46,54,9,8,53,6,25,58,18,26,2,51,38
63,38,43,51,52,56,18,35,39,12,25,19,2,32,53,21,7,14,58,16,34,60,20,37,8,45,36,27,28,40,1,11,48,3,33,0,61,17,50,29,41,4,62,42,10,5,54,22,24,9,55,57,6,46,15,47,59,30,13,26,23,49,44,31
10,5,17,13,15,24,39,40,31,41,34,60,16,47,4,63,11,0,23,57,42,35,50,56,14,48,21,49,62,19,45,33,29,32,12,1,38,20,28,51,37,8,36,59,43,3,25,9,58,26,2,52,18,30,61,27,6,55,44,46,53,7,54,22
4,42,41,40,51,29,8,45,21,63,20,17,58,2,39,46,18,47,28,9,11,26,13,31,33,24,32,25,27,38,6,15,23,52,59,49,14,16,54,36,12,53,19,55,50,5,43,35,60,34,10,0,22,57,56,3,1,30,37,7,44,62,61,48
51,39,35,32,54,17,20,48,49,34,4,42,41,28,38,3,43,50,2,14,9,6,25,33,23,13,36,24,27,11,57,55,44,29,19,45,5,18,1,63,60,10,26,58,59,31,61,37,46,30,53,0,15,12,16,8,7,56,22,40,47,21,62,52
6,40,45,54,16,57,42,34,9,22,2,10,0,38,12,28,8,55,47,63,15,43,39,4,35,1,3,20,46,31,23,37,59,26,48,36,60,41,19,30,52,62,51,5,33,32,49,58,29,27,7,24,14,44,17,50,61,18,21,56,53,11,13,25
52,58,55,31,14,42,15,8,10,53,62,6,57,39,54,5,40,26,19,27,61,38,23,35,45,0,2,37,50,32,7,60,56,25,21,20,47,9,49,3,13,28,1,34,18,12,51,46,33,63,41,11,44,43,30,48,16,24,36,22,17,59,4,29
24,20,9,55,54,12,39,26,8,25,57,14,41,6,60,10,27,47,62,3,52,17,31,11,21,42,51,4,45,46,5,48,56,0,29,53,50,49,61,28,19,37,59,63,7,23,43,36,34,32,18,15,2,44,40,33,35,22,38,13,16,1,30,58
28,27,44,4,60,23,46,18,34,62,13,32,39,20,5,19,26,31,43,55,15,36,17,49,1,24,29,2,53,9,63,14,3,57,33,41,56,25,58,42,51,12,35,52,40,7,54,59,38,45,37,8,21,11,30,48,10,0,61,16,47,6,50,22
27,62,20,45,31,48,39,46,12,11,19,26,28,6,16,36,10,58,2,34,61,35,57,7,51,54,21,14,37,9,47,15,49,13,25,50,18,24,22,44,55,43,38,0,60,32,17,42,1,4,41,52,30,63,23,53,29,3,40,5,59,56,33,8
51,4,58,55,21,45,36,44,33,61,24,52,38,6,17,9,31,13,15,16,2,34,54,40,56,5,20,25,27,32,49,60,62,8,11,0,46,48,28,53,59,63,26,7,41,23,30,57,12,10,29,39,18,50,22,14,42,1,19,35,37,3,47,43
60,0,47,28,11,53,61,16,48,23,20,6,17,29,34,27,46,49,4,55,58,12,35,62,1,36,32,52,2,18,40,30,50,43,8,37,54,41,22,10,51,21,15,33,57,39,45,56,19,9,26,14,5,63,44,3,13,42,38,31,59,24,25,7
63,2,59,41,16,30,18,46,36,37,31,54,28,29,49,43,17,60,11,22,32,50,27,19,56,45,8,55,23,9,10,35,40,6,48,24,13,7,25,34,39,57,58,52,20,42,62,44,53,5,14,0,51,61,47,1,4,15,12,38,33,3,21,26
32,10,58,34,37,21,52,50,41,3,15,5,51,47,59,1,61,28,44,7,63,49,48,25,31,24,9,23,16,46,8,54,42,40,35,60,56,20,43,11,33,27,13,45,30,53,36,12,19,55,62,38,17,22,6,26,29,57,14,18,2,39,4,0
11,0,45,4,39,49,10,24,27,54,61,22,33,25,32,62,48,26,30,23,7,29,41,63,53,34,2,50,14,42,43,58,55,59,15,44,16,9,57,60,21,6,19,13,47,35,8,17,56,31,28,18,46,12,40,52,5,1,37,51,38,36,3,20
14,53,0,39,63,31,34,4,23,7,5,36,9,55,11,12,18,15,28,20,32,45,3,2,29,52,19,42,46,50,8,30,16,62,6,44,1,22,48,38,60,49,10,37,51,57,27,17,25,35,61,58,33,21,26,43,41,59,56,24,54,13,40,47
50,45,40,57,18,46,5,63,25,38,21,20,2,49,62,13,11,39,29,44,3,33,54,15,12,41,36,48,0,58,42,16,32,56,37,31,23,17,34,26,55,27,60,59,1,8,52,47,6,35,22,10,43,24,28,9,19,14,7,51,53,61,4,30
16,21,41,35,3,48,30,10,23,52,17,20,36,8,7,38,57,24,27,15,45,12,61,60,50,47,4,63,55,2,59,14,39,11,46,33,49,40,6,58,22,1,56,51,25,53,13,9,28,31,34,18,29,26,19,62,32,0,37,54,44,5,42,43
17,10,16,47,44,18,29,58,7,13,53,2,1,45,38,43,23,59,51,40,14,0,34,37,41,54,48,32,3,49,57,6,56,55,39,26,35,12,62,27,60,4,28,50,8,11,5,42,30,9,20,19,33,63,61,31,46,22,24,25,15,52,36,21
10,21,9,58,49,4,62,34,27,15,51,57,22,24,63,36,55,50,44,5,6,29,54,43,7,38,56,35,11,52,17,42,18,1,47,59,46,45,33,31,2,26,12,3,20,60,8,13,14,19,23,48,53,32,25,0,40,39,30,28,41,16,37,61
53,11,30,29,25,4,10,62,56,52,61,22,33,14,51,60,1,55,28,41,5,44,57,45,36,7,42,3,20,46,63,0,58,37,34,21,40,48,15,26,47,6,17,27,54,32,39,19,49,9,16,59,24,31,8,38,12,18,23,13,50,35,2,43
55,54,43,59,34,52,7,9,53,18,44,37,61,62,23,42,30,3,50,0,6,22,39,2,11,32,10,49,1,45,47,21,63,48,33,15,25,56,29,16,35,46,8,12,60,20,4,51,19,41,31,40,28,17,14,13,36,58,26,27,24,38,5,57
19,15,63,29,32,35,14,23,52,28,49,62,3,8,61,30,47,4,1,54,57,7,31,41,18,45,55,13,39,21,53,60,46,6,48,22,25,16,43,51,24,10,56,20,12,59,17,26,0,40,36,27,42,11,5,33,58,38,37,44,9,34,50,2
43,53,39,59,55,45,16,19,40,8,52,38,63,1,18,35,21,29,61,56,23,15,62,34,58,24,27,25,32,28,7,37,44,10,51,3,30,54,0,57,42,14,22,46,36,2,11,5,50,26,41,60,17,49,12,9,4,20,47,31,6,13,33,48
50,46,0,39,35,9,22,57,44,10,48,54,32,24,63,37,14,60,26,27,29,30,59,18,5,16,33,20,13,41,19,15,51,21,31,4,55,40,6,7,62,53,58,2,61,23,1,17,43,3,12,52,11,56,42,28,34,47,38,8,49,45,36,25
62,37,26,0,45,39,4,9,24,46,30,23,50,10,17,38,2,44,29,52,33,59,47,36,22,42,43,41,13,3,18,20,54,25,11,7,16,27,58,63,34,60,61,35,8,48,49,5,56,19,1,6,40,57,53,12,51,32,28,14,55,15,31,21
56,63,48,15,2,52,41,26,16,61,35,60,9,57,1,25,18,50,45,12,4,27,43,7,29,17,51,46,6,54,36,14,24,30,3,34,31,49,39,11,44,13,40,20,22,23,55,53,0,19,5,37,62,32,21,33,28,47,59,58,38,42,8,10
56,18,29,28,37,36,63,42,16,25,11,50,4,12,34,2,54,0,9,33,46,31,45,23,21,43,13,19,40,60,26,24,3,35,8,49,57,1,58,62,52,5,15,32,39,61,14,53,17,48,38,10,30,22,6,51,20,55,59,27,47,44,7,41
27,42,28,49,14,37,57,26,61,15,18,3,33,12,23,59,19,44,4,40,51,47,46,35,20,52,17,9,5,7,48,29,25,2,6,22,34,39,24,58,43,0,38,63,62,53,54,45,1,55,50,30,11,8,32,56,41,60,10,36,21,16,13,31
60,33,40,37,49,26,54,53,57,25,31,1,15,35,18,27,17,3,0,51,19,11,28,45,22,23,61,30,8,42,39,20,46,13,38,48,21,16,5,24,4,9,14,50,43,34,59,47,44,29,7,55,56,6,12,63,32,10,41,52,58,62,36,2
41,28,42,24,40,52,14,32,46,11,20,21,45,5,56,31,58,9,4,34,2,55,12,50,44,25,7,26,29,0,39,23,54,15,33,13,43,30,37,47,3,62,35,57,36,6,60,27,53,16,49,48,38,8,51,63,18,61,59,19,22,10,1,17
14,15,3,6,50,12,24,5,48,45,26,23,44,40,55,37,31,58,16,52,10,25,56,4,8,61,57,19,20,9,41,17,21,53,30,1,34,28,59,46,63,39,38,36,0,49,62,47,42,33,32,60,27,7,18,2,29,11,51,54,43,13,22,35
2,24,50,32,30,53,31,55,56,34,8,27,26,20,36,60,23,43,15,54,10,45,5,16,57,0,58,7,35,37,6,61,14,52,63,38,22,47,29,33,19,59,21,48,42,46,4,49,1,12,25,18,40,13,9,41,39,28,62,44,11,3,17,51
5,27,1,38,12,26,18,42,37,25,22,45,58,53,35,47,7,40,54,48,32,61,2,46,15,44,29,50,23,4,41,56,6,24,62,10,13,31,17,52,21,55,43,14,11,34,39,30,0,33,63,60,19,36,9,59,57,16,49,20,51,3,28,8
13,44,34,38,39,53,47,26,15,5,29,24,51,46,61,27,28,9,10,8,62,17,1,21,32,35,41,33,50,45,55,7,54,42,58,40,49,25,11,57,18,36,22,60,3,30,59,6,4,43,37,19,23,56,63,12,20,31,48,14,2,16,52,0
63,8,59,30,27,49,21,19,18,39,15,17,12,23,34,7,14,35,20,36,1,13,46,45,60,9,6,53,31,48,25,40,50,26,22,47,57,44,51,10,11,5,42,24,52,32,38,0,28,62,29,2,43,58,55,16,33,4,41,61,3,54,56,37
8,37,56,1,7,24,29,50,49,42,2,39,32,6,31,43,55,36,26,41,44,60,63,58,35,9,23,47,21,17,25,51,28,40,61,30,34,54,27,33,5,4,16,11,14,13,22,38,62,12,20,0,53,45,59,15,19,48,52,46,3,18,57,10
35,23,22,52,30,25,14,18,31,55,29,26,28,57,34,17,8,46,62,53,58,41,48,56,11,54,60,37,21,45,38,2,49,10,33,50,15,43,7,36,27,1,51,5,61,3,16,20,59,63,9,13,24,42,0,39,40,12,6,44,47,32,4,19
55,48,34,54,38,13,59,26,8,28,43,23,0,45,10,35,46,50,32,21,24,53,47,12,9,22,6,39,60,33,27,41,15,14,42,25,61,11,44,3,51,37,4,36,62,1,7,30,20,19,2,40,58,5,16,29,57,17,49,56,18,52,31,63
2,42,15,12,55,56,9,59,62,30,11,28,41,18,38,63,22,3,37,21,25,23,17,32,48,27,40,31,16,57,47,44,26,0,4,61,39,13,7,49,5,33,34,8,46,45,51,50,35,60,52,24,20,54,19,6,58,1,10,36,53,29,43,14
20,24,31,3,48,11,10,22,51,25,29,37,30,49,50,59,21,35,56,5,53,0,44,41,16,43,55,62,7,1,58,61,17,46,32,54,52,47,12,40,18,34,2,15,23,6,42,60,19,63,9,45,57,27,4,8,38,33,36,39,26,14,13,28
38,23,58,51,61,45,55,15,5,12,25,59,8,10,36,57,41,52,4,62,9,63,28,34,60,42,46,31,17,1,20,48,40,32,43,54,3,33,30,14,29,18,7,2,13,53,37,39,22,27,35,11,47,50,16,49,44,56,24,19,21,0,26,6
44,1,21,31,34,28,14,10,52,22,38,25,26,16,6,9,0,23,62,2,43,24,50,4,53,58,42,48,18,47,51,54,40,12,41,39,61,63,45,7,57,30,35,37,20,33,17,46,29,11,19,32,55,60,5,8,36,59,49,15,3,27,13,56
19,4,8,16,1,54,28,45,14,23,0,52,13,47,51,48,33,39,50,3,30,59,26,34,27,32,57,58,6,20,62,18,42,10,15,5,41,25,38,7,37,17,24,63,21,40,22,2,61,11,44,60,56,46,29,49,55,53,36,9,43,35,31,12
30,21,46,15,34,52,51,17,48,24,0,40,61,20,29,32,11,55,6,4,54,35,47,39,9,38,3,25,28,22,31,60,45,42,41,59,56,8,27,19,18,37,7,33,2,49,10,5,50,63,16,44,43,1,14,53,57,23,13,36,26,62,58,12
39,21,23,25,5,50,42,4,56,51,9,35,6,12,33,58,49,37,0,19,16,17,15,45,60,54,28,63,34,8,53,40,7,13,43,27,61,3,18,26,29,20,14,22,31,55,59,2,32,62,30,36,47,48,10,44,1,41,11,52,38,46,57,24
9,32,27,14,24,15,46,4,8,39,2,19,36,16,48,12,38,57,28,11,50,29,42,60,31,55,33,51,25,56,22,49,5,63,54,21,17,61,6,58,18,53,45,59,41,34,10,0,7,26,3,43,44,20,13,30,1,35,37,40,23,52,62,47
51,35,27,60,61,62,25,34,55,19,36,48,50,31,16,8,10,28,41,1,49,53,47,57,20,39,42,40,46,12,23,9,21,4,6,13,0,26,59,15,63,24,29,38,5,33,22,52,58,32,11,14,56,44,3,17,37,30,43,7,54,18,45,2
7,44,37,56,2,26,57,42,22,58,24,35,31,32,28,39,60,16,38,49,43,61,62,5,21,20,4,52,12,13,15,33,29,54,8,25,41,50,10,47,3,53,9,19,23,6,45,27,30,34,55,63,59,17,48,0,18,36,1,11,46,51,40,14
0,7,11,27,47,36,4,10,45,33,17,44,28,59,63,48,20,54,60,43,16,57,32,52,56,38,25,55,12,49,51,35,3,15,23,39,46,53,6,19,8,26,5,1,50,42,41,29,30,14,24,18,21,62,2,9,13,37,31,58,22,40,34,61
25,57,54,10,37,51,20,3,18,60,56,2,59,38,61,40,45,29,33,30,8,6,48,58,4,31,53,39,50,16,28,62,22,43,19,44,12,21,0,27,32,5,9,24,35,23,26,1,14,11,41,36,17,52,49,47,55,34,13,42,46,63,15,7
54,50,58,3,34,56,28,57,8,55,20,43,7,17,61,27,13,36,39,49,42,18,6,24,33,60,59,35,5,63,21,40,41,51,32,19,29,46,14,11,25,1,45,10,44,48,15,26,37,30,0,53,22,23,47,31,4,16,9,38,2,62,52,12
16,29,46,56,60,12,9,42,59,10,32,0,43,57,26,23,11,22,1,4,50,53,62,63,6,31,36,18,17,49,40,3,45,2,7,39,54,48,21,8,61,15,25,14,47,33,35,27,34,41,24,20,30,13,38,58,52,19,28,5,37,44,55,51
42,0,33,22,6,37,19,25,50,39,46,10,63,32,18,49,7,62,14,31,3,1,5,17,11,4,59,23,12,34,36,35,57,48,44,55,41,40,54,24,61,8,26,29,28,45,53,51,27,9,16,52,21,60,13,56,15,2,58,30,43,38,47,20
45,19,47,40,34,17,18,56,32,20,53,30,22,4,33,51,60,7,52,11,23,8,9,59,29,37,16,0,57,14,61,13,21,62,44,31,25,27,28,42,41,49,58,39,54,6,24,10,26,48,5,46,3,1,12,35,15,38,55,36,2,50,43,63
23,36,13,38,58,11,61,43,34,10,20,28,14,48,18,17,57,16,56,4,47,22,37,27,29,35,53,51,15,12,24,44,25,62,54,46,19,26,21,52,40,49,59,39,0,2,41,8,33,30,6,45,5,31,3,55,32,60,63,50,7,1,9,42
60,27,9,22,50,0,57,5,38,15,10,46,61,11,25,43,56,36,28,14,30,58,41,16,7,39,32,35,31,18,2,12,51,52,4,13,1,59,49,17,3,44,42,21,20,33,55,62,47,24,48,6,53,19,63,23,8,34,37,54,40,26,29,45
45,8,60,35,63,1,28,58,39,47,52,30,18,4,2,32,42,17,31,41,37,19,51,57,46,5,10,15,38,55,13,21,27,7,20,50,40,53,12,56,6,62,49,36,14,24,22,3,0,23,26,11,44,54,34,33,59,9,25,48,43,61,29,16
9,16,19,54,23,31,11,41,7,8,61,26,38,35,27,15,45,44,33,47,0,5,1,40,10,24,18,57,48,56,3,21,43,34,49,53,46,63,13,36,55,25,52,32,22,6,62,59,17,60,58,4,29,30,39,14,20,42,12,28,50,37,2,51
25,3,42,22,48,23,63,18,62,20,14,10,2,57,29,17,46,13,1,40,12,55,30,33,58,61,16,4,53,41,47,8,52,56,5,38,60,34,15,26,37,7,21,27,49,35,50,36,44,31,51,59,54,24,28,0,32,11,19,43,6,39,9,45
60,33,6,62,39,61,13,0,3,21,52,40,50,25,44,29,56,17,2,35,8,5,49,43,14,58,55,26,28,63,9,59,31,38,53,45,24,11,1,16,30,15,7,46,4,19,27,51,47,18,36,20,57,10,34,12,22,48,54,42,37,23,41,32
50,0,36,41,62,23,25,46,29,48,61,35,49,12,28,4,20,59,13,53,16,14,38,24,19,27,57,7,9,11,17,56,47,58,2,42,5,1,15,40,21,33,31,3,26,30,22,51,55,37,8,60,18,44,43,39,63,45,32,34,52,10,6,54
59,9,51,44,23,41,14,33,15,57,53,20,19,10,56,54,17,45,6,43,37,12,61,30,2,36,48,39,5,28,38,46,34,35,11,25,60,22,29,0,32,13,26,55,47,62,3,49,42,16,4,63,24,1,50,58,27,52,7,31,18,21,40,8
13,45,37,7,12,8,61,43,16,60,55,1,2,63,27,17,46,48,18,56,54,53,50,0,10,59,14,40,28,41,31,58,33,25,4,9,24,22,62,47,42,5,3,32,52,26,34,30,36,57,44,51,29,11,6,19,20,23,38,21,15,49,35,39
43,31,25,54,35,1,22,23,33,24,18,42,8,27,49,13,44,59,50,61,4,57,29,48,9,3,2,63,46,17,41,26,32,12,20,62,55,56,10,37,47,30,58,52,45,7,53,19,16,39,36,14,38,28,11,15,21,6,0,40,34,51,60,5
6,5,32,35,50,43,23,29,52,21,7,51,15,49,59,25,19,58,37,48,13,8,1,3,18,33,56,30,54,31,2,60,40,57,22,11,39,63,17,46,55,12,20,10,9,0,62,4,45,44,24,34,36,16,27,47,38,61,28,41,26,53,14,42
63,38,5,45,6,58,14,35,0,18,7,50,22,43,12,51,19,62,31,39,40,30,36,27,41,24,25,53,23,28,57,42,3,8,13,44,20,4,10,17,52,26,49,11,56,2,47,21,48,9,61,54,37,60,16,29,15,32,1,59,46,34,33,55
20,47,41,8,55,52,33,21,57,56,51,45,54,22,49,26,42,25,16,31,30,40,61,0,53,58,36,60,59,44,37,14,23,34,35,13,62,5,29,9,12,11,46,48,28,2,3,19,39,10,43,32,38,1,24,7,50,17,6,15,4,63,27,18
28,44,34,50,47,13,19,23,46,8,10,63,56,18,31,43,29,14,41,1,24,59,21,11,40,37,32,2,53,17,25,33,20,49,39,54,15,36,60,52,16,3,27,61,38,6,0,55,12,7,48,51,30,42,57,26,45,22,4,35,62,5,58,9
16,2,46,29,55,3,0,40,5,10,21,37,42,28,52,1,43,53,36,4,19,17,47,45,41,35,24,30,50,27,58,59,26,11,15,61,25,14,48,44,57,33,32,63,56,34,60,54,38,7,51,18,9,22,39,23,62,31,6,20,8,13,12,49
15,57,30,13,29,38,8,35,24,11,54,59,42,17,19,9,44,32,26,36,50,12,55,41,47,52,33,34,4,22,56,21,2,63,0,7,20,48,46,5,43,58,25,14,23,49,51,3,62,18,37,27,61,40,1,53,6,45,16,39,10,60,28,31
0,50,1,31,27,54,53,13,10,17,48,26,2,44,45,28,20,22,49,14,46,41,43,8,38,5,34,62,63,9,7,55,19,29,16,21,42,33,18,59,30,52,57,58,23,40,6,25,39,15,35,36,12,24,56,37,51,4,60,61,47,32,11,3
3,4,10,15,42,9,26,17,0,7,19,14,41,20,16,27,63,36,13,40,22,39,12,18,8,31,38,28,46,34,60,62,6,11,23,45,5,43,1,57,32,51,47,21,61,55,33,2,37,29,24,35,58,25,56,44,30,59,54,48,53,50,49,52
15,9,50,2,27,45,56,21,3,52,6,11,57,0,44,38,37,62,24,36,49,5,19,28,35,51,48,25,13,31,41,34,29,60,16,39,26,42,1,58,30,8,14,61,23,20,53,17,4,40,33,59,55,18,46,43,54,12,22,47,7,63,10,32
0,40,26,45,55,54,30,36,39,50,8,5,27,59,42,11,33,1,18,23,13,2,14,32,63,38,51,47,53,31,10,17,58,56,22,4,15,48,16,44,19,62,28,52,60,35,41,3,20,46,37,21,61,57,25,12,43,24,29,9,49,6,34,7
15,44,23,30,39,32,7,37,46,0,42,18,5,43,56,55,4,53,51,8,17,62,27,25,20,63,33,49,31,11,40,45,61,34,59,22,1,35,9,28,13,21,16,52,26,19,38,12,50,41,29,57,2,47,60,36,54,48,6,58,10,3,24,14
32,9,59,18,13,62,8,54,1,61,48,47,42,46,34,5,25,0,40,12,31,39,29,27,28,35,30,37,4,17,58,36,49,22,15,63,57,33,19,51,55,24,41,50,43,52,16,21,2,53,38,23,60,6,45,20,44,10,26,3,56,7,14,11
59,16,58,38,28,4,25,3,12,21,6,23,41,39,52,37,36,29,34,48,1,11,10,32,42,26,7,24,35,46,30,31,20,27,8,14,13,62,9,57,43,0,22,5,55,45,15,56,19,51,2,40,18,50,54,17,49,53,61,44,63,47,60,33
21,39,29,51,32,58,59,17,47,28,49,9,14,19,35,22,37,46,45,31,41,0,8,5,36,3,26,23,53,18,52,24,33,25,62,43,44,63,7,11,30,1,48,61,42,4,6,55,50,15,20,27,12,34,56,40,16,60,2,13,57,38,54,10
53,18,27,45,37,6,22,38,20,50,44,58,63,0,56,48,62,21,2,4,5,54,29,36,26,51,52,34,8,10,35,7,30,57,47,13,14,23,16,24,12,33,39,40,43,1,15,17,9,11,25,61,55,31,28,32,3,59,60,46,49,41,42,19
53,44,1,29,18,2,61,56,48,8,43,50,20,36,27,49,21,30,26,31,32,46,54,22,17,62,34,6,59,38,19,25,14,35,23,58,42,7,57,4,24,45,39,5,11,40,33,16,52,60,13,0,12,55,51,63,28,15,3,9,10,47,37,41
31,10,53,45,15,8,47,1,17,46,2,42,18,6,16,12,11,26,4,20,34,13,44,0,35,41,62,49,25,3,60,28,55,21,19,5,9,29,30,61,40,54,32,63,51,56,39,33,59,24,36,37,38,27,22,58,7,23,14,50,48,43,52,57
16,61,17,60,11,9,28,46,1,40,13,2,19,38,25,32,10,42,21,12,47,29,5,53,30,24,57,33,50,44,58,52,0,55,8,63,59,35,3,20,14,39,27,36,26,49,18,22,54,41,43,15,37,7,6,45,31,51,48,23,34,56,62,4
23,6,39,27,46,34,7,37,42,32,36,41,55,10,58,35,14,2,31,17,9,22,11,49,61,63,12,4,0,21,52,33,54,19,56,62,51,20,44,30,8,15,40,50,16,47,18,53,28,25,43,38,59,1,13,57,5,48,26,60,45,24,29,3
21,47,27,54,11,57,53,17,12,10,33,55,61,6,24,40,34,30,0,15,59,38,41,37,49,51,46,32,4,28,36,3,1,44,39,58,5,31,43,50,8,62,35,56,63,60,18,48,25,14,26,19,23,22,9,13,42,2,29,20,52,7,16,45
30,26,17,57,27,60,8,11,7,5,12,9,53,47,22,18,19,13,37,4,33,15,49,20,51,0,21,24,41,48,25,45,62,55,50,2,28,63,42,3,56,52,6,29,35,46,58,61,10,14,38,54,31,16,40,59,34,1,39,23,36,44,43,32
45,9,1,42,35,32,29,27,24,59,63,44,46,43,8,13,49,34,38,14,22,61,55,41,4,0,33,51,17,2,40,20,60,50,58,28,53,12,21,3,11,47,57,25,54,39,16,31,18,36,23,48,15,26,56,7,52,37,10,19,30,62,5,6
56,31,9,6,0,24,36,63,62,10,2,32,22,57,51,12,33,18,50,58,40,59,17,20,11,29,43,46,25,53,48,49,1,19,13,23,8,42,16,47,44,55,28,52,54,34,45,38,39,15,27,14,4,41,26,7,21,35,5,37,60,61,3,30
46,22,11,29,21,10,61,8,39,3,41,51,44,19,6,30,28,45,57,2,20,43,36,1,14,63,4,31,13,52,16,27,50,54,35,25,60,33,42,62,12,17,7,48,40,26,32,37,53,15,18,58,59,24,47,5,56,9,23,34,38,55,0,49
20,60,54,23,3,9,45,30,36,0,29,63,31,61,37,51,21,50,34,53,55,7,57,49,40,6,32,33,59,14,26,44,12,4,56,39,62,22,16,38,52,28,19,10,43,2,11,17,24,58,25,15,35,8,13,27,48,5,41,47,42,46,18,1
43,53,36,54,21,24,29,14,31,12,17,10,57,46,6,34,11,42,9,41,15,47,49,39,37,26,35,58,0,44,45,3,51,2,27,38,28,8,56,1,33,32,16,48,22,23,4,7,40,13,52,18,20,60,61,59,62,50,5,55,25,19,63,30
19,3,50,43,22,48,23,52,39,32,20,35,26,8,17,12,10,49,2,30,36,25,31,44,46,60,1,57,40,13,59,53,28,34,7,41,6,42,0,47,56,61,14,11,27,55,21,51,62,45,54,63,9,37,24,33,29,18,5,58,15,4,38,16
24,9,36,62,50,0,4,26,43,20,53,63,11,22,41,32,34,42,15,13,21,45,7,46,35,33,60,14,30,29,2,57,51,23,28,49,5,59,61,1,58,39,44,40,56,3,12,10,37,6,52,38,31,55,19,18,47,8,25,17,54,48,27,16
1,48,55,51,43,11,23,8,39,15,26,37,35,28,60,42,2,58,57,53,25,21,22,19,40,33,56,63,14,13,10,27,46,31,61,44,59,52,7,30,4,3,41,54,6,38,5,36,0,9,50,47,17,34,24,29,16,45,18,49,62,12,32,20
10,22,63,36,20,37,46,29,15,16,2,48,51,62,56,1,57,53,47,8,17,39,18,12,55,52,4,3,0,5,11,21,25,34,33,9,43,23,6,41,44,7,31,30,60,42,38,14,54,26,45,59,32,19,13,58,61,35,24,27,40,28,49,50
39,30,58,46,60,7,9,12,29,34,52,13,55,47,32,26,49,1,19,4,22,41,8,0,51,57,45,28,17,56,21,43,38,15,23,48,16,33,37,25,44,2,59,3,35,42,27,54,31,18,5,36,6,53,50,62,24,20,10,40,61,14,63,11
9,17,6,39,44,32,13,20,55,4,24,61,59,40,60,37,58,33,57,45,35,27,54,31,38,46,19,16,5,52,21,43,18,2,3,48,29,7,10,15,11,36,0,14,1,53,26,8,22,34,63,49,25,23,62,30,41,51,42,56,28,12,47,50
63,27,42,20,60,46,37,39,29,14,8,22,45,21,50,7,4,23,30,35,43,57,49,47,6,52,51,36,44,31,59,53,56,17,9,41,48,18,12,0,62,16,10,13,26,58,33,38,11,15,3,25,61,19,34,28,54,32,5,1,40,24,2,55
23,53,36,39,33,18,29,26,43,0,30,37,19,28,40,57,8,48,2,31,9,54,60,11,15,13,45,17,44,61,63,6,51,14,5,50,4,59,46,47,62,21,32,1,41,3,12,38,7,20,35,10,22,24,42,58,56,16,49,52,27,34,25,55
48,57,44,40,24,63,47,23,27,8,54,3,7,43,32,33,4,29,15,56,58,10,11,42,60,49,2,21,51,37,14,9,59,28,45,38,20,50,5,18,52,30,61,25,55,13,36,6,46,1,19,12,53,35,39,62,34,31,17,16,41,26,0,22
53,3,55,62,21,44,6,45,31,52,30,12,48,37,43,57,39,35,14,17,33,10,16,7,61,26,11,56,5,27,29,60,50,22,32,24,47,46,8,13,38,40,49,63,34,9,28,4,15,20,58,41,0,42,25,23,59,51,54,1,2,36,18,19
3,50,17,54,61,42,58,56,38,52,20,10,27,25,21,36,33,8,51,48,16,31,28,62,11,57,4,19,30,53,41,15,32,0,9,23,49,44,2,35,46,40,29,55,39,14,18,1,34,63,43,5,13,12,22,59,37,60,47,7,45,24,26,6
29,24,44,27,52,14,32,48,56,55,38,36,23,33,51,28,58,15,22,7,34,12,9,62,11,42,3,19,21,2,61,25,53,41,5,16,60,40,6,0,46,35,30,1,63,50,49,26,54,37,45,20,47,31,57,8,13,59,4,43,10,18,39,17
14,51,48,57,45,33,15,7,58,3,24,5,0,2,43,46,27,23,55,29,35,4,37,10,30,18,32,61,6,11,28,17,49,31,47,1,36,21,56,52,22,13,26,8,53,41,50,16,25,59,63,20,39,38,19,40,62,42,9,60,34,12,54,44
54,21,3,42,20,23,52,28,60,5,8,24,48,19,39,25,2,35,36,34,30,33,55,22,7,15,61,56,17,18,6,37,1,45,10,41,9,12,0,59,4,31,26,63,29,62,44,46,32,57,13,38,43,49,47,58,53,14,16,50,11,51,40,27
2,40,51,4,61,33,14,50,38,42,37,23,57,5,63,8,22,46,47,20,7,3,1,58,28,41,18,53,12,11,35,34,59,48,49,44,16,45,19,54,60,36,26,43,0,21,25,55,10,32,15,27,9,56,6,52,13,30,62,29,24,31,17,39
59,55,1,2,43,4,21,8,57,45,28,51,15,52,22,20,36,60,23,5,7,19,27,58,63,6,50,9,53,3,26,40,41,46,25,11,33,29,49,47,37,16,14,12,0,18,56,61,10,24,35,32,62,44,17,13,54,48,31,42,34,30,38,39
53,62,22,2,35,63,34,16,27,60,17,33,50,8,7,29,48,23,14,25,24,59,11,15,12,46,42,32,3,9,20,49,0,52,61,56,28,55,37,54,6,44,1,43,36,13,19,39,57,40,5,31,30,41,4,18,21,10,58,38,26,45,51,47
46,15,45,25,22,53,59,3,23,20,61,27,42,51,34,14,12,56,62,1,2,16,50,54,52,44,33,21,40,4,41,60,57,43,18,5,30,7,55,11,29,9,38,26,49,6,58,35,63,19,48,13,36,31,0,37,17,28,10,32,39,24,8,47
18,62,33,37,9,49,30,47,20,13,7,57,26,36,46,56,53,58,43,32,54,15,11,10,50,23,21,27,55,38,51,17,52,61,2,1,34,14,48,41,40,28,42,60,8,0,25,19,12,44,59,24,5,63,35,4,45,39,29,6,16,3,31,22
55,18,10,27,9,36,42,19,61,46,49,53,50,21,1,14,16,32,26,51,39,0,44,63,25,7,57,40,35,54,43,62,58,59,22,29,56,20,3,4,33,34,24,11,52,37,23,60,17,45,8,30,47,5,31,2,38,28,41,13,12,48,15,6
5,54,41,38,56,20,24,0,49,17,27,33,21,11,1,10,9,42,26,4,12,30,19,29,44,48,36,14,57,25,3,63,2,62,39,18,50,55,40,35,53,13,7,45,8,15,46,6,31,51,43,52,59,28,37,61,60,34,58,16,23,47,22,32
53,54,31,17,13,33,44,23,46,24,22,25,38,14,48,40,21,51,45,59,12,35,60,34,6,62,9,29,50,36,8,5,39,20,26,32,7,37,61,1,57,41,4,19,55,2,63,27,52,15,43,16,30,0,28,18,56,49,58,3,47,11,42,10
22,39,29,0,25,3,52,51,45,1,54,62,21,47,42,53,10,58,28,38,32,60,63,36,57,34,31,24,55,11,18,43,56,20,44,9,15,4,19,37,2,40,16,49,17,8,7,33,23,13,35,59,48,26,27,5,14,46,50,6,41,12,61,30
49,4,46,7,0,26,29,61,55,33,9,6,5,8,37,16,21,10,2,3,13,41,15,63,18,59,39,48,57,11,47,38,12,44,25,51,60,34,53,1,19,27,52,31,36,14,35,23,22,45,42,43,62,50,32,28,30,54,17,40,24,20,56,58
49,13,44,27,6,62,63,23,55,41,9,28,29,16,33,19,15,26,37,60,56,4,47,46,24,12,53,10,8,21,20,48,61,40,2,54,22,11,14,34,43,3,42,17,30,38,25,51,5,7,0,45,31,32,18,57,39,58,1,59,36,35,52,50
14,8,0,13,34,59,54,37,53,35,32,47,21,31,41,3,46,20,19,56,51,58,39,62,36,11,16,29,40,23,55,2,63,7,60,5,45,43,33,30,10,25,50,18,24,57,22,49,27,15,4,38,52,1,48,28,42,44,12,26,9,61,17,6
25,36,54,48,45,16,34,22,42,5,47,27,19,14,63,59,58,31,57,55,61,11,10,3,39,8,56,41,62,43,44,24,18,33,26,51,49,2,60,38,29,0,28,12,46,9,7,17,53,32,13,52,20,35,1,50,21,37,15,40,30,6,4,23
6,44,26,18,43,7,58,55,22,35,19,23,4,14,38,3,9,2,34,15,54,39,21,25,41,32,1,61,45,11,37,30,28,51,63,57,29,48,5,10,60,62,20,50,53,31,33,16,8,24,17,42,40,47,49,46,13,0,27,52,59,12,36,56
55,29,39,1,48,49,22,4,16,46,41,38,12,5,30,36,26,0,44,50,17,2,6,35,52,8,37,11,58,51,54,27,40,3,60,20,28,24,57,56,9,34,19,14,61,15,43,63,13,21,10,53,18,45,25,33,59,7,42,47,62,31,23,32
38,15,45,49,30,4,55,0,28,57,7,32,42,33,29,53,9,37,10,51,8,2,58,34,54,22,21,19,12,25,16,17,18,23,41,26,1,48,27,6,44,46,13,3,62,59,35,31,39,60,63,50,14,56,20,43,11,61,36,52,5,40,24,47
7,1,23,16,4,14,17,52,38,19,20,59,47,28,48,63,49,61,50,45,11,12,9,6,43,40,24,44,55,54,51,29,27,10,25,15,13,21,32,53,37,31,42,41,18,33,58,26,46,39,5,3,36,60,57,8,34,0,30,62,22,35,56,2
43,61,18,6,42,59,47,36,54,25,46,19,30,20,57,45,35,40,63,51,10,53,5,50,44,1,26,24,0,12,62,32,2,29,34,33,8,52,15,31,48,56,28,13,22,39,38,37,41,49,55,21,11,3,9,60,27,7,4,16,58,23,14,17
7,48,23,33,44,57,9,51,53,43,34,41,45,31,6,19,37,55,10,20,63,18,47,52,12,4,30,1,50,15,22,21,3,8,56,54,59,14,28,49,46,17,24,40,2,39,27,25,5,13,16,38,42,0,62,32,36,60,58,26,29,11,61,35
18,15,33,29,9,28,31,16,60,46,24,47,7,40,3,27,50,23,0,32,26,19,48,43,36,53,57,6,62,42,13,34,52,54,58,25,51,49,38,11,45,44,63,8,14,1,2,20,10,55,21,41,39,12,17,35,5,4,56,22,30,61,59,37
40,55,21,10,18,9,38,14,39,30,26,23,1,35,62,31,33,8,53,22,29,27,17,58,52,15,59,16,3,36,2,28,44,7,41,11,5,60,32,37,19,50,61,6,20,24,49,47,56,43,46,0,48,54,12,45,42,51,25,13,57,34,63,4
63,61,42,15,25,26,38,23,14,49,48,35,43,8,59,57,44,62,27,7,2,24,16,4,36,39,19,47,55,53,18,52,29,10,9,45,58,13,5,1,56,20,32,31,40,51,22,46,17,3,11,41,33,34,0,37,30,6,28,21,54,50,12,60
45,63,44,2,26,15,11,55,54,3,8,37,61,7,49,0,50,60,23,59,29,39,41,56,52,35,36,57,53,40,20,62,1,12,38,43,18,58,10,48,14,6,30,28,32,24,42,5,4,19,17,31,46,21,25,47,9,13,16,51,22,34,27,33
53,39,30,14,16,43,19,32,17,26,56,11,13,5,24,3,20,25,36,21,62,44,60,9,55,35,40,58,61,18,23,27,63,4,50,49,28,59,52,6,0,51,38,54,8,47,34,10,2,12,48,29,57,41,15,37,45,22,7,31,42,1,46,33
6,8,22,44,0,31,25,23,36,33,19,27,52,39,34,59,32,16,60,30,14,29,10,38,24,28,41,51,3,57,21,62,46,50,15,47,5,55,53,1,20,43,49,56,7,45,26,11,58,54,35,37,13,48,2,12,17,40,9,63,42,4,61,18
39,53,10,32,4,11,54,20,19,34,47,5,63,61,18,45,16,58,22,24,7,57,51,48,41,14,2,55,40,3,33,31,15,59,12,21,23,30,38,35,50,37,17,28,6,13,26,27,49,1,29,60,56,62,9,42,43,0,44,8,52,25,46,36
60,22,35,57,6,44,27,11,14,25,59,15,31,3,29,1,37,2,36,13,43,28,45,50,9,63,23,4,41,32,5,47,19,62,58,49,8,52,54,0,7,20,42,34,10,21,24,18,12,39,53,40,16,38,46,17,55,33,48,30,56,26,61,51
46,2,25,5,21,16,39,6,40,54,24,27,50,13,53,35,31,43,56,49,17,57,11,33,51,26,0,60,19,62,58,32,28,52,36,48,37,20,34,18,9,45,55,22,10,12,7,4,23,42,1,63,44,41,8,29,30,38,14,3,59,15,61,47
58,27,12,0,62,36,59,14,46,29,43,2,22,24,42,32,31,6,50,47,21,4,61,52,9,26,25,11,60,34,35,53,63,45,39,57,54,7,19,41,49,1,8,17,15,13,18,56,3,40,5,33,28,51,38,20,10,55,37,16,30,23,48,44
41,45,47,50,32,56,46,13,18,23,0,14,9,2,55,37,57,53,59,5,49,8,42,34,35,52,7,51,61,15,28,39,25,63,31,62,48,19,36,40,38,44,27,22,1,16,29,21,17,24,3,54,33,6,20,58,43,30,60,11,4,12,10,26
46,32,30,61,20,47,31,56,53,18,45,5,57,2,27,35,40,44,49,43,54,37,34,38,6,11,39,10,21,24,15,16,17,58,9,36,33,23,14,48,4,59,42,63,26,28,0,22,13,51,25,41,60,7,29,55,52,19,50,62,1,12,3,8
53,11,59,18,12,22,54,32,43,36,34,45,30,25,57,2,35,10,50,58,4,16,19,56,15,63,0,48,60,49,21,61,27,24,7,26,5,14,1,47,33,31,8,55,37,23,40,20,13,44,17,41,6,62,42,3,28,38,52,46,9,39,29,51
15,22,49,7,57,41,37,1,38,11,52,48,60,44,0,21,3,23,56,42,29,9,14,61,18,47,20,5,50,34,40,24,10,19,16,51,31,13,63,32,6,26,4,30,33,53,58,12,55,25,27,46,59,36,39,28,54,45,8,17,2,35,62,43
12,39,40,14,30,24,55,16,35,29,45,60,59,57,6,8,0,49,61,13,44,37,20,62,22,47,21,36,43,28,23,50,52,51,32,11,10,56,41,19,2,3,33,1,34,18,7,25,17,48,15,4,58,27,38,31,26,63,46,54,5,53,9,42
24,61,44,5,39,14,54,38,50,31,27,51,26,47,13,20,28,10,63,62,42,33,57,3,29,37,9,34,55,46,32,36,16,11,59,49,40,1,45,60,52,19,56,23,48,58,43,18,21,53,22,15,41,25,35,2,0,17,12,30,7,8,4,6
10,55,33,34,19,47,4,44,63,18,31,53,13,38,32,59,17,20,42,16,25,29,26,49,0,12,9,23,28,56,48,50,43,22,39,54,24,51,35,5,40,57,46,1,2,14,11,36,15,8,58,62,41,21,61,3,27,52,6,7,60,30,45,37
10,45,43,47,54,61,5,51,52,28,25,2,1,27,30,59,44,7,49,29,13,62,22,38,57,37,55,53,36,63,40,41,26,19,4,48,16,21,11,60,35,15,3,56,17,23,46,39,20,31,34,9,50,32,6,0,33,18,8,58,14,12,24,42
14,49,59,26,11,46,31,8,52,0,36,13,55,60,1,63,43,6,53,41,30,27,42,15,39,5,45,24,47,18,22,7,37,17,35,4,57,10,32,40,20,34,28,3,12,16,21,2,23,33,25,48,50,9,38,19,61,56,58,62,54,44,29,51
15,60,18,35,59,54,56,21,48,8,28,45,2,27,55,22,51,3,38,1,31,62,39,25,32,17,42,10,23,52,46,30,24,40,13,26,11,34,16,49,20,37,47,29,44,43,33,61,7,12,53,63,5,50,58,57,9,6,19,41,36,14,0,4
10,32,54,42,57,53,38,61,30,15,13,2,22,17,25,29,62,16,18,49,28,23,26,44,8,59,21,19,41,60,52,45,43,24,34,14,36,6,55,5,56,50,39,58,27,40,7,31,3,12,11,51,37,4,48,46,63,47,20,35,9,1,0,33
14,37,19,7,6,30,34,47,5,11,27,59,23,21,12,1,51,0,29,35,16,31,46,26,39,62,57,45,32,13,38,61,50,55,22,60,18,10,63,28,54,56,36,8,24,15,17,43,53,2,33,41,52,3,9,4,48,49,58,40,25,44,42,20
34,22,35,45,54,24,31,11,46,3,40,41,42,12,43,49,55,15,51,16,10,57,61,13,52,23,0,36,60,8,63,2,30,47,14,59,5,44,28,50,27,37,9,62,39,32,7,21,17,4,20,58,53,33,29,38,18,56,1,25,48,26,19,6
28,51,47,52,43,5,41,4,10,13,0,29,58,46,14,54,39,12,42,59,53,45,31,34,61,11,6,30,60,23,9,25,36,50,27,63,7,26,20,32,2,62,17,55,21,48,8,16,15,19,1,37,24,22,40,49,3,33,18,57,35,44,56,38
45,25,1,38,7,6,12,56,63,59,3,13,11,14,55,8,40,26,28,35,42,41,48,46,9,32,18,27,60,54,15,33,10,62,58,61,24,49,5,43,39,29,34,57,2,0,50,20,36,31,16,30,19,22,47,53,17,37,4,23,51,52,44,21
0,35,27,15,55,57,9,1,50,61,63,20,59,29,8,46,32,24,4,28,48,45,40,14,34,12,38,43,17,16,42,31,53,51,37,5,21,41,25,6,39,10,33,36,7,3,23,49,19,30,58,2,13,26,60,44,18,54,47,52,11,22,62,56
54,32,39,35,58,27,11,24,53,48,60,3,1,26,40,31,33,52,41,45,7,37,12,21,0,17,10,18,30,23,46,8,28,42,19,6,34,50,36,59,44,47,43,20,22,13,2,62,29,63,15,25,4,56,14,57,49,61,16,38,9,55,51,5
56,17,29,15,28,18,22,50,14,36,47,38,16,58,59,30,33,44,46,34,12,26,60,63,31,57,2,4,43,9,27,41,55,7,0,13,5,49,20,10,45,25,51,52,54,62,24,8,39,37,3,19,35,6,48,42,11,32,40,1,21,61,53,23
40,52,33,29,20,34,12,28,26,18,42,51,53,10,22,7,46,31,50,32,62,61,2,13,25,35,11,39,56,4,37,36,8,1,43,55,24,16,44,45,57,23,59,15,6,27,17,14,38,21,49,58,60,41,47,3,19,48,0,5,9,54,30,63
29,27,22,20,13,32,53,11,48,9,17,30,2,7,36,8,19,6,23,63,50,58,51,49,56,57,28,61,15,21,40,35,25,31,41,14,55,39,54,0,46,38,4,60,3,44,47,59,24,12,34,43,26,18,52,42,16,10,5,45,62,37,33,1
9,39,58,34,4,55,25,10,3,16,36,52,49,30,20,28,1,40,23,11,13,56,35,32,51,6,57,47,50,5,7,14,48,38,60,0,63,59,22,42,2,46,33,17,37,31,24,43,44,54,18,21,53,41,26,62,12,45,19,15,8,29,27,61
59,60,6,54,40,36,22,21,58,9,20,62,56,44,25,5,32,61,14,37,41,29,3,12,42,50,13,47,34,38,30,2,49,1,28,52,4,63,0,48,33,43,11,15,23,8,31,17,39,7,35,57,26,10,45,27,55,46,19,16,51,18,53,24
37,23,10,11,44,45,61,35,42,57,49,50,56,33,26,38,8,6,27,63,0,54,32,52,59,51,24,48,18,5,14,46,15,9,25,13,40,43,62,2,28,22,30,55,4,17,34,16,19,58,12,53,3,36,39,29,7,47,1,60,41,31,20,21
42,19,17,10,3,59,18,23,53,26,1,63,55,33,45,50,13,48,61,62,39,41,25,9,52,40,6,29,11,51,0,31,56,21,2,47,37,58,43,35,49,16,12,7,60,20,54,30,28,24,57,4,44,46,5,8,36,22,14,27,34,38,15,32
17,25,44,56,18,28,11,26,14,37,33,39,41,57,48,43,62,1,20,3,21,45,2,22,16,12,0,55,34,50,60,47,38,27,8,7,24,51,46,32,40,9,54,13,4,5,35,49,61,29,53,15,59,30,31,58,42,19,6,63,52,23,36,10
47,55,52,39,12,20,7,62,22,28,61,57,46,40,2,30,32,37,24,19,35,26,21,43,6,44,11,60,29,31,0,17,1,59,4,56,3,36,58,16,51,38,49,14,53,25,50,15,10,5,54,23,34,8,48,18,13,41,9,27,45,63,42,33
48,43,49,60,41,45,6,44,57,37,30,32,54,36,40,56,25,14,5,26,8,34,39,62,46,19,17,20,42,35,33,52,47,22,59,27,38,7,1,53,3,15,31,50,10,55,4,21,9,2,24,51,23,12,0,28,58,63,61,13,18,16,11,29
61,59,32,43,17,41,44,1,35,6,53,7,63,22,39,12,56,28,18,38,0,5,30,20,57,48,37,29,14,52,33,10,42,25,27,58,26,62,45,50,11,46,49,51,31,55,8,3,47,9,19,34,4,36,2,16,23,24,40,21,60,13,15,54
40,49,10,0,57,13,32,63,59,20,46,6,34,31,35,25,12,58,19,45,51,38,26,30,8,62,33,5,21,47,1,17,48,36,3,37,14,29,41,18,28,61,2,39,60,42,4,43,23,53,9,27,56,54,15,55,16,52,22,24,50,44,7,11
43,40,53,60,33,62,19,58,37,39,56,1,55,32,45,4,29,47,17,61,8,18,41,28,59,42,16,20,5,51,27,34,63,7,48,44,30,15,46,35,2,38,3,22,12,57,52,14,54,31,49,21,23,6,26,24,25,11,10,36,13,50,0,9
47,31,25,62,42,27,19,36,5,29,12,60,35,39,46,0,58,41,11,15,6,50,40,21,49,28,38,16,57,26,45,20,53,54,23,55,52,63,4,3,59,2,24,37,7,13,34,44,18,10,56,14,8,51,48,32,9,1,17,43,33,30,22,61
13,38,55,5,20,28,22,60,29,51,0,46,19,36,12,61,25,34,10,4,59,40,17,62,44,63,26,56,58,48,42,30,52,6,7,1,50,15,2,33,24,8,16,43,14,41,9,57,45,49,23,53,18,31,3,37,35,39,11,47,27,54,21,32
50,56,33,21,0,41,18,51,52,13,45,39,5,29,11,49,63,61,2,17,3,38,54,4,43,30,37,31,58,22,12,55,15,42,14,6,60,7,62,1,36,47,44,46,34,23,25,9,8,26,20,24,40,59,10,32,16,35,28,53,48,19,57,27
11,52,56,21,9,17,25,59,62,46,16,10,50,54,12,7,26,15,6,44,49,14,41,22,60,30,43,28,51,35,24,29,2,23,57,4,31,39,19,63,61,0,47,34,58,53,32,33,37,3,45,27,55,8,42,48,20,18,36,1,38,40,13,5
13,59,60,8,25,18,49,29,14,44,28,36,6,55,56,4,27,16,48,40,31,43,53,11,34,54,52,61,37,45,3,21,10,39,58,62,15,23,1,50,63,26,22,5,41,9,30,38,33,46,35,24,7,57,47,12,0,2,17,51,20,19,32,42
56,60,25,12,19,17,49,20,42,62,0,36,11,2,38,32,15,27,6,55,45,50,26,31,14,40,53,22,16,30,41,46,7,3,43,52,51,18,58,47,44,57,61,34,24,63,29,35,23,5,9,1,54,13,4,33,37,39,10,28,48,59,21,8
3,36,17,23,12,41,57,5,39,48,6,37,44,32,61,28,50,4,26,31,34,18,38,22,62,25,30,47,40,13,49,52,51,11,55,16,29,45,58,63,59,33,9,0,7,1,14,43,21,2,20,46,10,35,19,15,27,56,42,54,60,8,24,53
14,44,18,17,47,45,0,55,23,8,34,11,3,50,51,31,62,26,54,22,6,39,43,52,9,53,10,36,58,48,61,29,21,2,27,1,59,28,4,63,56,42,20,25,24,41,33,49,13,46,30,7,57,40,60,5,32,38,19,16,37,15,35,12
18,35,7,23,39,26,61,2,29,11,1,12,16,52,30,3,0,22,9,20,63,6,8,43,41,59,27,47,32,46,24,37,54,40,57,25,17,36,50,34,19,49,38,31,60,48,53,56,51,10,45,62,4,13,42,33,21,44,5,14,58,15,28,55
44,48,20,25,60,47,11,61,55,3,29,63,16,30,7,24,19,6,14,28,36,43,5,33,26,15,57,39,31,53,46,42,22,54,8,35,52,62,18,45,38,23,34,50,59,37,32,27,0,41,10,13,56,2,12,17,9,40,4,58,49,1,51,21
50,48,16,30,10,40,43,24,23,29,31,4,46,44,49,12,26,3,51,54,42,7,22,13,55,25,21,41,47,20,35,38,32,59,18,17,57,15,28,37,19,6,58,36,0,39,11,8,33,63,9,34,60,5,45,27,61,62,53,52,56,14,2,1
40,28,11,2,59,39,54,0,6,33,53,17,1,20,23,37,56,15,49,52,31,29,32,43,42,12,47,5,48,4,60,45,21,13,26,19,10,36,50,34,16,30,44,41,55,14,63,61,3,24,38,9,7,62,46,18,51,8,35,57,25,27,58,22
16,58,48,62,8,2,14,55,10,43,25,49,5,28,7,42,35,44,22,15,36,31,56,29,46,0,34,3,27,52,38,54,37,23,33,47,40,19,9,57,39,13,59,50,12,63,41,17,24,11,60,1,53,6,4,51,32,21,61,45,30,18,26,20
21,33,25,4,5,50,60,9,10,23,3,24,8,28,42,58,27,7,2,17,47,36,44,43,20,19,45,53,15,59,16,11,1,12,48,29,63,57,51,62,35,18,54,31,52,26,49,14,40,55,0,38,34,41,6,37,61,39,32,46,30,22,56,13
48,20,17,16,36,40,27,6,58,38,12,33,57,55,52,53,30,9,23,28,14,34,56,32,49,47,0,29,43,31,44,45,24,62,51,18,39,25,59,54,46,1,41,4,61,50,63,37,11,3,35,26,8,21,15,7,10,22,5,42,2,19,60,13
54,1,4,8,29,40,42,51,30,2,28,10,26,58,63,45,7,13,39,18,0,32,20,17,11,36,15,50,46,62,24,49,60,5,56,35,3,12,57,43,21,48,16,38,31,59,33,9,44,61,27,41,19,22,47,14,53,23,52,25,55,6,34,37
34,21,54,59,62,4,29,19,25,12,40,47,13,36,63,6,14,31,17,7,35,9,52,60,56,51,15,23,37,53,27,28,58,32,2,22,57,38,18,10,41,3,50,49,48,0,44,30,42,24,16,39,43,8,45,46,20,55,11,26,5,1,61,33
27,23,41,42,13,33,40,53,14,30,21,12,32,63,9,52,6,38,60,46,44,58,54,56,48,45,11,59,37,4,3,31,22,1,29,2,55,17,57,16,25,35,34,47,28,62,0,51,50,26,61,36,18,8,10,49,5,43,39,15,19,20,24,7
18,50,44,31,38,42,40,58,29,52,63,57,45,20,10,17,8,13,46,11,60,27,36,59,24,16,53,30,49,33,3,54,56,5,9,4,21,37,62,14,25,23,39,22,32,15,28,26,1,48,61,51,43,0,41,12,34,35,55,47,6,2,7,19
45,2,11,14,4,58,60,48,23,10,57,30,12,63,62,41,47,51,25,17,29,7,24,42,16,56,22,53,28,20,38,8,15,46,31,1,37,50,32,49,18,27,44,9,54,52,34,55,33,5,43,35,13,36,19,3,61,39,59,21,6,40,0,26
8,23,45,5,26,6,14,52,24,10,40,1,58,42,50,46,2,60,9,32,16,39,31,7,4,11,56,17,49,27,63,59,53,20,12,48,35,47,33,21,51,29,0,30,3,28,57,25,37,61,43,19,36,54,34,13,62,55,22,38,18,44,41,15
53,2,63,31,47,22,56,5,13,15,32,42,25,29,45,19,62,20,34,33,10,46,9,37,48,28,16,51,18,44,26,21,58,49,54,50,8,60,40,36,27,23,3,57,55,6,11,4,43,14,35,17,59,0,39,30,1,12,38,52,7,61,41,24
23,41,22,61,14,35,11,48,21,18,25,20,2,38,32,24,42,5,44,29,43,49,56,36,33,6,46,8,45,19,52,10,58,7,53,15,28,31,51,54,4,50,1,37,26,57,55,3,47,16,34,59,40,30,27,13,63,17,60,62,12,0,39,9
11,56,20,0,39,19,57,43,31,6,5,44,28,10,35,30,51,59,40,9,46,49,52,14,29,60,62,34,22,1,38,47,32,41,23,58,12,17,18,21,50,13,33,8,26,45,15,53,27,48,61,3,63,24,55,7,42,16,54,4,37,2,25,36
34,55,46,13,9,39,56,8,18,23,24,17,59,51,11,30,32,31,62,49,5,28,54,7,42,26,19,14,15,36,22,0,6,57,45,38,20,16,50,63,35,3,52,40,2,37,43,29,33,21,25,47,27,60,12,58,53,44,61,1,41,10,48,4
44,18,7,32,11,29,41,4,40,36,49,35,31,2,57,42,38,17,58,26,20,37,56,55,19,12,53,14,16,13,61,46,63,34,39,25,1,9,45,0,27,24,28,22,50,10,23,52,51,62,15,59,5,60,3,33,48,30,8,54,47,43,6,21
62,23,17,47,46,43,14,4,41,60,63,28,6,3,19,53,45,51,57,22,18,13,26,55,12,1,36,34,59,0,54,20,35,16,15,10,39,24,58,11,32,25,31,42,37,56,30,7,49,50,29,33,21,61,5,2,44,27,38,8,52,48,9,40
20,40,43,31,16,8,6,58,34,4,21,26,10,62,30,63,46,27,24,60,9,38,37,18,50,2,49,52,33,14,59,25,11,42,19,29,0,15,1,41,3,23,35,56,28,53,7,45,32,57,55,61,48,47,12,22,13,54,17,51,5,39,44,36
28,50,34,56,24,29,25,7,13,57,1,46,12,27,4,53,47,11,48,30,16,32,6,3,31,10,19,15,60,8,17,45,35,14,40,33,41,22,58,9,63,62,42,55,51,37,18,44,59,0,20,5,38,43,2,23,36,21,52,49,61,26,39,54
61,41,21,52,26,22,56,49,8,19,23,27,18,32,53,7,15,6,46,2,17,4,30,24,12,55,1,14,31,63,9,58,47,44,42,16,29,40,13,0,59,25,36,5,48,28,50,39,20,45,43,37,62,34,33,10,57,11,38,51,54,35,3,60
10,1,25,53,38,34,36,21,58,23,27,32,45,42,29,6,48,5,60,49,30,15,19,18,59,56,16,39,17,51,46,57,37,3,40,20,55,54,31,35,0,33,62,9,43,24,12,7,47,50,41,8,61,63,22,4,44,26,2,11,28,13,52,14
35,1,32,28,53,2,10,15,18,0,6,26,60,29,31,51,45,12,47,13,7,27,49,59,4,43,5,58,8,38,34,30,33,52,16,11,56,25,40,57,22,50,62,54,19,24,42,63,20,61,39,46,3,44,21,55,36,37,9,41,14,17,48,23
40,54,50,27,36,35,38,0,51,32,31,1,44,47,42,15,16,12,30,22,49,34,61,25,5,23,29,11,2,13,20,63,56,19,62,52,57,24,48,21,4,8,14,28,17,45,60,33,43,7,3,6,10,53,26,41,58,9,55,59,46,39,37,18
16,42,50,5,22,20,39,3,11,36,55,40,21,35,54,23,44,27,62,63,56,48,26,7,19,47,1,30,31,12,25,18,41,24,61,46,60,17,43,0,28,13,34,8,9,6,38,4,49,14,29,58,37,45,57,59,51,52,32,10,53,33,15,2
48,16,39,26,11,24,3,31,27,19,2,35,14,21,29,20,44,1,8,40,9,50,46,51,53,54,62,22,55,15,18,47,34,52,25,59,43,17,58,37,0,33,10,61,12,60,36,41,38,7,30,23,56,42,28,45,13,5,63,32,4,49,6,57
53,12,45,39,27,56,7,35,23,42,31,29,52,26,49,44,4,21,17,38,2,15,5,60,28,0,36,58,40,16,32,50,8,25,3,24,9,63,46,47,13,18,22,37,30,19,33,62,20,54,43,61,41,11,34,55,14,6,10,57,59,51,48,1
39,48,29,59,30,44,50,56,16,35,49,23,40,2,34,51,18,57,6,5,12,32,63,4,7,28,8,55,58,46,24,33,43,52,9,25,22,10,1,0,15,20,13,11,26,62,38,27,14,47,61,21,37,41,31,54,42,3,19,45,60,36,53,17
52,5,32,8,41,63,55,17,61,2,48,46,25,26,19,47,50,7,3,4,43,13,34,10,60,56,15,40,20,62,33,27,38,22,23,11,1,57,16,28,39,37,58,6,53,45,59,18,42,54,24,21,12,0,30,9,51,14,36,44,31,49,29,35
16,20,30,34,55,23,63,41,52,42,62,19,27,13,61,8,15,54,6,31,49,26,32,35,1,45,2,22,10,56,18,4,43,9,58,47,17,11,21,57,38,24,60,50,3,7,5,59,51,39,46,53,29,44,0,14,37,12,48,36,25,28,33,40
38,50,25,61,63,22,42,44,3,10,47,5,4,33,20,16,11,17,45,19,53,18,43,54,37,14,12,39,15,40,62,7,51,1,57,60,13,21,49,27,9,41,46,0,23,30,59,8,48,24,26,36,56,28,6,58,35,34,29,31,52,2,55,32
50,58,44,29,28,10,37,41,19,3,26,54,16,6,39,17,34,56,21,63,33,35,62,57,18,14,53,22,52,12,49,55,2,23,32,36,15,38,13,4,42,11,24,9,43,1,60,59,7,47,40,61,27,45,8,31,5,25,51,20,0,48,46,30
27,38,39,36,25,33,42,51,16,3,20,60,30,12,62,18,5,22,10,44,49,32,46,55,8,52,26,1,21,50,53,15,45,19,28,59,54,17,4,35,41,23,43,2,24,29,31,58,48,37,40,9,63,57,11,13,47,6,61,14,0,34,56,7
6,11,27,40,59,32,57,42,62,52,9,5,45,16,8,7,20,50,31,54,39,29,37,53,12,0,43,17,4,14,24,36,47,46,1,44,34,38,13,18,56,58,3,35,21,33,55,19,63,51,41,10,30,49,23,15,28,61,22,48,26,25,60,2
54,57,60,43,59,1,8,48,9,13,15,14,55,42,51,2,5,12,39,35,44,53,28,38,11,29,3,56,33,27,63,62,25,21,6,22,30,45,19,41,46,4,24,61,16,40,47,0,20,31,58,36,49,23,18,10,26,52,17,37,50,34,32,7
51,11,50,24,30,63,31,49,13,45,57,42,15,8,56,37,5,14,47,20,43,6,2,60,55,21,35,34,12,0,25,58,36,44,38,41,53,29,17,10,46,59,39,27,18,23,1,48,22,33,9,61,3,62,4,16,54,52,28,19,7,32,40,26
51,1,19,20,39,9,13,5,42,60,35,16,3,36,58,48,6,15,26,38,54,49,30,56,18,24,37,34,7,57,8,41,61,63,43,29,14,12,17,62,47,45,28,0,40,4,23,33,22,25,52,50,46,32,53,21,27,59,31,55,10,44,11,2
37,54,59,34,26,62,32,46,57,40,2,45,4,35,11,17,50,29,31,16,52,14,5,58,36,25,10,3,8,21,55,41,51,19,49,39,9,61,42,33,12,20,0,60,56,48,63,30,28,47,22,13,15,53,27,23,7,18,44,6,24,1,38,43
26,21,60,63,53,22,48,31,0,39,9,14,24,34,13,1,7,36,41,51,47,18,12,56,44,29,3,10,58,5,33,49,30,28,11,50,38,4,46,2,17,59,37,43,20,15,55,19,32,52,61,8,35,16,42,54,62,25,45,23,27,40,57,6
35,40,63,34,18,61,45,26,43,13,30,56,2,57,6,53,21,5,32,44,49,59,55,51,8,27,37,16,41,23,42,9,20,3,10,22,0,52,48,47,25,31,12,24,50,17,58,11,54,60,19,4,15,1,62,29,33,46,28,14,7,38,39,36
61,24,29,31,7,1,35,45,54,57,53,32,44,40,34,47,9,2,42,56,62,26,16,52,15,33,38,8,37,60,5,3,46,21,14,30,20,25,63,41,10,4,58,36,18,43,6,49,12,17,23,11,51,28,0,13,22,59,27,50,48,55,19,39
22,62,2,13,28,31,25,43,4,53,33,47,48,20,16,34,7,44,18,40,41,56,46,24,14,19,63,1,42,60,27,32,35,52,5,30,58,10,12,38,39,45,9,29,37,51,23,50,8,57,3,36,61,0,11,21,49,26,17,15,6,59,55,54
35,50,58,45,49,0,57,62,11,53,51,7,16,21,31,63,40,60,2,1,15,17,41,36,3,52,26,23,32,61,59,56,33,13,54,4,44,55,8,14,46,37,38,19,18,6,27,5,10,39,42,25,43,48,24,30,12,34,28,20,22,9,29,47
40,62,54,41,57,59,27,13,43,51,55,31,16,7,32,15,45,36,11,30,14,1,56,52,0,35,17,34,47,22,9,19,37,8,63,12,60,53,26,23,2,44,38,10,18,50,29,3,42,4,46,24,6,28,49,61,58,33,25,20,5,48,21,39
30,28,55,1,2,19,57,26,35,56,31,54,27,42,8,25,11,22,62,59,52,53,44,18,51,9,48,41,47,21,15,36,7,37,23,45,32,13,33,0,63,34,61,60,4,50,6,40,38,29,14,3,43,39,17,58,46,5,10,12,49,16,20,24
7,18,6,24,46,12,31,27,35,1,60,40,11,20,44,22,19,0,14,2,34,9,61,25,30,32,49,38,53,54,59,3,57,63,58,13,50,56,17,28,23,45,8,5,62,42,36,16,15,55,48,29,4,21,33,47,26,39,37,41,52,51,10,43
59,28,20,51,27,19,7,42,8,13,32,22,33,11,16,60,56,12,47,55,4,49,52,23,63,15,37,39,26,10,38,18,35,41,29,31,1,5,3,9,48,46,6,21,50,25,17,53,2,14,30,0,34,62,43,40,36,58,57,44,54,45,24,61
13,37,55,15,1,8,50,43,31,32,6,59,22,12,27,9,38,18,36,57,23,24,48,17,14,10,21,45,2,7,0,52,39,42,29,53,4,40,11,54,26,34,51,3,20,56,44,25,60,5,28,33,49,62,35,30,41,61,46,16,19,58,63,47
14,2,56,5,1,13,44,55,51,20,23,12,28,15,31,62,0,58,57,37,19,7,41,52,32,8,25,39,17,21,61,27,48,35,10,26,38,3,24,54,11,63,50,46,16,6,60,4,18,53,22,59,47,29,45,36,34,42,49,30,43,9,40,33
47,36,10,13,6,57,28,27,3,8,61,41,14,0,54,51,38,5,22,19,24,7,45,17,1,29,12,52,53,50,43,48,39,21,35,4,34,42,31,49,55,32,16,23,33,56,62,9,15,63,60,44,40,25,11,46,2,30,20,58,59,26,37,18
2,52,17,35,59,19,11,9,16,27,60,42,29,15,49,28,23,18,20,33,41,4,31,0,56,7,14,46,53,63,50,30,5,51,47,6,8,24,38,13,61,25,39,48,26,1,62,34,40,12,45,32,44,36,55,10,43,21,22,54,57,58,37,3
16,38,57,45,21,22,48,27,24,32,53,13,10,9,51,63,49,18,39,2,43,62,19,11,5,34,56,42,52,4,30,7,46,6,33,44,37,14,55,61,47,35,17,28,23,29,36,41,12,3,25,59,26,54,40,20,50,15,0,31,58,8,1,60
12,29,27,41,23,42,38,59,9,4,45,48,57,17,21,10,6,49,7,36,58,33,14,28,32,43,2,63,50,62,34,40,51,8,24,53,26,1,30,18,0,61,44,54,25,3,13,56,20,11,55,46,16,5,60,47,19,37,52,39,15,35,22,31
62,20,53,27,11,0,5,3,34,33,43,39,56,17,38,54,49,24,4,10,13,40,6,9,37,47,48,7,36,16,14,51,12,46,1,2,18,29,50,26,44,31,59,22,23,19,55,15,57,58,25,41,42,63,61,30,28,32,60,21,52,45,35,8
3,32,10,34,52,47,12,54,43,36,60,58,22,13,6,55,44,37,35,50,0,29,38,5,40,62,23,46,26,1,33,2,16,61,19,7,25,8,63,15,27,41,30,31,20,42,28,18,59,11,53,51,9,39,45,48,24,21,4,17,14,56,57,49
51,15,24,55,36,32,11,19,22,0,54,14,3,12,8,60,56,53,4,62,43,41,50,29,40,6,20,31,27,2,16,42,1,48,37,26,61,7,33,39,63,28,52,38,25,34,23,45,9,46,35,49,18,13,44,59,58,30,21,17,5,47,57,10
40,17,54,31,3,11,27,1,6,14,24,15,44,33,43,61,46,30,41,16,25,49,39,60,7,56,10,50,55,32,9,28,8,57,37,36,20,23,48,0,42,26,12,38,58,53,5,34,19,51,59,22,35,52,18,4,2,29,21,62,47,45,63,13
27,44,42,32,15,23,48,56,60,51,63,14,25,41,6,29,10,1,39,55,30,9,21,43,11,45,61,13,28,50,40,24,53,47,62,7,5,54,26,2,4,58,38,22,57,20,3,37,0,19,17,33,46,52,12,31,49,18,36,8,34,35,59,16
43,36,19,5,12,52,1,57,37,31,30,2,54,61,29,26,9,11,33,16,32,21,46,23,53,48,24,8,45,49,50,0,44,55,56,58,47,35,4,13,62,59,39,27,41,63,18,40,25,38,51,10,17,15,6,28,14,34,22,20,3,60,42,7
25,9,12,13,40,56,35,34,47,60,1,63,26,11,29,53,59,42,3,27,15,19,33,5,50,39,8,54,55,14,61,62,17,46,41,37,6,36,57,45,52,58,18,23,24,2,38,49,0,21,48,16,44,7,20,22,32,28,30,43,31,51,4,10
13,32,23,29,35,25,12,3,27,58,15,18,9,45,39,34,62,54,10,37,19,60,63,42,49,2,48,59,4,57,53,56,14,7,47,52,11,8,55,40,38,28,31,44,22,41,33,43,36,61,50,17,24,46,21,5,51,1,26,20,16,30,0,6
53,12,60,31,58,34,26,19,27,29,9,25,63,16,45,24,20,38,13,46,54,18,17,39,4,51,14,62,5,41,3,48,0,32,44,57,22,35,61,50,23,42,47,8,28,33,7,56,52,15,40,21,1,43,30,6,36,11,37,10,49,55,2,59
18,51,59,28,26,58,50,16,37,42,35,32,56,10,2,31,13,24,9,63,53,0,49,17,21,27,5,30,38,6,22,1,14,36,47,33,3,4,57,23,52,34,11,62,15,54,60,43,46,12,7,55,29,19,39,8,40,44,41,61,48,20,45,25
52,43,14,62,53,49,32,13,10,20,19,11,48,17,18,42,38,6,37,9,12,7,61,21,24,25,36,45,58,30,63,41,55,54,15,23,51,26,4,27,22,44,60,50,28,5,29,0,40,33,8,56,39,34,46,31,35,47,1,16,57,59,3,2
32,7,43,38,48,52,27,62,2,36,55,8,1,45,53,25,26,13,15,5,39,24,31,14,42,17,49,0,4,20,40,3,11,44,57,21,63,56,50,28,16,41,22,18,10,33,12,34,23,37,60,47,6,19,61,58,59,35,46,54,29,9,30,51
36,51,33,7,40,15,24,59,63,9,13,34,53,37,41,61,23,49,1,10,44,62,6,3,39,8,16,25,21,54,35,18,55,57,27,52,28,32,14,5,22,43,0,2,31,60,46,58,30,48,20,29,56,19,45,4,17,50,12,26,11,42,47,38
10,60,32,49,0,53,47,31,52,46,12,20,6,37,13,29,55,41,28,43,33,4,2,54,36,30,22,63,51,24,57,48,3,56,44,9,45,18,50,40,25,34,1,35,16,58,23,7,14,5,17,59,21,8,11,19,62,15,26,42,61,27,39,38
29,52,47,24,59,7,34,45,32,19,41,40,61,3,49,23,11,54,27,9,15,51,60,37,44,13,42,56,43,50,33,57,35,39,0,16,2,46,62,38,21,1,48,18,6,10,36,63,22,30,55,4,53,12,14,5,26,28,58,31,20,8,25,17
58,26,50,41,28,18,21,20,47,44,32,51,8,4,27,5,55,62,57,11,23,42,39,30,40,7,36,53,10,0,48,46,35,63,16,43,17,52,14,34,19,31,2,1,38,61,33,25,59,24,12,22,56,6,60,37,45,49,29,9,54,3,15,13
45,9,38,58,19,34,31,28,25,44,52,15,50,54,53,37,24,21,17,16,2,47,26,7,11,43,62,61,49,22,5,60,3,23,27,18,8,1,20,51,35,48,4,39,63,32,59,12,10,57,0,36,6,13,55,41,29,14,56,40,42,46,30,33
4,19,40,3,36,43,60,38,59,12,52,5,33,9,49,32,34,20,55,30,61,51,2,23,24,21,63,31,50,28,13,42,47,41,18,35,56,10,15,29,14,45,0,53,6,25,46,57,58,62,27,7,17,39,48,26,44,54,1,8,16,37,11,22
58,60,6,5,26,13,15,33,43,50,24,59,3,9,49,63,52,14,40,37,54,35,12,57,53,1,23,21,22,28,56,61,4,17,44,8,11,62,10,39,31,55,42,19,30,16,38,0,2,36,32,41,47,20,34,51,48,29,18,27,46,25,7,45
20,44,31,49,54,13,52,10,12,14,43,25,22,29,62,58,7,34,0,55,27,41,61,9,35,56,2,18,24,26,6,40,15,63,39,37,51,4,48,17,23,53,32,28,11,3,57,38,59,42,47,1,16,45,19,50,46,21,36,8,60,5,30,33
60,49,40,57,62,12,45,5,48,20,61,55,11,15,43,13,2,32,7,44,24,54,9,41,27,39,26,4,14,22,3,50,52,6,53,21,46,10,34,47,38,8,42,29,30,59,17,35,28,23,16,56,0,51,36,1,58,25,19,33,18,37,63,31
2,33,8,23,16,42,26,21,28,25,52,38,57,37,10,49,0,62,56,43,9,6,3,17,4,50,29,13,19,47,32,54,44,31,27,14,22,20,7,36,51,11,60,12,34,46,59,45,39,55,58,35,40,24,63,5,53,61,15,48,1,18,41,30
44,52,8,21,50,7,6,1,49,3,17,63,39,38,19,59,20,29,41,31,61,43,48,24,9,27,37,16,25,51,42,56,30,45,33,15,18,35,54,12,34,53,36,13,10,62,22,32,26,58,60,55,47,28,5,14,40,4,23,2,46,57,0,11
12,41,25,23,52,19,13,18,29,33,43,37,48,1,21,49,14,16,54,34,42,0,31,44,9,20,3,35,4,27,15,47,38,2,28,22,40,6,61,45,63,55,5,57,36,59,26,60,50,10,8,53,51,32,11,39,30,17,46,58,24,56,7,62
38,44,30,14,18,55,45,53,52,20,3,47,39,6,59,46,4,5,19,23,9,33,25,50,35,34,8,57,42,54,21,31,48,36,32,0,62,10,15,49,12,29,24,40,28,61,11,13,1,17,43,7,27,26,58,51,63,2,16,37,56,22,60,41
34,3,14,62,55,1,19,11,25,4,59,46,21,24,52,61,0,45,9,53,48,57,35,27,50,51,8,12,7,15,13,43,17,56,23,2,5,20,42,38,6,36,41,30,28,37,33,63,16,44,60,47,32,10,18,39,26,58,40,31,22,49,29,54
49,63,51,59,34,48,56,61,15,2,24,55,13,28,14,20,33,16,35,36,17,39,27,11,52,19,9,18,38,6,25,37,53,22,46,8,4,21,60,50,44,5,54,23,45,42,43,47,32,7,29,62,41,40,3,31,0,58,12,26,1,10,30,57
48,16,10,13,15,49,23,56,21,30,40,44,46,19,12,51,11,43,28,35,26,29,42,20,60,37,34,59,47,61,1,58,52,27,33,17,2,22,38,32,7,5,55,41,14,0,25,63,39,54,3,18,53,57,6,31,50,45,8,24,62,4,36,9
3,50,42,22,17,15,53,61,8,4,18,52,29,27,19,41,35,16,31,33,34,48,21,0,1,12,46,28,49,43,30,26,10,58,54,39,38,5,7,51,57,20,40,62,60,55,36,44,32,6,24,59,14,45,23,25,11,47,63,56,13,37,9,2
55,30,19,33,3,15,8,38,43,13,17,23,31,37,14,42,48,11,21,46,25,45,52,62,20,58,56,50,35,27,51,5,29,34,7,16,54,18,61,39,63,41,6,9,44,28,10,24,57,4,2,47,59,26,22,49,60,36,12,0,1,32,40,53
48,41,7,56,46,43,32,40,16,53,27,10,52,13,14,30,49,58,63,47,38,21,55,1,3,44,51,54,6,36,22,23,61,8,50,9,57,20,33,4,12,15,34,18,37,42,2,0,62,5,45,25,28,24,59,11,26,31,35,29,17,19,60,39
60,46,14,6,33,54,12,49,2,32,24,50,0,4,39,57,37,59,47,48,25,28,29,20,41,61,62,26,40,36,44,5,30,17,15,27,3,35,10,9,53,42,45,38,52,34,23,56,8,31,55,7,13,21,18,19,16,11,1,22,58,63,43,51
45,26,56,2,40,39,13,46,32,63,37,22,38,18,1,62,12,41,3,0,10,34,43,15,30,61,53,50,19,33,54,31,23,60,47,44,48,16,17,5,21,9,8,42,11,28,24,25,52,59,4,7,14,51,6,58,29,35,55,36,27,49,57,20
16,23,21,39,63,5,52,30,48,32,53,45,36,6,46,57,27,61,24,42,1,26,9,38,41,44,43,14,7,31,29,20,58,40,51,10,33,35,19,56,47,0,2,55,28,50,17,49,11,18,15,4,12,54,3,37,34,13,22,60,8,59,62,25
49,8,42,43,28,18,11,62,29,30,26,58,35,10,22,33,34,51,20,55,3,57,2,46,32,61,31,24,54,40,63,23,0,56,36,44,60,53,16,19,21,39,48,17,14,27,52,59,25,9,6,1,15,37,5,38,4,12,7,13,45,50,47,41
63,37,40,51,49,20,11,35,17,9,12,36,62,0,5,3,47,45,44,39,19,23,30,43,33,24,58,28,14,15,46,27,13,52,18,34,21,50,8,6,31,25,54,53,61,60,1,41,2,32,56,57,55,10,26,42,48,22,38,59,7,16,4,29
23,51,8,61,30,41,35,47,34,57,40,2,6,9,17,31,54,12,11,46,5,24,59,28,56,55,48,42,36,0,22,38,4,14,1,13,10,21,15,26,16,18,62,20,63,58,45,43,32,33,19,44,27,52,60,7,50,37,25,49,3,39,29,53
44,8,22,25,45,57,35,21,26,23,62,2,20,6,37,43,17,15,31,3,40,58,0,32,46,54,42,47,18,4,33,34,12,10,1,5,51,30,14,7,52,24,63,59,27,61,16,36,41,29,49,19,55,39,11,56,53,13,28,48,38,9,50,60
17,55,1,2,53,3,60,32,22,48,13,16,8,34,54,23,33,31,14,9,42,61,18,27,47,44,38,5,59,19,62,58,50,30,46,10,37,63,35,57,43,41,4,45,52,20,51,0,15,29,40,7,26,25,11,21,28,24,12,49,6,39,36,56
42,60,8,34,27,3,16,54,62,25,32,41,35,24,10,55,63,30,26,2,52,13,17,9,58,61,5,36,29,43,18,57,21,33,23,1,6,48,44,15,59,20,28,50,4,31,7,40,0,39,47,56,45,53,12,51,14,49,19,11,22,46,37,38
10,13,12,60,55,53,46,35,44,29,15,25,22,1,52,8,43,18,56,62,4,59,31,21,48,37,9,17,40,28,34,50,23,51,42,16,30,41,38,24,20,27,3,39,61,11,36,45,54,2,5,47,6,58,33,7,32,14,57,63,26,0,49,19
31,23,41,9,50,44,59,11,46,63,57,30,12,32,35,60,43,52,14,55,47,39,48,56,5,34,10,24,58,0,21,45,42,36,29,18,51,19,28,7,20,16,38,1,2,15,49,6,61,3,53,62,17,25,4,26,37,22,33,27,8,54,40,13
50,39,24,15,13,44,53,0,28,11,49,32,55,48,30,5,20,19,38,43,59,4,2,22,16,18,7,41,23,10,63,40,17,42,62,36,14,37,34,25,60,29,57,35,52,26,6,61,56,3,58,9,8,54,21,31,46,51,12,27,33,45,47,1
17,42,55,46,9,41,5,18,27,39,51,61,0,44,7,12,20,14,11,4,56,34,57,2,50,63,26,10,40,47,62,60,53,38,15,31,25,43,13,36,37,21,3,1,45,32,54,22,33,49,19,59,24,16,29,52,28,48,23,8,58,6,35,30
43,38,25,18,30,29,5,58,59,53,50,21,27,20,41,10,49,35,51,48,34,61,14,46,56,15,63,0,4,26,19,47,57,45,42,11,1,36,12,44,16,62,6,55,54,17,33,39,52,60,22,24,9,32,3,40,13,8,28,23,37,2,31,7
7,8,4,11,50,39,1,52,37,15,59,35,28,55,47,2,36,40,16,29,60,58,54,48,13,61,19,53,62,10,5,57,20,12,56,32,14,30,38,46,22,18,17,9,34,3,33,43,26,42,23,27,41,44,51,25,0,63,45,21,24,31,6,49
6,1,0,32,28,57,38,2,10,25,4,35,36,47,45,30,5,54,55,12,23,51,8,56,41,48,31,22,40,7,19,17,16,20,39,18,43,44,21,49,26,34,59,63,58,53,60,62,29,42,61,37,13,11,9,46,14,27,50,15,24,3,33,52
12,16,39,59,35,29,61,49,19,48,62,50,63,60,1,4,34,7,52,44,38,47,20,31,56,3,25,18,51,6,14,23,2,22,0,15,46,11,53,43,17,54,32,42,55,37,8,45,33,9,57,58,40,5,30,28,13,27,26,36,10,41,21,24
39,61,15,56,53,47,13,10,40,5,7,27,20,6,62,16,30,41,17,11,44,31,63,14,60,32,18,38,1,57,35,45,0,12,23,46,21,28,58,42,49,54,50,48,2,25,29,3,4,19,33,55,59,8,24,36,37,22,43,52,26,51,9,34
23,13,0,2,19,51,38,22,4,59,50,52,29,5,58,25,18,24,57,60,16,26,21,39,6,49,9,30,56,3,28,46,27,55,43,63,8,36,41,20,42,31,53,40,35,12,33,61,54,10,34,1,15,17,44,7,62,37,32,14,47,45,11,48
40,5,16,2,9,20,44,54,24,4,11,57,38,23,50,62,6,52,27,30,63,18,0,45,36,34,61,13,53,14,35,48,12,3,39,19,25,17,37,49,59,28,41,31,15,10,55,21,8,22,26,60,32,7,51,1,46,47,42,33,43,56,58,29
9,56,61,46,31,16,57,43,1,41,14,4,52,55,13,63,12,37,36,48,50,49,0,15,54,3,23,28,60,58,2,27,38,18,47,17,42,33,20,19,11,39,6,5,53,7,8,34,10,21,40,25,45,44,26,30,29,62,22,51,59,32,35,24
39,22,9,60,29,57,5,44,56,59,1,3,31,14,32,27,33,30,51,43,40,58,54,42,35,17,11,4,55,36,8,18,37,63,16,53,21,26,13,10,62,47,19,20,15,6,41,12,7,2,0,38,50,49,52,25,46,24,48,23,61,28,45,34
33,57,16,38,36,6,9,54,63,39,25,41,21,30,58,10,0,45,44,59,60,8,4,53,48,13,26,14,61,46,50,47,3,56,11,27,32,34,22,23,20,17,2,40,15,24,55,49,51,1,35,42,28,19,7,43,37,18,52,29,5,31,12,62
18,50,2,27,40,23,17,42,33,38,39,56,5,9,37,4,22,15,48,59,26,53,36,30,47,45,8,63,12,28,24,55,25,62,58,61,57,19,60,34,44,0,31,6,52,13,10,46,41,16,11,14,1,35,3,51,20,54,49,21,32,29,7,43
7,4,35,25,13,57,44,49,34,31,16,19,51,37,8,56,12,21,10,22,39,3,60,45,42,36,63,62,41,17,29,33,30,52,38,46,54,20,50,6,0,1,59,58,55,15,61,48,27,11,43,5,32,23,9,28,18,24,14,40,2,53,26,47
22,13,1,63,6,29,16,10,44,56,9,61,59,4,18,37,0,41,24,60,34,54,20,28,57,30,33,19,31,43,7,39,53,46,11,8,62,42,52,38,40,55,2,36,14,5,32,23,12,26,45,58,17,48,25,21,47,3,27,49,51,35,15,50
62,15,61,18,6,8,13,63,32,5,29,28,19,42,49,40,36,45,38,47,24,30,7,21,41,1,44,9,27,2,25,12,35,51,54,39,23,33,14,3,57,4,22,60,55,53,58,20,43,52,48,10,56,26,0,34,16,17,37,50,59,11,46,31
62,14,0,4,61,35,44,33,3,50,9,31,45,57,36,53,22,48,23,37,19,42,51,43,58,29,2,49,38,6,13,54,55,63,26,18,34,47,60,30,5,11,40,21,28,15,27,52,24,59,39,10,32,7,8,16,20,56,25,41,17,1,12,46
47,53,2,50,18,58,40,34,16,6,12,56,29,52,17,27,33,59,57,20,46,31,45,15,23,28,26,3,62,8,22,5,32,39,63,42,48,43,21,30,9,14,38,49,10,35,54,0,13,55,4,1,60,37,24,36,51,19,41,44,25,11,61,7
2,40,46,5,23,55,59,37,16,35,44,14,48,62,25,36,7,39,12,38,54,21,10,63,0,30,49,1,20,32,43,15,27,17,42,57,50,47,24,28,61,33,3,11,6,53,31,8,60,34,58,26,4,56,9,13,41,19,29,45,52,18,22,51
32,27,9,41,37,15,31,58,54,5,52,0,40,61,23,13,12,63,42,60,56,44,43,21,55,47,11,10,8,29,26,25,2,48,17,53,45,14,51,39,18,22,7,35,50,20,34,3,46,28,59,6,36,1,49,33,16,30,4,57,62,24,19,38
63,54,53,13,6,10,4,36,44,40,47,25,38,61,15,49,7,50,35,29,55,51,59,27,9,60,30,12,28,16,39,3,41,21,18,48,2,57,31,32,0,34,22,42,5,14,26,11,62,43,19,52,17,56,58,37,23,33,46,24,8,20,45,1
22,58,16,61,56,20,11,18,31,47,51,10,63,60,2,40,59,3,49,5,29,8,4,7,14,19,46,23,0,17,54,33,26,44,41,34,1,6,28,13,21,27,32,45,42,48,35,62,9,25,12,55,53,30,39,38,15,43,36,50,57,37,24,52
39,15,50,32,26,2,29,3,60,42,55,59,1,57,20,34,36,52,11,43,25,53,51,46,6,30,8,63,41,9,24,18,17,10,33,12,58,40,38,5,14,54,23,44,27,21,56,31,16,4,19,62,0,47,22,45,35,7,61,28,48,49,13,37
57,32,41,25,63,0,14,38,58,11,29,2,43,22,5,35,34,21,37,50,19,3,33,15,39,23,30,31,27,46,13,4,45,17,18,47,26,44,55,54,8,9,7,56,52,24,36,51,28,53,6,1,12,16,60,42,62,40,20,49,59,48,10,61
60,28,57,39,56,15,16,18,6,41,17,10,12,63,44,61,51,33,27,5,22,46,54,24,55,3,13,34,36,23,0,47,49,1,45,19,32,20,21,58,53,30,26,7,9,48,62,52,42,40,4,11,35,59,37,14,31,38,29,25,50,43,8,2
20,49,28,18,43,38,25,39,55,21,51,3,46,16,47,10,6,5,30,62,42,17,1,36,19,24,32,9,11,13,0,60,59,52,29,54,15,58,7,44,33,41,34,27,31,35,56,48,12,8,45,63,53,22,4,57,2,37,50,61,14,23,40,26
26,0,2,38,16,43,42,52,14,12,17,4,15,63,57,20,40,51,18,11,7,34,50,32,1,36,54,25,19,9,59,5,58,41,27,22,37,29,13,21,3,33,49,60,55,44,35,61,6,62,47,53,39,30,45,10,24,48,23,31,8,56,28,46
5,33,7,9,48,11,61,57,10,36,18,46,29,28,39,43,20,19,12,56,25,53,13,15,22,60,59,17,23,38,21,16,4,49,45,30,35,40,52,32,24,2,62,1,26,41,3,54,27,31,14,50,37,47,51,55,42,63,58,0,8,34,6,44
32,17,20,9,56,43,35,29,0,26,46,50,57,55,31,16,4,44,53,28,15,39,18,3,10,19,52,30,38,41,45,5,14,2,60,48,42,36,25,13,59,12,63,34,27,40,7,21,51,37,61,8,33,11,22,23,62,47,49,54,6,24,1,58
16,62,60,0,47,4,41,28,56,23,42,14,33,17,58,31,55,34,26,38,52,5,59,40,25,61,53,15,37,1,44,7,43,63,54,30,21,46,39,45,32,50,57,19,24,22,27,49,2,35,51,18,6,48,13,11,36,20,8,29,3,12,10,9
3,16,36,24,27,8,13,0,35,38,2,20,7,59,30,54,37,49,60,12,61,28,51,11,57,5,63,45,62,47,55,4,48,44,56,18,39,26,19,46,1,17,42,53,15,14,10,50,23,32,25,21,22,6,40,52,34,31,41,33,9,29,58,43
53,35,31,44,17,10,49,40,4,29,36,54,19,3,38,55,18,57,52,28,0,16,22,13,37,11,5,23,2,32,34,21,48,61,41,39,42,63,43,56,50,62,30,9,26,25,47,24,6,59,46,33,1,27,7,45,51,8,58,12,20,14,15,60
42,63,3,59,35,32,11,47,62,12,23,17,21,13,6,40,36,5,41,45,58,28,48,0,24,57,29,22,51,55,18,52,33,26,2,7,8,30,56,44,50,60,20,9,37,4,61,27,1,31,38,34,25,15,53,39,10,14,16,46,54,49,19,43
10,49,56,27,26,36,2,32,30,62,38,7,35,40,19,3,29,47,23,0,59,8,16,24,63,11,17,4,14,12,34,61,44,46,50,37,18,42,58,22,45,25,31,21,5,52,6,15,54,48,51,53,9,13,60,41,33,55,20,1,43,39,57,28
60,28,44,3,53,39,26,45,7,52,9,63,11,13,0,58,57,2,10,31,54,61,8,33,62,20,15,47,22,12,6,35,51,55,40,41,1,4,37,17,48,46,21,27,43,19,16,56,29,49,59,30,36,32,42,5,25,34,50,14,18,23,38,24
8,23,0,43,60,15,44,14,34,1,5,12,53,11,19,54,49,3,25,31,40,45,10,7,32,56,58,37,41,51,17,6,21,30,55,62,38,2,27,42,52,26,16,39,22,13,18,50,57,63,47,20,48,24,36,35,59,4,33,61,9,28,46,29
24,9,3,5,45,34,0,47,48,18,43,13,15,1,7,52,57,62,46,20,28,31,40,41,53,8,10,35,25,23,17,6,14,2,27,54,37,12,33,26,4,61,59,19,51,42,39,55,11,21,56,58,16,50,38,22,29,60,36,44,49,32,30,63
10,61,7,35,48,5,60,43,40,45,46,27,38,53,14,62,58,23,32,34,12,22,30,51,55,11,21,24,47,29,9,44,20,8,0,15,39,57,1,37,50,36,41,31,42,2,17,16,25,13,33,56,63,4,18,3,52,19,26,6,54,28,59,49
41,34,61,22,36,49,12,24,2,46,55,30,15,50,25,9,19,57,29,54,48,0,38,18,23,16,8,39,63,3,4,43,1,60,13,6,47,58,35,32,62,11,42,33,21,20,44,51,52,59,53,45,5,37,40,31,26,56,27,17,14,28,7,10
37,19,33,11,3,45,16,53,41,18,17,43,10,63,12,57,13,54,40,42,30,2,32,39,46,29,56,60,6,28,26,4,59,8,52,51,61,44,27,49,21,14,7,1,47,22,55,15,24,50,62,36,58,9,48,0,31,25,5,38,20,23,34,35
25,16,9,32,2,31,23,21,58,18,10,49,42,29,37,8,53,6,56,46,35,39,5,17,47,38,27,11,30,63,48,41,40,4,51,1,13,43,44,50,60,14,52,61,22,62,36,28,45,26,24,54,12,3,20,19,7,33,57,55,59,34,0,15
46,22,31,58,15,3,13,57,48,37,53,26,0,11,5,2,61,1,27,12,7,19,38,39,63,29,40,55,33,9,8,62,54,35,16,49,59,28,18,43,45,17,41,52,23,32,21,6,34,36,56,50,42,30,60,25,10,14,47,51,20,24,44,4
7,32,21,4,60,1,9,33,26,44,23,47,10,54,24,28,30,13,15,20,16,53,40,41,43,59,55,48,11,12,6,17,5,0,3,35,57,61,36,62,8,49,22,38,18,2,31,52,37,46,34,27,51,50,56,29,19,58,39,25,45,14,42,63
11,43,54,13,63,52,26,57,49,20,58,39,44,1,40,28,42,23,19,51,14,21,36,31,46,12,25,27,7,16,15,41,5,32,6,33,22,60,59,24,50,9,2,37,30,45,10,38,17,35,48,62,0,47,8,61,55,4,29,18,53,56,34,3
8,5,7,49,0,48,16,2,47,19,45,59,17,33,43,32,58,54,63,41,29,20,23,31,15,56,38,61,40,57,24,37,53,44,27,10,39,12,62,30,51,28,35,11,6,1,26,4,13,14,50,21,3,42,22,36,25,18,60,46,52,9,34,55
11,55,37,49,21,41,44,0,31,14,33,58,38,52,15,53,32,19,28,18,63,45,16,12,7,6,24,23,59,26,43,27,54,61,34,8,46,51,60,56,47,10,57,40,36,1,29,5,3,17,50,48,62,39,22,4,30,25,42,20,2,9,13,35
8,52,6,11,36,31,18,41,12,29,55,21,4,54,2,61,9,40,42,37,58,62,14,30,45,5,24,63,50,0,46,47,17,60,53,44,35,34,48,16,23,56,28,1,43,13,33,51,57,39,19,32,49,15,20,59,22,10,26,27,7,38,3,25
21,49,7,53,0,41,11,46,9,59,19,8,33,3,35,37,44,31,13,25,17,4,14,22,29,23,42,57,52,18,24,16,20,10,54,28,45,6,1,60,48,36,47,5,34,58,40,12,30,56,15,61,39,43,32,62,26,50,38,2,27,51,63,55
22,24,50,53,13,0,7,63,8,16,33,39,44,5,47,62,19,45,37,38,31,28,34,11,20,30,29,21,26,23,55,59,60,57,18,4,15,36,51,27,9,25,40,3,41,35,10,48,54,49,14,58,52,46,61,56,32,42,2,17,43,12,1,6
19,42,4,57,46,63,32,53,25,58,9,35,34,3,24,31,21,33,15,44,55,49,17,52,40,38,56,43,51,27,48,6,30,45,22,20,7,10,41,12,18,28,47,29,0,1,37,16,8,5,14,39,36,13,61,11,54,50,26,60,62,2,59,23
52,38,56,11,53,24,18,1,42,31,46,28,29,34,21,51,60,39,58,10,3,33,20,12,5,49,61,26,8,25,6,36,40,17,30,41,15,59,14,13,50,9,62,57,45,48,54,7,2,19,32,0,55,35,23,4,43,63,37,22,47,27,44,16
37,16,5,20,7,61,1,46,43,10,2,27,51,63,55,22,33,29,6,15,4,17,18,40,30,44,58,34,26,9,56,25,28,45,8,57,12,13,23,32,39,60,36,50,47,54,35,59,49,0,24,31,48,52,62,3,19,21,11,41,14,38,53,42
37,24,8,51,30,2,9,19,18,32,63,54,11,52,27,47,57,44,7,29,31,42,62,6,25,35,22,13,5,41,46,23,49,43,20,56,40,33,28,26,36,3,0,50,55,12,17,58,1,39,48,45,59,53,61,15,16,4,21,34,10,38,60,14
36,11,59,22,24,49,5,43,37,18,57,28,16,52,19,12,7,39,45,4,29,61,26,6,38,1,30,40,54,58,8,2,9,31,32,48,50,34,20,13,35,10,15,47,27,14,51,56,62,63,17,55,33,23,21,3,41,25,0,46,42,44,60,53
42,13,43,28,34,6,2,8,25,51,52,30,57,62,1,36,59,12,16,61,33,40,9,55,41,29,22,20,21,23,45,19,44,58,26,35,15,11,54,47,63,0,7,50,24,60,46,37,4,18,3,32,48,53,39,27,5,38,17,49,14,10,56,31
63,48,17,38,6,47,36,33,23,3,13,5,51,52,9,41,39,19,56,27,16,57,11,50,20,61,4,46,34,45,53,32,58,40,2,26,7,1,31,54,49,14,44,29,18,22,59,15,28,55,35,42,43,60,21,24,8,25,30,37,0,62,10,12
41,62,28,12,61,57,35,18,63,24,49,31,10,21,4,46,38,22,34,40,32,54,59,3,58,52,9,30,51,33,17,37,29,25,53,6,44,2,39,23,14,48,1,60,7,8,15,45,13,36,0,19,50,26,5,16,55,56,43,20,27,42,11,47
13,21,50,45,16,10,54,35,52,58,57,9,49,55,47,17,5,36,0,44,22,4,3,6,18,63,31,26,46,1,41,11,33,19,61,29,56,42,48,12,37,20,27,53,39,14,24,32,2,59,43,23,25,34,40,62,30,8,60,15,38,7,28,51
32,20,36,11,14,7,41,10,63,44,25,26,45,49,15,31,50,46,35,56,9,22,55,47,40,23,61,42,24,57,6,51,60,12,0,34,30,37,5,8,29,28,4,18,54,19,38,39,53,33,48,43,13,58,59,52,62,21,16,27,17,2,1,3
9,11,53,40,59,62,46,43,23,28,31,7,57,13,14,55,34,48,42,4,2,27,37,25,51,24,61,26,52,29,56,44,15,58,35,38,10,30,21,18,45,49,41,6,3,20,16,1,19,54,47,36,60,32,50,39,0,33,63,5,17,12,8,22
48,57,33,45,19,18,42,56,10,31,36,58,59,23,55,0,30,34,61,11,1,52,41,4,51,3,63,50,2,6,12,29,32,47,9,53,62,40,8,44,21,5,25,14,26,37,17,7,20,43,38,22,24,13,39,15,27,49,60,46,54,28,16,35
54,5,50,46,62,3,27,1,56,8,42,13,47,48,63,61,49,52,21,59,25,14,51,57,9,19,43,24,6,26,12,45,20,53,22,0,58,23,31,7,35,10,11,34,36,39,37,16,2,41,4,18,30,33,44,60,32,29,40,55,28,17,15,38
18,10,32,41,59,45,40,46,24,5,31,26,6,49,53,0,22,34,62,20,14,55,16,44,47,35,1,23,4,50,21,60,38,28,48,17,19,63,43,3,42,11,39,7,15,12,33,8,25,56,27,61,51,52,37,2,29,13,58,9,30,54,36,57
47,17,2,0,53,19,45,20,1,27,22,50,63,34,28,55,38,30,57,60,33,37,10,35,7,54,24,12,29,31,32,40,62,11,25,3,59,41,51,43,8,26,4,6,9,39,14,15,21,52,48,5,36,44,56,18,42,16,13,23,46,58,49,61
33,49,30,63,9,31,55,37,3,2,43,14,6,40,24,29,60,59,27,17,57,10,32,44,18,0,51,54,19,8,23,36,35,56,46,5,45,22,21,28,15,25,58,7,12,52,41,62,39,34,26,20,50,1,53,61,16,11,42,13,47,48,38,4
3,45,21,41,33,48,46,30,62,26,27,37,49,58,60,18,47,56,36,9,57,10,61,7,40,6,63,51,44,12,8,15,13,11,4,38,17,42,25,32,54,50,0,2,19,59,31,23,43,22,5,34,52,14,29,55,53,35,1,16,39,20,24,28
39,11,56,34,48,47,58,55,30,25,23,46,57,62,35,21,8,53,7,43,33,6,3,31,49,63,1,61,60,9,28,10,14,29,18,20,32,12,38,19,5,0,45,15,4,13,50,40,22,36,26,44,37,42,54,51,16,17,24,52,41,59,2,27
57,62,11,47,18,7,42,31,14,20,23,63,48,58,21,22,60,0,61,35,51,46,25,44,9,29,36,27,3,19,10,4,54,17,34,13,15,28,56,30,41,39,55,43,38,6,49,50,24,40,59,32,8,52,37,1,26,53,2,5,45,12,16,33
46,7,33,62,25,20,37,35,56,29,61,19,11,63,36,38,26,3,58,42,44,0,43,22,40,2,41,32,16,9,51,57,48,17,24,39,13,12,28,8,30,10,31,21,59,55,6,27,54,60,4,45,14,34,15,50,1,47,49,52,53,5,23,18
13,0,26,52,9,32,12,22,51,1,60,6,59,54,61,31,45,49,33,17,36,63,37,15,41,38,47,35,8,53,56,3,48,21,5,20,42,43,57,55,27,14,44,62,58,28,19,40,11,18,50,2,46,39,7,16,25,30,34,10,23,29,24,4
35,27,5,45,36,42,18,8,51,58,15,9,59,24,53,54,12,11,23,30,21,55,62,16,52,4,28,1,57,6,31,49,56,14,3,60,41,22,19,20,0,46,40,48,32,39,44,13,26,50,10,38,47,61,2,29,63,43,34,25,33,17,37,7
53,28,27,55,9,33,56,8,44,38,15,17,39,63,23,58,36,42,1,3,2,62,43,40,25,10,47,60,20,52,26,41,57,13,46,34,16,24,11,48,37,49,54,35,12,7,31,21,30,51,50,61,19,45,6,5,14,18,29,4,59,0,32,22
39,15,11,56,35,22,31,32,36,44,63,12,41,0,50,8,25,34,42,5,55,28,49,20,45,18,37,13,40,46,3,38,26,2,57,51,24,16,29,59,53,17,43,30,21,62,9,52,19,61,47,33,54,1,60,58,14,48,23,6,10,4,7,27
33,4,11,53,21,61,22,28,63,56,40,12,50,13,27,1,24,42,20,10,41,39,5,47,58,2,38,45,0,52,25,9,60,48,7,35,59,37,34,17,57,30,49,6,3,8,62,14,31,55,15,18,29,19,43,16,46,23,44,32,54,26,51,36
21,14,0,32,43,3,10,62,33,15,9,24,23,6,53,31,50,60,5,47,42,39,16,1,45,41,34,13,51,63,57,30,48,40,58,46,38,37,7,55,61,36,2,8,27,35,25,52,17,54,59,18,44,20,49,11,56,28,26,12,22,29,4,19
9,25,26,37,14,4,27,61,33,54,19,38,58,42,59,24,16,15,47,12,31,32,56,48,44,1,43,39,10,17,21,30,46,62,57,29,22,41,13,2,52,63,6,60,51,45,23,3,7,34,53,49,8,55,20,40,36,50,18,11,5,0,35,28
35,47,63,51,55,18,61,26,8,19,33,49,22,37,7,62,13,46,11,48,24,12,1,56,20,10,45,5,44,14,52,50,57,29,9,41,2,54,31,23,39,42,38,53,36,4,15,6,3,30,16,28,32,21,25,40,59,17,60,27,0,34,43,58
25,15,26,13,2,19,7,11,9,3,34,44,50,57,48,6,35,47,58,10,22,53,21,8,37,39,27,32,60,1,51,14,46,38,4,23,36,40,55,31,49,61,5,17,45,59,20,16,63,62,18,30,33,42,28,29,24,52,12,56,0,41,54,43
35,3,56,40,2,29,10,49,20,18,25,44,55,42,62,21,41,14,27,15,23,48,8,51,54,4,38,60,7,13,63,33,9,43,0,34,28,17,39,16,11,22,26,58,46,36,37,59,1,57,52,24,19,45,47,30,61,32,6,12,50,31,5,53
35,57,14,41,29,28,62,10,2,58,60,52,44,34,61,3,1,6,27,63,48,45,30,25,19,9,18,24,43,5,8,49,7,0,39,4,37,40,32,20,17,21,15,22,11,12,51,26,59,33,56,38,13,16,23,54,50,47,31,42,53,46,55,36
25,23,40,11,53,57,48,9,44,29,55,17,24,37,4,60,47,62,28,22,36,38,46,26,3,16,56,14,32,50,34,42,13,30,10,31,39,8,58,61,18,6,21,33,20,51,59,5,27,12,7,15,0,41,2,63,35,1,45,52,54,49,19,43
32,34,46,49,0,59,47,29,19,3,10,60,44,55,27,45,48,20,57,21,63,18,23,35,41,4,8,33,61,52,36,24,30,37,25,43,51,22,38,39,5,7,62,50,2,54,40,16,11,12,14,13,26,58,6,17,42,1,15,9,53,56,28,31
49,10,56,2,24,59,29,35,36,45,40,61,31,42,3,27,5,17,32,38,12,43,47,53,63,7,34,4,44,19,39,54,1,22,28,60,57,62,20,6,26,37,48,23,41,11,13,51,15,18,52,30,55,16,58,33,8,25,50,0,46,9,14,21
11,7,41,16,57,19,62,40,25,38,1,26,59,5,4,63,60,42,10,47,12,15,3,14,51,39,52,56,8,37,53,18,48,58,27,36,21,20,9,28,13,50,24,6,55,31,17,34,33,44,46,49,32,30,22,43,54,35,2,61,23,0,45,29
61,21,51,23,36,2,27,32,15,34,38,56,40,17,6,60,47,26,8,29,14,59,55,46,19,48,30,9,11,57,52,0,42,62,54,3,4,10,1,43,33,35,28,18,25,63,39,22,58,53,24,31,37,16,12,50,45,13,7,49,44,41,5,20
8,16,10,13,22,53,28,31,30,48,5,29,40,4,45,17,51,0,23,60,2,1,49,34,50,55,7,9,14,35,25,3,33,47,12,24,21,38,6,15,37,42,27,39,63,41,36,32,18,54,20,11,19,57,46,58,62,56,44,52,59,43,61,26
0,15,40,38,48,35,54,58,32,24,34,59,44,57,9,22,33,52,36,61,29,62,11,4,37,45,8,49,1,12,19,50,18,47,30,23,41,26,43,31,21,5,6,7,20,10,63,60,13,55,56,42,27,16,46,2,17,39,3,14,53,25,28,51
15,51,39,6,0,10,56,2,44,52,62,7,23,3,18,30,53,12,45,13,35,31,40,8,24,26,33,36,61,20,27,1,43,34,25,41,47,49,5,58,17,22,48,63,46,59,57,11,19,38,16,54,42,32,14,4,50,60,37,55,21,9,29,28
63,26,8,51,46,42,57,28,12,25,30,9,38,35,44,39,22,11,1,59,45,49,54,7,56,41,60,32,37,53,6,31,10,55,21,29,0,34,15,62,2,19,48,36,14,4,17,16,24,23,3,50,18,27,52,40,58,61,5,33,43,47,20,13
54,28,52,21,38,5,30,60,44,61,39,31,17,47,10,37,1,32,50,41,15,19,8,2,62,48,7,24,56,26,13,45,23,36,46,63,3,16,20,42,12,11,0,29,58,18,4,27,53,49,51,57,43,35,34,59,6,33,40,22,14,55,9,25
33,3,51,42,23,2,50,63,13,20,41,53,8,7,30,0,58,4,32,16,11,27,48,62,44,5,6,31,1,10,35,12,26,60,28,37,43,57,38,29,25,52,47,55,22,9,19,59,21,46,54,18,61,14,17,34,45,39,56,15,36,40,49,24
20,8,33,60,37,40,28,12,6,46,13,26,63,32,59,9,3,61,57,22,1,56,41,52,36,14,62,29,0,4,38,16,42,27,34,19,54,24,11,2,23,50,15,10,21,39,53,35,55,25,43,51,45,17,44,30,47,48,7,5,18,58,31,49
14,2,47,51,62,29,36,25,22,41,6,54,9,19,43,57,11,42,12,38,18,60,35,45,15,55,0,8,23,63,39,1,13,52,48,4,10,50,21,44,24,26,40,30,61,17,34,37,5,7,16,20,56,32,46,3,27,33,58,59,49,31,53,28
13,55,36,47,52,18,3,48,8,58,20,11,53,44,16,35,54,31,22,27,32,0,10,57,17,6,59,40,34,61,19,1,41,15,21,30,45,50,62,23,7,28,37,46,29,56,12,2,24,42,9,60,14,5,39,43,33,25,38,26,51,49,4,63
57,22,4,20,41,3,50,42,31,37,43,34,46,58,14,59,39,52,49,25,61,8,18,13,55,10,56,7,6,60,27,19,24,23,40,16,0,38,32,17,33,36,63,9,30,11,44,5,1,2,54,12,47,48,35,51,62,53,21,15,29,26,28,45
4,26,62,23,52,50,10,53,51,15,56,49,7,17,45,58,61,47,43,44,36,54,16,18,2,25,24,6,13,37,1,29,57,9,35,30,41,33,46,21,19,42,31,59,34,5,63,40,39,27,20,48,22,14,38,60,11,0,8,3,12,28,55,32
59,50,34,15,16,24,28,52,17,60,57,33,22,49,13,55,53,7,8,47,18,4,10,43,27,20,40,3,1,46,19,12,48,36,35,31,63,39,11,44,42,45,21,14,61,58,38,0,56,54,2,29,37,9,6,51,41,23,62,32,26,5,30,25
14,32,48,8,63,27,1,31,51,10,19,44,46,11,26,5,50,36,25,35,56,34,9,2,30,22,33,28,0,6,20,24,23,12,7,40,47,43,16,53,39,29,45,15,62,18,49,37,13,21,61,52,58,42,4,55,60,38,3,54,17,57,41,59
22,20,24,21,49,62,57,43,61,1,34,31,10,27,46,32,2,25,28,12,35,50,9,33,40,14,3,17,58,60,54,53,18,23,16,52,51,47,59,5,6,19,42,26,38,30,44,45,29,41,37,56,8,48,36,4,7,39,55,11,13,0,15,63
36,13,12,34,56,7,55,44,41,6,49,31,47,58,25,19,57,63,61,30,27,2,62,18,21,43,14,24,4,52,17,29,37,0,28,51,35,20,59,60,11,8,50,48,3,39,38,10,9,53,22,46,40,5,16,15,33,54,32,26,45,1,23,42
30,0,28,24,16,44,19,56,55,11,49,35,54,43,60,9,20,61,18,36,7,23,59,22,4,42,57,27,37,45,8,51,63,1,62,52,47,13,53,12,29,10,17,40,38,14,46,26,32,33,39,58,50,21,31,48,41,3,2,6,34,25,5,15
48,50,56,36,37,33,49,13,4,1,26,30,15,23,2,5,0,40,57,16,61,24,63,38,53,6,39,12,55,9,20,31,22,32,51,27,19,14,46,52,35,45,29,18,10,59,41,44,47,62,42,8,21,17,28,3,25,60,11,34,58,7,43,54
27,32,48,39,13,9,47,44,56,26,43,12,37,36,34,18,1,33,42,7,6,3,57,38,4,40,5,25,8,22,59,62,46,19,31,0,63,55,14,15,51,60,28,52,24,2,35,61,21,53,16,23,54,11,50,20,30,58,45,17,49,29,41,10
54,32,63,19,44,38,49,42,20,18,58,0,31,21,8,56,22,27,13,6,24,55,46,2,39,28,59,40,50,37,61,12,62,1,30,23,33,14,7,29,25,3,47,36,15,60,41,45,51,5,48,57,53,17,16,9,10,43,4,52,34,35,11,26
57,59,63,2,28,17,10,47,36,37,19,52,56,44,60,16,15,45,55,20,48,42,61,1,26,62,35,0,7,43,4,38,51,39,22,40,29,54,46,53,13,21,50,31,33,24,27,18,41,11,5,30,8,58,23,9,32,3,6,49,14,25,34,12
6,47,56,13,49,30,22,24,1,5,41,34,43,20,10,18,14,23,28,0,62,3,42,25,17,31,54,27,58,21,36,26,38,57,11,16,29,8,59,45,4,33,40,48,15,32,52,60,12,63,44,35,39,53,46,51,61,2,19,55,50,7,37,9
44,27,60,37,12,56,46,9,63,5,35,25,47,34,24,33,28,7,53,26,36,32,49,57,14,11,40,4,17,15,2,59,38,50,42,8,21,58,30,62,18,39,3,10,43,51,16,48,23,61,22,54,52,45,41,19,55,31,0,20,13,29,1,6
61,10,21,58,22,63,5,36,54,40,3,49,47,44,12,29,18,7,30,51,60,48,53,45,23,9,33,8,26,39,1,56,43,50,55,62,52,24,11,35,4,16,15,38,57,25,34,19,31,32,27,14,13,41,46,6,20,28,17,59,42,37,0,2
54,30,42,1,19,57,5,43,63,46,29,53,47,55,39,15,59,26,17,8,62,22,40,10,60,20,25,4,38,58,16,37,50,21,23,28,12,51,3,32,27,9,0,24,56,7,52,36,18,61,41,2,49,33,14,44,45,13,6,31,11,35,48,34
49,35,21,4,36,22,58,25,18,10,15,14,59,16,32,2,26,17,60,62,44,20,30,54,43,61,19,53,33,55,5,0,12,28,41,13,47,34,27,48,7,39,50,23,6,3,38,24,42,31,57,46,51,8,37,45,63,52,1,29,9,56,40,11
23,26,37,62,6,17,33,50,29,7,9,4,15,60,63,59,14,11,58,51,24,5,55,49,45,36,3,34,31,20,22,38,2,40,16,10,12,27,0,47,52,41,54,44,35,8,61,39,43,28,30,57,48,1,42,13,32,18,53,25,56,46,19,21
11,7,53,18,26,19,61,59,39,15,41,42,43,10,0,45,60,8,32,17,1,27,49,44,47,20,36,13,30,9,46,54,6,56,57,4,12,35,25,22,21,14,16,58,50,40,23,62,38,28,33,5,52,34,31,48,55,51,2,3,29,37,24,63
2,15,31,14,30,13,12,17,1,59,55,62,38,51,54,9,49,20,28,60,23,56,34,25,61,32,47,33,10,41,39,24,7,6,21,53,57,5,11,4,16,26,45,3,36,43,0,19,63,52,50,48,8,42,58,18,44,35,40,29,22,46,37,27
2,23,59,26,41,52,38,34,0,36,40,58,3,27,51,62,50,44,10,15,8,54,43,13,16,63,53,32,55,20,28,48,18,7,46,11,24,17,45,29,4,37,6,22,9,35,47,33,57,1,25,14,19,60,42,5,30,39,21,61,56,12,49,31
33,40,42,56,59,6,38,39,10,5,51,57,18,13,63,11,35,20,36,9,23,30,49,21,1,7,47,62,25,54,17,27,52,14,46,53,60,0,19,12,29,28,37,50,32,26,43,22,41,44,45,34,8,48,4,2,61,31,16,55,3,58,24,15
26,12,57,61,29,8,48,0,22,3,9,20,56,24,40,38,10,59,16,14,58,36,50,37,19,13,34,41,30,52,55,25,62,7,23,27,39,44,15,1,43,60,2,31,4,33,42,53,54,47,63,32,51,11,5,45,21,35,17,18,6,28,49,46
49,10,12,55,21,4,29,0,15,32,28,39,16,25,37,48,36,20,51,62,40,14,42,46,44,11,58,38,34,19,33,18,50,52,30,47,7,5,63,56,57,8,24,35,54,53,60,59,1,27,43,26,41,9,17,6,31,45,61,13,3,22,23,2
2,25,6,48,39,54,14,37,53,30,23,41,16,35,21,43,47,63,1,52,59,31,29,3,61,62,34,0,27,8,18,56,24,10,51,9,11,28,36,7,60,45,40,22,46,49,15,19,33,5,50,58,12,32,38,26,13,57,44,55,20,17,42,4
55,7,21,56,15,44,1,13,43,61,5,19,14,35,36,51,9,4,58,37,31,16,39,27,6,25,12,30,17,60,41,48,45,3,28,23,20,59,38,53,42,22,46,62,54,40,8,0,52,2,57,10,32,24,50,49,47,18,29,11,33,34,26,63
62,43,17,6,23,22,42,59,14,56,36,34,39,2,30,1,38,4,5,32,41,3,50,10,11,19,51,58,44,25,16,7,55,21,33,26,18,8,60,46,48,53,57,63,37,47,28,54,12,13,15,45,61,24,20,29,27,0,9,49,40,35,52,31
7,31,52,2,4,33,45,53,13,37,20,29,12,42,54,55,41,49,5,28,60,35,46,44,43,63,57,40,14,23,9,18,3,25,30,34,6,15,59,1,51,50,22,48,47,26,32,8,0,24,56,11,10,61,16,21,38,27,36,39,62,17,19,58
55,44,58,41,62,36,8,16,57,31,21,33,46,15,56,43,18,5,24,63,50,34,53,39,25,32,52,27,1,2,0,37,45,26,3,10,19,20,17,40,11,48,12,28,47,14,22,60,6,9,42,51,30,29,59,35,54,61,13,49,23,4,38,7
53,6,13,16,40,9,22,5,25,38,34,30,58,50,52,54,26,43,44,7,20,39,36,62,3,11,8,55,4,12,60,18,0,10,42,21,37,61,28,31,49,57,51,46,35,32,29,15,33,14,63,56,47,2,1,24,48,23,45,17,41,27,19,59
10,52,39,60,13,59,23,28,7,47,41,51,43,21,36,38,54,58,11,49,29,31,62,63,14,19,37,40,6,16,32,22,56,34,33,35,9,4,45,17,20,48,50,55,53,18,30,44,15,24,42,2,8,26,61,57,1,5,46,12,3,25,27,0
1,18,50,53,7,34,31,40,60,56,47,26,39,12,16,37,8,42,43,61,38,44,49,15,28,48,25,63,57,24,13,41,30,3,6,4,19,33,29,14,58,0,32,51,2,10,17,46,62,55,20,21,22,5,9,27,36,45,35,11,23,59,52,54
34,1,19,14,31,16,29,13,38,57,36,15,10,59,5,58,49,44,7,28,24,62,63,54,39,18,40,50,27,52,33,42,37,25,56,46,17,53,11,21,35,22,45,30,51,0,4,55,61,48,43,47,8,2,32,3,20,41,6,60,12,23,26,9
24,32,17,15,61,4,52,44,7,16,8,34,60,35,54,57,40,33,11,30,10,26,42,50,25,37,29,59,28,48,2,3,38,1,9,23,0,21,56,63,58,12,14,55,47,43,31,22,53,49,13,19,39,27,62,51,45,46,5,18,36,6,20,41
32,19,34,2,38,9,20,31,1,16,44,11,29,45,13,3,33,39,14,0,49,47,28,48,50,59,6,63,10,4,30,61,55,36,21,60,41,25,18,17,8,26,22,43,27,24,40,52,7,5,46,54,15,51,42,58,23,57,53,56,12,35,37,62
42,50,0,38,33,54,60,61,5,20,62,44,4,6,28,13,53,8,43,15,3,34,9,36,46,10,41,7,2,17,47,16,22,52,26,25,40,11,63,45,55,24,18,35,1,12,37,57,58,39,30,23,51,48,27,19,49,21,59,56,31,29,32,14
59,41,53,2,44,0,10,14,15,27,18,6,37,55,17,28,23,16,33,42,38,8,25,1,13,40,19,20,4,61,29,22,36,43,58,47,56,30,46,35,50,5,60,31,7,54,9,49,3,21,32,11,24,34,52,26,62,57,63,45,51,39,12,48
35,11,18,57,42,52,0,44,49,60,38,63,1,23,51,55,19,15,2,62,31,13,28,26,43,3,59,9,22,25,58,47,8,34,40,12,5,10,6,54,61,17,50,41,53,32,4,33,16,7,45,14,24,56,21,46,27,37,36,20,29,39,30,48
57,38,1,17,40,19,60,4,12,54,36,5,39,52,3,10,33,63,32,55,44,59,6,43,8,62,53,45,48,7,26,22,11,15,27,13,42,35,25,18,0,20,46,2,50,49,24,34,16,47,28,30,14,61,21,51,23,31,37,58,56,41,29,9
29,34,20,63,30,48,60,46,35,5,27,56,49,41,57,15,51,62,53,8,45,42,25,9,61,2,13,4,40,18,32,43,36,47,59,37,23,3,28,19,11,14,39,52,21,7,55,12,24,26,50,54,10,1,38,31,17,22,44,58,6,16,33,0
10,50,22,53,27,4,39,36,48,58,31,59,63,8,14,47,9,52,30,45,38,61,51,56,62,28,32,15,35,46,40,34,20,13,44,5,49,43,42,26,17,54,29,2,1,23,16,7,41,57,0,6,12,21,37,60,24,3,18,55,25,19,11,33
33,27,12,24,58,31,19,14,28,63,61,29,18,4,38,1,59,35,36,40,11,13,3,0,41,2,44,5,21,52,39,53,51,48,15,50,62,60,20,17,45,16,56,32,43,46,7,34,37,25,26,49,10,6,47,42,57,55,23,30,9,54,8,22
2,19,16,39,36,5,45,25,9,34,46,13,22,57,47,24,17,35,51,32,26,37,40,8,48,54,41,23,59,42,10,6,0,33,56,28,52,29,60,31,58,21,7,11,43,63,20,38,53,44,3,62,12,15,55,18,1,50,14,30,27,49,4,61
26,61,12,38,8,5,51,23,30,35,54,22,24,9,19,25,45,10,48,56,62,49,20,36,11,31,21,60,34,14,13,18,33,27,16,53,39,46,32,1,2,63,59,37,0,57,17,28,15,40,52,50,43,55,7,47,4,41,29,3,58,6,44,42
41,21,29,42,62,44,25,17,28,35,38,32,47,14,15,18,8,56,2,34,33,59,5,53,27,31,30,9,63,16,6,24,40,20,1,58,61,51,60,26,45,19,13,23,36,11,55,57,46,37,43,10,22,52,12,50,7,39,0,4,3,48,49,54
4,58,23,38,31,54,32,33,30,61,49,17,9,10,27,47,3,7,18,19,52,50,37,48,14,24,39,11,6,20,16,5,2,29,60,21,44,42,15,57,62,28,8,22,35,40,53,55,1,63,51,45,0,56,13,34,12,25,36,26,43,59,46,41
41,23,29,13,39,25,8,27,26,56,36,19,52,16,15,33,28,1,12,57,53,59,18,30,7,0,45,49,58,61,34,5,2,40,21,47,9,60,35,4,10,3,48,11,43,42,20,44,17,31,22,54,62,63,6,32,50,24,14,51,38,55,46,37
8,47,16,39,10,60,28,25,52,50,14,4,11,29,62,55,37,30,34,41,42,27,61,35,23,56,58,1,7,2,13,45,48,46,22,15,53,21,6,9,59,44,33,17,18,0,63,32,51,24,38,5,49,3,36,31,57,54,26,43,12,20,19,40
51,7,34,52,20,0,23,12,10,45,6,19,60,18,2,39,11,55,5,49,33,53,28,41,31,16,47,37,42,15,50,26,27,24,40,35,44,25,29,36,54,9,63,14,22,4,56,43,58,3,21,46,8,62,30,13,38,17,48,59,61,1,32,57
50,18,51,52,10,35,19,39,28,27,30,55,43,59,17,7,1,33,25,36,58,60,31,23,26,21,11,2,6,38,49,12,42,41,47,37,20,48,53,63,8,56,32,34,24,3,45,22,5,9,54,46,57,44,29,40,4,62,14,61,15,13,0,16
39,27,60,3,35,57,33,11,31,37,43,7,8,45,29,30,48,6,2,19,28,23,54,50,44,14,20,1,46,56,26,52,21,4,9,53,18,5,36,41,42,55,47,51,32,58,59,40,13,61,17,25,63,15,62,12,10,38,24,34,22,49,0,16
44,18,43,33,0,13,17,12,56,16,7,47,10,15,29,58,19,54,32,20,24,53,37,27,22,26,21,5,49,48,23,6,2,51,45,36,35,38,4,31,57,59,28,34,60,63,39,25,50,14,52,11,46,61,3,9,62,8,55,41,42,1,30,40
63,9,1,38,16,53,5,31,51,24,11,3,60,18,4,59,54,47,36,30,48,12,50,52,7,20,2,37,14,22,42,43,49,27,34,32,23,44,26,45,13,40,33,25,58,19,39,56,57,62,35,61,15,17,28,6,10,8,0,46,21,41,29,55
60,5,52,61,23,15,11,53,51,26,44,16,54,24,18,34,22,9,57,63,37,36,27,47,33,8,40,62,3,41,0,13,19,55,28,20,46,58,39,56,43,25,35,49,7,14,12,1,31,10,50,30,42,21,17,2,6,29,4,59,38,48,45,32
63,10,52,24,34,26,57,1,6,50,55,44,13,3,43,31,38,5,8,25,39,49,45,17,11,16,2,22,61,46,21,9,60,37,30,58,27,53,18,4,12,48,51,15,35,59,41,29,32,36,62,19,23,14,40,42,33,0,28,54,20,47,56,7
23,10,36,60,27,48,32,12,49,34,39,56,3,30,2,40,43,25,46,21,20,58,29,18,26,61,8,57,24,53,54,28,9,14,55,22,4,31,52,7,33,35,41,17,5,47,51,62,63,6,15,59,11,42,50,44,1,45,16,38,37,0,19,13
43,0,61,59,40,51,63,35,14,21,9,4,18,31,47,8,50,32,1,28,13,55,41,12,24,58,19,29,38,20,3,60,5,16,26,54,2,42,17,56,34,39,45,6,10,57,62,30,23,27,7,15,25,33,48,11,49,52,22,37,46,44,53,36
32,9,40,60,38,48,17,13,62,27,28,42,39,22,30,61,29,45,56,50,6,25,44,33,54,16,11,55,3,21,14,5,47,2,8,53,41,51,12,1,43,59,7,63,18,10,49,0,4,35,26,37,23,20,31,34,57,36,24,52,46,19,15,58
39,6,29,48,4,14,30,22,25,12,16,5,46,11,9,2,57,19,51,44,7,28,56,53,31,50,10,36,45,37,3,40,61,15,54,33,58,27,8,55,35,42,34,43,38,0,41,49,26,59,52,21,60,23,17,1,63,13,18,47,62,24,32,20
23,11,41,58,38,54,17,2,6,50,4,49,8,5,3,24,35,55,21,37,45,51,9,20,19,32,59,0,57,44,14,7,52,16,33,62,18,40,28,10,12,34,26,15,60,1,36,48,56,22,42,47,53,13,30,61,31,25,29,43,63,27,39,46
3,37,11,5,21,44,42,52,41,54,33,43,1,19,47,49,14,8,60,63,35,38,40,46,57,23,29,17,20,6,59,9,26,36,48,25,34,50,4,7,16,58,32,22,18,13,53,56,10,30,12,39,61,45,2,62,0,27,55,31,15,24,51,28
46,28,42,39,60,58,17,2,38,10,11,21,0,24,25,18,3,8,57,41,40,61,9,62,50,35,13,43,52,26,31,63,16,14,37,20,6,32,44,56,19,12,55,51,27,5,49,53,22,47,45,48,7,23,1,4,15,54,36,33,30,59,29,34
20,11,22,1,31,37,62,61,53,44,14,16,21,36,24,19,18,28,10,26,48,59,12,23,35,25,29,55,7,5,63,60,43,40,56,45,54,8,57,42,34,50,32,30,13,27,39,3,15,6,0,46,2,51,52,58,17,33,4,9,49,41,47,38
20,4,13,57,2,32,10,41,19,18,0,56,12,34,45,5,63,11,38,33,14,7,29,53,8,60,28,25,15,17,61,16,50,30,39,59,36,43,52,44,40,24,47,22,62,35,42,54,1,9,46,21,31,6,58,51,49,3,48,37,27,26,55,23
37,51,22,53,44,28,39,41,54,25,18,46,5,35,45,57,59,26,52,2,50,49,60,20,4,13,16,15,62,33,61,38,3,11,7,34,9,1,8,36,10,47,30,27,31,29,40,23,24,14,21,56,19,58,63,42,12,0,32,17,6,48,55,43
11,17,42,18,61,34,53,23,25,26,9,49,13,58,51,36,8,37,16,33,50,7,41,45,57,22,29,1,2,55,62,38,46,0,14,39,32,10,20,15,12,21,5,60,31,54,43,35,59,19,30,28,44,56,63,47,52,3,48,40,27,4,6,24
36,21,44,32,12,49,62,1,18,17,4,45,54,57,9,7,11,15,29,24,38,2,16,14,23,58,10,48,55,30,56,35,39,34,52,63,37,46,28,47,40,41,51,22,0,8,3,33,42,43,61,5,13,59,60,25,26,27,19,20,6,50,31,53
33,26,59,47,9,27,15,48,24,21,30,4,31,63,55,35,12,17,53,43,5,11,45,2,8,51,39,7,58,36,10,56,14,52,54,60,1,3,42,32,23,41,16,40,46,57,29,20,62,49,0,18,34,22,25,38,50,61,19,6,28,13,37,44
58,34,28,26,51,33,16,40,0,11,4,20,14,53,15,1,6,31,45,63,27,8,49,13,50,56,22,60,18,32,12,24,9,23,17,55,47,42,44,19,21,52,2,36,57,43,3,29,61,48,41,59,25,38,35,46,39,54,37,62,5,10,7,30
45,51,44,6,33,50,16,40,3,32,8,25,2,34,48,29,14,59,15,0,52,37,63,18,12,11,26,49,60,9,38,47,28,30,39,57,22,42,43,1,23,46,36,53,56,13,27,17,19,35,5,55,24,10,61,54,21,58,4,20,7,41,31,62
27,23,57,30,38,31,33,13,14,54,50,32,59,63,2,61,56,4,1,0,28,62,37,15,17,24,9,53,47,51,22,20,44,52,35,21,42,39,48,29,8,7,34,60,12,36,43,19,26,40,58,25,3,49,55,11,5,46,18,10,41,16,6,45
56,60,43,44,61,51,6,26,23,58,42,54,21,24,14,4,5,7,3,13,32,41,18,63,19,52,38,29,2,48,55,49,53,31,50,59,16,12,17,35,39,8,11,47,36,40,33,10,0,57,15,25,22,34,46,27,30,1,20,62,45,9,37,28
48,58,15,32,46,51,19,21,25,10,17,36,6,5,61,63,12,50,9,34,14,40,47,0,2,26,29,44,55,7,1,18,49,31,54,24,30,53,57,62,13,37,39,52,42,27,22,28,41,11,8,33,43,16,3,20,4,35,38,56,59,60,45,23
60,51,17,35,12,0,25,47,62,21,13,34,29,7,38,41,40,22,4,8,2,56,9,27,15,42,50,54,59,14,43,11,28,16,46,32,36,1,26,37,23,63,5,55,33,30,3,19,6,57,58,10,52,24,45,20,44,49,53,61,48,31,18,39
4,36,52,61,13,23,46,40,31,26,17,18,50,53,8,59,55,35,28,41,14,11,44,16,30,29,42,33,2,6,32,19,15,51,43,21,62,9,38,34,0,5,24,3,25,22,37,7,54,47,12,39,58,45,48,60,1,63,57,49,56,20,10,27
37,28,43,11,59,50,25,36,55,32,63,6,31,3,52,1,62,22,58,51,21,17,29,42,45,56,10,40,13,18,9,48,35,15,61,34,8,41,54,47,33,14,16,19,7,30,23,57,27,2,60,0,53,5,49,24,46,39,4,20,12,26,38,44
28,0,3,32,24,4,18,60,12,35,5,10,56,16,33,7,17,37,6,25,59,62,55,41,53,23,63,38,54,52,50,9,2,58,20,8,19,42,31,49,44,1,29,51,27,57,15,61,47,22,45,14,40,13,30,21,48,26,11,46,36,43,39,34
23,2,29,33,57,11,21,3,9,15,55,5,20,61,45,31,41,50,52,12,47,60,1,53,42,40,62,59,51,39,25,35,18,63,22,17,7,13,44,36,54,14,10,32,38,4,24,28,0,48,19,58,16,30,46,49,6,26,27,43,37,8,34,56
5,8,48,62,47,57,61,36,18,28,38,15,52,4,41,16,30,51,23,42,13,26,37,43,35,25,54,19,20,29,27,6,50,46,39,59,49,53,55,14,1,9,56,33,2,24,22,0,32,34,60,44,40,63,10,31,3,45,12,17,11,7,21,58
12,57,38,14,37,27,2,6,51,20,53,56,11,29,63,34,13,17,54,22,61,4,8,43,5,50,28,58,46,30,52,26,32,62,24,42,40,36,44,59,31,41,18,7,3,33,25,10,47,19,15,16,55,49,21,35,1,39,23,0,45,9,60,48
22,44,35,27,20,6,58,11,10,29,15,23,25,47,63,24,40,21,52,34,46,54,33,41,31,3,14,7,19,12,9,30,56,5,17,36,39,13,37,1,28,2,53,51,16,62,26,42,43,8,60,61,18,55,59,48,32,49,0,4,57,38,45,50
17,61,55,47,1,11,7,14,46,8,45,58,35,50,4,0,39,2,31,15,59,54,18,63,22,30,19,6,56,53,26,57,43,40,5,51,62,34,49,13,16,9,27,52,32,25,38,44,41,33,60,29,36,12,24,28,21,48,37,3,20,10,23,42
34,8,2,9,54,49,24,5,22,27,11,4,38,6,42,0,41,52,36,40,25,35,48,32,60,43,39,19,29,63,46,53,14,44,26,30,51,18,1,56,23,12,13,59,58,3,61,55,37,21,28,50,33,20,10,7,57,15,16,31,62,45,47,17
17,22,53,45,52,18,23,59,35,62,6,26,36,58,43,3,4,10,32,56,1,12,11,28,19,41,51,40,30,63,29,21,14,49,44,57,9,34,47,24,13,55,5,15,54,61,60,0,25,33,2,20,7,37,16,8,48,27,46,50,31,39,38,42
17,58,51,1,49,0,14,10,43,26,46,12,35,2,7,52,24,21,55,19,63,32,28,41,60,47,62,29,16,61,4,9,3,25,27,56,22,45,33,11,59,37,31,15,39,54,40,13,23,30,38,18,44,53,34,8,20,5,6,48,36,50,57,42
16,39,22,30,60,51,21,44,12,28,42,34,20,15,57,19,63,27,5,18,59,45,25,1,9,26,4,14,6,53,11,33,56,43,46,47,62,35,23,55,8,41,58,29,49,37,0,7,3,32,24,13,40,52,31,38,54,17,50,36,10,2,61,48
10,26,48,56,14,28,18,54,62,22,39,35,12,61,44,27,0,7,57,63,4,58,38,8,15,50,51,11,42,49,16,55,13,20,23,34,9,2,32,41,37,25,46,40,29,19,45,3,47,33,17,6,21,60,30,53,24,59,5,36,43,52,1,31
40,37,61,58,55,44,27,21,9,52,46,20,34,63,19,6,49,12,14,2,3,38,43,15,62,10,7,11,51,8,18,28,57,33,60,5,4,48,53,22,13,24,50,25,17,42,26,45,35,56,1,29,36,0,16,47,32,23,54,39,41,30,31,59
8,14,4,38,42,18,58,35,24,47,2,19,33,3,54,46,44,51,56,25,27,40,7,5,17,11,59,57,45,20,0,36,60,61,28,43,39,63,55,23,1,15,34,26,50,22,30,41,62,49,21,16,32,10,48,52,53,29,12,9,37,6,31,13
55,0,2,44,3,59,13,7,1,28,19,11,42,41,29,50,5,14,37,45,61,32,56,8,60,62,16,53,54,24,30,4,57,15,47,38,49,22,6,36,9,27,31,12,25,63,20,34,43,18,33,48,21,17,46,10,58,40,26,51,35,52,39,23
34,37,23,27,33,48,32,26,53,28,41,42,36,39,63,44,45,0,22,18,4,12,20,56,58,60,30,14,43,54,49,47,10,35,8,51,21,50,15,3,7,52,2,5,55,31,1,9,13,40,46,6,59,11,17,38,61,16,62,24,57,19,25,29
45,8,40,12,37,7,19,3,30,27,46,6,54,23,9,34,38,56,14,59,63,15,58,51,0,61,48,21,26,39,62,2,50,13,16,17,47,53,41,25,28,31,36,20,29,5,42,24,49,52,4,57,44,18,1,55,32,10,35,11,60,43,22,33
34,9,26,29,4,11,0,22,23,32,6,16,41,25,46,39,40,15,44,43,36,5,2,63,1,38,30,49,59,50,33,48,8,20,13,52,21,62,17,3,61,24,7,27,12,58,14,35,56,54,55,10,37,19,28,60,51,31,42,53,18,57,45,47
13,30,53,8,42,38,10,37,49,19,59,32,41,45,11,54,7,51,57,5,15,36,21,17,39,27,29,14,63,24,43,58,6,0,47,62,28,46,22,18,34,25,52,20,12,56,61,3,48,26,31,40,16,1,55,50,35,44,9,4,60,33,23,2
18,12,41,58,62,50,30,63,27,3,53,1,51,25,45,60,59,9,36,23,0,13,8,37,42,26,20,16,44,54,52,28,7,39,32,5,6,2,33,10,31,17,55,40,29,35,48,47,49,24,57,22,21,14,34,46,4,19,43,15,61,11,56,38
41,24,38,2,29,63,11,5,25,40,52,7,31,15,33,48,26,1,16,45,4,62,50,35,57,10,37,30,44,18,58,43,17,49,51,3,47,22,61,60,0,14,6,39,36,27,20,59,8,21,42,53,28,9,46,23,55,54,19,12,56,13,34,32
35,28,54,24,11,19,14,47,2,40,37,0,34,3,31,26,57,44,6,18,55,51,58,21,23,8,60,22,61,59,49,43,42,41,36,10,38,45,30,52,9,20,53,46,62,5,17,48,29,63,27,7,13,4,50,25,33,12,32,56,39,1,16,15
28,53,47,3,40,36,12,60,38,34,46,57,52,5,56,35,25,54,43,59,19,17,1,29,42,31,61,4,2,24,15,0,48,39,26,6,18,21,41,9,10,14,55,51,22,32,13,63,62,11,16,7,44,37,8,30,50,33,45,58,27,49,23,20
13,63,18,59,46,36,0,17,42,12,14,60,9,30,58,4,31,62,25,1,6,37,21,16,33,61,11,10,2,51,23,47,7,28,54,43,57,45,35,49,32,39,52,8,19,44,56,3,48,26,41,27,22,50,53,15,40,20,29,5,24,38,55,34
37,8,53,10,57,39,16,45,42,19,20,33,62,36,51,44,54,1,17,52,22,55,2,63,26,46,50,43,30,60,11,24,38,23,48,12,7,25,21,9,58,28,0,14,32,41,5,15,27,35,13,4,49,6,40,59,47,29,61,34,56,18,3,31
21,16,24,14,37,51,39,22,18,1,40,0,23,55,25,46,12,52,56,8,5,62,28,54,32,42,43,35,44,13,53,63,20,26,58,7,49,41,59,4,33,60,31,50,2,34,36,15,45,19,38,6,48,47,30,57,3,29,11,9,10,17,61,27
42,36,51,32,46,45,0,48,21,24,35,53,8,19,3,57,1,13,39,47,54,27,29,5,28,18,7,37,14,41,61,50,25,4,44,59,10,56,38,17,16,43,63,55,12,49,9,34,52,15,20,40,31,23,2,6,22,30,26,11,60,58,33,62
8,42,32,40,11,1,58,34,15,29,20,37,43,47,45,2,28,23,9,53,6,46,24,17,25,56,59,60,10,61,0,33,12,26,48,16,39,30,55,7,62,50,5,51,44,27,19,36,41,21,63,14,22,57,35,3,54,18,52,13,38,4,49,31
54,34,25,7,3,59,17,6,10,23,19,39,15,50,18,46,0,57,48,41,32,4,31,13,28,52,9,51,45,53,20,56,35,47,38,62,29,55,21,1,14,27,44,60,24,12,49,37,16,42,22,5,58,36,30,26,33,43,61,11,8,2,63,40
56,49,22,35,44,31,9,61,54,51,38,29,3,13,17,58,24,2,19,15,52,55,37,25,53,43,18,8,0,40,33,6,7,48,39,4,14,27,34,16,28,50,57,42,30,1,60,11,46,21,12,10,36,20,26,5,59,32,45,23,62,63,47,41
10,41,34,16,31,5,14,30,40,36,7,4,28,21,62,20,43,24,29,23,50,13,58,15,3,45,39,2,51,19,60,52,48,8,42,35,0,6,44,63,22,11,61,46,17,47,27,55,54,1,12,56,26,59,32,18,33,38,37,57,25,9,53,49
1,50,53,25,13,29,41,19,51,56,49,48,0,21,6,45,22,5,36,47,11,60,37,38,20,33,42,2,35,61,17,23,46,63,52,44,8,9,27,14,59,55,4,43,40,3,16,26,62,39,15,57,7,30,10,31,32,24,18,28,34,12,58,54
27,57,15,38,1,30,23,50,4,40,9,49,52,63,31,39,32,5,14,56,43,17,26,24,18,33,41,62,59,19,61,6,13,10,35,42,12,53,54,47,22,11,34,20,60,25,0,44,7,58,45,55,3,46,28,2,48,21,36,51,37,29,16,8
43,5,20,36,11,63,31,41,3,48,17,22,1,60,21,38,13,18,2,58,53,19,26,35,54,45,32,0,44,14,50,56,37,61,49,15,46,16,59,33,8,52,30,55,28,42,10,6,34,40,57,24,62,9,25,51,29,7,27,12,23,4,39,47
17,7,48,34,3,58,12,20,35,62,56,59,45,53,22,19,9,24,42,52,46,38,30,21,49,16,44,33,39,25,26,6,18,60,61,63,57,51,41,37,28,10,14,0,47,55,27,36,32,43,54,5,50,4,29,13,1,23,2,31,8,15,40,11
12,59,42,22,56,45,47,54,21,41,5,57,36,3,33,9,15,48,50,28,0,27,62,63,24,37,26,8,19,14,44,46,39,7,35,43,16,32,40,23,29,2,53,25,11,30,6,18,49,60,55,34,20,10,38,58,13,17,52,51,1,31,61,4
54,37,17,27,0,7,19,40,8,20,51,21,2,29,45,6,42,59,23,58,49,62,24,26,14,30,53,3,60,39,12,34,41,57,55,15,1,46,35,10,56,5,32,44,61,11,16,50,18,43,28,4,31,25,36,13,47,9,63,48,22,52,33,38
50,36,57,8,40,5,49,46,2,11,16,1,17,63,43,35,21,39,37,30,29,27,62,53,58,54,12,25,51,14,48,24,4,6,22,41,60,44,59,20,3,7,32,47,52,42,10,55,56,18,28,38,26,0,19,33,23,61,34,9,13,15,31,45
5,59,48,11,28,20,56,13,49,51,31,19,54,62,12,15,37,34,35,58,18,50,30,61,22,3,53,39,29,4,43,2,24,0,52,8,14,9,6,16,26,47,25,27,21,46,41,23,40,33,63,55,42,45,44,10,17,60,38,32,36,7,1,57
58,23,4,32,15,3,24,39,9,33,20,29,21,50,37,30,43,40,31,54,45,16,36,14,35,57,34,42,0,60,38,19,52,25,8,61,48,13,5,44,28,1,62,6,18,2,49,41,22,63,26,59,17,7,56,11,46,55,27,53,51,10,12,47
23,33,14,21,6,52,2,8,17,44,32,10,3,27,62,24,13,19,1,49,53,55,25,48,0,28,42,60,30,34,11,43,12,51,59,5,46,26,56,40,22,38,54,61,50,20,35,4,39,45,7,31,15,57,47,36,41,63,29,58,9,18,16,37
51,42,44,27,1,26,48,11,13,33,35,56,29,45,28,61,25,3,50,7,0,62,5,60,31,23,8,58,2,49,41,19,54,34,36,57,15,22,40,14,24,4,17,9,63,38,55,53,21,30,6,20,16,37,47,59,39,46,32,52,43,10,18,12
56,16,35,41,2,39,59,55,53,8,0,23,24,7,19,36,48,38,3,9,49,57,5,61,31,58,10,25,32,26,44,42,43,52,1,37,62,50,60,4,20,34,15,28,33,45,29,6,47,27,51,40,11,14,13,22,63,21,54,18,12,17,30,46
46,41,26,32,47,52,40,62,5,6,53,31,27,20,42,30,63,2,7,25,11,15,19,29,1,60,21,9,50,57,34,24,4,33,38,14,59,3,35,39,17,43,23,0,51,58,49,36,16,22,13,37,61,56,8,48,10,44,12,28,54,18,55,45
45,8,5,37,17,30,6,11,63,34,46,19,13,39,53,7,49,20,3,51,55,42,48,36,52,38,9,32,1,25,26,56,41,0,18,21,27,60,59,10,43,2,12,44,54,4,23,15,40,61,33,29,24,58,47,35,14,16,62,31,50,57,22,28
3,43,36,9,53,41,35,8,51,25,63,52,27,21,56,47,62,26,29,13,60,17,50,19,33,14,49,20,1,45,23,42,58,61,59,30,34,18,28,2,54,12,24,46,48,57,10,37,40,32,55,44,16,7,0,31,4,11,22,15,5,39,38,6
7,15,11,17,22,48,18,8,6,40,51,43,5,44,58,25,50,34,27,12,28,38,56,49,47,23,10,1,37,54,33,53,32,24,14,41,39,19,30,63,55,52,45,3,36,0,57,20,60,9,59,61,4,13,35,62,26,2,21,31,16,42,46,29
54,8,63,36,55,42,16,40,30,5,48,18,7,59,20,43,14,23,41,34,9,56,47,27,6,17,62,46,51,33,22,45,3,37,25,50,2,61,19,15,4,49,35,11,29,31,21,44,0,38,58,24,28,60,39,53,10,52,13,1,26,12,32,57
28,32,38,8,3,48,40,11,58,33,26,57,36,21,14,5,29,4,19,13,50,2,54,20,49,39,55,34,35,30,37,52,17,53,6,56,42,51,18,60,41,63,31,61,23,59,15,46,1,43,16,27,10,62,45,44,0,25,24,7,9,12,22,47
62,19,36,18,41,31,48,20,10,29,7,15,2,28,26,13,1,38,37,0,32,33,54,61,47,16,8,11,53,25,35,23,51,56,39,27,17,14,30,55,12,22,5,50,40,60,57,52,24,49,3,9,6,63,44,4,45,59,46,58,42,34,43,21
3,36,2,33,60,1,8,47,42,55,11,12,22,35,5,27,62,30,0,17,18,46,4,41,14,25,54,43,45,52,28,38,50,21,57,20,9,19,61,26,53,49,39,24,48,6,32,56,58,7,31,40,51,63,29,44,13,34,10,23,16,59,37,15
49,42,3,39,20,51,33,11,24,34,41,37,18,21,54,61,22,27,57,23,14,40,7,13,9,44,29,60,25,28,43,30,38,50,62,63,46,6,16,5,10,8,56,15,55,58,36,12,59,48,1,0,32,17,31,26,2,35,19,47,4,52,45,53
27,23,35,9,44,26,13,2,58,57,12,18,31,40,7,60,41,55,45,15,17,54,1,39,53,24,14,22,6,4,62,30,19,5,52,20,25,0,50,32,21,34,29,10,51,11,43,16,8,38,36,33,61,56,28,3,46,47,49,48,42,37,59,63
1,48,16,60,37,47,2,11,21,46,0,24,42,5,15,31,53,40,36,20,45,28,33,23,3,18,43,32,13,7,19,8,25,38,39,27,55,14,35,29,6,9,12,58,30,49,41,62,44,51,34,50,57,17,54,10,59,4,61,22,26,52,63,56
43,52,8,4,60,15,2,61,26,0,35,37,28,7,29,32,63,3,54,36,47,59,56,44,12,16,11,30,46,49,13,24,6,55,57,48,40,53,50,17,38,39,34,22,42,10,21,14,20,1,5,9,23,58,18,27,19,25,45,33,31,62,41,51
17,37,40,38,30,36,57,47,16,18,52,42,43,15,55,56,28,27,8,11,22,20,21,14,44,49,26,7,10,51,35,41,54,39,58,25,5,6,59,19,45,29,1,13,2,0,24,4,31,63,50,12,62,60,23,32,53,9,46,3,48,61,34,33
46,24,34,26,12,4,31,7,37,14,52,50,59,35,9,5,0,60,30,44,43,58,63,20,6,41,27,18,45,29,17,11,36,48,3,51,53,15,33,55,62,1,16,23,38,42,13,40,47,25,10,2,61,54,32,21,19,8,56,49,57,39,28,22
26,37,29,55,12,1,38,42,54,27,62,20,18,34,52,13,58,2,48,57,15,25,39,7,43,9,56,53,35,36,41,31,47,28,0,33,11,3,10,4,45,23,40,63,44,21,30,22,50,16,59,32,46,5,51,24,49,61,8,60,17,14,19,6
9,7,32,24,50,42,44,59,53,1,37,3,4,34,54,60,58,27,28,47,15,14,0,2,26,8,6,61,35,49,19,33,12,22,16,11,39,38,31,46,52,62,30,18,55,57,51,63,40,23,43,25,21,56,45,48,36,13,17,41,5,10,29,20
18,0,59,9,6,15,10,54,19,26,36,3,53,13,5,49,1,46,50,17,57,51,20,16,47,44,32,61,8,60,37,58,35,39,14,2,41,45,55,31,21,42,28,43,7,4,23,62,12,25,22,27,30,29,33,24,48,56,63,40,34,52,38,11
15,14,59,53,22,11,61,21,58,49,8,55,23,10,41,32,31,44,37,1,60,18,3,5,34,17,29,36,56,42,13,48,16,4,26,6,39,50,45,40,20,38,54,12,19,52,28,9,62,24,35,33,30,46,0,7,43,25,63,27,57,51,2,47
29,49,14,10,25,13,33,61,43,53,42,23,60,38,24,31,4,11,8,18,44,47,19,40,52,58,50,62,45,7,48,41,26,0,22,21,55,27,59,5,30,56,37,51,32,1,2,12,9,39,6,35,36,57,46,34,15,20,3,54,28,63,17,16
0,25,40,8,4,19,31,58,30,39,3,60,47,59,18,17,63,35,13,10,15,61,28,34,26,9,49,52,38,22,21,36,12,41,50,56,51,48,33,14,23,44,7,5,16,43,24,57,29,1,53,37,62,32,42,11,55,2,6,27,54,20,46,45
36,56,23,40,39,43,24,21,8,7,2,63,15,30,49,38,42,13,16,41,29,46,54,26,44,10,53,60,5,3,55,25,18,28,0,45,47,59,31,9,20,33,12,11,17,34,27,35,1,52,6,4,19,51,50,58,32,62,61,14,48,37,57,22
16,34,11,40,15,29,37,27,28,52,33,5,59,17,7,49,1,47,9,62,3,57,56,45,8,42,55,12,4,30,39,2,21,35,31,23,19,58,60,0,6,10,26,46,18,38,22,61,13,44,48,53,32,24,51,20,63,50,36,54,43,14,25,41
41,44,2,54,10,59,49,22,36,6,17,12,53,28,40,4,63,32,42,7,1,11,27,29,60,19,30,57,45,24,20,3,26,13,52,0,9,39,25,21,50,46,16,51,5,15,35,62,58,23,47,37,14,38,43,61,18,55,31,48,56,33,8,34
23,19,35,44,1,21,34,62,47,24,61,18,50,52,60,36,57,37,32,7,63,14,0,20,30,25,8,51,12,48,29,54,26,40,55,17,42,13,4,27,5,53,43,49,58,10,33,38,46,2,16,45,22,11,9,28,56,3,41,39,15,31,59,6
48,57,20,41,0,10,16,50,44,12,63,49,60,32,47,6,14,46,23,19,38,42,53,13,61,35,52,4,59,5,24,36,55,28,2,30,40,22,51,33,62,8,27,3,18,54,1,29,17,9,39,34,45,15,11,58,21,43,25,7,37,26,56,31
46,3,37,59,5,1,62,55,57,43,11,31,9,0,18,50,53,24,54,14,41,23,40,39,15,19,56,20,22,61,29,45,8,42,7,47,17,51,34,52,21,60,4,36,49,10,2,44,58,28,16,48,25,38,13,26,6,33,32,63,27,35,30,12
15,39,17,21,36,1,50,54,20,44,4,47,34,30,57,3,52,35,37,11,60,29,31,6,49,22,55,32,13,62,8,46,59,9,5,24,38,25,0,7,2,40,56,61,14,18,45,48,28,53,63,51,23,42,26,43,27,16,19,12,58,10,41,33
36,25,7,63,17,52,6,51,31,8,27,62,23,14,53,40,2,57,0,9,50,18,48,29,5,58,56,61,37,11,1,33,28,59,45,34,46,42,55,24,35,26,16,20,22,3,32,4,30,39,19,44,38,12,41,43,21,49,54,47,60,13,10,15
40,55,8,51,58,57,4,42,49,15,10,22,7,25,31,6,9,52,36,0,19,61,39,43,23,28,30,14,11,20,3,62,29,56,2,35,16,33,24,41,5,21,45,37,34,26,13,27,47,50,48,46,32,63,54,1,59,60,44,12,17,38,18,53
57,0,33,25,21,46,28,10,37,20,35,7,3,29,9,48,31,26,43,32,45,44,18,30,14,4,6,39,62,53,23,41,58,19,16,2,51,52,40,34,13,60,56,63,49,50,54,11,55,61,15,47,17,59,8,27,24,22,1,42,12,36,5,38
16,19,58,29,46,44,31,30,49,43,52,63,9,56,35,32,42,33,62,17,54,53,0,6,59,51,21,27,28,60,34,5,13,14,45,26,36,24,1,25,61,12,50,7,20,55,23,8,41,11,57,3,39,2,15,22,37,47,18,38,4,48,40,10
42,39,54,48,35,45,30,11,29,0,19,47,23,38,17,24,3,62,40,33,22,1,53,2,61,7,59,46,32,12,31,50,25,51,5,34,57,20,13,56,6,21,10,18,49,27,37,15,41,4,60,55,8,14,9,43,44,63,28,16,26,52,58,36
