57,15,25,20,21,34,63,1,11,14,18,45,7,39,16,44,24,30,19,38,28,0,50,35,43,60,59,54,27,56,31,13,32,51,17,62,53,33,10,47,5,9,26,8,22,46,6,61,12,23,58,49,52,36,55,37,29,42,4,41,2,3,40,48
38,35,27,53,44,42,43,52,3,4,2,29,33,22,23,16,31,46,13,20,28,51,50,63,34,61,5,57,62,15,26,18,39,56,59,45,49,14,37,58,47,9,54,0,36,48,10,55,6,7,12,24,41,8,60,25,1,11,17,32,19,40,30,21
41,42,23,2,26,45,35,21,57,36,55,52,54,34,18,15,51,19,5,62,4,25,24,8,47,44,7,6,50,3,31,0,14,59,9,63,30,28,40,20,17,33,43,27,29,12,39,10,48,1,37,16,13,53,58,38,11,32,22,56,60,49,46,61
20,12,15,43,26,44,4,13,34,23,24,6,54,10,18,5,40,9,14,32,50,63,57,42,48,35,25,8,38,36,60,3,59,7,46,58,41,51,33,62,17,16,56,39,21,47,30,52,53,27,19,2,31,1,37,28,11,55,29,22,45,49,0,61
12,36,17,1,28,11,18,3,32,42,51,31,39,57,15,61,58,43,4,38,26,6,13,29,50,7,47,5,35,8,44,34,9,41,30,55,60,23,2,21,63,48,54,20,45,59,25,27,16,24,62,14,46,0,52,10,19,37,33,53,56,22,49,40
46,18,19,47,20,10,2,7,50,60,16,5,42,6,45,63,14,24,55,26,54,40,52,25,58,59,38,11,32,34,56,37,41,51,22,29,57,49,17,3,9,48,23,28,13,31,36,21,39,33,0,15,43,27,4,1,61,62,53,8,35,44,12,30
11,23,56,46,52,2,26,31,41,13,16,38,34,39,12,18,62,19,58,5,22,17,33,40,36,45,21,43,35,47,30,28,24,60,6,10,9,63,61,14,29,32,0,8,48,49,42,51,15,50,3,27,37,57,59,53,55,7,54,4,1,20,25,44
21,24,61,46,1,37,58,48,49,50,28,51,25,33,42,20,27,29,26,62,36,53,16,7,30,5,11,18,19,63,14,15,6,59,38,45,3,13,57,43,44,0,60,41,23,17,31,39,35,10,55,47,54,40,52,34,9,32,8,2,4,56,12,22
5,6,51,20,41,63,54,44,7,28,4,45,21,27,26,46,43,10,16,47,36,50,40,24,60,13,31,30,53,55,17,29,35,49,25,8,22,3,14,39,58,11,37,9,15,34,57,59,12,61,32,0,1,52,23,33,19,56,42,18,38,2,62,48
15,57,7,12,52,62,2,39,27,44,4,50,5,34,17,54,59,46,41,30,13,55,11,61,6,28,47,32,8,63,14,60,0,56,20,33,1,36,35,49,31,42,19,29,3,43,53,16,24,37,21,40,58,48,38,22,51,45,26,18,23,9,25,10
0,25,22,49,13,59,27,38,24,31,34,7,19,21,54,4,18,44,20,11,15,14,30,33,2,9,55,8,40,51,57,56,42,12,60,63,28,62,17,5,46,35,43,47,1,6,37,36,53,58,39,26,32,45,16,41,52,3,48,23,10,61,29,50
28,5,14,36,40,30,49,16,50,60,47,58,23,41,59,19,42,37,45,48,43,1,29,11,6,10,35,13,15,63,12,38,56,46,39,44,18,33,21,32,2,9,7,34,20,55,4,61,51,25,22,31,27,8,0,62,54,24,17,53,52,3,57,26
59,42,1,53,23,38,19,60,54,31,3,14,4,29,6,24,39,15,18,56,50,61,52,45,41,13,35,48,11,26,49,36,10,21,8,44,22,32,25,63,16,12,47,62,51,43,37,7,46,0,2,57,33,27,5,34,40,9,55,28,17,58,20,30
25,1,40,27,3,22,4,61,21,52,12,0,8,53,41,18,7,54,19,11,45,55,9,32,30,16,63,60,14,37,34,51,57,50,38,17,13,48,58,56,6,35,29,39,28,33,26,2,42,24,43,10,44,59,5,23,20,47,31,62,49,15,46,36
38,11,57,1,46,2,19,20,48,43,8,52,58,59,31,62,44,28,35,29,49,13,6,51,34,30,7,33,37,18,26,27,39,5,10,16,14,53,45,63,47,25,55,12,23,50,17,9,36,21,60,41,56,4,61,40,0,3,22,32,24,42,54,15
51,33,4,52,45,40,24,16,12,47,35,27,13,34,23,48,38,53,19,56,2,1,5,42,8,10,44,7,9,29,63,15,49,30,20,22,28,46,55,41,58,0,54,60,26,31,6,59,18,14,11,32,39,25,17,43,37,62,50,21,57,3,61,36
58,25,43,2,50,24,62,26,17,52,22,61,19,27,53,42,40,59,55,18,34,41,37,12,51,56,3,9,54,4,10,32,39,31,28,6,47,46,21,8,14,5,60,63,45,36,57,48,7,20,13,15,44,35,16,1,0,11,29,49,30,23,33,38
55,5,59,20,0,18,1,35,38,47,41,58,9,12,15,56,54,25,4,60,42,19,27,51,49,7,21,36,3,8,53,33,39,29,2,30,11,62,45,17,37,23,6,31,44,50,63,61,46,34,48,10,13,14,26,16,28,32,57,43,52,40,24,22
34,8,16,7,46,48,47,14,61,31,57,3,39,51,62,58,1,44,10,28,56,55,2,59,40,11,36,21,52,27,25,30,23,49,41,32,29,26,37,20,33,5,18,6,45,17,60,12,4,42,63,50,38,24,0,35,15,43,54,22,13,53,19,9
11,37,62,5,14,20,29,52,0,53,28,44,23,30,50,58,54,15,17,49,2,32,8,9,18,47,57,51,31,19,35,26,38,34,10,46,36,3,42,27,25,61,56,39,13,63,7,12,45,4,33,41,22,1,24,43,55,40,21,60,59,16,6,48
12,38,51,17,21,35,27,29,43,26,49,53,52,16,13,47,59,32,62,33,10,39,7,2,37,45,58,0,1,54,40,42,34,55,61,8,5,6,19,28,63,25,23,11,31,4,20,60,56,22,30,41,15,44,46,14,50,48,3,18,57,36,24,9
24,43,61,33,22,5,54,42,37,8,27,49,2,14,50,26,3,39,19,63,40,18,59,25,56,12,0,6,57,30,51,20,47,10,48,13,23,53,62,28,55,1,31,41,32,34,60,38,29,46,4,15,7,36,11,44,58,9,16,21,45,52,35,17
43,34,11,28,48,62,25,35,36,20,15,30,10,52,3,39,9,13,2,54,41,47,55,24,45,29,26,18,51,6,40,61,16,27,44,4,46,56,21,59,32,0,37,57,63,12,60,38,53,1,5,49,42,31,17,33,8,23,58,7,22,14,19,50
52,51,32,26,35,40,38,53,49,19,14,28,61,37,42,47,54,56,4,33,5,34,45,9,24,43,30,21,50,20,25,10,29,16,36,60,58,1,3,0,7,41,39,13,8,2,44,17,12,11,59,22,31,23,62,6,48,15,55,18,27,63,46,57
60,50,27,47,39,36,45,41,6,63,11,2,17,3,48,10,19,42,28,61,62,5,53,35,31,13,9,37,26,49,14,34,23,40,51,4,22,58,1,56,32,0,52,20,25,16,29,46,43,18,12,38,15,30,33,7,57,44,21,55,54,24,59,8
45,3,10,23,28,21,25,9,47,56,59,17,51,22,34,30,39,33,4,11,5,13,26,31,54,50,52,16,12,40,19,24,57,60,6,53,14,32,7,27,1,58,38,15,48,44,2,36,63,49,18,41,20,8,42,29,46,0,37,62,35,61,55,43
17,48,31,53,40,46,6,0,37,18,62,8,9,26,50,7,56,49,57,61,58,25,13,33,27,55,54,52,41,38,34,3,14,15,42,20,30,51,22,60,10,4,45,11,21,35,2,12,5,63,23,32,29,47,39,28,36,19,16,24,59,44,1,43
11,9,1,0,4,30,53,46,40,62,22,19,14,61,32,27,39,26,23,10,7,13,58,54,52,56,59,34,24,50,28,47,42,21,29,37,15,63,49,60,8,3,20,33,35,12,25,45,18,17,44,5,55,38,41,48,6,16,43,57,2,31,36,51
7,46,44,53,62,24,43,10,26,45,32,3,37,6,20,16,63,31,17,49,41,40,1,27,56,47,30,21,25,33,23,42,61,9,38,57,29,2,36,60,54,51,35,12,39,5,58,15,13,59,48,34,18,22,19,0,14,11,55,52,8,4,50,28
19,32,41,63,35,37,61,10,52,28,54,45,21,40,59,8,60,12,0,38,14,15,18,46,49,22,3,6,31,53,62,4,58,29,50,36,56,20,13,44,1,2,51,47,57,7,17,25,42,39,30,48,26,11,55,43,5,9,23,27,34,33,24,16
50,10,24,55,37,40,57,63,47,0,22,6,62,35,52,11,34,20,5,58,32,25,12,54,13,61,31,4,36,21,30,59,44,2,8,41,46,19,1,7,9,53,33,3,42,15,39,18,28,45,26,60,43,51,38,48,56,17,49,27,16,14,29,23
55,60,44,4,9,31,53,50,43,54,34,49,35,45,30,27,13,24,23,22,47,6,56,52,5,21,42,39,33,1,16,19,63,25,26,14,17,20,29,51,11,48,59,41,62,8,37,15,7,18,28,57,61,12,0,58,36,10,38,3,40,2,32,46
2,50,34,27,55,23,7,61,51,32,5,57,53,18,60,6,4,35,62,54,33,49,30,47,21,39,58,31,17,20,12,24,37,63,46,52,22,15,28,25,0,14,43,10,48,11,16,36,19,42,41,38,9,45,40,44,13,8,29,1,56,26,3,59
42,30,27,7,54,10,12,26,6,57,15,62,16,56,18,47,48,58,33,53,40,17,41,22,28,14,3,34,24,43,31,44,59,29,5,23,49,52,13,2,25,46,8,63,11,4,50,21,61,51,19,0,1,55,37,9,35,20,32,36,60,38,39,45
54,21,17,44,10,48,33,23,30,13,34,61,25,6,40,29,0,2,27,18,22,60,1,7,16,20,31,8,14,58,63,49,9,53,45,4,55,62,28,35,5,59,12,15,51,43,11,38,41,36,57,56,24,47,37,42,52,46,3,50,32,19,26,39
60,18,57,23,43,9,42,40,6,33,30,17,16,26,11,58,31,46,12,41,8,59,63,52,55,38,51,47,4,53,3,61,49,14,44,34,35,5,7,0,15,39,22,1,24,29,27,48,13,20,45,50,21,56,37,62,25,36,2,10,19,54,28,32
30,25,3,33,46,19,35,6,41,11,39,37,9,7,20,61,12,60,40,29,28,18,47,53,22,13,31,55,23,42,26,14,56,63,34,62,24,52,57,44,49,45,15,54,1,21,27,50,59,0,10,8,5,51,48,2,38,17,4,16,32,58,36,43
59,35,16,58,51,48,55,2,1,60,22,42,17,3,38,25,14,30,52,43,10,61,63,5,36,13,24,6,49,32,57,41,11,20,7,53,18,0,8,21,23,26,29,62,33,44,27,37,56,34,4,50,40,47,39,28,9,54,12,19,46,45,15,31
56,22,30,6,21,17,33,37,32,49,11,50,8,41,0,36,10,45,46,9,15,40,19,5,1,52,3,62,2,47,23,48,18,24,39,14,25,53,26,28,43,51,16,35,58,12,54,42,38,63,27,59,34,7,4,13,61,29,44,20,55,31,60,57
55,56,41,50,23,16,11,46,59,0,3,5,28,51,17,14,19,54,18,32,10,35,47,42,57,37,24,27,1,7,43,44,36,8,53,58,52,26,22,6,60,4,30,21,9,15,45,25,12,48,33,20,61,31,29,13,39,63,34,2,49,38,62,40
3,30,19,8,15,9,31,48,16,54,53,32,49,26,57,34,50,13,47,51,44,43,23,42,2,17,35,24,7,18,20,11,29,59,22,33,4,27,55,6,38,39,40,58,10,45,1,12,5,0,56,37,62,14,63,36,41,52,61,21,46,28,60,25
15,5,32,35,52,30,22,62,43,59,24,55,28,7,40,34,51,9,17,23,31,57,8,26,25,4,0,63,27,41,39,10,42,20,60,48,18,54,14,38,3,6,11,61,56,37,29,16,2,12,36,58,45,21,49,19,46,33,53,50,47,1,44,13
4,9,29,18,62,25,51,52,16,14,48,11,26,32,2,43,34,56,0,8,5,36,38,17,61,3,15,60,13,12,6,27,31,47,44,24,42,63,46,30,50,10,53,1,35,28,45,40,59,37,20,55,54,7,21,33,57,23,22,39,49,19,41,58
43,7,52,45,4,38,12,18,57,34,2,26,16,35,37,19,24,3,60,22,58,39,40,28,44,42,10,6,59,11,49,5,17,0,33,30,20,63,21,51,1,54,8,15,13,55,29,23,25,31,62,53,47,9,14,48,50,36,32,61,46,27,56,41
54,57,47,11,12,21,32,33,48,63,41,31,40,2,36,1,24,39,61,7,25,51,18,6,45,13,43,29,23,4,60,53,30,52,26,38,10,50,55,3,46,59,20,42,37,49,17,22,28,8,9,27,62,58,0,16,19,56,5,14,15,44,34,35
25,55,11,56,30,40,57,50,54,48,27,8,1,41,32,4,16,62,2,22,13,44,47,21,28,35,34,36,31,39,43,0,3,53,7,20,61,59,33,51,10,24,42,45,9,38,29,19,14,58,52,23,17,12,63,6,15,18,5,46,26,49,60,37
36,48,54,17,7,40,20,52,18,8,22,32,0,24,31,14,4,23,42,19,50,43,33,59,34,62,47,11,5,58,3,63,27,44,15,16,45,12,55,53,28,30,9,51,35,61,49,26,39,60,41,25,56,13,38,21,6,29,1,10,57,37,2,46
61,59,42,23,49,16,13,10,30,32,39,38,27,44,8,2,48,28,4,45,51,20,26,21,19,12,5,47,7,50,3,31,1,17,52,11,25,36,40,63,46,22,41,60,9,53,57,54,6,29,58,34,56,14,33,15,18,43,62,55,37,35,0,24
36,16,33,30,11,24,10,43,44,40,37,45,53,26,42,35,6,38,12,55,60,31,61,8,34,4,22,1,57,20,23,54,59,3,50,51,18,25,29,21,19,46,28,62,41,7,14,13,52,2,63,5,56,49,47,15,17,48,58,0,27,39,32,9
52,63,27,25,32,51,59,11,8,31,43,16,4,33,23,7,2,37,61,26,55,49,56,39,54,19,62,1,15,9,10,20,14,44,6,34,5,36,0,58,29,60,46,53,21,13,35,28,18,57,41,3,38,40,17,50,30,24,42,22,48,12,47,45
11,51,44,27,56,22,63,3,8,14,55,7,34,43,53,1,57,32,42,10,61,41,36,37,5,62,60,46,6,2,47,28,50,12,9,23,33,40,39,4,31,26,49,20,17,48,54,29,52,21,13,38,24,35,19,45,59,18,25,30,58,16,15,0
47,24,13,62,16,20,44,9,40,39,41,19,32,22,56,48,7,30,3,8,42,1,6,10,45,4,61,58,36,5,55,2,57,21,25,59,28,0,18,33,52,37,46,23,54,51,11,43,31,17,35,63,14,49,38,50,27,15,34,60,12,26,29,53
13,40,3,14,61,16,54,7,51,25,21,4,59,43,41,31,36,42,37,20,5,23,27,58,57,17,10,44,12,30,29,39,46,1,18,11,33,63,26,8,62,38,35,53,48,28,52,45,6,34,47,9,19,22,55,49,24,60,56,15,0,2,32,50
21,60,42,36,27,56,54,35,26,19,31,46,44,59,13,33,49,16,1,37,40,4,61,38,17,51,48,32,28,57,47,29,10,0,3,53,63,8,50,18,12,22,6,43,55,34,15,7,45,11,14,9,39,2,20,30,23,58,62,52,24,5,41,25
40,11,10,34,1,55,15,43,8,13,6,0,18,56,30,36,46,58,27,31,41,26,60,35,4,62,63,45,38,23,44,39,3,7,14,5,16,47,29,37,21,57,28,61,22,59,33,50,17,53,2,12,32,51,9,54,49,25,42,48,20,19,52,24
44,15,36,30,37,60,32,48,42,23,28,1,17,3,46,43,41,47,33,14,58,55,62,18,54,38,7,16,20,2,63,56,51,50,45,6,9,22,61,11,35,26,34,52,27,49,8,40,19,24,39,13,4,53,29,57,0,10,21,25,12,59,31,5
62,37,12,59,61,13,32,1,54,21,14,23,30,43,53,31,56,28,24,36,57,45,63,48,25,51,19,60,27,11,16,18,29,17,10,2,3,44,52,20,41,7,22,39,47,34,4,35,42,55,40,26,8,15,9,0,49,46,33,6,5,38,50,58
33,31,23,56,16,45,20,52,50,2,60,5,57,15,63,0,39,37,1,4,48,6,36,18,58,7,28,11,25,55,61,3,21,34,47,10,35,62,38,26,19,29,32,30,27,43,53,44,51,46,40,8,54,13,12,24,14,9,17,59,22,42,49,41
57,5,4,61,44,16,59,47,21,54,13,12,30,23,28,50,43,52,24,51,27,32,26,2,36,0,49,31,40,14,20,19,29,45,11,48,38,35,17,8,25,34,22,1,15,41,58,55,33,18,56,6,62,39,60,37,46,53,42,7,10,9,3,63
28,60,14,39,59,58,36,22,47,26,18,8,41,33,48,15,54,16,13,29,34,12,50,27,43,9,61,37,57,44,45,63,24,31,0,25,1,7,53,21,23,55,42,30,46,4,17,35,2,51,56,11,20,32,40,5,38,6,19,62,49,52,10,3
20,42,11,54,43,13,8,21,26,51,62,49,15,6,5,33,48,1,30,18,52,37,63,25,47,61,28,56,55,46,31,7,3,35,38,16,22,58,14,36,23,19,34,59,2,45,57,10,41,40,0,9,27,32,12,44,39,29,17,53,50,24,60,4
13,61,24,7,31,59,33,32,47,28,52,20,54,41,48,45,8,46,15,34,17,37,53,51,42,38,50,19,18,43,44,39,14,30,62,2,35,6,4,36,57,12,55,60,3,25,22,11,63,9,56,0,27,1,16,29,26,49,40,5,10,58,23,21
11,57,62,48,9,59,18,17,55,24,26,37,53,13,43,44,34,63,51,46,41,45,1,27,20,28,25,54,58,4,50,8,21,56,14,33,35,23,22,38,60,30,19,16,7,49,10,42,29,32,36,39,31,47,5,3,52,2,12,6,61,0,15,40
9,62,35,8,60,44,7,1,56,17,43,59,2,24,42,22,0,38,33,4,28,47,11,58,25,12,49,55,34,27,46,37,41,48,36,13,61,50,52,30,63,3,10,32,6,14,19,21,26,15,40,54,57,23,31,20,45,18,29,39,51,16,53,5
11,38,15,63,52,46,18,1,6,19,27,53,35,60,8,57,45,39,31,54,9,28,21,56,55,43,41,34,48,20,47,32,30,12,22,2,16,14,24,40,37,26,17,59,33,44,50,10,51,13,62,29,3,7,23,58,5,61,25,49,0,42,4,36
50,51,35,43,8,40,26,45,4,62,3,61,13,28,20,25,38,42,27,60,59,9,29,23,14,7,17,12,53,5,19,52,57,0,48,36,1,2,41,46,16,21,11,63,54,24,34,33,10,56,15,49,6,55,37,47,44,30,58,31,18,39,32,22
49,21,22,24,16,11,30,43,35,23,34,28,51,39,29,63,55,9,14,33,25,17,50,40,15,37,48,36,47,27,44,60,57,19,1,45,10,20,59,52,53,62,58,4,18,32,8,12,42,7,13,6,26,0,2,54,56,61,46,31,5,38,3,41
32,36,25,11,18,35,27,44,12,57,38,61,39,16,17,19,53,37,14,13,26,8,33,7,48,47,23,63,4,15,2,10,52,50,0,20,1,51,59,40,21,9,22,58,6,60,62,24,30,31,5,3,34,28,41,45,42,54,56,29,55,49,43,46
5,18,44,47,15,53,50,43,55,14,29,7,45,52,48,24,11,23,51,54,57,27,39,4,20,61,0,62,30,19,33,1,10,38,40,31,60,59,26,28,25,16,56,12,13,34,3,58,63,2,9,22,35,32,6,49,46,8,42,41,36,21,17,37
51,23,54,46,8,7,12,38,33,27,47,13,1,60,40,58,18,39,21,52,30,4,26,6,31,34,15,22,2,28,37,41,25,3,14,44,36,61,24,62,17,50,53,45,59,35,48,57,42,9,16,0,19,29,5,10,55,11,32,20,49,63,43,56
10,40,37,0,14,13,30,8,32,55,47,51,29,49,62,36,4,53,60,59,3,52,54,5,22,63,41,1,19,45,46,7,33,6,57,23,9,35,34,42,24,38,21,27,20,48,61,16,25,44,17,11,50,39,12,26,15,28,56,2,31,58,18,43
7,18,26,0,31,13,39,24,57,43,2,16,54,48,6,47,59,50,56,9,12,14,58,1,55,51,15,8,33,61,11,25,28,19,37,60,46,41,53,20,62,34,32,4,52,44,29,63,23,22,49,27,45,10,17,30,21,38,35,3,5,42,36,40
23,30,38,53,1,32,44,14,48,45,63,42,12,62,3,37,60,35,17,20,50,39,6,26,8,4,57,56,51,55,0,10,61,29,19,27,54,25,34,24,22,16,46,5,11,33,49,18,13,59,41,36,31,9,52,40,2,7,58,43,28,47,15,21
15,13,59,54,45,51,29,27,3,32,56,55,44,1,58,25,50,2,48,10,46,63,22,33,31,21,39,38,37,7,24,9,61,34,40,57,16,6,60,17,20,52,43,8,36,30,12,26,0,49,62,19,53,11,23,47,18,35,28,4,41,5,14,42
7,45,31,38,35,19,56,55,21,41,39,16,52,23,37,5,51,40,54,15,46,4,10,1,20,49,59,9,58,27,11,62,25,13,33,8,22,18,12,30,61,0,50,2,3,63,24,14,34,42,48,47,36,28,60,44,17,57,32,26,6,53,43,29
37,12,3,59,31,10,26,32,62,21,8,0,58,61,52,56,34,14,28,7,60,49,30,36,25,15,63,17,40,53,23,54,41,6,44,9,24,43,19,1,51,27,50,45,11,47,13,48,35,57,5,2,33,4,22,55,38,18,16,46,20,29,42,39
8,57,33,56,13,12,40,17,29,46,31,47,20,54,36,61,23,53,50,15,7,35,3,42,4,19,48,21,43,26,1,37,44,25,34,41,24,27,45,6,52,39,16,22,30,14,51,10,55,9,0,60,5,38,58,2,49,11,63,18,62,28,59,32
56,42,12,35,40,16,13,49,46,8,17,11,63,22,38,14,57,29,19,45,21,20,25,61,54,3,26,30,37,59,2,53,6,36,44,34,10,0,27,1,23,5,47,62,48,15,41,39,9,31,7,33,58,24,32,18,50,4,52,51,55,60,43,28
53,15,19,7,11,24,52,10,50,28,37,35,2,54,41,9,30,56,29,51,63,43,4,0,39,1,60,14,55,16,61,26,62,23,58,25,18,59,36,21,42,31,22,3,40,8,13,5,27,45,12,33,6,49,17,44,20,47,34,38,32,48,57,46
38,1,40,42,6,31,13,22,61,32,19,41,3,21,48,44,16,59,51,24,46,25,29,49,56,34,10,62,14,55,37,23,63,17,26,2,4,28,36,39,30,52,43,45,8,20,54,35,58,27,11,53,12,33,7,9,18,47,0,15,5,57,60,50
23,48,16,51,34,27,56,20,43,12,7,21,38,35,10,62,50,61,5,28,60,4,55,42,14,30,31,8,47,32,13,11,25,57,49,54,63,6,44,39,46,15,9,2,45,0,1,40,37,58,18,29,59,33,3,41,26,53,17,19,24,52,36,22
24,57,36,29,51,18,1,47,62,25,41,50,49,37,6,46,32,39,8,63,56,33,54,34,10,21,52,30,0,20,59,40,5,17,28,4,60,58,7,11,43,35,44,27,45,16,2,61,22,23,14,42,48,9,26,31,12,3,19,55,38,53,13,15
24,16,21,39,34,29,40,1,27,17,5,60,45,15,59,26,49,9,63,62,20,3,7,61,37,22,14,43,47,32,53,56,28,10,50,25,57,48,55,36,8,44,51,46,31,58,54,2,35,52,33,18,11,13,12,38,19,30,6,42,0,4,41,23
6,45,0,44,2,50,8,58,24,17,54,31,47,38,9,25,63,62,3,30,19,55,4,46,10,23,43,7,37,60,39,61,36,33,40,15,28,20,22,16,53,27,52,21,51,18,14,34,32,1,56,57,49,13,59,48,42,5,35,12,41,26,11,29
12,5,25,2,44,9,37,55,18,22,7,27,53,23,33,59,3,15,16,34,41,14,63,60,62,51,56,45,1,8,36,17,20,35,38,19,28,4,54,58,46,52,40,57,13,32,6,24,10,39,31,42,50,48,11,26,43,49,61,30,29,21,0,47
26,20,43,0,60,2,30,11,41,37,6,59,32,47,29,12,58,16,57,3,38,36,46,7,55,45,35,4,24,13,56,39,42,8,54,40,9,21,5,51,25,53,15,14,22,62,23,63,48,19,52,10,34,50,61,1,31,17,49,28,18,44,33,27
18,14,19,15,31,23,33,51,40,26,21,22,50,17,2,4,60,12,57,48,25,20,53,0,1,5,41,47,44,63,13,62,38,55,8,39,34,59,49,7,3,27,52,58,28,37,54,24,11,35,6,56,45,9,61,46,16,29,36,30,42,10,32,43
59,24,42,45,39,35,25,48,41,29,7,31,3,6,56,27,14,10,51,54,1,52,62,12,26,18,34,28,40,47,57,11,23,49,0,32,46,22,20,36,61,37,15,44,33,5,38,53,55,43,50,63,19,4,2,21,17,30,60,16,9,58,13,8
44,62,20,48,36,34,2,53,28,25,32,22,3,10,4,21,8,31,45,14,47,19,39,9,29,46,24,56,59,11,12,41,40,7,17,13,33,1,61,50,57,5,60,27,18,15,38,52,51,54,37,30,16,43,35,23,0,63,6,42,26,49,55,58
23,12,3,24,46,5,8,56,34,39,45,49,10,6,18,4,2,1,62,52,63,42,15,11,33,30,38,47,9,50,32,29,59,36,19,14,31,41,43,7,58,44,53,57,35,25,60,48,51,27,22,55,16,61,26,37,0,54,40,21,13,17,28,20
24,56,31,32,0,33,51,37,23,58,41,62,5,63,18,52,34,7,36,44,3,8,48,54,46,45,40,30,12,61,19,25,53,15,28,2,39,16,60,21,43,22,57,38,49,50,20,1,11,55,59,42,10,17,35,13,6,29,47,26,4,27,9,14
38,32,47,26,49,10,52,24,55,48,35,7,60,22,31,5,50,14,63,12,3,34,28,18,51,2,53,36,41,13,44,45,0,43,54,62,56,23,40,39,57,33,58,30,16,27,15,9,4,37,11,8,21,1,42,19,6,25,17,20,61,59,29,46
25,62,24,8,4,15,0,5,28,43,55,56,30,51,45,9,59,53,20,57,54,37,39,63,27,19,32,50,38,22,48,31,10,2,23,6,44,40,61,33,46,11,14,47,18,36,1,58,29,35,16,49,13,21,17,60,42,34,41,52,3,12,7,26
16,40,52,55,10,0,36,2,56,5,42,7,38,61,25,37,29,53,1,8,27,26,51,30,33,32,57,20,12,6,19,23,34,44,41,47,21,39,15,35,62,18,28,4,45,17,9,49,60,46,31,63,58,54,24,14,48,50,3,43,22,13,11,59
31,9,4,19,36,7,21,27,13,16,50,37,14,40,22,56,20,54,33,41,2,18,47,39,48,43,61,46,30,55,23,62,51,25,28,53,58,17,1,3,26,24,35,63,34,29,59,11,0,6,44,12,10,15,60,32,8,49,52,57,42,38,45,5
7,14,32,1,62,29,21,41,15,53,23,54,28,63,44,16,37,18,47,52,9,11,2,13,46,35,43,57,26,51,34,38,31,24,4,27,3,40,45,17,42,48,39,8,49,50,58,33,36,60,10,20,61,12,6,30,55,5,59,56,0,19,22,25
15,44,16,54,63,23,22,21,8,13,40,7,47,30,61,55,5,12,2,29,35,10,32,34,4,27,52,0,45,58,38,42,31,20,59,49,46,1,19,43,18,41,57,17,60,9,48,33,50,56,25,3,28,11,53,14,51,62,24,37,36,39,26,6
31,20,48,63,57,49,40,61,0,44,17,42,8,1,24,19,59,29,21,6,3,10,37,26,38,22,16,5,56,9,50,35,28,30,60,33,34,51,58,32,12,53,55,14,43,4,25,13,47,54,39,7,15,36,27,62,23,41,52,11,46,45,2,18
19,23,22,11,54,36,21,24,48,2,33,8,63,25,58,26,37,0,7,44,61,38,10,55,30,13,12,4,41,16,5,53,42,57,47,1,17,46,60,29,28,49,15,20,34,51,27,50,32,62,40,9,6,35,45,18,31,14,52,59,43,56,39,3
8,21,44,23,40,11,43,13,52,58,14,33,50,5,17,18,10,6,1,26,54,42,59,35,9,32,31,39,0,38,63,12,57,61,20,47,48,60,3,22,37,2,29,4,30,15,51,16,34,19,45,62,55,41,56,36,27,25,46,49,28,53,7,24
18,19,40,62,54,4,43,50,58,22,17,26,25,16,14,6,0,21,8,7,49,20,51,35,24,9,30,29,57,3,31,59,55,37,2,39,44,42,61,12,27,60,41,32,13,38,1,63,11,52,15,36,5,45,34,46,23,28,53,10,56,33,48,47
25,4,43,42,34,38,46,33,36,20,16,58,40,13,26,56,63,54,14,0,52,30,3,28,2,24,60,62,47,61,48,35,11,57,10,50,27,6,19,39,23,7,37,53,15,31,51,18,17,21,55,32,12,8,5,41,45,22,59,9,29,1,49,44
37,39,40,41,7,30,61,26,20,49,50,63,44,16,35,56,29,58,31,52,43,13,17,55,0,54,42,59,6,46,15,57,9,33,28,32,3,8,12,34,24,53,18,47,21,45,14,48,1,11,60,51,2,5,25,38,22,10,62,27,23,19,36,4
38,47,57,63,62,43,18,37,14,1,56,19,34,31,46,61,39,12,8,2,40,51,59,13,6,52,16,53,25,20,15,32,4,10,55,21,28,5,36,26,44,54,22,3,9,11,35,60,17,24,49,23,0,7,58,30,42,33,27,41,48,29,45,50
52,22,49,30,55,50,15,23,18,19,28,8,40,36,4,29,27,47,12,31,11,37,41,21,2,1,25,51,62,42,35,26,14,39,3,46,13,58,9,17,53,24,7,38,54,34,20,32,16,44,33,45,56,63,60,0,59,5,61,48,57,43,10,6
52,42,40,22,10,23,53,2,43,3,5,58,0,14,47,18,41,19,25,50,54,57,13,20,36,8,30,60,12,27,49,9,59,16,15,34,1,32,62,45,61,55,6,38,31,28,39,63,17,7,4,33,46,35,24,44,48,26,37,29,51,56,21,11
55,38,29,30,28,33,24,63,12,6,15,8,3,5,56,44,4,13,53,58,10,34,21,48,51,27,59,22,19,14,20,41,54,11,23,60,45,61,42,40,1,25,17,49,36,32,0,18,9,43,16,2,26,37,47,39,35,57,31,7,52,62,46,50
61,8,29,32,49,13,53,16,17,42,28,33,52,43,6,35,14,57,38,37,44,11,1,3,45,60,27,5,41,4,20,7,54,15,24,34,62,58,51,40,36,23,30,10,48,50,39,47,0,26,21,12,2,19,63,18,9,22,46,25,56,31,59,55
42,50,14,6,8,49,22,25,51,55,19,7,26,11,2,56,32,63,12,13,0,31,40,35,4,28,48,29,59,43,18,3,46,27,57,34,62,36,17,20,1,60,39,16,53,24,38,37,9,41,58,45,30,15,52,33,44,61,5,21,47,54,10,23
44,60,35,4,62,17,49,20,32,6,1,52,28,10,26,27,18,7,48,3,0,37,25,33,47,45,29,53,61,8,19,54,12,55,59,15,57,22,11,41,43,51,46,5,56,34,58,38,2,63,40,23,9,50,24,36,42,31,16,13,21,30,14,39
12,26,18,2,14,13,29,42,15,33,0,21,56,48,36,63,32,8,62,5,58,54,24,31,19,44,38,50,30,61,53,28,25,40,45,49,46,55,11,43,57,52,3,39,35,37,60,27,4,7,34,9,59,23,1,22,51,16,10,47,20,17,41,6
19,11,0,22,1,54,24,27,41,49,50,25,31,8,51,30,29,10,35,18,47,14,44,12,57,40,2,28,37,52,3,39,45,34,42,4,23,38,63,61,53,58,6,43,33,9,15,48,55,5,62,16,7,17,21,13,59,56,60,32,20,36,46,26
19,16,52,8,37,4,43,9,14,42,13,63,11,28,46,62,48,5,25,29,55,40,12,39,33,10,50,54,38,53,51,60,61,26,36,34,45,23,49,27,21,30,32,2,47,24,57,58,7,17,1,35,6,20,31,15,22,0,3,59,41,56,18,44
1,4,60,63,31,6,28,43,57,3,15,62,33,21,14,55,27,42,40,36,52,39,5,54,45,11,26,23,25,7,16,51,47,29,9,34,0,18,22,13,56,24,59,41,20,19,44,35,17,50,8,32,49,2,46,48,10,58,38,53,61,37,12,30
19,47,24,53,34,35,42,2,10,21,20,37,49,33,51,59,11,13,31,46,18,57,15,29,41,63,32,43,0,36,22,45,12,3,17,25,30,8,23,56,16,28,44,5,14,48,54,58,1,4,40,6,7,61,38,26,55,52,62,27,39,60,9,50
63,11,23,35,34,51,42,26,25,62,9,44,59,17,54,16,4,43,2,20,61,29,60,48,33,30,39,21,14,47,57,56,53,27,8,28,19,52,37,6,50,22,55,40,0,15,36,3,46,45,7,18,32,5,1,49,58,31,24,13,10,12,41,38
12,61,56,43,29,57,28,38,59,62,15,6,58,22,16,50,23,4,9,55,53,32,2,41,33,54,5,10,48,18,21,40,45,26,46,37,49,13,27,7,30,63,17,47,25,39,20,8,3,36,0,31,51,60,11,19,34,35,52,14,24,1,44,42
29,39,5,51,14,22,16,43,45,21,61,4,59,31,23,52,24,30,42,26,48,19,17,7,2,9,46,11,50,47,35,37,44,33,60,1,54,27,41,56,8,13,28,38,6,34,57,36,62,12,15,25,49,63,55,3,58,53,18,10,40,32,20,0
56,48,30,40,63,25,42,35,54,41,26,49,27,29,33,9,11,17,37,1,36,6,15,12,51,24,52,31,32,55,14,43,20,59,62,58,34,28,23,46,8,44,38,0,47,3,18,60,39,19,10,5,45,13,50,61,21,57,7,53,4,2,16,22
19,44,43,35,45,49,17,30,61,62,38,55,4,59,36,1,54,14,60,33,18,22,13,23,25,0,40,10,50,16,39,26,42,8,32,57,27,41,34,31,2,15,48,52,53,51,28,29,24,58,3,63,21,6,46,47,20,7,37,5,12,9,11,56
19,59,5,20,55,51,60,17,45,34,37,56,30,47,25,14,38,36,3,8,54,33,40,48,63,39,23,24,46,1,12,61,31,29,49,57,27,53,18,13,11,58,42,50,44,4,28,16,52,32,7,10,41,26,21,15,2,43,9,35,62,0,6,22
10,52,54,36,62,30,61,7,17,20,51,58,41,21,18,22,40,59,2,46,8,1,48,19,4,38,15,34,56,49,12,60,3,6,63,43,28,9,27,39,23,31,32,14,37,16,25,50,55,33,5,26,11,29,42,24,53,44,13,47,57,45,35,0
37,31,19,47,32,25,4,20,52,0,41,61,43,46,11,26,45,50,36,18,40,15,55,13,39,5,56,28,30,35,38,63,29,12,60,10,57,14,51,3,54,49,17,34,7,53,59,24,9,2,23,22,44,1,27,58,33,21,8,48,62,6,16,42
7,39,21,2,8,0,53,25,26,33,15,45,59,47,55,31,18,50,17,48,5,10,12,63,29,9,30,24,20,19,11,35,36,1,4,43,38,27,41,42,28,46,61,13,22,62,49,56,16,32,40,6,54,60,57,37,34,51,23,3,52,14,44,58
7,29,36,15,22,51,61,44,41,28,50,45,4,8,9,58,16,57,13,0,38,63,25,6,27,5,19,54,46,42,49,11,60,39,24,47,23,53,21,1,31,62,18,34,30,26,35,56,14,59,40,33,55,32,10,52,43,17,48,2,12,37,20,3
51,25,1,52,20,34,4,37,2,23,59,56,12,39,41,19,24,61,63,13,31,45,5,29,35,36,11,55,50,15,16,53,40,14,47,6,54,28,18,27,48,30,7,22,32,46,49,58,10,17,8,57,33,9,3,43,44,0,38,26,42,62,60,21
26,61,51,16,18,14,58,35,21,24,28,1,27,20,63,29,39,62,13,42,55,37,56,9,43,45,46,15,3,48,59,17,2,53,36,22,52,11,7,4,57,34,41,40,33,31,60,54,47,0,32,6,49,38,23,19,10,25,8,44,30,12,50,5
59,4,29,24,45,51,49,39,40,48,34,52,7,38,25,20,19,63,21,17,23,30,9,35,27,8,41,5,10,6,37,62,15,43,2,14,0,54,60,13,58,31,47,12,22,28,53,61,16,42,50,55,57,56,18,46,32,11,44,26,33,3,1,36
51,58,10,34,33,15,7,52,6,43,24,55,30,4,61,5,35,22,3,38,13,28,17,16,9,0,57,36,47,21,49,31,12,20,42,54,63,26,44,40,50,14,1,18,23,46,48,60,41,29,2,62,11,53,39,27,45,19,32,37,59,25,56,8
20,1,28,10,12,7,51,50,39,48,15,61,8,21,55,46,19,59,2,26,0,63,3,18,42,36,24,29,5,9,6,33,47,23,35,58,45,53,38,40,27,41,54,32,16,52,57,17,14,49,37,34,25,56,4,31,43,44,30,22,60,11,13,62
15,45,12,59,23,56,50,53,62,13,47,21,28,52,17,32,2,38,27,0,5,11,7,34,36,40,31,43,33,63,3,6,49,57,48,54,61,18,25,58,14,29,19,4,30,16,10,60,55,22,41,35,1,39,51,37,8,46,26,44,42,20,9,24
3,47,34,40,58,48,49,60,16,10,53,2,61,23,39,30,57,1,20,59,22,35,54,9,56,50,7,6,43,45,25,41,27,19,38,13,32,24,18,0,28,17,29,46,51,44,55,31,5,14,15,36,4,26,12,63,42,21,62,8,11,52,33,37
47,33,11,29,49,0,3,56,52,13,31,53,5,28,1,35,44,55,37,9,40,46,61,4,7,15,41,34,18,27,39,60,6,48,25,10,58,38,17,36,59,63,14,16,45,62,32,57,12,21,43,22,20,23,8,42,54,2,30,24,51,19,50,26
0,45,44,51,3,46,18,32,15,52,38,30,1,6,5,25,33,59,58,7,53,57,28,19,49,43,9,13,47,22,50,10,20,2,4,56,62,42,36,11,40,41,12,54,24,14,55,21,8,23,26,39,17,29,35,34,63,27,61,48,60,16,31,37
3,60,63,30,38,23,41,53,7,2,32,35,45,15,36,62,49,50,48,58,52,26,25,34,0,6,21,47,11,31,33,59,51,9,10,55,19,37,8,29,54,22,43,20,13,17,27,1,39,28,46,42,40,18,5,14,16,61,12,44,57,56,24,4
31,37,22,61,14,33,13,44,23,38,7,40,3,49,39,55,43,20,62,58,41,26,59,53,27,46,52,47,28,63,60,57,11,25,36,9,35,51,45,2,19,48,18,12,24,42,5,6,10,4,8,15,17,56,0,1,50,16,34,54,32,21,29,30
9,21,38,12,40,26,55,19,44,15,60,11,28,16,61,56,23,22,32,1,7,62,29,57,41,49,35,2,24,50,54,45,47,33,63,53,17,51,34,8,39,13,14,37,25,31,30,46,3,0,18,59,10,36,6,48,58,43,42,52,5,27,20,4
1,53,27,33,59,3,31,17,38,49,30,2,62,9,24,22,35,28,50,6,60,15,54,8,10,52,34,37,42,41,45,43,29,46,56,36,20,16,47,55,19,32,58,13,44,23,21,14,4,5,12,25,61,57,40,26,63,0,7,11,18,39,48,51
37,0,3,41,18,50,61,45,63,44,14,52,62,42,28,9,4,11,60,58,47,39,5,31,56,53,35,19,40,7,38,13,34,32,46,36,54,24,21,15,26,33,48,2,22,29,10,30,27,6,20,1,23,12,16,51,59,43,49,25,8,17,57,55
29,18,9,38,15,37,47,61,56,27,20,1,45,2,53,10,51,54,63,3,57,46,59,23,19,16,60,11,48,58,55,42,13,28,31,22,7,33,6,17,44,30,34,32,21,4,50,49,8,43,12,0,36,62,40,52,41,5,24,35,14,39,25,26
44,20,25,22,28,19,62,41,50,30,37,51,35,33,43,14,17,11,34,47,31,16,39,63,10,12,49,18,58,55,8,24,52,57,3,61,36,59,53,56,32,9,60,15,45,5,27,13,38,2,4,26,54,48,6,29,0,23,42,40,7,1,21,46
40,46,51,60,13,41,5,39,14,2,35,56,1,32,53,36,58,48,24,6,31,17,8,4,7,47,19,55,63,54,42,38,16,23,44,12,37,62,28,59,0,50,52,43,18,22,15,29,9,61,10,34,45,20,49,26,25,30,21,27,57,33,3,11
14,25,52,30,2,13,58,7,4,18,47,57,5,43,34,36,15,1,54,40,60,24,17,49,28,31,59,37,9,11,39,27,6,50,46,23,63,62,53,10,20,41,0,56,12,45,35,51,3,16,44,33,32,29,19,26,38,48,22,21,61,55,8,42
44,42,39,29,56,4,17,15,28,33,63,8,43,20,37,30,49,19,23,57,60,22,46,21,51,38,62,48,27,34,13,0,2,25,41,61,12,24,50,26,40,36,32,31,14,16,18,3,5,11,35,9,53,6,1,45,58,7,59,47,55,10,54,52
7,49,5,46,10,27,6,55,62,18,61,58,19,29,43,41,15,11,40,24,20,52,33,26,60,1,30,16,31,50,35,2,25,34,47,54,37,3,39,45,63,38,59,12,13,42,48,28,9,51,56,14,22,32,53,17,44,23,21,57,0,8,4,36
16,60,59,12,43,49,30,61,39,10,13,5,14,15,3,23,25,22,21,4,42,52,63,54,58,32,17,26,40,62,7,37,46,41,28,6,56,9,33,45,47,24,31,53,18,44,51,19,50,34,38,36,20,29,8,2,55,11,0,57,35,48,27,1
59,56,58,15,29,34,20,49,52,17,35,43,24,54,13,16,6,31,19,41,4,12,5,50,25,28,55,27,7,0,37,18,42,26,21,11,39,14,40,23,8,33,2,3,22,46,30,62,36,63,57,47,44,53,60,38,45,61,10,51,1,32,48,9
9,54,63,14,40,46,37,12,44,60,29,11,22,52,8,2,51,20,55,56,57,33,32,53,10,34,28,4,30,19,45,62,18,47,38,15,1,26,17,59,27,21,24,25,41,3,39,49,23,58,42,5,43,35,61,36,48,31,0,13,6,16,50,7
44,13,61,2,15,50,31,59,9,10,54,27,4,60,7,34,42,30,35,19,1,6,3,45,28,20,47,5,29,63,43,16,58,41,55,14,24,18,11,23,57,38,51,12,17,26,0,39,36,56,21,22,25,40,48,62,33,8,52,53,37,49,46,32
56,21,54,9,14,55,43,17,52,39,25,34,10,62,13,50,24,61,15,6,11,57,58,1,47,32,41,22,35,60,23,0,46,36,42,29,12,63,51,27,48,3,59,19,26,4,18,2,38,31,28,8,20,44,40,53,45,33,30,37,7,5,49,16
8,9,52,4,45,56,36,6,53,47,39,54,23,46,19,44,63,43,29,37,10,17,21,51,30,33,26,42,50,41,58,59,38,1,5,20,34,14,22,12,3,15,31,16,40,28,62,32,13,57,60,49,27,55,7,61,11,0,18,24,2,35,25,48
44,60,45,38,36,15,62,17,0,61,26,33,27,21,32,55,40,19,46,2,28,34,25,51,35,11,48,12,41,13,54,50,6,31,22,9,18,37,39,10,7,3,4,5,59,49,43,47,30,23,16,20,56,57,29,8,24,53,14,63,1,58,42,52
39,52,63,38,37,49,1,27,62,26,8,19,6,3,51,30,56,15,11,12,57,9,35,58,28,10,42,21,36,2,45,33,60,18,41,31,40,34,29,47,43,48,5,46,22,53,23,25,20,44,32,61,0,17,14,13,50,54,24,16,7,59,4,55
12,57,52,48,56,22,33,15,49,63,4,54,53,45,1,43,20,19,11,18,46,59,61,16,60,7,41,36,29,55,51,32,38,28,2,13,14,40,47,39,21,44,34,23,30,10,3,24,37,6,5,42,17,26,0,31,62,58,50,25,9,8,27,35
51,5,23,26,9,1,62,25,55,24,13,22,42,3,27,34,8,28,2,29,18,61,49,15,47,10,43,38,31,45,44,39,14,37,6,35,46,33,21,48,32,63,52,59,56,4,11,12,20,50,7,30,40,53,58,36,41,60,54,17,16,0,19,57
54,8,15,36,46,41,3,27,5,19,59,12,39,23,44,18,55,52,62,45,29,58,56,17,26,34,48,49,9,61,11,6,22,42,2,51,14,30,0,33,57,1,32,24,50,31,60,47,38,37,20,4,63,40,13,28,7,10,43,21,25,53,35,16
26,13,14,19,62,40,46,38,8,53,6,56,25,31,39,43,24,49,17,61,30,55,44,18,15,2,50,27,42,29,1,45,36,12,5,33,16,32,63,59,28,37,52,9,22,10,7,3,58,57,51,20,21,48,0,4,35,47,23,41,60,34,11,54
10,53,52,35,8,57,14,63,59,15,40,19,25,36,12,55,16,24,3,38,31,13,21,56,2,30,41,6,48,29,27,60,45,18,46,58,9,34,39,20,50,7,47,5,54,43,4,32,42,44,51,62,1,28,49,37,11,61,33,17,23,26,0,22
41,7,63,53,37,2,19,56,44,12,38,25,27,15,22,60,62,3,42,29,9,55,61,10,18,48,45,46,17,57,30,20,13,32,59,31,1,21,14,51,43,23,24,6,33,40,39,0,47,5,11,35,58,28,16,4,34,36,52,8,49,54,50,26
21,22,14,41,18,54,7,30,33,57,55,2,12,59,61,1,26,34,51,27,49,11,29,3,15,39,53,46,28,5,8,9,19,31,58,52,10,0,45,48,62,47,24,20,43,13,56,50,40,38,4,42,63,37,23,6,35,44,25,36,16,60,17,32
17,58,31,52,21,45,34,6,26,43,1,13,29,51,54,2,50,59,55,57,11,25,41,4,33,53,38,8,49,62,23,24,44,9,16,30,39,7,32,37,47,56,10,19,35,28,48,5,15,3,18,22,20,12,60,63,42,61,0,36,27,40,46,14
5,37,20,10,1,40,63,59,12,11,49,44,19,6,51,15,50,32,16,18,53,21,61,39,22,42,25,33,58,62,14,55,24,35,54,27,30,43,48,28,45,13,46,7,31,29,47,4,52,38,9,41,23,8,26,0,34,60,17,36,3,57,2,56
41,59,36,2,57,33,16,9,45,52,34,42,15,7,38,53,55,48,35,24,10,19,60,27,26,8,5,54,61,49,40,58,21,62,51,32,56,46,18,63,4,17,25,11,30,43,20,14,0,3,31,50,28,44,6,1,39,23,47,12,13,29,22,37
20,5,48,38,3,49,17,8,52,39,36,4,33,19,10,35,31,27,53,9,0,21,47,12,43,55,29,59,37,63,41,1,26,22,44,61,25,57,13,24,51,18,45,6,46,32,14,50,56,23,58,54,42,34,40,2,30,28,62,11,7,60,16,15
22,4,5,33,25,59,13,44,0,10,3,29,45,30,21,14,1,61,55,18,17,49,12,19,20,38,32,26,37,60,36,34,50,9,41,53,23,48,15,8,40,47,58,56,31,2,46,35,6,7,39,11,43,24,16,28,63,57,62,52,54,42,51,27
61,18,32,58,57,21,62,41,40,1,50,36,60,26,31,35,14,56,22,8,39,59,34,4,9,6,23,5,27,19,45,17,0,51,49,52,55,38,43,28,3,47,7,44,63,24,11,12,20,10,48,29,15,54,33,2,42,46,30,37,16,53,13,25
32,3,17,51,53,57,34,6,43,31,58,4,49,2,28,60,61,59,24,46,55,16,19,23,22,1,39,36,11,54,9,44,33,10,41,21,42,30,14,56,37,18,52,45,15,48,13,25,62,50,35,27,5,38,63,40,29,0,20,47,12,7,8,26
22,3,32,48,45,29,31,11,34,51,24,18,56,12,17,30,52,54,26,39,50,35,46,37,19,25,53,49,13,4,15,38,59,57,55,33,27,36,63,41,23,8,6,7,9,40,10,20,2,58,62,44,16,5,28,61,21,43,1,0,14,42,47,60
37,34,57,49,53,58,59,27,60,8,50,42,16,14,4,0,52,21,12,7,5,24,38,46,9,20,44,41,33,55,62,10,26,18,2,32,11,45,56,61,30,36,28,19,35,54,25,29,3,40,13,15,22,47,31,39,48,23,6,51,1,63,43,17
44,6,16,10,13,49,37,11,32,48,58,5,43,24,62,22,14,27,47,26,19,23,34,56,45,53,42,36,50,38,21,30,54,8,12,0,33,31,29,39,55,41,28,20,51,35,63,60,59,25,7,61,2,57,18,9,17,46,4,40,1,3,52,15
43,40,25,11,49,17,51,14,24,38,33,50,52,31,62,23,2,15,58,29,39,4,10,0,61,42,44,46,6,26,41,5,8,27,55,28,63,48,21,47,3,53,1,54,34,30,22,56,12,32,37,35,16,18,7,59,9,13,60,36,45,19,57,20
47,13,38,35,3,19,53,12,52,14,54,23,46,63,21,28,45,26,24,16,18,0,33,62,37,40,59,55,42,9,22,48,25,51,49,57,5,1,15,56,41,27,44,8,43,10,11,31,34,50,2,20,58,17,4,7,36,30,32,60,61,39,29,6
32,17,27,55,41,42,43,39,63,51,33,14,45,60,23,20,46,29,4,59,35,25,56,47,52,21,62,5,38,0,40,28,31,26,50,37,58,7,12,11,13,15,57,49,10,2,44,34,53,36,8,48,6,22,16,3,54,24,1,30,9,19,61,18
60,24,10,39,32,47,34,46,19,12,11,37,6,49,25,36,20,21,58,9,38,62,5,31,27,40,3,17,63,44,29,57,26,52,42,7,54,48,33,56,45,61,59,0,51,16,53,28,13,43,15,8,14,55,1,22,41,35,2,4,30,23,50,18
55,63,38,34,25,3,31,17,30,45,18,54,62,12,50,39,41,42,61,48,13,4,16,57,6,59,33,26,8,21,51,49,20,10,14,29,37,35,32,7,36,56,0,58,19,2,52,44,15,23,40,43,11,60,9,1,24,47,53,5,22,46,28,27
37,54,31,21,57,38,16,23,17,11,12,48,19,27,58,42,33,44,2,9,53,26,45,52,30,61,0,59,55,46,62,3,15,18,4,6,41,14,49,47,28,56,43,25,40,34,10,22,5,1,50,8,24,39,36,35,63,29,51,13,7,60,20,32
57,33,61,30,1,39,19,26,49,55,52,25,32,40,5,31,56,8,45,46,36,58,62,18,34,38,22,13,10,53,47,6,43,23,48,29,35,41,54,21,2,7,59,42,37,20,0,11,51,44,15,27,63,9,4,60,17,3,50,14,12,28,16,24
17,13,9,0,34,28,45,16,5,60,58,44,15,31,33,42,56,6,7,48,21,12,53,30,54,57,22,25,55,27,20,43,52,3,62,8,41,49,50,26,1,47,61,35,63,4,29,36,24,37,40,19,14,11,10,51,32,18,39,38,59,2,46,23
48,19,14,22,34,12,53,61,42,2,36,44,27,23,6,9,28,49,62,15,18,47,3,50,39,29,35,31,26,11,63,0,16,25,57,60,45,54,10,4,46,33,21,32,13,1,51,55,20,24,30,56,8,59,38,5,58,40,41,52,17,43,7,37
4,38,37,55,22,16,63,9,32,24,36,40,44,50,61,12,26,59,58,13,27,20,34,39,31,56,1,5,17,18,46,30,41,42,15,48,19,25,0,3,35,62,7,11,10,53,29,45,23,14,52,54,47,2,43,51,57,6,21,33,28,60,8,49
6,13,35,5,46,9,62,8,4,43,38,18,32,10,61,23,63,15,53,22,25,47,26,31,49,39,60,50,36,24,41,14,29,44,11,54,40,28,45,48,3,7,12,33,1,0,2,58,34,30,20,19,52,27,17,55,16,56,37,59,51,21,57,42
39,19,30,3,22,37,46,40,28,13,15,5,8,52,41,32,17,33,16,20,51,10,59,34,1,24,58,50,29,47,45,14,49,38,54,0,2,56,63,12,35,43,62,21,25,61,31,11,18,60,27,36,44,55,42,6,9,7,26,48,57,4,53,23
60,57,61,63,6,2,32,8,40,45,25,44,33,35,38,58,53,15,7,41,12,39,56,10,23,54,28,18,1,34,51,36,3,27,47,31,13,46,55,50,42,22,30,29,11,37,43,62,59,19,14,24,0,52,16,26,4,9,21,49,5,48,20,17
54,4,14,20,58,46,39,2,13,48,43,22,42,9,10,63,27,5,21,6,28,50,30,31,34,15,18,55,47,62,29,32,12,45,19,41,61,17,7,49,1,38,37,11,0,33,16,53,52,35,24,57,26,60,40,44,36,59,56,3,25,23,8,51
40,1,46,63,56,18,30,17,51,34,19,45,12,15,6,54,16,61,26,4,2,11,53,62,43,52,42,20,38,57,9,41,13,27,60,14,5,8,21,31,32,10,48,24,36,55,7,58,59,37,0,23,29,22,47,50,28,39,3,49,33,35,44,25
20,56,61,15,47,27,29,40,18,22,58,44,52,14,30,57,19,45,10,50,24,43,48,26,6,62,32,33,54,37,9,17,28,35,11,21,55,0,3,46,51,16,42,12,59,49,41,53,8,4,1,7,39,63,2,36,34,23,38,60,13,5,25,31
11,34,21,6,41,8,28,43,12,10,24,23,49,54,25,4,61,14,33,0,59,44,52,19,18,32,13,30,45,31,26,48,3,7,1,62,38,16,51,20,40,55,53,9,42,57,2,15,63,27,47,39,35,56,5,29,50,17,46,22,58,36,37,60
34,20,50,16,17,15,36,48,40,7,26,35,55,4,41,27,37,19,45,62,47,14,29,8,30,44,54,56,28,60,0,53,33,3,2,13,11,21,43,1,32,57,52,5,6,61,22,49,39,31,42,63,25,9,46,38,23,58,10,24,12,51,59,18
32,11,17,5,15,54,31,51,34,36,59,61,27,50,1,45,25,37,6,48,20,38,52,29,44,40,56,41,33,19,10,18,46,24,43,55,2,13,63,47,22,49,14,16,4,62,57,7,28,26,3,53,23,42,0,39,60,30,12,9,35,21,8,58
45,26,54,24,32,35,19,58,63,1,44,53,49,2,34,40,48,28,10,8,23,56,15,13,61,31,27,46,60,17,42,7,3,16,30,50,21,51,20,41,4,39,38,59,12,43,62,5,33,6,29,11,22,52,0,55,25,36,37,18,47,14,57,9
39,0,60,44,26,47,54,52,46,23,49,1,34,7,4,9,10,58,25,53,31,18,13,16,42,14,55,43,61,38,15,12,41,59,50,32,36,20,63,17,8,19,27,29,62,40,21,33,37,35,3,6,51,22,57,24,2,11,28,48,45,56,30,5
37,6,12,32,22,54,43,5,33,21,59,24,46,9,4,60,56,3,27,31,29,25,42,53,41,35,2,49,63,14,36,18,38,55,16,11,20,34,13,40,8,45,1,30,57,0,51,15,10,28,7,52,44,48,62,58,39,17,26,23,47,50,61,19
40,4,45,19,38,29,56,37,10,63,15,20,18,11,1,9,32,31,61,47,50,6,54,17,39,34,21,26,42,30,33,60,27,0,49,58,51,23,48,57,2,35,59,12,22,44,55,5,41,8,36,13,53,14,7,62,28,24,3,43,46,52,25,16
1,43,19,8,56,23,3,2,46,16,58,15,57,5,30,27,26,47,59,42,12,60,39,41,28,54,36,4,11,53,51,52,40,7,55,14,21,44,50,9,25,32,37,6,33,18,20,45,22,35,34,62,29,24,0,31,61,38,63,48,10,13,17,49
42,61,39,11,12,21,53,32,31,9,40,48,38,46,36,55,47,28,4,15,3,59,27,49,14,51,57,35,23,24,63,43,0,56,25,20,52,10,22,19,44,13,7,37,30,60,16,33,58,26,41,18,34,1,29,45,62,54,8,6,50,5,2,17
28,57,44,45,24,12,37,60,39,55,16,13,36,63,48,40,1,34,19,21,43,41,22,11,59,62,46,23,20,29,10,5,56,52,2,33,31,14,53,50,32,4,30,58,38,35,15,51,6,26,18,54,42,27,47,3,49,7,61,9,0,8,17,25
32,48,38,4,14,16,18,10,15,6,5,13,21,39,54,60,33,28,44,47,29,12,8,43,2,17,7,57,36,20,30,41,62,26,9,61,53,22,0,25,1,55,45,3,63,58,42,52,19,24,31,40,27,37,35,34,23,51,59,49,46,11,56,50
29,27,52,34,58,32,41,46,42,6,16,3,8,1,13,28,49,7,50,31,15,18,63,35,21,9,25,61,5,54,14,51,47,12,11,4,55,10,48,22,26,38,33,45,30,36,19,43,20,44,53,40,60,17,0,23,39,57,62,24,59,56,37,2
4,21,34,1,30,26,3,9,42,32,37,12,22,10,23,45,36,50,2,52,25,17,59,39,7,48,40,18,61,6,38,43,27,55,31,35,11,29,56,19,49,20,5,13,58,54,33,15,62,24,0,44,57,41,28,60,51,16,14,63,46,8,53,47
0,14,9,32,12,23,55,56,18,24,11,47,17,20,10,58,25,13,42,19,46,4,51,40,8,6,2,48,39,54,15,41,29,26,31,1,33,60,27,38,43,62,44,16,53,63,7,35,57,50,59,52,37,49,3,21,30,61,36,34,45,5,22,28
45,24,49,59,21,57,58,27,19,6,51,36,11,4,41,34,29,22,44,54,35,26,20,15,52,31,16,25,33,5,47,18,53,37,60,2,40,56,38,46,30,43,7,42,32,0,3,17,9,8,1,62,12,61,23,39,48,13,28,63,14,10,55,50
37,28,47,58,18,1,49,33,22,62,38,57,27,5,7,44,6,41,30,56,19,35,31,9,55,40,42,52,53,50,11,63,10,17,3,4,15,24,45,0,43,21,36,51,16,25,20,14,54,34,26,48,59,46,61,8,23,13,32,12,60,2,29,39
30,15,32,59,19,37,47,25,10,45,24,12,58,41,31,27,57,39,1,62,21,26,14,54,56,52,0,42,35,43,55,61,6,23,34,16,9,13,60,22,8,50,5,44,38,7,29,18,20,46,48,11,36,3,49,40,17,53,28,63,4,2,51,33
14,49,18,21,8,1,32,34,63,12,44,36,48,2,40,45,27,52,31,10,7,41,46,15,26,5,29,56,47,39,25,17,23,61,20,28,62,24,3,54,4,22,37,11,42,55,53,60,6,43,13,50,33,38,19,51,16,0,35,59,58,57,30,9
28,59,5,25,16,23,35,36,43,60,52,2,14,48,55,56,12,21,0,4,33,10,32,46,50,57,13,47,53,18,27,3,40,51,38,1,30,19,37,39,31,62,17,41,54,42,6,26,34,29,44,9,7,22,63,11,20,45,15,58,61,24,49,8
44,61,42,4,18,49,20,48,17,31,63,45,50,38,15,11,21,47,25,41,53,60,56,12,19,23,10,51,58,28,9,26,35,54,3,7,40,46,55,32,33,6,1,24,0,29,30,36,16,27,5,37,8,2,57,13,59,39,14,62,34,52,43,22
25,40,63,31,35,2,24,51,33,4,17,50,44,21,43,41,32,29,60,27,16,26,10,12,1,49,45,57,11,37,14,8,6,23,7,20,62,19,46,30,53,58,54,28,59,56,15,38,42,9,22,5,18,48,61,52,3,36,55,34,47,0,13,39
46,48,47,13,26,31,15,17,53,30,24,50,25,14,8,23,32,55,54,36,33,58,16,39,1,37,49,10,3,21,6,44,5,19,27,56,43,0,38,57,7,45,12,41,34,63,59,35,4,9,20,51,60,18,61,52,22,62,11,28,2,29,42,40
45,42,56,55,12,9,35,27,6,34,17,49,62,29,26,18,39,13,43,15,44,5,25,33,37,51,59,21,7,40,8,23,14,61,30,4,54,3,63,47,53,48,20,60,16,38,58,10,11,19,31,28,46,24,1,2,22,32,50,41,0,36,52,57
7,40,16,33,55,58,23,45,34,24,25,35,48,28,9,37,2,26,51,5,39,13,50,18,1,8,44,15,62,20,46,10,36,29,21,54,0,53,31,30,11,27,19,41,14,22,12,3,47,61,6,60,4,59,43,63,49,52,57,56,32,38,17,42
28,26,62,35,59,6,58,2,37,21,44,3,38,49,13,12,5,41,55,33,18,57,1,61,22,20,60,40,48,50,15,8,23,31,56,10,11,27,30,24,14,39,4,63,34,51,54,17,9,0,53,25,7,46,52,19,43,45,16,47,32,29,42,36
44,45,36,16,58,55,60,4,31,32,15,39,20,33,7,8,17,6,25,62,53,61,56,3,52,43,29,40,41,34,13,5,59,2,30,50,42,22,27,14,26,19,49,11,63,35,47,0,9,1,46,54,18,23,48,24,37,28,51,57,10,38,12,21
62,53,20,22,11,25,42,49,45,41,30,61,2,28,7,47,10,26,8,1,54,36,24,44,5,0,43,15,27,57,59,55,48,58,50,46,19,18,6,34,13,40,63,51,17,37,4,56,12,9,31,35,23,3,33,29,60,32,21,14,52,38,39,16
58,41,20,15,63,52,22,27,36,45,8,60,26,2,56,23,16,43,44,38,53,50,40,9,4,35,11,14,46,31,7,54,3,34,39,30,62,49,17,21,59,19,12,61,47,10,57,28,1,51,18,33,29,24,25,55,0,42,48,5,6,37,13,32
19,44,0,13,46,47,40,49,25,56,6,53,28,10,18,33,30,58,2,32,63,26,4,45,7,60,41,57,29,61,59,15,37,20,9,3,48,54,62,52,1,39,38,55,36,8,12,42,34,51,24,11,43,22,5,31,27,17,23,50,21,35,16,14
4,8,9,24,18,13,38,0,61,53,60,40,17,25,39,5,33,12,16,26,23,63,27,15,37,41,42,49,57,56,7,10,22,29,34,32,50,3,28,48,52,19,11,46,62,58,1,30,21,2,31,35,36,43,54,14,51,55,45,44,20,59,47,6
38,2,18,19,13,40,33,63,46,32,4,62,11,53,10,57,25,60,7,14,22,41,24,9,26,28,3,23,36,50,31,45,35,56,12,30,58,48,37,0,42,1,61,29,16,43,59,15,27,55,39,17,5,21,52,51,20,6,47,49,54,34,44,8
25,52,58,46,21,6,62,63,45,49,48,61,60,43,26,55,32,56,13,15,51,54,24,14,22,34,57,8,33,41,53,1,18,9,7,23,28,36,29,0,44,47,4,30,37,10,5,35,12,38,16,27,40,59,39,31,42,50,2,3,11,19,20,17
50,41,19,30,23,15,37,39,20,6,47,57,60,26,21,36,40,34,27,22,0,3,1,55,11,28,49,17,24,14,61,35,29,52,44,7,18,45,59,31,5,46,38,42,4,12,62,43,16,53,9,32,25,58,56,10,33,63,13,48,2,51,54,8
36,8,3,55,2,39,40,21,57,37,5,10,32,58,34,20,28,38,46,44,0,62,35,7,51,1,54,23,11,50,59,60,56,14,33,41,31,15,24,43,25,17,53,52,6,61,49,29,22,47,27,45,16,9,63,48,26,42,13,4,18,19,12,30
2,43,42,37,4,25,63,50,12,29,58,61,49,19,56,59,0,11,52,9,48,15,14,23,54,28,62,31,16,6,22,33,38,8,18,41,44,5,3,46,27,17,51,26,10,1,32,24,53,21,7,13,35,45,36,60,39,57,34,30,20,47,40,55
24,32,28,10,46,42,62,58,4,47,43,25,36,34,13,41,22,51,56,30,39,50,55,61,23,6,37,18,53,40,2,1,16,8,26,15,60,44,38,19,35,59,9,29,3,31,45,52,5,11,7,27,14,12,0,54,48,20,21,17,57,33,49,63
0,8,16,40,38,24,55,22,47,43,41,61,29,51,59,37,42,15,10,48,60,34,28,35,25,36,1,44,31,6,49,39,30,58,56,11,4,18,17,3,19,52,50,33,45,57,54,21,13,7,12,2,20,53,9,27,63,46,23,14,5,26,32,62
31,17,49,22,51,35,45,46,40,53,54,36,12,38,26,37,60,7,63,47,9,2,6,20,59,11,57,41,25,0,61,18,24,43,39,16,21,33,10,5,50,56,19,23,28,3,14,29,4,32,8,34,44,52,62,42,58,55,13,27,30,1,15,48
18,25,48,1,4,3,9,36,49,42,2,5,14,59,56,22,57,24,45,10,13,63,20,51,40,62,8,50,47,33,58,38,37,35,32,53,55,11,34,27,19,7,31,12,28,26,0,39,21,15,29,54,52,61,16,30,46,60,41,44,17,6,43,23
22,61,28,37,27,5,50,48,8,19,36,24,1,12,9,57,42,40,17,11,54,20,31,41,63,32,43,59,18,47,35,29,2,15,0,14,25,62,4,45,10,49,39,55,51,3,21,53,46,6,34,33,58,7,38,56,23,16,52,26,60,30,13,44
47,10,40,6,39,37,17,5,53,46,19,20,61,54,16,26,4,45,2,13,30,9,58,1,23,31,42,12,38,3,43,62,14,41,24,32,33,36,50,44,11,25,49,15,56,27,35,48,28,22,63,57,34,8,7,29,0,52,51,60,21,18,55,59
55,33,27,4,50,61,49,59,41,36,38,40,22,46,26,24,29,51,44,21,32,62,18,60,52,0,12,42,17,25,35,48,45,13,39,47,16,31,19,14,43,30,5,20,53,28,57,56,23,9,11,15,63,1,54,10,3,58,6,34,8,2,37,7
23,26,45,14,38,28,53,2,44,21,42,1,50,25,24,9,11,0,59,8,17,47,10,52,13,4,22,30,32,63,55,19,61,16,18,39,6,35,54,27,57,56,12,36,58,29,34,20,60,48,37,15,51,31,46,5,7,43,3,33,40,41,49,62
57,62,52,58,14,38,22,12,25,28,21,32,39,42,47,5,0,4,43,29,48,20,50,16,44,6,49,27,8,53,2,24,13,3,35,45,30,17,11,1,55,19,23,51,59,37,7,36,54,15,34,40,9,63,46,41,10,61,60,18,33,56,26,31
58,4,56,8,11,47,61,39,23,18,55,57,16,30,59,5,7,13,54,3,48,34,32,60,37,62,46,40,50,45,1,6,29,14,12,51,9,0,19,15,21,43,33,52,31,63,26,24,36,22,20,41,10,2,25,42,53,28,38,49,44,17,27,35
52,25,23,28,3,15,41,54,49,60,43,7,63,45,55,30,5,12,61,47,51,9,11,8,48,50,18,13,24,59,14,21,38,37,35,39,62,46,58,40,1,56,22,36,0,57,4,53,31,2,42,10,29,20,32,33,44,34,16,26,27,19,17,6
62,60,11,26,34,48,49,43,39,58,47,19,51,1,4,21,20,28,30,12,29,61,32,9,13,55,53,35,23,56,18,14,44,5,24,3,17,10,36,50,0,27,38,22,52,45,41,57,46,8,59,6,7,25,40,31,2,54,37,33,63,15,42,16
56,59,10,18,8,57,53,1,45,54,39,13,28,2,21,7,5,49,52,48,55,35,40,6,43,12,63,36,16,34,23,0,9,15,31,24,33,22,37,30,47,32,46,42,50,4,29,20,61,41,17,19,27,58,60,51,3,62,11,14,25,26,38,44
38,42,3,2,23,50,1,58,4,62,63,21,48,18,36,35,44,45,37,25,40,59,55,10,19,28,56,61,41,31,0,13,11,16,7,53,6,54,12,51,46,15,47,60,29,49,14,24,9,33,17,30,22,34,26,52,43,8,57,20,27,32,39,5
5,3,0,29,34,28,42,15,11,25,62,22,53,50,59,60,21,36,31,19,17,20,46,38,7,47,2,61,33,10,39,14,41,63,4,23,52,54,56,43,24,30,27,1,55,37,9,18,51,44,16,8,57,35,32,48,45,49,58,26,6,13,12,40
15,52,23,41,61,44,20,16,47,54,29,53,3,58,37,51,28,7,11,50,62,59,10,56,48,32,8,36,45,21,27,19,0,39,25,9,33,6,1,13,46,2,17,12,55,30,31,4,57,38,49,14,42,35,63,22,34,40,26,60,24,43,5,18
32,30,40,58,49,3,60,37,28,8,22,38,45,55,20,13,29,5,59,34,57,35,17,15,27,52,48,16,61,7,4,39,25,53,19,12,26,11,0,1,23,31,44,56,43,50,36,51,2,42,6,14,9,41,18,24,47,54,21,63,62,33,10,46
6,1,38,21,0,12,35,44,57,53,54,8,55,39,46,52,9,63,34,23,19,41,16,29,33,62,17,27,47,50,58,14,36,28,7,3,30,61,59,20,31,56,32,37,25,2,13,24,43,15,4,51,5,11,42,18,49,48,60,45,26,40,22,10
29,25,14,47,20,37,43,21,1,54,41,27,33,39,12,42,30,62,56,26,17,44,3,58,23,36,52,50,55,5,34,11,10,60,51,38,63,2,53,46,31,48,24,61,7,13,49,4,45,40,57,59,18,8,0,15,28,9,22,19,32,16,6,35
53,46,48,14,0,35,37,13,44,26,59,22,3,52,12,1,51,10,25,31,62,63,47,36,42,15,45,9,34,55,23,17,58,8,60,43,28,7,49,33,4,11,27,6,61,29,57,24,18,39,38,40,19,54,50,16,41,32,20,30,56,21,2,5
31,41,19,25,32,28,42,0,10,58,30,36,12,55,13,18,54,39,11,46,35,59,17,21,37,9,45,7,57,56,1,14,8,4,26,24,49,40,43,20,27,50,62,34,2,6,3,63,16,53,33,48,47,38,29,15,60,44,52,22,5,51,23,61
11,32,5,31,26,28,43,2,20,12,56,53,27,30,16,24,40,61,8,36,42,23,60,63,47,38,6,50,0,7,51,22,4,48,37,18,10,19,1,58,55,49,52,46,57,34,33,17,25,15,3,44,14,59,62,39,13,45,21,35,9,54,41,29
19,10,2,46,27,13,53,37,18,12,30,35,25,8,63,24,60,36,16,1,33,9,29,7,54,31,48,4,28,41,61,38,15,55,22,32,57,11,58,45,50,62,34,39,40,49,44,59,21,5,56,0,14,51,43,42,6,47,20,17,26,52,3,23
14,31,50,38,23,6,56,62,10,30,48,20,27,52,51,60,0,7,45,55,35,33,42,54,1,28,24,15,18,53,32,8,61,63,41,4,59,26,12,46,19,34,49,11,25,43,5,2,29,16,22,13,3,40,57,58,21,17,36,37,47,44,9,39
41,37,7,11,14,63,32,4,55,28,49,36,21,47,35,12,42,43,56,30,22,19,18,40,26,62,34,54,29,33,57,60,10,51,46,5,27,15,39,31,8,17,45,50,52,6,38,0,20,48,3,16,23,58,44,2,59,1,53,24,9,25,61,13
47,16,20,57,59,63,54,33,19,25,36,46,61,6,62,40,28,35,9,53,26,60,34,32,41,15,30,24,39,18,12,45,0,27,48,23,55,37,13,14,58,43,22,4,21,1,44,51,17,8,29,10,38,11,50,31,3,7,2,52,49,5,42,56
6,52,56,16,33,22,28,63,54,25,26,5,50,40,4,27,53,31,55,7,29,32,60,57,13,36,62,59,38,44,37,21,14,23,0,1,11,35,48,15,58,42,49,8,24,41,12,17,46,43,34,45,18,30,10,2,61,3,47,51,19,39,9,20
45,13,17,28,24,58,18,36,12,3,30,59,35,15,29,37,8,4,10,43,44,63,20,57,0,41,26,2,62,42,50,60,27,51,61,49,47,6,52,14,53,39,16,38,25,19,55,33,9,32,7,34,54,22,11,56,21,1,40,48,23,5,31,46
11,40,22,45,28,16,8,12,21,56,6,10,37,54,1,53,13,62,0,60,49,26,57,29,39,23,41,52,31,42,48,3,17,46,27,2,36,25,30,63,7,4,59,43,19,33,5,15,50,51,38,47,9,61,14,55,18,20,34,24,35,44,58,32
25,51,5,24,12,3,18,37,50,17,46,15,34,1,22,40,58,42,7,54,6,21,28,30,36,59,11,53,62,35,23,16,27,38,10,55,47,49,8,61,41,19,20,39,13,9,63,26,44,14,31,4,52,0,48,45,2,56,43,60,57,29,33,32
3,56,18,8,47,54,19,53,23,34,43,12,6,38,26,30,55,36,28,37,35,11,32,20,41,33,59,24,63,22,21,17,48,7,60,29,45,10,31,9,4,5,39,40,27,13,51,25,0,52,16,42,14,44,46,15,58,57,2,1,62,49,50,61
0,21,40,33,20,56,34,7,45,8,28,43,36,44,63,3,24,59,46,60,53,57,16,18,48,51,1,23,38,10,49,62,14,2,13,55,17,4,12,27,11,58,26,22,52,35,31,50,54,30,32,61,37,42,6,5,15,19,25,29,39,47,9,41
2,31,53,36,59,28,33,30,15,45,48,41,12,6,21,4,55,61,32,47,20,10,62,60,43,46,38,24,26,57,29,44,25,18,42,54,16,27,35,3,34,1,13,63,7,0,52,49,39,56,40,23,8,50,11,9,37,22,5,51,58,14,17,19
15,45,19,23,20,50,62,10,1,26,56,21,54,53,25,39,9,30,38,14,36,42,63,8,4,49,18,35,57,13,24,12,29,48,41,22,5,46,43,27,16,55,33,3,11,7,47,2,0,44,40,61,58,59,32,37,52,6,60,17,31,51,34,28
54,22,29,14,55,11,10,58,8,31,60,12,0,46,49,45,26,1,30,52,2,19,57,51,18,9,35,37,6,27,39,61,3,34,16,24,15,20,25,53,5,21,23,38,62,17,59,47,33,36,43,41,42,48,4,63,7,40,56,28,44,13,50,32
25,7,21,63,15,42,19,31,45,41,2,61,8,59,6,4,17,0,34,29,55,53,22,20,54,13,23,26,60,51,33,24,9,43,35,40,39,12,28,49,50,30,32,27,62,48,16,5,11,44,1,52,18,47,37,36,10,57,38,58,3,56,14,46
26,9,56,4,8,12,11,42,21,40,34,3,2,25,60,38,29,6,27,52,63,48,5,39,13,44,57,58,47,20,33,51,54,14,24,50,46,36,53,23,19,41,32,7,45,59,17,30,0,28,35,37,16,22,10,43,49,31,61,1,15,18,62,55
31,17,5,16,23,18,35,53,20,25,33,34,59,54,19,62,4,9,61,11,13,1,63,44,50,55,0,8,41,45,10,36,29,37,22,51,12,58,27,40,49,21,46,47,38,26,56,43,42,39,2,24,15,6,30,28,52,3,48,32,57,7,14,60
48,2,20,49,63,54,58,59,62,42,60,7,12,22,50,37,56,6,9,28,5,52,21,51,15,30,32,13,38,4,33,35,40,11,26,1,44,25,61,31,39,36,41,10,45,18,34,14,55,0,47,57,3,46,29,16,27,43,8,53,19,23,17,24
23,1,63,10,8,6,34,27,41,4,62,25,59,16,52,60,18,44,12,42,32,11,45,38,46,31,2,20,61,53,49,26,55,50,21,5,58,29,22,17,9,39,35,7,3,30,54,40,57,36,33,47,0,28,15,43,13,24,14,51,37,56,48,19
25,51,50,36,29,6,11,53,45,14,47,0,62,13,8,42,41,33,18,27,10,55,59,43,24,61,16,5,54,35,58,32,63,52,31,56,23,2,37,38,22,12,26,3,15,60,9,20,44,34,7,49,48,39,30,17,19,46,21,1,40,57,4,28
11,53,10,33,51,7,40,49,15,29,38,60,31,13,19,12,34,23,45,14,61,48,3,26,2,42,25,54,17,20,50,41,56,27,57,37,4,30,32,35,18,62,44,59,36,46,1,0,8,5,28,24,21,52,47,58,55,6,16,43,63,39,9,22
29,60,20,58,39,32,47,38,19,51,54,5,17,10,35,14,23,22,62,63,15,56,4,43,12,50,18,61,33,26,3,42,27,13,30,53,8,25,48,37,24,44,11,9,2,0,52,21,55,34,57,49,1,7,46,40,36,59,6,28,41,31,16,45
33,55,20,54,48,30,4,44,45,57,38,15,41,14,21,8,0,31,62,17,7,25,19,61,28,40,5,56,6,34,63,22,43,11,18,3,9,1,52,29,47,2,16,10,32,26,51,27,36,59,46,23,58,13,37,53,42,24,60,50,39,12,49,35
47,17,24,3,13,10,8,14,30,31,11,59,44,53,43,20,41,5,56,50,4,55,19,28,32,40,58,63,15,52,7,34,16,2,39,21,42,33,9,49,37,18,27,29,6,62,1,48,57,23,26,38,54,22,46,25,0,60,12,36,51,35,45,61
4,8,19,25,56,52,60,10,39,36,15,27,44,32,63,38,43,29,2,53,33,23,3,49,13,46,57,41,51,61,0,48,7,42,12,40,30,9,55,18,37,31,62,26,21,35,24,50,5,1,6,16,54,11,59,58,47,34,28,45,14,17,20,22
35,3,9,0,49,37,21,20,25,6,63,22,24,42,31,52,45,59,11,23,17,7,62,16,36,38,41,30,18,57,5,27,34,10,44,51,29,60,43,56,1,2,46,40,61,19,58,54,8,4,48,32,26,15,28,33,55,14,12,53,13,39,47,50
54,20,43,52,0,5,3,10,42,37,12,45,22,9,47,40,21,11,30,36,51,38,35,18,24,55,2,56,57,62,7,4,1,44,60,17,63,23,39,13,50,27,26,6,46,48,61,31,53,29,49,8,15,33,59,28,34,32,14,25,19,16,58,41
36,24,59,20,32,60,1,46,9,47,23,55,56,57,39,4,54,34,63,50,11,0,45,26,19,28,16,42,2,37,51,43,53,17,44,48,38,31,33,3,25,58,6,40,22,62,21,7,61,13,12,49,15,18,41,29,27,10,14,52,35,8,5,30
4,50,42,16,43,36,13,15,30,23,57,14,3,60,21,26,63,5,45,2,25,51,31,29,47,12,6,17,39,28,0,35,40,34,38,24,27,22,1,48,44,59,54,20,33,9,61,62,53,10,49,8,32,52,46,56,55,19,18,7,41,11,37,58
24,18,37,2,7,36,15,17,33,45,23,38,56,48,43,4,1,52,54,55,22,9,20,41,58,46,49,11,29,62,53,25,27,14,30,59,13,51,40,28,34,6,42,12,35,44,8,57,39,3,63,50,32,16,31,5,26,19,47,61,10,60,0,21
43,39,0,41,61,50,29,8,1,3,9,10,36,48,33,19,63,37,30,13,58,42,35,46,11,16,26,32,52,47,51,49,45,18,62,27,57,25,15,34,5,54,17,6,24,14,59,31,60,21,20,2,12,23,38,53,7,44,22,55,4,28,40,56
6,29,23,44,57,2,58,24,43,55,47,7,49,31,18,4,20,51,11,48,17,50,28,33,13,0,3,12,56,38,19,39,41,52,36,53,27,42,22,25,30,59,21,32,45,8,10,63,9,34,35,62,37,46,54,26,60,61,15,16,5,40,1,14
35,54,22,51,46,34,25,33,20,41,11,29,13,27,4,47,43,56,55,49,36,15,23,48,42,39,28,14,17,32,52,7,45,2,50,9,53,0,31,24,59,62,60,10,6,5,58,18,40,1,12,16,19,8,44,21,38,57,63,26,3,30,37,61
10,19,49,63,36,8,0,16,6,61,62,43,12,7,60,24,26,14,22,53,11,52,40,15,47,9,46,23,30,57,1,5,38,56,34,17,50,45,41,29,48,28,44,58,25,31,2,4,13,32,27,54,35,20,21,51,18,33,55,3,59,42,39,37
2,41,35,25,50,40,54,1,33,61,23,32,47,9,5,12,31,14,43,18,51,58,39,13,56,62,20,46,52,15,0,10,42,44,21,19,55,8,45,28,63,57,6,26,60,48,7,49,38,36,4,30,16,34,17,53,11,29,3,24,59,37,22,27
36,44,41,52,3,45,9,32,29,25,6,42,20,43,15,37,2,63,38,35,23,30,28,60,11,17,10,46,48,26,22,31,50,57,34,21,14,5,56,47,13,39,55,51,24,4,58,54,62,8,40,59,33,7,19,16,27,0,12,1,53,18,61,49
39,15,2,51,47,19,18,20,21,5,49,27,28,36,3,23,38,43,53,60,29,56,42,6,0,16,17,22,46,41,35,57,34,4,8,30,25,14,7,1,24,32,33,61,44,50,26,59,45,13,55,63,54,12,48,37,31,11,9,58,62,10,52,40
11,12,60,26,62,55,61,33,48,30,37,31,63,4,41,18,0,24,51,1,17,27,23,53,6,14,32,58,9,10,35,45,5,28,43,22,49,16,20,47,59,25,34,54,39,15,38,52,42,40,3,56,50,19,46,13,8,57,7,2,29,36,44,21
43,16,50,18,0,20,44,38,15,33,58,1,56,31,21,11,59,17,34,37,3,13,52,24,45,61,19,4,26,5,27,8,62,29,41,51,9,23,22,57,53,42,2,28,40,25,30,55,47,46,54,6,48,36,32,39,35,7,49,10,14,63,12,60
45,60,17,38,16,24,33,29,9,56,25,21,13,59,36,7,50,19,49,4,6,15,18,2,3,58,23,31,47,51,41,8,39,11,54,28,0,62,12,30,27,37,46,42,40,52,48,43,34,32,20,22,57,10,44,55,63,35,26,61,1,53,14,5
23,12,0,51,58,29,14,31,38,9,46,15,11,59,43,26,56,27,5,7,60,10,42,63,1,55,48,24,39,13,54,34,53,35,52,41,49,40,4,61,33,20,44,22,28,32,6,36,18,16,30,19,57,8,2,45,3,47,25,17,37,21,50,62
54,12,8,33,36,18,56,61,9,48,46,19,49,14,34,3,30,63,62,39,23,16,59,25,29,44,27,21,1,60,24,57,50,43,31,13,17,53,32,26,45,0,7,37,40,4,41,6,22,15,11,38,52,28,58,20,42,51,10,35,2,55,47,5
44,40,1,33,52,10,14,41,53,57,6,37,16,18,22,51,13,19,4,60,30,43,54,3,23,58,25,24,56,8,38,21,7,50,63,12,0,32,42,46,26,61,2,20,45,36,11,39,48,9,55,15,17,59,62,27,5,49,31,29,28,34,47,35
5,38,55,14,54,2,4,32,21,56,16,45,18,20,3,48,30,40,42,11,33,0,63,31,62,9,50,15,25,1,61,13,39,36,60,46,10,52,53,7,8,59,22,12,24,6,57,37,17,51,34,58,43,27,23,49,28,19,29,41,47,26,44,35
20,43,18,31,4,55,25,34,28,6,11,51,62,2,3,24,19,15,33,14,56,50,8,23,45,58,22,41,48,47,44,30,12,17,7,63,37,26,61,42,54,13,0,16,36,60,53,27,29,49,35,21,9,38,57,39,10,52,59,40,1,32,5,46
48,30,17,7,45,56,46,25,42,28,37,40,51,0,61,26,19,32,36,12,52,33,50,39,22,23,63,2,8,10,57,6,62,1,15,18,58,3,41,60,16,53,47,44,27,55,59,38,5,9,14,20,21,34,54,49,31,4,43,13,29,11,35,24
39,15,29,23,63,3,19,24,9,26,41,10,62,44,57,20,58,8,53,42,0,14,48,60,27,46,11,30,36,52,47,43,17,59,40,37,6,49,21,54,5,2,34,16,13,4,61,28,35,50,7,31,45,51,12,33,22,25,18,38,32,55,1,56
56,19,4,42,32,1,18,30,38,44,34,41,3,14,31,25,60,11,33,49,63,0,27,15,28,54,55,61,24,59,46,45,48,36,5,21,58,39,17,8,35,50,40,9,52,20,43,22,7,57,53,12,16,26,13,2,10,6,37,62,29,51,47,23
0,8,16,32,23,56,40,46,39,44,63,60,34,42,4,31,57,43,25,6,52,3,12,18,13,58,14,30,37,61,26,41,24,29,33,51,1,50,10,36,48,22,59,47,62,7,11,5,49,19,17,28,2,15,55,9,45,53,54,35,38,20,27,21
13,24,37,5,39,8,4,20,33,1,44,19,32,2,16,9,51,46,47,21,29,38,50,31,17,28,6,35,49,34,55,52,54,45,0,14,48,11,56,42,10,18,15,43,25,58,27,26,7,40,3,61,41,63,60,30,57,22,62,23,59,36,12,53
5,33,34,48,16,45,0,57,3,40,51,28,18,17,22,43,63,54,21,6,13,44,42,35,29,50,10,32,56,20,55,15,2,12,52,46,25,11,31,14,58,62,19,53,8,41,36,4,30,26,1,23,59,47,7,9,60,37,39,61,38,49,27,24
38,50,22,23,26,27,29,56,52,21,54,36,59,9,49,20,43,19,41,1,10,53,16,61,15,11,28,0,12,60,62,17,30,32,58,3,2,42,47,35,46,7,24,31,45,6,13,34,14,44,25,51,4,40,57,18,48,55,39,33,37,5,63,8
36,58,45,40,55,6,3,38,11,9,43,39,57,61,53,7,17,29,21,48,56,54,52,0,31,42,14,49,47,63,23,50,13,10,25,32,51,30,35,44,12,26,1,2,46,59,24,20,16,22,60,4,15,37,33,34,18,27,5,19,62,41,28,8
18,20,26,63,13,50,60,39,34,48,30,45,31,44,54,57,33,49,7,46,12,1,56,40,14,62,47,9,22,43,16,11,10,17,41,8,23,32,27,28,0,38,19,52,37,24,58,61,21,53,29,42,59,3,35,5,6,25,4,51,55,15,2,36
4,38,22,44,8,56,13,16,51,41,19,25,55,53,52,29,33,42,39,37,1,6,46,45,60,43,47,26,0,34,40,7,54,24,15,63,59,14,61,32,18,5,12,31,58,2,48,23,17,9,62,11,21,3,28,20,50,36,49,10,30,27,35,57
63,24,20,4,27,1,22,12,58,36,19,8,39,48,26,45,44,3,25,47,14,40,42,29,61,10,43,21,49,60,6,41,9,54,35,28,16,33,0,31,55,53,37,17,2,7,50,51,32,23,62,15,59,11,18,13,5,46,56,57,52,34,30,38
14,52,40,50,16,63,44,58,0,34,1,9,32,2,49,7,43,30,28,25,53,33,10,19,57,48,35,3,17,20,59,26,46,38,61,4,51,29,21,8,27,62,55,24,60,37,45,41,22,47,6,23,11,36,12,31,56,42,18,5,39,54,15,13
26,21,8,20,47,10,13,11,34,52,16,38,63,62,3,0,14,30,7,9,49,57,40,41,15,12,50,2,37,32,28,31,24,36,48,58,19,54,22,6,33,61,39,17,51,60,35,25,55,45,42,4,44,53,5,56,1,18,27,23,46,29,43,59
19,30,54,55,7,23,45,53,14,35,1,29,13,42,18,28,44,60,34,21,0,50,9,26,3,46,12,22,56,36,10,43,62,27,51,6,5,59,20,39,49,24,25,31,40,63,38,4,48,52,8,47,15,11,58,37,32,61,16,33,41,57,17,2
31,36,2,44,47,29,60,8,43,51,6,50,19,15,48,9,0,45,59,23,62,13,14,34,39,30,10,16,26,38,17,42,11,58,12,22,24,4,56,18,20,55,54,32,25,21,7,61,1,3,33,52,5,49,41,28,37,40,35,46,53,63,27,57
48,52,13,47,22,38,21,34,6,43,9,23,50,25,15,2,1,20,30,14,19,12,63,8,3,45,54,24,39,11,28,16,31,33,59,7,57,5,53,44,46,42,35,17,37,36,27,29,4,49,18,51,10,26,56,32,62,61,40,58,0,60,41,55
34,25,2,36,5,40,6,62,27,10,23,17,42,19,28,21,52,18,30,57,61,31,54,55,49,32,37,45,13,33,46,29,43,41,38,51,9,1,14,56,20,3,50,60,47,24,15,44,12,35,4,26,48,0,63,11,39,59,58,53,8,16,7,22
25,30,21,3,38,45,31,27,51,42,0,36,58,8,56,57,40,46,18,20,34,63,17,24,47,19,33,5,32,15,11,50,14,41,52,13,16,55,61,44,22,62,43,7,26,54,29,37,23,10,39,60,12,49,9,48,28,53,4,35,59,1,6,2
28,35,26,10,15,61,19,25,40,52,27,46,1,49,8,13,22,43,11,51,48,14,59,45,17,18,31,58,50,37,29,3,63,6,54,42,56,21,62,20,12,44,60,47,0,7,23,2,4,57,24,39,36,32,16,33,53,9,55,38,34,30,5,41
51,13,7,42,9,1,5,52,14,6,58,22,31,39,61,11,16,28,18,47,40,41,25,29,23,55,46,30,44,32,62,50,59,57,27,12,17,63,0,60,3,45,56,36,8,38,4,54,43,19,35,21,10,26,48,15,49,34,20,24,37,53,2,33
20,63,2,41,10,61,26,18,54,37,12,38,44,43,51,48,53,6,22,13,58,11,36,57,21,7,35,14,0,17,1,62,55,19,8,32,25,16,23,28,9,4,46,59,39,30,33,34,24,29,27,50,42,49,45,5,60,52,47,56,31,15,40,3
51,9,50,26,61,40,10,19,13,46,59,15,28,47,17,11,43,44,16,20,1,8,4,56,18,54,35,33,6,23,62,25,41,60,57,45,29,63,3,27,49,14,58,12,55,36,42,22,5,48,52,7,38,21,39,0,34,30,31,24,32,37,2,53
27,23,34,20,41,61,28,12,15,30,6,14,54,11,36,47,26,18,31,2,45,9,51,50,42,4,48,58,10,55,37,8,3,59,46,60,39,16,19,57,29,17,13,5,62,56,53,1,32,0,35,25,38,52,40,63,44,49,21,7,22,43,33,24
26,23,62,50,9,39,17,40,53,35,43,36,11,52,12,46,28,63,42,32,29,60,57,16,59,6,48,34,30,38,0,37,7,47,44,45,18,1,54,27,15,24,3,5,20,13,10,22,33,19,41,51,56,49,21,4,58,31,61,25,8,14,55,2
36,33,53,48,57,5,17,14,39,26,54,11,38,51,41,9,24,12,44,27,1,15,4,32,3,63,10,47,29,2,23,52,0,50,35,45,16,43,18,22,61,37,25,13,7,58,21,60,59,42,40,62,55,56,46,8,20,6,34,31,49,28,30,19
25,33,21,34,6,55,56,5,0,35,40,42,38,30,26,4,63,36,32,29,24,41,11,28,47,50,19,60,57,20,54,9,31,49,59,3,61,23,48,22,14,51,37,39,53,13,15,10,2,44,8,58,43,16,1,17,7,12,27,46,18,52,62,45
33,32,60,24,15,12,48,8,22,20,58,9,54,11,52,0,59,2,63,13,46,27,55,31,23,36,34,7,50,26,57,21,62,6,4,19,17,56,51,47,3,39,41,16,43,28,40,10,44,14,5,29,25,35,30,49,37,38,61,45,18,42,1,53
58,5,10,36,6,24,49,19,48,47,0,40,20,29,16,42,51,26,44,52,18,22,38,32,39,34,11,60,28,46,50,13,3,17,45,41,31,25,55,56,62,27,63,7,2,8,12,9,43,21,59,15,37,4,35,23,57,14,33,30,1,54,53,61
14,50,33,7,21,11,5,1,8,3,12,53,39,31,60,59,23,46,27,13,20,48,17,26,54,58,18,61,63,47,62,4,38,36,32,15,57,9,6,30,28,42,37,10,19,0,51,56,41,45,55,34,40,44,43,35,2,24,49,22,25,16,29,52
16,2,38,53,20,1,45,49,5,12,63,6,34,43,18,24,14,58,13,22,30,25,36,46,59,48,4,3,17,56,62,42,32,39,33,54,57,35,47,15,31,52,37,50,61,40,10,23,41,51,8,26,0,19,27,11,21,29,60,9,28,7,55,44
3,0,50,36,34,25,42,30,12,45,55,57,22,39,15,35,38,20,59,58,23,29,49,10,44,40,52,13,27,60,18,47,7,26,37,11,62,54,5,61,46,24,8,9,16,63,48,53,1,43,19,6,32,51,14,41,21,56,33,28,31,17,2,4
49,23,29,44,53,42,38,1,6,45,63,40,56,62,58,47,35,19,4,28,50,26,39,9,18,48,5,15,33,36,59,57,7,17,52,10,0,13,24,27,60,25,11,30,41,20,37,16,2,3,55,51,22,34,21,32,46,54,14,8,61,31,43,12
54,3,10,56,39,31,18,41,53,42,38,48,24,27,34,22,6,1,51,35,4,21,20,43,30,59,46,2,26,13,14,52,0,58,61,47,7,49,9,55,32,45,23,25,40,15,19,11,5,28,63,8,57,62,37,50,29,12,17,36,44,33,16,60
46,3,2,12,21,44,6,24,39,5,26,9,28,7,55,25,30,52,54,41,37,53,27,15,35,48,10,62,1,14,60,29,23,4,16,50,13,0,59,38,32,34,61,17,8,56,19,40,22,11,31,51,57,18,47,45,43,36,42,58,49,33,63,20
22,25,39,15,44,0,56,63,12,46,45,60,14,6,10,24,41,19,48,57,52,38,54,61,62,2,17,29,18,20,43,35,58,53,40,27,36,23,5,47,32,50,59,34,13,31,3,51,21,4,7,55,11,9,42,37,26,16,49,8,1,33,30,28
23,47,40,51,21,28,22,49,17,3,60,54,25,11,6,58,24,13,27,42,9,44,48,2,30,14,29,32,0,8,37,1,43,26,63,57,7,16,36,34,38,46,20,31,35,61,52,19,55,4,12,62,59,15,10,56,45,39,33,5,50,18,41,53
49,57,60,62,31,35,29,52,19,40,28,24,51,58,23,11,45,63,46,61,0,20,34,25,47,42,17,3,44,36,43,13,5,8,18,32,39,16,50,41,15,10,21,2,54,55,26,33,1,30,22,48,4,59,9,14,38,6,53,37,12,27,7,56
3,60,44,8,33,14,42,20,2,43,26,19,63,50,1,22,62,13,35,40,31,0,49,16,56,25,38,15,51,39,23,52,17,18,10,12,37,53,61,54,21,55,9,32,48,4,6,30,46,28,34,7,47,41,29,59,45,27,11,57,24,36,58,5
14,26,44,54,12,3,35,8,28,38,55,58,21,31,41,42,63,32,19,22,20,59,51,48,46,49,43,24,40,47,61,6,2,37,52,18,33,29,39,4,1,34,45,15,53,9,36,23,5,7,56,10,60,0,13,30,16,57,62,11,27,25,17,50
17,46,18,41,30,36,21,43,57,5,52,62,27,8,2,61,13,4,0,16,51,47,26,45,32,10,15,31,50,53,58,33,11,59,40,6,1,3,12,19,63,60,48,23,22,9,55,54,25,28,44,39,20,56,49,14,42,24,7,37,38,35,29,34
4,51,35,31,19,36,53,25,37,9,42,17,5,12,10,34,23,45,7,47,28,16,13,52,2,61,26,21,0,55,1,46,41,27,63,32,48,40,24,62,49,44,3,30,6,11,43,50,38,33,56,57,54,58,39,59,8,29,22,18,15,20,14,60
55,11,54,32,61,49,63,24,8,37,56,10,45,7,62,36,42,35,14,33,52,53,59,43,20,26,21,58,31,44,12,9,50,48,40,18,17,51,30,6,60,0,57,25,41,4,34,16,13,15,28,46,5,38,2,19,27,1,3,29,39,22,47,23
26,27,20,12,24,49,31,61,39,57,42,63,34,33,13,3,59,28,44,45,60,16,36,21,53,18,17,1,40,30,29,14,58,10,32,8,62,54,11,35,7,46,52,50,48,47,38,37,25,41,6,56,43,9,51,2,19,22,15,4,55,5,23,0
27,44,11,58,4,34,38,30,28,16,3,20,32,0,52,62,19,50,45,39,55,49,22,7,42,56,25,57,47,8,21,29,53,37,26,14,15,23,48,1,41,2,60,51,5,18,63,24,17,9,6,59,10,35,31,33,46,54,61,43,13,12,36,40
20,29,16,36,50,52,54,57,53,27,44,31,11,62,12,28,18,25,32,14,24,7,39,23,21,22,51,15,42,60,0,13,45,5,10,58,2,17,41,33,59,46,34,9,55,6,4,37,35,3,30,38,19,40,61,26,1,47,48,8,56,43,49,63
41,35,14,19,58,24,48,36,44,53,29,39,43,15,11,7,45,0,63,52,4,8,34,56,31,50,32,18,13,30,49,57,2,61,5,25,60,37,59,9,42,54,26,62,21,27,1,17,28,40,16,33,10,51,55,23,20,47,22,46,12,6,3,38
2,0,53,17,16,33,26,54,9,62,59,56,35,10,58,20,51,47,18,12,48,5,60,27,24,30,25,46,37,1,52,23,36,39,38,61,6,28,50,32,3,4,63,13,44,29,49,31,19,45,43,34,11,41,57,42,7,21,40,8,55,15,22,14
19,9,42,17,15,22,6,63,3,18,21,44,20,7,4,62,58,36,13,51,12,26,10,53,54,24,28,25,0,56,59,46,23,43,33,31,8,50,41,35,5,55,52,61,27,39,45,37,32,2,29,47,38,1,14,11,48,57,34,60,49,40,30,16
55,44,50,20,53,39,15,11,6,33,37,18,60,7,31,54,26,0,23,41,51,5,35,49,47,12,52,42,2,34,40,19,27,62,8,10,3,22,48,45,28,57,38,56,14,1,29,16,17,63,36,32,59,58,43,24,61,21,4,13,9,30,46,25
15,40,37,57,45,24,11,62,41,52,25,8,13,22,48,12,46,30,33,17,5,23,6,38,47,51,7,60,20,28,21,49,29,53,10,39,55,26,2,18,1,27,58,3,9,59,4,42,43,35,44,31,56,54,19,34,14,36,32,16,61,63,0,50
62,34,50,60,54,30,29,9,44,11,53,36,59,25,56,61,22,6,40,52,20,13,26,27,49,5,47,58,1,18,7,0,38,15,51,17,12,4,23,41,33,48,24,37,39,46,35,63,8,57,32,2,43,16,10,55,42,3,28,21,19,45,14,31
38,43,20,31,44,37,27,50,24,6,28,62,39,59,18,16,29,23,5,17,26,53,30,57,32,51,61,33,58,45,11,46,15,48,36,63,25,22,34,35,49,12,55,47,8,19,3,52,1,4,40,60,10,54,0,56,42,7,14,13,41,21,2,9
61,55,11,47,33,49,50,22,51,44,12,56,45,62,4,25,46,2,28,20,53,57,3,52,1,15,38,6,23,16,10,41,5,8,35,34,21,60,9,0,54,40,17,39,42,19,29,37,63,48,59,32,18,36,7,26,30,24,14,31,13,43,58,27
57,9,1,6,60,44,15,36,54,45,0,31,56,47,28,53,58,37,4,23,21,50,33,34,32,20,29,10,62,30,7,43,51,61,52,2,11,39,40,3,41,59,49,17,48,18,46,26,14,42,8,38,35,13,27,12,16,63,25,22,24,19,5,55
54,40,48,27,38,30,50,12,42,62,59,0,55,4,17,63,31,18,7,33,32,37,43,3,13,57,21,53,41,60,8,58,35,23,39,25,24,6,51,29,28,19,2,14,15,16,1,36,49,61,56,20,46,44,9,45,10,22,47,34,52,5,11,26
58,60,47,41,32,39,55,3,53,30,25,8,16,11,18,34,42,40,4,28,63,54,33,12,48,59,49,57,50,5,37,36,51,9,43,38,26,6,7,13,23,0,15,44,21,35,52,61,46,2,24,19,56,29,22,31,27,10,14,62,17,1,45,20
41,45,48,21,10,46,38,58,20,59,32,35,27,4,5,36,39,60,40,19,42,13,56,2,62,54,53,51,8,61,9,43,23,50,44,37,34,57,22,3,52,30,12,28,1,14,17,0,55,31,7,24,33,6,15,16,11,26,47,63,49,29,25,18
58,52,12,0,51,2,11,31,26,22,35,54,56,41,19,7,46,9,42,15,21,25,53,24,62,20,27,1,61,28,38,14,32,6,36,48,63,33,44,13,18,23,45,43,57,47,49,34,40,37,8,30,17,50,5,16,3,29,10,59,39,4,60,55
15,55,56,35,33,10,51,59,53,20,49,1,5,28,54,41,8,0,24,6,21,27,42,32,29,39,50,61,25,52,2,44,47,7,34,63,4,17,9,13,22,12,14,48,19,3,23,57,45,62,31,46,43,18,30,36,40,38,16,37,60,58,26,11
38,9,56,28,4,35,26,62,59,25,23,42,31,11,52,34,27,55,33,24,5,47,51,39,8,37,2,1,54,18,3,20,60,16,63,29,57,30,45,49,22,12,10,6,50,36,40,14,61,15,44,0,58,17,46,53,32,13,7,48,43,41,19,21
42,13,61,28,40,20,18,19,34,63,4,62,51,14,47,37,12,54,53,55,44,46,25,50,6,30,27,36,48,31,23,56,35,0,58,33,38,17,1,59,3,60,52,2,26,45,9,39,32,57,8,29,22,43,49,15,41,10,11,21,16,5,7,24
12,7,52,10,55,27,60,1,43,8,15,23,51,59,19,50,20,24,61,41,3,6,28,37,25,57,14,16,2,48,56,39,21,40,4,45,47,29,53,49,22,36,26,34,11,44,18,46,9,5,42,58,17,63,30,54,32,33,0,38,62,13,35,31
41,32,34,51,15,40,6,0,33,29,43,12,30,44,49,39,53,24,14,45,11,46,22,10,36,47,17,13,61,38,58,50,56,27,26,1,23,42,48,9,19,60,28,54,31,5,8,16,20,21,57,7,4,2,25,59,37,18,63,35,52,55,3,62
30,6,51,21,61,12,23,42,29,2,17,22,48,52,19,33,13,47,8,35,0,27,25,40,34,9,62,58,44,31,14,3,28,32,43,49,41,39,18,45,38,46,56,24,7,57,54,16,60,50,5,59,15,55,53,1,37,26,63,36,11,4,10,20
57,61,44,36,34,27,63,43,15,55,6,42,37,22,32,40,9,62,3,33,51,5,28,53,19,47,59,41,10,16,7,0,50,56,11,8,24,13,31,60,25,38,17,54,45,48,21,35,1,39,12,26,20,49,29,30,58,2,4,46,18,14,23,52
31,20,38,14,12,47,57,62,39,6,27,56,9,63,26,36,18,16,59,24,43,32,53,37,34,4,19,15,50,28,11,54,55,44,3,46,29,21,7,49,48,17,35,2,23,13,42,33,22,60,58,41,25,1,5,40,10,52,51,30,61,0,8,45
9,19,40,56,33,41,14,1,29,62,32,44,37,54,34,6,3,45,36,24,2,10,61,31,17,63,0,53,43,23,39,25,12,51,27,4,15,60,5,13,42,11,57,59,26,21,47,20,58,35,18,55,22,16,48,38,52,28,30,50,8,7,49,46
44,42,2,37,12,56,32,6,41,61,49,46,24,52,22,51,30,28,63,4,11,58,19,21,16,53,29,15,54,14,20,62,38,60,43,26,23,5,3,25,59,35,34,13,50,57,9,7,36,0,55,17,27,39,33,1,47,18,40,31,8,10,45,48
52,7,45,1,60,49,61,40,29,54,10,50,6,58,24,21,46,35,31,23,4,53,25,57,8,3,55,39,51,15,37,12,14,62,28,59,41,36,48,27,42,11,47,30,56,0,22,43,18,44,17,26,33,19,34,38,16,13,9,32,5,63,2,20
9,30,0,6,31,62,2,57,28,36,45,52,59,20,58,53,8,46,39,18,22,43,29,26,17,21,63,42,49,32,33,14,3,19,51,41,12,1,47,37,27,15,11,48,16,7,44,34,55,38,10,60,24,40,25,50,54,56,61,13,23,5,35,4
3,30,26,4,17,20,39,49,58,37,40,2,34,41,63,54,60,29,8,14,59,25,9,62,16,23,33,48,27,5,28,12,1,36,6,13,21,55,44,38,46,18,57,47,24,51,56,19,61,52,43,35,7,42,32,45,15,22,0,50,11,53,10,31
20,6,58,8,60,28,54,10,59,9,43,3,56,33,25,7,51,46,2,39,17,35,34,5,61,22,42,24,53,29,55,27,19,4,63,47,38,31,45,41,44,0,49,36,52,30,48,57,32,40,62,13,15,21,50,11,16,23,14,1,18,12,37,26
42,19,26,17,54,46,22,3,45,59,35,14,6,61,38,5,40,52,12,56,25,7,39,62,36,23,33,8,53,27,21,2,63,49,55,18,47,34,29,51,60,4,44,48,15,37,0,16,20,58,57,32,28,31,24,10,9,30,50,1,13,11,43,41
63,43,41,30,58,35,36,33,26,15,1,60,52,53,45,2,49,44,34,10,8,22,62,54,25,14,5,13,18,7,61,46,31,12,42,4,37,39,20,47,24,16,38,27,59,57,51,56,28,55,40,6,48,3,19,11,50,17,9,0,29,21,32,23
7,13,18,4,15,25,56,3,45,41,0,23,44,63,27,59,31,55,11,28,47,1,62,37,33,49,58,54,61,50,43,19,57,2,30,22,53,16,6,36,10,12,40,39,32,26,51,9,14,48,17,20,5,46,34,8,21,24,38,42,60,29,35,52
15,17,36,32,47,38,9,13,3,57,12,28,41,59,39,45,43,7,31,11,30,42,22,19,50,54,20,29,33,1,8,6,60,48,63,21,40,24,10,0,23,27,26,2,46,14,37,25,18,35,44,16,56,4,55,49,51,34,61,5,53,58,52,62
35,16,29,28,54,30,55,36,20,2,48,6,63,49,21,60,7,61,32,9,53,57,24,15,1,22,18,47,34,8,19,14,10,39,56,26,23,50,59,27,40,0,41,45,3,25,33,17,12,31,52,51,43,4,42,44,62,37,5,58,11,38,13,46
0,11,29,15,38,23,54,61,13,12,53,6,19,59,26,63,62,52,51,58,42,44,28,17,56,60,45,31,20,5,25,2,30,4,41,34,46,49,14,18,10,55,16,50,35,36,48,7,43,22,32,24,9,57,1,40,3,39,21,47,37,8,27,33
39,28,45,30,13,1,15,17,23,60,31,53,2,6,21,18,27,57,25,40,43,36,20,0,29,55,62,12,38,59,48,33,54,44,51,58,4,49,41,11,16,34,35,7,9,10,63,56,3,52,61,22,47,24,14,46,32,37,5,42,19,26,8,50
41,57,27,18,29,62,28,37,59,14,13,31,24,49,50,8,6,3,34,2,39,58,38,40,11,47,7,60,26,0,33,53,15,4,10,54,55,42,30,43,9,23,16,17,46,45,25,61,19,63,1,5,44,56,48,32,36,52,12,21,20,51,35,22
29,32,54,19,0,63,4,53,30,50,56,61,25,27,15,39,12,24,28,33,58,14,18,7,40,41,44,46,42,35,2,57,11,47,45,1,22,6,59,34,23,62,38,17,10,9,37,60,21,51,16,49,55,43,31,5,52,3,13,48,20,26,8,36
56,29,13,8,14,54,53,49,15,37,22,5,31,47,44,42,1,59,4,45,60,35,6,30,16,57,50,19,28,25,3,34,52,46,12,62,43,23,9,10,55,40,17,0,20,7,21,61,48,33,39,41,58,24,51,27,36,38,18,63,32,2,26,11
7,49,44,11,48,22,18,38,55,41,63,39,51,25,57,24,16,37,8,29,56,2,52,40,30,50,27,13,1,46,20,43,58,60,26,36,21,59,32,14,33,34,5,10,23,15,54,3,6,12,0,4,19,35,47,9,17,28,31,42,45,62,61,53
54,3,62,1,37,60,28,17,49,18,51,20,26,50,10,57,31,52,7,13,58,48,39,53,32,33,14,41,56,5,4,23,15,9,29,8,12,44,59,42,6,27,36,38,0,61,43,63,22,16,21,47,11,25,2,46,19,35,30,34,45,24,40,55
34,24,53,30,50,6,43,54,61,32,37,1,7,51,40,47,23,55,17,18,41,56,31,45,16,19,25,48,22,63,38,52,57,10,39,0,4,36,35,20,14,13,27,8,2,59,9,46,33,21,49,28,42,62,12,44,60,26,29,15,5,3,11,58
61,28,38,33,62,58,31,18,23,32,63,55,44,45,10,6,24,9,15,52,42,21,46,34,51,27,37,17,11,49,4,16,5,43,19,57,36,26,8,22,41,39,60,30,7,35,3,13,0,48,40,29,20,14,12,25,54,2,59,1,56,47,50,53
5,26,8,40,10,48,6,52,51,22,33,38,9,21,46,16,4,2,30,7,19,17,0,14,3,50,1,42,20,43,13,18,56,28,31,37,47,15,34,62,25,54,45,61,63,27,11,23,29,24,60,36,44,41,32,59,53,35,58,39,55,57,12,49
12,28,56,2,11,41,24,22,30,44,18,4,59,39,54,36,60,8,58,45,27,63,5,19,25,14,34,26,9,13,16,47,51,23,61,20,7,15,57,40,37,33,31,38,17,53,10,62,32,1,49,52,35,48,3,29,42,43,46,0,6,50,55,21
41,6,10,19,36,26,28,49,45,35,46,25,17,60,54,1,16,50,21,7,18,31,23,63,61,59,20,9,22,57,40,48,43,38,55,13,14,5,53,62,4,30,56,44,52,33,47,34,29,27,11,2,0,42,51,8,24,39,15,37,32,12,58,3
53,8,58,19,16,34,55,1,32,33,56,14,54,40,10,23,38,3,0,46,57,61,25,22,7,48,44,62,17,27,35,20,4,51,18,31,60,6,42,63,30,49,41,52,50,45,47,2,39,43,26,29,37,36,12,11,24,9,59,5,28,13,21,15
52,24,47,14,10,26,25,12,4,17,31,16,40,9,50,34,45,43,62,0,23,29,18,15,63,51,58,30,32,28,22,61,49,6,36,44,38,46,13,33,27,20,8,21,35,48,53,1,7,3,11,60,42,39,54,19,57,59,2,55,56,37,5,41
0,50,2,14,3,35,46,54,27,62,13,49,15,4,48,10,41,59,21,51,55,12,30,52,36,7,44,16,61,33,42,38,9,43,24,19,34,31,23,56,45,39,26,18,25,32,22,63,28,8,40,6,5,58,11,20,60,57,37,1,53,47,17,29
41,44,49,36,31,58,38,53,5,7,47,23,46,51,29,62,57,2,54,50,43,22,55,39,20,59,27,26,42,6,13,17,56,16,30,24,3,63,0,12,34,40,15,35,61,21,45,28,37,11,14,10,52,32,19,25,4,48,1,33,9,18,8,60
26,42,14,61,53,56,0,4,19,32,21,39,46,25,30,9,7,15,27,49,62,52,5,59,2,34,40,37,58,23,6,38,8,1,43,48,13,63,50,60,3,17,55,28,35,45,57,47,36,22,54,33,44,41,11,10,18,51,20,29,12,31,16,24
19,59,22,56,51,16,53,57,5,25,33,34,62,11,55,31,8,44,30,15,1,60,20,39,10,37,27,52,14,17,41,6,61,2,24,18,9,48,54,58,23,26,49,29,28,50,3,47,40,13,63,0,43,12,36,45,42,4,7,38,32,35,46,21
6,4,22,50,38,15,55,7,61,14,56,23,49,20,42,29,60,21,35,46,0,57,44,62,17,39,32,2,36,47,41,28,58,11,13,30,27,9,19,45,5,3,34,54,25,31,43,26,59,8,37,18,52,10,16,48,40,24,33,63,53,12,1,51
62,40,49,28,55,60,0,35,33,39,42,45,58,13,57,52,2,17,16,44,19,3,24,54,34,47,11,10,36,29,5,59,18,21,31,41,50,14,63,53,30,9,12,20,26,51,7,37,27,25,32,22,38,43,1,4,56,8,61,23,48,46,15,6
32,20,45,11,54,62,22,39,3,37,24,5,13,55,63,60,49,8,27,61,59,12,0,9,4,2,31,29,15,40,35,28,34,41,18,57,46,7,42,44,33,21,1,36,23,16,58,10,19,17,56,14,30,52,48,38,25,43,53,51,6,50,26,47
21,16,18,57,23,1,51,5,20,55,32,2,33,14,27,63,24,54,42,29,37,60,61,49,22,12,53,3,58,46,36,45,25,40,56,26,47,8,35,30,48,31,7,34,59,39,11,19,28,0,41,44,10,13,6,17,9,4,50,52,43,38,62,15
45,14,31,38,51,7,10,5,42,18,47,58,23,4,27,63,19,34,12,28,17,43,9,61,0,24,35,48,49,16,22,6,53,29,55,30,60,36,1,13,25,50,56,54,15,26,46,8,33,39,41,40,21,59,20,62,2,3,11,32,57,52,44,37
11,14,21,31,9,5,28,39,46,17,33,34,55,54,62,30,32,52,57,43,25,1,56,63,10,29,38,3,19,51,6,50,36,20,2,59,27,26,8,15,47,24,45,58,48,35,12,49,37,41,42,61,18,13,16,60,53,0,22,4,7,23,44,40
35,55,42,44,23,17,30,21,60,9,28,32,54,39,36,18,31,19,46,5,3,37,14,4,62,7,22,26,38,29,58,43,33,53,27,13,8,52,57,1,40,11,59,51,2,41,50,25,61,10,49,34,47,24,0,15,6,12,45,48,63,56,16,20
57,19,51,14,38,7,18,11,40,15,46,44,9,39,43,0,56,27,28,47,45,12,20,50,13,61,6,3,17,24,52,48,25,30,4,21,23,8,37,1,59,54,2,26,55,32,36,35,41,49,29,16,22,62,33,63,42,60,5,10,34,58,31,53
62,14,49,32,2,29,58,50,60,15,3,47,23,24,40,11,35,28,21,13,5,1,4,34,61,45,8,31,16,10,56,18,6,19,17,9,63,57,48,52,39,51,54,30,26,7,53,46,42,25,36,44,33,55,59,0,43,41,27,12,20,22,37,38
10,16,43,14,31,50,15,18,28,57,30,34,6,59,37,9,19,23,27,29,61,25,3,26,20,21,39,1,54,53,41,51,13,2,45,32,62,55,0,52,46,33,24,17,42,4,36,49,40,7,5,48,63,56,12,47,58,11,44,22,8,38,35,60
38,29,36,5,8,15,1,13,44,56,55,3,58,62,18,12,61,4,46,14,19,54,25,9,21,10,63,42,6,52,41,57,49,53,48,43,11,0,20,24,32,16,39,22,23,59,27,60,33,35,45,2,37,34,47,51,28,17,7,26,50,40,31,30
44,2,30,24,50,38,59,20,5,37,3,17,47,49,19,28,33,8,34,31,27,46,48,26,15,12,39,53,22,25,56,62,58,42,11,9,13,55,23,1,32,21,52,54,0,29,43,16,4,60,6,36,35,51,45,41,40,14,61,57,63,10,18,7
8,15,39,58,46,11,53,60,44,2,16,28,41,33,55,48,40,10,45,29,52,14,24,49,26,56,12,9,34,35,47,31,21,59,4,18,42,7,0,5,43,62,6,32,36,27,20,3,19,17,61,30,38,22,1,51,54,50,37,25,57,63,23,13
41,55,31,45,17,34,52,37,35,48,54,61,53,25,60,11,9,8,59,0,30,12,3,1,58,10,50,38,43,57,26,15,24,22,62,16,39,46,5,13,2,28,6,63,4,40,29,44,7,56,23,32,51,21,42,33,36,14,19,20,49,27,47,18
42,12,28,29,18,55,20,63,43,3,48,34,17,0,35,15,6,50,58,60,5,37,57,39,13,38,45,61,53,8,2,1,16,23,27,10,62,47,19,32,59,36,4,26,44,56,54,21,25,41,31,24,49,22,33,7,51,9,14,11,52,40,46,30
55,43,4,30,58,18,41,11,60,20,2,46,51,45,32,54,8,42,27,16,3,52,63,14,62,13,38,35,24,22,61,59,40,53,6,34,57,28,29,17,49,9,33,36,44,7,10,26,23,12,37,15,31,56,25,21,39,0,19,47,48,50,1,5
14,18,21,59,24,51,32,11,7,56,54,37,46,52,41,48,62,25,3,55,47,31,10,45,16,42,13,22,53,1,35,58,27,4,50,63,49,44,9,19,34,28,20,23,33,26,2,17,0,29,30,39,36,6,38,8,5,57,15,12,60,40,61,43
4,33,23,61,44,25,21,5,53,19,60,43,27,48,20,6,9,15,47,58,32,37,36,40,31,24,41,54,56,18,14,13,42,1,2,8,38,7,28,12,30,11,10,29,3,62,59,50,17,51,46,34,52,26,22,0,16,63,45,35,49,55,57,39
25,37,11,30,19,56,22,28,47,1,4,42,6,8,59,43,27,34,0,15,17,21,7,58,49,40,10,39,32,2,23,31,16,12,50,35,9,33,13,41,14,3,18,57,51,60,38,53,24,48,54,62,44,26,52,29,46,55,45,61,5,36,20,63
3,47,28,55,46,42,26,44,36,29,19,22,38,14,59,5,8,16,39,17,30,34,33,11,60,0,48,20,41,15,13,49,40,31,1,32,23,18,57,56,9,7,51,10,50,6,2,43,25,27,35,37,12,4,58,24,21,45,52,63,61,54,62,53
27,42,53,54,12,32,48,8,2,1,47,6,33,10,59,43,23,63,58,13,30,57,40,61,9,35,55,29,44,45,34,37,18,26,19,14,56,7,60,0,21,41,46,24,11,49,62,50,52,31,51,36,4,22,17,3,28,5,39,15,16,20,25,38
27,0,16,5,10,2,53,36,28,14,47,32,21,46,48,19,9,41,60,20,6,31,45,23,63,42,52,39,54,25,51,22,29,62,49,35,26,33,44,50,37,55,3,7,61,43,12,30,57,24,58,13,18,38,1,8,34,15,59,4,17,56,11,40
11,5,7,44,38,13,14,63,57,24,36,52,51,47,17,23,42,32,46,16,28,18,12,37,50,33,31,27,35,2,6,26,0,43,55,30,9,25,59,10,62,29,22,41,40,19,21,34,53,54,58,48,39,45,4,20,1,56,49,15,61,60,3,8
34,54,15,45,40,28,29,35,21,19,50,20,61,2,37,55,57,14,47,46,58,49,62,30,56,44,22,51,48,5,63,27,18,10,7,6,0,9,25,59,3,32,60,16,52,8,13,12,1,41,53,11,23,33,43,26,4,38,17,39,31,36,24,42
45,4,28,36,39,55,6,63,24,12,53,49,22,26,42,51,58,38,57,50,60,13,32,9,56,34,25,41,21,44,2,54,3,16,35,11,0,20,30,10,5,19,1,43,23,15,37,47,27,33,29,18,52,59,46,31,7,14,61,17,48,40,8,62
26,62,22,28,0,35,50,17,58,53,55,44,20,61,63,2,54,9,8,32,56,21,48,11,36,7,38,19,12,41,1,51,34,45,14,29,37,40,39,23,47,6,49,42,46,10,31,5,16,59,24,57,18,25,13,52,4,30,3,15,43,60,27,33
16,51,55,1,48,18,29,25,39,28,38,41,34,53,58,57,3,22,63,52,46,61,9,33,62,5,17,6,0,31,54,30,11,44,50,20,7,12,8,26,60,56,21,13,42,2,36,59,10,27,14,15,32,24,19,35,40,45,23,43,47,49,4,37
38,25,54,4,46,20,1,17,49,10,48,13,63,18,43,28,22,57,26,30,15,7,19,56,45,47,16,40,37,62,60,41,51,27,35,61,34,39,21,5,0,55,23,24,31,32,6,52,44,11,36,12,2,59,42,50,33,53,29,58,14,9,3,8
16,39,17,1,14,58,25,32,49,4,41,38,51,43,13,18,42,47,24,46,28,56,35,48,21,31,5,36,15,9,60,23,30,44,11,27,7,62,3,57,2,33,63,54,61,59,37,0,20,45,55,40,50,10,52,22,6,19,53,29,34,8,12,26
54,29,46,51,49,44,17,59,8,15,12,16,13,10,37,4,19,60,38,50,5,62,30,11,14,56,57,52,31,61,25,36,2,1,21,22,53,55,7,35,58,33,27,20,26,34,48,23,9,45,43,3,40,41,39,24,42,32,47,28,0,18,63,6
11,50,8,32,47,53,25,21,54,6,19,3,0,49,1,10,63,56,15,59,5,30,24,39,23,18,36,42,2,17,40,7,61,9,34,29,27,31,20,33,26,22,51,28,14,57,62,52,12,13,46,37,43,60,44,41,16,4,35,48,38,45,58,55
4,45,15,10,40,39,57,13,47,58,50,19,56,18,20,35,12,37,29,7,16,6,42,25,26,11,5,41,46,31,34,3,8,17,52,62,24,22,44,28,30,2,49,60,32,61,59,54,9,14,36,53,48,38,21,43,55,0,51,63,33,27,23,1
54,5,56,2,14,59,61,31,28,60,48,52,42,50,55,1,53,10,7,49,45,35,15,23,46,57,32,13,58,38,26,62,12,3,40,41,9,4,11,43,6,30,18,34,27,17,24,21,25,29,16,37,36,22,47,33,0,44,51,63,19,8,39,20
55,35,8,19,53,60,48,18,26,62,28,11,5,3,49,22,34,57,59,29,10,25,17,50,12,42,24,20,6,16,9,2,52,21,0,47,4,45,30,37,7,14,1,31,44,58,32,51,38,41,61,54,36,23,33,15,43,63,27,13,56,39,40,46
30,45,8,43,33,36,55,6,26,12,57,16,37,20,11,5,19,32,25,29,23,31,61,4,28,46,7,14,39,34,62,51,59,21,27,24,15,13,38,10,54,52,17,44,53,22,63,9,60,18,35,0,41,47,40,50,2,1,58,49,56,3,48,42
20,59,43,44,49,10,4,1,63,45,62,23,21,6,31,27,57,60,34,58,0,61,56,29,12,26,38,28,11,33,22,19,54,9,3,53,55,37,5,24,50,8,48,35,40,17,14,30,13,16,15,52,18,7,42,47,25,51,46,39,36,32,41,2
40,21,8,55,39,56,62,43,9,33,44,20,52,31,30,46,53,15,35,1,34,7,57,51,12,60,0,61,29,23,26,63,36,38,22,13,27,42,25,4,47,59,19,11,41,3,18,17,6,49,48,2,14,5,10,50,16,24,58,37,45,32,28,54
0,47,49,3,15,57,23,55,16,62,60,42,61,43,17,2,54,58,41,33,12,37,50,29,44,48,46,9,11,31,14,35,18,4,1,28,21,34,38,13,52,6,5,7,25,20,26,39,24,63,32,30,51,53,36,27,10,22,56,40,45,8,59,19
36,56,7,38,40,42,22,49,17,13,18,62,29,61,44,59,8,51,11,34,31,33,4,21,57,55,37,2,24,12,41,16,43,50,47,46,45,20,54,27,52,32,3,15,48,10,60,5,30,14,53,23,39,19,1,35,63,25,6,26,9,28,0,58
24,55,16,15,57,7,31,8,13,25,51,34,56,4,59,48,44,21,60,32,12,53,17,54,6,9,63,0,27,19,37,39,42,38,18,30,28,47,1,50,26,52,22,61,49,46,62,33,45,40,58,14,3,2,43,41,20,35,29,11,5,10,23,36
2,27,8,7,62,53,56,57,15,60,39,11,10,22,29,21,51,1,12,3,50,34,41,54,20,5,31,46,40,17,48,18,59,45,38,36,23,35,0,49,58,13,6,24,44,43,19,32,26,47,25,9,55,42,61,28,4,33,37,14,16,52,30,63
6,14,54,52,1,20,35,24,45,42,48,0,17,36,32,37,16,26,49,27,28,63,9,56,7,39,61,62,34,25,58,51,19,10,60,41,30,46,13,33,55,5,22,3,44,15,21,12,23,57,40,29,53,2,8,47,11,43,31,38,59,4,18,50
41,29,26,38,20,57,45,12,61,0,15,35,59,44,21,50,46,40,56,37,63,24,8,22,18,54,3,4,11,36,43,1,32,34,25,17,27,62,9,58,16,6,52,48,31,10,7,23,28,49,55,60,5,51,47,42,2,33,39,14,13,19,53,30
3,10,33,41,16,8,38,35,21,15,49,6,36,9,4,7,27,17,1,58,30,23,11,51,40,2,25,46,22,45,42,54,19,53,34,44,62,39,57,28,37,18,13,12,47,56,63,50,32,55,61,29,48,31,20,0,59,5,43,14,24,60,52,26
24,3,19,36,33,13,30,46,26,48,29,14,59,49,39,34,40,42,20,1,56,44,9,15,50,43,27,5,10,41,58,17,45,63,8,35,4,28,55,31,52,61,7,51,54,53,6,12,62,60,25,11,18,37,22,21,57,32,0,23,47,16,38,2
54,32,41,57,56,13,37,26,63,9,42,40,4,12,48,23,11,29,44,25,38,28,53,16,5,30,47,62,17,6,10,8,31,52,2,59,55,45,33,18,22,0,51,46,15,21,20,36,3,19,35,1,50,39,24,43,58,60,34,49,61,27,7,14
56,15,9,11,47,36,61,29,22,13,28,25,5,34,50,18,58,26,2,1,0,37,46,8,49,4,63,59,17,24,10,55,38,52,42,20,35,21,41,16,54,48,12,39,62,44,7,31,51,19,40,23,27,30,3,53,6,33,57,14,45,32,43,60
25,0,49,6,21,52,23,48,58,32,61,63,51,60,42,7,59,17,5,43,2,28,8,47,1,45,14,39,9,10,31,24,30,54,19,22,53,50,40,4,34,11,36,33,41,18,38,46,35,3,44,15,20,57,29,12,62,37,27,56,16,55,26,13
52,27,24,40,16,38,44,10,47,8,22,17,49,13,7,57,25,26,54,35,15,29,21,39,58,18,19,32,41,53,62,46,2,5,50,30,31,55,48,0,14,45,28,42,63,11,20,6,33,4,36,9,3,37,61,51,60,1,43,59,23,12,56,34
5,52,1,45,24,29,28,60,31,62,2,33,53,50,21,14,34,27,58,26,48,57,0,44,59,42,36,8,51,7,41,54,6,43,56,16,40,32,19,18,17,30,20,22,49,39,63,46,55,23,9,38,4,61,10,12,47,13,35,37,11,3,25,15
52,31,25,60,59,17,3,45,27,47,2,21,62,8,32,34,43,20,35,46,40,9,28,42,24,29,23,61,56,63,16,48,36,26,18,57,7,41,50,37,6,51,15,5,11,49,33,38,39,0,1,12,55,10,14,22,58,13,54,30,44,19,53,4
9,16,11,39,15,8,44,55,20,38,52,18,63,13,6,51,27,60,17,35,41,43,2,49,45,1,48,59,3,54,56,47,10,21,62,4,12,46,31,34,0,7,53,40,61,37,30,23,32,24,58,19,57,26,22,25,5,29,14,42,36,50,33,28
14,48,42,39,43,17,40,61,41,30,8,3,34,26,15,7,33,13,22,28,47,51,57,38,60,62,52,56,49,27,18,19,58,12,35,53,25,4,37,59,55,24,20,54,11,46,45,2,0,1,16,23,32,63,6,21,36,44,50,31,5,9,29,10
2,29,58,0,31,42,18,13,62,57,19,59,32,25,6,63,39,55,50,47,10,33,14,34,22,37,21,41,36,9,60,52,7,51,8,17,5,28,3,4,46,61,12,54,11,35,49,48,44,26,27,16,45,1,38,20,56,15,24,30,43,40,53,23
47,20,55,16,44,40,49,1,19,38,28,62,34,2,5,30,37,43,48,31,29,8,53,18,6,26,58,13,22,63,52,11,21,39,51,17,33,27,9,46,35,12,50,10,14,57,61,45,56,60,54,23,41,15,42,0,4,59,36,7,25,3,24,32
40,37,57,52,15,9,21,46,41,26,53,4,60,61,30,35,44,32,49,38,1,17,31,27,55,22,51,25,10,58,47,36,0,63,12,62,16,8,3,48,2,50,5,59,13,56,6,20,24,43,54,42,18,28,39,23,33,34,19,7,11,29,45,14
27,34,15,63,56,57,54,42,19,20,3,60,30,35,51,43,39,38,37,41,9,40,62,61,23,52,50,26,47,44,17,31,28,4,24,11,8,55,14,16,36,46,22,33,59,10,32,5,29,58,1,49,45,18,6,12,0,2,53,48,21,25,7,13
24,58,50,48,16,36,21,31,19,23,20,29,52,39,33,13,56,1,22,3,0,46,62,44,7,49,32,27,6,54,51,28,59,40,53,17,15,30,60,37,11,38,34,43,10,47,26,18,14,12,25,5,61,63,55,9,8,45,57,4,35,41,2,42
36,47,58,25,23,40,8,16,41,7,28,60,53,59,63,3,56,32,52,18,13,46,31,61,33,62,48,42,34,57,22,55,39,9,10,38,37,5,45,50,4,54,27,43,14,2,21,20,17,35,26,15,24,30,51,1,0,49,44,12,11,6,19,29
59,27,32,57,55,2,23,16,41,49,42,44,18,34,1,39,30,4,8,61,7,56,48,5,25,19,62,35,52,63,37,21,26,0,15,46,40,36,45,47,9,22,10,11,33,20,14,51,17,54,38,12,50,53,3,6,24,43,28,31,60,58,29,13
14,3,2,20,58,39,56,22,5,57,6,32,53,43,59,46,38,12,42,34,29,15,18,0,10,51,7,25,35,11,52,37,55,50,62,40,27,45,16,36,28,60,1,61,19,4,54,41,9,30,49,23,33,21,13,48,24,47,63,8,44,31,17,26
19,63,56,51,58,0,15,53,11,26,1,40,9,60,49,34,23,45,7,37,59,43,14,27,29,31,52,39,3,35,30,22,47,61,2,48,21,13,54,41,57,42,44,32,28,6,20,17,12,36,8,5,46,24,10,18,62,50,38,25,4,16,33,55
59,3,33,42,0,52,40,8,17,54,13,26,60,9,24,53,19,15,57,61,47,2,50,20,41,32,11,29,38,37,51,58,6,45,39,1,16,10,25,49,30,34,48,7,63,55,14,27,18,28,23,44,21,36,56,46,5,31,62,35,43,12,22,4
1,13,42,11,30,55,26,27,9,63,48,2,23,53,56,4,29,12,57,10,33,46,5,37,61,39,58,8,31,19,25,22,62,0,35,15,50,51,24,41,14,47,49,40,54,6,36,21,18,20,34,45,16,32,44,60,17,59,43,52,7,28,3,38
2,24,49,8,48,14,25,58,37,22,46,42,1,19,6,56,15,54,61,13,43,45,47,29,20,55,50,63,28,44,16,39,33,53,41,9,12,3,57,30,52,31,26,23,59,17,35,0,62,51,38,34,21,7,11,60,27,32,18,5,4,36,40,10
62,52,23,38,6,2,29,18,12,28,15,19,55,43,21,45,33,41,56,20,31,32,59,60,5,3,39,63,9,30,54,8,24,10,36,49,57,42,16,47,48,0,17,7,22,37,46,11,35,40,58,50,26,51,34,53,1,27,14,4,25,13,44,61
37,60,32,25,51,27,59,46,31,40,21,41,12,6,38,13,7,53,15,2,33,14,26,0,35,47,61,55,30,17,8,49,52,3,62,56,24,29,44,42,1,16,28,11,18,48,5,20,39,50,58,54,23,43,63,19,45,9,36,34,4,57,22,10
27,52,0,11,12,40,14,24,28,35,53,56,16,13,62,15,8,32,60,61,38,18,3,26,63,23,42,17,4,33,49,5,44,50,39,9,45,20,29,57,30,10,31,6,1,22,7,34,48,19,51,2,47,55,58,41,46,43,54,25,21,37,36,59
39,58,6,5,32,14,62,52,49,3,20,38,37,45,59,0,23,56,41,35,2,30,17,25,40,61,12,22,21,60,43,29,54,28,51,19,53,63,1,4,48,13,15,57,55,34,9,27,16,18,36,47,33,42,26,31,10,11,50,46,7,24,8,44
38,53,52,24,6,57,55,27,20,0,33,15,39,26,30,42,16,36,4,56,44,29,19,46,18,34,12,7,10,49,11,23,59,14,50,21,8,28,17,3,1,41,45,31,25,35,13,54,63,47,9,40,48,5,2,58,43,51,62,61,22,60,37,32
7,16,62,26,27,13,5,23,61,46,54,9,55,52,1,15,14,59,25,44,40,48,43,17,37,34,21,50,33,19,51,12,60,0,18,31,49,30,6,47,42,38,53,10,8,28,4,41,11,29,24,20,58,56,57,36,45,3,22,63,35,2,32,39
43,15,14,45,61,38,19,33,60,34,27,55,16,3,21,30,57,63,20,4,41,42,62,58,1,25,5,36,59,40,24,26,6,2,44,54,12,11,29,7,46,47,56,48,8,18,39,9,53,23,32,28,37,52,35,31,13,10,0,50,51,22,49,17
47,45,48,63,25,0,34,44,36,10,20,53,13,31,42,14,56,60,18,26,6,46,23,24,38,9,11,35,54,4,12,61,51,62,57,5,39,7,49,32,52,8,21,29,40,15,19,22,28,55,30,59,33,58,41,37,3,17,43,1,50,2,16,27
5,25,28,15,6,17,59,43,21,1,63,32,16,62,57,0,60,29,51,56,19,42,38,31,33,34,61,50,39,35,22,47,36,41,3,27,26,14,30,20,8,37,2,23,40,55,46,9,53,48,10,11,18,58,45,52,44,49,24,54,7,13,12,4
37,48,38,2,32,47,24,25,21,20,59,14,6,22,49,60,9,44,10,61,58,18,45,33,15,4,26,1,17,46,30,7,41,43,36,16,34,51,8,40,55,0,31,11,53,42,54,19,12,56,3,50,57,39,62,13,23,63,27,29,28,5,52,35
6,33,26,8,59,27,39,36,19,29,52,54,47,55,13,40,17,4,38,63,57,9,2,5,15,7,46,37,42,28,51,44,11,18,60,32,14,56,0,16,10,53,34,45,22,24,35,58,62,31,61,23,20,48,1,50,41,25,30,12,21,49,43,3
3,13,57,17,46,0,10,15,8,25,47,7,28,31,39,32,53,62,9,48,26,41,5,59,29,23,19,36,1,20,56,12,50,55,63,21,14,2,30,44,43,54,40,42,45,22,16,49,61,33,27,18,4,52,34,37,6,11,38,35,60,51,58,24
29,0,21,63,56,45,44,2,13,16,55,37,17,4,15,11,54,27,34,26,57,48,53,12,42,60,5,40,35,58,14,7,50,1,25,3,23,46,9,6,24,51,52,49,59,38,33,22,47,39,18,30,61,32,62,43,41,20,36,8,28,19,31,10
32,2,12,34,39,11,26,49,58,54,3,62,31,28,1,37,52,43,45,5,59,46,56,4,16,18,17,25,33,23,41,15,8,38,36,57,7,22,19,29,47,24,30,48,55,20,35,63,9,53,14,10,27,50,0,51,21,13,6,42,44,61,40,60
6,5,51,48,31,28,59,1,39,16,12,43,0,13,22,14,33,27,56,63,11,10,44,26,29,62,58,53,46,40,37,3,42,60,45,34,9,52,15,54,55,36,7,38,30,41,35,17,49,57,2,18,4,8,47,23,20,61,21,32,25,24,19,50
20,21,7,17,38,26,13,50,32,25,0,36,11,22,59,16,23,3,54,47,10,48,28,9,45,37,5,41,44,57,12,18,27,55,34,14,56,51,35,49,6,24,31,63,1,29,53,60,15,42,8,30,33,40,19,2,4,46,43,61,39,52,62,58
7,42,46,55,31,38,41,11,10,43,63,44,57,6,47,19,48,54,27,61,4,50,59,2,21,60,13,35,36,51,40,56,52,8,1,16,62,0,14,17,49,9,39,22,23,20,26,3,33,30,28,37,34,5,12,53,45,25,58,32,24,15,29,18
15,54,25,46,5,10,35,34,7,16,29,30,0,53,8,38,23,60,14,9,41,52,40,50,28,48,22,31,39,63,47,3,59,42,17,1,24,56,61,43,21,27,57,49,58,45,18,36,33,26,19,13,44,20,4,55,51,62,2,37,12,6,32,11
53,0,50,8,16,52,49,62,60,54,61,26,36,2,29,18,13,57,24,46,23,11,55,39,21,12,32,17,31,6,7,34,25,42,22,47,9,19,48,63,35,56,40,14,10,41,43,33,45,20,1,59,51,3,28,58,30,38,27,37,5,15,44,4
55,29,58,50,30,7,28,35,38,0,60,40,1,9,17,39,16,49,48,56,41,46,43,57,63,24,47,54,45,34,12,52,33,15,20,27,14,13,31,59,53,42,22,6,37,61,44,32,4,5,62,8,51,21,36,26,23,2,11,19,10,18,25,3
46,53,41,14,42,6,13,0,7,39,1,22,44,9,58,4,37,55,21,20,52,24,50,61,33,26,12,10,49,30,36,60,5,38,48,18,32,25,43,3,27,28,8,57,63,16,59,15,47,54,51,2,11,17,56,35,40,23,29,31,19,62,34,45
61,20,8,53,11,18,35,62,6,22,55,19,52,49,47,44,21,31,30,41,43,33,29,59,60,36,24,58,38,45,42,63,4,51,7,37,23,3,17,1,16,27,40,12,57,39,46,14,34,54,15,25,2,48,13,0,32,56,9,26,50,10,5,28
14,60,11,0,7,29,50,44,13,51,6,48,40,22,35,12,33,26,61,15,43,49,5,59,53,8,46,23,21,37,31,20,54,41,27,36,55,9,58,30,57,3,19,42,63,17,45,1,32,62,47,52,56,24,10,18,39,4,16,38,2,34,25,28
28,48,1,54,26,51,5,42,63,33,55,61,14,11,43,60,49,3,45,32,2,39,13,21,10,40,17,20,12,8,53,27,38,50,25,34,52,9,16,46,15,4,6,24,47,31,62,30,57,58,44,29,19,0,59,18,37,23,56,41,35,22,7,36
5,60,24,4,62,32,28,51,57,9,50,18,48,11,54,55,26,14,63,16,52,49,25,21,41,53,47,27,33,8,23,42,22,59,30,10,34,15,19,31,61,46,1,3,35,2,43,45,29,7,56,6,38,13,20,17,39,12,36,44,37,58,40,0
55,57,40,59,21,39,47,0,43,5,2,31,14,58,30,17,41,27,11,42,37,28,8,22,29,6,19,36,52,32,18,45,60,46,49,9,62,4,7,61,44,16,35,23,26,13,63,38,50,56,3,53,1,48,10,12,25,24,33,51,15,54,34,20
38,7,11,32,6,1,48,62,41,8,33,28,34,0,47,15,55,49,50,60,10,57,17,18,37,30,31,52,35,16,53,13,23,39,61,12,2,42,56,63,3,14,43,44,27,58,51,45,24,25,40,4,26,5,54,9,59,21,20,46,22,29,19,36
36,44,43,48,51,5,7,4,18,41,59,19,42,50,13,34,14,3,0,33,9,58,10,37,15,61,29,35,47,21,24,27,54,40,20,6,56,31,52,25,39,22,12,17,49,57,53,60,32,55,45,28,63,38,46,8,2,23,1,26,30,62,16,11
59,27,26,52,56,31,17,34,33,6,32,44,24,29,55,43,36,25,0,35,2,1,61,19,42,30,4,57,9,5,10,49,8,60,62,48,3,37,28,45,39,16,38,51,15,54,11,21,46,41,58,22,20,47,63,23,13,53,12,14,50,40,7,18
27,19,62,40,58,36,5,34,28,61,44,52,41,43,38,13,6,48,22,1,3,37,47,20,11,45,35,46,23,18,12,9,50,33,63,16,56,57,55,29,0,30,31,24,51,54,39,59,4,21,7,15,49,60,53,26,8,14,25,2,10,32,42,17
50,21,30,55,8,25,62,49,14,18,29,10,39,7,0,23,37,44,38,19,3,28,54,61,15,12,5,27,63,31,34,56,48,16,11,58,60,46,41,47,51,17,35,42,24,13,6,9,53,4,22,1,40,32,36,59,33,45,26,43,20,2,57,52
38,26,19,2,17,47,7,4,9,53,3,48,27,36,60,6,18,29,51,13,8,14,15,12,59,63,43,23,22,40,42,21,10,45,57,20,37,1,16,24,54,49,50,44,61,5,33,55,11,52,35,25,62,41,46,30,34,39,58,28,31,32,0,56
37,62,45,1,40,43,4,9,35,31,19,60,7,38,46,63,17,15,28,14,58,27,44,11,30,23,16,41,34,29,52,25,20,36,50,42,26,54,22,39,56,32,49,55,12,33,47,6,61,51,21,2,13,10,5,0,18,3,57,53,48,59,24,8
26,6,48,18,5,31,40,61,53,10,3,60,59,34,11,2,25,37,45,29,62,33,55,23,52,4,41,24,28,49,21,7,0,1,57,35,50,15,47,30,42,32,44,36,20,38,22,56,51,27,8,46,54,16,9,43,63,14,39,19,12,17,58,13
24,46,56,62,36,47,38,21,54,27,0,40,63,13,57,32,6,49,28,60,5,58,29,43,52,26,16,4,18,9,3,23,8,20,35,61,19,12,2,37,44,41,30,31,22,10,17,53,39,45,1,48,14,15,33,51,11,7,34,59,50,25,55,42
36,37,31,29,5,57,1,35,55,33,51,61,34,16,27,56,22,54,12,43,58,46,10,13,17,23,15,28,44,7,41,4,52,63,50,30,59,45,47,11,42,0,40,8,38,2,25,19,48,39,3,6,32,18,14,60,21,24,26,9,20,62,53,49
31,27,42,56,53,0,26,7,52,40,47,5,10,11,51,17,32,8,39,63,18,22,9,37,29,50,13,43,41,14,21,34,49,15,20,62,28,60,30,36,61,4,59,19,45,55,33,46,58,38,16,6,25,54,3,48,24,35,1,57,23,12,2,44
25,51,41,24,20,46,33,43,3,53,10,47,28,61,27,17,62,63,5,18,16,31,21,36,2,12,34,50,22,48,14,38,39,32,15,55,44,19,56,6,9,42,13,40,29,37,7,57,30,58,49,35,0,8,45,23,59,54,11,26,1,60,4,52
16,18,22,47,14,33,21,55,28,32,63,36,31,45,61,44,10,1,51,11,38,40,20,35,6,52,53,59,15,24,56,50,27,43,23,12,3,9,48,17,5,26,4,46,60,37,2,41,30,25,34,57,0,62,7,42,19,8,39,58,49,13,54,29
38,51,54,27,9,21,6,3,61,1,37,7,36,10,29,32,49,56,42,17,24,12,57,26,39,31,16,11,28,19,52,33,40,46,4,45,20,35,50,14,44,18,55,0,60,48,15,5,53,23,13,34,8,59,62,41,47,63,2,22,30,58,43,25
60,39,53,33,44,0,34,62,6,8,54,10,46,14,20,59,37,16,29,23,63,47,57,38,40,5,1,27,31,32,9,21,26,45,35,52,30,22,42,17,28,25,24,49,18,19,4,55,56,3,51,7,11,41,2,43,48,13,61,50,12,36,15,58
8,48,51,25,27,50,42,16,31,13,18,61,3,52,15,46,40,36,6,54,35,24,55,17,26,19,28,56,47,10,63,39,37,22,38,4,58,5,34,2,7,23,43,45,14,32,41,49,53,9,30,21,1,33,44,11,60,0,20,62,29,12,57,59
0,62,12,37,15,23,35,43,20,19,11,38,8,45,39,27,61,32,53,57,3,63,2,25,26,40,16,54,41,33,13,14,59,30,34,31,58,29,22,44,24,18,21,6,48,4,55,42,60,7,51,49,10,56,36,46,1,5,47,9,17,52,28,50
62,0,25,39,20,7,51,32,13,8,61,19,2,57,46,56,18,24,6,42,29,41,31,43,28,40,54,14,48,12,23,10,47,22,33,27,44,16,11,50,17,30,36,59,45,9,35,53,15,55,38,1,49,63,21,60,26,4,34,52,37,3,5,58
23,30,32,33,51,42,13,0,2,24,7,39,41,49,57,28,58,11,8,61,55,46,10,62,34,50,22,52,56,63,38,9,15,35,29,16,14,21,47,18,12,40,6,1,45,37,43,60,3,4,17,31,19,5,54,59,53,48,44,26,27,20,36,25
6,31,23,32,21,28,45,18,58,42,5,40,57,53,52,60,47,27,30,13,19,51,8,38,2,0,43,1,17,34,22,36,48,59,63,25,46,62,33,15,55,41,9,29,49,44,4,20,56,16,35,7,61,54,3,37,39,10,26,24,12,11,50,14
18,25,27,43,6,14,12,48,55,7,0,19,60,13,2,45,11,29,63,39,36,41,8,23,37,17,42,5,32,1,20,51,47,3,9,34,53,49,58,40,56,46,57,15,59,24,28,4,62,26,61,35,30,22,31,10,33,44,52,54,38,50,21,16
36,43,34,7,42,11,22,51,18,15,44,13,8,55,31,16,50,5,56,52,17,41,2,9,29,57,62,58,10,39,12,32,0,24,3,33,14,21,20,40,46,49,53,27,45,26,54,47,59,61,6,38,60,30,48,4,37,19,23,28,1,63,25,35
59,62,58,34,19,63,25,21,4,12,17,22,9,52,38,46,42,30,10,2,26,31,0,39,7,32,43,49,6,61,44,29,57,8,51,36,50,56,47,28,1,37,18,53,33,14,27,20,48,5,23,41,54,15,45,3,55,60,35,24,11,16,40,13
51,32,44,0,56,24,58,2,12,62,33,13,19,9,4,14,5,28,57,60,15,43,55,18,41,27,25,39,46,34,26,22,11,59,16,54,63,31,3,37,35,50,40,21,30,49,20,47,1,52,38,53,48,6,42,8,23,45,36,29,17,61,10,7
34,13,42,36,62,41,28,39,27,16,20,9,56,43,59,7,14,21,47,45,49,37,38,15,26,22,12,2,61,24,40,23,52,35,10,6,3,51,44,58,46,29,18,60,63,32,55,5,50,4,17,57,54,19,31,53,30,0,48,25,8,33,11,1
40,42,52,56,7,12,8,32,2,25,13,30,35,46,1,21,26,34,57,23,15,0,43,55,36,16,6,9,45,39,37,18,19,63,58,38,22,59,5,41,4,17,14,50,28,33,47,24,20,48,49,11,62,27,29,10,31,61,60,53,51,44,3,54
47,1,50,27,20,23,29,10,6,25,7,48,8,3,59,2,57,53,15,35,62,55,4,39,22,28,17,36,0,31,30,54,49,42,5,11,33,56,45,40,13,14,37,41,60,58,44,32,24,9,16,38,43,34,63,61,18,19,52,12,21,26,46,51
16,34,45,21,30,19,0,12,55,48,32,47,53,23,5,50,36,56,24,4,60,46,38,7,63,25,17,18,22,6,14,40,43,49,26,42,29,59,28,27,3,61,11,51,13,58,33,20,10,37,15,8,2,41,39,52,62,9,54,57,35,1,31,44
51,53,44,24,35,39,41,29,6,34,2,20,49,19,21,11,27,43,7,38,37,54,13,3,18,46,26,55,47,52,0,23,32,15,57,28,8,50,40,22,48,58,62,33,17,30,10,14,9,4,56,31,61,59,12,63,42,25,60,36,45,1,16,5
15,56,58,0,49,35,50,63,43,57,22,10,54,17,8,38,40,41,21,7,42,16,46,47,31,39,5,28,37,1,59,26,48,14,29,20,34,33,13,53,51,52,3,60,23,30,4,11,24,27,62,12,2,36,6,25,9,18,44,32,19,55,61,45
54,26,36,40,3,39,7,19,41,53,9,38,22,55,15,13,62,4,45,37,23,58,49,2,8,63,57,32,28,34,27,35,61,14,31,29,46,18,17,30,25,44,50,56,5,42,6,10,11,51,59,20,0,60,33,48,24,16,12,47,43,52,1,21
14,18,21,48,35,34,52,37,9,3,59,30,24,1,43,28,27,31,62,0,56,55,7,15,41,47,29,51,6,32,26,60,40,25,38,4,8,54,20,19,58,17,23,11,53,46,36,16,57,5,13,49,22,12,33,42,39,45,2,50,44,61,63,10
24,37,7,28,11,25,32,45,59,0,30,19,42,26,8,18,49,21,6,58,1,5,51,2,55,10,35,40,29,34,47,50,44,23,33,17,36,46,57,9,62,39,54,60,48,43,61,15,31,22,38,16,12,14,63,56,13,27,52,4,53,41,20,3
3,41,53,26,10,6,40,44,16,48,43,18,59,36,51,31,13,32,25,35,29,0,42,54,30,39,12,62,1,21,22,19,17,20,56,49,33,50,4,58,37,52,24,47,7,5,2,55,60,63,46,27,28,11,38,8,9,14,57,34,23,61,15,45
62,35,31,41,21,20,25,18,44,43,22,45,17,37,14,36,50,52,9,60,12,10,23,63,58,6,61,57,4,33,0,13,38,26,40,11,30,59,16,48,49,54,3,55,53,39,27,29,42,7,32,1,15,19,51,5,46,28,8,56,2,34,47,24
37,63,26,3,39,55,31,15,60,27,13,59,48,24,16,42,57,11,1,18,34,62,54,6,38,44,50,32,28,8,53,12,23,4,29,56,19,36,30,52,41,35,22,58,20,40,14,7,10,47,46,9,33,0,17,45,51,21,49,25,43,2,61,5
45,57,17,58,49,10,40,12,43,11,2,0,54,34,53,24,47,31,52,37,39,32,61,18,19,44,55,23,27,7,56,26,3,9,4,20,14,15,63,59,48,16,29,60,33,22,30,25,46,42,50,62,21,41,13,6,51,38,1,36,8,28,5,35
21,53,8,60,46,47,50,44,43,29,40,5,35,24,16,28,51,6,12,34,45,62,15,49,59,57,41,18,23,42,27,13,17,19,55,52,31,20,63,4,58,1,7,61,11,38,22,26,33,30,3,25,37,14,48,9,32,54,2,0,36,39,10,56
39,22,54,51,45,31,19,35,52,42,28,53,11,13,16,7,56,27,62,40,9,38,10,30,25,21,17,32,5,49,41,57,47,34,36,20,33,2,12,6,37,23,50,44,43,60,8,48,4,29,55,58,14,15,24,0,46,18,1,63,59,61,3,26
33,32,27,13,40,28,59,22,43,16,8,24,56,50,10,63,5,4,35,2,23,48,17,37,20,42,30,51,60,12,61,18,26,14,49,15,36,19,1,62,38,29,45,25,41,57,54,21,0,52,47,34,53,58,3,55,7,6,9,44,39,31,46,11
60,40,15,13,57,1,19,27,32,7,54,46,18,20,31,48,45,34,21,50,5,9,37,11,52,12,35,38,39,28,58,6,23,4,44,16,26,49,41,47,33,2,59,3,0,24,29,53,62,43,55,10,56,51,61,25,42,8,17,22,36,30,14,63
36,0,34,29,49,19,31,28,16,46,24,2,23,4,13,59,7,47,55,35,5,58,45,52,6,30,32,54,37,44,60,9,61,41,11,56,25,21,3,62,42,1,51,27,40,18,14,33,38,10,50,8,53,15,48,63,22,43,57,20,17,39,26,12
11,46,51,8,3,2,52,0,34,30,20,17,10,24,15,22,28,38,41,57,18,33,36,54,42,1,4,44,9,32,31,59,39,16,21,13,61,50,63,55,40,26,49,35,56,58,43,45,47,37,29,5,19,60,53,25,14,62,6,23,12,27,7,48
23,44,28,4,52,60,37,2,25,7,21,59,40,63,26,18,50,45,9,12,61,17,35,27,51,34,42,16,33,24,36,6,0,54,8,49,41,19,15,56,13,3,48,39,30,29,43,1,22,47,58,31,20,53,14,57,55,5,38,62,32,10,11,46
47,0,54,23,60,48,10,30,11,44,15,17,38,58,36,7,29,59,8,22,49,35,28,46,5,14,12,43,63,16,45,13,24,18,6,37,3,26,57,19,61,9,52,32,53,41,62,56,51,4,55,50,27,25,39,31,20,1,33,21,42,40,34,2
60,48,54,29,39,33,26,58,52,14,8,20,46,56,7,12,34,10,51,59,32,24,25,44,41,37,63,19,15,5,31,16,43,42,3,36,23,61,62,22,18,47,50,13,21,40,49,57,4,1,38,6,27,28,55,30,0,35,17,53,2,45,11,9
36,37,42,38,62,18,12,60,13,54,59,7,15,22,31,27,3,34,24,50,52,2,51,5,1,20,57,32,44,10,30,26,11,19,56,40,41,29,58,55,28,9,43,25,23,47,61,21,39,63,35,16,14,49,0,8,17,46,48,45,33,6,53,4
0,63,57,41,2,23,13,16,7,45,47,38,52,28,4,51,30,60,29,55,1,33,22,27,8,31,46,58,9,18,56,36,62,48,49,17,20,34,24,43,21,19,53,61,14,15,6,11,50,10,5,26,59,25,37,54,44,42,32,40,35,3,12,39
8,40,2,9,6,36,24,60,27,23,56,20,19,32,39,62,3,21,37,43,10,59,30,1,41,26,28,5,22,51,50,61,7,33,14,11,17,16,58,34,49,57,18,38,52,29,25,53,13,12,55,48,31,42,54,46,15,45,44,47,4,35,0,63
50,43,54,58,44,47,59,24,62,31,7,18,63,29,8,19,51,2,48,13,57,52,39,32,0,25,4,37,20,49,10,5,35,1,23,42,22,12,38,56,14,28,3,27,15,26,21,34,60,30,41,17,55,33,16,40,6,61,36,45,53,9,46,11
59,46,41,1,39,21,25,16,40,56,57,27,35,11,61,13,58,9,7,15,52,17,33,24,63,5,30,32,31,2,23,44,48,60,37,49,20,43,34,47,22,29,53,19,28,18,14,51,8,36,42,50,12,26,54,6,3,38,55,4,62,10,45,0
8,11,61,4,55,16,46,50,24,34,58,45,52,59,41,19,54,6,1,51,21,63,15,57,31,44,20,27,39,37,60,40,42,33,49,32,17,53,13,0,29,43,48,10,47,3,36,2,28,12,9,14,56,7,23,62,25,38,35,26,5,18,30,22
21,16,55,44,19,51,45,57,12,17,49,5,26,52,31,58,41,33,11,27,23,3,35,1,60,63,10,53,13,40,24,8,36,7,18,25,15,28,59,42,54,62,6,14,0,50,47,43,48,29,4,39,38,46,9,56,61,22,2,37,32,20,30,34
49,47,29,20,2,34,25,56,27,59,63,10,37,40,36,55,18,32,0,14,42,24,15,50,5,28,7,26,53,19,60,43,41,9,11,23,22,48,51,58,46,21,6,3,39,54,13,31,4,62,57,61,38,52,44,12,8,45,17,1,16,30,35,33
37,53,39,2,43,16,60,36,41,49,48,26,27,54,3,52,33,19,15,28,23,51,50,47,21,9,32,20,38,6,25,8,14,10,46,57,18,11,13,62,40,63,35,22,61,30,1,58,56,12,17,0,34,45,44,4,29,42,24,55,59,5,31,7
29,28,8,27,50,19,22,39,4,36,37,57,35,43,46,32,53,51,54,1,17,31,16,34,3,7,11,44,41,49,52,56,61,59,15,58,18,25,42,55,45,48,6,20,47,30,62,23,14,9,13,2,24,0,12,60,38,10,33,63,40,5,26,21
33,26,1,56,29,2,38,50,40,53,58,34,30,18,6,43,11,25,14,52,61,20,42,39,36,15,24,45,48,62,17,46,47,60,0,54,10,51,16,44,63,5,21,37,23,7,3,27,9,19,4,12,41,31,59,8,49,13,22,32,55,35,28,57
45,47,14,31,26,16,58,6,12,53,23,36,46,48,61,22,28,52,19,63,29,11,4,32,3,49,8,55,41,60,5,2,18,40,27,21,38,13,37,43,17,44,0,54,62,56,50,57,15,39,24,1,7,51,33,9,35,42,20,25,10,34,59,30
53,9,41,0,23,35,39,38,59,33,28,5,63,48,36,56,54,18,14,20,6,32,13,58,15,19,37,62,1,7,60,45,10,55,22,25,3,8,11,4,24,46,17,26,34,47,61,57,12,49,21,29,16,27,40,51,30,43,2,44,52,50,42,31
5,36,4,37,12,62,63,32,2,42,44,25,43,49,6,52,26,16,29,20,47,50,8,40,28,1,17,55,24,11,3,13,18,39,61,56,27,34,19,57,38,58,22,15,48,0,51,30,14,21,54,35,59,45,9,46,10,7,31,60,33,41,23,53
7,19,51,34,5,32,57,18,30,56,15,48,12,55,0,25,6,35,49,17,9,14,21,2,10,31,29,39,43,63,41,22,38,54,53,36,62,23,1,60,52,16,3,13,37,40,46,61,4,11,58,27,50,59,8,24,42,28,45,33,20,47,26,44
30,33,12,35,22,10,62,17,50,49,28,27,56,55,21,40,25,11,29,16,60,45,0,34,14,13,2,58,23,24,7,3,19,59,37,54,57,4,36,38,31,32,41,26,63,5,47,53,6,18,51,43,39,52,8,46,9,61,42,44,48,20,15,1
32,4,10,8,9,44,27,41,59,62,6,43,53,31,63,13,11,19,60,17,26,25,2,23,18,57,0,24,47,3,12,56,48,34,33,51,14,55,29,21,37,39,46,1,50,36,7,52,5,20,22,42,28,15,45,38,16,54,58,61,30,35,49,40
43,38,57,7,31,10,14,17,25,46,22,2,47,37,4,36,18,27,5,12,52,41,45,40,9,0,42,11,19,6,44,34,35,59,58,48,13,62,21,56,54,50,15,55,60,3,29,33,26,39,1,49,28,53,20,32,23,16,8,30,61,51,24,63
45,32,62,2,4,3,63,8,55,31,9,29,56,48,54,59,14,34,10,41,61,36,18,7,30,25,23,26,22,0,24,52,11,12,51,57,39,38,33,27,1,16,5,40,17,20,21,35,43,50,46,19,28,37,53,15,42,47,13,58,44,6,60,49
58,36,14,1,51,45,6,46,12,10,28,25,30,16,0,17,20,21,31,23,41,42,61,7,52,8,39,27,57,26,4,54,62,24,37,22,2,3,5,63,35,60,50,53,59,11,19,34,15,9,55,48,44,56,49,13,47,43,33,18,40,32,29,38
55,21,1,0,42,56,37,29,45,13,34,47,15,7,9,40,63,10,17,60,39,19,62,38,11,41,52,53,32,44,54,46,48,4,6,49,23,14,43,36,26,58,35,24,33,61,31,28,3,2,25,5,16,59,30,51,8,20,27,18,12,22,57,50
17,1,60,25,4,41,48,53,47,32,15,62,30,18,7,56,5,11,29,24,22,45,0,63,55,19,6,8,16,57,38,3,13,61,42,39,36,27,14,50,58,26,52,20,51,34,10,12,21,33,28,54,9,2,46,40,31,35,44,23,49,43,59,37
50,4,12,20,25,33,48,21,27,55,13,34,6,47,24,46,31,32,40,59,8,1,30,60,19,15,43,52,41,2,44,37,23,54,38,18,5,35,36,39,62,11,7,0,3,9,17,53,26,49,63,57,16,42,56,28,29,51,22,58,61,10,45,14
45,36,29,34,15,7,9,53,59,50,46,6,1,55,22,63,3,5,20,62,14,33,60,40,28,31,35,16,58,19,18,49,48,30,54,61,37,24,41,21,26,42,4,56,38,43,2,8,27,10,25,17,39,44,32,13,47,12,11,52,57,51,0,23
4,39,11,29,8,19,3,32,43,7,59,38,56,60,10,62,28,34,57,55,2,54,23,44,21,6,16,20,5,46,25,53,18,37,63,47,41,33,12,13,30,50,40,58,15,35,1,48,31,61,0,45,52,14,49,9,26,22,51,24,36,27,17,42
15,17,49,26,37,62,52,57,46,54,32,44,53,63,23,27,0,42,5,38,10,4,59,18,43,3,13,39,45,47,48,60,9,14,20,55,56,19,12,30,21,31,2,29,41,7,6,16,25,36,1,50,24,22,61,28,11,8,58,40,51,35,34,33
58,16,32,24,2,57,43,6,44,23,12,19,62,45,56,38,7,63,46,5,22,61,13,27,3,29,55,28,39,49,59,25,21,47,48,53,37,41,15,26,60,33,20,31,35,0,14,36,10,8,52,40,17,51,54,9,34,4,18,30,11,42,50,1
26,57,46,19,5,8,62,23,34,0,2,28,11,49,56,43,14,40,63,31,15,13,47,44,12,52,21,60,32,53,25,35,59,4,20,58,29,33,3,17,10,41,22,36,54,61,48,16,6,38,9,37,18,50,55,7,30,42,24,27,45,51,1,39
46,14,48,9,62,34,30,42,8,55,59,60,17,37,43,38,57,23,31,15,0,50,58,3,20,52,26,45,12,56,32,28,2,39,54,25,5,51,61,13,11,27,63,49,44,22,4,16,47,7,41,40,33,21,24,36,29,35,1,53,6,18,19,10
8,16,47,54,36,63,41,14,18,28,55,40,38,4,39,25,1,5,30,6,34,15,23,58,11,2,9,45,50,21,20,53,26,59,52,27,33,13,35,60,46,49,57,7,12,48,10,56,22,0,19,24,62,3,42,37,29,61,44,31,32,17,51,43
55,31,56,38,15,6,26,20,2,12,32,57,4,16,47,34,60,50,49,53,61,10,54,46,7,30,59,45,1,25,58,23,9,3,62,21,43,0,63,11,51,41,37,8,18,17,24,52,48,28,13,19,35,22,39,36,44,27,40,29,42,33,14,5
0,59,56,53,10,52,16,23,61,39,63,29,27,30,1,58,17,34,32,14,43,42,2,40,9,44,33,15,62,13,38,7,25,36,21,46,4,18,22,31,12,41,60,37,20,49,54,5,26,24,28,57,48,47,19,11,8,50,55,51,35,3,45,6
30,19,52,5,58,61,28,34,17,41,2,51,39,0,57,36,55,29,32,27,7,6,50,47,53,15,3,62,22,59,10,56,26,42,4,54,1,46,23,21,12,20,24,33,49,48,60,38,13,9,31,14,35,8,16,11,45,63,37,43,44,18,25,40
12,55,10,58,33,41,20,54,1,14,48,22,38,49,45,6,43,47,7,51,2,28,44,29,0,30,34,63,46,9,31,60,15,11,56,50,52,5,32,3,59,39,26,17,25,24,13,4,23,36,16,27,8,42,18,35,61,37,19,57,53,40,21,62
51,23,24,43,29,34,63,61,50,37,47,58,57,0,52,28,6,7,32,3,12,48,4,5,10,41,1,17,26,13,19,62,45,54,18,49,36,44,15,2,22,11,40,33,46,55,21,25,31,27,59,39,56,9,42,8,38,20,60,35,30,16,53,14
20,43,27,28,49,23,2,37,39,26,1,62,17,61,48,12,8,18,47,7,33,15,40,3,41,35,29,13,46,34,32,55,31,0,11,52,51,60,25,10,58,4,53,45,59,22,5,6,21,24,54,50,57,16,56,36,44,19,14,30,42,9,63,38
37,49,4,3,61,44,50,10,18,6,58,46,35,11,42,31,41,12,16,52,34,23,26,48,1,22,9,14,38,47,20,51,8,21,45,27,60,2,36,40,13,55,29,15,30,53,0,62,33,54,5,19,63,32,28,43,7,17,57,25,24,59,39,56
49,60,13,1,39,7,30,11,24,17,9,51,41,25,12,8,63,6,40,45,54,34,53,38,50,43,20,19,33,55,62,37,28,4,58,42,32,52,57,14,23,26,18,22,10,59,47,56,31,36,44,27,5,48,0,2,16,3,15,35,61,29,46,21
51,19,27,5,0,9,36,25,15,43,63,26,7,10,2,1,44,28,58,40,21,52,46,6,37,30,55,3,62,8,47,61,54,24,35,20,22,59,50,32,4,33,48,29,41,17,31,49,14,57,12,60,42,53,18,13,38,16,39,56,23,34,11,45
46,27,54,43,41,44,16,15,40,37,13,58,26,63,39,34,3,38,25,35,47,8,21,2,62,0,12,61,42,50,18,45,48,9,10,49,22,23,60,28,36,19,7,59,29,14,6,11,5,57,33,20,53,31,52,32,55,4,24,56,1,30,51,17
4,38,28,62,18,44,15,27,54,14,5,23,32,46,12,29,24,59,0,43,17,34,60,22,45,37,3,6,52,61,47,7,49,56,20,33,55,35,11,40,1,42,10,8,16,13,58,39,9,48,21,41,31,50,2,26,51,53,25,36,57,63,30,19
16,63,31,46,14,22,42,52,48,3,35,6,0,41,8,55,34,50,12,25,40,53,5,7,26,17,1,24,9,57,60,23,33,43,10,45,36,11,47,37,27,29,51,15,49,28,30,54,18,39,58,21,13,56,61,19,2,20,62,38,44,4,59,32
41,19,38,52,51,57,43,42,21,49,48,32,55,26,23,53,25,39,0,6,17,31,44,4,50,1,13,15,35,54,47,60,8,36,3,45,12,56,61,10,33,22,2,28,58,27,16,20,24,46,14,7,5,9,11,18,29,30,63,40,59,62,34,37
30,50,34,39,21,47,10,22,57,24,40,53,37,45,14,54,41,15,48,56,13,35,55,19,46,59,36,51,16,43,31,49,8,12,38,52,2,33,44,42,9,29,5,4,3,0,23,28,63,1,62,6,32,58,17,20,27,25,7,61,11,26,60,18
29,11,20,18,60,12,14,17,63,49,59,22,52,10,13,50,0,2,58,41,25,42,62,31,1,9,4,6,38,45,28,47,39,54,7,26,35,57,44,23,36,53,33,43,8,19,3,5,40,46,51,32,56,15,61,37,48,55,21,27,24,30,16,34
34,55,17,63,31,50,6,59,51,11,36,16,8,1,53,32,56,58,35,25,52,38,57,23,24,28,42,27,2,14,54,26,49,22,20,37,45,41,15,44,60,29,61,39,0,10,21,30,46,43,5,48,33,9,3,12,62,13,18,7,4,47,19,40
23,10,16,31,24,55,51,35,5,61,9,49,11,59,8,26,13,43,25,14,63,3,7,19,38,37,42,46,34,27,18,0,48,50,44,53,6,21,15,41,54,20,2,33,52,57,40,56,28,32,58,17,12,45,39,62,1,60,36,22,4,29,47,30
59,42,3,26,51,19,44,61,60,62,29,45,10,15,53,40,37,34,52,39,35,30,58,49,5,1,54,36,27,31,18,6,24,33,2,21,23,41,55,11,13,16,63,0,8,32,25,9,20,43,56,22,7,46,38,12,47,57,28,50,4,17,48,14
0,49,44,3,55,22,47,25,60,5,4,42,10,14,18,51,40,12,61,6,16,23,41,30,8,59,2,17,7,56,27,35,50,15,48,39,58,24,32,9,45,31,19,63,29,33,62,38,20,37,52,1,34,28,46,57,53,43,13,26,54,36,11,21
41,6,25,48,34,1,44,45,53,36,23,18,7,60,19,22,54,35,63,10,2,46,27,31,52,40,37,61,33,59,12,4,50,21,58,13,14,17,20,39,38,29,51,24,62,5,57,47,15,16,8,0,9,55,26,43,56,30,11,32,3,28,42,49
32,21,12,23,33,15,26,40,11,60,51,44,25,13,46,43,48,63,58,18,6,57,7,50,3,5,53,47,30,1,28,10,41,61,62,52,14,20,56,37,17,22,16,38,54,34,29,31,59,0,39,9,8,36,45,24,55,19,2,49,35,27,4,42
1,32,50,3,46,10,23,17,30,63,37,61,60,22,40,47,9,18,39,54,31,58,27,12,52,51,24,36,16,29,15,26,43,21,38,0,56,57,25,14,44,20,55,2,6,49,48,35,34,53,4,59,45,33,41,13,19,62,11,7,8,42,5,28
9,1,45,2,10,15,29,40,31,36,8,32,6,41,20,21,60,16,42,38,59,22,24,7,54,34,5,51,0,49,61,11,27,53,4,26,50,55,33,37,52,28,58,35,48,25,39,23,13,30,12,19,44,63,62,17,43,46,56,18,47,14,57,3
63,51,34,55,62,44,39,57,18,31,24,59,61,7,46,17,45,15,49,20,22,14,6,42,25,23,47,35,41,33,28,43,2,37,53,19,11,3,54,52,12,4,13,8,36,27,26,60,56,21,5,50,1,38,58,30,48,40,29,16,0,9,32,10
25,22,35,26,5,33,36,47,4,38,11,12,59,61,29,27,54,9,49,17,46,10,60,51,42,44,41,3,48,57,56,1,7,28,58,30,14,37,40,63,16,32,0,20,13,62,43,18,19,31,55,24,21,39,23,2,50,15,52,6,45,53,8,34
21,63,57,11,44,0,14,58,31,47,32,1,7,46,39,28,41,51,60,9,36,12,52,48,49,59,34,20,43,26,8,40,6,35,24,23,53,38,4,54,15,27,62,18,2,25,33,3,61,5,10,30,22,37,13,17,42,56,50,45,29,55,16,19
15,12,3,51,30,45,44,1,50,39,60,34,8,5,54,22,36,62,21,57,28,14,16,40,9,47,46,17,11,20,48,18,59,23,32,24,6,19,27,52,38,33,41,29,53,26,31,37,13,43,55,56,25,58,49,35,63,0,42,2,4,7,10,61
17,42,33,38,40,54,58,8,39,51,60,14,22,35,55,47,57,31,16,19,29,11,34,59,0,13,53,48,43,10,12,45,20,56,26,7,32,50,5,49,36,4,25,23,3,46,1,6,37,2,52,44,62,30,41,21,18,27,24,28,9,61,15,63
42,46,52,24,23,59,7,33,1,35,43,32,31,4,39,20,48,3,60,21,53,5,56,30,62,55,19,40,57,34,47,45,17,54,0,18,14,27,8,63,28,2,50,29,44,38,49,13,36,9,26,16,22,25,61,37,58,51,41,15,12,10,11,6
60,12,6,42,37,0,8,15,55,29,62,59,18,1,47,3,50,19,57,27,39,48,53,61,23,26,46,35,4,63,56,40,34,52,13,38,9,33,11,31,44,10,36,41,43,22,24,32,25,7,2,28,51,16,14,58,49,54,17,45,20,5,30,21
1,28,37,45,27,3,16,30,51,42,20,36,6,23,31,34,5,10,15,18,8,35,26,4,52,39,17,61,58,29,53,60,43,32,49,46,41,14,19,25,13,56,24,50,9,2,54,33,12,7,47,40,48,38,57,44,22,62,21,63,11,55,59,0
42,40,46,43,9,53,34,44,4,47,28,55,17,50,52,57,20,31,24,25,13,22,59,51,15,0,63,36,2,49,45,33,18,26,58,30,8,60,1,35,14,38,12,21,29,62,10,7,32,19,54,16,41,56,3,39,23,11,37,61,27,6,5,48
46,3,20,39,48,56,45,16,58,9,33,2,23,31,4,42,59,25,5,35,37,21,13,62,26,38,22,34,1,50,24,29,8,0,11,57,53,14,60,40,17,51,63,27,19,43,49,41,10,28,18,55,61,12,30,32,44,36,47,15,54,6,7,52
23,17,20,28,60,3,50,40,35,63,22,62,47,14,8,42,57,19,56,16,38,43,7,12,9,45,52,2,51,44,26,21,54,27,55,25,49,15,41,34,1,39,58,31,61,53,18,48,10,36,11,46,6,29,5,59,33,37,30,24,32,0,4,13
58,33,21,14,26,25,16,31,0,28,46,19,12,8,13,20,17,47,10,2,29,54,57,55,53,48,41,38,6,42,63,62,52,36,50,11,44,7,51,9,56,37,39,43,45,60,23,15,1,34,24,5,18,30,59,22,27,32,3,49,4,61,40,35
29,17,13,6,63,57,28,25,40,2,16,11,34,49,8,22,42,15,32,30,51,3,44,59,61,52,19,60,45,39,47,23,41,31,24,1,18,33,54,14,48,4,12,43,27,10,7,62,26,55,21,36,35,46,37,56,5,58,9,0,53,20,50,38
38,13,9,15,0,17,25,54,29,20,60,53,31,43,35,19,1,59,2,24,16,26,33,11,41,21,6,28,22,8,39,47,18,27,50,5,30,48,37,12,40,3,14,52,63,4,32,34,49,7,10,42,45,58,55,46,44,57,36,51,23,61,62,56
13,60,50,22,43,6,10,2,16,27,7,39,36,40,1,46,21,15,49,58,18,37,56,30,8,53,25,17,33,62,48,59,14,55,32,26,57,9,52,23,29,4,3,44,19,31,5,41,11,0,24,28,38,54,42,34,35,45,51,61,47,63,20,12
19,16,11,50,5,25,22,55,9,63,53,14,39,24,2,47,4,38,13,60,44,37,12,43,61,28,57,58,8,42,54,33,52,18,40,23,20,21,35,26,46,15,49,36,59,0,1,51,41,48,62,6,3,7,30,29,10,56,31,17,45,27,32,34
49,31,37,22,24,62,25,48,14,26,60,2,16,57,12,63,59,61,44,28,0,33,15,30,45,1,36,39,11,40,18,50,32,35,56,8,47,29,20,7,54,27,13,43,52,19,17,53,51,4,21,23,5,34,42,55,38,6,10,9,41,46,3,58
50,8,1,33,3,17,25,56,26,38,2,63,13,16,19,27,61,24,43,12,59,55,15,37,42,10,21,41,48,58,44,11,0,60,14,23,6,34,53,45,29,5,7,22,47,31,32,57,39,51,36,62,18,28,20,40,46,30,54,52,4,49,9,35
46,20,0,35,3,56,30,38,57,50,32,16,43,63,45,15,7,37,21,31,42,39,1,29,58,40,10,54,47,23,24,11,34,36,48,27,41,52,18,28,44,49,61,6,59,2,62,55,5,60,22,8,19,17,13,51,26,4,9,25,14,33,12,53
62,34,54,18,58,51,22,8,25,46,50,48,36,56,7,44,3,26,63,30,13,21,43,10,23,17,39,15,60,53,45,6,40,27,24,4,52,12,5,2,29,31,28,9,55,1,19,42,59,20,11,32,57,61,47,33,35,41,37,49,38,14,0,16
22,39,20,53,30,35,2,12,7,19,17,3,27,25,31,46,13,24,37,40,10,0,26,23,41,51,6,58,57,62,29,54,50,14,60,61,34,33,63,38,11,47,44,8,18,55,59,52,5,43,4,56,28,45,21,42,1,36,49,15,48,16,32,9
15,40,31,46,29,21,49,7,45,43,13,37,8,61,44,59,34,32,30,17,56,35,48,62,42,5,57,47,55,38,9,11,23,53,19,3,41,50,12,6,24,14,39,52,63,60,20,2,0,26,4,25,22,10,33,54,1,18,28,58,36,27,16,51
28,20,48,15,44,41,26,5,33,10,2,37,55,38,7,6,39,19,0,47,52,53,45,21,23,40,8,24,9,17,63,59,3,16,57,49,56,36,62,43,25,29,42,11,31,34,4,32,30,46,50,13,27,18,54,51,58,35,12,14,1,22,61,60
1,47,26,10,4,21,36,48,5,37,33,11,35,61,44,39,9,23,32,60,59,14,31,15,16,56,28,3,24,52,62,43,53,63,54,0,46,49,57,51,20,34,50,12,22,40,58,7,13,41,19,42,27,25,30,2,29,38,17,45,18,55,8,6
16,51,0,40,23,46,35,29,24,54,58,45,1,55,15,28,2,37,7,63,21,57,13,10,19,6,8,49,26,52,33,4,11,43,22,62,61,9,3,14,20,56,50,12,44,53,32,59,31,38,17,42,25,18,41,47,36,60,5,39,27,48,30,34
15,5,34,3,52,54,55,59,57,44,24,25,36,1,2,40,43,30,46,26,63,35,50,19,28,20,33,37,18,17,4,9,0,8,29,49,58,31,42,41,47,14,51,10,23,45,62,53,56,22,13,21,38,6,12,61,7,32,60,48,11,39,16,27
24,31,8,55,35,0,52,39,33,6,20,16,5,34,21,49,1,26,51,62,27,40,11,9,28,22,47,61,38,23,60,14,53,36,41,18,4,50,63,58,29,59,57,25,13,48,19,12,37,30,44,54,56,17,3,2,10,32,45,46,15,42,7,43
18,34,53,32,11,7,50,41,55,30,3,28,4,13,51,36,9,23,37,35,8,58,5,40,31,44,56,42,49,2,63,52,33,60,12,6,26,16,39,27,25,0,24,54,38,22,61,57,62,47,17,19,1,21,10,59,29,15,20,46,14,45,48,43
27,14,20,43,28,50,13,9,56,35,2,0,53,60,26,36,61,12,63,41,45,40,22,55,57,18,3,16,29,42,39,33,52,6,51,23,15,46,5,59,7,31,19,54,8,34,32,17,62,4,24,10,25,1,11,49,47,48,21,58,38,30,37,44
1,47,9,19,30,59,42,0,23,63,15,4,8,27,35,29,28,41,11,57,46,53,32,45,48,26,5,37,60,10,56,3,50,13,14,49,25,33,21,54,43,52,36,58,62,31,38,55,40,2,16,18,61,39,34,51,24,22,20,7,6,44,12,17
24,32,44,47,46,23,52,35,4,42,61,54,45,7,22,16,33,40,34,18,6,10,27,12,20,5,62,0,30,37,48,15,8,36,50,58,14,49,55,1,21,38,26,51,41,11,39,3,2,29,53,17,28,63,60,13,25,43,56,19,59,57,9,31
48,4,30,15,14,20,63,31,28,3,61,34,55,23,46,2,54,21,5,13,42,27,6,35,52,1,43,39,18,17,19,0,57,60,32,50,9,29,38,53,44,49,11,58,59,47,62,45,33,25,16,10,7,12,40,22,26,51,36,8,24,41,56,37
14,25,59,8,16,45,7,60,37,19,56,46,42,50,48,13,43,35,41,27,23,21,44,18,4,3,33,36,31,55,39,12,15,52,10,0,9,58,17,63,29,1,26,51,11,34,22,6,24,5,28,62,30,32,61,49,57,53,54,20,40,47,38,2
9,19,38,46,30,8,24,12,44,20,10,14,47,58,16,40,54,42,49,28,56,17,2,43,7,48,32,31,21,36,53,34,39,41,62,15,23,60,52,57,5,13,35,61,45,0,29,26,6,50,33,1,59,37,11,25,63,3,27,55,51,18,22,4
33,21,41,35,36,55,5,42,27,11,22,32,59,62,3,8,0,47,56,43,9,60,15,29,10,12,58,16,39,4,20,31,14,52,40,30,48,53,24,38,7,6,63,18,45,51,37,19,17,13,44,25,61,50,23,49,2,54,57,34,28,1,26,46
30,46,56,8,39,47,43,3,12,33,40,1,24,63,55,42,57,59,53,15,17,32,22,51,31,34,38,60,10,54,26,35,50,11,20,37,6,14,36,7,28,5,61,27,13,23,0,48,16,45,62,52,29,21,41,49,9,4,18,58,19,2,44,25
48,17,57,2,1,5,33,37,62,58,53,13,55,27,61,43,44,30,39,6,8,46,47,14,54,20,12,9,3,11,36,35,56,59,21,23,16,32,31,22,7,15,26,24,60,0,34,51,50,4,28,38,49,29,63,45,42,41,18,40,10,52,25,19
63,10,24,4,42,28,43,56,60,0,6,3,37,17,7,46,18,25,47,31,45,32,16,30,13,57,39,21,51,59,29,36,38,53,8,40,5,23,48,50,49,44,22,55,2,9,41,15,12,52,62,20,58,11,27,34,14,54,26,19,1,61,35,33
9,62,17,15,28,0,19,22,31,13,44,53,1,43,21,32,35,5,61,50,4,33,25,14,59,7,57,26,58,46,45,36,10,37,63,20,41,11,29,6,3,23,48,52,8,38,49,60,16,12,56,54,2,24,27,47,18,51,40,30,34,39,42,55
58,42,31,57,43,46,27,51,10,53,1,40,25,12,44,54,23,35,30,39,61,37,7,14,34,33,48,63,60,17,0,29,8,45,20,2,4,32,24,52,13,50,38,55,56,5,41,16,6,15,62,3,47,19,28,36,11,18,26,9,21,22,49,59
48,61,7,25,11,51,50,9,10,30,58,62,39,38,44,28,55,1,32,4,3,27,60,5,22,31,47,63,21,18,2,41,59,23,19,46,0,34,13,49,54,6,17,52,15,16,37,20,26,33,8,14,24,36,29,45,35,53,42,43,56,57,40,12
39,9,8,56,32,57,51,54,40,28,27,23,14,25,41,19,42,12,38,44,45,49,13,5,2,43,20,16,0,31,36,7,6,3,59,10,30,55,17,18,11,33,53,1,50,52,62,47,26,61,63,34,58,60,48,35,21,37,29,4,22,15,24,46
60,43,41,22,32,36,58,51,17,29,13,7,53,2,15,31,18,14,34,47,28,62,11,4,61,27,19,10,26,44,54,35,21,37,9,8,33,55,0,49,46,39,16,48,45,1,59,56,57,23,12,20,40,30,24,52,38,6,5,25,42,3,63,50
18,44,55,25,23,20,2,13,14,22,56,31,12,39,59,48,34,53,61,62,43,1,29,9,54,58,35,33,57,30,6,21,26,11,4,17,60,16,50,32,49,7,46,40,36,41,8,0,24,38,15,42,47,63,52,37,51,5,3,27,10,45,19,28
4,58,53,10,8,39,23,13,15,47,5,19,43,21,33,37,46,49,20,42,29,17,57,7,36,54,45,59,30,56,60,14,24,40,62,2,48,16,12,26,25,41,9,22,32,0,44,27,34,52,55,11,1,51,38,63,28,31,61,50,6,18,3,35
60,61,43,1,59,10,44,38,19,39,30,12,3,46,56,52,16,35,53,48,23,57,21,18,8,41,28,24,42,26,37,45,36,25,49,15,62,22,32,14,5,13,9,27,20,50,2,17,0,54,31,63,40,55,34,7,33,58,11,29,51,4,47,6
18,61,52,19,45,17,53,31,32,56,20,54,11,26,16,57,3,34,28,43,24,41,22,49,47,5,51,44,0,4,63,1,48,35,27,14,9,59,15,8,37,7,10,21,42,12,29,40,6,38,33,13,23,25,60,58,39,2,55,50,30,46,36,62
43,28,48,4,55,57,37,11,19,10,45,24,60,7,36,26,34,61,0,41,8,51,13,49,9,15,21,6,12,30,35,56,40,32,18,22,42,3,33,29,58,52,53,1,17,50,31,44,5,2,46,23,16,25,39,27,14,59,54,62,20,38,63,47
25,52,39,12,11,56,37,17,60,58,31,53,30,57,15,41,27,46,47,14,43,6,18,54,63,3,62,33,4,44,24,38,13,55,2,20,28,48,34,35,23,36,10,49,0,19,59,1,22,32,50,7,29,8,5,21,16,40,61,45,9,42,51,26
56,54,22,32,21,55,29,2,24,33,31,16,59,30,50,61,48,1,34,4,43,52,40,57,63,7,51,49,38,41,45,39,3,37,0,25,10,6,44,8,42,36,60,12,19,9,47,5,13,15,46,58,62,53,28,35,23,11,20,27,26,17,14,18
54,23,40,62,42,37,6,5,25,36,53,60,31,33,12,24,39,11,50,45,41,4,58,30,14,38,29,1,59,13,9,35,20,19,63,8,10,52,28,18,55,3,0,15,26,56,49,57,44,2,32,21,43,47,16,61,27,17,51,48,34,46,7,22
20,6,52,43,38,33,53,45,58,18,63,0,22,60,25,39,24,62,57,61,55,1,16,47,21,27,48,31,56,19,35,42,3,50,36,8,59,28,14,34,4,5,51,13,2,54,46,49,41,10,7,17,26,32,29,12,37,30,44,9,40,23,11,15
56,53,0,43,19,40,49,27,50,37,21,13,10,9,47,32,20,54,14,18,52,33,42,51,4,41,8,24,59,58,63,29,39,62,15,5,36,48,44,55,7,45,11,57,30,26,12,17,25,23,22,35,1,61,60,28,16,46,3,6,38,2,34,31
19,58,33,63,26,11,49,18,25,56,60,4,24,6,31,13,28,35,23,32,8,39,22,48,40,21,14,61,51,59,16,53,37,3,52,36,62,30,9,42,38,12,55,47,50,10,5,20,45,43,29,0,44,54,7,15,46,41,57,34,17,1,27,2
34,37,49,27,12,1,51,0,45,23,47,21,15,52,29,41,55,60,33,11,48,7,36,26,5,22,40,44,59,63,28,61,39,20,58,10,56,3,2,46,53,43,14,31,57,18,62,13,30,42,6,24,54,32,25,9,17,50,16,8,35,19,4,38
25,27,42,17,38,51,20,58,32,49,50,10,61,33,28,23,9,57,13,24,31,60,6,55,56,53,8,37,35,12,0,11,43,14,2,19,48,47,39,40,34,46,7,62,63,21,30,15,18,44,45,26,1,36,54,4,3,29,41,16,52,22,59,5
10,51,13,24,58,0,60,55,59,41,53,42,50,28,30,3,63,7,27,5,29,21,57,9,48,12,17,26,8,40,6,19,35,16,45,4,44,32,15,43,39,61,52,22,1,36,34,56,38,2,47,37,31,49,62,33,25,20,23,46,54,11,14,18
28,43,54,41,26,9,7,35,46,30,42,31,14,56,2,8,32,39,47,5,38,48,59,3,13,37,11,57,53,61,49,12,15,20,44,50,34,17,4,63,10,21,29,19,27,0,22,23,25,16,6,51,45,52,60,55,33,36,1,62,18,24,40,58
52,24,29,20,17,41,6,56,37,1,53,30,32,60,19,44,18,22,3,16,0,39,43,50,14,59,54,34,9,40,28,45,58,48,42,26,47,31,63,7,38,21,61,5,12,10,36,8,13,25,4,51,35,46,62,55,11,49,57,15,27,2,33,23
45,12,62,49,32,51,13,29,14,34,40,24,17,10,9,60,1,15,21,37,59,26,28,38,50,2,4,18,25,57,22,54,35,27,20,53,16,43,44,36,55,0,46,61,52,23,19,63,42,56,33,47,6,5,58,48,31,3,39,7,11,41,8,30
52,33,20,42,24,21,6,12,5,3,43,0,17,46,51,48,23,60,56,34,40,13,18,14,11,32,36,47,10,41,50,59,53,58,15,4,54,7,16,38,22,57,37,44,1,63,45,39,30,26,35,31,61,25,55,19,9,27,8,49,62,28,29,2
51,14,62,30,41,42,26,43,13,39,10,47,44,36,37,7,16,29,25,31,17,38,34,8,15,32,23,4,33,20,5,63,52,49,60,58,54,40,48,61,2,0,50,9,1,27,45,59,19,53,57,22,56,35,55,3,46,11,24,6,21,28,12,18
37,32,1,2,35,45,7,50,12,48,8,49,23,10,34,14,43,3,38,44,28,58,18,33,20,13,24,11,25,9,4,6,19,17,27,29,53,16,47,46,0,61,30,40,60,15,39,57,41,42,59,36,26,54,5,56,52,51,31,63,55,21,22,62
10,5,46,21,36,62,30,9,17,25,60,48,13,39,20,54,31,61,3,47,11,8,37,41,45,24,29,6,23,52,7,32,63,56,14,49,18,19,22,38,16,34,58,33,40,15,2,28,35,27,0,50,51,44,1,42,53,12,43,4,59,26,55,57
46,43,32,42,60,26,9,8,62,18,17,36,7,50,23,63,29,12,49,31,16,39,22,0,19,13,53,15,27,51,11,61,45,10,21,6,58,14,3,4,35,59,52,48,38,57,24,1,55,28,47,5,41,54,44,25,34,30,20,56,40,37,2,33
55,50,43,9,18,13,61,17,32,16,37,19,60,14,24,33,30,10,7,22,21,38,48,46,49,23,59,15,53,44,11,36,51,2,26,54,57,28,41,27,6,25,8,29,56,3,62,0,20,39,34,35,42,63,52,45,40,5,12,47,31,1,4,58
45,37,12,48,1,8,60,49,11,41,20,44,25,6,18,30,23,19,17,29,47,63,35,38,52,21,43,13,24,33,51,61,15,34,58,16,36,55,22,7,28,26,53,40,31,32,39,56,46,42,3,2,10,14,5,54,27,59,9,4,62,57,0,50
42,29,28,26,46,24,21,17,40,48,35,8,23,57,7,43,10,6,52,11,59,16,32,39,20,63,2,25,13,0,36,27,4,47,19,56,60,30,14,49,31,55,54,58,12,34,41,44,22,1,61,3,5,51,50,18,9,38,37,45,62,15,53,33
22,30,52,48,46,35,28,42,27,29,13,6,40,39,56,61,43,37,4,63,2,5,31,11,8,53,26,47,19,62,18,44,20,58,21,57,12,38,7,60,45,17,14,1,0,16,51,3,33,36,54,49,24,41,32,59,25,34,9,50,15,55,23,10
62,26,25,42,12,14,44,20,53,2,17,3,19,31,10,18,39,32,60,4,24,50,16,33,41,13,7,0,58,15,6,46,37,47,51,38,5,1,29,27,23,40,45,59,36,30,61,11,28,63,34,22,21,35,49,54,48,56,43,55,52,57,8,9
20,60,17,58,57,59,46,34,44,48,50,55,28,14,3,13,47,15,19,6,33,40,2,18,0,22,51,23,9,1,43,8,16,26,25,32,12,38,29,41,39,36,21,49,54,45,35,24,30,5,52,10,53,62,37,56,61,7,27,31,11,63,42,4
32,35,15,27,54,62,41,48,45,13,55,34,18,0,47,20,11,61,31,26,44,12,19,25,52,1,16,58,51,8,38,3,36,53,33,50,56,57,46,2,43,23,40,29,63,10,28,30,5,9,24,14,49,42,6,4,59,37,39,21,60,17,22,7
10,0,49,44,3,25,58,61,2,63,18,11,55,40,23,17,14,57,4,33,50,1,60,15,5,54,21,9,46,30,53,41,42,16,47,7,31,59,43,29,12,34,56,36,28,24,13,39,8,27,52,35,51,62,20,32,19,45,37,38,48,22,6,26
20,59,46,12,39,31,58,63,29,8,52,28,35,17,42,33,13,37,41,27,23,51,2,18,7,47,61,22,62,15,11,40,48,16,49,53,10,34,50,26,32,4,60,43,19,56,6,9,25,3,24,1,36,14,55,5,57,45,0,30,21,38,54,44
11,51,6,62,3,25,37,43,61,57,29,48,27,13,54,35,15,21,42,40,9,18,47,8,22,2,26,38,49,31,17,44,0,32,10,53,5,60,63,33,4,19,46,14,59,50,36,20,24,34,41,16,56,23,45,55,39,52,1,12,28,30,7,58
10,50,46,3,5,39,54,63,43,12,15,14,41,44,45,35,55,13,59,25,26,48,2,33,22,34,57,24,62,18,32,16,36,40,27,37,49,60,8,31,11,51,61,38,47,21,20,28,29,6,56,7,4,30,42,9,58,19,0,23,52,1,53,17
53,35,48,13,4,54,15,23,55,34,51,7,39,24,12,50,58,61,8,16,45,37,52,49,38,31,57,60,6,10,42,63,40,47,11,3,1,2,21,22,14,56,17,36,5,26,41,44,18,9,59,30,62,19,0,33,46,32,43,20,28,25,27,29
32,31,51,46,63,30,55,12,24,22,17,53,21,15,26,56,9,60,47,38,19,29,50,39,13,41,10,23,33,37,1,16,54,20,7,36,2,42,61,48,59,52,49,25,43,58,18,6,11,34,62,28,14,3,8,57,5,40,4,44,35,45,0,27
0,63,27,40,23,47,19,14,7,30,39,18,58,51,32,42,37,33,12,17,31,36,60,8,2,35,57,29,49,55,41,52,1,3,11,46,56,21,38,16,45,13,26,62,22,20,5,4,59,24,43,28,54,53,15,34,50,25,6,9,10,48,61,44
60,19,12,40,59,32,6,17,61,44,29,57,63,35,53,13,48,36,25,49,3,26,30,1,0,58,2,46,47,56,38,62,16,41,8,7,42,39,22,18,51,52,27,15,23,45,11,28,5,14,50,37,10,20,54,4,24,33,43,9,31,21,55,34
19,30,51,20,23,55,45,22,2,17,49,5,52,48,8,1,13,4,35,31,41,36,3,43,14,38,37,58,21,11,42,63,61,33,27,46,50,53,7,34,59,0,18,9,15,47,60,44,24,6,26,29,25,62,54,39,40,32,12,10,57,16,28,56
46,26,9,21,3,44,19,22,10,43,4,48,25,23,49,54,58,0,1,36,47,15,28,51,5,45,41,42,56,17,33,38,62,57,39,16,8,6,63,50,14,59,40,11,32,35,60,37,30,24,2,34,29,27,20,61,31,18,13,52,53,7,55,12
16,44,35,42,3,31,11,53,39,14,12,49,32,15,40,21,48,60,17,47,61,36,23,63,62,22,45,51,33,41,19,6,30,50,0,43,10,55,13,38,58,5,59,52,56,1,34,28,20,29,18,57,25,24,8,46,26,37,4,7,27,9,2,54
5,22,56,10,19,37,14,8,57,44,3,39,16,26,12,2,24,50,40,27,41,31,35,6,30,33,59,47,52,23,49,17,45,32,11,36,53,62,7,46,18,38,54,1,4,60,61,63,58,42,29,25,13,48,15,28,20,51,43,34,9,21,0,55
31,0,27,62,11,25,51,57,46,48,58,5,6,26,18,33,22,4,20,2,16,39,3,37,38,36,42,7,8,30,45,44,52,29,17,15,61,9,19,59,35,34,12,63,21,47,23,60,1,13,32,14,50,40,43,56,10,54,49,53,24,55,28,41
7,20,53,4,1,63,50,14,27,16,49,62,39,30,12,35,58,11,0,52,55,10,29,22,5,37,19,32,36,60,33,46,40,57,3,8,25,48,42,28,23,15,24,43,26,13,45,41,6,47,18,9,38,2,44,59,56,51,34,31,61,21,17,54
31,57,39,34,32,27,29,48,9,61,10,22,2,49,35,37,43,1,14,11,52,36,47,62,3,16,44,33,51,5,26,28,53,18,8,41,17,25,0,21,50,15,60,24,42,19,13,46,58,4,7,56,23,20,45,55,12,38,30,54,40,63,59,6
29,25,51,1,52,37,10,30,24,32,19,46,48,11,14,55,56,0,43,12,39,18,42,8,54,2,15,36,33,13,34,5,49,27,53,44,3,50,41,4,58,31,7,62,9,57,22,16,60,23,61,6,35,47,17,45,21,38,63,20,40,59,26,28
48,41,40,42,7,6,57,31,62,39,0,10,29,24,20,23,2,34,8,16,11,9,22,27,1,28,3,45,63,19,15,55,47,30,12,38,4,60,14,5,52,32,13,17,46,61,59,54,49,44,33,50,43,36,25,58,35,51,37,18,26,53,56,21
52,16,49,0,19,35,51,20,55,24,46,4,36,56,11,44,28,54,48,32,10,41,5,63,23,22,53,17,43,9,33,3,60,42,40,31,61,45,57,62,14,29,15,27,58,12,13,50,30,37,25,34,18,21,26,39,38,8,59,1,6,2,7,47
58,54,61,27,5,21,49,28,13,52,63,14,46,50,48,16,0,34,11,1,25,8,35,32,31,7,17,4,37,36,18,9,38,44,42,19,55,23,20,3,12,6,47,33,45,62,39,51,53,29,30,26,60,15,56,10,2,57,43,40,41,24,59,22
30,34,44,8,9,58,2,27,5,0,41,26,62,37,51,1,50,32,48,22,15,38,46,40,54,36,61,57,7,53,60,56,63,18,45,29,25,12,19,49,28,39,35,42,14,10,20,31,11,21,24,3,47,16,13,43,59,55,4,52,17,23,6,33
33,2,55,45,14,54,4,25,17,50,16,40,9,24,49,12,57,59,46,21,26,7,28,30,37,63,11,32,36,34,8,52,3,29,13,18,44,6,61,62,48,10,56,5,35,60,31,20,39,58,53,42,19,22,23,15,0,43,27,1,41,47,38,51
41,52,21,18,8,2,51,35,48,26,60,23,56,9,40,43,5,27,25,39,55,3,37,33,29,28,58,4,7,57,13,14,36,30,44,45,32,22,31,50,1,20,54,53,24,17,59,11,6,0,38,46,62,34,61,16,47,10,12,19,63,42,49,15
12,9,3,24,35,10,60,32,17,55,2,61,40,8,44,29,48,63,47,34,25,28,7,22,1,43,54,20,59,11,38,13,51,49,57,41,52,14,18,46,58,23,42,33,53,27,6,56,50,30,5,31,21,15,45,39,26,4,16,0,19,37,62,36
8,31,48,0,19,47,35,50,42,12,60,38,44,25,56,13,57,7,43,24,32,49,52,6,9,46,26,36,54,33,63,62,61,34,3,14,40,1,51,22,18,17,15,41,55,11,2,21,23,5,29,45,4,16,37,39,28,58,10,59,27,20,53,30
28,27,19,50,1,18,43,60,42,33,22,63,38,39,58,44,8,62,31,26,49,53,34,0,40,13,3,57,24,46,41,56,7,4,30,45,15,12,9,2,17,10,21,11,20,32,52,55,54,14,29,25,47,5,36,23,48,16,59,6,51,35,37,61
8,24,22,57,50,19,5,20,41,32,34,61,46,16,56,1,17,52,26,21,62,60,23,29,6,25,43,44,13,36,48,59,4,30,0,63,7,37,40,14,10,31,35,3,18,58,38,47,49,45,9,39,55,54,42,11,51,2,28,33,15,53,12,27
62,48,44,41,35,17,40,2,51,42,46,10,33,50,1,36,45,38,26,11,39,24,31,16,32,63,3,7,53,30,54,34,61,15,57,59,0,19,9,29,27,47,4,25,6,8,21,14,20,23,37,18,58,28,22,55,60,5,12,13,52,49,43,56
30,18,56,16,58,44,8,35,19,21,50,0,62,53,39,63,4,17,42,10,41,6,12,57,51,5,14,60,29,13,59,3,37,61,33,46,9,31,20,27,47,11,48,54,40,25,38,43,28,1,22,24,52,45,49,55,7,26,15,32,36,34,23,2
35,14,15,56,0,42,55,26,63,58,21,49,46,33,3,29,59,48,44,43,30,23,61,6,18,37,2,52,19,45,7,24,39,41,12,17,16,54,27,1,8,20,11,57,10,51,25,40,9,47,5,31,60,32,34,36,38,22,13,53,62,4,50,28
24,22,48,17,15,39,6,27,62,36,4,11,21,31,54,32,8,53,43,44,58,52,25,14,12,19,42,55,37,56,57,60,26,7,28,30,33,40,35,47,59,10,51,18,3,63,5,20,46,61,29,16,0,50,13,1,34,45,2,41,23,38,9,49
38,56,30,7,20,41,3,0,54,52,31,17,11,34,28,8,49,24,58,53,51,33,21,47,2,22,63,61,29,55,10,50,40,62,16,59,57,36,4,42,12,43,14,5,37,13,35,1,39,45,60,48,19,46,6,25,23,26,32,15,9,18,27,44
2,42,14,61,15,11,18,34,31,50,22,30,23,60,46,7,24,32,40,12,51,36,25,27,5,1,58,29,49,35,8,19,47,63,48,38,9,26,6,20,13,21,52,28,10,62,39,53,45,0,43,59,4,16,54,3,44,57,56,37,17,41,55,33
57,11,32,15,13,35,7,2,23,60,56,55,22,45,37,39,21,49,18,8,24,16,46,9,44,5,20,34,52,62,51,31,41,10,6,28,14,53,38,29,47,19,40,25,50,17,61,48,43,3,27,12,33,30,36,26,42,54,4,59,63,0,1,58
54,9,33,8,26,43,62,40,42,30,36,1,23,39,60,46,24,13,25,14,38,32,47,57,18,2,63,17,0,53,3,7,29,20,52,21,22,6,50,27,4,49,59,34,61,45,37,51,11,31,58,12,19,35,56,15,5,41,48,44,16,28,10,55
48,43,31,25,29,5,47,19,55,50,10,33,35,23,49,26,4,52,30,20,0,62,45,27,14,38,53,40,44,32,60,28,39,61,37,54,21,1,13,56,6,36,22,18,34,41,17,7,24,2,16,15,51,59,42,9,12,11,57,58,3,8,63,46
54,47,40,8,17,24,32,31,7,46,20,22,26,27,11,30,19,3,51,45,6,42,5,15,13,2,57,48,53,56,44,4,43,10,28,14,37,12,16,58,61,0,63,52,62,25,50,38,35,29,1,9,60,39,49,34,55,21,36,18,59,23,41,33
10,16,59,30,23,5,3,19,56,4,14,61,55,27,47,26,17,44,2,50,53,31,20,63,43,52,12,21,6,33,62,29,7,35,57,54,1,34,49,15,18,58,39,24,11,51,60,38,32,41,25,36,13,40,37,45,0,42,48,46,9,8,28,22
35,11,12,36,57,56,31,44,1,16,39,43,51,7,14,4,54,19,26,3,41,2,63,53,24,9,59,48,46,22,47,49,10,18,20,33,5,60,0,61,23,40,45,25,17,15,38,21,62,30,28,55,27,58,8,32,6,13,42,34,29,37,52,50
59,2,56,46,11,29,5,12,17,63,33,30,42,47,22,44,13,28,60,26,4,21,32,39,55,45,54,1,20,27,19,7,34,15,3,8,40,31,14,37,52,24,10,53,9,23,48,61,57,0,62,51,16,6,58,36,35,43,25,41,50,38,18,49
55,38,22,35,28,44,3,25,50,39,61,12,6,52,43,47,27,45,4,36,8,46,5,37,14,53,49,54,20,26,51,19,58,7,13,56,10,29,1,57,18,0,41,9,33,24,23,32,62,16,42,40,11,17,60,59,21,63,30,34,2,15,48,31
62,2,21,17,55,0,4,45,26,12,29,9,34,28,18,31,8,3,13,41,59,48,39,33,58,10,50,19,44,43,14,38,27,57,35,49,6,53,61,60,47,20,30,32,54,23,16,15,40,25,24,11,52,42,56,51,46,63,22,5,36,7,1,37
22,3,50,54,28,20,31,55,44,2,4,12,62,7,18,27,10,36,37,52,32,11,39,33,51,25,21,48,61,57,23,60,58,24,63,49,8,26,15,59,5,9,19,43,42,34,0,38,41,35,56,46,14,13,16,53,1,47,45,30,29,40,6,17
47,16,42,56,32,15,28,51,49,0,36,17,63,14,30,45,59,25,6,53,9,23,24,40,4,52,48,21,31,18,50,61,8,38,60,34,12,33,35,22,41,37,7,11,20,3,26,39,27,1,29,44,43,58,2,55,54,46,10,13,5,62,57,19
34,21,57,0,2,10,24,28,48,62,36,58,29,8,11,23,63,13,25,53,30,1,20,47,17,39,6,38,52,27,45,40,37,61,59,35,33,3,7,56,5,22,9,46,26,18,31,4,19,41,50,42,51,16,12,60,32,49,14,43,44,54,55,15
23,33,45,8,55,48,62,10,14,27,0,25,17,24,31,9,58,61,7,16,20,53,12,30,35,57,4,56,19,34,50,26,43,1,37,13,15,2,21,42,54,39,40,36,38,52,63,28,29,46,6,60,41,51,59,11,47,22,32,49,5,44,18,3
55,37,46,20,10,3,62,27,19,12,39,49,58,23,24,59,32,41,36,0,25,21,56,53,5,61,16,14,50,54,38,48,8,18,34,22,1,44,33,2,45,11,15,63,29,51,7,13,42,43,4,40,17,57,31,26,60,6,52,30,47,35,9,28
30,7,6,31,51,22,39,61,33,57,37,40,55,5,28,11,13,19,12,24,43,15,45,36,53,27,21,16,49,59,0,60,25,46,48,63,10,2,44,50,41,4,8,17,23,42,56,29,47,35,20,52,1,3,32,54,26,62,14,18,34,38,58,9
24,22,31,42,27,33,4,48,53,61,40,58,17,44,25,2,62,23,57,54,50,35,47,56,46,14,36,13,49,37,16,1,38,6,18,52,30,34,60,5,21,55,0,7,28,39,26,51,9,41,32,10,11,15,8,59,63,19,12,3,20,29,45,43
43,14,24,58,48,61,9,0,21,59,18,57,5,32,37,17,34,19,36,29,33,13,8,50,28,3,51,30,52,23,38,35,2,10,44,42,62,39,4,54,49,7,6,53,20,55,1,26,46,63,16,60,15,27,12,22,56,31,11,41,25,47,45,40
14,19,42,52,49,39,58,10,23,30,63,32,54,44,4,20,12,33,55,22,57,8,53,7,29,26,35,40,37,15,31,62,21,27,43,41,46,61,16,45,48,24,47,13,25,60,34,28,3,1,50,18,5,2,9,51,59,36,0,38,56,11,17,6
53,20,60,43,26,5,42,37,59,4,6,28,41,32,27,11,24,19,40,33,30,45,7,46,49,2,35,18,36,13,38,0,25,61,52,55,31,14,54,10,47,22,44,34,50,8,1,57,16,56,3,23,21,62,58,29,17,9,51,15,12,48,63,39
40,9,43,52,51,8,19,29,30,13,42,62,49,25,53,21,18,63,55,10,54,32,34,35,61,24,36,57,1,7,0,31,37,58,38,14,27,46,45,39,22,3,11,50,26,4,16,47,33,48,41,5,17,59,20,28,44,2,60,12,6,15,23,56
0,54,34,57,6,25,4,58,47,39,9,60,43,59,53,48,16,3,29,52,15,42,27,61,35,46,36,2,50,56,12,5,38,1,10,55,40,13,30,11,63,23,41,8,19,24,49,21,62,37,14,32,51,20,17,22,7,44,18,28,26,33,31,45
15,45,54,7,23,63,51,57,43,46,19,14,41,6,11,20,56,8,5,32,29,37,0,50,28,17,26,62,4,16,47,49,36,21,22,48,33,58,10,25,44,38,35,18,34,55,42,59,13,27,12,53,39,30,40,24,60,9,61,3,2,1,31,52
44,7,20,45,2,1,4,61,19,11,16,52,25,48,63,10,15,36,26,28,17,37,38,30,14,6,62,47,53,18,5,58,35,42,56,41,49,27,54,21,40,3,34,9,13,31,12,24,60,51,50,39,59,57,8,55,0,33,22,23,32,46,43,29
61,27,30,42,59,44,1,17,25,60,20,55,0,43,38,3,56,54,46,7,10,53,12,48,39,18,28,41,50,11,8,49,33,16,35,26,37,51,40,52,32,45,2,57,47,62,23,63,19,5,24,31,15,13,36,21,4,58,22,34,14,9,6,29
60,57,50,30,49,55,23,58,1,7,21,45,61,25,19,10,47,0,24,38,63,16,28,27,42,13,62,22,11,8,36,46,34,18,48,29,35,17,44,41,59,5,15,12,2,26,40,33,37,52,6,20,3,9,54,56,31,32,39,53,4,43,14,51
55,36,63,23,17,61,38,37,12,24,11,15,20,51,3,0,32,22,27,21,28,48,46,4,16,31,26,50,57,59,33,1,40,45,2,58,34,44,42,30,52,60,49,56,19,8,5,7,35,10,9,18,41,13,39,29,54,53,6,14,43,62,47,25
3,52,32,34,8,17,49,25,37,33,46,14,2,45,47,30,15,13,44,55,56,11,22,40,20,58,9,6,57,5,36,43,50,0,54,42,4,27,63,1,35,60,29,62,23,18,48,61,59,51,7,21,26,53,31,24,12,16,10,38,19,28,39,41
53,46,3,35,23,38,57,8,54,48,20,21,29,37,31,4,49,41,50,61,39,62,36,13,47,24,42,10,43,52,45,25,56,33,55,30,12,63,11,28,9,40,32,0,6,59,19,27,44,22,51,34,16,5,2,60,58,17,26,18,14,7,15,1
38,47,21,15,24,33,12,13,16,50,1,4,25,27,29,49,10,63,32,0,17,3,44,58,8,20,59,11,14,30,51,46,36,61,28,7,22,2,6,54,5,19,43,34,41,48,9,31,39,56,35,40,57,60,52,37,55,62,26,23,53,45,18,42
44,40,3,9,62,17,23,37,14,35,15,28,24,53,19,46,31,54,34,25,39,45,1,59,8,48,41,0,52,55,51,36,18,26,16,5,7,61,10,29,63,27,50,6,4,43,58,20,57,2,21,11,13,60,22,30,38,32,49,47,42,12,33,56
0,52,12,45,19,48,35,37,57,30,5,6,25,31,14,50,15,18,32,53,40,13,34,43,39,36,59,27,58,11,1,61,54,26,42,22,4,2,21,51,9,63,33,29,47,17,10,38,23,41,46,60,20,55,56,24,44,49,3,62,28,16,8,7
62,41,12,15,24,18,43,29,53,48,7,13,14,60,33,54,46,44,22,63,34,58,25,52,30,61,27,36,38,5,40,49,3,47,39,37,56,59,4,2,21,26,0,50,32,9,42,6,51,35,8,45,55,17,57,16,1,10,31,11,20,28,23,19
4,23,20,21,30,2,32,5,60,8,24,39,63,45,0,1,10,36,44,43,28,18,11,26,12,42,50,7,59,13,41,31,52,49,61,62,33,48,56,19,54,22,14,38,34,3,29,57,46,35,37,16,6,51,17,53,40,47,58,27,15,25,9,55
37,8,40,49,61,34,47,39,48,56,13,62,15,2,27,36,52,20,18,41,45,5,10,25,22,55,14,12,19,6,28,9,23,33,30,57,4,43,1,44,63,53,16,42,17,11,0,24,51,3,21,58,59,35,32,50,54,29,38,26,46,60,31,7
25,14,43,28,58,51,35,59,36,30,41,57,49,54,52,3,45,61,48,31,4,16,39,18,13,63,7,1,46,26,33,12,27,62,5,11,8,24,40,2,0,37,15,42,22,47,60,21,50,38,19,53,9,55,6,34,23,10,56,29,32,17,20,44
63,36,44,0,7,2,54,11,57,46,43,6,34,45,24,1,29,18,14,25,52,5,49,47,12,23,55,56,41,50,35,10,28,20,3,17,21,59,4,38,13,40,30,58,33,15,37,53,27,9,60,51,22,62,48,8,61,42,19,39,16,32,26,31
0,7,48,35,19,63,43,33,27,1,31,45,56,59,47,26,62,3,60,58,9,37,32,13,24,42,16,52,49,14,22,34,38,55,15,20,28,17,57,23,36,54,11,8,12,41,51,39,53,5,40,29,46,4,18,10,61,21,44,25,2,30,50,6
37,44,32,4,56,59,63,5,30,2,47,34,3,60,23,15,49,16,43,39,54,26,51,33,58,31,45,21,14,46,7,0,42,29,18,61,41,22,10,38,55,8,48,36,9,17,1,52,11,24,50,12,13,57,28,19,62,35,20,53,40,25,27,6
62,31,25,21,57,41,14,6,44,22,51,12,11,46,15,8,39,47,9,59,50,36,3,53,54,42,19,28,5,29,35,26,27,60,38,40,55,18,16,2,63,0,7,52,56,34,43,49,30,17,37,13,10,45,61,20,23,4,58,24,1,33,48,32
58,13,4,53,39,24,23,48,43,56,16,19,38,47,49,22,32,27,15,51,5,52,41,25,9,60,18,12,29,46,37,33,42,1,3,7,35,26,28,59,44,45,17,54,57,40,31,0,14,62,50,8,20,6,30,61,21,2,11,10,34,55,36,63
43,61,13,6,59,24,54,56,30,55,36,57,8,12,35,16,32,22,49,23,9,7,11,38,50,5,17,46,37,47,45,3,19,25,4,21,15,29,2,60,31,48,20,34,58,18,28,39,1,51,52,62,33,53,0,40,27,42,63,41,14,10,44,26
54,8,16,40,7,30,58,15,25,37,52,38,32,55,10,63,59,43,1,18,44,23,17,39,34,33,57,4,22,0,35,41,50,31,21,61,56,28,60,20,11,49,27,5,24,2,62,13,29,6,36,12,53,48,42,51,9,14,3,45,19,26,47,46
36,9,27,7,35,28,14,22,62,52,55,6,48,50,24,18,32,31,39,40,17,19,10,15,59,37,38,26,25,54,4,60,45,51,20,29,33,12,3,63,57,58,8,0,42,43,41,30,23,5,1,44,13,21,53,61,56,2,46,49,34,16,47,11
48,53,29,43,28,45,14,23,5,59,9,16,37,21,49,63,52,55,56,8,12,32,22,51,20,26,27,24,4,19,13,61,25,44,31,39,62,17,46,54,36,42,58,41,3,47,15,60,7,18,0,10,38,50,30,33,1,11,6,34,40,2,35,57
24,36,41,34,61,18,57,37,52,3,13,2,28,40,42,35,31,9,10,19,25,44,30,23,8,45,6,22,15,7,49,11,26,17,1,12,29,50,39,0,56,14,5,60,48,21,58,51,32,47,4,33,46,54,63,38,27,43,55,16,59,53,62,20
38,37,48,32,60,14,44,6,63,36,35,19,24,46,5,50,57,0,29,62,13,22,20,25,2,47,3,15,17,41,11,33,56,18,8,43,27,21,42,26,54,16,45,39,30,61,53,51,55,12,59,34,23,1,58,31,10,7,4,40,52,9,28,49
24,45,46,60,59,51,62,38,15,7,28,58,5,48,20,27,54,39,40,3,57,47,26,63,25,32,35,13,11,43,53,61,10,2,42,55,0,33,30,8,41,6,1,36,49,50,29,17,12,16,22,37,23,19,21,18,56,4,31,44,52,34,14,9
38,39,3,32,61,1,50,54,14,55,10,35,26,0,31,34,40,58,56,45,44,2,9,63,27,15,5,12,47,60,21,41,23,13,37,30,52,53,57,17,43,42,22,51,49,7,8,4,46,19,28,24,20,48,29,62,16,59,36,33,18,11,25,6
23,53,32,35,58,18,33,37,19,4,54,41,49,6,14,45,17,15,22,39,20,55,21,10,63,52,9,0,43,29,48,47,30,2,56,59,42,8,27,7,57,34,3,46,28,5,62,11,38,26,25,12,44,50,40,51,1,31,24,61,16,13,36,60
13,15,1,28,62,56,6,20,35,52,38,30,59,45,2,34,25,53,48,21,17,22,51,9,44,49,33,14,23,42,0,4,31,5,57,37,43,36,61,11,3,54,40,16,41,39,55,46,29,19,27,63,18,47,58,24,8,12,60,32,7,50,10,26
34,25,44,47,24,45,32,9,30,31,35,19,29,57,10,2,59,36,8,0,42,7,33,4,58,61,63,56,22,53,16,23,54,60,5,3,28,49,13,55,1,38,50,20,21,11,48,51,52,12,43,27,6,37,17,62,26,46,14,41,18,40,39,15
23,26,19,46,4,7,28,53,18,27,35,62,32,49,22,15,56,37,50,59,2,16,41,57,3,51,36,6,29,47,45,8,25,42,24,48,31,17,33,30,63,20,1,52,60,11,61,55,21,14,38,54,40,34,0,13,10,44,58,9,43,39,5,12
50,6,28,56,60,59,2,51,16,31,43,41,1,12,42,7,5,35,3,61,27,8,30,25,24,55,45,47,0,62,36,29,58,44,46,20,18,19,26,33,14,40,57,48,9,32,63,23,4,21,17,52,15,11,10,38,53,37,34,39,13,54,22,49
28,42,32,11,40,47,31,39,12,9,16,15,56,54,4,3,48,35,8,18,7,21,25,50,36,2,43,5,53,55,52,0,29,60,41,20,24,62,57,23,6,46,45,1,51,38,10,22,17,33,26,49,27,63,37,13,30,61,58,59,14,34,19,44
24,2,18,10,60,4,36,22,45,21,5,48,28,61,7,46,35,55,20,1,12,29,47,56,39,13,37,33,40,50,3,34,52,11,14,57,42,62,9,16,17,6,26,27,15,58,25,30,54,32,0,53,8,43,49,44,38,23,63,51,41,59,31,19
51,57,0,61,21,34,46,41,9,25,59,8,40,32,36,23,24,26,14,16,47,29,10,49,27,11,22,50,55,48,17,54,43,28,6,35,33,20,63,39,19,31,15,44,4,60,52,62,18,42,13,12,1,56,30,38,7,3,37,2,5,45,58,53
0,2,47,17,49,6,54,57,43,36,27,59,37,4,24,8,5,55,42,10,34,21,38,60,46,13,50,61,62,56,14,39,53,41,22,16,31,28,29,19,30,18,26,63,23,58,12,48,32,40,9,35,51,33,45,3,52,25,44,7,1,20,15,11
8,10,62,24,28,56,25,60,44,7,39,18,5,26,38,13,46,20,45,49,47,40,30,3,42,34,9,27,63,48,59,54,52,16,29,19,55,50,37,0,4,11,12,22,41,61,43,23,36,33,1,6,15,57,2,17,32,31,14,21,51,35,53,58
27,22,7,3,4,15,55,36,46,48,40,38,13,63,17,19,20,1,9,11,45,0,52,28,14,58,12,49,25,61,57,53,62,23,24,31,18,34,47,10,5,44,29,21,6,33,60,8,26,37,35,43,42,50,30,2,54,59,51,16,56,32,39,41
16,37,29,39,47,60,30,13,57,17,56,15,59,20,6,0,45,4,61,2,31,44,63,38,9,25,28,33,24,49,7,50,23,14,22,46,11,10,1,34,26,43,40,41,62,54,32,12,19,35,8,53,5,42,51,36,58,52,3,21,55,18,48,27
46,61,33,10,58,0,49,28,47,36,54,39,3,37,18,35,62,26,23,25,32,13,50,7,55,51,24,31,2,45,48,6,41,40,43,57,44,22,63,59,38,16,20,56,21,9,11,42,1,19,14,4,5,29,12,30,27,17,52,53,15,8,34,60
47,14,58,29,33,11,38,5,1,4,32,45,30,60,10,15,46,36,22,24,49,50,59,18,42,8,54,3,52,26,51,23,25,21,35,48,6,43,13,53,57,63,55,62,9,37,27,16,41,28,34,7,0,39,17,2,56,19,61,12,31,44,20,40
11,14,2,50,59,49,61,47,42,55,21,46,41,57,36,24,30,19,58,32,16,7,4,20,9,39,48,31,43,34,60,28,6,33,12,10,26,8,44,5,1,38,17,62,29,37,13,3,54,15,35,18,23,51,52,0,22,25,27,53,56,63,45,40
29,53,12,25,22,37,41,20,55,32,36,27,23,30,39,33,59,34,47,6,11,0,52,63,62,46,60,40,57,31,54,1,10,42,50,26,61,14,49,18,19,28,4,17,43,2,3,48,44,45,16,9,56,13,7,8,24,21,51,5,38,15,35,58
62,53,28,25,50,51,16,32,9,33,30,37,61,46,44,6,56,24,29,41,26,38,0,58,48,1,36,60,55,17,39,22,31,43,8,3,12,52,27,7,49,13,21,19,59,42,54,45,20,40,63,34,57,15,47,10,11,4,5,23,18,35,2,14
25,56,34,4,30,46,7,59,10,35,27,3,20,29,21,40,55,54,31,61,0,1,19,57,53,17,37,41,51,11,62,33,58,15,48,24,16,43,18,52,6,26,32,63,23,49,36,12,39,38,2,8,45,13,42,47,14,28,44,22,9,50,60,5
7,33,45,11,54,23,35,14,30,36,2,46,63,58,15,16,13,47,9,34,19,52,55,28,44,12,43,20,57,60,25,49,26,10,40,3,38,41,8,48,61,39,1,27,24,59,4,62,17,42,32,37,6,50,53,18,29,51,5,0,22,56,21,31
55,49,34,50,21,48,47,25,27,58,6,14,46,5,28,38,30,16,33,39,54,63,59,26,32,13,9,45,7,42,19,15,1,22,8,52,43,35,24,31,23,20,36,60,17,10,44,18,12,0,37,61,41,62,51,4,53,57,29,56,40,3,2,11
43,26,48,28,3,63,33,18,5,61,2,1,54,51,24,6,0,19,32,47,35,21,38,46,22,25,42,55,45,11,40,29,20,41,44,9,23,60,49,27,62,14,37,7,15,31,36,59,56,52,50,17,30,34,13,10,57,39,16,58,53,12,8,4
52,56,33,58,34,0,20,8,12,28,9,11,17,5,51,7,42,61,35,23,1,54,39,43,30,22,31,48,36,60,27,29,44,19,10,50,49,26,16,25,38,46,59,24,47,40,37,14,53,13,57,2,21,55,32,3,4,6,41,18,63,15,45,62
13,41,24,31,43,34,36,58,54,52,62,4,63,37,53,35,14,19,40,48,1,21,39,2,22,18,17,33,47,5,15,3,57,20,59,26,28,55,42,61,44,38,23,8,27,7,46,16,56,51,6,9,0,30,49,25,10,60,32,12,50,11,45,29
60,42,26,28,52,46,63,51,23,55,39,18,40,47,32,17,30,19,59,36,3,41,22,21,2,58,35,15,49,31,24,61,37,0,16,14,7,45,56,29,27,6,5,48,38,8,1,9,33,50,11,13,44,62,53,57,10,54,43,4,25,34,20,12
40,32,9,28,46,19,23,27,54,12,5,47,1,50,43,63,38,53,35,55,33,8,61,34,26,49,6,4,51,41,10,56,29,20,11,45,22,14,25,37,7,30,42,16,3,0,31,13,36,59,57,21,44,48,15,58,60,24,18,17,52,39,62,2
48,17,52,57,3,40,5,10,33,36,49,4,39,51,13,29,9,55,18,26,61,27,28,16,38,2,42,59,45,56,8,47,35,62,46,21,37,30,50,58,63,31,54,24,53,1,23,12,32,44,7,34,11,19,20,6,25,0,60,41,22,43,14,15
10,34,22,37,40,0,28,35,24,51,60,44,62,43,33,8,52,36,30,17,26,46,59,14,23,39,16,2,31,1,54,32,55,5,11,13,45,7,53,56,41,15,18,57,49,42,48,4,38,61,47,27,20,21,6,19,29,58,12,50,3,63,25,9
23,35,1,19,59,27,13,53,20,39,33,14,47,22,51,28,50,48,57,32,31,4,10,3,11,6,17,12,34,63,37,21,54,30,45,61,62,55,0,43,16,40,52,25,38,24,60,36,2,44,46,42,18,29,58,49,15,26,5,8,41,56,9,7
4,26,37,53,42,60,25,31,52,11,35,51,50,34,1,45,63,8,9,27,15,59,41,3,43,57,12,61,22,46,58,48,23,2,19,10,36,56,33,7,39,49,32,5,0,28,30,6,13,21,16,29,55,38,14,20,17,62,18,40,44,24,47,54
63,62,32,0,12,38,59,4,41,24,18,22,50,6,7,20,54,5,34,17,45,25,43,13,31,44,26,29,51,48,60,46,61,37,16,40,10,57,14,47,11,28,55,3,19,53,35,30,58,23,21,52,1,56,36,15,49,33,42,2,9,39,27,8
17,4,46,34,1,22,43,51,53,7,23,21,6,16,35,8,59,0,20,29,63,52,61,49,32,44,45,56,30,40,38,60,50,14,48,2,37,62,58,10,55,12,26,24,57,41,15,47,27,5,33,28,42,31,54,9,18,25,19,39,13,11,36,3
42,5,18,28,34,3,58,47,38,20,53,14,48,61,59,35,0,23,4,10,37,19,27,46,60,57,2,16,11,56,40,55,36,51,44,54,41,12,7,31,17,33,21,22,63,49,29,25,8,26,15,9,39,32,50,13,24,62,52,43,45,1,30,6
58,8,15,48,10,36,44,22,46,34,17,33,45,37,49,14,28,40,47,18,38,51,42,62,52,20,7,9,29,11,56,39,59,2,26,55,35,41,4,16,31,1,12,23,54,61,25,30,53,21,24,63,3,43,27,0,60,57,6,13,19,50,5,32
42,2,50,22,9,40,3,43,39,31,19,46,25,13,35,54,32,17,37,14,30,18,44,62,4,47,8,48,51,29,61,56,53,59,1,15,5,12,36,52,10,45,58,60,23,63,38,28,49,7,6,26,41,34,57,55,16,33,20,27,24,11,0,21
28,36,59,24,12,35,50,41,30,25,31,49,52,63,43,3,15,58,44,6,7,29,34,53,14,51,60,20,47,48,0,33,45,42,39,32,26,18,10,61,5,27,2,1,13,46,11,8,37,23,17,22,9,54,16,40,55,21,38,57,19,56,4,62
25,35,31,42,6,21,15,16,53,51,5,22,14,55,47,54,11,10,49,41,61,33,3,32,46,7,57,13,44,29,24,17,38,62,56,58,40,59,37,45,20,12,43,23,50,9,18,2,4,30,26,19,39,48,28,34,8,0,36,52,63,27,60,1
39,11,44,59,34,53,6,49,0,7,22,46,63,41,30,35,32,50,15,36,48,25,51,58,19,55,4,60,33,37,54,43,10,28,12,57,2,62,31,61,8,38,3,1,21,23,29,47,27,45,24,13,42,5,26,56,52,14,20,9,40,18,16,17
17,40,52,47,26,5,58,8,31,37,35,0,22,56,43,16,13,44,49,50,53,41,46,27,7,57,2,33,34,32,42,12,36,61,51,45,14,29,54,3,48,63,15,20,59,11,23,55,18,21,25,38,39,19,62,10,24,1,28,30,6,4,9,60
10,3,45,13,19,12,57,23,58,15,59,40,61,54,26,36,7,4,1,29,24,53,21,20,28,47,6,38,2,55,63,31,39,16,14,11,49,33,52,41,27,0,8,43,51,42,34,22,17,56,25,5,37,30,18,35,48,9,60,44,62,32,50,46
10,34,49,28,9,27,32,51,37,50,24,58,23,26,14,21,47,8,19,4,44,35,57,63,46,56,39,20,43,2,33,17,55,31,48,0,62,1,25,7,22,30,53,13,52,36,41,60,12,40,16,3,38,29,42,45,61,15,18,6,11,5,59,54
24,29,15,28,32,27,55,17,58,20,31,41,6,16,51,1,59,22,5,30,52,39,50,47,56,62,42,49,40,14,7,36,35,45,33,0,13,4,38,53,9,21,44,26,57,63,23,18,19,54,60,11,8,46,48,34,2,61,12,3,37,10,25,43
17,4,59,62,63,27,38,13,11,34,8,16,58,21,9,57,15,12,5,51,29,48,30,45,10,40,61,35,36,26,60,1,46,22,28,31,55,44,41,3,0,47,54,7,6,14,53,52,23,18,32,42,19,33,56,43,50,49,24,37,25,20,39,2
20,12,54,6,60,36,10,41,32,7,4,26,44,37,40,57,56,55,23,21,13,38,49,62,52,27,3,22,0,34,58,45,48,25,43,5,16,9,30,51,24,29,1,28,17,8,42,63,11,31,15,50,59,61,19,39,14,46,18,47,35,2,33,53
53,32,21,14,15,51,29,33,17,4,27,23,41,39,60,9,58,18,63,61,28,7,16,44,42,11,57,43,5,40,10,47,20,38,19,35,25,52,3,26,37,0,56,2,46,62,36,50,34,31,48,59,49,8,22,54,55,6,1,30,24,12,45,13
20,13,2,62,63,43,36,42,12,23,3,18,40,7,21,29,9,48,31,44,27,15,17,19,6,61,57,45,50,8,53,46,34,55,0,47,38,24,25,54,39,51,60,10,5,16,33,32,59,58,4,56,26,1,30,49,37,11,35,52,14,41,22,28
58,27,1,53,22,63,8,44,29,60,18,14,5,40,12,33,20,16,25,45,10,54,2,59,26,31,50,24,51,56,42,19,52,23,46,62,17,9,37,49,36,35,38,21,11,13,55,6,4,47,0,57,7,39,48,34,43,61,30,28,3,15,32,41
40,21,41,37,7,58,63,31,15,2,26,22,18,50,48,6,32,49,45,59,55,34,20,44,24,51,19,4,38,11,30,23,10,28,3,56,62,17,1,35,13,8,42,52,0,43,47,33,12,54,53,46,16,14,36,5,29,61,60,27,25,9,39,57
8,14,10,59,18,31,24,56,52,20,35,41,28,22,13,60,30,19,16,36,23,62,7,55,63,43,47,37,33,15,54,6,49,42,3,29,17,51,50,25,34,11,39,5,38,45,1,9,12,58,61,53,21,0,48,40,4,57,44,26,2,32,27,46
14,56,35,32,40,62,43,49,24,34,2,53,37,52,58,39,18,36,38,25,47,22,1,57,33,17,6,12,61,15,59,19,42,20,27,31,11,21,44,23,46,60,5,10,8,41,7,28,48,45,54,13,51,0,26,50,9,29,55,30,16,3,63,4
15,44,61,34,47,39,20,57,56,58,7,21,17,11,49,23,27,36,37,2,0,32,19,46,13,59,1,54,62,28,38,42,18,8,4,53,14,63,25,22,41,12,10,52,9,40,16,55,51,29,45,48,30,6,26,43,60,50,3,5,35,31,24,33
38,14,58,55,30,7,45,15,49,41,26,46,37,39,54,62,43,60,16,2,61,56,3,31,22,24,59,63,10,19,51,4,1,27,57,42,28,35,13,21,12,8,25,11,50,9,48,34,23,6,36,33,44,29,0,52,18,5,40,47,20,17,32,53
46,52,59,2,54,23,36,22,58,62,61,11,53,41,63,42,51,35,5,8,0,30,12,1,50,17,26,16,25,3,57,33,29,47,24,45,10,14,44,6,49,39,9,38,37,40,21,56,60,13,20,27,18,55,19,7,32,15,31,28,48,34,4,43
29,38,0,11,6,49,30,44,24,53,27,58,47,18,41,61,25,16,2,62,26,4,21,17,14,63,55,28,5,52,57,33,39,1,23,34,59,7,45,31,54,8,40,32,46,15,37,35,36,13,9,20,51,50,19,10,12,56,3,22,48,60,43,42
38,46,37,52,51,48,34,25,13,29,23,14,62,54,58,21,0,44,26,18,33,32,8,60,31,55,22,50,2,57,15,3,40,20,24,5,9,16,45,27,47,43,6,49,30,53,61,28,59,42,7,11,56,39,36,10,4,35,1,19,41,12,17,63
19,20,40,36,50,61,29,44,11,51,37,10,54,63,8,22,47,24,45,56,14,27,18,7,62,58,35,15,4,17,30,39,43,13,28,32,42,6,53,12,34,2,49,60,0,52,46,23,9,59,31,3,48,38,55,57,33,26,5,21,41,25,16,1
34,51,37,30,43,27,47,28,15,31,63,16,36,60,54,40,26,14,11,38,24,20,39,17,6,50,0,57,48,18,53,23,5,25,1,9,19,42,3,56,45,8,2,44,7,29,33,21,52,10,4,62,46,41,12,22,13,59,49,58,61,35,55,32
10,55,27,29,1,0,41,28,45,17,50,56,52,46,14,30,49,39,4,16,19,58,23,37,53,2,57,26,12,3,61,21,54,42,13,33,44,9,24,7,38,59,34,8,60,36,35,25,20,5,47,11,63,31,48,43,22,40,51,32,6,15,18,62
47,21,3,36,28,17,46,33,38,31,5,7,18,8,40,10,12,26,34,4,1,60,50,55,22,42,56,44,11,52,30,32,14,6,51,53,0,54,59,41,43,37,29,62,23,48,45,25,20,9,15,57,39,13,27,16,49,35,63,24,19,2,58,61
6,25,9,57,3,11,27,32,42,28,45,31,58,24,23,18,48,14,19,54,33,35,8,50,60,16,12,62,63,41,51,34,52,26,47,61,56,55,44,49,59,5,43,2,17,40,39,38,46,13,30,1,20,22,10,36,4,0,37,7,53,29,21,15
3,42,54,32,30,7,48,43,10,46,53,23,26,1,28,16,2,21,47,41,60,5,38,8,40,29,31,18,33,59,13,9,49,20,14,55,57,17,44,22,6,63,52,15,11,12,4,36,50,34,56,62,61,24,51,27,0,25,45,58,39,19,37,35
39,51,62,21,17,30,49,38,32,9,36,4,13,54,43,23,18,40,55,14,25,35,46,41,47,29,45,60,28,59,52,6,0,1,15,19,42,8,16,11,26,10,27,24,48,61,44,5,2,57,3,37,58,31,50,33,63,56,34,53,20,22,12,7
25,6,27,43,34,44,20,55,28,49,56,19,10,0,39,51,53,57,11,50,41,29,59,2,58,42,31,47,5,30,15,62,45,14,9,18,46,3,26,40,61,37,7,4,21,63,48,13,32,54,8,23,60,16,17,52,1,35,12,36,24,22,38,33
31,15,0,39,3,56,33,1,43,7,14,19,55,25,47,52,53,41,30,22,27,32,42,34,44,26,63,10,13,23,61,21,38,20,6,29,17,60,59,48,51,62,49,37,45,40,58,57,11,16,35,18,36,46,9,54,12,4,8,28,2,24,5,50
6,0,33,8,18,29,44,3,57,20,30,2,4,45,5,41,39,49,19,32,54,61,35,28,16,7,62,21,24,55,27,58,47,43,11,15,63,17,13,14,34,52,22,46,1,42,60,23,31,56,26,40,48,53,36,12,38,37,51,25,59,10,50,9
22,49,63,16,45,50,37,9,30,52,38,12,8,28,25,3,51,1,31,35,2,60,39,19,0,41,6,47,40,24,13,34,62,26,48,55,33,7,42,20,44,27,59,15,10,46,23,29,5,32,61,58,14,17,36,18,53,56,43,11,57,54,4,21
54,49,61,39,52,32,34,26,53,2,60,57,23,36,40,38,51,5,33,37,47,15,41,50,44,11,25,59,28,29,63,13,42,62,4,43,55,7,16,48,9,24,21,8,31,22,46,35,10,20,30,17,3,58,0,1,19,12,14,27,6,18,56,45
27,60,39,11,14,9,47,17,12,51,8,5,44,4,3,29,55,20,36,59,26,54,31,63,58,25,10,62,41,56,30,28,32,57,37,2,1,19,34,43,52,0,61,6,48,23,38,35,53,33,49,16,50,18,21,22,40,46,42,15,13,45,7,24
54,11,60,52,17,9,13,41,50,55,62,12,47,0,21,40,19,59,45,63,61,30,34,53,8,5,48,57,3,22,31,26,20,39,49,27,18,7,2,33,23,43,6,37,28,10,51,24,56,42,32,44,29,1,38,25,15,46,4,35,58,16,36,14
0,25,1,8,5,3,14,22,57,51,7,34,35,30,2,17,47,45,44,62,61,4,24,12,49,46,31,29,43,48,10,27,50,63,56,55,36,41,20,59,26,39,13,28,37,9,32,38,6,18,11,54,52,58,19,16,21,42,15,23,33,60,53,40
29,57,16,54,35,11,52,12,25,56,0,27,50,40,31,39,9,53,1,46,26,43,59,61,34,13,47,19,4,32,48,28,33,5,8,6,15,38,21,63,20,45,3,41,2,51,17,22,60,49,10,44,7,30,55,36,42,18,58,37,24,14,62,23
36,13,48,3,55,43,22,1,49,40,46,51,62,4,38,21,60,58,26,35,20,17,29,8,30,12,50,32,41,9,27,42,23,44,28,54,19,7,47,18,56,59,2,14,34,39,6,25,24,11,45,33,5,0,61,63,15,10,53,57,31,16,52,37
35,27,63,1,36,18,0,41,7,30,42,23,16,11,50,61,45,25,57,33,9,59,13,62,47,10,55,44,28,51,15,29,3,17,21,34,58,52,60,31,48,56,26,53,14,40,6,12,43,32,19,38,4,39,5,22,8,54,24,46,2,49,20,37
41,22,42,11,21,12,2,4,17,31,9,63,15,24,23,62,30,25,45,10,54,57,58,40,53,20,28,26,29,14,52,37,32,55,27,43,36,7,18,44,35,5,50,16,13,49,61,34,19,46,39,3,8,56,51,48,1,59,0,47,33,60,6,38
6,25,50,3,5,52,55,32,16,54,51,9,14,47,60,45,61,48,29,17,13,11,31,59,41,43,24,0,10,12,42,46,63,19,34,40,4,38,56,28,22,26,49,20,53,8,36,18,62,35,7,23,27,58,2,37,1,57,15,39,21,33,30,44
48,55,19,27,47,37,34,44,26,17,58,49,50,35,61,45,59,20,0,40,56,29,21,28,42,7,41,22,52,63,23,8,12,53,1,60,39,11,14,6,13,54,46,16,30,36,57,43,18,32,4,38,15,51,31,9,33,5,3,10,2,62,24,25
55,52,48,38,31,42,8,60,19,4,39,44,53,58,59,17,40,6,36,26,46,1,43,2,33,49,0,57,63,47,22,5,28,16,18,7,29,12,25,21,41,37,10,14,62,50,11,20,56,45,9,15,13,54,30,61,24,35,23,3,51,32,27,34
56,7,53,50,54,47,27,0,42,31,41,49,22,46,29,5,63,14,36,30,58,39,26,25,32,45,35,3,52,2,18,61,51,28,16,34,13,44,20,57,11,15,24,8,9,4,21,17,19,37,40,23,38,48,60,43,62,12,33,55,10,1,59,6
10,58,54,49,24,17,50,53,32,25,22,40,33,8,43,59,23,36,19,11,3,44,60,63,5,20,47,12,4,29,56,48,16,34,42,35,9,41,28,46,15,30,55,62,52,7,13,2,39,26,37,14,51,0,18,57,1,61,31,45,27,38,21,6
17,60,44,7,1,62,31,10,34,12,26,61,37,23,56,49,13,3,29,33,39,19,18,24,36,9,40,42,63,52,20,15,27,11,57,38,58,48,41,45,25,21,35,0,4,2,55,16,6,32,28,8,43,54,30,22,14,50,5,51,47,53,46,59
15,33,17,59,14,30,16,52,47,12,43,32,49,5,35,23,44,42,55,22,31,3,8,2,53,60,63,1,28,36,9,13,41,29,4,46,61,34,19,18,50,39,45,58,20,0,38,51,6,37,7,54,10,27,25,11,21,62,24,40,57,48,26,56
42,9,50,0,17,14,28,4,6,20,59,25,21,40,5,52,2,15,47,12,18,26,3,29,49,37,10,43,32,23,19,60,24,16,8,31,22,30,62,53,63,27,7,13,46,61,44,33,54,39,48,55,51,1,45,38,36,57,34,58,35,56,41,11
50,46,47,15,45,26,27,55,19,2,34,49,43,0,20,18,5,58,61,33,48,40,17,36,56,62,16,1,51,7,53,54,37,13,29,35,3,24,23,6,42,9,44,60,57,8,14,30,39,12,52,22,63,28,31,41,10,32,4,38,11,21,59,25
25,19,37,60,26,8,7,41,9,39,29,53,30,36,44,54,24,23,1,55,0,38,2,56,42,11,14,20,51,18,63,27,17,49,48,46,3,15,12,45,59,57,34,6,61,35,22,5,33,4,31,16,28,32,10,62,58,47,43,21,13,50,52,40
42,30,63,12,27,40,55,57,10,2,32,26,39,8,35,46,21,19,45,18,48,58,37,11,62,15,54,59,0,61,60,38,36,14,50,5,20,3,49,44,33,47,1,41,52,23,17,56,43,22,4,13,9,16,31,53,34,51,29,28,6,7,24,25
21,14,13,27,26,40,4,54,32,9,51,12,34,23,48,49,19,24,7,33,0,58,10,62,25,61,41,18,30,56,17,37,45,5,16,43,1,22,31,28,36,59,53,35,44,3,15,8,55,46,47,20,57,6,2,11,29,38,63,42,39,60,52,50
6,19,5,15,45,27,24,43,25,14,7,59,20,54,30,56,13,48,51,49,52,10,34,3,60,31,42,17,55,62,0,53,61,23,16,47,29,2,37,11,1,50,35,26,36,33,8,41,18,4,12,28,40,39,63,32,46,38,57,22,44,21,58,9
33,8,4,19,47,13,20,5,7,17,42,31,24,15,12,37,10,48,56,50,2,16,11,39,9,63,44,53,0,14,29,3,32,30,23,55,45,18,1,52,57,61,59,6,43,40,46,36,21,22,62,25,54,26,58,38,35,49,51,34,28,60,27,41
24,57,46,12,21,31,54,2,34,9,50,43,4,40,36,61,56,39,35,3,13,51,0,8,7,37,32,5,18,10,62,20,17,33,16,45,48,58,14,1,27,55,52,59,6,41,15,38,19,44,30,22,28,63,60,29,26,11,47,49,53,42,25,23
37,24,25,61,56,26,59,13,33,39,22,47,62,42,11,52,6,28,43,35,46,51,18,50,0,2,7,20,41,23,16,1,9,4,57,8,12,14,30,34,55,48,31,44,17,49,45,10,58,27,5,29,21,38,63,32,3,60,40,15,19,36,54,53
52,34,27,25,61,26,35,62,15,49,32,36,4,46,23,55,48,45,1,18,60,9,33,31,37,2,47,22,28,10,51,59,20,30,7,0,3,19,8,63,11,43,13,57,39,17,41,54,16,29,14,24,6,21,53,5,42,44,58,40,12,50,38,56
49,41,25,30,26,0,27,53,5,42,6,38,2,37,62,32,48,35,57,56,12,11,23,40,54,44,1,15,33,50,8,14,3,29,63,46,20,39,31,16,22,13,19,60,47,51,7,58,59,9,21,17,34,36,24,52,18,61,4,28,10,43,45,55
32,35,55,61,11,59,43,52,50,1,51,22,29,57,48,56,17,33,30,24,62,14,21,37,28,25,2,5,54,16,36,27,23,12,26,8,7,40,45,44,18,20,47,41,34,15,3,0,13,38,46,58,9,10,19,31,49,53,4,63,6,42,39,60
52,37,46,54,6,35,44,51,53,49,43,33,59,61,62,16,26,57,56,31,0,50,14,24,36,23,42,63,58,55,22,45,5,12,41,20,27,32,19,3,11,40,28,29,1,60,21,25,34,2,39,10,47,15,8,18,7,30,38,9,48,17,13,4
35,12,24,15,63,6,20,60,18,52,61,14,49,26,55,3,11,2,9,41,29,37,46,56,38,44,47,57,42,40,59,7,5,27,8,54,0,36,13,31,1,32,4,45,51,19,30,22,17,33,58,23,25,62,50,16,34,28,10,53,21,48,39,43
12,31,47,10,44,4,20,37,46,0,8,34,25,24,19,2,5,35,26,40,60,16,48,17,30,38,42,1,54,53,45,55,39,50,11,58,62,9,7,63,56,3,49,28,29,52,18,59,27,36,15,22,32,41,57,6,61,43,21,23,33,51,13,14
2,53,5,31,54,47,33,61,58,11,1,51,63,17,7,60,48,26,22,30,13,40,39,49,46,35,15,50,56,12,38,20,9,24,41,4,29,6,62,43,44,37,36,45,19,21,42,59,28,32,34,10,23,14,3,55,57,52,25,27,0,16,18,8
20,3,47,14,46,15,17,57,36,8,59,25,23,5,6,39,19,45,54,2,24,9,55,11,21,43,32,41,27,4,51,50,31,12,58,62,53,56,0,10,1,33,44,13,61,49,38,52,40,18,63,22,35,16,48,26,29,34,28,60,30,37,42,7
44,26,39,6,0,36,7,51,9,21,31,49,22,40,17,60,43,4,29,24,55,15,33,59,54,63,50,57,56,13,28,10,47,62,37,25,8,32,46,38,2,5,34,58,19,42,20,14,27,52,3,11,61,30,45,53,18,16,48,12,23,1,41,35
36,12,31,19,9,49,42,0,28,15,8,10,26,21,32,14,51,62,5,23,60,7,38,37,63,48,44,57,18,16,30,59,3,25,43,54,55,11,41,61,56,4,46,22,45,6,29,52,50,1,47,17,13,20,27,33,24,39,2,58,40,34,53,35
3,26,23,10,41,33,22,48,54,32,51,6,25,18,44,11,16,5,2,0,29,4,9,55,14,27,52,30,8,13,20,61,21,57,47,37,53,42,46,38,28,60,50,12,63,15,7,62,31,1,56,58,43,34,35,19,36,17,39,59,49,40,45,24
19,34,32,17,22,10,62,12,51,58,35,37,63,49,2,60,9,36,39,46,21,29,31,53,11,44,23,6,38,47,59,14,25,16,41,45,15,40,18,5,27,54,52,48,3,0,1,55,30,57,43,8,61,33,13,50,28,7,56,24,4,20,42,26
21,34,1,31,19,10,55,52,51,56,42,58,60,15,41,9,28,37,8,29,57,23,36,25,46,4,30,32,44,6,20,43,3,13,53,45,40,59,49,24,54,22,18,7,14,26,39,2,38,48,61,0,63,12,62,33,50,35,5,27,16,17,47,11
9,31,62,1,0,59,34,13,2,61,27,46,29,10,48,23,18,49,30,17,33,50,35,51,52,4,21,19,45,25,32,38,3,24,60,43,56,6,42,55,40,16,44,54,22,57,53,58,26,36,39,20,47,8,5,15,14,7,12,11,41,37,28,63
41,39,55,58,6,28,61,0,11,20,45,33,51,47,35,36,30,49,59,2,57,63,14,56,5,9,50,15,52,54,3,48,4,13,44,31,43,7,26,40,16,34,18,27,1,12,25,23,21,22,29,37,10,60,24,46,38,53,8,17,42,19,62,32
24,40,55,49,48,57,20,52,7,5,17,61,36,28,53,33,54,26,62,45,60,18,23,32,22,4,63,46,10,2,41,25,37,8,21,44,14,31,30,39,29,12,19,50,43,38,35,13,3,27,58,15,42,11,56,51,6,9,0,16,47,34,59,1
23,55,51,2,54,40,53,57,63,44,7,62,52,48,61,27,12,43,41,20,60,25,10,49,36,9,32,15,47,58,19,34,39,16,3,46,4,26,18,35,13,31,11,6,22,14,56,17,1,50,8,21,33,45,0,38,28,37,42,59,30,5,29,24
37,0,12,50,51,63,3,44,36,16,43,48,20,41,2,21,6,29,54,55,25,11,13,9,7,22,33,49,17,5,23,52,42,4,61,28,39,56,19,53,31,62,18,10,47,40,24,26,30,15,58,57,34,45,1,59,27,8,46,35,38,60,14,32
59,16,0,21,61,5,4,15,24,32,22,56,54,44,14,30,29,48,46,60,50,19,20,8,12,13,33,58,34,47,27,1,26,28,51,55,7,41,3,25,2,45,18,10,31,35,40,62,49,52,38,37,36,63,42,11,9,57,39,43,17,23,6,53
35,59,12,51,31,42,30,2,16,33,40,7,60,1,28,24,26,48,19,25,36,6,62,54,34,8,4,14,46,5,39,0,41,47,44,57,43,50,18,63,20,38,13,53,23,27,61,55,49,21,32,29,58,52,3,9,37,45,10,56,17,11,15,22
15,49,1,38,5,20,9,23,42,58,19,62,10,50,35,22,46,53,55,33,31,29,8,60,51,16,28,24,59,61,18,4,11,27,13,47,30,43,36,44,25,0,57,21,40,39,14,52,17,7,6,56,54,63,34,37,41,2,32,26,3,48,45,12
34,59,54,16,8,17,51,32,2,26,0,63,28,18,37,20,27,13,57,44,10,50,58,39,22,55,23,7,35,56,43,12,47,29,60,42,25,46,61,30,33,45,14,21,3,40,41,36,19,9,48,1,24,49,53,52,31,4,11,62,15,6,5,38
60,9,59,34,54,12,50,63,36,27,33,43,35,56,42,7,31,49,38,57,5,3,30,41,8,26,28,45,15,40,14,47,24,55,20,21,52,19,23,62,37,16,53,4,61,46,32,6,58,48,18,22,51,1,0,25,10,11,17,44,39,13,29,2
59,57,63,5,55,34,56,33,29,53,26,10,52,48,27,35,11,2,41,12,1,13,40,51,42,17,54,14,15,24,38,61,16,19,4,50,49,0,18,46,44,37,3,23,62,6,36,22,43,47,39,31,58,45,7,8,32,60,28,9,20,25,21,30
46,34,63,24,45,27,30,3,35,21,51,18,55,33,7,10,16,54,12,26,56,29,31,57,36,19,39,60,50,48,11,0,58,52,37,44,15,13,20,42,49,61,1,4,32,17,62,5,38,2,9,25,59,22,14,47,23,41,40,43,28,8,53,6
49,45,53,38,39,52,26,9,2,8,3,13,7,41,21,35,15,42,36,47,11,22,23,57,19,6,20,32,31,14,48,56,30,61,12,0,16,44,25,51,60,4,33,5,18,58,46,62,54,55,59,10,37,40,50,24,17,1,34,43,28,29,27,63
18,59,37,52,46,28,16,42,53,40,47,26,6,62,14,38,54,13,25,43,4,34,56,35,20,7,49,3,33,23,55,17,21,9,8,0,45,11,58,5,32,31,44,29,51,27,30,63,12,50,48,36,24,39,57,1,19,41,22,60,61,2,15,10
3,18,44,51,37,42,29,26,43,40,58,57,19,53,54,16,20,15,9,11,59,10,45,62,13,48,22,36,61,25,47,50,14,34,63,49,4,6,17,46,12,27,33,32,1,38,8,21,5,55,30,31,52,41,7,28,24,2,56,23,0,39,35,60
27,12,37,48,3,36,34,46,49,56,51,32,21,47,15,33,6,31,38,0,42,22,24,35,60,45,25,58,23,28,40,61,52,41,11,59,5,4,8,63,50,9,1,17,18,53,2,29,57,39,20,55,30,7,43,44,26,62,19,14,54,13,10,16
5,45,17,4,52,3,57,54,18,60,36,35,16,44,53,30,34,6,40,13,42,8,56,55,14,58,41,0,38,63,22,29,47,24,51,21,23,2,12,50,15,61,19,49,27,20,25,32,37,7,59,1,11,33,31,62,48,43,9,39,26,10,28,46
49,0,58,61,25,12,36,55,9,20,31,47,45,60,50,13,59,11,21,40,38,17,35,48,32,52,37,15,24,57,16,54,62,3,43,53,5,22,19,23,26,46,42,63,41,2,33,1,8,14,29,39,27,56,6,4,18,34,7,10,30,51,28,44
37,14,5,7,4,16,30,17,21,2,22,25,43,61,34,55,23,47,12,27,40,60,18,48,6,62,26,35,45,31,33,56,49,28,3,36,59,9,15,0,1,52,50,20,24,44,53,11,38,63,41,42,39,13,10,8,57,54,51,32,29,58,19,46
51,36,22,56,45,59,40,60,18,63,3,46,2,62,61,24,55,31,57,7,0,52,15,11,33,20,49,12,9,41,10,6,26,25,14,21,38,53,4,16,8,28,48,23,27,47,54,58,29,35,30,19,43,34,17,44,1,37,32,39,50,5,13,42
18,42,52,16,0,7,22,17,25,32,13,28,38,27,23,45,63,49,50,4,35,19,3,56,41,36,43,6,48,26,14,40,21,10,12,51,20,54,29,47,1,33,8,2,58,61,55,57,34,59,30,39,9,15,37,53,11,44,24,46,31,62,60,5
10,53,11,55,27,23,44,19,38,20,52,32,51,4,57,39,30,18,26,40,35,24,29,49,12,41,3,8,22,48,2,1,54,5,56,50,9,14,62,36,37,43,13,34,47,42,0,61,28,7,58,31,21,16,46,60,17,6,25,15,63,59,45,33
41,29,35,24,11,10,27,33,39,57,45,6,55,62,22,21,50,23,15,9,28,60,5,44,46,40,34,17,61,26,12,25,18,1,54,36,16,63,19,56,14,32,0,52,30,3,49,47,2,8,58,31,42,53,43,59,37,13,4,38,48,20,51,7
1,10,45,58,6,11,20,14,60,53,27,49,41,17,16,51,62,18,39,43,5,46,31,61,47,30,36,9,4,40,21,26,55,12,8,29,63,15,37,54,59,33,48,13,50,56,0,2,34,19,22,35,42,28,52,32,25,3,38,7,24,44,57,23
5,36,54,23,3,45,15,42,53,31,30,12,7,47,59,48,37,10,28,8,43,22,13,61,41,40,25,60,9,2,34,51,20,58,26,24,14,1,62,27,46,32,0,33,57,16,49,39,52,18,11,4,6,29,50,38,35,44,21,17,63,56,55,19
4,28,20,61,19,5,55,36,22,53,15,58,27,1,25,52,41,16,51,37,54,46,43,3,10,50,35,29,57,56,48,2,47,62,39,63,17,59,34,11,24,60,23,7,26,0,30,38,45,9,32,8,42,40,49,18,14,31,6,21,33,44,13,12
41,7,25,59,26,12,42,21,57,45,22,4,63,1,29,53,37,20,23,43,36,47,49,11,24,27,9,3,44,46,28,48,40,31,13,52,58,15,38,30,6,39,33,54,51,18,14,61,60,16,56,8,55,5,0,34,19,35,17,32,2,50,62,10
16,34,41,53,44,20,28,35,57,11,7,31,56,37,51,58,36,14,12,4,63,22,27,50,61,54,42,5,17,3,47,39,13,29,55,0,8,19,2,26,62,49,25,46,23,60,21,48,18,10,45,30,15,40,6,1,38,24,33,52,32,43,9,59
54,44,41,0,53,19,55,12,48,46,29,17,62,14,50,36,27,49,13,52,59,16,40,6,2,28,21,24,30,20,47,37,9,32,45,61,34,1,38,26,11,25,33,18,56,31,39,43,63,3,51,58,8,5,10,60,4,42,7,35,57,15,22,23
19,18,14,30,23,2,52,29,4,58,5,16,50,15,28,3,46,44,61,7,47,41,35,24,42,25,0,51,54,9,21,36,62,12,53,55,17,34,6,43,37,10,40,45,56,63,27,8,33,22,38,49,32,31,11,1,48,20,39,60,13,26,59,57
34,33,55,27,46,17,32,57,30,0,24,62,26,7,1,2,54,40,20,19,29,60,39,49,51,58,15,3,11,16,14,35,5,22,8,12,37,36,18,9,53,42,48,23,63,38,45,4,44,61,41,31,6,25,47,43,56,21,10,50,13,28,52,59
60,28,42,20,27,11,9,21,47,59,22,10,53,31,34,8,52,55,26,33,44,61,58,6,35,39,57,1,46,15,17,29,14,45,48,51,54,5,63,0,16,43,3,30,50,41,38,25,49,18,12,40,2,23,7,62,32,13,4,56,24,36,19,37
62,60,15,3,58,4,63,7,22,12,34,9,30,48,10,56,8,40,5,17,31,54,28,24,39,23,41,49,2,47,42,13,11,14,55,25,35,6,16,18,38,26,21,43,46,53,33,44,45,1,59,0,57,36,51,27,50,32,19,52,29,20,61,37
21,33,46,26,9,22,37,44,12,56,8,47,63,18,38,60,36,55,34,49,14,2,42,31,41,29,24,13,43,20,45,57,39,40,1,62,30,6,53,15,23,27,4,7,19,54,5,0,58,16,25,28,51,3,17,35,61,11,32,10,48,59,52,50
43,62,21,61,39,5,36,22,26,19,42,57,41,59,2,33,58,16,18,55,20,6,34,63,48,15,9,4,28,8,45,53,40,29,32,12,44,35,1,54,3,30,38,14,0,50,13,46,47,11,17,51,60,7,31,10,24,49,37,27,56,23,52,25
25,44,62,42,6,11,16,59,29,30,21,32,34,52,56,28,20,53,3,13,22,61,7,4,26,19,50,49,57,12,35,33,10,54,27,63,23,36,39,8,17,24,2,31,18,48,55,15,58,1,60,51,14,9,45,46,40,37,5,47,43,0,41,38
5,2,22,57,24,4,62,51,48,35,16,6,54,41,10,13,47,44,3,12,20,11,56,49,9,17,32,8,59,30,18,7,53,28,19,50,46,45,37,39,1,36,52,43,0,40,14,42,34,58,31,63,61,55,33,15,38,60,29,23,27,25,26,21
49,28,32,17,8,21,30,60,16,20,34,5,47,14,39,13,27,56,24,18,12,54,55,33,4,46,58,15,0,48,22,43,3,62,35,29,1,45,31,9,50,19,44,36,61,11,53,37,63,52,25,38,23,40,51,10,2,41,59,42,26,57,6,7
11,31,19,7,49,23,48,0,62,1,47,56,34,2,53,33,63,50,4,26,41,27,35,40,43,51,13,55,60,32,39,37,6,38,57,8,18,30,61,20,5,46,17,3,42,59,9,58,16,29,22,36,52,14,54,44,28,24,25,12,45,10,15,21
41,57,20,37,40,16,43,54,62,52,50,60,13,26,55,17,49,19,34,56,6,8,32,31,38,35,4,44,2,30,24,27,25,61,15,14,7,21,12,1,23,9,11,42,22,10,58,46,28,45,18,5,36,48,59,3,47,51,29,33,63,0,53,39
22,61,35,37,11,52,0,31,1,14,47,15,12,13,18,45,62,53,32,46,8,43,29,10,54,57,51,17,48,56,41,5,21,49,34,33,7,20,50,3,24,26,6,55,23,38,44,9,59,25,27,63,39,19,30,42,16,58,40,60,4,28,36,2
61,52,32,18,63,60,29,40,56,0,47,44,14,3,6,38,15,50,57,37,48,5,49,16,28,33,11,13,23,53,41,25,2,24,54,8,31,59,26,20,1,46,9,30,10,19,62,27,35,43,58,17,36,42,12,45,55,21,51,7,39,4,22,34
16,51,4,41,63,25,43,6,27,40,13,22,59,26,48,11,37,36,42,58,7,28,56,23,49,44,38,1,8,17,3,52,33,10,47,62,29,34,5,21,2,39,50,35,19,54,31,55,60,30,53,0,12,24,57,61,20,46,14,9,15,32,18,45
20,29,0,27,57,36,52,38,56,5,60,8,21,39,49,23,43,28,13,58,63,10,48,42,17,62,1,22,11,40,47,37,18,14,53,34,30,51,15,16,7,6,9,24,25,61,33,46,19,26,50,12,3,2,54,32,45,55,59,41,44,31,35,4
55,2,50,8,26,36,28,12,33,4,40,30,27,1,11,60,25,51,44,48,14,41,63,21,20,15,53,34,3,18,32,31,49,29,57,19,17,16,10,58,42,24,43,35,23,39,37,47,54,0,61,59,9,13,46,7,45,62,38,56,52,22,6,5
18,4,25,23,26,5,17,37,29,53,34,0,55,50,61,51,10,16,58,31,21,3,47,2,63,54,38,11,59,43,15,32,13,6,20,33,49,35,46,48,9,39,36,7,44,42,1,56,62,8,19,12,28,40,57,22,60,24,30,27,14,52,45,41
3,45,19,9,38,52,11,12,36,5,48,23,60,55,31,56,44,15,42,58,26,34,2,39,17,29,27,7,1,22,46,43,28,21,33,47,24,61,59,40,51,49,35,6,0,14,16,50,8,62,32,25,54,30,57,37,53,18,20,4,13,41,10,63
55,20,32,52,58,50,27,62,11,54,36,47,12,39,5,35,34,59,9,0,10,14,4,25,43,61,1,23,57,51,19,6,21,46,44,3,22,15,26,18,49,7,30,53,2,60,38,40,8,42,56,13,31,48,17,41,45,33,28,37,63,16,29,24
59,28,50,3,44,20,11,15,19,47,16,35,62,10,0,33,36,14,6,57,54,48,25,8,42,53,43,7,1,9,27,34,56,45,40,29,17,2,23,37,12,58,46,21,32,61,31,55,24,63,60,13,22,5,39,38,26,30,52,4,41,49,18,51
50,51,52,3,61,37,4,12,38,8,58,23,25,7,63,15,33,46,28,0,47,20,24,1,60,17,16,41,31,22,55,59,10,11,21,57,62,40,39,26,14,9,27,6,53,42,49,13,48,5,30,18,34,56,2,36,19,29,45,43,35,54,44,32
22,10,7,36,33,3,58,37,46,27,60,16,0,63,4,9,11,45,24,54,17,12,32,49,38,14,1,53,35,28,6,21,44,56,19,57,2,5,59,13,42,40,15,43,8,48,55,52,50,29,34,26,39,20,25,30,18,31,41,23,61,62,51,47
2,63,35,26,39,11,20,50,44,5,0,31,51,10,38,41,54,32,22,8,9,55,37,46,62,59,23,25,61,28,16,18,45,17,1,34,47,33,12,29,3,40,42,14,19,52,7,15,4,57,13,36,27,56,43,58,53,49,60,30,24,6,21,48
41,6,44,21,37,17,52,28,50,63,15,9,8,18,51,34,19,22,49,26,3,20,10,12,24,4,23,39,62,31,27,48,1,25,38,47,36,59,0,29,54,60,11,33,57,2,30,61,40,55,58,16,56,42,32,35,46,5,43,14,45,53,13,7
35,4,62,36,1,15,21,29,11,47,56,37,25,20,26,63,17,8,0,39,9,7,10,48,16,2,3,57,59,30,31,22,51,18,13,58,28,27,55,24,40,49,5,19,42,32,12,53,61,34,6,14,41,33,44,52,54,46,43,45,60,23,38,50
36,19,29,22,41,53,42,4,1,43,58,14,60,13,9,5,40,25,11,50,51,30,57,33,21,10,26,7,12,47,62,45,52,24,54,6,49,34,44,55,38,61,8,18,35,39,16,32,3,23,27,20,2,59,37,56,31,17,63,28,48,15,46,0
37,19,49,48,47,32,4,28,62,10,56,20,33,34,55,63,12,5,54,22,50,18,21,41,7,38,29,42,31,61,44,3,25,52,36,15,8,43,57,30,39,13,2,51,9,35,26,59,14,17,40,1,58,27,16,46,60,6,23,45,11,53,24,0
25,59,43,3,32,10,5,0,27,52,45,28,26,53,9,49,61,41,31,2,4,12,58,54,29,48,15,37,8,56,13,16,19,17,14,11,6,35,24,22,23,40,20,21,55,36,50,57,62,38,7,1,39,63,42,30,60,44,46,18,33,34,47,51
47,0,33,43,42,61,55,2,4,15,40,57,34,54,50,11,31,27,45,16,8,53,26,49,59,39,52,58,3,17,1,44,36,14,9,24,7,18,6,41,48,10,51,38,62,30,56,12,22,32,35,23,25,13,20,28,46,60,5,37,29,21,63,19
6,13,48,9,37,1,34,14,11,60,41,54,57,5,29,52,15,45,39,30,53,20,25,18,40,2,46,44,47,4,17,36,38,33,16,62,51,61,24,55,32,49,26,28,22,10,63,0,8,23,7,27,31,59,3,56,43,58,50,35,21,19,42,12
24,32,7,31,57,61,55,9,27,62,44,30,26,38,39,45,4,63,52,18,47,29,28,35,59,49,22,17,50,40,2,25,41,54,19,12,3,10,60,0,16,34,56,58,46,20,51,13,36,48,6,15,1,42,33,21,8,43,11,5,53,37,14,23
49,36,16,62,40,29,52,45,43,22,61,42,21,34,0,15,14,59,58,63,50,57,54,6,9,12,46,3,28,13,26,56,27,37,11,55,31,35,39,24,53,18,5,60,20,47,7,25,17,4,8,19,10,1,2,23,30,32,51,33,38,41,48,44
14,30,32,53,50,6,57,15,41,24,8,20,21,34,60,45,37,42,55,9,38,29,40,25,28,39,27,31,18,22,33,63,58,11,46,49,16,1,48,26,59,35,51,56,43,0,23,62,54,17,5,4,13,3,12,7,61,44,10,47,19,36,2,52
49,3,30,50,9,44,26,13,56,55,4,15,57,53,52,58,54,25,47,22,45,10,32,51,59,60,7,17,35,12,24,11,0,14,8,40,46,19,2,43,36,61,48,23,33,20,5,16,27,31,62,21,6,63,1,18,42,38,37,39,29,41,34,28
10,28,44,48,33,58,15,51,35,2,53,25,19,43,3,56,61,40,38,54,59,1,13,31,18,22,62,7,50,16,0,52,42,39,30,9,49,37,36,27,26,21,4,34,6,55,41,20,23,17,57,63,5,45,12,24,46,47,29,32,14,11,60,8
41,35,45,0,48,54,14,51,3,7,59,60,63,61,26,21,19,24,9,32,38,39,20,12,33,5,11,8,13,56,25,10,15,62,34,53,49,1,40,23,57,43,31,2,42,6,22,27,17,30,47,16,55,50,37,58,52,18,44,29,46,36,28,4
25,36,6,30,57,2,53,49,32,21,40,60,19,47,50,59,33,13,10,44,52,43,17,0,9,51,38,34,11,8,27,37,7,55,28,12,23,41,54,16,3,22,62,46,29,26,31,24,45,14,5,56,42,48,20,58,18,39,35,61,15,4,63,1
3,37,36,9,27,59,25,48,35,46,58,53,42,45,24,39,10,32,20,33,49,44,26,14,60,23,17,21,30,13,19,18,56,11,62,40,22,57,29,12,61,31,6,47,63,51,8,15,2,34,16,38,0,55,50,7,52,54,41,1,43,4,28,5
47,62,7,59,43,17,60,31,41,34,28,33,12,13,8,24,55,4,56,0,52,37,57,58,9,42,20,27,16,15,30,35,25,14,45,26,46,53,61,19,2,29,10,32,38,6,3,23,54,18,1,5,40,11,36,48,49,63,44,50,22,21,39,51
6,12,35,11,25,51,32,23,29,22,44,39,62,9,41,4,60,38,26,53,24,42,49,59,55,61,10,13,21,19,56,3,45,43,58,30,63,46,2,52,57,34,14,20,48,18,8,37,50,28,31,36,33,27,1,16,5,17,0,47,54,15,7,40
22,1,42,26,0,62,46,49,50,27,32,60,16,63,29,23,35,58,20,21,2,9,34,30,41,7,43,17,57,44,31,4,6,48,52,45,13,19,3,37,40,59,5,47,8,55,14,61,11,36,39,24,56,15,18,25,10,38,28,54,51,33,53,12
2,48,26,21,31,47,38,60,57,55,59,62,6,63,41,40,7,10,37,11,9,28,46,18,1,24,4,20,43,45,30,29,5,19,36,39,53,61,54,33,3,44,22,32,25,8,13,52,12,14,34,16,23,50,49,56,42,15,51,58,27,17,35,0
59,25,32,58,36,4,42,29,48,23,19,54,2,49,28,39,41,51,52,18,63,5,53,13,61,20,43,16,9,27,15,45,26,46,33,44,31,55,8,12,14,30,24,47,0,37,38,60,62,10,56,6,57,34,22,35,7,3,40,21,1,50,17,11
50,17,59,8,48,38,35,5,12,40,9,45,24,28,62,15,53,51,60,16,41,23,63,25,55,29,14,52,6,37,1,26,4,36,44,58,0,10,21,34,56,39,19,20,31,49,46,18,27,7,30,57,47,42,54,32,3,2,13,11,61,43,33,22
51,54,58,22,18,13,56,62,25,41,49,60,52,44,1,37,61,40,4,20,50,10,7,21,57,17,38,29,23,53,35,63,34,32,45,14,33,15,9,55,6,28,3,2,59,48,24,42,36,16,19,31,12,43,0,8,39,27,30,47,46,26,11,5
34,58,25,13,15,26,5,47,1,23,52,8,29,37,6,19,9,30,33,12,7,31,14,45,32,50,36,44,54,10,46,11,40,38,3,18,17,56,59,2,51,61,27,35,4,20,48,41,39,63,55,42,43,0,60,49,21,24,62,53,16,28,57,22
47,43,27,8,42,29,10,32,58,53,55,30,21,24,46,44,35,59,39,9,28,23,14,62,1,56,22,61,41,18,4,51,2,17,40,49,15,7,6,33,19,54,60,31,38,13,3,50,52,57,45,63,20,5,34,0,16,37,12,25,11,26,48,36
45,60,51,56,47,19,38,57,55,26,33,23,41,25,8,48,13,11,28,42,49,53,34,16,63,21,54,6,58,44,62,14,15,17,50,29,59,52,0,3,30,61,4,7,5,31,20,2,43,37,36,24,39,46,40,35,27,9,32,12,10,18,1,22
41,32,61,42,15,37,21,4,7,16,20,40,1,50,2,10,24,39,19,29,31,11,48,34,43,47,35,33,44,0,12,14,49,59,53,26,22,56,28,5,17,27,36,3,46,8,55,9,18,57,62,25,54,58,13,30,45,63,51,38,52,6,23,60
23,49,44,47,53,12,58,16,63,32,20,33,46,39,8,52,48,25,55,51,17,43,29,56,36,13,0,11,37,9,22,50,5,57,24,61,30,10,28,45,54,35,40,4,60,59,38,3,34,19,18,27,62,42,7,26,15,6,31,1,2,41,21,14
44,34,11,25,62,61,3,2,63,0,30,24,38,14,58,17,39,12,26,13,47,15,29,49,42,45,33,20,55,48,41,54,27,4,9,1,8,31,53,57,32,7,16,22,51,59,40,56,21,36,52,28,60,46,37,43,6,18,23,5,35,50,10,19
42,41,32,13,53,27,10,36,9,39,3,58,25,5,1,60,16,11,38,62,59,4,37,14,2,31,22,8,21,46,52,50,28,24,57,18,35,26,34,23,7,43,0,17,29,12,45,49,56,20,51,44,47,54,6,61,40,48,19,30,63,15,55,33
17,63,0,2,11,57,48,51,14,54,21,59,15,23,19,56,50,61,39,24,28,60,45,10,52,1,26,33,12,9,30,41,53,34,43,8,62,47,37,55,5,42,13,32,20,58,38,18,40,46,27,7,25,3,49,4,29,31,36,6,35,44,22,16
50,21,43,1,5,31,6,49,56,12,41,17,14,45,44,48,57,52,26,33,24,51,46,10,38,40,8,29,47,39,20,27,18,30,25,63,59,22,15,34,36,16,35,4,60,58,53,0,32,3,7,55,11,2,54,9,23,28,37,42,61,13,19,62
22,26,23,31,0,15,10,35,32,28,37,56,6,25,63,13,50,58,16,41,24,51,60,54,14,61,36,44,30,43,5,27,47,62,11,57,42,33,55,52,34,45,39,9,21,8,3,40,59,53,1,20,18,7,19,49,2,29,17,48,46,38,4,12
44,2,48,26,5,49,27,42,20,29,51,32,46,63,0,3,61,56,54,21,18,19,41,37,31,1,53,14,25,52,4,24,38,23,36,11,55,15,58,50,9,10,12,45,30,57,7,59,28,35,8,43,62,34,39,17,13,47,16,6,33,22,40,60
8,21,36,59,34,18,28,50,1,15,60,16,9,44,62,52,33,3,29,17,40,38,24,27,41,57,56,20,7,19,53,31,37,58,2,10,42,22,47,54,48,4,25,43,55,26,45,30,14,46,23,39,61,63,13,35,12,6,32,49,0,51,11,5
56,16,6,45,38,15,29,9,48,49,17,46,62,8,33,54,5,18,26,4,40,14,24,1,27,57,55,2,41,36,52,12,13,43,60,32,51,23,39,21,31,30,59,42,3,34,58,35,10,61,28,11,50,20,22,37,47,7,53,63,19,0,25,44
26,59,63,0,22,8,35,11,33,29,16,3,9,36,42,27,23,10,5,2,30,51,21,32,48,50,13,24,20,60,41,53,56,62,47,1,4,44,43,14,12,31,49,15,39,58,61,25,54,28,7,55,46,40,57,34,37,45,17,19,6,38,18,52
9,48,51,60,1,25,8,56,33,37,4,57,0,15,2,20,30,61,55,47,21,26,40,50,22,16,54,24,45,42,46,58,53,27,18,41,38,28,10,35,13,14,6,5,44,31,7,62,19,32,63,3,39,12,43,36,11,23,34,52,49,29,59,17
32,55,29,43,59,26,8,18,24,50,20,1,0,34,39,38,54,42,19,22,35,56,31,52,37,58,60,57,14,27,51,25,17,28,44,48,30,3,33,21,5,63,12,2,62,46,15,23,41,10,7,16,47,4,11,36,9,40,53,6,49,61,45,13
55,62,38,53,41,22,12,14,24,52,42,54,50,2,16,35,49,57,40,27,23,17,9,26,30,6,56,0,63,5,8,48,3,15,7,21,37,43,33,46,36,25,45,29,34,60,10,61,18,4,39,31,32,44,19,51,59,58,47,11,20,1,13,28
52,58,24,9,45,2,29,16,51,27,17,19,23,40,60,37,5,28,32,12,39,10,35,34,15,14,50,8,61,3,21,26,41,53,54,62,13,0,49,11,43,56,44,57,20,4,31,63,1,30,47,36,55,18,42,33,38,25,6,46,22,7,59,48
16,38,34,40,4,57,37,28,13,14,15,41,21,18,42,31,24,2,17,52,44,39,56,35,33,6,25,54,32,10,26,1,53,48,3,58,36,20,50,29,0,27,46,61,43,51,11,63,9,7,62,47,55,49,30,22,19,59,23,5,8,45,12,60
15,57,45,30,16,23,55,62,32,54,27,9,42,36,14,33,10,3,20,60,25,53,17,5,56,34,24,8,7,41,50,48,58,40,47,44,28,2,0,1,13,51,21,12,61,6,35,38,11,31,49,46,63,39,26,4,37,52,22,29,18,19,59,43
15,28,3,1,16,19,32,34,41,46,24,4,48,52,33,47,38,13,35,37,6,18,58,56,42,0,60,21,9,27,26,12,22,11,63,17,25,39,2,44,57,51,54,5,29,10,8,53,36,61,49,59,45,14,31,20,30,62,50,23,7,40,55,43
7,23,10,32,54,41,38,31,42,24,43,22,56,1,45,47,35,50,55,58,30,11,33,20,6,57,25,34,60,36,8,19,26,4,3,14,44,17,51,40,2,61,28,52,29,63,48,21,12,0,49,46,5,18,39,37,15,27,9,62,53,59,16,13
50,61,46,30,36,40,22,44,14,52,58,56,25,10,35,38,16,47,1,26,43,7,54,27,62,34,28,59,5,51,12,60,45,42,32,17,49,53,0,29,63,48,9,20,55,41,8,15,2,39,24,57,11,13,37,4,18,33,6,19,21,31,3,23
21,7,49,27,31,35,3,30,28,19,41,4,17,45,12,2,55,60,63,57,16,1,61,34,54,42,44,40,14,59,38,53,43,20,51,39,48,46,47,58,6,0,13,26,15,5,37,18,11,10,9,23,25,29,8,50,33,56,22,24,36,52,62,32
3,32,14,31,22,44,37,62,46,25,12,10,4,51,20,50,38,42,56,35,5,40,53,16,13,2,36,17,21,59,24,57,15,41,33,61,23,63,27,26,43,48,8,30,28,45,7,47,49,60,39,54,11,34,0,1,58,19,29,18,9,55,6,52
63,34,41,11,18,42,62,20,61,37,21,5,6,49,16,39,44,19,51,14,8,23,7,50,46,33,57,59,43,31,36,40,45,17,55,38,2,24,30,53,58,60,10,12,25,54,13,4,29,1,56,9,22,32,48,35,28,15,3,26,47,0,52,27
5,0,55,18,31,14,42,19,15,7,61,8,2,10,49,23,25,11,17,26,45,22,35,37,63,20,29,34,24,58,53,12,36,28,39,60,50,16,6,46,21,3,40,62,1,33,32,30,48,52,54,44,43,57,59,27,47,13,41,51,56,9,38,4
48,44,35,39,63,41,25,53,2,45,8,38,19,31,34,60,43,37,7,24,33,47,32,6,61,46,51,15,52,28,13,36,40,57,30,3,11,0,50,9,29,14,54,10,42,20,56,5,59,27,58,26,4,22,1,55,16,17,62,49,21,12,18,23
42,15,22,28,31,26,47,19,25,18,9,14,56,40,30,17,54,23,6,38,11,5,43,8,36,57,41,49,59,50,48,12,63,21,7,13,32,16,4,51,1,24,37,29,55,3,61,39,46,45,27,58,44,2,34,33,62,20,60,53,10,0,52,35
4,22,57,55,9,30,50,17,27,42,29,52,24,32,44,23,10,33,1,37,56,3,14,18,12,2,49,5,11,41,6,53,60,28,35,13,38,54,62,40,19,34,26,48,21,8,61,0,58,59,45,63,15,47,36,46,16,43,7,39,31,20,25,51
4,41,59,2,33,5,21,40,10,63,6,37,34,61,44,51,36,0,29,47,24,38,39,22,30,54,56,32,48,62,19,43,49,11,20,13,17,53,8,25,35,1,16,27,15,3,26,46,14,60,55,18,31,7,50,12,9,42,52,28,45,58,57,23
16,32,45,48,17,15,56,18,22,5,46,35,30,62,8,52,51,59,55,36,6,44,24,12,39,40,2,57,1,14,33,29,4,31,60,3,42,0,7,10,28,49,37,53,11,43,54,58,61,26,41,9,50,38,13,19,34,21,47,20,25,63,23,27
44,38,7,4,60,18,31,56,47,57,58,45,24,40,53,5,16,28,37,26,17,11,13,54,55,30,25,32,59,14,23,42,1,19,51,22,52,46,6,12,35,20,21,48,3,39,27,63,36,15,43,61,0,34,9,10,49,41,62,2,29,33,8,50
61,19,9,52,30,26,4,45,14,12,48,24,50,51,55,21,56,29,28,37,22,32,58,15,35,23,47,6,46,3,17,0,63,27,18,34,44,41,7,16,60,11,8,49,25,40,31,43,53,38,62,13,5,54,20,57,42,1,2,39,36,33,59,10
11,50,34,2,40,53,27,23,48,19,8,6,60,44,55,58,63,4,62,9,56,45,41,25,61,42,39,10,0,29,59,36,22,51,31,35,15,57,16,12,5,26,33,14,47,18,38,46,13,52,43,37,3,30,21,20,1,24,32,7,17,49,28,54
37,61,26,17,62,59,24,41,29,15,22,60,1,8,38,14,48,18,16,51,3,27,9,30,42,7,6,46,35,34,50,43,20,47,49,33,40,63,11,32,10,12,4,28,36,57,55,19,39,45,58,0,31,54,5,56,23,13,52,21,25,2,53,44
41,55,35,59,12,63,60,2,25,28,46,36,43,50,10,23,13,37,27,53,16,29,44,19,17,33,14,21,0,8,54,3,42,34,32,57,20,1,15,47,6,11,52,40,22,4,9,56,31,48,7,39,24,58,26,61,30,45,5,62,38,49,51,18
3,62,39,53,54,22,58,43,25,46,63,50,47,10,19,32,24,9,11,59,8,7,45,49,17,48,31,34,38,5,12,16,52,42,18,44,0,21,4,29,6,51,28,30,61,2,14,55,56,15,41,1,57,35,23,40,27,20,37,26,36,33,13,60
9,18,37,19,27,34,26,53,17,61,55,11,54,39,3,28,49,57,50,56,32,52,1,63,2,33,47,58,36,15,10,31,5,42,40,16,30,0,45,62,21,51,38,29,4,13,6,25,60,44,59,35,8,24,22,41,14,46,7,12,48,20,43,23
4,15,62,16,28,24,17,32,6,9,59,56,44,46,31,22,45,41,40,36,38,18,63,42,2,51,20,21,55,33,13,30,5,11,10,1,14,48,19,23,8,37,39,54,58,12,27,34,52,57,0,26,61,47,3,43,49,53,7,25,60,29,50,35
49,13,53,50,6,46,39,32,7,26,57,44,55,36,56,58,3,52,38,23,41,12,21,37,51,42,5,47,28,24,8,19,17,20,33,1,14,35,63,59,54,43,30,2,31,11,27,22,9,10,48,62,61,40,29,0,60,4,15,45,25,34,16,18
29,40,1,6,61,11,7,57,25,15,12,8,18,46,14,10,41,56,17,63,23,16,28,24,38,39,58,44,48,54,51,60,13,26,21,62,59,35,43,30,19,53,52,27,47,2,31,42,49,36,0,34,50,55,5,20,45,22,32,4,3,9,33,37
4,12,38,58,44,26,2,45,1,59,37,13,35,39,54,20,33,5,48,62,17,30,63,52,24,21,10,18,8,50,60,14,36,40,46,31,34,61,28,47,9,25,11,55,43,41,29,57,56,22,32,0,53,49,23,15,7,6,27,42,51,19,16,3
49,47,51,32,21,15,19,58,37,59,7,55,2,29,17,10,13,41,26,34,1,18,43,50,38,42,22,52,60,48,20,54,61,53,5,33,25,8,45,24,40,46,57,6,28,31,11,0,14,23,39,16,35,30,36,9,63,4,56,12,3,27,62,44
0,16,11,36,29,60,12,34,32,44,38,48,52,50,26,9,1,53,40,23,27,59,4,33,22,42,49,57,14,8,37,41,30,61,35,58,54,55,51,7,47,43,25,5,24,3,2,19,20,18,21,17,10,15,46,62,28,13,45,56,39,63,6,31
57,10,1,63,58,49,14,38,12,7,46,61,19,0,23,24,27,11,9,54,53,15,36,51,4,33,43,18,39,32,8,44,35,22,17,31,45,55,20,2,52,26,62,40,60,16,34,37,3,25,28,41,5,56,50,59,47,6,30,21,29,42,13,48
4,33,36,19,46,34,63,21,41,39,5,42,0,57,61,45,59,32,6,17,31,16,23,14,35,25,49,7,18,29,13,26,22,2,11,55,48,8,10,9,54,12,24,51,27,44,20,15,37,52,56,47,1,38,53,3,50,62,28,30,60,40,43,58
19,46,43,32,49,6,47,25,9,26,7,22,33,23,42,51,20,39,34,4,27,24,63,41,40,37,52,45,5,50,15,3,0,12,35,61,2,54,38,10,31,53,48,17,44,30,36,58,59,13,18,8,28,21,11,29,14,55,57,1,60,16,62,56
32,16,34,48,61,22,36,0,49,20,23,19,60,27,14,38,56,11,1,4,28,24,52,45,54,50,37,44,33,9,8,3,58,42,13,18,17,46,26,25,62,30,6,5,40,10,7,15,35,41,57,63,55,2,39,43,51,29,31,59,53,47,21,12
58,30,62,1,24,32,31,14,52,7,40,3,21,10,5,38,46,4,25,29,43,20,6,56,61,23,35,15,12,17,44,49,19,53,59,60,48,2,54,26,11,33,16,0,8,50,37,57,22,45,13,34,51,41,28,9,27,55,36,63,42,18,39,47
41,61,49,32,19,25,46,30,15,6,54,59,36,27,13,26,47,58,55,42,17,39,53,23,14,48,45,34,60,51,7,16,57,1,33,37,2,28,9,31,24,20,44,21,50,38,10,35,5,29,3,18,4,22,11,0,52,63,62,56,12,8,43,40
38,31,7,5,42,15,57,61,6,28,2,32,55,52,9,43,49,27,34,24,4,8,12,19,25,56,20,17,54,62,40,58,10,63,0,3,51,21,14,22,50,53,48,33,41,44,30,23,46,45,11,16,36,18,1,39,35,59,37,47,29,60,26,13
11,15,60,27,33,9,0,8,34,30,29,37,2,26,10,19,28,43,49,41,16,23,14,22,13,57,5,7,61,12,53,3,20,36,42,17,44,45,58,50,31,32,62,1,40,63,47,46,48,6,35,21,25,59,56,55,4,38,54,52,39,24,18,51
20,46,5,47,15,3,63,56,57,4,43,13,6,54,34,41,50,22,37,62,33,60,28,1,31,45,61,16,53,17,2,12,58,9,11,38,14,35,48,29,59,0,18,25,36,24,10,39,55,42,23,52,7,21,44,30,49,27,8,26,40,32,19,51
19,29,27,49,38,44,15,16,23,1,62,31,30,59,33,41,13,48,32,45,17,54,36,20,35,6,61,58,10,60,56,2,43,37,50,42,40,8,28,18,7,11,46,14,0,5,39,47,51,52,53,34,4,63,55,26,22,24,25,9,12,57,21,3
17,39,7,35,57,34,59,54,56,2,60,53,52,13,40,61,41,48,63,19,9,1,14,16,18,47,4,6,33,37,45,11,38,21,15,27,31,29,42,3,58,62,22,36,55,51,49,30,25,0,12,8,44,10,50,46,32,20,5,23,26,43,28,24
49,33,4,1,20,22,16,37,6,0,23,51,9,48,63,52,36,7,35,54,47,43,50,13,28,55,59,34,40,15,5,8,14,62,32,46,31,3,61,24,19,57,12,58,42,44,39,29,18,25,60,41,53,10,21,17,38,45,11,26,56,2,30,27
11,5,52,34,16,35,22,27,42,24,26,50,45,40,10,62,17,38,13,46,51,63,41,56,53,1,61,48,37,0,31,2,8,47,25,28,20,32,58,15,33,21,29,23,14,36,18,44,6,3,9,4,39,54,30,55,7,57,59,60,49,12,43,19
36,2,44,24,5,52,14,22,43,57,62,4,10,40,12,58,45,17,6,61,53,19,49,33,18,26,39,1,30,55,37,3,7,9,20,34,56,51,47,11,27,13,8,38,41,54,60,31,29,21,16,28,46,42,50,59,23,15,35,63,0,32,25,48
42,21,45,10,49,26,19,4,29,37,14,3,59,53,16,57,13,20,23,46,38,55,32,31,58,60,22,52,17,0,48,9,7,1,43,56,6,18,24,8,27,15,63,33,62,47,28,50,2,41,35,25,51,39,61,30,36,54,12,5,34,40,11,44
1,14,23,58,42,30,51,56,52,63,4,32,6,20,33,26,44,13,35,15,50,9,0,39,17,12,25,55,41,36,34,46,62,49,40,45,8,10,16,24,27,7,59,21,19,28,29,53,3,2,54,5,47,31,43,11,38,22,18,57,37,61,48,60
50,28,46,7,4,43,12,62,22,53,47,8,49,42,14,33,60,27,24,55,58,48,41,10,15,1,3,13,61,63,23,39,16,45,38,52,19,6,26,44,56,9,17,29,32,20,31,54,59,0,30,40,37,5,51,11,25,57,2,34,21,35,18,36
50,43,56,63,18,9,17,26,28,14,15,42,32,35,3,38,25,58,11,46,29,33,34,8,48,40,19,4,10,0,2,36,24,20,59,52,53,7,23,57,1,6,21,13,60,31,49,47,41,30,62,55,37,51,44,5,61,16,54,27,45,12,22,39
45,7,16,22,10,46,2,11,44,55,23,52,20,31,36,4,18,21,34,9,12,26,41,28,24,53,49,30,57,3,47,58,17,6,0,60,56,54,51,32,35,8,61,38,43,33,37,42,50,59,27,1,19,62,40,29,63,25,13,14,5,48,39,15
13,52,29,37,2,28,54,17,1,0,22,31,42,11,7,25,16,44,27,38,21,63,36,24,15,60,19,50,49,3,23,5,53,41,43,59,20,61,39,33,51,35,4,56,46,48,47,32,18,30,9,55,12,45,26,6,34,62,8,40,14,10,58,57
18,11,45,48,61,33,27,57,36,54,46,28,49,6,10,26,59,56,23,4,7,20,30,42,22,37,53,47,25,62,15,55,3,52,32,17,14,9,34,13,43,29,58,31,39,44,12,5,24,41,38,35,50,40,2,60,51,19,8,1,0,63,21,16
14,38,12,39,55,24,33,2,16,58,6,25,52,34,5,49,26,23,51,29,31,42,62,47,53,0,60,54,15,17,9,27,45,32,57,48,3,56,21,61,46,40,36,59,20,13,18,50,41,37,63,22,7,11,19,8,30,44,1,28,35,43,10,4
55,60,19,56,50,41,53,47,9,14,58,5,20,32,39,12,57,30,4,29,63,59,35,27,16,44,10,8,11,24,51,34,17,36,18,61,31,49,0,28,25,33,15,7,46,6,52,45,26,2,40,43,13,21,1,48,3,42,37,54,38,62,22,23
12,10,2,47,7,45,61,44,50,52,23,59,24,28,11,38,6,36,13,35,31,34,19,0,18,3,25,32,37,26,9,42,17,53,15,43,49,62,63,21,22,20,4,51,46,54,27,55,48,39,57,41,56,1,33,14,58,5,40,8,30,60,29,16
23,0,8,5,39,11,34,19,14,7,41,36,21,29,37,16,48,28,50,40,57,44,61,35,10,38,17,32,22,27,58,53,52,6,33,25,31,42,1,43,62,63,55,60,26,20,4,47,54,45,51,13,30,15,18,2,9,49,24,56,46,12,3,59
52,59,10,24,41,47,62,50,44,33,48,53,40,60,12,42,20,35,0,9,19,5,1,2,55,3,11,31,22,13,23,14,7,21,43,32,54,36,26,4,56,57,30,18,8,28,29,37,25,58,38,6,39,45,17,15,46,51,63,34,27,61,16,49
58,23,62,44,10,18,31,55,38,19,1,56,28,59,47,35,11,49,51,7,34,48,16,15,57,53,63,41,32,8,33,39,36,60,20,29,3,4,26,6,25,42,43,22,24,61,9,50,17,21,37,14,46,12,45,5,2,0,27,13,52,30,54,40
27,15,54,50,39,9,35,61,18,28,16,49,26,41,52,19,1,29,51,40,56,20,0,34,36,22,44,43,33,59,8,30,55,6,2,48,38,3,57,46,14,12,25,23,11,21,31,42,63,24,60,62,45,5,10,58,32,47,17,37,53,13,7,4
22,39,1,54,12,51,0,31,26,17,4,15,46,2,11,59,41,50,34,19,61,56,43,32,25,28,38,23,57,36,21,60,45,55,35,3,63,8,49,6,13,29,27,7,24,20,48,62,5,18,52,16,42,44,14,58,40,30,53,9,37,47,10,33
23,32,61,54,21,50,17,22,0,18,19,37,25,44,9,57,12,41,13,35,10,4,3,55,52,45,15,29,36,59,6,28,16,34,38,40,60,42,56,48,51,39,14,62,27,53,26,46,1,49,33,8,7,2,43,20,5,63,30,11,31,47,58,24
9,45,58,25,23,1,49,20,43,36,32,30,12,44,7,33,57,55,53,41,18,38,50,56,13,37,0,14,60,42,35,52,24,19,54,2,5,8,40,59,39,16,21,62,3,15,10,48,29,11,17,34,51,26,61,22,6,4,27,31,28,46,63,47
19,46,61,32,62,39,38,34,35,63,12,10,36,50,49,21,2,48,53,33,44,7,29,4,23,16,45,58,47,52,13,54,6,28,3,25,55,42,41,17,9,56,14,43,30,37,20,22,59,5,31,0,26,40,51,15,57,8,60,27,24,18,1,11
6,41,43,3,47,37,63,19,58,24,21,20,9,46,14,33,0,49,15,50,8,53,28,16,55,27,35,18,60,7,31,13,17,29,23,57,48,52,1,39,61,62,12,44,59,4,5,42,45,32,36,56,2,22,51,10,54,38,40,26,11,30,34,25
50,49,25,6,10,3,41,56,34,5,23,22,42,44,48,30,36,1,33,62,24,45,46,61,60,26,19,40,17,21,55,63,15,35,13,51,4,28,7,27,54,2,38,8,0,20,11,12,59,31,39,57,18,43,37,52,32,14,16,29,53,47,9,58
0,6,28,46,53,60,38,29,26,27,52,15,63,4,55,57,9,59,36,31,35,43,20,14,24,49,39,8,42,30,18,11,58,51,3,62,23,40,17,56,50,47,41,10,33,12,61,7,37,19,16,13,45,1,34,5,21,32,22,54,44,2,25,48
5,35,47,42,30,12,59,6,19,53,34,37,18,48,11,63,32,24,25,33,3,54,23,0,7,20,4,40,21,14,41,9,60,55,31,62,49,16,52,1,22,39,15,46,17,27,28,50,44,57,8,2,58,56,38,45,13,26,51,36,61,29,43,10
41,38,34,8,7,59,2,23,11,28,40,25,6,39,51,48,4,22,32,18,60,17,58,43,1,36,14,13,52,55,26,0,46,50,53,19,47,57,63,12,42,21,24,5,20,31,9,29,62,56,16,10,33,49,35,44,27,15,30,54,37,61,3,45
8,6,31,9,54,40,36,14,22,50,49,37,56,16,17,23,62,19,12,10,46,63,20,33,18,60,39,44,5,29,26,57,47,24,27,59,34,48,35,21,15,45,53,58,38,4,13,28,11,3,42,51,41,43,1,2,0,52,55,61,30,25,7,32
41,32,42,36,31,46,1,24,35,7,33,9,48,11,5,18,12,28,55,20,25,43,30,17,60,45,22,34,39,52,8,38,63,37,56,54,61,44,53,0,19,26,3,62,59,13,51,57,47,21,16,27,49,40,4,10,6,15,50,2,14,58,29,23
39,31,16,30,4,45,49,58,34,62,14,36,51,28,53,50,32,41,25,33,52,13,17,48,61,5,38,63,44,22,12,54,3,37,10,24,6,11,15,59,21,23,35,19,46,8,0,47,2,27,40,26,55,42,60,18,20,56,1,9,43,7,57,29
8,10,63,4,2,7,26,5,61,60,30,17,33,11,43,55,16,41,34,19,15,21,39,48,58,62,36,12,25,47,37,59,1,9,57,54,22,13,56,40,14,20,42,18,28,0,53,23,24,45,46,49,35,29,27,52,44,3,32,6,50,31,38,51
21,13,41,9,31,48,60,10,24,61,30,38,12,46,53,11,51,63,37,32,19,0,47,40,56,44,59,52,62,29,18,55,39,26,58,22,14,49,43,7,25,50,54,2,5,20,6,17,35,16,36,23,57,4,42,33,15,1,3,34,45,27,28,8
37,24,3,28,41,31,6,1,56,19,54,60,34,58,51,36,42,4,33,39,48,11,53,62,20,5,13,26,30,55,40,63,38,35,14,25,52,29,27,17,18,21,47,12,23,45,32,2,22,49,8,44,7,59,46,57,50,61,15,43,0,9,10,16
17,16,4,11,51,29,13,27,14,58,57,28,44,8,25,47,53,42,49,48,23,21,2,5,33,10,12,59,45,24,63,36,43,30,38,3,50,60,26,32,22,39,46,0,55,34,15,31,9,6,54,19,40,20,7,62,18,61,35,1,41,56,37,52
14,25,54,27,11,30,15,9,13,59,5,31,2,0,47,4,26,35,55,42,57,58,23,61,10,32,1,24,22,37,41,39,63,49,20,56,43,53,8,36,40,28,19,6,17,52,60,51,29,50,46,7,18,3,16,12,38,62,44,45,21,48,34,33
16,11,1,4,28,32,54,46,38,7,59,48,52,45,47,30,56,62,23,26,43,39,36,3,22,41,50,8,40,6,5,42,61,35,37,20,14,51,34,55,18,19,31,10,60,58,9,17,12,25,27,29,53,2,15,33,21,44,13,0,49,24,63,57
4,2,28,41,44,3,48,5,25,51,16,21,30,32,36,0,55,37,39,24,6,15,22,8,29,46,27,43,59,23,9,63,17,53,11,35,40,62,26,47,38,1,12,60,49,54,33,13,42,20,50,7,31,58,34,18,61,10,56,45,52,57,19,14
0,55,28,58,24,62,50,25,37,35,48,46,63,8,40,29,61,19,16,54,3,45,53,20,32,56,18,51,22,4,13,2,11,31,47,41,33,6,52,44,27,34,49,12,5,30,17,21,14,57,39,9,59,15,42,23,26,36,10,7,43,1,38,60
14,58,48,18,39,51,52,0,1,28,16,40,22,26,35,15,12,37,17,4,44,2,6,55,38,33,32,49,47,50,61,54,59,46,56,5,20,43,36,9,60,27,11,42,31,62,13,25,57,23,24,21,7,3,8,29,34,19,63,53,10,45,30,41
57,2,51,39,45,31,4,15,0,53,19,22,11,36,9,29,58,61,18,26,43,49,33,12,25,32,16,50,55,62,54,59,42,3,13,46,24,38,17,27,52,37,30,8,23,20,10,34,56,40,21,5,28,7,1,44,41,6,48,14,47,60,63,35
17,21,5,50,22,45,37,30,6,8,14,33,43,25,23,16,10,11,39,59,54,9,49,48,29,52,26,12,61,53,36,55,57,38,46,32,27,58,41,44,24,1,18,3,56,0,42,31,34,60,4,15,2,51,63,40,47,28,7,35,20,13,62,19
0,57,46,29,43,35,19,3,48,50,9,26,2,42,20,27,32,31,16,15,22,25,6,13,12,11,44,49,51,59,45,10,53,60,63,33,17,56,8,54,58,24,38,52,61,30,23,4,39,36,47,41,18,1,21,40,37,5,7,14,28,34,55,62
39,44,10,28,53,19,29,42,25,33,41,40,60,54,63,57,45,0,4,2,48,13,35,55,1,21,51,38,6,22,32,59,20,8,56,34,36,27,62,50,9,3,49,47,7,16,12,11,18,15,52,37,30,17,43,5,26,14,31,23,58,24,46,61
31,29,22,1,49,15,0,5,36,39,62,63,16,38,34,58,24,30,41,11,52,26,21,12,8,23,2,47,54,10,56,17,48,44,20,40,28,45,25,61,3,4,43,59,53,7,57,18,35,42,19,37,32,27,33,6,55,14,9,46,50,13,51,60
59,5,42,61,46,36,63,34,44,38,51,58,11,8,39,0,32,40,47,3,27,43,22,55,31,37,4,9,12,26,24,62,10,48,1,49,7,21,14,60,54,53,20,29,57,15,33,52,13,41,2,28,50,19,35,17,25,23,6,56,45,16,30,18
37,7,46,6,52,44,58,63,38,24,17,43,36,22,13,53,16,48,56,59,57,15,42,61,12,47,9,1,54,30,19,25,31,3,8,29,50,18,11,60,2,35,4,34,10,45,27,20,41,55,51,40,23,33,62,49,0,32,14,5,26,39,21,28
17,35,14,41,3,52,28,48,46,7,51,12,18,49,30,24,20,23,0,63,42,33,58,32,60,36,61,56,44,38,21,19,53,55,8,29,2,4,40,54,5,57,43,9,1,37,27,47,22,62,59,50,15,45,34,31,11,16,39,13,25,6,26,10
52,25,28,17,45,56,51,0,58,42,20,27,57,6,23,26,32,46,16,4,61,2,55,30,9,36,41,31,21,40,10,13,11,29,5,34,35,49,19,48,7,54,15,18,3,47,24,50,12,53,38,59,44,14,63,60,1,37,22,39,33,8,43,62
2,16,56,49,39,14,43,45,46,61,50,12,51,20,44,54,33,18,34,40,47,8,52,7,53,57,1,21,23,19,11,37,42,58,48,38,63,13,25,22,41,15,36,27,60,55,26,62,17,32,35,0,28,5,24,4,31,6,59,29,10,30,9,3
29,45,40,18,26,38,56,58,0,50,32,30,13,55,59,27,46,22,5,31,20,53,43,17,6,2,1,63,57,36,12,51,9,25,23,19,8,11,7,10,4,28,52,16,48,42,33,49,54,62,41,21,47,60,37,3,39,14,61,34,15,24,35,44
45,60,44,42,22,31,30,41,56,47,52,3,49,62,9,14,13,20,21,15,12,40,29,58,38,25,4,39,57,19,46,63,37,24,1,34,59,16,50,27,55,11,43,0,48,51,26,23,17,61,36,10,53,18,5,32,28,8,54,33,6,2,35,7
10,39,35,45,51,22,0,41,53,11,5,42,34,63,24,6,28,56,29,59,9,57,19,44,33,13,32,62,23,48,25,54,40,26,52,2,8,60,18,15,46,4,49,43,30,58,55,50,17,61,38,3,12,31,7,36,27,14,47,21,1,16,20,37
44,6,32,31,38,21,40,50,36,26,37,62,35,1,4,0,51,60,48,24,52,25,10,27,49,7,29,56,53,39,55,16,43,8,34,46,28,19,41,9,23,57,13,61,15,63,20,2,33,17,45,3,54,18,58,22,47,11,42,59,5,14,30,12
33,56,36,24,11,51,49,12,14,53,52,38,0,41,27,29,8,34,25,45,19,55,40,7,37,58,47,63,60,26,48,9,62,59,23,18,32,21,10,20,50,28,5,35,3,54,44,42,1,17,2,13,4,61,22,15,31,30,16,46,43,6,57,39
6,63,22,52,4,58,0,46,48,2,54,10,9,35,62,49,17,50,51,61,28,24,14,33,7,42,55,38,29,60,15,34,1,41,30,47,53,8,19,18,21,45,59,27,44,3,26,57,56,13,20,36,5,40,43,37,39,31,23,32,11,12,25,16
23,20,52,50,36,62,60,2,9,12,39,51,25,21,3,47,4,28,29,14,26,17,46,33,0,55,11,30,56,44,34,22,49,8,19,6,54,16,53,27,59,7,10,37,18,5,45,42,15,31,61,41,48,35,13,40,43,58,57,24,32,1,38,63
46,5,39,34,51,53,3,19,9,4,0,27,44,41,47,57,20,32,62,24,37,50,8,13,49,56,38,1,31,16,10,22,25,21,63,15,6,52,43,12,42,48,59,7,28,18,60,35,29,54,33,17,40,61,26,30,11,36,55,23,14,2,58,45
60,35,29,48,19,47,46,10,11,17,28,52,25,8,56,38,39,15,2,62,24,37,4,59,34,18,43,22,14,36,27,5,45,55,61,30,54,31,42,21,57,23,44,33,1,40,58,32,6,16,12,20,41,51,50,49,7,63,13,9,26,0,3,53
48,3,44,2,49,47,21,58,45,34,41,54,22,27,9,25,40,46,18,4,15,23,51,31,60,8,61,35,6,63,29,38,12,33,26,1,57,36,17,10,16,24,5,19,53,11,55,7,13,20,0,50,39,52,30,56,62,14,42,32,37,28,59,43
13,11,22,29,43,58,23,3,61,44,28,30,2,38,55,36,42,15,40,16,20,34,56,14,32,62,6,50,9,48,52,35,45,47,54,41,10,8,51,12,24,33,17,31,59,46,19,63,37,49,26,57,27,39,21,53,18,4,60,1,0,7,5,25
39,47,46,7,4,61,15,43,33,63,50,21,6,9,44,13,2,3,26,1,20,25,22,59,17,31,37,62,58,18,57,23,12,40,54,34,35,52,19,29,42,5,36,0,49,30,55,45,27,32,56,41,10,51,8,14,38,24,53,28,11,16,48,60
39,57,42,58,19,21,44,2,27,34,33,45,55,60,52,61,28,24,5,3,43,18,26,1,29,50,62,53,13,6,4,54,59,12,16,23,9,31,32,0,36,11,49,30,14,51,15,38,17,48,20,40,37,41,7,8,10,63,22,46,47,35,25,56
1,46,0,21,22,29,35,43,24,40,33,38,10,23,42,13,53,54,60,44,26,62,19,37,2,18,58,50,20,15,14,11,41,55,5,25,59,34,32,49,47,28,3,12,45,39,56,30,36,48,63,61,57,27,17,52,31,7,9,51,16,4,8,6
58,3,17,25,0,46,43,19,34,13,38,15,57,11,47,39,35,12,55,50,32,33,61,51,8,37,29,31,30,26,23,28,49,7,20,22,62,4,6,48,10,24,21,42,40,36,1,53,63,45,41,56,2,52,44,60,27,9,59,54,5,18,16,14
20,14,21,52,37,61,9,58,23,45,60,63,27,5,29,2,7,25,31,50,34,28,15,11,59,43,49,24,30,48,17,35,62,42,16,36,10,44,55,47,12,1,19,51,6,53,33,39,32,57,13,3,46,18,26,56,22,38,0,41,54,40,4,8
40,38,25,45,16,51,23,62,26,58,28,24,9,60,61,56,5,20,63,49,39,10,4,48,6,34,27,37,36,21,2,13,46,42,11,29,50,31,54,57,41,8,32,19,0,14,22,33,30,53,52,3,43,55,59,44,35,1,15,7,47,12,17,18
25,11,3,5,7,36,51,17,2,24,56,20,31,53,59,34,39,27,46,32,40,23,41,28,52,19,30,14,13,26,12,42,62,18,29,63,61,1,38,44,43,10,9,60,48,21,55,54,37,35,33,47,4,58,8,45,0,49,22,57,16,15,50,6
9,0,13,36,53,23,4,17,32,1,2,62,22,57,48,11,21,55,61,30,46,10,49,29,39,47,52,45,56,33,20,58,16,59,51,35,15,34,37,38,60,31,6,54,50,40,28,26,42,63,41,14,7,24,5,12,3,18,27,44,43,8,25,19
18,29,59,51,5,4,48,36,16,27,1,9,24,54,40,62,22,23,46,38,17,43,30,2,20,14,19,28,3,12,63,15,8,10,55,11,25,57,0,39,53,13,52,7,47,26,6,42,60,33,31,41,21,56,61,45,32,50,58,49,34,37,35,44
22,62,11,47,9,23,53,38,14,39,3,29,0,52,58,25,32,54,46,49,18,13,37,61,59,16,63,28,34,45,57,21,7,5,30,12,41,19,50,60,36,44,42,10,8,55,31,1,35,27,15,51,4,56,20,40,24,48,33,2,26,17,6,43
8,38,56,53,49,59,5,0,28,43,27,9,45,7,63,50,25,48,15,62,36,54,55,61,39,47,26,34,33,3,52,10,60,19,41,29,16,23,32,30,6,12,2,31,13,24,42,21,46,17,20,58,44,22,37,40,35,4,51,57,1,11,18,14
17,59,52,21,55,46,20,31,41,34,53,13,32,3,9,16,37,15,4,60,62,24,28,40,58,27,12,39,23,45,22,1,43,8,11,2,26,30,25,35,49,36,18,0,50,48,57,61,54,42,6,38,47,33,19,56,10,5,29,14,44,51,7,63
15,43,52,28,6,63,38,16,5,40,56,32,33,44,1,34,53,18,12,10,55,22,54,39,8,36,4,7,48,57,23,21,26,20,62,42,59,27,51,29,13,19,9,0,35,11,58,61,45,47,37,60,25,31,50,30,46,24,41,49,17,3,2,14
37,58,60,17,16,19,2,55,45,5,46,7,34,63,41,51,32,8,39,40,4,24,47,33,22,54,59,43,50,35,61,12,11,62,9,6,36,13,52,21,10,56,57,26,48,1,28,42,38,29,31,30,3,49,53,23,25,27,20,0,18,15,14,44
46,24,18,41,58,54,44,56,43,38,10,1,42,40,52,33,25,4,8,6,21,57,23,50,32,14,17,59,15,60,47,19,39,2,9,37,29,55,7,27,61,26,12,11,5,49,16,63,36,31,22,30,62,45,13,51,0,35,53,34,48,20,3,28
54,41,20,58,19,16,5,12,36,49,27,1,14,40,51,59,42,3,32,48,8,39,17,56,10,6,63,34,57,37,2,33,35,21,29,13,30,60,55,62,24,4,61,45,38,50,46,18,28,0,7,22,26,47,25,52,11,53,44,15,43,31,9,23
6,19,43,23,22,10,47,21,50,61,38,49,42,63,40,5,58,16,33,35,28,44,57,51,11,31,34,0,27,30,39,56,2,25,32,48,52,8,3,7,26,13,20,60,29,59,54,46,17,45,37,18,36,55,4,15,12,14,62,9,41,1,53,24
40,56,54,0,49,3,6,63,46,5,24,21,20,47,7,43,59,9,42,48,16,23,26,28,19,27,61,58,39,35,2,1,15,32,50,36,25,12,22,52,33,17,13,57,37,41,4,14,45,29,53,60,30,55,11,38,44,8,34,10,31,62,18,51
29,18,55,23,58,35,31,6,33,63,49,19,4,24,38,53,9,62,44,34,41,40,54,39,50,25,21,60,32,43,27,8,22,12,45,13,61,59,2,7,16,47,36,5,28,51,20,0,1,52,57,15,37,26,17,46,30,3,10,11,48,14,42,56
49,52,11,40,60,7,63,44,10,5,41,24,38,32,39,14,19,13,35,55,16,0,42,48,51,15,1,28,53,59,31,43,4,23,54,12,2,3,50,33,46,34,62,8,25,22,27,30,37,29,21,6,26,9,20,57,61,58,18,36,45,47,17,56
57,10,51,23,17,42,35,26,33,3,5,6,11,15,31,49,45,21,43,61,4,16,59,32,53,55,38,25,12,8,48,41,24,62,63,27,29,1,18,2,56,54,50,44,46,13,19,34,36,40,14,47,39,52,22,37,28,58,0,60,7,9,30,20
24,34,22,14,5,58,20,17,30,61,49,45,19,51,6,28,62,63,13,0,1,16,47,46,18,27,39,7,29,21,11,44,12,8,57,36,60,9,43,50,42,48,56,15,23,25,26,33,4,53,40,41,37,32,10,54,55,59,52,38,3,31,2,35
16,53,28,62,7,57,8,14,6,45,50,55,13,59,3,11,63,24,9,54,32,43,10,49,22,60,36,31,20,23,48,25,21,17,12,42,35,30,33,2,51,37,47,26,34,5,56,19,58,18,4,41,61,44,1,27,38,52,39,40,15,0,29,46
59,12,18,0,34,21,22,55,2,23,29,44,26,30,35,43,24,45,47,6,14,27,33,57,62,52,7,56,13,5,40,39,38,11,61,9,20,49,60,8,32,58,31,36,37,15,53,10,46,51,28,17,1,41,42,25,19,16,4,50,48,63,3,54
32,35,46,0,25,45,60,1,62,19,23,43,49,16,38,27,42,34,30,9,48,17,15,14,53,61,54,63,28,33,22,3,51,7,41,11,12,5,6,55,36,13,50,10,21,2,4,56,18,31,26,37,24,44,52,8,57,59,58,40,29,20,47,39
57,55,46,62,10,45,28,11,14,26,31,37,32,48,42,60,35,18,30,5,23,8,40,51,22,12,58,2,7,61,43,54,27,19,3,25,56,36,15,4,9,34,44,24,33,20,21,13,47,29,16,6,50,39,17,59,53,52,49,0,41,1,38,63
43,20,6,48,21,33,52,54,5,18,19,49,39,60,28,53,0,36,55,7,17,9,47,56,51,37,61,63,12,24,45,50,57,4,46,11,27,58,2,32,13,30,31,8,23,3,59,26,14,25,15,41,10,38,40,42,16,22,34,1,29,35,62,44
62,52,27,9,1,56,51,18,13,57,5,60,23,39,17,38,58,30,47,4,45,7,6,49,31,21,0,2,26,28,50,36,14,16,53,22,59,29,8,42,43,20,3,32,10,61,41,25,55,34,19,44,15,12,35,48,11,37,24,33,63,54,46,40
11,31,34,63,12,6,21,58,44,7,24,25,1,39,26,47,32,38,49,0,8,16,18,30,10,60,17,20,15,3,48,9,22,37,46,4,35,45,56,51,33,29,28,55,13,36,42,59,40,2,43,61,52,27,19,41,23,50,62,53,54,5,14,57
55,7,2,8,51,53,45,5,39,20,60,29,32,44,40,50,61,30,10,14,23,43,56,35,16,63,26,3,21,37,33,22,34,19,52,13,27,54,6,38,58,47,17,28,48,41,15,4,9,62,25,49,46,18,11,12,59,42,1,36,31,0,57,24
57,50,43,31,40,46,56,49,60,39,62,47,61,23,11,55,18,63,15,27,41,32,7,37,20,44,0,35,53,42,17,5,38,6,58,45,26,36,10,19,51,24,4,21,2,34,48,1,9,25,52,3,14,22,13,8,29,12,30,33,16,59,54,28
43,38,14,42,55,1,31,62,53,40,45,33,16,8,12,56,5,29,35,13,41,47,15,58,52,49,48,21,46,22,20,2,6,24,19,26,28,17,0,18,37,59,4,11,63,25,54,60,57,30,61,23,51,7,36,10,34,44,32,9,39,50,3,27
30,52,57,16,29,17,46,43,37,9,35,59,42,51,25,28,12,18,55,27,60,33,34,1,45,3,47,10,20,5,61,40,0,15,39,54,26,62,13,36,19,2,22,24,48,6,41,58,23,63,49,53,8,44,31,56,38,14,21,50,4,7,32,11
50,61,46,27,9,33,30,17,37,62,63,36,24,26,40,56,14,19,34,39,59,45,7,51,18,31,1,28,2,55,54,16,57,3,58,48,49,47,38,41,44,15,25,0,4,11,21,52,10,32,42,6,13,12,53,23,60,5,20,22,43,8,35,29
35,39,61,3,6,63,43,55,7,24,41,45,20,12,8,53,14,2,38,50,0,48,37,44,57,18,13,4,28,16,23,51,62,46,33,26,11,21,5,59,22,31,52,32,19,1,30,17,56,42,49,27,15,58,25,34,9,54,36,40,47,60,29,10
0,44,47,7,63,9,29,10,48,40,37,6,11,2,23,35,27,19,14,60,52,25,56,53,30,16,28,36,42,62,12,4,26,51,49,46,31,58,3,59,61,13,15,50,20,39,17,8,22,41,1,54,5,34,24,45,57,55,21,43,18,38,33,32
36,63,8,18,20,3,47,62,50,5,45,57,59,60,52,23,10,27,12,42,14,46,58,19,33,25,56,16,28,53,7,31,54,32,38,24,49,41,55,35,4,1,61,37,0,26,6,44,22,9,21,15,29,30,40,39,11,43,13,2,34,51,17,48
63,33,54,60,28,10,36,21,26,14,24,3,8,2,52,55,1,49,29,40,30,48,5,50,43,4,39,41,35,15,20,53,44,13,59,61,62,31,37,22,56,9,34,0,7,17,6,58,51,16,12,46,47,25,18,45,11,27,32,57,38,42,19,23
3,26,19,12,38,59,8,32,47,49,34,41,0,61,58,28,48,14,54,10,17,55,15,16,18,44,23,37,46,33,40,31,11,13,56,36,50,57,39,25,7,35,4,29,53,20,22,27,62,9,2,51,43,5,1,6,24,63,21,45,42,30,52,60
25,35,8,47,24,40,22,9,34,62,63,16,39,0,17,18,60,54,57,3,4,46,31,26,53,15,21,30,59,49,48,19,50,43,13,2,58,27,38,29,42,45,52,61,5,41,32,23,14,10,20,28,51,56,11,55,36,7,44,6,37,1,33,12
61,28,9,59,32,22,43,14,51,46,24,39,2,7,16,41,6,12,19,3,15,1,62,13,27,31,23,21,29,56,10,0,57,35,47,44,45,26,34,53,30,60,5,55,49,25,36,54,33,48,4,52,63,58,17,18,42,40,38,11,50,8,37,20
33,2,29,31,42,50,6,56,20,9,40,39,25,27,21,4,41,44,57,59,15,45,43,58,62,26,36,7,51,0,61,28,60,48,34,13,46,10,22,37,47,8,49,38,11,54,23,1,63,12,53,19,3,30,16,5,35,32,14,55,24,17,18,52
40,28,62,58,0,33,49,56,43,23,61,52,4,22,35,50,9,20,12,57,51,5,44,41,16,46,30,13,29,11,6,36,55,53,39,7,1,54,19,8,3,27,18,63,37,15,42,34,10,31,48,24,21,59,25,14,17,60,45,47,38,26,2,32
20,28,56,52,5,35,31,9,21,6,50,15,17,2,32,43,7,22,51,46,41,53,4,34,61,0,37,62,26,25,14,47,40,45,10,55,29,63,39,23,1,12,11,8,13,19,18,59,24,48,16,58,60,3,30,36,49,33,42,57,38,27,54,44
28,15,42,14,54,44,2,20,53,60,47,36,13,56,63,62,18,49,24,5,39,30,61,34,52,0,29,8,11,17,7,50,12,43,19,9,21,27,58,22,3,10,59,37,6,26,40,35,45,57,25,48,51,23,31,41,46,1,4,55,33,32,16,38
14,3,39,16,32,43,36,47,61,62,33,12,42,24,38,2,23,4,10,31,35,48,27,60,17,21,44,20,41,51,19,30,6,40,56,59,53,28,9,26,63,7,57,0,49,29,1,50,34,54,18,13,8,25,5,58,52,37,46,45,11,22,55,15
34,17,48,23,30,47,39,42,49,11,53,35,44,9,51,25,8,61,58,29,16,19,26,15,0,20,38,45,52,14,7,27,21,33,18,2,46,28,6,12,10,56,4,36,55,1,60,40,50,22,37,41,59,3,43,63,32,31,62,5,57,54,24,13
52,42,53,30,18,46,17,35,14,5,33,54,23,32,26,57,59,28,4,56,8,45,49,63,3,34,48,6,10,16,43,13,25,38,22,7,62,55,2,58,37,31,47,44,39,60,24,9,50,0,29,61,41,12,1,20,19,15,27,40,11,36,51,21
42,43,29,32,38,58,48,57,12,24,56,3,22,54,7,14,30,18,47,63,16,31,45,4,60,6,19,40,20,53,0,26,59,41,44,33,37,27,34,28,15,25,2,35,8,46,17,52,62,50,1,13,55,11,36,23,39,10,61,5,9,49,21,51
57,16,43,38,33,61,20,60,36,19,51,40,44,39,14,31,17,15,34,56,6,11,4,22,27,53,52,42,41,3,9,63,45,8,28,50,59,54,58,24,32,62,35,26,49,29,18,23,47,48,1,7,0,2,37,46,55,25,13,12,30,21,10,5
14,20,48,31,58,55,29,34,3,6,25,11,22,40,51,44,18,39,49,30,2,37,12,36,5,38,54,57,46,63,8,9,59,4,13,1,52,16,53,27,50,17,26,43,35,33,45,62,41,21,23,56,28,32,24,10,42,7,60,0,61,15,19,47
30,49,9,18,39,23,44,62,55,35,60,10,40,34,33,50,0,46,13,15,19,3,20,53,1,63,42,17,21,8,58,22,52,31,54,6,28,43,11,25,27,57,24,2,29,47,45,56,48,7,38,12,5,16,51,32,36,4,41,26,59,61,37,14
18,28,37,45,40,59,44,50,6,42,24,12,13,10,9,49,48,35,51,63,33,58,55,19,0,1,25,32,4,15,3,22,54,2,36,39,43,29,30,8,62,46,60,53,47,5,26,7,27,21,20,31,56,11,16,14,23,34,38,57,41,52,61,17
32,53,9,44,12,17,2,22,48,34,25,59,57,21,1,30,42,10,20,19,4,51,5,3,52,36,50,62,28,56,0,45,29,47,23,8,11,40,46,26,43,33,15,7,16,38,55,63,54,41,27,39,49,35,37,31,61,6,58,18,24,60,14,13
32,61,56,45,59,2,36,8,30,9,24,55,20,21,42,10,37,17,7,5,47,23,12,16,44,22,41,15,46,25,58,60,49,11,52,57,54,53,26,13,0,50,34,33,14,39,48,6,18,35,3,27,28,40,1,43,51,4,31,62,38,19,29,63
3,21,36,12,62,0,54,23,13,31,6,46,15,38,8,43,29,5,53,16,35,22,2,17,33,34,51,44,26,4,45,39,24,47,52,1,40,11,9,57,42,59,48,27,14,63,25,37,60,56,7,10,20,55,28,61,19,41,18,50,32,30,49,58
23,2,29,48,15,59,50,9,14,1,55,7,19,45,27,40,11,20,61,24,34,43,63,18,13,6,0,3,25,60,12,54,53,51,5,10,35,36,37,58,42,31,16,32,4,21,30,39,56,47,28,46,26,62,41,49,33,22,38,8,57,17,52,44
36,46,50,55,4,53,32,45,40,43,14,24,16,57,13,19,60,26,51,28,11,59,15,30,20,29,63,3,39,0,54,18,5,42,23,62,7,37,38,12,25,35,21,8,9,6,44,48,47,52,22,61,1,58,31,34,41,49,33,10,56,2,27,17
32,42,54,10,62,55,60,35,48,40,28,39,14,29,4,13,33,19,59,56,25,27,17,2,44,34,41,61,38,0,50,23,51,8,37,58,43,15,30,24,63,11,5,57,1,20,16,18,26,6,47,45,31,7,9,12,3,53,52,49,36,46,22,21
51,32,17,30,47,28,4,35,49,54,18,63,59,56,2,29,15,34,50,38,16,41,6,42,39,1,0,58,36,53,8,40,5,52,14,27,61,19,24,3,46,48,60,62,12,20,43,45,31,23,21,26,55,22,57,11,9,37,25,44,33,13,10,7
6,16,4,62,8,15,56,7,61,54,50,19,53,5,11,14,31,21,2,41,49,42,28,38,12,44,1,57,59,36,37,20,58,60,25,48,40,51,55,45,27,23,24,32,63,10,22,9,33,52,39,13,18,47,3,0,34,46,26,29,30,43,35,17
53,17,45,51,8,42,56,38,21,30,29,54,11,58,50,34,1,0,16,9,41,3,36,22,61,62,13,57,49,2,40,25,20,60,46,47,35,15,12,26,18,52,28,44,4,24,27,7,14,19,43,39,32,37,63,10,23,6,33,5,31,59,55,48
23,36,12,22,2,4,44,3,0,7,48,38,34,25,59,6,56,11,41,49,28,20,42,1,24,37,62,9,17,31,52,63,46,47,45,21,51,5,10,29,8,16,30,35,26,50,27,60,43,39,32,18,58,13,33,61,14,53,40,57,55,54,15,19
59,37,33,17,45,9,46,54,32,56,7,16,31,42,60,24,38,25,52,49,3,15,19,51,4,39,5,12,26,48,43,21,53,20,22,44,6,30,27,55,40,34,0,28,8,50,36,2,62,10,61,41,63,11,14,13,57,29,1,35,47,23,58,18
59,19,12,6,15,1,11,42,25,35,8,46,2,7,30,9,49,23,17,24,52,18,56,55,58,41,54,5,29,14,31,44,51,38,40,36,63,21,34,0,62,33,50,4,61,26,20,10,3,27,53,32,43,60,16,22,47,57,45,28,37,39,48,13
41,62,12,26,32,24,7,40,15,57,34,29,37,61,6,51,25,39,31,13,23,19,8,20,59,21,35,46,10,18,30,55,5,14,53,56,17,63,45,2,47,52,16,42,9,38,58,49,27,50,60,36,43,1,11,22,48,3,54,33,0,28,44,4
42,29,14,28,34,19,23,36,20,40,47,56,54,5,33,51,1,39,8,9,41,15,0,7,63,60,50,44,2,49,27,4,32,25,57,21,6,12,24,53,35,46,10,18,43,26,55,11,3,16,37,59,52,30,38,22,45,48,61,31,58,17,62,13
3,33,16,47,14,56,43,40,45,59,0,39,52,61,18,38,36,17,58,42,5,31,62,4,13,48,30,46,19,8,15,54,26,53,50,10,12,41,37,29,6,60,63,22,9,2,21,55,57,1,44,51,32,7,28,20,11,24,49,23,34,25,27,35
16,54,46,24,26,12,55,23,17,44,61,3,29,41,42,8,39,59,18,50,51,7,58,14,43,2,9,21,38,28,30,53,22,11,34,5,49,10,27,4,25,20,62,60,1,63,32,6,48,37,45,33,52,35,0,56,47,15,31,40,13,36,19,57
12,61,11,35,33,42,29,52,63,19,57,3,18,28,47,59,17,43,16,32,60,45,62,10,37,23,36,53,50,54,13,20,6,2,15,38,7,46,34,24,0,30,4,41,27,5,22,8,21,58,56,31,14,40,9,49,48,51,39,26,1,44,25,55
6,2,0,10,13,27,3,25,60,22,42,8,62,44,23,9,19,20,21,5,59,63,50,7,14,33,29,32,52,28,17,56,38,24,49,46,18,1,39,43,53,55,47,16,48,37,30,40,11,4,58,45,51,61,15,36,54,57,35,12,41,34,31,26
29,31,44,20,23,5,55,46,42,12,18,25,43,7,8,0,19,54,32,22,26,35,56,4,39,52,14,17,47,53,30,13,45,60,51,41,15,28,33,11,37,49,61,36,38,40,24,62,34,3,57,9,27,21,50,6,58,48,2,1,16,63,59,10
0,4,55,10,58,49,43,28,13,38,14,2,6,51,59,8,5,31,42,25,20,32,50,22,60,9,30,19,37,27,17,33,62,41,34,48,26,7,40,23,16,39,57,61,52,3,15,53,54,45,44,46,36,12,1,24,11,63,21,18,47,35,56,29
45,60,37,33,32,4,41,48,46,22,39,2,62,15,17,53,49,40,42,13,56,10,20,16,30,27,14,23,55,19,51,21,38,34,58,47,12,26,25,35,43,1,6,31,0,44,59,36,63,9,29,54,24,8,28,3,7,5,18,57,11,52,61,50
53,42,20,19,52,29,18,57,9,54,48,16,55,26,37,8,0,23,31,33,15,58,51,32,46,43,40,39,63,36,6,5,49,45,38,60,24,1,27,47,17,30,35,4,41,3,21,2,28,22,56,50,11,59,44,34,25,62,7,10,61,12,14,13
36,49,10,22,2,14,3,38,53,5,31,28,4,8,40,23,59,34,55,33,17,19,37,46,63,21,57,50,1,26,44,24,61,15,16,9,29,7,45,32,56,13,6,43,42,27,58,18,0,25,48,12,30,62,54,52,51,39,60,35,11,47,20,41
28,20,49,36,23,17,35,8,41,4,30,61,5,19,45,43,40,54,12,39,34,26,31,0,62,53,38,7,27,25,6,14,59,48,24,37,29,55,60,51,46,15,44,21,56,3,47,10,1,33,58,57,2,22,50,13,9,32,63,16,52,11,18,42
27,8,35,28,33,23,47,4,14,3,38,61,48,20,22,59,13,62,25,11,46,39,24,55,12,45,50,29,42,60,16,49,63,19,34,36,15,58,37,21,2,26,57,0,56,53,52,1,31,51,5,54,41,6,40,44,30,18,7,10,43,9,17,32
51,23,29,52,46,15,49,53,58,1,34,30,31,11,37,42,18,43,63,16,22,38,8,56,32,57,19,17,39,5,47,24,60,10,9,13,40,6,0,41,44,26,2,20,12,54,48,45,59,62,3,55,14,21,7,4,50,61,25,28,27,33,35,36
19,58,48,1,17,47,61,56,62,26,42,14,9,57,52,41,0,13,29,60,6,37,59,7,20,40,24,33,43,63,30,27,44,54,34,5,55,4,11,8,21,2,15,50,45,25,49,31,12,32,10,22,46,23,53,38,39,36,16,3,35,28,51,18
58,26,32,23,56,15,55,12,38,36,11,7,40,51,61,49,28,44,43,16,13,6,21,33,19,30,27,3,8,60,39,34,47,17,18,45,25,62,57,24,53,4,14,42,1,10,31,37,41,20,54,63,9,50,0,5,29,22,48,2,59,52,46,35
40,53,47,0,63,10,34,24,62,13,60,6,29,18,21,54,17,43,14,3,38,7,55,36,9,12,15,33,5,58,19,37,35,59,20,27,46,39,25,11,49,48,2,8,23,32,22,57,45,44,16,56,41,52,30,26,4,42,51,31,28,1,61,50
54,23,46,40,8,24,38,43,6,0,42,15,60,7,30,26,34,49,53,59,20,41,10,27,16,55,50,18,29,37,45,14,32,21,13,3,19,22,56,51,17,5,52,28,61,33,39,9,58,1,31,62,35,4,25,2,57,11,63,44,48,36,12,47
49,14,35,7,12,8,51,57,6,37,18,13,29,4,54,45,48,40,31,10,60,34,58,27,61,20,47,42,44,59,5,53,24,62,2,39,36,19,23,32,9,56,63,17,28,11,46,25,15,22,33,21,43,30,38,41,0,1,55,16,50,3,52,26
1,30,25,28,16,12,19,42,34,31,36,48,0,46,56,63,45,58,5,40,21,57,8,43,44,49,33,23,52,59,11,18,37,60,14,55,3,26,9,10,50,54,61,15,38,2,4,53,27,62,20,29,51,39,7,17,22,41,6,47,24,13,32,35
35,46,55,60,63,20,6,13,57,44,61,14,34,51,8,47,22,16,24,39,32,1,37,43,21,33,10,40,7,12,59,62,23,5,28,50,45,36,19,49,4,17,27,31,52,38,30,0,26,48,18,3,54,53,2,41,56,15,9,29,58,11,25,42
41,50,33,26,43,18,60,55,44,28,9,3,61,52,27,36,16,4,31,13,48,35,29,56,49,42,57,22,40,53,58,46,63,25,32,34,5,14,45,20,7,24,54,1,38,15,47,11,37,21,6,23,8,59,39,2,0,12,19,17,51,30,62,10
15,25,14,31,8,60,9,19,59,42,45,55,62,5,44,23,4,63,0,1,53,21,61,30,35,2,49,41,40,38,16,57,20,24,11,17,43,36,22,13,58,10,3,52,7,48,32,34,39,6,51,54,46,33,37,12,28,27,18,26,56,50,47,29
52,38,11,10,63,18,48,26,43,54,42,15,14,58,56,13,30,49,61,3,0,29,6,23,1,50,7,21,25,31,20,28,32,60,9,37,33,40,17,27,34,19,41,47,39,45,57,8,36,35,22,55,2,62,12,44,5,46,16,53,4,24,59,51
13,1,57,56,41,19,23,59,7,37,49,35,18,54,47,16,28,10,36,5,55,24,63,52,51,53,45,31,11,15,20,14,3,32,6,48,44,38,12,42,40,2,29,21,30,43,62,4,17,39,34,0,25,26,27,9,50,46,61,22,33,8,60,58
13,37,41,58,5,49,18,12,40,11,16,21,14,61,17,15,31,59,23,60,24,38,28,19,62,22,47,56,35,7,9,32,34,0,55,50,2,30,57,8,39,43,52,42,1,29,25,27,10,6,48,20,46,45,4,3,44,36,33,26,53,51,54,63
48,13,9,43,33,10,54,45,50,19,22,51,31,17,23,49,34,57,0,7,24,44,55,8,60,1,11,47,62,39,21,3,25,18,16,4,27,56,12,40,59,5,26,41,2,29,46,20,6,36,61,30,38,14,37,15,28,42,35,32,52,53,63,58
25,56,37,55,32,44,24,20,13,6,5,60,61,33,43,38,8,53,18,54,36,39,22,12,57,41,23,45,9,63,47,0,62,4,11,40,1,3,26,48,10,2,19,7,29,46,42,49,28,58,27,52,59,50,31,17,16,35,21,30,14,34,51,15
33,12,9,16,53,44,18,43,32,37,45,3,46,5,29,56,54,62,13,14,51,27,11,40,31,52,17,15,6,22,61,59,60,42,2,57,0,36,8,35,30,23,58,48,26,49,20,47,21,55,34,10,63,1,50,7,38,19,4,25,39,41,28,24
35,3,21,28,38,10,34,55,44,45,30,31,16,0,36,8,24,29,15,60,56,19,7,14,41,46,42,54,11,40,63,52,43,18,9,33,49,6,58,50,17,48,1,51,5,20,12,57,37,22,2,32,25,26,59,13,27,62,53,39,47,61,4,23
56,6,59,9,22,25,17,51,16,23,5,36,61,7,24,12,18,42,47,45,32,54,50,39,27,14,0,48,28,53,63,21,15,62,26,10,35,13,3,40,11,2,60,20,4,41,31,19,38,33,30,1,44,52,55,34,8,49,57,58,29,43,46,37
6,26,5,29,53,60,45,13,28,3,58,62,17,35,7,15,48,4,39,44,51,38,21,57,0,25,42,46,36,63,43,18,34,11,10,31,27,2,23,22,50,24,54,56,61,19,55,14,59,32,47,16,12,41,9,40,52,30,20,8,33,49,1,37
25,13,48,44,24,10,50,38,32,8,14,41,2,45,36,21,28,33,63,40,22,29,0,11,57,34,17,46,37,16,51,61,7,59,39,30,53,6,1,3,26,20,55,47,49,19,58,62,18,43,56,35,54,42,9,52,12,60,27,15,4,31,5,23
12,31,9,38,53,50,57,56,41,35,6,0,26,20,36,1,16,43,48,14,49,7,25,61,40,62,18,29,2,27,28,54,13,59,39,33,47,19,3,46,60,10,32,51,17,15,34,52,4,58,23,21,30,45,63,5,24,44,11,55,8,22,42,37
52,36,54,1,12,37,62,3,11,31,35,48,29,39,5,4,55,24,44,32,23,30,22,41,45,15,20,43,19,8,42,40,61,6,0,16,58,46,28,17,38,27,57,25,26,47,59,51,21,53,18,7,9,60,10,14,49,2,56,33,50,63,13,34
31,15,12,37,20,22,58,34,33,44,9,56,19,35,59,13,0,23,14,2,1,53,46,4,7,38,52,36,43,49,60,26,57,8,6,11,16,54,27,51,42,3,28,30,17,62,5,48,24,50,39,55,63,25,47,32,61,29,18,10,45,21,40,41
50,4,36,1,47,5,2,48,54,21,59,46,26,22,9,28,27,42,58,13,16,49,61,45,12,60,63,3,23,20,29,57,14,30,51,56,11,43,39,34,31,55,38,6,41,40,44,15,35,33,10,24,53,52,32,7,37,19,0,18,25,17,62,8
29,15,18,39,60,23,9,36,41,10,48,34,11,28,37,30,25,55,52,26,21,40,31,16,2,7,42,1,0,51,33,3,49,59,56,61,46,27,20,53,45,62,24,50,13,43,58,63,54,22,47,4,38,17,44,14,6,35,12,57,5,8,19,32
9,57,58,16,1,4,8,7,41,31,36,25,23,52,62,46,28,48,35,5,11,38,21,17,19,26,43,42,34,22,55,39,45,53,51,33,60,29,63,20,27,24,18,50,40,37,30,13,59,0,15,14,56,3,61,47,49,6,10,2,44,12,54,32
45,10,47,35,37,62,12,54,20,46,13,1,32,6,48,11,19,63,57,2,43,26,60,55,33,40,27,56,22,8,3,25,0,50,34,49,52,15,14,28,24,9,23,39,7,61,42,29,36,21,30,41,38,51,17,53,16,58,31,59,44,4,18,5
35,50,21,57,17,11,24,16,1,34,37,32,48,47,60,59,44,62,7,40,5,43,27,45,53,33,25,18,13,49,19,46,52,63,2,51,4,39,29,23,6,0,9,8,42,36,15,28,3,22,14,54,10,30,38,20,41,31,12,58,56,61,26,55
26,43,57,41,40,51,34,36,15,45,25,63,18,19,6,53,60,54,3,8,20,9,49,50,61,4,37,35,12,52,16,58,55,2,33,44,27,5,23,24,22,62,59,29,46,32,28,56,42,48,38,14,13,47,30,39,21,10,1,11,7,17,0,31
27,33,41,20,53,49,55,24,36,14,48,23,2,11,62,21,6,25,35,63,42,58,47,52,9,13,8,28,59,46,44,31,18,38,15,61,45,10,57,26,4,7,3,17,19,0,30,37,39,16,29,1,34,50,40,56,22,5,32,43,12,60,54,51
35,52,48,4,55,38,6,36,40,20,25,24,62,57,32,18,49,9,29,5,47,8,63,11,7,43,45,56,14,19,26,23,34,42,21,46,33,53,17,2,60,50,58,13,3,10,12,30,28,16,37,0,59,54,1,41,39,22,31,61,27,44,15,51
26,10,25,28,63,56,61,32,24,6,54,41,18,55,47,22,21,46,50,14,12,51,9,15,44,49,31,1,23,2,48,37,34,35,45,38,8,58,30,0,19,11,29,42,53,20,60,62,39,43,16,33,36,59,5,40,17,52,4,3,27,7,57,13
7,49,10,2,26,8,5,34,33,24,37,19,4,48,59,9,0,56,20,55,61,47,14,50,11,16,51,6,18,30,42,52,54,36,44,38,12,17,23,45,46,57,22,31,21,27,39,62,58,35,29,28,3,53,32,40,1,25,60,43,13,41,15,63
23,25,21,52,3,1,62,19,54,6,15,18,2,8,58,38,48,36,53,44,56,29,5,32,22,61,43,0,51,39,60,28,55,35,57,20,46,49,45,42,17,59,16,63,47,26,30,34,50,12,7,41,9,37,24,10,13,33,14,31,40,11,4,27
31,21,40,4,36,12,0,60,42,22,48,11,14,9,26,3,23,17,61,8,50,58,29,63,49,41,5,10,57,13,34,20,56,38,32,59,27,6,19,30,1,39,44,47,37,43,7,52,51,45,54,35,16,18,33,28,24,62,25,53,55,46,15,2
48,46,43,30,35,22,6,41,8,26,13,21,38,55,50,36,20,17,10,53,34,32,49,31,23,54,16,0,1,58,39,12,42,11,2,44,63,7,4,27,24,62,14,56,25,57,61,15,40,3,19,47,29,52,51,5,37,60,45,28,18,33,9,59
63,45,48,0,61,44,35,25,47,8,60,5,31,23,20,33,50,17,51,37,10,14,62,56,28,53,3,13,42,2,27,46,38,26,58,34,9,55,19,21,12,6,54,43,29,7,16,49,1,15,32,24,22,18,57,41,40,11,59,39,36,4,30,52
51,46,52,32,14,53,17,39,18,56,11,44,26,35,58,50,5,61,3,4,0,31,55,40,10,29,42,13,9,12,54,6,60,28,43,25,27,38,23,41,22,37,2,1,24,19,48,7,33,15,63,30,36,21,45,49,59,8,62,47,20,57,16,34
20,51,34,57,14,39,36,13,61,1,0,5,42,49,17,26,54,23,12,50,21,29,47,22,41,40,19,32,11,44,59,18,52,9,60,31,15,35,7,16,37,30,8,6,55,33,4,45,38,58,28,24,46,62,53,10,48,43,63,25,3,27,56,2
58,47,25,14,10,42,1,21,63,2,55,0,27,3,13,26,30,39,29,44,7,12,52,41,56,43,8,9,15,34,40,48,46,20,6,4,60,61,45,57,24,31,19,59,49,32,38,37,11,33,54,50,28,53,18,17,16,51,5,23,35,22,62,36
54,44,49,34,0,30,15,5,39,12,17,1,28,33,8,63,32,29,47,14,10,31,26,38,50,57,62,23,53,61,25,2,52,20,40,45,55,58,22,35,11,3,18,51,24,36,59,4,16,43,7,48,41,6,21,19,46,13,9,42,27,37,60,56
13,43,25,63,34,48,23,45,10,3,16,20,60,17,35,32,52,49,50,24,18,15,40,26,6,9,58,2,53,29,0,1,57,36,46,54,38,21,4,14,27,61,22,7,51,30,41,56,44,33,62,28,8,47,59,12,55,5,42,11,39,37,19,31
4,31,15,50,56,35,58,39,5,49,17,47,3,29,18,41,27,53,6,9,21,60,10,30,46,8,16,25,38,42,37,14,12,40,20,2,24,57,33,19,23,11,45,48,43,51,59,36,32,26,62,7,0,63,28,54,52,44,61,22,34,13,55,1
21,58,18,33,1,34,5,15,55,54,29,56,57,50,14,30,17,31,2,7,41,0,47,25,10,23,44,6,60,46,24,11,3,61,20,27,62,28,37,39,53,51,40,38,12,36,43,4,45,59,22,8,16,13,35,49,42,48,32,63,19,52,9,26
27,31,40,32,47,45,19,20,13,26,16,7,9,4,57,22,5,38,24,6,28,3,37,2,53,50,15,14,46,63,35,12,18,49,30,56,39,55,43,52,1,0,60,62,25,59,11,48,21,33,29,41,8,54,23,34,42,44,58,36,10,51,17,61
25,36,2,19,4,44,34,59,26,5,45,60,50,48,62,11,61,17,42,15,57,35,29,38,46,43,32,13,18,63,28,27,39,3,10,24,53,20,49,7,21,47,41,40,55,8,58,52,0,37,22,31,56,16,30,33,9,1,23,51,54,6,12,14
54,47,38,32,22,7,56,49,14,61,44,12,48,60,59,37,43,20,0,52,57,29,33,1,36,3,28,39,42,19,27,15,17,5,58,53,6,50,46,51,16,26,31,9,2,23,10,25,35,63,34,24,13,62,30,45,4,8,21,55,11,40,41,18
6,33,17,35,39,4,42,12,31,51,54,50,14,49,32,28,9,13,25,41,46,30,23,10,24,43,58,7,37,57,5,44,40,1,52,61,18,22,26,27,2,38,59,53,8,19,63,47,15,16,29,56,20,11,60,0,62,3,34,21,55,48,45,36
51,23,16,8,59,33,15,24,61,14,26,32,43,44,29,38,60,5,53,40,36,49,31,25,12,18,48,46,10,11,20,9,34,63,35,55,47,2,39,4,62,58,27,13,41,56,45,57,28,6,17,21,19,30,37,0,1,50,52,22,42,7,54,3
21,24,56,26,25,52,38,53,11,43,58,8,42,62,37,15,17,13,59,54,32,23,60,2,14,19,22,0,48,49,33,1,46,27,4,41,57,9,63,28,30,12,36,50,6,16,47,34,20,61,35,3,31,10,39,5,55,7,29,51,18,44,45,40
48,8,30,11,60,62,54,1,26,16,53,31,21,9,22,12,0,34,17,32,59,42,39,10,61,40,24,15,3,36,49,6,50,5,13,27,35,56,63,47,33,28,57,51,38,43,7,58,55,29,19,45,20,25,46,2,4,37,52,44,18,23,41,14
60,54,21,17,49,24,18,53,25,28,63,16,22,46,48,12,41,4,2,59,19,51,43,52,44,8,13,6,36,50,10,37,40,34,33,62,45,39,7,32,47,57,5,27,26,23,1,15,56,38,29,31,35,0,42,20,61,14,9,11,3,30,55,58
15,38,32,45,63,10,13,37,46,52,36,53,31,33,11,6,39,58,20,14,47,1,7,29,55,26,42,12,43,2,9,34,35,54,28,50,56,17,18,27,59,62,16,41,21,4,30,48,40,23,51,60,44,61,25,24,0,49,22,57,3,5,19,8
37,33,0,56,25,50,42,61,29,62,35,32,51,1,17,11,30,4,10,38,43,44,41,52,12,27,20,22,55,63,58,34,54,39,48,21,40,6,45,18,57,24,15,9,19,46,59,28,36,3,2,7,53,31,5,26,14,16,13,23,47,49,60,8
7,24,34,47,2,39,4,44,3,5,52,59,13,32,42,37,14,1,55,58,8,48,45,23,15,43,63,56,33,20,30,61,22,36,27,9,10,28,62,40,41,0,49,6,50,16,12,53,18,38,46,60,19,31,11,29,35,25,26,21,54,51,57,17
1,47,45,31,2,29,14,11,59,36,4,55,63,49,15,18,43,41,58,57,37,39,44,51,33,26,21,34,13,56,20,46,24,28,52,22,9,0,32,7,48,42,5,54,60,12,8,38,19,16,30,23,25,6,40,17,3,53,10,61,50,62,27,35
53,6,12,47,42,32,49,29,34,24,11,58,54,41,5,21,26,39,50,63,23,40,17,0,46,57,3,37,45,22,60,43,55,13,35,36,28,9,20,14,19,51,52,56,15,7,31,10,1,27,30,62,59,8,48,25,61,18,16,33,4,38,44,2
37,44,7,6,14,35,47,60,57,15,46,55,12,52,54,2,11,41,24,23,62,1,26,19,32,18,39,38,31,50,25,20,56,33,5,4,3,16,53,49,34,51,59,28,48,22,36,61,45,21,29,40,17,43,13,30,42,10,8,9,27,0,58,63
51,9,60,0,57,59,28,48,30,55,26,45,1,23,62,6,17,5,35,14,58,33,8,7,31,63,24,36,42,4,18,39,11,27,10,52,20,15,3,25,61,41,44,19,29,37,50,16,46,34,43,13,54,38,32,21,2,53,47,56,49,12,22,40
43,8,4,16,61,59,21,0,44,5,39,17,31,1,12,55,2,6,42,14,52,9,13,15,47,32,56,46,57,62,36,29,48,28,53,34,60,40,37,45,22,41,49,11,10,35,30,58,24,27,63,26,23,3,51,50,33,19,38,25,54,18,7,20
0,28,40,33,22,17,26,62,46,54,34,13,32,6,56,51,31,8,7,30,52,24,4,43,39,53,23,10,11,25,27,57,37,12,50,49,14,58,15,44,29,5,3,16,63,38,36,18,21,42,2,35,1,59,60,55,45,47,61,19,48,9,20,41
45,19,21,23,3,57,53,26,22,29,44,48,1,20,40,52,31,30,34,32,35,42,12,36,50,60,24,62,16,61,13,2,54,9,18,47,10,4,58,8,55,14,15,59,37,11,6,41,5,49,33,51,27,0,7,38,39,17,63,46,25,43,28,56
49,35,43,41,37,13,0,23,22,1,54,60,48,34,21,25,28,56,31,17,11,5,39,19,46,50,6,55,59,15,58,7,62,47,14,12,4,40,36,53,16,61,32,29,9,57,45,2,33,44,26,42,38,51,63,27,20,8,30,3,52,10,18,24
10,63,22,41,60,40,1,12,56,32,9,39,52,16,62,49,59,21,38,54,42,55,36,47,13,33,24,34,51,35,7,14,30,50,20,43,15,53,11,8,17,6,18,25,57,5,58,45,29,0,61,23,28,26,2,19,46,37,4,3,44,27,31,48
57,47,7,53,42,12,34,15,29,60,9,21,20,10,27,62,31,46,5,49,11,1,44,26,19,23,18,38,6,33,0,52,25,48,2,56,17,39,4,59,58,22,41,51,54,37,55,43,45,63,24,14,50,40,28,30,35,61,16,8,3,13,32,36
54,0,53,42,15,4,36,56,2,9,57,32,18,47,31,59,17,29,34,60,35,26,28,23,12,16,27,58,6,7,3,37,22,30,39,25,20,38,13,49,40,46,41,63,43,45,51,52,55,24,1,10,44,50,14,11,61,62,8,21,48,5,33,19
10,15,48,1,38,6,3,29,8,5,40,27,18,57,4,13,41,14,52,7,31,54,55,23,36,0,35,46,37,56,11,44,45,17,22,50,49,30,28,20,58,21,43,19,62,63,59,34,32,39,12,47,33,61,9,16,25,24,53,60,26,42,51,2
15,35,50,24,44,60,11,33,39,23,49,59,61,30,46,32,16,40,1,25,26,52,53,28,2,12,36,41,51,5,48,56,63,17,14,62,10,18,8,29,19,55,4,57,9,54,27,13,34,6,45,58,3,42,38,7,0,43,21,20,31,22,47,37
55,38,11,22,50,49,3,54,46,41,7,1,37,58,31,10,48,8,57,35,60,25,4,18,39,30,33,34,15,12,2,59,47,19,28,14,61,17,45,44,24,26,63,20,16,43,5,53,13,62,0,56,32,21,6,42,51,29,36,27,9,52,23,40
32,63,10,51,17,0,22,20,4,59,11,45,31,2,28,60,3,30,36,40,38,14,26,6,41,35,24,5,23,21,12,44,9,13,15,37,47,25,8,48,54,52,61,58,34,49,62,50,19,57,16,7,53,33,46,56,39,29,1,55,42,18,43,27
8,3,62,5,16,53,4,59,36,32,23,27,54,51,49,63,40,42,47,61,29,44,35,30,1,45,57,34,31,6,28,46,50,55,13,0,10,37,11,38,21,24,7,14,19,52,15,22,39,60,20,43,2,33,17,18,41,12,25,26,58,9,48,56
51,62,41,58,53,28,38,19,11,40,39,60,23,63,18,61,33,3,24,57,12,34,7,56,29,20,22,59,47,45,32,55,4,30,25,0,37,10,13,26,6,48,52,5,14,16,15,9,44,50,1,21,46,27,17,54,35,2,43,8,31,49,36,42
36,57,33,26,31,14,22,46,17,18,8,41,34,50,16,43,6,5,1,38,44,30,45,35,39,54,24,10,12,52,20,62,15,42,7,13,61,4,51,53,47,23,48,19,55,9,3,32,11,2,25,37,27,63,0,58,21,29,60,28,40,59,49,56
1,39,8,19,10,26,62,40,4,51,15,59,52,23,3,57,55,58,31,5,54,32,7,41,48,45,34,11,30,44,33,50,22,56,35,20,16,2,12,17,6,46,13,53,63,25,36,42,24,37,27,18,14,21,47,29,43,28,61,0,38,49,60,9
5,58,1,60,45,20,9,59,22,35,52,27,3,25,23,31,55,41,34,40,19,26,62,32,7,12,44,11,15,13,30,33,21,50,49,53,63,56,37,2,14,17,57,4,6,36,46,39,18,24,51,43,54,28,42,16,0,10,47,38,61,48,8,29
39,49,9,7,55,31,29,11,62,63,12,32,14,25,51,48,61,57,54,15,0,6,42,28,36,21,35,40,59,18,5,13,17,23,38,50,10,44,52,41,37,56,2,26,4,16,1,19,20,34,30,24,33,8,3,45,60,46,22,53,58,43,27,47
26,48,0,53,16,38,32,43,51,58,42,60,19,25,50,47,31,27,18,62,5,41,33,59,45,22,11,13,7,55,28,29,40,46,17,8,61,44,21,24,54,34,39,3,12,30,23,9,57,1,2,4,14,37,10,56,36,52,20,6,49,35,15,63
53,50,37,19,8,30,36,45,27,61,15,60,54,29,2,20,43,7,40,3,35,55,51,6,42,48,16,23,58,33,0,24,52,63,25,5,41,56,57,47,62,22,18,59,39,11,13,49,31,44,12,26,21,17,9,14,4,10,38,34,28,1,46,32
10,46,7,35,19,0,41,3,36,53,2,16,39,17,4,12,38,63,58,48,60,33,11,25,37,51,50,14,15,42,43,9,34,55,32,18,30,6,44,62,21,22,23,27,8,59,28,20,29,31,56,13,52,54,61,49,1,47,24,5,40,45,26,57
29,30,34,23,43,36,21,20,13,9,7,10,55,17,44,4,59,14,57,47,2,52,5,25,15,45,8,62,3,35,42,48,54,49,33,46,53,31,38,1,51,39,63,6,16,60,32,50,28,40,24,27,19,61,18,26,12,58,37,0,22,41,56,11
10,15,14,32,16,24,23,43,6,44,9,45,18,4,25,60,39,26,50,40,19,8,27,56,20,31,38,52,59,53,2,33,7,47,22,1,41,12,58,13,63,35,11,21,42,49,55,29,17,34,28,30,5,0,37,57,46,62,54,61,51,3,36,48
58,16,36,27,33,37,20,17,5,6,10,61,9,34,62,48,60,43,30,51,41,25,39,38,32,47,35,13,3,8,49,42,23,1,2,7,52,26,18,21,14,46,56,24,59,53,28,22,4,63,44,15,0,50,19,54,29,40,11,55,45,12,31,57
41,30,19,18,35,5,33,9,14,10,6,20,2,57,26,29,39,12,47,51,32,1,54,15,49,37,46,43,61,4,16,24,56,3,8,13,31,7,58,45,11,63,53,27,21,0,55,62,44,25,52,38,34,60,23,17,36,22,48,40,42,28,50,59
4,55,1,60,29,52,41,56,49,42,36,7,6,23,44,30,28,35,53,38,51,33,3,8,24,32,57,11,43,31,22,14,0,21,17,50,15,19,34,54,45,2,58,39,16,48,5,37,26,59,46,63,20,18,27,25,61,40,9,62,13,12,47,10
0,32,45,52,10,49,2,46,54,40,30,41,23,28,48,5,8,61,58,57,9,29,34,56,18,37,33,16,17,22,24,13,21,44,36,12,43,6,31,1,50,62,42,20,39,60,63,19,53,35,11,26,59,7,38,4,55,27,51,15,25,14,3,47
9,46,48,13,43,5,16,8,31,55,15,51,32,23,38,53,40,37,18,2,30,52,39,6,47,62,49,54,28,25,11,22,26,45,42,12,60,3,19,34,29,41,58,59,1,35,21,33,44,56,10,36,17,0,61,57,63,14,27,4,7,20,24,50
45,9,49,35,20,12,6,27,29,1,44,18,60,32,47,50,56,37,54,11,28,62,52,25,39,2,3,46,17,41,5,55,42,33,58,48,23,63,31,14,43,24,57,13,19,21,34,38,15,61,53,30,59,40,0,26,16,4,8,51,36,22,7,10
8,21,54,61,7,23,44,38,10,57,60,4,41,59,5,45,48,33,19,11,30,58,43,29,16,14,22,12,49,46,17,15,53,20,55,31,52,34,62,1,47,35,36,32,24,3,13,2,0,25,51,56,40,9,39,27,28,18,63,37,50,6,26,42
22,59,25,9,4,8,7,42,15,36,49,43,44,60,13,30,34,11,5,37,17,6,2,47,31,56,21,18,12,57,39,58,55,29,48,1,28,41,26,32,24,54,14,61,50,51,63,19,16,35,23,53,45,40,62,3,38,10,0,27,46,52,20,33
32,54,5,8,62,15,47,39,18,60,58,19,11,31,6,59,50,56,20,12,22,13,52,17,33,34,42,29,45,7,46,1,10,3,43,55,57,24,27,53,36,16,38,28,9,37,4,61,14,35,0,48,23,2,26,21,49,30,41,40,44,25,51,63
53,6,22,16,29,25,33,55,45,11,15,12,47,8,61,62,31,50,13,57,7,35,41,42,60,10,63,27,30,37,58,2,19,21,17,18,40,26,14,32,28,44,23,9,48,59,24,49,43,36,52,39,54,4,38,46,20,56,34,5,1,3,51,0
58,45,50,59,2,14,18,34,33,61,53,7,5,29,19,32,9,17,25,3,30,21,31,24,11,51,37,26,38,41,13,28,6,35,48,52,0,56,27,8,20,40,47,12,36,54,15,10,46,39,22,42,44,1,55,23,49,63,4,57,60,43,16,62
23,28,52,18,21,32,49,8,57,27,20,47,5,54,37,7,14,51,39,17,45,24,19,26,46,40,58,1,48,50,2,53,0,42,6,15,44,35,22,60,41,56,29,4,3,55,16,13,25,11,9,33,10,30,43,38,63,61,12,62,59,31,34,36
30,63,27,51,15,38,11,10,19,8,29,1,2,42,26,20,28,23,7,49,35,45,18,17,12,57,52,54,25,50,9,61,41,48,39,62,5,43,0,4,21,32,44,37,34,58,36,3,33,56,60,40,6,14,16,46,47,31,59,24,22,13,53,55
9,0,27,33,58,46,7,23,38,24,2,10,53,31,16,5,60,26,57,41,52,30,14,29,47,56,61,54,49,59,8,44,34,28,51,21,43,35,42,37,45,62,36,13,18,1,32,6,25,17,20,40,19,55,22,39,63,4,3,15,48,12,11,50
36,59,46,28,62,7,53,24,2,16,30,6,10,13,25,4,31,26,45,33,40,49,39,44,8,11,60,15,42,21,0,17,55,5,27,58,52,37,56,50,14,43,20,54,63,22,9,41,57,32,3,61,34,18,35,29,38,48,12,1,51,47,19,23
24,44,33,31,52,28,8,61,0,9,46,36,22,13,19,35,5,2,60,14,47,27,37,7,50,4,21,57,34,54,17,26,43,10,18,38,59,42,6,20,45,53,40,25,39,15,41,51,12,55,32,56,29,58,11,63,1,49,48,16,62,30,3,23
28,5,60,49,56,23,12,59,40,61,47,55,39,16,7,0,35,32,9,46,15,3,41,8,19,36,58,6,53,30,43,14,44,20,50,45,1,31,13,48,38,26,21,51,54,37,52,2,11,4,22,18,62,63,24,25,57,27,10,17,34,42,29,33
2,52,60,40,14,62,1,4,46,45,21,0,25,53,56,8,63,43,5,49,50,34,15,47,39,29,41,16,55,9,59,61,26,18,48,38,58,42,36,35,6,17,10,24,27,22,33,32,37,13,51,11,54,12,3,23,28,19,30,31,44,7,20,57
56,49,43,0,4,23,14,29,9,1,34,57,45,7,19,3,22,15,46,54,25,11,44,26,27,60,31,38,47,36,13,20,17,32,5,21,40,52,12,58,8,37,39,28,24,55,10,6,63,53,41,42,51,50,59,62,35,2,16,48,18,30,33,61
41,48,56,7,13,24,16,34,17,42,29,0,18,21,12,59,46,28,44,3,58,38,14,31,52,45,22,63,50,32,54,2,8,33,35,43,30,47,9,60,36,26,51,15,39,4,1,49,61,25,53,6,5,19,40,20,23,27,10,11,62,57,55,37
19,3,27,9,43,18,12,11,48,10,14,39,45,34,24,56,53,35,63,38,62,44,60,61,55,33,17,49,42,4,32,58,57,29,6,26,50,30,28,20,22,59,46,47,23,37,25,0,1,31,36,8,2,16,51,21,41,15,5,40,7,13,54,52
58,49,48,14,17,45,63,47,34,31,24,20,51,16,54,26,32,1,2,37,56,38,0,11,19,35,59,27,52,46,12,62,5,9,41,42,57,23,33,40,30,28,39,43,21,25,15,18,4,50,8,10,44,3,7,60,53,13,61,29,36,6,22,55
49,14,20,15,52,12,38,43,56,37,28,0,21,42,31,23,34,5,53,60,47,18,27,10,9,57,22,61,41,11,6,24,13,26,4,51,48,55,17,25,44,35,29,7,2,1,33,39,30,32,50,8,63,3,40,62,59,45,58,36,54,19,46,16
57,18,20,12,58,52,45,38,36,40,34,23,30,15,21,48,32,46,2,11,13,42,5,47,43,6,63,17,22,26,24,55,3,4,14,27,44,0,9,54,7,25,50,56,16,41,8,60,35,62,31,1,29,39,37,19,51,59,53,61,10,28,33,49
15,40,1,14,17,11,25,36,28,55,20,31,50,2,37,39,34,44,12,51,43,58,47,49,27,53,60,32,6,8,59,5,29,3,41,54,19,16,56,22,62,45,48,0,4,35,7,10,63,30,52,23,46,42,33,57,21,26,18,61,24,9,38,13
42,46,33,7,26,20,28,14,44,52,1,8,54,61,15,17,49,47,16,34,38,22,10,4,50,13,18,36,35,25,63,39,32,40,37,45,21,59,3,57,5,29,43,0,12,56,51,27,2,31,9,24,6,62,58,30,19,53,11,41,48,60,55,23
30,40,20,33,8,0,61,35,36,4,63,21,45,49,47,59,5,26,53,11,55,6,18,7,62,23,34,3,22,44,2,57,17,9,48,58,51,38,39,56,42,31,19,60,50,27,1,12,32,16,28,43,10,25,37,54,46,24,52,29,41,14,15,13
9,29,12,19,1,5,63,4,48,38,37,59,44,34,56,15,32,22,14,2,55,20,25,50,45,3,23,10,17,24,13,62,42,8,16,51,54,11,39,21,36,47,18,30,60,26,31,27,33,43,61,28,6,41,58,57,0,40,52,53,7,35,49,46
16,49,13,27,10,60,12,51,4,58,44,21,15,31,59,35,8,17,57,36,56,7,24,5,26,46,3,40,42,62,43,23,29,52,61,63,48,37,32,9,38,25,53,6,50,28,55,33,54,34,18,47,14,20,11,30,19,1,0,22,2,41,39,45
39,58,51,34,44,28,3,4,26,9,24,29,8,5,50,17,15,59,42,14,57,53,22,54,63,56,49,13,20,37,61,48,30,23,55,38,11,10,25,60,7,62,1,46,40,43,32,19,0,52,47,45,18,2,21,12,31,36,35,27,16,6,41,33
51,56,11,48,41,37,63,0,23,12,40,20,28,60,19,55,39,61,7,24,18,53,58,38,36,30,9,59,10,25,43,1,16,54,6,3,34,26,29,50,4,35,22,31,42,44,13,27,47,15,57,62,49,46,5,14,45,8,17,52,2,32,33,21
59,15,0,3,16,27,8,2,43,60,20,35,47,31,22,9,14,56,49,40,63,57,13,36,6,46,39,25,53,17,37,34,58,24,52,33,42,45,61,28,48,18,62,11,7,54,21,55,10,12,19,29,4,32,44,1,5,38,50,41,51,23,26,30
55,8,34,50,57,18,5,7,20,38,12,3,28,27,32,1,61,59,9,22,21,54,62,41,23,60,37,53,45,44,42,24,35,56,25,47,13,52,29,36,17,4,14,58,15,33,43,19,2,11,30,26,46,39,16,10,6,31,63,48,40,0,51,49
46,11,27,57,24,14,63,2,47,10,18,52,19,22,25,62,33,5,15,34,9,20,13,0,6,26,28,30,40,16,50,32,48,42,31,53,17,12,8,23,39,29,41,51,35,45,43,59,56,36,37,1,3,7,4,58,61,60,54,55,49,44,38,21
35,17,63,23,33,46,42,19,28,45,7,31,36,43,21,52,38,5,47,0,14,26,50,24,29,30,9,1,39,20,44,60,62,10,53,2,57,48,25,40,12,13,8,54,55,37,4,11,16,56,34,3,61,22,27,6,49,51,58,15,18,59,41,32
24,3,25,56,18,55,0,16,43,63,11,58,37,35,48,36,44,26,33,59,14,4,12,8,10,52,53,31,61,42,1,62,19,29,17,5,50,2,30,38,34,60,23,47,41,49,22,21,45,7,32,28,54,27,6,40,39,57,46,13,20,15,9,51
16,6,1,27,14,33,43,11,48,63,31,2,7,59,58,5,37,8,42,32,52,46,49,25,45,60,12,15,4,3,13,50,56,54,34,20,17,9,23,40,44,19,18,0,47,10,26,29,30,53,38,51,61,41,22,55,62,28,39,57,35,36,21,24
57,42,24,5,31,33,27,10,53,36,17,2,52,44,43,1,32,16,20,58,7,18,11,38,59,0,50,8,51,14,3,56,22,13,55,63,28,35,41,6,30,23,21,4,62,39,29,47,48,34,60,26,54,9,19,46,25,61,12,49,15,37,40,45
49,47,1,59,52,20,39,29,61,9,41,53,14,18,22,10,57,28,55,54,6,13,23,19,63,26,48,38,2,44,15,31,11,27,34,60,16,24,8,45,42,36,46,62,3,50,37,35,25,58,56,33,17,5,40,12,30,0,32,43,4,21,51,7
47,24,45,35,61,59,12,32,51,29,3,11,1,18,9,53,39,15,52,21,20,54,28,57,30,55,10,5,2,38,25,22,36,17,56,8,23,41,49,40,16,4,27,19,58,31,63,60,14,46,42,62,37,6,43,26,34,7,44,50,13,48,33,0
59,15,55,27,44,53,40,23,46,43,60,26,34,47,18,21,6,39,29,42,14,1,17,63,54,31,10,25,0,41,62,9,5,13,22,57,36,52,11,24,51,37,32,16,20,58,49,50,48,2,61,56,19,7,38,45,4,33,8,35,3,12,28,30
42,43,60,51,62,50,29,56,36,47,46,14,0,12,16,30,33,23,17,19,13,49,58,48,25,2,21,59,38,37,54,53,40,27,6,31,8,9,3,22,15,1,45,7,24,61,20,28,11,10,63,18,5,35,41,55,57,52,34,32,4,26,39,44
30,33,9,13,45,56,36,48,14,57,27,46,53,38,37,32,3,23,40,52,50,7,55,29,59,58,21,35,18,42,25,11,16,63,12,34,54,4,41,22,61,2,60,44,0,28,15,49,19,6,26,43,51,31,24,47,62,20,1,8,5,10,39,17
28,3,58,27,37,13,39,5,6,32,57,60,63,26,1,25,46,43,2,0,49,54,44,36,55,14,21,16,15,38,4,48,56,52,62,18,29,50,53,35,31,12,30,23,20,41,7,45,61,40,42,19,10,33,11,47,51,34,59,17,22,9,8,24
59,0,3,51,35,32,12,4,10,48,7,29,11,50,38,40,62,45,31,36,37,46,17,24,57,6,23,27,9,53,25,22,55,14,33,18,13,60,52,39,26,42,56,43,44,61,20,34,8,41,15,19,54,49,1,5,21,63,2,28,30,16,58,47
43,21,10,51,5,14,35,17,29,58,55,24,54,3,20,41,8,4,31,59,32,46,44,63,0,50,62,26,60,15,19,27,22,16,12,38,53,7,1,25,57,37,13,47,6,42,28,33,30,56,39,23,36,18,40,49,2,61,48,9,52,34,11,45
16,58,15,8,9,61,35,37,44,10,23,49,62,3,41,51,6,45,30,12,46,14,52,57,59,60,7,47,29,20,42,55,1,27,32,56,38,48,25,21,34,24,0,11,13,28,19,40,5,39,18,36,26,63,50,43,33,17,53,22,54,2,4,31
50,41,42,57,30,54,17,33,63,43,61,14,37,62,20,22,23,49,32,8,15,52,21,5,6,40,11,13,24,58,36,44,26,56,27,39,10,18,25,46,51,9,29,45,60,3,7,53,34,2,0,28,55,31,35,16,4,19,59,38,1,48,47,12
32,4,13,42,30,9,46,6,45,59,25,10,33,44,62,56,63,35,11,51,55,28,37,18,52,57,14,61,19,34,2,41,8,38,36,23,16,12,24,20,48,1,0,50,15,7,17,39,40,27,21,58,60,31,47,26,53,54,29,43,5,49,22,3
46,59,39,16,43,5,2,18,29,28,11,32,17,60,42,0,35,33,62,1,45,51,30,24,52,57,63,13,56,41,34,14,50,26,55,23,40,20,6,7,25,3,44,4,36,61,54,38,49,10,22,48,19,37,58,15,31,12,8,27,9,47,53,21
61,6,25,37,58,57,26,29,19,16,7,13,45,14,21,63,60,43,62,50,17,39,55,23,33,51,8,3,10,9,12,38,24,4,46,22,40,18,49,56,28,30,20,53,48,47,42,32,5,59,31,54,2,15,34,36,44,11,35,41,0,27,52,1
56,53,32,36,54,55,6,18,16,11,7,5,17,31,29,2,51,15,21,3,58,59,8,41,37,28,33,25,60,42,63,52,46,22,57,61,38,4,20,62,34,45,48,19,24,0,12,26,35,27,23,9,50,40,43,13,14,10,49,1,39,44,47,30
44,40,7,33,38,34,62,25,18,56,39,17,9,43,49,23,57,0,54,51,45,60,37,24,29,26,32,42,12,10,47,50,46,3,31,1,36,28,14,55,11,27,41,22,19,61,35,16,21,6,20,13,4,30,58,8,5,63,15,59,52,48,53,2
59,35,28,48,8,38,7,16,41,61,39,30,29,31,51,1,24,10,15,19,54,40,14,9,53,6,22,4,0,42,5,45,58,55,26,3,63,52,2,36,57,44,21,25,13,11,23,20,17,47,46,18,43,49,56,37,34,27,62,60,33,12,32,50
31,24,25,3,35,62,26,54,50,14,13,37,0,15,53,55,21,47,52,42,33,44,48,9,39,49,29,6,23,27,60,46,34,19,28,45,40,36,43,38,12,18,41,56,30,58,17,20,2,57,16,63,22,32,59,61,8,7,10,4,51,1,11,5
41,57,1,61,53,2,23,50,34,26,17,6,48,33,44,63,25,3,54,8,47,7,5,45,22,21,13,32,0,46,38,12,60,40,51,58,56,39,29,52,20,27,15,19,16,35,14,18,59,62,55,31,28,4,49,30,11,42,10,9,36,43,37,24
44,39,50,3,1,45,51,29,0,47,37,32,8,48,21,15,36,10,42,22,38,11,16,31,7,23,58,2,14,5,46,62,4,26,35,33,43,25,9,61,63,18,17,59,34,53,28,49,12,19,20,56,52,54,57,60,30,41,40,13,27,24,6,55
54,21,29,61,35,16,1,5,42,10,56,8,22,57,41,6,24,48,28,15,55,40,17,49,7,23,32,37,12,39,44,53,58,26,25,9,33,50,4,45,18,63,19,36,31,30,52,38,0,11,27,3,13,43,20,51,47,62,2,34,14,60,46,59
23,27,40,3,33,2,45,43,42,28,6,36,9,48,1,61,46,19,11,16,37,57,49,51,34,7,47,52,14,5,13,60,39,38,26,18,4,12,58,53,41,20,30,54,32,8,25,21,56,63,59,10,50,55,17,29,0,22,31,62,24,35,15,44
20,9,48,1,21,35,3,33,27,32,14,29,18,37,26,50,39,11,51,6,24,56,57,61,0,45,13,22,55,16,58,49,7,12,10,44,34,41,43,25,38,40,4,59,47,17,15,60,19,23,28,42,36,46,63,8,52,31,5,53,54,62,2,30
11,3,28,54,29,60,41,31,38,46,52,47,18,39,62,59,19,34,1,55,37,0,14,56,25,48,53,9,2,58,57,6,5,50,20,15,10,63,61,13,23,35,44,22,40,51,24,4,27,26,49,8,45,21,36,42,12,33,32,43,7,30,17,16
60,6,52,21,17,15,4,39,43,27,49,14,51,44,59,11,2,47,56,53,36,29,45,26,20,24,54,63,46,38,22,8,62,5,9,30,32,34,31,18,61,50,57,48,23,58,37,41,13,28,55,16,7,12,0,10,42,33,1,3,40,35,25,19
5,51,58,39,53,45,6,27,46,36,32,47,12,41,59,23,25,15,9,29,35,50,54,38,22,10,30,18,49,33,55,4,62,63,60,16,13,11,24,56,44,8,57,48,28,19,40,26,2,7,20,42,61,1,0,17,37,34,3,43,31,52,14,21
34,60,14,1,54,55,24,9,50,45,16,11,56,28,32,43,31,26,20,21,19,6,46,10,12,52,58,63,48,35,36,0,13,49,57,18,44,4,7,5,33,17,25,30,38,37,3,59,23,22,39,47,41,15,8,2,42,61,40,53,27,51,29,62
51,43,61,42,20,13,48,46,9,12,63,56,53,60,22,19,37,40,47,31,4,8,59,55,41,10,14,29,15,1,49,11,0,35,30,26,28,45,27,50,44,17,57,33,62,54,34,39,38,25,52,18,24,16,7,21,6,36,58,23,5,3,2,32
41,9,53,13,10,20,0,51,15,61,37,17,47,27,38,55,11,32,48,63,52,18,29,54,2,23,19,8,24,12,7,3,5,42,60,57,44,45,16,58,35,36,34,50,40,56,33,14,6,30,59,39,25,62,43,21,46,4,28,26,22,1,31,49
7,28,6,29,14,52,11,15,26,20,9,48,31,45,25,16,58,0,41,2,13,35,46,12,8,53,19,1,4,49,51,47,23,61,22,43,50,39,38,54,21,17,60,42,62,40,3,5,59,27,18,24,36,63,55,57,56,37,34,10,44,30,32,33
61,50,53,41,17,22,11,52,5,0,55,43,46,49,47,30,18,14,45,51,1,38,19,7,6,23,24,48,58,29,62,4,39,35,31,2,15,44,33,12,27,20,10,3,13,42,63,37,40,57,36,60,56,54,25,9,26,8,21,16,28,32,59,34
50,44,48,47,35,31,3,41,10,51,55,11,0,25,7,19,60,20,21,32,5,38,9,4,33,29,46,45,63,22,26,57,2,58,40,61,39,24,42,18,53,34,28,30,62,13,16,52,17,1,27,37,15,8,59,49,56,23,6,36,43,54,12,14
58,54,31,8,59,23,10,5,29,33,3,20,18,47,30,62,12,44,22,26,1,39,34,51,27,60,55,9,61,28,43,46,57,50,63,4,24,49,11,35,52,48,36,32,37,41,38,6,7,0,2,16,17,45,56,21,40,42,25,15,14,53,13,19
6,23,42,58,16,18,49,47,12,3,62,43,4,2,17,55,45,19,54,31,22,38,32,14,52,20,29,26,57,1,21,25,39,24,34,44,10,56,60,59,13,11,15,0,33,28,27,8,50,41,35,48,7,63,40,36,61,5,53,30,37,9,51,46
59,4,16,22,50,48,31,53,41,56,63,14,26,54,29,44,21,37,5,42,58,20,19,9,33,0,27,28,13,43,62,39,45,24,18,10,55,7,2,57,12,25,40,49,34,61,60,38,32,36,17,35,3,52,30,1,8,51,46,15,23,6,47,11
14,0,51,56,5,55,57,35,12,9,7,10,52,28,17,22,13,42,6,53,44,40,34,8,29,45,39,54,58,1,49,46,15,50,11,19,18,59,26,21,37,32,38,61,31,3,41,27,2,24,25,23,60,30,48,4,33,16,47,36,63,62,20,43
63,27,20,45,12,50,29,46,57,52,48,32,5,55,0,35,1,49,9,51,36,38,54,4,44,7,3,34,42,2,16,59,30,60,26,6,25,22,11,13,8,56,53,28,21,24,40,14,33,62,39,61,23,31,18,19,58,15,47,41,37,17,43,10
8,19,38,24,25,13,47,11,12,7,49,62,28,14,37,9,1,32,50,4,57,2,5,48,3,51,40,34,61,27,53,45,20,35,39,17,59,42,21,46,31,36,44,33,41,60,22,6,26,16,10,23,54,52,56,29,63,15,0,18,30,58,43,55
27,62,3,1,26,25,51,6,46,19,45,43,32,10,55,36,61,2,49,35,44,54,58,29,0,7,53,56,23,47,15,18,30,4,42,8,9,63,21,31,40,14,39,41,16,60,48,17,34,11,28,20,5,38,12,57,37,22,59,24,13,50,33,52
12,58,14,10,6,54,42,63,47,60,48,24,26,4,28,19,40,55,62,45,52,13,23,18,51,7,21,59,43,27,17,9,20,16,49,36,3,57,38,25,31,15,34,8,0,46,32,5,61,41,44,2,50,39,53,56,29,11,35,1,30,33,37,22
18,25,1,55,34,22,13,42,7,31,54,8,21,33,26,29,49,6,48,43,59,41,4,47,40,2,56,32,3,63,11,52,60,61,14,20,12,28,37,5,38,53,0,45,24,44,16,17,51,62,9,39,15,19,27,57,10,35,50,58,46,36,30,23
40,18,7,37,23,13,0,33,28,50,32,43,61,22,2,8,55,10,3,60,38,59,41,9,21,56,6,52,44,30,12,39,47,53,34,4,20,42,51,24,62,45,57,11,26,16,46,49,63,31,14,48,29,19,5,25,17,54,35,27,15,1,36,58
41,63,52,28,29,8,51,6,23,39,55,54,38,44,11,13,36,40,35,59,25,20,49,31,50,21,18,34,26,46,24,10,4,48,53,27,57,15,7,56,33,37,32,45,14,2,61,62,60,5,22,1,58,42,30,17,16,43,12,47,0,9,19,3
22,15,56,50,18,60,5,13,24,23,42,35,6,1,47,38,63,10,53,34,48,57,26,30,2,32,16,61,55,31,25,17,62,4,11,19,29,41,43,20,36,54,39,37,8,27,7,51,49,46,9,0,28,40,59,44,21,14,52,33,12,3,58,45
48,4,42,16,12,45,19,60,6,29,59,2,49,61,5,36,14,26,44,47,24,43,52,63,28,40,56,7,13,37,41,1,39,30,21,17,0,15,20,3,51,38,50,11,54,53,34,58,27,18,23,22,9,35,8,33,62,31,55,32,25,57,46,10
4,40,39,26,13,49,27,59,6,43,29,44,57,22,30,19,52,54,33,58,45,35,7,38,25,41,63,5,32,37,16,14,18,21,0,23,46,15,62,50,60,12,3,2,11,47,8,10,53,34,31,51,28,24,1,56,20,61,9,17,55,36,42,48
59,7,60,27,39,1,48,10,28,2,49,0,4,20,54,51,17,12,53,37,42,38,19,58,8,31,22,16,56,43,57,18,55,45,29,50,32,23,26,9,13,47,5,6,40,34,15,11,21,33,41,63,35,30,24,3,46,14,44,62,52,61,36,25
15,34,6,35,53,48,54,28,57,30,9,3,18,10,60,1,61,36,52,17,40,23,12,20,14,4,5,0,58,62,27,7,26,29,39,44,55,22,37,19,16,41,25,24,11,47,21,46,63,45,43,49,56,50,38,8,13,59,32,42,31,51,33,2
4,28,37,62,9,52,48,35,34,30,47,24,31,17,43,50,20,56,0,16,40,36,44,29,15,1,63,11,2,6,33,39,7,25,27,13,55,18,38,49,60,45,61,12,58,8,53,22,41,32,3,5,51,42,21,46,14,54,57,19,23,26,10,59
57,22,26,20,46,8,51,24,18,33,14,2,49,37,41,32,1,6,43,35,58,34,47,15,27,4,54,3,59,56,44,36,16,62,38,28,60,48,31,17,40,19,11,39,30,23,61,52,25,13,5,21,42,0,9,12,7,63,53,45,50,29,10,55
0,61,38,40,24,56,9,26,2,62,50,8,30,27,19,44,29,20,48,58,23,22,51,11,52,54,18,49,13,41,5,7,15,14,43,53,34,35,4,37,25,60,36,59,31,55,57,10,32,28,39,21,17,46,3,1,12,47,45,16,6,42,63,33
51,26,30,42,41,24,3,0,44,12,31,58,4,8,27,20,35,46,29,34,33,40,62,55,45,13,47,28,21,7,1,56,14,52,61,22,17,6,37,50,25,59,5,54,63,15,36,38,19,18,43,39,32,10,53,60,49,9,23,16,11,2,48,57
57,55,11,30,28,20,63,61,6,24,34,38,48,54,8,42,52,15,51,12,25,50,46,37,62,60,32,3,18,41,1,49,35,47,39,14,10,36,43,17,5,45,19,56,7,9,59,33,58,23,26,53,2,21,27,13,16,22,29,31,40,0,4,44
53,29,30,36,33,56,52,11,54,15,17,18,38,32,61,40,41,20,59,14,31,50,42,47,3,57,58,27,62,43,12,6,2,10,16,13,23,39,34,9,21,0,37,5,44,22,1,55,25,26,48,8,19,45,4,51,35,7,60,24,46,28,49,63
31,63,4,2,44,60,7,43,37,53,22,41,51,19,6,35,36,61,24,8,13,29,49,56,3,39,21,17,5,42,32,45,48,11,46,18,57,59,14,47,40,62,50,9,15,30,27,0,28,16,33,1,23,34,20,25,26,58,55,54,12,52,10,38
60,40,49,46,22,54,38,53,34,41,55,24,47,23,13,10,25,21,14,26,4,42,50,2,27,57,8,39,5,62,31,0,30,1,48,6,59,37,28,16,15,58,45,18,29,17,33,61,63,32,36,12,43,9,52,56,3,51,35,20,11,44,7,19
44,40,23,13,58,43,21,26,24,28,60,57,49,42,39,9,14,63,29,52,61,41,12,1,50,37,55,31,45,36,18,19,3,27,11,30,62,22,2,46,4,0,54,59,56,38,5,6,7,33,15,17,20,48,32,53,16,8,51,10,47,34,35,25
18,20,28,40,2,3,36,53,15,46,60,5,37,38,0,13,35,29,27,55,62,43,54,48,21,4,61,42,41,56,10,25,12,59,51,22,47,1,26,58,52,11,6,49,14,9,33,63,24,16,50,7,34,32,44,30,8,57,39,45,31,19,17,23
12,20,34,38,44,16,39,9,2,32,3,47,13,25,52,61,49,43,53,41,11,57,55,29,63,59,0,7,62,37,26,56,54,30,1,4,50,24,36,28,40,17,22,45,42,15,21,35,18,60,23,31,10,5,33,48,14,58,6,27,19,51,46,8
54,0,5,28,31,29,44,39,15,21,1,42,30,34,17,6,56,26,33,35,50,53,2,37,32,62,45,55,18,24,47,40,63,46,23,13,7,38,60,57,22,3,25,27,61,11,52,36,4,41,19,48,43,10,8,14,49,58,20,12,16,51,59,9
48,61,19,59,0,32,11,38,37,31,57,13,47,4,28,27,25,7,44,10,23,3,34,17,53,18,36,14,2,30,9,51,8,22,21,6,54,58,45,29,1,42,20,46,12,5,16,40,41,62,26,56,39,49,52,33,50,43,55,63,60,24,35,15
53,31,50,33,29,39,0,15,24,25,62,20,44,48,51,60,49,6,4,12,19,32,21,2,38,14,57,1,13,61,22,35,42,56,17,8,9,3,58,34,16,46,47,7,10,23,5,30,26,27,40,59,43,36,54,18,37,55,52,45,41,63,11,28
18,36,26,61,8,42,13,46,56,25,47,23,41,28,33,5,35,53,11,20,22,21,6,57,63,43,37,30,34,39,51,15,17,40,48,44,24,49,19,3,60,29,32,12,38,10,2,54,27,0,62,50,4,9,58,7,45,59,16,31,14,52,55,1
12,55,37,27,28,61,17,31,58,1,56,40,9,20,52,62,43,57,24,35,33,23,48,53,3,45,22,54,10,51,41,11,4,39,47,38,21,59,14,19,8,15,18,25,50,34,16,5,44,49,13,29,32,6,26,2,42,36,46,0,63,30,7,60
16,61,35,32,50,31,26,37,4,11,30,39,47,58,52,27,15,51,29,28,56,12,43,22,54,24,40,59,21,49,36,42,6,25,38,7,44,14,3,63,46,62,20,60,41,55,9,48,0,45,1,18,8,33,53,13,17,10,34,57,2,5,23,19
34,61,56,27,18,63,30,46,11,8,17,58,13,36,4,33,26,44,57,50,0,41,60,19,15,52,54,53,45,29,24,49,59,35,62,55,42,38,21,20,47,12,6,10,3,37,1,22,32,31,28,25,48,7,16,39,23,2,14,5,9,51,43,40
4,31,9,23,59,27,47,11,37,42,60,56,6,29,8,57,33,35,15,12,3,63,19,43,18,39,17,55,24,30,22,34,0,62,16,50,45,21,54,52,2,5,53,44,51,46,13,40,58,36,1,26,49,61,28,41,10,48,25,14,32,38,7,20
47,26,56,63,29,18,0,62,21,3,20,52,6,49,33,39,22,28,45,58,19,5,8,32,48,1,7,24,31,4,51,57,12,13,10,40,42,35,27,38,2,16,17,44,11,55,41,43,30,46,14,34,15,37,61,36,23,60,59,25,53,54,50,9
22,32,43,5,4,33,27,28,48,3,29,18,57,59,2,52,14,51,41,55,35,13,21,47,7,19,63,30,36,49,50,24,1,20,34,45,58,12,25,53,0,46,15,6,40,38,44,10,61,23,17,8,42,60,26,56,39,31,9,37,54,62,16,11
15,47,21,27,0,31,39,3,17,32,44,23,52,54,19,57,1,13,26,18,24,7,50,40,5,33,35,48,62,49,34,29,56,55,6,28,63,61,25,58,51,59,45,37,9,16,22,2,43,11,46,14,20,36,53,30,60,42,41,4,10,12,38,8
58,23,30,13,16,32,11,54,41,1,14,8,19,52,34,9,60,31,21,36,5,0,24,57,56,22,26,15,44,50,55,35,40,38,3,17,7,37,25,4,47,45,49,2,53,6,10,43,48,27,33,46,59,20,28,18,42,51,63,61,12,29,39,62
62,28,18,17,56,60,54,29,61,57,44,27,50,3,21,63,9,39,41,2,26,7,47,1,43,4,10,12,55,16,52,19,35,24,53,25,15,22,0,14,6,38,23,59,34,37,30,45,36,32,5,33,13,31,46,58,20,48,51,11,40,42,8,49
39,32,20,18,14,40,51,57,50,13,37,56,41,54,5,19,25,28,48,33,44,15,52,31,11,61,9,59,53,46,58,35,10,34,26,27,22,60,38,36,45,43,4,0,8,21,6,49,55,29,1,63,2,7,30,12,62,16,42,47,17,3,24,23
15,62,22,14,10,59,51,28,32,19,54,9,3,36,37,31,2,53,5,21,38,7,29,34,44,40,26,60,24,48,57,11,1,42,30,35,41,0,16,52,43,4,46,61,17,18,45,47,58,8,55,33,12,56,25,13,39,50,20,63,23,6,27,49
0,15,50,20,46,53,43,6,17,58,55,37,24,35,14,56,33,27,52,13,3,5,41,8,22,47,11,30,60,48,36,12,21,40,28,39,26,38,44,54,9,4,7,42,45,51,29,32,57,18,23,61,59,31,34,19,25,49,1,63,16,2,10,62
59,26,20,49,11,5,29,27,1,34,30,63,35,39,51,13,58,23,47,16,33,46,24,10,2,6,41,22,28,45,42,53,19,4,43,50,7,31,18,12,60,54,15,17,3,32,0,8,55,37,9,44,25,57,61,56,40,52,38,62,36,14,21,48
48,29,63,36,10,1,27,61,53,41,32,57,18,47,7,40,21,62,60,6,50,39,24,9,8,11,25,16,2,5,4,33,58,42,59,15,51,14,3,49,38,20,28,56,26,17,43,34,31,13,30,52,23,54,19,44,22,55,46,12,45,35,0,37
22,40,45,30,42,49,34,41,24,17,37,11,38,19,61,59,0,58,63,57,29,52,48,18,33,46,26,8,3,27,43,10,13,16,31,9,5,32,54,7,50,62,53,28,6,4,21,15,25,20,39,36,55,35,60,47,14,51,44,12,56,23,1,2
12,52,24,22,27,21,38,49,16,46,48,10,1,8,18,26,44,63,28,41,20,32,0,55,40,5,31,33,56,58,47,30,17,14,60,59,43,35,53,39,25,37,62,13,36,4,42,45,11,3,50,9,29,34,54,6,19,51,7,57,2,15,61,23
61,39,29,48,32,3,16,9,5,14,0,8,62,21,7,51,57,34,1,13,25,56,50,42,30,55,4,36,19,15,40,43,58,45,10,17,46,63,44,20,52,49,26,18,38,24,2,37,54,27,28,33,41,53,60,35,31,6,59,11,12,47,23,22
50,8,33,34,5,22,55,0,29,53,23,39,3,52,62,1,9,31,43,60,16,57,59,6,4,17,28,25,14,18,10,19,38,35,47,36,49,11,24,40,54,56,2,13,32,42,61,51,48,7,20,44,15,58,46,21,30,27,12,26,45,63,41,37
17,51,0,20,10,44,30,16,29,25,3,58,45,21,41,13,42,52,48,7,37,46,14,60,54,31,36,15,39,57,22,1,47,2,49,9,34,50,40,35,26,56,38,23,4,59,5,19,27,32,12,63,8,24,43,62,28,55,61,6,33,53,18,11
34,14,16,54,23,63,37,22,15,0,48,17,4,36,21,28,20,27,29,5,11,10,55,8,41,42,33,35,9,2,50,13,45,24,57,39,1,58,56,19,47,43,18,6,49,30,52,40,32,12,60,38,44,59,46,53,31,7,51,3,61,25,62,26
61,52,34,18,3,22,0,2,44,23,40,14,56,30,62,37,28,36,8,38,39,49,50,9,59,17,25,35,5,33,10,47,31,20,54,12,48,51,53,19,32,7,45,16,41,11,15,24,57,46,26,60,4,55,43,6,21,63,1,27,42,13,29,58
42,19,25,43,17,44,28,53,13,36,9,59,38,3,55,18,41,51,1,52,47,57,39,45,6,5,54,40,11,56,16,49,32,48,63,33,46,23,30,0,50,24,21,62,20,31,27,35,10,4,8,34,12,29,26,2,7,61,22,37,58,60,15,14
32,60,28,61,24,17,9,42,57,31,1,34,29,26,16,53,23,55,25,52,40,51,58,27,39,41,15,5,30,22,54,37,3,11,50,10,35,38,59,63,21,8,0,19,14,6,45,44,46,36,2,56,43,33,49,20,62,18,48,12,7,47,13,4
54,5,27,23,4,35,14,40,11,33,21,7,9,3,1,44,48,22,2,16,10,26,38,29,36,53,49,15,52,47,46,61,25,24,20,37,13,19,12,42,34,17,56,62,31,63,57,51,28,59,0,55,41,43,58,30,39,50,18,8,32,60,45,6
41,58,57,22,27,45,44,50,60,35,33,48,36,13,59,18,38,31,1,40,8,61,19,43,26,42,4,12,3,51,16,6,53,52,28,37,30,15,11,24,2,56,14,7,0,23,63,39,10,29,47,32,9,62,34,20,46,5,21,17,49,54,55,25
6,47,22,12,33,24,18,45,28,50,8,7,36,9,48,58,41,34,63,42,5,17,31,15,1,54,55,46,56,29,11,19,32,14,23,30,37,3,62,27,53,59,49,20,16,4,25,38,43,44,60,51,39,10,35,0,2,57,61,21,40,13,52,26
53,50,18,21,30,4,31,34,35,33,25,51,15,19,52,20,12,8,62,49,1,57,58,37,2,40,14,61,28,7,47,32,44,11,41,16,23,10,24,13,59,5,60,45,63,46,55,48,36,38,54,6,39,42,22,43,9,17,3,26,27,56,29,0
50,0,55,35,22,5,23,3,9,28,57,45,47,11,51,4,18,30,25,15,49,48,26,13,33,31,10,52,53,56,36,17,38,60,34,61,59,19,54,7,12,6,29,32,37,40,58,43,41,21,24,27,2,1,44,46,16,62,42,20,8,14,39,63
16,54,29,23,32,0,18,49,14,44,50,31,40,30,10,5,58,53,60,45,21,39,3,51,48,62,8,6,13,37,15,11,52,1,4,43,36,42,35,61,22,27,19,20,41,28,9,38,24,34,57,55,12,17,25,2,46,26,7,59,47,63,56,33
31,1,44,37,29,61,43,53,11,13,56,25,15,34,18,27,54,22,17,59,32,40,4,6,3,39,49,9,55,38,48,36,0,51,57,62,26,7,10,19,60,41,30,21,28,46,2,33,35,16,14,58,47,50,63,45,23,24,5,12,52,42,8,20
22,43,53,11,20,38,24,42,9,40,35,5,41,2,61,30,34,52,32,25,4,55,48,13,3,44,28,17,36,15,26,16,27,58,29,62,63,45,18,49,37,57,6,21,10,19,56,39,46,31,60,47,33,59,23,1,51,12,8,0,50,54,14,7
27,32,2,62,36,43,58,22,52,0,5,44,51,46,31,19,25,20,50,29,39,9,47,59,24,37,42,38,26,13,11,30,55,4,28,7,8,56,16,57,21,49,54,14,33,41,1,40,15,35,17,61,48,12,45,6,10,53,63,18,23,60,3,34
57,26,10,2,49,41,12,35,18,48,62,55,8,17,42,9,45,16,23,15,11,13,1,37,43,46,28,22,6,50,24,36,3,53,40,32,19,51,21,58,27,29,20,38,0,63,61,5,30,54,25,31,52,34,14,60,33,44,7,59,56,4,47,39
22,56,24,23,5,48,26,39,4,46,37,1,16,8,55,47,21,38,32,28,19,13,14,35,34,0,63,12,27,29,9,15,11,6,41,50,18,30,51,25,43,7,61,20,31,10,57,62,36,3,52,33,53,2,49,45,42,58,44,60,54,17,40,59
38,52,18,35,45,6,55,2,37,17,10,34,31,7,44,22,42,59,36,61,50,63,30,62,11,48,28,4,60,19,58,25,33,40,32,23,26,8,57,5,49,13,20,27,51,53,0,43,47,46,12,41,21,15,1,24,54,16,9,14,39,29,56,3
50,62,20,37,44,26,35,52,58,56,29,40,51,42,7,43,41,53,31,15,21,10,23,46,30,38,16,5,28,6,54,61,14,60,59,49,55,18,12,39,45,4,1,57,22,33,0,3,2,63,25,13,9,34,8,19,36,47,32,17,27,24,11,48
2,58,30,19,12,9,39,57,4,14,61,33,46,25,3,8,55,51,49,24,15,1,11,13,10,31,28,48,47,32,0,37,17,40,5,50,60,41,38,22,42,45,20,36,26,53,34,23,56,52,29,54,27,6,59,18,16,43,44,21,7,63,35,62
53,11,25,24,34,35,38,6,19,0,42,8,14,48,52,57,41,37,45,61,55,27,20,28,31,44,47,3,43,22,30,51,23,59,49,21,29,10,36,54,9,56,13,33,15,18,16,26,1,12,63,4,32,50,2,60,5,17,62,46,40,39,58,7
24,51,14,42,63,7,26,38,57,31,19,56,18,17,36,15,3,59,30,11,44,10,52,39,47,23,28,33,32,60,4,12,1,58,2,16,21,6,25,48,55,50,22,49,40,53,8,9,46,27,41,13,45,37,5,35,61,43,29,54,20,62,0,34
6,13,24,58,49,55,9,43,30,7,29,62,26,35,39,38,15,22,51,44,2,3,31,34,17,36,27,54,48,21,14,11,63,0,32,59,42,8,19,23,28,47,40,60,46,4,18,10,12,45,50,41,56,1,53,57,37,16,61,20,5,52,33,25
50,42,52,10,60,3,61,18,26,17,28,27,23,40,9,53,58,11,51,8,34,21,41,59,35,47,43,29,14,38,16,44,5,4,24,20,46,39,36,30,63,49,7,32,57,54,56,0,55,37,22,2,45,33,62,15,13,6,31,1,19,48,12,25
54,58,61,51,19,44,7,9,63,20,33,47,23,31,18,21,45,15,32,50,56,62,52,36,12,46,59,42,43,25,40,13,60,37,24,1,28,17,38,10,3,27,55,11,14,34,41,8,39,2,49,16,0,22,35,57,26,29,30,48,5,4,53,6
61,21,62,45,27,37,53,6,51,28,5,39,58,1,49,24,4,42,10,8,12,25,34,32,7,30,40,0,3,22,63,46,20,48,43,60,55,19,2,52,14,9,41,26,59,23,31,57,18,13,44,16,15,47,33,17,56,11,54,50,29,38,36,35
2,6,14,15,39,61,58,56,47,41,3,11,36,42,21,43,13,60,29,35,17,54,24,50,12,57,63,46,10,4,40,9,25,20,18,44,26,33,0,5,23,51,34,27,7,31,45,62,37,52,38,22,28,53,55,30,32,8,48,49,59,1,16,19
53,15,59,42,8,34,14,62,22,47,57,38,32,46,24,50,12,39,26,55,17,1,7,56,11,35,37,61,41,10,5,45,30,27,16,51,23,48,25,52,44,29,63,0,58,6,40,54,60,21,18,3,31,49,28,43,9,20,36,19,13,2,4,33
4,33,52,26,15,11,14,12,2,30,45,21,61,39,43,7,54,41,18,1,5,46,3,32,6,28,56,27,37,53,22,44,48,50,40,42,63,49,17,55,25,20,60,16,0,29,10,62,34,19,36,9,31,13,38,35,57,23,51,8,24,58,47,59
28,3,49,33,34,31,60,8,6,12,10,36,56,57,43,9,44,61,17,13,20,52,55,22,24,4,27,2,41,26,19,18,30,7,37,38,63,58,25,21,40,46,50,35,1,5,29,54,0,23,32,45,62,39,16,53,47,59,42,48,14,11,51,15
49,11,4,18,42,33,44,25,32,38,55,0,47,22,27,37,2,7,6,50,46,15,26,43,39,1,30,45,23,21,17,28,34,31,16,13,36,56,57,58,19,51,48,53,63,35,20,3,8,52,54,29,41,60,62,10,12,9,61,59,14,40,5,24
43,31,15,49,62,40,18,9,29,1,11,38,25,61,30,26,32,48,22,6,60,8,39,42,7,50,52,5,59,56,3,27,47,36,53,55,33,13,20,24,63,4,12,44,54,37,16,35,17,34,21,10,2,23,51,58,0,57,19,41,14,45,28,46
22,23,13,38,46,56,10,9,21,15,31,35,5,39,48,7,32,55,27,43,11,47,40,58,63,62,59,41,60,42,2,33,29,16,8,54,3,36,17,18,26,20,24,4,51,19,0,30,50,57,61,34,28,52,45,49,14,53,1,12,25,37,6,44
20,42,51,55,28,33,50,12,29,26,48,8,0,15,13,17,35,4,21,16,37,43,1,7,24,22,59,60,30,27,38,53,41,2,32,18,10,62,39,11,36,23,19,52,63,25,5,40,3,6,9,58,14,56,47,34,44,46,57,31,61,45,49,54
16,29,9,24,2,35,38,6,43,62,34,20,61,4,28,1,37,56,53,52,57,19,26,18,44,36,50,60,51,5,42,14,10,17,59,8,7,0,21,13,31,32,3,25,55,54,33,40,12,30,63,41,45,39,27,48,58,23,49,22,11,15,47,46
30,33,38,37,50,13,2,42,3,16,29,32,10,11,63,53,44,22,25,48,51,56,39,61,15,1,14,8,24,28,26,41,7,46,43,27,9,54,57,40,36,45,34,5,18,23,35,31,52,62,21,59,17,0,4,60,55,20,19,47,12,6,49,58
10,52,31,48,20,50,13,49,1,19,35,3,55,2,4,24,6,41,43,8,22,12,42,7,37,45,15,53,11,51,61,62,57,34,23,26,36,16,33,28,39,0,18,60,46,27,5,17,40,32,21,9,38,63,59,14,56,58,25,47,30,29,44,54
9,0,11,52,31,48,61,16,60,3,18,12,36,39,21,57,49,46,5,50,47,32,14,23,8,41,43,38,13,55,22,58,27,37,59,25,51,63,56,7,30,17,35,53,34,24,44,6,1,33,62,2,42,10,29,4,54,19,40,15,28,45,20,26
17,22,16,1,54,10,4,34,35,2,19,62,3,8,57,48,7,37,50,49,11,30,31,36,63,20,55,60,43,28,23,45,21,53,24,0,39,29,61,38,41,9,14,25,58,27,51,40,6,59,42,26,13,46,56,33,32,12,5,44,52,18,15,47
52,61,26,6,60,3,32,40,38,35,53,63,20,22,8,17,62,43,50,54,31,44,45,41,18,16,39,28,59,0,49,36,25,29,2,5,21,42,13,14,12,10,47,30,27,51,11,19,1,34,58,15,56,37,4,24,33,55,23,48,46,57,9,7
43,49,24,19,29,27,2,14,25,47,13,57,33,54,18,32,23,15,41,42,38,8,9,60,39,0,55,16,59,12,61,56,28,7,3,4,5,37,21,1,10,40,58,36,6,50,45,53,30,52,44,46,20,63,31,51,11,26,48,35,62,34,22,17
39,44,31,36,42,63,3,32,7,49,50,2,59,47,30,61,43,17,8,9,55,35,62,33,41,13,52,51,38,58,11,23,1,5,48,16,10,14,4,60,26,21,53,45,27,46,12,25,19,18,28,54,29,6,56,34,24,15,0,22,20,37,40,57
43,51,25,38,1,7,4,39,8,14,10,17,36,62,21,58,30,18,47,33,13,24,49,22,9,52,0,28,16,40,20,12,26,29,19,15,5,37,55,50,11,31,41,42,56,60,35,57,53,61,54,6,46,32,2,44,34,27,48,45,23,3,63,59
62,16,7,58,52,40,34,56,4,20,17,14,31,38,18,49,47,50,11,54,2,6,8,35,51,33,19,43,24,3,57,44,30,15,60,10,12,5,36,48,26,55,0,37,42,9,28,29,45,46,23,32,22,61,21,63,41,53,25,1,13,59,39,27
48,46,42,35,16,0,55,63,50,6,15,17,31,20,59,2,51,27,45,10,62,14,24,58,40,5,53,21,22,33,44,23,49,9,37,3,8,34,39,60,56,61,57,38,54,52,19,29,30,28,13,26,43,25,36,32,18,4,47,12,7,41,1,11
57,51,12,4,31,22,37,27,56,39,40,23,8,38,36,45,29,60,21,53,2,6,61,50,46,30,15,10,17,13,34,48,52,19,3,1,33,24,7,25,14,41,42,32,49,55,0,62,9,26,28,16,35,54,20,58,63,47,11,43,18,44,5,59
63,56,59,38,17,12,58,57,3,50,8,60,16,35,49,30,19,32,54,43,4,21,47,18,20,7,33,39,25,40,26,48,36,46,45,22,14,0,10,5,28,29,53,1,23,42,11,61,6,27,62,24,51,13,41,55,34,9,31,44,2,52,37,15
57,58,19,61,42,55,1,30,26,47,36,20,17,63,6,8,28,3,15,52,27,53,21,34,5,45,9,2,22,35,29,60,18,62,25,11,23,39,50,31,33,51,24,40,32,44,7,14,37,13,10,56,43,16,38,41,46,54,59,49,12,48,4,0
55,5,19,23,17,31,10,62,7,37,3,22,26,43,12,21,47,53,32,28,39,56,57,45,11,25,33,14,36,63,30,34,6,60,16,46,0,27,9,15,1,38,24,41,44,20,18,35,58,42,29,54,52,40,4,49,59,61,2,51,8,50,48,13
39,16,30,22,20,40,28,57,4,50,61,1,15,37,17,58,5,21,38,62,53,42,43,32,36,46,24,59,7,6,51,14,2,41,35,29,23,34,27,12,26,9,47,44,8,63,0,45,25,19,60,18,55,11,33,48,13,10,56,31,3,52,54,49
30,47,54,22,28,55,40,18,44,31,58,39,2,29,14,43,41,51,50,9,48,61,0,4,42,33,11,38,3,63,19,36,45,20,15,35,52,25,37,27,10,59,57,60,8,26,6,62,1,46,13,16,21,34,24,17,56,49,23,5,12,53,32,7
60,37,19,15,18,63,42,3,35,12,16,38,48,43,33,59,34,57,8,17,61,32,45,1,21,36,55,29,27,58,52,46,11,62,26,30,40,49,31,50,6,56,47,2,22,5,25,0,51,9,39,13,53,20,10,44,41,54,14,4,7,23,24,28
26,57,15,7,30,13,16,54,61,45,44,14,10,53,8,21,6,0,48,55,12,60,9,42,32,36,29,17,52,1,25,34,51,5,2,59,3,18,41,19,33,62,24,50,22,49,43,56,28,39,58,37,35,46,23,63,4,27,31,11,40,38,20,47
4,0,24,55,19,49,63,1,34,47,12,14,61,43,21,50,2,22,52,20,23,56,26,36,38,7,42,11,60,9,10,45,31,27,35,25,15,37,32,8,58,40,62,6,53,33,28,5,16,57,29,18,13,48,54,44,59,46,3,41,51,39,30,17
50,30,54,11,28,60,21,23,1,2,13,58,35,12,15,6,20,33,51,5,10,16,44,41,42,63,38,17,3,61,34,37,14,27,45,39,25,29,22,31,32,55,43,7,46,36,48,24,9,8,53,26,49,0,19,56,52,59,4,18,62,57,47,40
63,2,35,30,49,42,41,29,10,56,53,36,45,24,26,39,34,61,11,7,32,46,16,0,62,6,59,3,43,25,15,57,33,60,54,21,20,8,51,50,40,27,1,14,44,23,55,9,5,31,13,58,17,12,37,28,48,52,47,4,18,19,38,22
8,31,4,51,40,23,34,26,38,27,25,0,13,1,33,45,11,36,62,43,32,16,21,5,29,15,20,2,58,61,52,49,55,46,14,35,37,50,18,28,10,12,6,19,54,9,44,48,39,17,53,24,42,63,22,30,59,3,60,47,57,41,7,56
11,20,61,22,36,16,47,53,52,55,39,44,3,1,38,37,63,13,42,43,7,14,0,6,30,56,25,49,4,32,2,8,12,45,50,29,46,35,17,27,34,21,48,57,51,62,33,60,23,19,54,59,41,40,9,5,18,31,28,24,58,10,26,15
16,55,7,37,44,24,22,36,9,29,41,49,33,59,19,17,38,63,35,18,42,0,28,43,10,6,54,46,13,15,60,53,51,39,52,12,57,48,47,31,1,25,21,62,45,40,56,2,5,58,23,3,20,34,32,61,8,14,50,11,4,30,27,26
63,3,62,46,8,53,50,10,16,38,48,9,15,26,35,14,55,1,28,32,58,24,17,37,25,36,2,22,33,0,47,51,52,49,21,57,30,60,11,31,6,41,12,44,19,29,59,43,61,56,18,45,20,5,23,27,39,34,13,40,4,54,7,42
43,34,44,47,6,24,55,48,23,52,37,8,0,59,29,16,22,3,28,41,60,35,38,40,62,5,14,4,20,32,39,19,15,11,61,1,57,13,25,51,26,12,46,42,31,18,17,10,63,54,21,36,58,7,53,56,27,33,49,30,50,9,2,45
1,5,38,25,22,36,24,45,35,10,3,7,40,58,63,27,47,59,42,52,2,31,28,33,48,21,32,44,13,12,6,56,30,37,50,41,23,9,17,20,19,26,18,43,51,29,60,53,34,46,11,14,54,4,61,0,16,55,39,15,8,62,49,57
55,36,54,44,20,49,39,37,21,10,52,59,12,48,61,1,5,15,2,25,9,7,18,46,29,14,19,11,35,4,63,27,17,30,24,50,13,26,31,34,42,6,45,0,40,41,58,60,57,32,43,8,22,53,47,28,62,33,56,3,23,16,38,51
21,46,23,33,6,38,25,17,2,14,60,59,16,20,50,11,10,56,39,62,15,3,7,4,53,34,48,19,37,8,43,13,1,41,35,26,18,22,40,42,30,51,27,36,44,45,31,32,55,54,24,57,12,63,47,0,49,52,9,61,5,29,28,58
45,56,5,30,53,3,13,20,47,27,59,34,25,55,7,36,51,54,18,14,6,58,60,40,17,44,15,22,37,29,52,62,50,2,39,8,57,46,48,42,38,33,4,12,21,9,35,23,1,19,31,26,16,41,63,10,24,32,28,61,43,0,11,49
38,40,45,41,34,55,17,33,60,39,4,18,6,16,26,3,25,37,11,43,50,20,61,48,19,7,36,56,12,49,24,32,47,21,29,13,54,62,27,53,8,51,58,44,2,5,15,28,59,14,52,46,30,42,10,63,31,9,23,0,57,35,22,1
51,33,59,21,29,5,56,38,3,47,14,9,63,7,44,57,50,35,1,46,26,34,41,17,28,37,48,22,58,16,52,27,40,2,0,32,23,54,39,25,24,20,49,4,31,53,45,13,6,60,15,61,30,36,42,62,19,18,55,8,11,10,43,12
49,62,58,29,53,2,39,41,52,3,31,23,54,18,10,59,42,7,46,0,11,28,14,43,61,9,48,40,12,27,55,13,5,63,45,30,51,47,34,19,16,32,38,17,33,36,4,57,50,56,6,25,44,26,35,1,8,60,15,24,37,20,21,22
27,30,63,22,52,20,42,46,62,4,56,57,13,43,36,39,19,5,60,33,54,12,50,51,7,59,53,38,31,37,35,28,41,17,47,40,1,44,14,18,21,11,34,25,29,55,15,32,45,23,24,61,9,49,2,16,8,48,0,3,26,6,10,58
48,38,49,63,6,4,11,37,21,3,15,7,27,8,43,31,52,57,34,44,16,39,18,41,51,17,19,40,25,2,35,26,62,1,36,24,50,22,54,10,58,12,59,23,61,46,55,20,32,28,14,29,30,9,56,13,47,42,33,45,53,5,60,0
31,28,0,5,10,13,19,62,8,47,37,16,2,11,9,55,22,52,25,63,26,27,7,32,33,12,4,38,30,15,36,39,44,57,23,56,3,49,58,61,59,24,46,18,48,29,50,53,54,41,20,60,6,14,35,51,21,1,34,45,40,43,17,42
28,34,31,1,25,5,14,11,44,27,48,38,61,59,8,6,23,35,0,47,36,9,4,52,20,33,58,45,60,50,32,54,7,13,42,53,2,57,39,18,49,19,62,10,46,29,12,26,56,16,37,15,24,63,40,21,41,51,55,30,22,3,17,43
44,5,47,14,8,11,63,18,7,6,16,31,39,42,19,61,52,54,27,49,32,59,12,2,26,38,41,50,48,40,45,17,10,15,58,29,30,24,37,51,9,55,13,35,3,21,20,25,0,46,60,23,57,53,43,28,62,56,36,1,33,4,34,22
39,41,4,9,0,53,29,7,47,45,58,11,27,56,17,33,51,30,26,52,31,44,42,21,18,43,55,10,48,14,40,15,22,8,6,63,13,37,35,28,1,32,59,2,25,23,19,3,24,50,54,20,49,16,62,61,36,38,5,60,57,12,46,34
11,5,45,15,4,28,23,48,46,63,53,12,37,43,58,39,62,50,47,13,18,35,30,29,52,54,16,38,27,51,14,42,44,20,22,31,61,56,55,25,19,24,2,36,57,1,8,40,0,21,10,60,26,33,34,59,17,3,32,49,7,6,41,9
27,46,15,22,49,57,14,23,20,12,40,51,11,9,48,39,16,21,2,56,36,26,43,17,50,29,25,55,0,60,30,37,18,7,10,42,54,47,63,62,45,4,59,8,5,31,28,35,41,1,33,44,58,53,19,38,34,3,61,13,24,52,6,32
14,1,7,25,47,12,28,60,9,2,38,24,43,36,17,39,19,16,41,23,4,29,5,15,51,52,59,44,32,11,55,61,50,63,21,10,26,57,33,22,49,53,56,46,62,30,0,13,45,34,8,40,35,31,58,27,3,20,6,37,48,18,42,54
54,62,61,38,56,45,13,18,17,21,52,28,33,2,47,42,36,6,57,24,31,20,15,14,8,51,27,35,0,4,25,50,34,11,30,12,44,55,46,3,16,26,53,43,40,9,23,48,7,59,10,60,41,32,58,29,19,1,49,37,5,22,39,63
18,29,4,15,7,9,53,48,63,40,45,55,61,5,33,6,19,62,57,41,22,2,37,30,24,44,54,42,46,28,59,60,47,34,17,38,52,16,26,58,21,20,50,51,23,8,56,14,35,11,49,27,12,1,13,3,36,32,10,31,43,25,39,0
59,41,16,15,50,23,21,40,19,18,49,26,38,17,32,10,30,22,34,51,39,47,48,5,54,8,11,35,31,33,36,52,25,12,29,7,9,3,56,14,0,55,13,20,42,58,6,63,44,28,43,2,4,57,61,45,60,53,37,27,62,24,46,1
46,0,27,24,12,32,8,63,61,45,13,41,17,60,1,25,54,6,10,26,30,58,5,20,31,53,22,59,50,11,21,33,28,14,49,23,19,42,4,3,35,51,43,44,56,18,48,9,52,47,16,36,7,37,15,34,29,57,40,38,2,55,62,39
38,35,15,23,43,7,19,31,41,28,14,51,10,57,53,45,2,33,6,26,0,1,8,54,24,37,22,5,44,20,46,39,61,56,11,59,48,18,13,29,12,3,36,17,58,60,63,16,50,21,55,34,49,47,40,52,32,62,30,4,25,27,9,42
7,27,35,15,24,28,54,19,58,45,33,30,26,9,56,31,20,11,32,43,52,8,39,4,53,10,1,0,51,59,14,37,34,46,13,21,41,49,55,40,29,17,38,23,18,63,36,3,62,16,44,5,42,25,6,61,47,50,22,12,57,60,2,48
38,16,30,36,41,17,26,51,23,19,56,14,37,52,39,53,40,49,12,20,48,60,44,32,13,4,21,6,28,15,11,50,42,47,43,22,59,8,1,55,46,54,27,29,57,25,34,10,24,2,5,62,18,58,33,3,7,45,61,9,35,63,0,31
12,58,49,43,41,60,30,13,20,48,8,29,59,36,27,33,19,1,5,0,57,38,2,11,55,54,21,31,35,39,14,37,6,16,18,26,34,46,22,53,23,56,40,52,9,47,62,4,32,44,7,61,42,50,17,3,63,51,28,45,25,24,15,10
33,6,38,39,22,19,18,42,36,11,2,5,56,50,48,58,45,32,29,47,26,14,57,31,63,34,43,52,21,55,4,0,49,46,12,37,24,51,35,13,44,41,9,17,10,40,3,54,25,27,7,28,60,59,16,53,8,15,61,20,1,23,62,30
21,22,33,55,59,38,10,7,17,61,9,18,28,20,27,46,31,50,36,52,16,1,2,60,44,47,11,30,4,57,23,42,19,39,0,24,25,41,35,34,6,53,40,3,45,29,5,43,63,56,58,8,13,32,26,48,54,14,51,12,15,37,49,62
49,23,52,33,27,19,11,37,2,26,5,20,12,44,42,51,56,59,41,6,47,32,34,21,30,17,1,25,4,7,13,46,63,58,35,48,15,53,36,16,8,55,10,57,29,50,24,45,62,31,18,14,22,54,61,40,9,3,60,38,43,39,28,0
53,43,5,44,0,13,24,33,45,30,25,51,62,19,40,35,55,46,54,57,32,58,63,23,39,60,3,42,28,9,38,14,59,7,21,29,34,6,52,56,36,26,17,61,15,22,8,4,12,20,47,11,50,31,37,48,1,41,10,16,27,49,18,2
59,38,6,60,50,10,53,61,39,35,34,63,36,1,24,52,37,30,2,11,0,23,20,32,56,18,8,12,15,43,42,48,51,62,26,9,45,33,31,46,5,7,4,3,58,44,55,49,13,54,57,25,27,17,47,19,14,28,41,22,16,29,40,21
18,20,42,34,41,46,36,39,32,31,35,22,7,2,0,10,43,51,45,54,59,15,26,58,25,49,11,53,38,19,23,30,40,56,62,8,60,47,1,14,52,5,33,50,48,21,13,12,4,29,3,57,63,9,6,28,61,16,17,55,44,24,27,37
5,4,42,22,33,19,43,49,54,40,38,56,62,39,30,46,12,2,8,59,31,3,29,61,23,44,20,50,10,41,52,14,45,16,9,7,47,21,13,26,18,34,17,60,48,15,57,35,11,51,28,58,32,36,1,37,63,27,55,24,25,53,0,6
47,39,2,28,46,52,33,26,12,11,27,23,7,38,51,4,17,31,13,61,60,15,29,45,43,25,36,1,55,54,41,24,57,35,37,32,53,14,58,50,22,3,44,62,49,18,0,59,9,21,34,19,56,10,40,20,30,6,16,63,5,8,48,42
61,19,59,6,14,24,4,41,43,12,11,3,5,17,16,47,29,2,38,58,33,40,9,60,42,20,26,18,49,15,53,48,30,55,32,0,8,10,1,21,44,36,23,52,13,31,63,54,39,28,45,7,22,35,27,25,46,51,57,62,37,34,50,56
43,37,57,63,54,47,24,40,1,34,16,30,2,33,0,6,49,55,59,4,22,61,39,13,9,17,7,56,23,12,11,19,28,20,32,51,45,58,60,27,15,26,25,62,3,31,42,35,44,14,36,21,18,5,10,46,48,8,29,41,38,50,53,52
10,46,22,48,9,13,0,34,21,50,16,14,42,60,31,36,45,23,59,44,12,33,57,25,17,32,15,27,54,63,11,18,51,3,61,24,19,1,6,40,56,47,52,26,39,38,5,43,2,53,62,41,29,7,8,4,58,55,20,35,37,28,30,49
13,18,1,12,8,48,41,31,19,60,11,15,10,14,40,9,25,22,23,35,24,37,27,46,52,62,57,58,54,39,43,2,28,56,7,0,3,20,38,26,63,21,50,29,36,45,59,42,44,5,17,49,6,51,32,53,16,61,4,34,30,55,33,47
40,44,53,10,26,62,30,39,58,52,34,17,31,56,18,28,0,2,32,59,13,14,42,21,61,5,43,35,50,23,9,48,55,20,7,54,51,33,37,1,6,8,24,27,36,12,45,16,47,15,60,57,19,38,49,4,46,41,3,29,63,22,11,25
14,29,46,3,50,18,13,34,47,5,49,2,8,15,16,60,41,0,57,26,32,63,53,42,36,37,35,1,27,40,17,58,10,39,22,11,12,7,38,33,21,48,55,44,24,43,62,23,6,9,31,30,52,20,51,61,59,19,28,4,54,56,25,45
60,33,41,17,61,46,37,14,54,12,58,4,31,7,28,51,15,24,29,47,22,63,19,34,9,56,38,13,40,49,23,59,6,10,3,2,57,42,21,55,18,30,62,35,32,48,0,45,11,8,44,20,16,43,52,36,1,5,50,27,25,53,39,26
14,44,41,22,29,50,0,11,48,62,20,51,43,33,26,24,13,52,21,12,38,49,34,59,1,57,37,15,28,61,31,54,23,56,25,5,8,2,53,35,40,58,3,16,42,7,36,9,30,10,45,46,55,27,6,32,39,63,18,60,17,47,19,4
19,53,56,31,24,22,39,52,6,63,5,2,61,10,49,35,17,36,3,47,46,60,4,28,45,26,11,40,34,33,29,57,20,27,54,21,58,41,16,30,38,12,37,62,44,15,9,48,7,55,23,32,25,51,1,14,43,50,0,18,13,8,59,42
5,18,31,33,27,61,60,25,1,39,54,29,4,63,36,10,15,41,56,24,9,23,13,57,16,26,52,53,40,50,48,22,2,7,46,49,19,32,47,20,11,42,38,43,51,28,62,45,6,12,34,0,8,58,35,30,14,59,21,37,44,55,17,3
24,15,41,2,62,31,48,10,7,21,3,33,60,29,17,23,20,12,5,42,25,8,36,30,43,28,22,58,18,55,51,27,40,49,32,54,35,19,45,50,59,52,61,57,1,34,16,4,53,37,0,47,14,56,46,38,6,44,63,39,9,26,13,11
61,36,18,31,10,41,37,6,55,44,21,23,14,28,60,11,42,29,43,38,27,30,45,24,58,32,17,20,56,3,16,57,22,34,59,7,39,51,50,49,48,62,4,8,52,15,1,12,33,40,26,35,63,13,5,25,9,0,53,2,54,46,47,19
35,47,31,26,18,61,32,15,28,44,58,55,2,16,11,56,53,5,57,9,59,30,19,1,21,29,24,46,51,20,62,17,10,6,37,7,63,25,43,12,52,3,45,41,38,23,40,22,39,54,48,33,34,4,49,36,13,42,27,8,0,14,60,50
14,4,18,41,10,40,54,53,42,57,51,35,52,3,31,16,5,24,49,48,47,22,62,60,50,45,44,30,56,38,25,8,43,39,28,17,61,6,33,23,15,46,36,58,7,37,59,12,11,21,63,32,34,19,13,27,2,9,55,29,1,0,20,26
28,54,25,30,10,59,33,49,44,5,45,1,31,0,23,24,51,2,48,53,16,57,60,43,17,46,52,50,20,15,36,18,22,34,8,11,61,42,56,9,29,27,4,19,41,63,13,37,55,40,39,7,12,3,32,26,21,14,38,47,58,35,6,62
19,7,11,26,60,3,37,36,27,57,39,24,30,61,25,20,38,12,17,8,28,42,15,4,0,48,9,53,54,6,2,1,46,33,22,40,21,18,49,59,51,23,13,29,45,56,32,52,16,50,35,10,14,43,34,31,5,55,62,41,58,63,44,47
52,8,59,43,50,16,20,57,37,14,46,49,24,61,13,11,30,1,48,18,38,7,31,26,5,39,0,17,40,27,58,56,2,15,60,55,9,29,21,10,36,19,23,4,6,35,62,47,41,12,28,53,25,22,32,33,51,44,54,63,42,3,34,45
24,0,15,42,10,16,52,62,7,35,14,31,50,28,19,18,8,63,23,6,46,41,56,9,13,26,11,22,25,58,4,30,20,27,59,5,45,55,43,32,2,38,57,39,37,29,40,51,36,1,12,61,3,54,48,17,47,53,34,21,44,60,33,49
61,9,47,8,54,21,20,38,27,40,43,24,3,45,7,1,56,35,13,49,18,23,14,29,58,37,2,57,25,4,6,53,15,16,59,39,51,60,31,30,42,62,12,17,55,32,63,10,0,28,52,46,36,22,33,34,41,26,50,11,19,44,5,48
24,30,26,38,29,22,8,57,35,32,25,42,11,45,20,52,39,33,23,58,55,37,13,16,19,21,7,47,54,0,14,27,4,31,46,10,6,5,56,12,49,60,50,1,9,51,34,63,40,48,43,36,62,15,2,3,44,59,53,17,18,41,28,61
48,58,62,21,27,56,28,55,23,60,9,34,43,61,24,37,52,2,36,50,15,5,14,26,42,16,63,13,49,20,6,41,8,53,4,10,51,1,3,46,39,18,17,31,0,32,57,12,45,35,33,40,19,47,30,11,54,22,44,59,25,7,29,38
20,44,23,49,57,42,5,61,31,50,56,25,47,41,1,43,58,7,14,16,62,21,60,34,10,51,52,19,2,53,63,28,13,3,59,35,22,48,8,32,38,26,0,4,17,45,55,37,33,36,18,46,24,6,40,15,9,11,29,54,30,27,39,12
40,56,13,59,39,33,11,60,62,46,14,63,4,50,55,35,23,45,34,27,3,7,29,0,53,25,10,48,26,47,16,8,41,19,57,51,15,54,52,1,2,38,5,28,24,44,58,31,61,21,37,18,20,30,43,32,22,12,17,42,9,49,36,6
42,46,4,54,36,25,48,30,8,27,58,20,34,39,50,59,52,2,63,19,40,51,41,23,17,49,7,14,21,10,57,38,22,55,56,28,26,9,3,1,44,0,15,13,12,60,29,24,45,47,33,53,43,61,62,16,5,35,18,31,32,6,11,37
42,16,50,33,27,29,39,21,31,53,60,56,6,1,32,14,8,45,9,35,38,57,2,23,44,48,49,24,62,52,19,51,40,47,13,36,28,10,25,4,58,12,59,46,43,3,63,61,18,54,17,22,26,7,11,41,20,5,0,15,37,30,55,34
16,21,33,48,22,41,44,39,11,35,12,0,32,37,26,30,55,18,6,7,61,2,9,23,31,51,24,29,8,3,52,59,1,5,43,17,58,57,49,62,25,34,4,36,53,54,42,50,63,13,14,38,45,47,40,28,10,15,56,27,60,20,19,46
62,10,40,53,3,22,59,29,47,31,58,34,27,25,39,52,11,57,28,1,13,36,63,21,2,32,0,61,5,35,24,42,7,15,20,44,46,12,19,18,48,54,14,9,33,8,38,26,37,16,50,49,41,43,51,23,30,4,55,45,6,56,60,17
9,26,47,55,40,46,52,18,29,39,8,30,34,45,1,21,60,28,44,17,63,6,4,38,56,25,15,22,41,24,16,49,11,33,35,20,61,10,19,62,54,14,51,0,37,43,31,3,58,42,7,50,59,13,23,48,36,12,53,5,32,57,2,27
19,4,0,55,61,57,23,22,45,12,62,27,53,42,31,30,7,38,60,36,8,34,43,5,13,35,56,41,51,21,11,37,49,9,28,39,2,33,59,14,40,1,18,26,20,52,50,58,32,63,3,29,24,15,47,48,17,10,25,16,44,46,54,6
49,62,36,41,48,11,3,1,23,56,0,59,32,44,9,35,20,8,12,27,63,4,13,5,54,60,18,31,14,42,53,45,6,38,26,58,15,16,29,25,43,40,2,51,7,28,34,46,55,17,19,52,10,57,24,30,61,47,22,37,39,33,21,50
59,47,31,26,36,7,60,13,35,14,12,29,25,22,30,17,44,11,52,50,10,51,57,28,16,34,42,27,8,45,37,20,48,9,0,15,41,63,61,19,58,6,54,49,43,38,46,55,32,24,23,21,33,5,2,18,53,40,62,3,56,39,4,1
44,52,46,8,43,9,10,28,2,41,5,24,51,56,22,34,37,7,53,33,31,20,58,4,54,18,1,12,19,29,42,63,0,14,27,36,39,48,47,45,25,3,21,35,17,62,13,30,23,49,6,57,32,26,55,40,59,60,15,16,11,38,50,61
12,54,7,53,4,47,18,42,63,45,39,1,59,46,10,25,6,61,43,20,35,51,15,49,22,26,56,13,27,44,23,50,2,19,38,29,28,33,57,16,55,8,52,17,3,24,60,31,5,32,30,34,62,21,0,9,40,37,14,36,48,41,58,11
37,52,20,19,46,39,31,13,35,24,11,12,22,29,4,21,61,23,59,5,60,63,26,34,57,14,38,6,7,2,32,8,28,9,27,36,40,1,47,3,43,54,17,0,44,41,10,18,30,62,55,56,49,48,50,16,42,51,53,45,58,33,25,15
11,40,13,28,18,35,19,14,27,58,51,48,12,59,22,20,61,1,38,43,34,56,47,30,6,21,29,57,39,25,42,53,45,44,37,24,26,23,7,9,5,46,33,52,2,3,50,4,8,63,10,0,32,49,16,31,15,41,55,54,60,62,17,36
53,3,18,14,40,12,61,0,25,2,63,4,1,9,42,33,24,54,30,37,8,6,26,5,43,35,39,50,58,28,36,11,22,31,7,32,44,17,29,46,48,47,59,56,34,20,38,57,52,21,16,15,19,51,27,60,55,62,23,13,49,41,45,10
57,50,24,63,47,9,43,27,51,21,22,18,8,59,23,3,37,36,56,16,15,17,14,11,55,46,2,34,32,31,48,28,42,35,10,53,44,45,25,29,54,39,61,41,49,30,12,1,4,38,13,33,40,58,6,62,26,52,7,0,20,60,19,5
52,45,8,49,30,3,50,41,55,27,7,58,14,18,16,1,19,23,28,11,60,38,40,6,46,0,31,61,56,35,59,29,34,12,4,37,20,36,57,25,26,39,47,63,54,51,17,24,48,53,62,13,22,9,21,44,42,2,43,10,15,32,5,33
15,49,2,9,24,52,7,41,19,37,14,5,0,18,4,17,33,28,10,42,20,30,63,31,26,11,56,1,60,62,47,44,61,22,53,55,54,50,43,45,59,21,40,23,3,29,51,16,13,25,48,36,39,58,46,12,8,38,27,57,32,35,6,34
52,16,43,45,0,11,34,63,25,60,26,29,28,9,42,21,44,48,46,39,37,30,18,40,57,36,12,13,55,62,8,10,22,3,15,7,47,35,41,4,17,49,61,14,23,1,51,31,27,6,54,2,50,33,20,59,5,56,19,38,58,24,53,32
7,37,60,21,23,57,42,9,58,16,14,31,62,17,48,20,10,45,3,8,44,13,63,43,50,26,2,1,18,29,53,35,28,12,36,49,34,54,5,15,19,39,25,30,59,55,38,41,24,51,4,56,0,6,46,32,27,40,61,22,33,47,11,52
18,25,5,61,26,19,57,3,24,15,55,31,8,56,12,6,38,44,21,43,23,59,30,33,47,22,51,32,63,45,34,41,60,29,10,53,17,2,27,40,48,28,46,9,4,50,1,39,16,58,35,54,42,7,13,36,20,11,14,49,52,37,62,0
50,38,33,52,60,5,34,27,35,47,51,45,54,18,58,6,62,16,12,1,57,11,10,15,31,14,19,13,61,59,7,39,56,42,3,23,37,49,46,36,20,40,29,2,48,9,41,32,63,28,21,26,22,0,53,44,17,43,4,25,8,24,55,30
26,38,57,41,11,23,31,54,61,6,29,52,58,32,36,40,5,60,25,0,22,10,4,48,2,45,28,49,30,63,8,9,46,34,59,62,21,7,37,3,43,15,53,33,55,35,19,50,12,16,42,47,13,20,18,14,17,44,39,1,24,27,51,56
17,34,25,10,43,1,6,45,11,3,53,37,58,14,40,5,48,19,16,18,57,54,28,62,41,8,61,30,31,9,22,60,55,29,47,42,35,21,4,52,27,51,7,63,32,46,26,49,20,12,33,2,50,44,24,23,36,39,38,0,15,56,59,13
49,53,18,57,40,26,41,24,33,10,15,39,52,25,58,12,30,16,43,27,6,38,23,29,54,3,13,17,22,14,61,37,34,60,7,4,50,55,44,0,62,42,63,11,9,32,2,56,28,5,48,35,1,59,51,36,45,46,31,21,8,20,19,47
40,25,24,23,47,20,2,55,36,56,26,60,12,54,38,5,1,45,62,61,37,32,39,19,8,13,22,59,57,7,29,28,21,17,6,4,43,46,18,41,53,15,42,33,11,49,50,35,31,27,30,16,58,10,52,34,63,3,51,48,9,44,0,14
28,23,52,62,4,32,35,31,53,45,25,29,41,58,9,43,34,14,49,10,5,59,1,19,0,50,56,20,39,47,57,13,15,7,22,63,2,6,12,16,30,18,11,42,26,51,48,8,37,46,33,27,40,3,21,36,17,44,60,61,54,38,24,55
33,43,0,45,29,36,46,32,37,15,22,35,39,7,31,62,57,58,55,51,47,20,40,53,21,16,23,6,54,27,2,17,5,19,59,42,41,12,44,52,34,28,48,26,13,8,49,14,10,61,50,60,25,24,38,9,11,3,4,56,63,18,30,1
30,19,32,48,58,31,14,47,35,46,55,43,60,15,24,59,61,49,45,9,11,63,52,50,8,4,37,17,7,3,53,0,6,34,13,26,28,56,54,57,25,51,33,38,29,36,41,12,16,62,22,23,27,1,40,42,20,39,44,5,21,2,18,10
21,50,7,63,11,17,35,18,58,12,57,30,34,2,16,45,53,40,37,60,13,28,29,33,10,8,48,49,25,47,51,9,43,5,24,3,6,46,52,32,61,15,41,0,62,1,23,55,39,14,42,4,22,54,19,38,20,36,56,44,59,31,27,26
25,9,17,41,4,16,56,42,21,49,3,60,32,55,2,48,59,30,47,15,62,29,38,36,45,39,40,0,18,19,27,44,54,22,51,12,58,5,13,57,1,8,33,11,26,35,7,52,20,6,31,46,34,14,43,50,37,24,23,63,28,61,53,10
42,13,14,51,59,4,57,40,46,56,10,38,62,32,58,25,6,24,30,11,1,52,23,35,45,60,47,7,5,20,0,28,31,55,41,50,44,33,21,27,9,29,48,36,17,53,49,34,54,2,16,43,19,63,8,39,12,18,26,15,37,61,3,22
58,8,27,61,9,33,59,55,5,12,51,47,44,13,50,46,28,32,10,7,48,35,0,18,29,15,54,16,36,2,21,11,22,1,14,30,60,31,34,43,20,23,53,26,57,39,52,17,4,45,62,25,63,41,38,40,24,6,37,3,49,56,19,42
37,39,34,54,63,20,1,12,59,4,47,40,27,17,28,45,49,0,46,33,13,32,5,29,52,8,48,19,3,16,22,7,24,35,44,2,26,43,55,25,21,18,57,56,58,23,61,6,9,53,38,14,31,60,41,15,50,11,30,42,10,36,51,62
5,60,43,12,39,55,61,33,40,26,49,51,38,56,15,20,41,9,30,10,25,11,1,48,14,7,0,16,52,44,19,17,45,34,32,58,2,8,37,59,3,18,22,42,28,46,57,13,35,31,54,24,21,63,29,27,53,23,47,6,36,4,50,62
58,24,44,51,61,45,40,12,14,27,23,2,56,31,42,7,13,62,29,3,21,1,17,41,59,49,52,10,60,63,0,18,39,55,20,50,36,9,28,34,35,22,32,15,19,53,6,43,38,26,37,57,30,33,48,5,25,4,46,8,16,11,47,54
53,54,30,1,63,35,26,62,41,31,37,2,14,46,49,11,18,0,44,42,58,17,52,28,29,21,40,48,36,23,15,51,22,13,16,8,34,27,24,59,9,47,25,57,12,19,33,32,38,50,5,6,20,56,39,7,55,43,10,3,61,45,4,60
34,58,18,12,28,26,53,15,59,9,6,41,42,46,38,27,57,7,25,35,56,23,19,11,52,14,50,47,10,51,21,37,24,31,43,3,4,49,40,62,44,29,55,61,39,5,13,16,22,33,0,2,1,20,48,17,36,30,45,32,54,63,60,8
33,15,29,50,2,10,22,46,53,60,11,41,61,3,48,58,19,7,39,47,16,25,27,1,17,30,21,52,56,42,40,45,14,12,13,20,55,62,8,35,43,32,38,59,54,36,63,49,24,4,26,5,18,6,31,28,34,44,37,0,23,9,51,57
49,3,38,41,34,0,30,17,23,39,36,58,20,61,28,13,24,45,63,32,56,9,33,18,5,21,47,10,12,25,22,7,15,1,35,2,57,54,62,27,40,60,55,48,29,51,14,44,53,52,6,37,11,42,31,16,43,50,19,46,59,4,26,8
11,17,12,32,30,20,56,55,13,8,15,62,21,48,50,34,41,2,33,57,39,14,31,63,44,19,35,16,49,38,54,27,58,40,61,59,18,24,29,36,0,10,26,4,7,6,43,47,51,22,9,1,5,42,60,3,28,25,46,37,45,52,23,53
56,58,10,40,27,32,15,29,41,55,33,14,63,2,31,6,25,51,49,47,13,59,48,60,18,4,42,12,57,34,37,17,44,36,35,3,52,54,11,39,46,62,19,22,16,5,26,45,1,50,7,28,23,0,30,20,61,53,24,8,21,9,38,43
63,5,58,46,9,2,31,55,28,62,52,3,27,29,22,48,47,45,1,4,34,8,19,26,21,12,14,44,60,56,42,61,30,0,50,7,39,32,25,11,10,57,24,37,43,51,54,23,38,6,15,40,41,16,20,18,33,59,13,35,17,49,53,36
63,33,50,53,40,59,21,26,12,16,6,25,23,14,47,13,54,38,46,24,7,56,34,39,17,51,2,29,22,15,8,3,11,35,5,36,49,48,42,60,57,43,10,58,62,9,4,41,1,0,28,30,61,19,37,18,31,45,32,55,27,52,44,20
22,13,32,19,27,46,53,47,49,44,10,20,26,35,23,25,58,42,16,3,1,41,28,60,36,29,14,33,56,40,2,9,12,7,63,0,21,6,59,18,11,4,5,37,34,62,8,57,30,15,31,24,61,38,50,54,48,51,55,52,43,45,17,39
45,15,16,61,5,53,19,55,36,37,57,32,1,25,23,51,63,62,4,7,40,35,29,60,33,9,42,38,59,2,47,13,54,43,41,34,46,17,24,49,27,8,39,14,12,58,21,48,56,6,18,10,31,20,52,26,11,0,22,3,44,50,30,28
44,37,16,17,26,57,18,11,19,28,5,21,24,41,35,48,33,54,58,53,34,9,29,32,60,7,50,0,45,31,43,61,47,55,3,1,49,39,15,12,59,38,56,2,63,4,51,8,27,25,46,22,30,23,14,36,40,52,13,10,6,62,42,20
15,43,39,1,35,47,33,58,24,21,59,61,13,45,36,5,40,34,19,50,6,25,42,17,31,53,62,44,57,37,32,41,8,54,12,4,9,11,0,2,49,48,7,10,55,29,60,63,18,26,38,3,20,16,30,23,22,46,27,51,28,56,52,14
42,23,38,20,17,0,32,16,39,7,26,63,33,2,36,30,29,46,8,37,51,61,58,34,9,55,22,21,5,45,15,57,54,41,48,18,43,10,60,52,14,11,62,12,24,4,47,53,27,3,56,31,40,13,44,6,50,28,59,19,49,1,25,35
0,29,19,14,7,60,31,15,35,39,12,22,43,34,16,25,57,8,44,30,33,17,58,18,62,59,10,54,45,61,55,48,28,50,26,27,36,11,63,47,38,9,3,24,41,40,23,2,51,13,21,42,56,4,53,5,6,32,46,37,52,20,1,49
24,51,2,37,21,13,17,4,38,49,27,34,14,20,43,62,48,54,15,30,1,53,42,46,61,9,36,6,40,33,52,55,3,63,59,58,0,12,41,11,29,31,7,45,35,56,23,26,22,57,19,18,44,25,50,10,5,28,8,16,32,47,60,39
53,11,27,57,32,29,62,58,1,26,8,39,6,13,42,22,28,12,15,46,18,30,49,34,9,48,45,5,24,14,10,40,60,7,47,3,50,61,31,17,51,36,19,43,44,56,59,63,4,16,20,21,38,52,41,23,35,0,2,33,37,55,25,54
50,3,52,16,20,14,44,49,29,22,43,24,36,35,8,23,6,33,7,28,59,61,10,37,40,39,48,1,13,31,38,47,26,63,21,17,32,51,12,41,57,55,25,19,46,4,53,56,0,34,2,30,11,27,58,9,60,45,5,18,54,62,42,15
48,32,57,39,54,24,45,26,1,17,43,34,15,35,63,0,61,12,49,36,11,19,44,9,55,29,2,50,46,4,58,62,40,6,8,13,7,41,56,51,22,60,47,52,27,25,14,37,18,16,33,23,53,59,5,28,38,10,21,42,31,30,3,20
53,0,12,11,20,40,41,22,30,2,1,34,14,8,26,47,29,37,10,18,55,38,4,62,25,59,7,13,45,35,57,27,5,32,44,16,51,52,58,6,28,39,42,49,24,31,48,17,33,3,60,23,61,21,19,63,54,15,43,50,46,36,56,9
37,45,34,3,38,62,57,13,43,63,59,14,27,25,7,21,33,35,36,47,53,49,19,16,10,55,32,18,4,28,61,11,24,5,26,9,41,0,17,58,42,2,50,52,22,60,1,48,39,40,30,51,15,12,6,54,56,44,29,46,31,8,23,20
10,26,20,13,14,36,53,38,33,3,30,55,60,57,21,5,42,46,24,25,50,22,41,7,63,23,11,15,45,31,28,51,0,8,35,32,9,49,29,54,1,59,44,37,61,6,58,48,27,40,18,52,17,56,4,43,62,12,47,16,2,34,19,39
59,5,25,14,3,48,61,20,38,24,54,9,15,58,52,57,60,17,49,6,62,22,4,18,45,44,32,40,26,39,27,47,63,10,50,28,56,8,23,46,53,42,11,29,7,31,41,34,35,19,0,51,1,2,30,37,21,33,16,13,36,43,12,55
28,3,18,12,60,30,45,39,21,36,61,6,26,9,37,46,20,57,22,32,27,19,2,35,51,31,23,17,52,47,54,34,25,4,59,40,63,7,48,38,13,43,8,33,5,11,58,41,14,56,15,1,53,10,24,50,42,55,62,29,49,16,44,0
47,25,61,43,22,55,40,31,27,56,58,26,60,17,49,42,59,50,13,9,15,32,35,29,23,46,28,57,45,10,0,24,7,48,16,36,51,8,38,14,6,1,39,11,37,4,19,33,21,30,41,20,62,2,3,12,52,44,53,63,5,18,54,34
22,13,47,46,34,37,24,16,32,25,20,12,39,9,18,21,61,3,54,10,19,23,43,26,35,33,1,40,17,60,4,7,57,5,38,59,2,45,41,50,63,6,31,27,11,14,48,30,36,15,49,51,0,29,52,28,53,56,8,55,62,44,42,58
15,45,58,20,22,3,34,62,56,9,61,48,39,32,42,27,53,2,47,46,24,8,29,0,49,52,51,35,25,31,5,38,55,40,36,21,13,7,10,14,30,43,60,54,33,18,28,37,50,59,57,26,12,41,16,19,44,23,6,4,11,17,63,1
3,24,62,4,8,13,27,10,11,49,52,53,5,38,30,15,50,51,59,16,9,23,48,45,6,40,35,60,22,29,56,58,47,19,55,12,42,17,33,18,41,61,32,46,28,63,20,0,2,7,31,1,34,36,14,26,54,43,39,57,37,21,44,25
53,38,16,42,19,57,30,47,31,17,14,29,55,6,18,22,63,21,60,5,20,34,56,11,10,54,39,43,25,2,7,26,61,12,48,23,49,59,24,27,46,1,37,45,0,33,8,3,9,50,36,62,52,40,15,51,28,4,58,32,41,44,13,35
22,6,5,51,60,35,29,21,62,34,52,45,20,12,8,15,37,44,47,9,3,38,53,24,23,19,57,33,61,55,26,27,7,42,46,56,4,63,36,0,11,14,16,50,58,59,30,48,32,41,54,31,28,18,13,25,10,39,17,49,1,40,43,2
57,18,2,12,45,48,38,50,32,35,13,25,23,40,47,42,0,21,7,16,59,4,24,53,17,56,8,51,3,41,20,55,62,15,26,36,34,19,10,44,1,61,28,14,58,5,39,33,29,30,6,49,63,22,31,11,9,27,54,60,46,37,43,52
43,2,15,7,49,56,11,22,38,3,58,37,31,57,14,32,34,9,40,42,30,19,13,61,39,51,1,48,29,62,36,6,53,35,18,10,4,5,26,17,33,41,0,59,28,50,63,44,45,54,8,20,23,55,24,46,27,12,21,52,47,16,25,60
38,56,13,1,35,32,11,18,23,28,22,36,2,40,33,37,34,53,49,4,54,29,43,25,39,21,27,48,44,19,55,57,51,9,24,31,62,42,20,15,12,30,50,14,60,0,47,5,58,52,26,17,45,3,10,8,46,6,63,59,7,16,61,41
16,29,19,1,14,56,24,41,11,57,18,23,33,48,22,26,61,30,9,63,60,12,53,8,32,7,35,52,46,43,21,25,4,20,17,62,50,45,49,3,6,27,58,2,44,34,40,0,51,15,28,47,37,36,13,54,55,31,5,10,39,59,38,42
40,39,27,20,49,33,51,16,13,2,26,58,14,60,42,6,12,53,18,17,43,50,4,11,48,52,5,7,54,1,61,34,63,19,47,41,46,3,15,57,37,36,62,28,24,25,10,23,56,9,38,32,29,22,8,21,44,0,30,35,45,55,59,31
51,17,54,32,11,2,41,46,5,60,58,9,27,14,36,6,7,62,38,42,52,20,25,1,16,59,31,35,53,28,61,34,45,39,49,30,0,29,63,50,40,56,21,24,15,12,22,19,43,10,47,44,37,4,48,8,55,23,26,3,33,13,18,57
22,8,30,47,6,34,20,26,15,19,27,40,53,59,42,16,11,48,9,1,41,3,0,45,32,17,35,25,31,62,57,36,29,14,23,49,33,43,37,56,58,2,52,13,18,38,50,39,21,63,4,60,28,24,51,61,7,10,54,44,46,55,5,12
58,51,11,27,34,38,61,28,44,26,33,55,22,4,12,40,8,17,52,43,7,50,19,20,46,15,5,48,21,54,9,10,16,25,0,42,37,6,32,62,30,31,29,41,23,49,2,60,18,45,1,36,14,3,47,59,24,35,63,53,39,13,56,57
15,24,46,21,32,37,11,29,2,63,20,50,49,22,10,60,3,39,1,62,61,45,51,57,23,6,42,27,13,36,5,35,31,28,53,14,7,58,26,25,4,16,19,17,33,59,8,40,38,48,54,52,43,9,55,56,0,44,18,12,30,34,41,47
52,15,61,44,62,22,57,59,17,47,10,26,54,39,3,36,30,20,35,28,63,9,23,49,51,24,42,1,33,5,56,48,4,38,2,50,13,6,34,8,18,43,40,45,53,32,25,16,41,19,46,58,12,60,0,11,37,55,14,21,27,7,29,31
20,0,53,54,40,23,51,31,47,25,43,59,50,3,35,46,30,61,60,22,55,27,39,18,10,8,21,37,7,41,42,1,24,62,4,9,52,49,15,57,12,38,11,5,33,13,2,48,58,29,56,36,44,32,34,16,26,45,6,63,28,17,19,14
50,55,60,49,1,9,63,11,18,20,51,43,13,4,25,17,29,21,2,36,41,58,27,52,56,0,61,12,62,15,14,53,35,57,40,38,5,23,47,7,32,44,33,10,31,22,6,42,54,8,34,3,37,26,19,59,24,16,28,39,46,30,45,48
28,53,29,14,55,19,0,48,23,39,63,27,60,54,34,15,18,17,11,7,31,13,56,58,5,45,52,61,8,4,59,21,3,41,32,30,24,57,20,33,40,37,22,35,49,16,9,25,43,2,46,47,62,50,10,1,36,38,6,51,42,26,44,12
15,9,56,52,1,55,61,54,23,33,28,47,38,24,57,62,22,43,20,17,30,13,5,39,3,50,19,2,46,37,51,45,41,60,25,58,11,31,6,10,35,14,7,26,12,63,48,27,40,4,29,53,59,8,42,21,16,49,0,34,36,32,18,44
12,32,34,62,9,21,11,1,51,55,17,45,54,35,63,47,6,30,13,53,61,57,33,41,0,2,16,42,43,37,19,24,39,44,50,10,52,40,49,22,28,8,18,48,58,59,29,14,5,60,38,7,46,25,26,36,31,56,23,3,4,15,20,27
7,41,37,9,17,4,18,26,50,36,6,28,59,62,1,30,25,33,24,15,44,52,13,35,32,31,54,55,3,0,47,39,56,51,42,43,21,38,23,63,5,45,61,22,58,48,49,14,40,19,29,20,10,16,57,27,8,11,12,2,34,46,60,53
37,9,58,56,61,11,22,0,6,40,47,51,33,35,36,15,21,60,34,13,20,38,62,55,26,23,10,25,8,5,14,27,54,29,18,1,44,41,57,7,48,31,32,3,53,39,24,30,12,52,16,42,50,28,49,45,59,17,2,4,19,43,63,46
56,44,60,50,23,40,21,8,14,12,22,36,51,9,37,6,54,38,57,2,32,52,28,61,53,62,47,34,39,13,41,4,45,24,25,35,20,29,49,31,16,1,33,7,0,18,30,17,63,55,46,48,59,26,43,58,19,15,10,3,11,5,27,42
63,32,59,13,39,18,2,50,36,24,57,9,48,60,6,10,58,3,1,19,26,30,23,4,49,41,28,52,27,51,17,53,16,7,12,21,31,62,43,8,15,29,37,35,20,0,5,56,25,45,14,47,42,11,34,55,33,40,54,22,44,38,46,61
55,23,10,51,40,50,45,8,21,15,13,37,47,46,44,0,62,53,17,2,59,9,20,14,38,28,41,11,5,29,30,3,48,25,33,4,34,22,32,43,61,6,24,27,49,39,36,42,12,19,57,7,1,58,54,18,52,26,35,63,60,16,31,56
1,24,29,57,15,62,36,14,33,61,42,3,44,54,50,34,43,13,10,17,22,51,59,0,60,45,5,31,4,41,46,40,63,26,21,16,11,49,55,18,52,8,28,6,12,2,23,39,9,32,25,27,56,35,38,53,19,20,47,58,37,48,7,30
61,12,35,56,57,39,32,43,62,37,25,17,16,14,47,50,44,7,15,11,52,31,8,13,48,22,58,10,49,60,38,21,4,30,51,23,6,54,5,9,2,19,24,0,34,29,18,33,36,26,20,46,63,3,45,42,53,40,59,27,41,55,28,1
31,15,47,25,20,36,4,27,24,63,11,58,42,22,30,52,19,1,8,10,23,60,12,55,53,38,50,26,44,45,48,0,33,3,51,59,46,34,61,6,62,41,39,2,32,5,7,43,49,9,57,18,40,37,17,29,14,21,54,28,16,13,35,56
17,45,37,61,26,52,7,0,27,13,35,22,47,11,15,43,41,33,4,59,57,28,3,23,10,29,39,54,12,58,6,48,40,46,5,62,51,1,25,55,2,18,50,9,38,8,16,36,24,34,30,63,31,53,56,42,20,49,60,14,21,19,32,44
56,51,53,40,32,30,27,1,21,28,11,9,8,3,29,23,7,36,34,25,38,42,16,39,55,17,12,5,13,26,19,24,47,54,41,49,60,62,37,50,0,46,15,18,20,48,59,33,43,4,2,22,58,35,57,61,6,63,31,10,45,52,14,44
11,4,21,58,34,13,7,8,56,40,10,49,26,50,12,14,62,3,51,41,5,48,45,43,31,53,36,20,2,37,35,60,42,46,32,55,0,47,24,29,28,16,44,57,27,33,18,38,52,63,61,9,23,30,1,19,25,15,22,39,54,6,17,59
41,62,20,54,15,8,35,33,47,59,26,9,31,52,23,6,56,12,38,48,28,17,40,3,7,58,32,30,61,16,37,57,18,24,27,39,50,43,46,21,55,5,0,34,22,44,53,1,11,45,4,42,36,63,14,25,49,2,51,13,29,10,19,60
11,53,4,3,33,60,13,58,9,35,12,61,39,2,27,29,18,49,24,19,46,47,16,54,26,51,0,43,17,15,40,28,7,31,41,10,14,6,44,50,22,55,1,57,59,20,23,63,25,37,8,30,32,45,36,42,56,5,34,48,62,38,21,52
8,32,39,55,41,16,47,23,62,63,6,27,19,10,53,12,24,45,9,14,28,1,49,31,34,11,46,4,30,17,51,56,25,61,20,33,0,40,13,37,43,58,15,36,7,21,54,50,5,52,26,18,59,57,29,48,38,22,44,2,35,3,60,42
38,32,33,52,44,4,17,0,46,53,57,51,15,37,63,54,27,5,62,10,60,22,59,36,9,58,35,18,12,43,31,28,2,61,1,13,49,34,55,23,25,29,26,14,3,30,56,21,47,24,8,39,11,16,42,50,20,19,45,41,6,48,7,40
47,52,4,28,41,45,30,19,9,13,27,14,60,26,46,8,34,33,39,11,54,3,51,37,16,12,63,59,18,1,48,49,20,24,5,62,53,35,58,43,32,55,17,23,57,6,61,0,15,40,50,56,21,25,7,10,36,42,2,29,22,38,44,31
15,2,21,45,14,26,27,3,29,17,20,10,58,38,39,55,60,9,22,7,18,52,28,8,49,57,35,59,50,63,61,30,11,48,19,37,23,34,44,42,25,4,46,62,12,24,53,1,40,16,56,36,33,54,13,31,0,43,51,47,32,6,41,5
5,43,37,8,11,16,56,3,10,55,19,14,50,36,47,60,6,62,34,57,1,61,28,33,40,18,42,41,7,13,31,15,30,21,17,38,45,59,24,46,23,9,26,63,20,44,35,54,53,58,22,39,4,27,32,48,12,29,49,0,25,52,51,2
55,22,38,23,13,4,47,51,33,18,15,1,0,39,9,29,56,2,50,49,10,8,42,21,59,5,62,54,24,41,53,30,20,14,7,11,28,25,40,17,63,46,36,3,48,31,6,44,32,19,35,57,60,43,61,52,27,16,26,45,58,12,37,34
40,55,44,51,4,17,41,6,21,56,42,45,52,33,39,22,18,46,54,15,25,50,0,28,2,57,19,37,14,47,29,62,58,20,5,49,63,9,31,60,36,30,1,53,48,16,38,61,35,43,3,10,27,59,26,8,13,12,24,11,34,23,7,32
40,38,43,36,10,18,52,16,62,20,32,44,58,14,59,4,22,12,0,46,41,63,11,55,39,17,3,28,27,57,21,15,9,19,25,60,29,61,8,7,5,35,54,49,37,51,13,30,2,53,24,34,48,50,26,31,23,6,1,42,56,47,33,45
24,38,15,49,35,3,46,33,23,22,32,28,58,0,48,53,17,34,9,18,42,40,61,2,60,44,45,54,47,19,20,50,14,21,31,43,59,63,8,30,10,4,29,12,25,7,51,6,37,57,11,27,39,56,1,41,55,5,26,52,13,62,36,16
62,10,2,50,63,44,57,20,40,17,53,30,8,47,27,33,5,26,35,51,48,21,52,22,36,49,54,16,59,6,42,29,9,11,28,38,32,37,1,4,41,31,25,45,24,55,61,23,58,34,12,14,39,0,46,56,15,18,60,43,7,19,13,3
12,37,55,58,27,28,56,30,59,52,4,45,26,19,23,6,42,43,46,44,51,16,40,35,34,10,8,39,9,7,36,11,14,25,50,62,38,54,31,1,17,60,61,18,29,3,57,24,20,48,5,33,22,15,49,2,13,53,32,41,0,47,21,63
33,44,40,32,29,54,37,48,8,28,49,47,23,5,36,19,9,41,61,62,46,51,24,38,14,60,56,43,27,12,21,30,45,59,26,10,55,11,3,57,22,13,16,35,6,53,4,42,2,15,18,20,34,31,7,0,52,1,58,63,39,17,25,50
18,35,22,21,6,32,14,1,9,62,40,33,25,52,28,3,10,43,30,16,45,26,5,12,50,4,23,58,17,59,34,51,44,19,8,55,46,56,11,36,60,53,63,54,39,38,42,7,15,48,27,57,2,24,47,49,0,13,20,41,31,29,61,37
60,44,17,30,15,61,33,34,4,58,3,50,53,12,1,26,32,22,36,23,27,42,39,25,16,43,18,40,56,14,49,47,57,59,2,37,20,31,10,19,13,52,63,55,8,11,29,51,48,45,54,7,28,9,35,38,5,62,41,46,6,21,24,0
48,57,45,16,30,24,61,62,9,53,26,19,39,35,54,29,21,42,14,22,49,40,36,56,37,43,10,47,11,13,58,2,28,25,23,34,8,1,18,59,44,55,60,5,41,38,6,3,20,12,0,7,15,46,63,32,31,27,52,4,51,50,17,33
37,8,16,47,35,24,12,3,41,59,53,51,4,10,6,18,15,45,26,58,30,63,22,28,27,14,5,62,19,20,43,48,9,36,33,25,7,55,39,29,11,0,52,44,31,46,34,49,2,1,38,42,56,32,17,60,13,40,61,57,50,21,54,23
48,18,40,1,9,3,36,4,12,42,14,32,37,28,46,49,15,41,29,22,7,45,47,11,59,25,21,52,20,8,6,55,54,0,30,58,44,27,5,35,38,2,10,23,13,56,63,39,53,61,34,60,19,17,57,43,51,50,24,33,31,16,62,26
28,56,41,49,61,24,44,18,30,16,5,57,47,19,62,60,46,23,35,8,9,25,3,13,14,11,22,4,12,59,2,21,38,10,26,15,39,29,42,0,43,33,58,50,40,63,53,51,20,48,7,27,37,17,36,52,6,32,31,1,45,55,34,54
60,59,54,46,9,15,16,2,5,48,1,33,21,11,13,26,25,32,30,24,63,8,34,35,14,12,29,23,45,6,57,43,62,20,52,39,19,27,37,38,49,47,3,28,40,50,0,42,31,4,53,10,17,41,55,61,36,18,44,22,7,56,51,58
0,57,58,4,26,37,45,40,5,54,60,36,62,51,18,11,48,6,15,61,56,49,27,43,42,7,1,47,17,16,10,59,53,28,13,22,30,39,34,9,12,38,46,3,29,20,21,33,31,24,63,41,14,19,8,52,55,35,32,25,2,23,44,50
43,16,8,48,26,34,29,50,42,23,14,6,38,21,59,10,36,25,45,56,37,53,27,12,40,28,63,35,0,18,60,52,31,1,54,32,19,24,39,13,58,47,55,61,46,4,49,5,2,15,30,33,3,41,17,7,11,57,20,22,51,62,9,44
35,29,46,3,52,53,49,58,55,28,2,20,33,6,23,36,59,17,27,37,14,62,13,45,26,7,31,60,8,39,12,51,40,57,63,61,25,4,22,47,34,56,1,48,10,41,16,15,50,38,9,24,30,18,5,42,54,19,43,44,32,0,11,21
52,0,11,35,18,20,30,21,25,38,46,57,56,34,61,37,33,27,13,23,24,32,17,14,10,8,39,6,5,9,22,59,16,36,53,42,47,1,58,49,55,44,60,51,7,63,29,48,28,54,15,62,19,26,45,40,50,2,4,3,12,41,43,31
59,51,29,19,43,42,13,58,61,46,26,33,21,30,23,3,4,60,38,54,49,0,41,55,44,14,63,36,25,37,9,11,27,16,28,57,17,39,12,47,62,32,31,6,10,1,40,5,7,34,18,8,2,20,50,53,24,52,56,15,35,22,45,48
44,16,40,38,57,5,1,31,7,27,14,13,22,6,60,0,62,12,58,34,28,51,63,4,24,32,26,41,37,23,25,9,54,48,59,45,36,8,39,52,42,19,50,10,49,11,47,33,18,56,3,53,46,43,17,29,21,55,20,30,61,15,2,35
46,54,30,41,39,56,44,27,57,9,55,61,35,59,50,20,1,19,21,12,17,33,29,22,23,13,26,5,45,10,31,15,63,58,42,36,8,4,11,7,40,60,32,47,43,28,14,52,38,0,62,2,49,25,3,51,16,48,37,18,24,53,6,34
49,45,11,2,54,8,20,38,9,44,25,30,10,50,14,40,27,22,21,62,23,51,5,15,59,42,63,19,33,17,31,13,3,26,60,36,24,6,43,4,34,53,0,12,56,18,35,47,55,7,32,29,1,48,46,41,16,39,57,52,37,58,28,61
63,46,55,29,40,3,39,23,22,51,57,17,28,25,53,42,41,47,14,9,33,45,31,6,26,30,56,13,37,15,34,38,5,50,43,19,10,18,0,48,11,21,49,32,2,27,12,20,8,52,58,60,1,54,24,44,7,59,4,62,16,36,35,61
8,45,46,5,28,42,20,32,47,7,57,53,2,19,14,52,3,35,48,31,0,30,40,43,56,22,51,29,16,27,55,13,1,6,63,58,39,49,17,37,21,4,61,10,41,62,34,36,38,44,26,60,33,59,24,25,23,50,54,18,11,12,15,9
1,39,46,28,47,16,57,43,0,17,44,61,18,14,33,35,24,63,15,4,52,40,41,29,56,62,51,9,53,3,58,10,54,8,21,26,13,23,22,60,6,38,11,20,2,12,48,5,36,32,37,25,45,19,55,49,50,30,27,34,59,7,31,42
57,36,6,30,24,1,52,25,46,8,41,35,62,15,9,17,59,51,21,54,3,12,29,43,13,33,27,63,55,11,58,45,7,47,18,26,60,48,23,4,31,14,42,40,44,34,56,32,61,2,50,16,20,49,38,10,22,37,39,28,53,0,19,5
12,60,30,19,53,9,23,57,8,13,44,47,58,5,36,55,59,22,15,3,50,38,41,61,63,24,51,32,20,49,7,56,35,6,26,40,17,29,4,39,31,18,11,54,45,14,48,33,16,25,46,21,27,34,42,43,62,2,52,37,10,0,1,28
32,37,55,30,38,58,63,3,29,56,25,9,36,60,39,20,27,49,22,5,23,19,7,24,54,17,2,43,8,50,42,45,16,59,35,1,33,10,18,53,28,12,48,4,6,31,15,57,13,41,44,46,52,40,26,11,62,14,61,21,47,51,0,34
9,21,24,55,45,30,5,36,52,39,41,37,26,19,57,7,20,58,35,25,48,42,22,11,49,15,34,33,28,62,6,56,63,51,54,14,38,1,3,43,8,44,61,2,10,32,46,50,29,12,60,0,47,27,23,18,16,17,4,13,59,53,40,31
20,21,3,36,39,33,2,12,7,53,58,60,30,4,37,0,61,29,42,16,63,35,8,62,31,24,44,40,41,32,51,23,15,10,26,57,55,22,28,50,19,5,48,17,34,52,47,13,59,27,1,45,43,56,25,14,38,54,49,46,11,9,18,6
19,4,38,51,46,20,54,12,52,25,39,9,8,22,14,27,59,31,62,45,53,2,13,32,15,18,41,61,36,60,34,35,63,48,6,30,23,58,28,56,43,42,44,49,47,5,7,21,16,55,17,11,33,40,57,1,37,0,50,24,29,26,3,10
24,20,23,42,2,43,41,51,4,56,57,45,37,15,0,59,27,31,6,32,53,48,14,3,17,55,30,58,1,25,34,10,22,54,16,40,35,36,39,44,60,61,50,12,62,21,11,7,52,46,28,49,19,33,8,5,18,38,47,26,29,63,9,13
20,40,43,31,24,47,23,26,51,35,50,52,28,8,32,6,2,17,55,62,30,25,13,61,18,45,19,4,54,29,22,59,56,42,41,12,34,46,33,44,1,60,9,16,38,3,39,11,15,0,5,57,36,37,7,49,14,27,21,10,53,63,48,58
50,49,39,60,56,31,6,36,32,19,29,57,25,14,43,8,48,28,44,17,3,47,54,4,40,9,1,58,0,7,11,41,18,51,61,16,24,52,35,13,38,62,10,20,42,59,27,30,2,63,26,34,37,22,5,21,45,33,15,53,23,12,46,55
17,7,15,18,11,14,20,9,46,55,39,6,30,29,5,38,12,59,10,54,21,37,41,56,43,3,24,45,40,13,16,34,35,51,32,31,44,52,63,49,36,25,27,61,47,33,23,22,50,1,58,8,4,60,62,53,42,19,26,48,28,0,57,2
19,14,4,29,30,18,13,48,21,24,2,5,3,15,31,54,34,28,59,39,45,20,11,6,33,9,55,62,16,53,26,42,17,0,47,61,43,56,27,1,52,50,63,44,37,51,49,36,12,35,32,46,57,41,22,7,60,40,8,38,58,10,25,23
44,58,4,0,2,56,3,30,8,12,6,7,36,28,21,48,51,50,52,9,55,16,23,63,11,35,40,24,20,61,25,37,39,33,15,43,46,57,19,17,62,1,34,38,22,31,32,59,42,47,5,54,60,10,27,29,49,18,45,26,13,14,53,41
52,31,59,42,23,61,22,12,29,20,1,62,48,32,10,28,39,2,49,25,17,3,51,38,47,54,24,6,35,56,44,46,26,63,30,40,58,16,7,57,36,60,4,9,53,21,14,41,15,55,45,37,34,33,0,27,18,43,50,5,19,13,11,8
21,52,59,63,24,9,29,55,42,58,56,43,50,2,1,13,47,46,35,4,62,8,3,37,61,51,25,26,18,30,5,49,45,19,10,36,22,40,33,17,23,14,41,6,12,28,44,57,54,11,38,0,60,15,20,53,48,27,34,7,31,16,39,32
12,37,57,21,43,8,27,22,29,14,53,38,9,32,36,33,41,47,10,20,26,23,4,1,50,3,34,44,46,55,63,35,60,52,31,2,54,51,6,40,62,17,18,30,25,59,7,49,42,48,45,28,56,11,15,16,24,13,0,58,5,39,61,19
33,7,26,45,54,39,28,56,5,34,20,18,19,24,23,48,2,50,25,61,1,47,35,30,21,53,13,58,40,37,16,52,0,36,62,3,41,60,51,10,63,31,42,11,32,6,49,46,38,14,57,15,22,44,55,59,12,43,17,27,8,29,9,4
62,17,19,18,1,33,0,58,16,6,60,38,43,57,41,42,40,52,46,5,48,45,53,3,34,13,56,24,49,50,32,36,11,51,63,8,37,2,25,39,7,22,10,4,14,61,28,20,27,35,15,59,12,31,23,47,30,54,29,21,44,26,55,9
60,32,42,16,63,15,3,34,31,37,9,40,57,53,1,11,56,58,14,50,17,19,55,45,10,39,38,51,22,28,54,20,6,12,47,52,25,61,30,33,24,18,21,44,36,4,29,35,23,0,43,8,26,59,13,7,2,46,41,49,27,62,5,48
9,29,16,25,24,30,48,43,21,54,33,44,35,5,23,53,27,51,26,57,10,19,61,0,22,28,34,31,32,7,20,49,46,36,62,52,45,11,6,18,37,42,1,14,47,12,55,40,56,63,58,4,8,3,13,15,59,50,38,41,39,17,60,2
2,24,22,1,10,36,26,63,58,18,40,28,60,49,23,17,54,0,55,41,43,13,20,48,9,44,52,27,39,53,14,59,50,34,4,57,12,56,5,35,7,62,31,25,15,8,21,45,32,19,61,51,38,3,6,29,37,42,11,16,47,46,33,30
2,57,11,27,40,56,44,48,10,9,41,51,62,15,23,46,38,63,60,49,58,47,13,43,12,31,54,32,26,3,0,35,8,4,14,45,37,33,61,53,19,39,50,59,42,1,28,24,52,55,34,17,20,6,5,16,22,18,7,21,25,36,29,30
39,63,30,17,31,12,8,26,15,52,21,20,49,60,32,9,1,28,29,16,40,25,10,19,47,18,13,23,37,36,48,54,53,24,0,6,14,4,44,43,38,33,59,58,61,7,57,5,3,55,50,62,42,46,51,27,35,11,22,56,2,41,34,45
58,31,29,49,20,55,27,37,26,40,30,17,2,14,56,48,39,18,52,12,60,16,61,24,62,1,44,21,46,15,25,9,57,3,38,13,19,22,28,35,43,10,0,7,42,11,23,47,63,4,5,6,36,33,34,53,45,32,54,41,50,51,59,8
10,42,34,49,61,43,53,11,59,62,17,5,19,47,8,38,51,50,27,25,9,48,58,26,0,44,1,39,2,41,16,52,57,4,29,20,32,18,14,45,54,63,31,56,15,55,40,21,24,28,23,35,6,7,46,22,33,3,60,12,13,30,37,36
9,33,26,43,59,34,32,56,47,25,55,4,12,58,29,40,6,61,57,62,38,63,52,24,14,19,36,8,11,20,23,46,44,60,17,48,41,31,39,3,16,50,42,18,7,21,5,1,51,13,37,45,28,30,2,22,27,15,10,53,35,0,49,54
22,45,31,51,55,57,28,30,37,10,41,3,9,39,26,24,29,25,2,32,19,13,58,12,8,42,35,44,15,20,0,1,52,60,36,63,56,21,7,33,18,61,43,53,23,4,5,47,50,59,62,54,27,40,17,11,34,16,6,48,46,14,49,38
51,17,41,43,31,6,63,18,26,45,23,49,47,55,16,59,57,62,36,58,0,22,56,33,53,39,25,12,46,35,19,61,10,42,11,5,1,21,29,60,37,20,9,32,24,44,54,2,8,52,4,48,15,14,3,40,34,28,27,38,50,7,13,30
21,32,52,53,28,58,14,0,11,2,6,19,49,25,55,56,60,22,62,5,27,4,37,17,30,31,35,44,15,33,42,51,8,26,48,3,41,39,10,57,36,54,40,50,59,12,1,38,16,20,23,61,34,63,7,29,24,46,18,9,45,43,13,47
11,3,9,33,35,50,14,45,48,23,61,40,7,42,20,6,34,26,12,63,37,57,16,46,38,53,56,8,28,44,58,32,18,21,25,31,17,1,43,36,55,10,60,62,15,27,51,59,0,13,5,49,52,30,19,24,29,2,22,4,41,54,47,39
4,56,20,25,2,10,11,12,58,42,27,41,14,47,0,16,63,46,3,5,28,52,30,45,19,17,13,26,61,37,53,36,22,24,50,54,18,49,40,7,39,43,34,60,23,38,21,33,9,1,48,31,62,15,51,59,57,8,32,44,29,55,35,6
48,62,60,53,37,63,40,2,3,19,6,33,11,29,58,26,55,16,4,36,5,59,22,54,31,44,47,28,42,12,50,17,20,18,30,41,32,14,34,13,39,21,35,43,0,51,10,56,27,9,8,61,25,15,52,1,49,38,7,45,46,57,23,24
39,7,46,41,33,63,11,48,43,24,61,56,17,35,25,0,15,53,60,49,51,44,26,58,52,59,42,5,21,40,10,16,1,55,34,36,2,8,45,14,18,62,13,50,47,30,38,9,6,12,4,27,37,54,20,3,28,31,19,23,57,29,22,32
12,57,54,61,56,2,14,60,33,23,4,44,0,52,59,16,48,15,9,22,42,35,39,50,30,47,21,6,8,36,7,38,26,58,62,46,11,49,10,19,45,28,41,40,37,5,29,27,55,25,24,63,18,3,34,31,53,32,13,1,20,43,17,51
23,44,59,42,34,19,37,20,17,62,58,13,45,35,39,15,38,18,57,28,5,6,21,53,16,2,8,10,55,33,56,31,49,50,22,1,11,14,7,27,26,3,32,41,24,43,29,12,9,54,48,51,63,25,36,47,30,52,60,61,0,40,4,46
28,23,45,59,41,25,22,57,12,51,32,35,56,43,48,30,61,46,6,20,33,54,4,7,19,34,3,49,8,52,47,27,39,16,0,13,14,1,17,55,44,18,37,50,62,42,63,29,21,9,2,36,31,60,58,40,38,10,53,24,15,5,11,26
46,32,42,8,50,27,31,30,56,60,59,19,16,40,21,55,14,54,25,47,4,36,45,7,20,41,3,33,6,11,57,17,26,24,48,63,10,51,1,34,13,22,61,28,0,9,53,58,38,52,44,62,43,37,2,39,29,49,23,12,18,35,5,15
34,14,20,22,16,28,8,53,56,52,15,61,1,37,24,23,36,2,31,62,0,27,35,33,29,40,51,21,26,59,13,54,10,18,44,32,19,50,4,45,30,60,42,39,49,48,5,3,11,7,41,9,6,47,17,38,57,46,58,12,43,63,55,25
59,44,31,25,53,60,10,9,50,5,14,37,24,49,57,48,1,46,22,32,56,30,40,29,41,8,34,23,33,51,55,0,52,54,12,45,38,20,3,11,18,58,17,27,15,6,13,7,19,47,39,62,42,61,28,4,35,63,16,26,36,43,21,2
36,16,41,25,26,5,10,37,24,48,32,17,31,33,20,40,45,11,52,57,9,3,55,7,30,35,58,23,1,49,46,50,53,63,19,0,15,39,59,18,62,60,27,21,28,4,12,47,44,8,13,2,14,54,56,42,22,6,29,61,34,38,51,43
19,53,58,30,32,52,43,49,26,11,48,41,10,8,28,51,9,59,54,24,20,17,36,12,16,50,1,47,7,5,31,34,25,2,29,4,63,23,22,27,62,45,57,14,3,55,18,13,0,37,21,44,56,6,35,33,46,61,39,38,15,60,40,42
19,44,22,54,28,47,39,25,62,26,48,42,51,5,11,24,33,1,16,23,57,40,56,46,8,29,53,50,13,7,60,49,61,43,30,36,3,35,45,14,9,18,58,12,27,55,59,2,38,31,32,37,21,10,20,34,63,0,4,15,52,17,41,6
50,61,56,20,26,11,9,36,22,58,47,25,31,57,59,10,37,43,52,41,6,55,30,49,7,24,38,14,15,18,1,21,27,35,19,28,54,23,42,44,60,45,17,29,8,4,48,13,53,63,62,16,2,39,51,3,12,0,40,34,32,46,5,33
58,8,16,3,5,59,38,61,14,26,31,46,6,54,60,62,25,35,57,49,20,10,18,0,11,41,9,19,23,51,30,50,40,32,53,52,43,42,47,1,22,29,2,36,17,24,33,21,34,4,45,39,15,28,56,12,37,44,55,63,48,7,13,27
41,31,48,35,46,60,55,52,0,26,39,42,25,44,11,29,4,54,12,19,36,18,49,57,37,63,56,7,24,58,9,50,16,27,53,51,30,34,13,47,20,33,59,45,3,14,23,43,2,1,8,28,15,17,22,5,21,62,40,32,38,10,6,61
10,26,44,49,35,38,59,32,20,36,31,16,18,1,2,23,29,50,33,4,6,14,19,11,60,48,12,57,58,27,51,52,45,42,13,30,7,63,24,34,22,0,47,62,53,15,61,25,21,3,40,9,55,17,39,41,43,28,8,5,37,46,54,56
43,36,37,44,23,59,63,31,28,25,0,61,52,51,42,20,5,8,17,34,26,13,16,2,46,24,35,32,62,3,56,1,27,19,39,18,57,12,41,30,4,48,6,21,60,54,40,15,10,49,53,50,47,9,29,55,7,33,45,22,38,58,14,11
16,13,7,33,12,30,10,2,37,59,20,26,40,42,24,58,60,27,25,47,29,32,5,34,3,23,56,4,14,1,15,31,39,45,17,48,8,46,18,9,11,22,28,19,41,44,6,49,61,53,0,38,52,43,55,50,35,57,36,51,21,63,54,62
23,30,12,18,40,4,28,38,2,35,33,31,29,14,62,37,16,50,45,24,44,11,56,7,10,42,48,59,22,0,54,34,13,26,17,46,39,61,8,9,63,21,49,36,27,57,32,60,52,51,19,25,3,58,43,53,5,6,15,47,41,55,20,1
26,56,63,4,8,25,37,28,59,53,5,3,57,27,14,58,13,11,34,60,20,36,46,31,39,44,2,38,15,49,21,32,40,7,16,18,62,54,61,17,48,45,9,33,52,42,10,55,29,51,1,19,41,6,24,12,47,50,0,43,23,30,35,22
12,9,2,47,1,54,27,62,13,28,53,50,26,18,61,29,4,5,55,34,37,0,10,32,25,39,38,15,11,60,8,48,51,20,44,52,22,43,36,7,46,41,6,21,59,30,56,49,42,23,40,16,14,3,24,63,19,35,17,58,31,57,45,33
3,50,55,42,19,40,43,28,1,24,16,62,17,26,29,14,61,60,33,32,47,25,56,23,22,54,31,12,9,13,2,58,49,34,48,41,59,53,30,39,10,21,6,5,35,52,46,4,37,8,45,36,20,51,0,57,18,27,11,15,63,7,44,38
44,6,31,14,18,0,55,21,49,59,38,19,41,2,28,10,26,42,35,13,51,8,5,37,34,56,57,43,17,25,63,12,60,39,54,9,24,53,22,47,61,23,52,11,32,46,58,36,20,45,33,30,48,1,27,4,50,15,16,3,29,40,62,7
54,42,10,59,5,21,37,36,44,62,48,3,14,41,13,12,57,25,20,4,51,8,34,19,50,60,58,33,23,22,24,11,39,32,31,52,16,53,1,29,28,27,61,18,46,9,49,17,0,56,38,7,43,63,15,47,30,2,35,45,26,6,40,55
37,60,11,35,22,17,52,14,44,53,20,24,1,38,33,49,43,51,16,62,26,56,28,45,19,58,47,10,42,40,23,2,29,57,36,32,30,31,5,6,7,39,21,41,15,18,3,46,59,34,27,13,48,63,9,8,50,61,4,54,12,0,55,25
53,41,30,2,22,29,43,63,52,48,23,45,55,14,6,27,21,62,50,26,25,58,61,0,3,28,13,19,15,9,38,37,24,59,10,46,5,34,17,44,42,4,51,56,11,18,39,20,7,8,54,57,31,60,40,47,35,16,33,1,32,12,36,49
46,50,12,28,31,13,37,4,29,55,8,22,41,53,10,43,40,5,58,7,62,32,1,45,49,34,24,15,47,3,14,19,17,35,16,57,38,27,6,20,0,63,9,18,61,2,52,11,54,21,44,39,42,59,60,23,56,51,25,36,48,26,30,33
3,46,50,55,12,58,25,22,56,43,60,35,37,2,4,23,41,14,6,18,52,63,62,38,53,16,54,33,15,48,19,1,26,11,51,59,9,13,31,21,7,24,42,10,20,32,40,45,47,34,27,61,5,39,57,8,0,30,29,36,28,17,49,44
56,59,10,4,24,21,22,11,44,55,16,39,58,33,52,7,5,36,23,1,0,32,17,51,53,62,26,41,45,63,31,3,2,14,20,46,25,49,30,19,57,48,47,60,42,12,9,50,35,13,27,61,28,6,38,15,34,54,18,29,8,37,40,43
6,24,17,33,3,58,19,56,59,1,37,28,8,47,5,51,52,14,2,31,63,44,60,0,35,36,27,18,42,49,43,7,21,23,20,12,50,13,22,41,38,11,54,30,61,34,29,45,40,46,9,15,32,57,55,10,26,48,4,25,62,39,16,53
52,18,3,24,56,55,57,14,26,11,59,37,31,5,49,30,34,51,36,4,0,48,10,22,53,16,9,50,28,6,39,27,35,45,44,15,1,32,2,20,63,40,29,23,25,62,19,41,21,7,12,58,60,17,38,47,43,61,13,8,54,42,33,46
24,40,36,63,5,55,41,19,60,35,23,54,47,16,15,50,4,61,34,56,30,0,26,28,45,42,7,32,27,44,52,43,51,33,2,6,57,38,13,11,62,14,29,39,22,8,58,53,48,25,31,12,10,46,37,59,3,17,21,1,9,18,20,49
20,32,57,38,44,15,51,21,59,33,16,53,10,50,47,12,1,25,11,4,52,7,28,58,13,39,48,27,9,42,6,3,0,45,60,63,54,37,22,36,8,34,35,43,19,40,62,26,46,41,18,2,31,14,30,17,49,24,5,55,23,61,56,29
58,18,26,46,56,34,52,42,16,10,40,28,36,53,0,41,5,62,54,22,50,2,59,39,25,13,4,48,12,29,63,30,61,20,3,24,47,44,19,9,21,6,51,35,45,55,1,31,8,17,27,38,15,32,11,49,37,43,57,23,14,7,60,33
20,31,62,51,58,5,52,48,61,63,47,7,6,0,23,36,42,41,60,56,28,3,13,17,16,14,55,32,29,34,39,27,11,44,57,22,50,26,49,4,38,24,1,54,15,35,2,43,33,19,30,46,9,21,45,8,59,53,18,40,10,25,12,37
46,49,34,6,53,42,58,59,0,35,7,2,9,57,3,60,20,63,22,18,4,17,45,29,39,19,56,62,32,36,41,33,43,8,14,54,28,15,13,55,1,24,25,10,26,52,61,48,27,5,23,50,37,30,31,11,51,21,16,38,44,12,47,40
29,56,3,8,0,2,20,39,59,34,48,46,1,55,43,54,6,19,22,11,44,15,40,26,13,45,38,12,37,16,25,21,4,35,23,27,41,61,49,36,18,30,60,58,52,7,17,47,51,57,62,5,28,42,53,9,33,24,10,31,63,32,14,50
21,43,49,23,36,46,28,22,5,51,20,27,41,10,39,50,2,44,4,63,45,52,1,61,17,26,11,25,59,12,34,54,60,15,38,14,9,3,57,0,62,53,16,42,55,19,35,29,8,31,32,56,58,48,47,40,18,6,33,37,24,13,30,7
61,31,39,17,49,41,25,59,46,0,53,20,42,30,16,44,62,55,47,36,57,56,52,50,18,43,29,54,4,33,13,32,12,23,60,21,1,8,63,2,7,26,37,3,45,35,10,19,48,51,22,38,11,15,5,40,28,58,14,34,9,6,24,27
63,24,5,9,50,27,22,16,52,33,60,8,48,13,6,41,18,42,3,59,56,2,21,23,29,10,15,26,25,32,39,44,49,7,17,30,11,4,36,31,62,47,43,35,54,57,1,61,0,12,34,37,28,45,46,20,14,38,51,40,19,55,58,53
45,35,49,0,24,34,26,58,40,7,5,30,21,52,50,8,4,31,60,33,51,6,22,28,12,15,57,13,23,37,36,16,62,54,25,47,27,11,19,56,46,55,59,32,10,61,9,1,41,43,17,2,38,63,18,20,3,48,53,14,29,44,39,42
41,54,50,51,36,24,60,61,30,11,59,48,31,40,6,4,29,42,2,34,35,56,46,47,20,0,38,21,10,12,57,32,8,22,19,9,5,39,1,53,52,25,23,7,33,63,37,18,14,17,13,27,16,58,15,26,45,3,62,55,44,49,43,28
22,17,59,12,54,51,46,37,29,2,19,61,49,23,8,26,14,28,63,48,33,5,32,25,11,18,44,27,31,1,53,52,40,50,16,9,0,60,4,38,21,39,47,7,6,36,10,34,35,41,20,13,56,42,62,45,15,57,3,43,58,24,55,30
15,0,7,53,1,18,12,36,4,16,13,29,35,34,47,37,51,44,22,31,19,10,50,21,3,54,60,14,63,30,23,28,48,26,49,46,38,59,33,58,62,39,45,5,2,43,27,40,61,11,42,8,55,9,20,57,52,56,24,25,41,6,17,32
27,29,61,48,7,19,9,44,31,32,30,55,12,60,39,18,33,6,4,47,53,25,36,46,13,40,38,0,22,5,42,26,3,52,16,37,14,17,56,41,62,21,10,24,57,23,54,11,15,8,50,20,28,58,43,45,1,2,34,35,63,51,59,49
14,45,40,22,52,61,46,10,16,6,56,51,25,36,9,60,3,38,2,5,48,54,23,0,34,42,18,62,24,15,7,21,4,63,35,59,37,8,28,57,49,39,12,44,1,27,41,13,19,33,32,55,53,11,47,31,58,50,20,30,26,17,29,43
47,11,10,4,41,52,34,28,6,27,19,20,37,2,59,32,42,8,39,30,5,26,54,36,56,7,15,49,9,17,16,48,1,55,43,25,31,63,50,58,60,45,13,40,3,14,21,35,33,38,51,62,23,18,53,22,24,46,44,61,12,0,57,29
52,24,55,59,30,48,35,61,54,16,32,6,21,46,4,45,50,1,18,34,14,26,29,41,58,53,12,7,20,22,5,47,28,25,2,63,15,23,31,8,57,62,56,36,13,44,39,43,51,33,37,49,19,10,27,3,40,0,38,42,17,9,60,11
47,60,35,10,44,7,28,29,23,42,9,45,59,54,33,50,24,11,25,31,1,17,19,38,51,62,48,46,22,34,30,20,53,0,43,26,56,8,5,58,61,36,40,2,49,37,3,52,6,16,4,12,15,39,21,32,13,63,55,27,57,14,41,18
41,2,3,28,30,17,43,37,11,19,49,58,54,27,62,44,60,51,8,35,55,1,7,36,25,42,26,4,33,40,0,61,5,9,21,10,59,13,47,53,57,46,63,18,39,12,16,6,45,24,56,31,32,29,14,38,15,22,50,23,48,52,20,34
28,50,53,49,9,0,27,60,36,14,40,61,1,32,30,34,55,3,18,4,52,21,48,44,35,12,10,17,33,59,39,22,26,62,41,19,8,24,20,2,42,46,38,58,16,51,6,56,13,54,37,7,5,25,57,15,11,23,63,47,29,31,45,43
51,46,52,18,53,27,1,15,35,49,36,60,26,50,4,22,12,0,9,44,16,17,54,47,41,6,61,45,34,42,63,59,40,30,7,13,11,25,24,14,39,20,38,55,5,8,10,21,32,23,37,31,28,33,57,58,19,48,56,62,29,43,2,3
41,16,49,28,24,51,63,10,17,32,23,1,30,58,9,46,59,6,57,4,29,42,7,34,15,53,39,33,2,38,27,13,14,18,0,48,22,43,5,26,55,40,45,62,37,44,12,36,11,25,21,60,3,31,20,19,47,61,50,56,54,52,35,8
7,31,17,41,49,56,11,5,29,53,45,34,22,44,57,14,36,27,25,19,47,54,62,51,42,16,50,33,10,13,6,46,28,61,48,9,3,40,35,21,39,38,37,30,58,55,59,8,20,1,52,0,60,63,26,4,18,12,23,15,2,24,43,32
58,6,38,3,48,13,4,37,62,59,2,51,5,32,44,27,9,40,57,19,39,49,20,30,50,53,7,47,61,17,31,11,16,41,22,21,23,28,29,10,35,52,1,0,54,33,12,34,15,55,42,8,26,24,14,25,46,18,45,36,63,56,43,60
30,28,57,20,26,53,59,45,11,32,55,38,18,12,52,39,44,43,34,40,10,36,22,46,35,14,16,41,0,25,27,50,51,24,61,5,15,63,58,54,62,23,3,2,13,7,49,37,42,8,33,47,29,4,6,17,9,21,19,31,60,56,1,48
5,6,2,51,33,42,60,38,46,34,25,8,37,62,7,61,27,12,57,52,59,44,21,4,19,35,36,40,17,22,47,63,56,32,30,58,18,54,24,0,16,3,28,13,11,29,55,53,9,10,48,43,14,45,23,26,50,49,20,41,1,39,15,31
63,42,45,54,8,53,40,30,29,4,55,48,1,44,49,35,10,59,47,5,62,46,32,38,41,34,12,25,0,24,9,19,51,20,56,2,6,23,50,13,43,7,11,60,57,16,18,58,33,14,17,3,36,21,39,28,26,37,61,22,52,15,27,31
5,63,43,28,55,39,38,56,17,6,44,62,34,19,9,1,0,20,59,33,11,29,16,2,40,7,23,27,53,14,61,35,24,12,22,13,30,25,21,3,57,41,8,45,31,42,26,4,32,46,49,50,10,60,18,36,48,51,52,54,37,15,47,58
55,61,45,35,31,0,7,14,53,38,49,28,41,63,4,15,51,10,21,22,48,42,34,26,27,62,59,11,46,52,3,56,25,57,12,43,19,47,44,16,23,1,30,40,2,32,18,13,17,29,33,6,5,58,54,60,36,50,9,24,39,20,8,37
32,49,20,40,3,60,38,29,37,1,25,11,44,21,42,63,30,47,52,12,35,16,7,24,6,28,10,46,41,4,17,58,62,53,59,14,26,23,13,22,43,33,8,34,9,36,50,39,15,54,55,31,48,0,56,27,2,57,61,19,51,45,5,18
44,57,15,62,7,24,17,53,39,29,43,23,59,20,30,19,34,4,51,16,46,36,0,18,37,38,2,52,1,55,61,10,33,12,42,13,11,22,25,5,63,56,28,35,31,47,40,14,41,9,32,21,45,26,48,58,50,49,27,3,6,60,54,8
45,17,54,22,34,8,60,31,12,47,58,49,63,5,39,42,59,2,21,33,56,10,61,24,36,52,27,23,38,57,16,53,1,6,32,3,0,14,35,51,26,11,55,13,25,28,18,7,30,50,29,62,4,19,43,15,44,48,9,40,41,46,20,37
63,45,5,32,31,15,26,35,7,12,55,11,61,34,54,56,24,9,19,28,59,18,60,38,0,10,13,4,6,53,33,27,37,36,39,43,16,57,30,8,51,58,40,20,29,14,22,41,21,46,44,50,62,42,52,23,1,3,48,2,49,17,47,25
18,58,3,17,55,5,27,40,49,41,52,42,37,9,43,23,50,1,22,21,7,54,36,4,15,12,0,59,6,61,25,28,57,10,20,45,60,38,47,19,2,14,56,29,62,63,13,11,39,44,46,34,8,16,51,33,24,53,32,26,35,30,31,48
49,27,12,38,44,32,48,33,20,42,61,35,1,62,7,11,50,59,43,51,55,46,47,13,8,34,30,29,52,22,24,16,31,25,56,0,21,26,19,58,40,41,63,3,17,9,6,45,2,18,5,23,36,57,54,14,39,4,53,10,37,28,15,60
39,20,46,0,32,53,41,38,19,4,8,14,62,12,9,47,18,5,58,31,27,24,59,44,50,1,37,49,63,6,51,52,17,34,55,45,29,60,33,35,36,26,3,57,11,13,56,54,23,42,2,16,30,25,28,21,48,40,43,10,61,7,15,22
60,0,23,56,36,6,22,15,46,52,58,39,4,49,9,8,34,1,62,51,35,17,30,43,27,50,24,47,59,21,54,45,3,33,13,11,42,44,10,14,5,41,12,16,29,48,26,28,37,19,20,32,55,57,2,63,53,7,40,38,61,25,31,18
50,23,42,10,19,40,24,30,52,56,33,54,46,36,39,59,41,57,15,1,21,3,34,22,37,26,32,47,53,31,61,14,17,29,60,43,35,45,13,63,18,5,0,2,28,16,44,49,55,27,7,58,62,38,12,6,51,8,25,48,4,20,11,9
5,62,12,43,0,36,46,55,42,32,27,3,15,33,58,8,53,30,26,16,34,35,52,49,4,61,44,21,63,47,59,37,50,18,25,41,23,39,17,38,7,22,6,48,60,57,56,2,29,54,31,1,13,19,40,28,10,24,45,51,20,14,9,11
25,63,5,3,58,60,37,43,61,55,38,28,59,0,42,48,36,29,32,41,27,20,45,44,12,26,19,53,35,34,10,14,6,62,2,54,21,1,46,51,23,8,4,56,7,47,17,49,33,16,18,39,40,11,52,22,31,15,9,13,24,30,57,50
40,48,22,34,20,9,56,63,51,50,49,12,52,18,3,42,14,6,53,11,4,26,44,62,45,43,25,61,38,36,23,54,35,19,8,46,59,47,24,32,17,13,2,55,29,1,60,39,57,31,27,16,41,30,58,5,0,37,28,15,7,33,10,21
4,36,37,54,53,46,23,1,51,63,11,26,52,18,7,49,5,44,61,34,15,10,60,40,45,62,33,6,24,55,32,43,30,14,12,9,41,29,28,3,56,25,42,35,39,31,13,17,58,8,38,22,59,0,20,50,48,27,57,47,2,16,19,21
45,42,6,47,27,62,2,15,5,26,11,24,8,28,21,37,44,51,56,54,60,17,22,4,38,9,49,0,55,1,29,61,14,3,31,52,59,23,19,32,43,33,50,18,7,25,10,46,39,40,63,35,57,30,41,16,53,13,34,58,12,20,36,48
36,59,8,11,52,5,10,42,14,0,20,46,57,54,26,58,40,47,29,21,62,6,24,50,28,19,13,25,17,60,41,49,18,31,43,61,22,35,48,27,63,4,9,45,56,16,2,30,15,44,32,39,38,55,7,51,37,34,23,3,53,33,12,1
11,13,9,10,1,24,39,16,22,18,19,55,52,28,0,38,5,49,21,17,32,44,25,4,20,3,54,53,29,23,62,30,42,56,43,40,59,27,46,37,15,36,51,41,57,12,35,48,61,26,50,33,2,8,47,63,45,58,7,34,14,6,31,60
31,51,19,22,45,35,30,48,3,55,61,18,0,47,9,20,6,8,40,26,1,42,34,24,14,13,38,39,43,58,21,28,60,44,33,23,36,49,54,56,10,57,53,11,27,5,2,41,50,4,17,29,32,37,25,7,62,46,15,12,59,16,63,52
61,55,23,32,62,22,3,10,26,52,45,39,34,25,30,53,46,4,5,18,31,36,28,0,8,47,15,11,57,48,12,40,44,49,37,38,7,27,35,1,2,29,20,41,17,56,33,50,9,42,58,6,21,19,51,63,13,14,54,43,60,16,24,59
59,49,28,48,46,58,1,21,4,62,2,31,37,60,53,54,16,55,8,42,61,6,17,25,57,39,23,13,40,34,12,24,50,10,44,22,43,35,18,5,36,11,26,3,47,38,45,15,33,52,41,14,29,19,51,27,32,63,7,30,20,0,9,56
61,55,30,7,58,14,6,47,43,5,60,20,33,1,38,51,19,12,21,62,56,25,42,45,34,11,24,22,39,40,32,0,44,10,36,49,16,37,63,53,46,35,8,26,50,54,2,13,29,52,28,23,41,31,48,27,9,3,15,59,4,17,57,18
32,18,56,27,58,42,35,9,61,24,54,43,0,26,2,16,4,7,55,30,25,12,39,31,49,17,50,8,15,1,22,34,46,38,23,33,52,53,20,36,57,62,3,14,60,44,29,48,51,45,47,37,13,11,40,41,19,10,6,5,28,63,21,59
29,58,50,13,40,11,1,26,31,44,12,30,51,36,60,54,62,37,23,61,52,38,14,24,18,56,2,9,25,7,0,8,41,63,42,46,17,34,21,59,19,33,45,27,16,49,10,4,39,32,20,5,43,15,55,22,47,35,6,28,57,3,48,53
37,41,46,11,35,0,47,39,24,57,22,58,34,45,1,23,28,60,56,25,21,61,63,38,62,20,12,51,30,49,27,40,32,48,54,53,16,52,59,19,5,26,42,4,29,7,3,8,13,15,55,50,14,10,6,36,44,18,31,2,43,17,33,9
6,23,45,12,62,58,1,28,49,10,3,27,4,53,2,43,51,52,37,39,17,40,25,11,38,33,54,21,7,0,48,15,13,47,32,56,60,5,31,19,8,44,63,16,22,36,26,29,41,30,14,24,34,50,18,46,57,42,55,61,9,59,20,35
54,0,27,26,57,51,55,4,25,7,62,10,56,32,31,12,47,63,34,44,9,41,37,49,5,52,6,23,43,19,16,48,1,21,13,20,35,58,14,38,22,60,61,28,45,33,46,17,3,53,42,11,50,18,15,8,39,2,30,24,29,40,59,36
63,23,34,26,41,14,38,56,15,33,43,59,49,40,13,1,0,20,4,7,3,28,58,39,5,22,8,47,54,53,52,19,12,61,17,60,25,48,45,30,51,29,18,37,10,62,16,46,21,32,31,57,44,36,9,35,55,42,50,24,27,11,6,2
53,2,22,51,52,55,36,31,49,9,37,20,61,11,27,50,54,8,46,24,63,35,47,7,32,0,56,34,25,4,44,5,19,59,26,21,40,28,57,48,43,3,13,39,62,33,15,17,10,12,41,30,14,45,23,18,16,60,42,29,58,38,1,6
33,0,19,43,24,49,37,61,52,28,30,45,1,54,12,47,35,7,15,29,6,42,39,21,63,10,50,8,59,38,58,27,32,17,51,23,60,11,46,41,25,55,22,3,57,20,5,34,4,16,14,13,9,26,48,53,40,2,18,31,62,56,44,36
17,59,12,1,45,42,33,5,19,11,10,28,18,31,29,21,48,30,24,37,51,61,46,6,26,38,34,57,15,63,20,7,52,50,23,49,9,41,2,43,60,3,4,47,8,55,13,56,40,54,35,36,16,58,27,53,0,62,22,32,39,44,14,25
39,43,59,26,41,61,28,25,55,30,53,13,6,8,7,37,10,12,15,27,34,9,42,60,19,33,23,63,49,0,52,56,50,51,36,48,22,38,29,1,5,20,57,17,54,45,21,16,35,44,3,32,14,46,18,2,58,11,4,24,40,62,31,47
53,6,62,30,8,3,35,2,38,41,50,51,40,9,59,29,26,34,27,39,17,23,15,20,33,19,60,21,43,31,47,24,55,25,52,16,12,0,54,37,11,13,4,18,42,14,46,57,61,32,28,1,49,7,44,36,63,45,58,5,56,22,48,10
14,56,21,17,62,11,43,2,50,19,28,36,24,44,33,0,10,34,58,12,20,40,59,39,31,48,13,52,23,4,6,60,38,8,9,5,57,37,35,61,45,25,1,18,63,29,55,15,3,7,53,46,27,49,26,42,22,51,16,41,47,54,30,32
23,62,52,14,21,53,28,0,61,2,30,26,55,46,50,42,15,63,20,22,57,17,51,9,6,19,32,8,1,48,36,27,5,38,10,3,29,12,43,33,41,45,16,54,34,40,58,11,4,37,56,25,31,18,35,47,60,39,59,13,7,49,24,44
24,59,16,14,2,38,10,54,25,5,41,19,21,30,0,35,13,8,62,60,47,11,58,50,3,45,32,63,1,6,15,7,29,18,40,9,48,42,37,34,46,52,12,27,61,17,53,22,28,26,33,36,44,20,39,56,23,51,55,49,57,31,4,43
29,11,56,17,10,46,32,0,3,45,4,24,9,27,43,52,7,19,54,31,39,22,1,49,21,13,40,63,18,2,35,30,5,14,62,34,53,59,36,37,33,55,26,38,12,25,23,61,20,48,42,6,57,60,16,50,51,47,15,44,58,8,41,28
3,63,17,40,51,37,43,27,18,31,48,61,59,19,13,7,14,60,35,57,39,45,11,58,52,53,44,49,12,5,15,9,46,6,32,55,38,47,50,1,56,62,29,42,34,2,36,21,24,54,22,23,4,16,20,25,26,41,10,33,0,28,30,8
29,53,30,8,19,16,52,62,5,17,14,37,58,60,25,54,7,21,9,50,24,57,45,47,34,55,10,12,0,26,20,49,46,32,28,35,42,18,59,43,40,39,33,41,36,4,48,22,3,38,2,15,63,27,23,44,11,6,31,1,51,56,13,61
53,57,63,41,44,28,37,59,47,16,38,49,14,55,8,34,36,40,25,24,54,46,9,62,13,31,60,11,4,1,12,58,17,61,19,7,2,6,33,23,56,27,22,3,35,32,48,5,21,51,30,26,15,18,45,50,29,42,52,43,0,20,10,39
50,37,11,41,61,9,55,19,8,16,17,31,58,15,6,39,46,25,56,24,5,36,2,3,62,4,54,63,7,14,44,53,43,38,20,40,26,29,32,59,35,30,33,28,48,22,0,12,34,1,45,13,51,49,42,47,57,23,52,60,21,10,18,27
53,59,45,56,35,0,13,49,52,54,34,58,8,19,1,44,28,14,11,40,43,9,17,2,47,4,20,57,18,16,63,29,25,27,26,10,5,22,12,7,3,36,31,38,51,61,62,41,48,55,60,33,39,42,32,50,21,15,46,6,24,37,30,23
10,14,8,34,41,18,2,5,62,3,17,63,6,44,27,0,47,59,26,12,21,31,48,19,23,55,33,4,61,22,35,38,32,7,43,52,30,56,25,13,45,20,39,53,40,49,11,29,54,42,36,51,15,57,46,16,1,37,28,58,24,9,50,60
47,56,36,49,40,17,3,44,43,58,42,4,37,15,57,28,51,13,0,21,11,16,14,53,46,7,30,52,20,55,2,60,59,23,10,24,5,34,27,35,1,50,26,63,12,39,38,19,31,9,29,8,6,18,61,62,45,25,41,22,32,33,54,48
57,23,16,47,2,59,0,44,10,3,20,42,26,21,37,28,32,46,15,11,39,40,34,55,29,12,7,45,41,9,63,24,58,56,25,54,35,27,17,6,31,51,36,22,61,1,5,18,8,62,33,50,53,4,14,38,52,43,60,48,30,49,13,19
27,38,15,62,16,20,1,48,14,0,5,11,19,6,24,22,49,41,13,7,40,10,9,3,32,34,25,23,2,26,52,47,12,37,54,35,30,39,33,56,57,29,53,60,55,8,61,59,45,31,28,17,42,44,50,46,43,4,18,63,58,21,36,51
36,0,58,56,44,48,29,35,20,40,60,41,16,46,52,21,25,47,2,13,49,54,14,62,15,32,12,3,30,19,38,39,8,27,6,42,45,28,59,9,61,23,55,4,18,33,11,7,43,5,50,37,1,10,26,53,17,31,22,51,34,24,57,63
26,57,45,1,54,40,24,10,14,18,4,31,27,48,15,60,42,22,36,33,50,2,32,12,30,56,6,59,28,58,13,41,55,44,49,53,23,19,52,39,3,37,7,5,20,63,25,34,17,8,61,29,43,46,35,0,47,16,21,11,9,51,62,38
30,26,18,36,7,60,63,4,35,27,33,56,38,5,1,20,47,31,8,43,54,49,28,14,22,37,34,42,52,16,48,15,29,44,59,40,61,62,21,57,23,11,3,51,46,2,10,19,39,53,17,9,41,25,55,24,45,58,6,50,32,13,12,0
5,1,63,8,23,10,53,28,44,55,13,50,30,22,46,61,37,39,49,62,11,36,42,15,33,40,6,38,48,0,52,18,24,20,59,25,2,19,7,58,3,29,32,35,16,4,47,12,43,17,14,41,27,57,56,26,21,31,45,54,9,51,60,34
19,63,2,35,45,10,20,47,38,11,42,22,61,13,40,21,53,9,3,25,24,43,34,37,7,26,39,18,55,49,46,62,4,33,1,8,29,23,56,44,57,50,54,14,12,58,51,28,41,17,0,27,59,6,60,31,30,36,52,32,16,48,15,5
29,59,27,30,61,32,20,53,58,38,7,41,5,16,14,54,1,11,57,26,47,8,62,31,43,42,35,2,55,28,63,17,9,13,18,0,10,3,36,50,39,45,19,60,46,40,15,4,44,49,48,52,23,6,34,37,56,12,24,21,22,25,51,33
16,62,15,21,18,58,29,42,10,60,33,9,53,44,50,12,23,20,14,5,32,2,52,63,41,22,8,7,28,45,6,54,47,49,43,3,39,26,56,13,19,11,61,24,31,59,25,34,55,37,38,51,0,30,46,48,57,27,17,1,36,35,4,40
1,10,3,24,17,35,25,42,60,28,12,49,47,43,32,15,37,4,26,34,11,56,19,36,40,14,9,21,63,38,58,54,33,61,53,45,59,5,46,39,2,22,27,51,23,55,41,44,50,31,30,57,48,29,52,18,16,62,0,13,6,7,20,8
50,36,45,2,26,15,6,54,35,42,33,55,34,20,41,62,8,30,19,1,21,9,44,52,40,17,22,7,43,32,3,57,37,60,4,12,11,24,18,31,25,61,14,59,48,10,39,49,16,0,56,51,46,47,63,5,29,53,27,38,28,23,58,13
20,63,17,22,40,2,55,7,53,54,41,12,10,56,62,19,15,49,21,14,33,11,47,52,30,46,44,61,5,32,18,28,29,26,16,1,42,24,36,6,59,39,8,0,34,50,58,13,3,45,38,9,48,31,43,51,60,37,27,25,23,35,4,57
30,23,21,59,47,42,8,35,7,3,29,53,18,6,56,14,12,2,13,50,4,27,26,51,44,61,15,36,40,60,43,63,10,48,45,37,41,0,17,57,55,28,34,19,5,58,46,52,49,16,20,11,1,33,62,32,9,54,25,24,22,38,39,31
44,59,50,36,60,37,23,53,30,16,2,12,52,46,40,56,34,3,1,21,58,17,54,8,33,6,9,49,0,13,19,27,7,35,32,47,61,62,31,51,24,38,5,39,63,29,20,25,15,4,41,42,26,57,22,11,14,43,55,28,10,18,45,48
56,53,36,7,8,62,17,23,33,29,38,16,4,11,42,61,59,3,15,18,63,48,34,21,58,39,5,40,41,46,37,13,1,45,9,6,14,44,22,25,20,43,47,52,19,54,35,49,2,55,12,51,27,57,26,32,30,60,24,28,10,0,50,31
21,25,26,0,28,11,56,54,58,19,51,61,55,7,57,62,53,8,14,40,39,6,20,34,59,15,17,60,22,10,44,52,12,46,27,18,32,16,49,42,4,38,3,50,30,36,1,24,5,31,13,23,41,9,45,48,35,43,33,47,37,2,63,29
10,51,42,2,0,32,60,54,1,4,56,18,13,31,5,57,15,28,62,17,23,34,44,61,53,22,55,19,52,21,6,43,59,33,14,58,50,30,20,7,47,37,24,3,38,26,8,29,36,27,46,45,49,16,25,40,41,39,9,63,11,48,35,12
56,52,2,59,24,33,54,37,35,26,40,34,30,28,43,49,51,60,4,3,50,11,46,17,44,36,15,8,25,39,29,63,6,18,42,21,19,53,38,9,0,12,5,31,58,41,62,47,48,45,1,23,32,13,14,7,10,16,27,20,57,22,55,61
31,46,39,9,50,5,35,10,36,17,23,19,20,2,41,3,12,11,53,42,45,29,56,0,51,33,40,26,25,18,32,57,14,62,60,15,7,28,16,13,1,30,4,47,52,24,27,43,44,34,6,37,58,49,8,63,48,54,38,22,59,61,21,55
50,34,6,1,47,25,17,38,33,14,42,53,51,30,9,8,63,58,41,4,35,32,19,28,20,56,39,37,3,11,26,54,0,49,15,22,40,5,7,27,45,36,12,23,18,13,52,16,60,55,59,46,31,2,44,29,48,21,24,62,10,57,43,61
44,61,48,30,37,35,33,36,19,6,15,8,10,27,4,11,41,34,40,60,5,14,16,63,49,58,12,62,1,46,9,56,55,53,24,47,25,22,21,3,28,23,38,20,31,45,43,26,57,17,32,18,59,42,7,2,39,29,50,51,52,13,0,54
17,21,45,24,22,18,4,0,5,63,15,36,26,41,48,51,14,23,38,11,35,32,53,33,3,52,56,2,55,40,10,43,25,31,62,60,7,6,12,37,8,9,54,13,16,57,19,34,58,49,46,29,1,50,59,44,39,27,47,42,61,20,30,28
48,57,23,15,31,59,1,30,40,20,51,21,5,19,17,7,2,16,22,29,24,10,26,50,37,47,0,28,49,3,11,44,56,60,33,63,41,42,27,14,62,45,12,55,4,46,8,34,53,43,54,13,35,38,36,25,9,52,61,58,39,6,18,32
57,32,30,42,6,41,24,13,44,49,9,5,37,61,12,1,10,31,16,2,59,3,45,43,63,34,25,14,28,60,33,56,20,46,62,11,51,15,53,35,38,39,8,23,27,0,4,54,21,26,36,55,50,17,40,48,47,7,19,52,22,18,58,29
45,60,59,3,62,16,0,39,31,23,37,4,61,29,35,9,2,32,43,7,5,55,10,28,51,25,63,41,36,20,14,58,17,26,6,48,34,50,11,33,49,30,42,15,40,24,52,47,54,13,27,22,56,53,38,18,21,44,12,1,46,57,19,8
31,26,14,12,62,55,57,50,11,5,34,41,51,1,49,13,47,37,33,32,52,6,58,35,19,16,43,46,0,23,4,30,22,29,17,36,48,59,42,54,39,7,21,8,2,25,3,15,56,45,28,9,10,27,40,60,18,20,63,44,24,38,53,61
30,29,2,15,61,42,11,53,38,39,24,48,5,52,34,18,7,20,4,10,41,9,14,23,26,50,19,62,47,58,0,22,40,31,36,21,56,54,3,37,8,13,45,1,35,60,59,17,16,55,6,57,32,33,43,28,44,27,46,63,12,51,49,25
45,30,16,10,54,5,63,11,4,41,44,59,34,20,52,23,58,51,49,19,56,37,18,42,50,57,36,21,35,55,26,3,62,28,12,31,61,6,7,38,8,14,27,47,24,29,43,48,2,32,1,15,46,0,13,9,22,40,33,60,39,17,53,25
49,7,57,30,38,50,17,44,5,10,54,22,40,13,3,29,12,45,16,48,43,26,11,63,60,2,19,15,1,0,4,59,61,20,47,9,53,56,23,33,31,41,62,27,36,32,42,39,58,14,6,21,24,25,28,18,52,46,51,37,35,34,55,8
22,53,8,38,12,23,25,20,41,30,26,32,9,47,29,7,58,57,16,35,45,50,10,13,52,43,19,21,24,34,17,2,37,42,3,0,15,60,4,55,39,31,48,56,54,11,40,49,18,44,33,61,63,1,28,62,46,6,59,36,27,5,51,14
46,30,31,57,55,33,23,51,19,5,6,40,16,26,1,12,44,22,18,49,59,7,58,4,9,35,41,60,39,50,36,43,54,21,11,45,25,48,63,13,62,52,15,27,28,37,53,24,32,47,20,34,0,42,3,2,14,61,10,17,38,8,29,56
2,43,34,57,29,18,23,5,10,0,30,21,40,13,36,15,50,14,56,48,24,49,11,42,25,28,8,22,31,17,58,62,16,51,52,47,60,46,53,20,33,12,37,41,55,27,26,6,9,39,7,3,59,63,19,35,54,38,45,4,32,44,61,1
42,6,36,4,5,50,57,48,1,0,40,31,41,26,52,17,59,45,22,60,27,49,9,62,21,28,43,3,29,51,30,2,25,34,54,61,46,8,33,38,12,16,14,53,24,18,15,20,23,63,35,39,55,13,37,19,56,10,44,32,7,11,58,47
51,7,17,54,0,27,34,30,58,63,36,6,46,14,60,11,39,31,45,3,55,13,53,41,4,40,38,47,23,25,10,48,26,8,49,43,22,21,16,18,59,57,37,62,33,61,50,9,29,2,52,28,5,56,12,20,19,44,32,35,42,1,24,15
14,16,0,59,24,3,26,53,5,34,22,54,31,36,51,33,7,39,29,4,42,15,20,49,12,52,6,46,41,63,13,56,44,62,10,47,19,57,40,27,48,35,43,2,45,50,37,17,11,25,61,38,1,9,30,60,23,18,8,32,28,55,58,21
47,1,6,52,57,10,0,15,42,49,44,13,54,19,33,48,23,58,37,59,20,53,5,29,2,55,28,7,18,4,26,22,38,27,14,12,31,21,50,36,34,24,41,17,60,35,62,43,61,56,9,30,8,3,46,39,25,45,11,16,51,32,40,63
43,26,35,44,60,22,47,15,16,19,62,50,0,5,32,18,39,23,53,8,56,20,58,11,6,9,52,49,21,34,51,2,63,25,4,24,12,55,27,3,13,57,48,10,46,7,38,17,30,45,14,42,41,1,31,33,40,61,28,37,29,36,54,59
57,39,42,60,46,28,62,25,44,35,24,14,23,20,34,63,61,41,2,36,9,47,33,49,11,30,3,26,40,51,1,16,43,10,32,4,6,38,56,22,59,5,45,52,8,15,12,29,54,48,27,58,53,50,31,18,19,17,37,13,21,7,0,55
61,18,9,2,60,20,6,15,40,25,55,30,39,48,58,50,31,63,44,62,11,1,36,45,56,19,12,26,14,38,35,4,3,33,47,57,7,53,24,17,10,28,0,46,41,5,51,52,43,54,49,32,8,59,16,29,34,42,22,23,27,21,13,37
48,25,9,30,33,36,0,40,7,35,52,21,5,22,28,2,49,10,34,42,17,29,56,58,57,51,12,23,16,27,13,47,59,4,6,11,1,32,24,55,63,37,46,38,44,53,43,60,26,8,15,39,19,62,18,31,50,61,20,41,14,54,3,45
48,19,27,51,56,36,31,0,8,23,57,39,28,50,42,16,43,40,7,35,46,29,3,37,11,44,52,12,26,59,5,47,53,13,54,1,63,55,18,41,49,21,4,38,60,6,14,17,62,2,33,34,22,24,10,9,45,32,15,30,61,20,25,58
53,50,29,4,13,51,17,58,16,61,60,52,6,36,19,33,2,15,44,46,49,23,30,59,35,43,32,37,9,54,40,21,8,14,45,0,41,63,22,11,34,12,10,1,24,18,26,55,47,62,39,25,38,3,5,20,57,28,31,7,27,42,48,56
59,58,34,24,12,11,26,61,33,57,39,21,56,22,50,7,13,8,20,19,62,14,15,41,47,5,36,17,9,53,16,48,0,35,38,32,55,23,31,30,46,29,54,45,3,43,51,6,40,42,60,4,10,28,49,1,18,27,25,63,52,37,2,44
13,31,23,39,17,14,25,41,8,12,28,24,63,1,6,49,20,46,35,22,15,5,47,57,43,9,32,58,59,4,48,19,53,52,21,44,2,61,10,36,42,29,27,56,7,37,16,45,0,26,55,33,51,40,60,38,30,54,11,18,50,34,3,62
19,26,43,51,0,40,48,29,38,36,1,15,34,12,10,55,24,54,46,17,9,63,23,49,47,42,8,39,4,56,6,14,33,62,28,25,61,44,53,50,58,52,5,20,27,60,30,3,35,32,2,22,41,31,18,21,11,45,16,7,37,57,59,13
3,26,11,40,8,17,38,23,24,37,58,27,39,63,10,15,25,41,43,9,32,1,54,30,33,53,14,16,45,59,6,13,62,44,7,51,50,31,52,36,5,49,20,34,28,47,57,60,12,48,55,19,61,4,2,46,56,0,29,35,21,18,22,42
40,26,22,39,50,7,4,1,9,47,13,58,31,11,17,51,44,18,59,12,5,48,27,14,2,3,37,38,33,20,63,61,16,0,55,29,25,45,34,21,43,46,24,32,35,30,28,15,23,36,53,56,62,49,42,6,10,54,60,57,52,41,8,19
29,20,37,40,50,57,31,18,12,62,27,11,23,59,5,26,56,21,45,15,52,9,43,6,19,4,47,36,13,22,17,44,63,16,28,42,1,53,30,58,60,39,0,7,55,8,14,46,54,24,33,25,32,38,35,34,48,51,41,49,61,3,2,10
15,53,34,48,23,42,12,21,16,1,60,18,10,52,47,7,46,31,27,6,20,41,51,43,33,14,49,54,32,55,61,57,4,44,50,56,30,9,38,36,13,3,39,59,8,29,24,5,28,26,25,19,2,37,17,11,40,22,63,62,0,45,35,58
20,13,5,33,19,42,18,47,28,54,6,41,17,24,63,29,62,0,22,8,9,48,14,15,60,44,61,26,45,52,58,53,32,7,56,34,4,1,38,43,21,57,59,36,3,25,23,51,39,16,37,10,46,49,11,50,35,12,31,2,30,55,40,27
22,21,6,14,26,5,55,36,3,11,58,20,4,56,7,60,19,39,9,53,50,43,59,34,31,25,62,30,33,37,38,27,61,47,24,10,48,18,63,44,17,29,49,32,16,28,46,8,57,23,41,35,40,15,52,13,12,45,0,1,54,42,2,51
34,35,58,5,45,27,56,11,38,20,21,40,1,42,25,48,62,41,4,22,3,31,57,50,2,8,28,51,60,32,33,61,26,6,18,23,54,44,13,46,55,9,15,47,53,0,12,59,63,39,37,19,29,17,16,36,24,7,49,14,43,30,52,10
51,56,33,2,41,17,50,8,57,27,46,31,32,13,45,52,34,63,12,47,39,30,7,55,43,58,21,25,5,42,11,60,28,14,44,61,62,53,23,9,40,54,6,48,10,1,4,36,18,16,35,15,24,19,0,22,26,49,59,37,20,38,29,3
11,50,6,61,47,59,52,38,22,45,31,4,29,37,55,24,18,14,36,3,23,35,1,17,49,26,48,58,34,9,8,63,25,41,54,33,42,56,51,30,57,7,32,12,43,20,15,16,5,10,44,53,40,2,27,28,19,62,60,0,46,39,21,13
61,5,37,32,51,50,38,0,28,43,29,40,46,4,25,20,34,56,6,7,63,10,41,18,44,59,35,52,22,24,11,3,12,2,42,19,15,33,14,47,45,23,8,60,31,62,54,58,26,48,30,13,17,53,9,27,57,55,1,39,36,16,49,21
34,25,46,36,56,11,43,2,12,33,13,3,15,59,57,62,53,42,28,7,8,58,37,40,22,20,52,5,16,24,23,55,38,32,50,29,63,61,54,30,4,18,27,26,21,17,1,39,35,45,10,0,14,9,51,48,47,31,49,60,44,41,19,6
19,41,20,43,28,4,23,31,17,62,52,38,59,44,13,56,35,33,58,3,0,37,42,12,53,34,46,14,32,47,26,30,29,39,55,21,11,40,5,7,16,25,1,22,8,15,49,6,24,51,2,63,36,61,54,10,27,57,18,48,9,60,50,45
30,13,7,16,43,15,55,3,44,37,28,17,11,42,41,21,63,45,59,6,18,36,1,56,33,52,49,14,12,23,50,48,47,2,60,9,5,35,8,29,27,57,53,10,24,34,26,61,54,46,38,19,0,20,62,40,31,22,58,25,32,39,51,4
28,0,33,12,18,38,4,3,57,62,32,39,10,9,34,16,11,50,40,44,20,45,43,46,17,31,29,15,49,60,6,30,48,1,55,59,27,25,51,26,35,13,22,41,36,2,47,54,61,53,37,5,7,56,52,19,42,14,63,24,21,23,8,58
18,8,57,19,34,48,56,38,35,63,23,54,42,24,33,36,9,22,17,15,40,12,55,45,21,44,58,4,26,29,46,1,53,43,39,25,49,11,31,28,37,59,27,32,6,14,2,51,7,16,47,62,52,30,50,3,61,5,13,0,20,41,10,60
55,16,26,10,53,25,47,60,7,46,41,32,57,31,38,62,21,1,17,40,63,6,24,36,11,14,28,43,30,8,19,56,29,15,52,59,27,45,61,51,58,44,48,42,35,49,20,5,22,23,3,54,34,50,4,12,18,0,9,37,2,33,13,39
49,38,36,47,28,29,48,12,46,56,5,57,60,41,19,55,14,32,4,59,9,1,25,42,11,34,53,10,33,61,15,23,16,18,2,63,20,54,17,58,39,13,35,52,22,31,27,45,0,40,51,7,3,24,21,44,30,6,26,50,43,8,62,37
1,62,35,30,45,18,39,56,47,40,14,34,37,27,52,16,13,5,23,15,28,60,17,10,3,42,25,48,58,44,53,24,41,55,21,2,50,20,9,49,51,43,19,54,26,12,29,7,46,33,63,32,36,57,4,6,38,11,31,59,8,22,61,0
2,21,44,52,0,38,16,34,9,14,25,45,55,20,31,22,28,18,61,48,58,32,54,46,5,53,62,59,29,57,4,49,15,24,36,19,1,35,12,37,13,10,17,42,39,43,60,56,7,63,8,27,11,40,6,47,30,41,51,26,50,33,23,3
13,24,52,38,0,43,56,20,61,60,26,12,35,6,1,23,46,32,10,8,17,47,29,18,4,33,53,5,58,19,37,36,55,39,28,63,22,16,41,9,7,15,2,11,31,40,42,59,27,54,48,34,57,62,44,50,3,21,25,49,51,14,30,45
62,26,40,5,36,38,35,46,56,51,1,43,41,57,55,54,7,31,48,42,50,34,52,22,2,10,9,27,20,8,6,44,63,0,61,21,53,23,15,45,30,39,47,49,29,12,28,3,17,19,32,16,33,25,4,14,59,24,58,60,18,37,13,11
36,26,10,38,21,35,9,49,60,41,22,32,42,40,44,15,18,56,19,46,14,55,27,57,20,37,4,17,30,45,34,8,29,31,7,1,5,63,23,39,6,48,53,61,3,25,28,24,54,52,13,11,33,59,50,2,16,12,62,58,47,51,0,43
1,63,57,52,53,37,0,45,29,3,49,58,56,62,42,51,19,25,54,55,22,47,50,39,36,31,28,2,24,44,13,60,43,61,17,32,33,18,5,10,21,9,27,41,30,16,11,14,15,48,35,40,4,20,7,59,46,12,8,38,26,6,23,34
56,45,10,23,11,49,38,48,40,20,5,44,17,63,60,53,7,30,46,31,27,52,36,33,25,1,50,19,16,29,42,9,39,55,57,62,2,47,59,34,37,43,54,24,15,22,14,18,21,0,51,28,6,41,61,8,3,26,35,58,12,4,13,32
55,42,40,32,19,57,27,21,7,35,50,5,8,12,54,4,63,22,20,17,53,16,52,59,61,1,41,30,28,31,29,26,36,51,23,13,3,34,39,49,18,6,38,47,58,44,24,48,9,15,14,33,45,11,0,37,60,2,43,10,25,62,56,46
35,33,60,15,38,24,25,50,21,11,6,26,29,47,40,31,12,44,18,36,55,30,37,61,53,5,56,22,39,23,62,27,32,3,20,34,43,46,28,51,45,13,58,52,54,42,16,8,4,49,59,41,63,9,0,57,17,1,2,10,19,14,48,7
59,16,60,28,8,42,19,29,41,23,30,0,24,51,54,57,20,36,14,2,44,12,53,55,27,38,25,63,33,17,26,18,35,10,39,6,15,21,61,3,1,46,49,11,4,43,62,7,13,45,56,22,47,31,52,37,58,48,50,9,34,5,32,40
47,45,1,0,22,32,51,50,25,29,12,23,5,37,53,42,26,14,6,44,34,46,4,2,16,54,56,3,9,52,13,35,38,60,21,62,8,39,31,59,27,7,17,48,15,36,20,28,55,61,57,18,41,11,30,58,40,19,10,24,63,43,49,33
20,11,14,22,8,23,58,33,61,28,56,57,10,44,3,60,46,34,7,27,5,55,29,62,16,18,32,30,59,21,43,40,47,31,35,25,49,63,15,26,42,6,52,39,1,38,48,19,4,24,54,51,37,13,41,45,17,0,9,2,53,50,36,12
29,2,35,11,57,12,4,17,47,36,33,59,9,37,40,62,55,54,22,46,56,43,3,27,15,58,24,23,51,34,32,6,28,25,38,39,20,16,42,14,45,13,21,63,5,18,41,50,7,0,49,10,31,8,48,52,30,44,26,60,53,61,19,1
52,1,33,37,47,40,53,8,55,15,48,27,43,56,36,4,57,39,31,24,60,26,11,49,18,32,62,25,35,28,50,23,20,61,63,17,3,54,51,2,41,21,42,10,34,29,58,19,14,7,0,45,59,38,16,9,12,30,44,5,13,6,22,46
15,22,41,33,29,17,47,7,11,52,12,59,27,13,42,2,6,50,62,51,36,60,45,23,53,10,49,38,25,0,24,39,37,56,32,8,54,9,4,61,63,16,43,40,57,20,28,19,46,30,18,1,44,21,35,34,3,5,55,14,26,48,31,58
40,27,22,24,38,15,20,28,59,26,16,49,56,54,25,10,4,19,0,58,48,62,1,45,47,14,34,53,8,52,17,6,39,35,51,43,3,7,41,30,36,2,32,42,37,63,29,9,46,21,5,33,57,18,13,61,55,31,44,23,12,60,11,50
32,54,31,27,38,49,44,42,8,24,10,53,13,52,17,21,9,20,61,35,37,18,58,4,46,2,30,45,23,62,6,48,43,36,7,25,60,55,56,22,14,11,63,51,19,40,16,29,57,28,39,33,59,3,50,34,15,26,47,12,5,1,0,41
22,49,42,47,37,31,51,5,45,29,38,34,30,33,14,20,27,24,6,55,44,11,7,15,59,40,25,21,46,56,12,39,60,63,58,10,32,28,13,4,53,57,9,36,2,50,16,43,18,23,35,8,1,54,0,19,41,48,52,3,26,62,61,17
37,33,34,8,31,42,0,58,27,21,7,25,18,9,38,28,6,23,57,62,30,43,41,54,47,32,46,20,59,11,56,44,16,29,19,2,40,49,26,10,1,3,17,36,39,14,48,12,13,61,15,50,63,45,24,35,22,5,4,51,60,55,52,53
38,55,45,36,25,15,1,43,34,26,28,12,0,44,39,42,62,50,41,52,17,63,10,48,19,5,23,37,6,4,24,33,49,13,22,46,27,30,40,57,20,2,9,11,14,31,3,60,35,53,29,16,7,59,56,58,18,32,51,61,21,47,8,54
47,43,40,13,20,21,19,25,6,39,23,29,5,45,38,35,57,42,27,28,36,59,54,37,49,30,7,60,16,51,14,31,18,2,22,46,63,17,26,48,15,53,0,33,41,4,1,11,9,52,62,24,55,58,50,56,8,34,10,3,44,32,61,12
50,62,40,56,11,17,49,6,24,29,61,14,43,22,26,19,30,33,20,45,63,0,47,55,9,15,59,48,31,60,52,41,39,38,34,51,57,1,3,53,7,37,16,27,54,18,13,23,2,44,4,35,32,12,25,42,28,46,8,5,21,36,10,58
52,18,7,46,4,53,33,14,26,5,42,23,56,36,50,55,11,17,22,39,45,35,6,1,13,21,24,47,29,8,40,25,62,54,59,15,9,19,0,30,44,49,10,48,63,31,20,51,61,37,41,34,28,16,58,60,2,38,57,12,32,3,43,27
62,59,44,61,35,50,20,37,56,26,16,24,40,11,22,57,18,9,3,43,33,36,5,48,14,29,12,38,13,52,58,31,54,39,32,60,63,25,49,30,23,34,1,2,17,53,7,47,51,28,45,8,4,10,55,42,41,15,6,46,0,21,19,27
27,48,25,58,51,53,15,62,41,13,36,8,52,10,60,31,35,23,1,22,24,59,6,45,34,57,26,33,30,46,17,28,0,12,18,16,2,50,9,7,20,21,42,19,43,14,38,56,32,11,49,29,44,54,40,37,55,61,3,63,5,39,4,47
44,0,5,59,25,18,9,29,7,20,56,14,24,1,41,23,10,4,48,51,57,58,17,3,42,53,22,54,33,31,34,63,32,12,16,21,37,43,39,13,6,62,55,35,2,36,45,8,27,26,46,38,15,52,61,40,28,47,60,11,19,50,30,49
52,57,45,2,18,5,32,1,25,28,38,10,56,0,54,33,51,41,37,36,13,42,30,12,60,16,26,61,63,47,58,46,49,44,3,7,8,59,20,4,15,40,17,55,39,53,21,19,11,27,24,35,29,34,43,48,62,31,9,23,50,22,14,6
19,35,15,53,37,46,28,39,60,50,29,12,23,5,11,1,52,17,25,62,55,61,38,51,44,54,30,14,10,36,13,43,33,24,22,7,49,21,57,18,31,8,56,9,40,59,41,45,42,26,2,47,3,20,58,4,0,48,34,16,27,32,63,6
17,47,56,29,50,7,25,34,30,24,45,43,36,27,22,44,1,19,15,62,49,32,21,0,31,46,39,35,2,14,40,18,55,57,26,52,58,3,8,16,51,5,42,38,61,63,11,33,12,9,13,23,53,60,41,6,37,10,20,4,48,59,28,54
17,8,48,63,49,13,26,10,23,43,20,41,9,34,51,52,30,40,57,25,21,53,14,54,19,44,46,42,27,2,15,38,16,0,45,33,6,22,12,4,50,32,24,1,3,11,29,18,35,62,55,31,47,61,28,56,36,58,59,37,5,39,7,60
6,2,28,59,38,24,16,14,21,19,25,27,32,29,35,10,0,58,54,41,50,60,4,52,8,37,46,26,3,43,30,45,13,9,57,61,11,1,23,34,20,22,53,39,44,31,49,63,51,17,42,15,18,40,33,56,36,7,5,62,47,55,48,12
63,40,11,1,26,12,18,62,6,21,58,10,2,59,45,54,47,25,43,32,50,17,52,16,31,35,51,33,4,60,8,34,55,57,38,7,37,42,36,20,14,61,44,41,46,39,22,19,0,28,15,9,27,3,23,53,48,56,49,13,5,30,29,24
56,49,2,6,52,61,46,15,39,40,8,21,53,13,55,38,9,34,51,63,23,33,10,4,41,19,5,32,22,48,60,1,57,3,7,50,30,20,17,54,28,59,36,37,44,43,47,42,31,29,58,25,16,14,35,18,26,0,12,62,11,27,24,45
32,25,63,46,60,17,8,4,18,12,55,42,39,34,57,47,0,43,31,35,52,5,10,27,13,23,26,29,48,14,9,7,2,53,38,41,50,20,54,62,1,15,59,44,61,24,21,45,40,37,16,51,30,58,56,22,36,6,19,49,3,11,28,33
33,11,25,5,19,46,22,36,3,14,18,17,60,32,6,2,16,45,43,54,37,23,12,27,61,39,56,62,55,28,48,1,15,9,38,29,42,51,40,26,8,0,49,7,53,4,58,31,63,34,57,59,44,50,52,47,13,35,10,21,41,20,24,30
11,23,29,26,58,0,28,40,22,14,16,30,46,27,59,53,15,49,38,6,43,35,50,54,13,41,60,56,8,52,36,10,48,2,42,9,21,45,25,1,7,3,33,44,4,31,24,51,5,34,17,20,47,61,37,63,57,39,55,32,62,19,12,18
30,24,60,18,19,45,32,43,35,42,8,17,9,58,12,14,55,51,57,10,62,11,49,6,16,37,40,5,25,7,33,56,26,63,23,20,61,34,46,4,31,41,28,38,52,48,22,29,3,27,1,0,54,15,50,44,13,21,36,47,39,59,2,53
31,22,41,42,19,38,13,27,9,0,50,20,21,52,5,37,16,45,59,40,26,58,23,44,3,61,39,28,53,1,56,35,62,7,63,17,54,47,43,12,4,18,32,60,25,24,8,36,2,33,57,51,14,29,34,48,46,10,30,49,15,11,6,55
15,2,18,41,26,30,13,10,5,24,40,62,61,57,1,16,8,59,53,12,29,7,54,47,28,55,11,58,50,60,21,0,63,38,45,14,19,6,56,27,42,36,43,33,17,49,4,46,3,39,51,52,25,35,31,20,48,32,44,22,23,34,9,37
32,19,50,0,3,18,59,35,43,12,48,2,8,41,27,10,34,63,16,44,45,23,55,39,61,49,40,9,22,25,36,31,6,47,58,38,4,11,57,42,24,15,29,62,26,21,46,17,53,13,5,52,51,28,14,56,60,37,7,30,1,20,54,33
48,42,29,47,35,13,24,1,45,36,41,46,20,32,17,15,4,25,2,5,31,49,6,16,40,53,57,19,58,52,12,51,62,34,37,44,59,56,23,28,18,61,55,21,43,14,63,3,30,22,39,50,60,54,7,11,8,33,0,38,27,10,26,9
27,52,45,11,2,12,61,9,16,38,22,60,20,21,26,58,46,0,56,13,18,32,24,34,6,54,31,48,51,59,41,29,1,19,43,8,33,4,28,37,40,39,5,10,53,17,49,55,36,7,42,47,57,35,25,63,44,23,30,50,3,62,15,14
37,2,16,10,9,59,0,7,38,21,49,1,29,58,22,48,62,63,13,45,18,56,24,31,60,27,54,26,41,15,32,47,39,35,5,61,19,23,28,52,4,30,14,53,33,44,40,20,42,43,3,50,57,36,51,8,6,46,34,17,12,11,25,55
24,7,54,44,18,5,48,55,33,62,32,13,10,29,31,57,46,9,20,3,21,30,50,38,39,37,45,35,15,6,27,19,26,28,2,51,40,56,34,0,25,43,60,22,52,47,11,23,36,61,59,63,41,53,14,16,17,8,58,42,12,1,49,4
48,27,57,37,22,38,10,0,32,15,24,34,51,55,4,50,59,30,42,9,49,33,29,11,62,46,35,31,60,3,28,12,25,52,56,17,18,54,63,58,5,44,21,53,20,1,16,8,61,40,13,2,45,19,23,41,14,47,7,36,6,43,26,39
28,8,5,32,36,29,38,58,11,27,1,48,46,45,10,53,63,62,18,30,37,51,17,23,9,33,41,0,22,39,7,50,57,12,26,3,13,6,43,61,34,19,47,15,31,44,24,49,54,2,4,20,56,55,42,21,25,16,40,52,35,59,14,60
31,16,21,15,37,46,25,18,12,47,8,19,1,7,59,57,54,14,9,52,39,23,42,33,50,48,10,27,44,30,20,40,36,6,49,17,58,32,2,26,56,43,4,11,61,38,63,28,22,34,41,0,3,60,29,55,62,13,24,35,53,45,51,5
8,47,16,44,50,35,37,54,32,15,14,25,2,6,48,59,58,36,24,49,1,53,63,39,46,62,31,22,13,34,30,27,9,21,41,12,45,26,55,11,42,4,23,51,10,57,40,7,33,5,0,19,38,56,17,61,28,60,20,18,3,52,29,43
2,30,31,37,62,27,47,18,19,48,11,39,41,34,63,42,8,24,10,59,28,52,4,17,57,23,55,36,21,54,1,16,43,9,5,33,15,56,14,6,29,51,7,20,0,58,3,22,61,26,13,35,44,40,50,38,25,49,46,60,12,32,45,53
50,18,2,10,63,55,33,30,36,58,41,47,6,16,19,14,61,20,15,5,57,25,7,37,54,42,43,21,22,24,12,35,53,28,44,13,49,59,31,39,23,48,4,46,62,56,52,8,9,29,26,3,45,11,1,27,0,40,34,60,17,38,51,32
37,63,35,7,14,20,48,12,34,36,31,17,60,2,38,49,58,51,22,24,8,25,47,57,6,0,27,28,15,11,52,10,39,50,26,56,18,55,42,54,45,41,16,62,59,43,19,32,29,9,21,23,5,3,1,53,61,33,4,13,30,44,46,40
55,44,11,38,13,63,41,39,6,48,45,27,26,4,19,34,17,49,53,9,33,42,7,61,24,62,51,2,52,0,21,56,30,23,31,59,43,29,15,22,10,20,5,1,25,47,36,8,46,58,14,54,50,3,28,57,35,18,16,40,60,32,12,37
61,15,12,48,39,60,35,8,36,24,56,16,23,58,45,53,44,27,3,22,49,57,10,51,25,19,43,18,55,46,34,4,26,52,40,59,47,54,21,62,6,20,38,9,63,17,28,42,33,32,2,41,31,13,29,7,5,37,30,1,14,50,11,0
28,33,4,38,51,36,46,18,2,14,57,37,25,20,16,56,30,40,45,8,11,58,7,24,9,21,62,50,63,61,29,15,52,0,42,1,53,22,5,26,54,60,35,55,3,44,39,47,41,48,10,27,43,6,23,34,19,59,13,32,31,12,17,49
41,13,0,58,2,48,24,12,56,4,27,11,59,16,39,8,37,53,38,50,6,31,57,10,32,35,44,40,5,28,18,36,22,51,47,3,7,63,60,29,20,52,17,49,46,23,19,54,33,25,55,34,15,61,45,1,14,62,42,43,30,9,26,21
2,31,40,34,47,61,41,57,21,52,5,3,60,6,37,49,53,43,24,33,45,51,54,30,22,8,1,16,12,9,19,56,62,10,26,15,32,59,20,63,50,13,55,14,23,29,4,28,39,25,36,44,17,11,18,38,48,42,7,58,46,35,27,0
40,63,56,60,62,13,58,7,27,44,11,0,20,12,33,35,28,36,17,5,59,52,14,61,25,4,24,39,49,18,51,54,34,42,30,6,57,3,53,41,22,19,50,45,32,43,16,47,2,26,37,10,46,38,29,15,48,1,31,23,9,55,8,21
15,58,17,41,37,45,46,3,14,50,48,49,13,62,35,59,20,16,30,4,40,0,36,34,33,6,2,24,18,8,22,10,57,60,28,44,5,54,25,19,61,21,38,23,27,42,12,26,47,1,43,51,9,52,29,32,63,31,39,55,11,56,53,7
43,55,54,3,42,1,13,56,58,60,24,17,41,51,50,21,4,19,46,37,61,38,32,9,14,7,16,5,10,62,53,34,25,52,59,27,2,48,23,63,29,26,57,49,6,45,15,20,47,30,31,36,33,35,0,22,12,18,44,39,8,28,11,40
25,46,8,12,56,21,30,41,52,18,50,14,22,33,57,20,26,35,63,6,15,62,59,51,5,55,19,42,44,10,58,4,28,38,23,37,39,11,29,34,2,47,27,53,48,9,40,3,54,49,32,17,0,7,31,16,43,24,61,36,13,60,45,1
22,28,23,24,10,60,49,44,6,38,13,19,5,33,40,58,25,3,0,41,4,27,12,50,42,11,52,32,51,14,15,36,31,63,37,17,47,2,61,26,53,62,18,9,8,29,55,7,35,39,16,43,45,56,34,48,30,54,1,46,59,20,57,21
9,13,58,1,40,21,52,42,27,46,12,11,54,56,24,25,45,51,34,30,41,44,4,22,0,28,57,15,43,59,10,29,32,7,2,49,23,63,8,19,31,14,18,35,6,16,39,62,55,17,5,20,36,53,50,47,38,60,48,26,37,61,3,33
17,37,50,34,11,2,20,52,16,40,54,10,6,53,9,18,51,13,60,57,59,15,44,62,63,58,39,47,38,46,14,61,1,12,31,0,29,22,23,26,43,45,28,33,25,32,49,55,3,27,4,5,56,8,36,21,30,35,48,7,42,24,19,41
31,45,16,28,19,41,50,35,4,1,47,36,34,24,37,23,3,32,5,0,6,44,26,48,2,63,30,27,20,52,9,59,17,39,46,53,25,58,8,60,43,42,29,7,61,62,15,13,57,40,11,33,10,54,51,38,18,12,56,55,49,22,21,14
7,51,62,31,48,44,14,26,16,12,59,28,56,40,52,33,37,49,17,54,60,55,27,11,39,15,45,18,38,5,22,57,50,35,24,30,0,43,3,1,63,53,2,47,34,21,29,36,8,61,10,42,19,9,23,4,13,41,25,46,32,58,6,20
5,30,25,20,47,22,34,10,8,1,16,24,29,6,59,37,28,17,12,54,26,44,55,46,60,35,42,31,51,48,62,3,32,23,7,19,49,52,0,36,18,33,14,15,27,57,50,61,21,9,53,39,43,13,41,11,40,45,38,56,58,4,2,63
32,50,23,15,31,14,26,47,36,45,2,8,12,4,13,54,6,30,3,21,62,49,28,0,60,1,42,53,25,22,48,16,61,18,55,38,58,63,7,20,27,29,17,59,33,5,46,44,43,56,57,51,9,52,19,35,37,11,10,40,39,41,24,34
18,13,39,25,20,49,51,63,34,14,54,2,32,3,9,56,52,61,41,58,40,11,36,17,42,6,21,47,44,53,8,27,24,48,31,22,19,59,5,29,57,45,38,55,7,26,10,1,16,60,15,23,33,50,37,46,62,4,12,28,35,30,0,43
49,24,40,45,2,42,9,22,27,62,32,28,43,46,35,17,52,37,36,60,18,44,12,39,30,48,59,26,20,11,55,14,58,54,31,19,41,53,6,0,29,5,1,3,7,10,61,21,38,63,50,51,23,16,34,25,15,33,57,13,47,8,4,56
27,23,31,61,15,2,60,1,8,52,6,12,50,10,7,9,47,0,16,42,30,59,35,48,43,20,33,21,41,22,34,13,18,55,49,4,39,26,46,51,53,25,40,11,56,14,17,28,38,36,3,24,29,58,44,63,62,37,54,57,19,32,5,45
48,39,3,8,57,44,15,7,45,0,29,11,54,47,46,33,63,42,41,2,25,27,50,37,31,52,22,20,58,10,49,36,62,23,53,28,1,13,38,40,12,59,43,16,56,17,35,60,51,61,5,18,14,19,34,4,24,55,30,32,9,26,21,6
2,17,29,36,47,55,28,25,53,40,6,37,11,49,19,39,9,5,20,34,51,32,61,12,1,15,24,56,4,50,14,41,26,60,59,46,22,43,52,35,63,23,31,33,54,30,45,21,3,8,42,0,38,10,48,62,57,58,44,7,13,16,27,18
10,38,5,1,0,37,4,40,3,29,49,15,24,57,27,9,61,55,63,8,26,12,33,30,39,7,28,42,14,59,16,54,32,50,31,56,51,17,46,52,34,41,2,22,11,45,25,53,19,20,36,23,44,47,6,21,58,62,43,48,13,60,35,18
15,61,4,39,48,42,12,60,58,43,50,3,9,30,59,16,26,33,55,45,10,23,2,51,31,20,54,18,6,7,0,1,56,11,13,32,62,28,37,19,5,36,41,38,53,22,24,52,47,35,29,63,27,17,8,46,21,14,57,25,40,34,49,44
35,41,4,33,55,49,0,6,48,28,7,37,63,23,39,14,3,62,59,11,42,40,51,19,46,10,34,57,20,27,45,16,18,54,38,21,60,25,30,61,9,52,56,5,1,24,26,58,29,50,8,2,32,12,22,36,17,44,43,15,13,31,53,47
3,63,43,37,57,62,42,16,32,52,9,24,53,23,44,48,12,36,30,26,7,10,6,0,18,2,41,55,29,58,17,28,13,8,21,34,31,46,20,40,19,4,45,1,51,27,15,25,35,59,54,56,60,14,39,61,47,38,22,33,5,50,11,49
26,62,47,32,16,33,22,45,39,30,60,3,15,28,1,19,10,57,6,43,59,55,63,61,18,42,29,20,40,53,38,56,21,12,0,46,31,23,44,34,58,52,24,11,25,13,48,35,41,7,8,51,2,27,5,14,50,9,49,37,17,36,4,54
21,42,44,49,55,41,11,28,0,29,22,63,37,31,1,30,62,27,60,8,4,24,7,48,33,3,43,12,58,14,34,51,13,38,32,5,15,50,35,6,39,18,19,52,26,57,45,20,23,61,16,46,2,53,9,59,54,10,36,47,17,40,25,56
7,32,25,15,55,50,47,18,35,52,40,56,45,63,60,0,43,30,41,24,1,46,38,39,19,49,61,53,59,16,11,31,37,5,34,21,10,51,48,44,13,57,9,3,2,4,42,17,14,22,8,33,36,12,58,62,6,20,28,26,29,27,23,54
4,58,14,37,26,18,19,55,20,43,62,21,0,38,44,60,40,45,50,2,33,54,53,28,51,10,16,9,36,24,12,7,31,42,29,52,13,35,61,17,15,3,49,59,11,34,47,46,23,41,39,30,27,63,1,48,22,6,25,57,8,56,32,5
49,16,20,61,35,57,7,30,22,58,23,51,31,14,37,27,33,29,54,60,2,19,6,45,0,52,48,15,21,40,10,5,4,32,17,42,63,44,9,18,46,59,3,43,50,56,53,12,41,26,11,1,36,55,39,24,13,47,8,25,28,38,34,62
27,55,63,17,56,3,59,51,13,8,12,31,7,6,28,35,4,24,32,40,22,23,30,58,39,0,52,10,38,36,50,2,29,15,14,46,18,34,49,33,41,60,20,42,45,43,11,61,5,53,57,16,9,25,54,37,48,47,26,21,19,1,62,44
22,7,48,16,15,21,53,60,24,37,19,51,50,20,10,61,23,58,2,11,0,59,45,8,14,12,34,27,55,49,30,28,25,17,33,9,31,62,5,6,46,42,32,29,41,26,18,36,57,52,56,38,4,3,43,1,13,44,40,47,39,35,54,63
17,57,6,15,12,35,61,36,31,22,30,32,42,20,34,0,9,53,45,48,19,49,23,51,39,52,1,56,60,5,14,37,11,28,50,21,2,25,40,55,62,18,33,3,54,29,47,16,26,43,8,46,7,10,4,24,44,13,63,38,58,27,59,41
41,55,9,7,45,22,19,56,31,62,4,24,17,27,43,0,52,12,23,35,25,28,8,16,6,60,54,21,20,46,3,61,59,58,49,26,63,37,33,36,53,11,2,57,32,50,15,39,44,47,51,14,18,1,5,42,38,29,10,40,30,13,34,48
57,18,4,0,41,14,24,25,54,21,12,43,19,5,58,6,63,23,22,47,49,36,29,60,45,46,7,15,62,10,30,56,3,8,38,42,28,1,53,39,52,11,35,16,55,17,61,34,51,13,33,40,9,26,50,32,48,20,59,37,44,27,31,2
54,47,12,45,21,35,51,41,17,46,33,19,27,0,37,22,50,14,24,4,42,31,43,40,61,44,49,60,11,39,23,5,6,58,2,1,20,57,56,53,16,62,7,36,63,28,8,9,3,13,26,55,18,25,59,34,15,52,38,30,48,10,29,32
17,11,48,0,25,62,2,51,53,59,37,32,12,6,58,44,8,50,54,39,42,13,33,9,5,7,47,41,30,1,61,14,24,36,63,43,26,52,28,57,34,16,21,55,3,20,23,10,19,60,29,35,22,18,49,45,56,15,46,4,40,27,38,31
18,21,16,62,24,41,5,42,2,48,25,10,56,47,6,40,32,26,17,54,29,44,38,30,58,15,4,34,59,19,7,22,35,45,57,52,3,63,9,61,51,46,60,50,53,39,13,8,43,27,23,12,36,0,49,31,14,20,11,1,33,37,28,55
28,16,47,52,31,45,19,39,49,41,0,42,50,44,38,27,23,26,1,46,57,55,9,7,8,59,58,4,48,13,17,63,43,61,32,25,22,33,3,54,18,6,2,12,24,40,34,15,30,37,20,5,11,36,53,21,60,56,10,29,62,14,51,35
5,14,53,21,0,17,59,19,58,16,26,51,31,48,41,39,34,50,27,8,57,46,13,12,60,56,45,61,49,28,32,63,20,43,10,52,29,40,62,15,47,37,6,30,36,33,22,3,42,9,24,7,1,35,23,54,55,11,38,4,44,18,25,2
33,16,60,61,1,39,48,43,2,4,41,10,21,26,47,56,55,40,0,9,13,63,57,12,52,42,23,6,22,32,27,19,34,58,51,28,3,15,8,14,44,24,59,35,7,36,54,11,5,17,18,46,49,20,25,50,38,62,30,45,37,31,53,29
32,50,31,26,51,11,38,52,62,9,8,46,36,29,58,42,1,2,61,30,41,45,35,56,39,34,55,14,43,53,19,6,17,13,22,25,0,10,24,12,59,48,33,5,3,7,63,23,28,15,60,40,18,16,37,27,20,49,47,4,54,21,57,44
26,19,18,52,35,22,40,58,30,50,2,48,53,34,13,41,25,57,55,0,21,15,6,20,10,36,42,29,28,61,16,17,3,45,8,54,47,62,23,7,46,59,12,33,43,32,38,49,44,27,56,24,63,4,39,1,14,9,5,37,51,60,11,31
3,4,5,58,29,10,24,28,17,33,48,15,6,25,36,0,9,37,1,18,50,27,35,26,12,43,7,22,57,46,54,61,60,20,2,59,14,32,47,63,31,16,13,49,55,40,11,41,44,56,62,30,53,45,52,23,42,38,39,21,51,8,19,34
29,46,37,36,34,14,43,6,59,38,26,58,48,28,25,41,21,7,39,35,1,42,54,5,22,16,53,40,32,27,11,31,52,60,49,10,44,55,57,23,8,47,9,50,19,33,30,13,51,20,17,62,45,63,61,3,4,15,18,24,12,0,2,56
23,9,31,26,45,0,29,15,32,57,62,5,2,35,37,61,25,49,63,42,58,21,48,1,3,10,36,11,19,55,43,16,60,8,40,41,54,24,53,13,50,14,28,44,12,30,38,51,33,18,22,27,4,47,7,6,56,46,39,52,17,20,59,34
29,2,62,6,35,57,44,15,45,61,30,3,10,46,36,32,50,16,7,19,18,1,40,54,41,14,22,33,28,49,17,25,20,58,60,31,21,59,11,51,43,63,8,48,4,24,12,55,34,56,13,0,37,26,42,38,27,23,39,47,5,53,52,9
52,48,22,44,28,19,0,62,36,43,41,56,16,4,37,40,51,42,23,59,1,2,3,11,25,30,5,20,13,31,61,9,18,38,34,39,24,14,10,32,15,57,26,46,12,54,58,60,33,55,53,35,29,49,47,45,63,7,8,6,21,27,50,17
28,62,6,50,1,57,40,32,13,14,39,43,22,47,53,44,7,59,19,5,60,56,0,15,17,11,10,2,38,48,24,12,23,16,34,36,21,52,41,42,3,20,45,55,54,46,18,9,35,26,25,37,61,8,30,27,31,29,49,51,58,33,63,4
27,52,8,54,37,44,20,60,38,35,19,42,40,11,33,34,17,21,46,47,51,53,1,24,59,36,45,4,43,12,23,18,56,57,39,26,6,2,32,0,50,16,48,62,41,13,29,3,28,5,55,31,61,9,22,10,15,14,49,63,7,58,25,30
12,48,52,47,39,53,16,8,32,56,10,57,15,42,46,55,1,60,62,29,5,18,28,40,61,9,26,22,63,19,7,30,35,24,38,21,14,6,49,4,13,44,25,51,59,45,17,23,27,34,31,36,37,20,3,43,2,50,33,41,58,11,0,54
31,18,49,6,48,42,38,25,0,63,22,26,7,44,24,34,10,13,16,20,3,60,59,32,51,61,5,54,52,21,37,41,45,53,28,30,4,11,23,27,36,9,33,47,39,12,62,8,50,14,2,58,56,17,55,57,19,35,15,1,43,46,29,40
0,63,47,37,3,31,29,30,55,6,12,8,41,13,56,2,40,53,46,33,36,51,11,48,45,50,20,23,17,43,5,25,14,44,27,7,38,28,1,57,21,49,15,18,60,58,59,16,52,24,4,19,32,39,26,34,9,62,61,22,10,35,54,42
24,54,7,61,39,19,43,23,37,28,52,41,20,49,16,5,45,10,62,35,22,21,44,51,40,38,1,29,18,13,63,56,36,59,2,14,55,31,4,58,48,0,32,8,9,15,30,46,26,27,11,47,33,50,57,34,42,60,12,3,6,25,53,17
3,39,30,8,45,22,57,31,15,26,29,42,35,55,62,19,10,38,0,41,63,43,1,33,48,32,7,17,61,49,53,4,56,14,11,6,34,13,52,2,18,50,21,46,16,24,36,23,60,20,12,47,37,44,25,51,54,58,40,28,5,27,59,9
34,39,19,23,47,35,57,7,29,1,56,17,52,59,46,40,22,48,55,11,63,6,49,51,45,60,10,9,32,18,53,28,26,62,31,30,25,14,12,61,33,44,42,24,38,4,43,37,36,16,13,2,41,8,50,3,15,27,20,5,0,54,21,58
38,13,46,26,55,50,57,28,21,43,12,34,23,24,62,5,31,7,48,25,39,16,1,33,36,44,3,51,11,32,63,58,29,20,30,47,9,60,49,2,52,27,14,35,56,45,0,6,4,41,19,17,37,22,59,10,18,54,8,15,42,40,61,53
38,60,47,14,36,2,51,9,27,13,17,58,43,6,42,39,50,1,45,33,44,37,3,63,16,53,54,29,35,25,26,30,59,49,10,56,57,52,5,7,24,8,15,31,4,61,40,20,46,23,32,41,12,19,62,28,48,0,21,55,22,18,34,11
41,33,40,30,23,10,26,4,58,39,2,46,61,3,20,53,15,12,36,0,37,55,6,13,44,38,35,59,19,16,51,54,21,45,11,24,22,31,43,27,63,52,18,49,1,56,32,14,5,34,9,29,50,62,25,8,60,48,17,28,47,57,7,42
10,1,27,40,5,54,28,0,49,26,56,30,59,22,39,17,60,32,62,46,44,43,16,13,35,47,37,20,11,14,33,6,3,41,29,15,23,61,50,18,57,45,53,38,55,52,58,24,36,8,12,21,31,9,25,19,7,42,34,2,51,63,4,48
41,1,35,55,24,23,9,25,58,45,62,42,36,52,46,53,8,18,47,37,34,59,40,60,12,7,29,54,49,6,16,44,17,63,38,0,31,13,26,51,27,32,50,10,4,28,43,33,11,48,5,56,20,19,21,57,61,39,3,22,30,14,15,2
55,38,33,8,44,15,31,42,40,11,10,29,18,45,12,28,6,47,1,19,59,32,21,26,24,56,13,48,62,51,34,41,5,52,53,3,17,63,46,50,16,36,37,22,23,35,14,25,39,54,0,9,58,57,20,30,49,7,61,27,43,4,60,2
61,57,5,23,18,62,33,6,56,1,8,13,40,35,55,11,28,44,10,51,47,26,37,19,32,17,14,16,36,60,45,46,12,30,49,25,43,22,39,29,24,41,20,53,15,4,27,50,63,52,2,48,58,3,9,21,31,34,59,7,42,38,54,0
16,47,24,4,10,17,14,11,63,19,13,54,43,3,58,61,42,23,18,1,30,39,44,22,9,6,48,51,33,41,59,8,55,49,26,46,62,28,2,21,50,45,52,29,32,56,31,40,57,12,53,36,15,38,5,20,25,37,34,7,0,35,60,27
54,46,52,1,9,55,11,59,37,32,2,44,53,19,27,15,62,56,58,8,30,4,36,10,34,48,28,23,57,42,3,40,12,39,24,6,13,60,18,61,17,22,5,31,21,7,0,63,14,25,26,20,16,49,29,50,51,43,35,38,33,45,47,41
28,63,45,19,39,20,52,0,58,57,51,24,46,34,6,38,54,37,2,23,29,17,21,26,50,12,59,49,14,9,22,4,55,61,32,48,13,16,18,33,30,11,42,56,7,25,3,36,35,1,31,10,60,41,5,44,43,8,15,27,53,40,62,47
19,20,14,50,3,0,34,7,1,62,16,51,33,37,54,10,32,8,18,56,21,40,2,22,44,11,15,30,5,41,12,24,53,60,42,39,31,43,58,17,46,25,61,28,45,48,29,9,4,26,38,35,57,55,49,59,47,6,23,13,52,27,36,63
60,13,1,43,20,62,54,27,42,21,50,5,12,23,18,25,10,40,35,19,2,16,28,46,48,37,31,34,30,38,6,9,51,36,49,58,63,52,41,8,22,53,11,17,3,39,14,55,33,0,45,15,29,57,4,7,56,32,26,44,24,59,47,61
34,59,30,37,54,41,44,63,62,50,48,2,5,56,33,52,28,1,61,49,17,12,20,43,3,27,36,21,31,18,58,42,39,29,32,11,60,25,16,57,9,53,23,38,55,45,22,51,13,46,15,4,26,14,7,6,24,10,35,40,47,8,19,0
19,46,28,49,22,41,20,4,57,45,12,39,7,48,1,62,44,5,27,40,18,2,38,15,26,60,34,24,23,58,0,6,21,14,47,29,63,3,33,11,54,25,53,16,37,8,55,30,52,50,51,59,42,43,10,31,61,56,17,13,35,32,36,9
35,6,3,49,29,57,21,14,47,54,55,1,23,40,2,51,31,4,61,50,0,58,30,56,32,18,27,11,25,13,52,39,37,44,46,12,10,19,38,34,48,26,20,7,60,15,63,41,17,43,8,24,45,59,42,22,62,5,28,9,33,36,53,16
43,45,63,10,0,41,23,55,24,56,3,60,20,7,34,22,30,59,17,9,15,29,1,26,32,54,21,49,31,42,57,44,25,48,14,53,37,36,61,11,51,4,6,46,12,13,39,5,27,47,50,18,16,62,40,28,38,52,2,58,8,33,19,35
30,54,46,58,42,23,43,36,6,61,49,48,52,0,3,16,28,63,27,44,15,55,7,13,11,56,26,29,4,51,31,59,45,1,21,2,17,32,60,41,34,20,37,47,19,10,18,33,9,57,50,35,62,38,25,39,5,24,12,53,14,8,22,40
46,12,53,37,57,21,27,34,5,52,28,54,62,60,11,14,59,13,50,23,6,58,44,24,48,2,45,33,3,49,51,17,40,26,10,39,1,41,63,55,15,35,56,47,61,32,7,0,22,29,16,19,18,42,38,30,36,8,4,9,43,20,31,25
30,50,22,45,39,6,12,13,43,21,0,4,5,59,38,62,17,18,55,9,31,16,34,36,49,32,11,23,19,60,52,63,26,51,20,56,35,61,58,47,46,53,29,8,57,3,40,24,37,28,10,15,41,48,1,25,42,7,2,27,14,54,33,44
38,14,9,15,33,23,54,40,58,32,25,13,8,60,55,53,39,56,2,45,50,57,12,31,49,42,19,24,3,20,48,34,17,6,36,59,0,62,16,27,61,41,10,28,51,26,1,5,7,44,22,47,43,46,21,35,30,4,18,52,63,29,37,11
60,8,45,23,56,15,2,33,37,58,27,11,22,63,26,7,14,16,5,54,19,48,34,31,40,24,47,35,30,29,13,32,0,42,3,59,6,62,25,10,12,52,21,1,41,36,18,28,20,50,17,9,39,46,57,44,49,38,43,61,51,53,4,55
60,9,33,11,7,41,49,28,25,3,46,58,13,14,21,36,12,15,27,32,18,19,55,43,40,52,8,59,16,44,38,39,45,17,26,2,62,48,20,6,37,51,23,35,31,57,0,22,29,30,63,5,50,4,24,42,56,34,61,1,53,54,10,47
43,18,5,36,45,10,24,52,56,31,12,55,15,53,58,23,19,62,51,38,37,30,57,32,50,14,6,40,34,1,16,17,13,21,39,49,4,47,3,25,22,61,27,42,11,46,48,26,63,8,41,35,59,20,28,2,54,29,7,44,0,9,33,60
31,6,30,3,63,59,52,35,19,28,34,27,53,18,8,45,44,7,21,32,47,17,51,36,26,37,1,11,29,14,4,5,22,56,58,62,39,23,40,38,25,33,13,57,54,42,49,16,41,48,12,46,2,60,55,50,10,0,15,61,9,24,20,43
12,3,56,46,59,39,25,2,34,48,7,6,27,41,4,19,40,18,36,5,37,28,0,60,50,63,8,43,9,10,14,1,52,13,32,29,31,51,54,23,20,26,33,24,45,42,61,30,47,11,62,21,16,58,57,38,44,49,35,17,55,53,22,15
39,14,27,28,37,6,19,15,50,45,59,40,20,56,24,2,7,49,22,33,42,62,58,18,29,53,34,9,21,44,47,13,12,57,3,23,32,11,38,30,8,41,61,36,5,52,4,25,55,35,60,54,10,51,31,43,48,17,63,0,1,16,46,26
50,41,49,29,9,11,8,61,14,12,62,20,27,57,46,34,31,51,56,23,39,5,18,16,25,45,40,13,10,38,4,22,47,24,42,63,36,32,21,48,19,7,30,58,53,59,35,6,26,44,0,28,17,60,15,3,37,2,33,43,54,1,52,55
26,29,58,55,13,31,5,40,2,32,11,60,17,12,9,47,33,19,59,7,53,6,62,49,50,22,46,15,14,25,10,37,30,4,57,61,48,36,28,38,21,43,8,27,39,41,23,18,51,42,63,52,54,3,20,45,24,16,0,56,44,1,34,35
4,56,7,45,63,27,12,32,62,33,35,11,40,25,21,28,14,15,41,39,47,53,54,36,19,48,57,3,17,5,30,26,1,16,49,50,31,60,0,38,10,20,59,61,24,22,18,8,34,2,13,55,51,29,44,9,42,6,52,46,37,23,58,43
23,55,4,14,56,21,45,6,40,32,7,17,16,59,35,48,8,28,19,1,38,46,49,27,34,11,42,2,61,30,5,58,18,54,15,29,37,9,44,10,13,50,60,63,26,52,51,22,57,39,43,47,3,20,25,12,62,0,41,36,31,24,33,53
31,54,61,22,12,0,15,55,41,13,5,1,7,34,39,26,45,51,29,32,36,47,18,21,50,52,37,11,23,58,44,30,49,56,4,6,14,2,48,10,17,33,59,62,19,9,46,27,40,38,63,25,16,57,42,8,53,28,3,20,35,60,43,24
2,48,38,6,54,33,23,36,16,34,61,35,5,11,18,29,24,27,41,12,57,31,43,32,45,53,0,14,44,7,8,37,9,10,51,58,4,55,62,13,3,40,63,21,47,46,1,50,28,39,49,30,56,59,20,42,19,22,60,52,15,26,17,25
21,47,22,36,31,13,12,51,60,45,56,57,52,16,1,53,2,14,58,46,54,48,20,17,32,63,44,15,37,8,19,3,43,24,59,5,35,29,6,25,55,30,41,61,11,39,40,28,18,38,34,23,10,27,7,26,49,9,33,62,50,0,4,42
35,45,11,19,1,42,2,63,31,29,28,7,51,4,38,9,14,39,53,32,56,36,16,49,41,46,47,40,25,57,37,3,18,12,10,55,24,13,60,62,15,33,6,22,17,59,43,23,54,44,30,0,61,34,21,26,27,8,58,50,48,52,5,20
11,21,2,58,28,40,1,49,8,0,44,27,60,54,14,55,56,37,17,29,7,52,31,23,59,32,5,36,62,38,3,50,51,20,34,4,45,35,19,22,48,33,57,18,63,30,9,46,61,42,12,47,6,10,26,24,53,39,25,15,16,41,43,13
15,61,47,25,62,40,0,5,57,11,13,14,1,26,16,37,24,32,41,39,6,17,12,59,48,63,46,2,33,10,54,22,18,4,20,7,8,58,23,53,31,34,60,50,42,21,36,55,28,27,49,3,38,51,44,9,30,43,52,19,35,56,45,29
1,14,18,3,53,59,0,57,55,47,36,10,11,35,45,63,4,32,22,5,58,60,33,23,61,9,12,30,51,54,20,7,56,21,40,31,44,28,17,39,34,15,37,26,19,43,27,62,41,42,29,48,6,2,50,38,13,8,52,16,24,25,49,46
9,26,52,33,12,30,1,11,38,46,13,54,3,61,5,51,34,21,55,27,45,58,2,50,20,22,40,56,25,6,10,16,0,36,41,44,49,17,42,15,48,37,7,43,32,28,59,8,60,23,29,14,62,63,4,24,35,53,31,39,57,18,47,19
63,20,26,5,13,27,11,18,54,59,2,43,61,62,17,50,39,28,9,53,56,37,42,23,52,36,58,22,51,34,14,10,45,19,30,60,12,0,57,24,41,48,44,32,47,46,35,7,38,49,25,31,1,55,15,29,21,40,16,33,3,6,4,8
1,36,23,22,61,38,20,6,13,33,9,3,26,37,5,35,60,45,10,59,7,4,30,21,63,56,53,15,32,43,49,12,58,39,19,48,42,16,50,29,52,14,41,24,34,18,47,54,17,2,51,31,27,46,55,28,25,8,62,0,44,57,11,40
0,60,4,34,19,25,58,18,6,1,61,54,11,48,51,41,56,35,46,28,24,21,14,57,7,9,42,63,55,39,12,22,47,44,45,30,37,10,59,17,43,50,62,13,32,33,49,5,31,15,26,23,36,53,40,38,20,3,2,16,29,52,8,27
20,57,13,63,29,16,42,52,25,48,30,27,24,3,53,37,9,33,61,38,45,49,32,12,14,41,43,7,28,19,17,22,59,21,26,8,44,0,58,51,31,55,6,1,15,39,60,62,4,47,50,18,23,34,2,54,40,11,35,5,46,10,56,36
14,61,49,5,53,17,54,43,48,31,59,1,16,36,22,45,33,21,20,38,30,8,46,58,52,3,44,32,25,0,23,37,35,2,28,57,13,34,6,12,27,26,18,51,63,15,41,55,47,39,4,60,7,62,29,56,10,11,24,9,19,42,40,50
39,8,25,21,11,36,63,53,27,1,3,50,62,43,34,14,51,15,31,18,2,22,48,30,28,0,32,52,13,37,7,9,55,29,17,33,4,24,45,54,20,60,16,44,47,26,12,10,38,19,42,59,5,23,49,41,35,57,56,46,61,40,58,6
3,38,39,47,8,18,33,31,27,29,62,11,37,61,53,57,49,63,43,32,50,58,46,25,52,22,1,60,34,17,0,4,42,48,45,21,15,55,26,12,36,54,2,59,30,10,16,23,9,6,24,13,35,56,44,28,19,14,20,7,40,5,41,51
26,44,21,48,42,53,57,45,18,17,8,4,9,1,47,37,50,35,51,59,24,61,23,41,43,13,36,25,40,34,30,22,55,58,32,31,63,7,19,49,0,60,52,33,28,54,3,27,2,56,62,46,20,38,14,6,39,12,29,15,16,11,5,10
15,55,45,47,48,10,58,43,3,38,37,17,59,49,61,41,22,33,28,60,31,13,0,32,20,57,46,23,56,44,27,4,35,12,16,51,21,42,36,8,18,9,39,26,5,54,63,40,7,2,29,50,11,53,62,25,34,19,6,30,24,1,14,52
58,49,33,20,57,6,56,37,59,29,11,4,10,22,63,35,7,36,34,28,19,30,31,26,5,48,15,45,61,1,38,0,42,44,17,14,55,25,51,53,18,47,32,2,13,39,41,8,62,50,43,21,60,46,40,54,27,52,9,24,3,12,23,16
28,42,41,20,47,1,29,51,9,45,25,40,49,37,43,6,23,14,39,60,7,12,8,34,3,4,24,18,44,30,58,53,0,62,63,32,31,52,36,61,17,50,33,16,11,19,27,38,22,10,55,59,2,56,54,21,46,26,35,48,15,13,5,57
8,14,57,1,34,25,15,36,30,46,47,33,9,50,3,23,19,29,4,52,6,12,40,22,53,56,54,16,63,2,31,43,11,62,38,37,59,48,21,17,13,39,42,7,32,5,45,28,0,35,10,26,49,41,51,60,18,61,24,55,20,44,58,27
63,38,56,28,26,32,15,20,60,12,11,31,19,14,4,42,6,17,50,22,43,61,40,1,59,27,58,18,2,47,39,54,35,36,8,44,57,23,7,21,30,62,46,10,55,13,33,48,51,49,3,5,16,45,37,0,53,24,29,25,9,52,41,34
23,47,57,44,9,52,26,30,60,35,38,56,12,5,45,37,24,41,28,2,58,39,31,53,14,40,48,33,11,4,17,43,59,18,7,32,61,63,1,20,0,3,13,16,21,8,51,49,19,50,54,6,34,27,55,46,36,15,22,29,42,25,62,10
39,20,60,37,3,49,46,12,50,51,48,34,47,6,58,29,21,55,9,1,28,57,62,16,17,25,4,42,32,53,30,41,40,10,45,56,63,5,35,27,8,11,24,7,19,44,31,33,26,18,15,0,13,36,22,61,23,52,38,2,43,54,59,14
29,48,45,62,39,0,5,46,53,51,57,1,35,60,36,14,32,9,2,8,61,22,40,56,18,17,31,27,11,47,49,16,6,19,24,28,3,50,21,26,55,15,20,42,37,38,23,13,25,43,52,33,59,10,63,34,58,30,54,41,7,44,4,12
9,11,4,22,48,2,55,60,10,1,8,54,28,33,20,39,45,42,40,63,61,41,38,44,46,50,26,31,32,37,62,25,3,56,24,35,0,5,59,36,16,27,57,6,17,15,30,43,47,7,13,58,23,53,52,14,49,34,21,12,29,18,51,19
60,19,61,39,31,13,28,45,27,35,14,5,32,55,62,21,40,37,17,7,33,42,43,41,63,20,10,49,3,30,51,4,54,38,6,59,47,2,1,16,8,9,12,18,46,24,44,25,22,53,48,23,15,58,56,0,52,36,57,11,29,34,26,50
56,15,46,38,50,20,39,32,8,35,4,40,61,58,5,7,31,62,16,34,1,60,6,49,12,21,52,63,26,24,29,2,48,44,45,43,11,47,55,27,10,30,36,25,13,33,41,9,19,59,28,57,14,18,54,3,37,0,17,22,23,51,42,53
43,57,44,41,14,60,8,50,32,7,26,21,16,2,54,6,59,19,12,10,52,58,13,55,15,47,4,29,37,49,1,27,25,24,36,17,39,20,9,56,42,53,62,63,31,11,0,35,38,51,23,22,46,61,28,5,30,40,33,45,48,34,18,3
62,28,10,34,53,27,63,60,20,32,55,14,35,49,5,23,42,25,44,2,47,13,50,31,51,4,54,11,19,43,3,36,45,61,39,58,16,57,41,9,30,24,56,17,40,46,18,52,29,15,1,38,0,21,22,33,12,6,48,8,26,59,37,7
2,6,48,12,21,60,47,57,23,43,42,45,37,63,58,7,59,25,11,17,0,4,28,18,1,62,51,39,10,15,49,8,19,5,55,30,26,24,54,20,50,36,56,13,3,46,40,22,44,41,9,38,35,29,53,27,34,14,52,31,32,33,16,61
26,34,0,15,42,55,62,20,61,37,54,14,12,43,2,41,56,57,30,39,17,4,38,7,28,24,23,6,50,60,44,45,3,32,19,8,22,9,47,10,51,11,18,59,27,40,36,29,48,35,5,16,31,46,63,58,25,21,53,13,52,1,49,33
12,16,3,18,35,50,41,46,38,21,0,54,57,39,22,48,47,37,28,2,4,40,32,13,55,53,44,51,60,9,26,49,34,27,31,61,36,33,7,10,43,11,19,17,23,20,30,63,45,25,58,8,1,42,15,5,6,52,24,62,59,14,56,29
0,4,55,43,12,25,44,51,60,54,36,42,18,5,57,28,22,45,13,15,49,63,19,7,35,50,40,29,26,56,9,14,62,30,34,11,21,23,48,17,37,58,61,27,3,46,41,10,47,1,39,53,33,20,38,24,8,6,32,31,52,59,16,2
32,41,52,19,15,47,54,35,3,46,55,53,38,7,45,57,6,39,29,16,8,37,13,23,50,21,63,31,17,5,58,48,25,14,30,61,10,59,28,33,4,27,1,62,60,56,11,49,24,36,22,12,40,20,34,0,44,43,2,9,26,51,42,18
35,25,21,29,11,46,20,63,53,7,48,6,43,26,9,59,5,31,22,15,42,23,2,18,32,40,4,17,61,0,60,39,45,28,12,57,47,10,55,51,13,38,58,37,52,50,41,33,19,44,24,34,3,16,62,56,27,54,36,30,14,49,8,1
37,41,8,14,21,38,61,50,5,46,52,57,47,62,53,15,40,12,55,63,9,45,10,35,11,29,33,17,34,42,51,20,39,44,58,22,43,26,25,60,56,1,24,28,4,23,16,27,13,7,0,6,31,36,59,49,3,18,30,48,32,19,2,54
34,35,8,6,41,40,43,21,24,31,59,57,1,54,26,23,16,60,15,2,44,52,9,27,12,18,25,58,22,50,55,29,39,19,49,47,48,62,53,42,46,20,45,56,5,61,17,7,28,37,30,3,14,36,33,51,32,4,63,0,10,11,13,38
33,45,60,40,30,7,13,52,39,54,32,26,18,50,53,0,58,16,46,2,36,4,44,57,48,43,34,12,51,23,25,41,3,35,63,17,20,59,42,14,61,29,5,6,55,9,47,49,31,28,10,22,38,19,27,11,15,8,21,37,62,24,1,56
17,7,61,43,29,47,18,36,40,63,52,51,8,39,12,44,42,46,19,5,31,58,48,35,13,49,4,30,23,55,9,2,41,1,20,3,50,38,54,53,37,59,22,62,10,32,0,24,16,25,11,14,34,26,27,15,21,56,33,45,57,28,6,60
26,44,19,17,23,3,42,14,52,7,6,40,39,50,53,49,51,35,47,38,54,18,34,29,27,4,2,28,57,41,12,61,25,45,10,21,62,55,15,20,8,24,9,0,36,48,63,16,11,5,32,56,22,46,30,43,60,58,31,13,37,59,1,33
6,41,22,24,62,45,32,55,15,14,43,1,50,37,26,46,33,61,25,53,42,35,63,54,38,39,60,40,11,13,2,23,3,27,8,52,58,0,9,28,44,17,12,59,20,49,31,4,57,19,21,56,18,10,29,5,36,47,34,7,48,51,16,30
55,37,21,28,52,16,27,29,35,14,38,20,50,41,59,17,3,22,62,60,61,63,11,46,48,24,40,1,54,10,25,31,42,12,18,30,58,45,7,13,33,36,4,34,39,2,57,51,23,32,9,47,49,43,0,56,5,15,6,53,8,19,26,44
43,13,10,36,24,1,33,41,47,15,37,27,19,60,34,38,62,52,25,50,59,42,39,53,26,31,14,40,56,0,28,61,51,16,44,49,35,6,8,55,58,2,30,18,48,46,45,7,12,32,4,11,21,23,57,17,22,63,29,5,20,54,3,9
9,42,45,0,56,21,7,28,55,58,13,10,4,12,41,37,24,17,2,33,53,26,14,61,38,19,18,15,23,51,46,52,27,22,35,8,54,50,62,57,25,36,49,5,16,48,30,20,34,59,1,29,3,6,40,44,11,43,32,39,31,47,63,60
59,41,6,27,34,45,17,51,20,15,61,57,29,39,8,12,38,22,2,5,13,25,53,10,14,40,3,35,54,0,32,52,24,47,55,4,7,50,16,33,43,1,28,23,19,60,42,63,58,46,56,18,26,31,48,11,62,37,44,9,36,49,30,21
51,7,52,41,32,12,29,33,59,20,40,27,47,26,58,53,34,45,5,21,22,8,63,10,6,44,19,15,9,24,38,37,25,14,18,17,39,35,2,62,56,4,31,28,48,55,60,36,16,11,23,50,49,57,0,43,1,46,54,13,3,30,61,42
63,30,57,25,0,61,40,2,36,48,53,16,24,56,5,14,29,18,37,33,54,22,31,3,17,20,32,59,41,12,6,58,44,52,49,43,35,38,7,15,10,60,45,9,13,28,47,51,21,55,8,19,1,62,27,26,4,34,11,42,23,50,46,39
29,55,37,23,62,38,34,45,47,26,39,32,10,18,27,13,35,24,60,57,12,16,17,9,3,50,46,11,56,36,49,63,61,28,48,33,14,22,20,41,19,21,54,59,42,53,58,1,6,40,43,51,52,30,25,4,5,44,7,15,0,31,2,8
20,0,49,40,19,14,28,44,4,47,25,58,37,42,33,3,5,24,35,9,57,13,2,17,11,7,55,27,18,56,50,38,26,61,46,53,23,48,15,39,45,43,60,16,21,6,36,63,51,32,34,8,62,1,52,31,41,10,12,59,54,30,22,29
26,36,37,46,52,53,30,40,32,7,50,6,54,21,4,28,31,41,55,48,18,27,59,20,19,29,15,13,60,62,17,45,22,57,11,63,1,33,44,39,61,51,3,10,0,56,12,42,9,24,14,43,47,25,35,58,16,49,5,2,8,23,34,38
16,18,51,10,46,27,2,40,8,62,15,7,34,54,61,44,52,5,13,35,36,33,37,19,4,59,30,31,22,41,21,53,11,1,55,50,32,47,57,14,56,58,43,45,24,17,49,23,0,42,28,25,9,39,29,26,20,6,12,38,48,63,60,3
48,55,45,50,26,63,53,27,58,30,15,51,21,60,25,38,36,9,29,52,5,20,31,42,40,0,35,24,3,17,6,47,44,32,46,41,19,4,34,13,39,7,10,54,16,61,49,56,33,43,57,37,18,12,23,1,59,22,8,11,2,14,28,62
53,30,32,34,19,36,26,20,60,33,3,39,55,38,61,16,48,1,45,44,35,23,62,6,5,10,29,37,58,56,63,43,17,21,9,8,59,25,18,2,49,47,31,46,51,27,57,42,40,41,28,14,15,13,7,22,4,54,50,11,52,12,0,24
62,12,36,51,49,30,21,22,10,55,43,33,59,37,45,32,63,52,23,8,20,2,58,27,60,16,61,13,38,47,19,41,4,48,25,6,57,46,14,26,54,18,29,5,15,50,42,35,7,11,1,56,34,39,28,44,53,31,9,24,0,3,40,17
25,47,31,16,21,18,14,8,48,1,4,17,43,9,39,45,6,24,35,63,19,32,20,12,2,5,26,7,15,41,57,22,10,53,11,60,38,46,0,51,40,56,62,44,37,50,36,49,29,33,23,42,59,54,58,3,55,52,30,13,28,61,27,34
31,60,33,38,34,46,43,51,15,20,50,18,9,62,1,17,32,61,26,40,28,36,57,27,30,3,12,4,53,5,59,7,58,56,24,39,21,0,44,41,29,54,48,2,16,49,35,10,63,25,6,11,8,37,52,42,13,47,55,19,14,23,22,45
27,29,56,34,32,54,53,16,35,4,51,44,60,9,24,15,5,12,33,48,30,1,36,62,6,19,49,2,7,41,39,13,43,55,21,28,46,57,0,37,22,31,3,18,58,50,14,47,59,23,17,26,20,38,8,25,10,52,63,61,40,45,42,11
61,32,23,59,48,62,21,5,53,31,25,8,29,46,16,57,63,51,18,49,39,6,14,10,13,17,11,4,60,3,2,56,55,41,12,47,0,52,36,40,54,19,22,1,30,26,24,34,15,45,42,9,50,7,35,44,28,43,33,20,27,37,58,38
24,12,38,59,5,46,36,20,44,21,45,8,3,51,4,31,41,6,10,25,7,27,63,50,1,18,11,19,17,2,0,43,62,33,29,49,54,30,16,42,15,57,35,58,9,32,39,34,13,48,23,22,40,26,61,14,56,55,53,47,60,37,28,52
37,12,25,34,54,62,44,6,31,0,18,2,23,38,10,61,8,47,17,16,7,29,27,52,13,40,35,49,33,11,39,60,63,20,42,36,21,58,53,32,3,28,19,55,50,24,30,46,59,41,1,26,22,51,9,43,15,45,57,4,48,5,56,14
47,41,25,59,10,46,49,50,34,33,18,13,36,1,57,32,11,29,22,23,37,48,55,24,43,35,52,9,27,16,15,17,5,30,12,6,28,7,31,8,3,53,58,54,26,42,4,61,21,40,45,63,38,44,39,20,51,2,19,56,60,0,14,62
18,43,46,38,1,26,5,33,17,12,9,62,35,19,6,2,15,21,47,60,13,61,23,11,50,45,3,0,20,51,63,58,37,7,57,39,8,36,32,56,28,24,59,52,41,31,30,29,14,49,34,44,10,54,4,42,27,22,25,48,40,53,16,55
13,26,59,40,5,49,41,11,29,56,62,52,36,27,33,55,7,17,14,16,30,20,23,42,0,32,35,2,19,48,47,6,24,53,3,15,58,39,34,21,57,28,45,31,44,61,8,22,12,1,18,50,10,51,54,9,63,37,4,60,38,25,46,43
22,40,47,27,35,21,48,45,12,15,5,29,36,2,4,3,31,34,8,41,50,32,30,0,25,61,18,62,23,52,16,55,20,38,57,13,7,6,10,42,19,56,60,51,9,59,1,53,17,14,46,44,58,37,26,28,11,33,49,63,24,39,43,54
13,42,6,53,24,62,7,57,15,33,3,23,12,25,49,63,22,14,34,37,40,29,52,44,27,55,61,58,28,54,51,16,48,45,4,2,1,11,31,32,43,18,46,26,20,30,38,0,41,47,60,21,9,35,39,36,17,8,5,19,59,50,56,10
32,51,9,34,3,26,22,36,53,33,48,52,25,6,35,46,5,37,62,19,29,15,49,10,61,56,63,13,28,47,1,43,39,55,45,20,40,30,16,54,18,41,58,8,14,50,24,2,57,7,44,23,38,21,60,59,11,42,31,12,27,17,4,0
11,29,26,32,40,54,39,0,50,51,24,44,12,57,8,46,52,31,17,20,9,41,60,2,10,48,45,18,14,1,4,35,27,6,7,63,16,59,28,23,61,21,55,34,38,47,25,30,3,43,62,15,5,53,49,58,13,36,19,42,22,56,33,37
2,12,62,38,30,5,61,10,3,7,42,24,6,17,31,8,59,20,54,18,21,22,50,36,11,37,4,57,0,9,41,33,47,16,34,26,55,32,58,56,28,27,53,51,46,13,15,25,23,43,45,60,52,63,1,35,19,39,14,40,49,44,48,29
50,3,53,22,32,12,55,29,51,40,28,57,24,60,23,56,27,52,63,20,6,0,54,37,42,5,17,47,46,44,19,30,15,16,21,33,8,7,38,43,10,25,34,59,26,58,9,45,14,4,62,41,61,31,2,39,36,1,11,49,48,13,18,35
29,63,58,7,38,9,57,35,25,4,30,46,60,6,2,43,10,45,3,11,56,55,28,5,34,31,24,50,21,23,14,61,62,41,52,49,26,19,36,32,37,0,15,40,53,42,12,44,16,1,59,47,33,27,8,17,51,39,54,48,18,13,20,22
25,28,19,22,26,45,37,40,20,3,61,29,16,11,51,17,62,8,50,0,52,14,59,49,57,30,63,54,15,23,34,33,4,55,53,12,31,60,43,6,7,2,27,46,35,38,10,18,44,39,42,24,9,36,58,21,32,48,41,13,47,56,1,5
11,33,24,23,19,58,8,12,55,52,10,4,26,46,44,25,53,7,39,17,20,61,63,0,13,37,36,38,40,60,32,9,41,16,42,43,35,34,28,57,47,30,14,62,1,22,21,29,59,31,49,45,15,18,5,51,48,6,2,50,27,54,56,3
17,63,29,22,18,42,32,20,61,53,26,28,55,48,40,25,59,41,39,43,12,33,14,51,19,44,8,10,16,37,7,38,15,6,23,21,45,30,27,34,36,31,24,9,3,13,62,1,54,52,47,56,5,4,0,57,2,60,49,58,46,50,35,11
37,59,6,49,54,60,51,5,42,14,63,25,10,35,34,45,46,0,43,15,58,41,57,47,12,24,8,52,39,33,55,28,19,17,3,38,9,31,22,2,18,20,61,4,62,48,56,1,27,29,32,21,50,7,23,53,13,40,16,11,30,36,26,44
15,37,36,53,31,51,16,10,55,52,58,54,44,20,4,33,47,46,62,6,9,41,11,30,60,42,24,29,22,45,0,23,39,5,61,18,43,1,49,3,56,14,38,2,63,13,50,28,32,21,12,57,26,27,35,8,7,17,59,19,25,34,40,48
44,53,11,22,12,23,20,4,6,14,36,61,13,39,5,8,45,59,18,21,62,57,49,43,40,9,30,38,10,27,51,33,17,25,31,32,48,41,2,16,35,7,0,55,3,15,50,63,24,47,52,28,60,26,54,42,46,56,1,19,58,37,34,29
39,47,6,58,2,50,14,32,8,7,48,20,60,49,26,44,10,41,42,54,18,22,27,24,17,28,59,4,34,55,23,29,21,46,51,9,56,62,45,1,40,33,12,52,16,31,0,57,25,15,63,35,30,13,5,61,11,19,43,3,53,36,37,38
0,23,22,6,42,49,57,51,58,53,54,60,33,26,29,16,11,8,7,30,24,37,14,2,13,27,4,9,62,32,43,3,59,17,39,25,12,34,19,44,61,47,18,41,56,38,46,21,40,1,5,50,45,63,28,20,36,48,10,15,31,55,35,52
9,33,50,11,32,10,59,34,29,46,44,49,40,23,26,54,38,51,4,36,58,25,18,37,1,56,61,16,22,8,31,48,0,7,28,2,5,63,6,27,55,30,42,13,39,14,3,43,41,20,12,17,57,62,35,24,47,15,53,60,45,21,19,52
58,60,8,25,43,5,32,40,46,18,57,49,36,54,19,26,11,47,17,53,22,62,6,27,28,42,1,56,9,13,16,24,59,61,2,7,4,41,31,44,10,15,52,14,55,37,33,35,29,38,34,48,50,21,63,12,20,45,0,30,23,51,3,39
9,2,50,16,56,46,47,21,10,55,6,26,35,49,11,4,57,39,41,29,23,19,7,51,34,32,3,45,60,43,38,20,1,40,36,0,58,52,25,61,59,31,37,54,18,62,13,17,30,42,28,24,48,22,8,33,53,14,12,5,44,15,27,63
1,35,12,42,8,25,56,32,33,2,36,31,28,4,41,51,10,5,43,40,21,50,3,27,20,17,38,16,13,44,7,62,30,6,57,48,15,54,47,0,19,23,58,59,11,9,49,60,34,22,52,18,39,45,26,63,29,55,24,37,14,46,53,61
20,56,36,45,51,26,35,28,54,25,44,57,37,31,7,50,41,8,60,58,16,27,4,46,9,12,0,24,30,62,53,11,17,61,55,18,63,42,29,52,10,23,34,48,59,33,22,13,5,47,1,15,40,14,32,6,2,43,39,38,3,49,19,21
27,51,50,45,3,36,56,1,5,15,34,26,10,38,20,2,58,25,29,11,41,44,4,6,37,8,33,19,12,17,22,24,31,46,35,60,14,55,32,53,48,39,9,54,18,40,16,13,62,61,47,57,21,23,49,7,43,42,63,30,59,0,52,28
17,18,24,59,46,40,20,55,21,44,58,37,26,47,32,35,62,63,50,60,25,27,29,45,16,11,49,48,38,14,54,1,22,23,36,31,33,3,4,10,28,6,5,19,39,56,43,7,30,0,9,2,41,15,12,51,13,57,42,61,34,8,52,53
36,34,42,28,38,26,21,61,57,15,40,50,56,3,17,49,14,30,6,20,53,22,11,25,31,43,24,55,58,5,29,35,48,19,16,62,54,60,23,13,51,4,52,46,1,59,0,32,47,10,39,37,63,18,7,27,12,9,45,2,44,8,41,33
19,34,42,1,38,17,13,7,59,35,45,58,52,43,33,31,60,57,4,48,26,50,61,24,27,30,46,41,51,16,54,55,8,56,18,63,53,44,23,0,25,40,20,49,5,3,12,14,32,6,37,28,36,9,15,11,29,39,62,47,10,22,2,21
30,29,19,39,56,15,41,17,24,52,22,51,18,44,3,37,46,21,61,60,13,36,54,20,27,53,11,2,1,32,48,62,34,38,50,23,42,0,57,47,40,43,59,33,4,45,5,31,35,28,8,25,63,55,58,10,16,9,12,6,49,7,14,26
13,54,44,47,23,15,16,0,25,39,27,41,11,9,24,63,34,2,19,38,45,56,6,37,31,48,33,35,51,29,32,12,14,49,60,36,26,7,42,53,40,3,28,55,61,17,20,52,21,62,4,30,58,46,57,8,50,43,5,1,59,10,18,22
48,2,3,55,23,31,47,30,15,59,44,7,19,36,17,63,24,45,38,16,21,42,52,1,56,5,9,27,13,51,41,28,29,61,60,33,57,54,12,4,25,43,32,22,26,50,8,20,35,11,37,0,46,62,53,49,6,18,14,10,34,39,58,40
42,50,5,13,29,16,14,59,30,3,21,49,26,44,22,36,58,27,2,9,0,1,38,20,15,37,34,11,12,4,45,46,60,43,31,62,39,47,53,56,24,57,55,52,18,8,54,7,23,17,6,19,48,40,32,33,28,10,63,41,61,25,35,51
4,57,25,32,9,44,51,45,6,11,27,59,37,40,8,28,62,39,31,10,30,17,12,26,15,29,14,33,58,21,49,38,41,35,48,34,7,63,23,22,47,53,1,42,60,18,46,36,61,43,20,55,5,19,52,50,0,24,13,54,16,3,56,2
17,58,24,48,42,56,46,43,53,0,6,23,47,15,33,41,57,27,61,50,32,1,2,13,29,30,39,54,40,11,7,38,28,60,5,36,12,16,34,8,49,59,4,62,9,45,37,63,19,10,18,14,3,44,31,51,22,26,35,55,25,52,21,20
39,54,27,34,22,47,57,50,40,59,38,45,6,18,0,62,31,7,63,4,43,36,44,51,42,49,16,56,58,8,24,33,23,15,37,60,46,13,26,35,55,21,20,14,3,52,29,12,28,30,9,17,41,48,5,19,53,25,10,1,2,11,32,61
28,59,14,47,51,35,22,56,6,7,12,41,31,49,10,37,16,42,25,29,39,44,62,32,57,60,45,27,15,11,0,34,13,21,58,61,38,17,1,63,36,53,33,55,54,18,52,9,23,8,43,48,24,3,20,46,5,19,4,50,40,2,30,26
27,55,5,19,63,3,52,1,59,10,44,38,29,41,20,13,37,7,30,25,39,45,24,53,46,51,12,47,34,11,6,43,60,42,15,21,2,36,62,14,9,26,33,0,31,17,23,57,8,22,58,54,28,61,18,50,4,49,56,16,48,35,32,40
48,34,19,5,23,15,39,56,52,44,62,37,27,55,20,31,51,12,7,59,24,50,6,46,36,2,33,11,41,22,53,43,8,18,57,35,16,17,14,26,4,28,30,58,47,63,54,60,32,13,9,38,1,61,25,10,49,3,29,0,21,45,42,40
20,37,51,0,43,48,5,32,11,27,56,44,30,3,9,17,36,35,54,22,53,57,18,63,7,49,46,15,14,55,39,62,28,31,13,26,60,16,10,33,59,50,42,58,8,12,61,40,23,19,25,52,4,38,24,41,29,2,1,21,45,34,47,6
42,29,9,30,3,61,48,16,51,31,43,4,13,20,14,50,46,59,35,37,28,1,23,52,54,19,53,62,10,58,12,11,5,22,7,26,2,24,15,39,57,40,27,36,55,21,45,34,17,44,32,33,25,60,8,47,0,49,38,63,18,56,6,41
13,55,34,19,44,23,58,6,21,35,7,37,59,8,16,18,9,1,48,62,57,3,52,0,39,40,17,50,10,63,30,11,33,22,12,47,56,15,5,61,42,24,2,41,49,38,4,46,60,32,31,45,29,53,20,14,36,51,27,26,43,28,25,54
2,37,27,1,33,9,56,60,10,21,6,53,25,29,23,32,17,58,31,13,54,16,26,12,20,49,52,34,41,19,38,11,5,24,57,4,8,51,48,22,62,14,63,61,30,44,40,0,28,3,35,39,18,59,7,45,55,47,36,46,15,50,43,42
7,54,26,32,20,17,40,52,49,45,42,16,0,34,50,36,57,23,28,27,60,47,46,37,11,38,53,59,55,24,33,63,8,58,2,61,15,10,51,25,48,19,4,43,35,30,1,44,18,13,22,5,12,31,39,9,41,14,3,6,62,29,56,21
53,42,47,22,1,25,7,38,10,55,0,43,4,9,57,23,46,35,51,34,24,39,54,41,30,49,48,6,16,63,15,5,31,60,20,27,52,14,37,61,56,36,32,2,62,12,33,58,50,21,44,11,26,28,8,29,19,18,59,45,40,17,13,3
48,49,13,45,62,35,27,24,40,41,17,0,10,63,2,43,31,26,51,4,58,52,14,15,57,42,34,61,11,54,33,8,60,44,22,39,6,1,5,47,37,20,50,55,12,59,21,25,18,30,7,36,32,28,56,23,19,3,46,16,53,38,9,29
48,29,51,36,11,12,34,22,5,27,46,52,55,18,16,24,9,14,43,37,47,4,44,15,39,6,42,59,13,31,53,35,61,50,26,0,30,33,56,38,3,63,32,1,10,58,54,20,7,8,23,41,25,49,62,17,57,45,60,2,40,19,28,21
47,42,30,41,35,31,56,37,32,39,36,13,45,9,43,61,1,4,20,38,62,29,0,40,12,6,33,49,58,55,27,3,44,24,10,53,59,7,15,46,18,50,5,17,22,26,16,57,54,52,25,34,2,23,51,48,11,19,60,14,21,28,63,8
14,49,40,18,59,30,24,12,2,34,37,46,45,10,50,36,33,62,31,15,27,22,39,25,16,8,11,29,32,21,13,9,4,7,63,19,61,43,6,3,58,57,54,28,48,60,0,5,47,52,41,44,17,55,51,20,35,38,42,26,53,56,1,23
43,61,50,1,10,41,52,60,32,15,48,18,11,46,42,28,55,44,31,13,9,30,49,24,45,37,3,29,59,25,7,21,63,8,51,4,19,62,34,12,47,53,20,36,54,2,5,56,27,40,14,26,35,23,16,22,57,6,58,39,38,17,33,0
63,47,35,12,40,5,26,48,15,24,29,42,30,33,6,52,18,27,51,58,28,0,31,13,49,32,44,34,61,25,11,2,21,55,50,59,16,19,8,3,62,1,39,22,53,20,36,14,41,45,56,38,17,23,46,60,7,37,43,57,4,54,10,9
56,55,10,43,15,35,59,45,7,48,60,11,1,18,53,23,9,17,25,54,19,38,12,6,22,29,26,63,32,51,13,16,41,46,47,28,2,4,39,33,34,0,58,44,27,52,5,61,57,37,31,20,62,49,50,24,40,3,30,42,14,8,36,21
49,45,54,20,55,4,62,11,60,53,25,39,37,8,57,52,28,58,50,41,44,21,22,63,61,23,3,24,40,27,56,2,47,13,43,7,15,6,59,42,33,26,38,0,36,51,48,30,19,14,1,10,12,35,9,32,46,5,16,34,31,17,18,29
59,27,3,58,34,23,20,56,53,32,52,60,33,57,48,14,22,45,35,5,61,17,7,36,8,38,47,13,44,39,55,40,9,31,30,16,18,24,46,15,12,21,37,28,19,43,50,51,1,25,0,6,42,62,49,29,2,63,26,41,4,11,10,54
40,35,59,49,61,37,52,9,46,53,32,24,25,36,20,0,39,60,22,11,63,4,47,58,2,10,45,16,15,42,26,41,43,44,31,33,19,13,34,23,48,29,27,57,56,54,18,12,1,50,7,38,17,5,3,62,6,55,28,8,30,14,21,51
25,3,11,46,23,16,7,58,54,38,30,1,6,13,43,14,26,40,12,31,37,52,2,50,10,49,53,35,61,4,41,55,0,48,9,45,24,18,63,34,56,57,19,42,60,29,47,28,44,59,21,62,32,51,39,22,17,27,20,36,15,33,8,5
55,23,8,4,50,37,3,7,41,48,42,10,39,36,6,11,1,33,28,53,38,16,24,49,47,34,45,2,52,27,32,63,20,60,56,54,44,14,61,22,0,31,5,30,51,18,40,13,12,59,19,29,17,57,35,46,21,26,62,25,58,43,15,9
42,23,45,30,17,59,11,19,62,47,9,51,28,0,4,53,49,50,1,27,32,29,8,7,10,21,5,36,34,22,33,12,60,48,41,35,3,31,26,13,61,57,37,20,54,2,44,24,43,15,46,52,55,39,56,6,63,58,18,40,25,16,14,38
12,47,61,49,29,10,51,42,39,25,56,24,1,11,58,63,60,35,28,30,52,45,22,62,7,16,33,0,4,40,57,53,41,43,5,14,55,9,15,37,34,38,21,59,19,31,6,2,8,44,36,46,3,48,54,18,17,32,13,20,23,27,26,50
42,14,20,43,8,12,5,17,10,59,2,36,57,15,7,26,27,31,4,13,47,38,25,29,54,33,0,21,58,32,52,3,39,37,55,30,23,50,61,18,56,51,35,41,28,34,16,1,48,22,45,11,53,62,19,63,44,49,40,46,60,9,24,6
11,37,20,33,48,35,62,36,0,2,61,22,45,30,26,15,23,32,42,12,56,59,24,54,14,19,25,9,44,57,29,4,28,55,39,51,21,40,63,16,41,49,1,60,43,13,47,5,10,18,46,50,17,7,38,34,6,31,8,58,52,3,53,27
12,31,55,25,8,18,49,20,52,2,36,15,19,39,10,21,43,4,29,56,17,60,32,30,7,16,27,9,28,0,38,63,44,61,11,53,46,54,3,48,51,14,37,13,50,5,41,62,57,33,22,26,40,6,47,35,45,34,24,59,58,42,23,1
32,17,53,54,0,8,21,19,2,61,28,52,31,46,11,48,57,41,26,4,9,14,47,20,58,12,1,56,38,3,50,7,55,44,45,6,62,16,63,27,13,29,42,22,60,36,23,39,43,33,30,18,25,40,35,15,24,59,5,49,34,51,10,37
31,5,16,53,56,25,45,41,12,1,29,0,6,9,21,35,60,48,57,42,14,49,50,62,20,34,59,17,13,2,3,24,55,15,36,32,40,33,7,51,19,61,37,8,10,23,52,22,44,38,27,46,43,30,39,63,47,4,18,11,26,28,54,58
7,23,36,28,61,53,45,62,41,49,2,59,56,17,21,34,60,43,3,15,27,48,38,13,19,63,37,11,20,47,10,32,14,57,54,9,8,51,12,39,52,50,58,22,16,42,25,6,40,55,4,26,24,46,18,44,1,31,5,30,35,0,29,33
4,19,40,21,12,26,7,48,61,57,6,17,10,44,52,42,11,32,1,51,28,43,25,41,63,34,62,55,23,30,45,56,36,53,8,46,5,37,13,58,31,2,0,27,14,29,50,15,22,18,54,47,49,59,38,39,60,3,9,16,20,33,24,35
26,7,17,0,19,20,9,53,45,56,62,29,8,2,43,27,47,63,14,12,10,55,31,34,48,23,57,49,30,22,24,39,59,4,37,21,54,13,44,38,35,5,46,41,60,52,16,3,18,36,33,32,50,58,28,11,1,15,25,42,51,40,61,6
34,33,25,54,62,13,21,50,48,20,51,22,7,63,61,28,53,57,52,49,56,41,10,9,24,40,47,19,3,44,17,14,5,45,42,18,23,0,46,6,8,38,16,29,4,1,59,58,11,15,35,37,60,32,12,31,39,30,36,26,27,43,2,55
55,18,12,58,45,13,35,19,60,51,4,62,11,48,32,42,14,43,26,8,5,49,7,54,15,47,44,31,10,36,34,37,2,20,29,33,57,22,50,9,41,27,59,28,56,53,40,23,30,17,61,1,25,24,3,0,16,6,63,38,52,21,46,39
10,2,22,55,50,9,21,63,28,35,27,40,45,51,5,56,59,39,62,11,33,8,14,6,17,43,24,23,38,7,47,31,0,36,13,4,1,57,49,3,41,48,30,12,20,42,53,44,32,54,29,15,52,19,58,60,37,18,34,61,26,25,46,16
44,7,60,56,18,46,30,42,37,50,3,0,15,35,38,17,47,59,2,25,6,9,57,39,11,21,12,29,55,41,20,53,45,62,27,51,24,8,54,32,13,10,63,31,34,23,52,19,61,43,1,48,14,58,33,40,28,4,26,22,49,36,5,16
13,14,42,23,11,44,53,58,63,34,31,25,18,40,7,41,50,20,3,59,8,5,10,1,32,62,29,52,38,27,60,39,15,57,51,43,56,16,47,12,19,6,22,48,0,21,2,37,54,49,28,45,4,55,17,9,33,26,61,24,36,30,46,35
46,31,26,32,39,43,62,21,44,58,7,61,2,15,11,12,13,16,52,6,41,28,18,54,45,9,27,40,1,56,30,53,17,49,36,33,8,23,10,20,3,38,37,0,22,63,59,50,4,55,5,48,42,25,60,35,29,47,51,24,14,57,19,34
42,41,35,28,56,61,58,38,32,15,27,22,36,14,25,1,63,54,45,50,7,21,30,26,20,18,4,57,37,3,17,40,5,52,60,0,29,49,11,62,48,6,39,34,46,47,12,16,33,55,43,19,59,44,31,10,51,2,53,8,9,13,23,24
29,38,41,17,3,39,52,12,11,46,13,24,9,32,28,30,33,63,4,62,5,40,49,7,34,26,42,20,47,1,37,23,53,27,8,60,48,36,61,2,58,57,25,56,22,21,50,19,10,51,14,16,6,35,0,31,45,44,43,54,18,15,59,55
53,32,24,41,33,51,13,48,61,8,46,50,18,57,47,30,35,63,21,45,17,7,62,58,44,27,55,40,15,22,43,60,56,29,5,59,38,4,37,12,34,2,0,6,52,31,10,26,25,20,36,14,16,39,19,54,23,11,49,3,9,42,1,28
13,23,18,60,9,42,33,27,56,41,31,24,28,15,34,47,43,25,37,10,20,26,40,16,12,63,51,6,35,38,58,5,32,45,59,61,39,8,4,36,0,30,55,2,14,50,17,22,52,53,48,1,7,54,49,19,62,11,46,29,44,3,57,21
40,48,58,60,44,33,16,63,61,14,15,50,49,4,59,51,46,19,26,11,28,30,43,54,5,20,55,7,35,21,45,31,27,34,22,29,57,41,47,17,9,1,24,2,6,3,38,12,39,10,13,8,42,25,18,53,52,62,56,23,0,32,37,36
12,16,2,41,22,6,61,15,23,36,52,1,0,60,33,14,55,24,62,17,21,11,48,3,47,54,42,49,63,9,45,56,44,59,46,31,7,26,40,43,5,37,18,38,25,29,53,8,35,19,39,13,20,51,30,32,28,50,58,34,10,57,4,27
41,21,20,9,22,50,43,26,14,36,8,34,30,54,52,18,53,45,56,32,46,31,38,49,29,57,15,1,63,40,7,6,39,58,24,11,13,59,47,17,37,60,4,16,3,44,42,25,10,12,27,55,0,23,19,51,2,35,61,28,62,5,33,48
46,36,62,21,53,49,52,16,40,54,37,19,24,51,58,47,13,30,25,29,18,55,60,35,39,7,63,28,44,41,3,17,57,45,22,26,0,14,5,61,1,11,32,59,56,12,27,20,2,8,38,10,15,42,48,6,43,33,9,34,23,50,31,4
50,42,5,16,51,39,44,37,61,2,43,55,28,38,48,52,23,59,11,36,4,47,62,22,63,29,54,10,58,15,34,12,7,24,32,0,14,6,3,27,57,60,1,30,56,40,35,25,49,21,41,20,8,19,9,26,46,13,45,18,33,53,31,17
8,40,47,34,35,19,56,13,32,45,43,44,63,6,24,41,17,54,62,58,49,16,39,46,5,11,14,28,12,48,25,36,57,61,18,50,2,55,22,30,38,15,9,52,59,10,37,60,27,21,0,1,26,31,51,33,29,20,23,3,7,42,53,4
31,17,6,43,32,39,50,63,46,5,56,37,55,28,3,12,42,38,30,40,18,57,22,25,19,2,11,20,41,36,4,49,15,44,62,58,26,47,29,34,54,23,33,7,24,0,8,35,10,60,53,16,48,21,61,45,51,9,13,27,52,1,14,59
